,PC1,PC2
0,3.673365952146996,6.135202826740847
1,1.6125727606694362,-2.4530626272831872
2,1.7229673535819003,-2.422790331794646
3,1.038079632858635,-2.3603115139506725
4,1.2247869511996168,-2.912668648749038
5,-4.069619992551639,5.17741860530811
6,1.6155529733948473,-1.3856664346919874
7,1.4113429751740292,-2.2660146522953393
8,0.5249800347945699,-2.7367610496348593
9,-11.538423492930264,-0.34958124445724537
10,2.7843948516618746,5.574235070808021
