,PC1,PC2
0,-9.646075759517931,7.036690147247268
1,6.108484109729686,1.0749733093750382
2,2.747761476767338,1.2170680877736948
3,5.4831655446598955,1.393692238474462
4,-4.693335371638986,-10.722423782870464
