,PC1,PC2
0,-3.316363521298189,4.327997727184213
1,-1.1937933335775115,-1.4507289310811782
2,4.684000089895894,-1.4885222039576038
3,-1.8662331217584387,-0.8608317394853782
4,3.872475732367513,2.62653587673832
5,3.7324586026038755,-2.1809301532065475
6,-3.9562070947778607,3.026430302616999
7,-2.6476136214953847,-1.5256463289934181
8,-2.341358747657901,-1.7541680808073377
9,-2.30325875175666,-3.0926731266346947
10,5.335893767454659,2.372536657626632
