,PC1,PC2
0,0.7258608029909589,1.876538108196867
1,3.6323964913968045,-0.8372891115631947
2,-1.3136183455617454,0.8689081567513345
3,-5.575610952440189,-2.021200144125351
4,1.4994937249034168,2.377195967813962
5,3.0537402467532653,-3.2687243980863228
6,-2.0222619680425096,1.0045714210127066
