,PC1,PC2
0,3.1993104391648033,-2.1436302861971517
1,2.1765691509246543,0.27316341025258506
2,-9.920967050868228,-2.8223816197252556
3,4.226767886040239,0.028708320634134397
4,3.2084356997410377,0.8568837130435123
5,3.027547607846373,-0.2322708196712077
6,-5.917663732848879,4.039527281663384
