,PC1,PC2
0,-8.950731335274298,-0.9175759848052131
1,0.949335465973778,-2.8588057801148925
2,2.093622167867684,2.661813831650174
3,2.1204724902880066,0.655052975212579
4,-0.15332489934469395,-4.346839708153476
5,0.3993011656025283,-5.058316897203475
6,3.6354499406820184,2.3152185210000242
7,2.9743057493477254,1.9794222647177477
8,2.668646595743776,0.7785025735615579
9,-5.737077340886531,4.791528204134975
