,PC1,PC2
0,-5.656854249492381,2.4632193765065973e-15
1,5.656854249492386,2.463219376506595e-15
