,PC1,PC2
0,2.655525441322254,-0.11094645266575515
1,4.409418631866054,0.9347828856807268
2,-0.4750660082521706,4.28272878916689
3,-2.0780120681404717,0.9225213432340021
4,-3.125785183725494,1.7059563644077431
5,-0.6109438557870881,-2.8251117301534414
6,1.9578975933392786,-0.8938636613125165
7,-1.3572845452944204,-2.3926586174939217
8,-1.3757500053279368,-1.6234089208637272
