,PC1,PC2
0,-2.0109798451477507,3.0361775851761186
1,-2.07187690088502,-0.028076607539265525
2,-1.2767909130614843,1.0352353860467587
3,-1.7212629152783376,-0.021072703731998568
4,7.597712732221067,0.6475203580339757
5,-0.5168021578484794,-4.669784017985587
