,PC1,PC2
0,-4.898979485566357,1.6098233857064772e-15
1,4.898979485566361,1.6098233857064756e-15
