,PC1,PC2
0,-2.454700953823154,0.9889555364311544
1,-1.0064455262905174,2.4784743222328105
2,-1.877157992040575,1.376503901327622
3,-2.0526953969583865,1.956616526510667
4,0.26985328007573356,-2.487603975186567
5,-1.2853374307683136,-2.360555969393166
6,-2.1267603972378155,2.18205513490563
7,-0.759695720028603,-2.2361290090456847
8,10.655498759830417,1.328747225114323
9,0.6374413772412164,-3.227063692896791
