,PC1,PC2
0,0.2960075077468368,-0.669438627378456
1,-0.287889565617376,-1.8320023362367985
2,0.9868451707336056,-0.917824307410029
3,1.1778892888742052,1.1517726500976997
4,-7.3912040449061,0.36677763312499007
5,0.7433986231386255,0.22400643121557529
6,1.049213676070417,0.3338369687687812
7,1.4892107223260609,0.46928143591945426
8,0.34268618259139594,-0.14022837876514072
9,0.6979612174021141,0.7331009436099861
10,0.8958812216402136,0.2807175870539384
