states,flag,Avg0,SD0,frust0,time
1_1_1_1_1_0_0_1_1_1_1_1_1_1_1_1_1_1_0_1_1_1_0_0_0_0_1_1_0_0_1_1_0_0_0_0_1_0_0_0_1_1_1_0_0_0,1,0.017483333333333333,0.0002088593359709405,0.053691275167785234,319.39469790627794
0_0_0_0_0_1_1_0_0_0_0_0_0_0_0_0_0_0_1_0_0_0_1_1_1_1_0_0_1_1_0_0_1_1_1_1_0_1_1_1_0_0_0_1_1_1,1,0.017153333333333333,0.000565115524079419,0.053691275167785234,317.10239599775855
1_1_1_1_1_0_0_1_1_1_1_1_1_1_1_1_1_1_0_1_1_0_0_0_1_0_1_1_1_0_1_1_1_1_1_1_1_1_1_1_1_0_0_0_0_0,1,0.01693,0.0001134313301811573,0.06040268456375839,322.5017847938207
0_0_0_0_0_1_1_0_0_0_0_0_0_0_0_0_0_0_1_0_0_1_1_1_0_1_0_0_0_1_0_0_0_0_0_0_0_0_0_0_0_1_1_1_1_1,1,0.016579999999999998,0.00046050696701208197,0.06040268456375839,320.0440954318396
1_1_1_1_1_0_0_1_1_1_1_1_1_1_1_1_1_1_0_0_1_1_0_0_0_0_1_1_0_0_1_1_0_0_0_0_1_0_0_0_1_1_1_0_0_0,1,0.008043333333333333,0.0005060522590492891,0.06040268456375839,299.9180220570668
0_0_0_0_0_1_1_0_0_0_0_0_0_0_0_0_0_0_1_1_0_0_1_1_1_1_0_0_1_1_0_0_1_1_1_1_0_1_1_1_0_0_0_1_1_1,1,0.00793,0.00020607442021431638,0.06040268456375839,299.54213662017236
0_0_0_0_0_1_1_0_0_0_0_0_0_0_0_0_0_0_1_1_0_1_1_1_0_1_0_0_0_1_0_0_0_0_0_0_0_0_0_0_0_1_1_1_1_1,1,0.00787,0.00021275964529643925,0.06711409395973154,303.7088893245564
1_1_1_1_1_0_0_1_1_1_1_1_1_1_1_1_1_1_0_0_1_0_0_0_1_0_1_1_1_0_1_1_1_1_1_1_1_1_1_1_1_0_0_0_0_0,1,0.007813333333333334,0.00018190351532856375,0.06711409395973154,302.4750924206535
0_0_0_0_0_1_1_0_0_0_0_0_0_0_0_0_0_0_0_0_0_0_0_1_1_1_0_0_1_0_0_0_1_1_1_1_0_1_1_1_0_0_0_1_1_1,1,0.007353333333333333,0.00023976840677805917,0.06711409395973154,289.0776624576393
1_1_1_1_1_0_0_1_1_1_1_1_1_1_1_1_1_1_1_1_1_1_1_0_0_0_1_1_0_1_1_1_0_0_0_0_1_0_0_0_1_1_1_0_0_0,1,0.0071666666666666675,0.00043052938988593514,0.06711409395973154,283.8669181336402
0_0_0_0_0_1_1_0_0_0_0_0_0_0_0_0_0_0_0_0_0_1_0_1_0_1_0_0_0_0_0_0_0_0_0_0_0_0_0_0_0_1_1_1_1_1,1,0.007056666666666667,1.2472191289246348e-5,0.0738255033557047,294.66303821296736
1_1_1_1_1_0_0_1_1_1_1_1_1_1_1_1_1_1_1_1_1_0_1_0_1_0_1_1_1_1_1_1_1_1_1_1_1_1_1_1_1_0_0_0_0_0,1,0.0070533333333333325,0.00010656244908763862,0.0738255033557047,292.0294175976385
0_0_0_0_0_1_1_0_0_0_0_0_0_0_0_0_0_0_1_0_0_0_1_1_1_1_1_0_1_1_0_0_1_1_1_1_0_1_1_1_0_0_0_1_1_1,1,0.006023333333333333,0.00010873004286866715,0.06040268456375839,309.24968324979073
0_0_0_0_0_1_1_0_0_0_0_0_0_0_0_0_0_0_1_0_0_1_1_1_0_1_1_0_0_1_0_0_0_0_0_0_0_0_0_0_0_1_1_1_1_1,1,0.00588,0.00012832251036613452,0.06711409395973154,310.5531213877808
1_1_1_1_1_0_0_1_1_1_1_1_1_1_1_1_1_1_0_1_1_1_0_0_0_0_0_1_0_0_1_1_0_0_0_0_1_0_0_0_1_1_1_0_0_0,1,0.005726666666666667,5.312459150169738e-5,0.06040268456375839,312.96676045401654
1_1_1_1_1_0_0_1_1_1_1_1_1_1_1_1_1_1_0_1_1_0_0_0_1_0_0_1_1_0_1_1_1_1_1_1_1_1_1_1_1_0_0_0_0_0,1,0.0057,0.00023551362310207584,0.06711409395973154,312.9401914449273
0_1_0_0_0_1_1_0_0_0_0_1_0_0_0_0_0_0_0_0_0_1_0_1_0_1_1_0_0_0_0_0_0_0_0_0_1_0_0_0_1_1_1_1_1_1,1,0.0054133333333333325,0.00029847761874031496,0.10067114093959731,289.7555646669025
1_0_1_1_1_0_0_1_1_1_1_0_1_1_1_1_1_1_1_1_1_0_1_0_1_0_0_1_1_1_1_1_1_1_1_1_0_1_1_1_0_0_0_0_0_0,1,0.005399999999999999,0.00013490737563232058,0.10067114093959731,291.65963815497656
1_0_1_1_1_0_0_1_1_1_1_0_1_1_1_1_1_1_1_1_1_1_1_0_0_0_0_1_0_1_1_1_0_0_0_0_0_0_0_0_0_1_1_0_0_0,1,0.005329999999999999,0.00015253414918196722,0.09395973154362416,285.2688881042246
0_1_0_0_0_1_1_0_0_0_0_1_0_0_0_0_0_0_0_0_0_0_0_1_1_1_1_0_1_0_0_0_1_1_1_1_1_1_1_1_1_0_0_1_1_1,1,0.005293333333333334,9.809292646374763e-5,0.09395973154362416,287.45416330245786
0_1_0_0_0_1_1_0_0_0_0_0_0_0_0_0_0_0_0_0_0_0_0_1_1_1_0_0_1_0_0_0_1_1_1_1_1_1_1_1_1_0_0_1_1_1,1,0.004103333333333334,0.00022291004663067306,0.08053691275167785,299.1570147001255
1_0_0_0_0_1_1_0_0_0_1_0_0_0_0_1_1_0_1_0_1_0_1_1_1_1_0_1_1_1_1_0_1_1_1_1_0_1_1_1_0_0_0_0_0_0,1,0.004016666666666667,0.00021669230617526696,0.0738255033557047,289.8345376845377
1_1_0_0_0_1_1_0_0_0_1_1_0_0_0_1_1_0_0_0_1_0_0_1_1_0_1_1_1_0_1_0_1_1_1_1_1_1_1_1_1_0_0_0_0_0,1,0.004003333333333334,0.00015412837362262528,0.1476510067114094,314.7277480865664
0_1_1_1_1_0_0_1_1_1_0_1_1_1_1_0_0_1_0_1_0_0_0_0_1_0_1_0_1_0_0_1_1_1_1_1_1_1_1_1_1_0_0_1_1_1,1,0.003973333333333334,0.00015326085243430197,0.08053691275167785,297.17041178629705
0_1_0_0_0_1_1_0_0_0_0_0_0_0_0_0_0_0_0_0_0_1_0_1_0_1_0_0_0_0_0_0_0_0_0_0_1_0_0_0_1_1_1_1_1_1,1,0.00391,0.0002628053779256938,0.087248322147651,308.6330221919628
1_0_1_1_1_0_0_1_1_1_1_1_1_1_1_1_1_1_1_1_1_0_1_0_1_0_1_1_1_1_1_1_1_1_1_1_0_1_1_1_0_0_0_0_0_0,1,0.0039000000000000003,0.00013140268896284698,0.087248322147651,304.31095797373683
1_0_1_1_1_0_0_1_1_1_1_1_1_1_1_1_1_1_1_1_1_1_1_0_0_0_1_1_0_1_1_1_0_0_0_0_0_0_0_0_0_1_1_0_0_0,1,0.0038033333333333335,0.0001281492185782739,0.08053691275167785,302.2098406282621
0_1_1_1_1_0_0_1_1_1_0_1_1_1_1_0_0_1_0_1_0_1_0_0_0_0_1_0_0_0_0_1_0_0_0_0_1_0_0_0_1_1_1_1_1_1,1,0.0037766666666666665,6.548960901462834e-5,0.0738255033557047,288.21792104497126
0_0_1_1_1_0_0_1_1_1_0_0_1_1_1_0_0_1_1_1_0_0_1_0_1_1_0_0_1_1_0_1_1_1_1_1_0_1_1_1_0_0_0_0_1_1,1,0.0037566666666666664,2.494438257849301e-5,0.15436241610738255,318.26814832630276
1_1_0_0_0_1_1_0_0_0_1_1_0_0_0_1_1_0_0_0_1_1_0_1_0_0_1_1_0_0_1_0_0_0_0_0_1_0_0_0_1_1_1_1_0_0,1,0.0037366666666666663,0.00020741798914805388,0.15436241610738255,315.41097294893683
0_0_1_1_1_0_0_1_1_1_0_0_1_1_1_0_0_1_1_1_0_1_1_0_0_1_0_0_0_1_0_1_0_0_0_0_0_0_0_0_0_1_1_1_1_1,1,0.003693333333333333,9.177266598624144e-5,0.1476510067114094,319.5830709791222
1_0_0_0_0_1_1_0_0_0_1_0_0_0_0_1_1_0_1_0_1_1_1_1_0_1_0_1_0_1_1_0_0_0_0_0_0_0_0_0_0_1_1_0_0_0,1,0.0036433333333333335,0.00011671427600007727,0.08053691275167785,288.2938858809703
1_1_0_0_0_1_1_0_0_0_1_1_0_0_0_1_1_0_0_0_1_1_0_1_0_0_1_1_0_0_1_0_0_0_0_0_1_0_0_0_1_1_1_0_0_0,1,0.00363,0.0001790716802475105,0.15436241610738255,318.0053574019673
0_0_1_1_1_0_0_1_1_1_0_0_1_1_1_0_0_1_1_1_0_0_1_0_1_1_0_0_1_1_0_1_1_1_1_1_0_1_1_1_0_0_0_1_1_1,1,0.0035566666666666667,0.00012283683848458843,0.15436241610738255,321.55639799955696
1_0_1_1_1_0_0_1_1_1_1_1_1_1_1_1_1_1_1_1_1_0_1_0_1_0_1_1_1_1_1_1_1_1_1_1_1_1_1_1_0_0_0_0_0_0,1,0.0033100000000000004,0.00022992752481307385,0.06711409395973154,280.0402422424091
1_1_1_1_1_0_0_1_1_1_1_1_1_1_1_1_1_1_0_1_1_1_0_0_0_0_1_1_0_1_1_1_0_0_0_0_1_0_0_0_1_1_1_0_0_0,1,0.0032666666666666664,0.00010143416036468612,0.06040268456375839,257.26811461388075
0_0_0_0_0_1_1_0_0_0_0_0_0_0_0_0_0_0_0_1_0_0_0_1_1_1_0_0_1_0_0_0_1_1_1_1_0_1_1_1_0_0_0_1_1_1,1,0.0032633333333333334,0.00012657891697365008,0.0738255033557047,266.96389734834503
1_0_1_1_1_0_0_1_1_1_1_1_1_1_1_1_1_1_1_1_1_1_1_0_0_0_1_1_0_1_1_1_0_0_0_0_1_0_0_0_0_1_1_0_0_0,1,0.0032166666666666667,0.00013572848714334885,0.06040268456375839,274.55307970350833
1_1_1_1_1_0_0_1_1_1_1_1_1_1_1_1_1_1_1_0_1_1_1_0_0_0_1_1_0_1_1_1_0_0_0_0_1_0_0_0_1_1_1_0_0_0,1,0.0032066666666666667,0.0001297005097222914,0.0738255033557047,268.68706087533445
1_0_0_0_0_1_1_0_0_0_1_0_0_0_0_1_1_0_1_0_1_1_1_1_0_1_0_1_0_1_1_0_0_0_0_0_0_0_0_0_0_1_1_1_0_0,1,0.0031766666666666666,0.00022365648262954988,0.08053691275167785,285.3365439743149
1_1_1_1_1_0_0_1_1_1_1_1_1_1_1_1_1_1_1_0_1_0_1_0_1_0_1_1_1_1_1_1_1_1_1_1_1_1_1_1_1_0_0_0_0_0,1,0.003153333333333333,0.00025720722298480566,0.08053691275167785,270.693070365839
0_1_1_1_1_0_0_1_1_1_0_1_1_1_1_0_0_1_0_1_0_0_0_0_1_0_1_0_1_0_0_1_1_1_1_1_1_1_1_1_1_0_0_0_1_1,1,0.0031333333333333335,8.219218670625289e-5,0.08053691275167785,283.2007026707319
0_1_0_0_0_1_1_0_0_0_0_0_0_0_0_0_0_0_0_0_0_0_0_1_1_1_0_0_1_0_0_0_1_1_1_1_0_1_1_1_1_0_0_1_1_1,1,0.00312,0.00014719601443879748,0.06040268456375839,267.72537974312496
0_0_0_0_0_1_1_0_0_0_0_0_0_0_0_0_0_0_0_1_0_1_0_1_0_1_0_0_0_0_0_0_0_0_0_0_0_0_0_0_0_1_1_1_1_1,1,0.0031166666666666665,0.00025037749277618556,0.08053691275167785,270.7214494356001
0_0_0_0_0_1_1_0_0_0_0_0_0_0_0_0_0_0_1_0_0_1_1_1_0_1_0_0_0_0_0_0_0_0_0_0_0_0_0_0_0_1_1_1_1_1,1,0.0030833333333333333,0.0001519502842672198,0.06711409395973154,269.2670628444712
0_0_0_0_0_1_1_0_0_0_0_0_0_0_0_0_0_0_1_0_0_0_1_1_1_1_0_0_1_0_0_0_1_1_1_1_0_1_1_1_0_0_0_1_1_1,1,0.003073333333333333,3.8586123009300655e-5,0.06040268456375839,263.4362718110304
0_1_0_0_0_1_1_0_0_0_0_0_0_0_0_0_0_0_0_0_0_1_0_1_0_1_0_0_0_0_0_0_0_0_0_0_0_0_0_0_1_1_1_1_1_1,1,0.00307,0.00031843366656181314,0.06711409395973154,276.07119544177846
1_1_1_1_1_0_0_1_1_1_1_1_1_1_1_1_1_1_0_1_1_0_0_0_1_0_1_1_1_1_1_1_1_1_1_1_1_1_1_1_1_0_0_0_0_0,1,0.0030299999999999997,9.201449161228178e-5,0.06711409395973154,267.6245606709121
0_0_1_1_1_0_0_1_1_1_0_0_1_1_1_0_0_1_1_1_0_1_1_0_0_1_0_0_0_1_0_1_0_0_0_0_0_0_0_0_0_1_1_0_1_1,1,0.0030266666666666667,0.00011897712198383176,0.1610738255033557,327.0555446023133
0_1_0_0_0_1_1_0_0_0_0_1_0_0_0_0_0_0_0_1_0_1_0_1_0_1_1_0_0_0_0_0_0_0_0_0_1_0_0_0_1_1_1_1_1_1,1,0.00301,6.683312551921143e-5,0.10738255033557047,285.3803168966603
0_1_0_0_0_1_1_0_0_0_0_1_0_0_0_0_0_0_0_1_0_0_0_1_1_1_1_0_1_0_0_0_1_1_1_1_1_1_1_1_1_0_0_1_1_1,1,0.002983333333333333,2.494438257849301e-5,0.10067114093959731,278.28872348424716
1_1_0_0_0_1_1_0_0_0_1_1_0_0_0_1_1_0_0_0_1_0_0_1_1_0_1_1_1_0_1_0_1_1_1_1_1_1_1_1_1_0_0_1_0_0,1,0.002976666666666666,7.318166133366715e-5,0.1610738255033557,327.0670226573962
1_0_1_1_1_0_0_1_1_1_1_0_1_1_1_1_1_1_1_0_1_0_1_0_1_0_0_1_1_1_1_1_1_1_1_1_0_1_1_1_0_0_0_0_0_0,1,0.002973333333333333,0.00013021349989749743,0.10738255033557047,290.0966910168391
0_0_0_0_0_1_1_0_0_0_0_0_0_0_0_0_0_0_1_1_0_1_1_1_0_1_1_0_0_1_0_0_0_0_0_0_0_0_0_0_0_1_1_1_1_1,1,0.00293,3.559026084010426e-5,0.0738255033557047,315.2721100337626
1_1_1_1_1_0_0_1_1_1_1_1_1_1_1_1_1_1_0_0_1_1_0_0_0_0_0_1_0_0_1_1_0_0_0_0_1_0_0_0_1_1_1_0_0_0,1,0.0029033333333333337,0.00014055445761538673,0.06711409395973154,303.91213667616006
1_0_1_1_1_0_0_1_1_1_1_0_1_1_1_1_1_1_1_0_1_1_1_0_0_0_0_1_0_1_1_1_0_0_0_0_0_0_0_0_0_1_1_0_0_0,1,0.002903333333333333,9.672412085697943e-5,0.10067114093959731,288.179294133158
1_0_0_0_0_1_1_0_0_0_1_0_0_0_0_1_1_0_1_0_1_0_1_1_1_1_0_1_1_1_1_0_1_1_1_1_0_1_1_1_0_0_0_1_0_0,1,0.00277,0.00012569805089976532,0.087248322147651,290.99787117644263
0_1_1_1_1_0_0_1_1_1_0_1_1_1_1_0_0_1_0_1_0_1_0_0_0_0_1_0_0_0_0_1_0_0_0_0_1_0_0_0_1_1_1_0_1_1,1,0.0027500000000000003,2.1602468994692722e-5,0.087248322147651,289.7459741496138
0_0_0_0_0_1_1_0_0_0_0_0_0_0_0_0_0_0_1_1_0_0_1_1_1_1_1_0_1_1_0_0_1_1_1_1_0_1_1_1_0_0_0_1_1_1,1,0.00274,0.00018457157599876165,0.06711409395973154,302.98626098739174
1_1_1_1_1_0_0_1_1_1_1_1_1_1_1_1_1_1_0_0_1_0_0_0_1_0_0_1_1_0_1_1_1_1_1_1_1_1_1_1_1_0_0_0_0_0,1,0.002703333333333333,5.4365021434333575e-5,0.0738255033557047,298.6628779260954
0_1_1_1_1_0_0_1_1_1_0_1_1_1_1_1_1_1_0_1_1_0_0_0_1_0_1_1_1_0_0_1_1_1_1_1_1_1_1_1_1_0_0_0_0_0,1,0.0026999999999999997,0.00019252705437591532,0.06040268456375839,254.20949767949767
1_0_0_0_0_1_1_0_0_0_1_0_0_0_0_0_0_0_1_0_0_0_1_1_1_1_0_0_1_1_1_0_1_1_1_1_0_1_1_1_0_0_0_1_1_1,1,0.00265,2.8284271247461973e-5,0.053691275167785234,257.1343292149181
0_0_1_1_1_0_0_1_1_1_0_0_1_1_1_1_1_1_1_1_0_0_1_0_1_1_0_0_1_1_0_1_1_1_1_1_0_1_1_1_0_0_0_0_0_0,1,0.0026166666666666664,0.00019567546828585554,0.16778523489932887,323.973554947468
1_1_1_1_1_0_0_1_1_1_1_0_1_1_1_1_1_1_1_1_1_1_1_0_0_0_0_1_0_1_1_1_0_0_0_0_0_0_0_0_1_1_1_0_0_0,1,0.002603333333333333,0.00010873004286866735,0.10067114093959731,269.63295122429184
1_1_1_1_1_0_0_1_1_1_1_0_1_1_1_1_1_1_1_1_1_0_1_0_1_0_0_1_1_1_1_1_1_1_1_1_0_1_1_1_1_0_0_0_0_0,1,0.002543333333333333,6.798692684790377e-5,0.10738255033557047,267.1912010148962
0_0_0_0_0_1_1_0_0_0_0_1_0_0_0_0_0_0_0_0_0_0_0_1_1_1_1_0_1_0_0_0_1_1_1_1_1_1_1_1_0_0_0_1_1_1,1,0.002506666666666667,0.00011897712198383161,0.10067114093959731,267.80884543366614
0_0_0_0_0_1_1_0_0_0_0_0_0_0_0_0_0_0_0_0_0_0_0_1_1_1_1_0_1_0_0_0_1_1_1_1_0_1_1_1_0_0_0_1_1_1,1,0.002473333333333333,0.0002148384405909602,0.0738255033557047,277.78142741574334
0_1_1_1_1_0_0_1_1_1_0_1_1_1_1_1_1_1_0_1_1_1_0_0_0_0_1_1_0_0_0_1_0_0_0_0_1_0_0_0_1_1_1_0_0_0,1,0.0024533333333333334,0.00016779617264870962,0.053691275167785234,245.99394103865572
0_0_0_0_0_1_1_0_0_0_0_1_0_0_0_0_0_0_0_0_0_1_0_1_0_1_1_0_0_0_0_0_0_0_0_0_1_0_0_0_0_1_1_1_1_1,1,0.002453333333333333,0.00015107025591499552,0.10738255033557047,271.497696101535
0_0_1_1_1_0_0_1_1_1_0_0_1_1_1_1_1_1_1_1_0_1_1_0_0_1_0_0_0_1_0_1_0_0_0_0_0_0_0_0_0_1_1_0_0_0,1,0.0024500000000000004,0.00014514360704718165,0.1610738255033557,322.3711481544151
1_0_0_0_0_1_1_0_0_0_1_0_0_0_0_0_0_0_1_0_0_1_1_1_0_1_0_0_0_1_1_0_0_0_0_0_0_0_0_0_0_1_1_1_1_1,1,0.002433333333333333,0.00012657891697365008,0.06040268456375839,255.42911473236657
1_1_1_1_1_0_0_1_1_1_1_1_1_1_1_1_1_1_1_1_1_0_1_0_1_0_0_1_1_1_1_1_1_1_1_1_1_1_1_1_1_0_0_0_0_0,1,0.0024266666666666664,1.699673171197599e-5,0.08053691275167785,279.0619926856926
1_1_1_1_1_0_0_1_1_1_1_1_1_1_1_1_1_1_1_1_1_1_1_0_0_0_0_1_0_1_1_1_0_0_0_0_1_0_0_0_1_1_1_0_0_0,1,0.0024133333333333333,0.00014007934259633779,0.0738255033557047,277.2555068868325
1_1_0_0_0_1_1_0_0_0_1_1_0_0_0_0_0_0_0_0_1_1_0_1_0_0_1_1_0_0_1_0_0_0_0_0_1_0_0_0_1_1_1_1_1_1,1,0.0023833333333333332,0.00016779617264870962,0.16778523489932887,326.6481734446379
0_1_0_1_1_0_0_1_1_1_0_1_0_0_1_0_0_1_0_0_0_1_0_0_0_0_1_0_0_0_0_1_0_0_0_0_1_0_0_0_1_1_1_1_1_1,1,0.0023566666666666666,4.988876515698586e-5,0.1342281879194631,292.47039307120536
0_0_0_0_0_1_1_0_0_0_0_0_0_1_0_0_0_0_1_1_0_0_1_1_1_1_0_0_1_1_0_0_1_1_1_1_0_1_1_1_0_0_0_1_1_1,1,0.0023466666666666666,1.2472191289246504e-5,0.08053691275167785,265.41047692159265
1_1_0_0_0_1_1_0_0_0_1_1_0_0_0_0_0_0_0_0_1_0_0_1_1_0_1_1_1_0_1_0_1_1_1_1_1_1_1_1_1_0_0_1_1_1,1,0.0022833333333333334,0.0001096458946893236,0.1610738255033557,325.6086561264689
1_1_1_1_1_0_0_1_1_1_1_1_1_0_1_1_1_1_0_0_1_0_0_0_1_0_1_1_1_0_1_1_1_1_1_1_1_1_1_1_1_0_0_0_0_0,1,0.00227,3.265986323710895e-5,0.087248322147651,282.30516836589413
1_1_1_1_1_0_0_1_1_1_1_1_1_0_1_1_1_1_0_0_1_1_0_0_0_0_1_1_0_0_1_1_0_0_0_0_1_0_0_0_1_1_1_0_0_0,1,0.002256666666666667,8.956685895029607e-5,0.08053691275167785,268.9773346130082
1_0_1_0_0_1_1_0_0_0_1_0_1_1_0_1_1_0_1_1_1_1_1_1_0_1_0_1_0_1_1_0_0_0_0_0_0_0_0_0_0_1_1_0_0_0,1,0.0022466666666666663,0.00011115554667022034,0.12751677852348994,282.6574742754649
0_1_0_1_1_0_0_1_1_1_0_1_0_0_1_0_0_1_0_0_0_0_0_0_1_0_1_0_1_0_0_1_1_1_1_1_1_1_1_1_1_0_0_1_1_1,1,0.00221,0.00014696938456699071,0.12751677852348994,283.31910436394134
1_1_0_1_1_0_0_1_1_1_1_1_0_0_1_1_1_1_0_0_1_1_0_0_0_0_1_1_0_0_1_1_0_0_0_0_1_0_0_0_1_1_1_0_0_0,1,0.002176666666666667,0.0001371941041817112,0.14093959731543623,302.1134166290166
1_0_1_0_0_1_1_0_0_0_1_0_1_1_0_1_1_0_1_1_1_0_1_1_1_1_0_1_1_1_1_0_1_1_1_1_0_1_1_1_0_0_0_0_0_0,1,0.0021766666666666666,0.00018445113776342567,0.1342281879194631,286.92340978695205
0_0_0_0_0_1_1_0_0_0_0_0_0_0_0_0_0_0_0_0_0_1_0_1_0_1_1_0_0_0_0_0_0_0_0_0_0_0_0_0_0_1_1_1_1_1,1,0.0021566666666666665,0.00012283683848458848,0.08053691275167785,287.8541107326521
1_1_0_1_1_0_0_1_1_1_1_1_0_0_1_1_1_1_0_0_1_0_0_0_1_0_1_1_1_0_1_1_1_1_1_1_1_1_1_1_1_0_0_0_0_0,1,0.00215,0.00014352700094407328,0.1342281879194631,294.5084655355879
1_1_1_1_1_0_0_1_1_1_1_0_1_1_1_1_1_1_0_1_1_1_0_0_0_0_0_1_0_0_1_1_0_0_0_0_0_0_0_0_1_1_1_0_0_0,1,0.002146666666666667,4.7140452079103295e-6,0.10067114093959731,256.512062595088
1_0_1_1_1_0_0_1_1_1_1_1_1_1_1_1_1_1_1_0_1_1_1_0_0_0_1_1_0_1_1_1_0_0_0_0_0_0_0_0_0_1_1_0_0_0,1,0.00209,0.00014696938456699063,0.087248322147651,295.4271378984441
0_0_1_0_0_1_1_0_0_0_0_0_1_1_0_0_0_0_1_1_0_1_1_1_0_1_0_0_0_1_0_0_0_0_0_0_0_0_0_0_0_1_1_1_1_1,1,0.002086666666666667,8.498365855987978e-5,0.1342281879194631,290.3115354789277
1_1_0_0_0_1_1_0_0_0_1_1_0_0_0_1_1_0_0_1_1_1_0_1_0_0_1_1_0_0_1_0_0_0_0_0_1_0_0_0_1_1_1_1_0_0,1,0.00208,0.00012083045973594564,0.1610738255033557,315.30496004824363
0_0_1_0_0_1_1_0_0_0_0_0_1_1_0_0_0_0_1_1_0_0_1_1_1_1_0_0_1_1_0_0_1_1_1_1_0_1_1_1_0_0_0_1_1_1,1,0.0020666666666666667,0.00015282524515130194,0.14093959731543623,302.78843921148024
0_0_0_0_0_1_1_0_0_0_0_0_0_1_0_0_0_0_1_1_0_1_1_1_0_1_0_0_0_1_0_0_0_0_0_0_0_0_0_0_0_1_1_1_1_1,1,0.0020566666666666667,0.0001558489297008128,0.087248322147651,284.54546073100886
0_0_0_0_0_1_1_0_0_0_0_1_0_0_0_0_0_0_1_0_0_1_1_1_0_1_1_0_0_1_0_0_0_0_0_0_1_0_0_0_0_1_1_1_1_1,1,0.0020266666666666666,0.00012391753530294075,0.10738255033557047,255.21944021647218
0_1_0_0_0_1_1_0_0_0_0_0_0_0_0_0_0_0_0_1_0_0_0_1_1_1_0_0_1_0_0_0_1_1_1_1_1_1_1_1_1_0_0_1_1_1,1,0.0020266666666666666,0.00016213848676020415,0.087248322147651,290.13589696306485
1_1_1_1_1_0_0_1_1_1_1_0_1_1_1_1_1_1_0_1_1_0_0_0_1_0_0_1_1_0_1_1_1_1_1_1_0_1_1_1_1_0_0_0_0_0,1,0.002003333333333333,0.00016499158227686116,0.10738255033557047,256.7666701676854
1_0_0_0_0_1_1_0_0_0_1_0_0_0_0_0_0_0_1_0_1_0_1_1_1_1_0_1_1_1_1_0_1_1_1_1_0_1_1_1_0_0_0_1_1_1,1,0.00198,8.041558721209874e-5,0.087248322147651,318.3049523575839
1_0_0_0_0_1_1_0_0_0_1_0_0_0_0_0_0_0_1_0_1_1_1_1_0_1_0_1_0_1_1_0_0_0_0_0_0_0_0_0_0_1_1_1_1_1,1,0.001956666666666667,2.0548046676563216e-5,0.09395973154362416,317.25719889672513
0_0_1_1_1_0_0_1_1_1_0_0_1_1_1_0_0_1_1_0_0_0_1_0_1_1_0_0_1_1_0_1_1_1_1_1_0_1_1_1_0_0_0_0_1_1,1,0.0019533333333333334,0.00016937794687883336,0.1610738255033557,319.20894244872466
1_0_1_1_1_0_0_1_1_1_1_1_1_1_1_1_1_1_1_0_1_0_1_0_1_0_1_1_1_1_1_1_1_1_1_1_0_1_1_1_0_0_0_0_0_0,1,0.0019500000000000003,6.683312551921139e-5,0.09395973154362416,288.19009385792026
0_1_0_0_0_1_1_0_0_0_0_0_0_0_0_0_0_0_0_1_0_1_0_1_0_1_0_0_0_0_0_0_0_0_0_0_1_0_0_0_1_1_1_1_1_1,1,0.0019366666666666666,4.9216076867444706e-5,0.09395973154362416,295.1966541726381
1_1_0_0_0_1_1_0_0_0_1_1_0_0_0_1_1_0_0_1_1_0_0_1_1_0_1_1_1_0_1_0_1_1_1_1_1_1_1_1_1_0_0_0_0_0,1,0.0019166666666666666,0.0001291854825005073,0.15436241610738255,298.7840860001045
0_1_1_1_1_0_0_1_1_1_0_1_1_1_1_0_0_1_0_1_0_1_0_0_0_0_0_0_0_0_0_1_0_0_0_0_1_0_0_0_1_1_1_1_1_1,1,0.0018399999999999998,0.00011224972160321818,0.08053691275167785,289.89863239540034
0_0_0_0_0_1_1_0_0_0_0_1_0_0_0_0_0_0_1_0_0_0_1_1_1_1_1_0_1_1_0_0_1_1_1_1_1_1_1_1_0_0_0_1_1_1,1,0.0018200000000000002,0.00010614455552060435,0.10067114093959731,254.99147474848507
0_0_1_1_1_0_0_1_1_1_0_0_1_1_1_0_0_1_1_0_0_0_1_0_1_1_0_0_1_1_0_1_1_1_1_1_0_1_1_1_0_0_0_1_1_1,1,0.0018133333333333335,6.599663291074451e-5,0.1610738255033557,301.7591897974494
0_1_1_1_1_0_0_1_1_1_0_1_1_1_1_1_1_1_0_1_0_0_0_0_1_0_1_0_1_0_0_1_1_1_1_1_1_1_1_1_1_0_0_0_0_0,1,0.0018033333333333332,9.977753031397176e-5,0.09395973154362416,308.50224707224464
1_0_1_1_1_0_0_1_1_1_1_1_1_1_1_1_1_1_1_1_1_0_1_0_1_0_1_1_1_0_1_1_1_1_1_1_0_1_1_1_0_0_0_0_0_0,1,0.0017966666666666667,0.00015627610892974725,0.09395973154362416,296.89511860378514
0_1_0_0_0_1_1_0_0_0_0_0_0_0_0_0_0_0_0_0_0_1_0_1_0_1_0_0_0_1_0_0_0_0_0_0_1_0_0_0_1_1_1_1_1_1,1,0.0017800000000000001,3.7416573867739416e-5,0.09395973154362416,292.35368700756595
0_0_1_1_1_0_0_1_1_1_0_0_1_1_1_0_0_1_1_0_0_1_1_0_0_1_0_0_0_1_0_1_0_0_0_0_0_0_0_0_0_1_1_1_1_1,1,0.00177,8.52447456836295e-5,0.15436241610738255,299.6327283827284
0_1_0_0_0_1_1_0_0_0_0_0_0_0_0_0_0_0_0_0_0_0_0_1_1_1_0_0_1_1_0_0_1_1_1_1_1_1_1_1_1_0_0_1_1_1,1,0.0017666666666666666,0.0001633673433979046,0.087248322147651,292.03769728713957
1_1_0_0_0_1_1_0_0_0_1_0_0_0_0_1_1_0_1_0_1_0_1_1_1_1_0_1_1_1_1_0_1_1_1_1_0_1_1_1_1_0_0_0_0_0,1,0.0017566666666666668,0.00013888444437333105,0.08053691275167785,265.33743930654674
1_0_0_0_0_1_1_0_0_0_1_0_0_0_0_1_1_0_1_0_1_0_1_1_1_1_1_1_1_1_1_0_1_1_1_1_0_1_1_1_0_0_0_0_0_0,1,0.0017566666666666666,0.00012814921857827387,0.08053691275167785,287.3661613493777
0_0_1_0_0_1_1_0_0_0_0_0_0_1_0_0_0_0_1_1_0_0_1_1_1_1_0_0_1_1_0_0_1_1_1_1_0_1_1_1_0_0_0_1_1_1,1,0.0017533333333333333,0.00012552113589175157,0.09395973154362416,279.5997633627167
1_1_0_1_1_0_0_1_1_1_1_1_1_0_1_1_1_1_0_0_1_1_0_0_0_0_1_1_0_0_1_1_0_0_0_0_1_0_0_0_1_1_1_0_0_0,1,0.00174,1.6329931618554564e-5,0.09395973154362416,275.9820741496764
1_1_0_1_1_0_0_1_1_1_1_1_1_0_1_1_1_1_0_0_1_0_0_0_1_0_1_1_1_0_1_1_1_1_1_1_1_1_1_1_1_0_0_0_0_0,1,0.00174,3.265986323710904e-5,0.10067114093959731,277.5465632462464
1_1_1_1_1_0_0_1_1_1_1_1_1_1_1_1_1_1_0_1_1_1_0_0_0_0_0_1_0_1_1_1_0_0_0_0_1_0_0_0_1_1_1_0_0_0,1,0.00174,0.00014352700094407325,0.06711409395973154,253.31459354208786
0_1_1_1_1_0_0_1_1_1_0_1_1_1_1_1_1_1_0_1_0_1_0_0_0_0_1_0_0_0_0_1_0_0_0_0_1_0_0_0_1_1_1_0_0_0,1,0.00173,0.00011860297916438126,0.087248322147651,317.24553025051137
1_0_0_0_0_1_1_0_0_0_1_0_0_0_0_1_1_0_1_1_1_1_1_1_0_1_0_1_0_1_1_0_0_0_0_0_0_0_0_0_0_1_1_1_0_0,1,0.0017233333333333334,6.79869268479038e-5,0.087248322147651,287.97378822523285
0_0_1_1_1_0_0_1_1_1_0_1_1_1_1_0_0_1_0_1_0_1_0_0_0_0_1_0_0_0_0_1_0_0_0_0_1_0_0_0_0_1_1_1_1_1,1,0.0017166666666666667,7.586537784494028e-5,0.08053691275167785,276.89479688541604
0_1_1_1_1_0_0_1_1_1_0_1_1_1_1_0_0_1_0_0_0_0_0_0_1_0_1_0_1_0_0_1_1_1_1_1_1_1_1_1_1_0_0_0_1_1,1,0.0016899999999999999,4.966554808583782e-5,0.087248322147651,284.8979906255376
1_0_1_1_1_0_0_1_1_1_1_1_1_1_1_1_1_1_1_1_1_1_1_0_0_0_1_1_0_0_1_1_0_0_0_0_0_0_0_0_0_1_1_0_0_0,1,0.0016766666666666666,4.496912521077349e-5,0.087248322147651,294.68473634579607
0_0_1_0_0_1_1_0_0_0_0_0_0_1_0_0_0_0_1_1_0_1_1_1_0_1_0_0_0_1_0_0_0_0_0_0_0_0_0_0_0_1_1_1_1_1,1,0.0016666666666666668,5.792715732327586e-5,0.10067114093959731,273.89310426610024
1_1_0_0_0_1_1_0_0_0_1_0_0_0_0_1_1_0_1_0_1_1_1_1_0_1_0_1_0_1_1_0_0_0_0_0_0_0_0_0_1_1_1_0_0_0,1,0.00166,7.788880963698618e-5,0.087248322147651,275.96392928428855
1_1_0_0_0_1_1_0_0_0_1_1_0_0_0_1_1_0_1_0_1_0_1_1_1_0_1_1_1_1_1_0_1_1_1_1_1_1_1_1_1_0_0_0_0_0,1,0.0016366666666666665,6.12825877028341e-5,0.1610738255033557,269.47588770759506
0_0_1_1_1_0_0_1_1_1_0_0_1_1_1_0_0_1_1_0_0_1_1_0_0_1_0_0_0_1_0_1_0_0_0_0_0_0_0_0_0_1_1_0_1_1,1,0.0016300000000000002,0.00011224972160321828,0.16778523489932887,311.4855003023677
1_1_0_0_0_1_1_0_0_0_1_1_0_0_0_1_1_0_1_0_1_1_1_1_0_0_1_1_0_1_1_0_0_0_0_0_1_0_0_0_1_1_1_1_0_0,1,0.00162,4.242640687119286e-5,0.16778523489932887,275.96076146076143
1_1_0_0_0_1_1_0_0_0_1_1_0_0_0_1_1_0_1_0_1_1_1_1_0_0_1_1_0_1_1_0_0_0_0_0_1_0_0_0_1_1_1_0_0_0,1,0.00161,4.320493798938575e-5,0.16778523489932887,275.9677568310081
1_1_0_0_0_1_1_0_0_0_1_1_0_0_0_1_1_0_0_1_1_0_0_1_1_0_1_1_1_0_1_0_1_1_1_1_1_1_1_1_1_0_0_1_0_0,1,0.0016066666666666666,4.1899350299921794e-5,0.16778523489932887,313.55397463282765
1_1_0_1_1_0_0_1_1_1_1_1_0_0_1_1_1_1_0_0_1_1_0_0_0_0_1_1_0_0_1_1_0_0_0_0_1_0_0_0_1_1_1_1_0_0,1,0.0015833333333333333,8.259674462242574e-5,0.14093959731543623,281.4809368191721
1_1_0_0_0_1_1_0_0_0_1_1_0_0_0_1_1_0_0_1_1_1_0_1_0_0_1_1_0_0_1_0_0_0_0_0_1_0_0_0_1_1_1_0_0_0,1,0.0015799999999999998,2.9439202887759467e-5,0.1610738255033557,306.7654532371789
0_0_1_1_1_0_0_1_1_1_0_1_1_1_1_0_0_1_0_1_0_0_0_0_1_0_1_0_1_0_0_1_1_1_1_1_1_1_1_1_0_0_0_1_1_1,1,0.0015666666666666667,8.178562764256869e-5,0.087248322147651,272.168889181325
1_1_1_1_1_0_0_1_1_1_1_1_1_1_1_1_1_1_0_1_1_0_0_0_1_0_0_1_1_1_1_1_1_1_1_1_1_1_1_1_1_0_0_0_0_0,1,0.0015633333333333332,3.681787005729088e-5,0.0738255033557047,256.9335546223418
0_0_0_0_0_1_1_0_0_0_0_0_0_0_0_0_0_0_1_0_0_0_1_1_1_1_1_0_1_0_0_0_1_1_1_1_0_1_1_1_0_0_0_1_1_1,1,0.00155,8.164965809277282e-6,0.06711409395973154,253.51596253209155
0_1_1_1_1_0_0_1_1_1_0_1_1_1_1_0_0_1_0_0_0_1_0_0_0_0_1_0_0_0_0_1_0_0_0_0_1_0_0_0_1_1_1_0_1_1,1,0.0015433333333333332,0.00012036980056845188,0.09395973154362416,290.59190753645015
1_0_0_0_0_1_1_0_0_0_1_0_0_0_0_1_1_0_1_0_1_1_1_1_0_1_1_1_0_1_1_0_0_0_0_0_0_0_0_0_0_1_1_0_0_0,1,0.0015366666666666664,0.0001020892855407571,0.087248322147651,298.05003402417196
1_0_0_0_0_1_1_0_0_0_1_0_0_0_0_1_1_0_1_0_1_1_1_1_0_1_1_1_0_1_1_0_0_0_0_0_0_0_0_0_0_1_1_1_0_0,1,0.0015333333333333334,7.039570693980958e-5,0.087248322147651,276.9429528707229
0_0_1_0_0_1_1_0_0_0_0_0_1_1_0_0_0_0_1_1_0_0_1_1_1_1_0_0_1_1_0_0_1_1_1_1_0_1_1_1_0_0_0_0_1_1,1,0.0015333333333333334,5.734883511361757e-5,0.14093959731543623,276.25242023957776
0_1_0_0_0_1_1_0_0_0_0_0_0_0_0_0_0_0_0_1_0_0_0_1_1_1_0_0_1_0_0_0_1_1_1_1_0_1_1_1_1_0_0_1_1_1,1,0.0015233333333333334,0.00012657891697365013,0.06711409395973154,259.28277546324074
1_0_0_0_0_1_1_0_0_0_1_0_0_0_0_1_1_0_1_1_1_0_1_1_1_1_0_1_1_1_1_0_1_1_1_1_0_1_1_1_0_0_0_0_0_0,1,0.00151,0.00018457157599876162,0.08053691275167785,266.3404937346489
0_0_1_1_1_0_0_1_1_1_0_0_1_1_1_0_0_1_0_1_0_0_0_0_1_1_0_0_1_0_0_1_1_1_1_1_0_1_1_1_0_0_0_0_1_1,1,0.0015099999999999998,7.788880963698615e-5,0.16778523489932887,272.388701302993
0_0_1_1_1_0_0_1_1_1_0_0_1_1_1_0_0_1_0_1_0_1_0_0_0_1_0_0_0_0_0_1_0_0_0_0_0_0_0_0_0_1_1_1_1_1,1,0.0015066666666666666,0.00011025223605694155,0.1610738255033557,278.1011660046508
0_1_0_0_0_1_1_0_0_0_0_1_0_0_0_0_0_0_0_0_0_1_0_1_0_1_1_0_0_1_0_0_0_0_0_0_1_0_0_0_1_1_1_1_1_1,1,0.0015066666666666666,1.6996731711975896e-5,0.10738255033557047,274.1676799578892
0_0_0_0_0_1_1_0_0_0_0_0_0_0_0_0_0_0_1_0_0_1_1_1_0_1_1_0_0_0_0_0_0_0_0_0_0_0_0_0_0_1_1_1_1_1,1,0.0015033333333333333,3.7712361663282534e-5,0.0738255033557047,255.6237698144392
0_0_1_1_1_0_0_1_1_1_0_1_1_1_1_0_0_1_1_1_0_0_1_0_1_0_1_0_1_1_0_1_1_1_1_1_0_1_1_1_0_0_0_0_1_1,1,0.0014966666666666668,6.018490028422595e-5,0.10738255033557047,297.0541275581963
1_1_1_1_1_0_0_1_1_1_1_1_1_1_1_0_0_1_0_1_1_0_0_0_1_0_1_1_1_0_1_1_1_1_1_1_1_1_1_1_1_0_0_1_1_1,1,0.00149,0.0001392838827718412,0.10067114093959731,338.2089947089947
0_0_1_1_1_0_0_1_1_1_0_1_1_1_1_0_0_1_1_1_0_1_1_0_0_0_1_0_0_1_0_1_0_0_0_0_1_0_0_0_0_1_1_1_1_1,1,0.0014766666666666667,6.548960901462833e-5,0.08053691275167785,260.28196406767836
1_0_1_1_1_0_0_1_1_1_1_0_1_1_1_1_1_1_1_1_1_1_1_0_0_0_0_1_0_0_1_1_0_0_0_0_0_0_0_0_0_1_1_0_0_0,1,0.0014766666666666667,4.6427960923947016e-5,0.10067114093959731,267.68589857630957
1_0_1_1_1_0_0_1_1_1_1_0_1_1_1_1_1_1_1_1_1_0_1_0_1_0_0_1_1_0_1_1_1_1_1_1_0_1_1_1_0_0_0_0_0_0,1,0.0014766666666666667,0.00025037749277618567,0.10738255033557047,274.04088606103454
0_1_1_1_1_0_0_1_1_1_0_1_1_1_1_0_0_1_0_0_0_1_0_0_0_0_1_0_0_0_0_1_0_0_0_0_1_0_0_0_1_1_1_1_1_1,1,0.0014733333333333334,0.00020725722075613082,0.08053691275167785,269.4364928767206
1_1_1_1_1_0_0_1_1_1_1_1_1_1_1_0_0_1_0_1_1_1_0_0_0_0_1_1_0_0_1_1_0_0_0_0_1_0_0_0_1_1_1_1_1_1,1,0.00147,6.97614984548545e-5,0.09395973154362416,334.19805356978907
1_1_1_1_1_0_0_1_1_1_1_1_1_1_1_1_1_1_0_0_1_1_0_0_0_0_1_1_0_1_1_1_0_0_0_0_1_0_0_0_1_1_1_0_0_0,1,0.0014666666666666667,0.00013021349989749748,0.06711409395973154,239.50316580248816
1_0_0_0_0_1_1_0_0_0_1_0_0_0_0_1_1_0_1_1_1_0_1_1_1_1_0_1_1_1_1_0_1_1_1_1_0_1_1_1_0_0_0_1_0_0,1,0.0014600000000000001,0.00013952299690970891,0.09395973154362416,281.15995335613394
0_1_0_0_0_1_1_0_0_0_0_1_0_0_0_0_0_0_0_0_0_0_0_1_1_1_1_0_1_1_0_0_1_1_1_1_1_1_1_1_1_0_0_1_1_1,1,0.0014533333333333334,6.944222218666551e-5,0.10067114093959731,262.97319945043506
1_0_1_1_1_0_0_1_1_1_1_1_1_1_1_1_1_1_1_0_1_0_1_0_1_0_1_1_1_1_1_1_1_1_1_1_1_1_1_1_0_0_0_0_0_0,1,0.0014533333333333334,2.8674417556808747e-5,0.0738255033557047,263.2814435017107
0_1_0_0_0_1_1_0_0_0_0_0_0_0_0_0_0_0_0_1_0_1_0_1_0_1_0_0_0_0_0_0_0_0_0_0_0_0_0_0_1_1_1_1_1_1,1,0.00145,0.00013490737563232042,0.0738255033557047,259.94979482151285
0_0_1_1_1_0_0_1_1_1_0_0_1_1_1_0_0_1_0_1_0_0_0_0_1_1_0_0_1_0_0_1_1_1_1_1_0_1_1_1_0_0_0_1_1_1,1,0.0014466666666666666,0.00013021349989749737,0.16778523489932887,274.5831251277942
0_1_1_1_1_0_0_1_1_1_0_1_1_1_1_0_0_1_0_1_0_0_0_0_1_0_0_0_1_0_0_1_1_1_1_1_1_1_1_1_1_0_0_1_1_1,1,0.0014366666666666668,3.681787005729088e-5,0.087248322147651,308.45092844643204
0_0_0_0_0_1_1_0_0_0_0_0_0_0_0_1_1_0_1_0_0_0_1_1_1_1_0_0_1_1_0_0_1_1_1_1_0_1_1_1_0_0_0_0_0_0,1,0.0014233333333333335,7.408703590297625e-5,0.09395973154362416,327.68172946391593
0_1_1_1_1_0_0_1_1_1_0_1_1_1_1_0_0_1_0_0_0_0_0_0_1_0_1_0_1_0_0_1_1_1_1_1_1_1_1_1_1_0_0_1_1_1,1,0.00142,4.8989794855663515e-5,0.087248322147651,277.7953585316883
1_1_0_0_0_1_1_0_0_0_1_0_0_0_0_1_1_0_0_0_1_0_0_1_1_1_0_1_1_0_1_0_1_1_1_1_1_1_1_1_1_0_0_0_0_0,1,0.00142,4.320493798938575e-5,0.10067114093959731,304.256103930017
1_0_1_1_1_0_0_1_1_1_1_1_1_1_1_1_1_1_1_0_1_1_1_0_0_0_1_1_0_1_1_1_0_0_0_0_1_0_0_0_0_1_1_0_0_0,1,0.0014066666666666665,0.00017249798710580814,0.06711409395973154,249.529266009581
0_1_1_1_1_0_0_1_1_1_0_1_1_1_1_1_1_1_0_1_1_1_0_0_0_0_0_1_0_0_0_1_0_0_0_0_1_0_0_0_1_1_1_0_0_0,1,0.0013966666666666667,0.00011953614051360736,0.06040268456375839,247.36116926451533
1_1_0_0_0_1_1_0_0_0_1_0_0_0_0_1_1_0_0_0_1_1_0_1_0_1_0_1_0_0_1_0_0_0_0_0_1_0_0_0_1_1_1_1_0_0,1,0.0013933333333333332,4.921607686744462e-5,0.10738255033557047,312.2896897415954
0_0_0_0_0_1_1_0_0_0_0_0_0_0_0_1_1_0_1_0_0_1_1_1_0_1_0_0_0_1_0_0_0_0_0_0_0_0_0_0_0_1_1_0_0_0,1,0.00139,0.00011045361017187254,0.10067114093959731,339.3097335552579
1_1_1_1_1_0_0_1_1_1_1_0_1_1_1_1_1_1_1_0_1_1_1_0_0_0_0_1_0_1_1_1_0_0_0_0_0_0_0_0_1_1_1_0_0_0,1,0.00139,0.00017907168024751058,0.10738255033557047,264.9395455493016
0_0_1_1_1_0_0_1_1_1_0_1_1_1_1_0_0_1_1_1_0_1_1_0_0_0_1_0_0_1_0_1_0_0_0_0_0_0_0_0_0_1_1_1_1_1,1,0.00139,4.966554808583773e-5,0.10067114093959731,304.4916236408313
0_0_0_0_0_1_1_0_0_0_0_0_0_0_0_0_0_0_1_1_0_0_1_1_1_1_0_0_1_0_0_0_1_1_1_1_0_1_1_1_0_0_0_1_1_1,1,0.0013866666666666665,0.00012552113589175154,0.06711409395973154,243.5702854178871
1_0_0_0_0_1_1_0_0_0_1_0_0_0_0_1_1_0_1_1_1_1_1_1_0_1_0_1_0_1_1_0_0_0_0_0_0_0_0_0_0_1_1_0_0_0,1,0.0013800000000000002,3.265986323710904e-5,0.087248322147651,266.63932836328667
1_0_0_0_0_1_1_0_0_0_1_0_0_0_0_0_0_0_1_0_0_1_1_1_0_1_1_0_0_1_1_0_0_0_0_0_0_0_0_0_0_1_1_1_1_1,1,0.00138,5.887840577551894e-5,0.06711409395973154,247.01863518342165
1_1_0_0_0_1_1_0_0_0_1_1_0_0_0_0_0_0_0_1_1_1_0_1_0_0_1_1_0_0_1_0_0_0_0_0_1_0_0_0_1_1_1_1_1_1,1,0.0013733333333333332,1.6996731711975896e-5,0.174496644295302,315.5054159570894
0_1_1_1_1_0_0_1_1_1_0_1_1_1_1_0_0_1_0_1_0_0_0_0_1_0_0_0_1_0_0_1_1_1_1_1_1_1_1_1_1_0_0_0_1_1,1,0.0013633333333333334,8.055363982396382e-5,0.087248322147651,276.27509927424825
1_0_0_0_0_1_1_0_0_0_1_0_0_0_0_0_0_0_1_0_0_0_1_1_1_1_1_0_1_1_1_0_1_1_1_1_0_1_1_1_0_0_0_1_1_1,1,0.0013533333333333333,7.408703590297621e-5,0.06040268456375839,252.4016914918769
1_1_1_1_1_0_0_1_1_1_1_1_1_1_1_1_1_1_0_0_1_0_0_0_1_0_1_1_1_1_1_1_1_1_1_1_1_1_1_1_1_0_0_0_0_0,1,0.0013533333333333331,4.496912521077349e-5,0.0738255033557047,251.96008208599957
0_1_1_1_1_0_0_1_1_1_0_1_1_1_1_0_0_1_0_1_0_1_0_0_0_0_1_0_0_1_0_1_0_0_0_0_1_0_0_0_1_1_1_1_1_1,1,0.0013499999999999999,4.320493798938575e-5,0.08053691275167785,280.9249166443802
0_0_1_0_0_1_1_0_0_0_0_0_1_1_0_0_0_0_1_1_0_1_1_1_0_1_0_0_0_1_0_0_0_0_0_0_0_0_0_0_0_1_1_0_1_1,1,0.0013466666666666668,0.0001189771219838317,0.1476510067114094,265.11288966217194
1_1_0_0_0_1_1_0_0_0_1_0_0_0_0_1_1_0_0_0_1_1_0_1_0_1_0_1_0_0_1_0_0_0_0_0_0_0_0_0_1_1_1_0_0_0,1,0.00134,9.899494936611665e-5,0.087248322147651,263.0568216742383
0_0_0_0_0_1_1_0_0_0_0_0_0_0_0_0_0_0_1_1_0_1_1_1_0_1_0_0_0_0_0_0_0_0_0_0_0_0_0_0_0_1_1_1_1_1,1,0.0013399999999999998,6.37704215656967e-5,0.0738255033557047,242.30001264884984
0_0_1_1_1_0_0_1_1_1_0_0_1_1_1_1_1_1_1_0_0_0_1_0_1_1_0_0_1_1_0_1_1_1_1_1_0_1_1_1_0_0_0_0_0_0,1,0.0013366666666666666,0.00016937794687883333,0.174496644295302,314.5014864362691
0_0_0_0_0_1_1_0_0_0_0_1_0_0_0_0_0_0_0_1_0_0_0_1_1_1_1_0_1_0_0_0_1_1_1_1_1_1_1_1_0_0_0_1_1_1,1,0.0013366666666666666,0.00010208928554075699,0.10738255033557047,261.1867117117117
1_1_0_0_0_1_1_0_0_0_1_0_0_0_0_1_1_0_0_0_1_1_0_1_0_1_0_1_0_0_1_0_0_0_0_0_1_0_0_0_1_1_1_0_0_0,1,0.0013166666666666667,9.463379711052255e-5,0.10738255033557047,293.52086680674
0_0_0_0_0_1_1_0_0_0_0_1_0_0_0_0_0_0_0_1_0_1_0_1_0_1_1_0_0_0_0_0_0_0_0_0_1_0_0_0_0_1_1_1_1_1,1,0.0013033333333333334,0.00014839886193034705,0.11409395973154363,268.692313602557
0_0_1_1_1_0_0_1_1_1_0_0_1_1_1_1_1_1_1_0_0_1_1_0_0_1_0_0_0_1_0_1_0_0_0_0_0_0_0_0_0_1_1_0_0_0,1,0.0012966666666666667,5.436502143433368e-5,0.16778523489932887,337.9321069985951
1_0_0_0_0_1_1_0_0_0_1_0_0_0_0_1_1_0_1_0_1_0_1_1_1_1_1_1_1_1_1_0_1_1_1_1_0_1_1_1_0_0_0_1_0_0,1,0.0012900000000000001,0.0001657307052620807,0.09395973154362416,281.3896334070601
1_1_0_0_0_1_1_0_0_0_1_1_0_0_0_0_0_0_0_1_1_0_0_1_1_0_1_1_1_0_1_0_1_1_1_1_1_1_1_1_1_0_0_1_1_1,1,0.0012833333333333334,9.877021593352702e-5,0.16778523489932887,313.44660308466865
1_1_1_1_1_0_0_1_1_1_1_0_1_1_1_1_1_1_1_0_1_0_1_0_1_0_0_1_1_1_1_1_1_1_1_1_0_1_1_1_1_0_0_0_0_0,1,0.0012833333333333334,0.0002099735433069816,0.11409395973154363,273.43885188695054
0_0_1_1_1_0_0_1_1_1_0_1_1_1_1_0_0_1_1_1_0_0_1_0_1_0_1_0_1_1_0_1_1_1_1_1_0_1_1_1_0_0_0_1_1_1,1,0.0012766666666666666,0.00011556623882239815,0.10738255033557047,298.8729769685652
0_1_1_1_1_0_0_1_1_1_0_1_1_1_1_1_1_1_0_1_1_0_0_0_1_0_0_1_1_0_0_1_1_1_1_1_1_1_1_1_1_0_0_0_0_0,1,0.0012766666666666666,6.84754619472471e-5,0.06711409395973154,255.11998730776608
1_1_0_0_0_1_1_0_0_0_1_0_0_0_0_1_1_0_0_0_1_0_0_1_1_1_0_1_1_0_1_0_1_1_1_1_0_1_1_1_1_0_0_0_0_0,1,0.0012733333333333333,5.906681715556445e-5,0.08053691275167785,267.15968945986907
0_0_1_1_1_0_0_1_1_1_0_1_1_1_1_0_0_1_0_1_0_0_0_0_1_0_1_0_1_0_0_1_1_1_1_1_1_1_1_1_0_0_0_0_1_1,1,0.0012666666666666666,8.653836657164776e-5,0.087248322147651,261.9204508856683
1_1_0_1_1_0_0_1_1_1_1_1_0_0_1_0_0_1_0_0_1_1_0_0_0_0_1_1_0_0_1_1_0_0_0_0_1_0_0_0_1_1_1_1_1_1,1,0.00126,8.041558721209874e-5,0.15436241610738255,275.0929247941496
1_1_0_1_1_0_0_1_1_1_1_1_0_0_1_1_1_1_0_0_1_0_0_0_1_0_1_1_1_0_1_1_1_1_1_1_1_1_1_1_1_0_0_1_0_0,1,0.0012433333333333333,0.00011585431464655174,0.1476510067114094,271.9187559199244
1_1_1_1_1_0_0_1_1_1_1_1_1_1_1_1_1_1_1_0_1_1_1_0_0_0_0_1_0_1_1_1_0_0_0_0_1_0_0_0_1_1_1_0_0_0,1,0.0012233333333333332,7.930251502246883e-5,0.08053691275167785,264.8306182121972
1_1_1_1_1_0_0_1_1_1_1_1_1_1_1_1_1_1_1_0_1_0_1_0_1_0_0_1_1_1_1_1_1_1_1_1_1_1_1_1_1_0_0_0_0_0,1,0.001216666666666667,0.00015107025591499552,0.087248322147651,267.18614718614714
0_0_1_0_0_1_1_0_0_0_0_0_1_1_0_1_1_0_1_1_0_1_1_1_0_1_0_0_0_1_0_0_0_0_0_0_0_0_0_0_0_1_1_0_0_0,1,0.0012100000000000001,9.899494936611664e-5,0.1476510067114094,280.13665439038573
0_0_1_1_1_0_0_1_1_1_0_1_1_1_1_0_0_1_1_1_0_0_1_0_1_0_1_0_1_1_0_1_1_1_1_1_1_1_1_1_0_0_0_1_1_1,1,0.00121,3.7416573867739436e-5,0.087248322147651,271.8787138787139
1_1_0_0_0_1_1_0_0_0_1_0_0_0_0_1_1_0_1_0_1_1_1_1_0_1_0_1_0_1_1_0_0_0_0_0_0_0_0_0_1_1_1_1_0_0,1,0.0012033333333333334,9.741092797468303e-5,0.087248322147651,262.32745066209037
1_0_0_0_0_1_1_0_0_0_1_0_0_0_0_1_1_0_1_0_1_0_1_1_1_1_0_1_1_0_1_0_1_1_1_1_0_1_1_1_0_0_0_0_0_0,1,0.0012,3.265986323710904e-5,0.08053691275167785,270.7645841057966
0_0_0_0_0_1_1_0_0_0_0_0_0_0_0_0_0_0_0_1_0_0_0_1_1_1_1_0_1_0_0_0_1_1_1_1_0_1_1_1_0_0_0_1_1_1,1,0.0011833333333333333,3.091206165165233e-5,0.08053691275167785,258.2101759218984
0_1_1_1_1_0_0_1_1_1_0_1_1_1_1_0_0_1_0_1_0_0_0_0_1_0_1_0_1_1_0_1_1_1_1_1_1_1_1_1_1_0_0_1_1_1,1,0.0011766666666666668,0.00012283683848458848,0.087248322147651,272.0280536457007
1_0_0_0_0_1_1_0_0_0_1_0_0_0_0_1_1_0_1_0_1_1_1_1_0_1_0_1_0_0_1_0_0_0_0_0_0_0_0_0_0_1_1_0_0_0,1,0.0011766666666666668,1.6996731711975896e-5,0.087248322147651,276.96198054818746
1_1_0_0_0_1_1_0_0_0_1_1_0_0_0_1_1_0_1_0_1_0_1_1_1_0_1_1_1_1_1_0_1_1_1_1_1_1_1_1_1_0_0_1_0_0,1,0.0011766666666666668,3.3993463423951914e-5,0.174496644295302,294.72861213526585
0_0_0_0_0_1_1_0_0_0_0_0_0_0_0_0_0_0_0_1_0_1_0_1_0_1_1_0_0_0_0_0_0_0_0_0_0_0_0_0_0_1_1_1_1_1,1,0.00117,4.8989794855663515e-5,0.087248322147651,269.9868160843771
0_1_1_1_1_0_0_1_1_1_0_1_1_1_1_1_1_1_0_0_1_0_0_0_1_0_1_1_1_0_0_1_1_1_1_1_1_1_1_1_1_0_0_0_0_0,1,0.0011666666666666665,5.5577773335110196e-5,0.06711409395973154,241.06941799129035
0_1_1_1_1_0_0_1_1_1_0_1_1_1_1_1_1_1_0_0_1_1_0_0_0_0_1_1_0_0_0_1_0_0_0_0_1_0_0_0_1_1_1_0_0_0,1,0.0011666666666666665,4.496912521077341e-5,0.06040268456375839,233.22124141796272
0_0_1_0_0_1_1_0_0_0_0_0_1_1_0_1_1_0_1_1_0_0_1_1_1_1_0_0_1_1_0_0_1_1_1_1_0_1_1_1_0_0_0_0_0_0,1,0.0011600000000000002,8.28653526310404e-5,0.15436241610738255,283.3398439601829
1_1_1_1_1_0_0_1_1_1_1_0_1_1_1_1_1_1_0_0_1_1_0_0_0_0_0_1_0_0_1_1_0_0_0_0_0_0_0_0_1_1_1_0_0_0,1,0.00115,2.9439202887759565e-5,0.10738255033557047,245.00635780628042
0_0_1_1_1_0_0_1_1_1_0_1_1_1_1_0_0_1_1_1_0_1_1_0_0_0_1_0_0_1_0_1_0_0_0_0_0_0_0_0_0_1_1_0_1_1,1,0.0011366666666666667,9.672412085697934e-5,0.11409395973154363,290.06216712580346
1_1_0_0_0_1_1_0_0_0_1_1_0_0_0_0_0_0_1_0_1_1_1_1_0_0_1_1_0_1_1_0_0_0_0_0_1_0_0_0_1_1_1_1_1_1,1,0.0011200000000000001,9.201449161228178e-5,0.18120805369127516,265.2412938005391
0_1_1_1_1_0_0_1_1_1_0_1_1_1_1_0_0_1_0_1_0_1_0_0_0_0_0_0_0_0_0_1_0_0_0_0_1_0_0_0_1_1_1_0_1_1,1,0.0011200000000000001,4.0824829046386325e-5,0.09395973154362416,286.77369208327156
1_0_0_0_0_1_1_0_0_0_1_0_0_0_0_0_0_0_1_1_0_1_1_1_0_1_0_0_0_1_1_0_0_0_0_0_0_0_0_0_0_1_1_1_1_1,1,0.0011099999999999999,0.00017048949136725893,0.06711409395973154,232.9036395300972
1_1_0_1_1_0_0_1_1_1_1_1_0_0_1_0_0_1_0_0_1_0_0_0_1_0_1_1_1_0_1_1_1_1_1_1_1_1_1_1_1_0_0_1_1_1,1,0.0011066666666666666,2.054804667656323e-5,0.1476510067114094,279.70246057266706
1_0_0_0_0_1_1_0_0_0_1_0_0_0_0_0_0_0_1_1_0_0_1_1_1_1_0_0_1_1_1_0_1_1_1_1_0_1_1_1_0_0_0_1_1_1,1,0.0010966666666666668,4.988876515698584e-5,0.06040268456375839,238.43197862277643
0_0_1_1_1_0_0_1_1_1_0_0_1_1_1_0_0_1_0_1_0_1_0_0_0_1_0_0_0_0_0_1_0_0_0_0_0_0_0_0_0_1_1_0_1_1,1,0.0010933333333333333,8.5764535535124e-5,0.174496644295302,272.72609118710034
0_0_0_0_0_1_1_0_0_0_0_1_0_0_0_0_0_0_1_1_0_1_1_1_0_1_1_0_0_1_0_0_0_0_0_0_1_0_0_0_0_1_1_1_1_1,1,0.00108,7.874007874011815e-5,0.11409395973154363,254.12470052758349
0_0_1_1_1_0_0_1_1_1_0_0_1_1_1_1_1_1_0_1_0_0_0_0_1_1_0_0_1_0_0_1_1_1_1_1_0_1_1_1_0_0_0_0_0_0,1,0.0010766666666666667,8.01387685344754e-5,0.18120805369127516,276.8113912231559
0_1_0_1_1_0_0_1_1_1_0_1_0_0_1_0_0_1_0_1_0_0_0_0_1_0_1_0_1_0_0_1_1_1_1_1_1_1_1_1_1_0_0_1_1_1,1,0.0010633333333333334,4.1096093353126527e-5,0.1342281879194631,266.02584633305463
0_1_1_1_1_0_0_1_1_1_0_1_1_1_1_0_0_1_0_1_0_0_0_0_1_0_1_0_1_1_0_1_1_1_1_1_1_1_1_1_1_0_0_0_1_1,1,0.0010566666666666667,7.930251502246879e-5,0.087248322147651,273.0873944119558
0_1_0_1_1_0_0_1_1_1_0_1_0_0_1_0_0_1_0_1_0_1_0_0_0_0_1_0_0_0_0_1_0_0_0_0_1_0_0_0_1_1_1_1_1_1,1,0.0010333333333333334,4.027681991198191e-5,0.14093959731543623,281.82341417628004
1_0_0_0_0_1_1_0_0_0_1_0_0_0_0_0_0_0_1_0_0_0_1_1_1_1_0_0_1_0_1_0_1_1_1_1_0_1_1_1_0_0_0_1_1_1,1,0.0010333333333333334,7.760297817881874e-5,0.06040268456375839,253.4063514754442
1_1_1_1_1_0_0_1_1_1_1_0_1_1_1_1_1_1_0_0_1_0_0_0_1_0_0_1_1_0_1_1_1_1_1_1_0_1_1_1_1_0_0_0_0_0,1,0.0010299999999999999,2.1602468994692824e-5,0.11409395973154363,258.4452857050411
1_1_0_0_0_1_1_0_0_0_1_0_0_0_0_1_1_0_0_0_1_0_0_1_1_1_0_1_1_0_1_0_1_1_1_1_1_1_1_1_1_0_0_1_0_0,1,0.0010266666666666668,9.463379711052258e-5,0.11409395973154363,294.2397761515282
1_0_1_1_1_0_0_1_1_1_1_0_1_1_1_1_1_1_1_1_1_0_1_0_1_1_0_1_1_1_1_1_1_1_1_1_0_1_1_1_0_0_0_0_0_0,1,0.0010233333333333333,6.018490028422597e-5,0.1476510067114094,279.7242860895343
0_1_0_0_0_1_1_0_0_0_0_1_0_0_0_0_0_0_0_0_0_1_0_1_0_0_1_0_0_0_0_0_0_0_0_0_1_0_0_0_1_1_1_1_1_1,1,0.0010233333333333333,4.4969125210773454e-5,0.1476510067114094,281.01752652187264
1_0_1_0_0_1_1_0_0_0_1_0_1_1_0_1_1_0_1_0_1_0_1_1_1_1_0_1_1_1_1_0_1_1_1_1_0_1_1_1_0_0_0_0_0_0,1,0.00102,0.0001019803902718557,0.14093959731543623,271.2913951187671
1_0_1_1_1_0_0_1_1_1_1_0_1_1_1_1_1_1_1_1_1_1_1_0_0_1_0_1_0_1_1_1_0_0_0_0_0_0_0_0_0_1_1_0_0_0,1,0.0010066666666666668,4.496912521077346e-5,0.14093959731543623,279.0606087421056
1_1_0_0_0_1_1_0_0_0_1_0_0_0_0_0_0_0_1_0_1_1_1_1_0_1_0_1_0_1_1_0_0_0_0_0_0_0_0_0_1_1_1_1_1_1,1,0.0010033333333333333,0.00012657891697365022,0.10067114093959731,267.4907650147017
1_0_0_0_0_1_1_0_0_0_1_0_0_0_0_0_0_0_1_0_0_1_1_1_0_1_0_0_0_0_1_0_0_0_0_0_0_0_0_0_0_1_1_1_1_1,1,0.0009966666666666668,7.408703590297624e-5,0.06711409395973154,256.9883105246008
0_1_0_0_0_1_1_0_0_0_0_1_0_0_0_0_0_0_0_0_0_0_0_1_1_0_1_0_1_0_0_0_1_1_1_1_1_1_1_1_1_0_0_1_1_1,1,0.0009966666666666668,9.392668535736916e-5,0.14093959731543623,274.2546683046683
1_1_0_0_0_1_1_0_0_0_1_0_0_0_0_0_0_0_1_0_1_0_1_1_1_1_0_1_1_1_1_0_1_1_1_1_0_1_1_1_1_0_0_1_1_1,1,0.0009933333333333333,2.494438257849296e-5,0.09395973154362416,265.7661764705883
1_1_0_0_0_1_1_0_0_0_1_1_0_0_0_0_0_0_1_0_1_0_1_1_1_0_1_1_1_1_1_0_1_1_1_1_1_1_1_1_1_0_0_1_1_1,1,0.0009933333333333333,4.496912521077349e-5,0.174496644295302,287.98403984205646
0_0_1_1_1_0_0_1_1_1_0_1_1_1_1_0_0_1_1_1_0_0_1_0_1_0_1_0_1_1_0_1_1_1_1_1_1_1_1_1_0_0_0_0_1_1,1,0.0009933333333333333,8.956685895029596e-5,0.087248322147651,248.25684843830004
1_1_0_0_0_1_1_0_0_0_1_0_0_0_0_1_1_0_1_0_1_0_1_1_1_1_0_1_1_1_1_0_1_1_1_1_0_1_1_1_1_0_0_1_0_0,1,0.0009900000000000002,8.286535263104039e-5,0.09395973154362416,255.7572633552015
0_0_0_0_0_1_1_0_0_0_0_0_0_1_0_0_0_0_0_1_0_1_0_1_0_1_0_0_0_0_0_0_0_0_0_0_0_0_0_0_0_1_1_1_1_1,1,0.0009766666666666667,7.039570693980958e-5,0.10067114093959731,253.1167791623399
0_0_1_1_1_0_0_1_1_1_0_1_1_1_1_1_1_1_0_1_0_0_0_0_1_0_1_0_1_0_0_1_1_1_1_1_1_1_1_1_0_0_0_0_0_0,1,0.0009766666666666667,7.542472332656511e-5,0.10067114093959731,256.5227095190269
0_0_0_0_0_1_1_0_0_0_0_1_0_0_0_0_0_0_1_1_0_0_1_1_1_1_1_0_1_1_0_0_1_1_1_1_1_1_1_1_0_0_0_1_1_1,1,0.00097,4.966554808583782e-5,0.10738255033557047,247.62896956362306
1_1_0_1_1_0_0_1_1_1_1_1_0_0_1_1_1_1_1_0_1_0_1_0_1_0_1_1_1_1_1_1_1_1_1_1_1_1_1_1_1_0_0_0_0_0,1,0.00097,0.0001388044187577134,0.1476510067114094,281.0657141134623
1_1_0_0_0_1_1_0_0_0_1_0_0_0_0_0_0_0_0_0_1_1_0_1_0_1_0_1_0_0_1_0_0_0_0_0_1_0_0_0_1_1_1_1_1_1,1,0.00097,5.09901951359278e-5,0.12080536912751678,314.7682626298187
0_1_0_0_0_1_1_0_0_0_0_0_0_0_0_0_0_0_0_1_0_0_0_1_1_1_0_0_1_1_0_0_1_1_1_1_1_1_1_1_1_0_0_1_1_1,1,0.00097,2.943920288775947e-5,0.09395973154362416,273.9242922975642
0_0_1_0_0_1_1_0_0_0_0_0_1_1_0_0_0_0_0_1_0_0_0_1_1_1_0_0_1_0_0_0_1_1_1_1_0_1_1_1_0_0_0_1_1_1,1,0.0009666666666666666,5.436502143433368e-5,0.15436241610738255,290.38747728705454
0_0_1_1_1_0_0_1_1_1_0_1_1_1_1_1_1_1_0_1_0_1_0_0_0_0_1_0_0_0_0_1_0_0_0_0_1_0_0_0_0_1_1_0_0_0,1,0.0009633333333333334,0.00018006171781426007,0.09395973154362416,265.6051198257081
0_1_1_1_1_0_0_1_1_1_0_1_1_1_1_1_1_1_0_1_1_1_0_0_0_0_1_1_0_1_0_1_0_0_0_0_1_0_0_0_1_1_1_0_0_0,1,0.00096,8.52447456836295e-5,0.06040268456375839,249.51845011130794
0_1_1_1_1_0_0_1_1_1_0_1_1_1_1_1_1_1_0_1_0_0_0_0_1_0_0_0_1_0_0_1_1_1_1_1_1_1_1_1_1_0_0_0_0_0,1,0.0009599999999999999,5.887840577551895e-5,0.10067114093959731,302.1625295508274
1_1_0_1_1_0_0_1_1_1_1_1_0_0_1_1_1_1_1_0_1_1_1_0_0_0_1_1_0_1_1_1_0_0_0_0_1_0_0_0_1_1_1_0_0_0,1,0.0009599999999999999,8.041558721209877e-5,0.15436241610738255,291.946020348191
0_0_1_0_0_1_1_0_0_0_0_0_1_1_0_0_0_0_0_1_0_1_0_1_0_1_0_0_0_0_0_0_0_0_0_0_0_0_0_0_0_1_1_1_1_1,1,0.0009533333333333334,0.00013123346456686354,0.1476510067114094,296.67043877874
1_0_0_0_0_1_1_0_0_0_1_0_0_0_0_0_0_0_1_0_1_1_1_1_0_1_1_1_0_1_1_0_0_0_0_0_0_0_0_0_0_1_1_1_1_1,1,0.00095,4.9665548085837775e-5,0.10067114093959731,313.44284683570396
0_0_1_1_1_0_0_1_1_1_0_1_1_1_1_0_0_1_0_1_0_1_0_0_0_0_1_0_0_0_0_1_0_0_0_0_1_0_0_0_0_1_1_0_1_1,1,0.0009433333333333334,6.944222218666547e-5,0.09395973154362416,260.80586080586085
0_1_1_1_1_0_0_1_1_1_0_1_1_1_1_1_1_1_0_0_0_1_0_0_0_0_1_0_0_0_0_1_0_0_0_0_1_0_0_0_1_1_1_0_0_0,1,0.0009433333333333334,2.624669291337267e-5,0.09395973154362416,310.1956855673546
1_1_0_0_0_1_1_0_0_0_1_0_0_0_0_1_1_0_0_0_1_1_0_1_0_1_0_1_0_0_1_0_0_0_0_0_0_0_0_0_1_1_1_1_0_0,1,0.00094,7.118052168020872e-5,0.087248322147651,241.17414965986393
0_1_0_0_0_1_1_0_0_0_0_1_0_1_0_0_0_0_0_1_0_1_0_1_0_1_1_0_0_0_0_0_0_0_0_0_1_0_0_0_1_1_1_1_1_1,1,0.00094,0.0001314026889628468,0.12751677852348994,269.2867144969949
0_1_1_1_1_0_0_1_1_1_0_1_1_1_1_1_1_1_0_1_1_0_0_0_1_0_1_1_1_1_0_1_1_1_1_1_1_1_1_1_1_0_0_0_0_0,1,0.0009366666666666667,3.3993463423951934e-5,0.06711409395973154,257.0055173843331
0_0_1_1_1_0_0_1_1_1_0_0_1_1_1_1_1_1_0_1_0_1_0_0_0_1_0_0_0_0_0_1_0_0_0_0_0_0_0_0_0_1_1_0_0_0,1,0.0009366666666666667,0.0001087300428686673,0.174496644295302,267.55668864614285
1_1_1_1_1_0_0_1_1_1_1_1_1_0_1_1_1_1_1_0_1_0_1_0_1_0_1_1_1_1_1_1_1_1_1_1_1_1_1_1_1_0_0_0_0_0,1,0.0009200000000000001,0.00018384776310850234,0.10067114093959731,252.2161938272516
0_0_1_1_1_0_0_1_1_1_0_1_1_1_1_1_1_1_1_1_0_0_1_0_1_0_1_0_1_1_0_1_1_1_1_1_0_1_1_1_0_0_0_0_0_0,1,0.0009133333333333333,2.494438257849292e-5,0.12080536912751678,321.62142937235444
1_0_1_0_0_1_1_0_0_0_1_0_1_1_0_1_1_0_1_0_1_1_1_1_0_1_0_1_0_1_1_0_0_0_0_0_0_0_0_0_0_1_1_0_0_0,1,0.0009066666666666666,9.104333522498442e-5,0.1342281879194631,269.90414264098473
0_1_0_0_0_1_1_0_0_0_0_0_0_0_0_0_0_0_0_1_0_1_0_1_0_1_0_0_0_1_0_0_0_0_0_0_1_0_0_0_1_1_1_1_1_1,1,0.0009000000000000001,2.44948974278318e-5,0.10067114093959731,287.03538911547815
1_0_0_0_0_1_1_0_0_0_1_0_0_0_0_0_0_0_1_1_1_0_1_1_1_1_0_1_1_1_1_0_1_1_1_1_0_1_1_1_0_0_0_1_1_1,1,0.0009000000000000001,5.099019513592788e-5,0.09395973154362416,309.9670828968888
1_0_0_0_0_1_1_0_0_0_1_0_0_0_0_1_1_0_1_0_1_0_1_1_1_1_0_1_1_0_1_0_1_1_1_1_0_1_1_1_0_0_0_1_0_0,1,0.0008966666666666667,1.2472191289246455e-5,0.09395973154362416,267.2806637806638
1_1_0_1_1_0_0_1_1_1_1_1_0_0_1_1_1_1_0_1_1_1_0_0_0_0_1_1_0_0_1_1_0_0_0_0_1_0_0_0_1_1_1_1_0_0,1,0.0008933333333333333,0.00010338708279513886,0.1476510067114094,261.73675671499575
1_0_0_0_0_1_1_0_0_0_1_0_0_0_0_0_0_0_1_1_1_1_1_1_0_1_0_1_0_1_1_0_0_0_0_0_0_0_0_0_0_1_1_1_1_1,1,0.0008933333333333333,2.8674417556808788e-5,0.10067114093959731,302.1541995985888
1_1_0_0_0_1_1_0_0_0_1_0_0_0_0_0_0_0_0_0_1_0_0_1_1_1_0_1_1_0_1_0_1_1_1_1_1_1_1_1_1_0_0_1_1_1,1,0.0008933333333333333,4.988876515698588e-5,0.11409395973154363,320.9623015873016
1_0_1_1_1_0_0_1_1_1_1_1_1_1_1_1_1_1_1_0_1_1_1_0_0_0_1_1_0_0_1_1_0_0_0_0_0_0_0_0_0_1_1_0_0_0,1,0.0008900000000000001,9.201449161228172e-5,0.09395973154362416,284.20431286549706
1_1_1_1_1_0_0_1_1_1_1_1_1_0_1_1_1_1_1_0_1_1_1_0_0_0_1_1_0_1_1_1_0_0_0_0_1_0_0_0_1_1_1_0_0_0,1,0.0008833333333333333,4.714045207910278e-6,0.09395973154362416,237.76642832822608
1_0_1_1_1_0_0_1_1_1_1_0_1_1_1_1_1_1_1_0_1_1_1_0_0_0_0_1_0_0_1_1_0_0_0_0_0_0_0_0_0_1_1_0_0_0,1,0.0008833333333333333,5.312459150169743e-5,0.10738255033557047,254.39070097638776
0_1_0_0_0_1_1_0_0_0_0_1_0_1_0_0_0_0_0_1_0_0_0_1_1_1_1_0_1_0_0_0_1_1_1_1_1_1_1_1_1_0_0_1_1_1,1,0.0008833333333333332,2.494438257849296e-5,0.12080536912751678,265.0065779120637
0_0_0_0_0_1_1_0_0_0_0_0_0_1_0_0_0_0_0_1_0_0_0_1_1_1_0_0_1_0_0_0_1_1_1_1_0_1_1_1_0_0_0_1_1_1,1,0.0008666666666666666,0.0001249888883950178,0.09395973154362416,245.63823994935106
0_0_1_1_1_0_0_1_1_1_0_1_1_1_1_1_1_1_1_1_0_1_1_0_0_0_1_0_0_1_0_1_0_0_0_0_0_0_0_0_0_1_1_0_0_0,1,0.0008633333333333332,6.847546194724715e-5,0.11409395973154363,324.8859843922513
0_1_1_1_1_0_0_1_1_1_0_1_1_1_1_1_1_1_0_0_0_0_0_0_1_0_1_0_1_0_0_1_1_1_1_1_1_1_1_1_1_0_0_0_0_0,1,0.0008633333333333332,6.342099196813482e-5,0.10067114093959731,309.984440267335
0_0_0_0_0_1_1_0_0_0_0_0_0_0_0_1_1_0_0_0_0_0_0_1_1_1_0_0_1_0_0_0_1_1_1_1_0_1_1_1_0_0_0_0_0_0,1,0.0008533333333333334,4.1096093353126486e-5,0.10738255033557047,313.3951335055986
0_0_1_1_1_0_0_1_1_1_0_0_1_1_1_0_0_1_0_0_0_0_0_0_1_1_0_0_1_0_0_1_1_1_1_1_0_1_1_1_0_0_0_0_1_1,1,0.0008533333333333334,2.494438257849296e-5,0.174496644295302,269.97320768662235
1_0_1_1_1_0_0_1_1_1_1_0_1_1_1_1_1_1_1_0_1_0_1_0_1_0_0_1_1_0_1_1_1_1_1_1_0_1_1_1_0_0_0_0_0_0,1,0.0008500000000000001,7.483314773547883e-5,0.11409395973154363,274.98351254480286
1_1_0_0_0_1_1_0_0_0_1_0_0_0_0_1_1_0_0_0_1_0_0_1_1_1_0_1_1_0_1_0_1_1_1_1_0_1_1_1_1_0_0_1_0_0,1,0.0008500000000000001,2.9439202887759518e-5,0.09395973154362416,251.97788609610316
1_0_1_1_1_0_0_1_1_1_1_0_1_0_1_1_1_1_1_0_1_1_1_0_0_0_0_1_0_1_1_1_0_0_0_0_0_0_0_0_0_1_1_0_0_0,1,0.00084,8.52447456836295e-5,0.12080536912751678,267.72866549765286
0_1_1_1_1_0_0_1_1_1_0_1_1_1_1_0_0_1_0_1_0_1_0_0_0_0_1_0_0_1_0_1_0_0_0_0_1_0_0_0_1_1_1_0_1_1,1,0.00084,3.559026084010436e-5,0.09395973154362416,257.31287579642617
0_1_0_0_0_1_1_0_0_0_0_1_0_0_0_0_0_0_0_1_0_1_0_1_0_1_1_0_0_1_0_0_0_0_0_0_1_0_0_0_1_1_1_1_1_1,1,0.0008399999999999999,4.5460605656619504e-5,0.11409395973154363,261.9093646032795
0_1_1_1_1_0_0_1_1_1_0_1_1_1_1_0_0_1_0_1_0_0_0_0_1_0_0_0_1_1_0_1_1_1_1_1_1_1_1_1_1_0_0_1_1_1,1,0.0008366666666666667,6.548960901462833e-5,0.09395973154362416,288.62677253636974
0_1_1_1_1_0_0_1_1_1_0_1_1_1_1_0_0_1_0_1_0_1_0_0_0_0_0_0_0_1_0_1_0_0_0_0_1_0_0_0_1_1_1_1_1_1,1,0.0008233333333333334,8.01387685344754e-5,0.087248322147651,271.93235168587285
1_0_0_0_0_1_1_0_0_0_1_0_0_0_0_1_1_0_1_0_1_1_1_1_0_1_0_1_0_0_1_0_0_0_0_0_0_0_0_0_0_1_1_1_0_0,1,0.00082,3.559026084010437e-5,0.087248322147651,258.9148540181386
1_0_1_1_1_0_0_1_1_1_1_1_1_1_1_1_1_1_1_0_1_0_1_0_1_0_1_1_1_0_1_1_1_1_1_1_0_1_1_1_0_0_0_0_0_0,1,0.00082,8.164965809277282e-6,0.10067114093959731,293.13771799029905
1_1_1_0_0_1_1_0_0_0_1_0_1_1_0_1_1_0_1_1_1_0_1_1_1_1_0_1_1_1_1_0_1_1_1_1_0_1_1_1_1_0_0_0_0_0,1,0.0008166666666666666,5.7927157323275903e-5,0.14093959731543623,260.21238516720445
0_0_1_1_1_0_0_1_1_1_0_0_1_1_1_0_0_1_0_0_0_1_0_0_0_1_0_0_0_0_0_1_0_0_0_0_0_0_0_0_0_1_1_1_1_1,1,0.0008166666666666666,4.027681991198188e-5,0.16778523489932887,269.5809376382132
0_0_0_1_1_0_0_1_1_1_0_1_0_0_1_0_0_1_0_0_0_0_0_0_1_0_1_0_1_0_0_1_1_1_1_1_1_1_1_1_0_0_0_1_1_1,1,0.0008133333333333333,2.8674417556808744e-5,0.1342281879194631,276.66512112917343
0_1_0_0_0_1_1_0_0_0_0_1_0_0_0_0_0_0_0_1_0_0_0_1_1_1_1_0_1_1_0_0_1_1_1_1_1_1_1_1_1_0_0_1_1_1,1,0.0008100000000000001,0.000134412301024373,0.10738255033557047,266.259128847157
0_1_0_1_1_0_0_1_1_1_0_1_0_0_1_0_0_1_0_0_0_0_0_0_1_0_1_0_1_1_0_1_1_1_1_1_1_1_1_1_1_0_0_1_1_1,1,0.00081,9.273618495495703e-5,0.1342281879194631,259.7014705957549
1_1_0_0_0_1_1_0_0_0_1_1_0_0_0_1_1_0_1_1_1_1_1_1_0_0_1_1_0_1_1_0_0_0_0_0_1_0_0_0_1_1_1_1_0_0,1,0.00081,2.9439202887759467e-5,0.174496644295302,287.42489944695825
1_0_1_1_1_0_0_1_1_1_1_0_1_0_1_1_1_1_1_0_1_0_1_0_1_0_0_1_1_1_1_1_1_1_1_1_0_1_1_1_0_0_0_0_0_0,1,0.0008066666666666668,4.0276819911981915e-5,0.12751677852348994,280.31897112258554
0_0_1_0_0_1_1_0_0_0_0_0_0_1_0_0_0_0_0_1_0_1_0_1_0_1_0_0_0_0_0_0_0_0_0_0_0_0_0_0_0_1_1_1_1_1,1,0.0008066666666666668,0.00016539514973407037,0.11409395973154363,251.1881344551092
0_0_0_0_0_1_1_0_0_0_0_0_0_1_0_0_0_0_1_1_0_1_1_1_0_1_1_0_0_1_0_0_0_0_0_0_0_0_0_0_0_1_1_1_1_1,1,0.0007999999999999999,7.788880963698613e-5,0.09395973154362416,277.9938568852427
1_0_0_0_0_1_1_0_0_0_1_0_0_0_0_0_0_0_1_0_1_0_1_1_1_1_1_1_1_1_1_0_1_1_1_1_0_1_1_1_0_0_0_1_1_1,1,0.0007999999999999999,4.5460605656619504e-5,0.09395973154362416,306.26595876922676
0_0_1_1_1_0_0_1_1_1_0_0_1_1_1_0_0_1_0_0_0_0_0_0_1_1_0_0_1_0_0_1_1_1_1_1_0_1_1_1_0_0_0_1_1_1,1,0.0007966666666666668,4.7140452079103295e-6,0.174496644295302,273.0411392405063
1_1_1_0_0_1_1_0_0_0_1_0_1_1_0_1_1_0_1_1_1_1_1_1_0_1_0_1_0_1_1_0_0_0_0_0_0_0_0_0_1_1_1_0_0_0,1,0.0007966666666666666,8.730533902472526e-5,0.1342281879194631,252.8909746962638
0_1_1_1_1_0_0_1_1_1_0_1_1_1_1_1_1_1_0_1_0_1_0_0_0_0_0_0_0_0_0_1_0_0_0_0_1_0_0_0_1_1_1_0_0_0,1,0.0007966666666666666,4.0276819911981915e-5,0.09395973154362416,301.153724985638
1_1_1_1_1_0_0_1_1_1_1_1_1_0_1_1_1_1_0_0_1_0_0_0_1_0_0_1_1_0_1_1_1_1_1_1_1_1_1_1_1_0_0_0_0_0,1,0.00079,4.9665548085837775e-5,0.09395973154362416,268.6310825959665
1_0_1_0_0_1_1_0_0_0_1_0_1_1_0_1_1_0_1_1_1_0_1_1_1_1_0_1_1_0_1_0_1_1_1_1_0_1_1_1_0_0_0_0_0_0,1,0.00079,6.377042156569665e-5,0.14093959731543623,281.4132721361637
0_0_1_0_0_1_1_0_0_0_0_0_1_1_0_0_0_0_1_0_0_0_1_1_1_1_0_0_1_1_0_0_1_1_1_1_0_1_1_1_0_0_0_0_1_1,1,0.0007866666666666667,6.944222218666553e-5,0.1476510067114094,249.44219270714248
0_1_0_1_1_0_0_1_1_1_0_1_0_0_1_0_0_1_0_0_0_1_0_0_0_0_1_0_0_1_0_1_0_0_0_0_1_0_0_0_1_1_1_1_1_1,1,0.0007833333333333334,4.109609335312653e-5,0.14093959731543623,272.80694130780097
1_1_0_0_0_1_1_0_0_0_1_1_0_0_0_1_1_0_1_1_1_0_1_1_1_0_1_1_1_1_1_0_1_1_1_1_1_1_1_1_1_0_0_0_0_0,1,0.00078,6.97614984548545e-5,0.16778523489932887,259.36019847009084
0_0_0_1_1_0_0_1_1_1_0_1_0_0_1_0_0_1_0_0_0_1_0_0_0_0_1_0_0_0_0_1_0_0_0_0_1_0_0_0_0_1_1_1_1_1,1,0.0007766666666666667,9.977753031397176e-5,0.14093959731543623,250.0175824175824
1_1_1_1_1_0_0_1_1_1_1_1_1_1_1_1_1_1_0_0_1_1_0_0_0_0_0_1_0_1_1_1_0_0_0_0_1_0_0_0_1_1_1_0_0_0,1,0.0007666666666666667,2.357022603955159e-5,0.0738255033557047,240.23611111111111
0_0_1_0_0_1_1_0_0_0_0_0_1_1_0_0_0_0_1_0_0_0_1_1_1_1_0_0_1_1_0_0_1_1_1_1_0_1_1_1_0_0_0_1_1_1,1,0.0007666666666666667,5.436502143433364e-5,0.1476510067114094,260.8034308463052
0_0_1_0_0_1_1_0_0_0_0_0_1_1_0_0_0_0_1_0_0_1_1_1_0_1_0_0_0_1_0_0_0_0_0_0_0_0_0_0_0_1_1_0_1_1,1,0.0007666666666666667,6.018490028422594e-5,0.15436241610738255,261.89305627085247
1_1_1_1_1_0_0_1_1_1_1_1_1_0_1_1_1_1_0_0_1_1_0_0_0_0_0_1_0_0_1_1_0_0_0_0_1_0_0_0_1_1_1_0_0_0,1,0.0007633333333333333,0.00010338708279513879,0.087248322147651,284.03222719260066
1_0_1_0_0_1_1_0_0_0_1_0_1_1_0_1_1_0_1_1_1_1_1_1_0_1_0_1_0_0_1_0_0_0_0_0_0_0_0_0_0_1_1_0_0_0,1,0.0007633333333333333,5.557777333511023e-5,0.1342281879194631,271.86604612660955
1_1_0_1_1_0_0_1_1_1_1_1_1_0_1_1_1_1_1_0_1_1_1_0_0_0_1_1_0_1_1_1_0_0_0_0_1_0_0_0_1_1_1_0_0_0,1,0.0007566666666666668,2.3570226039551595e-5,0.10738255033557047,250.9009009009009
1_1_0_0_0_1_1_0_0_0_1_0_0_0_0_0_0_0_0_0_1_1_0_1_0_1_0_1_0_0_1_0_0_0_0_0_0_0_0_0_1_1_1_1_1_1,1,0.0007566666666666668,9.56846672960488e-5,0.10067114093959731,254.41309830023798
1_1_0_1_1_0_0_1_1_1_1_1_1_0_1_1_1_1_1_0_1_0_1_0_1_0_1_1_1_1_1_1_1_1_1_1_1_1_1_1_1_0_0_0_0_0,1,0.0007566666666666667,8.055363982396382e-5,0.11409395973154363,252.85990807413194
1_1_0_0_0_1_1_0_0_0_1_0_0_0_0_1_1_0_0_1_1_1_0_1_0_1_0_1_0_0_1_0_0_0_0_0_1_0_0_0_1_1_1_1_0_0,1,0.0007533333333333333,4.1096093353126527e-5,0.11409395973154363,300.4714912280702
1_1_0_1_1_0_0_1_1_1_1_1_0_0_1_1_1_1_0_1_1_1_0_0_0_0_1_1_0_0_1_1_0_0_0_0_1_0_0_0_1_1_1_0_0_0,1,0.0007533333333333333,4.988876515698588e-5,0.1476510067114094,265.32771447405594
1_1_0_0_0_1_1_0_0_0_1_1_0_0_0_1_1_0_1_1_1_1_1_1_0_0_1_1_0_1_1_0_0_0_0_0_1_0_0_0_1_1_1_0_0_0,1,0.0007500000000000001,8.164965809277282e-6,0.174496644295302,276.0863916548127
0_1_1_1_1_0_0_1_1_1_0_1_1_1_1_0_0_1_0_0_0_0_0_0_1_0_0_0_1_0_0_1_1_1_1_1_1_1_1_1_1_0_0_0_1_1,1,0.0007500000000000001,9.273618495495704e-5,0.09395973154362416,273.3365639335789
1_1_0_1_1_0_0_1_1_1_1_1_0_0_1_1_1_1_0_1_1_0_0_0_1_0_1_1_1_0_1_1_1_1_1_1_1_1_1_1_1_0_0_0_0_0,1,0.0007499999999999999,6.68331255192114e-5,0.14093959731543623,265.3871467286101
1_0_0_0_0_1_1_0_0_0_1_0_0_0_0_1_1_0_1_1_1_1_1_1_0_1_1_1_0_1_1_0_0_0_0_0_0_0_0_0_0_1_1_1_0_0,1,0.0007433333333333334,0.00013424687043734848,0.09395973154362416,272.18585283575794
1_0_0_0_0_1_1_0_0_0_1_0_0_0_0_0_0_0_1_0_0_1_1_1_0_1_1_0_0_0_1_0_0_0_0_0_0_0_0_0_0_1_1_1_1_1,1,0.0007399999999999999,1.632993161855452e-5,0.0738255033557047,250.41001527843636
0_0_1_1_1_0_0_1_1_1_0_1_1_1_1_0_0_1_1_0_0_0_1_0_1_0_1_0_1_1_0_1_1_1_1_1_0_1_1_1_0_0_0_0_1_1,1,0.0007399999999999999,0.00012027745701779142,0.11409395973154363,315.4644971886351
0_0_1_1_1_0_0_1_1_1_0_1_1_1_1_0_0_1_1_0_0_1_1_0_0_0_1_0_0_1_0_1_0_0_0_0_0_0_0_0_0_1_1_1_1_1,1,0.0007366666666666667,1.699673171197596e-5,0.10738255033557047,287.2132433442815
0_1_1_1_1_0_0_1_1_1_0_1_1_1_1_1_1_1_0_1_1_0_0_0_1_0_0_1_1_1_0_1_1_1_1_1_1_1_1_1_1_0_0_0_0_0,1,0.0007333333333333332,2.0548046676563267e-5,0.0738255033557047,252.0146920939238
0_0_1_0_0_1_1_0_0_0_0_0_0_1_0_0_0_0_0_1_0_0_0_1_1_1_0_0_1_0_0_0_1_1_1_1_0_1_1_1_0_0_0_1_1_1,1,0.0007333333333333332,3.681787005729088e-5,0.10738255033557047,243.69941916993733
1_1_1_1_1_0_0_1_1_1_1_1_1_1_1_0_0_1_1_1_1_1_1_0_0_0_1_1_0_1_1_1_0_0_0_0_1_0_0_0_1_1_1_1_1_1,1,0.0007266666666666667,0.00012710450643291742,0.10738255033557047,290.70851818907767
1_0_0_0_0_1_1_0_0_0_1_0_0_0_0_1_1_0_1_0_1_0_1_1_1_1_1_1_1_0_1_0_1_1_1_1_0_1_1_1_0_0_0_0_0_0,1,0.0007266666666666667,9.877021593352699e-5,0.087248322147651,274.2435874721943
0_0_1_0_0_1_1_0_0_0_0_0_1_1_0_0_0_0_1_0_0_1_1_1_0_1_0_0_0_1_0_0_0_0_0_0_0_0_0_0_0_1_1_1_1_1,1,0.0007266666666666666,9.843215373488937e-5,0.14093959731543623,261.032604032604
0_1_1_1_1_0_0_1_1_1_0_1_1_1_1_1_1_1_0_1_1_1_0_0_0_0_0_1_0_1_0_1_0_0_0_0_1_0_0_0_1_1_1_0_0_0,1,0.0007166666666666667,4.1899350299921794e-5,0.06711409395973154,240.90504904852415
0_1_1_1_1_0_0_1_1_1_0_1_1_1_1_0_0_1_0_0_0_1_0_0_0_0_0_0_0_0_0_1_0_0_0_0_1_0_0_0_1_1_1_0_1_1,1,0.0007133333333333333,6.64997911442e-5,0.10067114093959731,270.04057161476516
0_0_0_0_0_1_1_0_0_0_0_0_0_0_0_1_1_0_0_0_0_1_0_1_0_1_0_0_0_0_0_0_0_0_0_0_0_0_0_0_0_1_1_0_0_0,1,0.0007133333333333333,2.3570226039551544e-5,0.11409395973154363,296.3013698630137
1_0_0_0_0_1_1_0_0_0_1_0_0_0_0_0_0_0_1_0_0_0_1_1_1_1_1_0_1_0_1_0_1_1_1_1_0_1_1_1_0_0_0_1_1_1,1,0.0007066666666666666,8.73053390247253e-5,0.06711409395973154,257.1819875656472
1_1_0_1_1_0_0_1_1_1_1_1_0_0_1_1_1_1_1_0_1_1_1_0_0_0_1_1_0_1_1_1_0_0_0_0_1_0_0_0_1_1_1_1_0_0,1,0.0007033333333333333,3.299831645537221e-5,0.15436241610738255,270.78512571470316
1_1_1_1_1_0_0_1_1_1_1_1_1_1_1_1_1_1_0_0_1_0_0_0_1_0_0_1_1_1_1_1_1_1_1_1_1_1_1_1_1_0_0_0_0_0,1,0.0007000000000000001,5.3541261347363375e-5,0.08053691275167785,251.27516561356444
1_1_0_1_1_0_0_1_1_1_1_1_0_0_1_1_1_1_0_1_1_0_0_0_1_0_1_1_1_0_1_1_1_1_1_1_1_1_1_1_1_0_0_1_0_0,1,0.0007000000000000001,0.00015121728296285005,0.15436241610738255,257.45643050220514
0_0_0_0_0_1_1_0_0_0_0_0_0_1_0_0_0_0_1_1_0_0_1_1_1_1_1_0_1_1_0_0_1_1_1_1_0_1_1_1_0_0_0_1_1_1,1,0.0007,8.485281374238567e-5,0.087248322147651,268.1885162601626
1_1_0_0_0_1_1_0_0_0_1_0_0_0_0_0_0_0_0_0_1_0_0_1_1_1_0_1_1_0_1_0_1_1_1_1_0_1_1_1_1_0_0_1_1_1,1,0.0006966666666666667,2.0548046676563263e-5,0.09395973154362416,261.23383084577114
0_0_0_0_0_1_1_0_0_0_0_1_0_0_0_0_0_0_0_0_0_0_0_1_1_1_1_0_1_1_0_0_1_1_1_1_1_1_1_1_0_0_0_1_1_1,1,0.0006966666666666666,3.091206165165233e-5,0.10738255033557047,257.39201449034636
0_0_0_0_0_1_1_0_0_0_0_0_0_0_0_0_0_0_1_1_0_0_1_1_1_1_1_0_1_0_0_0_1_1_1_1_0_1_1_1_0_0_0_1_1_1,1,0.0006966666666666666,0.00011440668201153674,0.0738255033557047,240.2318985652319
0_0_1_0_0_1_1_0_0_0_0_0_1_1_0_0_0_0_0_1_0_0_0_1_1_1_0_0_1_0_0_0_1_1_1_1_0_1_1_1_0_0_0_0_1_1,1,0.0006966666666666666,4.988876515698588e-5,0.15436241610738255,262.0588121320515
0_0_1_0_0_1_1_0_0_0_0_0_0_1_0_0_0_0_1_1_0_0_1_1_1_1_1_0_1_1_0_0_1_1_1_1_0_1_1_1_0_0_0_1_1_1,1,0.0006933333333333335,2.0548046676563267e-5,0.10067114093959731,265.666354219242
0_0_1_1_1_0_0_1_1_1_0_1_1_1_1_1_1_1_1_1_0_0_1_0_1_0_1_0_1_1_0_1_1_1_1_1_1_1_1_1_0_0_0_0_0_0,1,0.0006933333333333335,7.845734863959878e-5,0.10067114093959731,251.91710891161833
0_0_1_1_1_0_0_1_1_1_0_1_1_1_1_0_0_1_0_0_0_0_0_0_1_0_1_0_1_0_0_1_1_1_1_1_1_1_1_1_0_0_0_0_1_1,1,0.0006933333333333332,4.496912521077346e-5,0.09395973154362416,271.4959541062802
1_0_0_0_0_1_1_0_0_0_1_0_0_0_0_1_1_0_1_0_1_1_1_1_0_1_1_1_0_0_1_0_0_0_0_0_0_0_0_0_0_1_1_0_0_0,1,0.00069,4.320493798938575e-5,0.09395973154362416,285.6562826891185
1_0_0_0_0_1_1_0_0_0_1_0_0_0_0_0_0_0_1_1_0_1_1_1_0_1_1_0_0_1_1_0_0_0_0_0_0_0_0_0_0_1_1_1_1_1,1,0.0006833333333333334,7.760297817881874e-5,0.0738255033557047,244.63626215370982
1_1_1_1_1_0_0_1_1_1_1_1_1_1_1_0_0_1_1_1_1_0_1_0_1_0_1_1_1_1_1_1_1_1_1_1_1_1_1_1_1_0_0_1_1_1,1,0.0006833333333333334,2.8674417556808784e-5,0.11409395973154363,313.9857968828557
0_1_1_1_1_0_0_1_1_1_0_1_1_1_1_1_1_1_0_0_1_1_0_0_0_0_0_1_0_0_0_1_0_0_0_0_1_0_0_0_1_1_1_0_0_0,1,0.0006833333333333334,5.249338582674541e-5,0.06711409395973154,224.16741786146176
0_0_1_1_1_0_0_1_1_1_0_1_1_1_1_0_0_1_1_1_0_1_1_0_0_0_1_0_0_1_0_1_0_0_0_0_1_0_0_0_0_1_1_0_1_1,1,0.0006833333333333334,2.0548046676563263e-5,0.09395973154362416,253.27073552425665
0_0_1_1_1_0_0_0_1_1_0_0_1_0_1_0_0_1_1_0_0_0_1_0_1_1_0_0_1_1_0_1_1_1_1_1_0_1_1_1_0_0_0_0_1_1,1,0.0006833333333333332,0.0001049867716534908,0.18791946308724833,339.5928292130048
1_1_1_1_1_0_0_1_1_1_1_0_1_1_1_1_1_1_1_1_1_1_1_0_0_0_0_1_0_0_1_1_0_0_0_0_0_0_0_0_1_1_1_0_0_0,1,0.00068,4.5460605656619504e-5,0.10738255033557047,251.09848654624776
1_1_0_0_0_1_1_0_0_0_1_0_0_0_0_1_1_0_0_1_1_1_0_1_0_1_0_1_0_0_1_0_0_0_0_0_1_0_0_0_1_1_1_0_0_0,1,0.0006766666666666666,4.9216076867444665e-5,0.11409395973154363,288.16226192490035
0_0_1_0_0_1_1_0_0_0_0_0_1_1_0_1_1_0_0_1_0_1_0_1_0_1_0_0_0_0_0_0_0_0_0_0_0_0_0_0_0_1_1_0_0_0,1,0.00067,8.164965809277282e-6,0.1610738255033557,270.45190713101164
0_0_0_0_0_1_1_0_0_0_0_0_0_0_0_0_0_0_1_1_0_1_1_1_0_1_1_0_0_0_0_0_0_0_0_0_0_0_0_0_0_1_1_1_1_1,1,0.00067,6.97614984548545e-5,0.08053691275167785,246.0212981744422
1_0_0_0_0_1_1_0_0_0_1_0_0_0_0_1_1_0_1_1_1_0_1_1_1_1_1_1_1_1_1_0_1_1_1_1_0_1_1_1_0_0_0_0_0_0,1,0.0006633333333333334,7.586537784494029e-5,0.087248322147651,279.08981963329785
1_1_0_0_0_1_1_0_0_0_1_0_0_0_0_1_1_0_0_1_1_0_0_1_1_1_0_1_1_0_1_0_1_1_1_1_1_1_1_1_1_0_0_0_0_0,1,0.00066,5.3541261347363375e-5,0.10738255033557047,292.86354056902
1_0_0_0_0_1_1_0_0_0_1_0_0_0_0_1_1_0_1_1_1_0_1_1_1_1_1_1_1_1_1_0_1_1_1_1_0_1_1_1_0_0_0_1_0_0,1,0.00066,0.0,0.10067114093959731,276.71717171717165
0_0_0_0_0_1_1_0_0_0_0_1_0_0_0_0_0_0_0_0_0_1_0_1_0_1_1_0_0_1_0_0_0_0_0_0_1_0_0_0_0_1_1_1_1_1,1,0.0006566666666666666,8.576453553512405e-5,0.11409395973154363,250.120148856991
1_0_0_0_0_1_1_0_0_0_1_0_0_0_0_0_0_0_1_1_0_0_1_1_1_1_1_0_1_1_1_0_1_1_1_1_0_1_1_1_0_0_0_1_1_1,1,0.0006533333333333333,9.104333522498442e-5,0.06711409395973154,221.19451634550862
0_0_1_1_1_0_0_1_1_1_0_0_1_1_1_1_1_1_0_0_0_0_0_0_1_1_0_0_1_0_0_1_1_1_1_1_0_1_1_1_0_0_0_0_0_0,1,0.0006466666666666667,6.548960901462833e-5,0.18791946308724833,268.5726963670592
1_0_0_0_0_1_1_0_0_0_1_0_0_0_0_1_1_0_1_0_1_1_1_1_0_1_1_1_0_0_1_0_0_0_0_0_0_0_0_0_0_1_1_1_0_0,1,0.0006466666666666666,3.7712361663282534e-5,0.09395973154362416,259.34715821812597
1_0_0_1_1_0_0_1_1_1_1_0_1_0_1_1_1_1_1_0_1_1_1_0_0_0_0_1_0_1_1_1_0_0_0_0_0_0_0_0_0_1_1_0_0_0,1,0.0006466666666666666,2.6246692913372722e-5,0.1342281879194631,265.78691243237364
0_1_1_1_1_0_0_1_1_1_0_1_1_1_1_1_1_1_0_1_0_0_0_0_1_0_1_0_1_1_0_1_1_1_1_1_1_1_1_1_1_0_0_0_0_0,1,0.00064,4.8989794855663556e-5,0.10067114093959731,305.55521346469624
0_0_1_0_0_1_1_0_0_0_0_0_0_1_0_0_0_0_1_1_0_1_1_1_0_1_1_0_0_1_0_0_0_0_0_0_0_0_0_0_0_1_1_1_1_1,1,0.00064,7.118052168020874e-5,0.10738255033557047,275.27083980532257
1_1_1_0_0_1_1_0_0_0_1_0_1_1_0_1_1_0_0_1_1_0_0_1_1_1_0_1_1_0_1_0_1_1_1_1_0_1_1_1_1_0_0_0_0_0,1,0.00064,5.8878405775519e-5,0.14093959731543623,265.82045894615413
0_1_1_0_0_1_1_0_0_0_0_1_0_1_0_0_0_0_0_1_0_1_0_1_0_1_1_0_0_0_0_0_0_0_0_0_1_0_0_0_1_1_1_1_1_1,1,0.0006399999999999999,0.00012027745701779142,0.14093959731543623,257.78139874221966
1_1_0_0_0_1_1_0_0_0_1_0_0_0_0_1_1_0_1_1_1_0_1_1_1_1_0_1_1_1_1_0_1_1_1_1_0_1_1_1_1_0_0_0_0_0,1,0.0006399999999999999,2.8284271247461923e-5,0.087248322147651,255.2979797979798
0_0_1_1_1_0_0_1_1_1_0_1_1_1_1_1_1_1_1_1_0_1_1_0_0_0_1_0_0_1_0_1_0_0_0_0_1_0_0_0_0_1_1_0_0_0,1,0.0006366666666666666,1.6996731711975944e-5,0.09395973154362416,255.3228909680523
0_0_0_1_1_0_0_1_1_1_0_1_0_0_1_0_0_1_1_0_0_1_1_0_0_0_1_0_0_1_0_1_0_0_0_0_1_0_0_0_0_1_1_1_1_1,1,0.0006333333333333334,5.557777333511023e-5,0.14093959731543623,273.15427139812687
1_1_0_0_0_1_1_1_0_0_1_1_0_1_0_1_1_0_0_1_1_1_0_1_0_0_1_1_0_0_1_0_0_0_0_0_1_0_0_0_1_1_1_1_0_0,1,0.0006333333333333333,2.0548046676563263e-5,0.18791946308724833,311.1956804579755
0_1_1_1_1_0_0_1_1_1_0_1_1_1_1_0_0_1_0_0_0_1_0_0_0_0_0_0_0_0_0_1_0_0_0_0_1_0_0_0_1_1_1_1_1_1,1,0.00063,5.099019513592788e-5,0.087248322147651,270.1367700926524
0_1_1_1_1_0_0_1_1_1_0_1_1_1_1_0_0_1_0_0_0_0_0_0_1_0_0_0_1_0_0_1_1_1_1_1_1_1_1_1_1_0_0_1_1_1,1,0.0006266666666666666,4.714045207910318e-5,0.09395973154362416,273.66161616161617
0_0_1_0_0_1_1_0_0_0_0_0_1_1_0_1_1_0_0_1_0_0_0_1_1_1_0_0_1_0_0_0_1_1_1_1_0_1_1_1_0_0_0_0_0_0,1,0.0006266666666666666,5.249338582674541e-5,0.16778523489932887,265.0361247947455
1_1_1_1_1_0_0_1_1_1_1_0_1_1_1_1_1_1_1_1_1_0_1_0_1_0_0_1_1_0_1_1_1_1_1_1_0_1_1_1_1_0_0_0_0_0,1,0.0006266666666666665,2.494438257849296e-5,0.11409395973154363,251.2096774193548
0_0_1_1_1_0_0_1_1_1_0_1_1_1_1_0_0_1_0_0_0_1_0_0_0_0_1_0_0_0_0_1_0_0_0_0_1_0_0_0_0_1_1_1_1_1,1,0.0006266666666666665,9.463379711052262e-5,0.087248322147651,256.2205408434916
0_0_1_1_1_0_0_1_1_1_0_0_1_1_1_0_0_1_0_0_0_1_0_0_0_1_0_0_0_0_0_1_0_0_0_0_0_0_0_0_0_1_1_0_1_1,1,0.0006233333333333334,4.988876515698588e-5,0.18120805369127516,267.87022795763465
0_0_1_1_1_0_0_1_1_1_0_1_1_1_1_0_0_1_0_0_0_0_0_0_1_0_1_0_1_0_0_1_1_1_1_1_1_1_1_1_0_0_0_1_1_1,1,0.0006233333333333333,0.00010780641085864152,0.09395973154362416,249.85703973203974
0_0_1_0_0_1_1_0_0_0_0_1_1_1_0_0_0_0_1_1_0_0_1_1_1_1_1_0_1_1_0_0_1_1_1_1_0_1_1_1_0_0_0_1_1_1,1,0.0006233333333333333,6.18241233033047e-5,0.15436241610738255,310.51498005776756
0_1_1_0_0_1_1_0_0_0_0_0_1_1_0_0_0_0_0_1_0_1_0_1_0_1_0_0_0_0_0_0_0_0_0_0_0_0_0_0_1_1_1_1_1_1,1,0.00062,9.41629792788369e-5,0.14093959731543623,266.41175450010843
1_1_0_1_1_0_0_1_1_1_1_1_1_0_1_1_1_1_0_0_1_0_0_0_1_0_0_1_1_0_1_1_1_1_1_1_1_1_1_1_1_0_0_0_0_0,1,0.00062,3.559026084010438e-5,0.10738255033557047,263.5185841205578
0_1_0_0_0_1_1_0_0_0_0_0_0_1_0_0_0_0_0_1_0_1_0_1_0_1_0_0_0_0_0_0_0_0_0_0_1_0_0_0_1_1_1_1_1_1,1,0.0006166666666666667,7.1336448530109e-5,0.11409395973154363,263.903346804162
0_0_1_1_1_0_0_1_1_1_0_0_1_1_1_1_1_1_0_0_0_1_0_0_0_1_0_0_0_0_0_1_0_0_0_0_0_0_0_0_0_1_1_0_0_0,1,0.0006133333333333334,9.46337971105226e-5,0.18120805369127516,272.135788449059
1_1_0_0_0_1_1_0_0_0_1_0_0_0_0_1_1_0_1_1_1_1_1_1_0_1_0_1_0_1_1_0_0_0_0_0_0_0_0_0_1_1_1_0_0_0,1,0.0006133333333333334,5.734883511361753e-5,0.09395973154362416,262.96436854311617
1_0_0_0_0_1_1_0_0_0_1_0_0_0_0_0_0_0_1_0_1_1_1_1_0_1_0_1_0_0_1_0_0_0_0_0_0_0_0_0_0_1_1_1_1_1,1,0.0006133333333333332,2.6246692913372692e-5,0.10067114093959731,285.72403302911783
0_0_0_1_1_0_0_1_1_1_0_1_0_0_1_0_0_1_1_0_0_0_1_0_1_0_1_0_1_1_0_1_1_1_1_1_1_1_1_1_0_0_0_1_1_1,1,0.0006133333333333332,6.18241233033047e-5,0.1342281879194631,248.57717569786533
0_1_0_0_0_1_1_0_0_0_0_0_0_1_0_0_0_0_0_1_0_0_0_1_1_1_0_0_1_0_0_0_1_1_1_1_1_1_1_1_1_0_0_1_1_1,1,0.00061,2.1602468994692875e-5,0.10738255033557047,248.90642748262326
1_0_1_1_1_0_0_1_1_1_1_0_1_1_1_1_1_1_1_0_1_1_1_0_0_1_0_1_0_1_1_1_0_0_0_0_0_0_0_0_0_1_1_0_0_0,1,0.00061,2.44948974278318e-5,0.1476510067114094,266.4760575654796
1_1_0_1_1_0_0_1_1_1_1_1_1_0_1_1_1_1_0_0_1_1_0_0_0_0_0_1_0_0_1_1_0_0_0_0_1_0_0_0_1_1_1_0_0_0,1,0.0006066666666666666,4.109609335312653e-5,0.10067114093959731,260.33874458874465
0_0_1_0_0_1_1_0_0_0_0_0_1_1_0_1_1_0_1_0_0_0_1_1_1_1_0_0_1_1_0_0_1_1_1_1_0_1_1_1_0_0_0_0_0_0,1,0.0006033333333333333,0.0001049867716534908,0.1610738255033557,271.92061794414735
1_1_0_0_0_1_1_0_0_0_1_0_0_0_0_1_1_0_1_1_1_1_1_1_0_1_0_1_0_1_1_0_0_0_0_0_0_0_0_0_1_1_1_1_0_0,1,0.0006,0.00011343133018115701,0.09395973154362416,253.46392215470738
0_1_0_0_0_1_1_0_0_0_0_1_0_0_0_0_0_0_0_1_0_0_0_1_1_0_1_0_1_0_0_0_1_1_1_1_1_1_1_1_1_0_0_1_1_1,1,0.0005966666666666667,4.642796092394705e-5,0.1476510067114094,268.47370254266804
0_0_1_1_1_0_0_1_1_1_0_1_1_1_1_0_0_1_0_1_0_1_0_0_0_0_1_0_0_1_0_1_0_0_0_0_1_0_0_0_0_1_1_1_1_1,1,0.0005966666666666667,2.494438257849296e-5,0.087248322147651,251.31902260358996
0_0_1_0_0_1_1_0_0_0_0_1_1_1_0_0_0_0_1_1_0_1_1_1_0_1_1_0_0_1_0_0_0_0_0_0_0_0_0_0_0_1_1_1_1_1,1,0.0005933333333333334,6.128258770283413e-5,0.1476510067114094,305.8297682709447
1_1_0_1_1_0_0_1_1_1_1_1_0_0_1_0_0_1_1_0_1_0_1_0_1_0_1_1_1_1_1_1_1_1_1_1_1_1_1_1_1_0_0_1_1_1,1,0.0005933333333333333,4.496912521077349e-5,0.1610738255033557,274.95702467096254
1_1_0_0_0_1_1_0_0_0_1_1_0_0_0_1_1_0_1_1_1_0_1_1_1_0_1_1_1_1_1_0_1_1_1_1_1_1_1_1_1_0_0_1_0_0,1,0.00059,2.9439202887759518e-5,0.18120805369127516,272.8705984309433
1_1_0_0_0_1_1_1_0_0_1_1_0_1_0_1_1_0_0_1_1_0_0_1_1_0_1_1_1_0_1_0_1_1_1_1_1_1_1_1_1_0_0_0_0_0,1,0.0005899999999999999,4.320493798938575e-5,0.18120805369127516,290.0304236895638
1_1_0_0_0_1_1_0_0_0_1_1_0_0_0_1_0_0_0_0_1_0_0_1_1_0_1_1_1_0_1_0_1_1_1_1_1_1_1_1_1_0_0_1_1_1,1,0.0005899999999999999,7.483314773547883e-5,0.18120805369127516,264.9633398747314
0_1_1_1_1_0_0_1_1_1_0_1_1_1_1_1_1_1_0_1_0_1_0_0_0_0_1_0_0_1_0_1_0_0_0_0_1_0_0_0_1_1_1_0_0_0,1,0.0005866666666666667,1.6996731711975944e-5,0.09395973154362416,291.3926492318983
0_0_1_0_0_1_1_0_0_0_0_0_1_1_0_0_0_0_1_1_0_0_1_1_1_1_0_0_1_0_0_0_1_1_1_1_0_1_1_1_0_0_0_1_1_1,1,0.0005866666666666667,4.642796092394705e-5,0.1476510067114094,279.3225870945169
1_1_0_0_0_1_1_0_0_0_1_1_0_0_0_0_0_0_1_1_1_1_1_1_0_0_1_1_0_1_1_0_0_0_0_0_1_0_0_0_1_1_1_1_1_1,1,0.0005866666666666667,6.236095644623239e-5,0.18791946308724833,291.52630907540566
1_1_1_0_0_1_1_0_0_0_1_0_1_1_0_1_1_0_0_1_1_1_0_1_0_1_0_1_0_0_1_0_0_0_0_0_0_0_0_0_1_1_1_0_0_0,1,0.0005833333333333333,5.906681715556451e-5,0.1342281879194631,269.4585424133811
1_1_0_0_0_1_1_0_0_0_1_0_0_0_0_1_1_0_0_1_1_0_0_1_1_1_0_1_1_0_1_0_1_1_1_1_1_1_1_1_1_0_0_1_0_0,1,0.0005833333333333333,8.178562764256866e-5,0.12080536912751678,320.46276075788774
0_1_1_1_1_0_0_1_1_1_0_1_1_1_1_0_0_1_0_1_0_1_0_0_0_0_0_0_0_1_0_1_0_0_0_0_1_0_0_0_1_1_1_0_1_1,1,0.0005833333333333333,3.2998316455372254e-5,0.10067114093959731,262.9563492063492
0_0_1_0_0_1_1_0_0_0_0_0_1_1_0_1_1_0_1_0_0_1_1_1_0_1_0_0_0_1_0_0_0_0_0_0_0_0_0_0_0_1_1_0_0_0,1,0.0005800000000000001,2.943920288775948e-5,0.15436241610738255,277.8322443449778
1_1_0_1_1_0_0_1_1_1_1_1_0_0_1_0_0_1_1_0_1_1_1_0_0_0_1_1_0_1_1_1_0_0_0_0_1_0_0_0_1_1_1_1_1_1,1,0.00058,4.320493798938576e-5,0.16778523489932887,263.82302689594354
0_0_1_1_1_0_0_1_1_1_0_0_1_1_1_0_0_1_1_1_0_1_1_0_0_1_0_0_0_0_0_1_0_0_0_0_0_0_0_0_0_1_1_1_1_1,1,0.0005799999999999999,4.320493798938575e-5,0.15436241610738255,234.508547008547
1_0_0_0_0_1_1_0_0_0_1_0_0_0_0_1_1_0_1_1_1_1_1_1_0_1_1_1_0_1_1_0_0_0_0_0_0_0_0_0_0_1_1_0_0_0,1,0.0005799999999999999,5.3541261347363375e-5,0.09395973154362416,288.3218623481781
0_1_1_1_1_0_0_1_1_1_0_1_1_1_1_0_0_1_0_1_0_0_0_0_1_0_0_0_1_1_0_1_1_1_1_1_1_1_1_1_1_0_0_0_1_1,1,0.0005799999999999999,3.559026084010437e-5,0.09395973154362416,263.3521497061553
0_0_1_1_1_0_0_1_1_1_0_1_1_1_1_0_0_1_1_0_0_1_1_0_0_0_1_0_0_1_0_1_0_0_0_0_0_0_0_0_0_1_1_0_1_1,1,0.0005766666666666666,3.299831645537221e-5,0.12080536912751678,309.0973401245048
1_1_0_1_1_0_0_1_1_1_1_1_0_0_1_1_1_1_0_0_1_0_0_0_1_0_1_1_1_1_1_1_1_1_1_1_1_1_1_1_1_0_0_0_0_0,1,0.0005766666666666666,3.39934634239519e-5,0.14093959731543623,270.2040748565727
1_0_0_1_1_0_0_1_1_1_1_1_0_0_1_1_1_1_1_0_1_0_1_0_1_0_1_1_1_1_1_1_1_1_1_1_1_1_1_1_0_0_0_0_0_0,1,0.0005733333333333334,6.944222218666553e-5,0.14093959731543623,273.8200609154663
0_1_1_1_1_0_0_1_1_1_0_0_1_1_1_0_0_1_0_1_0_1_0_0_0_1_0_0_0_0_0_1_0_0_0_0_0_0_0_0_1_1_1_1_1_1,1,0.0005733333333333334,5.734883511361753e-5,0.15436241610738255,257.86954022988505
1_1_0_0_0_1_1_1_0_0_1_1_0_1_0_1_1_0_0_1_1_1_0_1_0_0_1_1_0_0_1_0_0_0_0_0_1_0_0_0_1_1_1_0_0_0,1,0.0005733333333333334,6.236095644623239e-5,0.18791946308724833,312.96984895653173
0_1_1_0_0_1_1_0_0_0_0_1_0_1_0_0_0_0_0_1_0_0_0_1_1_1_1_0_1_0_0_0_1_1_1_1_1_1_1_1_1_0_0_1_1_1,1,0.0005733333333333334,5.312459150169744e-5,0.1342281879194631,261.4782206742346
1_1_0_1_1_0_0_1_1_1_1_1_0_0_1_0_0_1_0_1_1_1_0_0_0_0_1_1_0_0_1_1_0_0_0_0_1_0_0_0_1_1_1_1_1_1,1,0.0005733333333333334,7.760297817881878e-5,0.1610738255033557,277.2992493671991
0_1_0_0_0_1_1_0_0_0_0_1_0_0_0_0_0_0_0_1_0_1_0_1_0_0_1_0_0_0_0_0_0_0_0_0_1_0_0_0_1_1_1_1_1_1,1,0.0005733333333333334,3.39934634239519e-5,0.15436241610738255,274.09313307162773
1_1_0_1_1_0_0_1_1_1_1_0_0_0_1_1_1_1_0_0_1_0_0_0_1_0_0_1_1_0_1_1_1_1_1_1_1_1_1_1_1_0_0_0_0_0,1,0.0005699999999999999,2.943920288775948e-5,0.1476510067114094,306.84238297626274
1_1_0_0_0_1_1_0_0_0_1_1_0_0_0_0_0_0_1_1_1_0_1_1_1_0_1_1_1_1_1_0_1_1_1_1_1_1_1_1_1_0_0_1_1_1,1,0.0005633333333333333,5.312459150169744e-5,0.18120805369127516,283.7378306878307
0_0_1_1_1_0_0_0_1_1_0_0_1_0_1_0_0_1_1_0_0_1_1_0_0_1_0_0_0_1_0_1_0_0_0_0_0_0_0_0_0_1_1_1_1_1,1,0.0005633333333333333,6.34209919681348e-5,0.18120805369127516,290.05337132003797
0_0_1_1_1_0_0_1_1_1_0_0_1_1_1_0_1_1_1_1_0_1_1_0_0_1_0_0_0_1_0_1_0_0_0_0_0_0_0_0_0_1_1_0_0_0,1,0.0005600000000000001,2.1602468994692875e-5,0.18120805369127516,281.1722117597824
0_0_1_1_1_0_0_0_1_1_0_0_1_0_1_0_0_1_1_0_0_1_1_0_0_1_0_0_0_1_0_1_0_0_0_0_0_0_0_0_0_1_1_0_1_1,1,0.0005599999999999998,3.265986323710904e-5,0.19463087248322147,321.4004884004884
1_0_0_0_0_1_1_0_0_0_1_0_0_0_0_0_0_0_1_1_0_0_1_1_1_1_0_0_1_0_1_0_1_1_1_1_0_1_1_1_0_0_0_1_1_1,1,0.0005566666666666667,3.681787005729083e-5,0.06711409395973154,224.72525676937445
0_0_1_1_1_0_0_1_1_1_0_1_1_1_1_0_0_1_0_1_0_0_0_0_1_0_1_0_1_0_0_1_1_1_1_1_0_1_1_1_0_0_0_1_1_1,1,0.0005533333333333333,6.64997911442e-5,0.12080536912751678,258.4635023416327
0_0_1_1_1_0_0_1_1_1_0_1_1_1_1_0_0_1_0_1_0_0_0_0_1_0_1_0_1_1_0_1_1_1_1_1_1_1_1_1_0_0_0_1_1_1,1,0.0005533333333333333,5.249338582674539e-5,0.09395973154362416,257.14703065134097
0_1_1_1_1_0_0_1_1_1_0_1_1_1_1_1_1_1_0_0_1_1_0_0_0_0_1_1_0_1_0_1_0_0_0_0_1_0_0_0_1_1_1_0_0_0,1,0.0005533333333333333,7.133644853010898e-5,0.06711409395973154,235.97732220609578
0_1_1_1_1_0_0_1_1_1_0_1_1_1_1_1_1_1_0_0_1_0_0_0_1_0_0_1_1_0_0_1_1_1_1_1_1_1_1_1_1_0_0_0_0_0,1,0.00055,7.788880963698615e-5,0.0738255033557047,237.6472892187178
1_1_0_1_1_0_0_1_1_1_1_0_0_0_1_1_1_1_0_0_1_1_0_0_0_0_0_1_0_0_1_1_0_0_0_0_1_0_0_0_1_1_1_0_0_0,1,0.0005466666666666667,4.6427960923947056e-5,0.15436241610738255,300.61565109805133
0_0_1_1_1_0_0_1_1_1_0_1_1_1_1_0_0_1_1_0_0_0_1_0_1_0_1_0_1_1_0_1_1_1_1_1_0_1_1_1_0_0_0_1_1_1,1,0.0005466666666666667,4.0276819911981915e-5,0.11409395973154363,294.9635583210901
1_1_0_0_0_1_1_0_0_0_1_0_0_0_0_1_1_0_1_0_1_1_1_1_0_1_0_1_0_1_1_0_0_0_0_0_1_0_0_0_1_1_1_1_0_0,1,0.00054,0.00010424330514074595,0.12080536912751678,266.6469068247454
1_0_1_1_1_0_0_1_1_1_1_1_1_0_1_1_1_1_1_0_1_1_1_0_0_0_1_1_0_1_1_1_0_0_0_0_0_0_0_0_0_1_1_0_0_0,1,0.00054,8.164965809277282e-6,0.10738255033557047,265.0646930521145
1_1_0_0_0_1_1_0_0_0_1_0_0_0_0_1_1_0_0_1_1_0_0_1_1_1_0_1_1_0_1_0_1_1_1_1_0_1_1_1_1_0_0_0_0_0,1,0.00054,4.082482904638632e-5,0.087248322147651,240.09277408389596
0_0_1_1_1_0_0_1_1_1_0_0_1_1_1_0_0_1_1_1_0_0_1_0_1_1_0_0_1_0_0_1_1_1_1_1_0_1_1_1_0_0_0_0_1_1,1,0.00054,8.286535263104035e-5,0.1610738255033557,230.12250712250713
0_0_1_1_1_0_0_1_1_1_0_1_1_1_1_0_0_1_1_0_0_0_1_0_1_0_1_0_1_1_0_1_1_1_1_1_1_1_1_1_0_0_0_0_1_1,1,0.0005366666666666667,9.463379711052261e-5,0.09395973154362416,244.5325798232775
0_0_1_1_1_0_0_1_1_1_0_1_1_1_1_0_0_1_1_0_0_1_1_0_0_0_1_0_0_1_0_1_0_0_0_0_1_0_0_0_0_1_1_1_1_1,1,0.0005366666666666666,7.363574011458176e-5,0.087248322147651,242.74193870420285
1_1_1_1_1_0_0_1_1_1_1_1_1_1_1_0_0_1_0_1_1_0_0_0_1_0_1_1_1_0_1_1_1_1_1_1_1_1_1_1_1_0_0_0_1_1,1,0.0005333333333333333,4.7140452079103295e-6,0.10067114093959731,272.09760074539946
0_0_0_0_0_1_1_0_0_0_0_0_0_0_0_1_1_0_1_0_0_1_1_1_0_1_0_0_0_1_0_0_0_0_0_0_0_0_0_0_0_1_1_1_0_0,1,0.00053,7.118052168020876e-5,0.10067114093959731,267.5167655714768
1_0_0_0_0_1_1_0_0_0_1_1_0_0_0_0_0_0_1_0_0_1_1_1_0_1_1_0_0_1_1_0_0_0_0_0_1_0_0_0_0_1_1_1_1_1,1,0.00053,3.741657386773943e-5,0.10738255033557047,248.82923726519786
1_1_0_0_0_1_1_0_0_0_1_0_0_0_0_1_1_0_1_0_1_0_1_1_1_1_0_1_1_1_1_0_1_1_1_1_1_1_1_1_1_0_0_0_0_0,1,0.0005266666666666667,6.798692684790379e-5,0.11409395973154363,247.57540906965872
1_0_0_1_1_0_0_1_1_1_1_1_0_0_1_1_1_1_1_0_1_1_1_0_0_0_1_1_0_1_1_1_0_0_0_0_1_0_0_0_0_1_1_0_0_0,1,0.0005266666666666667,2.0548046676563263e-5,0.1476510067114094,265.3190394511149
1_1_0_1_1_0_0_1_1_1_1_1_0_0_1_0_0_1_0_1_1_0_0_0_1_0_1_1_1_0_1_1_1_1_1_1_1_1_1_1_1_0_0_1_1_1,1,0.0005266666666666667,2.6246692913372722e-5,0.15436241610738255,266.4798094321904
0_1_1_1_1_0_0_1_1_1_0_1_1_1_1_0_0_1_0_0_0_0_0_0_1_0_1_0_1_1_0_1_1_1_1_1_1_1_1_1_1_0_0_0_1_1,1,0.0005266666666666666,3.299831645537221e-5,0.09395973154362416,255.06802721088434
1_1_0_0_0_1_1_0_0_0_1_1_0_0_0_1_0_0_0_0_1_1_0_1_0_0_1_1_0_0_1_0_0_0_0_0_1_0_0_0_1_1_1_1_1_1,1,0.0005266666666666666,5.7927157323275903e-5,0.18791946308724833,282.97781962753714
1_1_0_0_0_1_1_1_0_0_1_1_0_1_0_1_1_0_0_1_1_0_0_1_1_0_1_1_1_0_1_0_1_1_1_1_1_1_1_1_1_0_0_1_0_0,1,0.0005266666666666666,6.236095644623233e-5,0.19463087248322147,333.2416064548889
0_1_1_0_0_1_1_0_0_0_0_0_1_1_0_0_0_0_0_1_0_0_0_1_1_1_0_0_1_0_0_0_1_1_1_1_0_1_1_1_1_0_0_1_1_1,1,0.0005200000000000001,2.44948974278318e-5,0.1476510067114094,272.367513438942
0_0_1_1_1_0_0_0_1_1_0_0_1_0_1_0_0_1_1_0_0_0_1_0_1_1_0_0_1_1_0_1_1_1_1_1_0_1_1_1_0_0_0_1_1_1,1,0.00052,8.602325267042626e-5,0.18791946308724833,313.9807033924681
1_1_0_0_0_1_1_0_0_0_1_0_0_0_0_0_0_0_0_1_1_1_0_1_0_1_0_1_0_0_1_0_0_0_0_0_1_0_0_0_1_1_1_1_1_1,1,0.00052,3.7416573867739396e-5,0.12751677852348994,308.8762039903681
0_0_1_0_0_1_1_0_0_0_0_0_1_1_0_0_0_0_0_1_0_1_0_1_0_1_0_0_0_0_0_0_0_0_0_0_0_0_0_0_0_1_1_0_1_1,1,0.00052,5.887840577551895e-5,0.1610738255033557,257.3816425120773
1_1_0_1_1_0_0_1_1_1_1_1_0_0_1_1_1_1_1_0_1_0_1_0_1_0_1_1_1_1_1_1_1_1_1_1_1_1_1_1_1_0_0_1_0_0,1,0.0005166666666666667,4.4969125210773454e-5,0.1610738255033557,257.0310391363023
0_0_1_0_0_1_1_0_0_0_0_0_1_1_0_0_0_0_1_1_0_1_1_1_0_1_0_0_0_0_0_0_0_0_0_0_0_0_0_0_0_1_1_1_1_1,1,0.0005133333333333334,7.542472332656507e-5,0.14093959731543623,249.79663394109397
0_1_1_1_1_0_0_1_1_1_0_0_1_1_1_1_1_1_0_1_1_1_0_0_0_0_0_1_0_0_0_1_0_0_0_0_0_0_0_0_1_1_1_0_0_0,1,0.0005133333333333334,0.00011440668201153675,0.10067114093959731,251.04573804573806
0_0_0_0_0_1_1_0_0_0_0_0_0_0_0_1_1_0_1_0_0_0_1_1_1_1_1_0_1_1_0_0_1_1_1_1_0_1_1_1_0_0_0_0_0_0,1,0.0005133333333333333,8.219218670625301e-5,0.10067114093959731,283.19078341013824
0_0_1_1_1_0_0_1_1_1_0_0_1_1_1_0_1_1_1_1_0_0_1_0_1_1_0_0_1_1_0_1_1_1_1_1_0_1_1_1_0_0_0_0_0_0,1,0.0005066666666666667,9.428090415820608e-6,0.18791946308724833,278.70512820512823
0_0_1_1_1_0_0_1_1_1_0_1_1_1_1_1_1_1_0_0_0_1_0_0_0_0_1_0_0_0_0_1_0_0_0_0_1_0_0_0_0_1_1_0_0_0,1,0.0005033333333333334,0.00010370899457402697,0.10067114093959731,249.20453190220633
0_1_1_1_1_0_0_1_1_1_0_0_1_1_1_1_1_1_0_1_1_0_0_0_1_0_0_1_1_0_0_1_1_1_1_1_0_1_1_1_1_0_0_0_0_0,1,0.0005033333333333334,4.189935029992176e-5,0.10738255033557047,243.26456669624372
1_1_0_0_0_1_1_0_0_0_1_1_0_0_0_1_1_0_0_0_1_1_0_1_0_0_1_1_0_1_1_0_0_0_0_0_1_0_0_0_1_1_1_1_0_0,1,0.0005033333333333334,7.586537784494028e-5,0.1610738255033557,247.05595315549772
1_0_0_0_0_1_1_0_0_0_1_1_0_0_0_1_1_0_1_0_1_1_1_1_0_0_1_1_0_1_1_0_0_0_0_0_1_0_0_0_0_1_1_1_0_0,1,0.0005033333333333334,6.128258770283413e-5,0.1610738255033557,242.36059936133628
0_1_1_1_1_0_0_1_1_1_0_0_1_1_1_0_0_1_0_1_0_0_0_0_1_1_0_0_1_0_0_1_1_1_1_1_0_1_1_1_1_0_0_0_1_1,1,0.0005,4.5460605656619504e-5,0.1610738255033557,255.62037037037035
1_1_1_1_1_0_0_1_1_1_1_1_1_1_1_0_0_1_0_1_1_1_0_0_0_0_1_1_0_0_1_1_0_0_0_0_1_0_0_0_1_1_1_0_1_1,1,0.0005,7.118052168020872e-5,0.10738255033557047,252.43253968253967
1_0_0_1_1_0_0_1_1_1_1_0_1_0_1_1_1_1_1_0_1_0_1_0_1_0_0_1_1_1_1_1_1_1_1_1_0_1_1_1_0_0_0_0_0_0,1,0.0005,3.559026084010439e-5,0.14093959731543623,265.74186009026437
1_0_0_0_0_1_1_0_0_0_1_0_0_0_0_1_1_0_1_1_1_1_1_1_0_1_0_1_0_0_1_0_0_0_0_0_0_0_0_0_0_1_1_1_0_0,1,0.0005,2.943920288775948e-5,0.09395973154362416,260.14243433222344
1_1_0_0_0_1_1_0_0_0_1_1_0_0_0_1_1_0_0_0_1_0_0_1_1_0_1_1_1_1_1_0_1_1_1_1_1_1_1_1_1_0_0_0_0_0,1,0.0004966666666666666,2.0548046676563246e-5,0.15436241610738255,239.1001091107474
1_0_0_0_0_1_1_0_0_0_1_1_0_0_0_0_0_0_1_0_0_0_1_1_1_1_1_0_1_1_1_0_1_1_1_1_1_1_1_1_0_0_0_1_1_1,1,0.0004966666666666666,4.109609335312653e-5,0.10067114093959731,250.92626949769806
0_0_1_1_1_0_0_1_1_1_0_1_1_1_1_0_0_1_0_1_0_1_0_0_0_0_1_0_0_0_0_1_0_0_0_0_0_0_0_0_0_1_1_1_1_1,1,0.0004966666666666666,7.586537784494028e-5,0.11409395973154363,269.97761497761496
0_0_1_1_1_0_0_1_1_1_0_0_1_1_1_0_0_1_1_1_0_0_1_0_1_1_0_0_1_0_0_1_1_1_1_1_0_1_1_1_0_0_0_1_1_1,1,0.0004966666666666666,3.7712361663282554e-5,0.1610738255033557,243.86073500967117
1_0_0_0_0_1_1_0_0_0_1_0_0_0_0_1_1_0_1_1_1_0_1_1_1_1_0_1_1_0_1_0_1_1_1_1_0_1_1_1_0_0_0_1_0_0,1,0.0004966666666666666,6.0184900284225965e-5,0.10067114093959731,253.7566975699771
1_0_0_0_0_1_1_0_0_0_1_0_0_0_0_0_0_0_1_0_1_0_1_1_1_1_0_1_1_0_1_0_1_1_1_1_0_1_1_1_0_0_0_1_1_1,1,0.0004933333333333334,4.78423336480244e-5,0.09395973154362416,292.34810874704493
0_0_1_1_1_0_0_1_1_1_0_1_1_1_1_0_0_1_1_0_0_0_1_0_1_0_1_0_1_1_0_1_1_1_1_1_1_1_1_1_0_0_0_1_1_1,1,0.0004933333333333334,2.62466929133727e-5,0.09395973154362416,244.399867300058
1_0_0_0_0_1_1_0_0_0_1_0_0_0_0_1_1_0_1_1_1_0_1_1_1_1_0_1_1_0_1_0_1_1_1_1_0_1_1_1_0_0_0_0_0_0,1,0.0004933333333333334,2.8674417556808744e-5,0.087248322147651,264.8628294632045
1_1_0_0_0_1_1_0_0_0_1_0_0_0_0_1_1_0_1_0_1_1_1_1_0_1_0_1_0_0_1_0_0_0_0_0_0_0_0_0_1_1_1_0_0_0,1,0.0004933333333333334,2.0548046676563243e-5,0.09395973154362416,247.6106694723716
1_1_0_0_0_1_1_0_0_0_1_0_0_0_0_1_1_0_0_1_1_1_0_1_0_1_0_1_0_0_1_0_0_0_0_0_0_0_0_0_1_1_1_0_0_0,1,0.00049,3.5590260840104354e-5,0.09395973154362416,245.2690936514466
1_0_1_1_1_0_0_1_1_1_1_1_1_0_1_1_1_1_1_0_1_0_1_0_1_0_1_1_1_1_1_1_1_1_1_1_0_1_1_1_0_0_0_0_0_0,1,0.00049,5.715476066494082e-5,0.11409395973154363,252.71935005674843
1_0_0_0_0_1_1_0_0_0_1_0_0_0_0_1_1_0_1_0_1_0_1_1_1_1_1_1_1_0_1_0_1_1_1_1_0_1_1_1_0_0_0_1_0_0,1,0.00049,1.632993161855454e-5,0.10067114093959731,252.71087158267562
0_1_1_1_1_0_0_1_1_1_0_1_1_0_1_0_0_1_0_0_0_0_0_0_1_0_1_0_1_0_0_1_1_1_1_1_1_1_1_1_1_0_0_0_1_1,1,0.0004866666666666667,6.018490028422595e-5,0.10738255033557047,260.3602492919187
1_1_0_0_0_1_1_0_0_0_1_1_0_0_0_1_1_0_0_0_1_1_0_1_0_0_1_1_0_1_1_0_0_0_0_0_1_0_0_0_1_1_1_0_0_0,1,0.00048666666666666666,1.8856180831641267e-5,0.1610738255033557,254.40579710144925
1_0_0_1_1_0_0_1_1_1_1_1_0_0_1_1_1_1_1_0_1_1_1_0_0_0_1_1_0_1_1_1_0_0_0_0_1_0_0_0_0_1_1_1_0_0,1,0.0004833333333333334,2.0548046676563263e-5,0.1476510067114094,284.66201335606706
0_0_0_0_0_1_1_0_0_0_0_0_0_0_0_1_1_0_1_0_0_0_1_1_1_1_0_0_1_1_0_0_1_1_1_1_0_1_1_1_0_0_0_1_0_0,1,0.0004833333333333333,8.730533902472528e-5,0.10738255033557047,269.2647714604236
1_1_0_0_0_1_1_0_0_0_1_0_0_0_0_0_0_0_1_1_1_1_1_1_0_1_0_1_0_1_1_0_0_0_0_0_0_0_0_0_1_1_1_1_1_1,1,0.0004833333333333333,6.54896090146283e-5,0.10738255033557047,245.92857142857142
0_0_1_1_1_0_0_0_1_1_0_0_1_0_1_1_1_1_1_0_0_0_1_0_1_1_0_0_1_1_0_1_1_1_1_1_0_1_1_1_0_0_0_0_0_0,1,0.0004833333333333333,2.6246692913372678e-5,0.20134228187919462,300.76976446310397
0_1_1_1_1_0_0_1_1_1_0_1_1_1_1_1_1_1_0_0_1_0_0_0_1_0_1_1_1_1_0_1_1_1_1_1_1_1_1_1_1_0_0_0_0_0,1,0.00048,2.9439202887759494e-5,0.0738255033557047,251.39179914390002
1_0_0_0_0_1_1_0_0_0_1_1_0_0_0_1_1_0_1_0_1_0_1_1_1_0_1_1_1_1_1_0_1_1_1_1_1_1_1_1_0_0_0_1_0_0,1,0.0004766666666666667,1.699673171197595e-5,0.16778523489932887,262.35189639222943
0_0_1_1_1_0_0_1_1_1_0_1_1_1_1_1_1_1_0_0_0_0_0_0_1_0_1_0_1_0_0_1_1_1_1_1_1_1_1_1_0_0_0_0_0_0,1,0.00047666666666666663,7.930251502246879e-5,0.10738255033557047,261.0469111969112
0_1_1_1_1_0_0_1_1_1_0_0_1_1_1_0_0_1_0_1_0_1_0_0_0_1_0_0_0_0_0_1_0_0_0_0_0_0_0_0_1_1_1_0_1_1,1,0.00047666666666666663,1.8856180831641267e-5,0.16778523489932887,247.63945578231292
1_1_0_0_0_1_1_0_0_0_1_1_0_0_0_1_1_0_0_0_0_1_0_1_0_1_1_0_0_0_1_0_0_0_0_0_1_0_0_0_1_1_1_0_0_0,1,0.00047333333333333336,7.542472332656507e-5,0.15436241610738255,280.79912424740013
1_1_0_0_0_1_1_0_0_0_1_0_0_0_0_0_0_0_1_1_1_0_1_1_1_1_0_1_1_1_1_0_1_1_1_1_0_1_1_1_1_0_0_1_1_1,1,0.00047333333333333336,3.8586123009300757e-5,0.10067114093959731,254.3604108309991
0_1_1_1_1_0_0_1_1_1_0_1_1_1_1_1_1_1_0_0_0_1_0_0_0_0_0_0_0_0_0_1_0_0_0_0_1_0_0_0_1_1_1_0_0_0,1,0.00047,2.8284271247461923e-5,0.10067114093959731,315.0806100217865
0_1_1_1_1_0_0_1_1_1_0_1_1_1_1_1_1_1_0_0_0_0_0_0_1_0_0_0_1_0_0_1_1_1_1_1_1_1_1_1_1_0_0_0_0_0,1,0.00047,2.82842712474619e-5,0.10738255033557047,291.8050941306755
1_1_0_0_0_1_1_0_0_0_1_0_0_0_0_1_1_0_1_0_1_1_1_1_0_1_0_1_0_1_1_0_0_0_0_0_1_0_0_0_1_1_1_0_0_0,1,0.00047,8.831760866327847e-5,0.12080536912751678,280.98342929743467
0_0_1_1_1_0_0_1_1_1_0_1_1_1_1_0_0_1_0_0_0_1_0_0_0_0_1_0_0_0_0_1_0_0_0_0_1_0_0_0_0_1_1_0_1_1,1,0.00046666666666666666,3.2998316455372233e-5,0.10067114093959731,254.48052763403982
0_1_1_0_0_1_1_0_0_0_0_0_0_1_0_0_0_0_0_1_0_1_0_1_0_1_0_0_0_0_0_0_0_0_0_0_0_0_0_0_1_1_1_1_1_1,1,0.00046666666666666666,0.00010143416036468624,0.10738255033557047,244.21749334454253
0_0_1_1_1_0_0_1_1_1_0_1_1_1_1_0_0_1_0_1_0_0_0_0_1_0_1_0_1_0_0_1_1_1_1_1_0_1_1_1_0_0_0_0_1_1,1,0.0004633333333333334,4.78423336480244e-5,0.12080536912751678,275.7746603501321
1_0_1_1_1_0_0_1_1_1_1_0_1_1_1_0_0_1_1_1_0_0_1_0_1_1_0_0_1_1_1_1_1_1_1_1_0_1_1_1_0_0_0_0_1_1,1,0.0004633333333333334,6.944222218666553e-5,0.15436241610738255,225.6087649954927
0_1_0_1_1_0_0_1_1_1_0_1_0_0_1_1_1_1_0_0_1_1_0_0_0_0_1_1_0_0_0_1_0_0_0_0_1_0_0_0_1_1_1_0_0_0,1,0.00046333333333333334,4.4969125210773454e-5,0.14093959731543623,255.2729287326318
1_0_1_1_1_0_0_1_1_1_1_1_1_0_1_1_1_1_1_0_1_0_1_0_1_0_1_1_1_1_1_1_1_1_1_1_1_1_1_1_0_0_0_0_0_0,1,0.00046333333333333334,0.00010143416036468624,0.09395973154362416,240.7509317493594
1_1_0_0_0_1_1_0_0_0_1_0_0_0_0_1_1_0_0_1_1_1_0_1_0_1_0_1_0_0_1_0_0_0_0_0_0_0_0_0_1_1_1_1_0_0,1,0.00046333333333333334,7.03957069398096e-5,0.09395973154362416,244.3923089756423
1_1_0_0_0_1_1_0_0_0_1_0_0_0_0_1_1_0_1_0_1_0_1_1_1_1_0_1_1_0_1_0_1_1_1_1_0_1_1_1_1_0_0_0_0_0,1,0.00046333333333333334,2.8674417556808764e-5,0.087248322147651,248.4309403437816
0_1_1_1_1_0_0_1_1_1_0_1_1_1_1_0_0_1_0_0_0_0_0_0_1_0_1_0_1_1_0_1_1_1_1_1_1_1_1_1_1_0_0_1_1_1,1,0.00046333333333333334,0.0001302134998974974,0.09395973154362416,252.32270491042422
1_0_1_1_1_0_0_1_1_1_1_0_1_1_1_1_1_1_1_0_1_0_1_0_1_1_0_1_1_1_1_1_1_1_1_1_0_1_1_1_0_0_0_0_0_0,1,0.00046333333333333334,8.653836657164778e-5,0.15436241610738255,272.70238095238096
1_1_0_1_1_0_0_1_1_1_1_1_0_0_1_1_1_1_0_0_1_1_0_0_0_0_1_1_0_1_1_1_0_0_0_0_1_0_0_0_1_1_1_0_0_0,1,0.00046000000000000007,1.4142135623730961e-5,0.1476510067114094,258.5462962962963
1_0_0_0_0_1_1_0_0_0_1_0_0_0_0_0_0_0_1_0_1_1_1_1_0_1_1_1_0_0_1_0_0_0_0_0_0_0_0_0_0_1_1_1_1_1,1,0.00046000000000000007,8.16496580927726e-6,0.10738255033557047,291.43402884845995
1_1_1_1_1_0_0_1_1_1_1_0_1_1_1_1_1_1_1_0_1_1_1_0_0_0_0_1_0_0_1_1_0_0_0_0_0_0_0_0_1_1_1_0_0_0,1,0.00046000000000000007,1.632993161855452e-5,0.11409395973154363,250.20394158981117
0_0_1_1_1_0_0_1_1_1_0_1_1_1_1_1_1_1_1_0_0_0_1_0_1_0_1_0_1_1_0_1_1_1_1_1_0_1_1_1_0_0_0_0_0_0,1,0.00045999999999999996,4.320493798938573e-5,0.12751677852348994,279.99444444444447
1_0_0_0_0_1_1_0_0_0_1_1_0_0_0_1_1_0_1_0_1_0_1_1_1_0_1_1_1_1_1_0_1_1_1_1_1_1_1_1_0_0_0_0_0_0,1,0.0004566666666666667,3.681787005729088e-5,0.15436241610738255,247.44326617179217
0_0_1_0_0_1_1_0_0_0_0_0_1_1_0_0_0_0_1_1_0_0_1_1_1_1_0_0_1_0_0_0_1_1_1_1_0_1_1_1_0_0_0_0_1_1,1,0.0004566666666666667,8.993825042154693e-5,0.1476510067114094,239.46700083542189
0_1_0_1_1_0_0_1_1_1_0_1_0_0_1_1_1_1_0_0_1_0_0_0_1_0_1_1_1_0_0_1_1_1_1_1_1_1_1_1_1_0_0_0_0_0,1,0.0004566666666666667,0.00012119772641798562,0.1342281879194631,275.6004747940232
1_1_0_0_0_1_1_1_0_0_1_1_0_1_0_0_0_0_0_1_1_1_0_1_0_0_1_1_0_0_1_0_0_0_0_0_1_0_0_0_1_1_1_1_1_1,1,0.00045666666666666664,7.40870359029762e-5,0.20134228187919462,314.7176434676435
0_0_0_0_0_1_1_0_0_0_0_0_0_1_0_0_0_0_1_1_0_0_1_1_1_1_0_0_1_0_0_0_1_1_1_1_0_1_1_1_0_0_0_1_1_1,1,0.00045666666666666664,1.699673171197595e-5,0.087248322147651,244.19023569023568
1_1_1_1_1_0_0_1_1_1_1_1_1_0_1_1_1_1_0_0_1_0_0_0_1_0_1_1_1_1_1_1_1_1_1_1_1_1_1_1_1_0_0_0_0_0,1,0.0004533333333333333,4.784233364802439e-5,0.09395973154362416,232.38335733088994
0_0_0_0_0_1_1_0_0_0_0_0_0_0_0_1_1_0_1_0_0_1_1_1_0_1_1_0_0_1_0_0_0_0_0_0_0_0_0_0_0_1_1_0_0_0,1,0.00045000000000000004,2.1602468994692858e-5,0.10738255033557047,287.9984729013406
1_1_0_0_0_1_1_0_0_0_1_0_0_0_0_0_0_0_0_1_1_0_0_1_1_1_0_1_1_0_1_0_1_1_1_1_1_1_1_1_1_0_0_1_1_1,1,0.00044666666666666666,7.03957069398096e-5,0.12080536912751678,285.0269261509572
0_1_1_1_1_0_0_1_1_1_0_1_1_1_1_0_0_1_0_0_0_1_0_0_0_0_1_0_0_1_0_1_0_0_0_0_1_0_0_0_1_1_1_1_1_1,1,0.00044666666666666666,3.0912061651652335e-5,0.087248322147651,248.64921162263352
0_0_1_1_1_0_0_1_1_1_0_1_1_1_1_1_1_1_1_0_0_1_1_0_0_0_1_0_0_1_0_1_0_0_0_0_0_0_0_0_0_1_1_0_0_0,1,0.00044666666666666666,2.494438257849294e-5,0.12080536912751678,294.46338383838383
0_1_0_0_0_1_1_0_0_0_0_0_0_0_0_1_1_0_0_0_1_0_0_1_1_1_0_1_1_0_0_0_1_1_1_1_0_1_1_1_1_0_0_0_0_0,1,0.00044666666666666666,2.494438257849294e-5,0.08053691275167785,268.69859307359303
1_0_0_0_0_1_1_0_0_0_1_1_0_0_0_1_1_0_1_0_1_1_1_1_0_0_1_1_0_1_1_0_0_0_0_0_1_0_0_0_0_1_1_0_0_0,1,0.00044333333333333334,0.00011145502331533657,0.1610738255033557,252.1549707602339
1_1_1_1_1_0_0_1_1_1_1_0_1_0_1_1_1_1_1_0_1_1_1_0_0_0_0_1_0_1_1_1_0_0_0_0_0_0_0_0_1_1_1_0_0_0,1,0.00044333333333333334,2.494438257849294e-5,0.12751677852348994,252.83711007322836
0_1_1_1_1_0_0_1_1_1_0_0_1_1_1_0_0_1_0_1_0_0_0_0_1_1_0_0_1_0_0_1_1_1_1_1_0_1_1_1_1_0_0_1_1_1,1,0.00044333333333333334,0.00010656244908763854,0.1610738255033557,255.29220128307938
1_0_1_0_0_1_1_0_0_0_1_0_1_1_0_0_0_0_1_1_0_0_1_1_1_1_0_0_1_1_1_0_1_1_1_1_0_1_1_1_0_0_0_0_1_1,1,0.00044333333333333334,4.496912521077346e-5,0.14093959731543623,260.6310656961553
1_0_0_0_0_1_1_0_0_0_1_0_0_0_0_0_0_0_1_1_0_1_1_1_0_1_0_0_0_0_1_0_0_0_0_0_0_0_0_0_0_1_1_1_1_1,1,0.00044,2.1602468994692875e-5,0.0738255033557047,215.09940693609835
1_1_0_1_1_0_0_1_1_1_1_1_0_0_1_1_1_1_0_0_1_1_0_0_0_0_1_1_0_1_1_1_0_0_0_0_1_0_0_0_1_1_1_1_0_0,1,0.00044,4.242640687119286e-5,0.1476510067114094,256.2178861788618
1_0_1_1_1_0_0_1_1_1_1_1_1_0_1_1_1_1_1_0_1_1_1_0_0_0_1_1_0_1_1_1_0_0_0_0_1_0_0_0_0_1_1_0_0_0,1,0.00044,4.08248290463863e-5,0.087248322147651,229.20448599020028
1_1_1_1_1_0_0_1_1_1_1_1_1_1_1_0_0_1_0_1_1_1_0_0_0_0_0_1_0_0_1_1_0_0_0_0_1_0_0_0_1_1_1_1_1_1,1,0.00044,6.480740698407859e-5,0.10067114093959731,295.1797579544812
1_0_0_0_0_1_1_0_0_0_1_0_0_1_0_1_1_0_1_1_1_1_1_1_0_1_0_1_0_1_1_0_0_0_0_0_0_0_0_0_0_1_1_1_0_0,1,0.00043666666666666664,4.7140452079103295e-6,0.10738255033557047,257.01726568005637
1_1_1_1_1_0_0_1_1_1_1_1_1_1_1_0_0_1_0_1_1_0_0_0_1_0_0_1_1_0_1_1_1_1_1_1_1_1_1_1_1_0_0_1_1_1,1,0.00043666666666666664,4.642796092394707e-5,0.10738255033557047,275.31477411477414
1_0_0_0_0_1_1_0_0_0_1_0_0_0_0_0_0_0_1_1_1_1_1_1_0_1_1_1_0_1_1_0_0_0_0_0_0_0_0_0_0_1_1_1_1_1,1,0.00043666666666666664,4.988876515698588e-5,0.10738255033557047,283.20880063737206
0_0_0_0_0_1_1_0_0_0_0_1_0_1_0_0_0_0_0_1_0_0_0_1_1_1_1_0_1_0_0_0_1_1_1_1_1_1_1_1_0_0_0_1_1_1,1,0.00043666666666666664,7.930251502246879e-5,0.12751677852348994,241.76970372622546
0_1_0_0_0_1_1_0_0_0_0_1_0_0_0_1_1_0_0_0_1_1_0_1_0_0_1_1_0_0_0_0_0_0_0_0_1_0_0_0_1_1_1_1_0_0,1,0.00043000000000000004,5.099019513592784e-5,0.15436241610738255,232.68055555555557
1_0_0_0_0_1_1_0_0_0_1_0_0_0_0_0_0_0_1_0_1_0_1_1_1_1_1_1_1_0_1_0_1_1_1_1_0_1_1_1_0_0_0_1_1_1,1,0.00043,4.8989794855663556e-5,0.10067114093959731,282.6213351462521
0_0_1_1_1_0_0_0_1_1_0_0_1_0_1_1_1_1_1_0_0_1_1_0_0_1_0_0_0_1_0_1_0_0_0_0_0_0_0_0_0_1_1_0_0_0,1,0.00043,3.265986323710904e-5,0.19463087248322147,319.393039749299
0_0_1_1_1_0_0_1_1_1_0_0_1_1_1_0_0_1_1_1_1_1_1_0_0_0_0_1_0_1_0_1_0_0_0_0_0_0_0_0_0_1_1_1_1_1,1,0.00043,2.1602468994692875e-5,0.1476510067114094,262.8318099951186
1_1_0_0_0_1_1_0_0_0_1_0_0_0_0_1_1_0_1_1_1_0_1_1_1_1_0_1_1_1_1_0_1_1_1_1_0_1_1_1_1_0_0_1_0_0,1,0.0004266666666666667,2.494438257849294e-5,0.10067114093959731,249.24430641821945
0_1_1_1_1_0_0_1_1_1_0_1_1_1_1_0_0_1_0_0_0_1_0_0_0_0_1_0_0_1_0_1_0_0_0_0_1_0_0_0_1_1_1_0_1_1,1,0.0004266666666666667,9.428090415820634e-6,0.10067114093959731,252.81385281385283
0_1_0_0_0_1_1_0_0_0_0_0_0_0_0_1_1_0_0_0_1_1_0_1_0_1_0_1_0_0_0_0_0_0_0_0_0_0_0_0_1_1_1_0_0_0,1,0.0004266666666666666,9.56846672960488e-5,0.087248322147651,269.9635117204777
1_1_1_1_1_0_0_1_1_1_1_1_1_1_1_0_0_1_0_0_1_1_0_0_0_0_1_1_0_0_1_1_0_0_0_0_1_0_0_0_1_1_1_1_1_1,1,0.0004266666666666666,6.944222218666553e-5,0.10067114093959731,267.30884712251174
0_1_1_0_0_1_1_0_0_0_0_0_1_1_0_0_0_0_0_1_0_0_0_1_1_1_0_0_1_0_0_0_1_1_1_1_0_1_1_1_1_0_0_0_1_1,1,0.00042333333333333334,1.247219128924648e-5,0.1476510067114094,274.14836518495053
1_0_0_0_0_1_1_0_0_0_1_0_0_0_0_0_0_0_1_1_1_0_1_1_1_1_1_1_1_1_1_0_1_1_1_1_0_1_1_1_0_0_0_1_1_1,1,0.00042333333333333334,1.6996731711975944e-5,0.10067114093959731,299.5177942212826
0_1_1_1_1_0_0_1_1_1_0_1_1_1_1_1_1_1_0_0_1_1_0_0_0_0_0_1_0_1_0_1_0_0_0_0_1_0_0_0_1_1_1_0_0_0,1,0.00042333333333333334,8.73053390247253e-5,0.0738255033557047,231.26487093153762
0_1_0_1_1_0_0_1_1_1_0_1_0_0_1_0_0_1_0_1_0_1_0_0_0_0_1_0_0_1_0_1_0_0_0_0_1_0_0_0_1_1_1_1_1_1,1,0.00042333333333333334,1.247219128924648e-5,0.1476510067114094,270.834829127512
1_0_1_0_0_1_1_0_0_0_1_0_1_1_0_1_1_0_1_0_1_1_1_1_0_1_0_1_0_0_1_0_0_0_0_0_0_0_0_0_0_1_1_0_0_0,1,0.00042333333333333334,8.379870059984357e-5,0.14093959731543623,257.7209923395881
0_0_1_1_1_0_0_1_1_1_0_1_1_1_1_0_0_1_1_0_0_1_1_0_0_0_1_0_0_1_0_1_0_0_0_0_1_0_0_0_0_1_1_0_1_1,1,0.0004233333333333333,8.576453553512403e-5,0.10067114093959731,247.0583445642408
0_1_1_0_0_1_1_0_0_0_0_0_1_1_0_0_0_0_0_1_0_1_0_1_0_1_0_0_0_0_0_0_0_0_0_0_0_0_0_0_1_1_1_0_1_1,1,0.00042,4.5460605656619504e-5,0.15436241610738255,273.93374200524124
1_0_1_1_1_0_0_1_1_1_1_1_1_1_1_0_0_1_1_1_0_1_1_0_0_0_1_0_0_1_1_1_0_0_0_0_1_0_0_0_0_1_1_1_1_1,1,0.00042,1.4142135623730936e-5,0.08053691275167785,256.03682170542635
1_1_0_0_0_1_1_0_0_0_1_0_0_0_0_1_1_0_1_0_1_1_1_1_0_1_0_1_0_0_1_0_0_0_0_0_0_0_0_0_1_1_1_1_0_0,1,0.0004166666666666667,2.0548046676563267e-5,0.09395973154362416,227.94011544011548
0_1_0_1_1_0_0_1_1_1_0_1_1_0_1_0_0_1_0_0_0_0_0_0_1_0_1_0_1_0_0_1_1_1_1_1_1_1_1_1_1_0_0_0_1_1,1,0.0004166666666666667,3.299831645537221e-5,0.12080536912751678,263.2409629588287
0_0_1_1_1_0_0_1_1_1_0_0_1_1_1_0_0_1_1_1_0_1_1_0_0_1_0_0_0_0_0_1_0_0_0_0_0_0_0_0_0_1_1_0_1_1,1,0.0004133333333333334,4.1096093353126506e-5,0.16778523489932887,238.77501725327815
1_0_0_1_1_0_0_1_1_1_1_1_0_0_1_1_1_1_1_0_1_0_1_0_1_0_1_1_1_1_1_1_1_1_1_1_1_1_1_1_0_0_0_1_0_0,1,0.0004133333333333333,7.586537784494028e-5,0.15436241610738255,252.12744628643244
0_0_1_1_1_0_0_1_1_1_0_1_1_1_1_0_0_1_0_1_0_1_0_0_0_0_1_0_0_0_0_1_0_0_0_0_0_0_0_0_0_1_1_0_1_1,1,0.00041,6.68331255192114e-5,0.12751677852348994,254.42312719959781
1_1_0_0_0_1_1_1_0_0_1_1_0_1_0_0_0_0_0_1_1_0_0_1_1_0_1_1_1_0_1_0_1_1_1_1_1_1_1_1_1_0_0_1_1_1,1,0.00041,7.257180352359081e-5,0.19463087248322147,318.3699902248289
0_1_0_0_0_1_1_0_0_0_0_1_0_0_0_1_1_0_0_0_1_0_0_1_1_0_1_1_1_0_0_0_1_1_1_1_1_1_1_1_1_0_0_0_0_0,1,0.00041,5.715476066494083e-5,0.1476510067114094,215.84541062801932
0_1_0_0_0_1_1_0_0_0_0_0_0_1_0_0_0_0_0_1_0_0_0_1_1_1_0_0_1_0_0_0_1_1_1_1_0_1_1_1_1_0_0_1_1_1,1,0.00041,7.874007874011813e-5,0.087248322147651,255.65277777777774
0_0_1_0_0_1_1_0_0_0_0_0_0_1_0_0_0_0_1_1_0_0_1_1_1_1_0_0_1_0_0_0_1_1_1_1_0_1_1_1_0_0_0_1_1_1,1,0.0004066666666666667,4.1096093353126506e-5,0.10067114093959731,233.49315619967794
0_1_1_1_1_0_0_1_1_1_0_1_1_1_1_1_1_1_0_0_1_0_0_0_1_0_0_1_1_1_0_1_1_1_1_1_1_1_1_1_1_0_0_0_0_0,1,0.00040666666666666667,3.858612300930076e-5,0.08053691275167785,236.84152379804553
0_0_0_0_0_1_1_0_0_0_0_1_0_0_0_0_0_0_0_0_0_0_0_1_1_0_1_0_1_0_0_0_1_1_1_1_1_1_1_1_0_0_0_1_1_1,1,0.00040666666666666667,4.714045207910304e-6,0.1476510067114094,243.77439024390242
1_0_1_1_1_0_0_1_1_1_1_0_1_1_1_1_1_1_1_1_1_0_1_0_1_1_0_1_1_0_1_1_1_1_1_1_0_1_1_1_0_0_0_0_0_0,1,0.0004033333333333334,4.78423336480244e-5,0.15436241610738255,264.7712662270333
1_0_0_0_0_1_1_0_0_0_1_0_0_0_0_1_1_0_1_1_1_1_1_1_0_1_0_1_0_0_1_0_0_0_0_0_0_0_0_0_0_1_1_0_0_0,1,0.0004033333333333334,1.6996731711975944e-5,0.09395973154362416,248.15860790186852
1_1_0_0_0_1_1_0_0_0_1_1_0_0_0_1_1_0_0_0_0_0_0_1_1_1_1_0_1_0_1_0_1_1_1_1_1_1_1_1_1_0_0_0_0_0,1,0.0004033333333333334,5.436502143433364e-5,0.1476510067114094,275.12798795407497
1_0_0_1_1_0_0_1_1_1_1_1_1_0_1_1_1_1_1_0_1_1_1_0_0_0_1_1_0_1_1_1_0_0_0_0_1_0_0_0_0_1_1_0_0_0,1,0.0004033333333333334,2.6246692913372705e-5,0.10067114093959731,243.65721997300943
0_0_0_0_0_1_1_0_0_0_0_0_0_0_0_1_1_0_1_1_0_0_1_1_1_1_0_0_1_1_0_0_1_1_1_1_0_1_1_1_0_0_0_0_0_0,1,0.0004033333333333334,3.3993463423951894e-5,0.10067114093959731,263.8661738661739
0_0_0_0_0_1_1_0_0_0_0_1_0_1_0_0_0_0_0_1_0_1_0_1_0_1_1_0_0_0_0_0_0_0_0_0_1_0_0_0_0_1_1_1_1_1,1,0.0004033333333333334,3.3993463423951894e-5,0.1342281879194631,233.3136213136213
0_1_0_1_1_0_0_1_1_1_0_1_0_0_1_0_0_1_0_1_0_0_0_0_1_0_1_0_1_1_0_1_1_1_1_1_1_1_1_1_1_0_0_1_1_1,1,0.0004033333333333334,2.6246692913372705e-5,0.14093959731543623,269.8957183167709
1_1_0_0_0_1_1_0_0_0_1_0_0_0_0_1_1_0_0_1_1_0_0_1_1_1_0_1_1_0_1_0_1_1_1_1_0_1_1_1_1_0_0_1_0_0,1,0.0004,5.099019513592784e-5,0.10067114093959731,257.80899056151014
0_1_1_1_1_0_0_1_1_1_0_1_1_1_1_0_0_1_0_0_0_0_0_0_1_0_0_0_1_1_0_1_1_1_1_1_1_1_1_1_1_0_0_0_1_1,1,0.0004,5.3541261347363355e-5,0.10067114093959731,250.06856861675385
0_1_0_0_0_1_1_0_0_0_0_0_0_1_0_0_0_0_0_1_0_1_0_1_0_1_0_0_0_0_0_0_0_0_0_0_0_0_0_0_1_1_1_1_1_1,1,0.0003966666666666667,3.091206165165235e-5,0.09395973154362416,259.9399758610285
1_1_0_1_1_0_0_1_1_1_1_1_0_0_1_1_1_1_1_1_1_1_1_0_0_0_1_1_0_1_1_1_0_0_0_0_1_0_0_0_1_1_1_0_0_0,1,0.00039333333333333337,3.299831645537221e-5,0.1610738255033557,254.8740310077519
0_0_0_0_0_1_1_0_0_0_0_1_0_0_0_0_0_0_0_1_0_1_0_1_0_1_1_0_0_1_0_0_0_0_0_0_1_0_0_0_0_1_1_1_1_1,1,0.00039333333333333337,9.428090415820634e-6,0.12080536912751678,231.9298245614035
0_0_0_0_0_1_1_0_0_0_0_0_0_1_0_0_0_0_1_1_0_1_1_1_0_1_0_0_0_0_0_0_0_0_0_0_0_0_0_0_0_1_1_1_1_1,1,0.00039333333333333337,2.0548046676563267e-5,0.09395973154362416,237.981882981883
0_0_1_0_0_1_1_0_0_0_0_0_1_1_0_0_0_0_0_0_0_0_0_1_1_1_0_0_1_0_0_0_1_1_1_1_0_1_1_1_0_0_0_0_1_1,1,0.00039333333333333337,2.494438257849294e-5,0.1610738255033557,278.30820105820106
0_0_1_0_0_1_1_0_0_0_0_0_1_1_0_0_0_0_1_1_0_1_1_1_0_1_0_0_0_0_0_0_0_0_0_0_0_0_0_0_0_1_1_0_1_1,1,0.00039,4.320493798938573e-5,0.15436241610738255,241.99513799513798
1_0_0_0_0_1_1_0_0_0_1_0_0_1_0_1_1_0_1_1_1_0_1_1_1_1_0_1_1_1_1_0_1_1_1_1_0_1_1_1_0_0_0_1_0_0,1,0.00039,2.1602468994692858e-5,0.11409395973154363,250.41689250225832
1_1_1_1_1_0_0_1_1_1_1_0_1_0_1_1_1_1_1_0_1_0_1_0_1_0_0_1_1_1_1_1_1_1_1_1_0_1_1_1_1_0_0_0_0_0,1,0.00039,7.257180352359078e-5,0.1342281879194631,246.1276455026455
1_1_0_0_0_1_1_0_0_0_1_0_0_0_0_1_1_0_1_0_1_0_1_1_1_1_0_1_1_1_1_0_1_1_1_1_1_1_1_1_1_0_0_1_0_0,1,0.00039,2.9439202887759497e-5,0.12751677852348994,268.1825396825397
1_1_1_1_1_0_0_1_1_1_1_1_1_1_1_0_0_1_0_0_1_0_0_0_1_0_1_1_1_0_1_1_1_1_1_1_1_1_1_1_1_0_0_1_1_1,1,0.00039,2.1602468994692875e-5,0.10738255033557047,250.20027546343337
1_0_1_1_1_0_0_1_1_1_1_1_1_1_1_0_0_1_1_1_0_0_1_0_1_0_1_0_1_1_1_1_1_1_1_1_1_1_1_1_0_0_0_1_1_1,1,0.00038666666666666667,3.0912061651652335e-5,0.087248322147651,255.96212491561332
0_1_1_1_1_0_0_1_1_1_0_1_1_1_1_1_1_1_0_1_0_0_0_0_1_0_0_0_1_1_0_1_1_1_1_1_1_1_1_1_1_0_0_0_0_0,1,0.00038333333333333334,1.6996731711975944e-5,0.10738255033557047,265.03917378917384
1_0_1_0_0_1_1_0_0_0_1_0_1_1_0_0_0_0_1_1_0_1_1_1_0_1_0_0_0_1_1_0_0_0_0_0_0_0_0_0_0_1_1_1_1_1,1,0.00038333333333333334,2.494438257849294e-5,0.1342281879194631,238.48482682629026
1_1_0_0_0_1_1_0_0_0_1_1_0_0_0_1_1_0_0_0_1_0_0_1_1_0_1_1_1_1_1_0_1_1_1_1_1_1_1_1_1_0_0_1_0_0,1,0.00038333333333333334,4.78423336480244e-5,0.16778523489932887,248.54248366013073
0_1_1_1_1_0_0_1_1_1_0_1_1_1_1_1_1_1_0_1_0_1_0_0_0_0_0_0_0_1_0_1_0_0_0_0_1_0_0_0_1_1_1_0_0_0,1,0.00037999999999999997,5.8878405775518974e-5,0.10067114093959731,294.93911030595814
1_1_1_0_0_1_1_0_0_0_1_0_1_1_0_1_1_0_1_0_1_0_1_1_1_1_0_1_1_1_1_0_1_1_1_1_0_1_1_1_1_0_0_0_0_0,1,0.00037999999999999997,6.377042156569664e-5,0.1476510067114094,234.84445208182174
1_0_1_1_1_0_0_1_1_1_1_1_1_1_1_0_0_1_1_1_0_0_1_0_1_0_1_0_1_1_1_1_1_1_1_1_1_1_1_1_0_0_0_0_1_1,1,0.0003766666666666667,6.236095644623236e-5,0.087248322147651,233.0007532076256
0_0_1_1_1_0_0_1_1_1_0_0_1_1_1_0_0_1_1_1_1_0_1_0_1_0_0_1_1_1_0_1_1_1_1_1_0_1_1_1_0_0_0_1_1_1,1,0.0003766666666666667,3.8586123009300736e-5,0.15436241610738255,283.3109135126919
0_0_0_0_0_1_1_0_0_0_0_0_0_1_0_0_0_0_0_1_0_0_0_1_1_1_1_0_1_0_0_0_1_1_1_1_0_1_1_1_0_0_0_1_1_1,1,0.00037666666666666664,4.7140452079103295e-6,0.10067114093959731,229.98814604077765
0_1_1_1_1_0_0_1_1_1_0_1_1_0_1_1_1_1_0_0_1_1_0_0_0_0_1_1_0_0_0_1_0_0_0_0_1_0_0_0_1_1_1_0_0_0,1,0.0003733333333333334,2.494438257849294e-5,0.08053691275167785,215.03070175438597
0_0_0_0_0_1_1_0_0_0_0_1_0_0_0_0_0_0_0_1_0_0_0_1_1_1_1_0_1_1_0_0_1_1_1_1_1_1_1_1_0_0_0_1_1_1,1,0.0003733333333333333,7.03957069398096e-5,0.11409395973154363,239.4177859177859
1_1_0_1_1_0_0_1_1_1_1_0_0_0_1_1_1_1_0_0_1_1_0_0_0_0_0_1_0_0_1_1_0_0_0_0_1_0_0_0_1_1_1_1_0_0,1,0.00037000000000000005,8.602325267042626e-5,0.15436241610738255,240.4243827160494
1_1_0_1_1_0_0_1_1_1_1_1_1_0_1_1_1_1_0_0_1_1_0_0_0_0_1_1_0_1_1_1_0_0_0_0_1_0_0_0_1_1_1_0_0_0,1,0.00037000000000000005,4.320493798938573e-5,0.10067114093959731,230.95734756199872
0_1_1_1_1_0_0_1_1_1_0_1_1_0_1_0_0_1_0_0_0_1_0_0_0_0_1_0_0_0_0_1_0_0_0_0_1_0_0_0_1_1_1_1_1_1,1,0.00036666666666666667,4.714045207910318e-5,0.10067114093959731,250.66666666666666
1_0_1_0_0_1_1_0_0_0_1_0_0_1_0_1_1_0_1_1_1_1_1_1_0_1_0_1_0_1_1_0_0_0_0_0_0_0_0_0_0_1_1_1_0_0,1,0.00036666666666666667,4.189935029992178e-5,0.12080536912751678,251.0519414192444
1_0_0_0_0_1_1_0_0_0_1_0_0_1_0_1_1_0_1_1_1_0_1_1_1_1_0_1_1_1_1_0_1_1_1_1_0_1_1_1_0_0_0_0_0_0,1,0.00036666666666666667,4.9216076867444665e-5,0.10067114093959731,244.98971965213525
0_0_0_0_0_1_1_0_0_0_0_1_0_0_0_0_0_0_0_0_0_1_0_1_0_0_1_0_0_0_0_0_0_0_0_0_1_0_0_0_0_1_1_1_1_1,1,0.00036666666666666667,3.858612300930076e-5,0.15436241610738255,228.9393939393939
0_0_0_1_1_0_0_1_1_1_0_1_0_0_1_0_0_1_0_1_0_0_0_0_1_0_1_0_1_0_0_1_1_1_1_1_1_1_1_1_0_0_0_1_1_1,1,0.00036666666666666667,5.734883511361753e-5,0.14093959731543623,227.7222222222222
0_1_0_1_1_0_0_1_1_1_0_1_0_0_1_1_1_1_0_0_1_1_0_0_0_0_1_1_0_0_0_1_0_0_0_0_1_0_0_0_1_1_1_1_0_0,1,0.0003666666666666666,6.018490028422595e-5,0.14093959731543623,247.51669126431935
0_0_0_1_1_0_0_1_1_1_0_1_0_0_1_0_0_1_0_1_0_1_0_0_0_0_1_0_0_0_0_1_0_0_0_0_1_0_0_0_0_1_1_1_1_1,1,0.0003666666666666666,6.236095644623236e-5,0.1476510067114094,239.44444444444443
1_0_0_1_1_0_0_1_1_1_1_1_1_0_1_1_1_1_1_0_1_0_1_0_1_0_1_1_1_1_1_1_1_1_1_1_1_1_1_1_0_0_0_0_0_0,1,0.0003666666666666666,2.0548046676563243e-5,0.10738255033557047,248.18148465207287
1_1_1_1_1_0_0_1_1_1_1_1_1_0_1_1_1_1_0_0_1_1_0_0_0_0_1_1_0_1_1_1_0_0_0_0_1_0_0_0_1_1_1_0_0_0,1,0.00036333333333333335,1.247219128924648e-5,0.087248322147651,227.62322472848788
1_0_1_0_0_1_1_0_0_0_1_0_1_1_0_1_1_0_1_0_1_0_1_1_1_1_0_1_1_0_1_0_1_1_1_1_0_1_1_1_0_0_0_0_0_0,1,0.00036333333333333335,2.0548046676563243e-5,0.1476510067114094,248.0450812803754
1_0_1_0_0_1_1_0_0_0_1_0_1_1_0_0_0_0_1_1_0_0_1_1_1_1_0_0_1_1_1_0_1_1_1_1_0_1_1_1_0_0_0_1_1_1,1,0.00036333333333333335,2.0548046676563243e-5,0.14093959731543623,281.8878833584716
0_0_1_1_1_0_0_1_1_1_0_1_1_1_1_1_1_1_0_1_0_0_0_0_1_0_1_0_1_1_0_1_1_1_1_1_1_1_1_1_0_0_0_0_0_0,1,0.00036333333333333335,6.548960901462836e-5,0.10738255033557047,246.1840411840412
1_1_0_0_0_1_1_0_0_0_1_1_0_0_0_0_0_0_0_0_1_1_0_1_0_0_1_1_0_1_1_0_0_0_0_0_1_0_0_0_1_1_1_1_1_1,1,0.00036333333333333335,4.714045207910304e-6,0.174496644295302,256.47397397397395
0_1_0_0_0_1_1_0_0_0_0_0_0_0_0_1_1_0_0_0_1_1_0_1_0_1_0_1_0_0_0_0_0_0_0_0_0_0_0_0_1_1_1_1_0_0,1,0.00036333333333333335,3.299831645537221e-5,0.087248322147651,228.80292792792793
1_1_0_0_0_1_1_0_0_0_1_0_0_0_0_0_0_0_0_1_1_1_0_1_0_1_0_1_0_0_1_0_0_0_0_0_0_0_0_0_1_1_1_1_1_1,1,0.0003633333333333333,2.494438257849294e-5,0.10738255033557047,265.52405552405554
1_1_0_1_1_0_0_1_1_1_1_1_1_0_1_1_1_1_0_0_1_0_0_0_1_0_1_1_1_1_1_1_1_1_1_1_1_1_1_1_1_0_0_0_0_0,1,0.0003600000000000001,2.82842712474619e-5,0.10738255033557047,237.74122807017542
0_1_1_1_1_0_0_1_1_1_0_1_1_0_1_0_0_1_0_0_0_1_0_0_0_0_1_0_0_0_0_1_0_0_0_0_1_0_0_0_1_1_1_0_1_1,1,0.00036,3.559026084010437e-5,0.11409395973154363,258.99743154412084
0_0_1_1_1_0_0_1_1_1_0_1_1_1_1_0_0_1_0_1_0_0_0_0_1_0_1_0_1_1_0_1_1_1_1_1_1_1_1_1_0_0_0_0_1_1,1,0.00036,5.3541261347363375e-5,0.09395973154362416,229.88513143685557
0_1_0_0_0_1_1_0_0_0_0_1_0_0_0_0_0_0_0_0_0_1_0_1_0_0_1_0_0_1_0_0_0_0_0_0_1_0_0_0_1_1_1_1_1_1,1,0.00036,5.715476066494082e-5,0.15436241610738255,265.91998574356234
0_1_1_1_1_0_0_1_1_1_0_0_1_1_1_0_0_1_0_0_0_0_0_0_1_1_0_0_1_0_0_1_1_1_1_1_0_1_1_1_1_0_0_0_1_1,1,0.00036,9.092121131323906e-5,0.16778523489932887,268.0992332830568
0_0_0_0_0_1_1_0_0_0_0_0_0_0_0_1_1_0_1_1_0_1_1_1_0_1_0_0_0_1_0_0_0_0_0_0_0_0_0_0_0_1_1_0_0_0,1,0.00036,3.559026084010436e-5,0.10738255033557047,259.649942756112
0_0_1_0_0_1_1_0_0_0_0_0_1_1_0_1_1_0_1_1_0_0_1_1_1_1_0_0_1_0_0_0_1_1_1_1_0_1_1_1_0_0_0_0_0_0,1,0.00035666666666666664,3.299831645537221e-5,0.1610738255033557,264.8154761904762
1_0_1_1_1_0_0_1_1_1_1_0_1_1_1_0_0_1_1_1_0_1_1_0_0_1_0_0_0_1_1_1_0_0_0_0_0_0_0_0_0_1_1_1_1_1,1,0.00035666666666666664,5.4365021434333636e-5,0.1476510067114094,223.85028119775043
0_0_1_0_0_1_1_0_0_0_0_0_0_1_0_0_0_0_1_1_0_1_1_1_0_1_0_0_0_0_0_0_0_0_0_0_0_0_0_0_0_1_1_1_1_1,1,0.00035666666666666664,2.494438257849294e-5,0.10738255033557047,214.20668220668222
1_1_0_1_1_0_0_1_1_1_1_1_0_0_1_1_1_1_1_1_1_1_1_0_0_0_1_1_0_1_1_1_0_0_0_0_1_0_0_0_1_1_1_1_0_0,1,0.00035666666666666664,4.1096093353126506e-5,0.1610738255033557,261.76538908246226
1_1_0_0_0_1_1_0_0_0_1_1_0_0_0_1_0_0_1_0_1_0_1_1_1_0_1_1_1_1_1_0_1_1_1_1_1_1_1_1_1_0_0_1_1_1,1,0.00035666666666666664,5.312459150169743e-5,0.19463087248322147,242.47080824667032
1_1_0_1_1_0_0_1_1_1_1_1_0_0_1_0_0_1_0_0_1_1_0_0_0_0_1_1_0_1_1_1_0_0_0_0_1_0_0_0_1_1_1_1_1_1,1,0.0003533333333333334,2.0548046676563267e-5,0.1610738255033557,264.7068428647376
1_0_0_0_0_1_1_0_0_0_1_0_0_0_0_1_1_0_1_1_1_1_1_1_0_1_1_1_0_0_1_0_0_0_0_0_0_0_0_0_0_1_1_1_0_0,1,0.0003533333333333334,9.428090415820634e-6,0.10067114093959731,266.3344226579521
1_1_1_0_0_1_1_0_0_0_1_0_1_1_0_1_1_0_1_0_1_1_1_1_0_1_0_1_0_1_1_0_0_0_0_0_0_0_0_0_1_1_1_0_0_0,1,0.0003533333333333333,4.0276819911981894e-5,0.14093959731543623,248.67224069967972
1_0_0_0_0_1_1_0_0_0_1_0_0_1_0_0_0_0_1_1_0_1_1_1_0_1_0_0_0_1_1_0_0_0_0_0_0_0_0_0_0_1_1_1_1_1,1,0.0003533333333333333,2.62466929133727e-5,0.087248322147651,206.44590703414232
1_1_0_0_0_1_1_0_0_0_1_0_0_0_0_0_0_0_1_0_1_1_1_1_0_1_0_1_0_1_1_0_0_0_0_0_1_0_0_0_1_1_1_1_1_1,1,0.0003533333333333333,7.408703590297623e-5,0.1342281879194631,252.61636141636143
1_1_0_1_1_0_0_1_1_1_1_1_0_0_1_1_1_1_0_0_1_0_0_0_1_0_1_1_1_1_1_1_1_1_1_1_1_1_1_1_1_0_0_1_0_0,1,0.00035000000000000005,9.933109617167559e-5,0.15436241610738255,265.12037254237583
1_1_1_1_1_0_0_1_1_1_1_0_1_1_1_1_1_1_1_1_1_1_1_0_0_1_0_1_0_1_1_1_0_0_0_0_0_0_0_0_1_1_1_0_0_0,1,0.00035000000000000005,0.00010614455552060439,0.1476510067114094,234.69952011812475
1_0_1_1_1_0_0_1_1_1_1_0_1_1_1_0_0_1_1_1_0_1_1_0_0_1_0_0_0_1_1_1_0_0_0_0_0_0_0_0_0_1_1_0_1_1,1,0.00035,6.683312551921143e-5,0.1610738255033557,237.1176046176046
1_1_0_1_1_0_0_1_1_1_1_1_0_0_1_1_1_1_1_1_1_0_1_0_1_0_1_1_1_1_1_1_1_1_1_1_1_1_1_1_1_0_0_0_0_0,1,0.00035,6.377042156569665e-5,0.15436241610738255,256.3696643857934
1_0_1_0_0_1_1_0_0_0_1_0_0_1_0_1_1_0_1_1_1_0_1_1_1_1_0_1_1_1_1_0_1_1_1_1_0_1_1_1_0_0_0_0_0_0,1,0.0003466666666666667,3.7712361663282534e-5,0.11409395973154363,238.5625
1_1_0_0_0_1_1_0_0_0_1_0_0_0_0_0_0_0_1_0_1_0_1_1_1_1_0_1_1_1_1_0_1_1_1_1_1_1_1_1_1_0_0_1_1_1,1,0.0003466666666666667,8.178562764256863e-5,0.12751677852348994,261.1533769063181
0_0_1_1_1_0_0_1_1_1_0_1_1_1_1_1_1_1_1_0_0_1_1_0_0_0_1_0_0_1_0_1_0_0_0_0_1_0_0_0_0_1_1_0_0_0,1,0.0003466666666666667,1.6996731711975944e-5,0.10067114093959731,247.18191453485574
1_1_0_0_0_1_1_0_0_0_1_0_0_0_0_0_0_0_1_0_1_1_1_1_0_1_0_1_0_0_1_0_0_0_0_0_0_0_0_0_1_1_1_1_1_1,1,0.0003466666666666667,2.8674417556808764e-5,0.10738255033557047,242.509176166222
1_1_1_1_1_0_0_1_1_1_1_1_1_0_1_1_1_1_1_0_1_0_1_0_1_0_0_1_1_1_1_1_1_1_1_1_1_1_1_1_1_0_0_0_0_0,1,0.0003466666666666666,3.299831645537223e-5,0.10738255033557047,253.26126126126124
0_0_1_1_1_0_0_1_1_1_0_0_1_1_1_0_1_1_1_0_0_1_1_0_0_1_0_0_0_1_0_1_0_0_0_0_0_0_0_0_0_1_1_0_0_0,1,0.0003466666666666666,3.8586123009300757e-5,0.18791946308724833,267.27720755946564
1_1_1_1_1_0_0_1_1_1_1_0_1_0_1_1_1_1_0_0_1_1_0_0_0_0_0_1_0_0_1_1_0_0_0_0_0_0_0_0_1_1_1_0_0_0,1,0.00034333333333333335,4.18993502999218e-5,0.12751677852348994,205.74242424242425
1_1_0_0_0_1_1_0_0_0_1_1_0_0_0_1_1_0_0_1_1_1_0_1_0_0_1_1_0_1_1_0_0_0_0_0_1_0_0_0_1_1_1_1_0_0,1,0.00034333333333333335,1.6996731711975944e-5,0.16778523489932887,254.05026455026453
1_1_0_1_1_0_0_1_1_1_1_1_0_0_1_1_0_1_0_0_1_0_0_0_1_0_1_1_1_0_1_1_1_1_1_1_1_1_1_1_1_0_0_1_1_1,1,0.0003433333333333333,3.0912061651652355e-5,0.16778523489932887,233.53903903903904
1_1_0_0_0_1_1_0_0_0_1_0_0_0_0_0_0_0_1_0_1_0_1_1_1_1_0_1_1_0_1_0_1_1_1_1_0_1_1_1_1_0_0_1_1_1,1,0.00034,2.82842712474619e-5,0.10067114093959731,221.9078947368421
0_1_1_1_1_0_0_1_1_1_0_0_1_1_1_1_1_1_0_1_0_1_0_0_0_1_0_0_0_0_0_1_0_0_0_0_0_0_0_0_1_1_1_0_0_0,1,0.00034,1.632993161855452e-5,0.16778523489932887,268.0405773420479
1_0_0_1_1_0_0_1_1_1_1_1_1_0_1_1_1_1_1_0_1_1_1_0_0_0_1_1_0_1_1_1_0_0_0_0_0_0_0_0_0_1_1_0_0_0,1,0.00034,3.559026084010437e-5,0.12080536912751678,264.98662455559
1_0_0_0_0_1_1_0_0_0_1_1_0_0_0_0_0_0_1_0_1_1_1_1_0_0_1_1_0_1_1_0_0_0_0_0_1_0_0_0_0_1_1_1_1_1,1,0.00034,1.632993161855452e-5,0.174496644295302,296.58632897603485
0_1_0_0_0_1_1_0_0_0_0_1_0_0_0_0_0_0_0_0_0_0_0_1_1_0_1_0_1_1_0_0_1_1_1_1_1_1_1_1_1_0_0_1_1_1,1,0.00034,7.483314773547883e-5,0.1476510067114094,264.96693121693124
0_0_1_1_1_0_0_1_1_1_0_1_1_1_1_1_1_1_0_1_0_0_0_0_1_0_1_0_1_0_0_1_1_1_1_1_0_1_1_1_0_0_0_0_0_0,1,0.0003366666666666667,6.599663291074443e-5,0.1342281879194631,262.59094076655055
1_0_0_1_1_0_0_1_1_1_1_1_0_0_1_0_0_1_1_0_1_0_1_0_1_0_1_1_1_1_1_1_1_1_1_1_1_1_1_1_0_0_0_1_1_1,1,0.0003366666666666667,4.496912521077349e-5,0.15436241610738255,279.51612903225805
0_0_1_1_1_0_0_1_1_1_0_1_1_1_1_1_1_1_1_0_0_0_1_0_1_0_1_0_1_1_0_1_1_1_1_1_1_1_1_1_0_0_0_0_0_0,1,0.0003366666666666667,4.496912521077348e-5,0.10738255033557047,264.7331753214106
1_0_1_0_0_1_1_0_0_0_1_0_0_1_0_1_1_0_1_1_1_0_1_1_1_1_0_1_1_1_1_0_1_1_1_1_0_1_1_1_0_0_0_1_0_0,1,0.0003366666666666667,4.642796092394707e-5,0.12751677852348994,259.6889367816092
0_0_0_0_0_1_1_0_0_0_0_1_0_1_0_0_0_0_1_1_0_0_1_1_1_1_1_0_1_1_0_0_1_1_1_1_1_1_1_1_0_0_0_1_1_1,1,0.0003366666666666667,3.7712361663282534e-5,0.12751677852348994,213.84615384615384
1_1_0_1_1_0_0_1_1_1_1_0_0_0_1_0_0_1_0_0_1_0_0_0_1_0_0_1_1_0_1_1_1_1_1_1_1_1_1_1_1_0_0_1_1_1,1,0.0003366666666666667,1.699673171197595e-5,0.1610738255033557,267.6757154882155
0_0_1_0_0_1_1_0_0_0_0_1_1_1_0_0_0_0_1_1_0_0_1_1_1_1_1_0_1_1_0_0_1_1_1_1_0_1_1_1_0_0_0_0_1_1,1,0.0003366666666666667,2.0548046676563267e-5,0.15436241610738255,246.31351465317312
1_1_1_0_0_1_1_0_0_0_1_0_1_1_0_1_1_0_1_1_1_1_1_1_0_1_0_1_0_0_1_0_0_0_0_0_0_0_0_0_1_1_1_0_0_0,1,0.0003366666666666667,8.259674462242578e-5,0.14093959731543623,256.0266122766123
1_0_0_0_0_1_1_0_0_0_1_0_0_0_0_0_0_0_1_1_0_1_1_1_0_1_1_0_0_0_1_0_0_0_0_0_0_0_0_0_0_1_1_1_1_1,1,0.0003366666666666667,7.408703590297623e-5,0.08053691275167785,226.734126984127
1_0_0_0_0_1_1_0_0_0_1_0_0_1_0_0_0_0_1_1_0_0_1_1_1_1_0_0_1_1_1_0_1_1_1_1_0_1_1_1_0_0_0_1_1_1,1,0.0003333333333333333,5.249338582674543e-5,0.08053691275167785,225.61890838206628
0_0_1_0_0_1_1_0_0_0_0_0_1_1_0_0_1_0_1_1_0_1_1_1_0_1_0_0_0_1_0_0_0_0_0_0_0_0_0_0_0_1_1_0_0_0,1,0.00033,2.1602468994692875e-5,0.16778523489932887,231.36387395459977
0_0_1_0_0_1_1_0_0_0_0_0_1_1_0_0_0_0_0_0_0_0_0_1_1_1_0_0_1_0_0_0_1_1_1_1_0_1_1_1_0_0_0_1_1_1,1,0.00033,4.320493798938573e-5,0.1610738255033557,253.54420391127846
0_1_0_1_1_0_0_1_1_1_0_1_1_0_1_0_0_1_0_0_0_1_0_0_0_0_1_0_0_0_0_1_0_0_0_0_1_0_0_0_1_1_1_0_1_1,1,0.00033,5.715476066494084e-5,0.12751677852348994,274.21794871794873
1_1_0_0_0_1_1_0_0_0_1_0_0_0_0_0_0_0_0_1_1_0_0_1_1_1_0_1_1_0_1_0_1_1_1_1_0_1_1_1_1_0_0_1_1_1,1,0.0003266666666666667,3.681787005729088e-5,0.10067114093959731,257.34087984087984
0_0_0_1_1_0_0_1_1_1_0_1_0_0_1_0_0_1_1_1_0_0_1_0_1_0_1_0_1_1_0_1_1_1_1_1_1_1_1_1_0_0_0_1_1_1,1,0.0003266666666666667,9.428090415820634e-6,0.14093959731543623,232.31004901960785
1_1_1_1_1_0_0_1_1_1_1_0_1_0_1_1_1_1_0_0_1_0_0_0_1_0_0_1_1_0_1_1_1_1_1_1_0_1_1_1_1_0_0_0_0_0,1,0.0003266666666666667,1.247219128924648e-5,0.1342281879194631,220.73917543557013
0_0_1_0_0_1_1_0_0_0_0_0_1_1_0_0_0_0_0_0_0_1_0_1_0_1_0_0_0_0_0_0_0_0_0_0_0_0_0_0_0_1_1_1_1_1,1,0.00032333333333333335,4.642796092394708e-5,0.15436241610738255,261.8831274713628
0_1_1_0_0_1_1_0_0_0_0_0_1_1_0_1_1_0_0_1_1_0_0_1_1_1_0_1_1_0_0_0_1_1_1_1_0_1_1_1_1_0_0_0_0_0,1,0.0003233333333333333,5.7927157323275903e-5,0.14093959731543623,244.21009098428453
1_0_1_1_1_0_0_1_1_1_1_0_1_1_1_0_0_1_1_1_0_0_1_0_1_1_0_0_1_1_1_1_1_1_1_1_0_1_1_1_0_0_0_1_1_1,1,0.0003233333333333333,5.312459150169743e-5,0.15436241610738255,226.80021367521366
1_1_1_1_1_0_0_1_1_1_1_1_1_0_1_1_1_1_1_0_1_1_1_0_0_0_0_1_0_1_1_1_0_0_0_0_1_0_0_0_1_1_1_0_0_0,1,0.00032,1.632993161855454e-5,0.10067114093959731,246.42401960784312
0_1_0_1_1_0_0_1_1_1_0_1_0_0_1_1_1_1_0_0_1_0_0_0_1_0_1_1_1_0_0_1_1_1_1_1_1_1_1_1_1_0_0_1_0_0,1,0.00032,6.164414002968976e-5,0.1476510067114094,242.43492618492618
0_1_0_1_1_0_0_1_1_1_0_1_1_0_1_0_0_1_0_0_0_0_0_0_1_0_1_0_1_0_0_1_1_1_1_1_1_1_1_1_1_0_0_1_1_1,1,0.00031999999999999997,6.164414002968977e-5,0.12080536912751678,264.8378010878011
0_1_1_1_1_0_0_1_1_1_0_1_1_0_1_0_0_1_0_0_0_0_0_0_1_0_1_0_1_0_0_1_1_1_1_1_1_1_1_1_1_0_0_1_1_1,1,0.00031999999999999997,5.715476066494083e-5,0.10738255033557047,270.8869731800766
1_0_0_0_0_1_1_0_0_0_1_0_0_0_0_0_0_0_1_1_1_1_1_1_0_1_0_1_0_0_1_0_0_0_0_0_0_0_0_0_0_1_1_1_1_1,1,0.00031999999999999997,5.715476066494082e-5,0.10738255033557047,279.4334401709402
0_0_0_0_0_1_1_0_0_0_0_0_0_0_0_1_1_0_0_0_0_1_0_1_0_1_0_0_0_0_0_0_0_0_0_0_0_0_0_0_0_1_1_1_0_0,1,0.00031999999999999997,2.94392028877595e-5,0.11409395973154363,235.93578643578644
0_1_1_0_0_1_1_0_0_0_0_0_0_1_0_0_0_0_0_1_0_0_0_1_1_1_0_0_1_0_0_0_1_1_1_1_0_1_1_1_1_0_0_1_1_1,1,0.0003166666666666667,4.496912521077348e-5,0.10067114093959731,238.51784476784476
0_0_1_0_0_1_1_0_0_0_0_0_1_1_0_1_1_0_1_1_0_1_1_1_0_1_0_0_0_0_0_0_0_0_0_0_0_0_0_0_0_1_1_0_0_0,1,0.00031666666666666665,4.1096093353126506e-5,0.15436241610738255,252.03074041783717
0_0_0_0_0_1_1_0_0_0_0_0_0_0_0_1_1_0_1_0_0_0_1_1_1_1_0_0_1_0_0_0_1_1_1_1_0_1_1_1_0_0_0_0_0_0,1,0.00031666666666666665,4.988876515698588e-5,0.10067114093959731,245.56440076440074
0_0_0_0_0_1_1_0_0_0_0_1_0_1_0_0_0_0_1_1_0_1_1_1_0_1_1_0_0_1_0_0_0_0_0_0_1_0_0_0_0_1_1_1_1_1,1,0.00031666666666666665,3.7712361663282534e-5,0.1342281879194631,213.05684995340167
0_0_0_1_1_0_0_1_1_1_0_1_0_0_1_0_0_1_0_0_0_1_0_0_0_0_1_0_0_1_0_1_0_0_0_0_1_0_0_0_0_1_1_1_1_1,1,0.0003133333333333334,3.8586123009300757e-5,0.1476510067114094,246.61704961704962
1_1_0_0_0_1_1_0_0_0_1_1_0_0_0_1_0_0_0_1_1_0_0_1_1_0_1_1_1_0_1_0_1_1_1_1_1_1_1_1_1_0_0_1_1_1,1,0.0003133333333333334,4.7140452079103295e-6,0.18791946308724833,286.619623655914
0_0_1_1_1_0_0_1_1_1_0_1_1_1_1_1_1_1_0_1_0_1_0_0_0_0_1_0_0_0_0_1_0_0_0_0_0_0_0_0_0_1_1_0_0_0,1,0.0003133333333333334,7.586537784494028e-5,0.12751677852348994,258.499245852187
0_0_1_1_1_0_0_1_1_1_0_0_1_1_1_1_1_1_1_1_0_0_1_0_1_1_0_0_1_0_0_1_1_1_1_1_0_1_1_1_0_0_0_0_0_0,1,0.00031333333333333327,5.792715732327589e-5,0.174496644295302,239.68888888888887
1_1_0_1_1_0_0_1_1_1_1_1_0_0_1_0_0_1_0_0_1_0_0_0_1_0_1_1_1_1_1_1_1_1_1_1_1_1_1_1_1_0_0_1_1_1,1,0.00031,7.071067811865475e-5,0.15436241610738255,258.76984126984127
0_1_0_0_0_1_1_0_0_0_0_1_0_0_0_1_1_0_0_0_1_0_0_1_1_0_1_1_1_0_0_0_1_1_1_1_1_1_1_1_1_0_0_1_0_0,1,0.00031,9.273618495495703e-5,0.1610738255033557,224.33048433048432
1_1_1_1_1_0_0_1_1_1_1_1_1_1_1_0_0_1_0_1_1_1_0_0_0_0_1_1_0_1_1_1_0_0_0_0_1_0_0_0_1_1_1_1_1_1,1,0.00031,2.82842712474619e-5,0.10067114093959731,272.51402918069584
1_1_0_0_0_1_1_0_0_0_1_0_0_0_0_1_1_0_0_0_1_0_0_1_1_0_0_1_1_0_1_0_1_1_1_1_1_1_1_1_1_0_0_0_0_0,1,0.00031,5.8878405775518974e-5,0.1476510067114094,252.50940170940171
1_0_0_1_1_0_0_1_1_1_1_1_1_0_1_1_1_1_1_0_1_0_1_0_1_0_1_1_1_1_1_1_1_1_1_1_0_1_1_1_0_0_0_0_0_0,1,0.00031,6.377042156569664e-5,0.12751677852348994,245.5925925925926
0_0_1_0_0_1_1_0_0_0_0_0_1_1_0_0_1_0_1_1_0_0_1_1_1_1_0_0_1_1_0_0_1_1_1_1_0_1_1_1_0_0_0_0_0_0,1,0.00031,6.683312551921141e-5,0.174496644295302,262.20785440613025
0_0_1_1_1_0_0_1_1_1_0_0_1_1_1_0_1_1_0_1_0_1_0_0_0_1_0_0_0_0_0_1_0_0_0_0_0_0_0_0_0_1_1_0_0_0,1,0.0003066666666666667,5.4365021434333636e-5,0.19463087248322147,234.75155279503107
0_0_1_0_0_1_1_0_0_0_0_1_1_1_0_1_1_0_1_1_0_0_1_1_1_1_1_0_1_1_0_0_1_1_1_1_0_1_1_1_0_0_0_0_0_0,1,0.0003066666666666667,2.6246692913372705e-5,0.16778523489932887,253.4308361391695
0_1_0_0_0_1_1_0_0_0_0_0_0_0_0_1_1_0_0_0_1_0_0_1_1_1_0_1_1_0_0_0_1_1_1_1_0_1_1_1_1_0_0_1_0_0,1,0.0003066666666666667,4.7140452079103295e-6,0.09395973154362416,246.50537634408602
0_0_0_0_0_1_1_0_0_0_0_0_0_1_0_0_0_0_0_1_0_1_0_1_0_1_1_0_0_0_0_0_0_0_0_0_0_0_0_0_0_1_1_1_1_1,1,0.0003066666666666667,0.00012710450643291745,0.10738255033557047,260.1774578136464
1_0_0_0_0_1_1_0_0_0_1_0_0_0_0_1_1_0_1_1_1_1_1_1_0_1_1_1_0_0_1_0_0_0_0_0_0_0_0_0_0_1_1_0_0_0,1,0.0003066666666666667,2.6246692913372705e-5,0.10067114093959731,239.31783108866443
0_1_1_1_1_0_0_1_1_1_0_1_1_1_1_0_0_1_0_0_0_1_0_0_0_0_0_0_0_1_0_1_0_0_0_0_1_0_0_0_1_1_1_1_1_1,1,0.00030333333333333335,2.6246692913372722e-5,0.09395973154362416,248.425335651502
1_1_1_0_0_1_1_0_0_0_1_0_1_1_0_1_1_0_1_1_1_0_1_1_1_1_0_1_1_0_1_0_1_1_1_1_0_1_1_1_1_0_0_0_0_0,1,0.00030333333333333335,4.496912521077348e-5,0.1476510067114094,246.17407407407407
0_1_1_1_1_0_0_1_1_1_0_0_1_1_1_1_1_1_0_1_0_0_0_0_1_1_0_0_1_0_0_1_1_1_1_1_0_1_1_1_1_0_0_0_0_0,1,0.00030333333333333335,6.236095644623235e-5,0.174496644295302,296.3672194922195
0_0_1_1_1_0_0_1_1_1_0_0_1_1_1_1_1_1_1_1_0_1_1_0_0_1_0_0_0_0_0_1_0_0_0_0_0_0_0_0_0_1_1_0_0_0,1,0.00030333333333333335,1.8856180831641267e-5,0.16778523489932887,255.08533611981886
1_1_0_0_0_1_1_0_0_0_1_0_0_0_0_1_1_0_0_0_0_0_0_1_1_1_0_0_1_0_1_0_1_1_1_1_1_1_1_1_1_0_0_0_0_0,1,0.00030333333333333335,3.091206165165236e-5,0.1342281879194631,271.3155594405594
0_1_1_0_0_1_1_0_0_0_0_0_1_1_0_1_1_0_0_1_1_1_0_1_0_1_0_1_0_0_0_0_0_0_0_0_0_0_0_0_1_1_1_0_0_0,1,0.00030333333333333335,9.672412085697939e-5,0.1342281879194631,261.114953886693
1_1_0_1_1_0_0_1_1_1_1_1_0_0_1_0_0_1_1_1_1_1_1_0_0_0_1_1_0_1_1_1_0_0_0_0_1_0_0_0_1_1_1_1_1_1,1,0.00030333333333333335,3.091206165165236e-5,0.174496644295302,236.8961247086247
1_0_1_1_1_0_0_1_1_1_1_0_1_1_1_1_1_1_1_1_1_1_1_0_0_1_0_1_0_0_1_1_0_0_0_0_0_0_0_0_0_1_1_0_0_0,1,0.00030333333333333335,4.7140452079103295e-6,0.1476510067114094,253.0537634408602
0_1_1_1_1_0_0_1_1_1_0_1_1_1_1_1_1_1_0_0_0_1_0_0_0_0_1_0_0_1_0_1_0_0_0_0_1_0_0_0_1_1_1_0_0_0,1,0.00030333333333333335,2.357022603955159e-5,0.10067114093959731,288.86188271604937
0_0_1_1_1_0_0_1_1_1_0_1_1_1_1_0_0_1_0_1_0_1_0_0_0_0_1_0_0_1_0_1_0_0_0_0_1_0_0_0_0_1_1_0_1_1,1,0.00030333333333333335,3.3993463423951894e-5,0.10067114093959731,227.34878063613698
0_0_1_1_1_0_0_1_1_1_0_1_1_1_1_0_0_1_1_1_0_1_1_0_0_1_1_0_0_1_0_1_0_0_0_0_0_0_0_0_0_1_1_1_1_1,1,0.00030333333333333335,6.944222218666553e-5,0.1476510067114094,241.7006172839506
1_0_0_0_0_1_1_0_0_0_1_0_0_0_0_0_0_0_1_1_0_0_1_1_1_1_1_0_1_0_1_0_1_1_1_1_0_1_1_1_0_0_0_1_1_1,1,0.00030000000000000003,6.48074069840786e-5,0.0738255033557047,226.86748436748437
1_0_1_0_0_1_1_0_0_0_1_0_1_1_0_0_0_0_1_1_0_1_1_1_0_1_0_0_0_1_1_0_0_0_0_0_0_0_0_0_0_1_1_0_1_1,1,0.0003,8.16496580927726e-6,0.1476510067114094,217.81102459522927
1_0_0_0_0_1_1_0_0_0_1_0_0_1_0_1_1_0_1_1_1_1_1_1_0_1_0_1_0_1_1_0_0_0_0_0_0_0_0_0_0_1_1_0_0_0,1,0.0003,3.7416573867739416e-5,0.10738255033557047,240.81988126815713
0_0_1_1_1_0_0_1_1_1_0_0_1_1_1_0_1_1_0_1_0_0_0_0_1_1_0_0_1_0_0_1_1_1_1_1_0_1_1_1_0_0_0_0_0_0,1,0.0003,8.16496580927726e-6,0.20134228187919462,255.18106538128782
1_1_1_1_1_0_0_1_1_1_1_0_1_1_1_1_1_1_1_1_1_0_1_0_1_1_0_1_1_1_1_1_1_1_1_1_0_1_1_1_1_0_0_0_0_0,1,0.0003,8.16496580927726e-6,0.15436241610738255,240.6860709430231
0_1_1_1_1_0_0_1_1_1_0_1_1_1_1_1_1_1_0_0_0_0_0_0_1_0_1_0_1_1_0_1_1_1_1_1_1_1_1_1_1_0_0_0_0_0,1,0.0003,5.354126134736336e-5,0.10738255033557047,290.8300973387181
1_0_1_1_1_0_0_1_1_1_1_0_1_0_1_1_1_1_1_0_1_1_1_0_0_0_0_1_0_0_1_1_0_0_0_0_0_0_0_0_0_1_1_0_0_0,1,0.0002966666666666667,5.4365021434333636e-5,0.12751677852348994,241.86571598336306
0_1_1_0_0_1_1_0_0_0_0_0_1_1_0_0_0_0_0_0_0_0_0_1_1_1_0_0_1_0_0_0_1_1_1_1_0_1_1_1_1_0_0_0_1_1,1,0.0002966666666666667,1.699673171197597e-5,0.15436241610738255,268.99168719211826
0_0_1_0_0_1_1_0_0_0_0_0_1_1_0_1_1_0_0_0_0_0_0_1_1_1_0_0_1_0_0_0_1_1_1_1_0_1_1_1_0_0_0_0_0_0,1,0.00029666666666666665,1.247219128924648e-5,0.174496644295302,261.0135688684076
1_0_0_0_0_1_1_0_0_0_1_0_0_0_0_1_1_0_1_1_1_0_1_1_1_1_1_1_1_0_1_0_1_1_1_1_0_1_1_1_0_0_0_0_0_0,1,0.00029666666666666665,2.8674417556808764e-5,0.09395973154362416,259.78632478632477
0_1_1_1_1_0_0_1_1_1_0_1_1_0_1_1_1_1_0_0_1_0_0_0_1_0_1_1_1_0_0_1_1_1_1_1_1_1_1_1_1_0_0_0_0_0,1,0.00029666666666666665,4.496912521077347e-5,0.087248322147651,220.59920634920636
1_1_0_0_0_1_1_0_0_0_1_1_0_0_0_1_1_0_0_1_1_1_0_1_0_0_1_1_0_1_1_0_0_0_0_0_1_0_0_0_1_1_1_0_0_0,1,0.00029666666666666665,2.8674417556808764e-5,0.16778523489932887,243.74358974358975
1_0_0_1_1_0_0_1_1_1_1_1_0_0_1_0_0_1_1_0_0_1_1_0_0_0_1_0_0_1_1_1_0_0_0_0_1_0_0_0_0_1_1_1_1_1,1,0.0002933333333333333,3.299831645537221e-5,0.14093959731543623,226.4868686868687
1_1_0_1_1_0_0_1_1_1_1_0_0_0_1_1_1_1_1_0_1_0_1_0_1_0_0_1_1_1_1_1_1_1_1_1_1_1_1_1_1_0_0_0_0_0,1,0.0002933333333333333,5.734883511361752e-5,0.1610738255033557,267.40235690235687
1_1_0_0_0_1_1_0_0_0_1_0_0_0_0_1_1_0_1_0_1_0_1_1_1_1_0_1_1_0_1_0_1_1_1_1_0_1_1_1_1_0_0_1_0_0,1,0.0002933333333333333,7.586537784494028e-5,0.10067114093959731,234.19565217391303
1_1_0_1_1_0_0_1_1_1_1_1_0_0_1_1_1_1_0_1_1_1_0_0_0_0_1_1_0_1_1_1_0_0_0_0_1_0_0_0_1_1_1_1_0_0,1,0.0002933333333333333,3.681787005729088e-5,0.15436241610738255,264.33116970926307
0_1_1_1_1_0_0_1_1_1_0_1_1_0_1_1_1_1_0_0_0_0_0_0_1_0_1_0_1_0_0_1_1_1_1_1_1_1_1_1_1_0_0_0_0_0,1,0.0002933333333333333,3.858612300930075e-5,0.12080536912751678,284.6981915933529
1_1_0_0_0_1_1_0_0_0_1_1_0_0_0_1_1_0_0_1_1_0_0_1_1_0_1_1_1_1_1_0_1_1_1_1_1_1_1_1_1_0_0_0_0_0,1,0.0002933333333333333,3.681787005729088e-5,0.1610738255033557,242.5185936443543
0_1_1_0_0_1_1_0_0_0_0_0_1_1_0_1_1_0_0_1_0_0_0_1_1_1_0_0_1_0_0_0_1_1_1_1_0_1_1_1_1_0_0_0_0_0,1,0.0002933333333333333,3.681787005729088e-5,0.1610738255033557,278.7473968897904
1_1_0_0_0_1_1_0_0_0_1_0_0_0_0_1_0_0_1_0_1_0_1_1_1_1_0_1_1_1_1_0_1_1_1_1_0_1_1_1_1_0_0_1_1_1,1,0.00029000000000000006,5.715476066494083e-5,0.11409395973154363,214.54773576097105
1_1_0_0_0_1_1_0_0_0_1_0_0_0_0_1_1_0_1_1_1_0_1_1_1_1_0_1_1_1_1_0_1_1_1_1_1_1_1_1_1_0_0_0_0_0,1,0.00029,5.715476066494083e-5,0.12080536912751678,248.41736694677869
0_0_1_1_1_0_0_1_1_1_0_1_1_1_1_1_1_1_0_1_0_1_0_0_0_0_1_0_0_1_0_1_0_0_0_0_1_0_0_0_0_1_1_0_0_0,1,0.00029,1.4142135623730961e-5,0.10067114093959731,248.7480798771121
0_0_1_1_1_0_0_1_1_1_0_1_1_1_1_0_0_1_0_0_0_0_0_0_1_0_1_0_1_0_0_1_1_1_1_1_0_1_1_1_0_0_0_1_1_1,1,0.00029,6.377042156569664e-5,0.12751677852348994,244.52076023391814
1_1_0_0_0_1_1_1_0_0_1_1_0_1_0_1_1_0_1_1_1_1_1_1_0_0_1_1_0_1_1_0_0_0_0_0_1_0_0_0_1_1_1_1_0_0,1,0.00028999999999999995,3.741657386773941e-5,0.20134228187919462,282.9848484848485
1_0_0_0_0_1_1_0_0_0_1_1_0_0_0_0_0_0_1_0_1_0_1_1_1_0_1_1_1_1_1_0_1_1_1_1_1_1_1_1_0_0_0_1_1_1,1,0.0002866666666666667,5.249338582674542e-5,0.16778523489932887,275.19586894586894
1_1_0_1_1_0_0_1_1_1_1_0_1_0_1_1_1_1_1_0_1_1_1_0_0_0_0_1_0_1_1_1_0_0_0_0_0_0_0_0_1_1_1_0_0_0,1,0.0002866666666666667,3.6817870057290866e-5,0.14093959731543623,244.3486590038314
1_1_1_1_1_0_0_1_1_1_1_0_1_1_1_1_1_1_0_1_1_0_0_0_1_1_0_1_1_0_1_1_1_1_1_1_0_1_1_1_1_0_0_0_0_0,1,0.0002866666666666667,5.9066817155564494e-5,0.15436241610738255,245.96681681681682
0_0_0_0_0_1_1_0_0_0_0_0_0_0_0_1_1_0_1_0_0_1_1_1_0_1_1_0_0_1_0_0_0_0_0_0_0_0_0_0_0_1_1_1_0_0,1,0.0002866666666666667,3.299831645537221e-5,0.10738255033557047,278.71139971139974
0_1_1_0_0_1_1_0_0_0_0_0_0_1_0_0_0_0_0_1_0_0_0_1_1_1_0_0_1_0_0_0_1_1_1_1_1_1_1_1_1_0_0_1_1_1,1,0.0002866666666666666,2.0548046676563267e-5,0.12080536912751678,264.13793103448273
0_0_1_1_1_0_0_1_1_1_0_1_1_1_1_0_1_1_0_1_0_1_0_0_0_0_1_0_0_0_0_1_0_0_0_0_1_0_0_0_0_1_1_0_0_0,1,0.00028333333333333335,4.1899350299921794e-5,0.11409395973154363,225.46296296296296
0_1_1_0_0_1_1_0_0_0_0_0_1_1_0_1_1_0_0_1_0_1_0_1_0_1_0_0_0_0_0_0_0_0_0_0_0_0_0_0_1_1_1_0_0_0,1,0.00028333333333333335,2.6246692913372722e-5,0.15436241610738255,314.2043566001899
0_1_0_1_1_0_0_1_1_1_0_1_1_0_1_1_1_1_0_0_1_0_0_0_1_0_1_1_1_0_0_1_1_1_1_1_1_1_1_1_1_0_0_0_0_0,1,0.00028333333333333335,2.494438257849294e-5,0.10067114093959731,212.20051909529107
1_0_0_0_0_1_1_0_0_0_1_1_0_0_0_1_1_0_1_1_1_1_1_1_0_0_1_1_0_1_1_0_0_0_0_0_1_0_0_0_0_1_1_1_0_0,1,0.00028333333333333335,2.494438257849294e-5,0.16778523489932887,260.7523915461624
0_0_1_1_1_0_0_1_1_1_0_0_1_1_1_0_1_1_1_0_0_0_1_0_1_1_0_0_1_1_0_1_1_1_1_1_0_1_1_1_0_0_0_0_0_0,1,0.0002833333333333333,2.0548046676563267e-5,0.19463087248322147,259.8904052936311
1_1_0_0_0_1_1_0_0_0_1_1_0_0_0_1_0_0_0_1_1_1_0_1_0_0_1_1_0_0_1_0_0_0_0_0_1_0_0_0_1_1_1_1_1_1,1,0.0002833333333333333,1.699673171197595e-5,0.19463087248322147,280.6445623342175
1_1_1_1_1_0_0_1_1_1_1_1_1_1_1_0_0_1_0_0_1_0_0_0_1_0_1_1_1_0_1_1_1_1_1_1_1_1_1_1_1_0_0_0_1_1,1,0.0002833333333333333,1.247219128924646e-5,0.10738255033557047,271.9532627865961
1_1_0_1_1_0_0_1_1_1_1_1_1_0_1_1_1_1_1_0_1_0_1_0_1_0_0_1_1_1_1_1_1_1_1_1_1_1_1_1_1_0_0_0_0_0,1,0.0002833333333333333,1.699673171197595e-5,0.12080536912751678,254.44503389330973
0_1_1_1_1_0_0_1_1_1_0_0_1_1_1_0_0_1_0_0_0_1_0_0_0_1_0_0_0_0_0_1_0_0_0_0_0_0_0_0_1_1_1_1_1_1,1,0.0002833333333333333,2.494438257849294e-5,0.1610738255033557,233.44812754912869
0_1_0_1_1_0_0_1_1_1_0_1_1_0_1_0_0_1_0_0_0_1_0_0_0_0_1_0_0_0_0_1_0_0_0_0_1_0_0_0_1_1_1_1_1_1,1,0.00028000000000000003,6.97614984548545e-5,0.11409395973154363,243.91577603011362
0_0_1_1_1_0_0_1_1_1_0_1_1_1_1_0_1_1_0_1_0_0_0_0_1_0_1_0_1_0_0_1_1_1_1_1_1_1_1_1_0_0_0_0_0_0,1,0.00028000000000000003,2.8284271247461923e-5,0.12080536912751678,234.43910256410257
0_0_1_1_1_0_0_1_1_1_0_1_1_1_1_0_0_1_1_1_0_0_1_0_1_1_1_0_1_1_0_1_1_1_1_1_0_1_1_1_0_0_0_0_1_1,1,0.00028000000000000003,4.9665548085837796e-5,0.15436241610738255,232.75634920634923
0_1_0_0_0_1_1_0_0_0_0_1_0_1_0_0_0_0_0_1_0_0_0_1_1_1_1_0_1_1_0_0_1_1_1_1_1_1_1_1_1_0_0_1_1_1,1,0.00028000000000000003,4.320493798938575e-5,0.12751677852348994,250.12757667169433
1_0_0_0_0_1_1_0_0_0_1_0_0_1_0_0_0_0_1_1_1_1_1_1_0_1_0_1_0_1_1_0_0_0_0_0_0_0_0_0_0_1_1_1_1_1,1,0.00027666666666666665,1.8856180831641267e-5,0.12080536912751678,303.1908045977012
1_1_0_0_0_1_1_0_0_0_1_0_0_0_0_1_0_0_1_0_1_1_1_1_0_1_0_1_0_1_1_0_0_0_0_0_0_0_0_0_1_1_1_1_1_1,1,0.00027666666666666665,4.714045207910304e-6,0.12080536912751678,241.00970017636686
1_1_1_1_1_0_0_1_1_1_1_1_1_1_1_0_0_1_0_1_1_0_0_0_1_0_1_1_1_1_1_1_1_1_1_1_1_1_1_1_1_0_0_1_1_1,1,0.00027666666666666665,6.798692684790379e-5,0.10738255033557047,253.7214929214929
0_0_0_0_0_1_1_0_0_0_0_0_0_0_0_1_1_0_1_0_0_1_1_1_0_1_0_0_0_0_0_0_0_0_0_0_0_0_0_0_0_1_1_0_0_0,1,0.00027666666666666665,4.714045207910304e-6,0.10738255033557047,290.70105820105823
1_0_1_0_0_1_1_0_0_0_1_0_0_1_0_0_0_0_1_1_0_0_1_1_1_1_0_0_1_1_1_0_1_1_1_1_0_1_1_1_0_0_0_1_1_1,1,0.00027666666666666665,8.219218670625301e-5,0.09395973154362416,223.0778648831387
0_0_1_0_0_1_1_0_0_0_0_1_1_1_0_0_0_0_1_1_0_1_1_1_0_1_1_0_0_1_0_0_0_0_0_0_0_0_0_0_0_1_1_0_1_1,1,0.00027666666666666665,7.586537784494028e-5,0.1610738255033557,247.2058823529412
1_1_0_0_0_1_1_0_0_0_1_0_0_0_0_1_1_0_0_0_1_1_0_1_0_1_0_1_0_1_1_0_0_0_0_0_1_0_0_0_1_1_1_0_0_0,1,0.00027666666666666665,2.494438257849294e-5,0.11409395973154363,243.5557148546396
1_0_0_0_0_1_1_0_0_0_1_0_0_0_0_0_0_0_1_1_1_0_1_1_1_1_0_1_1_0_1_0_1_1_1_1_0_1_1_1_0_0_0_1_1_1,1,0.00027666666666666665,3.8586123009300757e-5,0.10067114093959731,281.21600621600624
1_1_1_1_1_0_0_1_1_1_1_1_1_1_1_0_0_1_1_1_1_0_1_0_1_0_1_1_1_1_1_1_1_1_1_1_1_1_1_1_1_0_0_0_1_1,1,0.00027666666666666665,5.5577773335110216e-5,0.11409395973154363,242.34848484848484
0_1_0_0_0_1_1_0_0_0_0_1_0_0_0_1_1_0_0_1_1_0_0_1_1_0_1_1_1_0_0_0_1_1_1_1_1_1_1_1_1_0_0_1_0_0,1,0.00027666666666666665,4.714045207910304e-6,0.16778523489932887,240.43650793650795
1_1_1_1_1_0_0_1_1_1_1_0_1_1_1_1_1_1_1_0_1_0_1_0_1_0_0_1_1_0_1_1_1_1_1_1_0_1_1_1_1_0_0_0_0_0,1,0.0002733333333333334,4.642796092394707e-5,0.12080536912751678,233.49633962780513
1_0_1_1_1_0_0_1_1_1_1_1_1_0_1_1_1_1_1_0_1_1_1_0_0_0_1_1_0_0_1_1_0_0_0_0_0_0_0_0_0_1_1_0_0_0,1,0.00027333333333333333,2.8674417556808754e-5,0.11409395973154363,258.1197729988053
0_1_0_1_1_0_0_1_1_1_0_1_1_0_1_1_1_1_0_0_0_0_0_0_1_0_1_0_1_0_0_1_1_1_1_1_1_1_1_1_1_0_0_0_0_0,1,0.00027333333333333333,4.714045207910304e-6,0.1342281879194631,275.1146384479718
0_0_0_0_0_1_1_0_0_0_0_0_0_0_0_1_1_0_0_0_0_0_0_1_1_1_0_0_1_0_0_0_1_1_1_1_0_1_1_1_0_0_0_1_0_0,1,0.00027333333333333333,4.784233364802442e-5,0.12080536912751678,255.87195225916457
1_1_0_1_1_0_0_1_1_1_1_1_0_0_1_1_1_1_1_1_1_0_1_0_1_0_1_1_1_1_1_1_1_1_1_1_1_1_1_1_1_0_0_1_0_0,1,0.00027333333333333333,2.0548046676563243e-5,0.16778523489932887,283.9358024691358
1_1_0_1_1_0_0_1_1_1_1_0_0_0_1_1_1_1_0_0_1_0_0_0_1_0_0_1_1_0_1_1_1_1_1_1_1_1_1_1_1_0_0_1_0_0,1,0.00027333333333333333,1.247219128924648e-5,0.1610738255033557,240.94344565608932
1_0_0_0_0_1_1_0_0_0_1_0_0_0_0_1_0_0_1_0_1_1_1_1_0_1_0_1_0_1_1_0_0_0_0_0_0_0_0_0_0_1_1_1_1_1,1,0.00027333333333333333,3.299831645537221e-5,0.11409395973154363,251.52290790088827
0_0_0_0_0_1_1_0_0_0_0_0_0_0_0_1_1_0_1_1_0_1_1_1_0_1_0_0_0_1_0_0_0_0_0_0_0_0_0_0_0_1_1_1_0_0,1,0.00027333333333333333,4.02768199119819e-5,0.10738255033557047,241.4848484848485
0_1_1_1_1_0_0_1_1_1_0_1_1_0_1_1_1_1_0_0_0_1_0_0_0_0_1_0_0_0_0_1_0_0_0_0_1_0_0_0_1_1_1_0_0_0,1,0.0002733333333333333,9.428090415820634e-6,0.11409395973154363,288.1868131868132
0_0_1_0_0_1_1_0_0_0_0_0_0_1_0_0_0_0_0_1_0_1_0_1_0_1_1_0_0_0_0_0_0_0_0_0_0_0_0_0_0_1_1_1_1_1,1,0.00027,5.354126134736338e-5,0.12080536912751678,266.8921927745457
1_1_1_0_0_1_1_0_0_0_1_0_1_1_0_1_1_0_0_0_1_0_0_1_1_1_0_1_1_0_1_0_1_1_1_1_0_1_1_1_1_0_0_0_0_0,1,0.00027,5.715476066494082e-5,0.1476510067114094,225.12445887445884
1_0_0_0_0_1_1_0_0_0_1_0_0_0_0_1_1_0_1_1_1_0_1_1_1_1_1_1_1_0_1_0_1_1_1_1_0_1_1_1_0_0_0_1_0_0,1,0.00027,4.5460605656619524e-5,0.10738255033557047,247.77777777777774
1_0_0_1_1_0_0_1_1_1_1_1_0_0_1_0_0_1_1_0_1_1_1_0_0_0_1_1_0_1_1_1_0_0_0_0_1_0_0_0_0_1_1_1_1_1,1,0.00027,2.943920288775949e-5,0.1610738255033557,283.2113316790736
0_1_1_1_1_0_0_1_1_1_0_1_1_1_1_0_0_1_0_0_0_1_0_0_0_0_0_0_0_1_0_1_0_0_0_0_1_0_0_0_1_1_1_0_1_1,1,0.00027,4.320493798938573e-5,0.10738255033557047,260.1493192797541
0_1_1_1_1_0_0_1_1_1_0_1_1_1_1_0_0_1_0_0_0_0_0_0_1_0_0_0_1_1_0_1_1_1_1_1_1_1_1_1_1_0_0_1_1_1,1,0.00027,1.632993161855452e-5,0.10067114093959731,243.96304810557683
1_1_0_0_0_1_1_0_0_0_1_1_0_0_0_1_0_0_1_0_1_1_1_1_0_0_1_1_0_1_1_0_0_0_0_0_1_0_0_0_1_1_1_1_1_1,1,0.00027,2.943920288775949e-5,0.20134228187919462,257.9917976288944
0_1_1_1_1_0_0_1_1_1_0_0_1_1_1_1_1_1_0_0_1_0_0_0_1_0_0_1_1_0_0_1_1_1_1_1_0_1_1_1_1_0_0_0_0_0,1,0.00027,1.4142135623730961e-5,0.11409395973154363,255.3315649867374
1_0_0_0_0_1_1_0_0_0_1_1_0_0_0_1_1_0_1_1_1_0_1_1_1_0_1_1_1_1_1_0_1_1_1_1_1_1_1_1_0_0_0_1_0_0,1,0.00027,2.160246899469286e-5,0.174496644295302,251.00779967159278
1_0_0_0_0_1_1_0_0_0_1_0_0_1_0_0_0_0_1_1_1_0_1_1_1_1_0_1_1_1_1_0_1_1_1_1_0_1_1_1_0_0_0_1_1_1,1,0.0002666666666666667,5.9066817155564494e-5,0.11409395973154363,293.50668172407296
0_0_1_0_0_1_1_0_0_0_0_1_1_1_0_0_0_0_0_1_0_0_0_1_1_1_1_0_1_0_0_0_1_1_1_1_0_1_1_1_0_0_0_1_1_1,1,0.0002666666666666667,4.988876515698589e-5,0.16778523489932887,294.4613095238095
0_0_1_1_1_0_0_1_1_1_0_1_1_1_1_0_0_1_0_0_0_1_0_0_0_0_1_0_0_0_0_1_0_0_0_0_0_0_0_0_0_1_1_1_1_1,1,0.0002666666666666667,6.342099196813482e-5,0.12080536912751678,242.29710902124694
1_0_1_0_0_1_1_0_0_0_1_0_0_1_0_0_0_0_1_1_0_1_1_1_0_1_0_0_0_1_1_0_0_0_0_0_0_0_0_0_0_1_1_1_1_1,1,0.0002666666666666666,2.357022603955157e-5,0.10067114093959731,222.88888888888889
0_1_0_0_0_1_1_0_0_0_0_1_0_0_0_1_1_0_0_0_1_1_0_1_0_0_1_1_0_0_0_0_0_0_0_0_1_0_0_0_1_1_1_0_0_0,1,0.0002666666666666666,4.784233364802441e-5,0.15436241610738255,227.8978494623656
0_0_1_1_1_0_0_1_1_1_0_0_1_1_1_0_0_1_1_0_0_0_1_0_1_1_0_0_1_0_0_1_1_1_1_1_0_1_1_1_0_0_0_0_1_1,1,0.0002666666666666666,2.8674417556808744e-5,0.16778523489932887,245.12506709608158
0_0_0_1_1_0_0_1_1_1_0_1_0_0_1_0_0_1_1_1_0_1_1_0_0_0_1_0_0_1_0_1_0_0_0_0_1_0_0_0_0_1_1_1_1_1,1,0.00026333333333333336,4.0276819911981915e-5,0.1476510067114094,229.9969806763285
0_1_0_1_1_0_0_1_1_1_0_1_1_0_1_1_1_1_0_0_1_1_0_0_0_0_1_1_0_0_0_1_0_0_0_0_1_0_0_0_1_1_1_0_0_0,1,0.00026333333333333336,3.091206165165234e-5,0.09395973154362416,220.27466786087476
1_1_1_1_1_0_0_1_1_1_1_1_1_1_1_0_0_1_0_1_1_0_0_0_1_0_0_1_1_0_1_1_1_1_1_1_1_1_1_1_1_0_0_0_1_1,1,0.00026333333333333336,7.71722460186015e-5,0.10738255033557047,245.8438988187272
1_1_1_1_1_0_0_1_1_1_1_1_1_1_1_0_0_1_1_1_1_1_1_0_0_0_1_1_0_1_1_1_0_0_0_0_1_0_0_0_1_1_1_0_1_1,1,0.00026333333333333336,4.1096093353126506e-5,0.12080536912751678,232.86681458724468
1_0_0_1_1_0_0_1_1_1_1_1_0_0_1_0_0_1_1_0_0_0_1_0_1_0_1_0_1_1_1_1_1_1_1_1_1_1_1_1_0_0_0_1_1_1,1,0.00026333333333333336,3.2998316455372206e-5,0.1342281879194631,256.41863075196403
1_1_1_0_0_1_1_0_0_0_1_0_1_1_0_1_1_0_0_0_1_1_0_1_0_1_0_1_0_0_1_0_0_0_0_0_0_0_0_0_1_1_1_0_0_0,1,0.0002633333333333333,2.8674417556808744e-5,0.14093959731543623,233.19806763285024
0_0_1_1_1_0_0_1_1_1_0_1_1_1_1_0_0_1_0_0_0_0_0_0_1_0_1_0_1_0_0_1_1_1_1_1_0_1_1_1_0_0_0_0_1_1,1,0.0002633333333333333,3.2998316455372206e-5,0.12751677852348994,258.2682379349046
0_0_1_0_0_1_1_0_0_0_0_1_1_1_0_0_0_0_0_1_0_1_0_1_0_1_1_0_0_0_0_0_0_0_0_0_0_0_0_0_0_1_1_1_1_1,1,0.0002633333333333333,2.8674417556808744e-5,0.1610738255033557,283.50204384986995
0_1_1_1_1_0_0_1_1_1_0_0_1_1_1_0_0_1_0_0_0_1_0_0_0_1_0_0_0_0_0_1_0_0_0_0_0_0_0_0_1_1_1_0_1_1,1,0.00026000000000000003,6.164414002968977e-5,0.174496644295302,256.72136222910217
1_1_1_1_1_0_0_1_1_1_1_0_1_1_1_1_1_1_0_1_1_1_0_0_0_1_0_1_0_0_1_1_0_0_0_0_0_0_0_0_1_1_1_0_0_0,1,0.00026000000000000003,3.559026084010437e-5,0.1476510067114094,223.8779803646564
0_1_1_0_0_1_1_0_0_0_0_0_0_1_0_0_0_0_0_1_0_1_0_1_0_1_0_0_0_0_0_0_0_0_0_0_1_0_0_0_1_1_1_1_1_1,1,0.00026000000000000003,5.715476066494082e-5,0.12751677852348994,259.3105508177811
1_0_0_0_0_1_1_0_0_0_1_1_0_0_0_0_0_0_1_1_0_0_1_1_1_1_1_0_1_1_1_0_1_1_1_1_1_1_1_1_0_0_0_1_1_1,1,0.00026,1.6329931618554506e-5,0.10738255033557047,260.3586691086691
1_1_0_0_0_1_1_1_0_0_1_1_0_1_0_1_1_0_1_1_1_0_1_1_1_0_1_1_1_1_1_0_1_1_1_1_1_1_1_1_1_0_0_0_0_0,1,0.00026,2.8284271247461885e-5,0.19463087248322147,284.8055555555556
1_0_0_0_0_1_1_0_0_0_1_0_0_0_0_1_0_0_1_0_1_0_1_1_1_1_0_1_1_1_1_0_1_1_1_1_0_1_1_1_0_0_0_1_1_1,1,0.0002566666666666667,2.494438257849294e-5,0.10738255033557047,250.03518240879558
1_1_0_0_0_1_1_0_0_0_1_1_0_0_0_0_0_0_0_0_1_0_0_1_1_0_1_1_1_1_1_0_1_1_1_1_1_1_1_1_1_0_0_1_1_1,1,0.0002566666666666667,6.944222218666553e-5,0.16778523489932887,247.3814655172414
1_1_0_0_0_1_1_1_0_0_1_1_0_1_0_1_1_0_1_1_1_1_1_1_0_0_1_1_0_1_1_0_0_0_0_0_1_0_0_0_1_1_1_0_0_0,1,0.0002566666666666667,6.798692684790379e-5,0.20134228187919462,289.503977334641
1_0_0_0_0_1_1_0_0_0_1_0_0_0_0_0_0_0_1_1_1_1_1_1_0_1_1_1_0_0_1_0_0_0_0_0_0_0_0_0_0_1_1_1_1_1,1,0.0002566666666666667,2.3570226039551585e-5,0.11409395973154363,265.8955938697318
1_0_1_0_0_1_1_0_0_0_1_0_0_1_0_1_1_0_1_1_1_1_1_1_0_1_0_1_0_1_1_0_0_0_0_0_0_0_0_0_0_1_1_0_0_0,1,0.0002566666666666667,1.2472191289246469e-5,0.12080536912751678,260.9199905033238
1_1_0_0_0_1_1_0_0_0_1_0_0_0_0_1_1_0_0_0_1_1_0_1_0_0_0_1_0_0_1_0_0_0_0_0_1_0_0_0_1_1_1_0_0_0,1,0.00025666666666666665,2.6246692913372695e-5,0.15436241610738255,283.07279140612474
1_1_0_0_0_1_1_0_0_0_1_0_0_1_0_1_1_0_0_1_1_1_0_1_0_1_0_1_0_0_1_0_0_0_0_0_1_0_0_0_1_1_1_1_0_0,1,0.00025666666666666665,3.2998316455372206e-5,0.1342281879194631,277.57575757575756
1_1_1_1_1_0_0_1_1_1_1_1_1_1_1_0_0_1_1_0_1_1_1_0_0_0_1_1_0_1_1_1_0_0_0_0_1_0_0_0_1_1_1_1_1_1,1,0.00025333333333333333,3.0912061651652335e-5,0.11409395973154363,230.82010582010582
0_0_1_0_0_1_1_0_0_0_0_1_0_1_0_0_0_0_0_1_0_1_0_1_0_1_1_0_0_0_0_0_0_0_0_0_1_0_0_0_0_1_1_1_1_1,1,0.00025333333333333333,2.4944382578492927e-5,0.1476510067114094,245.93906093906094
0_1_1_1_1_0_0_1_1_1_0_1_1_1_1_0_1_1_0_1_0_0_0_0_1_0_1_0_1_0_0_1_1_1_1_1_1_1_1_1_1_0_0_0_0_0,1,0.00025333333333333333,4.02768199119819e-5,0.11409395973154363,241.74040545709548
0_0_1_1_1_0_0_1_1_1_0_0_1_1_1_0_0_1_1_0_1_1_1_0_0_0_0_1_0_1_0_1_0_0_0_0_0_0_0_0_0_1_1_1_1_1,1,0.00025333333333333333,2.4944382578492927e-5,0.15436241610738255,273.2808857808858
1_1_0_1_1_0_0_1_1_1_1_1_1_0_1_1_1_1_1_0_1_1_1_0_0_0_0_1_0_1_1_1_0_0_0_0_1_0_0_0_1_1_1_0_0_0,1,0.00025333333333333333,4.642796092394705e-5,0.11409395973154363,241.71345029239765
0_0_1_0_0_1_1_0_0_0_0_1_1_1_0_0_0_0_1_1_0_1_1_1_0_1_1_0_0_0_0_0_0_0_0_0_0_0_0_0_0_1_1_1_1_1,1,0.00025333333333333333,4.496912521077347e-5,0.15436241610738255,265.0806451612903
0_0_1_0_0_1_1_0_0_0_0_0_1_1_0_1_1_0_0_0_0_1_0_1_0_1_0_0_0_0_0_0_0_0_0_0_0_0_0_0_0_1_1_0_0_0,1,0.00025333333333333333,3.299831645537221e-5,0.16778523489932887,264.07982821775926
0_1_0_0_0_1_1_1_0_0_0_1_0_1_0_0_0_0_0_1_0_0_0_1_1_0_1_0_1_0_0_0_1_1_1_1_1_1_1_1_1_0_0_1_1_1,1,0.00025,6.377042156569661e-5,0.174496644295302,269.6048850574712
0_0_1_0_0_1_1_0_0_0_0_1_0_1_0_0_0_0_0_1_0_0_0_1_1_1_1_0_1_0_0_0_1_1_1_1_1_1_1_1_0_0_0_1_1_1,1,0.00025,1.632993161855452e-5,0.14093959731543623,258.49339774557166
0_0_1_0_0_1_1_0_0_0_0_0_0_1_0_0_0_0_0_1_0_0_0_1_1_1_1_0_1_0_0_0_1_1_1_1_0_1_1_1_0_0_0_1_1_1,1,0.00025,3.559026084010436e-5,0.11409395973154363,243.50088183421516
1_1_0_1_1_0_0_1_1_1_1_1_0_0_1_1_0_1_0_0_1_1_0_0_0_0_1_1_0_0_1_1_0_0_0_0_1_0_0_0_1_1_1_1_1_1,1,0.00025,2.4494897427831768e-5,0.174496644295302,242.65541125541122
1_0_1_0_0_1_1_0_0_0_1_0_0_1_0_0_0_0_1_1_1_1_1_1_0_1_0_1_0_1_1_0_0_0_0_0_0_0_0_0_0_1_1_1_1_1,1,0.00025,2.82842712474619e-5,0.1342281879194631,288.73015873015873
1_1_0_0_0_1_1_0_0_0_1_0_0_0_0_1_1_0_0_0_1_1_0_1_0_0_0_1_0_0_1_0_0_0_0_0_1_0_0_0_1_1_1_1_0_0,1,0.00025,5.3541261347363375e-5,0.15436241610738255,222.97880116959064
0_0_1_1_1_0_0_1_1_1_0_1_1_1_1_0_0_1_1_1_0_1_1_0_0_0_1_0_0_0_0_1_0_0_0_0_0_0_0_0_0_1_1_1_1_1,1,0.00025,3.265986323710904e-5,0.10738255033557047,257.1627805145047
1_1_0_0_0_1_1_0_0_0_1_0_0_0_0_1_1_0_1_1_1_1_1_1_0_1_0_1_0_1_1_0_0_0_0_0_1_0_0_0_1_1_1_0_0_0,1,0.00025,5.099019513592786e-5,0.12751677852348994,240.72554347826087
1_0_1_1_1_0_0_1_1_1_1_1_1_1_1_0_0_1_1_1_0_1_1_0_0_0_1_0_0_1_1_1_0_0_0_0_1_0_0_0_0_1_1_0_1_1,1,0.0002466666666666667,4.642796092394706e-5,0.09395973154362416,241.10495558672278
0_0_0_0_0_1_1_0_0_0_0_1_0_0_0_0_0_0_1_0_0_0_1_1_1_0_1_0_1_1_0_0_1_1_1_1_1_1_1_1_0_0_0_1_1_1,1,0.0002466666666666667,2.8674417556808744e-5,0.1476510067114094,227.5142857142857
0_0_1_1_1_0_0_1_1_1_0_1_1_1_1_0_0_1_1_1_1_1_1_0_0_0_1_1_0_1_0_1_0_0_0_0_0_0_0_0_0_1_1_1_1_1,1,0.0002466666666666667,3.091206165165234e-5,0.1342281879194631,271.7005133796738
0_0_1_0_0_1_1_0_0_0_0_1_1_1_0_1_1_0_1_1_0_1_1_1_0_1_1_0_0_1_0_0_0_0_0_0_0_0_0_0_0_1_1_0_0_0,1,0.0002466666666666667,5.436502143433364e-5,0.1610738255033557,249.0484363081617
0_0_0_0_0_1_1_0_0_0_0_0_0_0_0_1_1_0_1_1_0_0_1_1_1_1_0_0_1_1_0_0_1_1_1_1_0_1_1_1_0_0_0_1_0_0,1,0.0002466666666666667,7.408703590297623e-5,0.11409395973154363,257.8702408702409
0_1_1_1_1_0_0_1_1_1_0_0_1_1_1_1_1_1_0_0_1_1_0_0_0_0_0_1_0_0_0_1_0_0_0_0_0_0_0_0_1_1_1_0_0_0,1,0.0002466666666666667,2.357022603955157e-5,0.10738255033557047,249.68944099378882
1_0_1_1_1_0_0_1_1_1_1_1_1_0_1_1_1_1_1_0_1_0_1_0_1_0_1_1_1_0_1_1_1_1_1_1_0_1_1_1_0_0_0_0_0_0,1,0.00024333333333333333,4.714045207910317e-6,0.12080536912751678,245.56666666666666
0_0_1_0_0_1_1_0_0_0_0_0_1_1_0_0_0_0_1_0_0_0_1_1_1_1_0_0_1_0_0_0_1_1_1_1_0_1_1_1_0_0_0_0_1_1,1,0.00024333333333333333,1.8856180831641267e-5,0.15436241610738255,260.0966183574879
1_1_0_1_1_0_0_1_1_1_1_0_1_0_1_1_1_1_0_0_1_1_0_0_0_0_0_1_0_0_1_1_0_0_0_0_0_0_0_0_1_1_1_0_0_0,1,0.00024333333333333333,2.3570226039551568e-5,0.14093959731543623,219.79853479853477
0_0_1_1_1_0_0_1_1_1_0_0_1_1_1_0_0_1_1_0_0_1_1_0_0_1_0_0_0_0_0_1_0_0_0_0_0_0_0_0_0_1_1_1_1_1,1,0.00024333333333333333,2.494438257849294e-5,0.1610738255033557,239.85749559082896
0_0_1_1_1_0_0_1_1_1_0_0_1_1_1_0_0_1_1_0_0_0_1_0_1_1_0_0_1_0_0_1_1_1_1_1_0_1_1_1_0_0_0_1_1_1,1,0.00024333333333333333,5.185449728701347e-5,0.16778523489932887,238.2563025210084
1_0_0_0_0_1_1_0_0_0_1_1_0_0_0_1_1_0_1_1_1_1_1_1_0_0_1_1_0_1_1_0_0_0_0_0_1_0_0_0_0_1_1_0_0_0,1,0.00024333333333333333,1.2472191289246458e-5,0.16778523489932887,254.65858416945375
1_1_0_1_1_0_0_1_1_1_1_0_0_0_1_0_0_1_0_0_1_1_0_0_0_0_0_1_0_0_1_1_0_0_0_0_1_0_0_0_1_1_1_1_1_1,1,0.00024,3.7416573867739416e-5,0.16778523489932887,238.9565217391304
0_1_0_0_0_1_1_0_0_0_0_1_0_1_0_0_0_0_0_1_0_1_0_1_0_1_1_0_0_1_0_0_0_0_0_0_1_0_0_0_1_1_1_1_1_1,1,0.00024,4.08248290463863e-5,0.1342281879194631,235.46203871748335
1_1_0_1_1_0_0_1_1_1_1_0_0_0_1_1_1_1_1_0_1_1_1_0_0_0_0_1_0_1_1_1_0_0_0_0_1_0_0_0_1_1_1_0_0_0,1,0.00023999999999999998,3.2659863237109026e-5,0.16778523489932887,280.23015873015873
1_1_0_0_0_1_1_0_0_0_1_0_0_0_0_0_0_0_1_1_1_1_1_1_0_1_0_1_0_1_1_0_0_0_0_0_1_0_0_0_1_1_1_1_1_1,1,0.00023999999999999998,2.8284271247461885e-5,0.14093959731543623,258.5930735930736
0_0_1_1_1_0_0_1_1_1_0_1_1_1_1_0_0_1_1_1_0_0_1_0_1_0_1_0_1_0_0_1_1_1_1_1_0_1_1_1_0_0_0_1_1_1,1,0.00023666666666666668,7.408703590297624e-5,0.11409395973154363,223.31488095238095
1_1_1_1_1_0_0_1_1_1_1_1_1_1_1_0_0_1_0_0_1_1_0_0_0_0_1_1_0_0_1_1_0_0_0_0_1_0_0_0_1_1_1_0_1_1,1,0.00023666666666666668,1.247219128924647e-5,0.11409395973154363,270.3055555555556
1_1_0_0_0_1_1_0_0_0_1_0_0_0_0_1_1_0_0_0_0_1_0_1_0_1_0_0_0_0_1_0_0_0_0_0_1_0_0_0_1_1_1_0_0_0,1,0.00023666666666666668,2.357022603955158e-5,0.14093959731543623,247.82828282828282
0_1_0_0_0_1_1_0_0_0_0_0_0_1_0_0_0_0_0_1_0_0_0_1_1_1_0_0_1_1_0_0_1_1_1_1_1_1_1_1_1_0_0_1_1_1,1,0.00023666666666666668,2.0548046676563243e-5,0.11409395973154363,237.83882783882783
0_0_1_1_1_0_0_1_1_1_0_1_1_1_1_0_0_1_1_1_0_0_1_0_1_1_1_0_1_1_0_1_1_1_1_1_0_1_1_1_0_0_0_1_1_1,1,0.00023666666666666668,6.128258770283411e-5,0.15436241610738255,242.06317204301072
0_1_0_0_0_1_1_0_0_0_0_0_0_0_0_1_1_0_0_0_1_1_0_1_0_1_0_1_0_0_0_0_0_0_0_0_1_0_0_0_1_1_1_1_0_0,1,0.00023666666666666668,5.24933858267454e-5,0.10738255033557047,254.82631309456437
1_0_1_0_0_1_1_0_0_0_1_1_1_1_0_0_0_0_1_1_0_1_1_1_0_1_1_0_0_1_1_0_0_0_0_0_0_0_0_0_0_1_1_1_1_1,1,0.00023666666666666668,6.236095644623236e-5,0.1476510067114094,261.677807486631
1_0_1_0_0_1_1_0_0_0_1_1_1_1_0_0_0_0_1_1_0_0_1_1_1_1_1_0_1_1_1_0_1_1_1_1_0_1_1_1_0_0_0_1_1_1,1,0.00023666666666666668,2.494438257849294e-5,0.15436241610738255,262.33264320220843
1_1_1_1_1_0_0_1_1_1_1_1_1_1_1_0_0_1_1_1_1_0_1_0_1_0_0_1_1_1_1_1_1_1_1_1_1_1_1_1_1_0_0_1_1_1,1,0.00023666666666666668,4.189935029992177e-5,0.12080536912751678,284.81481481481484
1_1_0_1_1_0_0_1_1_1_1_1_0_0_1_0_0_1_1_1_1_0_1_0_1_0_1_1_1_1_1_1_1_1_1_1_1_1_1_1_1_0_0_1_1_1,1,0.00023666666666666668,2.6246692913372692e-5,0.16778523489932887,233.7794871794872
1_0_0_0_0_1_1_0_0_0_1_1_0_0_0_1_1_0_1_1_1_0_1_1_1_0_1_1_1_1_1_0_1_1_1_1_1_1_1_1_0_0_0_0_0_0,1,0.00023666666666666668,1.247219128924647e-5,0.1610738255033557,244.57171717171718
0_1_1_1_1_0_0_1_1_1_0_0_1_1_1_0_0_1_0_0_0_0_0_0_1_1_0_0_1_0_0_1_1_1_1_1_0_1_1_1_1_0_0_1_1_1,1,0.00023666666666666668,1.8856180831641267e-5,0.16778523489932887,245.47936507936507
0_1_0_0_0_1_1_0_0_0_0_1_0_0_0_1_1_0_0_1_1_1_0_1_0_0_1_1_0_0_0_0_0_0_0_0_1_0_0_0_1_1_1_0_0_0,1,0.00023666666666666668,2.357022603955158e-5,0.1610738255033557,228.47923681257012
0_1_0_0_0_1_1_0_0_0_0_0_0_0_0_0_1_0_0_0_1_1_0_1_0_1_0_1_0_0_0_0_0_0_0_0_0_0_0_0_1_1_1_1_1_1,1,0.00023666666666666663,1.6996731711975933e-5,0.12751677852348994,240.6237964933617
1_1_0_0_0_1_1_0_0_0_1_0_0_0_0_1_1_0_0_0_1_0_0_1_1_1_0_1_1_1_1_0_1_1_1_1_1_1_1_1_1_0_0_0_0_0,1,0.00023666666666666663,5.436502143433363e-5,0.10738255033557047,233.34876543209876
1_1_0_0_0_1_1_0_0_0_1_1_0_0_0_1_1_0_1_0_0_1_1_1_0_1_1_0_0_1_1_0_0_0_0_0_1_0_0_0_1_1_1_0_0_0,1,0.00023666666666666663,4.642796092394705e-5,0.16778523489932887,238.79957469431153
1_1_0_0_0_1_1_0_0_0_1_0_0_0_0_1_1_0_0_0_1_1_0_1_0_1_0_1_0_1_1_0_0_0_0_0_1_0_0_0_1_1_1_1_0_0,1,0.00023333333333333333,2.494438257849293e-5,0.11409395973154363,238.16025641025644
0_0_1_1_1_0_0_1_1_1_0_1_1_1_1_0_0_1_1_1_0_0_1_0_1_0_1_0_1_0_0_1_1_1_1_1_0_1_1_1_0_0_0_0_1_1,1,0.00023333333333333333,4.10960933531265e-5,0.11409395973154363,270.9325396825397
0_0_1_1_1_0_0_1_1_1_0_1_1_1_1_0_0_1_0_0_0_0_0_0_1_0_1_0_1_1_0_1_1_1_1_1_1_1_1_1_0_0_0_0_1_1,1,0.00023333333333333333,4.10960933531265e-5,0.10067114093959731,221.44179894179896
1_1_0_0_0_1_1_0_0_0_1_0_0_0_0_1_0_0_0_0_1_0_0_1_1_1_0_1_1_0_1_0_1_1_1_1_1_1_1_1_1_0_0_1_1_1,1,0.00023333333333333333,3.681787005729085e-5,0.1342281879194631,258.40961098398174
0_1_0_0_0_1_1_0_0_0_0_1_0_0_0_0_1_0_0_0_1_1_0_1_0_0_1_1_0_0_0_0_0_0_0_0_1_0_0_0_1_1_1_1_1_1,1,0.00023333333333333333,4.714045207910315e-5,0.19463087248322147,226.66666666666666
0_0_0_1_1_0_0_1_1_1_0_1_0_0_1_0_0_1_0_0_0_0_0_0_1_0_1_0_1_1_0_1_1_1_1_1_1_1_1_1_0_0_0_1_1_1,1,0.00023333333333333333,6.236095644623235e-5,0.14093959731543623,219.71111111111114
1_1_0_0_0_1_1_0_0_0_1_0_0_1_0_1_1_0_0_1_1_0_0_1_1_1_0_1_1_0_1_0_1_1_1_1_1_1_1_1_1_0_0_1_0_0,1,0.00023333333333333333,3.2998316455372206e-5,0.14093959731543623,298.45238095238096
1_1_0_0_0_1_1_0_0_0_1_0_0_0_0_1_1_0_1_1_1_1_1_1_0_1_0_1_0_1_1_0_0_0_0_0_1_0_0_0_1_1_1_1_0_0,1,0.00023000000000000003,4.320493798938573e-5,0.12751677852348994,270.2033405954975
0_0_0_0_0_1_1_0_0_0_0_0_0_1_0_0_0_0_1_1_0_0_1_1_1_1_1_0_1_0_0_0_1_1_1_1_0_1_1_1_0_0_0_1_1_1,1,0.00023000000000000003,4.082482904638629e-5,0.09395973154362416,218.58695652173913
0_1_0_0_0_1_1_0_0_0_0_0_0_1_0_0_0_0_0_1_0_1_0_1_0_1_0_0_0_1_0_0_0_0_0_0_1_0_0_0_1_1_1_1_1_1,1,0.00023000000000000003,2.4494897427831768e-5,0.12080536912751678,259.9442586399108
1_1_1_1_1_0_0_1_1_1_1_1_1_0_1_1_1_1_0_0_1_0_0_0_1_0_0_1_1_1_1_1_1_1_1_1_1_1_1_1_1_0_0_0_0_0,1,0.00023000000000000003,2.160246899469285e-5,0.10067114093959731,228.99433899433902
0_1_0_1_1_0_0_1_1_1_0_1_1_0_1_1_1_1_0_0_0_1_0_0_0_0_1_0_0_0_0_1_0_0_0_0_1_0_0_0_1_1_1_0_0_0,1,0.00023000000000000003,7.348469228349536e-5,0.12751677852348994,310.4994824016563
0_0_0_0_0_1_1_0_0_0_0_0_0_0_0_1_1_0_0_1_0_0_0_1_1_1_0_0_1_0_0_0_1_1_1_1_0_1_1_1_0_0_0_0_0_0,1,0.00023000000000000003,1.632993161855452e-5,0.11409395973154363,244.7665976535542
0_0_1_0_0_1_1_0_0_0_0_0_0_1_0_0_0_0_1_1_0_1_1_1_0_1_1_0_0_0_0_0_0_0_0_0_0_0_0_0_0_1_1_1_1_1,1,0.00022999999999999998,2.9439202887759487e-5,0.11409395973154363,222.76318742985413
1_1_0_0_0_1_1_1_0_0_1_1_0_1_0_1_1_0_1_1_1_0_1_1_1_0_1_1_1_1_1_0_1_1_1_1_1_1_1_1_1_0_0_1_0_0,1,0.00022999999999999998,2.943920288775948e-5,0.2080536912751678,271.11898335582543
1_0_0_1_1_0_0_1_1_1_1_1_0_0_1_1_1_1_1_1_1_1_1_0_0_0_1_1_0_1_1_1_0_0_0_0_1_0_0_0_0_1_1_0_0_0,1,0.00022999999999999998,2.1602468994692855e-5,0.15436241610738255,272.75224775224774
0_0_1_1_1_0_0_1_1_1_0_0_1_1_1_0_0_1_0_1_1_0_0_0_1_0_0_1_1_0_0_1_1_1_1_1_0_1_1_1_0_0_0_1_1_1,1,0.00022999999999999998,8.04155872120988e-5,0.16778523489932887,259.7875816993464
1_0_0_0_0_1_1_0_0_0_1_1_0_0_0_0_0_0_1_1_0_1_1_1_0_1_1_0_0_1_1_0_0_0_0_0_1_0_0_0_0_1_1_1_1_1,1,0.00022666666666666668,5.4365021434333636e-5,0.11409395973154363,244.34283000949668
0_0_1_0_0_1_1_0_0_0_0_0_1_1_0_0_0_0_1_0_0_0_1_1_1_1_0_0_1_0_0_0_1_1_1_1_0_1_1_1_0_0_0_1_1_1,1,0.00022666666666666668,4.109609335312649e-5,0.15436241610738255,262.2246272246272
0_1_1_1_1_0_0_1_1_1_0_1_1_1_1_1_1_1_0_0_0_0_0_0_1_0_0_0_1_1_0_1_1_1_1_1_1_1_1_1_1_0_0_0_0_0,1,0.00022666666666666668,4.496912521077346e-5,0.11409395973154363,292.55023748629884
1_1_0_0_0_1_1_0_0_0_1_1_0_0_0_1_1_0_0_1_0_0_0_1_1_1_1_0_1_0_1_0_1_1_1_1_1_1_1_1_1_0_0_0_0_0,1,0.00022666666666666668,2.62466929133727e-5,0.15436241610738255,256.3643274853801
1_0_1_1_1_0_0_1_1_1_1_0_1_0_1_1_1_1_1_0_1_0_1_0_1_0_0_1_1_0_1_1_1_1_1_1_0_1_1_1_0_0_0_0_0_0,1,0.00022666666666666668,1.247219128924647e-5,0.1342281879194631,262.03071083505864
1_1_0_1_1_0_0_1_1_1_1_1_0_0_1_1_1_1_0_1_1_0_0_0_1_0_1_1_1_1_1_1_1_1_1_1_1_1_1_1_1_0_0_0_0_0,1,0.00022666666666666668,1.247219128924647e-5,0.1476510067114094,249.59109730848863
0_1_0_1_1_0_0_1_1_1_0_0_0_0_1_1_1_1_0_0_1_0_0_0_1_0_0_1_1_0_0_1_1_1_1_1_1_1_1_1_1_0_0_0_0_0,1,0.00022666666666666666,3.771236166328252e-5,0.1476510067114094,258.7142857142857
1_0_1_1_1_0_0_1_1_1_1_0_1_1_1_0_0_1_1_0_0_0_1_0_1_1_0_0_1_1_1_1_1_1_1_1_0_1_1_1_0_0_0_0_1_1,1,0.00022333333333333333,1.8856180831641267e-5,0.1610738255033557,233.94285714285715
0_0_1_1_1_0_0_1_1_1_0_1_1_0_1_0_0_1_1_0_0_0_1_0_1_0_1_0_1_1_0_1_1_1_1_1_0_1_1_1_0_0_0_0_1_1,1,0.00022333333333333333,2.357022603955158e-5,0.1342281879194631,298.04824561403507
0_0_1_0_0_1_1_0_0_0_0_0_1_1_0_0_0_0_0_0_0_1_0_1_0_1_0_0_0_0_0_0_0_0_0_0_0_0_0_0_0_1_1_0_1_1,1,0.00022333333333333333,6.0184900284225965e-5,0.16778523489932887,265.3285714285714
1_0_0_0_0_1_1_0_0_0_1_0_0_1_0_1_1_0_1_1_1_1_1_1_0_1_1_1_0_1_1_0_0_0_0_0_0_0_0_0_0_1_1_1_0_0,1,0.00022333333333333333,6.548960901462833e-5,0.11409395973154363,268.16563146997936
1_0_1_1_1_0_0_1_1_1_1_1_1_1_1_0_0_1_1_1_0_0_1_0_1_0_1_0_1_1_1_1_1_1_1_1_0_1_1_1_0_0_0_0_1_1,1,0.00022333333333333333,3.3993463423951894e-5,0.10738255033557047,224.28385779262973
1_1_0_1_1_0_0_1_1_1_1_0_0_0_1_1_1_1_0_0_1_1_0_0_0_0_0_1_0_1_1_1_0_0_0_0_1_0_0_0_1_1_1_0_0_0,1,0.00022333333333333333,3.6817870057290866e-5,0.1610738255033557,284.18069584736253
1_0_0_0_0_1_1_0_0_0_1_0_0_0_0_0_0_0_1_1_1_0_1_1_1_1_1_1_1_0_1_0_1_1_1_1_0_1_1_1_0_0_0_1_1_1,1,0.00022333333333333333,2.494438257849294e-5,0.10738255033557047,265.6973302822273
1_1_0_0_0_1_1_0_0_0_1_1_0_0_0_1_1_0_0_1_0_1_0_1_0_1_1_0_0_0_1_0_0_0_0_0_1_0_0_0_1_1_1_0_0_0,1,0.00022333333333333333,1.247219128924647e-5,0.1610738255033557,264.9891774891775
0_1_0_0_0_1_1_0_0_0_0_1_0_0_0_0_0_0_0_1_0_0_0_1_1_0_1_0_1_1_0_0_1_1_1_1_1_1_1_1_1_0_0_1_1_1,1,0.00022,2.1602468994692865e-5,0.15436241610738255,235.4730158730159
0_0_1_1_1_0_0_1_1_1_0_0_1_1_1_1_1_1_1_0_0_0_1_0_1_1_0_0_1_0_0_1_1_1_1_1_0_1_1_1_0_0_0_0_0_0,1,0.00022,4.242640687119285e-5,0.18120805369127516,253.64166666666665
1_1_0_1_1_0_0_1_1_1_1_0_0_0_1_1_1_1_0_0_1_0_0_0_1_0_0_1_1_1_1_1_1_1_1_1_1_1_1_1_1_0_0_0_0_0,1,0.00022,2.1602468994692865e-5,0.15436241610738255,264.76226798881265
1_1_1_1_1_0_0_1_1_1_1_1_1_1_1_0_0_1_1_1_1_1_1_0_0_0_0_1_0_1_1_1_0_0_0_0_1_0_0_0_1_1_1_1_1_1,1,0.00022,5.354126134736336e-5,0.11409395973154363,288.4373289545703
1_1_0_1_1_0_0_1_1_1_1_0_1_0_1_1_1_1_1_0_1_0_1_0_1_0_0_1_1_1_1_1_1_1_1_1_0_1_1_1_1_0_0_0_0_0,1,0.00022,9.416297927883689e-5,0.1476510067114094,226.58900836320194
1_0_1_1_1_0_0_1_1_1_1_0_1_1_1_0_0_1_1_0_0_1_1_0_0_1_0_0_0_1_1_1_0_0_0_0_0_0_0_0_0_1_1_1_1_1,1,0.00022,8.16496580927726e-6,0.15436241610738255,222.60524499654935
1_1_0_0_0_1_1_0_0_0_1_1_0_0_0_1_1_0_0_1_1_0_0_1_1_0_1_1_1_1_1_0_1_1_1_1_1_1_1_1_1_0_0_1_0_0,1,0.00022,2.1602468994692865e-5,0.174496644295302,232.90236460717014
1_0_0_0_0_1_1_0_0_0_1_0_0_0_0_1_1_0_1_0_0_0_1_1_1_1_0_0_1_1_1_0_1_1_1_1_0_1_1_1_0_0_0_0_0_0,1,0.00022,5.099019513592786e-5,0.10738255033557047,228.87345679012344
1_0_1_1_1_0_0_1_1_1_1_0_1_1_1_0_0_1_1_0_0_1_1_0_0_1_0_0_0_1_1_1_0_0_0_0_0_0_0_0_0_1_1_0_1_1,1,0.00022,3.559026084010437e-5,0.16778523489932887,236.00779727095517
0_0_0_0_0_1_1_0_0_0_0_0_0_1_0_0_0_0_1_1_0_1_1_1_0_1_1_0_0_0_0_0_0_0_0_0_0_0_0_0_0_1_1_1_1_1,1,0.00022,3.559026084010437e-5,0.10067114093959731,194.52176738141648
0_0_1_1_1_0_0_1_1_1_0_1_1_1_1_0_0_1_0_0_0_1_0_0_0_0_1_0_0_1_0_1_0_0_0_0_1_0_0_0_0_1_1_1_1_1,1,0.00021666666666666666,3.681787005729085e-5,0.09395973154362416,231.0544357603181
1_0_1_1_1_0_0_0_1_1_1_0_1_0_1_1_1_1_1_0_1_1_1_0_0_1_0_1_0_1_1_1_0_0_0_0_0_0_0_0_0_1_1_0_0_0,1,0.00021666666666666666,3.0912061651652335e-5,0.174496644295302,262.0721997300945
1_0_1_0_0_1_1_0_0_0_1_0_1_1_0_0_0_0_1_0_0_0_1_1_1_1_0_0_1_1_1_0_1_1_1_1_0_1_1_1_0_0_0_0_1_1,1,0.00021666666666666666,3.8586123009300757e-5,0.1476510067114094,241.2777777777778
0_0_1_1_1_0_0_0_1_1_0_0_1_0_1_0_0_1_0_0_0_1_0_0_0_1_0_0_0_0_0_1_0_0_0_0_0_0_0_0_0_1_1_1_1_1,1,0.00021666666666666666,5.4365021434333636e-5,0.19463087248322147,273.26666666666665
1_1_0_0_0_1_1_0_0_0_1_0_0_1_0_1_1_0_1_1_1_1_1_1_0_1_0_1_0_1_1_0_0_0_0_0_0_0_0_0_1_1_1_1_0_0,1,0.00021666666666666666,4.921607686744466e-5,0.11409395973154363,229.20634920634924
0_1_1_0_0_1_1_0_0_0_0_0_1_1_0_0_0_0_0_0_0_1_0_1_0_1_0_0_0_0_0_0_0_0_0_0_0_0_0_0_1_1_1_1_1_1,1,0.00021666666666666666,2.494438257849294e-5,0.1476510067114094,238.49791144527987
0_0_1_1_1_0_0_1_1_1_0_0_1_1_1_0_0_1_0_1_1_1_0_0_0_0_0_1_0_0_0_1_0_0_0_0_0_0_0_0_0_1_1_1_1_1,1,0.00021666666666666666,2.494438257849294e-5,0.1610738255033557,239.51712614870507
1_1_0_0_0_1_1_0_0_0_1_0_0_1_0_1_1_0_1_1_1_0_1_1_1_1_0_1_1_1_1_0_1_1_1_1_0_1_1_1_1_0_0_0_0_0,1,0.00021333333333333336,1.247219128924647e-5,0.10738255033557047,228.51552795031057
1_1_0_0_0_1_1_0_0_0_1_1_0_0_0_1_1_0_1_0_0_0_1_1_1_1_1_0_1_1_1_0_1_1_1_1_1_1_1_1_1_0_0_0_0_0,1,0.00021333333333333336,2.494438257849294e-5,0.1610738255033557,235.0462962962963
0_0_1_0_0_1_1_0_0_0_0_1_1_1_0_0_0_0_1_0_0_0_1_1_1_1_1_0_1_1_0_0_1_1_1_1_0_1_1_1_0_0_0_1_1_1,1,0.0002133333333333333,1.247219128924647e-5,0.1610738255033557,246.9409937888199
0_0_1_0_0_1_1_0_0_0_0_1_1_1_0_0_0_0_1_1_0_0_1_1_1_1_1_0_1_0_0_0_1_1_1_1_0_1_1_1_0_0_0_1_1_1,1,0.0002133333333333333,2.0548046676563253e-5,0.1610738255033557,291.24582289055974
1_1_0_0_0_1_1_1_0_0_1_1_0_1_0_0_0_0_1_1_1_0_1_1_1_0_1_1_1_1_1_0_1_1_1_1_1_1_1_1_1_0_0_1_1_1,1,0.0002133333333333333,4.496912521077348e-5,0.2080536912751678,276.03888888888883
0_0_1_0_0_1_1_0_0_0_0_0_1_1_0_0_0_0_1_0_0_1_1_1_0_1_0_0_0_0_0_0_0_0_0_0_0_0_0_0_0_1_1_1_1_1,1,0.0002133333333333333,7.363574011458172e-5,0.1476510067114094,259.510101010101
0_1_1_1_1_0_0_1_1_1_0_1_1_1_1_0_1_1_0_1_0_1_0_0_0_0_1_0_0_0_0_1_0_0_0_0_1_0_0_0_1_1_1_0_0_0,1,0.0002133333333333333,2.0548046676563253e-5,0.10738255033557047,245.93671679197996
0_0_0_0_0_1_1_0_0_0_0_0_0_0_0_1_1_0_0_0_0_1_0_1_0_1_1_0_0_0_0_0_0_0_0_0_0_0_0_0_0_1_1_0_0_0,1,0.0002133333333333333,6.128258770283413e-5,0.12080536912751678,287.4548440065682
0_0_1_1_1_0_0_1_1_1_0_1_1_1_1_0_0_1_1_1_0_1_1_0_0_0_1_0_0_0_0_1_0_0_0_0_0_0_0_0_0_1_1_0_1_1,1,0.00021,2.9439202887759487e-5,0.12080536912751678,235.0185185185185
0_0_1_1_1_0_0_1_1_1_0_1_1_1_1_0_1_1_1_1_0_1_1_0_0_0_1_0_0_1_0_1_0_0_0_0_0_0_0_0_0_1_1_0_0_0,1,0.00021,1.632993161855452e-5,0.1342281879194631,269.92372234935164
0_0_1_1_1_0_0_0_1_1_0_0_1_0_1_0_0_1_0_0_0_0_0_0_1_1_0_0_1_0_0_1_1_1_1_1_0_1_1_1_0_0_0_1_1_1,1,0.00021,1.414213562373095e-5,0.20134228187919462,274.1786283891547
0_0_1_1_1_0_0_1_1_1_0_0_1_1_1_0_0_1_1_0_0_1_1_0_0_1_0_0_0_0_0_1_0_0_0_0_0_0_0_0_0_1_1_0_1_1,1,0.00021,4.320493798938574e-5,0.174496644295302,238.46763285024156
0_0_1_1_1_0_0_0_1_1_0_0_1_0_1_1_1_1_0_0_0_0_0_0_1_1_0_0_1_0_0_1_1_1_1_1_0_1_1_1_0_0_0_0_0_0,1,0.00021,1.414213562373095e-5,0.21476510067114093,295.5342902711324
0_0_0_0_0_1_1_0_0_0_0_0_0_0_0_1_1_0_0_0_0_0_0_1_1_1_1_0_1_0_0_0_1_1_1_1_0_1_1_1_0_0_0_0_0_0,1,0.00021,2.1602468994692865e-5,0.11409395973154363,310.0117113160591
0_0_1_1_1_0_0_1_1_1_0_0_1_1_1_0_0_1_1_0_1_0_1_0_1_0_0_1_1_1_0_1_1_1_1_1_0_1_1_1_0_0_0_1_1_1,1,0.00021,5.0990195135927834e-5,0.1610738255033557,284.24028822055135
1_1_1_1_1_0_0_1_1_1_1_1_1_0_1_1_1_1_0_0_1_1_0_0_0_0_0_1_0_1_1_1_0_0_0_0_1_0_0_0_1_1_1_0_0_0,1,0.00021,2.9439202887759487e-5,0.09395973154362416,218.14913844325608
1_1_0_0_0_1_1_1_0_0_1_1_0_1_0_0_0_0_1_1_1_1_1_1_0_0_1_1_0_1_1_0_0_0_0_0_1_0_0_0_1_1_1_1_1_1,1,0.00020999999999999998,6.377042156569662e-5,0.21476510067114093,259.6324786324787
1_0_1_0_0_1_1_0_0_0_1_0_0_1_0_0_0_0_1_1_0_1_1_1_0_1_1_0_0_1_1_0_0_0_0_0_0_0_0_0_0_1_1_1_1_1,1,0.0002066666666666667,1.247219128924647e-5,0.10738255033557047,214.15242652084757
0_1_0_0_0_1_1_0_0_0_0_1_0_0_0_0_1_0_0_0_1_0_0_1_1_0_1_1_1_0_0_0_1_1_1_1_1_1_1_1_1_0_0_1_1_1,1,0.0002066666666666667,4.496912521077347e-5,0.20134228187919462,219.58242556281775
1_0_0_1_1_0_0_1_1_1_1_1_0_0_1_1_1_1_1_1_1_1_1_0_0_0_1_1_0_1_1_1_0_0_0_0_1_0_0_0_0_1_1_1_0_0,1,0.0002066666666666667,1.247219128924647e-5,0.15436241610738255,268.4795321637427
1_1_0_1_1_0_0_1_1_1_1_1_1_0_1_1_1_1_0_0_1_1_0_0_0_0_0_1_0_1_1_1_0_0_0_0_1_0_0_0_1_1_1_0_0_0,1,0.00020666666666666666,5.249338582674539e-5,0.10738255033557047,220.2876984126984
0_0_1_1_1_0_0_1_1_1_0_1_1_1_1_0_1_1_1_1_0_0_1_0_1_0_1_0_1_1_0_1_1_1_1_1_1_1_1_1_0_0_0_0_0_0,1,0.00020666666666666666,4.921607686744468e-5,0.12080536912751678,239.60493827160494
1_1_0_1_1_0_0_1_1_1_1_1_0_0_1_1_1_1_0_1_1_1_0_0_0_0_1_1_0_1_1_1_0_0_0_0_1_0_0_0_1_1_1_0_0_0,1,0.00020666666666666666,6.128258770283411e-5,0.15436241610738255,273.77899877899875
0_1_0_0_0_1_1_1_0_0_0_1_0_1_0_0_0_0_0_1_0_1_0_1_0_0_1_0_0_0_0_0_0_0_0_0_1_0_0_0_1_1_1_1_1_1,1,0.00020666666666666666,1.247219128924647e-5,0.18120805369127516,269.7892458418774
0_0_1_1_1_0_0_1_1_1_0_1_1_1_1_0_0_1_0_1_1_1_0_0_0_0_1_1_0_0_0_1_0_0_0_0_1_0_0_0_0_1_1_1_1_1,1,0.00020666666666666666,6.548960901462834e-5,0.11409395973154363,232.0318302387268
0_0_1_0_0_1_1_0_0_0_0_0_1_1_0_0_1_0_0_1_0_1_0_1_0_1_0_0_0_0_0_0_0_0_0_0_0_0_0_0_0_1_1_0_0_0,1,0.00020666666666666666,2.6246692913372702e-5,0.18120805369127516,239.1106719367589
1_1_0_1_1_0_0_1_1_1_1_0_0_0_1_1_1_1_0_1_1_1_0_0_0_0_0_1_0_0_1_1_0_0_0_0_1_0_0_0_1_1_1_1_0_0,1,0.00020666666666666666,4.0276819911981915e-5,0.1610738255033557,218.3937198067633
0_1_0_0_0_1_1_0_0_0_0_1_0_0_0_1_1_0_0_1_1_1_0_1_0_0_1_1_0_0_0_0_0_0_0_0_1_0_0_0_1_1_1_1_0_0,1,0.00020666666666666666,4.109609335312649e-5,0.1610738255033557,228.1346153846154
1_1_0_0_0_1_1_0_0_0_1_0_0_0_0_1_1_0_1_0_0_0_1_1_1_1_0_0_1_1_1_0_1_1_1_1_0_1_1_1_1_0_0_0_0_0,1,0.00020666666666666666,2.8674417556808754e-5,0.11409395973154363,251.07726423902895
1_1_1_1_1_0_0_1_1_1_1_1_1_1_1_0_0_1_0_1_1_0_0_0_1_0_0_1_1_1_1_1_1_1_1_1_1_1_1_1_1_0_0_1_1_1,1,0.00020666666666666666,3.299831645537221e-5,0.11409395973154363,285.4294117647059
0_0_1_1_1_0_0_1_1_1_0_1_1_1_1_0_0_1_1_1_1_0_1_0_1_0_1_1_1_1_0_1_1_1_1_1_0_1_1_1_0_0_0_1_1_1,1,0.00020666666666666666,2.0548046676563253e-5,0.14093959731543623,262.4016563146998
1_1_0_0_0_1_1_0_0_0_1_1_0_0_0_0_0_0_0_1_1_1_0_1_0_0_1_1_0_1_1_0_0_0_0_0_1_0_0_0_1_1_1_1_1_1,1,0.00020333333333333336,1.8856180831641267e-5,0.18120805369127516,251.3806254767353
0_0_1_1_1_0_0_1_1_1_0_1_1_1_1_0_0_1_0_1_1_0_0_0_1_0_1_1_1_0_0_1_1_1_1_1_1_1_1_1_0_0_0_1_1_1,1,0.00020333333333333336,1.8856180831641267e-5,0.12080536912751678,225.0038138825324
1_1_0_1_1_0_0_1_1_1_1_1_0_0_1_1_0_1_1_0_1_0_1_0_1_0_1_1_1_1_1_1_1_1_1_1_1_1_1_1_1_0_0_1_1_1,1,0.00020333333333333336,2.357022603955158e-5,0.18120805369127516,223.33333333333334
0_0_0_0_0_1_1_0_0_0_0_1_0_0_0_0_0_0_1_0_0_1_1_1_0_0_1_0_0_1_0_0_0_0_0_0_1_0_0_0_0_1_1_1_1_1,1,0.00020333333333333336,3.3993463423951894e-5,0.15436241610738255,226.7764705882353
1_0_0_1_1_0_0_1_1_1_1_1_0_0_1_1_1_1_1_1_1_0_1_0_1_0_1_1_1_1_1_1_1_1_1_1_1_1_1_1_0_0_0_0_0_0,1,0.00020333333333333336,3.3993463423951894e-5,0.1476510067114094,256.741382868937
0_1_1_1_1_0_0_1_1_1_0_0_1_1_1_1_1_1_0_0_0_0_0_0_1_1_0_0_1_0_0_1_1_1_1_1_0_1_1_1_1_0_0_0_0_0,1,0.00020333333333333333,3.299831645537221e-5,0.18120805369127516,275.4464285714286
1_0_1_1_1_0_0_1_1_1_1_0_1_1_1_1_0_1_1_1_0_0_1_0_1_1_0_0_1_1_1_1_1_1_1_1_0_1_1_1_0_0_0_0_0_0,1,0.00020333333333333333,4.0276819911981894e-5,0.19463087248322147,239.55924250041895
1_1_0_0_0_1_1_0_0_0_1_0_0_1_0_1_1_0_0_1_1_0_0_1_1_1_0_1_1_0_1_0_1_1_1_1_1_1_1_1_1_0_0_0_0_0,1,0.0002,3.7416573867739416e-5,0.12751677852348994,277.65219298245614
1_0_1_0_0_1_1_0_0_0_1_0_0_1_0_1_1_0_1_1_1_1_1_1_0_1_1_1_0_1_1_0_0_0_0_0_0_0_0_0_0_1_1_1_0_0,1,0.0002,1.414213562373095e-5,0.12751677852348994,266.64021164021165
0_1_0_1_1_0_0_1_1_1_0_1_0_0_1_0_1_1_0_0_1_1_0_0_0_0_1_1_0_0_0_1_0_0_0_0_1_0_0_0_1_1_1_1_1_1,1,0.0002,5.354126134736336e-5,0.18120805369127516,265.1892551892552
0_1_1_1_1_0_0_1_1_1_0_1_1_0_1_1_1_1_0_0_1_1_0_0_0_0_0_1_0_0_0_1_0_0_0_0_1_0_0_0_1_1_1_0_0_0,1,0.0002,6.164414002968976e-5,0.087248322147651,206.93223443223442
0_0_0_1_1_0_0_1_1_1_0_1_1_0_1_0_0_1_0_0_0_1_0_0_0_0_1_0_0_0_0_1_0_0_0_0_1_0_0_0_0_1_1_1_1_1,1,0.0002,1.414213562373095e-5,0.12080536912751678,237.3524720893142
0_0_0_0_0_1_1_0_0_0_0_1_0_0_0_0_0_0_0_1_0_1_0_1_0_0_1_0_0_0_0_0_0_0_0_0_1_0_0_0_0_1_1_1_1_1,1,0.0002,2.9439202887759487e-5,0.1610738255033557,251.68644650842793
1_1_0_1_1_0_0_1_1_1_1_1_0_0_1_1_1_1_0_1_1_0_0_0_1_0_1_1_1_1_1_1_1_1_1_1_1_1_1_1_1_0_0_1_0_0,1,0.0002,1.414213562373095e-5,0.1610738255033557,241.08452950558214
0_1_1_0_0_1_1_0_0_0_0_0_1_1_0_0_0_0_0_0_0_0_0_1_1_1_0_0_1_0_0_0_1_1_1_1_0_1_1_1_1_0_0_1_1_1,1,0.0002,3.7416573867739416e-5,0.15436241610738255,285.01666666666665
0_0_1_0_0_1_1_0_0_0_0_1_0_1_0_0_0_0_1_1_0_1_1_1_0_1_1_0_0_1_0_0_0_0_0_0_1_0_0_0_0_1_1_1_1_1,1,0.0002,7.348469228349534e-5,0.1476510067114094,230.8056426332288
1_0_0_1_1_0_0_1_1_1_1_0_1_0_1_1_1_1_1_0_1_1_1_0_0_0_0_1_0_0_1_1_0_0_0_0_0_0_0_0_0_1_1_0_0_0,1,0.0002,3.265986323710904e-5,0.14093959731543623,237.29166666666666
1_0_1_0_0_1_1_0_0_0_1_0_1_1_0_1_0_0_1_1_0_1_1_1_0_1_0_0_0_1_1_0_0_0_0_0_0_0_0_0_0_1_1_0_0_0,1,0.0002,2.9439202887759487e-5,0.18791946308724833,230.19607843137257
1_1_0_1_1_0_0_1_1_1_1_1_0_0_1_0_0_1_0_1_1_1_0_0_0_0_1_1_0_1_1_1_0_0_0_0_1_0_0_0_1_1_1_1_1_1,1,0.0002,2.9439202887759487e-5,0.16778523489932887,259.37888198757764
1_1_0_0_0_1_1_0_0_0_1_0_0_0_0_1_1_0_1_1_1_1_1_1_0_1_0_1_0_0_1_0_0_0_0_0_0_0_0_0_1_1_1_1_0_0,1,0.00019666666666666669,9.428090415820634e-6,0.10067114093959731,226.8671679197995
1_1_0_1_1_0_0_1_1_1_1_0_1_0_1_1_1_1_0_0_1_0_0_0_1_0_0_1_1_0_1_1_1_1_1_1_0_1_1_1_1_0_0_0_0_0,1,0.00019666666666666669,3.091206165165234e-5,0.1476510067114094,223.34967320261435
0_0_1_1_1_0_0_1_1_1_0_1_1_0_1_0_0_1_0_0_0_1_0_0_0_0_1_0_0_0_0_1_0_0_0_0_1_0_0_0_0_1_1_1_1_1,1,0.00019666666666666669,4.0276819911981915e-5,0.10738255033557047,222.79879540749107
1_0_0_1_1_0_0_1_1_1_1_1_0_0_1_1_1_1_1_1_1_0_1_0_1_0_1_1_1_1_1_1_1_1_1_1_1_1_1_1_0_0_0_1_0_0,1,0.00019666666666666669,2.867441755680875e-5,0.1610738255033557,236.80797101449275
0_0_1_1_1_0_0_1_1_1_0_0_1_1_1_1_1_1_1_0_0_1_1_0_0_1_0_0_0_0_0_1_0_0_0_0_0_0_0_0_0_1_1_0_0_0,1,0.00019666666666666669,3.681787005729088e-5,0.174496644295302,290.9166666666667
0_1_1_0_0_1_1_0_0_0_0_0_1_1_0_0_0_0_0_0_0_1_0_1_0_1_0_0_0_0_0_0_0_0_0_0_0_0_0_0_1_1_1_0_1_1,1,0.00019666666666666669,1.247219128924647e-5,0.1610738255033557,261.2354497354497
1_0_0_0_0_1_1_0_0_0_1_0_0_1_0_1_1_0_1_1_1_0_1_1_1_1_1_1_1_1_1_0_1_1_1_1_0_1_1_1_0_0_0_1_0_0,1,0.00019666666666666669,2.494438257849294e-5,0.12080536912751678,248.88769237672184
1_0_1_0_0_1_1_0_0_0_1_0_1_1_0_0_0_0_1_0_0_0_1_1_1_1_0_0_1_1_1_0_1_1_1_1_0_1_1_1_0_0_0_1_1_1,1,0.00019666666666666669,5.436502143433364e-5,0.1476510067114094,265.9876543209877
0_0_1_1_1_0_0_1_1_1_0_1_1_1_1_1_1_1_0_0_0_0_0_0_1_0_1_0_1_0_0_1_1_1_1_1_0_1_1_1_0_0_0_0_0_0,1,0.00019666666666666669,4.1899350299921794e-5,0.14093959731543623,256.3293650793651
0_1_0_1_1_0_0_1_1_1_0_1_1_0_1_1_1_1_0_0_1_1_0_0_0_0_0_1_0_0_0_1_0_0_0_0_1_0_0_0_1_1_1_0_0_0,1,0.00019666666666666669,5.436502143433364e-5,0.10067114093959731,207.7689594356261
0_0_1_1_1_0_0_1_1_1_0_1_1_1_1_1_1_1_1_1_0_0_1_0_1_1_1_0_1_1_0_1_1_1_1_1_0_1_1_1_0_0_0_0_0_0,1,0.00019666666666666669,4.9888765156985895e-5,0.16778523489932887,236.63199023199022
0_0_0_0_0_1_1_0_0_0_0_0_0_0_0_1_1_0_1_0_0_0_1_1_1_1_1_0_1_1_0_0_1_1_1_1_0_1_1_1_0_0_0_1_0_0,1,0.00019666666666666669,4.714045207910317e-6,0.11409395973154363,285.9298245614035
0_1_0_1_1_0_0_1_1_1_0_1_0_0_1_1_1_1_0_1_1_1_0_0_0_0_1_1_0_0_0_1_0_0_0_0_1_0_0_0_1_1_1_1_0_0,1,0.00019333333333333333,2.62466929133727e-5,0.1476510067114094,254.22373780430044
0_0_0_0_0_1_1_0_0_0_0_0_0_0_0_1_1_0_0_1_0_1_0_1_0_1_0_0_0_0_0_0_0_0_0_0_0_0_0_0_0_1_1_0_0_0,1,0.00019333333333333333,3.3993463423951894e-5,0.12080536912751678,242.17592592592595
1_1_0_0_0_1_1_0_0_0_1_0_0_0_0_1_1_0_1_1_1_1_1_1_0_1_0_1_0_0_1_0_0_0_0_0_0_0_0_0_1_1_1_0_0_0,1,0.00019333333333333333,3.3993463423951894e-5,0.10067114093959731,229.25925925925927
1_1_0_0_0_1_1_0_0_0_1_0_0_0_0_1_0_0_0_0_1_0_0_1_1_1_0_1_1_0_1_0_1_1_1_1_0_1_1_1_1_0_0_1_1_1,1,0.00019333333333333333,1.6996731711975947e-5,0.11409395973154363,224.2282913165266
1_1_0_0_0_1_1_0_0_0_1_0_0_0_0_1_0_0_0_0_1_1_0_1_0_1_0_1_0_0_1_0_0_0_0_0_1_0_0_0_1_1_1_1_1_1,1,0.00019333333333333333,4.189935029992179e-5,0.14093959731543623,254.38518518518518
1_0_1_1_1_0_0_1_1_1_1_0_1_1_1_1_1_1_1_0_1_1_1_0_0_1_0_1_0_0_1_1_0_0_0_0_0_0_0_0_0_1_1_0_0_0,1,0.00019333333333333333,4.9888765156985875e-5,0.15436241610738255,245.89336589336588
0_0_1_1_1_0_0_1_1_1_0_1_1_1_1_0_0_1_0_0_0_1_0_0_0_0_1_0_0_0_0_1_0_0_0_0_0_0_0_0_0_1_1_0_1_1,1,0.00019333333333333333,2.0548046676563253e-5,0.1342281879194631,284.572192513369
0_0_1_1_1_0_0_1_1_1_0_1_1_1_1_0_1_1_0_0_0_1_0_0_0_0_1_0_0_0_0_1_0_0_0_0_1_0_0_0_0_1_1_0_0_0,1,0.00019333333333333333,3.681787005729088e-5,0.12080536912751678,200.85380116959064
0_0_1_1_1_0_0_1_1_1_0_1_1_1_1_1_1_1_0_0_0_1_0_0_0_0_1_0_0_0_0_1_0_0_0_0_0_0_0_0_0_1_1_0_0_0,1,0.00019000000000000004,8.16496580927726e-6,0.1342281879194631,280.35185185185185
1_0_1_0_0_1_1_0_0_0_1_0_1_1_0_0_0_0_1_0_0_1_1_1_0_1_0_0_0_1_1_0_0_0_0_0_0_0_0_0_0_1_1_0_1_1,1,0.00019000000000000004,2.1602468994692865e-5,0.15436241610738255,233.95622895622895
0_0_1_1_1_0_0_1_1_1_0_1_1_1_1_1_1_1_1_1_0_1_1_0_0_1_1_0_0_1_0_1_0_0_0_0_0_0_0_0_0_1_1_0_0_0,1,0.00018999999999999998,4.3204937989385736e-5,0.1610738255033557,274.72156862745095
0_1_0_1_1_0_0_1_1_1_0_1_0_0_1_1_1_1_0_1_1_0_0_0_1_0_1_1_1_0_0_1_1_1_1_1_1_1_1_1_1_0_0_1_0_0,1,0.00018999999999999998,4.966554808583779e-5,0.15436241610738255,228.81517094017093
1_0_1_1_1_0_0_1_1_1_1_1_1_1_1_0_0_1_1_1_0_1_1_0_0_0_1_0_0_1_1_1_0_0_0_0_0_0_0_0_0_1_1_0_1_1,1,0.00018999999999999998,2.9439202887759487e-5,0.11409395973154363,243.54871175523348
0_0_1_1_1_0_0_1_1_1_0_0_1_1_1_0_1_1_0_0_0_0_0_0_1_1_0_0_1_0_0_1_1_1_1_1_0_1_1_1_0_0_0_0_0_0,1,0.00018999999999999998,4.5460605656619524e-5,0.2080536912751678,238.62328042328045
1_1_1_1_1_0_0_1_1_1_1_0_1_1_1_0_0_1_1_1_1_0_1_0_1_0_0_1_1_1_1_1_1_1_1_1_0_1_1_1_1_0_0_1_1_1,1,0.00018999999999999998,6.480740698407859e-5,0.1476510067114094,268.53479853479854
0_0_1_0_0_1_1_0_0_0_0_0_1_1_0_0_0_0_1_0_0_1_1_1_0_1_0_0_0_0_0_0_0_0_0_0_0_0_0_0_0_1_1_0_1_1,1,0.00018999999999999998,3.559026084010438e-5,0.1610738255033557,221.22655122655124
0_1_0_0_0_1_1_0_0_0_0_1_0_0_0_0_0_0_0_1_0_1_0_1_0_0_1_0_0_1_0_0_0_0_0_0_1_0_0_0_1_1_1_1_1_1,1,0.00018999999999999998,4.3204937989385736e-5,0.1610738255033557,250.57254901960786
1_0_1_1_1_0_0_1_1_1_1_1_1_1_1_0_0_1_1_0_0_1_1_0_0_0_1_0_0_1_1_1_0_0_0_0_1_0_0_0_0_1_1_0_1_1,1,0.00018999999999999998,1.414213562373095e-5,0.10067114093959731,227.06349206349205
1_1_0_0_0_1_1_0_0_0_1_0_0_0_0_1_0_0_0_0_1_1_0_1_0_1_0_1_0_0_1_0_0_0_0_0_0_0_0_0_1_1_1_1_1_1,1,0.00018999999999999998,3.7416573867739416e-5,0.12080536912751678,236.80555555555557
0_1_0_1_1_0_0_1_1_1_0_1_1_0_1_0_0_1_0_0_0_0_0_0_1_0_0_0_1_0_0_1_1_1_1_1_1_1_1_1_1_0_0_0_1_1,1,0.00018999999999999998,2.4494897427831778e-5,0.12751677852348994,247.6724481658692
0_1_0_1_1_0_0_1_1_1_0_1_0_0_1_1_1_1_0_1_1_1_0_0_0_0_1_1_0_0_0_1_0_0_0_0_1_0_0_0_1_1_1_0_0_0,1,0.0001866666666666667,3.399346342395191e-5,0.1476510067114094,224.96536796536796
0_1_1_1_1_0_0_1_1_1_0_1_1_0_1_0_0_1_0_0_0_0_0_0_1_0_1_0_1_1_0_1_1_1_1_1_1_1_1_1_1_0_0_0_1_1,1,0.0001866666666666667,9.428090415820634e-6,0.11409395973154363,222.75925925925924
1_1_0_0_0_1_1_0_0_0_1_0_0_0_0_1_1_0_0_0_1_0_0_1_1_1_0_1_1_1_1_0_1_1_1_1_1_1_1_1_1_0_0_1_0_0,1,0.0001866666666666667,2.494438257849294e-5,0.12080536912751678,217.7946127946128
0_1_0_1_1_0_0_1_1_1_0_1_1_0_1_1_1_1_0_0_1_1_0_0_0_0_1_1_0_1_0_1_0_0_0_0_1_0_0_0_1_1_1_0_0_0,1,0.00018666666666666666,6.342099196813483e-5,0.10067114093959731,208.77142857142857
1_1_0_1_1_0_0_1_1_1_1_0_0_0_1_1_1_1_1_0_1_1_1_0_0_0_0_1_0_1_1_1_0_0_0_0_1_0_0_0_1_1_1_1_0_0,1,0.00018666666666666666,4.1899350299921794e-5,0.16778523489932887,250.17614269788183
1_0_1_1_1_0_0_1_1_1_1_0_1_1_1_0_0_1_1_1_0_1_1_0_0_1_0_0_0_0_1_1_0_0_0_0_0_0_0_0_0_1_1_0_1_1,1,0.00018666666666666666,4.642796092394707e-5,0.16778523489932887,229.9467787114846
0_0_1_0_0_1_1_0_0_0_0_1_1_1_0_0_0_0_1_0_0_1_1_1_0_1_1_0_0_1_0_0_0_0_0_0_0_0_0_0_0_1_1_1_1_1,1,0.00018333333333333334,4.0276819911981915e-5,0.15436241610738255,247.25
1_0_0_0_0_1_1_0_0_0_1_0_0_1_0_1_1_0_1_1_1_1_1_1_0_1_1_1_0_1_1_0_0_0_0_0_0_0_0_0_0_1_1_0_0_0,1,0.00018333333333333334,4.109609335312652e-5,0.11409395973154363,241.31373584462827
0_0_1_1_1_0_0_1_1_1_0_1_1_0_1_0_0_1_0_0_0_1_0_0_0_0_1_0_0_0_0_1_0_0_0_0_1_0_0_0_0_1_1_0_1_1,1,0.00018333333333333334,2.62466929133727e-5,0.12080536912751678,213.16287878787878
0_0_1_0_0_1_1_0_0_0_0_0_1_1_0_0_1_0_1_0_0_1_1_1_0_1_0_0_0_1_0_0_0_0_0_0_0_0_0_0_0_1_1_0_0_0,1,0.00018333333333333334,2.494438257849295e-5,0.174496644295302,235.77944862155388
1_0_0_0_0_1_1_0_0_0_1_0_0_1_0_0_0_0_1_1_0_1_1_1_0_1_1_0_0_1_1_0_0_0_0_0_0_0_0_0_0_1_1_1_1_1,1,0.00018333333333333334,5.312459150169742e-5,0.09395973154362416,206.26666666666665
1_0_1_1_1_0_0_1_1_1_1_1_1_1_1_0_0_1_1_1_0_0_1_0_1_0_1_0_1_1_1_1_1_1_1_1_0_1_1_1_0_0_0_1_1_1,1,0.00018333333333333334,2.0548046676563253e-5,0.10738255033557047,228.51521164021165
0_0_1_1_1_0_0_1_1_1_0_0_1_1_1_0_1_1_0_0_0_1_0_0_0_1_0_0_0_0_0_1_0_0_0_0_0_0_0_0_0_1_1_0_0_0,1,0.00018333333333333334,4.189935029992179e-5,0.20134228187919462,226.5592903828198
0_0_0_0_0_1_1_0_0_0_0_0_0_0_0_1_1_0_0_1_0_1_0_1_0_1_0_0_0_0_0_0_0_0_0_0_0_0_0_0_0_1_1_1_0_0,1,0.00018333333333333334,6.599663291074444e-5,0.12080536912751678,254.37512378688848
1_0_1_0_0_1_1_0_0_0_1_0_1_1_0_0_0_0_1_1_0_1_1_1_0_1_0_0_0_0_1_0_0_0_0_0_0_0_0_0_0_1_1_0_1_1,1,0.00018333333333333334,9.428090415820634e-6,0.15436241610738255,255.07739938080496
1_0_1_1_1_0_0_1_1_1_1_1_1_1_1_1_0_1_1_1_0_0_1_0_1_0_1_0_1_1_1_1_1_1_1_1_1_1_1_1_0_0_0_0_0_0,1,0.00018333333333333334,2.0548046676563253e-5,0.12751677852348994,268.93187830687833
1_0_1_1_1_0_0_1_1_1_1_0_1_1_1_0_0_1_1_0_0_0_1_0_1_1_0_0_1_1_1_1_1_1_1_1_0_1_1_1_0_0_0_1_1_1,1,0.0001833333333333333,5.436502143433363e-5,0.1610738255033557,226.15995115995113
1_1_0_1_1_0_0_1_1_1_1_0_0_0_1_1_1_1_0_1_1_0_0_0_1_0_0_1_1_0_1_1_1_1_1_1_1_1_1_1_1_0_0_0_0_0,1,0.0001833333333333333,4.7140452079103176e-5,0.15436241610738255,266.97777777777776
0_0_1_1_1_0_0_1_1_1_0_1_1_0_1_1_1_1_1_0_0_0_1_0_1_0_1_0_1_1_0_1_1_1_1_1_0_1_1_1_0_0_0_0_0_0,1,0.0001833333333333333,4.7140452079103176e-5,0.1476510067114094,279.15555555555557
1_1_1_0_0_1_1_0_0_0_1_0_0_1_0_1_1_0_0_1_1_1_0_1_0_1_0_1_0_0_1_0_0_0_0_0_1_0_0_0_1_1_1_1_0_0,1,0.00018000000000000004,1.414213562373095e-5,0.1476510067114094,271.67763157894734
0_1_1_1_1_0_0_1_1_1_0_1_1_0_1_1_1_1_0_0_1_0_0_0_1_0_0_1_1_0_0_1_1_1_1_1_1_1_1_1_1_0_0_0_0_0,1,0.00018000000000000004,8.16496580927726e-6,0.09395973154362416,224.3991514734549
0_1_0_1_1_0_0_1_1_1_0_1_0_0_1_1_1_1_0_0_1_1_0_0_0_0_1_1_0_1_0_1_0_0_0_0_1_0_0_0_1_1_1_0_0_0,1,0.00018,2.1602468994692878e-5,0.1476510067114094,267.3742690058479
1_0_1_1_1_0_0_1_1_1_1_0_1_1_1_1_0_1_1_1_0_1_1_0_0_1_0_0_0_1_1_1_0_0_0_0_0_0_0_0_0_1_1_0_0_0,1,0.00018,8.041558721209879e-5,0.20134228187919462,217.40996168582376
1_1_0_0_0_1_1_0_0_0_1_0_0_0_0_0_0_0_1_1_1_0_1_1_1_1_0_1_1_1_1_0_1_1_1_1_1_1_1_1_1_0_0_1_1_1,1,0.00018,5.0990195135927854e-5,0.1342281879194631,268.0326923076923
1_0_1_1_1_0_0_1_1_1_1_0_1_1_1_0_0_1_1_1_0_0_1_0_1_1_0_0_1_0_1_1_1_1_1_1_0_1_1_1_0_0_0_0_1_1,1,0.00018,2.9439202887759494e-5,0.1610738255033557,231.81937017231135
0_0_0_0_0_1_1_0_0_0_0_1_0_0_0_0_0_0_1_1_0_0_1_1_1_0_1_0_1_1_0_0_1_1_1_1_1_1_1_1_0_0_0_1_1_1,1,0.00018,2.94392028877595e-5,0.15436241610738255,223.17042606516293
1_1_1_1_1_0_0_1_1_1_1_1_1_1_1_0_0_1_1_0_1_0_1_0_1_0_1_1_1_1_1_1_1_1_1_1_1_1_1_1_1_0_0_0_1_1,1,0.00018,3.559026084010438e-5,0.12080536912751678,260.46153846153845
0_1_0_1_1_0_0_1_1_1_0_1_0_0_1_1_1_1_0_1_1_0_0_0_1_0_1_1_1_0_0_1_1_1_1_1_1_1_1_1_1_0_0_0_0_0,1,0.00018,2.1602468994692878e-5,0.14093959731543623,225.64912280701753
0_1_0_1_1_0_0_1_1_1_0_1_0_0_1_0_1_1_0_0_1_0_0_0_1_0_1_1_1_0_0_1_1_1_1_1_1_1_1_1_1_0_0_1_1_1,1,0.00018,1.632993161855452e-5,0.18791946308724833,239.8888888888889
1_0_0_0_0_1_1_0_0_0_1_1_0_0_0_0_0_0_1_1_1_1_1_1_0_0_1_1_0_1_1_0_0_0_0_0_1_0_0_0_0_1_1_1_1_1,1,0.00018,2.4494897427831788e-5,0.18120805369127516,282.1746031746032
1_0_1_0_0_1_1_0_0_0_1_0_1_1_0_0_0_0_1_1_0_0_1_1_1_1_0_0_1_0_1_0_1_1_1_1_0_1_1_1_0_0_0_0_1_1,1,0.00018,2.4494897427831788e-5,0.1476510067114094,247.44973544973547
0_0_1_1_1_0_0_1_1_1_0_1_1_1_1_0_1_1_1_1_0_1_1_0_0_0_1_0_0_1_0_1_0_0_0_0_1_0_0_0_0_1_1_0_0_0,1,0.00018,2.1602468994692865e-5,0.11409395973154363,206.24358076563962
1_0_1_1_1_0_0_1_1_1_1_1_1_1_1_1_0_1_1_1_0_1_1_0_0_0_1_0_0_1_1_1_0_0_0_0_1_0_0_0_0_1_1_0_0_0,1,0.00018,1.414213562373095e-5,0.1342281879194631,229.36274509803923
0_0_1_1_1_0_0_1_1_1_0_1_1_0_1_0_0_1_1_0_0_0_1_0_1_0_1_0_1_1_0_1_1_1_1_1_0_1_1_1_0_0_0_1_1_1,1,0.00018,4.082482904638631e-5,0.1342281879194631,291.01944754118665
1_1_1_1_1_0_0_1_1_1_1_1_1_1_1_0_0_1_0_0_1_1_0_0_0_0_0_1_0_0_1_1_0_0_0_0_1_0_0_0_1_1_1_1_1_1,1,0.0001766666666666667,1.247219128924647e-5,0.10738255033557047,273.0068226120858
1_1_1_1_1_0_0_1_1_1_1_1_1_1_1_0_0_1_1_0_1_0_1_0_1_0_1_1_1_1_1_1_1_1_1_1_1_1_1_1_1_0_0_1_1_1,1,0.0001766666666666667,4.988876515698589e-5,0.12080536912751678,238.01539421676725
1_1_0_0_0_1_1_0_0_0_1_0_0_0_0_1_1_0_0_0_1_0_0_1_1_0_0_1_1_0_1_0_1_1_1_1_1_1_1_1_1_0_0_1_0_0,1,0.0001766666666666667,9.428090415820634e-6,0.1610738255033557,241.9091847265222
0_0_0_0_0_1_1_0_0_0_0_0_0_0_0_1_1_0_1_0_0_0_1_1_1_1_1_0_1_0_0_0_1_1_1_1_0_1_1_1_0_0_0_0_0_0,1,0.0001766666666666667,4.714045207910317e-6,0.10738255033557047,289.4226579520697
0_1_0_0_0_1_1_0_0_0_0_1_0_0_0_1_1_0_0_1_1_0_0_1_1_0_1_1_1_0_0_0_1_1_1_1_1_1_1_1_1_0_0_0_0_0,1,0.00017666666666666666,3.681787005729088e-5,0.15436241610738255,236.56306656306654
1_0_1_0_0_1_1_0_0_0_1_0_0_1_0_0_0_0_1_1_0_0_1_1_1_1_1_0_1_1_1_0_1_1_1_1_0_1_1_1_0_0_0_1_1_1,1,0.00017666666666666666,5.312459150169742e-5,0.10067114093959731,196.12373737373738
1_0_1_1_1_0_0_1_1_1_1_1_1_1_1_0_0_1_1_0_0_0_1_0_1_0_1_0_1_1_1_1_1_1_1_1_1_1_1_1_0_0_0_0_1_1,1,0.00017666666666666666,4.4969125210773474e-5,0.09395973154362416,244.02173913043475
0_0_1_0_0_1_1_0_0_0_0_0_1_1_0_0_1_0_0_1_0_0_0_1_1_1_0_0_1_0_0_0_1_1_1_1_0_1_1_1_0_0_0_0_0_0,1,0.00017666666666666666,5.249338582674542e-5,0.18791946308724833,247.1042735042735
0_1_0_1_1_0_0_1_1_1_0_0_0_0_1_1_1_1_0_0_1_0_0_0_1_0_0_1_1_0_0_1_1_1_1_1_1_1_1_1_1_0_0_1_0_0,1,0.00017666666666666666,2.0548046676563267e-5,0.1610738255033557,245.12962962962965
1_1_1_1_1_0_0_1_1_1_1_1_1_1_1_0_0_1_0_1_1_1_0_0_0_0_0_1_0_0_1_1_0_0_0_0_1_0_0_0_1_1_1_0_1_1,1,0.00017666666666666666,2.8674417556808767e-5,0.11409395973154363,240.44973544973547
0_0_1_1_1_0_0_1_1_1_0_1_1_0_1_0_0_1_1_0_0_1_1_0_0_0_1_0_0_1_0_1_0_0_0_0_0_0_0_0_0_1_1_0_1_1,1,0.00017666666666666666,4.4969125210773474e-5,0.14093959731543623,302.8462157809984
0_1_0_0_0_1_1_0_0_0_0_0_0_0_0_1_1_0_0_0_1_0_0_1_1_1_0_1_1_0_0_0_1_1_1_1_1_1_1_1_1_0_0_0_0_0,1,0.00017666666666666666,2.8674417556808764e-5,0.10067114093959731,236.32275132275132
0_0_1_0_0_1_1_0_0_0_0_1_1_1_0_0_0_0_1_0_0_0_1_1_1_1_1_0_1_1_0_0_1_1_1_1_0_1_1_1_0_0_0_0_1_1,1,0.00017666666666666666,4.027681991198191e-5,0.1610738255033557,255.45238095238096
1_1_0_0_0_1_1_0_0_0_1_0_0_0_0_1_1_0_1_0_0_1_1_1_0_1_0_0_0_1_1_0_0_0_0_0_0_0_0_0_1_1_1_0_0_0,1,0.00017666666666666666,3.681787005729088e-5,0.12080536912751678,234.93265993265993
0_0_1_0_0_1_1_0_0_0_0_1_0_1_0_0_0_0_1_1_0_0_1_1_1_1_1_0_1_1_0_0_1_1_1_1_1_1_1_1_0_0_0_1_1_1,1,0.00017666666666666666,4.496912521077348e-5,0.14093959731543623,220.43650793650795
1_0_0_0_0_1_1_0_0_0_1_0_0_1_0_0_0_0_1_1_0_0_1_1_1_1_1_0_1_1_1_0_1_1_1_1_0_1_1_1_0_0_0_1_1_1,1,0.00017333333333333336,1.8856180831641267e-5,0.087248322147651,213.33333333333334
1_0_1_0_0_1_1_0_0_0_1_0_0_1_0_0_0_0_1_1_1_0_1_1_1_1_0_1_1_1_1_0_1_1_1_1_0_1_1_1_0_0_0_1_1_1,1,0.00017333333333333336,1.699673171197596e-5,0.12751677852348994,297.2417153996102
0_1_1_1_1_0_0_1_1_1_0_1_1_1_1_0_0_1_0_1_1_1_0_0_0_0_1_1_0_0_0_1_0_0_0_0_1_0_0_0_1_1_1_1_1_1,1,0.00017333333333333336,3.0912061651652355e-5,0.10738255033557047,245.59109311740892
1_0_0_0_0_1_1_0_0_0_1_0_0_1_0_0_0_0_1_1_0_0_1_1_1_1_0_0_1_0_1_0_1_1_1_1_0_1_1_1_0_0_0_1_1_1,1,0.00017333333333333336,1.247219128924647e-5,0.087248322147651,209.46142930856556
0_0_1_0_0_1_1_0_0_0_0_0_1_1_0_1_1_0_1_0_0_1_1_1_0_1_0_0_0_0_0_0_0_0_0_0_0_0_0_0_0_1_1_0_0_0,1,0.00017333333333333336,1.8856180831641267e-5,0.1610738255033557,251.75
1_0_1_0_0_1_1_0_0_0_1_1_1_1_0_0_0_0_1_1_0_1_1_1_0_1_1_0_0_1_1_0_0_0_0_0_0_0_0_0_0_1_1_0_1_1,1,0.00017333333333333336,6.0184900284225965e-5,0.1610738255033557,233.16264090177137
0_0_1_1_1_0_0_0_1_1_0_0_1_0_1_0_0_1_0_0_0_0_0_0_1_1_0_0_1_0_0_1_1_1_1_1_0_1_1_1_0_0_0_0_1_1,1,0.0001733333333333333,4.7842333648024424e-5,0.20134228187919462,270.8311965811966
0_1_1_0_0_1_1_0_0_0_0_1_0_1_0_0_0_0_0_1_0_0_0_1_1_1_1_0_1_1_0_0_1_1_1_1_1_1_1_1_1_0_0_1_1_1,1,0.00017,1.414213562373095e-5,0.14093959731543623,243.9254385964912
0_1_0_1_1_0_0_1_1_1_0_1_1_0_1_1_1_1_0_0_1_0_0_0_1_0_0_1_1_0_0_1_1_1_1_1_1_1_1_1_1_0_0_0_0_0,1,0.00017,3.2659863237109046e-5,0.10738255033557047,203.87057387057385
0_0_0_1_1_0_0_1_1_1_0_1_1_0_1_0_0_1_1_0_0_0_1_0_1_0_1_0_1_1_0_1_1_1_1_1_0_1_1_1_0_0_0_0_1_1,1,0.00017,7.874007874011811e-5,0.1476510067114094,276.17063492063494
0_1_0_0_0_1_1_0_0_0_0_0_0_0_0_1_1_0_0_0_1_1_0_1_0_1_0_1_0_0_0_0_0_0_0_0_1_0_0_0_1_1_1_0_0_0,1,0.00017,2.4494897427831788e-5,0.10738255033557047,232.4607843137255
1_0_1_0_0_1_1_0_0_0_1_1_1_1_0_0_0_0_1_1_0_0_1_1_1_1_1_0_1_1_1_0_1_1_1_1_0_1_1_1_0_0_0_0_1_1,1,0.00017,2.1602468994692878e-5,0.15436241610738255,247.72347535505432
0_1_0_1_1_0_0_1_1_1_0_0_0_0_1_1_1_1_0_0_1_1_0_0_0_0_0_1_0_0_0_1_0_0_0_0_1_0_0_0_1_1_1_0_0_0,1,0.00017,2.1602468994692878e-5,0.15436241610738255,273.79281537176274
1_0_1_0_0_1_1_0_0_0_1_0_1_1_0_1_0_0_1_1_0_0_1_1_1_1_0_0_1_1_1_0_1_1_1_1_0_1_1_1_0_0_0_0_0_0,1,0.00017,3.5590260840104375e-5,0.18120805369127516,239.23684210526315
0_1_0_1_1_0_0_1_1_1_0_1_0_0_1_1_1_1_0_0_1_1_0_0_0_0_1_1_0_1_0_1_0_0_0_0_1_0_0_0_1_1_1_1_0_0,1,0.00017,2.94392028877595e-5,0.1476510067114094,227.89173789173788
1_0_1_0_0_1_1_0_0_0_1_0_1_1_0_0_0_0_1_1_0_1_1_1_0_1_0_0_0_0_1_0_0_0_0_0_0_0_0_0_0_1_1_1_1_1,1,0.00017,1.632993161855453e-5,0.14093959731543623,259.16477468180256
0_0_1_1_1_0_0_1_1_1_0_1_1_1_1_0_0_1_0_0_0_1_0_0_0_0_1_0_0_1_0_1_0_0_0_0_1_0_0_0_0_1_1_0_1_1,1,0.00017,1.632993161855453e-5,0.10738255033557047,234.88682490540074
0_0_1_1_1_0_0_0_1_1_0_0_1_0_1_0_0_1_0_0_0_1_0_0_0_1_0_0_0_0_0_1_0_0_0_0_0_0_0_0_0_1_1_0_1_1,1,0.00017,4.3204937989385736e-5,0.2080536912751678,264.26748689906583
0_1_0_0_0_1_1_0_0_0_0_0_0_0_0_1_1_0_0_0_0_0_0_1_1_1_0_0_1_0_0_0_1_1_1_1_0_1_1_1_1_0_0_0_0_0,1,0.00017,0.0,0.10067114093959731,317.45098039215685
1_1_0_1_1_0_0_1_1_1_1_0_0_0_1_1_1_1_0_1_1_1_0_0_0_0_0_1_0_0_1_1_0_0_0_0_1_0_0_0_1_1_1_0_0_0,1,0.00017,1.414213562373095e-5,0.1610738255033557,239.50657894736844
1_1_0_0_0_1_1_0_0_0_1_0_0_0_0_1_1_0_1_1_1_0_1_1_1_1_0_1_1_1_1_0_1_1_1_1_1_1_1_1_1_0_0_1_0_0,1,0.00017,4.898979485566356e-5,0.1342281879194631,286.4814384251724
1_0_1_0_0_1_1_0_0_0_1_0_1_1_0_0_0_0_1_0_0_1_1_1_0_1_0_0_0_1_1_0_0_0_0_0_0_0_0_0_0_1_1_1_1_1,1,0.00017,1.632993161855453e-5,0.14093959731543623,216.5359477124183
0_0_1_1_1_0_0_1_1_1_0_1_1_0_1_0_0_1_1_0_0_1_1_0_0_0_1_0_0_1_0_1_0_0_0_0_0_0_0_0_0_1_1_1_1_1,1,0.00017,4.0824829046386304e-5,0.12751677852348994,279.78461081402264
0_0_1_0_0_1_1_0_0_0_0_1_1_1_0_1_1_0_1_0_0_0_1_1_1_1_1_0_1_1_0_0_1_1_1_1_0_1_1_1_0_0_0_0_0_0,1,0.00017,4.320493798938574e-5,0.174496644295302,234.20066889632108
1_0_1_1_1_0_0_1_1_1_1_1_1_1_1_0_0_1_1_1_1_1_1_0_0_0_1_1_0_1_1_1_0_0_0_0_1_0_0_0_0_1_1_1_1_1,1,0.00017,2.1602468994692875e-5,0.10067114093959731,268.80555555555554
0_0_0_0_0_1_1_0_0_0_0_1_0_0_0_1_1_0_0_0_0_1_0_1_0_1_1_0_0_0_0_0_0_0_0_0_1_0_0_0_0_1_1_0_0_0,1,0.00016999999999999999,4.966554808583781e-5,0.1476510067114094,253.60500610500608
1_1_0_0_0_1_1_0_0_0_1_1_0_0_0_1_0_0_1_1_1_0_1_1_1_0_1_1_1_1_1_0_1_1_1_1_1_1_1_1_1_0_0_1_1_1,1,0.00016666666666666666,1.8856180831641277e-5,0.20134228187919462,252.30158730158732
1_1_0_0_0_1_1_0_0_0_1_0_0_0_0_1_1_0_0_1_0_0_0_1_1_1_0_0_1_0_1_0_1_1_1_1_1_1_1_1_1_0_0_0_0_0,1,0.00016666666666666666,6.128258770283411e-5,0.14093959731543623,256.2363834422658
0_1_1_0_0_1_1_0_0_0_0_0_1_1_0_1_1_0_0_0_0_1_0_1_0_1_0_0_0_0_0_0_0_0_0_0_0_0_0_0_1_1_1_0_0_0,1,0.00016666666666666666,4.109609335312651e-5,0.1610738255033557,265.3030303030303
0_0_1_1_1_0_0_0_1_1_0_0_1_0_1_1_1_1_0_0_0_1_0_0_0_1_0_0_0_0_0_1_0_0_0_0_0_0_0_0_0_1_1_0_0_0,1,0.00016666666666666666,6.944222218666553e-5,0.2080536912751678,256.0527950310559
0_0_0_0_0_1_1_0_0_0_0_1_0_0_0_0_0_0_0_1_0_0_0_1_1_0_1_0_1_0_0_0_1_1_1_1_1_1_1_1_0_0_0_1_1_1,1,0.00016666666666666666,5.4365021434333636e-5,0.15436241610738255,225.2857142857143
1_0_1_1_1_0_0_1_1_1_1_0_1_1_1_1_1_1_1_0_1_0_1_0_1_1_0_1_1_0_1_1_1_1_1_1_0_1_1_1_0_0_0_0_0_0,1,0.00016666666666666666,4.496912521077348e-5,0.1610738255033557,270.5347593582888
0_0_0_0_0_1_1_0_0_0_0_0_0_0_0_1_1_0_1_0_0_1_1_1_0_1_1_0_0_0_0_0_0_0_0_0_0_0_0_0_0_1_1_0_0_0,1,0.00016666666666666666,5.249338582674541e-5,0.11409395973154363,297.26190476190476
1_0_1_1_1_0_0_1_1_1_1_1_1_1_1_0_0_1_1_1_1_0_1_0_1_0_1_1_1_1_1_1_1_1_1_1_1_1_1_1_0_0_0_1_1_1,1,0.00016666666666666666,1.2472191289246484e-5,0.10738255033557047,275.64923747276686
1_1_1_1_1_0_0_1_1_1_1_0_1_1_1_1_1_1_1_0_1_0_1_0_1_1_0_1_1_1_1_1_1_1_1_1_0_1_1_1_1_0_0_0_0_0,1,0.00016666666666666666,2.8674417556808767e-5,0.1610738255033557,228.23831070889892
0_1_0_0_0_1_1_0_0_0_0_0_0_0_0_0_1_0_0_0_1_0_0_1_1_1_0_1_1_0_0_0_1_1_1_1_0_1_1_1_1_0_0_1_1_1,1,0.00016666666666666666,3.299831645537222e-5,0.1342281879194631,258.015873015873
1_1_1_1_1_0_0_1_1_1_1_0_1_1_1_0_0_1_1_1_1_1_1_0_0_0_0_1_0_1_1_1_0_0_0_0_0_0_0_0_1_1_1_1_1_1,1,0.00016666666666666666,5.7348835113617514e-5,0.14093959731543623,244.30555555555557
1_1_0_1_1_0_0_1_1_1_1_1_0_0_1_1_0_1_0_1_1_0_0_0_1_0_1_1_1_0_1_1_1_1_1_1_1_1_1_1_1_0_0_1_1_1,1,0.00016333333333333334,3.771236166328254e-5,0.174496644295302,234.1786283891547
0_1_0_0_0_1_1_0_0_0_0_0_0_0_0_1_1_0_0_0_0_1_0_1_0_1_0_0_0_0_0_0_0_0_0_0_0_0_0_0_1_1_1_0_0_0,1,0.00016333333333333334,1.247219128924648e-5,0.10738255033557047,285.1388888888889
1_0_0_0_0_1_1_0_0_0_1_1_0_0_0_0_0_0_1_1_1_0_1_1_1_0_1_1_1_1_1_0_1_1_1_1_1_1_1_1_0_0_0_1_1_1,1,0.00016333333333333334,1.699673171197596e-5,0.174496644295302,273.8406473700591
1_0_0_1_1_0_0_1_1_1_1_0_1_0_1_1_1_1_1_0_1_0_1_0_1_0_0_1_1_0_1_1_1_1_1_1_0_1_1_1_0_0_0_0_0_0,1,0.00016333333333333334,1.8856180831641277e-5,0.1476510067114094,261.719298245614
1_1_0_1_1_0_0_1_1_1_1_1_0_0_1_1_0_1_0_1_1_1_0_0_0_0_1_1_0_0_1_1_0_0_0_0_1_0_0_0_1_1_1_1_1_1,1,0.00016333333333333334,4.7140452079103176e-5,0.18120805369127516,239.26421404682276
0_0_1_1_1_0_0_1_1_1_0_1_1_1_1_1_1_1_1_1_0_1_1_0_0_0_1_0_0_0_0_1_0_0_0_0_0_0_0_0_0_1_1_0_0_0,1,0.00016333333333333334,5.792715732327589e-5,0.12080536912751678,233.30555555555554
0_0_1_1_1_0_0_1_1_1_0_1_1_1_1_0_0_1_0_1_0_1_0_0_0_1_1_0_0_0_0_1_0_0_0_0_0_0_0_0_0_1_1_1_1_1,1,0.00016333333333333334,5.312459150169743e-5,0.1610738255033557,227.231884057971
0_0_0_1_1_0_0_1_1_1_0_1_1_0_1_0_0_1_1_0_0_1_1_0_0_0_1_0_0_1_0_1_0_0_0_0_0_0_0_0_0_1_1_0_1_1,1,0.00016333333333333334,4.714045207910317e-6,0.15436241610738255,269.4852941176471
0_0_1_1_1_0_0_1_1_1_0_1_1_1_1_0_1_1_1_1_0_0_1_0_1_0_1_0_1_1_0_1_1_1_1_1_0_1_1_1_0_0_0_0_0_0,1,0.00016333333333333334,3.091206165165235e-5,0.14093959731543623,270.9259259259259
1_0_1_1_1_0_0_1_1_1_1_0_1_1_1_0_0_1_1_1_0_0_1_0_1_1_0_0_1_0_1_1_1_1_1_1_0_1_1_1_0_0_0_1_1_1,1,0.00016333333333333334,5.557777333511022e-5,0.1610738255033557,251.73520923520923
0_1_0_1_1_0_0_1_1_1_0_0_0_0_1_1_1_1_0_0_1_1_0_0_0_0_0_1_0_0_0_1_0_0_0_0_1_0_0_0_1_1_1_1_0_0,1,0.00016333333333333334,2.0548046676563263e-5,0.15436241610738255,247.88533834586465
0_1_1_1_1_0_0_1_1_1_0_1_1_1_1_1_1_1_0_0_0_1_0_0_0_0_0_0_0_1_0_1_0_0_0_0_1_0_0_0_1_1_1_0_0_0,1,0.00016333333333333334,2.8674417556808764e-5,0.10738255033557047,290.18589743589746
1_1_0_1_1_0_0_1_1_1_1_1_0_0_1_1_0_1_1_0_1_1_1_0_0_0_1_1_0_1_1_1_0_0_0_0_1_0_0_0_1_1_1_1_1_1,1,0.00016333333333333334,2.494438257849295e-5,0.18791946308724833,254.47487497023099
1_1_0_1_1_0_0_1_1_1_1_1_1_0_1_1_1_1_0_0_1_0_0_0_1_0_0_1_1_1_1_1_1_1_1_1_1_1_1_1_1_0_0_0_0_0,1,0.00016333333333333334,2.494438257849295e-5,0.11409395973154363,214.32166388822736
0_0_0_1_1_0_0_1_1_1_0_1_0_0_1_0_0_1_0_1_0_0_0_0_1_0_1_0_1_1_0_1_1_1_1_1_1_1_1_1_0_0_0_1_1_1,1,0.00016333333333333334,3.681787005729087e-5,0.1476510067114094,240.515873015873
0_0_1_1_1_0_0_1_1_1_0_1_1_1_1_1_1_1_0_0_0_1_0_0_0_0_1_0_0_1_0_1_0_0_0_0_1_0_0_0_0_1_1_0_0_0,1,0.00016333333333333334,5.557777333511022e-5,0.10738255033557047,249.02417027417027
0_0_1_1_1_0_0_1_1_1_0_1_1_1_1_1_1_1_1_1_0_0_1_0_1_0_1_0_1_0_0_1_1_1_1_1_0_1_1_1_0_0_0_0_0_0,1,0.00016,0.0,0.12751677852348994,251.25
1_1_0_0_0_1_1_0_0_0_1_1_0_0_0_1_1_0_1_1_0_0_1_1_1_1_1_0_1_1_1_0_1_1_1_1_1_1_1_1_1_0_0_0_0_0,1,0.00016,0.0,0.16778523489932887,236.45833333333334
1_1_0_0_0_1_1_0_0_0_1_0_0_1_0_1_1_0_0_1_1_1_0_1_0_1_0_1_0_0_1_0_0_0_0_0_1_0_0_0_1_1_1_0_0_0,1,0.00016,2.8284271247461906e-5,0.1342281879194631,284.35185185185185
0_0_1_0_0_1_1_0_0_0_0_1_1_1_0_0_0_0_1_1_0_0_1_1_1_1_1_0_1_0_0_0_1_1_1_1_0_1_1_1_0_0_0_0_1_1,1,0.00016,1.632993161855453e-5,0.1610738255033557,245.25132275132273
1_1_1_0_0_1_1_0_0_0_1_0_0_1_0_1_1_0_0_1_1_0_0_1_1_1_0_1_1_0_1_0_1_1_1_1_1_1_1_1_1_0_0_1_0_0,1,0.00016,5.715476066494082e-5,0.15436241610738255,296.9715956558062
1_1_0_1_1_0_0_1_1_1_1_1_0_0_1_1_1_1_0_0_0_0_0_0_1_0_1_0_1_0_1_1_1_1_1_1_1_1_1_1_1_0_0_0_0_0,1,0.00016,1.4142135623730961e-5,0.18120805369127516,228.96358543417367
1_0_1_1_1_0_0_1_1_1_1_1_1_1_1_0_0_1_1_0_0_0_1_0_1_0_1_0_1_1_1_1_1_1_1_1_1_1_1_1_0_0_0_1_1_1,1,0.00015999999999999999,6.164414002968977e-5,0.09395973154362416,235.2962962962963
1_1_1_0_0_1_1_0_0_0_1_0_0_1_0_1_1_0_1_1_1_0_1_1_1_1_0_1_1_1_1_0_1_1_1_1_0_1_1_1_1_0_0_0_0_0,1,0.00015999999999999999,1.4142135623730961e-5,0.12080536912751678,225.8148148148148
0_0_0_0_0_1_1_0_0_0_0_0_0_0_0_1_1_0_1_1_0_1_1_1_0_1_1_0_0_1_0_0_0_0_0_0_0_0_0_0_0_1_1_0_0_0,1,0.00015999999999999999,4.96655480858378e-5,0.11409395973154363,263.5386473429952
1_1_0_1_1_0_0_1_1_1_1_1_0_0_1_0_0_1_0_1_1_0_0_0_1_0_1_1_1_1_1_1_1_1_1_1_1_1_1_1_1_0_0_1_1_1,1,0.00015999999999999999,2.94392028877595e-5,0.1610738255033557,251.10256410256412
0_0_1_1_1_0_0_1_1_1_0_1_1_0_1_0_0_1_0_0_0_0_0_0_1_0_1_0_1_0_0_1_1_1_1_1_1_1_1_1_0_0_0_0_1_1,1,0.00015999999999999999,8.16496580927727e-6,0.11409395973154363,222.41666666666666
1_1_1_1_1_0_0_1_1_1_1_0_1_1_1_1_1_1_1_0_1_1_1_0_0_1_0_1_0_1_1_1_0_0_0_0_0_0_0_0_1_1_1_0_0_0,1,0.00015999999999999999,2.4494897427831788e-5,0.15436241610738255,221.78390688259108
0_1_0_0_0_1_1_0_0_0_0_0_0_0_0_1_1_0_0_0_1_0_0_1_1_1_0_1_1_0_0_0_1_1_1_1_1_1_1_1_1_0_0_1_0_0,1,0.00015999999999999999,2.94392028877595e-5,0.11409395973154363,221.56837606837607
1_0_1_1_1_0_0_0_1_1_1_0_1_0_1_1_1_1_1_0_1_0_1_0_1_1_0_1_1_1_1_1_1_1_1_1_0_1_1_1_0_0_0_0_0_0,1,0.00015999999999999999,1.4142135623730961e-5,0.18120805369127516,239.33333333333334
1_1_0_0_0_1_1_0_0_0_1_0_0_0_0_0_0_0_1_1_1_0_1_1_1_1_0_1_1_0_1_0_1_1_1_1_0_1_1_1_1_0_0_1_1_1,1,0.0001566666666666667,1.8856180831641277e-5,0.10738255033557047,224.4796380090498
1_1_1_0_0_1_1_0_0_0_1_0_0_1_0_1_1_0_0_1_1_0_0_1_1_1_0_1_1_0_1_0_1_1_1_1_0_1_1_1_1_0_0_0_0_0,1,0.0001566666666666667,3.39934634239519e-5,0.12080536912751678,242.74978891077964
1_1_0_0_0_1_1_0_0_0_1_0_0_0_0_1_1_0_1_1_1_0_1_1_1_1_0_1_1_0_1_0_1_1_1_1_0_1_1_1_1_0_0_0_0_0,1,0.0001566666666666667,1.8856180831641277e-5,0.09395973154362416,227.46606334841627
0_1_0_1_1_0_0_1_1_1_0_1_0_0_1_1_1_1_0_0_1_0_0_0_1_0_1_1_1_1_0_1_1_1_1_1_1_1_1_1_1_0_0_0_0_0,1,0.0001566666666666667,2.867441755680876e-5,0.14093959731543623,250.1754385964912
1_1_1_0_0_1_1_0_0_0_1_0_0_1_0_1_1_0_0_1_1_1_0_1_0_1_0_1_0_0_1_0_0_0_0_0_1_0_0_0_1_1_1_0_0_0,1,0.0001566666666666667,2.624669291337271e-5,0.1476510067114094,277.7342047930283
1_1_1_1_1_0_0_1_1_1_1_1_1_1_1_0_0_1_0_1_1_1_0_0_0_0_0_1_0_1_1_1_0_0_0_0_1_0_0_0_1_1_1_1_1_1,1,0.0001566666666666667,2.624669291337271e-5,0.10738255033557047,271.1873638344227
0_0_1_1_1_0_0_1_1_1_0_1_1_1_1_0_1_1_0_0_0_0_0_0_1_0_1_0_1_0_0_1_1_1_1_1_1_1_1_1_0_0_0_0_0_0,1,0.0001566666666666667,2.867441755680876e-5,0.12751677852348994,238.4393274853801
1_1_0_0_0_1_1_0_0_0_1_0_0_0_0_0_0_0_1_1_1_1_1_1_0_1_0_1_0_0_1_0_0_0_0_0_0_0_0_0_1_1_1_1_1_1,1,0.0001566666666666667,1.2472191289246484e-5,0.11409395973154363,265.55322128851543
0_0_1_0_0_1_1_0_0_0_0_1_1_1_0_0_0_0_1_0_0_1_1_1_0_1_1_0_0_1_0_0_0_0_0_0_0_0_0_0_0_1_1_0_1_1,1,0.00015666666666666666,3.8586123009300757e-5,0.16778523489932887,223.2142857142857
0_0_1_0_0_1_1_0_0_0_0_0_1_1_0_1_1_0_1_0_0_0_1_1_1_1_0_0_1_0_0_0_1_1_1_1_0_1_1_1_0_0_0_0_0_0,1,0.00015666666666666666,6.548960901462833e-5,0.16778523489932887,265.1666666666667
0_1_1_1_1_0_0_1_1_1_0_1_1_1_1_0_1_1_0_1_0_0_0_0_1_0_0_0_1_0_0_1_1_1_1_1_1_1_1_1_1_0_0_0_0_0,1,0.00015666666666666666,2.357022603955159e-5,0.12080536912751678,220.33834586466165
1_1_0_1_1_0_0_1_1_1_1_0_0_0_1_1_0_1_0_0_1_0_0_0_1_0_0_1_1_0_1_1_1_1_1_1_1_1_1_1_1_0_0_1_1_1,1,0.00015666666666666663,9.428090415820645e-6,0.18120805369127516,221.6209150326797
1_1_0_0_0_1_1_0_0_0_1_0_0_1_0_1_1_0_1_1_1_1_1_1_0_1_0_1_0_1_1_0_0_0_0_0_0_0_0_0_1_1_1_0_0_0,1,0.00015666666666666663,1.699673171197596e-5,0.11409395973154363,231.67195767195767
0_1_1_1_1_0_0_1_1_1_0_1_1_0_1_0_0_1_0_0_0_0_0_0_1_0_0_0_1_0_0_1_1_1_1_1_1_1_1_1_1_0_0_0_1_1,1,0.00015333333333333334,4.4969125210773474e-5,0.11409395973154363,270.2222222222222
1_0_0_0_0_1_1_0_0_0_1_0_0_0_0_1_1_0_1_0_0_1_1_1_0_1_0_0_0_1_1_0_0_0_0_0_0_0_0_0_0_1_1_0_0_0,1,0.00015333333333333334,1.699673171197596e-5,0.11409395973154363,228.0467571644042
0_1_1_0_0_1_1_0_0_0_0_0_1_1_0_1_1_0_0_0_1_0_0_1_1_1_0_1_1_0_0_0_1_1_1_1_0_1_1_1_1_0_0_0_0_0,1,0.00015333333333333334,3.091206165165235e-5,0.1476510067114094,232.67973856209153
1_1_0_0_0_1_1_0_0_0_1_1_0_0_0_0_0_0_0_1_1_0_0_1_1_0_1_1_1_1_1_0_1_1_1_1_1_1_1_1_1_0_0_1_1_1,1,0.00015333333333333334,1.699673171197596e-5,0.174496644295302,281.9900075414782
0_0_1_0_0_1_1_0_0_0_0_0_0_1_0_0_0_0_1_1_0_0_1_1_1_1_1_0_1_0_0_0_1_1_1_1_0_1_1_1_0_0_0_1_1_1,1,0.00015333333333333334,2.0548046676563267e-5,0.10738255033557047,232.54415954415956
1_1_1_1_1_0_0_1_1_1_1_1_1_1_1_0_0_1_0_1_1_0_0_0_1_0_1_1_1_1_1_1_1_1_1_1_1_1_1_1_1_0_0_0_1_1,1,0.00015333333333333334,3.299831645537222e-5,0.10738255033557047,245.04186602870814
1_1_1_0_0_1_1_0_0_0_1_0_0_1_0_1_1_0_1_1_1_1_1_1_0_1_0_1_0_1_1_0_0_0_0_0_0_0_0_0_1_1_1_1_0_0,1,0.00015333333333333334,3.399346342395191e-5,0.12751677852348994,242.66666666666666
1_1_0_0_0_1_1_0_0_0_1_0_0_0_0_1_0_0_1_1_1_1_1_1_0_1_0_1_0_1_1_0_0_0_0_0_0_0_0_0_1_1_1_1_1_1,1,0.00015333333333333334,2.867441755680876e-5,0.12751677852348994,249.55847953216377
1_1_0_0_0_1_1_0_0_0_1_0_0_1_0_1_1_0_1_1_1_0_1_1_1_1_0_1_1_1_1_0_1_1_1_1_0_1_1_1_1_0_0_1_0_0,1,0.0001533333333333333,1.2472191289246484e-5,0.12080536912751678,216.84407096171802
0_1_1_1_1_0_0_1_1_1_0_1_1_0_1_0_0_1_0_0_0_1_0_0_0_0_0_0_0_0_0_1_0_0_0_0_1_0_0_0_1_1_1_0_1_1,1,0.0001533333333333333,2.6246692913372715e-5,0.12080536912751678,246.17601696549067
1_0_0_0_0_1_1_0_0_0_1_0_0_1_0_0_0_0_1_1_0_1_1_1_0_1_0_0_0_0_1_0_0_0_0_0_0_0_0_0_0_1_1_1_1_1,1,0.00015,8.16496580927727e-6,0.09395973154362416,203.98015873015876
0_0_1_1_1_0_0_1_1_1_0_1_1_0_1_1_1_1_1_0_0_1_1_0_0_0_1_0_0_1_0_1_0_0_0_0_0_0_0_0_0_1_1_0_0_0,1,0.00015,2.9439202887759494e-5,0.14093959731543623,311.9945697577277
0_0_1_1_1_0_0_1_1_1_0_1_1_0_1_0_0_1_0_0_0_0_0_0_1_0_1_0_1_0_0_1_1_1_1_1_1_1_1_1_0_0_0_1_1_1,1,0.00015,4.2426406871192855e-5,0.11409395973154363,232.7777777777778
0_0_0_0_0_1_1_0_0_0_0_0_0_0_0_1_1_0_1_1_0_0_1_1_1_1_1_0_1_1_0_0_1_1_1_1_0_1_1_1_0_0_0_0_0_0,1,0.00015,2.160246899469287e-5,0.10738255033557047,281.16830065359477
0_0_0_1_1_0_0_1_1_1_0_1_1_0_1_0_0_1_0_0_0_1_0_0_0_0_1_0_0_0_0_1_0_0_0_0_1_0_0_0_0_1_1_0_1_1,1,0.00015,8.16496580927727e-6,0.1342281879194631,241.05158730158732
1_1_1_1_1_0_0_1_1_1_1_1_1_1_1_0_0_1_0_0_1_0_0_0_1_0_0_1_1_0_1_1_1_1_1_1_1_1_1_1_1_0_0_1_1_1,1,0.00015,1.632993161855453e-5,0.11409395973154363,261.9074912016088
0_0_1_1_1_0_0_1_1_1_0_1_1_1_1_0_0_1_1_1_1_1_1_0_0_0_1_1_0_1_0_1_0_0_0_0_1_0_0_0_0_1_1_1_1_1,1,0.00015,5.3541261347363375e-5,0.11409395973154363,235.93554593554595
0_0_1_1_1_0_0_1_1_1_0_1_1_1_1_0_0_1_0_1_0_0_0_0_1_1_1_0_1_0_0_1_1_1_1_1_0_1_1_1_0_0_0_1_1_1,1,0.00015,4.5460605656619524e-5,0.16778523489932887,269.56018518518516
0_1_1_1_1_0_0_1_1_1_0_1_1_1_1_0_1_1_0_0_0_0_0_0_1_0_1_0_1_0_0_1_1_1_1_1_1_1_1_1_1_0_0_0_0_0,1,0.0001466666666666667,2.624669291337271e-5,0.12080536912751678,266.3502673796791
0_0_0_1_1_0_0_1_1_1_0_1_1_0_1_0_0_1_0_0_0_0_0_0_1_0_1_0_1_0_0_1_1_1_1_1_1_1_1_1_0_0_0_1_1_1,1,0.0001466666666666667,1.8856180831641274e-5,0.12751677852348994,222.5
0_0_0_0_0_1_1_0_0_0_0_1_0_0_0_0_0_0_1_1_0_1_1_1_0_0_1_0_0_1_0_0_0_0_0_0_1_0_0_0_0_1_1_1_1_1,1,0.00014666666666666666,1.699673171197596e-5,0.1610738255033557,226.08058608058607
1_1_1_0_0_1_1_0_0_0_1_0_0_1_0_1_1_0_1_1_1_0_1_1_1_1_0_1_1_1_1_0_1_1_1_1_0_1_1_1_1_0_0_1_0_0,1,0.00014666666666666666,4.784233364802441e-5,0.1342281879194631,216.8782249742002
0_1_0_0_0_1_1_0_0_0_0_0_0_0_0_1_1_0_0_1_1_1_0_1_0_1_0_1_0_0_0_0_0_0_0_0_0_0_0_0_1_1_1_1_0_0,1,0.00014666666666666666,2.0548046676563257e-5,0.09395973154362416,251.39542483660128
0_0_1_1_1_0_0_1_1_1_0_1_1_1_1_0_0_1_0_0_0_0_0_0_1_0_1_0_1_1_0_1_1_1_1_1_1_1_1_1_0_0_0_1_1_1,1,0.00014666666666666666,1.699673171197596e-5,0.10067114093959731,221.07519931049342
1_0_0_1_1_0_0_1_1_1_1_1_0_0_1_0_0_1_1_1_1_0_1_0_1_0_1_1_1_1_1_1_1_1_1_1_1_1_1_1_0_0_0_1_1_1,1,0.00014666666666666666,4.109609335312651e-5,0.1610738255033557,271.7142857142857
1_1_0_0_0_1_1_0_0_0_1_0_0_1_0_1_1_0_0_1_1_1_0_1_0_1_0_1_0_0_1_0_0_0_0_0_0_0_0_0_1_1_1_1_0_0,1,0.00014333333333333334,2.054804667656326e-5,0.11409395973154363,215.61624649859945
1_1_0_1_1_0_0_1_1_1_1_0_0_0_1_1_1_1_0_0_1_1_0_0_0_0_0_1_0_1_1_1_0_0_0_0_1_0_0_0_1_1_1_1_0_0,1,0.00014333333333333334,2.4944382578492944e-5,0.1610738255033557,239.2299465240642
0_0_1_1_1_0_0_1_1_1_0_0_1_1_1_0_0_1_0_0_1_1_0_0_0_0_0_1_0_0_0_1_0_0_0_0_0_0_0_0_0_1_1_1_1_1,1,0.00014333333333333334,2.624669291337271e-5,0.16778523489932887,244.017094017094
0_0_1_0_0_1_1_0_0_0_0_1_1_1_0_0_0_0_0_1_0_0_0_1_1_1_1_0_1_0_0_0_1_1_1_1_0_1_1_1_0_0_0_0_1_1,1,0.00014333333333333334,4.189935029992179e-5,0.16778523489932887,247.01282051282053
1_1_0_1_1_0_0_1_1_1_1_0_0_0_1_0_0_1_0_0_1_1_0_0_0_0_0_1_0_1_1_1_0_0_0_0_1_0_0_0_1_1_1_1_1_1,1,0.00014333333333333334,3.681787005729087e-5,0.174496644295302,246.3684210526316
1_0_1_0_0_1_1_0_0_0_1_0_1_1_0_0_0_0_1_1_0_0_1_1_1_1_0_0_1_0_1_0_1_1_1_1_0_1_1_1_0_0_0_1_1_1,1,0.00014333333333333334,2.624669291337271e-5,0.1476510067114094,282.7991452991453
0_0_1_0_0_1_1_0_0_0_0_1_1_1_0_1_1_0_1_1_0_0_1_1_1_1_1_0_1_0_0_0_1_1_1_1_0_1_1_1_0_0_0_0_0_0,1,0.00014333333333333334,5.249338582674542e-5,0.174496644295302,244.01002506265664
0_0_0_1_1_0_0_1_1_1_0_1_1_0_1_1_1_1_1_0_0_0_1_0_1_0_1_0_1_1_0_1_1_1_1_1_0_1_1_1_0_0_0_0_0_0,1,0.00014333333333333334,3.681787005729087e-5,0.1610738255033557,284.2456140350877
1_1_0_0_0_1_1_0_0_0_1_0_0_0_0_0_0_0_0_0_1_1_0_1_0_1_0_1_0_1_1_0_0_0_0_0_1_0_0_0_1_1_1_1_1_1,1,0.00014333333333333334,2.3570226039551588e-5,0.12751677852348994,239.24242424242425
0_0_1_1_1_0_0_1_1_1_0_1_1_0_1_1_1_1_1_0_0_0_1_0_1_0_1_0_1_1_0_1_1_1_1_1_1_1_1_1_0_0_0_0_0_0,1,0.00014333333333333334,4.4969125210773474e-5,0.12751677852348994,236.06084656084656
0_0_0_1_1_0_0_1_1_1_0_1_1_0_1_0_0_1_1_0_0_0_1_0_1_0_1_0_1_1_0_1_1_1_1_1_1_1_1_1_0_0_0_0_1_1,1,0.00014333333333333334,2.624669291337271e-5,0.12751677852348994,210.505698005698
0_1_0_0_0_1_1_0_0_0_0_0_0_0_0_1_1_0_0_1_1_0_0_1_1_1_0_1_1_0_0_0_1_1_1_1_0_1_1_1_1_0_0_1_0_0,1,0.00014333333333333334,3.399346342395191e-5,0.10067114093959731,221.37406453195925
1_1_0_0_0_1_1_0_0_0_1_0_0_0_0_1_1_0_1_0_1_1_1_1_0_0_0_1_0_1_1_0_0_0_0_0_1_0_0_0_1_1_1_0_0_0,1,0.00014333333333333334,2.054804667656326e-5,0.16778523489932887,264.46311858076564
1_0_1_0_0_1_1_0_0_0_1_0_0_1_0_1_1_0_1_1_1_0_1_1_1_1_1_1_1_1_1_0_1_1_1_1_0_1_1_1_0_0_0_1_0_0,1,0.00014333333333333334,4.027681991198191e-5,0.1342281879194631,305.6767676767677
0_1_1_1_1_0_0_1_1_1_0_1_1_0_1_0_0_1_0_0_0_0_0_0_1_0_0_0_1_0_0_1_1_1_1_1_1_1_1_1_1_0_0_1_1_1,1,0.00014333333333333334,2.054804667656326e-5,0.11409395973154363,220.65826330532215
1_1_1_0_0_1_1_0_0_0_1_0_1_1_0_1_1_0_1_0_1_0_1_1_1_1_0_1_1_0_1_0_1_1_1_1_0_1_1_1_1_0_0_0_0_0,1,0.00014333333333333334,2.054804667656326e-5,0.15436241610738255,228.35200746965452
0_0_0_0_0_1_1_0_0_0_0_0_0_0_0_1_1_0_0_1_0_0_0_1_1_1_0_0_1_0_0_0_1_1_1_1_0_1_1_1_0_0_0_1_0_0,1,0.0001433333333333333,4.714045207910317e-6,0.12751677852348994,223.2222222222222
0_1_1_1_1_0_0_1_1_1_0_0_1_1_1_1_1_1_0_0_0_1_0_0_0_1_0_0_0_0_0_1_0_0_0_0_0_0_0_0_1_1_1_0_0_0,1,0.00014000000000000001,4.898979485566356e-5,0.174496644295302,256.5
1_1_0_0_0_1_1_0_0_0_1_0_0_1_0_1_1_0_0_1_1_0_0_1_1_1_0_1_1_0_1_0_1_1_1_1_0_1_1_1_1_0_0_0_0_0,1,0.00014000000000000001,1.4142135623730961e-5,0.10738255033557047,215.16025641025644
0_1_1_1_1_0_0_1_1_1_0_1_1_0_1_0_0_1_0_0_0_1_0_0_0_0_0_0_0_0_0_1_0_0_0_0_1_0_0_0_1_1_1_1_1_1,1,0.00014000000000000001,1.4142135623730943e-5,0.10738255033557047,262.77777777777777
0_1_0_0_0_1_1_0_0_0_0_0_0_0_0_1_1_0_0_1_1_0_0_1_1_1_0_1_1_0_0_0_1_1_1_1_0_1_1_1_1_0_0_0_0_0,1,0.00014000000000000001,8.16496580927726e-6,0.087248322147651,239.95115995115998
0_1_0_0_0_1_1_0_0_0_0_1_0_0_0_1_1_0_0_0_1_1_0_1_0_0_1_1_0_1_0_0_0_0_0_0_1_0_0_0_1_1_1_1_0_0,1,0.00014000000000000001,1.4142135623730961e-5,0.1610738255033557,205.17628205128207
0_0_1_0_0_1_1_0_0_0_0_0_1_1_0_0_0_0_1_1_1_1_1_1_0_1_0_1_0_1_0_0_0_0_0_0_0_0_0_0_0_1_1_1_1_1,1,0.00014000000000000001,2.943920288775949e-5,0.18120805369127516,246.0588235294118
1_1_1_0_0_1_1_0_0_0_1_0_0_1_0_1_1_0_1_1_1_1_1_1_0_1_0_1_0_1_1_0_0_0_0_0_0_0_0_0_1_1_1_0_0_0,1,0.00014000000000000001,2.1602468994692875e-5,0.12751677852348994,248.6186525892408
0_1_1_1_1_0_0_1_1_1_0_1_1_1_1_0_1_1_0_1_0_1_0_0_0_0_0_0_0_0_0_1_0_0_0_0_1_0_0_0_1_1_1_0_0_0,1,0.00014000000000000001,4.96655480858378e-5,0.11409395973154363,236.57864357864358
0_0_1_1_1_0_0_1_1_1_0_1_1_1_1_0_0_1_1_1_0_1_1_0_0_1_1_0_0_1_0_1_0_0_0_0_0_0_0_0_0_1_1_0_1_1,1,0.00014000000000000001,8.16496580927726e-6,0.1610738255033557,238.96581196581192
1_1_0_0_0_1_1_0_0_0_1_0_0_0_0_1_1_0_0_1_1_0_0_1_1_1_0_1_1_1_1_0_1_1_1_1_1_1_1_1_1_0_0_0_0_0,1,0.00014000000000000001,4.5460605656619524e-5,0.11409395973154363,217.14672364672364
1_1_1_1_1_0_0_1_1_1_1_0_1_0_1_1_1_1_1_0_1_1_1_0_0_0_0_1_0_0_1_1_0_0_0_0_0_0_0_0_1_1_1_0_0_0,1,0.00014000000000000001,4.898979485566356e-5,0.1342281879194631,203.42857142857142
0_0_0_0_0_1_1_0_0_0_0_1_0_0_0_1_1_0_0_0_0_0_0_1_1_1_1_0_1_0_0_0_1_1_1_1_1_1_1_1_0_0_0_0_0_0,1,0.00014000000000000001,5.099019513592785e-5,0.14093959731543623,255.7275132275132
1_0_1_0_0_1_1_0_0_0_1_0_0_1_0_0_0_0_1_1_0_1_1_1_0_1_0_0_0_0_1_0_0_0_0_0_0_0_0_0_0_1_1_1_1_1,1,0.00013999999999999996,8.16496580927726e-6,0.10738255033557047,217.94017094017093
0_0_1_1_1_0_0_1_1_1_0_1_1_0_1_0_0_1_1_0_0_0_1_0_1_0_1_0_1_1_0_1_1_1_1_1_1_1_1_1_0_0_0_1_1_1,1,0.00013999999999999996,8.16496580927726e-6,0.11409395973154363,214.51404151404154
0_1_1_1_1_0_0_1_1_1_0_1_1_0_1_1_1_1_0_0_1_0_0_0_1_0_1_1_1_1_0_1_1_1_1_1_1_1_1_1_1_0_0_0_0_0,1,0.00013666666666666666,2.494438257849295e-5,0.09395973154362416,223.63910599204715
0_0_1_1_1_0_0_1_1_1_0_1_1_1_1_1_1_1_0_0_0_0_0_0_1_0_1_0_1_1_0_1_1_1_1_1_1_1_1_1_0_0_0_0_0_0,1,0.00013666666666666666,2.6246692913372702e-5,0.11409395973154363,221.375
0_0_1_1_1_0_0_1_1_1_0_1_1_1_1_0_0_1_1_1_1_0_1_0_1_0_1_1_1_1_0_1_1_1_1_1_1_1_1_1_0_0_0_1_1_1,1,0.00013666666666666666,3.091206165165235e-5,0.12080536912751678,204.28451178451178
1_1_0_0_0_1_1_0_0_0_1_0_0_0_0_0_0_0_0_0_1_0_0_1_1_1_0_1_1_1_1_0_1_1_1_1_1_1_1_1_1_0_0_1_1_1,1,0.00013666666666666666,1.2472191289246464e-5,0.12080536912751678,230.7619047619048
0_0_1_1_1_0_0_1_1_1_0_1_1_0_1_1_1_1_0_0_0_1_0_0_0_0_1_0_0_0_0_1_0_0_0_0_1_0_0_0_0_1_1_0_0_0,1,0.00013666666666666666,9.428090415820634e-6,0.12080536912751678,245.57264957264957
1_0_1_1_1_0_0_1_1_1_1_1_1_1_1_0_0_1_1_0_0_1_1_0_0_0_1_0_0_1_1_1_0_0_0_0_1_0_0_0_0_1_1_1_1_1,1,0.00013666666666666666,2.0548046676563257e-5,0.087248322147651,229.7564935064935
0_0_0_0_0_1_1_0_0_0_0_1_0_0_0_1_1_0_1_0_0_0_1_1_1_1_1_0_1_1_0_0_1_1_1_1_1_1_1_1_0_0_0_0_0_0,1,0.00013666666666666666,4.109609335312651e-5,0.14093959731543623,249.29074823811666
0_0_1_1_1_0_0_1_1_1_0_1_1_1_1_0_0_1_1_0_0_0_1_0_1_0_1_0_1_0_0_1_1_1_1_1_0_1_1_1_0_0_0_1_1_1,1,0.00013666666666666666,1.6996731711975957e-5,0.12080536912751678,235.02136752136752
1_0_1_0_0_1_1_0_0_0_1_0_0_1_0_1_1_0_1_1_1_1_1_1_0_1_1_1_0_1_1_0_0_0_0_0_0_0_0_0_0_1_1_0_0_0,1,0.00013666666666666666,2.6246692913372702e-5,0.12751677852348994,215.56944444444443
1_0_1_0_0_1_1_0_0_0_1_1_1_1_0_0_0_0_1_1_0_1_1_1_0_1_1_0_0_0_1_0_0_0_0_0_0_0_0_0_0_1_1_1_1_1,1,0.00013666666666666666,3.299831645537222e-5,0.15436241610738255,261.412037037037
1_1_0_0_0_1_1_0_0_0_1_0_0_1_0_0_0_0_1_1_1_0_1_1_1_1_0_1_1_1_1_0_1_1_1_1_0_1_1_1_1_0_0_1_1_1,1,0.00013666666666666664,4.714045207910317e-6,0.12080536912751678,241.35531135531133
1_0_0_1_1_0_0_1_1_1_1_1_0_0_1_0_0_1_1_1_0_0_1_0_1_0_1_0_1_1_1_1_1_1_1_1_1_1_1_1_0_0_0_1_1_1,1,0.00013333333333333334,2.4944382578492944e-5,0.14093959731543623,223.23214285714286
1_1_0_0_0_1_1_0_0_0_1_0_0_0_0_1_1_0_1_0_0_0_1_1_1_1_0_0_1_1_1_0_1_1_1_1_1_1_1_1_1_0_0_0_0_0,1,0.00013333333333333334,3.299831645537221e-5,0.1476510067114094,252.84313725490196
1_1_0_1_1_0_0_1_1_1_1_0_0_0_1_0_0_1_1_0_1_0_1_0_1_0_0_1_1_1_1_1_1_1_1_1_1_1_1_1_1_0_0_1_1_1,1,0.00013333333333333334,5.79271573232759e-5,0.174496644295302,259.60317460317464
1_1_1_0_0_1_1_0_0_0_1_0_0_1_0_1_1_0_0_1_1_0_0_1_1_1_0_1_1_0_1_0_1_1_1_1_1_1_1_1_1_0_0_0_0_0,1,0.00013333333333333334,4.027681991198191e-5,0.14093959731543623,286.52472089314193
0_1_1_1_1_0_0_1_1_1_0_1_1_1_1_0_0_1_0_1_1_0_0_0_1_0_1_1_1_0_0_1_1_1_1_1_1_1_1_1_1_0_0_1_1_1,1,0.00013333333333333334,4.921607686744468e-5,0.11409395973154363,271.7543859649123
0_0_0_1_1_0_0_1_1_1_0_1_1_0_1_1_1_1_0_0_0_0_0_0_1_0_1_0_1_0_0_1_1_1_1_1_1_1_1_1_0_0_0_0_0_0,1,0.00013333333333333334,3.299831645537222e-5,0.14093959731543623,232.65993265993265
0_1_1_0_0_1_1_0_0_0_0_0_1_1_0_1_1_0_0_0_0_0_0_1_1_1_0_0_1_0_0_0_1_1_1_1_0_1_1_1_1_0_0_0_0_0,1,0.00013333333333333334,3.299831645537222e-5,0.16778523489932887,273.45117845117846
0_0_1_0_0_1_1_0_0_0_0_1_1_1_0_1_1_0_1_0_0_1_1_1_0_1_1_0_0_1_0_0_0_0_0_0_0_0_0_0_0_1_1_0_0_0,1,0.00013333333333333334,3.681787005729087e-5,0.16778523489932887,254.38746438746435
1_0_0_0_0_1_1_0_0_0_1_0_0_1_0_1_1_0_1_1_1_0_1_1_1_1_0_1_1_0_1_0_1_1_1_1_0_1_1_1_0_0_0_1_0_0,1,0.0001333333333333333,2.867441755680876e-5,0.12080536912751678,258.2775263951734
1_1_0_0_0_1_1_0_0_0_1_0_0_0_0_0_0_0_0_0_1_1_0_1_0_0_0_1_0_0_1_0_0_0_0_0_1_0_0_0_1_1_1_1_1_1,1,0.0001333333333333333,1.2472191289246465e-5,0.16778523489932887,246.3846153846154
1_0_0_0_0_1_1_0_0_0_1_1_0_0_0_0_0_0_1_0_0_0_1_1_1_0_1_0_1_1_1_0_1_1_1_1_1_1_1_1_0_0_0_1_1_1,1,0.0001333333333333333,9.428090415820627e-6,0.1476510067114094,248.53174603174602
0_0_0_0_0_1_1_0_0_0_0_1_0_1_0_0_0_0_0_1_0_1_0_1_0_1_1_0_0_1_0_0_0_0_0_0_1_0_0_0_0_1_1_1_1_1,1,0.0001333333333333333,2.054804667656326e-5,0.14093959731543623,240.5623543123543
0_0_1_0_0_1_1_0_0_0_0_1_1_1_0_1_1_0_1_1_0_1_1_1_0_1_1_0_0_0_0_0_0_0_0_0_0_0_0_0_0_1_1_0_0_0,1,0.00013000000000000002,2.9439202887759494e-5,0.16778523489932887,283.46078431372547
1_0_1_0_0_1_1_0_0_0_1_0_1_1_0_0_0_0_1_1_1_1_1_1_0_1_0_1_0_1_1_0_0_0_0_0_0_0_0_0_0_1_1_1_1_1,1,0.00013000000000000002,3.7416573867739416e-5,0.16778523489932887,318.0555555555556
0_1_0_1_1_0_0_1_1_1_0_1_1_0_1_1_1_1_0_0_0_1_0_0_0_0_0_0_0_0_0_1_0_0_0_0_1_0_0_0_1_1_1_0_0_0,1,0.00013,4.2426406871192855e-5,0.1342281879194631,252.91228070175438
0_1_0_0_0_1_1_0_0_0_0_1_0_0_0_1_1_0_0_0_0_1_0_1_0_1_1_0_0_0_0_0_0_0_0_0_1_0_0_0_1_1_1_0_0_0,1,0.00013,2.4494897427831785e-5,0.14093959731543623,258.97756410256414
0_0_1_0_0_1_1_0_0_0_0_1_1_1_0_1_1_0_0_1_0_1_0_1_0_1_1_0_0_0_0_0_0_0_0_0_0_0_0_0_0_1_1_0_0_0,1,0.00013,2.943920288775949e-5,0.174496644295302,240.22156084656083
1_1_0_0_0_1_1_0_0_0_1_1_0_0_0_1_0_0_1_1_1_1_1_1_0_0_1_1_0_1_1_0_0_0_0_0_1_0_0_0_1_1_1_1_1_1,1,0.00013,1.6329931618554513e-5,0.2080536912751678,244.96348096348098
1_0_0_1_1_0_0_1_1_1_1_1_1_0_1_1_1_1_1_0_1_0_1_0_1_0_1_1_1_0_1_1_1_1_1_1_0_1_1_1_0_0_0_0_0_0,1,0.00013,1.4142135623730943e-5,0.1342281879194631,237.6839826839827
0_1_1_0_0_1_1_0_0_0_0_1_0_1_0_0_0_0_0_1_0_1_0_1_0_1_1_0_0_1_0_0_0_0_0_0_1_0_0_0_1_1_1_1_1_1,1,0.00013,2.4494897427831785e-5,0.1476510067114094,247.64102564102564
1_1_0_0_0_1_1_0_0_0_1_0_0_0_0_1_1_0_0_0_0_0_0_1_1_1_0_0_1_0_1_0_1_1_1_1_0_1_1_1_1_0_0_0_0_0,1,0.00013,8.164965809277253e-6,0.11409395973154363,224.981684981685
1_0_1_0_0_1_1_0_0_0_1_0_0_1_0_0_0_0_1_1_1_0_1_1_1_1_1_1_1_1_1_0_1_1_1_1_0_1_1_1_0_0_0_1_1_1,1,0.00013,1.6329931618554513e-5,0.1342281879194631,257.8073038073038
0_1_1_1_1_0_0_1_1_1_0_1_1_0_1_1_1_1_0_0_1_1_0_0_0_0_1_1_0_1_0_1_0_0_0_0_1_0_0_0_1_1_1_0_0_0,1,0.00013,2.8284271247461892e-5,0.087248322147651,194.8148148148148
0_1_1_0_0_1_1_0_0_0_0_0_0_1_0_0_0_0_0_1_0_1_0_1_0_1_0_0_0_1_0_0_0_0_0_0_1_0_0_0_1_1_1_1_1_1,1,0.00013,1.4142135623730943e-5,0.1342281879194631,244.2222222222222
0_0_1_1_1_0_0_1_1_1_0_1_1_1_1_0_0_1_1_0_1_0_1_0_1_0_1_1_1_1_0_1_1_1_1_1_0_1_1_1_0_0_0_1_1_1,1,0.00013,3.559026084010437e-5,0.1476510067114094,283.5555555555556
0_0_1_1_1_0_0_1_1_1_0_0_1_1_1_0_0_1_0_0_1_0_0_0_1_0_0_1_1_0_0_1_1_1_1_1_0_1_1_1_0_0_0_1_1_1,1,0.00013,2.1602468994692858e-5,0.174496644295302,253.30158730158732
1_1_0_1_1_0_0_1_1_1_1_0_0_0_1_0_0_1_0_1_1_1_0_0_0_0_0_1_0_0_1_1_0_0_0_0_1_0_0_0_1_1_1_1_1_1,1,0.00013,0.0,0.174496644295302,232.3076923076923
1_0_0_0_0_1_1_0_0_0_1_0_0_1_0_1_1_0_1_1_1_0_1_1_1_1_1_1_1_1_1_0_1_1_1_1_0_1_1_1_0_0_0_0_0_0,1,0.00013,0.0,0.10738255033557047,248.46153846153845
0_0_0_1_1_0_0_1_1_1_0_1_1_0_1_0_0_1_0_0_0_0_0_0_1_0_1_0_1_0_0_1_1_1_1_1_1_1_1_1_0_0_0_0_1_1,1,0.00013,8.164965809277253e-6,0.12751677852348994,235.018315018315
1_1_0_0_0_1_1_0_0_0_1_0_0_1_0_0_0_0_1_1_1_1_1_1_0_1_0_1_0_1_1_0_0_0_0_0_0_0_0_0_1_1_1_1_1_1,1,0.00012666666666666666,3.091206165165235e-5,0.12751677852348994,245.3475935828877
0_0_1_0_0_1_1_0_0_0_0_1_1_1_0_0_1_0_1_1_0_1_1_1_0_1_1_0_0_1_0_0_0_0_0_0_0_0_0_0_0_1_1_0_0_0,1,0.00012666666666666666,4.4969125210773474e-5,0.18120805369127516,239.8830409356725
1_0_1_0_0_1_1_0_0_0_1_0_0_1_0_1_1_0_1_1_1_0_1_1_1_1_1_1_1_1_1_0_1_1_1_1_0_1_1_1_0_0_0_0_0_0,1,0.00012666666666666666,4.71404520791031e-6,0.12080536912751678,233.52564102564102
1_0_1_0_0_1_1_0_0_0_1_0_0_1_0_1_1_0_1_1_1_1_1_1_0_1_0_1_0_0_1_0_0_0_0_0_0_0_0_0_0_1_1_0_0_0,1,0.00012666666666666666,5.436502143433364e-5,0.12751677852348994,208.03676470588235
0_1_0_1_1_0_0_1_1_1_0_1_0_0_1_1_1_1_0_0_1_0_0_0_1_0_1_1_1_1_0_1_1_1_1_1_1_1_1_1_1_0_0_1_0_0,1,0.00012666666666666666,2.6246692913372695e-5,0.15436241610738255,246.27513227513228
0_1_0_1_1_0_0_1_1_1_0_1_1_0_1_0_0_1_0_0_0_1_0_0_0_0_0_0_0_0_0_1_0_0_0_0_1_0_0_0_1_1_1_1_1_1,1,0.00012666666666666666,2.6246692913372695e-5,0.12080536912751678,233.32275132275132
0_0_1_1_1_0_0_1_1_1_0_1_1_1_1_0_0_1_0_1_1_0_0_0_1_0_1_1_1_0_0_1_1_1_1_1_0_1_1_1_0_0_0_1_1_1,1,0.00012666666666666666,2.4944382578492947e-5,0.15436241610738255,287.84722222222223
0_0_0_1_1_0_0_1_1_1_0_1_1_0_1_1_1_1_0_0_0_1_0_0_0_0_1_0_0_0_0_1_0_0_0_0_1_0_0_0_0_1_1_0_0_0,1,0.00012666666666666666,4.71404520791031e-6,0.1342281879194631,232.64957264957266
0_0_0_0_0_1_1_0_0_0_0_0_0_0_0_1_1_0_1_1_0_1_1_1_0_1_1_0_0_1_0_0_0_0_0_0_0_0_0_0_0_1_1_1_0_0,1,0.00012666666666666666,1.6996731711975944e-5,0.11409395973154363,224.54545454545453
0_1_1_1_1_0_0_1_1_1_0_1_1_0_1_0_0_1_0_0_0_0_0_0_1_0_1_0_1_1_0_1_1_1_1_1_1_1_1_1_1_0_0_1_1_1,1,0.00012666666666666666,1.6996731711975944e-5,0.11409395973154363,232.26767676767676
1_0_0_1_1_0_0_1_1_1_1_1_1_0_1_1_1_1_1_0_1_1_1_0_0_0_1_1_0_0_1_1_0_0_0_0_0_0_0_0_0_1_1_0_0_0,1,0.00012666666666666666,3.299831645537222e-5,0.12751677852348994,230.93137254901958
0_1_1_1_1_0_0_1_1_1_0_1_1_0_1_0_0_1_0_0_0_1_0_0_0_0_1_0_0_1_0_1_0_0_0_0_1_0_0_0_1_1_1_1_1_1,1,0.00012666666666666666,3.771236166328254e-5,0.10738255033557047,241.5185185185185
0_1_0_0_0_1_1_0_0_0_0_0_0_0_0_1_1_0_0_1_1_1_0_1_0_1_0_1_0_0_0_0_0_0_0_0_0_0_0_0_1_1_1_0_0_0,1,0.00012666666666666666,2.3570226039551588e-5,0.09395973154362416,249.26136363636365
1_1_0_0_0_1_1_0_0_0_1_0_0_0_0_1_1_0_0_0_0_1_0_1_0_1_0_0_0_0_1_0_0_0_0_0_0_0_0_0_1_1_1_0_0_0,1,0.00012666666666666666,1.6996731711975944e-5,0.12080536912751678,229.19191919191917
1_0_1_1_1_0_0_1_1_1_1_0_1_1_1_0_0_1_1_1_0_1_1_0_0_1_0_0_0_0_1_1_0_0_0_0_0_0_0_0_0_1_1_1_1_1,1,0.00012666666666666666,2.0548046676563246e-5,0.15436241610738255,254.34188034188034
1_1_1_1_1_0_0_1_1_1_1_0_1_1_1_1_1_1_1_1_1_0_1_0_1_1_0_1_1_0_1_1_1_1_1_1_0_1_1_1_1_0_0_0_0_0,1,0.00012666666666666666,3.681787005729087e-5,0.1610738255033557,213.54072398190044
1_0_0_0_0_1_1_1_0_0_1_1_0_1_0_1_1_0_1_1_1_1_1_1_0_0_1_1_0_1_1_0_0_0_0_0_1_0_0_0_0_1_1_1_0_0,1,0.00012666666666666666,4.71404520791031e-6,0.19463087248322147,274.8076923076923
1_1_0_1_1_0_0_1_1_1_1_0_0_0_1_0_0_1_1_0_1_1_1_0_0_0_0_1_0_1_1_1_0_0_0_0_1_0_0_0_1_1_1_1_1_1,1,0.00012666666666666666,4.71404520791031e-6,0.18120805369127516,234.9145299145299
1_1_0_0_0_1_1_0_0_0_1_0_0_0_0_1_0_0_1_1_1_0_1_1_1_1_0_1_1_1_1_0_1_1_1_1_0_1_1_1_1_0_0_1_1_1,1,0.00012666666666666666,4.71404520791031e-6,0.12080536912751678,202.2863247863248
1_1_0_0_0_1_1_0_0_0_1_0_0_0_0_1_1_0_1_1_1_0_1_1_1_1_0_1_1_0_1_0_1_1_1_1_0_1_1_1_1_0_0_1_0_0,1,0.00012666666666666666,2.4944382578492947e-5,0.10738255033557047,237.58333333333334
1_0_1_0_0_1_1_0_0_0_1_1_1_1_0_1_0_0_1_1_0_0_1_1_1_1_1_0_1_1_1_0_1_1_1_1_0_1_1_1_0_0_0_0_0_0,1,0.00012666666666666666,2.6246692913372695e-5,0.19463087248322147,242.16402116402116
1_1_0_1_1_0_0_1_1_1_1_0_0_0_1_0_0_1_0_0_1_0_0_0_1_0_0_1_1_1_1_1_1_1_1_1_1_1_1_1_1_0_0_1_1_1,1,0.00012666666666666666,3.681787005729087e-5,0.16778523489932887,255.55806938159878
1_1_1_1_1_0_0_1_1_1_1_0_1_1_1_0_0_1_0_1_1_0_0_0_1_0_0_1_1_0_1_1_1_1_1_1_0_1_1_1_1_0_0_1_1_1,1,0.00012333333333333334,3.39934634239519e-5,0.1476510067114094,249.6712220241632
1_1_0_0_0_1_1_0_0_0_1_0_0_1_0_0_0_0_0_1_1_1_0_1_0_1_0_1_0_0_1_0_0_0_0_0_0_0_0_0_1_1_1_1_1_1,1,0.00012333333333333334,1.885618083164126e-5,0.12751677852348994,219.75757575757575
1_0_0_0_0_1_1_0_0_0_1_0_0_0_0_1_0_0_1_1_1_1_1_1_0_1_0_1_0_1_1_0_0_0_0_0_0_0_0_0_0_1_1_1_1_1,1,0.00012333333333333334,1.2472191289246465e-5,0.12080536912751678,250.8874458874459
0_0_0_0_0_1_1_0_0_0_0_1_0_0_0_1_1_0_0_0_0_1_0_1_0_1_1_0_0_0_0_0_0_0_0_0_1_0_0_0_0_1_1_1_0_0,1,0.00012333333333333334,1.6996731711975944e-5,0.1476510067114094,252.2014652014652
0_1_1_1_1_0_0_1_1_1_0_1_1_0_1_0_0_1_0_0_0_1_0_0_0_0_1_0_0_1_0_1_0_0_0_0_1_0_0_0_1_1_1_0_1_1,1,0.00012333333333333334,9.428090415820627e-6,0.12080536912751678,266.0839160839161
1_1_0_0_0_1_1_0_0_0_1_0_0_0_0_1_0_0_0_1_1_1_0_1_0_1_0_1_0_0_1_0_0_0_0_0_1_0_0_0_1_1_1_1_1_1,1,0.00012333333333333334,2.0548046676563246e-5,0.1476510067114094,253.33333333333334
0_0_1_1_1_0_0_1_1_1_0_1_1_1_1_0_1_1_1_0_0_1_1_0_0_0_1_0_0_1_0_1_0_0_0_0_0_0_0_0_0_1_1_0_0_0,1,0.00012333333333333334,5.557777333511023e-5,0.14093959731543623,264.35714285714283
1_0_0_0_0_1_1_0_0_0_1_0_0_1_0_1_1_0_1_1_1_1_1_1_0_1_0_1_0_0_1_0_0_0_0_0_0_0_0_0_0_1_1_1_0_0,1,0.00012333333333333334,1.2472191289246465e-5,0.11409395973154363,208.92135642135642
0_0_0_0_0_1_1_0_0_0_0_1_0_0_0_1_1_0_0_1_0_0_0_1_1_1_1_0_1_0_0_0_1_1_1_1_1_1_1_1_0_0_0_0_0_0,1,0.00012333333333333334,1.6996731711975944e-5,0.1476510067114094,228.71794871794873
0_1_0_1_1_0_0_1_1_1_0_0_0_0_1_1_1_1_0_0_1_1_0_0_0_0_0_1_0_1_0_1_0_0_0_0_1_0_0_0_1_1_1_0_0_0,1,0.00012333333333333334,2.4944382578492934e-5,0.1610738255033557,240.16524216524218
0_0_0_1_1_0_0_1_1_1_0_1_1_0_1_0_0_1_1_0_0_1_1_0_0_0_1_0_0_1_0_1_0_0_0_0_0_0_0_0_0_1_1_1_1_1,1,0.00012333333333333334,2.4944382578492934e-5,0.14093959731543623,252.7806267806268
0_1_0_1_1_0_0_1_1_1_0_1_1_0_1_1_1_1_0_0_1_1_0_0_0_0_0_1_0_1_0_1_0_0_0_0_1_0_0_0_1_1_1_0_0_0,1,0.00012333333333333334,1.885618083164126e-5,0.10738255033557047,215.87878787878788
0_0_1_0_0_1_1_0_0_0_0_1_1_1_0_0_1_0_1_1_0_0_1_1_1_1_1_0_1_1_0_0_1_1_1_1_0_1_1_1_0_0_0_0_0_0,1,0.00012333333333333334,3.299831645537222e-5,0.18791946308724833,221.50980392156862
0_0_0_0_0_1_1_0_0_0_0_0_0_0_0_1_1_0_1_0_0_1_1_1_0_1_0_0_0_0_0_0_0_0_0_0_0_0_0_0_0_1_1_1_0_0,1,0.00012333333333333334,3.39934634239519e-5,0.10738255033557047,223.32343038225392
0_0_0_1_1_0_0_1_1_1_0_1_1_0_1_0_0_1_1_0_0_0_1_0_1_0_1_0_1_1_0_1_1_1_1_1_0_1_1_1_0_0_0_1_1_1,1,0.00012333333333333334,9.428090415820627e-6,0.1476510067114094,264.7086247086247
0_0_0_1_1_0_0_1_1_1_0_1_0_0_1_0_0_1_0_1_0_1_0_0_0_0_1_0_0_1_0_1_0_0_0_0_1_0_0_0_0_1_1_1_1_1,1,0.00012333333333333334,4.71404520791031e-6,0.15436241610738255,235.1923076923077
1_1_0_0_0_1_1_0_0_0_1_0_0_0_0_1_1_0_0_1_1_1_0_1_0_0_0_1_0_0_1_0_0_0_0_0_1_0_0_0_1_1_1_0_0_0,1,0.00012333333333333334,2.624669291337271e-5,0.1610738255033557,274.64393939393943
1_1_0_0_0_1_1_0_0_0_1_0_0_0_0_1_1_0_0_1_1_0_0_1_1_0_0_1_1_0_1_0_1_1_1_1_1_1_1_1_1_0_0_0_0_0,1,0.00012333333333333334,3.091206165165234e-5,0.15436241610738255,238.3611111111111
0_0_1_0_0_1_1_0_0_0_0_0_1_1_0_0_1_0_1_0_0_0_1_1_1_1_0_0_1_1_0_0_1_1_1_1_0_1_1_1_0_0_0_0_0_0,1,0.0001233333333333333,1.699673171197594e-5,0.18120805369127516,252.62637362637363
1_1_1_1_1_0_0_1_1_1_1_0_1_1_1_0_0_1_0_1_1_1_0_0_0_0_0_1_0_0_1_1_0_0_0_0_0_0_0_0_1_1_1_1_1_1,1,0.0001233333333333333,1.699673171197594e-5,0.14093959731543623,245.7912087912088
0_1_0_1_1_0_0_1_1_1_0_1_1_0_1_0_0_1_0_0_0_1_0_0_0_0_0_0_0_0_0_1_0_0_0_0_1_0_0_0_1_1_1_0_1_1,1,0.00012,4.96655480858378e-5,0.1342281879194631,258.0287524366472
0_1_0_0_0_1_1_0_0_0_0_0_0_0_0_1_1_0_0_1_1_0_0_1_1_1_0_1_1_0_0_0_1_1_1_1_1_1_1_1_1_0_0_1_0_0,1,0.00012,4.3204937989385736e-5,0.12080536912751678,235.109126984127
1_0_1_1_1_0_0_1_1_1_1_0_1_1_1_1_0_1_1_0_0_0_1_0_1_1_0_0_1_1_1_1_1_1_1_1_0_1_1_1_0_0_0_0_0_0,1,0.00012,1.4142135623730943e-5,0.20134228187919462,228.982683982684
1_1_0_0_0_1_1_0_0_0_1_0_0_1_0_0_0_0_0_1_1_1_0_1_0_1_0_1_0_0_1_0_0_0_0_0_1_0_0_0_1_1_1_1_1_1,1,0.00012,3.2659863237109046e-5,0.1476510067114094,283.2638888888889
0_0_0_1_1_0_0_1_1_1_0_1_1_0_1_1_1_1_1_0_0_0_1_0_1_0_1_0_1_1_0_1_1_1_1_1_1_1_1_1_0_0_0_0_0_0,1,0.00012,2.9439202887759494e-5,0.14093959731543623,235.15993265993265
0_1_0_0_0_1_1_0_0_0_0_0_0_0_0_1_1_0_0_0_1_0_0_1_1_1_0_1_1_1_0_0_1_1_1_1_1_1_1_1_1_0_0_0_0_0,1,0.00012,4.96655480858378e-5,0.10738255033557047,247.7046783625731
0_1_0_0_0_1_1_0_0_0_0_1_0_0_0_1_1_0_0_0_1_0_0_1_1_0_1_1_1_1_0_0_1_1_1_1_1_1_1_1_1_0_0_0_0_0,1,0.00012,4.3204937989385736e-5,0.15436241610738255,216.5462962962963
1_1_0_0_0_1_1_0_0_0_1_0_0_0_0_1_0_0_1_0_1_1_1_1_0_1_0_1_0_0_1_0_0_0_0_0_0_0_0_0_1_1_1_1_1_1,1,0.00011999999999999999,8.164965809277253e-6,0.12751677852348994,235.20784770784772
1_0_0_0_0_1_1_1_0_0_1_1_0_1_0_1_1_0_1_1_1_0_1_1_1_0_1_1_1_1_1_0_1_1_1_1_1_1_1_1_0_0_0_0_0_0,1,0.00011999999999999999,2.1602468994692858e-5,0.18791946308724833,228.3939393939394
0_0_0_1_1_0_0_1_1_1_0_1_1_0_1_1_1_1_1_0_0_1_1_0_0_0_1_0_0_1_0_1_0_0_0_0_0_0_0_0_0_1_1_0_0_0,1,0.00011999999999999999,8.164965809277253e-6,0.15436241610738255,309.6484071484071
1_1_0_0_0_1_1_0_0_0_1_0_0_1_0_0_0_0_0_1_1_0_0_1_1_1_0_1_1_0_1_0_1_1_1_1_1_1_1_1_1_0_0_1_1_1,1,0.00011999999999999999,2.4494897427831774e-5,0.14093959731543623,290.61111111111114
0_0_0_0_0_1_1_0_0_0_0_1_0_0_0_0_0_0_0_0_0_0_0_1_1_0_1_0_1_1_0_0_1_1_1_1_1_1_1_1_0_0_0_1_1_1,1,0.00011999999999999999,1.6329931618554513e-5,0.15436241610738255,216.75396825396828
0_1_0_0_0_1_1_0_0_0_0_0_0_0_0_1_1_0_0_0_0_0_0_1_1_1_0_0_1_0_0_0_1_1_1_1_1_1_1_1_1_0_0_0_0_0,1,0.00011666666666666668,3.681787005729088e-5,0.12080536912751678,364.88095238095235
0_0_1_1_1_0_0_1_1_1_0_1_1_0_1_0_0_1_1_0_0_1_1_0_0_0_1_0_0_1_0_1_0_0_0_0_1_0_0_0_0_1_1_0_1_1,1,0.00011666666666666668,4.4969125210773474e-5,0.12080536912751678,226.66666666666666
1_0_1_1_1_0_0_1_1_1_1_1_1_1_1_0_0_1_1_1_1_1_1_0_0_0_1_1_0_1_1_1_0_0_0_0_0_0_0_0_0_1_1_1_1_1,1,0.00011666666666666668,3.299831645537222e-5,0.12080536912751678,312.06439393939394
1_1_0_0_0_1_1_0_0_0_1_0_0_0_0_1_1_0_0_1_1_1_0_1_0_1_0_1_0_1_1_0_0_0_0_0_1_0_0_0_1_1_1_1_0_0,1,0.00011666666666666668,4.642796092394708e-5,0.12080536912751678,284.67195767195767
1_0_0_0_0_1_1_0_0_0_1_0_0_1_0_0_0_0_1_1_1_0_1_1_1_1_1_1_1_1_1_0_1_1_1_1_0_1_1_1_0_0_0_1_1_1,1,0.00011666666666666667,2.4944382578492934e-5,0.12080536912751678,278.1212121212121
1_1_0_0_0_1_1_0_0_0_1_0_0_0_0_1_1_0_0_1_1_1_0_1_0_0_0_1_0_0_1_0_0_0_0_0_1_0_0_0_1_1_1_1_0_0,1,0.00011666666666666667,1.6996731711975944e-5,0.1610738255033557,242.6883116883117
0_1_0_1_1_0_0_1_1_1_0_1_1_0_1_1_1_1_0_0_0_0_0_0_1_0_0_0_1_0_0_1_1_1_1_1_1_1_1_1_1_0_0_0_0_0,1,0.00011666666666666667,1.2472191289246465e-5,0.14093959731543623,282.1880341880342
1_1_0_1_1_0_0_1_1_1_1_1_0_0_1_1_0_1_0_0_1_0_0_0_1_0_1_1_1_1_1_1_1_1_1_1_1_1_1_1_1_0_0_1_1_1,1,0.00011666666666666667,2.054804667656325e-5,0.174496644295302,238.75661375661375
1_0_0_0_0_1_1_0_0_0_1_1_0_0_0_0_0_0_1_0_0_1_1_1_0_0_1_0_0_1_1_0_0_0_0_0_1_0_0_0_0_1_1_1_1_1,1,0.00011666666666666667,1.6996731711975944e-5,0.15436241610738255,207.03030303030303
1_0_0_1_1_0_0_1_1_1_1_1_0_0_1_0_0_1_1_1_1_1_1_0_0_0_1_1_0_1_1_1_0_0_0_0_1_0_0_0_0_1_1_1_1_1,1,0.00011666666666666667,1.2472191289246465e-5,0.16778523489932887,270.5042735042735
1_0_1_1_1_0_0_1_1_1_1_0_1_1_1_0_0_1_1_1_1_0_1_0_1_0_0_1_1_1_1_1_1_1_1_1_0_1_1_1_0_0_0_1_1_1,1,0.00011666666666666667,1.2472191289246465e-5,0.14093959731543623,256.47863247863245
1_1_0_0_0_1_1_0_0_0_1_0_0_0_0_1_0_0_0_1_1_0_0_1_1_1_0_1_1_0_1_0_1_1_1_1_1_1_1_1_1_0_0_1_1_1,1,0.00011666666666666667,2.3570226039551575e-5,0.14093959731543623,249.88888888888889
0_0_1_0_0_1_1_0_0_0_0_1_1_1_0_1_1_0_0_1_0_0_0_1_1_1_1_0_1_0_0_0_1_1_1_1_0_1_1_1_0_0_0_0_0_0,1,0.00011666666666666667,9.428090415820627e-6,0.18120805369127516,269.83682983682985
1_1_1_1_1_0_0_1_1_1_1_1_1_1_1_0_0_1_0_0_1_0_0_0_1_0_0_1_1_0_1_1_1_1_1_1_1_1_1_1_1_0_0_0_1_1,1,0.00011666666666666667,5.79271573232759e-5,0.11409395973154363,229.2806267806268
1_1_0_0_0_1_1_0_0_0_1_0_0_1_0_1_1_0_0_1_1_1_0_1_0_1_0_1_0_0_1_0_0_0_0_0_0_0_0_0_1_1_1_0_0_0,1,0.00011666666666666667,4.714045207910317e-6,0.11409395973154363,241.64141414141417
1_1_0_1_1_0_0_1_1_1_1_0_0_0_1_1_1_1_1_0_1_0_1_0_1_0_0_1_1_1_1_1_1_1_1_1_1_1_1_1_1_0_0_1_0_0,1,0.00011666666666666667,4.714045207910317e-6,0.174496644295302,239.06565656565658
1_1_0_0_0_1_1_1_0_0_1_1_0_1_0_1_1_0_0_1_1_0_0_1_1_0_1_1_1_1_1_0_1_1_1_1_1_1_1_1_1_0_0_0_0_0,1,0.00011666666666666667,1.2472191289246465e-5,0.18791946308724833,227.17094017094018
0_0_1_1_1_0_0_1_1_1_0_1_1_1_1_0_0_1_0_1_1_1_0_0_0_0_1_1_0_0_0_1_0_0_0_0_0_0_0_0_0_1_1_1_1_1,1,0.00011666666666666667,2.8674417556808747e-5,0.1476510067114094,319.75
1_0_1_1_1_0_0_1_1_1_1_1_1_1_1_0_0_1_1_1_1_0_1_0_1_0_1_1_1_1_1_1_1_1_1_1_0_1_1_1_0_0_0_1_1_1,1,0.00011666666666666667,1.2472191289246465e-5,0.12751677852348994,334.7564102564102
1_0_1_0_0_1_1_0_0_0_1_1_1_1_0_0_0_0_1_1_0_0_1_1_1_1_1_0_1_0_1_0_1_1_1_1_0_1_1_1_0_0_0_0_1_1,1,0.00011666666666666667,9.428090415820627e-6,0.1610738255033557,257.4125874125874
1_1_0_0_0_1_1_0_0_0_1_0_0_0_0_1_1_0_1_0_1_0_1_1_1_0_0_1_1_1_1_0_1_1_1_1_1_1_1_1_1_0_0_1_0_0,1,0.00011666666666666667,1.2472191289246465e-5,0.174496644295302,251.67521367521366
0_1_1_1_1_0_0_1_1_1_0_0_1_1_1_1_1_1_0_1_1_1_0_0_0_1_0_1_0_0_0_1_0_0_0_0_0_0_0_0_1_1_1_0_0_0,1,0.00011666666666666667,2.054804667656325e-5,0.1476510067114094,214.88095238095238
1_1_0_0_0_1_1_0_0_0_1_0_0_0_0_1_1_0_0_1_1_1_0_1_0_1_0_1_0_1_1_0_0_0_0_0_1_0_0_0_1_1_1_0_0_0,1,0.00011666666666666667,2.3570226039551575e-5,0.12080536912751678,259.0
0_0_1_0_0_1_1_0_0_0_0_0_1_1_0_0_0_0_1_1_1_0_1_1_1_1_0_1_1_1_0_0_1_1_1_1_0_1_1_1_0_0_0_1_1_1,1,0.00011666666666666665,3.3993463423951894e-5,0.18791946308724833,249.018315018315
0_0_1_1_1_0_0_1_1_1_0_1_1_1_1_0_0_1_1_0_0_1_1_0_0_0_1_0_0_0_0_1_0_0_0_0_0_0_0_0_0_1_1_0_1_1,1,0.00011666666666666665,1.885618083164126e-5,0.12751677852348994,208.4900284900285
1_0_1_1_1_0_0_1_1_1_1_1_1_1_1_0_0_1_1_1_0_1_1_0_0_0_1_0_0_1_1_1_0_0_0_0_0_0_0_0_0_1_1_1_1_1,1,0.00011666666666666665,2.6246692913372695e-5,0.10067114093959731,238.40201465201463
1_1_0_0_0_1_1_0_0_0_1_0_0_0_0_1_1_0_0_0_1_0_0_1_1_0_0_1_1_1_1_0_1_1_1_1_1_1_1_1_1_0_0_0_0_0,1,0.00011333333333333334,2.0548046676563246e-5,0.15436241610738255,211.51755651755653
0_0_1_1_1_0_0_1_1_1_0_1_1_1_1_0_0_1_0_0_1_1_0_0_0_0_1_1_0_0_0_1_0_0_0_0_1_0_0_0_0_1_1_1_1_1,1,0.00011333333333333334,3.39934634239519e-5,0.12080536912751678,239.95833333333334
1_0_0_0_0_1_1_0_0_0_1_0_0_0_0_1_0_0_1_0_1_1_1_1_0_1_1_1_0_1_1_0_0_0_0_0_0_0_0_0_0_1_1_1_1_1,1,0.00011333333333333334,1.2472191289246465e-5,0.12080536912751678,258.8787878787879
0_0_0_0_0_1_1_0_0_0_0_1_0_0_0_1_1_0_1_0_0_1_1_1_0_1_1_0_0_1_0_0_0_0_0_0_1_0_0_0_0_1_1_0_0_0,1,0.00011333333333333334,1.6996731711975944e-5,0.1476510067114094,257.5569800569801
1_1_1_0_0_1_1_0_0_0_1_0_0_1_0_0_0_0_1_1_1_1_1_1_0_1_0_1_0_1_1_0_0_0_0_0_0_0_0_0_1_1_1_1_1_1,1,0.00011333333333333334,4.109609335312651e-5,0.14093959731543623,244.6527777777778
0_1_0_1_1_0_0_1_1_1_0_1_1_0_1_0_0_1_0_0_0_0_0_0_1_0_0_0_1_0_0_1_1_1_1_1_1_1_1_1_1_0_0_1_1_1,1,0.00011333333333333334,4.714045207910317e-6,0.12751677852348994,248.13131313131308
0_1_0_1_1_0_0_1_1_1_0_1_1_0_1_0_0_1_0_0_0_1_0_0_0_0_1_0_0_1_0_1_0_0_0_0_1_0_0_0_1_1_1_0_1_1,1,0.00011333333333333334,3.39934634239519e-5,0.1342281879194631,225.66666666666666
1_0_1_0_0_1_1_0_0_0_1_0_0_1_0_1_1_0_1_1_1_1_1_1_0_1_0_1_0_0_1_0_0_0_0_0_0_0_0_0_0_1_1_1_0_0,1,0.00011333333333333334,2.0548046676563246e-5,0.12751677852348994,274.9110149110149
1_1_0_0_0_1_1_0_0_0_1_0_0_0_0_1_1_0_1_0_0_1_1_1_0_1_0_0_0_0_1_0_0_0_0_0_0_0_0_0_1_1_1_0_0_0,1,0.00011333333333333334,2.6246692913372695e-5,0.12751677852348994,209.62962962962965
1_1_0_1_1_0_0_1_1_1_1_0_0_0_1_1_1_1_0_1_1_0_0_0_1_0_0_1_1_0_1_1_1_1_1_1_1_1_1_1_1_0_0_1_0_0,1,0.00011333333333333334,3.299831645537222e-5,0.16778523489932887,240.48611111111111
1_0_0_0_0_1_1_0_0_0_1_0_0_0_0_1_0_0_1_1_1_0_1_1_1_1_0_1_1_1_1_0_1_1_1_1_0_1_1_1_0_0_0_1_1_1,1,0.00011333333333333334,4.714045207910317e-6,0.11409395973154363,271.61616161616166
0_1_0_1_1_0_0_1_1_1_0_0_0_0_1_1_1_1_0_0_1_0_0_0_1_0_0_1_1_1_0_1_1_1_1_1_1_1_1_1_1_0_0_0_0_0,1,0.00011333333333333334,2.0548046676563246e-5,0.15436241610738255,266.53679653679654
1_0_1_1_1_0_0_1_1_1_1_0_1_1_1_1_0_1_1_0_0_1_1_0_0_1_0_0_0_1_1_1_0_0_0_0_0_0_0_0_0_1_1_0_0_0,1,0.00011333333333333334,3.39934634239519e-5,0.2080536912751678,242.58333333333334
0_0_1_0_0_1_1_0_0_0_0_1_1_1_0_0_0_0_0_0_0_0_0_1_1_1_1_0_1_0_0_0_1_1_1_1_0_1_1_1_0_0_0_1_1_1,1,0.00011333333333333334,3.39934634239519e-5,0.174496644295302,202.04166666666666
0_0_0_0_0_1_1_0_0_0_0_1_0_1_0_0_0_0_0_1_0_0_0_1_1_1_1_0_1_1_0_0_1_1_1_1_1_1_1_1_0_0_0_1_1_1,1,0.00011333333333333334,1.6996731711975944e-5,0.1342281879194631,209.7720797720798
0_1_0_1_1_0_0_1_1_1_0_1_1_0_1_0_0_1_0_0_0_1_0_0_0_0_1_0_0_1_0_1_0_0_0_0_1_0_0_0_1_1_1_1_1_1,1,0.00011333333333333334,2.0548046676563246e-5,0.12080536912751678,212.5974025974026
1_1_0_0_0_1_1_0_0_0_1_0_0_0_0_0_0_0_0_0_1_0_0_1_1_0_0_1_1_0_1_0_1_1_1_1_1_1_1_1_1_0_0_1_1_1,1,0.00011333333333333334,4.714045207910317e-6,0.1610738255033557,245.22727272727272
0_1_0_0_0_1_1_0_0_0_0_1_0_0_0_0_1_0_0_1_1_1_0_1_0_0_1_1_0_0_0_0_0_0_0_0_1_0_0_0_1_1_1_1_1_1,1,0.00011333333333333334,1.2472191289246465e-5,0.20134228187919462,226.72494172494171
0_0_1_1_1_0_0_1_1_1_0_1_1_1_1_0_0_1_1_1_0_0_1_0_1_1_1_0_1_0_0_1_1_1_1_1_0_1_1_1_0_0_0_1_1_1,1,0.00011333333333333334,1.2472191289246465e-5,0.1610738255033557,200.7156177156177
0_0_1_1_1_0_0_1_1_1_0_1_1_1_1_0_0_1_1_0_0_0_1_0_1_1_1_0_1_1_0_1_1_1_1_1_0_1_1_1_0_0_0_1_1_1,1,0.00011333333333333334,2.0548046676563246e-5,0.1610738255033557,243.8263588263588
0_0_0_0_0_1_1_0_0_0_0_1_0_0_0_0_0_0_0_0_0_1_0_1_0_0_1_0_0_1_0_0_0_0_0_0_1_0_0_0_0_1_1_1_1_1,1,0.00011333333333333334,4.189935029992179e-5,0.1610738255033557,243.36134453781514
0_1_0_0_0_1_1_0_0_0_0_1_0_0_0_1_1_0_0_1_1_0_0_1_1_0_1_1_1_1_0_0_1_1_1_1_1_1_1_1_1_0_0_1_0_0,1,0.00011333333333333333,2.8674417556808747e-5,0.174496644295302,237.94949494949495
0_1_0_0_0_1_1_0_0_0_0_1_0_0_0_1_1_0_0_0_1_0_0_1_1_0_1_1_1_1_0_0_1_1_1_1_1_1_1_1_1_0_0_1_0_0,1,0.00011333333333333333,3.858612300930074e-5,0.16778523489932887,247.11965811965808
0_0_1_1_1_0_0_1_1_1_0_1_1_1_1_0_0_1_1_1_0_0_1_0_1_1_1_0_1_0_0_1_1_1_1_1_0_1_1_1_0_0_0_0_1_1,1,0.00011333333333333333,2.6246692913372695e-5,0.1610738255033557,204.96296296296296
0_0_1_0_0_1_1_0_0_0_0_0_1_1_0_0_1_0_0_0_0_1_0_1_0_1_0_0_0_0_0_0_0_0_0_0_0_0_0_0_0_1_1_0_0_0,1,0.00011333333333333333,4.496912521077346e-5,0.18791946308724833,218.46031746031744
0_0_1_1_1_0_0_1_1_1_0_1_1_1_1_1_1_1_1_0_0_0_1_0_1_1_1_0_1_1_0_1_1_1_1_1_0_1_1_1_0_0_0_0_0_0,1,0.00011333333333333333,2.6246692913372695e-5,0.174496644295302,270.6296296296296
0_1_0_1_1_0_0_1_1_1_0_1_0_0_1_0_1_1_0_1_1_1_0_0_0_0_1_1_0_0_0_1_0_0_0_0_1_0_0_0_1_1_1_1_1_1,1,0.0001133333333333333,3.091206165165234e-5,0.18791946308724833,222.14285714285714
1_1_0_0_0_1_1_0_0_0_1_0_0_0_0_1_1_0_1_0_1_1_1_1_0_0_0_1_0_1_1_0_0_0_0_0_1_0_0_0_1_1_1_1_0_0,1,0.00011,2.4494897427831774e-5,0.16778523489932887,205.03246753246754
1_1_0_0_0_1_1_0_0_0_1_1_0_0_0_1_1_0_1_1_0_1_1_1_0_1_1_0_0_1_1_0_0_0_0_0_1_0_0_0_1_1_1_0_0_0,1,0.00011,8.16496580927726e-6,0.174496644295302,254.6111111111111
0_1_0_0_0_1_1_0_0_0_0_1_0_0_0_1_1_0_0_1_1_1_0_1_0_0_1_1_0_1_0_0_0_0_0_0_1_0_0_0_1_1_1_1_0_0,1,0.00011,2.943920288775948e-5,0.16778523489932887,225.80555555555554
1_1_1_0_0_1_1_0_0_0_1_0_1_1_0_1_1_0_1_0_1_1_1_1_0_1_0_1_0_0_1_0_0_0_0_0_0_0_0_0_1_1_1_0_0_0,1,0.00011,2.4494897427831774e-5,0.1476510067114094,236.26082251082252
1_0_1_0_0_1_1_0_0_0_1_1_1_1_0_0_0_0_1_0_0_0_1_1_1_1_1_0_1_1_1_0_1_1_1_1_0_1_1_1_0_0_0_0_1_1,1,0.00011,3.5590260840104375e-5,0.1610738255033557,202.7314814814815
1_0_1_0_0_1_1_0_0_0_1_1_1_1_0_0_0_0_1_0_0_1_1_1_0_1_1_0_0_1_1_0_0_0_0_0_0_0_0_0_0_1_1_0_1_1,1,0.00011,8.16496580927726e-6,0.16778523489932887,221.04545454545453
1_1_0_0_0_1_1_0_0_0_1_1_0_0_0_1_1_0_0_0_1_0_0_1_0_0_1_1_0_0_1_0_1_1_0_1_1_1_0_1_1_1_0_1_0_0,1,0.00011,8.16496580927726e-6,0.2483221476510067,306.9343434343434
0_1_0_0_0_1_1_0_0_0_0_0_0_0_0_1_1_0_0_0_1_1_0_1_0_0_0_1_0_0_0_0_0_0_0_0_1_0_0_0_1_1_1_0_0_0,1,0.00011,2.943920288775948e-5,0.15436241610738255,238.2777777777778
0_0_0_0_0_1_1_0_0_0_0_1_0_0_0_1_1_0_0_0_0_0_0_1_1_1_1_0_1_0_0_0_1_1_1_1_1_1_1_1_0_0_0_1_0_0,1,0.00011,1.414213562373095e-5,0.15436241610738255,223.42592592592595
0_0_1_1_1_0_0_0_1_1_0_0_1_0_1_0_0_1_1_0_0_1_1_0_0_1_0_0_0_0_0_1_0_0_0_0_0_0_0_0_0_1_1_1_1_1,1,0.00011,8.16496580927726e-6,0.18791946308724833,223.65656565656568
1_0_1_0_0_1_1_0_0_0_1_0_0_1_0_0_0_0_1_1_1_1_1_1_0_1_1_1_0_1_1_0_0_0_0_0_0_0_0_0_0_1_1_1_1_1,1,0.00011,1.414213562373095e-5,0.14093959731543623,250.74074074074076
0_0_1_1_1_0_0_1_1_1_0_1_1_1_1_0_0_1_1_0_0_1_1_0_0_1_1_0_0_1_0_1_0_0_0_0_0_0_0_0_0_1_1_0_1_1,1,0.00011,2.943920288775948e-5,0.16778523489932887,213.4722222222222
1_0_0_0_0_1_1_0_0_0_1_0_0_1_0_0_0_0_1_1_1_1_1_1_0_1_1_1_0_1_1_0_0_0_0_0_0_0_0_0_0_1_1_1_1_1,1,0.00011,2.943920288775949e-5,0.12751677852348994,297.1825396825397
0_1_1_1_1_0_0_1_1_1_0_1_1_1_1_0_0_1_0_0_1_1_0_0_0_0_1_1_0_0_0_1_0_0_0_0_1_0_0_0_1_1_1_1_1_1,1,0.00011,3.559026084010437e-5,0.11409395973154363,209.85958485958486
0_0_1_1_1_0_0_1_1_1_0_1_1_1_1_1_1_1_1_0_0_1_1_0_0_1_1_0_0_1_0_1_0_0_0_0_0_0_0_0_0_1_1_0_0_0,1,0.00011,2.8284271247461892e-5,0.16778523489932887,237.25925925925924
0_0_1_1_1_0_0_1_1_1_0_1_1_0_1_0_0_1_1_0_0_0_1_0_1_0_1_0_1_1_0_1_1_1_1_1_1_1_1_1_0_0_0_0_1_1,1,0.00011,4.96655480858378e-5,0.11409395973154363,223.6574074074074
1_1_0_0_0_1_1_0_0_0_1_0_0_1_0_0_0_0_0_1_1_0_0_1_1_1_0_1_1_0_1_0_1_1_1_1_0_1_1_1_1_0_0_1_1_1,1,0.00011,8.16496580927726e-6,0.12080536912751678,247.479797979798
0_1_0_1_1_0_0_1_1_1_0_1_1_0_1_0_0_1_0_0_0_0_0_0_1_0_1_0_1_1_0_1_1_1_1_1_1_1_1_1_1_0_0_0_1_1,1,0.00011,1.6329931618554513e-5,0.12751677852348994,226.3014763014763
1_1_1_1_1_0_0_1_1_1_1_1_1_1_1_0_0_1_1_1_1_1_1_0_0_0_0_1_0_1_1_1_0_0_0_0_1_0_0_0_1_1_1_0_1_1,1,0.00011,8.16496580927726e-6,0.12751677852348994,237.08585858585863
0_0_0_0_0_1_1_0_0_0_0_0_0_0_0_1_1_0_1_0_0_0_1_1_1_1_0_0_1_0_0_0_1_1_1_1_0_1_1_1_0_0_0_1_0_0,1,0.00011,2.82842712474619e-5,0.11409395973154363,241.90476190476193
0_1_0_0_0_1_1_0_0_0_0_1_0_0_0_0_1_0_0_1_1_0_0_1_1_0_1_1_1_0_0_0_1_1_1_1_1_1_1_1_1_0_0_1_1_1,1,0.00011,1.4142135623730943e-5,0.2080536912751678,232.41025641025644
1_0_0_0_0_1_1_0_0_0_1_0_0_1_0_1_1_0_1_1_1_0_1_1_1_1_0_1_1_0_1_0_1_1_1_1_0_1_1_1_0_0_0_0_0_0,1,0.00011,5.099019513592785e-5,0.10738255033557047,207.96296296296296
1_1_0_0_0_1_1_0_0_0_1_0_0_0_0_0_0_0_1_0_1_1_1_1_0_0_0_1_0_1_1_0_0_0_0_0_1_0_0_0_1_1_1_1_1_1,1,0.00011,1.4142135623730943e-5,0.18120805369127516,245.46153846153845
1_1_1_1_1_0_0_1_1_1_1_1_1_1_1_0_0_1_0_1_1_1_0_0_0_0_0_1_0_1_1_1_0_0_0_0_1_0_0_0_1_1_1_0_1_1,1,0.00011,8.16496580927726e-6,0.12080536912751678,206.96464646464645
1_1_0_0_0_1_1_0_0_0_1_0_0_0_0_1_1_0_1_0_1_0_1_1_1_0_0_1_1_1_1_0_1_1_1_1_1_1_1_1_1_0_0_0_0_0,1,0.00011,8.16496580927726e-6,0.1610738255033557,247.03535353535355
1_1_1_0_0_1_1_0_0_0_1_0_0_1_0_1_1_0_0_1_1_1_0_1_0_1_0_1_0_0_1_0_0_0_0_0_0_0_0_0_1_1_1_1_0_0,1,0.00011,3.741657386773942e-5,0.12751677852348994,257.26190476190476
0_1_0_1_1_0_0_1_1_1_0_1_1_0_1_0_0_1_0_0_0_0_0_0_1_0_1_0_1_1_0_1_1_1_1_1_1_1_1_1_1_0_0_1_1_1,1,0.00011,4.5460605656619524e-5,0.12751677852348994,246.41666666666666
1_0_1_1_1_0_0_1_1_1_1_1_1_1_1_1_0_1_1_0_0_0_1_0_1_0_1_0_1_1_1_1_1_1_1_1_1_1_1_1_0_0_0_0_0_0,1,0.00011,4.320493798938574e-5,0.1342281879194631,230.75941487706191
1_1_0_0_0_1_1_1_0_0_1_1_0_1_0_1_0_0_0_1_1_0_0_1_1_0_1_1_1_0_1_0_1_1_1_1_1_1_1_1_1_0_0_1_1_1,1,0.00011,2.1602468994692858e-5,0.21476510067114093,288.8412698412699
1_1_0_1_1_0_0_1_1_1_1_0_0_0_1_1_1_1_1_1_1_0_1_0_1_0_0_1_1_1_1_1_1_1_1_1_1_1_1_1_1_0_0_0_0_0,1,0.00010666666666666668,4.714045207910317e-6,0.16778523489932887,216.36363636363637
0_1_0_1_1_0_0_1_1_1_0_1_1_0_1_1_1_1_0_0_1_0_0_0_1_0_1_1_1_1_0_1_1_1_1_1_1_1_1_1_1_0_0_0_0_0,1,0.00010666666666666668,6.236095644623236e-5,0.10738255033557047,200.61403508771932
1_1_1_0_0_1_1_0_0_0_1_0_0_1_0_1_1_0_0_1_1_0_0_1_1_1_0_1_1_0_1_0_1_1_1_1_0_1_1_1_1_0_0_1_0_0,1,0.00010666666666666668,4.714045207910317e-6,0.1342281879194631,237.63636363636365
1_0_1_0_0_1_1_0_0_0_1_0_0_1_0_1_1_0_1_1_1_0_1_1_1_1_0_1_1_0_1_0_1_1_1_1_0_1_1_1_0_0_0_1_0_0,1,0.00010666666666666668,4.714045207910317e-6,0.1342281879194631,279.0909090909091
0_1_0_0_0_1_1_0_0_0_0_0_0_0_0_1_1_0_0_0_0_1_0_1_0_1_0_0_0_0_0_0_0_0_0_0_1_0_0_0_1_1_1_1_0_0,1,0.00010666666666666668,1.8856180831641267e-5,0.12751677852348994,261.52777777777777
1_0_0_1_1_0_0_1_1_1_1_1_0_0_1_0_0_1_1_1_0_1_1_0_0_0_1_0_0_1_1_1_0_0_0_0_1_0_0_0_0_1_1_1_1_1,1,0.00010666666666666668,4.714045207910317e-6,0.1476510067114094,254.4848484848485
0_0_1_1_1_0_0_1_1_1_0_1_1_1_1_0_0_1_0_1_1_1_0_0_0_0_1_1_0_1_0_1_0_0_0_0_1_0_0_0_0_1_1_1_1_1,1,0.00010666666666666668,4.109609335312651e-5,0.12080536912751678,220.38888888888889
1_1_0_0_0_1_1_0_0_0_1_0_0_0_0_1_1_0_0_0_1_1_0_1_0_0_0_1_0_1_1_0_0_0_0_0_1_0_0_0_1_1_1_0_0_0,1,0.00010666666666666668,4.714045207910317e-6,0.1610738255033557,218.75757575757575
0_1_1_1_1_0_0_1_1_1_0_1_1_0_1_0_0_1_0_0_0_0_0_0_1_0_0_0_1_1_0_1_1_1_1_1_1_1_1_1_1_0_0_0_1_1,1,0.00010666666666666668,4.921607686744467e-5,0.12080536912751678,252.3137254901961
1_1_1_0_0_1_1_0_0_0_1_0_1_1_0_0_0_0_1_1_1_1_1_1_0_1_0_1_0_1_1_0_0_0_0_0_0_0_0_0_1_1_1_1_1_1,1,0.00010666666666666668,4.714045207910317e-6,0.174496644295302,279.24242424242425
0_1_1_0_0_1_1_0_0_0_0_0_1_1_0_1_1_0_0_0_1_1_0_1_0_1_0_1_0_0_0_0_0_0_0_0_0_0_0_0_1_1_1_0_0_0,1,0.00010666666666666665,2.4944382578492934e-5,0.14093959731543623,192.0
1_0_0_0_0_1_1_0_0_0_1_0_0_1_0_0_0_0_1_1_1_0_1_1_1_1_0_1_1_0_1_0_1_1_1_1_0_1_1_1_0_0_0_1_1_1,1,0.00010666666666666665,3.681787005729086e-5,0.12080536912751678,362.28282828282835
1_1_0_0_0_1_1_0_0_0_1_0_0_0_0_1_0_0_1_0_1_0_1_1_1_1_0_1_1_1_1_0_1_1_1_1_1_1_1_1_1_0_0_1_1_1,1,0.00010666666666666665,3.091206165165234e-5,0.1476510067114094,233.8425925925926
1_1_0_0_0_1_1_1_0_0_1_1_0_1_0_1_1_0_0_1_1_1_0_1_0_0_1_1_0_1_1_0_0_0_0_0_1_0_0_0_1_1_1_1_0_0,1,0.00010666666666666665,2.6246692913372702e-5,0.19463087248322147,231.11416361416363
1_0_1_0_0_1_1_0_0_0_1_0_0_1_0_0_0_0_1_1_0_0_1_1_1_1_0_0_1_0_1_0_1_1_1_1_0_1_1_1_0_0_0_1_1_1,1,0.00010666666666666665,3.8586123009300757e-5,0.10067114093959731,222.74140211640213
0_1_1_1_1_0_0_1_1_1_0_1_1_1_1_0_1_1_0_0_0_1_0_0_0_0_1_0_0_0_0_1_0_0_0_0_1_0_0_0_1_1_1_0_0_0,1,0.00010666666666666665,3.091206165165234e-5,0.11409395973154363,234.0648148148148
1_1_0_1_1_0_0_1_1_1_1_0_0_0_1_1_1_1_0_0_1_0_0_0_1_0_0_1_1_1_1_1_1_1_1_1_1_1_1_1_1_0_0_1_0_0,1,0.00010666666666666665,2.6246692913372702e-5,0.16778523489932887,263.0738705738706
0_0_1_1_1_0_0_1_1_1_0_1_1_0_1_1_1_1_1_0_0_1_1_0_0_0_1_0_0_1_0_1_0_0_0_0_1_0_0_0_0_1_1_0_0_0,1,0.00010666666666666665,2.8674417556808754e-5,0.12080536912751678,225.1731601731602
0_0_0_0_0_1_1_0_0_0_0_0_0_0_0_1_1_0_1_1_0_0_1_1_1_1_0_0_1_0_0_0_1_1_1_1_0_1_1_1_0_0_0_0_0_0,1,0.00010666666666666665,3.299831645537221e-5,0.10738255033557047,197.36507936507937
1_0_0_0_0_1_1_0_0_0_1_0_0_1_0_0_0_0_1_1_0_1_1_1_0_1_1_0_0_0_1_0_0_0_0_0_0_0_0_0_0_1_1_1_1_1,1,0.00010666666666666665,4.189935029992178e-5,0.10067114093959731,246.66666666666666
1_0_1_1_1_0_0_1_1_1_1_1_1_1_1_0_0_1_1_1_0_0_1_0_1_0_1_0_1_0_1_1_1_1_1_1_0_1_1_1_0_0_0_0_1_1,1,0.00010666666666666665,1.6996731711975944e-5,0.11409395973154363,251.1766381766382
0_1_1_0_0_1_1_0_0_0_0_0_0_1_0_0_0_0_0_1_0_0_0_1_1_1_0_0_1_1_0_0_1_1_1_1_1_1_1_1_1_0_0_1_1_1,1,0.00010666666666666665,2.8674417556808754e-5,0.12751677852348994,220.69264069264068
1_1_0_0_0_1_1_0_0_0_1_0_0_0_0_1_1_0_0_1_0_1_0_1_0_1_0_0_0_0_1_0_0_0_0_0_1_0_0_0_1_1_1_0_0_0,1,0.00010666666666666665,2.4944382578492934e-5,0.1476510067114094,340.9047619047619
1_0_0_0_0_1_1_0_0_0_1_0_0_0_0_1_0_0_1_0_1_0_1_1_1_1_1_1_1_1_1_0_1_1_1_1_0_1_1_1_0_0_0_1_1_1,1,0.00010666666666666665,2.054804667656325e-5,0.11409395973154363,247.55536130536132
1_0_0_0_0_1_1_0_0_0_1_0_0_1_0_1_1_0_1_1_1_1_1_1_0_1_0_1_0_0_1_0_0_0_0_0_0_0_0_0_0_1_1_0_0_0,1,0.00010666666666666665,5.185449728701349e-5,0.11409395973154363,219.10052910052912
0_0_1_1_1_0_0_1_1_1_0_1_1_1_1_0_0_1_0_1_0_0_0_0_1_1_1_0_1_0_0_1_1_1_1_1_0_1_1_1_0_0_0_0_1_1,1,0.00010333333333333336,4.189935029992179e-5,0.16778523489932887,230.83333333333334
0_0_1_0_0_1_1_0_0_0_0_1_1_1_0_0_0_0_1_1_0_1_1_1_0_1_1_0_0_0_0_0_0_0_0_0_0_0_0_0_0_1_1_0_1_1,1,0.00010333333333333333,2.0548046676563246e-5,0.16778523489932887,234.9423076923077
1_1_1_1_1_0_0_1_1_1_1_0_1_1_1_0_0_1_1_1_1_0_1_0_1_0_0_1_1_1_1_1_1_1_1_1_0_1_1_1_1_0_0_0_1_1,1,0.00010333333333333333,9.428090415820634e-6,0.1476510067114094,282.8956228956229
0_1_0_0_0_1_1_0_0_0_0_1_0_0_0_1_1_0_0_1_1_0_0_1_1_0_1_1_1_1_0_0_1_1_1_1_1_1_1_1_1_0_0_0_0_0,1,0.00010333333333333333,2.3570226039551588e-5,0.1610738255033557,224.2857142857143
1_1_0_1_1_0_0_1_1_1_1_0_0_0_1_1_1_1_0_1_1_1_0_0_0_0_0_1_0_1_1_1_0_0_0_0_1_0_0_0_1_1_1_1_0_0,1,0.00010333333333333333,1.885618083164126e-5,0.16778523489932887,217.6923076923077
0_1_1_1_1_0_0_1_1_1_0_1_1_0_1_1_1_1_0_0_0_0_0_0_1_0_0_0_1_0_0_1_1_1_1_1_1_1_1_1_1_0_0_0_0_0,1,0.00010333333333333333,3.858612300930075e-5,0.12751677852348994,288.73015873015873
0_1_0_1_1_0_0_1_1_1_0_0_0_0_1_1_1_1_0_0_1_1_0_0_0_0_0_1_0_1_0_1_0_0_0_0_1_0_0_0_1_1_1_1_0_0,1,0.00010333333333333333,9.428090415820634e-6,0.1610738255033557,247.54208754208753
0_0_1_1_1_0_0_1_1_1_0_1_1_1_1_0_1_1_1_0_0_0_1_0_1_0_1_0_1_1_0_1_1_1_1_1_1_1_1_1_0_0_0_0_0_0,1,0.00010333333333333333,3.091206165165234e-5,0.12751677852348994,234.74358974358975
0_1_1_1_1_0_0_1_1_1_0_1_1_1_1_0_1_1_0_1_0_1_0_0_0_0_0_0_0_1_0_1_0_0_0_0_1_0_0_0_1_1_1_0_0_0,1,0.00010333333333333333,2.8674417556808754e-5,0.12080536912751678,202.2857142857143
0_0_1_1_1_0_0_1_1_1_0_1_1_1_1_0_0_1_1_0_0_0_1_0_1_1_1_0_1_1_0_1_1_1_1_1_0_1_1_1_0_0_0_0_1_1,1,0.00010333333333333333,9.428090415820634e-6,0.1610738255033557,212.020202020202
0_1_0_1_1_0_0_1_1_1_0_0_0_0_1_1_1_1_0_1_1_1_0_0_0_0_0_1_0_0_0_1_0_0_0_0_1_0_0_0_1_1_1_1_0_0,1,0.00010333333333333333,2.0548046676563246e-5,0.1610738255033557,212.00641025641025
1_1_1_0_0_1_1_0_0_0_1_0_1_1_0_0_0_0_1_1_1_0_1_1_1_1_0_1_1_1_1_0_1_1_1_1_0_1_1_1_1_0_0_1_1_1,1,0.00010333333333333333,1.6996731711975947e-5,0.18120805369127516,285.9343434343434
1_0_0_0_0_1_1_0_0_0_1_0_0_0_0_1_0_0_1_0_1_0_1_1_1_1_1_1_1_0_1_0_1_1_1_1_0_1_1_1_0_0_0_1_1_1,1,0.00010333333333333333,4.714045207910317e-6,0.12080536912751678,249.24242424242425
0_0_1_0_0_1_1_0_0_0_0_0_0_1_0_1_1_0_1_1_0_1_1_1_0_1_0_0_0_1_0_0_0_0_0_0_0_0_0_0_0_1_1_0_0_0,1,0.00010333333333333333,4.714045207910317e-6,0.14093959731543623,261.3030303030303
1_1_0_1_1_0_0_1_1_1_1_1_0_0_1_1_0_1_0_0_1_1_0_0_0_0_1_1_0_1_1_1_0_0_0_0_1_0_0_0_1_1_1_1_1_1,1,0.00010333333333333333,3.091206165165234e-5,0.18120805369127516,221.02564102564102
1_1_0_0_0_1_1_0_0_0_1_0_0_0_0_0_0_0_0_1_1_1_0_1_0_0_0_1_0_0_1_0_0_0_0_0_1_0_0_0_1_1_1_1_1_1,1,0.00010333333333333333,4.784233364802442e-5,0.174496644295302,249.76307189542482
0_0_1_1_1_0_0_1_1_1_0_1_1_1_1_0_0_1_1_1_0_1_1_0_0_1_1_0_0_0_0_1_0_0_0_0_0_0_0_0_0_1_1_0_1_1,1,0.00010333333333333333,1.885618083164126e-5,0.16778523489932887,243.41880341880338
0_0_1_1_1_0_0_1_1_1_0_1_1_1_1_1_1_1_0_1_0_1_0_0_0_1_1_0_0_0_0_1_0_0_0_0_0_0_0_0_0_1_1_0_0_0,1,0.00010333333333333333,3.299831645537221e-5,0.174496644295302,217.32323232323233
0_0_1_0_0_1_1_0_0_0_0_1_1_1_0_0_0_0_1_0_0_0_1_1_1_1_1_0_1_0_0_0_1_1_1_1_0_1_1_1_0_0_0_1_1_1,1,0.00010333333333333333,1.6996731711975947e-5,0.16778523489932887,232.18434343434342
0_0_0_0_0_1_1_0_0_0_0_1_0_0_0_1_1_0_0_1_0_1_0_1_0_1_1_0_0_0_0_0_0_0_0_0_1_0_0_0_0_1_1_0_0_0,1,0.00010333333333333333,2.0548046676563246e-5,0.15436241610738255,241.31410256410254
0_0_1_1_1_0_0_1_1_1_0_1_1_1_1_0_0_1_1_0_0_0_1_0_1_0_1_0_1_0_0_1_1_1_1_1_0_1_1_1_0_0_0_0_1_1,1,0.00010333333333333333,2.6246692913372695e-5,0.12080536912751678,219.5568783068783
1_1_1_1_1_0_0_1_1_1_1_1_1_1_1_0_0_1_0_1_1_1_0_0_0_0_1_1_0_1_1_1_0_0_0_0_1_0_0_0_1_1_1_0_1_1,1,0.00010333333333333332,2.867441755680875e-5,0.11409395973154363,193.23809523809527
0_0_1_1_1_0_0_1_1_1_0_1_1_0_1_1_1_1_0_0_0_0_0_0_1_0_1_0_1_0_0_1_1_1_1_1_1_1_1_1_0_0_0_0_0_0,1,0.00010333333333333332,2.867441755680875e-5,0.12751677852348994,251.66666666666666
1_1_0_0_0_1_1_0_0_0_1_0_0_0_0_1_1_0_1_0_0_1_1_1_0_1_0_0_0_1_1_0_0_0_0_0_1_0_0_0_1_1_1_0_0_0,1,0.00010333333333333332,2.867441755680875e-5,0.15436241610738255,224.85714285714286
0_0_0_0_0_1_1_0_0_0_0_0_0_0_0_1_1_0_1_1_0_0_1_1_1_1_1_0_1_1_0_0_1_1_1_1_0_1_1_1_0_0_0_1_0_0,1,0.00010333333333333332,2.494438257849294e-5,0.12080536912751678,260.15318015318013
1_1_0_0_0_1_1_0_0_0_1_0_0_0_0_1_1_0_1_1_0_0_1_1_1_1_0_0_1_1_1_0_1_1_1_1_0_1_1_1_1_0_0_0_0_0,1,0.00010333333333333332,2.867441755680875e-5,0.12080536912751678,243.52380952380952
0_0_1_1_1_0_0_1_1_1_0_1_1_1_1_0_0_1_1_0_0_1_1_0_0_1_1_0_0_1_0_1_0_0_0_0_0_0_0_0_0_1_1_1_1_1,1,0.00010333333333333332,2.494438257849294e-5,0.15436241610738255,258.34165834165833
0_0_1_1_1_0_0_1_1_1_0_0_1_1_1_0_0_1_1_1_0_1_1_0_1_1_0_0_1_1_0_1_0_0_1_0_0_0_1_0_0_0_1_0_1_1,1,0.00010333333333333332,4.496912521077347e-5,0.2483221476510067,313.8369963369964
0_0_1_1_1_0_0_0_1_1_0_0_1_0_1_0_0_1_1_0_0_0_1_0_1_1_0_0_1_0_0_1_1_1_1_1_0_1_1_1_0_0_0_0_1_1,1,0.0001,2.4494897427831778e-5,0.19463087248322147,238.7985347985348
1_1_0_0_0_1_1_0_0_0_1_1_0_0_0_1_0_0_0_0_1_0_0_1_1_0_1_1_1_1_1_0_1_1_1_1_1_1_1_1_1_0_0_1_1_1,1,0.0001,2.9439202887759487e-5,0.18791946308724833,212.69841269841268
0_1_0_0_0_1_1_0_0_0_0_0_0_0_0_1_1_0_0_1_1_1_0_1_0_1_0_1_0_0_0_0_0_0_0_0_1_0_0_0_1_1_1_1_0_0,1,0.0001,1.414213562373095e-5,0.11409395973154363,249.0151515151515
0_1_0_1_1_0_0_1_1_1_0_1_1_0_1_1_1_1_0_0_0_1_0_0_0_0_1_0_0_1_0_1_0_0_0_0_1_0_0_0_1_1_1_0_0_0,1,0.0001,8.16496580927726e-6,0.1342281879194631,272.67003367003366
0_1_1_1_1_0_0_1_1_1_0_1_1_0_1_1_1_1_0_0_0_1_0_0_0_0_1_0_0_1_0_1_0_0_0_0_1_0_0_0_1_1_1_0_0_0,1,0.0001,4.242640687119286e-5,0.12080536912751678,271.1904761904762
1_1_0_1_1_0_0_1_1_1_1_0_0_0_1_1_1_1_0_1_1_0_0_0_1_0_0_1_1_1_1_1_1_1_1_1_1_1_1_1_1_0_0_0_0_0,1,0.0001,8.16496580927726e-6,0.1610738255033557,244.8013468013468
1_1_0_1_1_0_0_1_1_1_1_1_0_0_1_1_1_1_0_0_0_1_0_0_0_0_1_0_0_0_1_1_0_0_0_0_1_0_0_0_1_1_1_0_0_0,1,0.0001,1.414213562373095e-5,0.18791946308724833,256.25
0_1_0_0_0_1_1_1_0_0_0_1_0_1_0_1_1_0_0_1_1_1_0_1_0_0_1_1_0_0_0_0_0_0_0_0_1_0_0_0_1_1_1_1_0_0,1,0.0001,1.414213562373095e-5,0.18791946308724833,224.81481481481478
0_0_1_1_1_0_0_1_1_1_0_0_1_1_1_0_0_1_1_1_1_1_1_0_0_0_0_1_0_0_0_1_0_0_0_0_0_0_0_0_0_1_1_1_1_1,1,0.0001,1.414213562373095e-5,0.15436241610738255,228.7037037037037
0_1_1_1_1_0_0_1_1_1_0_1_1_0_1_1_1_1_0_0_0_0_0_0_1_0_1_0_1_1_0_1_1_1_1_1_1_1_1_1_1_0_0_0_0_0,1,0.0001,2.1602468994692858e-5,0.12751677852348994,257.7350427350427
0_0_1_1_1_0_0_1_1_1_0_1_1_1_1_0_0_1_1_0_1_1_1_0_0_0_1_1_0_1_0_1_0_0_0_0_0_0_0_0_0_1_1_1_1_1,1,0.0001,3.741657386773941e-5,0.14093959731543623,261.8148148148148
1_0_1_1_1_0_0_1_1_1_1_0_1_1_1_0_0_1_1_1_1_0_1_0_1_0_0_1_1_1_1_1_1_1_1_1_0_1_1_1_0_0_0_0_1_1,1,0.0001,2.160246899469287e-5,0.14093959731543623,240.9271284271284
1_1_0_0_0_1_1_0_0_0_1_0_0_1_0_1_1_0_0_1_1_0_0_1_1_1_0_1_1_0_1_0_1_1_1_1_0_1_1_1_1_0_0_1_0_0,1,9.999999999999999e-5,2.160246899469286e-5,0.12080536912751678,201.70227920227921
0_0_0_1_1_0_0_1_1_1_0_1_1_0_1_0_0_1_1_0_0_1_1_0_0_0_1_0_0_1_0_1_0_0_0_0_1_0_0_0_0_1_1_1_1_1,1,9.999999999999999e-5,2.160246899469286e-5,0.12080536912751678,223.6965811965812
1_0_1_1_1_0_0_1_1_1_1_1_1_1_1_0_0_1_1_0_0_1_1_0_0_0_1_0_0_1_1_1_0_0_0_0_0_0_0_0_0_1_1_0_1_1,1,9.999999999999999e-5,2.160246899469286e-5,0.12080536912751678,251.11467236467237
1_0_0_0_0_1_1_0_0_0_1_1_0_0_0_0_0_0_1_1_0_1_1_1_0_0_1_0_0_1_1_0_0_0_0_0_1_0_0_0_0_1_1_1_1_1,1,9.999999999999999e-5,2.9439202887759487e-5,0.1610738255033557,230.10582010582013
1_0_1_0_0_1_1_0_0_0_1_0_1_1_0_1_0_0_1_1_0_1_1_1_0_1_0_0_0_0_1_0_0_0_0_0_0_0_0_0_0_1_1_0_0_0,1,9.666666666666668e-5,4.642796092394707e-5,0.19463087248322147,237.70833333333334
1_1_0_0_0_1_1_0_0_0_1_0_0_0_0_0_0_0_0_1_1_0_0_1_1_0_0_1_1_0_1_0_1_1_1_1_1_1_1_1_1_0_0_1_1_1,1,9.666666666666667e-5,2.6246692913372705e-5,0.16778523489932887,255.65656565656568
1_1_1_0_0_1_1_0_0_0_1_0_0_1_0_1_1_0_0_1_1_1_0_1_0_1_0_1_0_0_1_0_0_0_0_0_0_0_0_0_1_1_1_0_0_0,1,9.666666666666667e-5,2.867441755680875e-5,0.12751677852348994,251.48717948717947
1_0_1_0_0_1_1_0_0_0_1_1_1_1_0_1_0_0_1_1_0_1_1_1_0_1_1_0_0_1_1_0_0_0_0_0_0_0_0_0_0_1_1_0_0_0,1,9.666666666666667e-5,1.8856180831641274e-5,0.20134228187919462,268.7878787878788
1_0_0_0_0_1_1_0_0_0_1_0_0_1_0_0_0_0_1_1_0_0_1_1_1_1_1_0_1_0_1_0_1_1_1_1_0_1_1_1_0_0_0_1_1_1,1,9.666666666666667e-5,4.02768199119819e-5,0.09395973154362416,206.06837606837607
1_0_1_1_1_0_0_1_1_1_1_1_1_1_1_0_0_1_1_1_0_1_1_0_0_0_1_0_0_0_1_1_0_0_0_0_0_0_0_0_0_1_1_0_1_1,1,9.666666666666667e-5,9.428090415820634e-6,0.12080536912751678,232.25589225589226
0_0_1_1_1_0_0_1_1_1_0_1_1_1_1_0_1_1_1_0_0_1_1_0_0_0_1_0_0_1_0_1_0_0_0_0_1_0_0_0_0_1_1_0_0_0,1,9.666666666666667e-5,1.6996731711975947e-5,0.12080536912751678,207.5925925925926
0_0_1_1_1_0_0_1_1_1_0_1_1_1_1_0_0_1_0_0_1_0_0_0_1_0_1_1_1_0_0_1_1_1_1_1_1_1_1_1_0_0_0_1_1_1,1,9.666666666666667e-5,4.714045207910317e-6,0.12751677852348994,232.33333333333334
0_1_1_1_1_0_0_0_1_1_0_0_1_0_1_0_0_1_0_0_0_1_0_0_0_1_0_0_0_0_0_1_0_0_0_0_0_0_0_0_1_1_1_0_1_1,1,9.666666666666667e-5,2.867441755680875e-5,0.20134228187919462,253.7863247863248
0_0_1_1_1_0_0_1_1_1_0_1_1_1_1_0_0_1_1_1_0_1_1_0_0_1_1_0_0_0_0_1_0_0_0_0_0_0_0_0_0_1_1_1_1_1,1,9.666666666666667e-5,3.299831645537221e-5,0.15436241610738255,226.7195767195767
1_1_0_1_1_0_0_1_1_1_1_0_0_0_1_1_0_1_0_0_1_1_0_0_0_0_0_1_0_0_1_1_0_0_0_0_1_0_0_0_1_1_1_1_1_1,1,9.666666666666667e-5,2.4944382578492937e-5,0.18791946308724833,200.48026048026045
1_1_1_1_1_0_0_1_1_1_1_1_1_0_1_0_0_1_0_0_1_1_0_0_0_0_1_1_0_0_1_1_0_0_0_0_1_0_0_0_1_1_1_1_1_1,1,9.666666666666667e-5,1.6996731711975947e-5,0.12080536912751678,225.13888888888889
1_0_1_1_1_0_0_1_1_1_1_0_1_1_1_0_0_1_1_0_0_0_1_0_1_1_0_0_1_0_1_1_1_1_1_1_0_1_1_1_0_0_0_0_1_1,1,9.666666666666667e-5,2.6246692913372705e-5,0.16778523489932887,237.39898989898992
0_0_1_0_0_1_1_0_0_0_0_1_1_1_0_0_0_0_0_0_0_1_0_1_0_1_1_0_0_0_0_0_0_0_0_0_0_0_0_0_0_1_1_1_1_1,1,9.666666666666667e-5,2.6246692913372705e-5,0.16778523489932887,244.87373737373738
1_1_1_1_1_0_0_1_1_1_1_1_1_1_1_0_0_1_1_0_1_1_1_0_0_0_1_1_0_1_1_1_0_0_0_0_1_0_0_0_1_1_1_0_1_1,1,9.666666666666667e-5,1.8856180831641274e-5,0.12751677852348994,237.74891774891773
0_1_0_0_0_1_1_0_0_0_0_0_0_0_0_1_1_0_0_0_0_1_0_1_0_1_0_0_0_0_0_0_0_0_0_0_1_0_0_0_1_1_1_0_0_0,1,9.666666666666667e-5,1.247219128924647e-5,0.12751677852348994,368.2954545454545
1_0_1_1_1_0_0_0_1_1_1_0_1_0_1_0_0_1_1_0_0_0_1_0_1_1_0_0_1_1_1_1_1_1_1_1_0_1_1_1_0_0_0_0_1_1,1,9.666666666666667e-5,9.428090415820634e-6,0.18791946308724833,187.47474747474746
1_0_1_0_0_1_1_0_0_0_1_0_0_1_0_0_0_0_1_1_0_1_1_1_0_1_1_0_0_0_1_0_0_0_0_0_0_0_0_0_0_1_1_1_1_1,1,9.666666666666667e-5,1.247219128924647e-5,0.11409395973154363,222.08333333333334
1_0_0_0_0_1_1_0_0_0_1_0_0_0_0_1_0_0_1_0_1_1_1_1_0_1_1_1_0_0_1_0_0_0_0_0_0_0_0_0_0_1_1_1_1_1,1,9.333333333333334e-5,2.3570226039551585e-5,0.12751677852348994,218.18181818181816
0_0_0_1_1_0_0_1_1_1_0_1_1_0_1_0_0_1_1_0_0_1_1_0_0_0_1_0_0_1_0_1_0_0_0_0_1_0_0_0_0_1_1_0_1_1,1,9.333333333333334e-5,2.4944382578492944e-5,0.1342281879194631,211.7222222222222
0_0_1_1_1_0_0_1_1_1_0_1_1_1_1_0_1_1_0_1_0_1_0_0_0_0_1_0_0_1_0_1_0_0_0_0_1_0_0_0_0_1_1_0_0_0,1,9.333333333333334e-5,1.8856180831641267e-5,0.12080536912751678,227.36111111111111
0_0_0_0_0_1_1_0_0_0_0_0_0_0_0_1_1_0_0_0_0_1_0_1_0_1_1_0_0_0_0_0_0_0_0_0_0_0_0_0_0_1_1_1_0_0,1,9.333333333333334e-5,4.714045207910317e-6,0.12080536912751678,225.85185185185185
1_1_1_0_0_1_1_0_0_0_1_0_0_1_0_0_0_0_0_1_1_0_0_1_1_1_0_1_1_0_1_0_1_1_1_1_0_1_1_1_1_0_0_1_1_1,1,9.333333333333334e-5,2.4944382578492944e-5,0.1342281879194631,240.3888888888889
0_1_0_1_1_0_0_1_1_1_0_0_0_0_1_1_1_1_0_1_1_1_0_0_0_0_0_1_0_0_0_1_0_0_0_0_1_0_0_0_1_1_1_0_0_0,1,9.333333333333334e-5,1.247219128924647e-5,0.1610738255033557,246.74242424242425
0_1_0_0_0_1_1_1_0_0_0_1_0_1_0_0_0_0_0_1_0_1_0_1_0_0_1_0_0_1_0_0_0_0_0_0_1_0_0_0_1_1_1_1_1_1,1,9.333333333333334e-5,1.247219128924647e-5,0.18791946308724833,267.14646464646466
0_1_1_1_1_0_0_1_1_1_0_1_1_1_1_0_0_1_0_1_0_1_0_0_1_0_1_0_1_0_0_1_0_0_1_0_1_0_1_0_1_0_1_0_1_1,1,9.333333333333334e-5,2.3570226039551585e-5,0.174496644295302,224.84848484848484
0_1_1_1_1_0_0_0_1_1_0_0_1_0_1_0_0_1_0_0_0_0_0_0_1_1_0_0_1_0_0_1_1_1_1_1_0_1_1_1_1_0_0_1_1_1,1,9.333333333333334e-5,4.714045207910317e-6,0.19463087248322147,271.74074074074076
1_1_0_1_1_0_0_1_1_1_1_0_0_0_1_0_0_1_0_1_1_0_0_0_1_0_0_1_1_0_1_1_1_1_1_1_1_1_1_1_1_0_0_1_1_1,1,9.333333333333334e-5,9.428090415820634e-6,0.16778523489932887,219.41666666666666
0_0_1_0_0_1_1_0_0_0_0_0_1_1_0_0_1_0_1_1_0_1_1_1_0_1_0_0_0_0_0_0_0_0_0_0_0_0_0_0_0_1_1_0_0_0,1,9.333333333333334e-5,1.6996731711975954e-5,0.174496644295302,210.77489177489178
0_0_0_0_0_1_1_0_0_0_0_0_0_1_0_1_1_0_1_1_0_0_1_1_1_1_0_0_1_1_0_0_1_1_1_1_0_1_1_1_0_0_0_0_0_0,1,9.333333333333334e-5,3.091206165165234e-5,0.12080536912751678,230.30808080808083
0_1_1_1_1_0_0_1_1_1_0_1_1_0_1_1_1_1_0_0_1_1_0_0_0_0_0_1_0_1_0_1_0_0_0_0_1_0_0_0_1_1_1_0_0_0,1,9.333333333333334e-5,3.7712361663282534e-5,0.09395973154362416,231.38888888888889
1_0_1_0_0_1_1_0_0_0_1_1_1_1_0_0_0_0_1_0_0_0_1_1_1_1_1_0_1_1_1_0_1_1_1_1_0_1_1_1_0_0_0_1_1_1,1,9.333333333333334e-5,5.436502143433364e-5,0.1610738255033557,233.2549019607843
1_0_0_0_0_1_1_0_0_0_1_0_0_1_0_1_1_0_1_1_1_0_1_1_1_1_1_1_1_0_1_0_1_1_1_1_0_1_1_1_0_0_0_0_0_0,1,9.333333333333334e-5,4.714045207910317e-6,0.11409395973154363,244.4074074074074
1_1_0_0_0_1_1_0_0_0_1_0_0_0_0_1_1_0_0_0_1_1_0_1_0_0_0_1_0_1_1_0_0_0_0_0_1_0_0_0_1_1_1_1_0_0,1,9.333333333333334e-5,1.247219128924647e-5,0.1610738255033557,215.95117845117844
0_0_1_1_1_0_0_1_1_1_0_1_1_1_1_0_1_1_0_1_0_1_0_0_0_0_1_0_0_0_0_1_0_0_0_0_0_0_0_0_0_1_1_0_0_0,1,9.333333333333334e-5,9.428090415820634e-6,0.1476510067114094,198.0
0_0_1_1_1_0_0_1_1_1_0_1_1_1_1_1_1_1_1_1_0_1_1_0_0_1_1_0_0_0_0_1_0_0_0_0_0_0_0_0_0_1_1_0_0_0,1,9.333333333333334e-5,1.247219128924647e-5,0.16778523489932887,248.43013468013467
0_0_0_1_1_0_0_1_1_1_0_1_1_0_1_0_0_1_1_0_0_0_1_0_1_0_1_0_1_1_0_1_1_1_1_1_1_1_1_1_0_0_0_1_1_1,1,9.333333333333334e-5,9.428090415820634e-6,0.12751677852348994,231.75
1_0_1_0_0_1_1_0_0_0_1_0_1_1_0_0_0_0_1_1_1_0_1_1_1_1_0_1_1_1_1_0_1_1_1_1_0_1_1_1_0_0_0_1_1_1,1,9.333333333333334e-5,3.091206165165234e-5,0.174496644295302,301.16161616161617
0_1_0_0_0_1_1_0_0_0_0_0_0_0_0_0_1_0_0_1_1_1_0_1_0_1_0_1_0_0_0_0_0_0_0_0_0_0_0_0_1_1_1_1_1_1,1,9.333333333333334e-5,1.247219128924647e-5,0.1342281879194631,228.56902356902356
1_1_0_0_0_1_1_0_0_0_1_0_0_0_0_0_0_0_1_0_1_0_1_1_1_0_0_1_1_1_1_0_1_1_1_1_1_1_1_1_1_0_0_1_1_1,1,9.333333333333334e-5,4.714045207910317e-6,0.174496644295302,227.0
1_1_1_1_1_0_0_1_1_1_1_0_1_1_1_1_1_1_0_0_1_1_0_0_0_1_0_1_0_0_1_1_0_0_0_0_0_0_0_0_1_1_1_0_0_0,1,9.333333333333333e-5,1.6996731711975954e-5,0.15436241610738255,250.7922077922078
1_0_1_0_0_1_1_0_0_0_1_0_0_1_0_1_1_0_1_1_1_1_1_1_0_1_1_1_0_0_1_0_0_0_0_0_0_0_0_0_0_1_1_1_0_0,1,9.333333333333333e-5,3.3993463423951894e-5,0.1342281879194631,229.16666666666666
1_1_1_1_1_0_0_1_1_1_1_0_1_1_1_1_1_1_1_1_1_1_1_0_0_1_0_1_0_0_1_1_0_0_0_0_0_0_0_0_1_1_1_0_0_0,1,9.333333333333333e-5,4.1096093353126506e-5,0.15436241610738255,207.45238095238096
1_0_1_0_0_1_1_0_0_0_1_0_0_1_0_0_0_0_1_1_1_0_1_1_1_1_0_1_1_0_1_0_1_1_1_1_0_1_1_1_0_0_0_1_1_1,1,9.333333333333333e-5,2.62466929133727e-5,0.1342281879194631,252.11996336996336
0_1_1_1_1_0_0_1_1_1_0_0_1_0_1_1_1_1_0_0_1_1_0_0_0_0_0_1_0_0_0_1_0_0_0_0_0_0_0_0_1_1_1_0_0_0,1,9.333333333333333e-5,4.9216076867444665e-5,0.12751677852348994,217.66666666666666
0_0_1_1_1_0_0_1_1_1_0_1_1_0_1_0_0_1_1_0_0_1_1_0_0_0_1_0_0_1_0_1_0_0_0_0_1_0_0_0_0_1_1_1_1_1,1,9.333333333333333e-5,2.867441755680875e-5,0.10738255033557047,249.25925925925927
0_1_0_1_1_0_0_1_1_1_0_1_1_0_1_0_0_1_0_0_0_0_0_0_1_0_0_0_1_1_0_1_1_1_1_1_1_1_1_1_1_0_0_0_1_1,1,9.333333333333333e-5,2.867441755680875e-5,0.1342281879194631,253.97435897435898
0_0_0_0_0_1_1_1_0_0_0_1_0_1_0_0_0_0_0_1_0_1_0_1_0_0_1_0_0_0_0_0_0_0_0_0_1_0_0_0_0_1_1_1_1_1,1,9.333333333333333e-5,2.054804667656326e-5,0.18791946308724833,203.63756613756615
0_1_0_1_1_0_0_1_1_1_0_1_0_0_1_1_1_1_0_1_1_1_0_0_0_0_1_1_0_1_0_1_0_0_0_0_1_0_0_0_1_1_1_0_0_0,1,9.333333333333333e-5,3.299831645537221e-5,0.15436241610738255,245.0769230769231
1_1_1_0_0_1_1_0_0_0_1_0_0_1_0_0_0_0_1_1_1_0_1_1_1_1_0_1_1_1_1_0_1_1_1_1_0_1_1_1_1_0_0_1_1_1,1,9.333333333333333e-5,2.62466929133727e-5,0.1342281879194631,242.1565934065934
1_1_1_1_1_0_0_1_1_1_1_1_1_1_1_0_0_1_1_1_1_0_1_0_1_0_0_1_1_1_1_1_1_1_1_1_1_1_1_1_1_0_0_0_1_1,1,9.333333333333333e-5,1.6996731711975954e-5,0.12080536912751678,244.6060606060606
0_0_0_1_1_0_0_1_1_1_0_1_0_0_1_1_1_1_0_0_0_1_0_0_0_0_1_0_0_0_0_1_0_0_0_0_1_0_0_0_0_1_1_0_0_0,1,9.333333333333333e-5,4.784233364802442e-5,0.18120805369127516,291.60714285714283
0_0_1_1_1_0_0_1_1_1_0_1_1_1_1_1_1_1_0_1_0_0_0_0_1_1_1_0_1_0_0_1_1_1_1_1_0_1_1_1_0_0_0_0_0_0,1,9.333333333333333e-5,2.867441755680875e-5,0.18120805369127516,245.82621082621083
1_0_0_0_0_1_1_1_0_0_1_1_0_1_0_1_1_0_1_1_1_0_1_1_1_0_1_1_1_1_1_0_1_1_1_1_1_1_1_1_0_0_0_1_0_0,1,9.333333333333333e-5,3.3993463423951894e-5,0.20134228187919462,290.11904761904765
0_1_0_0_0_1_1_0_0_0_0_0_0_0_0_0_1_0_0_1_1_0_0_1_1_1_0_1_1_0_0_0_1_1_1_1_0_1_1_1_1_0_0_1_1_1,1,9.333333333333333e-5,2.054804667656326e-5,0.14093959731543623,218.25396825396828
1_1_0_1_1_0_0_1_1_1_1_0_0_0_1_1_1_1_0_1_1_1_0_0_0_0_0_1_0_1_1_1_0_0_0_0_1_0_0_0_1_1_1_0_0_0,1,9.000000000000002e-5,5.3541261347363375e-5,0.16778523489932887,243.2638888888889
1_1_1_1_1_0_0_1_1_1_1_0_1_1_1_0_0_1_0_1_1_1_0_0_0_0_0_1_0_0_1_1_0_0_0_0_0_0_0_0_1_1_1_0_1_1,1,9.0e-5,2.9439202887759484e-5,0.15436241610738255,278.5042735042735
1_0_0_0_0_1_1_0_0_0_1_0_0_1_0_0_0_0_1_1_1_1_1_1_0_1_0_1_0_0_1_0_0_0_0_0_0_0_0_0_0_1_1_1_1_1,1,9.0e-5,4.08248290463863e-5,0.12751677852348994,285.4761904761905
1_1_1_1_1_0_0_1_1_1_1_0_1_1_1_1_1_1_1_0_1_0_1_0_1_1_0_1_1_0_1_1_1_1_1_1_0_1_1_1_1_0_0_0_0_0,1,9.0e-5,1.6329931618554523e-5,0.16778523489932887,214.44925444925445
0_1_1_1_1_0_0_1_1_1_0_1_1_1_1_0_1_1_0_0_0_1_0_0_0_0_1_0_0_1_0_1_0_0_0_0_1_0_0_0_1_1_1_0_0_0,1,9.0e-5,8.16496580927726e-6,0.12080536912751678,253.77777777777774
0_1_1_1_1_0_0_1_1_1_0_0_1_1_1_1_1_1_0_1_1_0_0_0_1_1_0_1_1_0_0_1_1_1_1_1_0_1_1_1_1_0_0_0_0_0,1,9.0e-5,2.943920288775949e-5,0.15436241610738255,233.44444444444443
0_0_1_1_1_0_0_1_1_1_0_0_1_1_1_0_1_1_1_1_0_0_1_0_1_1_0_0_1_0_0_1_1_1_1_1_0_1_1_1_0_0_0_0_0_0,1,9.0e-5,1.6329931618554523e-5,0.19463087248322147,247.47955747955749
0_1_0_1_1_0_0_1_1_1_0_0_0_0_1_1_1_1_0_1_1_0_0_0_1_0_0_1_1_0_0_1_1_1_1_1_1_1_1_1_1_0_0_1_0_0,1,9.0e-5,2.449489742783178e-5,0.16778523489932887,282.5
1_0_1_0_0_1_1_0_0_0_1_0_1_1_0_1_0_0_1_0_0_1_1_1_0_1_0_0_0_1_1_0_0_0_0_0_0_0_0_0_0_1_1_0_0_0,1,9.0e-5,2.1602468994692868e-5,0.19463087248322147,248.08080808080808
1_1_0_0_0_1_1_0_0_0_1_0_0_0_0_1_1_0_1_0_0_0_1_1_1_1_0_0_1_0_1_0_1_1_1_1_0_1_1_1_1_0_0_0_0_0,1,9.0e-5,8.16496580927726e-6,0.12080536912751678,218.4074074074074
0_1_1_1_1_0_0_1_1_1_0_1_1_0_1_0_0_1_0_0_0_1_0_0_0_0_0_0_0_1_0_1_0_0_0_0_1_0_0_0_1_1_1_1_1_1,1,9.0e-5,8.16496580927726e-6,0.11409395973154363,233.92592592592595
0_1_0_0_0_1_1_0_0_0_0_0_0_0_0_1_1_0_0_0_1_1_0_1_0_1_0_1_0_1_0_0_0_0_0_0_1_0_0_0_1_1_1_1_0_0,1,9.0e-5,1.6329931618554523e-5,0.11409395973154363,216.96488696488697
1_1_0_1_1_0_0_1_1_1_1_1_0_0_1_1_0_1_1_1_1_1_1_0_0_0_1_1_0_1_1_1_0_0_0_0_1_0_0_0_1_1_1_1_1_1,1,9.0e-5,3.741657386773941e-5,0.19463087248322147,257.39285714285717
0_1_0_1_1_0_0_1_1_1_0_1_0_0_1_1_1_1_0_0_0_0_0_0_1_0_1_0_1_0_0_1_1_1_1_1_1_1_1_1_1_0_0_0_0_0,1,9.0e-5,2.1602468994692868e-5,0.16778523489932887,305.4444444444444
1_1_0_0_0_1_1_0_0_0_1_0_0_0_0_1_0_0_1_0_1_0_1_1_1_1_0_1_1_0_1_0_1_1_1_1_0_1_1_1_1_0_0_1_1_1,1,9.0e-5,1.414213562373095e-5,0.12080536912751678,268.6363636363636
0_0_1_1_1_0_0_1_1_1_0_1_1_1_1_1_1_1_1_0_0_1_1_0_0_0_1_0_0_0_0_1_0_0_0_0_0_0_0_0_0_1_1_0_0_0,1,9.0e-5,0.0,0.12751677852348994,265.9259259259259
1_0_1_0_0_1_1_0_0_0_1_0_0_1_0_0_0_0_1_1_0_0_1_1_1_1_1_0_1_0_1_0_1_1_1_1_0_1_1_1_0_0_0_1_1_1,1,9.0e-5,8.16496580927726e-6,0.10738255033557047,221.3888888888889
1_0_1_1_1_0_0_1_1_1_1_1_1_1_1_0_0_1_1_1_0_0_1_0_1_1_1_0_1_1_1_1_1_1_1_1_0_1_1_1_0_0_0_1_1_1,1,9.0e-5,1.414213562373095e-5,0.15436241610738255,245.0757575757576
1_0_1_0_0_1_1_0_0_0_1_0_0_1_0_1_1_0_1_1_1_0_1_1_1_1_0_1_1_0_1_0_1_1_1_1_0_1_1_1_0_0_0_0_0_0,1,9.0e-5,2.943920288775949e-5,0.12080536912751678,228.94444444444446
1_1_0_0_0_1_1_0_0_0_1_0_0_0_0_0_0_0_0_1_1_0_0_1_1_1_0_1_1_1_1_0_1_1_1_1_1_1_1_1_1_0_0_1_1_1,1,9.0e-5,4.96655480858378e-5,0.12751677852348994,252.09722222222226
0_0_0_0_0_1_1_0_0_0_0_0_0_0_0_1_1_0_0_1_0_0_0_1_1_1_1_0_1_0_0_0_1_1_1_1_0_1_1_1_0_0_0_0_0_0,1,9.0e-5,2.1602468994692868e-5,0.12080536912751678,286.66666666666663
0_1_0_0_0_1_1_0_0_0_0_0_0_0_0_0_1_0_0_0_1_1_0_1_0_1_0_1_0_0_0_0_0_0_0_0_1_0_0_0_1_1_1_1_1_1,1,9.0e-5,2.943920288775949e-5,0.1476510067114094,244.05555555555557
1_0_1_1_1_0_0_1_1_1_1_1_1_1_1_0_0_1_1_1_0_0_1_0_1_1_1_0_1_1_1_1_1_1_1_1_0_1_1_1_0_0_0_0_1_1,1,8.999999999999998e-5,2.82842712474619e-5,0.15436241610738255,210.0
1_1_1_1_1_0_0_1_1_1_1_1_1_0_1_0_0_1_0_0_1_0_0_0_1_0_1_1_1_0_1_1_1_1_1_1_1_1_1_1_1_0_0_0_1_1,1,8.666666666666668e-5,1.6996731711975954e-5,0.12751677852348994,249.94588744588748
0_0_1_0_0_1_1_0_0_0_0_1_1_1_0_0_0_0_1_0_0_1_1_1_0_1_1_0_0_0_0_0_0_0_0_0_0_0_0_0_0_1_1_0_1_1,1,8.666666666666668e-5,3.3993463423951894e-5,0.174496644295302,240.2222222222222
0_0_0_0_0_1_1_0_0_0_0_0_0_0_0_1_1_0_1_1_0_1_1_1_0_1_0_0_0_0_0_0_0_0_0_0_0_0_0_0_0_1_1_0_0_0,1,8.666666666666668e-5,3.3993463423951894e-5,0.11409395973154363,233.5
0_0_1_0_0_1_1_0_0_0_0_1_1_1_0_0_0_0_0_1_0_1_0_1_0_1_1_0_0_0_0_0_0_0_0_0_0_0_0_0_0_1_1_0_1_1,1,8.666666666666668e-5,4.9216076867444665e-5,0.174496644295302,214.22222222222226
1_0_1_1_1_0_0_1_1_1_1_1_1_1_1_0_0_1_1_0_0_0_1_0_1_0_1_0_1_1_1_1_1_1_1_1_0_1_1_1_0_0_0_0_1_1,1,8.666666666666668e-5,2.0548046676563257e-5,0.11409395973154363,237.28956228956227
0_0_1_1_1_0_0_0_1_1_0_0_1_0_1_0_1_1_1_0_0_0_1_0_1_1_0_0_1_1_0_1_1_1_1_1_0_1_1_1_0_0_0_0_0_0,1,8.666666666666668e-5,1.6996731711975954e-5,0.2214765100671141,269.6320346320347
0_0_0_0_0_1_1_0_0_0_0_1_0_0_0_0_0_0_0_1_0_0_0_1_1_0_1_0_1_1_0_0_1_1_1_1_1_1_1_1_0_0_0_1_1_1,1,8.666666666666668e-5,5.249338582674541e-5,0.1610738255033557,225.13888888888889
0_0_0_0_0_1_1_0_0_0_0_1_0_0_0_1_1_0_1_0_0_0_1_1_1_1_1_0_1_1_0_0_1_1_1_1_1_1_1_1_0_0_0_1_0_0,1,8.666666666666668e-5,1.2472191289246475e-5,0.15436241610738255,264.77777777777777
0_0_1_1_1_0_0_0_1_1_0_0_1_0_1_0_0_1_1_0_0_0_1_0_1_1_0_0_1_0_0_1_1_1_1_1_0_1_1_1_0_0_0_1_1_1,1,8.666666666666668e-5,1.885618083164127e-5,0.19463087248322147,228.88888888888889
1_0_1_1_1_0_0_1_1_1_1_1_1_1_1_0_0_1_1_1_0_1_1_0_0_0_1_0_0_0_1_1_0_0_0_0_0_0_0_0_0_1_1_1_1_1,1,8.666666666666668e-5,4.714045207910317e-6,0.10738255033557047,239.7222222222222
0_0_1_1_1_0_0_1_1_1_0_1_1_1_1_0_0_1_1_1_1_1_1_0_0_0_1_1_0_0_0_1_0_0_0_0_0_0_0_0_0_1_1_1_1_1,1,8.666666666666668e-5,1.2472191289246475e-5,0.14093959731543623,299.6666666666667
1_1_1_1_1_0_0_1_1_1_1_0_1_1_1_0_0_1_1_1_1_1_1_0_0_0_0_1_0_0_1_1_0_0_0_0_0_0_0_0_1_1_1_1_1_1,1,8.666666666666668e-5,9.428090415820634e-6,0.1476510067114094,218.08333333333334
0_1_0_1_1_0_0_1_1_1_0_1_0_0_1_1_1_1_0_1_1_0_0_0_1_0_1_1_1_1_0_1_1_1_1_1_1_1_1_1_1_0_0_0_0_0,1,8.666666666666668e-5,3.3993463423951894e-5,0.1476510067114094,241.16666666666666
1_0_1_0_0_1_1_0_0_0_1_0_0_1_0_0_0_0_1_1_1_1_1_1_0_1_0_1_0_0_1_0_0_0_0_0_0_0_0_0_0_1_1_1_1_1,1,8.666666666666668e-5,2.6246692913372705e-5,0.14093959731543623,285.75757575757575
1_0_1_1_1_0_0_1_1_1_1_1_1_1_1_0_0_1_1_0_0_0_1_0_1_0_1_0_1_1_1_1_1_1_1_1_0_1_1_1_0_0_0_1_1_1,1,8.666666666666668e-5,2.0548046676563257e-5,0.11409395973154363,237.17171717171718
1_1_0_0_0_1_1_0_0_0_1_0_0_0_0_1_1_0_0_1_1_0_0_1_1_0_0_1_1_0_1_0_1_1_1_1_1_1_1_1_1_0_0_1_0_0,1,8.666666666666668e-5,1.885618083164127e-5,0.16778523489932887,202.0
1_0_1_1_1_0_0_0_1_1_1_0_1_0_1_1_1_1_1_0_1_0_1_0_1_1_0_1_1_0_1_1_1_1_1_1_0_1_1_1_0_0_0_0_0_0,1,8.666666666666668e-5,3.681787005729086e-5,0.18791946308724833,266.43162393162396
0_1_0_0_0_1_1_0_0_0_0_1_0_0_0_0_1_0_0_0_1_1_0_1_0_0_1_1_0_1_0_0_0_0_0_0_1_0_0_0_1_1_1_1_1_1,1,8.666666666666665e-5,3.858612300930074e-5,0.20134228187919462,215.04761904761904
1_0_1_0_0_1_1_0_0_0_1_1_1_1_0_0_0_0_1_0_0_1_1_1_0_1_1_0_0_1_1_0_0_0_0_0_0_0_0_0_0_1_1_1_1_1,1,8.666666666666665e-5,1.2472191289246475e-5,0.15436241610738255,238.4497354497354
0_0_1_1_1_0_0_1_1_1_0_1_1_1_1_0_0_1_0_1_0_1_0_0_0_1_1_0_0_0_0_1_0_0_0_0_0_0_0_0_0_1_1_0_1_1,1,8.666666666666665e-5,1.2472191289246475e-5,0.174496644295302,220.67195767195767
1_1_0_0_0_1_1_0_0_0_1_0_0_0_0_1_0_0_0_1_1_1_0_1_0_1_0_1_0_0_1_0_0_0_0_0_0_0_0_0_1_1_1_1_1_1,1,8.666666666666665e-5,3.091206165165234e-5,0.12751677852348994,261.3614163614164
1_0_0_1_1_0_0_1_1_1_1_1_0_0_1_1_0_1_1_0_1_1_1_0_0_0_1_1_0_1_1_1_0_0_0_0_1_0_0_0_0_1_1_1_1_1,1,8.666666666666665e-5,1.2472191289246475e-5,0.18120805369127516,272.2063492063492
0_1_0_0_0_1_1_0_0_0_0_1_0_0_0_1_1_0_0_0_1_1_0_1_0_0_1_1_0_1_0_0_0_0_0_0_1_0_0_0_1_1_1_0_0_0,1,8.333333333333333e-5,1.699673171197595e-5,0.1610738255033557,236.62962962962965
0_0_1_1_1_0_0_1_1_1_0_1_1_1_1_0_0_1_1_0_0_1_1_0_0_0_1_0_0_0_0_1_0_0_0_0_0_0_0_0_0_1_1_1_1_1,1,8.333333333333333e-5,9.428090415820639e-6,0.11409395973154363,264.44444444444446
1_0_1_0_0_1_1_0_0_0_1_1_1_1_0_0_0_0_1_1_0_0_1_1_1_1_1_0_1_0_1_0_1_1_1_1_0_1_1_1_0_0_0_1_1_1,1,8.333333333333333e-5,1.8856180831641274e-5,0.1610738255033557,271.2554112554113
1_1_1_0_0_1_1_0_0_0_1_0_0_1_0_0_0_0_0_1_1_1_0_1_0_1_0_1_0_0_1_0_0_0_0_0_1_0_0_0_1_1_1_1_1_1,1,8.333333333333333e-5,2.0548046676563257e-5,0.1610738255033557,282.6136363636363
1_1_0_1_1_0_0_1_1_1_1_0_0_0_1_0_0_1_1_1_1_0_1_0_1_0_0_1_1_1_1_1_1_1_1_1_1_1_1_1_1_0_0_1_1_1,1,8.333333333333333e-5,2.4944382578492944e-5,0.18120805369127516,226.87542087542087
1_0_0_0_0_1_1_0_0_0_1_0_0_0_0_1_1_0_1_0_0_1_1_1_0_1_0_0_0_0_1_0_0_0_0_0_0_0_0_0_0_1_1_0_0_0,1,8.333333333333333e-5,3.299831645537221e-5,0.12080536912751678,285.3846153846154
1_1_0_0_0_1_1_0_0_0_1_0_0_0_0_1_1_0_0_0_0_1_0_1_0_1_0_0_0_1_1_0_0_0_0_0_1_0_0_0_1_1_1_0_0_0,1,8.333333333333333e-5,2.0548046676563257e-5,0.1476510067114094,227.5252525252525
1_1_0_0_0_1_1_0_0_0_1_0_0_0_0_1_0_0_0_0_1_0_0_1_1_0_0_1_1_0_1_0_1_1_1_1_1_1_1_1_1_0_0_1_1_1,1,8.333333333333333e-5,1.2472191289246475e-5,0.18120805369127516,205.20238095238096
0_0_0_0_0_1_1_0_0_0_0_0_0_0_0_1_1_0_1_0_0_0_1_1_1_1_1_0_1_0_0_0_1_1_1_1_0_1_1_1_0_0_0_1_0_0,1,8.333333333333333e-5,1.2472191289246475e-5,0.12080536912751678,226.29761904761904
1_0_1_1_1_0_0_1_1_1_1_0_1_1_1_1_0_1_1_1_0_0_1_0_1_1_0_0_1_0_1_1_1_1_1_1_0_1_1_1_0_0_0_0_0_0,1,8.333333333333333e-5,2.0548046676563257e-5,0.20134228187919462,266.199494949495
1_1_0_1_1_0_0_1_1_1_1_1_1_0_1_0_0_1_0_0_1_0_0_0_1_0_1_1_1_0_1_1_1_1_1_1_1_1_1_1_1_0_0_0_1_1,1,8.333333333333333e-5,2.6246692913372705e-5,0.14093959731543623,222.26190476190473
0_1_0_0_0_1_1_0_0_0_0_0_0_0_0_1_1_0_0_1_1_1_0_1_0_1_0_1_0_0_0_0_0_0_0_0_1_0_0_0_1_1_1_0_0_0,1,8.333333333333333e-5,1.2472191289246475e-5,0.11409395973154363,263.14285714285717
0_0_1_1_1_0_0_1_1_1_0_0_1_1_1_0_0_1_1_1_1_0_1_0_1_0_0_1_1_0_0_1_1_1_1_1_0_1_1_1_0_0_0_1_1_1,1,8.333333333333333e-5,3.3993463423951894e-5,0.1610738255033557,241.17948717948718
1_1_0_0_0_1_1_0_0_0_1_1_0_0_0_1_1_0_0_0_0_0_0_1_1_1_1_0_1_1_1_0_1_1_1_1_1_1_1_1_1_0_0_0_0_0,1,8.333333333333333e-5,1.2472191289246475e-5,0.15436241610738255,277.95238095238096
0_0_1_1_1_0_0_1_1_1_0_1_1_1_1_1_1_1_1_0_0_0_1_0_1_0_1_0_1_0_0_1_1_1_1_1_0_1_1_1_0_0_0_0_0_0,1,8.333333333333333e-5,2.4944382578492944e-5,0.1342281879194631,237.74410774410774
1_1_0_0_0_1_1_0_0_0_1_0_0_0_0_1_0_0_1_0_1_1_1_1_0_1_0_1_0_1_1_0_0_0_0_0_1_0_0_0_1_1_1_1_1_1,1,8.333333333333333e-5,9.428090415820639e-6,0.15436241610738255,204.33862433862433
0_1_0_1_1_0_0_1_1_1_0_1_0_0_1_0_1_1_0_0_1_0_0_0_1_0_1_1_1_1_0_1_1_1_1_1_1_1_1_1_1_0_0_1_1_1,1,8.333333333333333e-5,2.6246692913372705e-5,0.19463087248322147,254.08730158730157
1_1_1_1_1_0_0_1_1_1_1_0_1_1_1_0_0_1_0_1_1_0_0_0_1_0_0_1_1_0_1_1_1_1_1_1_0_1_1_1_1_0_0_0_1_1,1,8.333333333333333e-5,9.428090415820639e-6,0.1476510067114094,227.03703703703704
1_1_0_0_0_1_1_0_0_0_1_0_0_0_0_1_1_0_0_0_0_0_0_1_1_1_0_0_1_1_1_0_1_1_1_1_1_1_1_1_1_0_0_0_0_0,1,8.333333333333333e-5,2.0548046676563257e-5,0.14093959731543623,290.27777777777777
1_0_1_0_0_1_1_0_0_0_1_0_1_1_0_0_0_0_1_0_0_0_1_1_1_1_0_0_1_0_1_0_1_1_1_1_0_1_1_1_0_0_0_0_1_1,1,8.333333333333333e-5,1.8856180831641274e-5,0.15436241610738255,226.10389610389612
1_1_0_0_0_1_1_0_0_0_1_0_0_0_0_0_0_0_0_1_1_1_0_1_0_1_0_1_0_1_1_0_0_0_0_0_1_0_0_0_1_1_1_1_1_1,1,8.333333333333333e-5,1.8856180831641274e-5,0.1342281879194631,244.89177489177487
0_0_0_1_1_0_0_1_1_1_0_1_1_0_1_1_1_1_1_0_0_1_1_0_0_0_1_0_0_1_0_1_0_0_0_0_1_0_0_0_0_1_1_0_0_0,1,8.333333333333333e-5,4.714045207910317e-6,0.1342281879194631,238.5648148148148
1_1_0_1_1_0_0_1_1_1_1_0_0_0_1_0_0_1_1_1_1_1_1_0_0_0_0_1_0_1_1_1_0_0_0_0_1_0_0_0_1_1_1_1_1_1,1,8.333333333333333e-5,2.6246692913372705e-5,0.18791946308724833,243.7301587301587
0_0_1_1_1_0_0_1_1_1_0_1_1_1_1_0_0_1_0_1_1_0_0_0_1_0_1_1_1_1_0_1_1_1_1_1_1_1_1_1_0_0_0_1_1_1,1,8.333333333333333e-5,5.312459150169742e-5,0.12751677852348994,211.91666666666666
1_1_0_1_1_0_0_1_1_1_1_1_1_0_1_0_0_1_0_0_1_0_0_0_1_0_1_1_1_0_1_1_1_1_1_1_1_1_1_1_1_0_0_1_1_1,1,8.333333333333333e-5,3.299831645537221e-5,0.14093959731543623,250.25641025641025
0_1_1_1_1_0_0_1_1_1_0_1_1_0_1_0_0_1_0_0_0_1_0_0_0_0_0_0_0_1_0_1_0_0_0_0_1_0_0_0_1_1_1_0_1_1,1,8.333333333333333e-5,1.699673171197595e-5,0.12751677852348994,242.44444444444446
1_1_0_1_1_0_0_1_1_1_1_0_0_0_1_1_1_1_1_1_1_0_1_0_1_0_0_1_1_1_1_1_1_1_1_1_1_1_1_1_1_0_0_1_0_0,1,8.333333333333333e-5,2.3570226039551585e-5,0.18120805369127516,248.0
1_1_0_1_1_0_0_1_1_1_1_0_0_0_1_1_1_1_0_1_1_0_0_0_1_0_0_1_1_1_1_1_1_1_1_1_1_1_1_1_1_0_0_1_0_0,1,8.333333333333333e-5,3.299831645537222e-5,0.174496644295302,223.14814814814815
1_0_0_0_0_1_1_0_0_0_1_0_0_0_0_1_1_0_1_0_0_1_1_1_0_1_1_0_0_1_1_0_0_0_0_0_0_0_0_0_0_1_1_0_0_0,1,8.333333333333333e-5,3.3993463423951894e-5,0.12080536912751678,192.33699633699635
0_1_0_1_1_0_0_1_1_1_0_1_0_0_1_0_1_1_0_0_1_1_0_0_0_0_1_1_0_1_0_1_0_0_0_0_1_0_0_0_1_1_1_1_1_1,1,8.333333333333333e-5,1.2472191289246475e-5,0.18791946308724833,243.15476190476193
0_1_0_0_0_1_1_0_0_0_0_0_0_0_0_0_1_0_0_0_1_0_0_1_1_1_0_1_1_0_0_0_1_1_1_1_1_1_1_1_1_0_0_1_1_1,1,8.333333333333333e-5,1.8856180831641274e-5,0.15436241610738255,240.12987012987014
0_1_0_0_0_1_1_0_0_0_0_1_0_0_0_0_1_0_0_0_1_0_0_1_1_0_1_1_1_1_0_0_1_1_1_1_1_1_1_1_1_0_0_1_1_1,1,8.333333333333333e-5,2.6246692913372705e-5,0.2080536912751678,220.19841269841268
0_1_0_0_0_1_1_0_0_0_0_0_0_0_0_1_1_0_0_0_1_1_0_1_0_0_0_1_0_0_0_0_0_0_0_0_1_0_0_0_1_1_1_1_0_0,1,8.333333333333333e-5,1.2472191289246475e-5,0.15436241610738255,214.61904761904762
1_1_1_1_1_0_0_1_1_1_1_1_1_1_1_0_0_1_0_0_1_0_0_0_1_0_1_1_1_1_1_1_1_1_1_1_1_1_1_1_1_0_0_0_1_1,1,8.333333333333333e-5,2.8674417556808757e-5,0.11409395973154363,228.9722222222222
1_1_0_0_0_1_1_0_0_0_1_0_0_0_0_1_0_0_0_1_1_0_0_1_1_1_0_1_1_0_1_0_1_1_1_1_0_1_1_1_1_0_0_1_1_1,1,8.333333333333333e-5,4.714045207910317e-6,0.12080536912751678,207.4074074074074
0_0_0_0_0_1_1_0_0_0_0_0_0_1_0_1_1_0_0_1_0_1_0_1_0_1_0_0_0_0_0_0_0_0_0_0_0_0_0_0_0_1_1_0_0_0,1,8.333333333333333e-5,9.428090415820639e-6,0.14093959731543623,254.44444444444446
0_0_0_0_0_1_1_0_0_0_0_0_0_1_0_1_1_0_1_1_0_1_1_1_0_1_0_0_0_1_0_0_0_0_0_0_0_0_0_0_0_1_1_1_0_0,1,8.333333333333333e-5,1.699673171197595e-5,0.12751677852348994,227.33333333333334
1_1_0_0_0_1_1_1_0_0_1_1_0_1_0_1_1_0_0_1_1_0_0_1_1_0_1_1_1_1_1_0_1_1_1_1_1_1_1_1_1_0_0_1_0_0,1,8.333333333333333e-5,1.8856180831641274e-5,0.20134228187919462,250.12987012987014
1_1_1_1_1_0_0_1_1_1_1_0_1_1_1_1_1_1_0_0_1_0_0_0_1_1_0_1_1_0_1_1_1_1_1_1_0_1_1_1_1_0_0_0_0_0,1,8.333333333333333e-5,1.2472191289246475e-5,0.1610738255033557,246.41666666666666
0_0_1_1_1_0_0_1_1_1_0_1_1_0_1_0_0_1_0_0_0_0_0_0_1_0_1_0_1_1_0_1_1_1_1_1_1_1_1_1_0_0_0_1_1_1,1,8.333333333333333e-5,9.428090415820639e-6,0.12080536912751678,216.5079365079365
1_1_1_1_1_0_0_1_1_1_1_0_1_0_1_1_1_1_1_0_1_0_1_0_1_0_0_1_1_0_1_1_1_1_1_1_0_1_1_1_1_0_0_0_0_0,1,8.333333333333333e-5,4.189935029992178e-5,0.14093959731543623,219.04761904761904
1_0_1_1_1_0_0_1_1_1_1_0_1_1_1_0_0_1_1_0_0_1_1_0_0_1_0_0_0_0_1_1_0_0_0_0_0_0_0_0_0_1_1_1_1_1,1,8.0e-5,1.4142135623730953e-5,0.1610738255033557,215.55555555555557
1_1_1_1_1_0_0_1_1_1_1_0_1_1_1_0_0_1_1_0_1_1_1_0_0_0_0_1_0_1_1_1_0_0_0_0_0_0_0_0_1_1_1_1_1_1,1,8.0e-5,1.6329931618554523e-5,0.1476510067114094,213.75
0_0_1_1_1_0_0_0_1_1_0_0_1_0_1_0_1_1_1_0_0_1_1_0_0_1_0_0_0_1_0_1_0_0_0_0_0_0_0_0_0_1_1_0_0_0,1,8.0e-5,1.6329931618554523e-5,0.21476510067114093,268.86111111111114
1_1_0_0_0_1_1_0_0_0_1_0_0_0_0_1_1_0_0_1_0_0_0_1_1_1_0_0_1_0_1_0_1_1_1_1_0_1_1_1_1_0_0_0_0_0,1,8.0e-5,1.4142135623730955e-5,0.12080536912751678,209.2857142857143
0_1_0_0_0_1_1_1_0_0_0_1_0_1_0_1_1_0_0_1_1_1_0_1_0_0_1_1_0_0_0_0_0_0_0_0_1_0_0_0_1_1_1_0_0_0,1,8.0e-5,8.164965809277265e-6,0.18791946308724833,224.7883597883598
0_0_0_0_0_1_1_0_0_0_0_0_0_0_0_1_1_0_1_0_0_1_1_1_0_1_1_0_0_0_0_0_0_0_0_0_0_0_0_0_0_1_1_1_0_0,1,8.0e-5,3.265986323710904e-5,0.11409395973154363,241.80555555555554
0_0_1_0_0_1_1_0_0_0_0_0_1_1_0_0_0_0_0_1_1_0_0_1_1_1_0_1_1_0_0_0_1_1_1_1_0_1_1_1_0_0_0_1_1_1,1,8.0e-5,2.943920288775949e-5,0.20134228187919462,267.1296296296296
0_0_0_0_0_1_1_0_0_0_0_0_0_0_0_1_1_0_0_1_0_1_0_1_0_1_1_0_0_0_0_0_0_0_0_0_0_0_0_0_0_1_1_0_0_0,1,8.0e-5,2.943920288775949e-5,0.12751677852348994,263.8095238095238
1_0_1_1_1_0_0_1_1_1_1_1_1_1_1_0_0_1_1_1_1_0_1_0_1_0_1_1_1_1_1_1_1_1_1_1_0_1_1_1_0_0_0_0_1_1,1,8.0e-5,1.4142135623730953e-5,0.12751677852348994,251.66666666666666
0_1_0_1_1_0_0_1_1_1_0_1_0_0_1_1_1_1_0_1_1_1_0_0_0_0_1_1_0_1_0_1_0_0_0_0_1_0_0_0_1_1_1_1_0_0,1,8.0e-5,4.3204937989385736e-5,0.15436241610738255,209.0
0_0_1_0_0_1_1_0_0_0_0_1_1_1_0_1_1_0_1_0_0_1_1_1_0_1_1_0_0_0_0_0_0_0_0_0_0_0_0_0_0_1_1_0_0_0,1,8.0e-5,1.6329931618554523e-5,0.174496644295302,254.08333333333334
1_0_1_1_1_0_0_1_1_1_1_1_1_1_1_1_0_1_1_0_0_1_1_0_0_0_1_0_0_1_1_1_0_0_0_0_1_0_0_0_0_1_1_0_0_0,1,8.0e-5,2.8284271247461902e-5,0.14093959731543623,241.33333333333334
0_0_1_0_0_1_1_0_0_0_0_1_1_1_0_0_0_0_1_0_0_1_1_1_0_1_1_0_0_0_0_0_0_0_0_0_0_0_0_0_0_1_1_1_1_1,1,8.0e-5,2.8284271247461902e-5,0.1610738255033557,239.66666666666666
0_1_0_1_1_0_0_1_1_1_0_0_0_0_1_1_1_1_0_1_1_0_0_0_1_0_0_1_1_0_0_1_1_1_1_1_1_1_1_1_1_0_0_0_0_0,1,8.0e-5,2.1602468994692868e-5,0.15436241610738255,270.7037037037037
0_1_1_1_1_0_0_1_1_1_0_1_1_1_1_0_1_1_0_1_0_1_0_0_0_0_1_0_0_1_0_1_0_0_0_0_1_0_0_0_1_1_1_0_0_0,1,8.0e-5,2.160246899469287e-5,0.11409395973154363,207.35930735930734
1_1_1_1_1_0_0_1_1_1_1_1_1_1_1_0_0_1_0_1_1_0_0_0_1_0_0_1_1_1_1_1_1_1_1_1_1_1_1_1_1_0_0_0_1_1,1,8.0e-5,3.265986323710904e-5,0.11409395973154363,208.4722222222222
1_0_1_1_1_0_0_1_1_1_1_1_1_1_1_0_0_1_1_1_0_1_1_0_0_1_1_0_0_1_1_1_0_0_0_0_0_0_0_0_0_1_1_1_1_1,1,8.0e-5,1.4142135623730953e-5,0.1476510067114094,239.44444444444443
0_0_1_0_0_1_1_0_0_0_0_0_1_1_0_0_1_0_0_0_0_0_0_1_1_1_0_0_1_0_0_0_1_1_1_1_0_1_1_1_0_0_0_0_0_0,1,8.0e-5,2.1602468994692868e-5,0.19463087248322147,246.14814814814815
1_0_0_0_0_1_1_0_0_0_1_0_0_0_0_1_0_0_1_0_1_0_1_1_1_1_0_1_1_0_1_0_1_1_1_1_0_1_1_1_0_0_0_1_1_1,1,8.0e-5,1.4142135623730953e-5,0.11409395973154363,229.44444444444446
0_0_1_1_1_0_0_1_1_1_0_1_1_1_1_0_0_1_1_0_1_1_1_0_0_0_1_1_0_1_0_1_0_0_0_0_1_0_0_0_0_1_1_1_1_1,1,8.0e-5,3.265986323710904e-5,0.12080536912751678,261.6666666666667
0_1_1_1_1_0_0_1_1_1_0_1_1_0_1_1_1_1_0_0_0_1_0_0_0_0_0_0_0_0_0_1_0_0_0_0_1_0_0_0_1_1_1_0_0_0,1,8.0e-5,1.6329931618554523e-5,0.12080536912751678,264.30555555555554
0_0_1_1_1_0_0_1_1_1_0_1_1_1_1_0_1_1_1_0_0_0_1_0_1_0_1_0_1_1_0_1_1_1_1_1_0_1_1_1_0_0_0_0_0_0,1,8.0e-5,1.6329931618554523e-5,0.1476510067114094,265.4444444444444
0_0_1_0_0_1_1_0_0_0_0_1_1_1_0_0_1_0_0_1_0_1_0_1_0_1_1_0_0_0_0_0_0_0_0_0_0_0_0_0_0_1_1_0_0_0,1,8.0e-5,2.943920288775949e-5,0.19463087248322147,247.16329966329965
0_1_1_1_1_0_0_1_1_1_0_1_1_1_1_0_1_1_0_0_0_1_0_0_0_0_0_0_0_0_0_1_0_0_0_0_1_0_0_0_1_1_1_0_0_0,1,7.999999999999999e-5,4.9665548085837796e-5,0.12080536912751678,269.8333333333333
1_0_1_0_0_1_1_0_0_0_1_0_0_1_0_1_1_0_1_1_1_0_1_1_1_1_1_1_1_0_1_0_1_1_1_1_0_1_1_1_0_0_0_0_0_0,1,7.999999999999999e-5,3.741657386773941e-5,0.12751677852348994,231.16300366300365
1_1_1_1_1_0_0_1_1_1_1_0_1_1_1_0_0_1_1_0_1_0_1_0_1_0_0_1_1_1_1_1_1_1_1_1_0_1_1_1_1_0_0_1_1_1,1,7.999999999999999e-5,3.741657386773941e-5,0.15436241610738255,245.8150183150183
0_0_1_1_1_0_0_1_1_1_0_0_1_0_1_0_0_1_1_0_1_1_1_0_0_0_0_1_0_1_0_1_0_0_0_0_0_0_0_0_0_1_1_1_1_1,1,7.999999999999999e-5,3.741657386773941e-5,0.174496644295302,256.3095238095238
0_1_0_0_0_1_1_0_0_0_0_0_0_0_0_1_1_0_0_0_1_0_0_1_1_0_0_1_1_0_0_0_1_1_1_1_1_1_1_1_1_0_0_0_0_0,1,7.999999999999999e-5,3.559026084010437e-5,0.1476510067114094,249.42735042735043
1_1_0_0_0_1_1_0_0_0_1_0_0_0_0_1_1_0_0_1_1_0_0_1_1_1_0_1_1_1_1_0_1_1_1_1_1_1_1_1_1_0_0_1_0_0,1,7.999999999999999e-5,2.160246899469287e-5,0.12751677852348994,229.3362193362193
1_1_1_1_1_0_0_1_1_1_1_1_1_1_1_0_0_1_0_0_1_0_0_0_1_0_1_1_1_1_1_1_1_1_1_1_1_1_1_1_1_0_0_1_1_1,1,7.666666666666667e-5,4.714045207910323e-6,0.11409395973154363,205.89285714285714
1_1_1_0_0_1_1_0_0_0_1_0_0_1_0_0_0_0_0_1_1_0_0_1_1_1_0_1_1_0_1_0_1_1_1_1_1_1_1_1_1_0_0_1_1_1,1,7.666666666666667e-5,1.2472191289246474e-5,0.15436241610738255,295.9259259259259
1_1_1_1_1_0_0_1_1_1_1_1_1_1_1_0_0_1_0_0_1_1_0_0_0_0_0_1_0_1_1_1_0_0_0_0_1_0_0_0_1_1_1_1_1_1,1,7.666666666666667e-5,3.299831645537222e-5,0.11409395973154363,208.44444444444446
0_1_0_1_1_0_0_1_1_1_0_1_0_0_1_1_1_1_0_0_0_1_0_0_0_0_1_0_0_0_0_1_0_0_0_0_1_0_0_0_1_1_1_0_0_0,1,7.666666666666667e-5,3.299831645537222e-5,0.174496644295302,258.5714285714286
0_1_0_0_0_1_1_1_0_0_0_1_0_1_0_1_1_0_0_1_1_0_0_1_1_0_1_1_1_0_0_0_1_1_1_1_1_1_1_1_1_0_0_0_0_0,1,7.666666666666667e-5,1.885618083164127e-5,0.18120805369127516,212.74074074074073
1_1_0_0_0_1_1_0_0_0_1_1_0_0_0_1_0_0_0_0_1_1_0_1_0_0_1_1_0_1_1_0_0_0_0_0_1_0_0_0_1_1_1_1_1_1,1,7.666666666666667e-5,1.6996731711975954e-5,0.19463087248322147,203.60317460317458
1_0_1_0_0_1_1_0_0_0_1_1_1_1_0_0_0_0_1_1_0_1_1_1_0_1_1_0_0_0_1_0_0_0_0_0_0_0_0_0_0_1_1_0_1_1,1,7.666666666666667e-5,1.2472191289246474e-5,0.16778523489932887,244.35185185185185
0_0_1_1_1_0_0_1_1_1_0_0_1_1_1_0_0_1_1_1_0_1_1_0_1_1_0_0_1_1_0_1_0_0_0_0_0_0_1_0_0_0_1_0_1_1,1,7.666666666666667e-5,3.091206165165234e-5,0.2483221476510067,291.66666666666663
0_1_0_0_0_1_1_0_0_0_0_1_0_0_0_1_1_0_0_0_0_0_0_1_1_1_1_0_1_0_0_0_1_1_1_1_1_1_1_1_1_0_0_0_0_0,1,7.666666666666667e-5,1.2472191289246474e-5,0.1342281879194631,249.35185185185185
0_1_1_1_1_0_0_0_1_1_0_0_1_0_1_0_0_1_0_0_0_1_0_0_0_1_0_0_0_0_0_1_0_0_0_0_0_0_0_0_1_1_1_1_1_1,1,7.666666666666667e-5,2.0548046676563257e-5,0.18791946308724833,238.25
1_0_1_1_1_0_0_1_1_1_1_0_1_1_1_0_0_1_1_1_1_1_1_0_0_0_0_1_0_1_1_1_0_0_0_0_0_0_0_0_0_1_1_1_1_1,1,7.666666666666667e-5,2.6246692913372705e-5,0.1342281879194631,218.57407407407405
0_0_1_0_0_1_1_0_0_0_0_0_1_1_0_0_0_0_1_0_1_1_1_1_0_1_0_1_0_1_0_0_0_0_0_0_0_0_0_0_0_1_1_1_1_1,1,7.666666666666667e-5,1.6996731711975954e-5,0.18791946308724833,219.44444444444446
1_1_1_0_0_1_1_0_0_0_1_1_0_1_0_1_1_0_0_1_0_0_0_1_1_1_1_0_1_0_1_0_1_1_1_1_1_1_1_1_1_0_0_0_0_0,1,7.666666666666667e-5,1.2472191289246474e-5,0.18791946308724833,223.24074074074073
1_0_1_0_0_1_1_0_0_0_1_0_1_1_0_0_0_0_1_0_0_0_1_1_1_1_0_0_1_0_1_0_1_1_1_1_0_1_1_1_0_0_0_1_1_1,1,7.666666666666667e-5,2.6246692913372705e-5,0.15436241610738255,251.4074074074074
0_1_0_1_1_0_0_1_1_1_0_1_1_0_1_0_0_1_0_0_0_1_0_0_0_0_0_0_0_1_0_1_0_0_0_0_1_0_0_0_1_1_1_1_1_1,1,7.666666666666667e-5,1.6996731711975954e-5,0.12751677852348994,200.73015873015876
1_0_1_1_1_0_0_1_1_1_1_0_1_1_1_0_0_1_1_1_1_1_1_0_0_0_0_1_0_1_1_1_0_0_0_0_0_0_0_0_0_1_1_0_1_1,1,7.666666666666667e-5,1.2472191289246474e-5,0.1476510067114094,250.74074074074073
1_0_0_0_0_1_1_1_0_0_1_1_0_1_0_0_0_0_1_1_1_1_1_1_0_0_1_1_0_1_1_0_0_0_0_0_1_0_0_0_0_1_1_1_1_1,1,7.666666666666667e-5,9.428090415820639e-6,0.2080536912751678,301.4285714285714
0_0_1_0_0_1_1_0_0_0_0_0_0_1_0_1_1_0_0_1_0_1_0_1_0_1_0_0_0_0_0_0_0_0_0_0_0_0_0_0_0_1_1_0_0_0,1,7.666666666666667e-5,1.2472191289246474e-5,0.15436241610738255,205.92592592592595
1_1_0_0_0_1_1_0_0_0_1_1_0_1_0_1_1_0_0_1_0_0_0_1_1_1_1_0_1_0_1_0_1_1_1_1_1_1_1_1_1_0_0_0_0_0,1,7.666666666666667e-5,9.428090415820639e-6,0.174496644295302,266.1904761904762
1_1_0_0_0_1_1_0_0_0_1_1_0_1_0_1_1_0_0_1_0_1_0_1_0_1_1_0_0_0_1_0_0_0_0_0_1_0_0_0_1_1_1_0_0_0,1,7.666666666666667e-5,4.714045207910323e-6,0.18120805369127516,247.61904761904762
0_1_1_1_1_0_0_1_1_1_0_1_1_0_1_0_0_1_0_0_0_0_0_0_1_0_0_0_1_1_0_1_1_1_1_1_1_1_1_1_1_0_0_1_1_1,1,7.666666666666667e-5,1.885618083164127e-5,0.12080536912751678,251.03703703703704
0_0_1_1_1_0_0_1_1_1_0_1_1_1_1_0_1_1_0_1_0_0_0_0_1_0_1_0_1_1_0_1_1_1_1_1_1_1_1_1_0_0_0_0_0_0,1,7.666666666666667e-5,3.681787005729087e-5,0.12751677852348994,253.47222222222226
1_1_0_0_0_1_1_0_0_0_1_0_0_0_0_1_1_0_1_1_0_1_1_1_0_1_0_0_0_1_1_0_0_0_0_0_1_0_0_0_1_1_1_0_0_0,1,7.666666666666667e-5,1.6996731711975954e-5,0.1610738255033557,242.96825396825398
0_0_1_1_1_0_0_1_1_1_0_0_1_1_1_0_1_1_1_1_0_1_1_0_0_1_0_0_0_0_0_1_0_0_0_0_0_0_0_0_0_1_1_0_0_0,1,7.666666666666667e-5,1.6996731711975954e-5,0.18791946308724833,254.93650793650795
1_0_0_0_0_1_1_0_0_0_1_0_0_0_0_1_1_0_1_1_0_0_1_1_1_1_0_0_1_1_1_0_1_1_1_1_0_1_1_1_0_0_0_0_0_0,1,7.666666666666667e-5,2.6246692913372705e-5,0.11409395973154363,234.55555555555554
1_1_1_1_1_0_0_1_1_1_1_1_1_0_1_0_0_1_0_0_1_0_0_0_1_0_1_1_1_0_1_1_1_1_1_1_1_1_1_1_1_0_0_1_1_1,1,7.666666666666667e-5,1.885618083164127e-5,0.12751677852348994,230.22222222222226
0_0_1_0_0_1_1_0_0_0_0_0_1_1_0_0_0_0_0_1_1_1_0_1_0_1_0_1_0_0_0_0_0_0_0_0_0_0_0_0_0_1_1_1_1_1,1,7.666666666666667e-5,1.2472191289246474e-5,0.19463087248322147,233.37962962962965
0_0_0_0_0_1_1_0_0_0_0_1_0_0_0_0_0_0_0_1_0_1_0_1_0_0_1_0_0_1_0_0_0_0_0_0_1_0_0_0_0_1_1_1_1_1,1,7.666666666666667e-5,3.299831645537222e-5,0.16778523489932887,208.88888888888889
0_0_1_0_0_1_1_0_0_0_0_0_0_1_0_1_1_0_1_1_0_0_1_1_1_1_0_0_1_1_0_0_1_1_1_1_0_1_1_1_0_0_0_0_0_0,1,7.666666666666667e-5,1.2472191289246474e-5,0.1342281879194631,279.5833333333333
1_1_0_0_0_1_1_0_0_0_1_0_0_0_0_1_1_0_1_1_0_1_1_1_0_1_0_0_0_1_1_0_0_0_0_0_0_0_0_0_1_1_1_0_0_0,1,7.666666666666667e-5,2.3570226039551585e-5,0.12751677852348994,201.8181818181818
1_0_1_0_0_1_1_0_0_0_1_0_1_1_0_1_0_0_1_0_0_0_1_1_1_1_0_0_1_1_1_0_1_1_1_1_0_1_1_1_0_0_0_0_0_0,1,7.666666666666667e-5,2.6246692913372705e-5,0.18791946308724833,268.3888888888889
1_0_0_0_0_1_1_0_0_0_1_0_0_0_0_1_1_0_1_0_0_0_1_1_1_1_0_0_1_0_1_0_1_1_1_1_0_1_1_1_0_0_0_0_0_0,1,7.666666666666667e-5,1.6996731711975954e-5,0.11409395973154363,245.95238095238096
1_0_1_1_1_0_0_0_1_1_1_0_1_0_1_0_0_1_1_0_0_1_1_0_0_1_0_0_0_1_1_1_0_0_0_0_0_0_0_0_0_1_1_0_1_1,1,7.666666666666666e-5,9.428090415820639e-6,0.19463087248322147,211.2698412698413
0_0_1_1_1_0_0_0_1_1_0_0_1_0_1_1_1_1_1_0_0_1_1_0_0_1_0_0_0_0_0_1_0_0_0_0_0_0_0_0_0_1_1_0_0_0,1,7.666666666666666e-5,9.428090415820639e-6,0.20134228187919462,282.38095238095235
1_1_1_0_0_1_1_0_0_0_1_0_0_1_0_0_0_0_0_1_1_1_0_1_0_1_0_1_0_0_1_0_0_0_0_0_0_0_0_0_1_1_1_1_1_1,1,7.333333333333334e-5,1.699673171197595e-5,0.14093959731543623,254.87037037037035
0_0_1_0_0_1_1_0_0_0_0_1_0_1_0_0_0_0_0_1_0_0_0_1_1_1_1_0_1_1_0_0_1_1_1_1_1_1_1_1_0_0_0_1_1_1,1,7.333333333333334e-5,9.428090415820637e-6,0.1476510067114094,227.7777777777778
1_0_1_1_1_0_0_1_1_1_1_1_1_1_1_0_0_1_1_1_0_0_1_0_1_0_1_0_1_0_1_1_1_1_1_1_0_1_1_1_0_0_0_1_1_1,1,7.333333333333334e-5,9.428090415820637e-6,0.11409395973154363,227.63888888888889
0_1_0_0_0_1_1_0_0_0_0_1_0_0_0_1_1_0_0_1_1_1_0_1_0_0_1_1_0_1_0_0_0_0_0_0_1_0_0_0_1_1_1_0_0_0,1,7.333333333333334e-5,1.699673171197595e-5,0.16778523489932887,245.62962962962965
0_0_1_1_1_0_0_1_1_1_0_1_1_1_1_0_0_1_0_0_0_1_0_0_0_1_1_0_0_0_0_1_0_0_0_0_0_0_0_0_0_1_1_1_1_1,1,7.333333333333334e-5,2.4944382578492944e-5,0.16778523489932887,262.75
0_1_0_0_0_1_1_0_0_0_0_0_0_0_0_1_1_0_0_0_1_0_0_1_1_1_0_1_1_1_0_0_1_1_1_1_1_1_1_1_1_0_0_1_0_0,1,7.333333333333334e-5,1.699673171197595e-5,0.12080536912751678,264.2592592592593
0_1_1_1_1_0_0_1_1_1_0_1_1_1_1_0_0_1_0_0_1_0_0_0_1_0_1_1_1_0_0_1_1_1_1_1_1_1_1_1_1_0_0_1_1_1,1,7.333333333333334e-5,1.699673171197595e-5,0.12080536912751678,223.91666666666666
1_1_0_0_0_1_1_1_0_0_1_1_0_1_0_1_0_0_1_1_1_1_1_1_0_0_1_1_0_1_1_0_0_0_0_0_1_0_0_0_1_1_1_1_1_1,1,7.333333333333334e-5,1.699673171197595e-5,0.2348993288590604,238.9722222222222
0_1_0_0_0_1_1_0_0_0_0_0_0_0_0_1_1_0_0_0_0_0_0_1_1_1_0_0_1_0_0_0_1_1_1_1_0_1_1_1_1_0_0_1_0_0,1,7.333333333333334e-5,2.4944382578492944e-5,0.11409395973154363,236.25
1_0_1_1_1_0_0_1_1_1_1_1_1_1_1_0_0_1_1_0_0_1_1_0_0_0_1_0_0_1_1_1_0_0_0_0_0_0_0_0_0_1_1_1_1_1,1,7.333333333333334e-5,2.4944382578492944e-5,0.10738255033557047,251.58333333333334
1_1_1_1_1_0_0_1_1_1_1_1_1_1_1_0_0_1_0_0_1_1_0_0_0_0_0_1_0_0_1_1_0_0_0_0_1_0_0_0_1_1_1_0_1_1,1,7.333333333333334e-5,3.091206165165235e-5,0.12080536912751678,249.29629629629628
0_1_0_1_1_0_0_1_1_1_0_0_0_0_1_0_1_1_0_0_1_0_0_0_1_0_0_1_1_0_0_1_1_1_1_1_1_1_1_1_1_0_0_1_1_1,1,7.333333333333333e-5,3.681787005729087e-5,0.20134228187919462,228.05555555555554
0_1_1_1_1_0_0_1_1_1_0_1_1_1_1_0_1_1_0_1_0_0_0_0_1_0_0_0_1_1_0_1_1_1_1_1_1_1_1_1_1_0_0_0_0_0,1,7.333333333333333e-5,1.2472191289246475e-5,0.12751677852348994,230.37037037037035
0_1_1_1_1_0_0_1_1_1_0_1_1_1_1_0_1_1_0_0_0_0_0_0_1_0_0_0_1_0_0_1_1_1_1_1_1_1_1_1_1_0_0_0_0_0,1,7.333333333333333e-5,4.714045207910323e-6,0.12751677852348994,259.70238095238096
0_0_0_0_0_1_1_0_0_0_0_0_0_1_0_1_1_0_1_1_0_1_1_1_0_1_0_0_0_1_0_0_0_0_0_0_0_0_0_0_0_1_1_0_0_0,1,7.333333333333333e-5,2.0548046676563257e-5,0.12751677852348994,228.90476190476193
0_0_0_1_1_0_0_1_1_1_0_1_0_0_1_1_1_1_0_0_0_0_0_0_1_0_1_0_1_0_0_1_1_1_1_1_1_1_1_1_0_0_0_0_0_0,1,7.333333333333333e-5,1.699673171197595e-5,0.174496644295302,278.8425925925926
1_1_1_1_1_0_0_1_1_1_1_1_1_0_1_0_0_1_1_0_1_0_1_0_1_0_1_1_1_1_1_1_1_1_1_1_1_1_1_1_1_0_0_1_1_1,1,7.333333333333333e-5,2.0548046676563257e-5,0.14093959731543623,218.23809523809527
1_1_0_0_0_1_1_0_0_0_1_1_0_0_0_1_1_0_1_0_1_0_1_1_0_0_1_1_0_1_1_0_1_1_0_1_1_1_0_1_1_1_0_1_0_0,1,7.333333333333333e-5,1.2472191289246474e-5,0.26174496644295303,291.031746031746
0_1_1_1_1_0_0_1_1_1_0_1_1_1_1_0_0_1_0_1_1_1_0_0_0_0_1_1_0_1_0_1_0_0_0_0_1_0_0_0_1_1_1_1_1_1,1,7.333333333333333e-5,4.714045207910323e-6,0.11409395973154363,306.1904761904762
0_0_1_0_0_1_1_0_0_0_0_0_1_1_0_0_1_0_1_1_0_0_1_1_1_1_0_0_1_0_0_0_1_1_1_1_0_1_1_1_0_0_0_0_0_0,1,7.333333333333333e-5,3.299831645537222e-5,0.18120805369127516,243.44444444444446
0_0_0_0_0_1_1_0_0_0_0_1_0_0_0_1_1_0_0_0_0_0_0_1_1_1_1_0_1_1_0_0_1_1_1_1_1_1_1_1_0_0_0_0_0_0,1,7.333333333333333e-5,1.885618083164127e-5,0.1476510067114094,231.11111111111111
0_1_0_1_1_0_0_1_1_1_0_0_0_0_1_0_1_1_0_0_1_1_0_0_0_0_0_1_0_0_0_1_0_0_0_0_1_0_0_0_1_1_1_1_1_1,1,7.333333333333333e-5,2.4944382578492944e-5,0.19463087248322147,243.5
1_0_1_1_1_0_0_1_1_1_1_1_1_1_1_0_0_1_1_1_1_1_1_0_0_0_1_1_0_0_1_1_0_0_0_0_0_0_0_0_0_1_1_1_1_1,1,7.333333333333333e-5,2.0548046676563257e-5,0.12751677852348994,326.38095238095235
0_0_0_0_0_1_1_0_0_0_0_1_0_0_0_1_1_0_0_1_0_0_0_1_1_1_1_0_1_0_0_0_1_1_1_1_1_1_1_1_0_0_0_1_0_0,1,7.333333333333333e-5,1.2472191289246475e-5,0.1610738255033557,216.85185185185185
1_0_0_0_0_1_1_0_0_0_1_0_0_1_0_1_1_0_1_1_1_1_1_1_0_1_1_1_0_0_1_0_0_0_0_0_0_0_0_0_0_1_1_1_0_0,1,7.333333333333333e-5,9.428090415820637e-6,0.12080536912751678,253.19444444444446
0_1_0_0_0_1_1_0_0_0_0_0_0_0_0_1_1_0_0_1_1_1_0_1_0_0_0_1_0_0_0_0_0_0_0_0_1_0_0_0_1_1_1_1_0_0,1,7.333333333333333e-5,2.4944382578492944e-5,0.1610738255033557,226.41666666666666
0_0_1_1_1_0_0_1_1_1_0_1_1_0_1_0_0_1_0_0_0_1_0_0_0_0_1_0_0_0_0_1_0_0_0_0_0_0_0_0_0_1_1_1_1_1,1,7.333333333333333e-5,3.299831645537222e-5,0.14093959731543623,238.83333333333334
0_0_1_0_0_1_1_0_0_0_0_1_1_1_0_0_0_0_1_0_0_0_1_1_1_1_1_0_1_0_0_0_1_1_1_1_0_1_1_1_0_0_0_0_1_1,1,7.333333333333333e-5,1.2472191289246475e-5,0.16778523489932887,216.56084656084658
0_0_1_1_1_0_0_1_1_1_0_1_1_1_1_0_1_1_0_1_0_0_0_0_1_0_1_0_1_0_0_1_1_1_1_1_0_1_1_1_0_0_0_0_0_0,1,7.333333333333333e-5,1.699673171197595e-5,0.15436241610738255,230.8425925925926
0_0_0_0_0_1_1_0_0_0_0_0_0_1_0_1_1_0_0_1_0_0_0_1_1_1_0_0_1_0_0_0_1_1_1_1_0_1_1_1_0_0_0_1_0_0,1,7.333333333333333e-5,2.0548046676563257e-5,0.1476510067114094,218.23809523809527
1_1_1_1_1_0_0_1_1_1_1_1_1_1_1_0_0_1_0_0_1_1_0_0_0_0_1_1_0_1_1_1_0_0_0_0_1_0_0_0_1_1_1_0_1_1,1,7.333333333333333e-5,3.8586123009300757e-5,0.12080536912751678,216.26262626262624
1_0_0_0_0_1_1_0_0_0_1_0_0_0_0_1_1_0_1_0_0_0_1_1_1_1_1_0_1_1_1_0_1_1_1_1_0_1_1_1_0_0_0_0_0_0,1,7.333333333333333e-5,1.699673171197595e-5,0.11409395973154363,259.52777777777777
1_1_0_0_0_1_1_0_0_0_1_0_0_0_0_0_0_0_0_0_1_0_0_1_1_0_0_1_1_1_1_0_1_1_1_1_1_1_1_1_1_0_0_1_1_1,1,7.000000000000001e-5,4.0824829046386304e-5,0.16778523489932887,255.23809523809527
0_1_0_0_0_1_1_0_0_0_0_0_0_0_0_1_1_0_0_1_0_0_0_1_1_1_0_0_1_0_0_0_1_1_1_1_1_1_1_1_1_0_0_0_0_0,1,7.000000000000001e-5,1.4142135623730953e-5,0.12751677852348994,263.51851851851853
0_0_1_1_1_0_0_1_1_1_0_1_1_1_1_0_0_1_1_0_1_0_1_0_1_0_1_1_1_1_0_1_1_1_1_1_1_1_1_1_0_0_0_1_1_1,1,7.000000000000001e-5,2.8284271247461902e-5,0.12751677852348994,215.27272727272725
0_1_0_0_0_1_1_0_0_0_0_0_0_0_0_1_1_0_0_0_0_0_0_1_1_1_0_0_1_1_0_0_1_1_1_1_1_1_1_1_1_0_0_0_0_0,1,7.000000000000001e-5,1.4142135623730953e-5,0.12751677852348994,295.5555555555556
0_0_1_0_0_1_1_0_0_0_0_1_1_1_0_0_1_0_1_0_0_1_1_1_0_1_1_0_0_1_0_0_0_0_0_0_0_0_0_0_0_1_1_0_0_0,1,7.000000000000001e-5,1.6329931618554523e-5,0.18791946308724833,220.7301587301587
0_1_1_1_1_0_0_0_1_1_0_0_1_0_1_0_0_1_0_0_0_0_0_0_1_1_0_0_1_0_0_1_1_1_1_1_0_1_1_1_1_0_0_0_1_1,1,7.000000000000001e-5,2.8284271247461902e-5,0.19463087248322147,243.33333333333334
1_1_0_0_0_1_1_0_0_0_1_1_0_0_0_1_1_0_0_0_0_1_0_1_0_1_1_0_0_1_1_0_0_0_0_0_1_0_0_0_1_1_1_0_0_0,1,7.000000000000001e-5,2.1602468994692868e-5,0.1610738255033557,246.1111111111111
1_0_1_0_0_1_1_0_0_0_1_0_1_1_0_1_0_0_1_1_0_0_1_1_1_1_0_0_1_0_1_0_1_1_1_1_0_1_1_1_0_0_0_0_0_0,1,7.000000000000001e-5,8.164965809277262e-6,0.18791946308724833,220.85317460317458
1_1_0_0_0_1_1_0_0_0_1_0_0_1_0_0_0_0_1_1_1_0_1_1_1_1_0_1_1_1_1_0_1_1_1_1_1_1_1_1_1_0_0_1_1_1,1,7.000000000000001e-5,1.4142135623730953e-5,0.15436241610738255,275.7407407407408
1_0_0_0_0_1_1_0_0_0_1_0_0_0_0_1_1_0_1_0_1_0_1_1_0_1_0_1_0_1_1_0_1_1_1_1_0_1_0_1_0_1_0_1_0_0,1,7.000000000000001e-5,8.164965809277262e-6,0.174496644295302,254.80158730158732
0_1_1_0_0_1_1_0_0_0_0_0_0_1_0_1_1_0_0_1_1_1_0_1_0_1_0_1_0_0_0_0_0_0_0_0_0_0_0_0_1_1_1_1_0_0,1,7.000000000000001e-5,1.4142135623730953e-5,0.12751677852348994,236.85185185185185
0_0_1_0_0_1_1_0_0_0_0_1_1_1_0_0_1_0_1_1_0_1_1_1_0_1_1_0_0_0_0_0_0_0_0_0_0_0_0_0_0_1_1_0_0_0,1,7.000000000000001e-5,8.164965809277262e-6,0.18791946308724833,269.10714285714283
0_1_0_0_0_1_1_0_0_0_0_0_0_0_0_1_1_0_0_1_0_1_0_1_0_1_0_0_0_0_0_0_0_0_0_0_1_0_0_0_1_1_1_0_0_0,1,7.000000000000001e-5,1.4142135623730953e-5,0.1342281879194631,242.4074074074074
0_1_0_0_0_1_1_0_0_0_0_1_0_0_0_1_1_0_0_0_0_0_0_1_1_1_1_0_1_0_0_0_1_1_1_1_1_1_1_1_1_0_0_1_0_0,1,7.000000000000001e-5,8.164965809277262e-6,0.1476510067114094,220.91269841269843
0_1_1_1_1_0_0_1_1_1_0_1_1_0_1_1_1_1_0_0_0_0_0_0_1_0_0_0_1_1_0_1_1_1_1_1_1_1_1_1_1_0_0_0_0_0,1,7.000000000000001e-5,1.4142135623730953e-5,0.1342281879194631,244.58333333333334
0_1_0_1_1_0_0_1_1_1_0_1_1_0_1_0_0_1_0_0_0_1_0_0_0_0_0_0_0_1_0_1_0_0_0_0_1_0_0_0_1_1_1_0_1_1,1,7.000000000000001e-5,1.6329931618554523e-5,0.14093959731543623,245.026455026455
1_1_0_1_1_0_0_1_1_1_1_1_1_0_1_0_0_1_0_0_1_1_0_0_0_0_1_1_0_0_1_1_0_0_0_0_1_0_0_0_1_1_1_1_1_1,1,7.000000000000001e-5,8.164965809277262e-6,0.1342281879194631,198.82936507936506
0_1_1_1_1_0_0_1_1_1_0_1_1_0_1_1_1_1_0_0_1_0_0_0_1_0_0_1_1_1_0_1_1_1_1_1_1_1_1_1_1_0_0_0_0_0,1,7.000000000000001e-5,1.4142135623730953e-5,0.10067114093959731,212.58333333333334
0_0_0_0_0_1_1_0_0_0_0_1_0_0_0_1_1_0_0_0_0_1_0_1_0_1_1_0_0_1_0_0_0_0_0_0_1_0_0_0_0_1_1_0_0_0,1,7.000000000000001e-5,2.8284271247461902e-5,0.15436241610738255,227.27272727272725
1_0_1_1_1_0_0_0_1_1_1_0_1_0_1_0_0_1_1_0_0_1_1_0_0_1_0_0_0_1_1_1_0_0_0_0_0_0_0_0_0_1_1_1_1_1,1,7.000000000000001e-5,8.164965809277262e-6,0.18120805369127516,219.82142857142858
0_0_0_1_1_0_0_1_1_1_0_1_1_0_1_0_0_1_0_0_0_0_0_0_1_0_1_0_1_0_0_1_1_1_1_1_0_1_1_1_0_0_0_1_1_1,1,7.000000000000001e-5,2.1602468994692868e-5,0.1610738255033557,209.07407407407405
1_1_1_1_1_0_0_1_1_1_1_1_1_0_1_0_0_1_1_0_1_1_1_0_0_0_1_1_0_1_1_1_0_0_0_0_1_0_0_0_1_1_1_1_1_1,1,7.000000000000001e-5,8.164965809277262e-6,0.1342281879194631,241.66666666666666
0_1_1_1_1_0_0_1_1_1_0_1_1_1_1_0_1_1_0_1_0_0_0_0_1_0_1_0_1_1_0_1_1_1_1_1_1_1_1_1_1_0_0_0_0_0,1,7.000000000000001e-5,8.164965809277262e-6,0.12080536912751678,228.53174603174602
1_0_0_0_0_1_1_0_0_0_1_0_0_0_0_1_1_0_1_1_0_1_1_1_0_1_0_0_0_1_1_0_0_0_0_0_0_0_0_0_0_1_1_0_0_0,1,7.000000000000001e-5,8.164965809277262e-6,0.12080536912751678,222.06349206349205
1_1_1_0_0_1_1_0_0_0_1_0_0_1_0_1_1_0_1_1_1_1_1_1_0_1_0_1_0_1_1_0_0_0_0_0_1_0_0_0_1_1_1_1_0_0,1,7.0e-5,1.6329931618554523e-5,0.1610738255033557,217.64021164021165
1_0_1_1_1_0_0_0_1_1_1_0_1_0_1_1_1_1_1_0_1_1_1_0_0_1_0_1_0_0_1_1_0_0_0_0_0_0_0_0_0_1_1_0_0_0,1,7.0e-5,0.0,0.18120805369127516,200.0
1_0_1_1_1_0_0_1_1_1_1_0_1_1_1_1_0_1_1_1_0_1_1_0_0_1_0_0_0_0_1_1_0_0_0_0_0_0_0_0_0_1_1_0_0_0,1,7.0e-5,0.0,0.2080536912751678,228.57142857142858
0_1_0_0_0_1_1_1_0_0_0_1_0_1_0_1_1_0_0_1_1_1_0_1_0_0_1_1_0_1_0_0_0_0_0_0_1_0_0_0_1_1_1_1_0_0,1,6.666666666666668e-5,1.885618083164127e-5,0.19463087248322147,224.58333333333334
0_1_1_1_1_0_0_1_1_1_0_1_1_1_1_0_0_1_0_0_0_1_0_0_1_0_1_0_1_0_0_1_0_0_0_0_1_0_1_0_1_0_1_0_1_1,1,6.666666666666668e-5,1.885618083164127e-5,0.18120805369127516,240.83333333333334
1_0_1_1_1_0_0_1_1_1_1_0_1_1_1_0_0_1_1_0_0_0_1_0_1_1_0_0_1_0_1_1_1_1_1_1_0_1_1_1_0_0_0_1_1_1,1,6.666666666666667e-5,9.428090415820637e-6,0.16778523489932887,237.36111111111111
1_1_1_1_1_0_0_1_1_1_1_1_1_1_1_0_0_1_1_0_1_1_1_0_0_0_0_1_0_1_1_1_0_0_0_0_1_0_0_0_1_1_1_1_1_1,1,6.666666666666667e-5,2.4944382578492944e-5,0.12080536912751678,261.3333333333333
0_1_1_1_1_0_0_0_1_1_0_0_1_0_1_1_1_1_0_0_0_0_0_0_1_1_0_0_1_0_0_1_1_1_1_1_0_1_1_1_1_0_0_0_0_0,1,6.666666666666667e-5,1.699673171197595e-5,0.2080536912751678,273.7037037037037
1_0_1_1_1_0_0_1_1_1_1_0_1_1_1_0_0_1_1_0_1_1_1_0_0_0_0_1_0_1_1_1_0_0_0_0_0_0_0_0_0_1_1_1_1_1,1,6.666666666666667e-5,1.2472191289246472e-5,0.14093959731543623,203.08333333333334
1_0_1_1_1_0_0_1_1_1_1_1_1_1_1_0_0_1_1_0_0_1_1_0_0_1_1_0_0_1_1_1_0_0_0_0_0_0_0_0_0_1_1_1_1_1,1,6.666666666666667e-5,1.2472191289246472e-5,0.15436241610738255,225.48809523809527
0_0_0_0_0_1_1_0_0_0_0_1_0_0_0_1_1_0_0_1_0_1_0_1_0_1_1_0_0_0_0_0_0_0_0_0_1_0_0_0_0_1_1_1_0_0,1,6.666666666666667e-5,1.2472191289246472e-5,0.15436241610738255,241.51190476190473
1_1_0_0_0_1_1_0_0_0_1_1_0_0_0_1_0_0_0_1_1_1_0_1_0_0_1_1_0_1_1_0_0_0_0_0_1_0_0_0_1_1_1_1_1_1,1,6.666666666666667e-5,1.699673171197595e-5,0.20134228187919462,199.96296296296296
1_1_1_1_1_0_0_1_1_1_1_1_1_1_1_0_0_1_1_0_1_0_1_0_1_0_0_1_1_1_1_1_1_1_1_1_1_1_1_1_1_0_0_1_1_1,1,6.666666666666667e-5,1.2472191289246472e-5,0.12751677852348994,252.75
0_0_1_0_0_1_1_0_0_0_0_1_1_1_0_1_1_0_0_0_0_1_0_1_0_1_1_0_0_0_0_0_0_0_0_0_0_0_0_0_0_1_1_0_0_0,1,6.666666666666667e-5,9.428090415820637e-6,0.18120805369127516,234.72222222222226
0_1_1_1_1_0_0_1_1_1_0_0_1_0_1_1_1_1_0_0_1_0_0_0_1_0_0_1_1_0_0_1_1_1_1_1_0_1_1_1_1_0_0_0_0_0,1,6.666666666666667e-5,3.299831645537222e-5,0.1342281879194631,224.44444444444446
1_0_1_1_1_0_0_1_1_1_1_0_1_1_1_0_0_1_1_0_0_1_1_0_0_1_0_0_0_0_1_1_0_0_0_0_0_0_0_0_0_1_1_0_1_1,1,6.666666666666667e-5,2.3570226039551588e-5,0.174496644295302,255.66666666666666
0_0_1_1_1_0_0_0_1_1_0_0_1_0_1_0_1_1_0_0_0_1_0_0_0_1_0_0_0_0_0_1_0_0_0_0_0_0_0_0_0_1_1_0_0_0,1,6.666666666666667e-5,1.699673171197595e-5,0.22818791946308725,231.85185185185185
1_0_1_1_1_0_0_1_1_1_1_1_1_1_1_0_0_1_1_1_1_1_1_0_0_0_1_1_0_1_1_1_0_0_0_0_0_0_0_0_0_1_1_0_1_1,1,6.666666666666667e-5,9.428090415820637e-6,0.1342281879194631,286.52777777777777
1_1_0_0_0_1_1_0_0_0_1_0_0_0_0_1_1_0_1_1_0_0_1_1_1_1_0_0_1_1_1_0_1_1_1_1_1_1_1_1_1_0_0_0_0_0,1,6.666666666666667e-5,2.3570226039551588e-5,0.15436241610738255,290.3333333333333
0_0_0_0_0_1_1_0_0_0_0_1_0_0_0_1_1_0_1_0_0_1_1_1_0_1_1_0_0_1_0_0_0_0_0_0_1_0_0_0_0_1_1_1_0_0,1,6.666666666666667e-5,1.2472191289246472e-5,0.1476510067114094,223.02380952380952
1_0_0_0_0_1_1_0_0_0_1_0_0_0_0_1_1_0_1_0_1_0_1_1_0_1_0_1_0_1_1_0_1_1_0_1_0_1_0_1_0_1_0_1_0_0,1,6.666666666666667e-5,1.2472191289246472e-5,0.174496644295302,266.7142857142857
0_0_0_1_1_0_0_1_1_1_0_1_0_0_1_1_1_1_1_0_0_1_1_0_0_0_1_0_0_1_0_1_0_0_0_0_1_0_0_0_0_1_1_0_0_0,1,6.666666666666667e-5,1.2472191289246472e-5,0.18120805369127516,316.0238095238095
1_1_0_1_1_0_0_1_1_1_1_0_0_0_1_0_0_1_0_1_1_0_0_0_1_0_0_1_1_1_1_1_1_1_1_1_1_1_1_1_1_0_0_1_1_1,1,6.666666666666667e-5,2.3570226039551588e-5,0.174496644295302,270.0
1_1_1_1_1_0_0_0_1_1_1_0_1_0_1_1_1_1_1_0_1_1_1_0_0_1_0_1_0_1_1_1_0_0_0_0_0_0_0_0_1_1_1_0_0_0,1,6.666666666666667e-5,9.428090415820637e-6,0.18120805369127516,229.58333333333331
1_1_0_0_0_1_1_0_0_0_1_0_0_0_0_1_1_0_0_1_1_1_0_1_0_0_0_1_0_1_1_0_0_0_0_0_1_0_0_0_1_1_1_0_0_0,1,6.666666666666667e-5,1.699673171197595e-5,0.16778523489932887,209.44444444444446
0_0_1_1_1_0_0_1_1_1_0_1_1_0_1_0_1_1_1_0_0_1_1_0_0_0_1_0_0_1_0_1_0_0_0_0_0_0_0_0_0_1_1_0_0_0,1,6.666666666666667e-5,1.699673171197595e-5,0.1610738255033557,209.74074074074073
1_0_0_0_0_1_1_0_0_0_1_0_0_0_0_1_0_0_1_1_1_1_1_1_0_1_0_1_0_0_1_0_0_0_0_0_0_0_0_0_0_1_1_1_1_1,1,6.666666666666667e-5,1.2472191289246472e-5,0.12751677852348994,269.51190476190476
0_0_1_1_1_0_0_0_1_1_0_0_1_0_1_0_0_1_1_0_0_1_1_0_0_1_0_0_0_0_0_1_0_0_0_0_0_0_0_0_0_1_1_0_1_1,1,6.666666666666667e-5,2.624669291337271e-5,0.20134228187919462,252.12962962962965
0_0_1_1_1_0_0_1_1_1_0_1_1_1_1_0_1_1_0_1_0_1_0_0_0_1_1_0_0_0_0_1_0_0_0_0_0_0_0_0_0_1_1_0_0_0,1,6.666666666666666e-5,4.714045207910313e-6,0.19463087248322147,204.36507936507937
0_1_0_1_1_0_0_1_1_1_0_1_1_0_1_1_1_1_0_0_0_0_0_0_1_0_1_0_1_1_0_1_1_1_1_1_1_1_1_1_1_0_0_0_0_0,1,6.666666666666666e-5,1.2472191289246472e-5,0.14093959731543623,307.0595238095238
0_1_1_1_1_0_0_1_1_1_0_0_1_1_1_1_1_1_0_0_1_0_0_0_1_1_0_1_1_0_0_1_1_1_1_1_0_1_1_1_1_0_0_0_0_0,1,6.666666666666666e-5,2.0548046676563257e-5,0.1610738255033557,219.44444444444446
0_0_0_1_1_0_0_1_1_1_0_1_1_0_1_0_0_1_0_0_0_0_0_0_1_0_1_0_1_0_0_1_1_1_1_1_0_1_1_1_0_0_0_0_1_1,1,6.666666666666666e-5,4.714045207910313e-6,0.1610738255033557,239.52380952380952
1_1_0_0_0_1_1_0_0_0_1_0_0_0_0_1_1_0_1_1_1_0_1_1_1_0_0_1_1_1_1_0_1_1_1_1_1_1_1_1_1_0_0_0_0_0,1,6.666666666666666e-5,2.0548046676563257e-5,0.16778523489932887,211.494708994709
0_0_0_0_0_1_1_0_0_0_0_1_0_0_0_1_1_0_1_1_0_0_1_1_1_1_1_0_1_1_0_0_1_1_1_1_1_1_1_1_0_0_0_0_0_0,1,6.666666666666666e-5,4.714045207910313e-6,0.1476510067114094,203.96825396825398
0_0_0_1_1_0_0_1_1_1_0_1_0_0_1_1_1_1_1_0_0_0_1_0_1_0_1_0_1_1_0_1_1_1_1_1_1_1_1_1_0_0_0_0_0_0,1,6.666666666666666e-5,4.714045207910313e-6,0.174496644295302,341.3492063492063
1_1_0_0_0_1_1_0_0_0_1_1_0_0_0_1_1_0_0_0_1_0_0_1_0_0_1_1_0_0_1_0_1_1_1_1_1_1_0_1_1_1_0_1_0_0,1,6.666666666666666e-5,2.0548046676563257e-5,0.2483221476510067,293.46560846560845
1_0_1_1_1_0_0_1_1_1_1_0_1_1_1_0_0_1_1_0_1_1_1_0_0_0_0_1_0_1_1_1_0_0_0_0_0_0_0_0_0_1_1_0_1_1,1,6.666666666666666e-5,2.0548046676563257e-5,0.15436241610738255,183.9814814814815
1_1_0_1_1_0_0_1_1_1_1_0_0_0_1_1_0_1_1_0_1_0_1_0_1_0_0_1_1_1_1_1_1_1_1_1_1_1_1_1_1_0_0_1_1_1,1,6.666666666666666e-5,1.2472191289246472e-5,0.19463087248322147,253.94047619047618
0_0_0_0_0_1_1_0_0_0_0_0_0_0_0_1_1_0_1_1_0_0_1_1_1_1_0_0_1_0_0_0_1_1_1_1_0_1_1_1_0_0_0_1_0_0,1,6.333333333333333e-5,1.699673171197595e-5,0.12080536912751678,216.13095238095238
1_1_1_0_0_1_1_0_0_0_1_0_0_1_0_1_1_0_1_1_1_0_1_1_1_1_0_1_1_1_1_0_1_1_1_1_1_1_1_1_1_0_0_1_0_0,1,6.333333333333333e-5,1.2472191289246474e-5,0.16778523489932887,211.36111111111111
1_1_1_0_0_1_1_0_0_0_1_0_1_1_0_0_0_0_0_1_1_1_0_1_0_1_0_1_0_0_1_0_0_0_0_0_0_0_0_0_1_1_1_1_1_1,1,6.333333333333333e-5,1.2472191289246474e-5,0.174496644295302,280.0833333333333
1_1_0_1_1_0_0_1_1_1_1_1_0_0_1_1_0_1_0_1_1_0_0_0_1_0_1_1_1_1_1_1_1_1_1_1_1_1_1_1_1_0_0_1_1_1,1,6.333333333333333e-5,1.2472191289246474e-5,0.18120805369127516,243.47222222222226
1_1_0_0_0_1_1_0_0_0_1_1_0_0_0_1_1_0_0_0_0_0_0_1_1_0_1_0_1_0_1_0_1_1_1_1_1_1_1_1_1_0_0_0_0_0,1,6.333333333333333e-5,1.699673171197595e-5,0.19463087248322147,247.44047619047618
0_0_1_1_1_0_0_0_1_1_0_0_1_0_1_0_1_1_0_0_0_0_0_0_1_1_0_0_1_0_0_1_1_1_1_1_0_1_1_1_0_0_0_0_0_0,1,6.333333333333333e-5,1.699673171197595e-5,0.2348993288590604,233.92857142857142
0_0_1_0_0_1_1_0_0_0_0_0_0_1_0_1_1_0_1_1_0_1_1_1_0_1_0_0_0_1_0_0_0_0_0_0_0_0_0_0_0_1_1_1_0_0,1,6.333333333333333e-5,1.699673171197595e-5,0.14093959731543623,226.48809523809527
1_0_1_0_0_1_1_0_0_0_1_0_1_1_0_0_0_0_1_1_1_1_1_1_0_1_0_1_0_0_1_0_0_0_0_0_0_0_0_0_0_1_1_1_1_1,1,6.333333333333333e-5,1.885618083164127e-5,0.174496644295302,299.6296296296296
1_0_1_1_1_0_0_1_1_1_1_1_1_1_1_1_0_1_1_1_0_0_1_0_1_0_1_0_1_1_1_1_1_1_1_1_0_1_1_1_0_0_0_0_0_0,1,6.333333333333333e-5,2.867441755680876e-5,0.1476510067114094,196.11111111111111
1_1_0_1_1_0_0_1_1_1_1_0_1_0_1_1_1_1_1_0_1_0_1_0_1_0_0_1_1_0_1_1_1_1_1_1_0_1_1_1_1_0_0_0_0_0,1,6.333333333333333e-5,9.42809041582063e-6,0.15436241610738255,210.85714285714286
1_1_0_0_0_1_1_0_0_0_1_0_0_1_0_1_1_0_1_1_1_1_1_1_0_1_0_1_0_1_1_0_0_0_0_0_1_0_0_0_1_1_1_0_0_0,1,6.333333333333333e-5,9.42809041582063e-6,0.1476510067114094,234.0
0_1_0_0_0_1_1_0_0_0_0_0_0_0_0_1_1_0_0_0_1_1_0_1_0_1_0_1_0_1_0_0_0_0_0_0_1_0_0_0_1_1_1_0_0_0,1,6.333333333333333e-5,1.2472191289246474e-5,0.11409395973154363,284.27777777777777
0_0_1_1_1_0_0_1_1_1_0_1_1_1_1_0_1_1_0_0_0_1_0_0_0_0_1_0_0_1_0_1_0_0_0_0_1_0_0_0_0_1_1_0_0_0,1,6.333333333333333e-5,2.867441755680876e-5,0.12751677852348994,235.66666666666666
1_0_1_0_0_1_1_0_0_0_1_0_1_1_0_0_0_0_1_0_0_1_1_1_0_1_0_0_0_0_1_0_0_0_0_0_0_0_0_0_0_1_1_0_1_1,1,6.333333333333333e-5,1.2472191289246474e-5,0.1610738255033557,232.83333333333334
0_1_1_1_1_0_0_1_1_1_0_1_1_1_1_0_0_1_0_1_1_0_0_0_1_0_0_1_1_0_0_1_1_1_1_1_1_1_1_1_1_0_0_1_1_1,1,6.333333333333333e-5,4.714045207910313e-6,0.12080536912751678,239.84126984126985
0_0_1_1_1_0_0_0_1_1_0_0_1_0_1_1_1_1_1_0_0_0_1_0_1_1_0_0_1_0_0_1_1_1_1_1_0_1_1_1_0_0_0_0_0_0,1,6.333333333333333e-5,1.699673171197595e-5,0.2080536912751678,215.23809523809527
1_0_0_0_0_1_1_0_0_0_1_0_0_0_0_1_0_0_1_0_1_1_1_1_0_1_0_1_0_0_1_0_0_0_0_0_0_0_0_0_0_1_1_1_1_1,1,6.333333333333333e-5,1.2472191289246474e-5,0.12080536912751678,218.05555555555554
0_0_1_1_1_0_0_1_1_1_0_1_1_0_1_0_0_1_0_0_0_0_0_0_1_0_1_0_1_0_0_1_1_1_1_1_0_1_1_1_0_0_0_0_1_1,1,6.333333333333333e-5,2.0548046676563257e-5,0.1476510067114094,223.9814814814815
0_1_0_0_0_1_1_1_0_0_0_1_0_1_0_1_1_0_0_1_1_0_0_1_1_0_1_1_1_0_0_0_1_1_1_1_1_1_1_1_1_0_0_1_0_0,1,6.333333333333333e-5,1.2472191289246474e-5,0.19463087248322147,216.1388888888889
0_1_1_1_1_0_0_1_1_1_0_1_1_1_1_0_0_1_0_1_1_1_0_0_0_0_0_1_0_0_0_1_0_0_0_0_1_0_0_0_1_1_1_1_1_1,1,6.333333333333333e-5,1.2472191289246474e-5,0.11409395973154363,232.61111111111111
1_1_1_1_1_0_0_1_1_1_1_1_1_1_1_0_0_1_0_0_1_1_0_0_0_0_1_1_0_1_1_1_0_0_0_0_1_0_0_0_1_1_1_1_1_1,1,6.333333333333333e-5,5.436502143433363e-5,0.10738255033557047,182.7777777777778
1_1_0_1_1_0_0_1_1_1_1_1_0_0_1_1_0_1_1_1_1_0_1_0_1_0_1_1_1_1_1_1_1_1_1_1_1_1_1_1_1_0_0_1_1_1,1,6.333333333333333e-5,3.091206165165235e-5,0.18791946308724833,239.49074074074073
0_1_0_0_0_1_1_0_0_0_0_0_0_0_0_1_1_0_0_0_1_0_0_1_1_0_0_1_1_0_0_0_1_1_1_1_1_1_1_1_1_0_0_1_0_0,1,6.333333333333333e-5,1.2472191289246474e-5,0.1610738255033557,220.7222222222222
0_0_1_1_1_0_0_1_1_1_0_1_1_1_1_0_1_1_1_1_0_1_1_0_0_1_1_0_0_1_0_1_0_0_0_0_0_0_0_0_0_1_1_0_0_0,1,6.333333333333333e-5,2.0548046676563257e-5,0.18120805369127516,217.5
1_1_0_0_0_1_1_0_0_0_1_0_0_1_0_1_1_0_1_1_1_0_1_1_1_1_0_1_1_1_1_0_1_1_1_1_1_1_1_1_1_0_0_1_0_0,1,6.333333333333333e-5,2.867441755680876e-5,0.15436241610738255,251.77777777777774
0_0_1_1_1_0_0_1_1_1_0_1_1_0_1_0_1_1_0_0_0_1_0_0_0_0_1_0_0_0_0_1_0_0_0_0_1_0_0_0_0_1_1_0_0_0,1,6.333333333333333e-5,2.0548046676563257e-5,0.14093959731543623,225.46296296296296
1_1_0_0_0_1_1_1_0_0_1_1_0_1_0_1_1_0_0_1_1_1_0_1_0_0_1_1_0_1_1_0_0_0_0_0_1_0_0_0_1_1_1_0_0_0,1,6.333333333333333e-5,1.699673171197595e-5,0.19463087248322147,258.39285714285717
0_0_0_0_0_1_1_0_0_0_0_0_0_1_0_1_1_0_0_1_0_0_0_1_1_1_0_0_1_0_0_0_1_1_1_1_0_1_1_1_0_0_0_0_0_0,1,6.333333333333333e-5,1.2472191289246474e-5,0.1342281879194631,189.30555555555554
0_0_1_1_1_0_0_1_1_1_0_1_1_0_1_1_1_1_0_0_0_1_0_0_0_0_1_0_0_0_0_1_0_0_0_0_0_0_0_0_0_1_1_0_0_0,1,6.0e-5,3.7416573867739416e-5,0.15436241610738255,273.4848484848485
1_1_0_0_0_1_1_0_0_0_1_0_0_0_0_1_0_0_1_1_1_0_1_1_1_1_0_1_1_0_1_0_1_1_1_1_0_1_1_1_1_0_0_1_1_1,1,6.0e-5,2.4494897427831785e-5,0.12751677852348994,255.74074074074073
0_0_1_0_0_1_1_0_0_0_0_1_1_1_0_1_1_0_0_0_0_0_0_1_1_1_1_0_1_0_0_0_1_1_1_1_0_1_1_1_0_0_0_0_0_0,1,6.0e-5,2.1602468994692868e-5,0.18791946308724833,188.33333333333334
1_0_1_1_1_0_0_1_1_1_1_1_1_1_1_1_0_1_1_0_0_0_1_0_1_0_1_0_1_1_1_1_1_1_1_1_0_1_1_1_0_0_0_0_0_0,1,6.0e-5,1.6329931618554523e-5,0.15436241610738255,180.83333333333334
1_1_0_0_0_1_1_0_0_0_1_0_0_0_0_0_0_0_0_0_1_1_0_1_0_0_0_1_0_1_1_0_0_0_0_0_1_0_0_0_1_1_1_1_1_1,1,6.0e-5,1.4142135623730953e-5,0.174496644295302,237.75
0_1_0_1_1_0_0_1_1_1_0_1_0_0_1_1_1_1_0_1_1_0_0_0_1_0_1_1_1_1_0_1_1_1_1_1_1_1_1_1_1_0_0_1_0_0,1,6.0e-5,2.1602468994692868e-5,0.1610738255033557,259.48148148148147
0_0_1_0_0_1_1_0_0_0_0_1_0_1_0_0_0_0_0_1_0_1_0_1_0_1_1_0_0_1_0_0_0_0_0_0_1_0_0_0_0_1_1_1_1_1,1,6.0e-5,0.0,0.15436241610738255,232.2222222222222
1_0_1_1_1_0_0_1_1_1_1_1_1_1_1_0_0_1_1_1_0_0_1_0_1_1_1_0_1_0_1_1_1_1_1_1_0_1_1_1_0_0_0_1_1_1,1,6.0e-5,1.6329931618554523e-5,0.1610738255033557,238.47222222222226
1_1_1_1_1_0_0_1_1_1_1_0_1_1_1_0_0_1_1_0_1_0_1_0_1_0_0_1_1_1_1_1_1_1_1_1_0_1_1_1_1_0_0_0_1_1,1,6.0e-5,0.0,0.15436241610738255,224.44444444444446
1_1_0_0_0_1_1_1_0_0_1_1_0_1_0_1_0_0_1_1_1_0_1_1_1_0_1_1_1_1_1_0_1_1_1_1_1_1_1_1_1_0_0_1_1_1,1,6.0e-5,2.8284271247461902e-5,0.22818791946308725,261.8333333333333
1_1_0_1_1_0_0_1_1_1_1_0_0_0_1_1_0_1_0_1_1_0_0_0_1_0_0_1_1_0_1_1_1_1_1_1_1_1_1_1_1_0_0_1_1_1,1,6.0e-5,1.6329931618554523e-5,0.18791946308724833,231.94444444444446
1_1_0_0_0_1_1_0_0_0_1_0_0_0_0_1_1_0_1_1_1_1_1_1_0_0_0_1_0_1_1_0_0_0_0_0_1_0_0_0_1_1_1_1_0_0,1,6.0e-5,2.1602468994692868e-5,0.174496644295302,208.92592592592595
0_0_1_0_0_1_1_0_0_0_0_0_1_1_0_0_1_0_1_0_0_1_1_1_0_1_0_0_0_0_0_0_0_0_0_0_0_0_0_0_0_1_1_0_0_0,1,6.0e-5,1.4142135623730953e-5,0.18120805369127516,198.0
1_1_1_0_0_1_1_0_0_0_1_0_0_1_0_1_1_0_1_1_1_0_1_1_1_1_0_1_1_0_1_0_1_1_1_1_0_1_1_1_1_0_0_1_0_0,1,6.0e-5,1.6329931618554523e-5,0.14093959731543623,208.88888888888889
0_1_0_0_0_1_1_0_0_0_0_0_0_0_0_1_1_0_0_0_1_1_0_1_0_0_0_1_0_1_0_0_0_0_0_0_1_0_0_0_1_1_1_1_0_0,1,6.0e-5,1.6329931618554523e-5,0.1610738255033557,236.66666666666666
0_0_0_0_0_1_1_0_0_0_0_0_0_0_0_1_1_0_0_0_0_0_0_1_1_1_1_0_1_0_0_0_1_1_1_1_0_1_1_1_0_0_0_1_0_0,1,6.0e-5,1.6329931618554523e-5,0.12751677852348994,232.22222222222226
1_0_1_1_1_0_0_1_1_1_1_1_1_0_1_0_0_1_1_0_0_0_1_0_1_0_1_0_1_1_1_1_1_1_1_1_1_1_1_1_0_0_0_0_1_1,1,6.0e-5,1.6329931618554523e-5,0.11409395973154363,211.80555555555554
1_1_0_1_1_0_0_1_1_1_1_0_0_0_1_1_1_1_1_1_1_1_1_0_0_0_0_1_0_1_1_1_0_0_0_0_1_0_0_0_1_1_1_1_0_0,1,6.0e-5,3.265986323710904e-5,0.174496644295302,218.88888888888889
1_0_1_0_0_1_1_0_0_0_1_0_1_1_0_0_0_0_1_0_0_1_1_1_0_1_0_0_0_0_1_0_0_0_0_0_0_0_0_0_0_1_1_1_1_1,1,6.0e-5,1.4142135623730953e-5,0.1476510067114094,212.08333333333334
1_1_0_0_0_1_1_0_0_0_1_0_0_0_0_1_0_0_1_1_1_1_1_1_0_1_0_1_0_0_1_0_0_0_0_0_0_0_0_0_1_1_1_1_1_1,1,6.0e-5,1.6329931618554523e-5,0.1342281879194631,225.41666666666666
0_0_1_0_0_1_1_0_0_0_0_1_1_1_0_0_1_0_1_1_0_0_1_1_1_1_1_0_1_0_0_0_1_1_1_1_0_1_1_1_0_0_0_0_0_0,1,6.0e-5,3.7416573867739416e-5,0.19463087248322147,257.42424242424244
1_0_1_0_0_1_1_0_0_0_1_0_0_1_0_1_0_0_1_1_1_0_1_1_1_1_0_1_1_1_1_0_1_1_1_1_0_1_1_1_0_0_0_1_1_1,1,5.9999999999999995e-5,2.1602468994692868e-5,0.1476510067114094,236.80555555555554
1_1_1_0_0_1_1_0_0_0_1_0_0_1_0_0_0_0_1_1_1_1_1_1_0_1_0_1_0_1_1_0_0_0_0_0_1_0_0_0_1_1_1_1_1_1,1,5.9999999999999995e-5,8.164965809277256e-6,0.174496644295302,246.52380952380952
0_0_1_1_1_0_0_1_1_1_0_1_1_0_1_0_1_1_1_0_0_1_1_0_0_0_1_0_0_1_0_1_0_0_0_0_1_0_0_0_0_1_1_0_0_0,1,5.9999999999999995e-5,8.164965809277256e-6,0.14093959731543623,200.17460317460316
1_1_0_1_1_0_0_1_1_1_1_0_1_0_1_1_1_1_1_0_1_1_1_0_0_0_0_1_0_0_1_1_0_0_0_0_0_0_0_0_1_1_1_0_0_0,1,5.9999999999999995e-5,8.164965809277256e-6,0.1476510067114094,205.46031746031747
0_0_1_0_0_1_1_0_0_0_0_1_1_1_0_0_0_0_0_0_0_0_0_1_1_1_1_0_1_0_0_0_1_1_1_1_0_1_1_1_0_0_0_0_1_1,1,5.9999999999999995e-5,8.164965809277256e-6,0.174496644295302,232.90476190476193
1_1_0_1_1_0_0_1_1_1_1_1_0_0_1_1_1_1_1_0_0_0_1_0_1_0_1_0_1_1_1_1_1_1_1_1_1_1_1_1_1_0_0_0_0_0,1,5.9999999999999995e-5,8.164965809277256e-6,0.19463087248322147,254.17460317460316
1_0_1_0_0_1_1_0_0_0_1_0_0_1_0_0_0_0_1_1_1_1_1_1_0_1_1_1_0_0_1_0_0_0_0_0_0_0_0_0_0_1_1_1_1_1,1,5.9999999999999995e-5,8.164965809277256e-6,0.1476510067114094,259.8888888888889
1_0_1_1_1_0_0_1_1_1_1_1_1_1_1_0_0_1_1_1_0_0_1_0_1_1_1_0_1_0_1_1_1_1_1_1_0_1_1_1_0_0_0_0_1_1,1,5.9999999999999995e-5,1.4142135623730946e-5,0.1610738255033557,257.9761904761905
1_1_1_1_1_0_0_0_1_1_1_0_1_0_1_1_1_1_1_0_1_0_1_0_1_1_0_1_1_1_1_1_1_1_1_1_0_1_1_1_1_0_0_0_0_0,1,5.9999999999999995e-5,2.943920288775949e-5,0.18791946308724833,216.16402116402116
1_1_0_1_1_0_0_1_1_1_1_0_0_0_1_0_0_1_0_1_1_1_0_0_0_0_0_1_0_1_1_1_0_0_0_0_1_0_0_0_1_1_1_1_1_1,1,5.9999999999999995e-5,1.4142135623730946e-5,0.18120805369127516,248.69047619047618
0_0_1_1_1_0_0_1_1_1_0_1_1_1_1_0_0_1_1_0_0_0_1_0_1_1_1_0_1_0_0_1_1_1_1_1_0_1_1_1_0_0_0_1_1_1,1,5.9999999999999995e-5,8.164965809277256e-6,0.16778523489932887,206.015873015873
1_1_1_1_1_0_0_1_1_1_1_1_1_1_1_0_0_1_1_0_1_0_1_0_1_0_0_1_1_1_1_1_1_1_1_1_1_1_1_1_1_0_0_0_1_1,1,5.9999999999999995e-5,2.943920288775949e-5,0.12751677852348994,239.78835978835977
1_1_0_1_1_0_0_1_1_1_1_0_0_0_1_1_1_1_1_1_1_1_1_0_0_0_0_1_0_1_1_1_0_0_0_0_1_0_0_0_1_1_1_0_0_0,1,5.9999999999999995e-5,1.4142135623730946e-5,0.174496644295302,237.85714285714286
1_0_0_0_0_1_1_0_0_0_1_0_0_0_0_1_0_0_1_1_1_0_1_1_1_1_1_1_1_1_1_0_1_1_1_1_0_1_1_1_0_0_0_1_1_1,1,5.9999999999999995e-5,1.4142135623730946e-5,0.12080536912751678,265.95238095238096
1_0_1_0_0_1_1_0_0_0_1_1_0_1_0_0_0_0_1_1_0_1_1_1_0_1_1_0_0_1_1_0_0_0_0_0_1_0_0_0_0_1_1_1_1_1,1,5.9999999999999995e-5,8.164965809277256e-6,0.1476510067114094,208.2698412698413
1_0_1_1_1_0_0_1_1_1_1_1_1_1_1_0_0_1_1_1_0_1_1_0_0_1_1_0_0_1_1_1_0_0_0_0_0_0_0_0_0_1_1_0_1_1,1,5.9999999999999995e-5,8.164965809277256e-6,0.1610738255033557,221.3968253968254
0_1_0_0_0_1_1_0_0_0_0_0_0_1_0_1_1_0_0_1_1_1_0_1_0_1_0_1_0_0_0_0_0_0_0_0_0_0_0_0_1_1_1_1_0_0,1,5.9999999999999995e-5,8.164965809277256e-6,0.11409395973154363,233.2222222222222
0_0_1_0_0_1_1_0_0_0_0_1_1_1_0_1_1_0_1_0_0_0_1_1_1_1_1_0_1_0_0_0_1_1_1_1_0_1_1_1_0_0_0_0_0_0,1,5.9999999999999995e-5,8.164965809277256e-6,0.18120805369127516,265.5555555555556
1_0_0_0_0_1_1_0_0_0_1_1_0_0_0_0_0_0_1_1_0_0_1_1_1_0_1_0_1_1_1_0_1_1_1_1_1_1_1_1_0_0_0_1_1_1,1,5.9999999999999995e-5,8.164965809277256e-6,0.15436241610738255,187.87301587301587
1_0_1_1_1_0_0_1_1_1_1_1_1_1_1_0_0_1_1_1_0_1_1_0_0_1_1_0_0_0_1_1_0_0_0_0_0_0_0_0_0_1_1_1_1_1,1,5.9999999999999995e-5,8.164965809277256e-6,0.15436241610738255,226.53968253968253
1_0_1_1_1_0_0_0_1_1_1_0_1_0_1_0_0_1_1_0_0_0_1_0_1_1_0_0_1_1_1_1_1_1_1_1_0_1_1_1_0_0_0_1_1_1,1,5.9999999999999995e-5,1.4142135623730946e-5,0.18791946308724833,235.7142857142857
1_0_0_0_0_1_1_0_0_0_1_1_0_0_0_1_0_0_1_0_1_0_1_1_1_0_1_1_1_1_1_0_1_1_1_1_1_1_1_1_0_0_0_1_1_1,1,5.9999999999999995e-5,2.1602468994692868e-5,0.18791946308724833,240.9920634920635
0_0_1_1_1_0_0_1_1_1_0_1_1_0_1_0_0_1_0_0_0_1_0_0_0_0_1_0_0_0_0_1_0_0_0_0_0_0_0_0_0_1_1_0_1_1,1,5.9999999999999995e-5,8.164965809277256e-6,0.15436241610738255,226.5079365079365
0_1_0_1_1_0_0_1_1_1_0_0_0_0_1_1_1_1_0_0_1_0_0_0_1_0_0_1_1_1_0_1_1_1_1_1_1_1_1_1_1_0_0_1_0_0,1,5.9999999999999995e-5,2.1602468994692868e-5,0.16778523489932887,240.59523809523807
1_0_1_1_1_0_0_1_1_1_1_1_1_1_1_0_0_1_1_1_1_0_1_0_1_0_1_1_1_1_1_1_1_1_1_1_1_1_1_1_0_0_0_0_1_1,1,5.9999999999999995e-5,2.1602468994692868e-5,0.10738255033557047,182.6388888888889
1_1_0_1_1_0_0_1_1_1_1_0_0_0_1_1_0_1_0_1_1_1_0_0_0_0_0_1_0_0_1_1_0_0_0_0_1_0_0_0_1_1_1_1_1_1,1,5.666666666666667e-5,2.4944382578492944e-5,0.19463087248322147,198.5185185185185
0_0_1_1_1_0_0_1_1_1_0_1_1_1_1_1_1_1_1_1_0_0_1_0_1_1_1_0_1_0_0_1_1_1_1_1_0_1_1_1_0_0_0_0_0_0,1,5.666666666666667e-5,4.714045207910317e-6,0.174496644295302,273.8888888888889
0_1_0_0_0_1_1_0_0_0_0_0_0_0_0_1_1_0_0_1_1_1_0_1_0_1_0_1_0_1_0_0_0_0_0_0_1_0_0_0_1_1_1_1_0_0,1,5.666666666666667e-5,4.714045207910317e-6,0.12080536912751678,252.55555555555557
1_1_0_1_1_0_0_1_1_1_1_1_0_0_1_1_1_1_1_0_0_1_1_0_0_0_1_0_0_1_1_1_0_0_0_0_1_0_0_0_1_1_1_0_0_0,1,5.666666666666667e-5,1.2472191289246467e-5,0.20134228187919462,273.45238095238096
1_1_0_1_1_0_0_1_1_1_1_1_1_0_1_0_0_1_0_0_1_1_0_0_0_0_1_1_0_0_1_1_0_0_0_0_1_0_0_0_1_1_1_0_1_1,1,5.666666666666667e-5,4.714045207910317e-6,0.1476510067114094,251.1111111111111
0_0_0_0_0_1_1_1_0_0_0_1_0_1_0_0_0_0_1_1_0_0_1_1_1_0_1_0_1_1_0_0_1_1_1_1_1_1_1_1_0_0_0_1_1_1,1,5.666666666666667e-5,2.867441755680876e-5,0.18120805369127516,213.33333333333331
1_0_1_0_0_1_1_0_0_0_1_0_1_1_0_0_0_0_1_1_1_0_1_1_1_1_0_1_1_1_1_0_1_1_1_1_0_1_1_1_0_0_0_0_1_1,1,5.666666666666667e-5,2.0548046676563257e-5,0.174496644295302,260.27777777777777
1_0_0_0_0_1_1_0_0_0_1_1_0_1_0_0_0_0_1_1_0_0_1_1_1_1_1_0_1_1_1_0_1_1_1_1_1_1_1_1_0_0_0_1_1_1,1,5.666666666666667e-5,3.299831645537222e-5,0.12751677852348994,212.0
0_0_1_1_1_0_0_1_1_1_0_1_1_0_1_0_0_1_1_0_0_1_1_0_0_0_1_0_0_0_0_1_0_0_0_0_0_0_0_0_0_1_1_1_1_1,1,5.666666666666667e-5,2.6246692913372705e-5,0.1342281879194631,193.92857142857142
0_0_1_1_1_0_0_1_1_1_0_1_1_1_1_0_0_1_1_0_0_0_1_0_1_1_1_0_1_0_0_1_1_1_1_1_0_1_1_1_0_0_0_0_1_1,1,5.666666666666667e-5,2.0548046676563257e-5,0.16778523489932887,182.63888888888889
1_0_1_1_1_0_0_1_1_1_1_1_1_1_1_1_0_1_1_1_0_1_1_0_0_0_1_0_0_0_1_1_0_0_0_0_0_0_0_0_0_1_1_0_0_0,1,5.666666666666667e-5,3.299831645537222e-5,0.1610738255033557,214.33333333333334
1_1_1_1_1_0_0_1_1_1_1_1_1_0_1_0_0_1_0_0_1_1_0_0_0_0_0_1_0_0_1_1_0_0_0_0_1_0_0_0_1_1_1_1_1_1,1,5.666666666666667e-5,1.2472191289246467e-5,0.12751677852348994,214.1269841269841
1_1_1_1_1_0_0_1_1_1_1_0_1_1_1_0_0_1_0_0_1_0_0_0_1_0_0_1_1_0_1_1_1_1_1_1_0_1_1_1_1_0_0_0_1_1,1,5.666666666666667e-5,4.714045207910317e-6,0.15436241610738255,232.1111111111111
1_1_1_1_1_0_0_1_1_1_1_1_1_1_1_0_0_1_0_0_1_0_0_0_1_0_0_1_1_1_1_1_1_1_1_1_1_1_1_1_1_0_0_1_1_1,1,5.666666666666667e-5,2.4944382578492947e-5,0.12080536912751678,233.03703703703704
0_1_0_0_0_1_1_0_0_0_0_0_0_0_0_1_1_0_0_0_0_0_0_1_1_1_0_0_1_0_0_0_1_1_1_1_1_1_1_1_1_0_0_1_0_0,1,5.666666666666667e-5,4.714045207910317e-6,0.1342281879194631,337.1111111111111
1_1_1_0_0_1_1_0_0_0_1_0_0_1_0_0_0_0_1_1_1_0_1_1_1_1_0_1_1_1_1_0_1_1_1_1_1_1_1_1_1_0_0_1_1_1,1,5.666666666666667e-5,1.699673171197595e-5,0.16778523489932887,232.0
1_0_0_0_0_1_1_0_0_0_1_0_0_1_0_1_1_0_1_1_1_0_1_1_1_1_1_1_1_0_1_0_1_1_1_1_0_1_1_1_0_0_0_1_0_0,1,5.666666666666667e-5,4.714045207910317e-6,0.12751677852348994,242.0
0_0_1_1_1_0_0_1_1_1_0_1_1_1_1_0_0_1_1_0_1_1_1_0_0_0_1_1_0_0_0_1_0_0_0_0_0_0_0_0_0_1_1_1_1_1,1,5.666666666666667e-5,2.0548046676563257e-5,0.1476510067114094,259.44444444444446
1_1_0_0_0_1_1_0_0_0_1_0_0_0_0_1_1_0_0_0_1_0_0_1_1_0_0_1_1_1_1_0_1_1_1_1_1_1_1_1_1_0_0_1_0_0,1,5.666666666666667e-5,2.3570226039551588e-5,0.16778523489932887,206.75925925925927
1_1_0_0_0_1_1_0_0_0_1_0_0_0_0_0_0_0_1_1_1_1_1_1_0_0_0_1_0_1_1_0_0_0_0_0_1_0_0_0_1_1_1_1_1_1,1,5.666666666666667e-5,1.699673171197595e-5,0.18791946308724833,189.75
0_1_1_1_1_0_0_1_1_1_0_1_1_1_1_0_0_1_0_1_1_0_0_0_1_0_1_1_1_1_0_1_1_1_1_1_1_1_1_1_1_0_0_1_1_1,1,5.666666666666667e-5,4.642796092394706e-5,0.12080536912751678,224.44444444444446
1_1_1_1_1_0_0_1_1_1_1_0_1_1_1_0_0_1_1_1_1_1_1_0_0_0_0_1_0_0_1_1_0_0_0_0_0_0_0_0_1_1_1_0_1_1,1,5.666666666666667e-5,2.0548046676563257e-5,0.1610738255033557,257.6388888888889
0_1_0_1_1_0_0_1_1_1_0_1_1_0_1_0_0_1_0_0_0_0_0_0_1_0_0_0_1_1_0_1_1_1_1_1_1_1_1_1_1_0_0_1_1_1,1,5.666666666666667e-5,1.699673171197595e-5,0.1342281879194631,231.58333333333334
1_1_0_0_0_1_1_1_0_0_1_1_0_1_0_0_0_0_0_1_1_1_0_1_0_0_1_1_0_1_1_0_0_0_0_0_1_0_0_0_1_1_1_1_1_1,1,5.666666666666667e-5,2.0548046676563257e-5,0.2080536912751678,275.1388888888889
0_1_0_0_0_1_1_0_0_0_0_0_0_0_0_1_1_0_0_1_1_0_0_1_1_1_0_1_1_0_0_0_1_1_1_1_1_1_1_1_1_0_0_0_0_0,1,5.666666666666667e-5,2.4944382578492944e-5,0.10738255033557047,217.62962962962965
0_0_0_0_0_1_1_1_0_0_0_1_0_1_0_0_0_0_0_1_0_0_0_1_1_0_1_0_1_0_0_0_1_1_1_1_1_1_1_1_0_0_0_1_1_1,1,5.666666666666667e-5,2.0548046676563257e-5,0.18120805369127516,186.94444444444443
0_0_0_1_1_0_0_1_1_1_0_0_1_0_1_0_0_1_1_0_1_0_1_0_1_0_0_1_1_1_0_1_1_1_1_1_0_1_1_1_0_0_0_1_1_1,1,5.666666666666667e-5,2.4944382578492944e-5,0.19463087248322147,220.88888888888889
1_1_0_0_0_1_1_1_0_0_1_1_0_1_0_0_0_0_0_1_1_0_0_1_1_0_1_1_1_1_1_0_1_1_1_1_1_1_1_1_1_0_0_1_1_1,1,5.666666666666667e-5,2.3570226039551588e-5,0.20134228187919462,243.5185185185185
0_1_0_0_0_1_1_0_0_0_0_1_0_0_0_1_1_0_0_0_0_1_0_1_0_1_1_0_0_0_0_0_0_0_0_0_1_0_0_0_1_1_1_1_0_0,1,5.666666666666667e-5,2.0548046676563257e-5,0.14093959731543623,229.7222222222222
1_1_0_0_0_1_1_0_0_0_1_1_0_0_0_1_1_0_0_1_1_0_0_1_0_0_1_1_0_0_1_0_1_1_0_1_1_1_0_1_1_1_0_1_0_0,1,5.666666666666667e-5,2.867441755680876e-5,0.2550335570469799,294.72222222222223
1_1_1_1_1_0_0_1_1_1_1_0_1_1_1_0_0_1_1_1_1_0_1_0_1_0_0_1_1_0_1_1_1_1_1_1_0_1_1_1_1_0_0_1_1_1,1,5.6666666666666664e-5,9.42809041582063e-6,0.15436241610738255,220.76190476190473
0_0_1_1_1_0_0_1_1_1_0_1_1_1_1_0_0_1_0_0_0_1_0_0_0_1_1_0_0_0_0_1_0_0_0_0_0_0_0_0_0_1_1_0_1_1,1,5.6666666666666664e-5,9.42809041582063e-6,0.18120805369127516,220.47619047619048
1_1_0_1_1_0_0_1_1_1_1_1_0_0_1_1_1_1_0_1_0_0_0_0_1_0_1_0_1_0_1_1_1_1_1_1_1_1_1_1_1_0_0_0_0_0,1,5.6666666666666664e-5,1.8856180831641264e-5,0.18791946308724833,208.73015873015876
0_1_0_0_0_1_1_0_0_0_0_0_0_0_0_1_1_0_0_1_0_1_0_1_0_1_0_0_0_0_0_0_0_0_0_0_1_0_0_0_1_1_1_1_0_0,1,5.6666666666666664e-5,1.2472191289246467e-5,0.1342281879194631,214.56349206349205
1_1_1_0_0_1_1_0_0_0_1_0_0_1_0_1_1_0_1_1_1_0_1_1_1_1_0_1_1_1_1_0_1_1_1_1_1_1_1_1_1_0_0_0_0_0,1,5.6666666666666664e-5,1.8856180831641264e-5,0.15436241610738255,234.44444444444443
0_0_1_1_1_0_0_1_1_1_0_1_1_1_1_1_1_1_0_0_0_1_0_0_0_1_1_0_0_0_0_1_0_0_0_0_0_0_0_0_0_1_1_0_0_0,1,5.6666666666666664e-5,1.2472191289246467e-5,0.18120805369127516,214.72222222222226
1_0_1_1_1_0_0_1_1_1_1_1_1_1_1_0_0_1_1_0_1_0_1_0_1_0_1_1_1_1_1_1_1_1_1_1_0_1_1_1_0_0_0_1_1_1,1,5.6666666666666664e-5,1.2472191289246467e-5,0.1342281879194631,304.60317460317464
0_0_0_1_1_0_0_1_1_1_0_1_1_0_1_0_1_1_0_0_0_0_0_0_1_0_1_0_1_0_0_1_1_1_1_1_1_1_1_1_0_0_0_0_0_0,1,5.333333333333334e-5,9.428090415820634e-6,0.1610738255033557,193.33333333333334
0_1_1_0_0_1_1_0_0_0_0_0_1_1_0_0_1_0_0_1_0_0_0_1_1_1_0_0_1_0_0_0_1_1_1_1_0_1_1_1_1_0_0_0_0_0,1,5.333333333333334e-5,2.0548046676563257e-5,0.18120805369127516,266.6944444444444
1_1_1_0_0_1_1_0_0_0_1_0_1_1_0_0_0_0_0_1_1_0_0_1_1_1_0_1_1_0_1_0_1_1_1_1_0_1_1_1_1_0_0_1_1_1,1,5.333333333333334e-5,2.6246692913372705e-5,0.18120805369127516,303.14814814814815
1_1_0_0_0_1_1_0_0_0_1_0_0_0_0_1_0_0_1_1_1_0_1_1_1_1_0_1_1_1_1_0_1_1_1_1_1_1_1_1_1_0_0_1_1_1,1,5.333333333333334e-5,4.714045207910317e-6,0.15436241610738255,247.44444444444446
1_1_1_0_0_1_1_0_0_0_1_0_1_1_0_0_0_0_1_1_1_0_1_1_1_1_0_1_1_1_1_0_1_1_1_1_0_1_1_1_1_0_0_0_1_1,1,5.333333333333334e-5,2.6246692913372705e-5,0.18120805369127516,255.46296296296296
1_0_1_1_1_0_0_1_1_1_1_1_1_1_1_0_0_1_1_1_0_1_1_0_0_1_1_0_0_0_1_1_0_0_0_0_0_0_0_0_0_1_1_0_1_1,1,5.333333333333334e-5,2.6246692913372705e-5,0.16778523489932887,220.1851851851852
1_0_1_0_0_1_1_0_0_0_1_1_1_1_0_0_0_0_1_0_0_0_1_1_1_1_1_0_1_0_1_0_1_1_1_1_0_1_1_1_0_0_0_0_1_1,1,5.333333333333334e-5,4.027681991198191e-5,0.16778523489932887,269.4949494949495
1_0_0_0_0_1_1_0_0_0_1_0_0_0_0_1_1_0_1_0_0_1_1_1_0_1_1_0_0_0_1_0_0_0_0_0_0_0_0_0_0_1_1_0_0_0,1,5.333333333333334e-5,3.771236166328254e-5,0.12751677852348994,281.25
1_1_0_0_0_1_1_1_0_0_1_1_0_1_0_1_0_0_0_1_1_1_0_1_0_0_1_1_0_0_1_0_0_0_0_0_1_0_0_0_1_1_1_1_1_1,1,5.333333333333334e-5,1.885618083164127e-5,0.2214765100671141,289.1666666666667
1_1_1_1_1_0_0_1_1_1_1_0_1_1_1_0_0_1_0_0_1_0_0_0_1_0_0_1_1_0_1_1_1_1_1_1_0_1_1_1_1_0_0_1_1_1,1,5.333333333333334e-5,4.714045207910317e-6,0.15436241610738255,252.11111111111111
0_1_0_1_1_0_0_1_1_1_0_0_0_0_1_0_1_1_0_1_1_0_0_0_1_0_0_1_1_0_0_1_1_1_1_1_1_1_1_1_1_0_0_1_1_1,1,5.333333333333334e-5,4.714045207910317e-6,0.2080536912751678,231.0
1_0_1_1_1_0_0_1_1_1_1_1_1_1_1_0_0_1_1_0_0_0_1_0_1_1_1_0_1_1_1_1_1_1_1_1_0_1_1_1_0_0_0_0_1_1,1,5.333333333333334e-5,2.8674417556808757e-5,0.1610738255033557,241.7777777777778
1_1_0_0_0_1_1_0_0_0_1_0_0_0_0_1_1_0_0_1_0_1_0_1_0_1_0_0_0_0_1_0_0_0_0_0_0_0_0_0_1_1_1_0_0_0,1,5.333333333333334e-5,9.428090415820634e-6,0.12751677852348994,191.66666666666666
1_1_0_0_0_1_1_0_0_0_1_0_0_1_0_1_1_0_1_1_1_0_1_1_1_1_0_1_1_0_1_0_1_1_1_1_0_1_1_1_1_0_0_1_0_0,1,5.333333333333334e-5,4.714045207910317e-6,0.12751677852348994,187.66666666666666
0_1_1_1_1_0_0_1_1_1_0_0_1_1_1_0_1_1_0_1_0_0_0_0_1_1_0_0_1_0_0_1_1_1_1_1_0_1_1_1_1_0_0_0_0_0,1,5.333333333333334e-5,2.0548046676563257e-5,0.19463087248322147,290.52777777777777
0_0_1_1_1_0_0_1_1_1_0_1_1_1_1_0_0_1_0_0_1_1_0_0_0_0_1_1_0_0_0_1_0_0_0_0_0_0_0_0_0_1_1_1_1_1,1,5.333333333333334e-5,2.0548046676563257e-5,0.15436241610738255,244.91666666666666
0_0_1_0_0_1_1_0_0_0_0_0_0_1_0_1_1_0_0_1_0_0_0_1_1_1_0_0_1_0_0_0_1_1_1_1_0_1_1_1_0_0_0_0_0_0,1,5.333333333333334e-5,4.714045207910317e-6,0.1476510067114094,178.7777777777778
1_1_1_0_0_1_1_0_0_0_1_1_0_1_0_1_1_0_0_1_0_1_0_1_0_1_1_0_0_0_1_0_0_0_0_0_1_0_0_0_1_1_1_0_0_0,1,5.333333333333334e-5,2.6246692913372705e-5,0.19463087248322147,238.7962962962963
0_1_0_1_1_0_0_1_1_1_0_1_0_0_1_0_1_1_0_1_1_0_0_0_1_0_1_1_1_0_0_1_1_1_1_1_1_1_1_1_1_0_0_1_1_1,1,5.333333333333334e-5,4.714045207910317e-6,0.19463087248322147,265.1111111111111
0_0_1_1_1_0_0_1_1_1_0_1_1_1_1_0_0_1_0_0_0_0_0_0_1_1_1_0_1_0_0_1_1_1_1_1_0_1_1_1_0_0_0_1_1_1,1,5.333333333333334e-5,4.714045207910317e-6,0.174496644295302,228.7777777777778
0_0_1_1_1_0_0_1_1_1_0_1_1_1_1_0_1_1_0_0_0_0_0_0_1_0_1_0_1_1_0_1_1_1_1_1_1_1_1_1_0_0_0_0_0_0,1,5.333333333333334e-5,4.714045207910317e-6,0.1342281879194631,235.2222222222222
1_0_0_0_0_1_1_0_0_0_1_1_0_1_0_0_0_0_1_1_0_1_1_1_0_1_1_0_0_1_1_0_0_0_0_0_1_0_0_0_0_1_1_1_1_1,1,5.333333333333334e-5,9.428090415820634e-6,0.1342281879194631,231.66666666666666
0_1_0_0_0_1_1_0_0_0_0_0_0_0_0_1_1_0_0_0_0_1_0_1_0_1_0_0_0_1_0_0_0_0_0_0_1_0_0_0_1_1_1_0_0_0,1,5.333333333333334e-5,9.428090415820634e-6,0.1342281879194631,312.22222222222223
0_1_0_0_0_1_1_0_0_0_0_1_0_0_0_1_1_0_0_0_0_1_0_1_0_1_1_0_0_1_0_0_0_0_0_0_1_0_0_0_1_1_1_0_0_0,1,5.333333333333334e-5,2.6246692913372705e-5,0.1476510067114094,194.44444444444446
0_0_0_1_1_0_0_1_1_1_0_1_1_0_1_1_1_1_0_0_0_0_0_0_1_0_1_0_1_0_0_1_1_1_1_1_0_1_1_1_0_0_0_0_0_0,1,5.333333333333334e-5,1.885618083164127e-5,0.174496644295302,217.91666666666666
0_1_1_1_1_0_0_0_1_1_0_0_1_0_1_1_1_1_0_0_0_1_0_0_0_1_0_0_0_0_0_1_0_0_0_0_0_0_0_0_1_1_1_0_0_0,1,5.333333333333334e-5,2.0548046676563257e-5,0.20134228187919462,296.52777777777777
1_1_1_1_1_0_0_1_1_1_1_0_1_1_1_0_0_1_1_0_1_1_1_0_0_0_0_1_0_1_1_1_0_0_0_0_0_0_0_0_1_1_1_0_1_1,1,5.333333333333334e-5,4.714045207910317e-6,0.1610738255033557,261.0
1_0_1_1_1_0_0_1_1_1_1_0_1_1_1_0_0_1_1_1_1_0_1_0_1_0_0_1_1_0_1_1_1_1_1_1_0_1_1_1_0_0_0_0_1_1,1,5.333333333333334e-5,9.428090415820634e-6,0.1476510067114094,224.16666666666666
0_1_1_0_0_1_1_0_0_0_0_0_1_1_0_0_1_0_0_1_0_1_0_1_0_1_0_0_0_0_0_0_0_0_0_0_0_0_0_0_1_1_1_0_0_0,1,5.333333333333334e-5,9.428090415820634e-6,0.174496644295302,248.33333333333334
1_0_1_1_1_0_0_1_1_1_1_1_1_1_1_0_0_1_1_0_0_1_1_0_0_0_1_0_0_0_1_1_0_0_0_0_0_0_0_0_0_1_1_1_1_1,1,5.3333333333333326e-5,1.2472191289246467e-5,0.11409395973154363,231.69047619047618
1_0_1_1_1_0_0_1_1_1_1_1_1_1_1_0_0_1_1_0_1_0_1_0_1_0_1_1_1_1_1_1_1_1_1_1_1_1_1_1_0_0_0_1_1_1,1,5.3333333333333326e-5,1.2472191289246467e-5,0.11409395973154363,240.97619047619048
1_0_1_0_0_1_1_0_0_0_1_0_0_1_0_1_1_0_1_1_1_0_1_1_1_1_1_1_1_0_1_0_1_1_1_1_0_1_1_1_0_0_0_1_0_0,1,5.3333333333333326e-5,1.2472191289246467e-5,0.14093959731543623,225.2142857142857
1_0_1_0_0_1_1_0_0_0_1_0_0_1_0_0_0_0_1_1_1_0_1_1_1_1_1_1_1_0_1_0_1_1_1_1_0_1_1_1_0_0_0_1_1_1,1,5.3333333333333326e-5,3.091206165165235e-5,0.14093959731543623,242.32142857142858
1_1_0_0_0_1_1_0_0_0_1_0_0_1_0_0_0_0_0_1_1_0_0_1_1_0_0_1_1_0_1_0_1_1_1_1_1_1_1_1_1_0_0_1_1_1,1,5.3333333333333326e-5,1.6996731711975947e-5,0.18791946308724833,208.57142857142858
0_0_1_1_1_0_0_1_1_1_0_1_1_0_1_1_1_1_0_0_0_0_0_0_1_0_1_0_1_1_0_1_1_1_1_1_1_1_1_1_0_0_0_0_0_0,1,5.3333333333333326e-5,1.2472191289246467e-5,0.1342281879194631,211.07142857142858
0_0_1_1_1_0_0_1_1_1_0_1_1_1_1_0_0_1_0_0_0_0_0_0_1_1_1_0_1_0_0_1_1_1_1_1_0_1_1_1_0_0_0_0_1_1,1,5.3333333333333326e-5,1.2472191289246467e-5,0.174496644295302,239.54761904761904
1_1_1_0_0_1_1_0_0_0_1_0_0_1_0_1_1_0_1_1_1_1_1_1_0_1_0_1_0_0_1_0_0_0_0_0_0_0_0_0_1_1_1_0_0_0,1,5.3333333333333326e-5,2.3570226039551578e-5,0.1342281879194631,256.4285714285714
0_0_0_0_0_1_1_0_0_0_0_0_0_1_0_1_1_0_1_1_0_0_1_1_1_1_0_0_1_1_0_0_1_1_1_1_0_1_1_1_0_0_0_1_0_0,1,5.3333333333333326e-5,1.2472191289246467e-5,0.1342281879194631,269.4047619047619
1_0_1_1_1_0_0_1_1_1_1_0_1_1_1_0_0_1_1_0_1_0_1_0_1_0_0_1_1_1_1_1_1_1_1_1_0_1_1_1_0_0_0_1_1_1,1,5.3333333333333326e-5,1.6996731711975947e-5,0.1476510067114094,234.2063492063492
1_1_1_1_1_0_0_1_1_1_1_0_1_1_1_1_1_1_1_0_1_1_1_0_0_1_0_1_0_0_1_1_0_0_0_0_0_0_0_0_1_1_1_0_0_0,1,5.3333333333333326e-5,1.2472191289246467e-5,0.1610738255033557,237.88095238095238
0_1_0_1_1_0_0_1_1_1_0_1_1_0_1_1_1_1_0_0_1_0_0_0_1_0_0_1_1_1_0_1_1_1_1_1_1_1_1_1_1_0_0_0_0_0,1,5.3333333333333326e-5,1.2472191289246467e-5,0.11409395973154363,289.38095238095235
1_1_0_1_1_0_0_1_1_1_1_1_0_0_1_1_1_1_0_1_0_1_0_0_0_0_1_0_0_0_1_1_0_0_0_0_1_0_0_0_1_1_1_0_0_0,1,5.3333333333333326e-5,1.2472191289246467e-5,0.19463087248322147,244.23809523809527
1_0_1_1_1_0_0_1_1_1_1_1_1_1_1_0_0_1_1_0_0_0_1_0_1_0_1_0_1_0_1_1_1_1_1_1_0_1_1_1_0_0_0_0_1_1,1,5.3333333333333326e-5,1.2472191289246467e-5,0.12080536912751678,207.19047619047618
0_1_0_0_0_1_1_0_0_0_0_1_0_0_0_1_1_0_0_1_0_0_0_1_1_1_1_0_1_0_0_0_1_1_1_1_1_1_1_1_1_0_0_0_0_0,1,5.3333333333333326e-5,1.6996731711975947e-5,0.14093959731543623,238.7301587301587
1_1_0_0_0_1_1_0_0_0_1_1_0_0_0_1_1_0_1_0_1_0_1_1_0_0_1_1_0_1_1_0_1_1_1_1_1_1_0_1_1_1_0_1_0_0,1,5.3333333333333326e-5,1.2472191289246467e-5,0.26174496644295303,178.23809523809527
0_0_1_1_1_0_0_1_1_1_0_1_1_0_1_0_0_1_0_0_0_1_0_0_0_0_1_0_0_1_0_1_0_0_0_0_1_0_0_0_0_1_1_1_1_1,1,5.3333333333333326e-5,1.2472191289246467e-5,0.11409395973154363,204.97619047619048
1_1_1_1_1_0_0_1_1_1_1_0_1_1_1_0_0_1_0_0_1_1_0_0_0_0_0_1_0_0_1_1_0_0_0_0_0_0_0_0_1_1_1_1_1_1,1,5.3333333333333326e-5,1.2472191289246467e-5,0.1476510067114094,222.2142857142857
1_0_1_1_1_0_0_1_1_1_1_1_1_1_1_1_0_1_1_0_0_0_1_0_1_0_1_0_1_0_1_1_1_1_1_1_0_1_1_1_0_0_0_0_0_0,1,5.0e-5,8.16496580927726e-6,0.1610738255033557,297.8333333333333
1_0_1_1_1_0_0_1_1_1_1_1_1_0_1_0_0_1_1_0_0_0_1_0_1_0_1_0_1_1_1_1_1_1_1_1_0_1_1_1_0_0_0_0_1_1,1,5.0e-5,2.160246899469287e-5,0.1342281879194631,232.5
1_0_0_1_1_0_0_1_1_1_1_1_1_0_1_0_0_1_1_0_0_0_1_0_1_0_1_0_1_1_1_1_1_1_1_1_1_1_1_1_0_0_0_1_1_1,1,5.0e-5,8.16496580927726e-6,0.12751677852348994,271.05555555555554
0_0_0_1_1_0_0_1_1_1_0_1_1_0_1_0_0_1_0_0_0_1_0_0_0_0_1_0_0_0_0_1_0_0_0_0_0_0_0_0_0_1_1_1_1_1,1,5.0e-5,2.943920288775949e-5,0.15436241610738255,228.9814814814815
0_1_1_1_1_0_0_1_1_1_0_1_1_1_1_0_0_1_0_1_0_1_0_0_1_0_0_0_1_0_0_1_0_0_1_0_1_0_1_0_1_0_1_0_1_1,1,5.0e-5,1.4142135623730951e-5,0.18120805369127516,297.77777777777777
1_0_0_0_0_1_1_0_0_0_1_0_0_1_0_1_1_0_1_1_1_1_1_1_0_1_1_1_0_0_1_0_0_0_0_0_0_0_0_0_0_1_1_0_0_0,1,5.0e-5,1.6329931618554516e-5,0.12080536912751678,246.2857142857143
1_1_0_1_1_0_0_1_1_1_1_0_0_0_1_1_0_1_0_0_1_1_0_0_0_0_0_1_0_1_1_1_0_0_0_0_1_0_0_0_1_1_1_1_1_1,1,5.0e-5,8.16496580927726e-6,0.19463087248322147,234.8888888888889
0_1_0_1_1_0_0_1_1_1_0_0_0_0_1_1_1_1_0_1_1_0_0_0_1_0_0_1_1_1_0_1_1_1_1_1_1_1_1_1_1_0_0_0_0_0,1,5.0e-5,8.16496580927726e-6,0.1610738255033557,218.61111111111111
0_0_1_1_1_0_0_1_1_1_0_1_1_0_1_0_0_1_1_0_0_1_1_0_0_1_1_0_0_1_0_1_0_0_0_0_0_0_0_0_0_1_1_1_1_1,1,5.0e-5,1.4142135623730951e-5,0.174496644295302,218.88888888888889
0_1_0_0_0_1_1_0_0_0_0_1_0_0_0_1_1_0_0_0_0_0_0_1_1_0_1_0_1_0_0_0_1_1_1_1_1_1_1_1_1_0_0_0_0_0,1,5.0e-5,3.559026084010437e-5,0.18120805369127516,219.88888888888889
1_0_1_1_1_0_0_1_1_1_1_1_1_1_1_0_0_1_1_1_1_1_1_0_0_0_1_1_0_0_1_1_0_0_0_0_0_0_0_0_0_1_1_0_1_1,1,5.0e-5,8.16496580927726e-6,0.14093959731543623,260.3888888888889
1_1_0_0_0_1_1_0_0_0_1_0_0_0_0_1_0_0_0_0_1_0_0_1_1_1_0_1_1_1_1_0_1_1_1_1_1_1_1_1_1_0_0_1_1_1,1,5.0e-5,1.4142135623730951e-5,0.14093959731543623,201.11111111111111
1_0_1_1_1_0_0_1_1_1_1_1_1_1_1_0_0_1_1_0_1_1_1_0_0_0_1_1_0_1_1_1_0_0_0_0_1_0_0_0_0_1_1_1_1_1,1,5.0e-5,2.160246899469287e-5,0.10738255033557047,257.0833333333333
0_0_1_1_1_0_0_1_1_1_0_1_1_1_1_0_1_1_1_1_0_0_1_0_1_0_1_0_1_0_0_1_1_1_1_1_0_1_1_1_0_0_0_0_0_0,1,5.0e-5,8.16496580927726e-6,0.1476510067114094,239.2222222222222
1_1_0_0_0_1_1_0_0_0_1_0_0_0_0_1_0_0_0_0_1_1_0_1_0_0_0_1_0_0_1_0_0_0_0_0_1_0_0_0_1_1_1_1_1_1,1,5.0e-5,2.8284271247461906e-5,0.18791946308724833,267.77777777777777
0_0_1_1_1_0_0_1_1_1_0_1_1_0_1_0_0_1_0_0_0_1_0_0_0_0_1_0_0_1_0_1_0_0_0_0_1_0_0_0_0_1_1_0_1_1,1,5.0e-5,2.943920288775949e-5,0.12751677852348994,200.92592592592595
1_0_0_0_0_1_1_0_0_0_1_0_0_0_0_1_0_0_1_1_1_0_1_1_1_1_0_1_1_0_1_0_1_1_1_1_0_1_1_1_0_0_0_1_1_1,1,5.0e-5,2.4494897427831785e-5,0.12080536912751678,194.0
1_1_0_0_0_1_1_0_0_0_1_0_0_0_0_1_1_0_1_1_1_1_1_1_0_0_0_1_0_1_1_0_0_0_0_0_1_0_0_0_1_1_1_0_0_0,1,5.0e-5,8.16496580927726e-6,0.174496644295302,221.0
1_1_1_0_0_1_1_0_0_0_1_0_1_1_0_0_0_0_1_1_1_1_1_1_0_1_0_1_0_1_1_0_0_0_0_0_0_0_0_0_1_1_1_0_1_1,1,5.0e-5,8.16496580927726e-6,0.18791946308724833,255.77777777777774
0_0_1_1_1_0_0_1_1_1_0_1_1_0_1_1_1_1_0_0_0_0_0_0_1_0_1_0_1_0_0_1_1_1_1_1_0_1_1_1_0_0_0_0_0_0,1,5.0e-5,8.16496580927726e-6,0.1610738255033557,253.0
0_0_1_1_1_0_0_1_1_1_0_1_1_0_1_1_1_1_1_0_0_0_1_0_1_1_1_0_1_1_0_1_1_1_1_1_0_1_1_1_0_0_0_0_0_0,1,5.0e-5,2.4494897427831785e-5,0.19463087248322147,259.8333333333333
0_0_1_1_1_0_0_1_1_1_0_0_1_1_1_0_0_1_0_1_0_1_0_0_1_1_0_0_1_0_0_1_0_0_1_0_0_0_1_0_0_0_1_0_1_1,1,5.0e-5,2.160246899469287e-5,0.26174496644295303,321.52777777777777
0_0_1_1_1_0_0_1_1_1_0_1_1_0_1_0_0_1_0_0_0_0_0_0_1_0_1_0_1_0_0_1_1_1_1_1_0_1_1_1_0_0_0_1_1_1,1,5.0e-5,8.16496580927726e-6,0.1476510067114094,270.77777777777777
1_0_1_0_0_1_1_0_0_0_1_1_1_1_0_0_0_0_1_0_0_0_1_1_1_1_1_0_1_0_1_0_1_1_1_1_0_1_1_1_0_0_0_1_1_1,1,5.0e-5,0.0,0.16778523489932887,216.66666666666666
0_0_1_1_1_0_0_1_1_1_0_1_1_0_1_0_0_1_0_0_0_0_0_0_1_0_1_0_1_1_0_1_1_1_1_1_1_1_1_1_0_0_0_0_1_1,1,5.0e-5,3.2659863237109046e-5,0.12080536912751678,181.25925925925927
0_0_1_1_1_0_0_1_1_1_0_0_1_1_1_0_0_1_1_1_1_1_1_0_0_1_0_1_0_1_0_1_0_0_0_0_0_0_0_0_0_1_1_1_1_1,1,5.0e-5,8.16496580927726e-6,0.19463087248322147,205.94444444444446
1_0_0_0_0_1_1_1_0_0_1_1_0_1_0_1_1_0_1_1_1_1_1_1_0_0_1_1_0_1_1_0_0_0_0_0_1_0_0_0_0_1_1_0_0_0,1,5.0e-5,1.4142135623730946e-5,0.19463087248322147,235.7142857142857
0_1_0_0_0_1_1_0_0_0_0_0_0_0_0_0_1_0_0_0_1_0_0_1_1_0_0_1_1_0_0_0_1_1_1_1_1_1_1_1_1_0_0_1_1_1,1,5.0e-5,0.0,0.20134228187919462,214.66666666666666
1_0_0_0_0_1_1_0_0_0_1_1_0_0_0_1_0_0_1_0_1_1_1_1_0_0_1_1_0_1_1_0_0_0_0_0_1_0_0_0_0_1_1_1_1_1,1,5.0e-5,8.16496580927726e-6,0.19463087248322147,196.2777777777778
0_0_1_1_1_0_0_1_1_1_0_1_1_1_1_0_0_1_0_0_1_0_0_0_1_0_1_1_1_0_0_1_1_1_1_1_0_1_1_1_0_0_0_1_1_1,1,5.0e-5,2.4494897427831785e-5,0.1610738255033557,231.91666666666666
0_0_0_0_0_1_1_0_0_0_0_1_0_0_0_1_1_0_0_0_0_1_0_1_0_1_1_0_0_1_0_0_0_0_0_0_1_0_0_0_0_1_1_1_0_0,1,5.0e-5,1.4142135623730951e-5,0.15436241610738255,241.11111111111111
1_0_1_1_1_0_0_1_1_1_1_1_1_1_1_0_0_1_1_0_1_0_1_0_1_0_1_1_1_0_1_1_1_1_1_1_0_1_1_1_0_0_0_1_1_1,1,5.0e-5,2.160246899469287e-5,0.14093959731543623,269.02777777777777
1_0_1_1_1_0_0_1_1_1_1_1_1_1_1_0_0_1_1_1_1_0_1_0_1_0_1_1_1_0_1_1_1_1_1_1_0_1_1_1_0_0_0_1_1_1,1,5.0e-5,1.4142135623730946e-5,0.1342281879194631,345.8333333333333
1_0_0_0_0_1_1_0_0_0_1_0_0_0_0_1_1_0_1_1_1_0_1_1_0_1_0_1_0_1_1_0_1_1_0_1_0_1_0_1_0_1_0_1_0_0,1,5.0e-5,1.6329931618554516e-5,0.18120805369127516,288.5714285714286
0_0_1_1_1_0_0_1_1_1_0_1_1_1_1_0_0_1_1_1_0_1_1_0_1_0_1_0_1_1_0_1_0_0_0_0_1_0_1_0_0_0_1_0_1_1,1,5.0e-5,2.1602468994692868e-5,0.18120805369127516,234.02777777777774
1_0_1_1_1_0_0_1_1_1_1_1_1_1_1_1_0_1_1_1_0_1_1_0_0_0_1_0_0_1_1_1_0_0_0_0_0_0_0_0_0_1_1_0_0_0,1,5.0e-5,8.16496580927726e-6,0.15436241610738255,248.5
0_0_1_0_0_1_1_0_0_0_0_1_1_1_0_0_0_0_0_0_0_1_0_1_0_1_1_0_0_0_0_0_0_0_0_0_0_0_0_0_0_1_1_0_1_1,1,5.0e-5,3.2659863237109046e-5,0.18120805369127516,207.4074074074074
0_0_1_0_0_1_1_0_0_0_0_0_1_1_0_0_0_0_1_0_1_0_1_1_1_1_0_1_1_1_0_0_1_1_1_1_0_1_1_1_0_0_0_1_1_1,1,5.0e-5,3.559026084010437e-5,0.19463087248322147,264.7321428571429
1_1_1_1_1_0_0_0_1_1_1_0_1_0_1_1_1_1_0_0_1_0_0_0_1_1_0_1_1_0_1_1_1_1_1_1_0_1_1_1_1_0_0_0_0_0,1,4.9999999999999996e-5,1.6329931618554516e-5,0.18791946308724833,202.03174603174602
1_0_0_0_0_1_1_1_0_0_1_1_0_1_0_0_0_0_1_1_1_0_1_1_1_0_1_1_1_1_1_0_1_1_1_1_1_1_1_1_0_0_0_1_1_1,1,4.9999999999999996e-5,1.6329931618554516e-5,0.20134228187919462,275.8095238095238
1_0_1_1_1_0_0_1_1_1_1_1_1_1_1_0_0_1_1_0_0_1_1_0_0_0_1_0_0_0_1_1_0_0_0_0_0_0_0_0_0_1_1_0_1_1,1,4.9999999999999996e-5,1.6329931618554516e-5,0.12751677852348994,243.3968253968254
1_1_0_0_0_1_1_0_0_0_1_0_0_1_0_1_1_0_1_1_1_1_1_1_0_1_0_1_0_1_1_0_0_0_0_0_1_0_0_0_1_1_1_1_0_0,1,4.9999999999999996e-5,1.4142135623730946e-5,0.1476510067114094,253.69047619047618
1_0_1_1_1_0_0_1_1_1_1_1_1_0_1_0_0_1_1_0_0_1_1_0_0_0_1_0_0_1_1_1_0_0_0_0_1_0_0_0_0_1_1_0_1_1,1,4.9999999999999996e-5,1.4142135623730946e-5,0.12080536912751678,194.28571428571428
1_0_0_0_0_1_1_0_0_0_1_0_0_0_0_1_0_0_1_1_1_1_1_1_0_1_1_1_0_1_1_0_0_0_0_0_0_0_0_0_0_1_1_1_1_1,1,4.9999999999999996e-5,2.1602468994692865e-5,0.12751677852348994,277.85714285714283
0_0_1_1_1_0_0_1_1_1_0_1_1_1_1_0_0_1_1_0_0_1_1_0_0_1_1_0_0_0_0_1_0_0_0_0_0_0_0_0_0_1_1_0_1_1,1,4.9999999999999996e-5,1.6329931618554516e-5,0.174496644295302,197.33333333333334
1_1_0_0_0_1_1_0_0_0_1_0_0_0_0_1_1_0_0_1_1_1_0_1_0_0_0_1_0_1_1_0_0_0_0_0_1_0_0_0_1_1_1_1_0_0,1,4.666666666666667e-5,1.2472191289246472e-5,0.16778523489932887,186.88888888888889
0_1_0_0_0_1_1_0_0_0_0_0_0_0_0_1_1_0_0_0_0_0_0_1_1_1_0_0_1_1_0_0_1_1_1_1_1_1_1_1_1_0_0_1_0_0,1,4.666666666666667e-5,4.714045207910317e-6,0.14093959731543623,301.5
0_1_0_0_0_1_1_1_0_0_0_1_0_1_0_0_0_0_0_1_0_0_0_1_1_0_1_0_1_1_0_0_1_1_1_1_1_1_1_1_1_0_0_1_1_1,1,4.666666666666667e-5,1.8856180831641267e-5,0.18120805369127516,257.22222222222223
1_1_0_1_1_0_0_1_1_1_1_1_0_0_1_1_1_1_0_1_1_0_0_0_0_0_1_1_0_0_1_1_1_1_0_1_1_1_0_1_1_1_0_1_0_0,1,4.666666666666667e-5,1.2472191289246472e-5,0.24161073825503357,292.1111111111111
1_1_0_0_0_1_1_0_0_0_1_0_0_1_0_1_0_0_0_1_1_0_0_1_1_1_0_1_1_0_1_0_1_1_1_1_1_1_1_1_1_0_0_1_1_1,1,4.666666666666667e-5,1.2472191289246472e-5,0.1610738255033557,231.11111111111111
1_1_0_0_0_1_1_0_0_0_1_0_0_0_0_1_0_0_1_0_1_0_1_1_1_0_0_1_1_1_1_0_1_1_1_1_1_1_1_1_1_0_0_1_1_1,1,4.666666666666667e-5,4.714045207910317e-6,0.19463087248322147,214.5
1_0_0_0_0_1_1_0_0_0_1_0_0_0_0_1_0_0_1_1_1_0_1_1_1_1_1_1_1_0_1_0_1_1_1_1_0_1_1_1_0_0_0_1_1_1,1,4.666666666666667e-5,3.091206165165235e-5,0.12751677852348994,224.25925925925927
1_0_1_1_1_0_0_1_1_1_1_1_1_1_1_0_0_1_1_1_1_1_1_0_0_0_1_1_0_1_1_1_0_0_0_0_1_0_0_0_0_1_1_0_1_1,1,4.666666666666667e-5,1.2472191289246472e-5,0.11409395973154363,225.44444444444443
0_1_1_1_1_0_0_1_1_1_0_0_1_1_1_1_1_1_0_0_1_1_0_0_0_1_0_1_0_0_0_1_0_0_0_0_0_0_0_0_1_1_1_0_0_0,1,4.666666666666667e-5,3.091206165165235e-5,0.15436241610738255,232.77777777777774
0_0_1_1_1_0_0_1_1_1_0_0_1_0_1_0_0_1_1_0_1_0_1_0_1_0_0_1_1_1_0_1_1_1_1_1_0_1_1_1_0_0_0_1_1_1,1,4.666666666666667e-5,1.8856180831641267e-5,0.18120805369127516,191.1111111111111
0_1_1_1_1_0_0_1_1_1_0_1_1_1_1_0_0_1_0_1_0_1_0_0_1_0_1_0_1_0_0_1_0_0_0_0_1_0_1_0_1_0_1_0_1_1,1,4.666666666666667e-5,3.091206165165235e-5,0.174496644295302,241.11111111111111
0_1_0_0_0_1_1_0_0_0_0_0_0_0_0_0_1_0_0_0_1_1_0_1_0_0_0_1_0_0_0_0_0_0_0_0_1_0_0_0_1_1_1_1_1_1,1,4.666666666666667e-5,1.8856180831641267e-5,0.19463087248322147,231.1111111111111
1_0_0_0_0_1_1_0_0_0_1_1_0_0_0_1_1_0_1_0_0_1_1_1_0_1_1_0_0_1_1_0_0_0_0_0_1_0_0_0_0_1_1_0_0_0,1,4.666666666666667e-5,4.714045207910317e-6,0.1610738255033557,290.6666666666667
0_0_1_1_1_0_0_1_1_1_0_1_1_1_1_0_0_1_1_1_1_0_1_0_1_0_1_1_1_0_0_1_1_1_1_1_0_1_1_1_0_0_0_1_1_1,1,4.666666666666667e-5,1.2472191289246472e-5,0.1476510067114094,260.22222222222223
1_1_0_0_0_1_1_0_0_0_1_1_0_0_0_1_1_0_0_0_0_1_0_1_0_0_1_0_0_0_1_0_0_0_0_0_1_0_0_0_1_1_1_0_0_0,1,4.666666666666667e-5,1.2472191289246472e-5,0.20134228187919462,225.77777777777774
0_0_1_0_0_1_1_0_0_0_0_1_1_1_0_0_1_0_0_1_0_0_0_1_1_1_1_0_1_0_0_0_1_1_1_1_0_1_1_1_0_0_0_0_0_0,1,4.666666666666667e-5,4.714045207910317e-6,0.20134228187919462,226.83333333333334
0_0_0_0_0_1_1_0_0_0_0_0_0_1_0_1_1_0_0_1_0_1_0_1_0_1_0_0_0_0_0_0_0_0_0_0_0_0_0_0_0_1_1_1_0_0,1,4.666666666666667e-5,9.428090415820634e-6,0.14093959731543623,214.7222222222222
0_0_1_1_1_0_0_1_1_1_0_1_1_1_1_1_1_1_0_0_0_0_0_0_1_1_1_0_1_0_0_1_1_1_1_1_0_1_1_1_0_0_0_0_0_0,1,4.666666666666667e-5,1.2472191289246472e-5,0.18791946308724833,248.7777777777778
0_0_1_1_1_0_0_1_1_1_0_1_1_1_1_0_1_1_1_1_0_0_1_0_1_1_1_0_1_1_0_1_1_1_1_1_0_1_1_1_0_0_0_0_0_0,1,4.666666666666667e-5,4.714045207910317e-6,0.18791946308724833,246.66666666666666
0_0_0_1_1_0_0_1_1_1_0_1_0_0_1_1_1_1_0_0_0_0_0_0_1_0_1_0_1_0_0_1_1_1_1_1_1_1_1_1_0_0_0_1_0_0,1,4.666666666666667e-5,9.428090415820634e-6,0.18791946308724833,196.94444444444446
0_0_1_1_1_0_0_1_1_1_0_1_1_1_1_0_0_1_1_1_0_1_1_0_1_0_1_0_1_1_0_1_0_0_1_0_0_0_1_0_0_0_1_0_1_1,1,4.666666666666667e-5,1.2472191289246472e-5,0.20134228187919462,279.3333333333333
1_0_0_1_1_0_0_1_1_1_1_1_1_0_1_0_0_1_1_0_0_0_1_0_1_0_1_0_1_1_1_1_1_1_1_1_1_1_1_1_0_0_0_0_1_1,1,4.666666666666667e-5,9.428090415820634e-6,0.12751677852348994,196.25
0_1_0_1_1_0_0_1_1_1_0_0_0_0_1_1_1_1_0_1_1_1_0_0_0_0_0_1_0_1_0_1_0_0_0_0_1_0_0_0_1_1_1_0_0_0,1,4.666666666666667e-5,9.428090415820634e-6,0.16778523489932887,232.5
0_1_1_1_1_0_0_1_1_1_0_0_1_1_1_0_0_1_0_1_1_1_0_0_0_0_0_1_0_0_0_1_0_0_0_0_0_0_0_0_1_1_1_1_1_1,1,4.666666666666667e-5,1.8856180831641267e-5,0.15436241610738255,230.0
0_1_1_1_1_0_0_1_1_1_0_0_1_1_1_0_1_1_0_1_0_1_0_0_0_1_0_0_0_0_0_1_0_0_0_0_0_0_0_0_1_1_1_0_0_0,1,4.666666666666667e-5,1.2472191289246472e-5,0.18791946308724833,202.11111111111111
0_0_1_1_1_0_0_1_1_1_0_1_1_1_1_1_1_1_1_0_0_1_1_0_0_1_1_0_0_0_0_1_0_0_0_0_0_0_0_0_0_1_1_0_0_0,1,4.666666666666667e-5,3.8586123009300757e-5,0.174496644295302,220.0
0_1_0_0_0_1_1_0_0_0_0_0_0_1_0_1_1_0_0_1_1_0_0_1_1_1_0_1_1_0_0_0_1_1_1_1_0_1_1_1_1_0_0_0_0_0,1,4.666666666666667e-5,4.714045207910317e-6,0.10738255033557047,198.83333333333334
1_1_0_0_0_1_1_0_0_0_1_0_0_0_0_0_0_0_1_1_1_0_1_1_1_0_0_1_1_1_1_0_1_1_1_1_1_1_1_1_1_0_0_1_1_1,1,4.666666666666667e-5,1.2472191289246472e-5,0.18120805369127516,249.55555555555557
1_1_0_0_0_1_1_0_0_0_1_0_0_1_0_0_0_0_1_1_1_1_1_1_0_1_0_1_0_1_1_0_0_0_0_0_1_0_0_0_1_1_1_1_1_1,1,4.666666666666667e-5,1.2472191289246472e-5,0.1610738255033557,337.3333333333333
0_1_0_1_1_0_0_1_1_1_0_1_1_0_1_1_1_1_0_0_0_0_0_0_1_0_0_0_1_1_0_1_1_1_1_1_1_1_1_1_1_0_0_0_0_0,1,4.666666666666667e-5,1.2472191289246472e-5,0.1476510067114094,307.2222222222222
0_0_0_0_0_1_1_0_0_0_0_0_0_0_0_1_1_0_1_1_0_1_1_1_0_1_1_0_0_0_0_0_0_0_0_0_0_0_0_0_0_1_1_0_0_0,1,4.666666666666667e-5,1.8856180831641267e-5,0.12080536912751678,243.88888888888889
0_1_1_1_1_0_0_1_1_1_0_1_1_1_1_0_0_1_0_1_1_0_0_0_1_0_0_1_1_1_0_1_1_1_1_1_1_1_1_1_1_0_0_1_1_1,1,4.666666666666667e-5,1.2472191289246472e-5,0.12751677852348994,262.88888888888886
0_0_0_1_1_0_0_1_1_1_0_1_1_0_1_0_0_1_0_0_0_1_0_0_0_0_1_0_0_1_0_1_0_0_0_0_1_0_0_0_0_1_1_0_1_1,1,4.666666666666667e-5,1.2472191289246472e-5,0.14093959731543623,217.8888888888889
1_1_1_1_1_0_0_1_1_1_1_1_1_1_1_0_0_1_1_0_1_1_1_0_0_0_0_1_0_1_1_1_0_0_0_0_1_0_0_0_1_1_1_0_1_1,1,4.666666666666667e-5,9.428090415820634e-6,0.1342281879194631,218.33333333333334
0_0_0_0_0_1_1_0_0_0_0_1_0_0_0_1_1_0_1_1_0_1_1_1_0_1_1_0_0_1_0_0_0_0_0_0_1_0_0_0_0_1_1_0_0_0,1,4.666666666666667e-5,2.867441755680876e-5,0.15436241610738255,295.5833333333333
1_0_1_1_1_0_0_1_1_1_1_1_1_1_1_0_0_1_1_0_0_0_1_0_1_1_1_0_1_1_1_1_1_1_1_1_0_1_1_1_0_0_0_1_1_1,1,4.666666666666667e-5,4.714045207910317e-6,0.1610738255033557,216.66666666666666
0_0_0_1_1_0_0_1_1_1_0_1_1_0_1_0_1_1_0_0_0_1_0_0_0_0_1_0_0_0_0_1_0_0_0_0_1_0_0_0_0_1_1_0_0_0,1,4.666666666666667e-5,3.7712361663282534e-5,0.15436241610738255,252.33333333333334
0_0_0_0_0_1_1_0_0_0_0_0_0_0_0_1_1_0_0_1_0_1_0_1_0_1_1_0_0_0_0_0_0_0_0_0_0_0_0_0_0_1_1_1_0_0,1,4.666666666666667e-5,1.2472191289246472e-5,0.12751677852348994,240.7777777777778
0_1_0_0_0_1_1_0_0_0_0_0_0_0_0_1_1_0_0_1_1_0_0_1_1_1_0_1_1_1_0_0_1_1_1_1_1_1_1_1_1_0_0_1_0_0,1,4.666666666666667e-5,2.3570226039551588e-5,0.12751677852348994,252.5
1_1_0_0_0_1_1_0_0_0_1_0_0_1_0_0_0_0_1_1_1_0_1_1_1_1_0_1_1_0_1_0_1_1_1_1_0_1_1_1_1_0_0_1_1_1,1,4.666666666666667e-5,4.714045207910317e-6,0.12751677852348994,229.66666666666666
1_1_0_0_0_1_1_0_0_0_1_0_0_1_0_1_1_0_0_1_1_1_0_1_0_0_0_1_0_0_1_0_0_0_0_0_1_0_0_0_1_1_1_0_0_0,1,4.666666666666667e-5,1.2472191289246472e-5,0.18120805369127516,266.6666666666667
0_0_1_1_1_0_0_1_1_1_0_1_1_1_1_1_1_1_1_0_0_0_1_0_1_1_1_0_1_0_0_1_1_1_1_1_0_1_1_1_0_0_0_0_0_0,1,4.666666666666667e-5,2.3570226039551588e-5,0.18120805369127516,235.55555555555557
0_1_0_1_1_0_0_1_1_1_0_0_1_0_1_1_1_1_0_0_1_1_0_0_0_0_0_1_0_0_0_1_0_0_0_0_0_0_0_0_1_1_1_0_0_0,1,4.666666666666667e-5,1.2472191289246472e-5,0.14093959731543623,201.1111111111111
1_0_1_1_1_0_0_1_1_1_1_1_1_1_1_0_0_1_1_0_1_0_1_0_1_0_1_1_1_1_1_1_1_1_1_1_0_1_1_1_0_0_0_0_1_1,1,4.666666666666667e-5,2.867441755680876e-5,0.1342281879194631,240.25
1_1_0_0_0_1_1_0_0_0_1_0_0_1_0_1_1_0_0_1_1_1_0_1_0_1_0_1_0_1_1_0_0_0_0_0_1_0_0_0_1_1_1_1_0_0,1,4.666666666666667e-5,3.8586123009300757e-5,0.14093959731543623,185.7777777777778
0_1_0_0_0_1_1_0_0_0_0_0_0_0_0_1_1_0_0_0_0_1_0_1_0_1_0_0_0_0_0_0_0_0_0_0_0_0_0_0_1_1_1_1_0_0,1,4.6666666666666665e-5,1.6996731711975947e-5,0.10738255033557047,222.85714285714286
0_0_1_1_1_0_0_1_1_1_0_0_1_1_1_0_0_1_1_0_0_1_1_0_1_1_0_0_1_1_0_1_0_0_1_0_0_0_1_0_0_0_1_0_1_1,1,4.6666666666666665e-5,2.0548046676563253e-5,0.2550335570469799,313.3333333333333
1_1_0_1_1_0_0_1_1_1_1_1_1_0_1_0_0_1_0_0_1_0_0_0_1_0_0_1_1_0_1_1_1_1_1_1_1_1_1_1_1_0_0_1_1_1,1,4.6666666666666665e-5,1.6996731711975947e-5,0.1476510067114094,208.2142857142857
1_1_0_0_0_1_1_0_0_0_1_1_0_0_0_1_0_0_0_1_1_0_0_1_1_0_1_1_1_1_1_0_1_1_1_1_1_1_1_1_1_0_0_1_1_1,1,4.6666666666666665e-5,1.6996731711975947e-5,0.19463087248322147,173.53174603174602
1_1_0_1_1_0_0_1_1_1_1_1_0_0_1_1_0_1_0_1_1_1_0_0_0_0_1_1_0_1_1_1_0_0_0_0_1_0_0_0_1_1_1_1_1_1,1,4.333333333333334e-5,4.714045207910317e-6,0.18791946308724833,190.83333333333334
0_1_0_0_0_1_1_0_0_0_0_0_0_0_0_1_1_0_0_1_1_1_0_1_0_0_0_1_0_0_0_0_0_0_0_0_1_0_0_0_1_1_1_0_0_0,1,4.333333333333334e-5,1.247219128924647e-5,0.1610738255033557,207.7777777777778
1_0_1_1_1_0_0_1_1_1_1_1_1_1_1_1_0_1_1_1_0_1_1_0_0_1_1_0_0_1_1_1_0_0_0_0_0_0_0_0_0_1_1_0_0_0,1,4.333333333333334e-5,9.428090415820635e-6,0.20134228187919462,257.1111111111111
1_0_0_0_0_1_1_1_0_0_1_1_0_1_0_0_0_0_1_1_0_0_1_1_1_0_1_0_1_1_1_0_1_1_1_1_1_1_1_1_0_0_0_1_1_1,1,4.333333333333334e-5,2.3570226039551585e-5,0.18120805369127516,213.8888888888889
0_1_0_0_0_1_1_0_0_0_0_1_0_0_0_1_1_0_0_1_0_0_0_1_1_1_1_0_1_1_0_0_1_1_1_1_1_1_1_1_1_0_0_0_0_0,1,4.333333333333334e-5,2.6246692913372705e-5,0.1476510067114094,261.94444444444446
1_1_0_0_0_1_1_0_0_0_1_0_0_0_0_1_1_0_1_1_0_1_1_1_0_1_0_0_0_0_1_0_0_0_0_0_0_0_0_0_1_1_1_0_0_0,1,4.333333333333334e-5,4.714045207910317e-6,0.1342281879194631,196.83333333333334
1_1_1_1_1_0_0_1_1_1_1_0_1_1_1_0_0_1_1_1_1_1_1_0_0_0_0_1_0_1_1_1_0_0_0_0_0_0_0_0_1_1_1_0_1_1,1,4.333333333333334e-5,1.247219128924647e-5,0.15436241610738255,223.88888888888889
1_0_0_1_1_0_0_1_1_1_1_1_0_0_1_1_0_1_1_1_1_0_1_0_1_0_1_1_1_1_1_1_1_1_1_1_1_1_1_1_0_0_0_1_1_1,1,4.333333333333334e-5,1.6996731711975947e-5,0.18120805369127516,217.2222222222222
1_1_1_1_1_0_0_1_1_1_1_1_1_0_1_0_0_1_1_0_1_1_1_0_0_0_1_1_0_1_1_1_0_0_0_0_1_0_0_0_1_1_1_0_1_1,1,4.333333333333334e-5,1.6996731711975947e-5,0.1476510067114094,213.66666666666666
1_0_1_1_1_0_0_1_1_1_1_1_1_1_1_0_0_1_1_0_1_1_1_0_0_0_1_1_0_1_1_1_0_0_0_0_0_0_0_0_0_1_1_1_1_1,1,4.333333333333334e-5,9.428090415820635e-6,0.12751677852348994,215.7777777777778
0_1_0_0_0_1_1_0_0_0_0_0_0_0_0_1_1_0_0_0_1_0_0_1_1_0_0_1_1_1_0_0_1_1_1_1_1_1_1_1_1_0_0_0_0_0,1,4.333333333333334e-5,3.681787005729087e-5,0.15436241610738255,224.02777777777777
0_0_0_1_1_0_0_1_1_1_0_0_1_0_1_0_0_1_0_0_1_0_0_0_1_0_0_1_1_0_0_1_1_1_1_1_0_1_1_1_0_0_0_1_1_1,1,4.333333333333334e-5,9.428090415820635e-6,0.2080536912751678,255.55555555555557
1_1_0_0_0_1_1_0_0_0_1_0_0_0_0_1_1_0_0_1_0_1_0_1_0_1_0_0_0_1_1_0_0_0_0_0_1_0_0_0_1_1_1_0_0_0,1,4.333333333333334e-5,1.6996731711975947e-5,0.15436241610738255,247.88888888888889
1_0_1_1_1_0_0_1_1_1_1_1_1_0_1_0_0_1_1_0_0_0_1_0_1_0_1_0_1_1_1_1_1_1_1_1_0_1_1_1_0_0_0_1_1_1,1,4.333333333333334e-5,1.6996731711975947e-5,0.1342281879194631,192.33333333333334
0_1_0_1_1_0_0_1_1_1_0_1_0_0_1_1_1_1_0_0_0_1_0_0_0_0_1_0_0_0_0_1_0_0_0_0_1_0_0_0_1_1_1_1_0_0,1,4.333333333333334e-5,4.714045207910317e-6,0.174496644295302,245.5
0_1_1_1_1_0_0_1_1_1_0_1_1_1_1_0_1_1_0_0_0_0_0_0_1_0_1_0_1_1_0_1_1_1_1_1_1_1_1_1_1_0_0_0_0_0,1,4.333333333333334e-5,4.714045207910317e-6,0.12751677852348994,217.83333333333334
1_1_0_0_0_1_1_0_0_0_1_0_0_1_0_1_0_0_1_1_1_1_1_1_0_1_0_1_0_1_1_0_0_0_0_0_0_0_0_0_1_1_1_1_1_1,1,4.333333333333334e-5,4.714045207910317e-6,0.1476510067114094,199.33333333333334
0_0_0_0_0_1_1_0_0_0_0_1_0_0_0_1_1_0_0_0_0_0_0_1_1_0_1_0_1_0_0_0_1_1_1_1_1_1_1_1_0_0_0_0_0_0,1,4.333333333333334e-5,2.3570226039551585e-5,0.18791946308724833,262.77777777777777
1_0_1_0_0_1_1_0_0_0_1_0_0_1_0_1_0_0_1_1_1_1_1_1_0_1_0_1_0_1_1_0_0_0_0_0_0_0_0_0_0_1_1_1_1_1,1,4.333333333333334e-5,9.428090415820635e-6,0.15436241610738255,218.2222222222222
1_1_0_0_0_1_1_0_0_0_1_0_0_1_0_1_1_0_0_1_1_1_0_1_0_0_0_1_0_0_1_0_0_0_0_0_1_0_0_0_1_1_1_1_0_0,1,4.333333333333334e-5,1.247219128924647e-5,0.18120805369127516,246.38888888888889
0_0_1_0_0_1_1_0_0_0_0_0_0_1_0_1_1_0_0_1_0_1_0_1_0_1_0_0_0_0_0_0_0_0_0_0_0_0_0_0_0_1_1_1_0_0,1,4.333333333333334e-5,2.867441755680876e-5,0.15436241610738255,197.5
1_0_0_0_0_1_1_0_0_0_1_0_0_1_0_0_0_0_1_1_1_1_1_1_0_1_1_1_0_0_1_0_0_0_0_0_0_0_0_0_0_1_1_1_1_1,1,4.333333333333334e-5,9.428090415820635e-6,0.1342281879194631,263.3333333333333
0_0_1_0_0_1_1_0_0_0_0_0_1_1_0_0_0_0_1_1_0_1_1_1_1_1_0_0_1_1_0_0_0_0_0_0_0_0_1_0_0_0_1_0_1_1,1,4.333333333333334e-5,4.714045207910317e-6,0.2348993288590604,226.83333333333334
1_0_0_0_0_1_1_0_0_0_1_0_0_0_0_1_1_0_1_0_1_0_1_1_0_1_1_1_0_1_1_0_1_1_0_1_0_1_0_1_0_1_0_1_0_0,1,4.333333333333334e-5,1.2472191289246472e-5,0.18120805369127516,301.1111111111111
0_0_1_1_1_0_0_1_1_1_0_0_1_0_1_0_0_1_0_0_1_0_0_0_1_0_0_1_1_0_0_1_1_1_1_1_0_1_1_1_0_0_0_1_1_1,1,4.333333333333334e-5,1.6996731711975947e-5,0.19463087248322147,265.6666666666667
1_1_0_0_0_1_1_0_0_0_1_0_0_1_0_1_1_0_0_1_1_0_0_1_1_0_0_1_1_0_1_0_1_1_1_1_1_1_1_1_1_0_0_0_0_0,1,4.333333333333334e-5,9.428090415820635e-6,0.174496644295302,204.66666666666666
1_1_1_1_1_0_0_1_1_1_1_0_1_1_1_0_0_1_0_0_1_1_0_0_0_0_0_1_0_0_1_1_0_0_0_0_0_0_0_0_1_1_1_0_1_1,1,4.333333333333334e-5,9.428090415820635e-6,0.1610738255033557,219.33333333333334
1_1_1_0_0_1_1_0_0_0_1_0_0_1_0_0_0_0_1_1_1_0_1_1_1_1_0_1_1_0_1_0_1_1_1_1_0_1_1_1_1_0_0_1_1_1,1,4.333333333333334e-5,2.0548046676563253e-5,0.14093959731543623,275.95238095238096
0_1_1_1_1_0_0_1_1_1_0_1_1_1_1_0_0_1_0_0_0_1_0_0_1_0_1_0_1_0_0_1_0_0_1_0_1_0_1_0_1_0_1_0_1_1,1,4.333333333333334e-5,4.714045207910317e-6,0.18120805369127516,234.66666666666666
1_0_1_0_0_1_1_0_0_0_1_1_1_1_0_0_0_0_1_0_0_1_1_1_0_1_1_0_0_0_1_0_0_0_0_0_0_0_0_0_0_1_1_0_1_1,1,4.333333333333334e-5,2.0548046676563253e-5,0.174496644295302,253.80952380952382
1_1_0_0_0_1_1_0_0_0_1_0_0_1_0_1_1_0_1_1_1_1_1_1_0_1_0_1_0_0_1_0_0_0_0_0_0_0_0_0_1_1_1_0_0_0,1,4.333333333333334e-5,1.6996731711975947e-5,0.12080536912751678,236.0
0_0_0_0_0_1_1_0_0_0_0_0_0_0_0_1_1_0_0_1_0_0_0_1_1_1_1_0_1_0_0_0_1_1_1_1_0_1_1_1_0_0_0_1_0_0,1,4.333333333333334e-5,9.428090415820635e-6,0.1342281879194631,267.11111111111114
1_0_0_0_0_1_1_0_0_0_1_0_0_1_0_1_0_0_1_1_1_1_1_1_0_1_1_1_0_1_1_0_0_0_0_0_0_0_0_0_0_1_1_1_1_1,1,4.333333333333334e-5,2.0548046676563253e-5,0.1476510067114094,199.16666666666666
0_0_1_1_1_0_0_1_1_1_0_1_1_0_1_0_1_1_1_0_0_0_1_0_1_0_1_0_1_1_0_1_1_1_1_1_1_1_1_1_0_0_0_0_0_0,1,4.333333333333334e-5,9.428090415820635e-6,0.1476510067114094,185.11111111111111
0_0_1_1_1_0_0_1_1_1_0_0_1_1_1_0_0_1_0_0_0_1_0_0_1_1_0_0_1_0_0_1_0_0_1_0_0_0_1_0_0_0_1_0_1_1,1,4.333333333333334e-5,1.247219128924647e-5,0.2684563758389262,242.7777777777778
0_0_1_1_1_0_0_1_1_1_0_1_1_1_1_0_0_1_1_1_0_1_1_0_1_0_1_0_1_1_0_1_0_0_1_0_1_0_1_0_0_0_1_0_1_1,1,4.333333333333334e-5,1.2472191289246472e-5,0.18120805369127516,270.27777777777777
0_0_1_1_1_0_0_1_1_1_0_0_1_1_1_0_0_1_1_1_1_0_1_0_1_1_0_1_1_1_0_1_1_1_1_1_0_1_1_1_0_0_0_1_1_1,1,4.333333333333334e-5,4.714045207910317e-6,0.20134228187919462,302.3333333333333
1_1_0_0_0_1_1_0_0_0_1_0_0_1_0_0_0_0_0_1_1_0_0_1_1_1_0_1_1_1_1_0_1_1_1_1_1_1_1_1_1_0_0_1_1_1,1,4.333333333333334e-5,2.0548046676563253e-5,0.1476510067114094,206.90476190476193
0_0_1_1_1_0_0_1_1_1_0_1_1_1_1_0_1_1_1_0_0_0_1_0_1_1_1_0_1_1_0_1_1_1_1_1_0_1_1_1_0_0_0_0_0_0,1,4.333333333333334e-5,2.867441755680876e-5,0.19463087248322147,295.8333333333333
0_0_1_1_1_0_0_1_1_1_0_1_1_0_1_0_0_1_1_0_0_0_1_0_1_1_1_0_1_1_0_1_1_1_1_1_0_1_1_1_0_0_0_1_1_1,1,4.333333333333334e-5,1.247219128924647e-5,0.18120805369127516,203.61111111111111
0_1_0_1_1_0_0_1_1_1_0_1_0_0_1_0_1_1_0_1_1_1_0_0_0_0_1_1_0_1_0_1_0_0_0_0_1_0_0_0_1_1_1_1_1_1,1,4.333333333333334e-5,2.6246692913372705e-5,0.19463087248322147,273.3333333333333
0_0_1_1_1_0_0_1_1_1_0_1_1_1_1_0_0_1_0_0_1_1_0_0_0_0_1_1_0_1_0_1_0_0_0_0_1_0_0_0_0_1_1_1_1_1,1,4.333333333333334e-5,4.714045207910317e-6,0.12751677852348994,184.5
1_1_0_0_0_1_1_0_0_0_1_0_0_1_0_1_1_0_1_1_1_0_1_1_1_1_0_1_1_1_1_0_1_1_1_1_1_1_1_1_1_0_0_0_0_0,1,4.333333333333334e-5,9.428090415820635e-6,0.14093959731543623,193.7777777777778
1_1_0_0_0_1_1_0_0_0_1_1_0_1_0_1_1_0_1_1_0_1_1_1_0_1_1_0_0_1_1_0_0_0_0_0_1_0_0_0_1_1_1_0_0_0,1,4.333333333333333e-5,1.8856180831641264e-5,0.19463087248322147,212.3809523809524
1_1_0_0_0_1_1_0_0_0_1_0_0_0_0_1_1_0_0_1_0_0_0_1_1_1_0_0_1_1_1_0_1_1_1_1_1_1_1_1_1_0_0_0_0_0,1,4.333333333333333e-5,2.0548046676563253e-5,0.1476510067114094,223.45238095238096
0_0_1_1_1_0_0_1_1_1_0_1_1_0_1_0_0_1_1_0_1_1_1_0_0_0_1_1_0_1_0_1_0_0_0_0_0_0_0_0_0_1_1_1_1_1,1,4.333333333333333e-5,1.8856180831641264e-5,0.1610738255033557,239.52380952380952
0_1_0_0_0_1_1_0_0_0_0_0_0_1_0_1_1_0_0_1_1_0_0_1_1_1_0_1_1_0_0_0_1_1_1_1_0_1_1_1_1_0_0_1_0_0,1,4.333333333333333e-5,2.494438257849294e-5,0.12080536912751678,176.66666666666666
0_0_0_0_0_1_1_0_0_0_0_0_0_0_0_1_1_0_1_1_0_0_1_1_1_1_1_0_1_0_0_0_1_1_1_1_0_1_1_1_0_0_0_0_0_0,1,4.333333333333333e-5,2.0548046676563253e-5,0.11409395973154363,225.83333333333334
0_1_1_1_1_0_0_1_1_1_0_1_1_1_1_0_0_1_0_1_1_1_0_0_0_0_0_1_0_1_0_1_0_0_0_0_1_0_0_0_1_1_1_1_1_1,1,4.333333333333333e-5,1.8856180831641264e-5,0.12080536912751678,244.6031746031746
1_1_1_0_0_1_1_0_0_0_1_0_0_1_0_1_0_0_1_1_1_0_1_1_1_1_0_1_1_1_1_0_1_1_1_1_0_1_1_1_1_0_0_1_1_1,1,4.333333333333333e-5,2.0548046676563253e-5,0.15436241610738255,248.92857142857142
1_1_0_0_0_1_1_0_0_0_1_0_0_0_0_1_1_0_1_1_0_0_1_1_1_1_0_0_1_0_1_0_1_1_1_1_0_1_1_1_1_0_0_0_0_0,1,4.333333333333333e-5,1.8856180831641264e-5,0.12751677852348994,216.03174603174602
0_0_1_0_0_1_1_0_0_0_0_0_1_1_0_0_0_0_1_1_0_1_1_1_1_1_0_0_1_1_0_0_0_0_1_0_0_0_1_0_0_0_1_0_1_1,1,4.333333333333333e-5,1.8856180831641264e-5,0.2348993288590604,227.30158730158732
0_0_1_1_1_0_0_1_1_1_0_1_1_1_1_0_1_1_1_0_0_1_1_0_0_1_1_0_0_1_0_1_0_0_0_0_0_0_0_0_0_1_1_0_0_0,1,4.0e-5,0.0,0.18791946308724833,225.0
1_1_1_0_0_1_1_0_0_0_1_0_0_1_0_1_0_0_0_1_1_0_0_1_1_1_0_1_1_0_1_0_1_1_1_1_1_1_1_1_1_0_0_1_1_1,1,4.0e-5,0.0,0.174496644295302,288.3333333333333
0_1_0_1_1_0_0_1_1_1_0_0_0_0_1_0_1_1_0_0_1_1_0_0_0_0_0_1_0_1_0_1_0_0_0_0_1_0_0_0_1_1_1_1_1_1,1,4.0e-5,1.4142135623730951e-5,0.20134228187919462,215.0
1_0_1_0_0_1_1_0_0_0_1_0_0_1_0_1_1_0_1_1_1_1_1_1_0_1_1_1_0_0_1_0_0_0_0_0_0_0_0_0_0_1_1_0_0_0,1,4.0e-5,2.1602468994692868e-5,0.1342281879194631,258.8888888888889
0_1_0_0_0_1_1_0_0_0_0_0_0_0_0_1_1_0_0_1_0_0_0_1_1_1_0_0_1_0_0_0_1_1_1_1_1_1_1_1_1_0_0_1_0_0,1,4.0e-5,1.632993161855452e-5,0.14093959731543623,231.94444444444446
1_0_1_0_0_1_1_0_0_0_1_1_1_1_0_1_0_0_1_1_0_0_1_1_1_1_1_0_1_0_1_0_1_1_1_1_0_1_1_1_0_0_0_0_0_0,1,4.0e-5,2.9439202887759494e-5,0.20134228187919462,218.88888888888889
0_0_1_0_0_1_1_0_0_0_0_0_0_1_0_1_1_0_1_1_0_0_1_1_1_1_0_0_1_1_0_0_1_1_1_1_0_1_1_1_0_0_0_1_0_0,1,4.0e-5,8.164965809277262e-6,0.1476510067114094,248.6111111111111
1_1_0_0_0_1_1_0_0_0_1_0_0_1_0_1_1_0_1_1_1_1_1_1_0_1_0_1_0_0_1_0_0_0_0_0_0_0_0_0_1_1_1_1_0_0,1,4.0e-5,8.164965809277262e-6,0.12080536912751678,206.44444444444446
0_0_0_1_1_0_0_1_1_1_0_1_0_0_1_1_1_1_0_0_0_1_0_0_0_0_1_0_0_1_0_1_0_0_0_0_1_0_0_0_0_1_1_0_0_0,1,4.0e-5,1.632993161855452e-5,0.18791946308724833,284.1666666666667
1_0_0_0_0_1_1_0_0_0_1_1_0_0_0_1_0_0_1_1_1_0_1_1_1_0_1_1_1_1_1_0_1_1_1_1_1_1_1_1_0_0_0_1_1_1,1,4.0e-5,8.164965809277262e-6,0.19463087248322147,263.72222222222223
1_0_1_1_1_0_0_1_1_1_1_0_1_1_1_0_0_1_1_1_1_0_1_0_1_0_0_1_1_0_1_1_1_1_1_1_0_1_1_1_0_0_0_1_1_1,1,4.0e-5,8.164965809277262e-6,0.1476510067114094,238.0
1_1_1_1_1_0_0_0_1_1_1_0_1_0_1_1_1_1_0_0_1_1_0_0_0_1_0_1_0_0_1_1_0_0_0_0_0_0_0_0_1_1_1_0_0_0,1,4.0e-5,1.4142135623730951e-5,0.18120805369127516,205.66666666666666
1_1_1_1_1_0_0_1_1_1_1_0_1_1_1_0_0_1_1_1_1_0_1_0_1_1_0_1_1_1_1_1_1_1_1_1_0_1_1_1_1_0_0_1_1_1,1,4.0e-5,1.632993161855452e-5,0.19463087248322147,288.6111111111111
0_0_0_1_1_0_0_1_1_1_0_1_1_0_1_1_1_1_0_0_0_1_0_0_0_0_1_0_0_0_0_1_0_0_0_0_0_0_0_0_0_1_1_0_0_0,1,4.0e-5,3.5590260840104375e-5,0.16778523489932887,267.5925925925926
1_1_0_1_1_0_0_1_1_1_1_1_0_0_1_1_1_1_0_0_1_0_0_0_0_0_1_1_0_0_1_1_1_1_0_1_1_1_0_1_1_1_0_1_0_0,1,4.0e-5,1.4142135623730951e-5,0.2348993288590604,226.33333333333334
1_0_1_0_0_1_1_0_0_0_1_1_1_1_0_1_0_0_1_0_0_0_1_1_1_1_1_0_1_1_1_0_1_1_1_1_0_1_1_1_0_0_0_0_0_0,1,4.0e-5,8.164965809277262e-6,0.20134228187919462,250.88888888888889
0_0_0_0_0_1_1_1_0_0_0_1_0_1_0_0_0_0_1_1_0_1_1_1_0_0_1_0_0_1_0_0_0_0_0_0_1_0_0_0_0_1_1_1_1_1,1,4.0e-5,8.164965809277262e-6,0.18791946308724833,203.88888888888889
0_1_0_0_0_1_1_0_0_0_0_0_0_0_0_1_1_0_0_0_0_1_0_1_0_1_0_0_0_1_0_0_0_0_0_0_1_0_0_0_1_1_1_1_0_0,1,4.0e-5,1.632993161855452e-5,0.1342281879194631,295.8333333333333
0_1_0_0_0_1_1_0_0_0_0_0_0_1_0_1_1_0_0_1_1_1_0_1_0_1_0_1_0_0_0_0_0_0_0_0_1_0_0_0_1_1_1_1_0_0,1,4.0e-5,8.164965809277262e-6,0.1342281879194631,210.11111111111111
0_0_1_0_0_1_1_0_0_0_0_0_0_1_0_1_1_0_1_1_0_0_1_1_1_1_0_0_1_0_0_0_1_1_1_1_0_1_1_1_0_0_0_0_0_0,1,4.0e-5,8.164965809277262e-6,0.14093959731543623,177.94444444444446
1_1_0_0_0_1_1_0_0_0_1_0_0_1_0_1_1_0_1_1_1_0_1_1_1_1_0_1_1_0_1_0_1_1_1_1_0_1_1_1_1_0_0_0_0_0,1,4.0e-5,8.164965809277262e-6,0.11409395973154363,223.7777777777778
1_1_1_1_1_0_0_1_1_1_1_1_1_1_1_0_0_1_0_0_1_0_0_0_1_0_0_1_1_1_1_1_1_1_1_1_1_1_1_1_1_0_0_0_1_1,1,4.0e-5,1.632993161855452e-5,0.12080536912751678,239.16666666666666
0_1_0_0_0_1_1_0_0_0_0_0_0_0_0_0_1_0_0_1_1_1_0_1_0_1_0_1_0_0_0_0_0_0_0_0_1_0_0_0_1_1_1_1_1_1,1,4.0e-5,1.632993161855452e-5,0.15436241610738255,285.8333333333333
0_1_0_1_1_0_0_1_1_1_0_1_1_0_1_0_1_1_0_0_0_0_0_0_1_0_1_0_1_0_0_1_1_1_1_1_1_1_1_1_1_0_0_0_0_0,1,4.0e-5,8.164965809277262e-6,0.15436241610738255,242.55555555555554
0_0_1_1_1_0_0_1_1_1_0_0_1_1_1_0_0_1_1_0_1_0_1_0_1_0_0_1_1_0_0_1_1_1_1_1_0_1_1_1_0_0_0_1_1_1,1,4.0e-5,8.164965809277262e-6,0.16778523489932887,154.38888888888889
0_1_1_0_0_1_1_0_0_0_0_0_1_1_0_0_1_0_0_0_0_1_0_1_0_1_0_0_0_0_0_0_0_0_0_0_0_0_0_0_1_1_1_0_0_0,1,4.0e-5,8.164965809277262e-6,0.18120805369127516,210.5
1_1_0_0_0_1_1_0_0_0_1_0_0_0_0_1_1_0_0_1_1_0_0_1_1_0_0_1_1_1_1_0_1_1_1_1_1_1_1_1_1_0_0_0_0_0,1,4.0e-5,0.0,0.1610738255033557,190.0
1_1_0_1_1_0_0_1_1_1_1_1_1_0_1_0_0_1_0_0_1_0_0_0_1_0_0_1_1_0_1_1_1_1_1_1_1_1_1_1_1_0_0_0_1_1,1,4.0e-5,1.632993161855452e-5,0.1476510067114094,241.25
1_0_1_1_1_0_0_1_1_1_1_1_1_0_1_0_0_1_1_0_0_0_1_0_1_0_1_0_1_1_1_1_1_1_1_1_1_1_1_1_0_0_0_1_1_1,1,4.0e-5,1.4142135623730951e-5,0.11409395973154363,217.77777777777774
0_1_0_0_0_1_1_0_0_0_0_0_0_0_0_1_1_0_0_1_0_0_0_1_1_1_0_0_1_1_0_0_1_1_1_1_1_1_1_1_1_0_0_0_0_0,1,4.0e-5,1.4142135623730951e-5,0.1342281879194631,279.6666666666667
1_1_1_1_1_0_0_1_1_1_1_1_1_0_1_0_0_1_0_0_1_0_0_0_1_0_0_1_1_1_1_1_1_1_1_1_1_1_1_1_1_0_0_1_1_1,1,4.0e-5,2.9439202887759494e-5,0.14093959731543623,191.38888888888889
1_0_1_1_1_0_0_1_1_1_1_0_1_1_1_1_0_1_1_0_0_1_1_0_0_1_0_0_0_0_1_1_0_0_0_0_0_0_0_0_0_1_1_0_0_0,1,4.0e-5,1.4142135623730951e-5,0.21476510067114093,202.66666666666666
0_0_0_0_0_1_1_0_0_0_0_0_0_1_0_1_1_0_0_1_0_1_0_1_0_1_1_0_0_0_0_0_0_0_0_0_0_0_0_0_0_1_1_0_0_0,1,4.0e-5,1.4142135623730951e-5,0.1476510067114094,223.33333333333334
1_1_0_0_0_1_1_0_0_0_1_0_0_1_0_1_1_0_1_1_0_1_1_1_0_1_0_0_0_1_1_0_0_0_0_0_0_0_0_0_1_1_1_0_0_0,1,4.0e-5,0.0,0.1476510067114094,201.66666666666666
1_1_0_0_0_1_1_0_0_0_1_0_0_0_0_1_0_0_0_0_1_1_0_1_0_1_0_1_0_1_1_0_0_0_0_0_1_0_0_0_1_1_1_1_1_1,1,4.0e-5,8.164965809277262e-6,0.1476510067114094,218.3888888888889
0_1_1_1_1_0_0_1_1_1_0_1_1_0_1_1_1_1_0_0_0_1_0_0_0_0_0_0_0_1_0_1_0_0_0_0_1_0_0_0_1_1_1_0_0_0,1,4.0e-5,0.0,0.12751677852348994,256.6666666666667
0_0_0_0_0_1_1_0_0_0_0_0_0_1_0_1_1_0_1_1_0_1_1_1_0_1_1_0_0_1_0_0_0_0_0_0_0_0_0_0_0_1_1_1_0_0,1,4.0e-5,8.164965809277262e-6,0.1342281879194631,183.38888888888889
1_1_0_0_0_1_1_0_0_0_1_0_0_1_0_1_1_0_0_1_0_0_0_1_1_1_0_0_1_0_1_0_1_1_1_1_1_1_1_1_1_0_0_0_0_0,1,4.0e-5,8.164965809277262e-6,0.1610738255033557,253.2777777777778
1_1_1_1_1_0_0_1_1_1_1_1_1_0_1_0_0_1_0_0_1_1_0_0_0_0_1_1_0_0_1_1_0_0_0_0_1_0_0_0_1_1_1_0_1_1,1,4.0e-5,8.164965809277262e-6,0.1342281879194631,224.5
0_0_1_0_0_1_1_0_0_0_0_0_1_1_0_0_0_0_1_0_0_1_1_1_1_1_0_0_1_1_0_0_0_0_1_0_0_0_1_0_0_0_1_0_1_1,1,4.0e-5,1.4142135623730951e-5,0.24161073825503357,203.33333333333334
1_1_0_0_0_1_1_0_0_0_1_0_0_0_0_1_1_0_0_1_1_0_0_1_0_1_0_1_0_0_1_0_1_1_0_1_1_1_0_1_1_1_0_1_0_0,1,4.0e-5,1.4142135623730951e-5,0.2080536912751678,285.0
1_0_1_1_1_0_0_1_1_1_1_1_1_1_1_1_0_1_1_1_0_0_1_0_1_1_1_0_1_1_1_1_1_1_1_1_0_1_1_1_0_0_0_0_0_0,1,4.0e-5,1.4142135623730951e-5,0.19463087248322147,231.66666666666666
1_0_1_1_1_0_0_1_1_1_1_1_1_1_1_0_0_1_1_1_1_0_1_0_1_0_1_1_1_0_1_1_1_1_1_1_0_1_1_1_0_0_0_0_1_1,1,4.0e-5,1.632993161855452e-5,0.1342281879194631,230.0
1_0_0_0_0_1_1_0_0_0_1_0_0_1_0_0_0_0_1_1_1_0_1_1_1_1_1_1_1_0_1_0_1_1_1_1_0_1_1_1_0_0_0_1_1_1,1,4.0e-5,2.9439202887759494e-5,0.12751677852348994,257.6388888888889
1_1_0_0_0_1_1_0_0_0_1_0_0_1_0_1_0_0_1_1_1_0_1_1_1_1_0_1_1_1_1_0_1_1_1_1_0_1_1_1_1_0_0_1_1_1,1,3.9999999999999996e-5,2.4494897427831778e-5,0.14093959731543623,174.76190476190473
0_0_0_1_1_0_0_1_1_1_0_1_0_0_1_1_1_1_1_0_0_1_1_0_0_0_1_0_0_1_0_1_0_0_0_0_1_0_0_0_0_1_1_1_0_0,1,3.9999999999999996e-5,2.1602468994692865e-5,0.18120805369127516,262.14285714285717
0_0_1_1_1_0_0_1_1_1_0_1_1_1_1_0_0_1_0_1_0_1_0_0_1_0_1_0_1_0_0_1_0_0_0_0_1_0_1_0_0_0_1_0_1_1,1,3.9999999999999996e-5,2.1602468994692865e-5,0.18120805369127516,211.19047619047618
0_1_0_0_0_1_1_0_0_0_0_1_0_0_0_1_1_0_0_1_0_1_0_1_0_1_1_0_0_0_0_0_0_0_0_0_1_0_0_0_1_1_1_0_0_0,1,3.666666666666667e-5,1.2472191289246472e-5,0.1476510067114094,204.5
0_1_0_0_0_1_1_0_0_0_0_0_0_0_0_1_1_0_0_1_0_1_0_1_0_1_0_0_0_0_0_0_0_0_0_0_0_0_0_0_1_1_1_1_0_0,1,3.666666666666667e-5,2.0548046676563257e-5,0.11409395973154363,247.22222222222226
0_1_0_0_0_1_1_0_0_0_0_0_0_0_0_0_1_0_0_1_1_0_0_1_1_1_0_1_1_0_0_0_1_1_1_1_1_1_1_1_1_0_0_1_1_1,1,3.666666666666667e-5,1.2472191289246472e-5,0.1610738255033557,239.33333333333334
0_0_0_0_0_1_1_0_0_0_0_1_0_0_0_1_1_0_0_1_0_0_0_1_1_1_1_0_1_1_0_0_1_1_1_1_1_1_1_1_0_0_0_0_0_0,1,3.666666666666667e-5,4.7140452079103185e-6,0.15436241610738255,255.27777777777774
1_0_1_0_0_1_1_0_0_0_1_0_1_1_0_1_0_0_1_0_0_0_1_1_1_1_0_0_1_0_1_0_1_1_1_1_0_1_1_1_0_0_0_0_0_0,1,3.666666666666667e-5,2.0548046676563257e-5,0.19463087248322147,282.77777777777777
1_1_1_1_1_0_0_1_1_1_1_0_1_0_1_0_0_1_1_0_1_0_1_0_1_0_0_1_1_1_1_1_1_1_1_1_0_1_1_1_1_0_0_1_1_1,1,3.666666666666667e-5,4.7140452079103185e-6,0.174496644295302,215.0
1_0_1_1_1_0_0_1_1_1_1_1_1_1_1_0_0_1_1_0_0_1_1_0_0_1_1_0_0_1_1_1_0_0_0_0_0_0_0_0_0_1_1_0_1_1,1,3.666666666666667e-5,1.2472191289246472e-5,0.16778523489932887,288.0
1_0_0_0_0_1_1_0_0_0_1_0_0_0_0_1_1_0_1_0_0_0_1_1_1_1_1_0_1_0_1_0_1_1_1_1_0_1_1_1_0_0_0_0_0_0,1,3.666666666666667e-5,1.2472191289246472e-5,0.12080536912751678,194.66666666666666
0_1_0_0_0_1_1_0_0_0_0_0_0_0_0_1_1_0_0_1_1_1_0_1_0_0_0_1_0_1_0_0_0_0_0_0_1_0_0_0_1_1_1_0_0_0,1,3.666666666666667e-5,4.7140452079103185e-6,0.16778523489932887,180.83333333333334
1_1_0_0_0_1_1_0_0_0_1_0_0_0_0_1_1_0_1_1_1_0_1_1_1_0_0_1_1_1_1_0_1_1_1_1_1_1_1_1_1_0_0_1_0_0,1,3.666666666666667e-5,1.2472191289246472e-5,0.18120805369127516,265.5
1_1_0_1_1_0_0_1_1_1_1_0_0_0_1_1_0_1_1_1_1_0_1_0_1_0_0_1_1_1_1_1_1_1_1_1_1_1_1_1_1_0_0_1_1_1,1,3.666666666666667e-5,4.7140452079103185e-6,0.20134228187919462,245.55555555555557
1_0_1_0_0_1_1_0_0_0_1_1_1_1_0_1_0_0_1_1_0_1_1_1_0_1_1_0_0_0_1_0_0_0_0_0_0_0_0_0_0_1_1_0_0_0,1,3.666666666666667e-5,1.2472191289246472e-5,0.2080536912751678,266.8333333333333
1_1_0_0_0_1_1_0_0_0_1_0_0_0_0_1_1_0_0_0_1_0_0_1_0_1_0_1_0_0_1_0_1_1_0_1_1_1_0_1_1_1_0_1_0_0,1,3.666666666666667e-5,1.2472191289246472e-5,0.20134228187919462,237.83333333333334
0_0_0_1_1_0_0_1_1_1_0_1_1_0_1_0_0_1_0_0_0_0_0_0_1_0_1_0_1_1_0_1_1_1_1_1_1_1_1_1_0_0_0_0_1_1,1,3.666666666666667e-5,1.2472191289246472e-5,0.1342281879194631,194.33333333333334
0_1_0_1_1_0_0_1_1_1_0_0_0_0_1_0_1_1_0_0_1_0_0_0_1_0_0_1_1_1_0_1_1_1_1_1_1_1_1_1_1_0_0_1_1_1,1,3.666666666666667e-5,1.2472191289246472e-5,0.2080536912751678,268.8333333333333
1_1_0_1_1_0_0_1_1_1_1_1_1_0_1_0_0_1_1_0_1_1_1_0_0_0_1_1_0_1_1_1_0_0_0_0_1_0_0_0_1_1_1_1_1_1,1,3.6666666666666666e-5,2.357022603955158e-5,0.1476510067114094,241.66666666666666
0_1_0_0_0_1_1_0_0_0_0_0_0_0_0_0_1_0_0_0_1_1_0_1_0_1_0_1_0_1_0_0_0_0_0_0_1_0_0_0_1_1_1_1_1_1,1,3.6666666666666666e-5,2.494438257849294e-5,0.15436241610738255,264.2857142857143
0_1_0_0_0_1_1_0_0_0_0_1_0_0_0_1_1_0_0_0_0_1_0_1_0_1_1_0_0_1_0_0_0_0_0_0_1_0_0_0_1_1_1_1_0_0,1,3.6666666666666666e-5,4.7140452079103185e-6,0.1476510067114094,210.83333333333334
0_0_0_0_0_1_1_0_0_0_0_1_0_0_0_1_1_0_0_1_0_0_0_1_1_0_1_0_1_0_0_0_1_1_1_1_1_1_1_1_0_0_0_0_0_0,1,3.6666666666666666e-5,1.2472191289246472e-5,0.19463087248322147,208.0
1_0_0_0_0_1_1_0_0_0_1_0_0_0_0_1_1_0_1_1_0_1_1_1_0_1_1_0_0_1_1_0_0_0_0_0_0_0_0_0_0_1_1_0_0_0,1,3.6666666666666666e-5,1.699673171197595e-5,0.12751677852348994,205.0
0_0_0_1_1_0_0_1_1_1_0_1_1_0_1_0_0_1_0_0_0_1_0_0_0_0_1_0_0_1_0_1_0_0_0_0_1_0_0_0_0_1_1_1_1_1,1,3.6666666666666666e-5,2.6246692913372705e-5,0.12751677852348994,192.0
1_0_1_1_1_0_0_1_1_1_1_1_1_1_1_0_0_1_1_0_1_0_1_0_1_0_1_1_1_1_1_1_1_1_1_1_1_1_1_1_0_0_0_0_1_1,1,3.6666666666666666e-5,2.357022603955158e-5,0.11409395973154363,203.57142857142858
0_1_1_0_0_1_1_0_0_0_0_0_0_1_0_1_1_0_0_1_1_0_0_1_1_1_0_1_1_0_0_0_1_1_1_1_0_1_1_1_1_0_0_0_0_0,1,3.6666666666666666e-5,1.699673171197595e-5,0.12080536912751678,183.88888888888889
0_1_0_1_1_0_0_1_1_1_0_0_0_0_1_1_1_1_0_1_1_1_0_0_0_0_0_1_0_1_0_1_0_0_0_0_1_0_0_0_1_1_1_1_0_0,1,3.6666666666666666e-5,1.699673171197595e-5,0.16778523489932887,256.6666666666667
1_0_1_0_0_1_1_0_0_0_1_0_1_1_0_0_0_0_1_1_1_1_1_1_0_1_0_1_0_1_1_0_0_0_0_0_0_0_0_0_0_1_1_0_1_1,1,3.6666666666666666e-5,3.091206165165235e-5,0.18120805369127516,232.5
0_0_0_1_1_0_0_1_1_1_0_1_0_0_1_1_1_1_0_0_0_1_0_0_0_0_1_0_0_0_0_1_0_0_0_0_1_0_0_0_0_1_1_1_0_0,1,3.6666666666666666e-5,4.7140452079103185e-6,0.18120805369127516,208.88888888888889
0_0_1_1_1_0_0_1_1_1_0_1_1_0_1_1_1_1_1_0_0_1_1_0_0_1_1_0_0_1_0_1_0_0_0_0_0_0_0_0_0_1_1_0_0_0,1,3.6666666666666666e-5,9.428090415820635e-6,0.18791946308724833,236.0
0_1_0_1_1_0_0_1_1_1_0_1_0_0_1_1_1_1_0_0_0_0_0_0_1_0_1_0_1_0_0_1_1_1_1_1_1_1_1_1_1_0_0_1_0_0,1,3.6666666666666666e-5,1.885618083164127e-5,0.18120805369127516,224.66666666666666
0_0_1_1_1_0_0_1_1_1_0_1_1_1_1_0_1_1_0_0_0_1_0_0_0_0_1_0_0_0_0_1_0_0_0_0_0_0_0_0_0_1_1_0_0_0,1,3.6666666666666666e-5,4.7140452079103185e-6,0.15436241610738255,236.11111111111111
1_1_1_1_1_0_0_1_1_1_1_1_1_0_1_0_0_1_0_0_1_1_0_0_0_0_1_1_0_1_1_1_0_0_0_0_1_0_0_0_1_1_1_1_1_1,1,3.6666666666666666e-5,9.428090415820635e-6,0.12751677852348994,248.22222222222226
1_0_1_1_1_0_0_1_1_1_1_1_1_0_1_0_0_1_1_0_0_0_1_0_1_1_1_0_1_1_1_1_1_1_1_1_0_1_1_1_0_0_0_0_1_1,1,3.6666666666666666e-5,9.428090415820635e-6,0.18120805369127516,207.7777777777778
0_0_1_0_0_1_1_0_0_0_0_0_1_1_0_0_0_0_1_1_1_0_1_1_1_1_0_1_1_0_0_0_1_1_1_1_0_1_1_1_0_0_0_1_1_1,1,3.6666666666666666e-5,9.428090415820635e-6,0.19463087248322147,234.2222222222222
0_1_1_1_1_0_0_1_1_1_0_0_1_1_1_0_1_1_0_0_0_1_0_0_0_1_0_0_0_0_0_1_0_0_0_0_0_0_0_0_1_1_1_0_0_0,1,3.6666666666666666e-5,1.699673171197595e-5,0.19463087248322147,256.11111111111114
0_0_1_1_1_0_0_1_1_1_0_0_1_1_1_0_1_1_1_0_0_1_1_0_0_1_0_0_0_0_0_1_0_0_0_0_0_0_0_0_0_1_1_0_0_0,1,3.6666666666666666e-5,2.6246692913372705e-5,0.19463087248322147,208.16666666666669
1_1_1_0_0_1_1_0_0_0_1_0_1_1_0_0_0_0_1_0_1_0_1_1_1_1_0_1_1_1_1_0_1_1_1_1_0_1_1_1_1_0_0_1_1_1,1,3.6666666666666666e-5,1.885618083164127e-5,0.18791946308724833,227.33333333333334
1_0_1_1_1_0_0_1_1_1_1_1_1_1_1_1_0_1_1_0_0_1_1_0_0_0_1_0_0_0_1_1_0_0_0_0_0_0_0_0_0_1_1_0_0_0,1,3.6666666666666666e-5,2.8674417556808754e-5,0.16778523489932887,228.39285714285714
0_1_1_1_1_0_0_1_1_1_0_1_1_1_1_0_0_1_0_0_1_0_0_0_1_0_0_1_1_0_0_1_1_1_1_1_1_1_1_1_1_0_0_1_1_1,1,3.6666666666666666e-5,1.885618083164127e-5,0.12751677852348994,228.0
0_0_0_0_0_1_1_0_0_0_0_0_0_1_0_1_1_0_1_1_0_1_1_1_0_1_1_0_0_1_0_0_0_0_0_0_0_0_0_0_0_1_1_0_0_0,1,3.6666666666666666e-5,4.7140452079103185e-6,0.1342281879194631,220.2777777777778
1_1_1_1_1_0_0_1_1_1_1_1_1_0_1_0_0_1_1_0_1_0_1_0_1_0_1_1_1_1_1_1_1_1_1_1_1_1_1_1_1_0_0_0_1_1,1,3.6666666666666666e-5,4.7140452079103185e-6,0.14093959731543623,227.7777777777778
0_1_1_0_0_1_1_0_0_0_0_0_0_1_0_1_1_0_0_1_1_1_0_1_0_1_0_1_0_0_0_0_0_0_0_0_0_0_0_0_1_1_1_0_0_0,1,3.6666666666666666e-5,1.2472191289246472e-5,0.12751677852348994,226.0
0_1_0_0_0_1_1_0_0_0_0_1_0_0_0_1_1_0_0_1_0_1_0_1_0_1_1_0_0_0_0_0_0_0_0_0_1_0_0_0_1_1_1_1_0_0,1,3.6666666666666666e-5,1.2472191289246472e-5,0.1476510067114094,243.0
1_1_1_1_1_0_0_1_1_1_1_0_1_1_1_0_0_1_1_0_1_1_1_0_0_0_0_1_0_0_1_1_0_0_0_0_0_0_0_0_1_1_1_1_1_1,1,3.6666666666666666e-5,9.428090415820635e-6,0.15436241610738255,236.0
1_1_1_0_0_1_1_0_0_0_1_0_0_1_0_1_0_0_1_1_1_1_1_1_0_1_0_1_0_1_1_0_0_0_0_0_0_0_0_0_1_1_1_1_1_1,1,3.6666666666666666e-5,2.0548046676563257e-5,0.1610738255033557,253.05555555555554
1_0_1_1_1_0_0_1_1_1_1_0_1_1_1_0_0_1_1_0_1_0_1_0_1_0_0_1_1_1_1_1_1_1_1_1_0_1_1_1_0_0_0_0_1_1,1,3.6666666666666666e-5,2.494438257849294e-5,0.1476510067114094,221.2698412698413
1_1_1_1_1_0_0_1_1_1_1_1_1_0_1_0_0_1_0_0_1_0_0_0_1_0_0_1_1_0_1_1_1_1_1_1_1_1_1_1_1_0_0_1_1_1,1,3.6666666666666666e-5,1.699673171197595e-5,0.1342281879194631,240.55555555555554
1_1_0_0_0_1_1_0_0_0_1_1_0_0_0_1_1_0_0_1_0_0_0_1_1_1_1_0_1_1_1_0_1_1_1_1_1_1_1_1_1_0_0_0_0_0,1,3.6666666666666666e-5,2.494438257849294e-5,0.1610738255033557,255.3968253968254
1_1_0_0_0_1_1_0_0_0_1_0_0_1_0_1_0_0_0_1_1_0_0_1_1_1_0_1_1_0_1_0_1_1_1_1_0_1_1_1_1_0_0_1_1_1,1,3.6666666666666666e-5,2.8674417556808754e-5,0.14093959731543623,185.89285714285714
0_1_0_0_0_1_1_1_0_0_0_1_0_1_0_0_1_0_0_1_1_0_0_1_1_0_1_1_1_0_0_0_1_1_1_1_1_1_1_1_1_0_0_1_1_1,1,3.6666666666666666e-5,4.7140452079103185e-6,0.2348993288590604,229.7222222222222
1_0_1_1_1_0_0_1_1_1_1_1_1_0_1_0_0_1_1_0_0_1_1_0_0_0_1_0_0_1_1_1_0_0_0_0_1_0_0_0_0_1_1_1_1_1,1,3.6666666666666666e-5,4.7140452079103185e-6,0.10738255033557047,161.11111111111111
0_0_1_1_1_0_0_1_1_1_0_0_1_1_1_0_1_1_1_0_0_0_1_0_1_1_0_0_1_0_0_1_1_1_1_1_0_1_1_1_0_0_0_0_0_0,1,3.6666666666666666e-5,1.699673171197595e-5,0.20134228187919462,191.11111111111111
0_0_1_0_0_1_1_0_0_0_0_0_0_1_0_1_1_0_1_1_0_1_1_1_0_1_0_0_0_0_0_0_0_0_0_0_0_0_0_0_0_1_1_1_0_0,1,3.6666666666666666e-5,2.357022603955158e-5,0.1476510067114094,201.66666666666666
0_0_1_1_1_0_0_1_1_1_0_1_1_0_1_0_0_1_1_0_0_0_1_0_1_1_1_0_1_1_0_1_1_1_1_1_0_1_1_1_0_0_0_0_1_1,1,3.6666666666666666e-5,3.771236166328254e-5,0.18120805369127516,222.5925925925926
1_0_1_1_1_0_0_1_1_1_1_0_1_1_1_0_0_1_1_0_1_1_1_0_0_0_0_1_0_0_1_1_0_0_0_0_0_0_0_0_0_1_1_0_1_1,1,3.333333333333334e-5,9.428090415820635e-6,0.1610738255033557,256.6666666666667
0_0_0_0_0_1_1_0_0_0_0_0_0_0_0_1_1_0_1_1_0_1_1_1_0_1_0_0_0_0_0_0_0_0_0_0_0_0_0_0_0_1_1_1_0_0,1,3.333333333333334e-5,9.428090415820635e-6,0.11409395973154363,200.0
1_1_0_0_0_1_1_0_0_0_1_0_0_0_0_1_1_0_1_0_1_0_1_1_0_1_0_1_0_1_1_0_1_1_0_1_0_1_0_1_1_1_0_1_0_0,1,3.333333333333334e-5,9.428090415820635e-6,0.18120805369127516,274.1666666666667
0_1_0_0_0_1_1_0_0_0_0_1_0_0_0_0_1_0_0_1_1_1_0_1_0_0_1_1_0_1_0_0_0_0_0_0_1_0_0_0_1_1_1_1_1_1,1,3.3333333333333335e-5,1.699673171197595e-5,0.2080536912751678,256.8333333333333
0_1_0_0_0_1_1_0_0_0_0_0_0_0_0_0_1_0_0_0_1_1_0_1_0_0_0_1_0_1_0_0_0_0_0_0_1_0_0_0_1_1_1_1_1_1,1,3.3333333333333335e-5,1.8856180831641267e-5,0.20134228187919462,212.2222222222222
0_1_0_1_1_0_0_1_1_1_0_1_0_0_1_1_1_1_0_0_0_0_0_0_1_0_1_0_1_1_0_1_1_1_1_1_1_1_1_1_1_0_0_0_0_0,1,3.3333333333333335e-5,2.0548046676563257e-5,0.174496644295302,332.77777777777777
0_1_0_0_0_1_1_1_0_0_0_1_0_1_0_0_1_0_0_1_1_1_0_1_0_0_1_1_0_0_0_0_0_0_0_0_1_0_0_0_1_1_1_1_1_1,1,3.3333333333333335e-5,1.2472191289246472e-5,0.22818791946308725,175.7777777777778
0_0_0_0_0_1_1_0_0_0_0_1_0_0_0_1_1_0_1_1_0_1_1_1_0_1_1_0_0_1_0_0_0_0_0_0_1_0_0_0_0_1_1_1_0_0,1,3.3333333333333335e-5,1.699673171197595e-5,0.15436241610738255,273.6666666666667
0_0_1_1_1_0_0_1_1_1_0_1_1_0_1_0_0_1_1_0_0_0_1_0_1_0_1_0_1_0_0_1_1_1_1_1_0_1_1_1_0_0_0_0_1_1,1,3.3333333333333335e-5,1.699673171197595e-5,0.14093959731543623,216.16666666666666
0_0_0_0_0_1_1_0_0_0_0_1_0_0_0_1_1_0_1_0_0_1_1_1_0_0_1_0_0_1_0_0_0_0_0_0_1_0_0_0_0_1_1_0_0_0,1,3.3333333333333335e-5,1.2472191289246472e-5,0.19463087248322147,208.7777777777778
0_0_1_0_0_1_1_0_0_0_0_0_1_1_0_0_0_0_1_1_1_1_1_1_0_1_0_1_0_0_0_0_0_0_0_0_0_0_0_0_0_1_1_1_1_1,1,3.3333333333333335e-5,4.7140452079103185e-6,0.18791946308724833,231.25
0_1_0_0_0_1_1_0_0_0_0_1_0_0_0_1_1_0_0_0_0_1_0_1_0_0_1_0_0_0_0_0_0_0_0_0_1_0_0_0_1_1_1_0_0_0,1,3.3333333333333335e-5,4.7140452079103185e-6,0.18791946308724833,218.8888888888889
1_0_0_0_0_1_1_0_0_0_1_1_0_0_0_1_1_0_1_0_0_0_1_1_1_1_1_0_1_1_1_0_1_1_1_1_1_1_1_1_0_0_0_0_0_0,1,3.3333333333333335e-5,2.0548046676563257e-5,0.15436241610738255,270.0
1_1_0_1_1_0_0_1_1_1_1_1_0_0_1_1_1_1_0_0_0_0_0_0_1_0_1_0_1_1_1_1_1_1_1_1_1_1_1_1_1_0_0_0_0_0,1,3.3333333333333335e-5,1.699673171197595e-5,0.18791946308724833,218.33333333333334
0_1_1_1_1_0_0_1_1_1_0_1_1_1_1_0_0_1_0_0_1_0_0_0_1_0_1_1_1_1_0_1_1_1_1_1_1_1_1_1_1_0_0_1_1_1,1,3.3333333333333335e-5,1.2472191289246472e-5,0.12751677852348994,244.0
1_1_0_0_0_1_1_0_0_0_1_0_0_1_0_1_1_0_0_1_1_1_0_1_0_1_0_1_0_1_1_0_0_0_0_0_1_0_0_0_1_1_1_0_0_0,1,3.3333333333333335e-5,2.0548046676563257e-5,0.14093959731543623,167.7777777777778
0_1_0_0_0_1_1_0_0_0_0_0_0_0_0_0_1_0_0_0_1_0_0_1_1_1_0_1_1_1_0_0_1_1_1_1_1_1_1_1_1_0_0_1_1_1,1,3.3333333333333335e-5,2.0548046676563257e-5,0.1610738255033557,221.66666666666666
0_0_1_1_1_0_0_1_1_1_0_1_1_1_1_0_0_1_1_0_0_1_1_0_1_0_1_0_1_1_0_1_0_0_1_0_0_0_1_0_0_0_1_0_1_1,1,3.3333333333333335e-5,4.7140452079103185e-6,0.2080536912751678,263.3333333333333
0_0_1_1_1_0_0_1_1_1_0_0_1_1_1_0_0_1_1_0_1_1_1_0_0_1_0_1_0_1_0_1_0_0_0_0_0_0_0_0_0_1_1_1_1_1,1,3.3333333333333335e-5,1.699673171197595e-5,0.20134228187919462,172.33333333333334
1_0_0_0_0_1_1_1_0_0_1_1_0_1_0_0_0_0_1_1_0_1_1_1_0_0_1_0_0_1_1_0_0_0_0_0_1_0_0_0_0_1_1_1_1_1,1,3.3333333333333335e-5,2.0548046676563257e-5,0.18791946308724833,183.33333333333334
0_0_1_0_0_1_1_0_0_0_0_1_1_1_0_0_1_0_1_0_0_0_1_1_1_1_1_0_1_0_0_0_1_1_1_1_0_1_1_1_0_0_0_0_0_0,1,3.3333333333333335e-5,1.699673171197595e-5,0.20134228187919462,240.83333333333334
0_1_0_1_1_0_0_1_1_1_0_1_1_0_1_0_1_1_0_0_0_1_0_0_0_0_1_0_0_0_0_1_0_0_0_0_1_0_0_0_1_1_1_0_0_0,1,3.3333333333333335e-5,1.2472191289246472e-5,0.1476510067114094,275.4444444444444
0_1_1_1_1_0_0_0_1_1_0_0_1_0_1_1_1_1_0_0_1_1_0_0_0_1_0_1_0_0_0_1_0_0_0_0_0_0_0_0_1_1_1_0_0_0,1,3.3333333333333335e-5,2.0548046676563257e-5,0.18120805369127516,236.66666666666666
1_0_1_1_1_0_0_1_1_1_1_0_1_1_1_1_0_1_1_0_0_0_1_0_1_1_0_0_1_0_1_1_1_1_1_1_0_1_1_1_0_0_0_0_0_0,1,3.3333333333333335e-5,4.7140452079103185e-6,0.2080536912751678,239.44444444444446
1_1_0_0_0_1_1_0_0_0_1_1_0_1_0_1_1_0_1_1_0_0_1_1_1_1_1_0_1_1_1_0_1_1_1_1_1_1_1_1_1_0_0_0_0_0,1,3.3333333333333335e-5,2.0548046676563257e-5,0.18791946308724833,220.55555555555557
1_1_0_1_1_0_0_1_1_1_1_0_0_0_1_1_0_1_1_1_1_1_1_0_0_0_0_1_0_1_1_1_0_0_0_0_1_0_0_0_1_1_1_1_1_1,1,3.3333333333333335e-5,4.7140452079103185e-6,0.2080536912751678,218.33333333333331
1_0_1_0_0_1_1_0_0_0_1_0_1_1_0_1_0_0_1_0_0_1_1_1_0_1_0_0_0_0_1_0_0_0_0_0_0_0_0_0_0_1_1_0_0_0,1,3.3333333333333335e-5,1.8856180831641267e-5,0.20134228187919462,210.0
0_1_0_0_0_1_1_0_0_0_0_0_0_0_0_1_1_0_0_1_1_0_0_1_1_0_0_1_1_0_0_0_1_1_1_1_1_1_1_1_1_0_0_1_0_0,1,3.3333333333333335e-5,1.8856180831641267e-5,0.16778523489932887,242.7777777777778
0_0_1_1_1_0_0_1_1_1_0_0_1_1_1_0_0_1_1_0_1_1_1_0_0_0_0_1_0_0_0_1_0_0_0_0_0_0_0_0_0_1_1_1_1_1,1,3.3333333333333335e-5,1.8856180831641267e-5,0.1610738255033557,177.5
0_0_0_1_1_0_0_1_1_1_0_1_0_0_1_1_1_1_0_1_0_1_0_0_0_0_1_0_0_0_0_1_0_0_0_0_1_0_0_0_0_1_1_0_0_0,1,3.3333333333333335e-5,4.7140452079103185e-6,0.18791946308724833,222.7777777777778
0_1_0_0_0_1_1_0_0_0_0_0_0_1_0_1_1_0_0_1_1_0_0_1_1_1_0_1_1_0_0_0_1_1_1_1_1_1_1_1_1_0_0_0_0_0,1,3.3333333333333335e-5,1.2472191289246472e-5,0.12751677852348994,212.55555555555554
0_0_0_1_1_0_0_1_1_1_0_1_1_0_1_0_1_1_1_0_0_1_1_0_0_0_1_0_0_1_0_1_0_0_0_0_0_0_0_0_0_1_1_0_0_0,1,3.3333333333333335e-5,4.7140452079103185e-6,0.174496644295302,295.0
1_0_1_1_1_0_0_1_1_1_1_1_1_1_1_0_0_1_1_0_0_1_1_0_0_1_1_0_0_0_1_1_0_0_0_0_0_0_0_0_0_1_1_0_1_1,1,3.3333333333333335e-5,1.2472191289246472e-5,0.174496644295302,209.55555555555557
0_1_0_0_0_1_1_0_0_0_0_0_0_1_0_0_1_0_0_1_1_0_0_1_1_1_0_1_1_0_0_0_1_1_1_1_0_1_1_1_1_0_0_1_1_1,1,3.3333333333333335e-5,1.2472191289246472e-5,0.1610738255033557,200.88888888888889
0_1_1_0_0_1_1_0_0_0_0_0_0_1_0_1_1_0_0_1_1_0_0_1_1_1_0_1_1_0_0_0_1_1_1_1_0_1_1_1_1_0_0_1_0_0,1,3.3333333333333335e-5,1.699673171197595e-5,0.1342281879194631,233.16666666666666
0_0_0_1_1_0_0_1_1_1_0_0_1_0_1_0_0_1_1_0_1_1_1_0_0_0_0_1_0_1_0_1_0_0_0_0_0_0_0_0_0_1_1_1_1_1,1,3.3333333333333335e-5,4.7140452079103185e-6,0.18791946308724833,239.44444444444443
0_0_1_1_1_0_0_1_1_1_0_1_1_1_1_0_1_1_0_0_0_0_0_0_1_0_1_0_1_0_0_1_1_1_1_1_0_1_1_1_0_0_0_0_0_0,1,3.3333333333333335e-5,1.2472191289246472e-5,0.1610738255033557,214.2222222222222
0_0_1_1_1_0_0_1_1_1_0_1_1_0_1_1_1_1_0_0_0_1_0_0_0_0_1_0_0_1_0_1_0_0_0_0_1_0_0_0_0_1_1_0_0_0,1,3.3333333333333335e-5,4.7140452079103185e-6,0.12751677852348994,186.11111111111111
0_1_0_1_1_0_0_1_1_1_0_0_0_0_1_0_1_1_0_1_1_1_0_0_0_0_0_1_0_0_0_1_0_0_0_0_1_0_0_0_1_1_1_1_1_1,1,3.3333333333333335e-5,2.3570226039551588e-5,0.20134228187919462,294.0
1_0_0_1_1_0_0_1_1_1_1_1_0_0_1_1_0_1_1_0_1_0_1_0_1_0_1_1_1_1_1_1_1_1_1_1_1_1_1_1_0_0_0_1_1_1,1,3.3333333333333335e-5,4.7140452079103185e-6,0.174496644295302,190.27777777777774
1_1_1_1_1_0_0_1_1_1_1_1_1_0_1_0_0_1_0_0_1_0_0_0_1_0_0_1_1_0_1_1_1_1_1_1_1_1_1_1_1_0_0_0_1_1,1,3.3333333333333335e-5,1.2472191289246472e-5,0.1342281879194631,240.0
1_0_0_0_0_1_1_0_0_0_1_0_0_1_0_1_0_0_1_1_1_0_1_1_1_1_0_1_1_1_1_0_1_1_1_1_0_1_1_1_0_0_0_1_1_1,1,3.3333333333333335e-5,1.2472191289246472e-5,0.1342281879194631,243.55555555555557
1_1_0_1_1_0_0_1_1_1_1_1_1_0_1_0_0_1_1_0_1_0_1_0_1_0_1_1_1_1_1_1_1_1_1_1_1_1_1_1_1_0_0_1_1_1,1,3.3333333333333335e-5,1.2472191289246472e-5,0.15436241610738255,211.2222222222222
0_0_1_1_1_0_0_1_1_1_0_1_1_0_1_0_0_1_0_0_1_0_0_0_1_0_1_1_1_0_0_1_1_1_1_1_1_1_1_1_0_0_0_1_1_1,1,3.3333333333333335e-5,9.428090415820635e-6,0.1476510067114094,221.25
1_1_0_0_0_1_1_0_0_0_1_0_0_1_0_1_1_0_1_1_1_0_1_1_1_0_0_1_1_1_1_0_1_1_1_1_1_1_1_1_1_0_0_0_0_0,1,3.3333333333333335e-5,9.428090415820635e-6,0.18791946308724833,185.0
1_0_1_0_0_1_1_0_0_0_1_1_1_1_0_0_0_0_1_0_0_1_1_1_0_1_1_0_0_0_1_0_0_0_0_0_0_0_0_0_0_1_1_1_1_1,1,3.3333333333333335e-5,4.7140452079103185e-6,0.1610738255033557,262.5
0_1_0_0_0_1_1_0_0_0_0_0_0_1_0_0_1_0_0_1_1_1_0_1_0_1_0_1_0_0_0_0_0_0_0_0_0_0_0_0_1_1_1_1_1_1,1,3.3333333333333335e-5,1.699673171197595e-5,0.15436241610738255,216.16666666666666
1_1_1_1_1_0_0_1_1_1_1_0_1_1_1_0_0_1_1_1_1_0_1_0_1_0_0_1_1_0_1_1_1_1_1_1_0_1_1_1_1_0_0_0_1_1,1,3.3333333333333335e-5,4.7140452079103185e-6,0.15436241610738255,246.11111111111111
1_1_0_0_0_1_1_0_0_0_1_0_0_1_0_1_1_0_1_1_0_0_1_1_1_1_0_0_1_0_1_0_1_1_1_1_0_1_1_1_1_0_0_0_0_0,1,3.3333333333333335e-5,9.428090415820635e-6,0.1476510067114094,181.66666666666666
1_0_0_1_1_0_0_1_1_1_1_1_1_0_1_0_0_1_1_0_0_1_1_0_0_0_1_0_0_1_1_1_0_0_0_0_1_0_0_0_0_1_1_1_1_1,1,3.3333333333333335e-5,4.7140452079103185e-6,0.12080536912751678,192.2222222222222
0_0_1_1_1_0_0_1_1_1_0_1_1_1_1_0_0_1_1_0_1_0_1_0_1_0_1_1_1_0_0_1_1_1_1_1_0_1_1_1_0_0_0_1_1_1,1,3.3333333333333335e-5,4.7140452079103185e-6,0.15436241610738255,234.16666666666666
1_0_0_0_0_1_1_0_0_0_1_1_0_0_0_1_0_0_1_1_1_1_1_1_0_0_1_1_0_1_1_0_0_0_0_0_1_0_0_0_0_1_1_1_1_1,1,3.3333333333333335e-5,1.2472191289246472e-5,0.20134228187919462,218.33333333333334
1_1_0_1_1_0_0_1_1_1_1_1_1_0_1_0_0_1_0_0_1_1_0_0_0_0_0_1_0_0_1_1_0_0_0_0_1_0_0_0_1_1_1_1_1_1,1,3.3333333333333335e-5,9.428090415820635e-6,0.14093959731543623,223.33333333333334
0_1_1_1_1_0_0_1_1_1_0_1_1_0_1_0_1_1_0_0_0_1_0_0_0_0_1_0_0_0_0_1_0_0_0_0_1_0_0_0_1_1_1_0_0_0,1,3.3333333333333335e-5,9.428090415820635e-6,0.1342281879194631,185.83333333333334
0_0_0_1_1_0_0_1_1_1_0_1_1_0_1_0_1_1_1_0_0_0_1_0_1_0_1_0_1_1_0_1_1_1_1_1_0_1_1_1_0_0_0_0_0_0,1,3.3333333333333335e-5,4.7140452079103185e-6,0.18120805369127516,208.33333333333334
0_1_0_0_0_1_1_0_0_0_0_1_0_0_0_1_1_0_0_0_0_1_0_1_0_0_1_0_0_0_0_0_0_0_0_0_1_0_0_0_1_1_1_1_0_0,1,3.3333333333333335e-5,1.2472191289246472e-5,0.18791946308724833,224.0
0_0_0_1_1_0_0_1_1_1_0_1_0_0_1_1_1_1_0_1_0_0_0_0_1_0_1_0_1_0_0_1_1_1_1_1_1_1_1_1_0_0_0_1_0_0,1,3.3333333333333335e-5,1.2472191289246472e-5,0.19463087248322147,232.66666666666666
0_0_1_0_0_1_1_0_0_0_0_1_1_1_0_0_1_0_0_0_0_1_0_1_0_1_1_0_0_0_0_0_0_0_0_0_0_0_0_0_0_1_1_0_0_0,1,3.3333333333333335e-5,9.428090415820635e-6,0.20134228187919462,176.25
0_0_0_0_0_1_1_0_0_0_0_1_0_1_0_1_1_0_0_1_0_0_0_1_1_1_1_0_1_0_0_0_1_1_1_1_1_1_1_1_0_0_0_0_0_0,1,3.3333333333333335e-5,1.2472191289246472e-5,0.16778523489932887,213.88888888888889
0_1_0_0_0_1_1_0_0_0_0_0_0_0_0_1_1_0_0_1_1_1_0_1_0_0_0_1_0_1_0_0_0_0_0_0_1_0_0_0_1_1_1_1_0_0,1,3.3333333333333335e-5,1.2472191289246472e-5,0.16778523489932887,234.66666666666666
1_1_0_1_1_0_0_1_1_1_1_1_1_0_1_0_0_1_1_0_1_1_1_0_0_0_1_1_0_1_1_1_0_0_0_0_1_0_0_0_1_1_1_0_1_1,1,3.3333333333333335e-5,1.2472191289246472e-5,0.1610738255033557,234.88888888888889
0_1_0_1_1_0_0_1_1_1_0_0_0_0_1_1_1_1_0_1_1_0_0_0_1_0_0_1_1_1_0_1_1_1_1_1_1_1_1_1_1_0_0_1_0_0,1,3.3333333333333335e-5,1.2472191289246472e-5,0.174496644295302,224.0
0_1_0_0_0_1_1_0_0_0_0_0_0_0_0_1_1_0_0_0_1_0_0_1_1_0_0_1_1_1_0_0_1_1_1_1_1_1_1_1_1_0_0_1_0_0,1,3.3333333333333335e-5,1.8856180831641267e-5,0.16778523489932887,200.55555555555554
1_0_1_1_1_0_0_1_1_1_1_0_1_1_1_0_0_1_1_1_1_1_1_0_0_1_0_1_0_1_1_1_0_0_0_0_0_0_0_0_0_1_1_1_1_1,1,3.3333333333333335e-5,1.2472191289246472e-5,0.18120805369127516,275.1111111111111
1_0_1_0_0_1_1_0_0_0_1_0_1_1_0_0_0_0_1_1_1_0_1_1_1_1_0_1_1_0_1_0_1_1_1_1_0_1_1_1_0_0_0_1_1_1,1,3.3333333333333335e-5,4.7140452079103185e-6,0.18120805369127516,319.72222222222223
0_0_0_1_1_0_0_1_1_1_0_1_1_0_1_0_0_1_1_0_1_0_1_0_1_0_1_1_1_1_0_1_1_1_1_1_0_1_1_1_0_0_0_1_1_1,1,3.3333333333333335e-5,1.2472191289246472e-5,0.18120805369127516,236.33333333333334
1_0_1_1_1_0_0_0_1_1_1_0_1_0_1_0_0_1_1_0_0_1_1_0_0_1_0_0_0_0_1_1_0_0_0_0_0_0_0_0_0_1_1_1_1_1,1,3.3333333333333335e-5,1.699673171197595e-5,0.18791946308724833,203.33333333333334
1_1_0_0_0_1_1_0_0_0_1_1_0_0_0_1_1_0_1_0_0_0_1_1_1_0_1_0_1_1_1_0_1_1_1_1_1_1_1_1_1_0_0_0_0_0,1,3.3333333333333335e-5,2.0548046676563257e-5,0.2080536912751678,208.88888888888889
1_0_1_1_1_0_0_1_1_1_1_1_1_1_1_0_0_1_1_0_0_0_1_0_1_0_1_0_1_0_1_1_1_1_1_1_0_1_1_1_0_0_0_1_1_1,1,3.3333333333333335e-5,4.7140452079103185e-6,0.12080536912751678,215.83333333333334
0_0_0_1_1_0_0_1_1_1_0_1_0_0_1_1_1_1_0_0_0_0_0_0_1_0_1_0_1_1_0_1_1_1_1_1_1_1_1_1_0_0_0_0_0_0,1,3.3333333333333335e-5,4.7140452079103185e-6,0.18120805369127516,249.7222222222222
1_1_1_1_1_0_0_1_1_1_1_1_1_1_1_0_0_1_0_1_1_1_0_0_1_0_1_1_1_0_1_1_0_0_1_0_1_0_1_0_1_0_1_0_1_1,1,3.3333333333333335e-5,2.0548046676563257e-5,0.19463087248322147,231.11111111111111
0_1_0_1_1_0_0_1_1_1_0_0_1_0_1_1_1_1_0_0_1_0_0_0_1_0_0_1_1_0_0_1_1_1_1_1_0_1_1_1_1_0_0_0_0_0,1,3.3333333333333335e-5,2.0548046676563257e-5,0.1476510067114094,268.88888888888886
0_1_1_1_1_0_0_1_1_1_0_1_1_1_1_0_1_1_0_0_0_1_0_0_0_0_0_0_0_1_0_1_0_0_0_0_1_0_0_0_1_1_1_0_0_0,1,3.3333333333333335e-5,4.7140452079103185e-6,0.12751677852348994,255.2777777777778
0_0_0_1_1_0_0_1_1_1_0_1_1_0_1_0_0_1_0_0_0_0_0_0_1_0_1_0_1_1_0_1_1_1_1_1_1_1_1_1_0_0_0_1_1_1,1,3.3333333333333335e-5,1.699673171197595e-5,0.1342281879194631,178.0
0_0_1_1_1_0_0_1_1_1_0_1_1_1_1_0_1_1_1_1_0_1_1_0_0_0_1_0_0_0_0_1_0_0_0_0_0_0_0_0_0_1_1_0_0_0,1,3.333333333333333e-5,2.62466929133727e-5,0.14093959731543623,188.33333333333334
1_1_0_0_0_1_1_0_0_0_1_0_0_1_0_1_1_0_0_1_1_0_0_1_1_0_0_1_1_0_1_0_1_1_1_1_1_1_1_1_1_0_0_1_0_0,1,3.333333333333333e-5,2.62466929133727e-5,0.18791946308724833,223.57142857142858
0_0_1_0_0_1_1_0_0_0_0_0_1_1_0_0_1_0_1_0_0_0_1_1_1_1_0_0_1_0_0_0_1_1_1_1_0_1_1_1_0_0_0_0_0_0,1,3.333333333333333e-5,2.8674417556808754e-5,0.18791946308724833,257.3809523809524
0_1_0_0_0_1_1_0_0_0_0_0_0_1_0_1_1_0_0_1_1_1_0_1_0_1_0_1_0_0_0_0_0_0_0_0_0_0_0_0_1_1_1_0_0_0,1,3.333333333333333e-5,2.8674417556808754e-5,0.11409395973154363,208.8095238095238
1_0_1_1_1_0_0_1_1_1_1_1_1_0_1_0_0_1_1_0_0_1_1_0_0_0_1_0_0_1_1_1_0_0_0_0_0_0_0_0_0_1_1_0_1_1,1,3.333333333333333e-5,2.62466929133727e-5,0.14093959731543623,163.80952380952382
1_1_0_0_0_1_1_0_0_0_1_0_0_1_0_0_0_0_1_1_1_1_1_1_0_1_0_1_0_0_1_0_0_0_0_0_0_0_0_0_1_1_1_1_1_1,1,3.333333333333333e-5,2.62466929133727e-5,0.1342281879194631,173.57142857142858
0_1_0_1_1_0_0_1_1_1_0_1_0_0_1_0_1_1_0_1_1_0_0_0_1_0_1_1_1_1_0_1_1_1_1_1_1_1_1_1_1_0_0_1_1_1,1,3.333333333333333e-5,2.62466929133727e-5,0.20134228187919462,223.80952380952382
0_1_0_1_1_0_0_1_1_1_0_1_0_0_1_1_1_1_0_0_0_1_0_0_0_0_1_0_0_1_0_1_0_0_0_0_1_0_0_0_1_1_1_0_0_0,1,3.0e-5,8.164965809277262e-6,0.18120805369127516,286.3888888888889
0_0_1_1_1_0_0_1_1_1_0_0_1_0_1_0_0_1_0_0_1_1_0_0_0_0_0_1_0_0_0_1_0_0_0_0_0_0_0_0_0_1_1_1_1_1,1,3.0e-5,1.632993161855452e-5,0.18791946308724833,212.0
0_1_0_0_0_1_1_0_0_0_0_0_0_0_0_1_1_0_0_1_1_1_0_1_0_1_0_1_0_1_0_0_0_0_0_0_1_0_0_0_1_1_1_0_0_0,1,3.0e-5,8.164965809277262e-6,0.12080536912751678,197.5
0_0_1_1_1_0_0_1_1_1_0_1_1_1_1_0_0_1_0_0_1_0_0_0_1_0_1_1_1_1_0_1_1_1_1_1_1_1_1_1_0_0_0_1_1_1,1,3.0e-5,1.4142135623730951e-5,0.1342281879194631,259.3333333333333
1_0_1_1_1_0_0_1_1_1_1_1_1_1_1_0_0_1_1_0_1_1_1_0_0_0_1_1_0_0_1_1_0_0_0_0_0_0_0_0_0_1_1_0_1_1,1,3.0e-5,1.632993161855452e-5,0.1476510067114094,234.88888888888889
1_1_0_0_0_1_1_0_0_0_1_0_0_0_0_1_1_0_0_0_1_0_0_1_0_1_0_1_0_0_1_0_1_1_1_1_1_1_0_1_1_1_0_1_0_0,1,3.0e-5,8.164965809277262e-6,0.20134228187919462,276.38888888888886
0_1_0_0_0_1_1_0_0_0_0_0_0_0_0_1_1_0_0_1_1_0_0_1_1_0_0_1_1_1_0_0_1_1_1_1_1_1_1_1_1_0_0_1_0_0,1,3.0e-5,1.4142135623730951e-5,0.174496644295302,181.0
0_0_1_1_1_0_0_1_1_1_0_1_1_1_1_0_0_1_0_0_0_1_0_0_1_0_1_0_1_0_0_1_0_0_1_0_1_0_1_0_0_0_1_0_1_1,1,3.0e-5,1.4142135623730951e-5,0.18791946308724833,200.0
0_1_1_1_1_0_0_1_1_1_0_1_1_0_1_0_1_1_0_0_0_0_0_0_1_0_1_0_1_1_0_1_1_1_1_1_1_1_1_1_1_0_0_0_0_0,1,3.0e-5,8.164965809277262e-6,0.1476510067114094,215.55555555555554
0_0_0_0_0_1_1_0_0_0_0_1_0_0_0_1_1_0_0_1_0_1_0_1_0_1_1_0_0_1_0_0_0_0_0_0_1_0_0_0_0_1_1_1_0_0,1,3.0e-5,1.4142135623730951e-5,0.1610738255033557,239.0
0_0_0_0_0_1_1_0_0_0_0_1_0_0_0_1_1_0_0_0_0_1_0_1_0_0_1_0_0_0_0_0_0_0_0_0_1_0_0_0_0_1_1_0_0_0,1,3.0e-5,8.164965809277262e-6,0.19463087248322147,278.6111111111111
1_0_0_0_0_1_1_0_0_0_1_0_0_0_0_1_0_0_1_1_1_1_1_1_0_1_1_1_0_0_1_0_0_0_0_0_0_0_0_0_0_1_1_1_1_1,1,3.0e-5,8.164965809277262e-6,0.1342281879194631,203.05555555555554
1_0_0_1_1_0_0_1_1_1_1_1_1_0_1_1_0_1_1_0_0_1_1_0_0_0_1_0_0_1_1_1_0_0_0_0_1_0_0_0_0_1_1_0_0_0,1,3.0e-5,1.4142135623730951e-5,0.174496644295302,165.83333333333334
0_0_1_1_1_0_0_1_1_1_0_1_1_1_1_0_0_1_1_0_0_1_1_0_0_1_1_0_0_0_0_1_0_0_0_0_0_0_0_0_0_1_1_1_1_1,1,3.0e-5,1.4142135623730951e-5,0.1610738255033557,169.16666666666666
1_1_1_1_1_0_0_1_1_1_1_0_1_1_1_0_0_1_1_0_1_0_1_0_1_0_0_1_1_0_1_1_1_1_1_1_0_1_1_1_1_0_0_1_1_1,1,3.0e-5,1.632993161855452e-5,0.1610738255033557,240.2222222222222
0_0_0_1_1_0_0_1_1_1_0_1_1_0_1_0_0_1_0_0_0_1_0_0_0_0_1_0_0_0_0_1_0_0_0_0_0_0_0_0_0_1_1_0_1_1,1,3.0e-5,8.164965809277262e-6,0.16778523489932887,186.66666666666666
1_1_1_0_0_1_1_0_0_0_1_0_0_1_0_1_0_0_0_1_1_0_0_1_1_1_0_1_1_0_1_0_1_1_1_1_0_1_1_1_1_0_0_1_1_1,1,3.0e-5,1.4142135623730951e-5,0.15436241610738255,183.33333333333334
1_0_1_1_1_0_0_0_1_1_1_0_1_0_1_1_0_1_1_0_0_1_1_0_0_1_0_0_0_1_1_1_0_0_0_0_0_0_0_0_0_1_1_0_0_0,1,3.0e-5,8.164965809277262e-6,0.2348993288590604,253.33333333333334
0_0_0_0_0_1_1_0_0_0_0_1_0_0_0_1_1_0_0_0_0_0_0_1_1_1_1_0_1_1_0_0_1_1_1_1_1_1_1_1_0_0_0_1_0_0,1,3.0e-5,8.164965809277262e-6,0.1610738255033557,200.2777777777778
0_1_1_1_1_0_0_1_1_1_0_1_1_1_1_0_0_1_0_0_1_0_0_0_1_0_0_1_1_1_0_1_1_1_1_1_1_1_1_1_1_0_0_1_1_1,1,3.0e-5,2.1602468994692865e-5,0.1342281879194631,173.88888888888889
0_1_1_1_1_0_0_1_1_1_0_0_1_1_1_0_1_1_0_0_0_0_0_0_1_1_0_0_1_0_0_1_1_1_1_1_0_1_1_1_1_0_0_0_0_0,1,3.0e-5,8.164965809277262e-6,0.20134228187919462,198.88888888888889
1_0_0_0_0_1_1_0_0_0_1_0_0_1_0_1_0_0_1_1_1_1_1_1_0_1_0_1_0_1_1_0_0_0_0_0_0_0_0_0_0_1_1_1_1_1,1,3.0e-5,1.632993161855452e-5,0.14093959731543623,230.44444444444446
0_0_1_1_1_0_0_1_1_1_0_1_1_1_1_0_1_1_1_1_0_0_1_0_1_1_1_0_1_0_0_1_1_1_1_1_0_1_1_1_0_0_0_0_0_0,1,3.0e-5,0.0,0.19463087248322147,234.44444444444443
0_0_1_1_1_0_0_1_1_1_0_1_1_0_1_0_1_1_1_0_0_0_1_0_1_0_1_0_1_1_0_1_1_1_1_1_0_1_1_1_0_0_0_0_0_0,1,3.0e-5,2.1602468994692865e-5,0.16778523489932887,233.88888888888889
0_0_0_1_1_0_0_1_1_1_0_1_1_0_1_0_1_1_1_0_0_1_1_0_0_0_1_0_0_1_0_1_0_0_0_0_1_0_0_0_0_1_1_0_0_0,1,3.0e-5,1.4142135623730951e-5,0.15436241610738255,228.66666666666666
1_0_1_1_1_0_0_1_1_1_1_0_1_0_1_0_0_1_1_0_1_0_1_0_1_0_0_1_1_1_1_1_1_1_1_1_0_1_1_1_0_0_0_1_1_1,1,3.0e-5,2.1602468994692865e-5,0.16778523489932887,200.55555555555554
0_0_0_1_1_0_0_1_1_1_0_1_1_0_1_0_0_1_0_0_1_0_0_0_1_0_1_1_1_0_0_1_1_1_1_1_1_1_1_1_0_0_0_1_1_1,1,3.0e-5,0.0,0.1610738255033557,193.33333333333334
1_1_0_0_0_1_1_0_0_0_1_0_0_0_0_0_0_0_0_1_1_1_0_1_0_0_0_1_0_1_1_0_0_0_0_0_1_0_0_0_1_1_1_1_1_1,1,3.0e-5,1.4142135623730951e-5,0.18120805369127516,199.16666666666666
1_1_1_1_1_0_0_1_1_1_1_0_1_0_1_0_0_1_0_0_1_1_0_0_0_0_0_1_0_0_1_1_0_0_0_0_0_0_0_0_1_1_1_1_1_1,1,3.0e-5,8.164965809277262e-6,0.16778523489932887,236.3888888888889
0_1_1_1_1_0_0_1_1_1_0_1_1_1_1_0_0_1_0_0_1_1_0_0_0_0_0_1_0_0_0_1_0_0_0_0_1_0_0_0_1_1_1_1_1_1,1,3.0e-5,1.4142135623730951e-5,0.12080536912751678,205.83333333333334
0_0_0_0_0_1_1_0_0_0_0_1_0_0_0_1_1_0_1_1_0_0_1_1_1_1_1_0_1_1_0_0_1_1_1_1_1_1_1_1_0_0_0_1_0_0,1,3.0e-5,1.4142135623730951e-5,0.1610738255033557,278.3333333333333
1_1_0_0_0_1_1_0_0_0_1_0_0_1_0_1_1_0_0_1_1_0_0_1_1_1_0_1_1_1_1_0_1_1_1_1_1_1_1_1_1_0_0_0_0_0,1,3.0e-5,1.4142135623730951e-5,0.1342281879194631,294.0
0_0_1_0_0_1_1_0_0_0_0_1_1_1_0_0_1_0_1_0_0_0_1_1_1_1_1_0_1_1_0_0_1_1_1_1_0_1_1_1_0_0_0_0_0_0,1,3.0e-5,8.164965809277262e-6,0.19463087248322147,253.33333333333334
1_1_0_1_1_0_0_1_1_1_1_1_1_0_1_0_0_1_1_0_1_0_1_0_1_0_1_1_1_1_1_1_1_1_1_1_1_1_1_1_1_0_0_0_1_1,1,3.0e-5,8.164965809277262e-6,0.15436241610738255,225.0
1_0_0_0_0_1_1_0_0_0_1_0_0_0_0_1_1_0_1_1_0_0_1_1_1_1_1_0_1_1_1_0_1_1_1_1_0_1_1_1_0_0_0_0_0_0,1,3.0e-5,8.164965809277262e-6,0.12080536912751678,193.6111111111111
0_1_1_1_1_0_0_1_1_1_0_1_1_1_1_0_0_1_0_0_1_1_0_0_0_0_0_1_0_1_0_1_0_0_0_0_1_0_0_0_1_1_1_1_1_1,1,3.0e-5,8.164965809277262e-6,0.12751677852348994,214.72222222222226
0_1_0_0_0_1_1_0_0_0_0_0_0_0_0_1_1_0_0_1_1_0_0_1_1_0_0_1_1_0_0_0_1_1_1_1_1_1_1_1_1_0_0_0_0_0,1,3.0e-5,8.164965809277262e-6,0.15436241610738255,187.5
0_0_1_1_1_0_0_1_1_1_0_0_1_1_1_0_0_1_1_0_1_0_1_0_1_1_0_1_1_1_0_1_1_1_1_1_0_1_1_1_0_0_0_1_1_1,1,3.0e-5,1.4142135623730951e-5,0.2080536912751678,250.83333333333334
0_1_0_0_0_1_1_0_0_0_0_1_0_0_0_0_1_0_0_1_1_0_0_1_1_0_1_1_1_1_0_0_1_1_1_1_1_1_1_1_1_0_0_1_1_1,1,3.0e-5,1.4142135623730951e-5,0.21476510067114093,230.0
0_0_0_1_1_0_0_1_1_1_0_1_1_0_1_0_0_1_1_0_0_0_1_0_1_0_1_0_1_0_0_1_1_1_1_1_0_1_1_1_0_0_0_1_1_1,1,3.0e-5,1.632993161855452e-5,0.15436241610738255,166.2222222222222
0_0_1_1_1_0_0_1_1_1_0_1_1_0_1_0_0_1_0_0_0_1_0_0_0_1_1_0_0_0_0_1_0_0_0_0_0_0_0_0_0_1_1_1_1_1,1,3.0e-5,8.164965809277262e-6,0.18791946308724833,158.61111111111111
0_1_0_0_0_1_1_0_0_0_0_0_0_0_0_1_1_0_0_1_1_0_0_1_1_0_0_1_1_1_0_0_1_1_1_1_1_1_1_1_1_0_0_0_0_0,1,3.0e-5,2.1602468994692865e-5,0.1610738255033557,177.2222222222222
1_0_1_0_0_1_1_0_0_0_1_0_0_1_0_1_1_0_1_1_0_0_1_1_1_1_0_0_1_1_1_0_1_1_1_1_0_1_1_1_0_0_0_0_0_0,1,3.0e-5,1.632993161855452e-5,0.1476510067114094,206.0
0_1_1_1_1_0_0_1_1_1_0_0_1_1_1_0_0_1_0_1_0_1_0_0_1_1_0_0_1_0_0_1_0_0_1_0_0_0_1_0_1_0_1_0_1_1,1,3.0e-5,1.632993161855452e-5,0.2550335570469799,262.4444444444444
1_1_0_1_1_0_0_1_1_1_1_1_1_0_1_0_0_1_0_0_1_1_0_0_0_0_1_1_0_1_1_1_0_0_0_0_1_0_0_0_1_1_1_1_1_1,1,3.0e-5,8.164965809277262e-6,0.14093959731543623,245.2777777777778
0_0_1_0_0_1_1_0_0_0_0_0_0_1_0_1_1_0_1_1_0_0_1_1_1_1_1_0_1_1_0_0_1_1_1_1_0_1_1_1_0_0_0_0_0_0,1,3.0e-5,0.0,0.14093959731543623,216.66666666666666
0_0_1_1_1_0_0_1_1_1_0_1_1_1_1_0_1_1_0_1_0_0_0_0_1_1_1_0_1_0_0_1_1_1_1_1_0_1_1_1_0_0_0_0_0_0,1,3.0e-5,1.4142135623730951e-5,0.20134228187919462,232.66666666666666
0_0_0_1_1_0_0_1_1_1_0_1_1_0_1_1_1_1_0_0_0_0_0_0_1_0_1_0_1_1_0_1_1_1_1_1_1_1_1_1_0_0_0_0_0_0,1,3.0e-5,1.4142135623730951e-5,0.1476510067114094,271.6666666666667
1_1_1_0_0_1_1_0_0_0_1_0_1_1_0_0_0_0_1_1_1_0_1_1_1_1_0_1_1_0_1_0_1_1_1_1_0_1_1_1_1_0_0_1_1_1,1,3.0e-5,1.4142135623730951e-5,0.18791946308724833,239.33333333333334
0_0_0_0_0_1_1_0_0_0_0_0_0_0_0_1_1_0_1_1_0_1_1_1_0_1_1_0_0_0_0_0_0_0_0_0_0_0_0_0_0_1_1_1_0_0,1,3.0e-5,1.4142135623730951e-5,0.12080536912751678,290.0
1_1_1_0_0_1_1_0_0_0_1_0_0_1_0_0_0_0_0_1_1_1_0_1_0_1_0_1_0_1_1_0_0_0_0_0_1_0_0_0_1_1_1_1_1_1,1,3.0e-5,2.1602468994692868e-5,0.16778523489932887,255.25
1_0_1_1_1_0_0_0_1_1_1_0_1_0_1_1_0_1_1_0_0_0_1_0_1_1_0_0_1_1_1_1_1_1_1_1_0_1_1_1_0_0_0_0_0_0,1,3.0e-5,8.164965809277262e-6,0.22818791946308725,215.83333333333334
1_0_1_1_1_0_0_0_1_1_1_0_1_0_1_0_0_1_1_0_0_0_1_0_1_1_0_0_1_0_1_1_1_1_1_1_0_1_1_1_0_0_0_0_1_1,1,3.0e-5,8.164965809277262e-6,0.19463087248322147,236.38888888888889
1_1_1_0_0_1_1_0_0_0_1_0_0_1_0_1_1_0_1_1_0_0_1_1_1_1_0_0_1_1_1_0_1_1_1_1_0_1_1_1_1_0_0_0_0_0,1,3.0e-5,0.0,0.15436241610738255,228.88888888888889
1_1_0_0_0_1_1_0_0_0_1_0_0_0_0_1_0_0_1_1_1_1_1_1_0_1_0_1_0_1_1_0_0_0_0_0_1_0_0_0_1_1_1_1_1_1,1,3.0e-5,1.632993161855452e-5,0.1610738255033557,260.22222222222223
1_1_0_0_0_1_1_0_0_0_1_0_0_0_0_1_1_0_0_0_1_0_0_1_0_1_0_1_0_0_1_0_1_1_0_1_0_1_0_1_1_1_0_1_0_0,1,3.0e-5,8.164965809277262e-6,0.18120805369127516,191.38888888888889
1_1_1_0_0_1_1_0_0_0_1_0_1_1_0_0_0_0_0_1_1_0_0_1_1_1_0_1_1_0_1_0_1_1_1_1_0_1_1_1_1_0_0_0_1_1,1,3.0e-5,1.4142135623730951e-5,0.18120805369127516,210.0
0_1_0_0_0_1_1_0_0_0_0_0_0_0_0_1_1_0_0_1_0_1_0_1_0_1_0_0_0_0_0_0_0_0_0_0_0_0_0_0_1_1_1_0_0_0,1,3.0e-5,1.632993161855452e-5,0.11409395973154363,170.88888888888889
0_1_1_1_1_0_0_1_1_1_0_1_1_0_1_0_1_1_0_0_0_0_0_0_1_0_1_0_1_0_0_1_1_1_1_1_1_1_1_1_1_0_0_0_0_0,1,3.0e-5,8.164965809277262e-6,0.14093959731543623,228.05555555555554
0_0_1_0_0_1_1_0_0_0_0_0_1_1_0_0_0_0_0_1_0_1_0_1_1_1_0_0_1_0_0_0_0_0_1_0_0_0_1_0_0_0_1_0_1_1,1,3.0e-5,1.632993161855452e-5,0.2483221476510067,230.88888888888889
1_0_1_1_1_0_0_1_1_1_1_1_1_1_1_0_0_1_1_0_1_1_1_0_0_0_1_1_0_1_1_1_0_0_0_0_0_0_0_0_0_1_1_0_1_1,1,3.0e-5,1.4142135623730951e-5,0.14093959731543623,226.66666666666666
1_0_1_1_1_0_0_1_1_1_1_1_1_0_1_1_0_1_1_0_0_0_1_0_1_0_1_0_1_1_1_1_1_1_1_1_1_1_1_1_0_0_0_0_0_0,1,2.9999999999999997e-5,2.9439202887759487e-5,0.15436241610738255,186.07142857142856
1_1_1_0_0_1_1_0_0_0_1_0_1_1_0_0_0_0_1_0_1_1_1_1_0_1_0_1_0_1_1_0_0_0_0_0_0_0_0_0_1_1_1_0_1_1,1,2.666666666666667e-5,1.2472191289246472e-5,0.19463087248322147,213.75
0_0_1_1_1_0_0_1_1_1_0_0_1_1_1_0_0_1_0_1_1_1_0_0_0_1_0_1_0_0_0_1_0_0_0_0_0_0_0_0_0_1_1_1_1_1,1,2.666666666666667e-5,1.699673171197595e-5,0.2080536912751678,269.3333333333333
0_1_1_1_1_0_0_1_1_1_0_1_1_1_1_0_0_1_0_1_0_1_0_0_1_0_0_0_1_0_0_1_0_0_0_0_1_0_1_0_1_0_1_0_1_1,1,2.666666666666667e-5,1.2472191289246472e-5,0.18120805369127516,260.0
1_1_1_0_0_1_1_0_0_0_1_0_0_1_0_1_1_0_0_1_0_1_0_1_0_1_0_0_0_0_1_0_0_0_0_0_0_0_0_0_1_1_1_0_0_0,1,2.666666666666667e-5,1.699673171197595e-5,0.1610738255033557,183.66666666666666
0_1_0_0_0_1_1_0_0_0_0_1_0_0_0_1_1_0_0_1_0_0_0_1_1_1_1_0_1_0_0_0_1_1_1_1_1_1_1_1_1_0_0_1_0_0,1,2.666666666666667e-5,1.699673171197595e-5,0.15436241610738255,289.0
0_0_0_1_1_0_0_1_1_1_0_1_0_0_1_1_1_1_0_1_0_1_0_0_0_0_1_0_0_0_0_1_0_0_0_0_1_0_0_0_0_1_1_1_0_0,1,2.666666666666667e-5,1.2472191289246472e-5,0.18791946308724833,211.94444444444446
0_0_1_1_1_0_0_1_1_1_0_1_1_0_1_0_0_1_0_0_0_1_0_0_0_1_1_0_0_0_0_1_0_0_0_0_0_0_0_0_0_1_1_0_1_1,1,2.666666666666667e-5,1.2472191289246472e-5,0.20134228187919462,194.16666666666666
1_0_0_1_1_0_0_1_1_1_1_1_1_0_1_0_0_1_1_0_0_0_1_0_1_0_1_0_1_1_1_1_1_1_1_1_0_1_1_1_0_0_0_0_1_1,1,2.666666666666667e-5,1.2472191289246472e-5,0.1476510067114094,180.83333333333334
1_1_1_0_0_1_1_0_0_0_1_0_0_1_0_1_1_0_1_1_1_1_1_1_0_1_0_1_0_0_1_0_0_0_0_0_0_0_0_0_1_1_1_1_0_0,1,2.666666666666667e-5,1.2472191289246472e-5,0.1342281879194631,196.66666666666666
0_0_1_1_1_0_0_1_1_1_0_1_1_0_1_1_1_1_0_0_0_1_0_0_0_1_1_0_0_0_0_1_0_0_0_0_0_0_0_0_0_1_1_0_0_0,1,2.666666666666667e-5,9.428090415820635e-6,0.20134228187919462,208.33333333333334
0_0_1_1_1_0_0_1_1_1_0_1_1_0_1_0_0_1_1_0_1_1_1_0_0_0_1_1_0_1_0_1_0_0_0_0_1_0_0_0_0_1_1_1_1_1,1,2.666666666666667e-5,1.885618083164127e-5,0.14093959731543623,181.25
0_1_0_1_1_0_0_1_1_1_0_1_0_0_1_1_1_1_0_1_0_0_0_0_1_0_1_0_1_0_0_1_1_1_1_1_1_1_1_1_1_0_0_0_0_0,1,2.666666666666667e-5,9.428090415820635e-6,0.174496644295302,170.83333333333334
0_0_0_0_0_1_1_0_0_0_0_1_0_1_0_1_1_0_0_1_0_1_0_1_0_1_1_0_0_0_0_0_0_0_0_0_1_0_0_0_0_1_1_1_0_0,1,2.666666666666667e-5,9.428090415820635e-6,0.174496644295302,189.16666666666666
1_0_1_0_0_1_1_0_0_0_1_0_1_1_0_0_0_0_1_1_1_0_1_1_1_1_0_1_1_0_1_0_1_1_1_1_0_1_1_1_0_0_0_0_1_1,1,2.666666666666667e-5,2.0548046676563257e-5,0.18120805369127516,223.0
0_0_0_1_1_0_0_1_1_1_0_1_1_0_1_0_0_1_1_0_0_1_1_0_0_0_1_0_0_0_0_1_0_0_0_0_0_0_0_0_0_1_1_1_1_1,1,2.666666666666667e-5,1.699673171197595e-5,0.1476510067114094,190.33333333333334
1_1_0_0_0_1_1_0_0_0_1_1_0_0_0_1_1_0_1_1_1_0_1_1_0_0_1_1_0_1_1_0_1_1_0_1_1_1_0_1_1_1_0_1_0_0,1,2.666666666666667e-5,1.2472191289246472e-5,0.2684563758389262,204.44444444444446
1_1_0_0_0_1_1_0_0_0_1_0_0_0_0_1_0_0_0_1_1_0_0_1_1_0_0_1_1_0_1_0_1_1_1_1_1_1_1_1_1_0_0_1_1_1,1,2.666666666666667e-5,4.714045207910317e-6,0.18791946308724833,206.66666666666666
1_1_0_1_1_0_0_1_1_1_1_0_0_0_1_1_0_1_0_1_1_1_0_0_0_0_0_1_0_1_1_1_0_0_0_0_1_0_0_0_1_1_1_1_1_1,1,2.666666666666667e-5,2.4944382578492947e-5,0.20134228187919462,210.83333333333331
1_1_1_0_0_1_1_0_0_0_1_0_0_1_0_1_1_0_1_1_0_1_1_1_0_1_0_0_0_1_1_0_0_0_0_0_0_0_0_0_1_1_1_0_0_0,1,2.666666666666667e-5,9.428090415820635e-6,0.1610738255033557,212.5
0_1_0_0_0_1_1_0_0_0_0_0_0_1_0_1_1_0_0_1_1_0_0_1_1_1_0_1_1_0_0_0_1_1_1_1_1_1_1_1_1_0_0_1_0_0,1,2.666666666666667e-5,2.0548046676563257e-5,0.14093959731543623,260.66666666666663
0_0_1_1_1_0_0_1_1_1_0_1_1_0_1_0_1_1_0_0_0_1_0_0_0_0_1_0_0_1_0_1_0_0_0_0_1_0_0_0_0_1_1_0_0_0,1,2.666666666666667e-5,1.2472191289246472e-5,0.1476510067114094,181.38888888888889
1_0_1_0_0_1_1_0_0_0_1_0_1_1_0_0_0_0_1_1_1_1_1_1_0_1_0_1_0_0_1_0_0_0_0_0_0_0_0_0_0_1_1_0_1_1,1,2.666666666666667e-5,4.714045207910317e-6,0.18791946308724833,294.44444444444446
0_0_0_1_1_0_0_1_1_1_0_1_1_0_1_0_1_1_0_0_0_0_0_0_1_0_1_0_1_1_0_1_1_1_1_1_1_1_1_1_0_0_0_0_0_0,1,2.666666666666667e-5,1.2472191289246472e-5,0.16778523489932887,219.16666666666666
1_0_1_1_1_0_0_1_1_1_1_1_1_0_1_0_0_1_1_0_0_0_1_0_1_1_1_0_1_0_1_1_1_1_1_1_0_1_1_1_0_0_0_0_1_1,1,2.666666666666667e-5,1.2472191289246472e-5,0.18791946308724833,231.94444444444443
1_1_0_0_0_1_1_0_0_0_1_0_0_0_0_1_1_0_0_1_1_0_0_1_1_0_0_1_1_1_1_0_1_1_1_1_1_1_1_1_1_0_0_1_0_0,1,2.666666666666667e-5,1.699673171197595e-5,0.174496644295302,248.33333333333334
1_1_0_1_1_0_0_1_1_1_1_0_0_0_1_1_0_1_1_0_1_1_1_0_0_0_0_1_0_1_1_1_0_0_0_0_1_0_0_0_1_1_1_1_1_1,1,2.666666666666667e-5,1.2472191289246472e-5,0.20134228187919462,282.5
1_1_1_1_1_0_0_1_1_1_1_1_1_0_1_0_0_1_0_0_1_0_0_0_1_0_1_1_1_1_1_1_1_1_1_1_1_1_1_1_1_0_0_1_1_1,1,2.666666666666667e-5,4.714045207910317e-6,0.1342281879194631,240.55555555555557
0_0_1_1_1_0_0_1_1_1_0_1_1_0_1_0_1_1_0_0_0_0_0_0_1_0_1_0_1_0_0_1_1_1_1_1_1_1_1_1_0_0_0_0_0_0,1,2.666666666666667e-5,1.2472191289246472e-5,0.1476510067114094,210.2777777777778
1_1_0_0_0_1_1_0_0_0_1_1_0_0_0_1_1_0_0_1_0_1_0_1_0_1_1_0_0_1_1_0_0_0_0_0_1_0_0_0_1_1_1_0_0_0,1,2.666666666666667e-5,4.714045207910317e-6,0.16778523489932887,268.88888888888886
1_1_1_0_0_1_1_0_0_0_1_0_0_1_0_0_0_0_1_1_1_1_1_1_0_1_0_1_0_0_1_0_0_0_0_0_0_0_0_0_1_1_1_1_1_1,1,2.666666666666667e-5,1.2472191289246472e-5,0.1476510067114094,181.94444444444446
1_1_0_0_0_1_1_0_0_0_1_0_0_0_0_1_0_0_0_1_1_0_0_1_1_0_0_1_1_1_1_0_1_1_1_1_1_1_1_1_1_0_0_1_1_1,1,2.666666666666667e-5,2.0548046676563257e-5,0.19463087248322147,212.0
1_0_0_1_1_0_0_1_1_1_1_1_1_0_1_0_0_1_1_0_0_1_1_0_0_0_1_0_0_1_1_1_0_0_0_0_1_0_0_0_0_1_1_0_1_1,1,2.666666666666667e-5,4.714045207910317e-6,0.1342281879194631,289.4444444444444
1_1_0_0_0_1_1_1_0_0_1_1_0_1_0_1_1_0_1_1_1_0_1_1_0_0_1_1_0_1_1_0_1_1_0_1_1_1_0_1_1_1_0_1_0_0,1,2.666666666666667e-5,9.428090415820635e-6,0.2953020134228188,215.0
0_1_0_0_0_1_1_0_0_0_0_0_0_0_0_1_1_0_0_1_0_1_0_1_0_1_0_0_0_1_0_0_0_0_0_0_1_0_0_0_1_1_1_1_0_0,1,2.666666666666667e-5,1.699673171197595e-5,0.14093959731543623,250.66666666666666
0_0_1_1_1_0_0_1_1_1_0_1_1_0_1_1_1_1_1_0_0_0_1_0_1_0_1_0_1_0_0_1_1_1_1_1_0_1_1_1_0_0_0_0_0_0,1,2.666666666666667e-5,4.714045207910317e-6,0.15436241610738255,203.33333333333334
1_0_0_0_0_1_1_0_0_0_1_0_0_0_0_1_1_0_1_1_0_1_1_1_0_1_1_0_0_0_1_0_0_0_0_0_0_0_0_0_0_1_1_0_0_0,1,2.666666666666667e-5,4.714045207910317e-6,0.1342281879194631,240.55555555555557
1_1_0_0_0_1_1_0_0_0_1_0_0_1_0_0_0_0_0_1_1_1_0_1_0_0_0_1_0_0_1_0_0_0_0_0_1_0_0_0_1_1_1_1_1_1,1,2.666666666666667e-5,4.714045207910317e-6,0.19463087248322147,245.0
0_0_0_1_1_0_0_1_1_1_0_1_1_0_1_0_1_1_1_0_0_0_1_0_1_0_1_0_1_1_0_1_1_1_1_1_1_1_1_1_0_0_0_0_0_0,1,2.666666666666667e-5,1.699673171197595e-5,0.1610738255033557,225.0
1_0_1_1_1_0_0_1_1_1_1_0_1_1_1_0_0_1_1_1_1_1_1_0_0_0_0_1_0_0_1_1_0_0_0_0_0_0_0_0_0_1_1_0_1_1,1,2.666666666666667e-5,4.714045207910317e-6,0.15436241610738255,277.22222222222223
0_1_1_1_1_0_0_1_1_1_0_1_1_1_1_0_0_1_0_1_0_1_0_0_1_0_1_0_1_1_0_1_0_0_1_0_1_0_1_0_1_0_1_0_1_1,1,2.666666666666667e-5,4.714045207910317e-6,0.18120805369127516,213.88888888888889
0_1_0_0_0_1_1_0_0_0_0_1_0_0_0_1_1_0_0_0_0_0_0_1_1_1_1_0_1_1_0_0_1_1_1_1_1_1_1_1_1_0_0_1_0_0,1,2.666666666666667e-5,1.699673171197595e-5,0.15436241610738255,264.6666666666667
1_1_0_0_0_1_1_0_0_0_1_0_0_0_0_1_1_0_1_0_1_0_1_1_0_1_0_1_0_1_1_0_1_1_1_1_0_1_0_1_1_1_0_1_0_0,1,2.666666666666667e-5,4.714045207910317e-6,0.18120805369127516,260.0
1_0_1_1_1_0_0_1_1_1_1_0_1_1_1_0_0_1_1_0_1_0_1_0_1_0_0_1_1_0_1_1_1_1_1_1_0_1_1_1_0_0_0_0_1_1,1,2.666666666666667e-5,1.2472191289246472e-5,0.15436241610738255,211.66666666666666
0_0_0_0_0_1_1_0_0_0_0_1_0_0_0_1_1_0_0_1_0_1_0_1_0_1_1_0_0_1_0_0_0_0_0_0_1_0_0_0_0_1_1_0_0_0,1,2.666666666666667e-5,1.2472191289246472e-5,0.1610738255033557,311.3888888888889
0_0_1_0_0_1_1_0_0_0_0_1_0_1_0_1_1_0_0_1_0_0_0_1_1_1_1_0_1_0_0_0_1_1_1_1_1_1_1_1_0_0_0_0_0_0,1,2.666666666666667e-5,4.714045207910317e-6,0.18120805369127516,223.8888888888889
1_0_1_1_1_0_0_1_1_1_1_1_1_0_1_0_0_1_1_0_0_0_1_0_1_0_1_0_1_0_1_1_1_1_1_1_0_1_1_1_0_0_0_0_1_1,1,2.666666666666667e-5,9.428090415820635e-6,0.14093959731543623,229.16666666666666
1_0_1_1_1_0_0_0_1_1_1_0_1_0_1_0_0_1_1_0_0_0_1_0_1_1_0_0_1_0_1_1_1_1_1_1_0_1_1_1_0_0_0_1_1_1,1,2.666666666666667e-5,4.714045207910317e-6,0.19463087248322147,205.0
0_0_1_1_1_0_0_1_1_1_0_1_1_0_1_0_0_1_1_0_0_0_1_0_1_1_1_0_1_0_0_1_1_1_1_1_0_1_1_1_0_0_0_0_1_1,1,2.666666666666667e-5,1.2472191289246472e-5,0.18791946308724833,211.66666666666666
1_1_0_0_0_1_1_1_0_0_1_1_0_1_0_1_0_0_0_1_1_1_0_1_0_0_1_1_0_1_1_0_0_0_0_0_1_0_0_0_1_1_1_1_1_1,1,2.666666666666667e-5,4.714045207910317e-6,0.22818791946308725,241.11111111111111
0_0_1_0_0_1_1_0_0_0_0_0_1_1_0_0_0_0_1_0_1_1_1_1_0_1_0_1_0_0_0_0_0_0_0_0_0_0_0_0_0_1_1_1_1_1,1,2.666666666666667e-5,1.699673171197595e-5,0.19463087248322147,194.0
0_1_0_0_0_1_1_0_0_0_0_0_0_1_0_1_1_0_0_1_1_1_0_1_0_1_0_1_0_0_0_0_0_0_0_0_1_0_0_0_1_1_1_0_0_0,1,2.666666666666667e-5,1.699673171197595e-5,0.1342281879194631,193.66666666666666
0_0_0_0_0_1_1_0_0_0_0_0_0_0_0_1_1_0_1_1_0_0_1_1_1_1_1_0_1_0_0_0_1_1_1_1_0_1_1_1_0_0_0_1_0_0,1,2.666666666666667e-5,9.428090415820635e-6,0.12751677852348994,159.16666666666666
1_1_1_0_0_1_1_0_0_0_1_0_0_1_0_1_1_0_1_1_1_0_1_1_1_1_0_1_1_0_1_0_1_1_1_1_0_1_1_1_1_0_0_0_0_0,1,2.666666666666667e-5,1.2472191289246472e-5,0.12751677852348994,207.7777777777778
1_1_0_0_0_1_1_0_0_0_1_0_0_1_0_1_0_0_0_1_1_1_0_1_0_1_0_1_0_0_1_0_0_0_0_0_1_0_0_0_1_1_1_1_1_1,1,2.666666666666667e-5,9.428090415820635e-6,0.16778523489932887,390.0
1_0_1_1_1_0_0_0_1_1_1_0_1_0_1_0_0_1_1_0_0_1_1_0_0_1_0_0_0_0_1_1_0_0_0_0_0_0_0_0_0_1_1_0_1_1,1,2.666666666666667e-5,9.428090415820635e-6,0.20134228187919462,176.66666666666666
0_0_0_0_0_1_1_0_0_0_0_0_0_1_0_1_1_0_1_1_0_0_1_1_1_1_1_0_1_1_0_0_1_1_1_1_0_1_1_1_0_0_0_0_0_0,1,2.666666666666667e-5,1.2472191289246472e-5,0.12751677852348994,194.7222222222222
0_1_0_0_0_1_1_0_0_0_0_0_0_0_0_0_1_0_0_1_1_1_0_1_0_0_0_1_0_1_0_0_0_0_0_0_1_0_0_0_1_1_1_1_1_1,1,2.666666666666667e-5,9.428090415820635e-6,0.2080536912751678,202.5
1_0_0_0_0_1_1_0_0_0_1_1_0_0_0_1_1_0_1_0_1_0_1_1_0_0_1_1_0_1_1_0_1_1_0_1_1_1_0_1_0_1_0_1_0_0,1,2.666666666666667e-5,4.714045207910317e-6,0.2550335570469799,235.0
1_0_1_0_0_1_1_0_0_0_1_1_1_1_0_1_0_0_1_0_0_1_1_1_0_1_1_0_0_1_1_0_0_0_0_0_0_0_0_0_0_1_1_0_0_0,1,2.666666666666667e-5,4.714045207910317e-6,0.2080536912751678,230.55555555555557
1_1_1_0_0_1_1_0_0_0_1_0_1_1_0_0_0_0_1_0_1_0_1_1_1_1_0_1_1_1_1_0_1_1_1_1_0_1_1_1_1_0_0_0_1_1,1,2.666666666666667e-5,1.2472191289246472e-5,0.18791946308724833,221.94444444444443
1_0_1_1_1_0_0_1_1_1_1_1_1_1_1_0_0_1_1_0_0_0_1_0_1_1_1_0_1_0_1_1_1_1_1_1_0_1_1_1_0_0_0_1_1_1,1,2.666666666666667e-5,1.699673171197595e-5,0.16778523489932887,201.0
1_1_1_0_0_1_1_0_0_0_1_0_0_1_0_1_0_0_0_1_1_1_0_1_0_1_0_1_0_0_1_0_0_0_0_0_0_0_0_0_1_1_1_1_1_1,1,2.666666666666667e-5,1.2472191289246472e-5,0.1610738255033557,219.16666666666666
1_0_1_1_1_0_0_1_1_1_1_1_1_1_1_1_0_1_1_0_0_1_1_0_0_1_1_0_0_1_1_1_0_0_0_0_0_0_0_0_0_1_1_0_0_0,1,2.666666666666667e-5,1.699673171197595e-5,0.2080536912751678,233.66666666666666
1_1_0_0_0_1_1_0_0_0_1_0_0_0_0_1_0_0_0_1_1_1_0_1_0_1_0_1_0_1_1_0_0_0_0_0_1_0_0_0_1_1_1_1_1_1,1,2.666666666666667e-5,9.428090415820635e-6,0.15436241610738255,190.83333333333334
1_1_0_1_1_0_0_1_1_1_1_0_0_0_1_1_0_1_0_1_1_0_0_0_1_0_0_1_1_1_1_1_1_1_1_1_1_1_1_1_1_0_0_1_1_1,1,2.666666666666667e-5,1.699673171197595e-5,0.19463087248322147,181.66666666666666
1_0_1_0_0_1_1_0_0_0_1_1_0_1_0_0_0_0_1_1_0_0_1_1_1_1_1_0_1_1_1_0_1_1_1_1_1_1_1_1_0_0_0_1_1_1,1,2.666666666666667e-5,1.699673171197595e-5,0.14093959731543623,167.0
1_0_1_1_1_0_0_1_1_1_1_0_1_0_1_0_0_1_1_0_1_1_1_0_0_0_0_1_0_1_1_1_0_0_0_0_0_0_0_0_0_1_1_1_1_1,1,2.666666666666667e-5,1.699673171197595e-5,0.1610738255033557,189.0
0_0_0_1_1_0_0_1_1_1_0_1_0_0_1_1_1_1_1_0_0_0_1_0_1_0_1_0_1_1_0_1_1_1_1_1_1_1_1_1_0_0_0_1_0_0,1,2.666666666666667e-5,1.2472191289246472e-5,0.18791946308724833,311.6666666666667
1_1_0_1_1_0_0_1_1_1_1_1_0_0_1_1_1_1_0_0_0_1_0_0_0_0_1_0_0_1_1_1_0_0_0_0_1_0_0_0_1_1_1_0_0_0,1,2.666666666666667e-5,1.2472191289246472e-5,0.19463087248322147,299.1666666666667
0_0_1_1_1_0_0_1_1_1_0_1_1_0_1_0_0_1_1_0_0_1_1_0_0_1_1_0_0_1_0_1_0_0_0_0_0_0_0_0_0_1_1_0_1_1,1,2.666666666666667e-5,1.2472191289246472e-5,0.18791946308724833,180.83333333333334
1_1_0_0_0_1_1_0_0_0_1_0_0_0_0_1_0_0_1_0_1_1_1_1_0_0_0_1_0_1_1_0_0_0_0_0_1_0_0_0_1_1_1_1_1_1,1,2.666666666666667e-5,2.4944382578492944e-5,0.20134228187919462,179.16666666666669
1_1_0_0_0_1_1_0_0_0_1_0_0_1_0_0_0_0_0_1_1_1_0_1_0_1_0_1_0_1_1_0_0_0_0_0_1_0_0_0_1_1_1_1_1_1,1,2.666666666666667e-5,2.0548046676563257e-5,0.15436241610738255,179.66666666666669
1_1_0_1_1_0_0_1_1_1_1_1_1_0_1_0_0_1_1_0_1_0_1_0_1_0_0_1_1_1_1_1_1_1_1_1_1_1_1_1_1_0_0_0_1_1,1,2.3333333333333336e-5,1.2472191289246472e-5,0.1610738255033557,200.83333333333334
1_1_1_0_0_1_1_0_0_0_1_0_0_1_0_1_1_0_0_1_0_0_0_1_1_1_0_0_1_0_1_0_1_1_1_1_0_1_1_1_1_0_0_0_0_0,1,2.3333333333333336e-5,9.428090415820634e-6,0.15436241610738255,253.33333333333334
0_0_1_1_1_0_0_1_1_1_0_1_1_0_1_0_0_1_1_0_0_1_1_0_0_0_1_0_0_0_0_1_0_0_0_0_0_0_0_0_0_1_1_0_1_1,1,2.3333333333333336e-5,4.714045207910317e-6,0.1476510067114094,216.66666666666666
1_0_1_1_1_0_0_1_1_1_1_1_1_1_1_0_0_1_1_0_1_1_1_0_0_0_1_1_0_1_1_1_0_0_0_0_1_0_0_0_0_1_1_0_1_1,1,2.3333333333333336e-5,1.2472191289246474e-5,0.12080536912751678,240.0
1_0_0_1_1_0_0_1_1_1_1_1_1_0_1_1_0_1_1_0_0_0_1_0_1_0_1_0_1_1_1_1_1_1_1_1_1_1_1_1_0_0_0_0_0_0,1,2.3333333333333336e-5,4.714045207910317e-6,0.16778523489932887,211.66666666666666
0_0_1_1_1_0_0_0_1_1_0_0_1_0_1_0_1_1_1_0_0_0_1_0_1_1_0_0_1_0_0_1_1_1_1_1_0_1_1_1_0_0_0_0_0_0,1,2.3333333333333336e-5,1.8856180831641267e-5,0.22818791946308725,197.33333333333334
1_1_1_0_0_1_1_0_0_0_1_0_0_1_0_1_1_0_1_1_1_1_1_1_0_1_0_1_0_1_1_0_0_0_0_0_1_0_0_0_1_1_1_0_0_0,1,2.3333333333333336e-5,2.0548046676563257e-5,0.1610738255033557,190.0
1_1_0_0_0_1_1_0_0_0_1_0_0_1_0_1_1_0_0_1_0_1_0_1_0_1_0_0_0_0_1_0_0_0_0_0_1_0_0_0_1_1_1_0_0_0,1,2.3333333333333336e-5,1.2472191289246474e-5,0.16778523489932887,276.6666666666667
1_0_1_1_1_0_0_1_1_1_1_1_1_0_1_0_0_1_1_0_0_1_1_0_0_0_1_0_0_1_1_1_0_0_0_0_0_0_0_0_0_1_1_1_1_1,1,2.3333333333333336e-5,4.714045207910317e-6,0.12751677852348994,167.2222222222222
0_0_1_1_1_0_0_1_1_1_0_1_1_1_1_0_0_1_0_1_0_1_0_0_1_0_1_0_1_0_0_1_0_0_1_0_1_0_1_0_0_0_1_0_1_1,1,2.3333333333333336e-5,1.8856180831641267e-5,0.18120805369127516,242.0
0_0_1_1_1_0_0_1_1_1_0_1_1_1_1_0_0_1_1_1_0_1_1_0_1_0_1_0_1_1_0_1_0_0_0_0_0_0_1_0_0_0_1_0_1_1,1,2.3333333333333336e-5,1.2472191289246474e-5,0.20134228187919462,266.6666666666667
1_1_0_0_0_1_1_0_0_0_1_0_0_0_0_1_0_0_0_0_1_0_0_1_1_0_0_1_1_1_1_0_1_1_1_1_1_1_1_1_1_0_0_1_1_1,1,2.3333333333333336e-5,2.0548046676563257e-5,0.18791946308724833,233.5
1_1_1_1_1_0_0_1_1_1_1_0_1_1_1_0_0_1_1_0_1_0_1_0_1_1_0_1_1_1_1_1_1_1_1_1_0_1_1_1_1_0_0_1_1_1,1,2.3333333333333336e-5,2.0548046676563257e-5,0.20134228187919462,173.5
1_1_0_1_1_0_0_1_1_1_1_1_0_0_1_1_1_1_1_1_0_0_1_0_1_0_1_0_1_1_1_1_1_1_1_1_1_1_1_1_1_0_0_0_0_0,1,2.3333333333333336e-5,9.428090415820634e-6,0.20134228187919462,244.44444444444446
1_1_1_0_0_1_1_0_0_0_1_1_0_1_0_1_1_0_1_1_0_0_1_1_1_1_1_0_1_1_1_0_1_1_1_1_1_1_1_1_1_0_0_0_0_0,1,2.3333333333333336e-5,2.6246692913372705e-5,0.20134228187919462,217.5
0_0_0_1_1_0_0_1_1_1_0_1_1_0_1_0_0_1_1_0_0_1_1_0_0_0_1_0_0_0_0_1_0_0_0_0_0_0_0_0_0_1_1_0_1_1,1,2.3333333333333336e-5,9.428090415820634e-6,0.1610738255033557,285.5555555555556
1_0_1_1_1_0_0_1_1_1_1_1_1_1_1_0_0_1_1_0_0_1_1_0_0_1_1_0_0_0_1_1_0_0_0_0_0_0_0_0_0_1_1_1_1_1,1,2.3333333333333336e-5,4.714045207910317e-6,0.1610738255033557,240.55555555555554
0_0_1_1_1_0_0_1_1_1_0_1_1_0_1_0_0_1_1_0_1_0_1_0_1_0_1_1_1_1_0_1_1_1_1_1_0_1_1_1_0_0_0_1_1_1,1,2.3333333333333336e-5,1.2472191289246474e-5,0.16778523489932887,221.66666666666666
0_1_1_1_1_0_0_1_1_1_0_1_1_1_1_0_0_1_0_0_0_1_0_0_1_0_1_0_1_1_0_1_0_0_1_0_1_0_1_0_1_0_1_0_1_1,1,2.3333333333333336e-5,9.428090415820634e-6,0.18791946308724833,258.88888888888886
0_0_0_1_1_0_0_1_1_1_0_1_0_0_1_1_1_1_0_0_0_1_0_0_0_0_1_0_0_1_0_1_0_0_0_0_1_0_0_0_0_1_1_1_0_0,1,2.3333333333333336e-5,9.428090415820634e-6,0.18791946308724833,272.22222222222223
1_0_1_1_1_0_0_1_1_1_1_0_1_1_1_0_0_1_1_1_1_1_1_0_0_1_0_1_0_0_1_1_0_0_0_0_0_0_0_0_0_1_1_1_1_1,1,2.3333333333333336e-5,9.428090415820634e-6,0.18791946308724833,166.66666666666666
0_1_0_0_0_1_1_0_0_0_0_0_0_0_0_1_1_0_0_1_0_0_0_1_1_1_0_0_1_0_0_0_1_1_1_1_0_1_1_1_1_0_0_1_0_0,1,2.3333333333333336e-5,1.699673171197595e-5,0.12080536912751678,151.25
0_1_1_0_0_1_1_0_0_0_0_0_1_1_0_0_1_0_0_0_0_0_0_1_1_1_0_0_1_0_0_0_1_1_1_1_0_1_1_1_1_0_0_0_0_0,1,2.3333333333333336e-5,1.699673171197595e-5,0.18791946308724833,277.08333333333337
1_0_1_1_1_0_0_1_1_1_1_0_1_1_1_0_0_1_1_1_1_1_1_0_0_0_0_1_0_0_1_1_0_0_0_0_0_0_0_0_0_1_1_1_1_1,1,2.3333333333333336e-5,4.714045207910317e-6,0.14093959731543623,281.1111111111111
0_0_1_1_1_0_0_1_1_1_0_0_1_1_1_0_0_1_1_0_0_1_1_0_1_1_0_0_1_1_0_1_0_0_0_0_0_0_1_0_0_0_1_0_1_1,1,2.3333333333333336e-5,4.714045207910317e-6,0.2550335570469799,272.22222222222223
0_0_0_1_1_0_0_1_1_1_0_1_0_0_1_1_1_1_0_1_0_0_0_0_1_0_1_0_1_1_0_1_1_1_1_1_1_1_1_1_0_0_0_0_0_0,1,2.3333333333333336e-5,4.714045207910317e-6,0.18791946308724833,217.7777777777778
1_1_1_1_1_0_0_1_1_1_1_0_1_1_1_0_0_1_1_1_1_1_1_0_0_1_0_1_0_1_1_1_0_0_0_0_0_0_0_0_1_1_1_1_1_1,1,2.3333333333333336e-5,9.428090415820634e-6,0.18791946308724833,211.1111111111111
1_1_0_0_0_1_1_1_0_0_1_1_0_1_0_1_1_0_0_1_1_0_0_1_0_0_1_1_0_0_1_0_1_1_0_1_1_1_0_1_1_1_0_1_0_0,1,2.3333333333333336e-5,9.428090415820634e-6,0.28187919463087246,315.5555555555556
0_1_1_0_0_1_1_0_0_0_0_0_0_1_0_0_1_0_0_1_1_1_0_1_0_1_0_1_0_0_0_0_0_0_0_0_1_0_0_0_1_1_1_1_1_1,1,2.3333333333333336e-5,1.2472191289246472e-5,0.18791946308724833,199.16666666666666
1_1_1_1_1_0_0_1_1_1_1_0_1_1_1_0_0_1_0_1_1_1_0_0_0_1_0_1_0_0_1_1_0_0_0_0_0_0_0_0_1_1_1_1_1_1,1,2.3333333333333336e-5,1.2472191289246472e-5,0.18791946308724833,260.0
0_1_1_1_1_0_0_1_1_1_0_1_1_1_1_0_0_1_0_0_1_1_0_0_0_0_1_1_0_1_0_1_0_0_0_0_1_0_0_0_1_1_1_1_1_1,1,2.3333333333333336e-5,4.714045207910317e-6,0.12080536912751678,182.77777777777774
0_1_0_1_1_0_0_1_1_1_0_1_1_0_1_1_1_1_0_0_0_1_0_0_0_0_0_0_0_1_0_1_0_0_0_0_1_0_0_0_1_1_1_0_0_0,1,2.3333333333333336e-5,9.428090415820634e-6,0.14093959731543623,270.0
1_0_1_1_1_0_0_1_1_1_1_1_1_0_1_0_0_1_1_0_0_1_1_0_0_1_1_0_0_1_1_1_0_0_0_0_0_0_0_0_0_1_1_1_1_1,1,2.3333333333333336e-5,4.714045207910317e-6,0.174496644295302,185.83333333333331
1_1_0_1_1_0_0_1_1_1_1_1_0_0_1_1_1_1_1_1_0_1_1_0_0_0_1_0_0_1_1_1_0_0_0_0_1_0_0_0_1_1_1_0_0_0,1,2.3333333333333336e-5,4.714045207910317e-6,0.2080536912751678,260.0
1_1_0_1_1_0_0_1_1_1_1_0_1_0_1_0_0_1_1_0_1_0_1_0_1_0_0_1_1_1_1_1_1_1_1_1_0_1_1_1_1_0_0_1_1_1,1,2.3333333333333336e-5,9.428090415820634e-6,0.18791946308724833,191.1111111111111
0_1_0_0_0_1_1_0_0_0_0_0_0_0_0_1_1_0_0_1_0_0_0_1_1_1_0_0_1_0_0_0_1_1_1_1_0_1_1_1_1_0_0_0_0_0,1,2.3333333333333336e-5,1.2472191289246474e-5,0.10738255033557047,341.6666666666667
0_1_1_1_1_0_0_1_1_1_0_1_1_0_1_0_0_1_0_0_1_1_0_0_0_0_1_1_0_0_0_1_0_0_0_0_1_0_0_0_1_1_1_1_1_1,1,2.3333333333333336e-5,1.2472191289246472e-5,0.1342281879194631,159.16666666666666
0_1_0_0_0_1_1_0_0_0_0_1_0_1_0_1_1_0_0_1_0_0_0_1_1_1_1_0_1_0_0_0_1_1_1_1_1_1_1_1_1_0_0_0_0_0,1,2.3333333333333336e-5,9.428090415820634e-6,0.1610738255033557,280.0
0_0_1_0_0_1_1_0_0_0_0_1_1_1_0_0_1_0_0_0_0_0_0_1_1_1_1_0_1_0_0_0_1_1_1_1_0_1_1_1_0_0_0_0_0_0,1,2.3333333333333336e-5,4.714045207910317e-6,0.2080536912751678,165.55555555555554
0_1_1_1_1_0_0_1_1_1_0_0_1_1_1_0_0_1_0_1_1_0_0_0_1_0_0_1_1_0_0_1_1_1_1_1_0_1_1_1_1_0_0_1_1_1,1,2.3333333333333336e-5,1.2472191289246472e-5,0.1610738255033557,197.5
0_1_0_1_1_0_0_1_1_1_0_0_0_0_1_0_1_1_0_1_1_1_0_0_0_0_0_1_0_1_0_1_0_0_0_0_1_0_0_0_1_1_1_1_1_1,1,2.3333333333333336e-5,4.714045207910317e-6,0.2080536912751678,248.33333333333334
0_1_0_0_0_1_1_0_0_0_0_0_0_0_0_1_1_0_0_1_1_0_0_1_1_1_0_1_1_1_0_0_1_1_1_1_1_1_1_1_1_0_0_0_0_0,1,2.3333333333333336e-5,1.2472191289246472e-5,0.11409395973154363,186.66666666666666
0_0_0_1_1_0_0_1_1_1_0_1_1_0_1_1_1_1_0_0_0_1_0_0_0_0_1_0_0_1_0_1_0_0_0_0_1_0_0_0_0_1_1_0_0_0,1,2.3333333333333336e-5,1.2472191289246474e-5,0.14093959731543623,270.0
1_0_0_0_0_1_1_0_0_0_1_0_0_0_0_1_1_0_1_0_1_0_1_1_0_1_1_1_0_0_1_0_1_1_0_1_0_1_0_1_0_1_0_1_0_0,1,2.3333333333333336e-5,4.714045207910317e-6,0.18791946308724833,257.77777777777777
1_0_0_0_0_1_1_0_0_0_1_0_0_0_0_1_1_0_1_0_1_0_1_1_0_1_0_1_0_0_1_0_1_1_1_1_0_1_0_1_0_1_0_1_0_0,1,2.3333333333333336e-5,1.2472191289246472e-5,0.18120805369127516,183.33333333333334
1_1_1_1_1_0_0_1_1_1_1_0_1_1_1_0_0_1_1_1_1_1_1_0_0_1_0_1_0_1_1_1_0_0_0_0_0_0_0_0_1_1_1_0_1_1,1,2.3333333333333336e-5,1.2472191289246472e-5,0.20134228187919462,209.16666666666666
1_0_1_1_1_0_0_1_1_1_1_1_1_1_1_0_0_1_1_0_1_0_1_0_1_0_1_1_1_0_1_1_1_1_1_1_0_1_1_1_0_0_0_0_1_1,1,2.3333333333333336e-5,4.714045207910317e-6,0.14093959731543623,213.88888888888889
1_1_1_1_1_0_0_1_1_1_1_0_1_0_1_0_0_1_1_0_1_1_1_0_0_0_0_1_0_1_1_1_0_0_0_0_0_0_0_0_1_1_1_0_1_1,1,2.3333333333333336e-5,1.2472191289246474e-5,0.18120805369127516,147.5
1_1_1_1_1_0_0_1_1_1_1_1_1_0_1_0_0_1_0_0_1_1_0_0_0_0_0_1_0_0_1_1_0_0_0_0_1_0_0_0_1_1_1_0_1_1,1,2.3333333333333336e-5,4.714045207910317e-6,0.14093959731543623,254.44444444444446
0_0_1_0_0_1_1_0_0_0_0_1_0_1_0_1_1_0_1_1_0_1_1_1_0_1_1_0_0_1_0_0_0_0_0_0_1_0_0_0_0_1_1_0_0_0,1,2.3333333333333336e-5,4.714045207910317e-6,0.18791946308724833,230.83333333333331
1_0_0_1_1_0_0_1_1_1_1_1_0_0_1_1_1_1_1_0_0_1_1_0_0_0_1_0_0_1_1_1_0_0_0_0_1_0_0_0_0_1_1_0_0_0,1,2.3333333333333336e-5,9.428090415820634e-6,0.19463087248322147,188.88888888888889
1_1_1_1_1_0_0_1_1_1_1_1_1_0_1_0_0_1_0_0_1_0_0_0_1_0_1_1_1_1_1_1_1_1_1_1_1_1_1_1_1_0_0_0_1_1,1,2.3333333333333336e-5,1.8856180831641267e-5,0.1342281879194631,177.33333333333334
0_1_0_0_0_1_1_0_0_0_0_1_0_0_0_1_1_0_0_1_0_1_0_1_0_1_1_0_0_1_0_0_0_0_0_0_1_0_0_0_1_1_1_0_0_0,1,2.3333333333333336e-5,1.8856180831641267e-5,0.15436241610738255,333.3333333333333
1_1_0_0_0_1_1_0_0_0_1_0_0_0_0_1_0_0_1_1_1_1_1_1_0_0_0_1_0_1_1_0_0_0_0_0_1_0_0_0_1_1_1_1_1_1,1,2.3333333333333336e-5,1.2472191289246474e-5,0.2080536912751678,237.5
0_0_1_0_0_1_1_0_0_0_0_0_0_1_0_1_1_0_1_1_0_0_1_1_1_1_1_0_1_1_0_0_1_1_1_1_0_1_1_1_0_0_0_1_0_0,1,2.3333333333333336e-5,1.699673171197595e-5,0.15436241610738255,245.41666666666669
0_1_0_0_0_1_1_0_0_0_0_1_0_0_0_1_1_0_0_0_0_0_0_1_1_1_1_0_1_1_0_0_1_1_1_1_1_1_1_1_1_0_0_0_0_0,1,2.3333333333333332e-5,3.299831645537221e-5,0.14093959731543623,234.28571428571428
0_1_0_0_0_1_1_0_0_0_0_0_0_0_0_0_1_0_0_1_1_1_0_1_0_1_0_1_0_1_0_0_0_0_0_0_1_0_0_0_1_1_1_1_1_1,1,2.0e-5,0.0,0.1610738255033557,215.0
0_0_0_1_1_0_0_1_1_1_0_1_1_0_1_0_0_1_0_0_1_1_0_0_0_0_1_1_0_0_0_1_0_0_0_0_1_0_0_0_0_1_1_1_1_1,1,2.0e-5,8.16496580927726e-6,0.15436241610738255,170.55555555555554
0_1_1_1_1_0_0_1_1_1_0_1_1_0_1_0_1_1_0_0_0_1_0_0_0_0_0_0_0_0_0_1_0_0_0_0_1_0_0_0_1_1_1_0_0_0,1,2.0e-5,0.0,0.14093959731543623,175.0
0_0_0_0_0_1_1_0_0_0_0_0_0_0_0_1_1_0_1_0_0_0_1_1_0_1_0_0_0_1_0_0_1_1_1_1_0_1_0_1_0_1_0_1_0_0,1,2.0e-5,8.16496580927726e-6,0.19463087248322147,201.11111111111111
1_0_1_0_0_1_1_0_0_0_1_0_0_1_0_1_0_0_1_1_1_0_1_1_1_1_1_1_1_1_1_0_1_1_1_1_0_1_1_1_0_0_0_1_1_1,1,2.0e-5,1.6329931618554523e-5,0.15436241610738255,186.25
1_1_0_0_0_1_1_0_0_0_1_1_0_0_0_1_1_0_0_1_1_0_0_1_0_0_1_1_0_0_1_0_1_1_1_1_1_1_0_1_1_1_0_1_0_0,1,2.0e-5,8.16496580927726e-6,0.2550335570469799,295.0
1_1_0_0_0_1_1_0_0_0_1_0_0_1_0_0_0_0_1_1_1_1_1_1_0_0_0_1_0_1_1_0_0_0_0_0_1_0_0_0_1_1_1_1_1_1,1,2.0e-5,1.4142135623730951e-5,0.2080536912751678,176.66666666666666
1_1_0_0_0_1_1_0_0_0_1_0_0_0_0_1_0_0_0_1_1_1_0_1_0_0_0_1_0_0_1_0_0_0_0_0_1_0_0_0_1_1_1_1_1_1,1,2.0e-5,8.16496580927726e-6,0.19463087248322147,250.0
1_1_1_1_1_0_0_1_1_1_1_1_1_0_1_0_0_1_0_0_1_1_0_0_0_0_0_1_0_1_1_1_0_0_0_0_1_0_0_0_1_1_1_1_1_1,1,2.0e-5,8.16496580927726e-6,0.1342281879194631,175.55555555555554
1_0_1_0_0_1_1_0_0_0_1_1_1_1_0_1_0_0_1_0_0_1_1_1_0_1_1_0_0_0_1_0_0_0_0_0_0_0_0_0_0_1_1_0_0_0,1,2.0e-5,1.4142135623730951e-5,0.21476510067114093,201.66666666666669
1_1_0_0_0_1_1_0_0_0_1_0_0_0_0_1_0_0_0_1_1_0_0_1_1_1_0_1_1_1_1_0_1_1_1_1_1_1_1_1_1_0_0_1_1_1,1,2.0e-5,8.16496580927726e-6,0.1476510067114094,173.33333333333334
0_1_1_1_1_0_0_1_1_1_0_1_1_1_1_0_0_1_0_0_0_1_0_0_1_0_0_0_1_0_0_1_0_0_1_0_1_0_1_0_1_0_1_0_1_1,1,2.0e-5,8.16496580927726e-6,0.18791946308724833,278.3333333333333
1_0_0_0_0_1_1_0_0_0_1_1_0_0_0_1_1_0_1_1_0_0_1_1_1_1_1_0_1_1_1_0_1_1_1_1_1_1_1_1_0_0_0_0_0_0,1,2.0e-5,8.16496580927726e-6,0.1610738255033557,200.0
1_0_1_1_1_0_0_1_1_1_1_1_1_0_1_0_0_1_1_0_0_1_1_0_0_1_1_0_0_1_1_1_0_0_0_0_0_0_0_0_0_1_1_0_1_1,1,2.0e-5,1.4142135623730953e-5,0.18791946308724833,277.5
0_1_0_0_0_1_1_0_0_0_0_0_0_1_0_1_1_0_0_1_1_0_0_1_1_0_0_1_1_0_0_0_1_1_1_1_1_1_1_1_1_0_0_0_0_0,1,2.0e-5,8.16496580927726e-6,0.174496644295302,196.66666666666666
1_1_0_1_1_0_0_1_1_1_1_1_0_0_1_1_1_1_1_1_1_0_1_0_0_0_1_1_0_1_1_1_1_1_0_1_1_1_0_1_1_1_0_1_0_0,1,2.0e-5,8.16496580927726e-6,0.2550335570469799,230.55555555555554
1_0_1_1_1_0_0_1_1_1_1_1_1_0_1_1_0_1_1_0_0_0_1_0_1_1_1_0_1_0_1_1_1_1_1_1_0_1_1_1_0_0_0_0_0_0,1,2.0e-5,1.4142135623730951e-5,0.22818791946308725,230.0
1_0_0_1_1_0_0_1_1_1_1_1_1_0_1_0_0_1_1_0_0_0_1_0_1_0_1_0_1_1_1_1_1_1_1_1_0_1_1_1_0_0_0_1_1_1,1,2.0e-5,1.4142135623730951e-5,0.1476510067114094,180.0
0_1_1_1_1_0_0_1_1_1_0_1_1_0_1_0_0_1_0_0_1_0_0_0_1_0_1_1_1_1_0_1_1_1_1_1_1_1_1_1_1_0_0_1_1_1,1,2.0e-5,8.16496580927726e-6,0.1476510067114094,236.11111111111111
1_1_1_0_0_1_1_0_0_0_1_0_0_1_0_1_1_0_0_1_0_0_0_1_1_1_0_0_1_0_1_0_1_1_1_1_1_1_1_1_1_0_0_0_0_0,1,2.0e-5,1.4142135623730951e-5,0.174496644295302,240.83333333333334
0_1_0_1_1_0_0_1_1_1_0_0_0_0_1_0_1_1_0_1_1_0_0_0_1_0_0_1_1_1_0_1_1_1_1_1_1_1_1_1_1_0_0_1_1_1,1,2.0e-5,1.6329931618554523e-5,0.21476510067114093,200.0
0_0_1_1_1_0_0_1_1_1_0_1_1_0_1_1_1_1_1_0_0_1_1_0_0_1_1_0_0_0_0_1_0_0_0_0_0_0_0_0_0_1_1_0_0_0,1,2.0e-5,8.16496580927726e-6,0.19463087248322147,191.11111111111111
0_1_1_1_1_0_0_1_1_1_0_1_1_1_1_0_1_1_0_0_0_0_0_0_1_0_0_0_1_1_0_1_1_1_1_1_1_1_1_1_1_0_0_0_0_0,1,2.0e-5,0.0,0.1342281879194631,206.66666666666666
1_0_0_0_0_1_1_0_0_0_1_0_0_1_0_1_1_0_1_1_0_0_1_1_1_1_0_0_1_0_1_0_1_1_1_1_0_1_1_1_0_0_0_0_0_0,1,2.0e-5,8.16496580927726e-6,0.14093959731543623,215.55555555555554
0_0_0_0_0_1_1_0_0_0_0_1_0_1_0_1_1_0_1_1_0_1_1_1_0_1_1_0_0_1_0_0_0_0_0_0_1_0_0_0_0_1_1_0_0_0,1,2.0e-5,8.16496580927726e-6,0.174496644295302,192.2222222222222
0_1_1_0_0_1_1_0_0_0_0_0_0_1_0_1_1_0_0_1_1_0_0_1_1_1_0_1_1_0_0_0_1_1_1_1_1_1_1_1_1_0_0_0_0_0,1,2.0e-5,8.16496580927726e-6,0.14093959731543623,211.66666666666666
1_1_0_0_0_1_1_0_0_0_1_0_0_0_0_0_0_0_0_1_1_0_0_1_1_0_0_1_1_1_1_0_1_1_1_1_1_1_1_1_1_0_0_1_1_1,1,2.0e-5,8.16496580927726e-6,0.174496644295302,156.66666666666666
0_0_1_1_1_0_0_1_1_1_0_1_1_0_1_0_0_1_1_0_0_1_1_0_0_1_1_0_0_0_0_1_0_0_0_0_0_0_0_0_0_1_1_1_1_1,1,2.0e-5,1.4142135623730953e-5,0.18120805369127516,207.5
1_1_0_0_0_1_1_0_0_0_1_0_0_1_0_1_1_0_1_1_1_1_1_1_0_0_0_1_0_1_1_0_0_0_0_0_1_0_0_0_1_1_1_0_0_0,1,2.0e-5,1.6329931618554523e-5,0.19463087248322147,227.5
0_0_1_1_1_0_0_1_1_1_0_1_1_0_1_1_1_1_1_0_0_0_1_0_1_1_1_0_1_0_0_1_1_1_1_1_0_1_1_1_0_0_0_0_0_0,1,2.0e-5,8.16496580927726e-6,0.20134228187919462,280.0
0_0_0_0_0_1_1_0_0_0_0_1_0_0_0_1_1_0_0_1_0_0_0_1_1_1_1_0_1_1_0_0_1_1_1_1_1_1_1_1_0_0_0_1_0_0,1,2.0e-5,1.4142135623730953e-5,0.16778523489932887,184.16666666666666
1_0_0_0_0_1_1_0_0_0_1_0_0_0_0_1_1_0_1_1_0_0_1_1_1_1_0_0_1_0_1_0_1_1_1_1_0_1_1_1_0_0_0_0_0_0,1,2.0e-5,8.16496580927726e-6,0.12080536912751678,202.7777777777778
1_1_0_0_0_1_1_0_0_0_1_0_0_0_0_1_1_0_1_0_1_0_1_1_0_1_0_1_0_1_1_0_1_1_1_1_1_1_0_1_1_1_0_1_0_0,1,2.0e-5,8.16496580927726e-6,0.21476510067114093,273.3333333333333
1_1_0_0_0_1_1_0_0_0_1_0_0_0_0_1_1_0_1_1_1_0_1_1_0_1_0_1_0_1_1_0_1_1_1_1_0_1_0_1_1_1_0_1_0_0,1,2.0e-5,0.0,0.18791946308724833,273.3333333333333
1_1_1_0_0_1_1_0_0_0_1_0_0_1_0_1_1_0_0_1_0_1_0_1_0_1_0_0_0_0_1_0_0_0_0_0_1_0_0_0_1_1_1_0_0_0,1,2.0e-5,8.16496580927726e-6,0.18120805369127516,245.0
0_1_1_1_1_0_0_0_1_1_0_0_1_0_1_1_1_1_0_0_1_0_0_0_1_1_0_1_1_0_0_1_1_1_1_1_0_1_1_1_1_0_0_0_0_0,1,2.0e-5,8.16496580927726e-6,0.18791946308724833,305.5555555555556
1_0_1_1_1_0_0_1_1_1_1_1_1_0_1_1_0_1_1_0_0_0_1_0_1_0_1_0_1_1_1_1_1_1_1_1_0_1_1_1_0_0_0_0_0_0,1,2.0e-5,8.16496580927726e-6,0.174496644295302,252.22222222222226
1_1_0_0_0_1_1_0_0_0_1_0_0_1_0_1_1_0_0_1_1_0_0_1_1_1_0_1_1_1_1_0_1_1_1_1_1_1_1_1_1_0_0_1_0_0,1,2.0e-5,8.16496580927726e-6,0.1476510067114094,203.33333333333334
1_1_1_0_0_1_1_0_0_0_1_0_0_1_0_1_1_0_0_1_1_0_0_1_1_1_0_1_1_1_1_0_1_1_1_1_1_1_1_1_1_0_0_0_0_0,1,2.0e-5,8.16496580927726e-6,0.1476510067114094,231.1111111111111
0_1_0_0_0_1_1_0_0_0_0_1_0_0_0_1_1_0_0_1_0_1_0_1_0_1_1_0_0_1_0_0_0_0_0_0_1_0_0_0_1_1_1_1_0_0,1,2.0e-5,8.16496580927726e-6,0.15436241610738255,248.33333333333334
0_0_0_0_0_1_1_0_0_0_0_1_0_0_0_1_1_0_0_1_0_1_0_1_0_0_1_0_0_0_0_0_0_0_0_0_1_0_0_0_0_1_1_1_0_0,1,2.0e-5,8.16496580927726e-6,0.20134228187919462,323.8888888888889
0_1_0_0_0_1_1_0_0_0_0_0_0_1_0_1_1_0_0_1_1_0_0_1_1_0_0_1_1_0_0_0_1_1_1_1_1_1_1_1_1_0_0_1_0_0,1,2.0e-5,2.1602468994692868e-5,0.18791946308724833,183.0
0_1_1_1_1_0_0_1_1_1_0_0_1_1_1_0_0_1_0_0_1_1_0_0_0_0_0_1_0_0_0_1_0_0_0_0_0_0_0_0_1_1_1_1_1_1,1,2.0e-5,8.16496580927726e-6,0.1610738255033557,262.22222222222223
0_1_0_0_0_1_1_0_0_0_0_0_0_1_0_1_1_0_0_1_1_1_0_1_0_1_0_1_0_1_0_0_0_0_0_0_1_0_0_0_1_1_1_0_0_0,1,2.0e-5,8.16496580927726e-6,0.14093959731543623,196.66666666666666
0_1_0_0_0_1_1_0_0_0_0_0_0_0_0_0_1_0_0_1_1_0_0_1_1_0_0_1_1_1_0_0_1_1_1_1_1_1_1_1_1_0_0_1_1_1,1,2.0e-5,8.16496580927726e-6,0.21476510067114093,239.44444444444443
1_1_0_0_0_1_1_0_0_0_1_0_0_0_0_1_1_0_1_1_1_0_1_1_0_1_0_1_0_1_1_0_1_1_0_1_0_1_0_1_1_1_0_1_0_0,1,2.0e-5,0.0,0.18791946308724833,245.0
0_1_1_0_0_1_1_0_0_0_0_0_1_1_0_0_0_0_0_1_1_0_0_1_1_1_0_1_1_0_0_0_1_1_1_1_0_1_1_1_1_0_0_1_1_1,1,2.0e-5,2.1602468994692868e-5,0.19463087248322147,182.0
1_1_1_0_0_1_1_0_0_0_1_0_1_1_0_0_0_0_1_1_1_1_1_1_0_1_0_1_0_0_1_0_0_0_0_0_0_0_0_0_1_1_1_1_1_1,1,2.0e-5,0.0,0.18120805369127516,273.3333333333333
1_0_1_1_1_0_0_1_1_1_1_1_1_1_1_1_0_1_1_1_0_0_1_0_1_1_1_0_1_0_1_1_1_1_1_1_0_1_1_1_0_0_0_0_0_0,1,2.0e-5,1.4142135623730953e-5,0.20134228187919462,136.66666666666666
0_0_1_0_0_1_1_0_0_0_0_1_0_1_0_1_1_0_0_1_0_1_0_1_0_1_1_0_0_0_0_0_0_0_0_0_1_0_0_0_0_1_1_0_0_0,1,2.0e-5,1.4142135623730951e-5,0.18791946308724833,185.0
0_0_1_1_1_0_0_1_1_1_0_1_1_0_1_0_0_1_0_0_1_1_0_0_0_0_1_1_0_0_0_1_0_0_0_0_1_0_0_0_0_1_1_1_1_1,1,2.0e-5,1.4142135623730951e-5,0.14093959731543623,221.66666666666666
0_1_0_0_0_1_1_0_0_0_0_1_0_0_0_1_1_0_0_0_0_0_0_1_1_0_1_0_1_0_0_0_1_1_1_1_1_1_1_1_1_0_0_1_0_0,1,2.0e-5,8.16496580927726e-6,0.19463087248322147,186.66666666666666
0_0_1_0_0_1_1_0_0_0_0_0_0_1_0_1_1_0_0_1_0_1_0_1_0_1_1_0_0_0_0_0_0_0_0_0_0_0_0_0_0_1_1_1_0_0,1,2.0e-5,8.16496580927726e-6,0.1610738255033557,210.0
1_1_1_0_0_1_1_0_0_0_1_0_1_1_0_0_0_0_0_1_1_1_0_1_0_1_0_1_0_0_1_0_0_0_0_0_0_0_0_0_1_1_1_0_1_1,1,2.0e-5,8.16496580927726e-6,0.18791946308724833,247.7777777777778
1_1_0_0_0_1_1_0_0_0_1_1_0_0_0_1_1_0_1_1_0_0_1_1_1_0_1_0_1_1_1_0_1_1_1_1_1_1_1_1_1_0_0_0_0_0,1,2.0e-5,8.16496580927726e-6,0.21476510067114093,230.0
1_1_0_1_1_0_0_1_1_1_1_1_0_0_1_1_1_1_0_0_1_0_0_0_0_0_1_1_0_0_1_1_1_1_1_1_1_1_0_1_1_1_0_1_0_0,1,2.0e-5,8.16496580927726e-6,0.2348993288590604,226.66666666666666
0_1_1_0_0_1_1_0_0_0_0_1_0_1_0_1_1_0_0_1_0_1_0_1_0_1_1_0_0_0_0_0_0_0_0_0_1_0_0_0_1_1_1_1_0_0,1,2.0e-5,8.16496580927726e-6,0.18120805369127516,240.0
0_0_0_1_1_0_0_1_1_1_0_1_1_0_1_0_0_1_1_0_1_1_1_0_0_0_1_1_0_1_0_1_0_0_0_0_1_0_0_0_0_1_1_1_1_1,1,2.0e-5,1.6329931618554523e-5,0.15436241610738255,175.0
0_0_1_1_1_0_0_1_1_1_0_0_1_1_1_0_0_1_0_0_0_1_0_0_1_1_0_0_1_0_0_1_0_0_0_0_0_0_1_0_0_0_1_0_1_1,1,2.0e-5,8.16496580927726e-6,0.2684563758389262,267.77777777777777
1_0_1_1_1_0_0_1_1_1_1_1_1_1_1_1_0_1_1_0_0_0_1_0_1_1_1_0_1_1_1_1_1_1_1_1_0_1_1_1_0_0_0_0_0_0,1,2.0e-5,1.4142135623730951e-5,0.20134228187919462,205.0
1_0_1_0_0_1_1_0_0_0_1_0_1_1_0_0_0_0_1_0_1_1_1_1_0_1_0_1_0_0_1_0_0_0_0_0_0_0_0_0_0_1_1_1_1_1,1,2.0e-5,8.16496580927726e-6,0.18120805369127516,190.0
1_0_1_1_1_0_0_1_1_1_1_1_1_1_1_1_0_1_1_1_0_1_1_0_0_1_1_0_0_0_1_1_0_0_0_0_0_0_0_0_0_1_1_0_0_0,1,2.0e-5,8.16496580927726e-6,0.2080536912751678,223.88888888888889
1_1_1_1_1_0_0_1_1_1_1_0_1_0_1_0_0_1_1_0_1_1_1_0_0_0_0_1_0_1_1_1_0_0_0_0_0_0_0_0_1_1_1_1_1_1,1,2.0e-5,0.0,0.16778523489932887,265.0
0_0_1_1_1_0_0_1_1_1_0_0_1_1_1_0_0_1_1_0_1_0_1_0_1_1_0_1_1_0_0_1_1_1_1_1_0_1_1_1_0_0_0_1_1_1,1,2.0e-5,8.16496580927726e-6,0.21476510067114093,232.7777777777778
1_1_1_0_0_1_1_0_0_0_1_0_1_1_0_0_0_0_1_0_1_0_1_1_1_1_0_1_1_0_1_0_1_1_1_1_0_1_1_1_1_0_0_1_1_1,1,2.0e-5,8.16496580927726e-6,0.19463087248322147,237.22222222222226
0_0_1_1_1_0_0_1_1_1_0_1_1_0_1_1_1_1_0_0_0_0_0_0_1_1_1_0_1_0_0_1_1_1_1_1_0_1_1_1_0_0_0_0_0_0,1,2.0e-5,8.16496580927726e-6,0.2080536912751678,276.6666666666667
0_1_1_0_0_1_1_0_0_0_0_0_0_1_0_1_1_0_0_1_1_1_0_1_0_1_0_1_0_0_0_0_0_0_0_0_1_0_0_0_1_1_1_0_0_0,1,2.0e-5,0.0,0.1476510067114094,163.33333333333334
1_0_1_1_1_0_0_1_1_1_1_1_1_1_1_1_0_1_1_1_0_0_1_0_1_0_1_0_1_0_1_1_1_1_1_1_0_1_1_1_0_0_0_0_0_0,1,2.0e-5,8.16496580927726e-6,0.15436241610738255,209.44444444444443
0_1_0_1_1_0_0_1_1_1_0_1_1_0_1_0_1_1_0_0_0_1_0_0_0_0_1_0_0_1_0_1_0_0_0_0_1_0_0_0_1_1_1_0_0_0,1,2.0e-5,8.16496580927726e-6,0.15436241610738255,189.44444444444443
1_0_1_0_0_1_1_0_0_0_1_0_0_1_0_1_0_0_1_1_1_1_1_1_0_1_0_1_0_0_1_0_0_0_0_0_0_0_0_0_0_1_1_1_1_1,1,2.0e-5,0.0,0.1610738255033557,213.33333333333334
0_1_1_0_0_1_1_0_0_0_0_0_0_1_0_1_1_0_0_1_1_0_0_1_1_1_0_1_1_0_0_0_1_1_1_1_1_1_1_1_1_0_0_1_0_0,1,2.0e-5,0.0,0.15436241610738255,191.66666666666666
0_0_0_0_0_1_1_0_0_0_0_1_0_1_0_1_1_0_0_1_0_1_0_1_0_1_1_0_0_0_0_0_0_0_0_0_1_0_0_0_0_1_1_0_0_0,1,2.0e-5,8.16496580927726e-6,0.174496644295302,193.88888888888889
1_0_0_0_0_1_1_0_0_0_1_0_0_1_0_1_1_0_1_1_0_0_1_1_1_1_0_0_1_1_1_0_1_1_1_1_0_1_1_1_0_0_0_0_0_0,1,2.0e-5,0.0,0.1342281879194631,270.0
1_1_1_0_0_1_1_0_0_0_1_0_0_1_0_1_1_0_0_1_1_1_0_1_0_1_0_1_0_1_1_0_0_0_0_0_1_0_0_0_1_1_1_1_0_0,1,2.0e-5,8.16496580927726e-6,0.15436241610738255,211.66666666666666
0_0_1_1_1_0_0_1_1_1_0_0_1_1_1_0_0_1_0_1_1_0_0_0_1_1_0_1_1_0_0_1_1_1_1_1_0_1_1_1_0_0_0_1_1_1,1,2.0e-5,8.16496580927726e-6,0.21476510067114093,282.22222222222223
0_0_0_1_1_0_0_1_1_1_0_1_1_0_1_0_0_1_1_0_1_1_1_0_0_0_1_1_0_1_0_1_0_0_0_0_0_0_0_0_0_1_1_1_1_1,1,2.0e-5,1.4142135623730953e-5,0.174496644295302,248.33333333333334
0_1_0_0_0_1_1_0_0_0_0_0_0_1_0_0_1_0_0_1_1_1_0_1_0_1_0_1_0_1_0_0_0_0_0_0_1_0_0_0_1_1_1_1_1_1,1,2.0e-5,8.16496580927726e-6,0.18120805369127516,213.88888888888889
1_0_0_0_0_1_1_0_0_0_1_0_0_0_0_1_1_0_1_1_1_0_1_1_0_1_0_1_0_1_1_0_1_1_1_1_0_1_0_1_0_1_0_1_0_0,1,2.0e-5,8.16496580927726e-6,0.18120805369127516,223.8888888888889
1_0_1_1_1_0_0_1_1_1_1_1_1_1_1_0_0_1_1_0_1_1_1_0_0_0_1_1_0_0_1_1_0_0_0_0_0_0_0_0_0_1_1_1_1_1,1,2.0e-5,8.16496580927726e-6,0.1342281879194631,192.7777777777778
1_1_0_0_0_1_1_0_0_0_1_0_0_1_0_1_1_0_0_1_1_1_0_1_0_0_0_1_0_1_1_0_0_0_0_0_1_0_0_0_1_1_1_0_0_0,1,2.0e-5,8.16496580927726e-6,0.18791946308724833,243.88888888888889
0_1_1_1_1_0_0_1_1_1_0_1_1_1_1_0_0_1_0_1_0_1_0_0_1_0_0_0_1_1_0_1_0_0_1_0_1_0_1_0_1_0_1_0_1_1,1,2.0e-5,0.0,0.18791946308724833,246.66666666666666
1_0_1_0_0_1_1_0_0_0_1_0_0_1_0_1_1_0_1_1_0_1_1_1_0_1_1_0_0_1_1_0_0_0_0_0_0_0_0_0_0_1_1_0_0_0,1,2.0e-5,1.6329931618554523e-5,0.1610738255033557,215.0
1_1_0_0_0_1_1_0_0_0_1_0_0_0_0_1_1_0_0_1_1_0_0_1_0_1_0_1_0_0_1_0_1_1_1_1_1_1_0_1_1_1_0_1_0_0,1,2.0e-5,8.16496580927726e-6,0.2080536912751678,274.4444444444444
1_0_1_1_1_0_0_1_1_1_1_1_1_0_1_0_0_1_1_0_0_1_1_0_0_0_1_0_0_0_1_1_0_0_0_0_0_0_0_0_0_1_1_1_1_1,1,2.0e-5,8.16496580927726e-6,0.1342281879194631,148.33333333333334
0_0_1_1_1_0_0_1_1_1_0_1_1_1_1_0_1_1_1_0_0_0_1_0_1_1_1_0_1_0_0_1_1_1_1_1_0_1_1_1_0_0_0_0_0_0,1,2.0e-5,8.16496580927726e-6,0.20134228187919462,268.88888888888886
0_0_0_0_0_1_1_0_0_0_0_0_0_1_0_1_1_0_1_1_0_0_1_1_1_1_0_0_1_0_0_0_1_1_1_1_0_1_1_1_0_0_0_0_0_0,1,2.0e-5,2.1602468994692868e-5,0.12751677852348994,192.0
0_1_1_1_1_0_0_1_1_1_0_1_1_1_1_0_0_1_0_1_0_1_0_0_1_0_0_0_1_1_0_1_0_0_0_0_1_0_1_0_1_0_1_0_1_1,1,2.0e-5,1.6329931618554523e-5,0.18791946308724833,207.5
1_1_0_0_0_1_1_0_0_0_1_0_0_1_0_1_1_0_0_1_0_0_0_1_1_1_0_0_1_0_1_0_1_1_1_1_0_1_1_1_1_0_0_0_0_0,1,2.0e-5,1.6329931618554523e-5,0.14093959731543623,233.75
0_0_1_0_0_1_1_0_0_0_0_0_0_1_0_1_1_0_1_1_0_1_1_1_0_1_1_0_0_1_0_0_0_0_0_0_0_0_0_0_0_1_1_0_0_0,1,2.0e-5,1.6329931618554523e-5,0.1476510067114094,280.0
0_0_1_1_1_0_0_1_1_1_0_1_1_0_1_0_1_1_1_0_0_0_1_0_1_1_1_0_1_1_0_1_1_1_1_1_0_1_1_1_0_0_0_0_0_0,1,2.0e-5,2.1602468994692868e-5,0.21476510067114093,243.0
0_1_0_0_0_1_1_0_0_0_0_0_0_0_0_0_1_0_0_0_1_0_0_1_1_0_0_1_1_1_0_0_1_1_1_1_1_1_1_1_1_0_0_1_1_1,1,1.666666666666667e-5,4.714045207910318e-6,0.2080536912751678,216.66666666666666
0_0_0_1_1_0_0_1_1_1_0_1_0_0_1_1_1_1_0_1_0_0_0_0_1_0_1_0_1_0_0_1_1_1_1_1_1_1_1_1_0_0_0_0_0_0,1,1.666666666666667e-5,4.714045207910318e-6,0.18120805369127516,273.3333333333333
0_0_1_0_0_1_1_0_0_0_0_0_1_1_0_0_0_0_1_0_0_1_1_1_1_1_0_0_1_1_0_0_0_0_0_0_0_0_1_0_0_0_1_0_1_1,1,1.666666666666667e-5,4.714045207910318e-6,0.24161073825503357,178.33333333333334
0_1_0_1_1_0_0_1_1_1_0_1_1_0_1_0_1_1_0_0_0_0_0_0_1_0_1_0_1_1_0_1_1_1_1_1_1_1_1_1_1_0_0_0_0_0,1,1.666666666666667e-5,4.714045207910318e-6,0.1610738255033557,295.0
1_1_0_0_0_1_1_0_0_0_1_0_0_0_0_1_0_0_0_0_1_1_0_1_0_0_0_1_0_1_1_0_0_0_0_0_1_0_0_0_1_1_1_1_1_1,1,1.666666666666667e-5,4.714045207910318e-6,0.19463087248322147,146.66666666666666
1_1_0_0_0_1_1_0_0_0_1_0_0_1_0_1_0_0_1_1_1_0_1_1_1_1_0_1_1_1_1_0_1_1_1_1_1_1_1_1_1_0_0_1_1_1,1,1.666666666666667e-5,4.714045207910318e-6,0.174496644295302,270.0
0_0_1_0_0_1_1_0_0_0_0_1_0_1_0_1_1_0_0_1_0_0_0_1_1_1_1_0_1_0_0_0_1_1_1_1_1_1_1_1_0_0_0_1_0_0,1,1.666666666666667e-5,4.714045207910318e-6,0.19463087248322147,210.0
1_0_1_1_1_0_0_1_1_1_1_1_1_0_1_0_0_1_1_0_0_1_1_0_0_1_1_0_0_0_1_1_0_0_0_0_0_0_0_0_0_1_1_0_1_1,1,1.666666666666667e-5,4.714045207910318e-6,0.19463087248322147,235.0
0_0_1_1_1_0_0_1_1_1_0_1_1_0_1_0_1_1_0_0_0_0_0_0_1_0_1_0_1_0_0_1_1_1_1_1_0_1_1_1_0_0_0_0_0_0,1,1.666666666666667e-5,4.714045207910318e-6,0.18120805369127516,213.33333333333334
1_1_0_0_0_1_1_0_0_0_1_0_0_1_0_1_0_0_1_1_1_0_1_1_1_1_0_1_1_0_1_0_1_1_1_1_0_1_1_1_1_0_0_1_1_1,1,1.666666666666667e-5,4.714045207910318e-6,0.1476510067114094,168.33333333333334
1_0_1_0_0_1_1_0_0_0_1_0_0_1_0_1_0_0_1_1_1_1_1_1_0_1_1_1_0_1_1_0_0_0_0_0_0_0_0_0_0_1_1_1_1_1,1,1.666666666666667e-5,4.714045207910318e-6,0.1610738255033557,330.0
0_0_0_0_0_1_1_0_0_0_0_1_0_0_0_1_1_0_0_0_0_1_0_1_0_0_1_0_0_0_0_0_0_0_0_0_1_0_0_0_0_1_1_1_0_0,1,1.666666666666667e-5,4.714045207910318e-6,0.19463087248322147,250.0
1_0_1_1_1_0_0_1_1_1_1_1_1_0_1_0_0_1_1_0_0_1_1_0_0_0_1_0_0_0_1_1_0_0_0_0_0_0_0_0_0_1_1_0_1_1,1,1.666666666666667e-5,4.714045207910318e-6,0.1476510067114094,233.33333333333334
0_1_0_0_0_1_1_0_0_0_0_0_0_0_0_1_1_0_0_1_0_1_0_1_0_1_0_0_0_1_0_0_0_0_0_0_1_0_0_0_1_1_1_0_0_0,1,1.666666666666667e-5,4.714045207910318e-6,0.14093959731543623,208.33333333333334
1_1_0_0_0_1_1_0_0_0_1_1_0_0_0_1_1_0_1_0_0_1_1_1_0_0_1_0_0_1_1_0_0_0_0_0_1_0_0_0_1_1_1_0_0_0,1,1.666666666666667e-5,4.714045207910318e-6,0.21476510067114093,266.6666666666667
0_0_1_1_1_0_0_1_1_1_0_0_1_1_1_0_0_1_1_1_0_1_1_0_1_1_0_0_1_0_0_1_0_0_1_0_0_0_1_0_0_0_1_0_1_1,1,1.666666666666667e-5,4.714045207910318e-6,0.2550335570469799,183.33333333333334
0_1_1_1_1_0_0_1_1_1_0_1_1_0_1_0_0_1_0_0_1_1_0_0_0_0_1_1_0_1_0_1_0_0_0_0_1_0_0_0_1_1_1_1_1_1,1,1.666666666666667e-5,4.714045207910318e-6,0.14093959731543623,175.0
0_0_0_0_0_1_1_0_0_0_0_1_0_1_0_1_1_0_1_1_0_0_1_1_1_1_1_0_1_1_0_0_1_1_1_1_1_1_1_1_0_0_0_1_0_0,1,1.666666666666667e-5,4.714045207910318e-6,0.18120805369127516,178.33333333333334
1_1_0_0_0_1_1_0_0_0_1_0_0_0_0_1_1_0_1_0_1_0_1_1_0_1_0_1_0_0_1_0_1_1_0_1_0_1_0_1_1_1_0_1_0_0,1,1.666666666666667e-5,4.714045207910318e-6,0.18791946308724833,191.66666666666666
0_0_1_1_1_0_0_1_1_1_0_0_1_1_1_0_0_1_0_1_0_1_0_0_1_1_0_0_1_0_0_1_0_0_0_0_0_0_1_0_0_0_1_0_1_1,1,1.666666666666667e-5,4.714045207910318e-6,0.26174496644295303,251.66666666666666
1_1_1_0_0_1_1_0_0_0_1_0_0_1_0_1_1_0_0_1_1_1_0_1_0_1_0_1_0_1_1_0_0_0_0_0_1_0_0_0_1_1_1_0_0_0,1,1.666666666666667e-5,4.714045207910318e-6,0.15436241610738255,210.0
1_1_1_1_1_0_0_1_1_1_1_0_1_1_1_0_0_1_1_0_1_0_1_0_1_0_0_1_1_0_1_1_1_1_1_1_0_1_1_1_1_0_0_0_1_1,1,1.666666666666667e-5,4.714045207910318e-6,0.1610738255033557,285.0
1_1_1_1_1_0_0_0_1_1_1_0_1_0_1_1_1_1_1_0_1_0_1_0_1_1_0_1_1_0_1_1_1_1_1_1_0_1_1_1_1_0_0_0_0_0,1,1.666666666666667e-5,4.714045207910318e-6,0.19463087248322147,226.66666666666666
0_0_1_0_0_1_1_0_0_0_0_0_1_1_0_0_0_0_0_1_0_1_0_1_1_1_0_0_1_0_0_0_0_0_0_0_0_0_1_0_0_0_1_0_1_1,1,1.6666666666666667e-5,9.428090415820634e-6,0.2483221476510067,261.11111111111114
0_0_0_0_0_1_1_0_0_0_0_0_0_1_0_1_1_0_1_1_0_1_1_1_0_1_0_0_0_0_0_0_0_0_0_0_0_0_0_0_0_1_1_1_0_0,1,1.6666666666666667e-5,4.714045207910318e-6,0.1342281879194631,200.0
0_0_0_0_0_1_1_0_0_0_0_1_0_0_0_1_1_0_0_0_0_1_0_1_0_0_1_0_0_1_0_0_0_0_0_0_1_0_0_0_0_1_1_1_0_0,1,1.6666666666666667e-5,1.699673171197595e-5,0.20134228187919462,265.0
0_1_0_0_0_1_1_0_0_0_0_0_0_1_0_0_1_0_0_1_1_0_0_1_1_1_0_1_1_0_0_0_1_1_1_1_1_1_1_1_1_0_0_1_1_1,1,1.6666666666666667e-5,4.714045207910318e-6,0.18120805369127516,248.33333333333334
1_0_0_1_1_0_0_1_1_1_1_1_1_0_1_0_0_1_1_0_0_1_1_0_0_0_1_0_0_0_1_1_0_0_0_0_0_0_0_0_0_1_1_1_1_1,1,1.6666666666666667e-5,1.2472191289246472e-5,0.1476510067114094,206.66666666666669
0_1_0_0_0_1_1_0_0_0_0_0_0_1_0_0_1_0_0_1_1_0_0_1_1_0_0_1_1_0_0_0_1_1_1_1_1_1_1_1_1_0_0_1_1_1,1,1.6666666666666667e-5,9.428090415820634e-6,0.22818791946308725,338.8888888888889
0_0_1_0_0_1_1_0_0_0_0_0_1_1_0_0_0_0_0_0_1_1_0_1_0_1_0_1_0_0_0_0_0_0_0_0_0_0_0_0_0_1_1_1_1_1,1,1.6666666666666667e-5,1.2472191289246472e-5,0.20134228187919462,290.0
1_0_1_1_1_0_0_1_1_1_1_0_1_1_1_0_0_1_1_1_1_0_1_0_1_1_0_1_1_1_1_1_1_1_1_1_0_1_1_1_0_0_0_1_1_1,1,1.6666666666666667e-5,1.2472191289246472e-5,0.18791946308724833,253.33333333333331
1_0_1_1_1_0_0_1_1_1_1_0_1_1_1_0_0_1_1_0_0_1_1_0_1_1_0_0_1_1_1_1_0_0_0_0_0_0_1_0_0_0_1_0_1_1,1,1.6666666666666667e-5,9.428090415820634e-6,0.2550335570469799,307.77777777777777
0_1_1_0_0_1_1_0_0_0_0_0_0_1_0_0_1_0_0_1_1_0_0_1_1_1_0_1_1_0_0_0_1_1_1_1_1_1_1_1_1_0_0_1_1_1,1,1.6666666666666667e-5,9.428090415820634e-6,0.19463087248322147,218.88888888888889
1_0_1_1_1_0_0_1_1_1_1_0_1_1_1_0_0_1_1_1_1_0_1_0_1_1_0_1_1_0_1_1_1_1_1_1_0_1_1_1_0_0_0_0_1_1,1,1.6666666666666667e-5,1.2472191289246472e-5,0.19463087248322147,239.16666666666666
0_1_1_0_0_1_1_0_0_0_0_0_0_1_0_1_1_0_0_1_1_0_0_1_1_1_0_1_1_1_0_0_1_1_1_1_1_1_1_1_1_0_0_0_0_0,1,1.6666666666666667e-5,9.428090415820634e-6,0.1476510067114094,233.33333333333334
0_0_0_0_0_1_1_0_0_0_0_0_0_1_0_1_1_0_1_1_0_0_1_1_1_1_1_0_1_1_0_0_1_1_1_1_0_1_1_1_0_0_0_1_0_0,1,1.6666666666666667e-5,1.2472191289246472e-5,0.14093959731543623,230.83333333333331
0_1_0_0_0_1_1_0_0_0_0_0_0_1_0_1_1_0_0_1_1_0_0_1_1_1_0_1_1_1_0_0_1_1_1_1_1_1_1_1_1_0_0_0_0_0,1,1.6666666666666667e-5,1.2472191289246472e-5,0.1342281879194631,248.33333333333331
0_0_1_0_0_1_1_0_0_0_0_1_1_1_0_0_1_0_1_0_0_1_1_1_0_1_1_0_0_0_0_0_0_0_0_0_0_0_0_0_0_1_1_0_0_0,1,1.6666666666666667e-5,4.714045207910318e-6,0.19463087248322147,276.6666666666667
1_0_1_1_1_0_0_1_1_1_1_0_1_1_1_0_0_1_1_0_1_0_1_0_1_1_0_1_1_1_1_1_1_1_1_1_0_1_1_1_0_0_0_0_1_1,1,1.6666666666666667e-5,9.428090415820634e-6,0.19463087248322147,187.77777777777774
0_0_0_1_1_0_0_1_1_1_0_1_1_0_1_0_1_1_0_0_0_1_0_0_0_0_1_0_0_1_0_1_0_0_0_0_1_0_0_0_0_1_1_0_0_0,1,1.6666666666666667e-5,9.428090415820634e-6,0.1610738255033557,182.2222222222222
1_1_0_0_0_1_1_0_0_0_1_0_0_1_0_1_0_0_0_1_1_0_0_1_1_0_0_1_1_0_1_0_1_1_1_1_1_1_1_1_1_0_0_1_1_1,1,1.6666666666666667e-5,9.428090415820634e-6,0.2080536912751678,208.88888888888889
1_1_0_0_0_1_1_0_0_0_1_0_0_0_0_1_1_0_1_0_1_0_1_1_0_1_0_1_0_1_1_0_1_1_0_1_1_1_0_1_1_1_0_1_0_0,1,1.6666666666666667e-5,1.699673171197595e-5,0.21476510067114093,143.75
1_1_0_0_0_1_1_0_0_0_1_0_0_0_0_1_1_0_0_0_1_0_0_1_0_1_0_1_0_0_1_0_1_1_1_1_0_1_0_1_1_1_0_1_0_0,1,1.6666666666666667e-5,1.2472191289246472e-5,0.18120805369127516,275.83333333333337
0_1_0_1_1_0_0_1_1_1_0_1_1_0_1_0_1_1_0_0_0_0_0_0_1_0_0_0_1_0_0_1_1_1_1_1_1_1_1_1_1_0_0_0_0_0,1,1.6666666666666667e-5,4.714045207910318e-6,0.1610738255033557,200.0
0_0_1_1_1_0_0_1_1_1_0_1_1_0_1_1_1_1_1_0_0_1_1_0_0_0_1_0_0_0_0_1_0_0_0_0_0_0_0_0_0_1_1_0_0_0,1,1.6666666666666667e-5,4.714045207910318e-6,0.1476510067114094,215.0
0_1_1_1_1_0_0_1_1_1_0_1_1_1_1_0_0_1_0_0_0_1_0_0_1_0_0_0_1_0_0_1_0_0_0_0_1_0_1_0_1_0_1_0_1_1,1,1.6666666666666667e-5,1.2472191289246472e-5,0.18791946308724833,223.33333333333331
1_1_0_1_1_0_0_1_1_1_1_1_1_0_1_0_0_1_1_0_1_1_1_0_0_0_0_1_0_1_1_1_0_0_0_0_1_0_0_0_1_1_1_1_1_1,1,1.6666666666666667e-5,1.699673171197595e-5,0.15436241610738255,318.75
1_0_1_0_0_1_1_0_0_0_1_0_0_1_0_1_1_0_1_1_0_1_1_1_0_1_0_0_0_1_1_0_0_0_0_0_0_0_0_0_0_1_1_0_0_0,1,1.6666666666666667e-5,1.699673171197595e-5,0.15436241610738255,203.75
1_1_0_0_0_1_1_0_0_0_1_0_0_1_0_0_0_0_0_1_1_1_0_1_0_0_0_1_0_1_1_0_0_0_0_0_1_0_0_0_1_1_1_1_1_1,1,1.6666666666666667e-5,1.2472191289246472e-5,0.20134228187919462,305.0
1_1_0_0_0_1_1_0_0_0_1_0_0_1_0_1_0_0_1_1_1_1_1_1_0_1_0_1_0_0_1_0_0_0_0_0_0_0_0_0_1_1_1_1_1_1,1,1.6666666666666667e-5,9.428090415820634e-6,0.15436241610738255,197.7777777777778
0_0_1_1_1_0_0_1_1_1_0_0_1_1_1_0_0_1_1_0_1_1_1_0_0_1_0_1_0_0_0_1_0_0_0_0_0_0_0_0_0_1_1_1_1_1,1,1.6666666666666667e-5,9.428090415820634e-6,0.2080536912751678,325.55555555555554
1_1_0_0_0_1_1_0_0_0_1_0_0_1_0_0_0_0_0_1_1_0_0_1_1_0_0_1_1_1_1_0_1_1_1_1_1_1_1_1_1_0_0_1_1_1,1,1.6666666666666667e-5,1.699673171197595e-5,0.19463087248322147,210.0
1_1_0_1_1_0_0_1_1_1_1_0_0_0_1_1_0_1_0_0_1_0_0_0_1_0_0_1_1_1_1_1_1_1_1_1_1_1_1_1_1_0_0_1_1_1,1,1.6666666666666667e-5,9.428090415820634e-6,0.18791946308724833,206.66666666666666
1_1_0_0_0_1_1_0_0_0_1_0_0_1_0_0_0_0_1_1_1_0_1_1_1_0_0_1_1_1_1_0_1_1_1_1_1_1_1_1_1_0_0_1_1_1,1,1.6666666666666667e-5,9.428090415820634e-6,0.20134228187919462,241.11111111111111
1_1_0_1_1_0_0_1_1_1_1_1_0_0_1_1_1_1_0_1_0_0_0_0_1_0_1_0_1_1_1_1_1_1_1_1_1_1_1_1_1_0_0_0_0_0,1,1.6666666666666667e-5,4.714045207910318e-6,0.19463087248322147,228.33333333333334
0_0_0_0_0_1_1_0_0_0_0_0_0_1_0_1_1_0_1_1_0_1_1_1_0_1_0_0_0_0_0_0_0_0_0_0_0_0_0_0_0_1_1_0_0_0,1,1.6666666666666667e-5,1.699673171197595e-5,0.1342281879194631,162.5
0_1_0_0_0_1_1_0_0_0_0_1_0_1_0_1_1_0_0_1_0_1_0_1_0_1_1_0_0_0_0_0_0_0_0_0_1_0_0_0_1_1_1_0_0_0,1,1.6666666666666667e-5,1.699673171197595e-5,0.16778523489932887,186.25
1_1_1_1_1_0_0_1_1_1_1_1_1_1_1_0_0_1_0_0_1_1_0_0_1_0_1_1_1_0_1_1_0_0_1_0_1_0_1_0_1_0_1_0_1_1,1,1.6666666666666667e-5,1.2472191289246472e-5,0.20134228187919462,228.33333333333331
1_1_0_0_0_1_1_0_0_0_1_0_0_1_0_1_1_0_0_1_1_0_0_1_1_0_0_1_1_1_1_0_1_1_1_1_1_1_1_1_1_0_0_0_0_0,1,1.6666666666666667e-5,9.428090415820634e-6,0.18120805369127516,201.66666666666669
0_1_0_0_0_1_1_0_0_0_0_0_0_1_0_1_1_0_0_1_1_1_0_1_0_0_0_1_0_0_0_0_0_0_0_0_1_0_0_0_1_1_1_1_0_0,1,1.6666666666666667e-5,9.428090415820634e-6,0.18120805369127516,208.88888888888889
0_0_1_0_0_1_1_0_0_0_0_0_0_1_0_1_1_0_0_1_0_0_0_1_1_1_0_0_1_0_0_0_1_1_1_1_0_1_1_1_0_0_0_1_0_0,1,1.6666666666666667e-5,9.428090415820634e-6,0.1610738255033557,231.11111111111111
0_1_0_0_0_1_1_0_0_0_0_0_0_0_0_1_1_0_0_0_1_0_0_1_0_1_0_1_0_0_0_0_1_1_0_1_0_1_0_1_1_1_0_1_0_0,1,1.6666666666666667e-5,9.428090415820634e-6,0.18120805369127516,268.88888888888886
1_1_1_0_0_1_1_0_0_0_1_0_1_1_0_0_0_0_1_0_1_1_1_1_0_1_0_1_0_0_1_0_0_0_0_0_0_0_0_0_1_1_1_0_1_1,1,1.6666666666666667e-5,9.428090415820634e-6,0.20134228187919462,201.11111111111111
1_0_0_0_0_1_1_0_0_0_1_0_0_0_0_1_1_0_1_1_0_1_1_1_0_1_0_0_0_0_1_0_0_0_0_0_0_0_0_0_0_1_1_0_0_0,1,1.6666666666666667e-5,9.428090415820634e-6,0.12751677852348994,191.11111111111111
0_0_0_1_1_0_0_1_1_1_0_1_1_0_1_0_0_1_1_0_0_0_1_0_1_0_1_0_1_0_0_1_1_1_1_1_0_1_1_1_0_0_0_0_1_1,1,1.6666666666666667e-5,9.428090415820634e-6,0.15436241610738255,198.88888888888889
0_0_0_0_0_1_1_0_0_0_0_0_0_1_0_1_1_0_0_1_0_0_0_1_1_1_1_0_1_0_0_0_1_1_1_1_0_1_1_1_0_0_0_0_0_0,1,1.6666666666666667e-5,9.428090415820634e-6,0.14093959731543623,145.0
1_0_0_0_0_1_1_1_0_0_1_1_0_1_0_1_0_0_1_1_1_0_1_1_1_0_1_1_1_1_1_0_1_1_1_1_1_1_1_1_0_0_0_1_1_1,1,1.6666666666666667e-5,9.428090415820634e-6,0.2214765100671141,194.44444444444446
1_1_0_0_0_1_1_0_0_0_1_0_0_1_0_1_1_0_1_1_1_0_1_1_1_0_0_1_1_1_1_0_1_1_1_1_1_1_1_1_1_0_0_1_0_0,1,1.6666666666666667e-5,1.2472191289246472e-5,0.20134228187919462,269.16666666666663
1_1_1_1_1_0_0_1_1_1_1_0_1_0_1_0_0_1_0_0_1_0_0_0_1_0_0_1_1_0_1_1_1_1_1_1_0_1_1_1_1_0_0_1_1_1,1,1.6666666666666667e-5,9.428090415820634e-6,0.174496644295302,201.66666666666669
1_1_0_0_0_1_1_0_0_0_1_0_0_1_0_1_0_0_0_1_1_1_0_1_0_1_0_1_0_0_1_0_0_0_0_0_0_0_0_0_1_1_1_1_1_1,1,1.6666666666666667e-5,9.428090415820634e-6,0.1476510067114094,194.44444444444446
1_1_0_0_0_1_1_0_0_0_1_0_0_1_0_1_1_0_0_1_0_1_0_1_0_1_0_0_0_0_1_0_0_0_0_0_0_0_0_0_1_1_1_0_0_0,1,1.6666666666666667e-5,1.699673171197595e-5,0.1476510067114094,190.0
1_0_0_0_0_1_1_0_0_0_1_1_0_0_0_1_1_0_1_1_0_1_1_1_0_1_1_0_0_1_1_0_0_0_0_0_1_0_0_0_0_1_1_0_0_0,1,1.6666666666666667e-5,1.699673171197595e-5,0.16778523489932887,210.0
0_1_1_1_1_0_0_1_1_1_0_0_1_1_1_0_0_1_0_0_1_0_0_0_1_0_0_1_1_0_0_1_1_1_1_1_0_1_1_1_1_0_0_1_1_1,1,1.6666666666666667e-5,1.699673171197595e-5,0.16778523489932887,288.75
0_0_1_1_1_0_0_1_1_1_0_0_1_1_1_0_0_1_1_1_1_0_1_0_1_1_0_1_1_0_0_1_1_1_1_1_0_1_1_1_0_0_0_1_1_1,1,1.6666666666666667e-5,9.428090415820634e-6,0.2080536912751678,226.66666666666666
0_1_1_0_0_1_1_0_0_0_0_0_0_1_0_0_1_0_0_1_1_0_0_1_1_1_0_1_1_0_0_0_1_1_1_1_0_1_1_1_1_0_0_1_1_1,1,1.6666666666666667e-5,9.428090415820634e-6,0.174496644295302,183.33333333333334
0_0_0_0_0_1_1_0_0_0_0_1_0_0_0_1_1_0_1_1_0_1_1_1_0_0_1_0_0_1_0_0_0_0_0_0_1_0_0_0_0_1_1_1_0_0,1,1.6666666666666667e-5,1.2472191289246472e-5,0.20134228187919462,207.5
0_0_0_0_0_1_1_0_0_0_0_0_0_1_0_1_1_0_1_1_0_0_1_1_1_1_0_0_1_0_0_0_1_1_1_1_0_1_1_1_0_0_0_1_0_0,1,1.6666666666666667e-5,1.2472191289246472e-5,0.14093959731543623,186.66666666666669
1_0_1_0_0_1_1_0_0_0_1_0_1_1_0_0_0_0_1_1_0_1_1_1_1_1_0_0_1_1_1_0_0_0_1_0_0_0_1_0_0_0_1_0_1_1,1,1.6666666666666667e-5,1.2472191289246472e-5,0.2348993288590604,200.83333333333331
0_1_0_1_1_0_0_1_1_1_0_1_0_0_1_1_1_1_0_1_0_1_0_0_0_0_1_0_0_0_0_1_0_0_0_0_1_0_0_0_1_1_1_1_0_0,1,1.6666666666666667e-5,1.699673171197595e-5,0.18120805369127516,208.75
1_1_0_0_0_1_1_0_0_0_1_1_0_0_0_1_1_0_1_1_1_0_1_1_0_0_1_1_0_1_1_0_1_1_1_1_1_1_0_1_1_1_0_1_0_0,1,1.6666666666666667e-5,1.2472191289246472e-5,0.2684563758389262,272.5
1_1_0_1_1_0_0_1_1_1_1_1_1_0_1_0_0_1_1_0_1_0_1_0_1_0_0_1_1_1_1_1_1_1_1_1_1_1_1_1_1_0_0_1_1_1,1,1.6666666666666667e-5,1.2472191289246472e-5,0.1610738255033557,221.66666666666669
0_0_0_0_0_1_1_0_0_0_0_0_0_1_0_1_1_0_1_1_0_0_1_1_1_1_1_0_1_0_0_0_1_1_1_1_0_1_1_1_0_0_0_1_0_0,1,1.6666666666666667e-5,1.699673171197595e-5,0.1476510067114094,145.0
0_1_0_0_0_1_1_0_0_0_0_0_0_0_0_1_1_0_0_1_0_0_0_1_1_1_0_0_1_1_0_0_1_1_1_1_1_1_1_1_1_0_0_1_0_0,1,1.6666666666666667e-5,1.699673171197595e-5,0.1476510067114094,260.0
0_1_1_0_0_1_1_0_0_0_0_0_0_1_0_1_1_0_0_1_0_1_0_1_0_1_0_0_0_0_0_0_0_0_0_0_0_0_0_0_1_1_1_0_0_0,1,1.6666666666666667e-5,1.699673171197595e-5,0.1476510067114094,221.25
1_1_1_0_0_1_1_0_0_0_1_1_0_1_0_1_1_0_1_1_0_1_1_1_0_1_1_0_0_1_1_0_0_0_0_0_1_0_0_0_1_1_1_0_0_0,1,1.6666666666666667e-5,1.2472191289246472e-5,0.2080536912751678,190.83333333333331
0_0_0_0_0_1_1_0_0_0_0_1_0_1_0_1_1_0_1_1_0_0_1_1_1_1_1_0_1_1_0_0_1_1_1_1_1_1_1_1_0_0_0_0_0_0,1,1.6666666666666667e-5,1.699673171197595e-5,0.16778523489932887,191.25
1_0_1_0_0_1_1_0_0_0_1_0_1_1_0_0_0_0_1_0_1_1_1_1_0_1_0_1_0_1_1_0_0_0_0_0_0_0_0_0_0_1_1_0_1_1,1,1.6666666666666667e-5,1.2472191289246472e-5,0.18791946308724833,233.33333333333334
1_1_0_1_1_0_0_1_1_1_1_1_1_0_1_0_0_1_0_0_1_0_0_0_1_0_1_1_1_1_1_1_1_1_1_1_1_1_1_1_1_0_0_0_1_1,1,1.6666666666666667e-5,2.3570226039551588e-5,0.1476510067114094,188.0
1_0_0_0_0_1_1_0_0_0_1_0_0_0_0_1_1_0_1_0_1_0_1_1_0_1_1_1_0_1_1_0_1_1_1_1_0_1_0_1_0_1_0_1_0_0,1,1.6666666666666667e-5,1.2472191289246472e-5,0.18120805369127516,215.0
1_1_1_1_1_0_0_1_1_1_1_1_1_1_1_0_0_1_0_0_1_1_0_0_0_0_0_1_0_1_1_1_0_0_0_0_1_0_0_0_1_1_1_0_1_1,1,1.6666666666666667e-5,2.3570226039551588e-5,0.12751677852348994,284.0
1_1_1_1_1_0_0_1_1_1_1_0_1_1_1_0_0_1_0_1_1_0_0_0_1_1_0_1_1_0_1_1_1_1_1_1_0_1_1_1_1_0_0_1_1_1,1,1.6666666666666667e-5,1.2472191289246472e-5,0.19463087248322147,280.0
0_0_0_0_0_1_1_1_0_0_0_1_0_1_0_0_0_0_0_1_0_1_0_1_0_0_1_0_0_1_0_0_0_0_0_0_1_0_0_0_0_1_1_1_1_1,1,1.6666666666666667e-5,1.2472191289246472e-5,0.19463087248322147,242.5
0_1_0_0_0_1_1_1_0_0_0_1_0_1_0_0_1_0_0_1_1_0_0_1_1_0_1_1_1_1_0_0_1_1_1_1_1_1_1_1_1_0_0_1_1_1,1,1.6666666666666667e-5,1.699673171197595e-5,0.24161073825503357,292.5
0_0_1_1_1_0_0_1_1_1_0_1_1_0_1_0_0_1_1_0_0_0_1_0_1_0_1_0_1_0_0_1_1_1_1_1_0_1_1_1_0_0_0_1_1_1,1,1.6666666666666667e-5,2.3570226039551585e-5,0.14093959731543623,160.0
0_0_1_1_1_0_0_1_1_1_0_1_1_0_1_0_0_1_0_0_1_0_0_0_1_0_1_1_1_1_0_1_1_1_1_1_1_1_1_1_0_0_0_1_1_1,1,1.3333333333333335e-5,1.2472191289246474e-5,0.15436241610738255,183.33333333333331
1_0_1_1_1_0_0_1_1_1_1_1_1_0_1_0_0_1_1_0_1_1_1_0_0_0_1_1_0_1_1_1_0_0_0_0_1_0_0_0_0_1_1_1_1_1,1,1.3333333333333335e-5,4.714045207910318e-6,0.12751677852348994,265.0
1_0_1_1_1_0_0_1_1_1_1_0_1_1_1_0_0_1_1_1_1_0_1_0_1_1_0_1_1_1_1_1_1_1_1_1_0_1_1_1_0_0_0_0_1_1,1,1.3333333333333335e-5,9.428090415820635e-6,0.18791946308724833,317.5
1_1_0_0_0_1_1_0_0_0_1_1_0_0_0_1_1_0_0_1_1_0_0_1_0_0_1_1_0_1_1_0_1_1_0_1_1_1_0_1_1_1_0_1_0_0,1,1.3333333333333335e-5,1.2472191289246474e-5,0.26174496644295303,213.33333333333331
1_1_0_1_1_0_0_1_1_1_1_1_0_0_1_1_1_1_1_0_1_0_1_0_0_0_1_1_0_1_1_1_1_1_0_1_1_1_0_1_1_1_0_1_0_0,1,1.3333333333333335e-5,4.714045207910318e-6,0.2483221476510067,205.0
1_0_1_1_1_0_0_1_1_1_1_0_1_0_1_0_0_1_1_0_1_0_1_0_1_0_0_1_1_1_1_1_1_1_1_1_0_1_1_1_0_0_0_0_1_1,1,1.3333333333333335e-5,4.714045207910318e-6,0.16778523489932887,161.66666666666666
0_0_1_1_1_0_0_1_1_1_0_1_1_1_1_0_0_1_0_1_0_1_0_0_1_0_1_0_1_1_0_1_0_0_1_0_1_0_1_0_0_0_1_0_1_1,1,1.3333333333333335e-5,4.714045207910318e-6,0.18791946308724833,238.33333333333334
1_1_0_1_1_0_0_1_1_1_1_0_1_0_1_0_0_1_1_0_1_1_1_0_0_0_0_1_0_1_1_1_0_0_0_0_0_0_0_0_1_1_1_0_1_1,1,1.3333333333333335e-5,9.428090415820635e-6,0.19463087248322147,177.5
0_0_1_1_1_0_0_0_1_1_0_0_1_0_1_0_0_1_1_0_0_1_1_0_1_1_0_0_1_1_0_1_0_0_0_0_0_0_1_0_0_0_1_0_1_1,1,1.3333333333333335e-5,1.2472191289246474e-5,0.28187919463087246,175.0
0_1_0_0_0_1_1_1_0_0_0_1_0_1_0_1_1_0_0_1_1_0_0_1_1_0_1_1_1_1_0_0_1_1_1_1_1_1_1_1_1_0_0_1_0_0,1,1.3333333333333335e-5,4.714045207910318e-6,0.20134228187919462,178.33333333333334
0_0_0_0_0_1_1_0_0_0_0_0_0_1_0_1_1_0_1_1_0_1_1_1_0_1_1_0_0_0_0_0_0_0_0_0_0_0_0_0_0_1_1_1_0_0,1,1.3333333333333335e-5,1.2472191289246474e-5,0.14093959731543623,196.66666666666669
1_1_1_0_0_1_1_0_0_0_1_0_1_1_0_0_0_0_1_0_1_1_1_1_0_1_0_1_0_0_1_0_0_0_0_0_0_0_0_0_1_1_1_1_1_1,1,1.3333333333333335e-5,9.428090415820635e-6,0.18791946308724833,200.0
1_0_0_0_0_1_1_0_0_0_1_0_0_0_0_1_1_0_1_1_1_0_1_1_0_1_1_1_0_0_1_0_1_1_0_1_0_1_0_1_0_1_0_1_0_0,1,1.3333333333333335e-5,9.428090415820635e-6,0.19463087248322147,255.0
1_1_0_0_0_1_1_0_0_0_1_0_0_1_0_1_1_0_0_1_1_1_0_1_0_0_0_1_0_1_1_0_0_0_0_0_1_0_0_0_1_1_1_1_0_0,1,1.3333333333333335e-5,4.714045207910318e-6,0.18791946308724833,185.0
1_1_1_1_1_0_0_1_1_1_1_1_1_1_1_0_0_1_0_1_1_1_0_0_1_0_1_1_1_0_1_1_0_0_0_0_1_0_1_0_1_0_1_0_1_1,1,1.3333333333333335e-5,1.2472191289246474e-5,0.19463087248322147,190.0
0_1_0_0_0_1_1_1_0_0_0_1_0_1_0_1_1_0_0_1_1_1_0_1_0_0_1_1_0_1_0_0_0_0_0_0_1_0_0_0_1_1_1_0_0_0,1,1.3333333333333335e-5,1.8856180831641267e-5,0.19463087248322147,250.0
1_0_0_0_0_1_1_0_0_0_1_0_0_0_0_1_1_0_1_1_1_0_1_1_0_1_1_1_0_1_1_0_1_1_0_1_0_1_0_1_0_1_0_1_0_0,1,1.3333333333333335e-5,1.2472191289246472e-5,0.18791946308724833,293.3333333333333
0_0_1_1_1_0_0_1_1_1_0_1_1_1_1_0_0_1_0_0_0_1_0_0_1_0_1_0_1_0_0_1_0_0_0_0_1_0_1_0_0_0_1_0_1_1,1,1.3333333333333335e-5,4.714045207910318e-6,0.18791946308724833,268.3333333333333
0_0_0_1_1_0_0_1_1_1_0_1_0_0_1_1_1_1_1_1_0_1_1_0_0_0_1_0_0_1_0_1_0_0_0_0_1_0_0_0_0_1_1_1_0_0,1,1.3333333333333335e-5,4.714045207910318e-6,0.18791946308724833,191.66666666666666
0_0_1_0_0_1_1_0_0_0_0_0_1_1_0_0_0_0_0_0_0_1_0_1_1_1_0_0_1_0_0_0_0_0_0_0_0_0_1_0_0_0_1_0_1_1,1,1.3333333333333335e-5,4.714045207910318e-6,0.2550335570469799,256.6666666666667
1_1_0_1_1_0_0_1_1_1_1_1_0_0_1_1_1_1_0_1_1_0_0_0_0_0_1_1_0_0_1_1_1_1_1_1_1_1_0_1_1_1_0_1_0_0,1,1.3333333333333335e-5,4.714045207910318e-6,0.24161073825503357,451.6666666666667
0_1_0_0_0_1_1_0_0_0_0_0_0_1_0_1_1_0_0_1_0_1_0_1_0_1_0_0_0_0_0_0_0_0_0_0_0_0_0_0_1_1_1_1_0_0,1,1.3333333333333335e-5,9.428090415820635e-6,0.1342281879194631,205.0
1_0_0_0_0_1_1_0_0_0_1_0_0_1_0_1_0_0_1_1_1_1_1_1_0_1_1_1_0_0_1_0_0_0_0_0_0_0_0_0_0_1_1_1_1_1,1,1.3333333333333335e-5,4.714045207910318e-6,0.15436241610738255,255.0
1_1_0_0_0_1_1_0_0_0_1_0_0_1_0_1_1_0_1_1_0_0_1_1_1_1_0_0_1_1_1_0_1_1_1_1_0_1_1_1_1_0_0_0_0_0,1,1.3333333333333335e-5,4.714045207910318e-6,0.14093959731543623,236.66666666666666
1_1_0_1_1_0_0_1_1_1_1_1_1_0_1_0_0_1_0_0_1_1_0_0_0_0_0_1_0_0_1_1_0_0_0_0_1_0_0_0_1_1_1_0_1_1,1,1.3333333333333335e-5,1.2472191289246474e-5,0.15436241610738255,146.66666666666669
0_0_1_1_1_0_0_1_1_1_0_0_1_1_1_0_0_1_1_1_0_1_1_0_1_1_0_0_1_0_0_1_0_0_0_0_0_0_1_0_0_0_1_0_1_1,1,1.3333333333333335e-5,1.8856180831641267e-5,0.2550335570469799,182.5
0_1_0_0_0_1_1_0_0_0_0_0_0_1_0_1_1_0_0_1_0_1_0_1_0_1_0_0_0_0_0_0_0_0_0_0_0_0_0_0_1_1_1_0_0_0,1,1.3333333333333335e-5,1.2472191289246474e-5,0.1342281879194631,205.0
1_1_1_1_1_0_0_1_1_1_1_0_1_1_1_0_0_1_1_1_1_0_1_0_1_1_0_1_1_1_1_1_1_1_1_1_0_1_1_1_1_0_0_0_1_1,1,1.3333333333333335e-5,9.428090415820635e-6,0.19463087248322147,215.0
0_0_0_1_1_0_0_1_1_1_0_0_1_0_1_0_0_1_0_0_1_1_0_0_0_0_0_1_0_0_0_1_0_0_0_0_0_0_0_0_0_1_1_1_1_1,1,1.3333333333333335e-5,1.2472191289246472e-5,0.20134228187919462,185.0
1_1_0_0_0_1_1_0_0_0_1_0_0_0_0_1_0_0_0_1_1_1_0_1_0_0_0_1_0_1_1_0_0_0_0_0_1_0_0_0_1_1_1_1_1_1,1,1.3333333333333335e-5,1.2472191289246474e-5,0.20134228187919462,146.66666666666669
1_1_0_1_1_0_0_1_1_1_1_0_1_0_1_0_0_1_0_0_1_0_0_0_1_0_0_1_1_0_1_1_1_1_1_1_0_1_1_1_1_0_0_0_1_1,1,1.3333333333333335e-5,4.714045207910318e-6,0.18791946308724833,191.66666666666666
1_0_0_1_1_0_0_1_1_1_1_1_1_0_1_0_0_1_1_0_0_1_1_0_0_0_1_0_0_1_1_1_0_0_0_0_0_0_0_0_0_1_1_0_1_1,1,1.3333333333333335e-5,9.428090415820635e-6,0.15436241610738255,220.0
1_1_0_1_1_0_0_1_1_1_1_1_0_0_1_1_1_1_0_1_0_1_0_0_0_0_1_0_0_1_1_1_0_0_0_0_1_0_0_0_1_1_1_0_0_0,1,1.3333333333333335e-5,1.2472191289246474e-5,0.20134228187919462,273.33333333333337
0_1_0_1_1_0_0_1_1_1_0_1_0_0_1_1_1_1_0_0_0_1_0_0_0_0_1_0_0_1_0_1_0_0_0_0_1_0_0_0_1_1_1_1_0_0,1,1.3333333333333335e-5,9.428090415820635e-6,0.18120805369127516,200.0
0_1_0_1_1_0_0_1_1_1_0_1_0_0_1_1_1_1_0_1_0_0_0_0_1_0_1_0_1_0_0_1_1_1_1_1_1_1_1_1_1_0_0_1_0_0,1,1.3333333333333335e-5,4.714045207910318e-6,0.18791946308724833,183.33333333333334
1_1_1_0_0_1_1_0_0_0_1_0_0_1_0_1_0_0_1_1_1_1_1_1_0_1_0_1_0_1_1_0_0_0_0_0_1_0_0_0_1_1_1_1_1_1,1,1.3333333333333335e-5,9.428090415820635e-6,0.19463087248322147,182.5
1_1_1_0_0_1_1_0_0_0_1_0_0_1_0_1_0_0_1_1_1_0_1_1_1_1_0_1_1_1_1_0_1_1_1_1_1_1_1_1_1_0_0_1_1_1,1,1.3333333333333335e-5,9.428090415820635e-6,0.18791946308724833,140.0
1_1_0_0_0_1_1_0_0_0_1_0_0_0_0_1_1_0_0_1_1_0_0_1_0_1_0_1_0_0_1_0_1_1_0_1_0_1_0_1_1_1_0_1_0_0,1,1.3333333333333335e-5,4.714045207910318e-6,0.18791946308724833,331.6666666666667
1_0_1_0_0_1_1_0_0_0_1_0_1_1_0_0_0_0_1_0_1_0_1_1_1_1_0_1_1_1_1_0_1_1_1_1_0_1_1_1_0_0_0_1_1_1,1,1.3333333333333335e-5,4.714045207910318e-6,0.18120805369127516,268.3333333333333
0_0_1_0_0_1_1_0_0_0_0_0_0_1_0_1_1_0_0_1_0_0_0_1_1_1_1_0_1_0_0_0_1_1_1_1_0_1_1_1_0_0_0_1_0_0,1,1.3333333333333335e-5,1.2472191289246472e-5,0.16778523489932887,218.33333333333331
1_1_0_0_0_1_1_0_0_0_1_1_0_1_0_1_1_0_0_1_0_0_0_1_1_1_1_0_1_1_1_0_1_1_1_1_1_1_1_1_1_0_0_0_0_0,1,1.3333333333333335e-5,1.2472191289246474e-5,0.18120805369127516,160.0
1_1_0_1_1_0_0_1_1_1_1_1_1_0_1_0_0_1_1_0_1_1_1_0_0_0_0_1_0_1_1_1_0_0_0_0_1_0_0_0_1_1_1_0_1_1,1,1.3333333333333335e-5,4.714045207910318e-6,0.16778523489932887,121.66666666666667
1_0_0_0_0_1_1_0_0_0_1_0_0_1_0_1_0_0_1_1_1_0_1_1_1_1_0_1_1_0_1_0_1_1_1_1_0_1_1_1_0_0_0_1_1_1,1,1.3333333333333335e-5,4.714045207910318e-6,0.14093959731543623,210.0
1_1_1_1_1_0_0_1_1_1_1_0_1_1_1_0_0_1_0_1_1_0_0_0_1_1_0_1_1_0_1_1_1_1_1_1_0_1_1_1_1_0_0_0_1_1,1,1.3333333333333335e-5,4.714045207910318e-6,0.19463087248322147,315.0
0_1_0_0_0_1_1_0_0_0_0_1_0_1_0_1_1_0_0_1_0_0_0_1_1_1_1_0_1_1_0_0_1_1_1_1_1_1_1_1_1_0_0_0_0_0,1,1.3333333333333335e-5,4.714045207910318e-6,0.16778523489932887,215.0
1_1_0_0_0_1_1_0_0_0_1_1_0_0_0_1_1_0_1_1_0_1_1_1_0_0_1_0_0_1_1_0_0_0_0_0_1_0_0_0_1_1_1_0_0_0,1,1.3333333333333335e-5,9.428090415820635e-6,0.2214765100671141,160.0
0_0_1_1_1_0_0_0_1_1_0_0_1_0_1_0_0_1_1_0_0_1_1_0_1_1_0_0_1_1_0_1_0_0_1_0_0_0_1_0_0_0_1_0_1_1,1,1.3333333333333335e-5,4.714045207910318e-6,0.28187919463087246,286.6666666666667
0_1_1_0_0_1_1_0_0_0_0_0_0_1_0_1_1_0_0_1_1_1_0_1_0_1_0_1_0_1_0_0_0_0_0_0_1_0_0_0_1_1_1_0_0_0,1,1.3333333333333335e-5,4.714045207910318e-6,0.15436241610738255,258.3333333333333
0_1_0_0_0_1_1_0_0_0_0_1_0_0_0_1_1_0_0_1_0_0_0_1_1_1_1_0_1_1_0_0_1_1_1_1_1_1_1_1_1_0_0_1_0_0,1,1.3333333333333335e-5,4.714045207910318e-6,0.1610738255033557,225.0
0_0_1_1_1_0_0_1_1_1_0_1_1_0_1_0_0_1_0_0_1_1_0_0_0_0_1_1_0_1_0_1_0_0_0_0_1_0_0_0_0_1_1_1_1_1,1,1.3333333333333335e-5,9.428090415820635e-6,0.1476510067114094,235.0
1_1_1_0_0_1_1_0_0_0_1_0_1_1_0_0_0_0_1_0_1_1_1_1_0_1_0_1_0_1_1_0_0_0_0_0_0_0_0_0_1_1_1_1_1_1,1,1.3333333333333335e-5,4.714045207910318e-6,0.18120805369127516,230.0
1_1_1_1_1_0_0_1_1_1_1_0_1_0_1_0_0_1_0_0_1_0_0_0_1_0_0_1_1_0_1_1_1_1_1_1_0_1_1_1_1_0_0_0_1_1,1,1.3333333333333335e-5,4.714045207910318e-6,0.174496644295302,233.33333333333334
0_1_0_0_0_1_1_0_0_0_0_0_0_1_0_1_1_0_0_1_1_1_0_1_0_1_0_1_0_1_0_0_0_0_0_0_1_0_0_0_1_1_1_1_0_0,1,1.3333333333333335e-5,9.428090415820635e-6,0.14093959731543623,210.0
0_0_0_0_0_1_1_0_0_0_0_1_0_1_0_1_1_0_0_1_0_0_0_1_1_1_1_0_1_0_0_0_1_1_1_1_1_1_1_1_0_0_0_1_0_0,1,1.3333333333333335e-5,1.2472191289246474e-5,0.18120805369127516,193.33333333333334
1_0_1_1_1_0_0_1_1_1_1_1_1_0_1_1_0_1_1_0_0_1_1_0_0_0_1_0_0_0_1_1_0_0_0_0_0_0_0_0_0_1_1_0_0_0,1,1.3333333333333335e-5,1.8856180831641267e-5,0.18791946308724833,187.5
0_0_0_0_0_1_1_0_0_0_0_1_0_0_0_1_1_0_1_0_0_1_1_1_0_0_1_0_0_1_0_0_0_0_0_0_1_0_0_0_0_1_1_1_0_0,1,1.3333333333333335e-5,4.714045207910318e-6,0.19463087248322147,235.0
1_1_0_0_0_1_1_0_0_0_1_0_0_0_0_1_1_0_1_1_1_0_1_1_0_1_0_1_0_1_1_0_1_1_0_1_1_1_0_1_1_1_0_1_0_0,1,1.3333333333333335e-5,4.714045207910318e-6,0.2214765100671141,311.6666666666667
0_0_0_0_0_1_1_0_0_0_0_0_0_0_0_1_1_0_1_0_0_0_1_1_0_1_0_0_0_1_0_0_1_1_0_1_0_1_0_1_0_1_0_1_0_0,1,1.3333333333333335e-5,4.714045207910318e-6,0.19463087248322147,290.0
1_0_1_1_1_0_0_1_1_1_1_1_1_1_1_0_0_1_1_1_0_1_1_0_1_0_1_0_1_1_1_1_0_0_0_0_1_0_1_0_0_0_1_0_1_1,1,1.3333333333333335e-5,9.428090415820635e-6,0.18120805369127516,232.5
1_0_1_1_1_0_0_1_1_1_1_0_1_1_1_0_0_1_1_0_1_1_1_0_0_0_0_1_0_0_1_1_0_0_0_0_0_0_0_0_0_1_1_1_1_1,1,1.3333333333333335e-5,1.2472191289246474e-5,0.1476510067114094,216.66666666666666
1_1_0_1_1_0_0_1_1_1_1_1_1_0_1_0_0_1_0_0_1_1_0_0_0_0_1_1_0_1_1_1_0_0_0_0_1_0_0_0_1_1_1_0_1_1,1,1.3333333333333335e-5,9.428090415820635e-6,0.15436241610738255,235.0
0_1_0_1_1_0_0_1_1_1_0_1_0_0_1_1_1_1_0_1_0_1_0_0_0_0_1_0_0_1_0_1_0_0_0_0_1_0_0_0_1_1_1_0_0_0,1,1.3333333333333335e-5,4.714045207910318e-6,0.18791946308724833,210.0
0_1_1_0_0_1_1_0_0_0_0_0_1_1_0_0_0_0_0_1_0_1_0_1_1_1_0_0_1_0_0_0_0_0_1_0_0_0_1_0_1_0_1_0_1_1,1,1.3333333333333335e-5,1.2472191289246474e-5,0.24161073825503357,211.66666666666666
0_1_0_0_0_1_1_0_0_0_0_0_0_1_0_1_1_0_0_1_1_0_0_1_1_1_0_1_1_1_0_0_1_1_1_1_1_1_1_1_1_0_0_1_0_0,1,1.3333333333333335e-5,4.714045207910318e-6,0.1476510067114094,163.33333333333334
1_1_1_0_0_1_1_0_0_0_1_0_1_1_0_0_0_0_0_0_1_1_0_1_0_1_0_1_0_0_1_0_0_0_0_0_0_0_0_0_1_1_1_1_1_1,1,1.3333333333333335e-5,1.2472191289246474e-5,0.18120805369127516,303.3333333333333
0_1_1_1_1_0_0_1_1_1_0_1_1_0_1_0_1_1_0_0_0_0_0_0_1_0_0_0_1_1_0_1_1_1_1_1_1_1_1_1_1_0_0_0_0_0,1,1.3333333333333335e-5,1.2472191289246474e-5,0.15436241610738255,140.0
0_0_1_1_1_0_0_1_1_1_0_1_1_1_1_0_0_1_0_1_0_1_0_0_1_0_1_0_1_0_0_1_0_0_0_0_0_0_1_0_0_0_1_0_1_1,1,1.3333333333333335e-5,4.714045207910318e-6,0.21476510067114093,216.66666666666666
1_1_0_0_0_1_1_1_0_0_1_1_0_1_0_1_1_0_0_1_0_0_0_1_1_0_1_0_1_0_1_0_1_1_1_1_1_1_1_1_1_0_0_0_0_0,1,1.3333333333333335e-5,9.428090415820635e-6,0.22818791946308725,227.5
1_1_1_1_1_0_0_1_1_1_1_1_1_0_1_0_0_1_0_0_1_0_0_0_1_0_0_1_1_1_1_1_1_1_1_1_1_1_1_1_1_0_0_0_1_1,1,1.3333333333333335e-5,1.2472191289246474e-5,0.14093959731543623,245.0
0_1_0_1_1_0_0_1_1_1_0_1_0_0_1_1_1_1_0_1_0_1_0_0_0_0_1_0_0_0_0_1_0_0_0_0_1_0_0_0_1_1_1_0_0_0,1,1.3333333333333335e-5,4.714045207910318e-6,0.18120805369127516,188.33333333333334
1_0_1_1_1_0_0_0_1_1_1_0_1_0_1_1_0_1_1_0_0_1_1_0_0_1_0_0_0_0_1_1_0_0_0_0_0_0_0_0_0_1_1_0_0_0,1,1.3333333333333335e-5,4.714045207910318e-6,0.24161073825503357,185.0
0_0_0_0_0_1_1_0_0_0_0_1_0_0_0_1_1_0_0_0_0_0_0_1_1_0_1_0_1_1_0_0_1_1_1_1_1_1_1_1_0_0_0_0_0_0,1,1.3333333333333335e-5,4.714045207910318e-6,0.19463087248322147,163.33333333333334
0_1_0_0_0_1_1_0_0_0_0_0_0_0_0_1_1_0_0_0_1_1_0_1_0_0_0_1_0_1_0_0_0_0_0_0_1_0_0_0_1_1_1_0_0_0,1,1.3333333333333335e-5,4.714045207910318e-6,0.1610738255033557,228.33333333333334
1_1_1_0_0_1_1_0_0_0_1_0_0_1_0_0_0_0_0_1_1_0_0_1_1_1_0_1_1_1_1_0_1_1_1_1_1_1_1_1_1_0_0_1_1_1,1,1.3333333333333335e-5,4.714045207910318e-6,0.1610738255033557,235.0
1_0_0_0_0_1_1_0_0_0_1_0_0_1_0_1_0_0_1_1_1_0_1_1_1_1_1_1_1_1_1_0_1_1_1_1_0_1_1_1_0_0_0_1_1_1,1,1.3333333333333335e-5,4.714045207910318e-6,0.14093959731543623,180.0
1_0_1_1_1_0_0_1_1_1_1_1_1_0_1_1_0_1_1_0_0_0_1_0_1_1_1_0_1_1_1_1_1_1_1_1_0_1_1_1_0_0_0_0_0_0,1,1.3333333333333335e-5,1.2472191289246474e-5,0.2214765100671141,211.66666666666669
1_1_1_1_1_0_0_1_1_1_1_0_1_1_1_0_0_1_1_1_1_1_1_0_0_1_0_1_0_0_1_1_0_0_0_0_0_0_0_0_1_1_1_1_1_1,1,1.3333333333333335e-5,4.714045207910318e-6,0.19463087248322147,231.66666666666666
0_0_0_0_0_1_1_1_0_0_0_1_0_1_0_0_0_0_0_1_0_0_0_1_1_0_1_0_1_1_0_0_1_1_1_1_1_1_1_1_0_0_0_1_1_1,1,1.3333333333333335e-5,1.2472191289246474e-5,0.18791946308724833,250.0
1_0_0_0_0_1_1_0_0_0_1_0_0_1_0_1_1_0_1_1_0_1_1_1_0_1_1_0_0_0_1_0_0_0_0_0_0_0_0_0_0_1_1_0_0_0,1,1.3333333333333335e-5,4.714045207910318e-6,0.15436241610738255,205.0
0_0_0_1_1_0_0_1_1_1_0_1_1_0_1_0_0_1_0_0_1_0_0_0_1_0_1_1_1_1_0_1_1_1_1_1_1_1_1_1_0_0_0_1_1_1,1,1.3333333333333335e-5,9.428090415820635e-6,0.16778523489932887,212.5
1_0_0_0_0_1_1_0_0_0_1_0_0_1_0_1_1_0_1_1_1_0_1_1_0_1_0_1_0_1_1_0_1_1_0_1_0_1_0_1_0_1_0_1_0_0,1,1.3333333333333335e-5,1.2472191289246474e-5,0.20134228187919462,266.6666666666667
1_0_1_1_1_0_0_1_1_1_1_1_1_1_1_1_0_1_1_0_0_1_1_0_0_1_1_0_0_0_1_1_0_0_0_0_0_0_0_0_0_1_1_0_0_0,1,1.3333333333333335e-5,9.428090415820635e-6,0.21476510067114093,205.0
1_0_0_0_0_1_1_0_0_0_1_0_0_1_0_1_1_0_1_1_1_0_1_1_0_1_0_1_0_1_1_0_1_1_1_1_0_1_0_1_0_1_0_1_0_0,1,1.3333333333333335e-5,4.714045207910318e-6,0.20134228187919462,228.33333333333334
1_0_0_0_0_1_1_0_0_0_1_0_0_0_0_1_1_0_1_0_1_0_1_1_0_1_0_1_0_0_1_0_1_1_0_1_0_1_0_1_0_1_0_1_0_0,1,1.3333333333333335e-5,4.714045207910318e-6,0.18120805369127516,198.33333333333334
0_0_1_1_1_0_0_1_1_1_0_1_1_1_1_0_0_1_1_1_0_1_1_0_1_1_1_0_1_1_0_1_0_0_1_0_0_0_1_0_0_0_1_0_1_1,1,1.3333333333333335e-5,4.714045207910318e-6,0.2483221476510067,156.66666666666666
0_0_0_0_0_1_1_0_0_0_0_1_0_0_0_1_1_0_1_0_0_0_1_1_1_0_1_0_1_1_0_0_1_1_1_1_1_1_1_1_0_0_0_0_0_0,1,1.3333333333333335e-5,4.714045207910318e-6,0.18791946308724833,245.0
0_0_0_1_1_0_0_1_1_1_0_1_1_0_1_0_1_1_0_0_0_0_0_0_1_0_1_0_1_0_0_1_1_1_1_1_0_1_1_1_0_0_0_0_0_0,1,1.3333333333333335e-5,1.2472191289246472e-5,0.19463087248322147,190.0
0_1_1_1_1_0_0_1_1_1_0_1_1_0_1_0_1_1_0_0_0_0_0_0_1_0_0_0_1_0_0_1_1_1_1_1_1_1_1_1_1_0_0_0_0_0,1,1.3333333333333335e-5,4.714045207910318e-6,0.1476510067114094,183.33333333333334
1_1_1_0_0_1_1_0_0_0_1_0_0_1_0_1_1_0_1_1_0_0_1_1_1_1_0_0_1_1_1_0_1_1_1_1_1_1_1_1_1_0_0_0_0_0,1,1.3333333333333335e-5,4.714045207910318e-6,0.18791946308724833,240.0
1_0_0_0_0_1_1_0_0_0_1_0_0_1_0_1_1_0_1_1_0_1_1_1_0_1_0_0_0_1_1_0_0_0_0_0_0_0_0_0_0_1_1_0_0_0,1,1.3333333333333335e-5,4.714045207910318e-6,0.14093959731543623,276.6666666666667
1_1_1_1_1_0_0_1_1_1_1_1_1_1_1_1_1_1_0_1_1_1_0_0_0_0_1_1_0_0_1_1_0_0_0_0_1_0_0_0_1_1_1_1_0_0,0,1.3333333333333335e-5,4.714045207910318e-6,0.06711409395973154,1001.0
0_1_0_0_0_1_1_0_0_0_0_0_0_0_0_0_1_0_0_1_1_0_0_1_1_0_0_1_1_0_0_0_1_1_1_1_1_1_1_1_1_0_0_1_1_1,1,1.3333333333333335e-5,9.428090415820635e-6,0.2080536912751678,240.0
0_1_0_0_0_1_1_0_0_0_0_1_0_0_0_1_1_0_0_0_0_1_0_1_0_0_1_0_0_1_0_0_0_0_0_0_1_0_0_0_1_1_1_1_0_0,1,1.3333333333333335e-5,4.714045207910318e-6,0.19463087248322147,183.33333333333334
1_0_1_1_1_0_0_1_1_1_1_1_1_0_1_1_0_1_1_0_0_1_1_0_0_0_1_0_0_1_1_1_0_0_0_0_0_0_0_0_0_1_1_0_0_0,1,1.3333333333333335e-5,4.714045207910318e-6,0.18120805369127516,178.33333333333334
0_1_1_0_0_1_1_0_0_0_0_0_0_1_0_0_1_0_0_1_1_1_0_1_0_1_0_1_0_0_0_0_0_0_0_0_0_0_0_0_1_1_1_1_1_1,1,1.3333333333333335e-5,4.714045207910318e-6,0.16778523489932887,216.66666666666666
1_0_0_0_0_1_1_0_0_0_1_0_0_1_0_1_0_0_1_1_1_0_1_1_1_1_1_1_1_0_1_0_1_1_1_1_0_1_1_1_0_0_0_1_1_1,1,1.3333333333333335e-5,1.2472191289246474e-5,0.1476510067114094,206.66666666666669
1_0_1_1_1_0_0_1_1_1_1_1_1_1_1_1_0_1_1_0_0_0_1_0_1_1_1_0_1_0_1_1_1_1_1_1_0_1_1_1_0_0_0_0_0_0,1,1.3333333333333335e-5,4.714045207910318e-6,0.2080536912751678,200.0
1_1_1_0_0_1_1_0_0_0_1_0_0_1_0_1_0_0_1_1_1_1_1_1_0_1_0_1_0_0_1_0_0_0_0_0_0_0_0_0_1_1_1_1_1_1,1,1.3333333333333335e-5,4.714045207910318e-6,0.16778523489932887,215.0
1_1_1_1_1_0_0_0_1_1_1_0_1_0_1_1_1_1_1_0_1_1_1_0_0_1_0_1_0_0_1_1_0_0_0_0_0_0_0_0_1_1_1_0_0_0,1,1.3333333333333335e-5,4.714045207910318e-6,0.18791946308724833,260.0
1_1_0_1_1_0_0_1_1_1_1_1_1_0_1_0_0_1_0_0_1_0_0_0_1_0_0_1_1_1_1_1_1_1_1_1_1_1_1_1_1_0_0_1_1_1,1,1.3333333333333335e-5,4.714045207910318e-6,0.15436241610738255,233.33333333333334
0_0_1_1_1_0_0_1_1_1_0_1_1_1_1_0_0_1_1_0_0_1_1_0_1_0_1_0_1_1_0_1_0_0_0_0_0_0_1_0_0_0_1_0_1_1,1,1.3333333333333335e-5,4.714045207910318e-6,0.2080536912751678,356.6666666666667
1_1_0_1_1_0_0_1_1_1_1_1_1_0_1_0_0_1_0_0_1_0_0_0_1_0_1_1_1_1_1_1_1_1_1_1_1_1_1_1_1_0_0_1_1_1,1,1.3333333333333335e-5,4.714045207910318e-6,0.1476510067114094,271.6666666666667
1_0_0_1_1_0_0_1_1_1_1_1_1_0_1_0_0_1_1_0_0_0_1_0_1_0_1_0_1_0_1_1_1_1_1_1_0_1_1_1_0_0_0_1_1_1,1,1.3333333333333335e-5,1.2472191289246474e-5,0.15436241610738255,310.0
1_0_1_1_1_0_0_1_1_1_1_1_1_0_1_0_0_1_1_0_1_1_1_0_0_0_1_1_0_1_1_1_0_0_0_0_0_0_0_0_0_1_1_1_1_1,1,1.3333333333333335e-5,4.714045207910318e-6,0.1476510067114094,198.33333333333334
0_1_1_0_0_1_1_0_0_0_0_0_0_1_0_1_1_0_0_1_1_1_0_1_0_1_0_1_0_1_0_0_0_0_0_0_1_0_0_0_1_1_1_1_0_0,1,1.3333333333333335e-5,4.714045207910318e-6,0.15436241610738255,190.0
1_1_1_1_1_0_0_1_1_1_1_0_1_0_1_0_0_1_1_0_1_0_1_0_1_0_0_1_1_1_1_1_1_1_1_1_0_1_1_1_1_0_0_0_1_1,1,1.3333333333333335e-5,4.714045207910318e-6,0.174496644295302,226.66666666666666
1_1_1_1_1_0_0_1_1_1_1_1_1_0_1_0_0_1_1_0_1_1_1_0_0_0_0_1_0_1_1_1_0_0_0_0_1_0_0_0_1_1_1_0_1_1,1,1.3333333333333335e-5,9.428090415820635e-6,0.15436241610738255,195.0
0_1_0_0_0_1_1_0_0_0_0_0_0_1_0_1_1_0_0_1_0_0_0_1_1_1_0_0_1_0_0_0_1_1_1_1_1_1_1_1_1_0_0_1_0_0,1,1.3333333333333335e-5,4.714045207910318e-6,0.1610738255033557,245.0
1_0_1_0_0_1_1_0_0_0_1_0_0_1_0_1_1_0_1_1_1_0_1_1_0_1_0_1_0_1_1_0_1_1_0_1_0_1_0_1_0_1_0_1_0_0,1,1.3333333333333335e-5,4.714045207910318e-6,0.21476510067114093,125.0
0_0_1_0_0_1_1_0_0_0_0_0_0_1_0_1_1_0_1_1_0_1_1_1_0_1_1_0_0_1_0_0_0_0_0_0_0_0_0_0_0_1_1_1_0_0,1,1.3333333333333335e-5,4.714045207910318e-6,0.1476510067114094,188.33333333333334
0_0_1_1_1_0_0_1_1_1_0_0_1_1_1_0_0_1_1_0_0_1_1_0_1_1_0_0_1_0_0_1_0_0_1_0_0_0_1_0_0_0_1_0_1_1,1,1.3333333333333335e-5,1.2472191289246474e-5,0.26174496644295303,256.66666666666663
0_1_0_0_0_1_1_0_0_0_0_1_0_0_0_1_1_0_0_1_1_0_0_1_0_0_1_1_0_0_0_0_1_1_1_1_1_1_0_1_1_1_0_1_0_0,1,1.3333333333333335e-5,1.2472191289246474e-5,0.2550335570469799,101.66666666666666
1_0_1_1_1_0_0_1_1_1_1_0_1_1_1_0_0_1_1_1_0_1_1_0_1_1_0_0_1_1_1_1_0_0_1_0_0_0_1_0_0_0_1_0_1_1,1,1.3333333333333335e-5,4.714045207910318e-6,0.2483221476510067,228.33333333333334
0_0_1_1_1_0_0_1_1_1_0_1_1_0_1_0_0_1_1_0_1_1_1_0_0_0_1_1_0_0_0_1_0_0_0_0_0_0_0_0_0_1_1_1_1_1,1,1.3333333333333335e-5,4.714045207910318e-6,0.16778523489932887,198.33333333333334
0_1_0_0_0_1_1_0_0_0_0_0_0_1_0_1_1_0_0_1_1_1_0_1_0_0_0_1_0_1_0_0_0_0_0_0_1_0_0_0_1_1_1_0_0_0,1,1.3333333333333335e-5,4.714045207910318e-6,0.18791946308724833,243.33333333333334
1_1_0_0_0_1_1_0_0_0_1_0_0_0_0_1_1_0_1_0_1_0_1_1_0_1_0_1_0_0_1_0_1_1_1_1_0_1_0_1_1_1_0_1_0_0,1,1.3333333333333335e-5,4.714045207910318e-6,0.18791946308724833,256.6666666666667
0_1_0_0_0_1_1_0_0_0_0_1_0_0_0_1_1_0_0_0_0_0_0_1_1_0_1_0_1_1_0_0_1_1_1_1_1_1_1_1_1_0_0_1_0_0,1,1.3333333333333335e-5,4.714045207910318e-6,0.20134228187919462,146.66666666666666
0_0_1_1_1_0_0_1_1_1_0_1_1_1_1_0_1_1_1_0_0_1_1_0_0_1_1_0_0_0_0_1_0_0_0_0_0_0_0_0_0_1_1_0_0_0,1,1.3333333333333335e-5,4.714045207910318e-6,0.19463087248322147,180.0
1_0_1_0_0_1_1_0_0_0_1_0_1_1_0_0_0_0_1_0_1_1_1_1_0_1_0_1_0_1_1_0_0_0_0_0_0_0_0_0_0_1_1_1_1_1,1,1.3333333333333335e-5,4.714045207910318e-6,0.174496644295302,193.33333333333334
0_0_1_1_1_0_0_1_1_1_0_1_1_1_1_0_0_1_1_0_0_1_1_0_1_0_1_0_1_1_0_1_0_0_0_0_1_0_1_0_0_0_1_0_1_1,1,1.3333333333333335e-5,1.2472191289246474e-5,0.18791946308724833,281.66666666666663
0_0_0_1_1_0_0_1_1_1_0_1_0_0_1_1_1_1_1_1_0_1_1_0_0_0_1_0_0_1_0_1_0_0_0_0_1_0_0_0_0_1_1_0_0_0,1,1.3333333333333335e-5,1.2472191289246474e-5,0.18791946308724833,191.66666666666669
1_0_1_0_0_1_1_0_0_0_1_0_0_1_0_1_0_0_1_1_1_0_1_1_1_1_0_1_1_0_1_0_1_1_1_1_0_1_1_1_0_0_0_1_1_1,1,1.3333333333333335e-5,1.2472191289246472e-5,0.15436241610738255,240.0
1_0_0_0_0_1_1_0_0_0_1_0_0_1_0_1_1_0_1_1_0_0_1_1_1_1_1_0_1_0_1_0_1_1_1_1_0_1_1_1_0_0_0_0_0_0,1,1.3333333333333335e-5,1.2472191289246474e-5,0.1476510067114094,201.66666666666669
1_0_0_0_0_1_1_0_0_0_1_0_0_0_0_1_1_0_1_1_1_0_1_1_0_1_0_1_0_0_1_0_1_1_1_1_0_1_0_1_0_1_0_1_0_0,1,1.3333333333333335e-5,9.428090415820635e-6,0.18791946308724833,122.5
1_1_1_0_0_1_1_0_0_0_1_0_1_1_0_0_0_0_1_1_1_1_1_1_0_1_0_1_0_0_1_0_0_0_0_0_0_0_0_0_1_1_1_0_1_1,1,1.3333333333333335e-5,1.2472191289246474e-5,0.19463087248322147,215.0
0_1_0_0_0_1_1_0_0_0_0_0_0_1_0_0_1_0_0_1_1_1_0_1_0_1_0_1_0_0_0_0_0_0_0_0_1_0_0_0_1_1_1_1_1_1,1,1.3333333333333335e-5,9.428090415820635e-6,0.174496644295302,210.0
1_0_0_0_0_1_1_0_0_0_1_1_0_1_0_1_1_0_1_1_0_1_1_1_0_1_1_0_0_1_1_0_0_0_0_0_1_0_0_0_0_1_1_0_0_0,1,1.3333333333333335e-5,9.428090415820635e-6,0.18791946308724833,195.0
0_1_0_1_1_0_0_1_1_1_0_1_1_0_1_0_0_1_0_0_0_1_0_0_1_0_0_0_1_0_0_1_0_0_1_0_1_0_1_0_1_0_1_0_1_1,1,1.3333333333333335e-5,9.428090415820635e-6,0.2214765100671141,200.0
1_1_0_0_0_1_1_0_0_0_1_0_0_1_0_1_1_0_0_1_1_0_0_1_1_0_0_1_1_1_1_0_1_1_1_1_1_1_1_1_1_0_0_1_0_0,1,1.3333333333333335e-5,9.428090415820635e-6,0.19463087248322147,245.0
0_0_0_1_1_0_0_1_1_1_0_1_1_0_1_0_0_1_0_0_1_1_0_0_0_0_1_1_0_1_0_1_0_0_0_0_1_0_0_0_0_1_1_1_1_1,1,1.3333333333333335e-5,1.2472191289246474e-5,0.1610738255033557,191.66666666666669
1_1_1_0_0_1_1_0_0_0_1_0_1_1_0_0_0_0_0_0_1_0_0_1_1_1_0_1_1_0_1_0_1_1_1_1_0_1_1_1_1_0_0_1_1_1,1,1.3333333333333335e-5,1.2472191289246472e-5,0.18791946308724833,226.66666666666669
1_0_1_1_1_0_0_1_1_1_1_0_1_0_1_0_0_1_1_0_1_1_1_0_0_0_0_1_0_1_1_1_0_0_0_0_0_0_0_0_0_1_1_0_1_1,1,1.3333333333333335e-5,9.428090415820635e-6,0.174496644295302,137.5
1_0_0_1_1_0_0_1_1_1_1_1_1_0_1_0_0_1_1_0_0_1_1_0_0_0_1_0_0_1_1_1_0_0_0_0_0_0_0_0_0_1_1_1_1_1,1,1.3333333333333335e-5,9.428090415820635e-6,0.14093959731543623,177.5
1_1_0_0_0_1_1_0_0_0_1_0_0_1_0_1_1_0_1_1_1_1_1_1_0_0_0_1_0_1_1_0_0_0_0_0_1_0_0_0_1_1_1_1_0_0,1,1.3333333333333335e-5,1.2472191289246472e-5,0.19463087248322147,245.0
0_0_0_0_0_1_1_0_0_0_0_0_0_1_0_1_1_0_0_1_0_1_0_1_0_1_1_0_0_0_0_0_0_0_0_0_0_0_0_0_0_1_1_1_0_0,1,1.3333333333333335e-5,9.428090415820635e-6,0.1476510067114094,272.5
0_1_0_0_0_1_1_0_0_0_0_0_0_1_0_1_1_0_0_1_0_1_0_1_0_1_0_0_0_0_0_0_0_0_0_0_1_0_0_0_1_1_1_0_0_0,1,1.3333333333333335e-5,9.428090415820635e-6,0.15436241610738255,155.0
0_0_1_1_1_0_0_1_1_1_0_1_1_1_1_0_1_1_1_0_0_1_1_0_0_0_1_0_0_0_0_1_0_0_0_0_0_0_0_0_0_1_1_0_0_0,1,1.3333333333333335e-5,1.2472191289246474e-5,0.1476510067114094,221.66666666666669
0_0_0_0_0_1_1_0_0_0_0_1_0_0_0_1_1_0_1_0_0_0_1_1_1_0_1_0_1_1_0_0_1_1_1_1_1_1_1_1_0_0_0_1_0_0,1,1.3333333333333335e-5,9.428090415820635e-6,0.20134228187919462,167.5
1_0_1_1_1_0_0_1_1_1_1_1_1_0_1_0_0_1_1_0_1_0_1_0_1_0_1_1_1_1_1_1_1_1_1_1_0_1_1_1_0_0_0_0_1_1,1,1.3333333333333335e-5,1.2472191289246474e-5,0.15436241610738255,175.0
0_0_1_1_1_0_0_1_1_1_0_1_1_0_1_0_1_1_0_0_0_1_0_0_0_0_1_0_0_0_0_1_0_0_0_0_0_0_0_0_0_1_1_0_0_0,1,1.3333333333333335e-5,1.2472191289246472e-5,0.174496644295302,233.33333333333334
1_1_0_0_0_1_1_0_0_0_1_1_0_0_0_1_1_0_0_1_0_1_0_1_0_0_1_0_0_0_1_0_0_0_0_0_1_0_0_0_1_1_1_0_0_0,1,1.3333333333333335e-5,9.428090415820635e-6,0.2080536912751678,252.5
1_0_1_0_0_1_1_0_0_0_1_0_0_1_0_1_0_0_1_1_1_1_1_1_0_1_1_1_0_0_1_0_0_0_0_0_0_0_0_0_0_1_1_1_1_1,1,1.3333333333333335e-5,1.2472191289246474e-5,0.16778523489932887,140.0
0_0_0_1_1_0_0_1_1_1_0_1_1_0_1_0_1_1_0_0_0_1_0_0_0_0_1_0_0_0_0_1_0_0_0_0_0_0_0_0_0_1_1_0_0_0,1,1.3333333333333335e-5,9.428090415820635e-6,0.18791946308724833,227.5
0_1_1_1_1_0_0_1_1_1_0_1_1_0_1_0_0_1_0_0_1_0_0_0_1_0_1_1_1_0_0_1_1_1_1_1_1_1_1_1_1_0_0_1_1_1,1,1.3333333333333335e-5,1.2472191289246474e-5,0.14093959731543623,228.33333333333331
0_0_1_0_0_1_1_0_0_0_0_0_1_1_0_0_0_0_0_0_1_0_0_1_1_1_0_1_1_0_0_0_1_1_1_1_0_1_1_1_0_0_0_1_1_1,1,1.3333333333333335e-5,1.2472191289246472e-5,0.2080536912751678,218.33333333333334
1_1_0_0_0_1_1_0_0_0_1_1_0_0_0_1_1_0_0_0_1_0_0_1_0_0_1_1_0_1_1_0_1_1_1_1_1_1_0_1_1_1_0_1_0_0,1,1.3333333333333335e-5,1.2472191289246474e-5,0.2550335570469799,221.66666666666669
0_0_1_1_1_0_0_1_1_1_0_1_1_1_1_0_0_1_0_1_0_1_0_0_1_0_1_0_1_0_0_1_0_0_1_0_0_0_1_0_0_0_1_0_1_1,1,1.3333333333333335e-5,9.428090415820635e-6,0.21476510067114093,225.0
0_1_1_1_1_0_0_1_1_1_0_1_1_0_1_0_1_1_0_0_0_1_0_0_0_0_1_0_0_1_0_1_0_0_0_0_1_0_0_0_1_1_1_0_0_0,1,1.3333333333333335e-5,1.8856180831641267e-5,0.14093959731543623,177.5
0_0_0_1_1_0_0_1_1_1_0_1_1_0_1_0_0_1_0_0_1_1_0_0_0_0_1_1_0_0_0_1_0_0_0_0_0_0_0_0_0_1_1_1_1_1,1,1.0e-5,0.0,0.18791946308724833,176.66666666666666
0_1_0_1_1_0_0_1_1_1_0_1_1_0_1_0_0_1_0_0_0_1_0_0_1_0_1_0_1_0_0_1_0_0_1_0_1_0_1_0_1_0_1_0_1_1,1,1.0e-5,8.164965809277262e-6,0.21476510067114093,217.5
1_0_1_0_0_1_1_0_0_0_1_0_1_1_0_0_0_0_1_0_1_0_1_1_1_1_0_1_1_1_1_0_1_1_1_1_0_1_1_1_0_0_0_0_1_1,1,1.0e-5,8.164965809277262e-6,0.18120805369127516,220.0
1_0_1_1_1_0_0_1_1_1_1_1_1_0_1_0_0_1_1_0_1_1_1_0_0_0_1_1_0_1_1_1_0_0_0_0_0_0_0_0_0_1_1_0_1_1,1,1.0e-5,8.164965809277262e-6,0.1610738255033557,145.0
1_0_0_1_1_0_0_1_1_1_1_1_0_0_1_1_0_1_1_1_1_1_1_0_0_0_1_1_0_1_1_1_0_0_0_0_1_0_0_0_0_1_1_1_1_1,1,1.0e-5,8.164965809277262e-6,0.18791946308724833,250.0
1_1_0_1_1_0_0_1_1_1_1_0_0_0_1_1_1_1_1_0_1_0_1_0_0_0_0_1_0_1_1_1_1_1_0_1_1_1_0_1_1_1_0_1_0_0,1,1.0e-5,8.164965809277262e-6,0.26174496644295303,152.5
0_0_0_0_0_1_1_0_0_0_0_0_0_0_0_1_1_0_1_0_0_0_1_1_0_1_1_0_0_1_0_0_1_1_0_1_0_1_0_1_0_1_0_1_0_0,1,1.0e-5,8.164965809277262e-6,0.20134228187919462,300.0
0_0_0_1_1_0_0_1_1_1_0_1_1_0_1_1_1_1_1_0_0_1_1_0_0_0_1_0_0_0_0_1_0_0_0_0_0_0_0_0_0_1_1_0_0_0,1,1.0e-5,8.164965809277262e-6,0.1610738255033557,215.0
0_1_0_0_0_1_1_0_0_0_0_0_0_1_0_1_1_0_0_1_0_0_0_1_1_1_0_0_1_1_0_0_1_1_1_1_1_1_1_1_1_0_0_0_0_0,1,1.0e-5,0.0,0.15436241610738255,226.66666666666666
1_1_0_0_0_1_1_0_0_0_1_1_0_0_0_1_1_0_0_1_0_0_0_1_1_0_1_0_1_0_1_0_1_1_1_1_1_1_1_1_1_0_0_0_0_0,1,1.0e-5,0.0,0.20134228187919462,230.0
0_1_1_1_1_0_0_1_1_1_0_0_1_1_1_0_0_1_0_0_1_0_0_0_1_1_0_1_1_0_0_1_1_1_1_1_0_1_1_1_1_0_0_1_1_1,1,1.0e-5,8.164965809277262e-6,0.21476510067114093,217.5
1_0_1_1_1_0_0_1_1_1_1_1_1_0_1_0_0_1_1_0_0_0_1_0_1_0_1_0_1_0_1_1_1_1_1_1_0_1_1_1_0_0_0_1_1_1,1,1.0e-5,8.164965809277262e-6,0.14093959731543623,240.0
0_1_0_1_1_0_0_1_1_1_0_1_1_0_1_0_0_1_0_0_1_0_0_0_1_0_1_1_1_0_0_1_1_1_1_1_1_1_1_1_1_0_0_1_1_1,1,1.0e-5,8.164965809277262e-6,0.15436241610738255,212.5
0_0_1_1_1_0_0_1_1_1_0_1_1_0_1_0_1_1_1_0_0_1_1_0_0_0_1_0_0_0_0_1_0_0_0_0_0_0_0_0_0_1_1_0_0_0,1,1.0e-5,8.164965809277262e-6,0.16778523489932887,192.5
0_0_0_1_1_0_0_1_1_1_0_0_1_0_1_0_0_1_1_0_1_1_1_0_0_0_0_1_0_0_0_1_0_0_0_0_0_0_0_0_0_1_1_1_1_1,1,1.0e-5,8.164965809277262e-6,0.19463087248322147,290.0
1_0_1_1_1_0_0_1_1_1_1_0_1_1_1_0_0_1_1_1_0_1_1_0_1_1_0_0_1_1_1_1_0_0_0_0_0_0_1_0_0_0_1_0_1_1,1,1.0e-5,1.4142135623730951e-5,0.2483221476510067,206.66666666666666
0_0_1_0_0_1_1_0_0_0_0_0_1_1_0_0_0_0_1_0_0_1_1_1_1_1_0_0_1_0_0_0_0_0_0_0_0_0_1_0_0_0_1_0_1_1,1,1.0e-5,0.0,0.2483221476510067,263.3333333333333
1_0_1_0_0_1_1_0_0_0_1_0_1_1_0_0_0_0_1_1_0_1_1_1_1_1_0_0_1_1_1_0_0_0_0_0_0_0_1_0_0_0_1_0_1_1,1,1.0e-5,8.164965809277262e-6,0.2348993288590604,242.5
1_1_1_0_0_1_1_0_0_0_1_0_0_1_0_1_1_0_1_1_0_0_1_1_1_1_0_0_1_0_1_0_1_1_1_1_0_1_1_1_1_0_0_0_0_0,1,1.0e-5,8.164965809277262e-6,0.1610738255033557,197.5
0_0_1_1_1_0_0_0_1_1_0_0_1_0_1_0_0_1_0_0_0_1_0_0_1_1_0_0_1_0_0_1_0_0_1_0_0_0_1_0_0_0_1_0_1_1,1,1.0e-5,0.0,0.2953020134228188,340.0
0_0_1_1_1_0_0_1_1_1_0_1_1_1_1_0_0_1_1_1_0_1_1_0_1_1_1_0_1_0_0_1_0_0_1_0_0_0_1_0_0_0_1_0_1_1,1,1.0e-5,8.164965809277262e-6,0.2550335570469799,170.0
0_1_1_1_1_0_0_1_1_1_0_1_1_0_1_0_0_1_0_0_0_1_0_0_1_0_1_0_1_0_0_1_0_0_0_0_1_0_1_0_1_0_1_0_1_1,1,1.0e-5,8.164965809277262e-6,0.20134228187919462,125.0
1_0_1_0_0_1_1_0_0_0_1_0_1_1_0_0_0_0_1_1_0_1_1_1_1_1_0_0_1_0_1_0_0_0_1_0_0_0_1_0_0_0_1_0_1_1,1,1.0e-5,8.164965809277262e-6,0.24161073825503357,290.0
1_1_0_0_0_1_1_1_0_0_1_1_0_1_0_1_1_0_0_1_0_0_0_1_1_0_1_0_1_1_1_0_1_1_1_1_1_1_1_1_1_0_0_0_0_0,1,1.0e-5,8.164965809277262e-6,0.2348993288590604,272.5
1_0_1_1_1_0_0_1_1_1_1_1_1_1_1_0_0_1_1_0_0_1_1_0_1_0_1_0_1_1_1_1_0_0_1_0_0_0_1_0_0_0_1_0_1_1,1,1.0e-5,0.0,0.2080536912751678,180.0
0_0_1_1_1_0_0_0_1_1_0_0_1_0_1_0_0_1_1_0_1_0_1_0_1_1_0_1_1_1_0_1_1_1_1_1_0_1_1_1_0_0_0_1_1_1,1,1.0e-5,8.164965809277262e-6,0.2348993288590604,207.5
1_1_1_1_1_0_0_0_1_1_1_0_1_0_1_0_0_1_1_0_1_0_1_0_1_1_0_1_1_1_1_1_1_1_1_1_0_1_1_1_1_0_0_0_1_1,1,1.0e-5,0.0,0.22818791946308725,290.0
1_0_0_1_1_0_0_1_1_1_1_1_1_0_1_0_0_1_1_0_1_1_1_0_0_0_1_1_0_1_1_1_0_0_0_0_1_0_0_0_0_1_1_0_1_1,1,1.0e-5,0.0,0.15436241610738255,110.0
0_1_0_1_1_0_0_1_1_1_0_1_1_0_1_0_0_1_0_0_1_0_0_0_1_0_1_1_1_1_0_1_1_1_1_1_1_1_1_1_1_0_0_1_1_1,1,1.0e-5,8.164965809277262e-6,0.1610738255033557,252.5
1_1_1_1_1_0_0_1_1_1_1_1_1_0_1_0_0_1_1_0_1_0_1_0_1_0_0_1_1_1_1_1_1_1_1_1_1_1_1_1_1_0_0_0_1_1,1,1.0e-5,8.164965809277262e-6,0.1476510067114094,180.0
1_0_0_0_0_1_1_0_0_0_1_0_0_1_0_1_1_0_1_1_0_1_1_1_0_1_0_0_0_0_1_0_0_0_0_0_0_0_0_0_0_1_1_0_0_0,1,1.0e-5,0.0,0.1476510067114094,183.33333333333334
1_0_0_1_1_0_0_1_1_1_1_0_1_0_1_0_0_1_1_0_1_0_1_0_1_0_0_1_1_1_1_1_1_1_1_1_0_1_1_1_0_0_0_1_1_1,1,1.0e-5,8.164965809277262e-6,0.18120805369127516,180.0
1_0_0_1_1_0_0_1_1_1_1_1_1_0_1_0_0_1_1_0_1_0_1_0_1_0_1_1_1_1_1_1_1_1_1_1_1_1_1_1_0_0_0_0_1_1,1,1.0e-5,8.164965809277262e-6,0.1476510067114094,222.5
0_0_1_1_1_0_0_1_1_1_0_0_1_0_1_0_0_1_1_0_1_0_1_0_1_0_0_1_1_0_0_1_1_1_1_1_0_1_1_1_0_0_0_1_1_1,1,1.0e-5,8.164965809277262e-6,0.18791946308724833,205.0
0_0_1_0_0_1_1_0_0_0_0_0_0_1_0_1_1_0_1_1_0_1_1_1_0_1_0_0_0_0_0_0_0_0_0_0_0_0_0_0_0_1_1_0_0_0,1,1.0e-5,1.4142135623730951e-5,0.1476510067114094,310.0
0_0_1_0_0_1_1_0_0_0_0_1_0_1_0_1_1_0_1_1_0_0_1_1_1_1_1_0_1_1_0_0_1_1_1_1_1_1_1_1_0_0_0_0_0_0,1,1.0e-5,8.164965809277262e-6,0.18120805369127516,200.0
0_1_0_0_0_1_1_0_0_0_0_1_0_0_0_0_1_0_0_0_1_0_0_1_0_0_1_1_0_0_0_0_1_1_1_1_1_1_0_1_1_1_0_1_1_1,1,1.0e-5,8.164965809277262e-6,0.28859060402684567,155.0
0_0_1_0_0_1_1_0_0_0_0_1_1_1_0_0_0_0_0_1_0_1_0_1_1_1_1_0_1_0_0_0_0_0_1_0_0_0_1_0_0_0_1_0_1_1,1,1.0e-5,0.0,0.26174496644295303,260.0
1_1_1_0_0_1_1_0_0_0_1_0_0_1_0_1_1_0_1_1_0_1_1_1_0_1_0_0_0_0_1_0_0_0_0_0_0_0_0_0_1_1_1_0_0_0,1,1.0e-5,8.164965809277262e-6,0.16778523489932887,177.5
1_1_0_0_0_1_1_1_0_0_1_1_0_1_0_1_1_0_0_1_0_1_0_1_0_0_1_0_0_0_1_0_0_0_0_0_1_0_0_0_1_1_1_0_0_0,1,1.0e-5,0.0,0.2348993288590604,220.0
0_1_0_1_1_0_0_1_1_1_0_1_1_0_1_0_0_1_0_0_1_1_0_0_0_0_1_1_0_1_0_1_0_0_0_0_1_0_0_0_1_1_1_1_1_1,1,1.0e-5,0.0,0.15436241610738255,170.0
0_1_0_0_0_1_1_0_0_0_0_0_0_1_0_1_1_0_0_1_0_0_0_1_1_1_0_0_1_0_0_0_1_1_1_1_0_1_1_1_1_0_0_0_0_0,1,1.0e-5,8.164965809277262e-6,0.12751677852348994,217.5
0_0_0_0_0_1_1_0_0_0_0_1_0_1_0_1_1_0_0_1_0_0_0_1_1_1_1_0_1_1_0_0_1_1_1_1_1_1_1_1_0_0_0_0_0_0,1,1.0e-5,0.0,0.174496644295302,273.3333333333333
1_0_1_1_1_0_0_1_1_1_1_1_1_0_1_1_0_1_1_0_0_1_1_0_0_0_1_0_0_1_1_1_0_0_0_0_1_0_0_0_0_1_1_0_0_0,1,1.0e-5,8.164965809277262e-6,0.1610738255033557,195.0
1_1_1_0_0_1_1_0_0_0_1_0_0_1_0_1_0_0_1_1_1_0_1_1_1_1_0_1_1_0_1_0_1_1_1_1_0_1_1_1_1_0_0_1_1_1,1,1.0e-5,8.164965809277262e-6,0.1610738255033557,130.0
0_1_0_1_1_0_0_1_1_1_0_1_0_0_1_1_1_1_0_0_1_0_0_0_0_0_1_1_0_0_0_1_1_1_1_1_1_1_0_1_1_1_0_1_0_0,1,1.0e-5,8.164965809277262e-6,0.2348993288590604,117.5
1_1_0_0_0_1_1_0_0_0_1_0_0_1_0_1_1_0_1_1_1_0_1_1_0_1_0_1_0_1_1_0_1_1_0_1_0_1_0_1_1_1_0_1_0_0,1,1.0e-5,8.164965809277262e-6,0.2080536912751678,220.0
1_1_1_1_1_0_0_1_1_1_1_0_1_0_1_0_0_1_1_0_1_1_1_0_0_0_0_1_0_0_1_1_0_0_0_0_0_0_0_0_1_1_1_1_1_1,1,1.0e-5,8.164965809277262e-6,0.174496644295302,195.0
0_1_1_0_0_1_1_0_0_0_0_0_0_1_0_1_1_0_0_1_1_0_0_1_1_1_0_1_1_1_0_0_1_1_1_1_1_1_1_1_1_0_0_1_0_0,1,1.0e-5,8.164965809277262e-6,0.1610738255033557,282.5
1_0_1_1_1_0_0_1_1_1_1_0_1_1_1_0_0_1_1_0_1_1_1_0_0_1_0_1_0_0_1_1_0_0_0_0_0_0_0_0_0_1_1_1_1_1,1,1.0e-5,0.0,0.19463087248322147,196.66666666666666
1_0_1_1_1_0_0_1_1_1_1_1_1_0_1_0_0_1_1_0_0_0_1_0_1_1_1_0_1_1_1_1_1_1_1_1_0_1_1_1_0_0_0_1_1_1,1,1.0e-5,0.0,0.18120805369127516,223.33333333333334
1_1_0_1_1_0_0_1_1_1_1_1_0_0_1_1_1_1_1_1_1_0_1_0_0_0_1_1_0_1_1_1_1_1_1_1_1_1_0_1_1_1_0_1_0_0,1,1.0e-5,0.0,0.2550335570469799,210.0
0_1_0_1_1_0_0_1_1_1_0_1_0_0_1_1_1_1_0_1_0_0_0_0_1_0_1_0_1_1_0_1_1_1_1_1_1_1_1_1_1_0_0_1_0_0,1,1.0e-5,8.164965809277262e-6,0.19463087248322147,205.0
1_0_1_0_0_1_1_0_0_0_1_0_0_1_0_1_1_0_1_1_0_0_1_1_1_1_1_0_1_0_1_0_1_1_1_1_0_1_1_1_0_0_0_0_0_0,1,1.0e-5,0.0,0.1610738255033557,250.0
0_0_0_0_0_1_1_0_0_0_0_0_0_0_0_1_1_0_0_1_0_0_0_1_0_1_0_0_0_0_0_0_1_1_0_1_0_1_0_1_0_1_0_1_0_0,1,1.0e-5,8.164965809277262e-6,0.21476510067114093,172.5
0_0_1_0_0_1_1_0_0_0_0_1_0_1_0_1_1_0_0_1_0_1_0_1_0_1_1_0_0_0_0_0_0_0_0_0_1_0_0_0_0_1_1_1_0_0,1,1.0e-5,0.0,0.18791946308724833,200.0
1_1_0_0_0_1_1_0_0_0_1_0_0_1_0_1_0_0_1_1_1_1_1_1_0_1_0_1_0_1_1_0_0_0_0_0_1_0_0_0_1_1_1_1_1_1,1,1.0e-5,0.0,0.18120805369127516,270.0
1_1_0_0_0_1_1_0_0_0_1_1_0_1_0_1_1_0_0_1_0_1_0_1_0_1_1_0_0_1_1_0_0_0_0_0_1_0_0_0_1_1_1_0_0_0,1,1.0e-5,0.0,0.18791946308724833,246.66666666666666
1_1_0_0_0_1_1_0_0_0_1_0_0_1_0_1_1_0_0_1_0_0_0_1_1_1_0_0_1_1_1_0_1_1_1_1_1_1_1_1_1_0_0_0_0_0,1,1.0e-5,0.0,0.16778523489932887,196.66666666666666
1_0_0_1_1_0_0_1_1_1_1_1_1_0_1_0_0_1_1_0_0_0_1_0_1_0_1_0_1_0_1_1_1_1_1_1_0_1_1_1_0_0_0_0_1_1,1,1.0e-5,8.164965809277262e-6,0.15436241610738255,167.5
0_1_0_0_0_1_1_0_0_0_0_0_0_1_0_0_1_0_0_1_1_1_0_1_0_0_0_1_0_1_0_0_0_0_0_0_1_0_0_0_1_1_1_1_1_1,1,1.0e-5,8.164965809277262e-6,0.22818791946308725,277.5
0_1_1_1_1_0_0_1_1_1_0_0_1_1_1_0_0_1_0_0_0_1_0_0_1_1_0_0_1_0_0_1_0_0_1_0_0_0_1_0_1_0_1_0_1_1,1,1.0e-5,8.164965809277262e-6,0.26174496644295303,287.5
0_1_0_0_0_1_1_0_0_0_0_0_0_0_0_0_1_0_0_0_1_0_0_1_0_1_0_1_0_0_0_0_1_1_1_1_0_1_0_1_1_1_0_1_1_1,1,1.0e-5,0.0,0.2214765100671141,200.0
0_0_1_1_1_0_0_1_1_1_0_1_1_0_1_0_0_1_0_0_1_0_0_0_1_0_1_1_1_0_0_1_1_1_1_1_0_1_1_1_0_0_0_1_1_1,1,1.0e-5,8.164965809277262e-6,0.18120805369127516,245.0
0_1_0_0_0_1_1_1_0_0_0_1_0_1_0_1_1_0_0_1_1_0_0_1_1_0_1_1_1_1_0_0_1_1_1_1_1_1_1_1_1_0_0_0_0_0,1,1.0e-5,8.164965809277262e-6,0.18791946308724833,282.5
0_1_0_0_0_1_1_0_0_0_0_1_0_0_0_0_1_0_0_1_1_0_0_1_0_0_1_1_0_0_0_0_1_1_0_1_1_1_0_1_1_1_0_1_1_1,1,1.0e-5,8.164965809277262e-6,0.2953020134228188,165.0
1_0_1_1_1_0_0_1_1_1_1_1_1_0_1_0_0_1_1_0_1_1_1_0_0_0_1_1_0_1_1_1_0_0_0_0_1_0_0_0_0_1_1_0_1_1,1,1.0e-5,0.0,0.14093959731543623,160.0
0_1_0_1_1_0_0_1_1_1_0_1_0_0_1_0_1_1_0_0_1_0_0_0_0_0_1_1_0_1_0_1_1_1_0_1_1_1_0_1_1_1_0_1_1_1,1,1.0e-5,8.164965809277262e-6,0.28187919463087246,182.5
1_0_0_1_1_0_0_1_1_1_1_0_1_0_1_0_0_1_1_0_1_1_1_0_0_0_0_1_0_0_1_1_0_0_0_0_0_0_0_0_0_1_1_1_1_1,1,1.0e-5,0.0,0.18120805369127516,173.33333333333334
0_1_0_0_0_1_1_0_0_0_0_0_0_0_0_1_1_0_0_0_1_0_0_1_0_1_0_1_0_0_0_0_1_1_1_1_1_1_0_1_1_1_0_1_0_0,1,1.0e-5,8.164965809277262e-6,0.20134228187919462,187.5
0_0_0_1_1_0_0_1_1_1_0_1_0_0_1_1_1_1_0_1_0_1_0_0_0_0_1_0_0_1_0_1_0_0_0_0_1_0_0_0_0_1_1_0_0_0,1,1.0e-5,8.164965809277262e-6,0.19463087248322147,252.5
0_0_1_1_1_0_0_1_1_1_0_1_1_0_1_0_1_1_1_0_0_0_1_0_1_0_1_0_1_0_0_1_1_1_1_1_0_1_1_1_0_0_0_0_0_0,1,1.0e-5,0.0,0.174496644295302,136.66666666666666
0_0_1_1_1_0_0_1_1_1_0_1_1_0_1_0_0_1_1_0_0_1_1_0_1_0_1_0_1_1_0_1_0_0_1_0_0_0_1_0_0_0_1_0_1_1,1,1.0e-5,0.0,0.22818791946308725,263.3333333333333
1_1_1_0_0_1_1_0_0_0_1_0_1_1_0_0_0_0_1_1_1_0_1_1_1_1_0_1_1_0_1_0_1_1_1_1_0_1_1_1_1_0_0_0_1_1,1,1.0e-5,8.164965809277262e-6,0.18791946308724833,220.0
1_1_1_1_1_0_0_1_1_1_1_0_1_1_1_0_0_1_1_0_1_1_1_0_0_0_0_1_0_0_1_1_0_0_0_0_0_0_0_0_1_1_1_0_1_1,1,1.0e-5,0.0,0.16778523489932887,230.0
1_1_1_1_1_0_0_1_1_1_1_0_1_0_1_0_0_1_1_0_1_0_1_0_1_0_0_1_1_0_1_1_1_1_1_1_0_1_1_1_1_0_0_1_1_1,1,1.0e-5,0.0,0.18120805369127516,176.66666666666666
1_1_0_0_0_1_1_0_0_0_1_0_0_1_0_1_0_0_0_1_1_1_0_1_0_0_0_1_0_1_1_0_0_0_0_0_1_0_0_0_1_1_1_1_1_1,1,1.0e-5,8.164965809277262e-6,0.2214765100671141,132.5
0_1_0_1_1_0_0_1_1_1_0_1_1_0_1_0_0_1_0_0_1_1_0_0_0_0_1_1_0_0_0_1_0_0_0_0_1_0_0_0_1_1_1_1_1_1,1,1.0e-5,0.0,0.1476510067114094,200.0
1_0_1_1_1_0_0_1_1_1_1_1_1_1_1_0_0_1_1_0_0_0_1_0_1_1_1_0_1_0_1_1_1_1_1_1_0_1_1_1_0_0_0_0_1_1,1,1.0e-5,8.164965809277262e-6,0.16778523489932887,212.5
0_0_1_1_1_0_0_1_1_1_0_1_1_1_1_0_1_1_1_0_0_0_1_0_1_0_1_0_1_0_0_1_1_1_1_1_0_1_1_1_0_0_0_0_0_0,1,1.0e-5,0.0,0.15436241610738255,260.0
1_0_0_1_1_0_0_1_1_1_1_1_1_0_1_0_0_1_1_0_1_1_1_0_0_0_1_1_0_1_1_1_0_0_0_0_1_0_0_0_0_1_1_1_1_1,1,1.0e-5,8.164965809277262e-6,0.14093959731543623,170.0
0_0_1_1_1_0_0_1_1_1_0_1_1_0_1_0_0_1_1_0_1_0_1_0_1_0_1_1_1_1_0_1_1_1_1_1_1_1_1_1_0_0_0_1_1_1,1,1.0e-5,8.164965809277262e-6,0.1476510067114094,180.0
1_1_1_1_1_0_0_1_1_1_1_0_1_1_1_0_0_1_1_0_1_1_1_0_0_1_0_1_0_1_1_1_0_0_0_0_0_0_0_0_1_1_1_0_1_1,1,1.0e-5,8.164965809277262e-6,0.2080536912751678,215.0
0_1_0_0_0_1_1_0_0_0_0_0_0_1_0_0_1_0_0_1_1_0_0_1_1_0_0_1_1_1_0_0_1_1_1_1_1_1_1_1_1_0_0_1_1_1,1,1.0e-5,0.0,0.2348993288590604,233.33333333333334
0_0_1_0_0_1_1_0_0_0_0_0_1_1_0_0_0_0_1_0_1_0_1_1_1_1_0_1_1_0_0_0_1_1_1_1_0_1_1_1_0_0_0_1_1_1,1,1.0e-5,1.4142135623730951e-5,0.20134228187919462,370.0
1_0_1_1_1_0_0_1_1_1_1_1_1_0_1_0_0_1_1_0_0_0_1_0_1_1_1_0_1_0_1_1_1_1_1_1_0_1_1_1_0_0_0_1_1_1,1,1.0e-5,1.4142135623730951e-5,0.18791946308724833,226.66666666666666
0_0_0_0_0_1_1_0_0_0_0_1_0_0_0_1_1_0_0_1_0_1_0_1_0_0_1_0_0_1_0_0_0_0_0_0_1_0_0_0_0_1_1_1_0_0,1,1.0e-5,0.0,0.2080536912751678,173.33333333333334
1_0_0_1_1_0_0_1_1_1_1_1_0_0_1_1_1_1_1_0_0_0_1_0_1_0_1_0_1_1_1_1_1_1_1_1_1_1_1_1_0_0_0_0_0_0,1,1.0e-5,8.164965809277262e-6,0.18791946308724833,342.5
1_1_0_0_0_1_1_0_0_0_1_0_0_1_0_1_1_0_1_1_0_1_1_1_0_1_0_0_0_0_1_0_0_0_0_0_0_0_0_0_1_1_1_0_0_0,1,1.0e-5,8.164965809277262e-6,0.15436241610738255,162.5
1_1_0_0_0_1_1_0_0_0_1_0_0_1_0_1_1_0_0_1_0_1_0_1_0_1_0_0_0_1_1_0_0_0_0_0_1_0_0_0_1_1_1_0_0_0,1,1.0e-5,8.164965809277262e-6,0.174496644295302,215.0
0_0_0_0_0_1_1_0_0_0_0_1_0_0_0_1_1_0_1_1_0_0_1_1_1_0_1_0_1_1_0_0_1_1_1_1_1_1_1_1_0_0_0_0_0_0,1,1.0e-5,8.164965809277262e-6,0.19463087248322147,172.5
0_0_0_0_0_1_1_0_0_0_0_0_0_0_0_1_1_0_0_0_0_0_0_1_0_1_0_0_0_0_0_0_1_1_1_1_0_1_0_1_0_1_0_1_0_0,1,1.0e-5,8.164965809277262e-6,0.2080536912751678,205.0
1_0_1_1_1_0_0_0_1_1_1_0_1_0_1_1_0_1_1_0_0_0_1_0_1_1_0_0_1_0_1_1_1_1_1_1_0_1_1_1_0_0_0_0_0_0,1,1.0e-5,0.0,0.2348993288590604,240.0
0_1_0_0_0_1_1_0_0_0_0_1_0_0_0_1_1_0_0_0_0_0_0_1_1_0_1_0_1_1_0_0_1_1_1_1_1_1_1_1_1_0_0_0_0_0,1,1.0e-5,8.164965809277262e-6,0.18791946308724833,200.0
1_1_1_0_0_1_1_0_0_0_1_0_0_1_0_1_1_0_0_1_1_0_0_1_1_1_0_1_1_1_1_0_1_1_1_1_1_1_1_1_1_0_0_1_0_0,1,1.0e-5,0.0,0.1610738255033557,216.66666666666666
1_0_0_0_0_1_1_0_0_0_1_0_0_0_0_1_1_0_1_1_0_0_1_1_1_1_1_0_1_0_1_0_1_1_1_1_0_1_1_1_0_0_0_0_0_0,1,1.0e-5,8.164965809277262e-6,0.12751677852348994,315.0
0_0_1_0_0_1_1_0_0_0_0_1_1_1_0_0_0_0_1_0_0_1_1_1_1_1_1_0_1_1_0_0_0_0_0_0_0_0_1_0_0_0_1_0_1_1,1,1.0e-5,8.164965809277262e-6,0.2550335570469799,160.0
1_1_0_1_1_0_0_1_1_1_1_1_1_0_1_0_0_1_0_0_1_0_0_0_1_0_0_1_1_1_1_1_1_1_1_1_1_1_1_1_1_0_0_0_1_1,1,1.0e-5,0.0,0.15436241610738255,200.0
0_0_0_1_1_0_0_1_1_1_0_1_0_0_1_1_1_1_0_1_0_0_0_0_1_0_1_0_1_1_0_1_1_1_1_1_1_1_1_1_0_0_0_1_0_0,1,1.0e-5,0.0,0.20134228187919462,230.0
0_1_1_1_1_0_0_1_1_1_0_1_1_0_1_0_0_1_0_0_1_0_0_0_1_0_0_1_1_0_0_1_1_1_1_1_1_1_1_1_1_0_0_1_1_1,1,1.0e-5,8.164965809277262e-6,0.1476510067114094,235.0
1_0_0_1_1_0_0_1_1_1_1_1_1_0_1_0_0_1_1_0_0_1_1_0_0_0_1_0_0_0_1_1_0_0_0_0_0_0_0_0_0_1_1_0_1_1,1,1.0e-5,8.164965809277262e-6,0.1610738255033557,185.0
0_1_1_1_1_0_0_0_1_1_0_0_1_0_1_0_1_1_0_0_0_0_0_0_1_1_0_0_1_0_0_1_1_1_1_1_0_1_1_1_1_0_0_0_0_0,1,1.0e-5,8.164965809277262e-6,0.22818791946308725,255.0
1_0_1_1_1_0_0_1_1_1_1_0_1_1_1_0_0_1_1_0_1_0_1_0_1_1_0_1_1_0_1_1_1_1_1_1_0_1_1_1_0_0_0_0_1_1,1,1.0e-5,8.164965809277262e-6,0.20134228187919462,235.0
0_1_0_1_1_0_0_1_1_1_0_1_0_0_1_1_1_1_0_0_0_0_0_0_1_0_1_0_1_1_0_1_1_1_1_1_1_1_1_1_1_0_0_1_0_0,1,1.0e-5,0.0,0.18791946308724833,250.0
0_0_0_1_1_0_0_1_1_1_0_1_1_0_1_0_0_1_0_0_0_1_0_0_1_0_1_0_1_0_0_1_0_0_1_0_1_0_1_0_0_0_1_0_1_1,1,1.0e-5,0.0,0.2214765100671141,340.0
0_0_1_1_1_0_0_1_1_1_0_1_1_1_1_0_0_1_0_1_0_1_0_0_1_0_1_0_1_1_0_1_0_0_0_0_1_0_1_0_0_0_1_0_1_1,1,1.0e-5,8.164965809277262e-6,0.18791946308724833,227.5
0_0_0_0_0_1_1_0_0_0_0_0_0_1_0_1_1_0_1_1_0_0_1_1_1_1_1_0_1_0_0_0_1_1_1_1_0_1_1_1_0_0_0_0_0_0,1,1.0e-5,8.164965809277262e-6,0.1342281879194631,235.0
0_1_0_0_0_1_1_0_0_0_0_1_0_0_0_1_1_0_0_1_0_0_0_1_1_0_1_0_1_0_0_0_1_1_1_1_1_1_1_1_1_0_0_1_0_0,1,1.0e-5,8.164965809277262e-6,0.20134228187919462,220.0
1_1_1_1_1_0_0_1_1_1_1_1_0_1_1_0_0_1_0_1_1_0_0_0_1_0_1_1_1_0_1_1_1_1_1_1_1_1_1_1_1_0_0_1_1_1,0,1.0e-5,0.0,0.1476510067114094,1001.0
1_1_0_0_0_1_1_0_0_0_1_1_0_0_0_1_1_0_0_0_0_0_0_1_1_0_1_0_1_1_1_0_1_1_1_1_1_1_1_1_1_0_0_0_0_0,1,1.0e-5,8.164965809277262e-6,0.20134228187919462,262.5
0_0_0_0_0_1_1_1_0_0_0_1_0_1_0_1_1_0_0_1_0_0_0_1_1_0_1_0_1_0_0_0_1_1_1_1_1_1_1_1_0_0_0_0_0_0,1,1.0e-5,8.164965809277262e-6,0.2214765100671141,212.5
0_1_1_0_0_1_1_0_0_0_0_0_1_1_0_0_0_0_0_1_0_1_0_1_1_1_0_0_1_0_0_0_0_0_0_0_0_0_1_0_1_0_1_0_1_1,1,1.0e-5,8.164965809277262e-6,0.24161073825503357,215.0
1_0_0_0_0_1_1_0_0_0_1_1_0_0_0_1_1_0_1_0_0_0_1_1_1_0_1_0_1_1_1_0_1_1_1_1_1_1_1_1_0_0_0_0_0_0,1,1.0e-5,1.4142135623730951e-5,0.20134228187919462,213.33333333333334
0_0_1_0_0_1_1_0_0_0_0_0_0_1_0_1_1_0_0_1_0_1_0_1_0_1_1_0_0_0_0_0_0_0_0_0_0_0_0_0_0_1_1_0_0_0,1,1.0e-5,8.164965809277262e-6,0.1610738255033557,197.5
1_0_1_1_1_0_0_1_1_1_1_0_1_1_1_1_0_1_1_1_0_1_1_0_1_1_0_0_1_1_1_1_0_0_1_0_0_0_1_0_0_0_1_0_0_0,1,1.0e-5,8.164965809277262e-6,0.28859060402684567,180.0
1_1_1_0_0_1_1_0_0_0_1_0_0_1_0_1_0_0_0_1_1_1_0_1_0_1_0_1_0_0_1_0_0_0_0_0_1_0_0_0_1_1_1_1_1_1,1,1.0e-5,8.164965809277262e-6,0.18120805369127516,235.0
1_1_0_0_0_1_1_0_0_0_1_0_0_1_0_1_1_0_1_1_0_0_1_1_1_1_0_0_1_1_1_0_1_1_1_1_1_1_1_1_1_0_0_0_0_0,1,1.0e-5,8.164965809277262e-6,0.174496644295302,245.0
1_1_0_0_0_1_1_0_0_0_1_0_0_0_0_1_1_0_0_1_1_0_0_1_0_0_0_1_0_0_1_0_1_1_0_1_1_1_0_1_1_1_0_1_0_0,1,1.0e-5,1.4142135623730951e-5,0.2550335570469799,220.0
0_1_1_1_1_0_0_1_1_1_0_0_1_1_1_0_0_1_0_1_1_0_0_0_1_1_0_1_1_0_0_1_1_1_1_1_0_1_1_1_1_0_0_1_1_1,1,1.0e-5,8.164965809277262e-6,0.2080536912751678,312.5
1_0_0_1_1_0_0_1_1_1_1_0_1_0_1_0_0_1_1_0_1_0_1_0_1_0_0_1_1_1_1_1_1_1_1_1_0_1_1_1_0_0_0_0_1_1,1,1.0e-5,8.164965809277262e-6,0.18120805369127516,160.0
0_0_1_1_1_0_0_0_1_1_0_0_1_0_1_0_1_1_1_0_0_1_1_0_0_1_0_0_0_0_0_1_0_0_0_0_0_0_0_0_0_1_1_0_0_0,1,1.0e-5,8.164965809277262e-6,0.2214765100671141,182.5
0_0_1_0_0_1_1_0_0_0_0_0_0_1_0_1_1_0_1_1_0_1_1_1_0_1_1_0_0_0_0_0_0_0_0_0_0_0_0_0_0_1_1_1_0_0,1,1.0e-5,1.4142135623730951e-5,0.15436241610738255,170.0
0_1_0_0_0_1_1_0_0_0_0_0_0_1_0_1_1_0_0_1_1_1_0_1_0_0_0_1_0_1_0_0_0_0_0_0_1_0_0_0_1_1_1_1_0_0,1,1.0e-5,8.164965809277262e-6,0.18791946308724833,165.0
1_1_1_0_0_1_1_0_0_0_1_0_1_1_0_0_0_0_0_0_1_1_0_1_0_1_0_1_0_0_1_0_0_0_0_0_0_0_0_0_1_1_1_0_1_1,1,1.0e-5,8.164965809277262e-6,0.19463087248322147,182.5
1_1_1_1_1_0_0_1_1_1_1_0_1_1_1_0_0_1_0_0_1_0_0_0_1_1_0_1_1_0_1_1_1_1_1_1_0_1_1_1_1_0_0_1_1_1,1,1.0e-5,8.164965809277262e-6,0.20134228187919462,127.5
0_0_0_0_0_1_1_0_0_0_0_0_0_0_0_1_1_0_1_1_0_0_1_1_0_1_0_0_0_1_0_0_1_1_0_1_0_1_0_1_0_1_0_1_0_0,1,1.0e-5,1.4142135623730951e-5,0.20134228187919462,220.0
0_1_0_1_1_0_0_1_1_1_0_1_1_0_1_0_1_1_0_0_0_0_0_0_1_0_0_0_1_1_0_1_1_1_1_1_1_1_1_1_1_0_0_0_0_0,1,1.0e-5,8.164965809277262e-6,0.16778523489932887,225.0
0_0_0_0_0_1_1_0_0_0_0_1_0_1_0_1_1_0_1_1_0_1_1_1_0_1_1_0_0_1_0_0_0_0_0_0_1_0_0_0_0_1_1_1_0_0,1,1.0e-5,8.164965809277262e-6,0.174496644295302,232.5
0_1_1_0_0_1_1_0_0_0_0_0_0_1_0_1_1_0_0_1_0_0_0_1_1_1_0_0_1_0_0_0_1_1_1_1_0_1_1_1_1_0_0_0_0_0,1,1.0e-5,8.164965809277262e-6,0.14093959731543623,225.0
0_0_1_1_1_0_0_1_1_1_0_1_1_0_1_0_0_1_1_0_1_0_1_0_1_0_1_1_1_0_0_1_1_1_1_1_0_1_1_1_0_0_0_1_1_1,1,1.0e-5,8.164965809277262e-6,0.174496644295302,165.0
1_0_0_0_0_1_1_0_0_0_1_0_0_1_0_1_1_0_1_1_1_0_1_1_0_1_1_1_0_1_1_0_1_1_0_1_0_1_0_1_0_1_0_1_0_0,1,1.0e-5,8.164965809277262e-6,0.2080536912751678,187.5
1_0_1_0_0_1_1_0_0_0_1_0_0_1_0_1_1_0_1_1_0_0_1_1_1_1_0_0_1_0_1_0_1_1_1_1_0_1_1_1_0_0_0_0_0_0,1,1.0e-5,1.4142135623730951e-5,0.15436241610738255,180.0
0_1_1_0_0_1_1_0_0_0_0_0_0_1_0_1_1_0_0_1_1_1_0_1_0_1_0_1_0_0_0_0_0_0_0_0_1_0_0_0_1_1_1_1_0_0,1,1.0e-5,8.164965809277262e-6,0.1476510067114094,205.0
0_1_0_1_1_0_0_1_1_1_0_1_1_0_1_0_1_1_0_0_0_1_0_0_0_0_0_0_0_0_0_1_0_0_0_0_1_0_0_0_1_1_1_0_0_0,1,1.0e-5,8.164965809277262e-6,0.15436241610738255,277.5
0_0_1_1_1_0_0_1_1_1_0_1_1_1_1_0_1_1_1_1_0_1_1_0_0_1_1_0_0_0_0_1_0_0_0_0_0_0_0_0_0_1_1_0_0_0,1,1.0e-5,8.164965809277262e-6,0.18791946308724833,200.0
1_0_0_0_0_1_1_0_0_0_1_0_0_1_0_1_1_0_1_1_1_0_1_1_0_1_0_1_0_0_1_0_1_1_0_1_0_1_0_1_0_1_0_1_0_0,1,1.0e-5,8.164965809277262e-6,0.2080536912751678,235.0
0_1_0_0_0_1_1_0_0_0_0_0_0_1_0_0_1_0_0_1_1_1_0_1_0_0_0_1_0_0_0_0_0_0_0_0_1_0_0_0_1_1_1_1_1_1,1,1.0e-5,8.164965809277262e-6,0.2214765100671141,277.5
1_1_0_0_0_1_1_0_0_0_1_0_0_0_0_1_1_0_0_1_1_0_0_1_0_1_0_1_0_0_1_0_1_1_1_1_0_1_0_1_1_1_0_1_0_0,1,1.0e-5,8.164965809277262e-6,0.18791946308724833,160.0
0_0_0_1_1_0_0_1_1_1_0_1_1_0_1_0_0_1_0_0_1_0_0_0_1_0_1_1_1_0_0_1_1_1_1_1_0_1_1_1_0_0_0_1_1_1,1,1.0e-5,1.4142135623730951e-5,0.19463087248322147,200.0
0_0_0_0_0_1_1_0_0_0_0_1_0_0_0_1_1_0_0_1_0_1_0_1_0_0_1_0_0_1_0_0_0_0_0_0_1_0_0_0_0_1_1_0_0_0,1,1.0e-5,1.4142135623730951e-5,0.2080536912751678,230.0
0_1_1_1_1_0_0_1_1_1_0_1_1_0_1_0_0_1_0_0_1_1_0_0_0_0_0_1_0_0_0_1_0_0_0_0_1_0_0_0_1_1_1_1_1_1,1,1.0e-5,8.164965809277262e-6,0.14093959731543623,242.5
0_0_0_1_1_0_0_1_1_1_0_1_0_0_1_1_1_1_0_0_0_0_0_0_1_0_1_0_1_1_0_1_1_1_1_1_1_1_1_1_0_0_0_1_0_0,1,1.0e-5,8.164965809277262e-6,0.19463087248322147,267.5
1_0_1_1_1_0_0_1_1_1_1_0_1_1_1_0_0_1_1_0_0_1_1_0_1_1_0_0_1_1_1_1_0_0_1_0_0_0_1_0_0_0_1_0_1_1,1,1.0e-5,8.164965809277262e-6,0.2550335570469799,165.0
0_0_1_1_1_0_0_1_1_1_0_1_1_1_1_0_0_1_1_0_0_1_1_0_1_0_1_0_1_0_0_1_0_0_1_0_0_0_1_0_0_0_1_0_1_1,1,1.0e-5,8.164965809277262e-6,0.21476510067114093,240.0
0_0_1_1_1_0_0_1_1_1_0_0_1_1_1_0_0_1_0_0_1_1_0_0_0_1_0_1_0_0_0_1_0_0_0_0_0_0_0_0_0_1_1_1_1_1,1,1.0e-5,8.164965809277262e-6,0.21476510067114093,205.0
1_0_1_0_0_1_1_0_0_0_1_0_0_1_0_1_1_0_1_1_0_0_1_1_1_1_1_0_1_1_1_0_1_1_1_1_0_1_1_1_0_0_0_0_0_0,1,1.0e-5,8.164965809277262e-6,0.15436241610738255,282.5
1_1_0_1_1_0_0_1_1_1_1_0_1_0_1_0_0_1_0_0_1_0_0_0_1_0_0_1_1_0_1_1_1_1_1_1_0_1_1_1_1_0_0_1_1_1,1,1.0e-5,8.164965809277262e-6,0.18791946308724833,252.5
1_1_1_0_0_1_1_0_0_0_1_1_0_1_0_1_1_0_0_1_0_0_0_1_1_1_1_0_1_1_1_0_1_1_1_1_1_1_1_1_1_0_0_0_0_0,1,1.0e-5,8.164965809277262e-6,0.19463087248322147,230.0
1_0_0_0_0_1_1_0_0_0_1_0_0_1_0_1_1_0_1_1_0_0_1_1_1_1_1_0_1_1_1_0_1_1_1_1_0_1_1_1_0_0_0_0_0_0,1,1.0e-5,8.164965809277262e-6,0.14093959731543623,152.5
1_1_0_0_0_1_1_1_0_0_1_1_0_1_0_1_0_0_0_1_1_0_0_1_1_0_1_1_1_1_1_0_1_1_1_1_1_1_1_1_1_0_0_1_1_1,1,1.0e-5,8.164965809277262e-6,0.2214765100671141,167.5
1_1_0_0_0_1_1_0_0_0_1_0_0_0_0_1_1_0_0_0_1_0_0_1_0_1_0_1_0_1_1_0_1_1_0_1_1_1_0_1_1_1_0_1_0_0,1,1.0e-5,1.4142135623730951e-5,0.2080536912751678,160.0
1_0_1_1_1_0_0_1_1_1_1_1_1_1_1_0_0_1_1_1_0_1_1_0_1_0_1_0_1_1_1_1_0_0_1_0_1_0_1_0_0_0_1_0_1_1,1,1.0e-5,1.4142135623730951e-5,0.18120805369127516,203.33333333333334
1_0_1_0_0_1_1_0_0_0_1_0_0_1_0_1_1_0_1_1_0_1_1_1_0_1_1_0_0_0_1_0_0_0_0_0_0_0_0_0_0_1_1_0_0_0,1,1.0e-5,1.4142135623730951e-5,0.16778523489932887,203.33333333333334
0_1_1_0_0_1_1_0_0_0_0_0_1_1_0_0_0_0_0_0_0_1_0_1_1_1_0_0_1_0_0_0_0_0_1_0_0_0_1_0_1_0_1_0_1_1,1,1.0e-5,1.4142135623730951e-5,0.2483221476510067,210.0
0_0_0_1_1_0_0_1_1_1_0_1_1_0_1_1_1_1_1_0_0_0_1_0_1_0_1_0_1_0_0_1_1_1_1_1_0_1_1_1_0_0_0_0_0_0,1,1.0e-5,1.4142135623730951e-5,0.16778523489932887,183.33333333333334
1_1_1_1_1_0_0_1_1_1_1_1_1_0_1_0_0_1_1_0_1_0_1_0_1_0_0_1_1_1_1_1_1_1_1_1_1_1_1_1_1_0_0_1_1_1,1,6.6666666666666675e-6,4.714045207910318e-6,0.1476510067114094,140.0
1_1_1_0_0_1_1_0_0_0_1_1_0_1_0_1_1_0_0_1_0_1_0_1_0_1_1_0_0_1_1_0_0_0_0_0_1_0_0_0_1_1_1_0_0_0,1,6.6666666666666675e-6,4.714045207910318e-6,0.20134228187919462,245.0
0_1_0_0_0_1_1_1_0_0_0_1_0_1_0_1_1_0_0_1_0_0_0_1_1_0_1_0_1_0_0_0_1_1_1_1_1_1_1_1_1_0_0_1_0_0,1,6.6666666666666675e-6,4.714045207910318e-6,0.22818791946308725,110.0
1_0_1_1_1_0_0_1_1_1_1_1_1_0_1_0_0_1_1_0_0_1_1_0_0_1_1_0_0_0_1_1_0_0_0_0_0_0_0_0_0_1_1_1_1_1,1,6.6666666666666675e-6,4.714045207910318e-6,0.18120805369127516,170.0
1_1_1_0_0_1_1_0_0_0_1_0_0_1_0_1_1_0_0_1_1_0_0_1_0_1_0_1_0_0_1_0_1_1_1_1_1_1_0_1_1_1_0_1_0_0,1,6.6666666666666675e-6,9.428090415820634e-6,0.24161073825503357,215.0
1_1_1_1_1_0_0_1_1_1_1_1_1_1_1_0_0_1_0_1_1_1_0_0_1_0_0_1_1_1_1_1_0_0_1_0_1_0_1_0_1_0_1_0_1_1,1,6.6666666666666675e-6,4.714045207910318e-6,0.2080536912751678,115.0
1_0_1_1_1_0_0_1_1_1_1_0_1_0_1_0_0_1_1_0_1_1_1_0_0_0_0_1_0_0_1_1_0_0_0_0_0_0_0_0_0_1_1_0_1_1,1,6.6666666666666675e-6,4.714045207910318e-6,0.18120805369127516,100.0
1_1_1_1_1_0_0_1_1_1_1_1_1_0_1_0_0_1_0_0_1_1_0_0_0_0_1_1_0_1_1_1_0_0_0_0_1_0_0_0_1_1_1_0_1_1,1,6.6666666666666675e-6,4.714045207910318e-6,0.14093959731543623,360.0
1_1_0_1_1_0_0_1_1_1_1_0_1_0_1_0_0_1_1_0_1_1_1_0_0_0_0_1_0_1_1_1_0_0_0_0_0_0_0_0_1_1_1_1_1_1,1,6.6666666666666675e-6,4.714045207910318e-6,0.18120805369127516,190.0
0_0_0_0_0_1_1_0_0_0_0_1_0_0_0_1_1_0_0_0_0_1_0_1_0_0_1_0_0_1_0_0_0_0_0_0_1_0_0_0_0_1_1_0_0_0,1,6.6666666666666675e-6,4.714045207910318e-6,0.20134228187919462,200.0
0_0_0_0_0_1_1_0_0_0_0_0_0_0_0_1_1_0_0_1_0_0_0_1_0_1_0_0_0_0_0_0_1_1_1_1_0_1_0_1_0_1_0_1_0_0,1,6.6666666666666675e-6,9.428090415820634e-6,0.21476510067114093,255.0
1_1_0_1_1_0_0_1_1_1_1_0_0_0_1_1_1_1_0_1_1_0_0_0_0_0_0_1_0_1_1_1_1_1_0_1_1_1_0_1_1_1_0_1_0_0,1,6.6666666666666675e-6,4.714045207910318e-6,0.26174496644295303,240.0
0_1_0_0_0_1_1_0_0_0_0_0_0_0_0_1_1_0_0_1_1_0_0_1_0_1_0_1_0_0_0_0_1_1_0_1_0_1_0_1_1_1_0_1_0_0,1,6.6666666666666675e-6,9.428090415820634e-6,0.18791946308724833,185.0
0_1_0_0_0_1_1_0_0_0_0_1_0_0_0_1_1_0_0_1_0_0_0_1_1_0_1_0_1_1_0_0_1_1_1_1_1_1_1_1_1_0_0_0_0_0,1,6.6666666666666675e-6,4.714045207910318e-6,0.19463087248322147,125.0
0_0_1_1_1_0_0_0_1_1_0_0_1_0_1_0_0_1_0_0_1_0_0_0_1_1_0_1_1_0_0_1_1_1_1_1_0_1_1_1_0_0_0_1_1_1,1,6.6666666666666675e-6,4.714045207910318e-6,0.2483221476510067,170.0
0_1_0_1_1_0_0_1_1_1_0_0_0_0_1_1_1_1_0_0_1_0_0_0_0_0_0_1_0_1_0_1_1_1_1_1_1_1_0_1_1_1_0_1_0_0,1,6.6666666666666675e-6,4.714045207910318e-6,0.2550335570469799,190.0
1_1_0_1_1_0_0_1_1_1_1_1_0_0_1_1_1_1_1_0_1_0_1_0_0_0_1_1_0_1_1_1_1_1_1_1_1_1_0_1_1_1_0_1_0_0,1,6.6666666666666675e-6,4.714045207910318e-6,0.2483221476510067,235.0
0_0_1_1_1_0_0_1_1_1_0_1_1_0_1_0_0_1_1_0_0_1_1_0_1_0_1_0_1_1_0_1_0_0_0_0_1_0_1_0_0_0_1_0_1_1,1,6.6666666666666675e-6,9.428090415820634e-6,0.2080536912751678,180.0
0_0_1_0_0_1_1_0_0_0_0_0_0_1_0_1_1_0_1_1_0_0_1_1_0_1_1_0_0_1_0_0_1_1_1_1_0_1_0_1_0_1_0_1_0_0,1,6.6666666666666675e-6,4.714045207910318e-6,0.24161073825503357,215.0
1_1_0_1_1_0_0_1_1_1_1_0_0_0_1_1_1_1_1_1_1_0_1_0_0_0_0_1_0_1_1_1_1_1_1_1_1_1_0_1_1_1_0_1_0_0,1,6.6666666666666675e-6,4.714045207910318e-6,0.2684563758389262,200.0
0_1_0_1_1_0_0_1_1_1_0_1_1_0_1_0_0_1_0_0_1_0_0_0_1_0_0_1_1_0_0_1_1_1_1_1_1_1_1_1_1_0_0_1_1_1,1,6.6666666666666675e-6,4.714045207910318e-6,0.1610738255033557,205.0
0_0_1_1_1_0_0_1_1_1_0_1_1_0_1_0_1_1_1_0_0_1_1_0_0_1_1_0_0_1_0_1_0_0_0_0_0_0_0_0_0_1_1_0_0_0,1,6.6666666666666675e-6,4.714045207910318e-6,0.2080536912751678,195.0
1_0_1_1_1_0_0_1_1_1_1_1_1_1_1_1_0_1_1_0_0_1_1_0_0_0_1_0_0_1_1_1_0_0_0_0_0_0_0_0_0_1_1_0_0_0,1,6.6666666666666675e-6,4.714045207910318e-6,0.1610738255033557,300.0
1_0_0_0_0_1_1_1_0_0_1_1_0_1_0_1_0_0_1_1_1_1_1_1_0_0_1_1_0_1_1_0_0_0_0_0_1_0_0_0_0_1_1_1_1_1,1,6.6666666666666675e-6,9.428090415820634e-6,0.22818791946308725,250.0
1_0_1_1_1_0_0_1_1_1_1_1_1_0_1_1_0_1_1_0_0_1_1_0_1_0_1_0_1_1_1_1_0_0_1_0_1_0_1_0_0_0_1_0_0_0,1,6.6666666666666675e-6,4.714045207910318e-6,0.2483221476510067,145.0
1_0_1_1_1_0_0_1_1_1_1_1_1_0_1_0_0_1_1_0_1_0_1_0_1_0_1_1_1_1_1_1_1_1_1_1_1_1_1_1_0_0_0_1_1_1,1,6.6666666666666675e-6,9.428090415820634e-6,0.1342281879194631,205.0
0_1_0_1_1_0_0_1_1_1_0_1_0_0_1_0_1_1_0_0_1_0_0_0_0_0_1_1_0_0_0_1_1_1_0_1_1_1_0_1_1_1_0_1_1_1,1,6.6666666666666675e-6,4.714045207910318e-6,0.2751677852348993,215.0
0_1_1_1_1_0_0_1_1_1_0_1_1_1_1_0_0_1_0_0_0_1_0_0_1_0_0_0_1_1_0_1_0_0_1_0_1_0_1_0_1_0_1_0_1_1,1,6.6666666666666675e-6,4.714045207910318e-6,0.19463087248322147,245.0
1_1_0_1_1_0_0_1_1_1_1_0_0_0_1_1_1_1_1_1_1_0_1_0_0_0_0_1_0_1_1_1_1_1_0_1_1_1_0_1_1_1_0_1_0_0,1,6.6666666666666675e-6,9.428090415820634e-6,0.2684563758389262,285.0
1_0_1_0_0_1_1_0_0_0_1_0_1_1_0_0_0_0_1_0_1_1_1_1_0_1_0_1_0_0_1_0_0_0_0_0_0_0_0_0_0_1_1_0_1_1,1,6.6666666666666675e-6,4.714045207910318e-6,0.19463087248322147,205.0
1_1_0_1_1_0_0_1_1_1_1_0_0_0_1_1_1_1_0_1_1_0_0_0_0_0_0_1_0_0_1_1_1_1_0_1_1_1_0_1_1_1_0_1_0_0,1,6.6666666666666675e-6,9.428090415820634e-6,0.2550335570469799,180.0
0_0_1_0_0_1_1_0_0_0_0_1_1_1_0_0_0_0_0_0_0_1_0_1_1_1_1_0_1_0_0_0_0_0_1_0_0_0_1_0_0_0_1_0_1_1,1,6.6666666666666675e-6,9.428090415820634e-6,0.2684563758389262,165.0
0_0_0_0_0_1_1_0_0_0_0_0_0_0_0_1_1_0_1_1_0_0_1_1_0_1_0_0_0_1_0_0_1_1_1_1_0_1_0_1_0_1_0_1_0_0,1,6.6666666666666675e-6,9.428090415820634e-6,0.20134228187919462,430.0
1_1_0_1_1_0_0_1_1_1_1_1_0_0_1_1_1_1_0_0_1_0_0_0_0_0_1_1_0_1_1_1_1_1_0_1_1_1_0_1_1_1_0_1_0_0,1,6.6666666666666675e-6,9.428090415820634e-6,0.24161073825503357,175.0
0_1_1_1_1_0_0_1_1_1_0_1_1_0_1_0_0_1_0_0_0_1_0_0_1_0_0_0_1_0_0_1_0_0_1_0_1_0_1_0_1_0_1_0_1_1,1,6.6666666666666675e-6,4.714045207910318e-6,0.2080536912751678,175.0
0_1_0_0_0_1_1_0_0_0_0_0_0_1_0_1_1_0_0_1_1_0_0_1_1_0_0_1_1_1_0_0_1_1_1_1_1_1_1_1_1_0_0_0_0_0,1,6.6666666666666675e-6,9.428090415820634e-6,0.18120805369127516,255.0
0_0_1_1_1_0_0_1_1_1_0_1_1_1_1_0_0_1_0_0_0_1_0_0_1_0_1_0_1_1_0_1_0_0_0_0_1_0_1_0_0_0_1_0_1_1,1,6.6666666666666675e-6,4.714045207910318e-6,0.19463087248322147,155.0
1_1_0_0_0_1_1_0_0_0_1_1_0_0_0_1_1_0_0_0_1_0_0_1_0_0_1_1_0_1_1_0_1_1_0_1_1_1_0_1_1_1_0_1_0_0,1,6.6666666666666675e-6,4.714045207910318e-6,0.2550335570469799,240.0
1_1_1_1_1_0_0_0_1_1_1_0_1_0_1_0_0_1_1_0_1_1_1_0_0_1_0_1_0_0_1_1_0_0_0_0_0_0_0_0_1_1_1_0_1_1,1,6.6666666666666675e-6,4.714045207910318e-6,0.24161073825503357,335.0
0_0_1_0_0_1_1_0_0_0_0_0_0_1_0_1_1_0_0_1_0_0_0_1_1_1_1_0_1_0_0_0_1_1_1_1_0_1_1_1_0_0_0_0_0_0,1,6.6666666666666675e-6,4.714045207910318e-6,0.15436241610738255,205.0
0_0_1_1_1_0_0_1_1_1_0_1_1_0_1_0_0_1_1_0_0_1_1_0_0_1_1_0_0_0_0_1_0_0_0_0_0_0_0_0_0_1_1_0_1_1,1,6.6666666666666675e-6,4.714045207910318e-6,0.19463087248322147,245.0
1_1_1_1_1_0_0_1_1_1_1_0_1_1_1_0_0_1_0_1_1_1_0_0_0_1_0_1_0_0_1_1_0_0_0_0_0_0_0_0_1_1_1_0_1_1,1,6.6666666666666675e-6,4.714045207910318e-6,0.20134228187919462,160.0
1_0_0_1_1_0_0_1_1_1_1_1_0_0_1_1_1_1_1_0_1_0_1_0_0_0_1_1_0_1_1_1_1_1_0_1_1_1_0_1_0_1_0_1_0_0,1,6.6666666666666675e-6,9.428090415820634e-6,0.24161073825503357,175.0
1_0_0_0_0_1_1_0_0_0_1_0_0_0_0_1_1_0_1_1_1_0_1_1_0_1_0_1_0_0_1_0_1_1_0_1_0_1_0_1_0_1_0_1_0_0,1,6.6666666666666675e-6,4.714045207910318e-6,0.18791946308724833,310.0
1_1_0_1_1_0_0_1_1_1_1_0_0_0_1_1_1_1_0_0_1_0_0_0_0_0_0_1_0_0_1_1_1_1_0_1_1_1_0_1_1_1_0_1_0_0,1,6.6666666666666675e-6,4.714045207910318e-6,0.2483221476510067,160.0
0_0_0_0_0_1_1_0_0_0_0_1_0_0_0_1_1_0_1_1_0_0_1_1_0_1_1_0_0_1_0_0_1_1_0_1_1_1_0_1_0_1_0_1_0_0,1,6.6666666666666675e-6,4.714045207910318e-6,0.2483221476510067,250.0
0_0_1_1_1_0_0_1_1_1_0_1_1_0_1_0_0_1_0_0_1_1_0_0_0_0_1_1_0_0_0_1_0_0_0_0_0_0_0_0_0_1_1_1_1_1,1,6.6666666666666675e-6,9.428090415820634e-6,0.174496644295302,200.0
0_1_0_0_0_1_1_0_0_0_0_0_0_0_0_1_1_0_0_0_1_0_0_1_0_0_0_1_0_0_0_0_1_1_0_1_1_1_0_1_1_1_0_1_0_0,1,6.6666666666666675e-6,9.428090415820634e-6,0.2483221476510067,220.0
1_0_1_0_0_1_1_0_0_0_1_1_1_1_0_1_0_0_1_0_0_0_1_1_1_1_1_0_1_0_1_0_1_1_1_1_0_1_1_1_0_0_0_0_0_0,1,6.6666666666666675e-6,4.714045207910318e-6,0.2080536912751678,205.0
0_0_0_0_0_1_1_0_0_0_0_1_0_0_0_1_1_0_0_1_0_0_0_1_1_0_1_0_1_0_0_0_1_1_1_1_1_1_1_1_0_0_0_1_0_0,1,6.6666666666666675e-6,4.714045207910318e-6,0.2080536912751678,260.0
1_0_0_0_0_1_1_0_0_0_1_0_0_1_0_1_0_0_1_1_1_1_1_1_0_1_0_1_0_0_1_0_0_0_0_0_0_0_0_0_0_1_1_1_1_1,1,6.6666666666666675e-6,4.714045207910318e-6,0.1476510067114094,270.0
0_0_1_1_1_0_0_0_1_1_0_0_1_0_1_0_0_1_0_0_0_1_0_0_1_1_0_0_1_0_0_1_0_0_0_0_0_0_1_0_0_0_1_0_1_1,1,6.6666666666666675e-6,9.428090415820634e-6,0.2953020134228188,170.0
0_1_0_0_0_1_1_1_0_0_0_1_0_1_0_0_1_0_0_1_1_1_0_1_0_0_1_1_0_1_0_0_0_0_0_0_1_0_0_0_1_1_1_1_1_1,1,6.6666666666666675e-6,4.714045207910318e-6,0.2348993288590604,270.0
1_1_0_0_0_1_1_0_0_0_1_0_0_0_0_1_1_0_0_0_1_0_0_1_0_0_0_1_0_0_1_0_1_1_0_1_1_1_0_1_1_1_0_1_0_0,1,6.6666666666666675e-6,4.714045207910318e-6,0.2483221476510067,220.0
0_0_1_1_1_0_0_0_1_1_0_0_1_0_1_0_0_1_0_0_1_1_0_0_0_1_0_1_0_0_0_1_0_0_0_0_0_0_0_0_0_1_1_1_1_1,1,6.6666666666666675e-6,4.714045207910318e-6,0.24161073825503357,245.0
1_0_0_0_0_1_1_0_0_0_1_0_0_1_0_1_1_0_1_1_1_0_1_1_0_1_1_1_0_0_1_0_1_1_1_1_0_1_0_1_0_1_0_1_0_0,1,6.6666666666666675e-6,4.714045207910318e-6,0.21476510067114093,300.0
0_0_0_0_0_1_1_0_0_0_0_1_0_1_0_1_1_0_0_1_0_1_0_1_0_1_1_0_0_1_0_0_0_0_0_0_1_0_0_0_0_1_1_0_0_0,1,6.6666666666666675e-6,9.428090415820634e-6,0.18120805369127516,265.0
1_1_0_1_1_0_0_1_1_1_1_1_1_0_1_0_0_1_0_0_1_1_0_0_0_0_0_1_0_1_1_1_0_0_0_0_1_0_0_0_1_1_1_1_1_1,1,6.6666666666666675e-6,9.428090415820634e-6,0.1476510067114094,120.0
0_0_0_1_1_0_0_1_1_1_0_1_0_0_1_1_1_1_1_1_0_0_1_0_1_0_1_0_1_1_0_1_1_1_1_1_1_1_1_1_0_0_0_0_0_0,1,6.6666666666666675e-6,4.714045207910318e-6,0.18120805369127516,275.0
1_1_1_1_1_0_0_1_1_1_1_0_1_1_1_0_0_1_1_0_1_0_1_0_1_1_0_1_1_0_1_1_1_1_1_1_0_1_1_1_1_0_0_0_1_1,1,6.6666666666666675e-6,4.714045207910318e-6,0.2080536912751678,200.0
1_1_0_0_0_1_1_0_0_0_1_1_0_0_0_1_1_0_0_0_0_1_0_1_0_0_1_0_0_1_1_0_0_0_0_0_1_0_0_0_1_1_1_0_0_0,1,6.6666666666666675e-6,4.714045207910318e-6,0.2080536912751678,310.0
1_0_1_1_1_0_0_1_1_1_1_0_1_1_1_0_0_1_1_1_0_1_1_0_1_1_0_0_1_0_1_1_0_0_0_0_0_0_1_0_0_0_1_0_1_1,1,6.6666666666666675e-6,4.714045207910318e-6,0.2550335570469799,135.0
0_1_0_1_1_0_0_1_1_1_0_1_0_0_1_0_1_1_0_0_1_0_0_0_0_0_1_1_0_1_0_1_1_1_1_1_1_1_0_1_1_1_0_1_1_1,1,6.6666666666666675e-6,4.714045207910318e-6,0.28187919463087246,255.0
0_0_0_0_0_1_1_0_0_0_0_1_0_0_0_1_1_0_0_1_0_0_0_1_1_0_1_0_1_1_0_0_1_1_1_1_1_1_1_1_0_0_0_1_0_0,1,6.6666666666666675e-6,4.714045207910318e-6,0.21476510067114093,165.0
0_1_0_0_0_1_1_0_0_0_0_1_0_1_0_1_1_0_0_1_0_1_0_1_0_1_1_0_0_1_0_0_0_0_0_0_1_0_0_0_1_1_1_1_0_0,1,6.6666666666666675e-6,9.428090415820634e-6,0.174496644295302,285.0
1_1_1_1_1_0_0_1_1_1_1_1_1_1_1_1_0_1_0_1_1_1_0_0_0_0_1_1_0_0_1_1_0_0_0_0_1_0_0_0_1_1_1_1_0_1,0,6.6666666666666675e-6,4.714045207910318e-6,0.12080536912751678,1001.0
0_0_1_0_0_1_1_0_0_0_0_1_0_1_0_1_1_0_1_1_0_1_1_1_0_1_1_0_0_1_0_0_0_0_0_0_1_0_0_0_0_1_1_1_0_0,1,6.6666666666666675e-6,4.714045207910318e-6,0.18791946308724833,205.0
1_0_1_0_0_1_1_0_0_0_1_0_0_1_0_1_1_0_1_1_1_0_1_1_0_1_0_1_0_1_1_0_1_1_1_1_0_1_0_1_0_1_0_1_0_0,1,6.6666666666666675e-6,4.714045207910318e-6,0.21476510067114093,140.0
0_0_0_0_0_1_1_0_0_0_0_1_0_0_0_1_1_0_0_1_0_1_0_1_0_0_1_0_0_0_0_0_0_0_0_0_1_0_0_0_0_1_1_0_0_0,1,6.6666666666666675e-6,4.714045207910318e-6,0.20134228187919462,270.0
0_1_0_1_1_0_0_1_1_1_0_1_1_0_1_0_0_1_0_0_1_1_0_0_0_0_0_1_0_1_0_1_0_0_0_0_1_0_0_0_1_1_1_1_1_1,1,6.6666666666666675e-6,4.714045207910318e-6,0.1610738255033557,210.0
0_0_1_0_0_1_1_0_0_0_0_1_0_1_0_1_1_0_1_1_0_0_1_1_1_1_1_0_1_1_0_0_1_1_1_1_1_1_1_1_0_0_0_1_0_0,1,6.6666666666666675e-6,4.714045207910318e-6,0.19463087248322147,175.0
1_1_0_0_0_1_1_1_0_0_1_1_0_1_0_1_1_0_0_1_0_1_0_1_0_0_1_0_0_1_1_0_0_0_0_0_1_0_0_0_1_1_1_0_0_0,1,6.6666666666666675e-6,4.714045207910318e-6,0.24161073825503357,185.0
1_0_0_0_0_1_1_0_0_0_1_0_0_0_0_1_1_0_1_1_1_0_1_1_0_1_1_1_0_1_1_0_1_1_1_1_0_1_0_1_0_1_0_1_0_0,1,6.6666666666666675e-6,4.714045207910318e-6,0.18791946308724833,165.0
1_1_1_0_0_1_1_0_0_0_1_0_0_1_0_1_1_0_1_1_0_1_1_1_0_1_0_0_0_1_1_0_0_0_0_0_1_0_0_0_1_1_1_0_0_0,1,6.6666666666666675e-6,4.714045207910318e-6,0.19463087248322147,120.0
1_0_1_1_1_0_0_1_1_1_1_1_1_1_1_1_0_1_1_0_0_1_1_0_1_0_1_0_1_1_1_1_0_0_1_0_0_0_1_0_0_0_1_0_0_0,1,6.6666666666666675e-6,9.428090415820634e-6,0.2483221476510067,85.0
1_0_1_1_1_0_0_1_1_1_1_0_1_1_1_0_0_1_1_0_1_0_1_0_1_1_0_1_1_0_1_1_1_1_1_1_0_1_1_1_0_0_0_1_1_1,1,6.6666666666666675e-6,4.714045207910318e-6,0.20134228187919462,170.0
0_0_0_1_1_0_0_1_1_1_0_0_1_0_1_0_0_1_1_0_1_0_1_0_1_0_0_1_1_0_0_1_1_1_1_1_0_1_1_1_0_0_0_1_1_1,1,6.6666666666666675e-6,9.428090415820634e-6,0.20134228187919462,185.0
1_1_1_1_1_0_0_1_1_1_1_0_1_1_1_0_0_1_1_0_1_1_1_0_1_0_0_1_1_1_1_1_0_0_0_0_0_0_1_0_1_0_1_0_1_1,1,6.6666666666666675e-6,4.714045207910318e-6,0.2483221476510067,375.0
1_0_0_1_1_0_0_1_1_1_1_0_1_0_1_0_0_1_1_0_1_1_1_0_0_0_0_1_0_1_1_1_0_0_0_0_0_0_0_0_0_1_1_1_1_1,1,6.6666666666666675e-6,4.714045207910318e-6,0.174496644295302,185.0
0_1_0_1_1_0_0_1_1_1_0_1_1_0_1_0_0_1_0_0_0_1_0_0_1_0_1_0_1_1_0_1_0_0_1_0_1_0_1_0_1_0_1_0_1_1,1,6.6666666666666675e-6,4.714045207910318e-6,0.2214765100671141,100.0
0_0_1_1_1_0_0_1_1_1_0_1_1_0_1_0_0_1_0_0_0_1_0_0_1_0_1_0_1_1_0_1_0_0_1_0_1_0_1_0_0_0_1_0_1_1,1,6.6666666666666675e-6,9.428090415820634e-6,0.21476510067114093,205.0
1_0_0_1_1_0_0_1_1_1_1_1_0_0_1_1_1_1_1_0_1_0_1_0_0_0_1_1_0_1_1_1_1_1_1_1_1_1_0_1_0_1_0_1_0_0,1,6.6666666666666675e-6,9.428090415820634e-6,0.24161073825503357,240.0
1_1_0_0_0_1_1_0_0_0_1_0_0_0_0_1_1_0_0_1_1_0_0_1_0_1_0_1_0_1_1_0_1_1_0_1_1_1_0_1_1_1_0_1_0_0,1,6.6666666666666675e-6,4.714045207910318e-6,0.21476510067114093,140.0
1_0_1_1_1_0_0_1_1_1_1_0_1_0_1_0_0_1_1_0_1_1_1_0_0_0_0_1_0_0_1_1_0_0_0_0_0_0_0_0_0_1_1_1_1_1,1,6.6666666666666675e-6,4.714045207910318e-6,0.16778523489932887,270.0
0_1_0_1_1_0_0_1_1_1_0_1_0_0_1_1_1_1_0_1_1_0_0_0_0_0_1_1_0_1_0_1_1_1_0_1_1_1_0_1_1_1_0_1_0_0,1,6.6666666666666675e-6,4.714045207910318e-6,0.2483221476510067,265.0
0_1_0_0_0_1_1_0_0_0_0_1_0_0_0_1_1_0_0_1_1_0_0_1_0_0_1_1_0_0_0_0_1_1_0_1_1_1_0_1_1_1_0_1_0_0,1,6.6666666666666675e-6,4.714045207910318e-6,0.2550335570469799,250.0
0_1_0_0_0_1_1_0_0_0_0_1_0_1_0_1_1_0_0_1_0_1_0_1_0_1_1_0_0_0_0_0_0_0_0_0_1_0_0_0_1_1_1_1_0_0,1,6.6666666666666675e-6,4.714045207910318e-6,0.16778523489932887,235.0
1_0_1_0_0_1_1_0_0_0_1_0_0_1_0_1_1_0_1_1_0_1_1_1_0_1_0_0_0_0_1_0_0_0_0_0_0_0_0_0_0_1_1_0_0_0,1,6.6666666666666675e-6,4.714045207910318e-6,0.1610738255033557,220.0
1_0_0_0_0_1_1_0_0_0_1_0_0_0_0_1_1_0_1_1_1_0_1_1_0_1_1_1_0_0_1_0_1_1_1_1_0_1_0_1_0_1_0_1_0_0,1,6.6666666666666675e-6,4.714045207910318e-6,0.19463087248322147,215.0
0_0_0_0_0_1_1_0_0_0_0_1_0_1_0_1_1_0_0_1_0_1_0_1_0_1_1_0_0_1_0_0_0_0_0_0_1_0_0_0_0_1_1_1_0_0,1,6.6666666666666675e-6,4.714045207910318e-6,0.18120805369127516,185.0
1_1_1_0_0_1_1_0_0_0_1_0_1_1_0_0_0_0_0_0_1_0_0_1_1_1_0_1_1_0_1_0_1_1_1_1_0_1_1_1_1_0_0_0_1_1,1,6.6666666666666675e-6,9.428090415820634e-6,0.18791946308724833,220.0
0_0_1_1_1_0_0_1_1_1_0_1_1_1_1_0_1_1_0_0_0_0_0_0_1_1_1_0_1_0_0_1_1_1_1_1_0_1_1_1_0_0_0_0_0_0,1,6.6666666666666675e-6,4.714045207910318e-6,0.2080536912751678,280.0
0_0_1_1_1_0_0_1_1_1_0_1_1_1_1_0_0_1_1_0_0_1_1_0_1_0_1_0_1_1_0_1_0_0_1_0_1_0_1_0_0_0_1_0_1_1,1,6.6666666666666675e-6,4.714045207910318e-6,0.18791946308724833,230.0
0_1_1_1_1_0_0_1_1_1_0_1_1_1_1_0_0_1_0_0_0_1_0_0_1_0_1_0_1_1_0_1_0_0_0_0_1_0_1_0_1_0_1_0_1_1,1,6.6666666666666675e-6,4.714045207910318e-6,0.18791946308724833,325.0
0_0_1_1_1_0_0_1_1_1_0_1_1_0_1_0_0_1_1_0_0_0_1_0_1_1_1_0_1_0_0_1_1_1_1_1_0_1_1_1_0_0_0_1_1_1,1,6.6666666666666675e-6,9.428090415820634e-6,0.18791946308724833,180.0
0_1_0_1_1_0_0_1_1_1_0_1_0_0_1_0_1_1_0_0_1_0_0_0_0_0_1_1_0_0_0_1_1_1_1_1_1_1_0_1_1_1_0_1_1_1,1,6.6666666666666675e-6,4.714045207910318e-6,0.2751677852348993,170.0
0_1_1_1_1_0_0_1_1_1_0_1_1_0_1_0_0_1_0_0_0_1_0_0_1_0_1_0_1_0_0_1_0_0_1_0_1_0_1_0_1_0_1_0_1_1,1,6.6666666666666675e-6,4.714045207910318e-6,0.20134228187919462,160.0
1_0_1_0_0_1_1_0_0_0_1_0_0_1_0_1_1_0_1_1_1_0_1_1_0_1_0_1_0_0_1_0_1_1_1_1_0_1_0_1_0_1_0_1_0_0,1,6.6666666666666675e-6,4.714045207910318e-6,0.2214765100671141,205.0
1_1_1_1_1_0_0_1_1_1_1_1_1_1_1_0_0_1_0_1_1_1_0_0_1_0_1_1_1_1_1_1_0_0_1_0_1_0_1_0_1_0_1_0_1_1,1,6.6666666666666675e-6,4.714045207910318e-6,0.20134228187919462,265.0
1_0_0_1_1_0_0_1_1_1_1_1_1_0_1_1_0_1_1_0_0_1_1_0_0_0_1_0_0_0_1_1_0_0_0_0_0_0_0_0_0_1_1_0_0_0,1,6.6666666666666675e-6,4.714045207910318e-6,0.20134228187919462,235.0
1_0_1_1_1_0_0_1_1_1_1_0_1_1_1_0_0_1_1_0_1_1_1_0_0_1_0_1_0_0_1_1_0_0_0_0_0_0_0_0_0_1_1_0_1_1,1,6.6666666666666675e-6,4.714045207910318e-6,0.2080536912751678,250.0
0_1_0_1_1_0_0_1_1_1_0_1_1_0_1_0_0_1_0_0_0_1_0_0_1_0_0_0_1_0_0_1_0_0_0_0_1_0_1_0_1_0_1_0_1_1,1,6.6666666666666675e-6,4.714045207910318e-6,0.2214765100671141,200.0
0_0_0_0_0_1_1_0_0_0_0_1_0_0_0_1_1_0_0_0_0_0_0_1_0_1_1_0_0_0_0_0_1_1_0_1_1_1_0_1_0_1_0_1_0_0,1,6.6666666666666675e-6,4.714045207910318e-6,0.24161073825503357,305.0
0_1_0_1_1_0_0_1_1_1_0_1_0_0_1_1_1_1_0_0_1_0_0_0_0_0_1_1_0_0_0_1_1_1_0_1_1_1_0_1_1_1_0_1_0_0,1,6.6666666666666675e-6,4.714045207910318e-6,0.2348993288590604,165.0
1_0_0_1_1_0_0_1_1_1_1_1_0_0_1_1_1_1_1_1_0_0_1_0_1_0_1_0_1_1_1_1_1_1_1_1_1_1_1_1_0_0_0_0_0_0,1,6.6666666666666675e-6,4.714045207910318e-6,0.19463087248322147,170.0
1_1_1_0_0_1_1_0_0_0_1_0_0_1_0_1_1_0_0_1_0_0_0_1_1_1_0_0_1_1_1_0_1_1_1_1_1_1_1_1_1_0_0_0_0_0,1,6.6666666666666675e-6,4.714045207910318e-6,0.18120805369127516,220.0
1_1_1_0_0_1_1_0_0_0_1_0_0_1_0_1_0_0_0_1_1_1_0_1_0_1_0_1_0_1_1_0_0_0_0_0_1_0_0_0_1_1_1_1_1_1,1,6.6666666666666675e-6,4.714045207910318e-6,0.18791946308724833,195.0
1_0_0_0_0_1_1_0_0_0_1_0_0_0_0_1_1_0_1_0_1_0_1_1_0_1_1_1_0_0_1_0_1_1_1_1_0_1_0_1_0_1_0_1_0_0,1,6.6666666666666675e-6,9.428090415820634e-6,0.18791946308724833,240.0
1_0_0_0_0_1_1_0_0_0_1_1_0_0_0_1_1_0_1_1_1_0_1_1_0_0_1_1_0_1_1_0_1_1_0_1_1_1_0_1_0_1_0_1_0_0,1,6.6666666666666675e-6,9.428090415820634e-6,0.26174496644295303,220.0
1_0_0_0_0_1_1_0_0_0_1_0_0_1_0_1_1_0_1_1_0_1_1_1_0_1_1_0_0_1_1_0_0_0_0_0_0_0_0_0_0_1_1_0_0_0,1,6.6666666666666675e-6,4.714045207910318e-6,0.1476510067114094,195.0
0_0_0_1_1_0_0_1_1_1_0_1_1_0_1_0_1_1_1_0_0_1_1_0_0_0_1_0_0_0_0_1_0_0_0_0_0_0_0_0_0_1_1_0_0_0,1,6.6666666666666675e-6,9.428090415820634e-6,0.18120805369127516,190.0
1_0_1_0_0_1_1_0_0_0_1_0_0_1_0_1_1_0_1_1_1_0_1_1_0_1_1_1_0_1_1_0_1_1_0_1_0_1_0_1_0_1_0_1_0_0,1,6.6666666666666675e-6,9.428090415820634e-6,0.2214765100671141,260.0
0_1_1_0_0_1_1_0_0_0_0_0_1_1_0_0_0_0_0_0_0_1_0_1_1_1_0_0_1_0_0_0_0_0_0_0_0_0_1_0_1_0_1_0_1_1,1,6.6666666666666675e-6,4.714045207910318e-6,0.2483221476510067,210.0
0_0_1_0_0_1_1_0_0_0_0_1_1_1_0_0_0_0_1_0_0_1_1_1_1_1_1_0_1_1_0_0_0_0_1_0_0_0_1_0_0_0_1_0_1_1,1,6.6666666666666675e-6,4.714045207910318e-6,0.2550335570469799,260.0
0_0_1_1_1_0_0_1_1_1_0_1_1_0_1_0_1_1_0_0_0_0_0_0_1_0_1_0_1_1_0_1_1_1_1_1_1_1_1_1_0_0_0_0_0_0,1,6.6666666666666675e-6,4.714045207910318e-6,0.15436241610738255,270.0
0_0_0_0_0_1_1_0_0_0_0_1_0_0_0_1_1_0_1_1_0_0_1_1_1_0_1_0_1_1_0_0_1_1_1_1_1_1_1_1_0_0_0_1_0_0,1,6.6666666666666675e-6,4.714045207910318e-6,0.2080536912751678,195.0
1_1_1_1_1_0_0_1_1_1_1_1_1_1_1_0_0_1_1_1_1_1_1_0_1_0_0_1_1_1_1_1_0_0_1_0_1_0_1_0_1_0_1_0_1_1,1,6.6666666666666675e-6,9.428090415820634e-6,0.21476510067114093,225.0
0_1_0_0_0_1_1_0_0_0_0_1_0_0_0_1_1_0_0_1_0_1_0_1_0_0_1_0_0_0_0_0_0_0_0_0_1_0_0_0_1_1_1_1_0_0,1,6.6666666666666675e-6,4.714045207910318e-6,0.19463087248322147,225.0
1_1_0_1_1_0_0_1_1_1_1_1_1_0_1_0_0_1_0_0_1_1_0_0_1_0_1_1_1_0_1_1_0_0_1_0_1_0_1_0_1_0_1_0_1_1,1,6.6666666666666675e-6,4.714045207910318e-6,0.2348993288590604,335.0
0_0_1_0_0_1_1_0_0_0_0_1_0_1_0_1_1_0_0_1_0_1_0_1_0_1_1_0_0_1_0_0_0_0_0_0_1_0_0_0_0_1_1_0_0_0,1,6.6666666666666675e-6,9.428090415820634e-6,0.19463087248322147,295.0
0_1_0_1_1_0_0_1_1_1_0_1_0_0_1_1_1_1_0_1_1_0_0_0_0_0_1_1_0_0_0_1_1_1_0_1_1_1_0_1_1_1_0_1_0_0,1,6.6666666666666675e-6,9.428090415820634e-6,0.24161073825503357,195.0
0_0_0_1_1_0_0_1_1_1_0_1_1_0_1_0_0_1_1_0_0_1_1_0_1_0_1_0_1_1_0_1_0_0_0_0_1_0_1_0_0_0_1_0_1_1,1,6.6666666666666675e-6,9.428090415820634e-6,0.2214765100671141,180.0
0_0_1_1_1_0_0_1_1_1_0_1_1_0_1_0_1_1_1_0_0_0_1_0_1_1_1_0_1_0_0_1_1_1_1_1_0_1_1_1_0_0_0_0_0_0,1,6.6666666666666675e-6,9.428090415820634e-6,0.2214765100671141,205.0
1_0_1_1_1_0_0_1_1_1_1_0_1_1_1_1_0_1_1_0_0_1_1_0_1_1_0_0_1_1_1_1_0_0_1_0_0_0_1_0_0_0_1_0_0_0,1,6.6666666666666675e-6,9.428090415820634e-6,0.2953020134228188,215.0
0_1_0_0_0_1_1_0_0_0_0_1_0_0_0_1_1_0_0_0_0_0_0_1_0_1_1_0_0_1_0_0_1_1_0_1_1_1_0_1_1_1_0_1_0_0,1,6.6666666666666675e-6,9.428090415820634e-6,0.24161073825503357,235.0
0_1_1_0_0_1_1_0_0_0_0_0_0_1_0_1_1_0_0_1_0_1_0_1_0_1_0_0_0_1_0_0_0_0_0_0_1_0_0_0_1_1_1_1_0_0,1,6.6666666666666675e-6,4.714045207910318e-6,0.174496644295302,235.0
1_1_1_1_1_0_0_1_1_1_1_1_1_1_1_0_0_1_1_1_1_1_1_0_1_0_1_1_1_1_1_1_0_0_1_0_1_0_1_0_1_0_1_0_1_1,1,6.6666666666666675e-6,9.428090415820634e-6,0.2080536912751678,155.0
0_1_0_0_0_1_1_0_0_0_0_0_0_1_0_1_1_0_0_1_0_1_0_1_0_1_0_0_0_1_0_0_0_0_0_0_1_0_0_0_1_1_1_0_0_0,1,6.6666666666666675e-6,4.714045207910318e-6,0.1610738255033557,130.0
0_1_1_0_0_1_1_0_0_0_0_1_0_1_0_1_1_0_0_1_0_0_0_1_1_1_1_0_1_0_0_0_1_1_1_1_1_1_1_1_1_0_0_1_0_0,1,6.6666666666666675e-6,4.714045207910318e-6,0.18791946308724833,120.0
1_1_1_0_0_1_1_0_0_0_1_0_1_1_0_0_0_0_1_0_1_0_1_1_1_1_0_1_1_0_1_0_1_1_1_1_0_1_1_1_1_0_0_0_1_1,1,6.6666666666666675e-6,4.714045207910318e-6,0.19463087248322147,120.0
0_1_0_0_0_1_1_0_0_0_0_1_0_0_0_1_1_0_0_1_0_0_0_1_1_0_1_0_1_0_0_0_1_1_1_1_1_1_1_1_1_0_0_0_0_0,1,6.6666666666666675e-6,4.714045207910318e-6,0.18791946308724833,255.0
0_1_0_1_1_0_0_1_1_1_0_1_1_0_1_0_1_1_0_0_0_1_0_0_0_0_0_0_0_1_0_1_0_0_0_0_1_0_0_0_1_1_1_0_0_0,1,6.6666666666666675e-6,4.714045207910318e-6,0.1610738255033557,225.0
0_1_0_1_1_0_0_1_1_1_0_1_0_0_1_1_1_1_0_1_0_0_0_0_1_0_1_0_1_1_0_1_1_1_1_1_1_1_1_1_1_0_0_0_0_0,1,6.6666666666666675e-6,4.714045207910318e-6,0.18120805369127516,180.0
1_0_1_0_0_1_1_0_0_0_1_1_1_1_0_0_0_0_1_1_0_1_1_1_1_1_1_0_1_0_1_0_0_0_1_0_0_0_1_0_0_0_1_0_1_1,1,6.6666666666666675e-6,4.714045207910318e-6,0.2550335570469799,130.0
1_0_0_0_0_1_1_0_0_0_1_1_0_0_0_1_1_0_1_0_1_0_1_1_0_0_1_1_0_1_1_0_1_1_1_1_1_1_0_1_0_1_0_1_0_0,1,6.6666666666666675e-6,4.714045207910318e-6,0.2550335570469799,150.0
1_0_1_1_1_0_0_1_1_1_1_1_1_1_1_0_0_1_1_0_0_1_1_0_1_1_1_0_1_1_1_1_0_0_0_0_0_0_1_0_0_0_1_0_1_1,1,6.6666666666666675e-6,4.714045207910318e-6,0.2550335570469799,175.0
1_1_0_1_1_0_0_1_1_1_1_1_0_0_1_1_1_1_0_1_1_0_0_0_0_0_1_1_0_1_1_1_1_1_0_1_1_1_0_1_1_1_0_1_0_0,1,6.6666666666666675e-6,4.714045207910318e-6,0.2483221476510067,270.0
0_1_1_1_1_0_0_0_1_1_0_0_1_0_1_0_0_1_0_0_1_0_0_0_1_1_0_1_1_0_0_1_1_1_1_1_0_1_1_1_1_0_0_1_1_1,1,6.6666666666666675e-6,4.714045207910318e-6,0.24161073825503357,340.0
1_1_0_0_0_1_1_0_0_0_1_0_0_0_0_1_1_0_1_1_1_0_1_1_0_1_0_1_0_1_1_0_1_1_1_1_1_1_0_1_1_1_0_1_0_0,1,6.6666666666666675e-6,4.714045207910318e-6,0.2214765100671141,185.0
0_0_1_0_0_1_1_0_0_0_0_0_1_1_0_0_0_0_1_1_0_1_1_1_1_1_0_0_1_0_0_0_0_0_0_0_0_0_1_0_0_0_1_0_1_1,1,6.6666666666666675e-6,4.714045207910318e-6,0.24161073825503357,255.0
0_1_0_0_0_1_1_0_0_0_0_1_0_0_0_1_1_0_0_0_1_0_0_1_0_0_1_1_0_0_0_0_1_1_0_1_1_1_0_1_1_1_0_1_0_0,1,6.6666666666666675e-6,4.714045207910318e-6,0.2483221476510067,185.0
0_1_0_1_1_0_0_1_1_1_0_1_0_0_1_0_1_1_0_1_1_0_0_0_0_0_1_1_0_1_0_1_1_1_0_1_1_1_0_1_1_1_0_1_1_1,1,6.6666666666666675e-6,9.428090415820634e-6,0.28859060402684567,190.0
1_1_1_1_1_0_0_1_1_1_1_0_1_0_1_0_0_1_0_0_1_1_0_0_0_0_0_1_0_0_1_1_0_0_0_0_0_0_0_0_1_1_1_0_1_1,1,6.6666666666666675e-6,4.714045207910318e-6,0.18120805369127516,185.0
1_0_1_1_1_0_0_1_1_1_1_1_1_0_1_0_0_1_1_0_1_0_1_0_1_0_1_1_1_1_1_1_1_1_1_1_1_1_1_1_0_0_0_0_1_1,1,6.6666666666666675e-6,4.714045207910318e-6,0.1342281879194631,230.0
1_1_1_1_1_0_0_1_1_1_1_1_1_1_1_0_0_1_0_0_1_1_0_0_1_0_0_1_1_0_1_1_0_0_1_0_1_0_1_0_1_0_1_0_1_1,1,6.6666666666666675e-6,4.714045207910318e-6,0.2080536912751678,360.0
0_0_0_1_1_0_0_1_1_1_0_1_1_0_1_0_1_1_1_0_0_0_1_0_1_0_1_0_1_0_0_1_1_1_1_1_0_1_1_1_0_0_0_0_0_0,1,6.6666666666666675e-6,4.714045207910318e-6,0.18791946308724833,190.0
1_0_1_1_1_0_0_1_1_1_1_1_1_0_1_0_0_1_1_0_1_1_1_0_0_0_1_1_0_0_1_1_0_0_0_0_0_0_0_0_0_1_1_0_1_1,1,6.6666666666666675e-6,9.428090415820634e-6,0.16778523489932887,200.0
0_1_0_0_0_1_1_0_0_0_0_0_0_1_0_1_1_0_0_1_0_1_0_1_0_1_0_0_0_1_0_0_0_0_0_0_1_0_0_0_1_1_1_1_0_0,1,6.6666666666666675e-6,9.428090415820634e-6,0.1610738255033557,125.0
1_1_0_0_0_1_1_0_0_0_1_0_0_1_0_1_1_0_1_1_0_1_1_1_0_1_0_0_0_1_1_0_0_0_0_0_1_0_0_0_1_1_1_0_0_0,1,6.6666666666666675e-6,4.714045207910318e-6,0.18120805369127516,335.0
1_0_1_1_1_0_0_1_1_1_1_0_1_1_1_0_0_1_1_1_1_1_1_0_1_0_0_1_1_1_1_1_0_0_1_0_0_0_1_0_0_0_1_0_1_1,1,6.6666666666666675e-6,9.428090415820634e-6,0.2348993288590604,210.0
1_0_1_0_0_1_1_0_0_0_1_0_0_1_0_1_0_0_1_1_1_0_1_1_1_1_1_1_1_0_1_0_1_1_1_1_0_1_1_1_0_0_0_1_1_1,1,6.6666666666666675e-6,4.714045207910318e-6,0.1610738255033557,220.0
1_1_0_1_1_0_0_1_1_1_1_0_1_0_1_0_0_1_1_0_1_0_1_0_1_0_0_1_1_0_1_1_1_1_1_1_0_1_1_1_1_0_0_0_1_1,1,6.6666666666666675e-6,4.714045207910318e-6,0.19463087248322147,265.0
0_0_1_0_0_1_1_0_0_0_0_0_1_1_0_0_0_0_0_0_0_1_0_1_1_1_0_0_1_0_0_0_0_0_1_0_0_0_1_0_0_0_1_0_1_1,1,6.6666666666666675e-6,4.714045207910318e-6,0.2550335570469799,230.0
1_1_0_0_0_1_1_0_0_0_1_0_0_1_0_1_0_0_1_1_1_0_1_1_1_0_0_1_1_1_1_0_1_1_1_1_1_1_1_1_1_0_0_1_1_1,1,6.6666666666666675e-6,4.714045207910318e-6,0.2214765100671141,250.0
1_0_1_1_1_0_0_0_1_1_1_0_1_0_1_0_0_1_1_0_1_1_1_0_0_1_0_1_0_1_1_1_0_0_0_0_0_0_0_0_0_1_1_1_1_1,1,6.6666666666666675e-6,4.714045207910318e-6,0.21476510067114093,255.0
0_0_1_1_1_0_0_1_1_1_0_1_1_1_1_0_1_1_0_0_0_1_0_0_0_1_1_0_0_0_0_1_0_0_0_0_0_0_0_0_0_1_1_0_0_0,1,6.6666666666666675e-6,4.714045207910318e-6,0.20134228187919462,170.0
1_0_0_1_1_0_0_1_1_1_1_1_0_0_1_1_1_1_1_1_1_0_1_0_0_0_1_1_0_1_1_1_1_1_0_1_1_1_0_1_0_1_0_1_0_0,1,6.6666666666666675e-6,4.714045207910318e-6,0.2483221476510067,160.0
0_0_0_0_0_1_1_0_0_0_0_0_1_0_1_0_0_0_1_0_0_0_1_1_1_1_0_0_1_1_0_0_1_1_1_1_0_1_1_1_0_0_0_0_1_1,0,6.6666666666666675e-6,4.714045207910318e-6,0.14093959731543623,1001.0
0_1_0_0_0_1_1_0_0_0_0_1_0_0_0_1_1_0_0_1_0_1_0_1_0_0_1_0_0_1_0_0_0_0_0_0_1_0_0_0_1_1_1_1_0_0,1,6.6666666666666675e-6,4.714045207910318e-6,0.20134228187919462,140.0
0_0_0_0_0_1_1_0_0_0_0_0_0_0_0_1_1_0_1_0_0_0_1_1_0_1_1_0_0_0_0_0_1_1_0_1_0_1_0_1_0_1_0_1_0_0,1,6.6666666666666675e-6,4.714045207910318e-6,0.2080536912751678,145.0
1_1_1_1_1_0_0_1_1_1_1_0_1_1_1_0_0_1_1_0_1_0_1_0_1_1_0_1_1_0_1_1_1_1_1_1_0_1_1_1_1_0_0_1_1_1,1,6.6666666666666675e-6,4.714045207910318e-6,0.2080536912751678,170.0
1_1_1_1_1_0_0_1_1_1_1_1_0_1_1_1_1_1_0_1_1_0_0_0_1_0_1_1_1_0_1_1_1_1_1_1_1_1_1_1_1_0_0_0_0_0,0,6.6666666666666675e-6,4.714045207910318e-6,0.1342281879194631,1001.0
0_0_0_0_0_1_1_0_0_0_0_0_0_0_0_1_1_0_1_0_0_0_1_1_0_1_0_0_0_0_0_0_1_1_0_1_0_1_0_1_0_1_0_1_0_0,1,6.6666666666666675e-6,4.714045207910318e-6,0.20134228187919462,210.0
1_1_1_1_1_0_0_1_1_1_1_1_1_0_1_0_0_1_1_0_1_1_1_0_0_0_0_1_0_1_1_1_0_0_0_0_1_0_0_0_1_1_1_1_1_1,1,6.6666666666666675e-6,4.714045207910318e-6,0.14093959731543623,220.0
0_1_1_1_1_0_0_1_1_1_0_0_1_1_1_0_0_1_0_1_0_1_0_0_1_1_0_0_1_0_0_1_0_0_0_0_0_0_1_0_1_0_1_0_1_1,1,6.6666666666666675e-6,4.714045207910318e-6,0.2550335570469799,190.0
1_1_1_0_0_1_1_0_0_0_1_0_0_1_0_1_1_0_1_1_1_0_1_1_0_1_0_1_0_0_1_0_1_1_1_1_0_1_0_1_1_1_0_1_0_0,1,6.6666666666666675e-6,4.714045207910318e-6,0.22818791946308725,100.0
0_0_0_0_0_1_1_1_0_0_0_1_0_1_0_1_1_0_0_1_0_1_0_1_0_0_1_0_0_0_0_0_0_0_0_0_1_0_0_0_0_1_1_0_0_0,1,6.6666666666666675e-6,9.428090415820634e-6,0.22818791946308725,235.0
0_1_0_0_0_1_1_0_0_0_0_1_0_0_0_1_1_0_0_0_1_0_0_1_0_0_1_1_0_1_0_0_1_1_0_1_1_1_0_1_1_1_0_1_0_0,1,6.6666666666666675e-6,9.428090415820634e-6,0.2550335570469799,150.0
1_0_1_1_1_0_0_1_1_1_1_1_1_0_1_1_0_1_1_0_0_1_1_0_0_1_1_0_0_1_1_1_0_0_0_0_0_0_0_0_0_1_1_0_0_0,1,6.6666666666666675e-6,9.428090415820634e-6,0.22818791946308725,230.0
0_1_0_0_0_1_1_0_0_0_0_0_0_1_0_1_1_0_0_1_0_0_0_1_1_1_0_0_1_0_0_0_1_1_1_1_0_1_1_1_1_0_0_1_0_0,1,6.6666666666666675e-6,9.428090415820634e-6,0.14093959731543623,205.0
0_0_0_0_0_1_1_0_0_0_0_0_1_0_0_0_0_0_1_0_0_0_1_1_1_1_0_0_1_1_0_0_1_1_1_1_0_1_1_1_0_0_0_1_1_1,0,6.6666666666666675e-6,9.428090415820634e-6,0.14093959731543623,1001.0
0_0_1_0_0_1_1_0_0_0_0_0_0_1_0_1_1_0_1_1_0_0_1_1_1_1_1_0_1_0_0_0_1_1_1_1_0_1_1_1_0_0_0_1_0_0,1,6.6666666666666675e-6,9.428090415820634e-6,0.1610738255033557,340.0
1_1_0_0_0_1_1_0_0_0_1_1_0_0_0_1_1_0_0_1_0_0_0_1_1_0_1_0_1_1_1_0_1_1_1_1_1_1_1_1_1_0_0_0_0_0,1,6.6666666666666675e-6,9.428090415820634e-6,0.2080536912751678,240.0
0_1_0_0_0_1_1_0_0_0_0_0_0_1_0_1_1_0_0_1_1_1_0_1_0_0_0_1_0_0_0_0_0_0_0_0_1_0_0_0_1_1_1_0_0_0,1,6.6666666666666675e-6,9.428090415820634e-6,0.18120805369127516,145.0
1_1_1_1_1_0_0_1_1_1_1_0_1_1_1_0_0_1_0_0_1_0_0_0_1_1_0_1_1_0_1_1_1_1_1_1_0_1_1_1_1_0_0_0_1_1,1,6.6666666666666675e-6,9.428090415820634e-6,0.20134228187919462,155.0
0_1_0_0_0_1_1_0_0_0_0_0_0_1_0_1_1_0_0_1_1_0_0_1_1_0_0_1_1_1_0_0_1_1_1_1_1_1_1_1_1_0_0_1_0_0,1,6.6666666666666675e-6,9.428090415820634e-6,0.19463087248322147,255.0
1_0_0_0_0_1_1_0_0_0_1_1_0_0_0_1_1_0_1_1_0_1_1_1_0_0_1_0_0_1_1_0_0_0_0_0_1_0_0_0_0_1_1_0_0_0,1,6.6666666666666675e-6,9.428090415820634e-6,0.21476510067114093,265.0
1_1_1_1_1_0_0_1_1_1_1_1_0_1_1_1_1_1_0_1_1_0_0_0_1_0_1_1_1_0_1_1_1_1_1_1_1_1_1_1_1_0_0_1_0_0,0,6.6666666666666675e-6,9.428090415820634e-6,0.1476510067114094,1001.0
0_0_1_0_0_1_1_0_0_0_0_1_1_1_0_0_0_0_1_1_0_1_1_1_1_1_1_0_1_0_0_0_0_0_1_0_0_0_1_0_0_0_1_0_1_1,1,6.6666666666666675e-6,9.428090415820634e-6,0.2550335570469799,220.0
1_1_1_0_0_1_1_0_0_0_1_0_0_1_0_1_0_0_0_1_1_0_0_1_1_1_0_1_1_1_1_0_1_1_1_1_1_1_1_1_1_0_0_1_1_1,1,6.6666666666666675e-6,9.428090415820634e-6,0.18120805369127516,210.0
1_1_1_1_1_0_0_0_1_1_1_0_1_0_1_0_0_1_0_0_1_1_0_0_0_1_0_1_0_0_1_1_0_0_0_0_0_0_0_0_1_1_1_1_1_1,1,6.6666666666666675e-6,9.428090415820634e-6,0.2214765100671141,290.0
0_0_1_0_0_1_1_0_0_0_0_0_1_1_0_0_0_0_1_1_0_1_1_1_1_1_0_0_1_0_0_0_0_0_1_0_0_0_1_0_0_0_1_0_1_1,1,6.6666666666666675e-6,9.428090415820634e-6,0.24161073825503357,215.0
0_1_1_0_0_1_1_0_0_0_0_0_1_1_0_0_0_0_0_0_1_0_0_1_1_1_0_1_1_0_0_0_1_1_1_1_0_1_1_1_1_0_0_1_1_1,1,6.6666666666666675e-6,9.428090415820634e-6,0.20134228187919462,285.0
0_0_1_1_1_0_0_1_1_1_0_1_1_1_1_0_0_1_1_1_0_1_1_0_1_0_1_0_1_0_0_1_0_0_0_0_0_0_1_0_0_0_1_0_1_1,1,6.6666666666666675e-6,9.428090415820634e-6,0.2080536912751678,235.0
1_1_1_1_1_0_0_1_1_1_1_1_1_1_1_0_0_1_1_1_1_1_1_0_1_0_1_1_1_1_1_1_0_0_0_0_1_0_1_0_1_0_1_0_1_1,1,6.6666666666666675e-6,9.428090415820634e-6,0.2080536912751678,180.0
0_1_0_0_0_1_1_0_0_0_0_0_0_1_0_1_1_0_0_1_0_0_0_1_1_1_0_0_1_0_0_0_1_1_1_1_1_1_1_1_1_0_0_0_0_0,1,6.6666666666666675e-6,9.428090415820634e-6,0.1476510067114094,315.0
1_1_0_1_1_0_0_1_1_1_1_0_1_0_1_0_0_1_1_0_1_0_1_0_1_0_0_1_1_0_1_1_1_1_1_1_0_1_1_1_1_0_0_1_1_1,1,6.6666666666666675e-6,9.428090415820634e-6,0.19463087248322147,210.0
1_0_1_1_1_0_0_1_1_1_1_0_1_1_1_0_0_1_1_0_1_0_1_0_1_1_0_1_1_1_1_1_1_1_1_1_0_1_1_1_0_0_0_1_1_1,1,6.6666666666666675e-6,9.428090415820634e-6,0.19463087248322147,150.0
1_0_1_1_1_0_0_1_1_1_1_0_1_1_1_0_0_1_1_0_1_1_1_0_0_1_0_1_0_1_1_1_0_0_0_0_0_0_0_0_0_1_1_1_1_1,1,6.6666666666666675e-6,9.428090415820634e-6,0.18791946308724833,190.0
1_1_0_0_0_1_1_0_0_0_1_0_0_1_0_1_1_0_1_1_1_0_1_1_0_1_0_1_0_1_1_0_1_1_1_1_1_1_0_1_1_1_0_1_0_0,1,6.6666666666666675e-6,9.428090415820634e-6,0.24161073825503357,190.0
1_0_1_0_0_1_1_0_0_0_1_0_1_1_0_0_0_0_1_0_1_0_1_1_1_1_0_1_1_0_1_0_1_1_1_1_0_1_1_1_0_0_0_1_1_1,1,3.3333333333333337e-6,4.714045207910317e-6,0.18791946308724833,130.0
0_1_1_1_1_0_0_1_1_1_0_1_1_0_1_0_0_1_0_0_1_1_0_0_0_0_0_1_0_1_0_1_0_0_0_0_1_0_0_0_1_1_1_1_1_1,1,3.3333333333333337e-6,4.714045207910317e-6,0.1476510067114094,130.0
0_1_0_0_0_1_1_0_0_0_0_0_0_0_0_1_1_0_0_0_0_0_0_1_0_1_0_0_0_1_0_0_1_1_1_1_1_1_0_1_1_1_0_1_0_0,1,3.3333333333333337e-6,4.714045207910317e-6,0.22818791946308725,150.0
1_1_0_1_1_0_0_1_1_1_1_0_1_0_1_0_0_1_1_0_1_1_1_0_0_0_0_1_0_0_1_1_0_0_0_0_0_0_0_0_1_1_1_0_1_1,1,3.3333333333333337e-6,4.714045207910317e-6,0.20134228187919462,100.0
0_1_0_0_0_1_1_0_0_0_0_0_0_0_0_0_1_0_0_1_1_0_0_1_0_1_0_1_0_0_0_0_1_1_0_1_1_1_0_1_1_1_0_1_1_1,1,3.3333333333333337e-6,4.714045207910317e-6,0.2483221476510067,210.0
0_0_1_0_0_1_1_0_0_0_0_1_1_1_0_0_0_0_0_1_0_1_0_1_1_1_1_0_1_0_0_0_0_0_0_0_0_0_1_0_0_0_1_0_1_1,1,3.3333333333333337e-6,4.714045207910317e-6,0.26174496644295303,120.0
0_1_1_0_0_1_1_0_0_0_0_0_0_1_0_0_1_0_0_1_1_1_0_1_0_1_0_1_0_1_0_0_0_0_0_0_1_0_0_0_1_1_1_1_1_1,1,3.3333333333333337e-6,4.714045207910317e-6,0.19463087248322147,130.0
0_1_0_1_1_0_0_1_1_1_0_1_1_0_1_0_0_1_0_0_1_0_0_0_1_0_0_1_1_1_0_1_1_1_1_1_1_1_1_1_1_0_0_1_1_1,1,3.3333333333333337e-6,4.714045207910317e-6,0.16778523489932887,110.0
0_1_0_1_1_0_0_1_1_1_0_1_1_0_1_0_0_1_0_0_0_1_0_0_1_0_1_0_1_0_0_1_0_0_0_0_1_0_1_0_1_0_1_0_1_1,1,3.3333333333333337e-6,4.714045207910317e-6,0.21476510067114093,390.0
0_1_1_0_0_1_1_0_0_0_0_1_0_1_0_1_1_0_0_1_0_0_0_1_1_1_1_0_1_1_0_0_1_1_1_1_1_1_1_1_1_0_0_0_0_0,1,3.3333333333333337e-6,4.714045207910317e-6,0.18120805369127516,260.0
0_0_1_1_1_0_0_1_1_1_0_1_1_0_1_0_0_1_0_0_0_0_0_0_1_1_1_0_1_0_0_1_1_1_1_1_0_1_1_1_0_0_0_1_1_1,1,3.3333333333333337e-6,4.714045207910317e-6,0.19463087248322147,210.0
0_1_1_0_0_1_1_0_0_0_0_0_0_1_0_1_1_0_0_1_0_1_0_1_0_1_0_0_0_1_0_0_0_0_0_0_1_0_0_0_1_1_1_0_0_0,1,3.3333333333333337e-6,4.714045207910317e-6,0.174496644295302,240.0
0_0_1_1_1_0_0_1_1_1_0_1_1_1_1_0_0_1_1_1_0_1_1_0_1_0_1_0_1_0_0_1_0_0_1_0_0_0_1_0_0_0_1_0_1_1,1,3.3333333333333337e-6,4.714045207910317e-6,0.2080536912751678,180.0
0_0_0_0_0_1_1_0_0_0_0_0_0_0_0_0_0_1_1_1_0_0_1_1_1_1_1_0_1_1_0_0_1_1_1_1_0_1_1_1_0_0_0_1_1_1,0,3.3333333333333337e-6,4.714045207910317e-6,0.087248322147651,1001.0
1_1_0_0_0_1_1_1_0_0_1_1_0_1_0_1_1_0_0_1_1_0_0_1_0_0_1_1_0_1_1_0_1_1_1_1_1_1_0_1_1_1_0_1_0_0,1,3.3333333333333337e-6,4.714045207910317e-6,0.28859060402684567,130.0
1_0_0_1_1_0_0_1_1_1_1_1_1_0_1_0_0_1_1_0_1_0_1_0_1_0_1_1_1_1_1_1_1_1_1_1_0_1_1_1_0_0_0_0_1_1,1,3.3333333333333337e-6,4.714045207910317e-6,0.16778523489932887,160.0
0_1_0_1_1_0_0_1_1_1_0_1_0_0_0_0_0_1_0_0_0_1_0_1_0_0_1_0_0_0_0_1_0_0_0_0_1_0_0_0_1_1_1_1_1_1,0,3.3333333333333337e-6,4.714045207910317e-6,0.12751677852348994,1001.0
1_0_0_0_0_1_1_0_0_0_1_0_0_1_0_1_1_0_1_1_1_0_1_1_0_1_1_1_0_1_1_0_1_1_1_1_0_1_0_1_0_1_0_1_0_0,1,3.3333333333333337e-6,4.714045207910317e-6,0.2080536912751678,270.0
0_1_0_1_1_0_0_1_1_1_0_0_0_0_1_0_1_1_0_1_1_0_0_0_0_0_0_1_0_0_0_1_1_1_0_1_1_1_0_1_1_1_0_1_1_1,1,3.3333333333333337e-6,4.714045207910317e-6,0.2953020134228188,300.0
0_1_0_0_0_1_1_0_0_0_0_0_0_1_0_0_1_0_0_1_1_0_0_1_0_1_0_1_0_0_0_0_1_1_0_1_1_1_0_1_1_1_0_1_1_1,1,3.3333333333333337e-6,4.714045207910317e-6,0.2684563758389262,210.0
0_0_0_0_0_1_1_0_0_0_0_0_0_1_0_1_1_0_0_1_0_0_0_1_0_1_1_0_0_0_0_0_1_1_0_1_0_1_0_1_0_1_0_1_0_0,1,3.3333333333333337e-6,4.714045207910317e-6,0.24161073825503357,220.0
1_1_1_1_1_0_0_1_1_1_1_1_1_1_1_1_0_1_1_1_1_0_1_0_1_0_1_1_1_1_1_1_1_1_1_1_1_1_1_1_1_0_0_1_0_0,0,3.3333333333333337e-6,4.714045207910317e-6,0.11409395973154363,1001.0
1_0_1_1_1_0_0_1_1_1_1_1_1_1_1_0_0_1_1_0_1_1_1_0_1_0_1_1_1_1_1_1_0_0_1_0_0_0_1_0_0_0_1_0_1_1,1,3.3333333333333337e-6,4.714045207910317e-6,0.22818791946308725,210.0
1_1_1_1_1_0_0_1_1_1_1_0_1_1_1_0_0_1_1_1_1_1_1_0_1_1_0_1_1_0_1_1_0_0_0_0_0_0_1_0_1_0_1_0_1_1,1,3.3333333333333337e-6,4.714045207910317e-6,0.2953020134228188,190.0
0_0_1_1_1_0_0_1_1_1_0_1_1_0_1_0_0_1_0_0_0_1_0_0_1_0_1_0_1_0_0_1_0_0_1_0_1_0_1_0_0_0_1_0_1_1,1,3.3333333333333337e-6,4.714045207910317e-6,0.2080536912751678,310.0
1_1_1_0_0_1_1_0_0_0_1_0_0_1_0_1_1_0_1_1_1_0_1_1_0_1_0_1_0_1_1_0_1_1_0_1_1_1_0_1_1_1_0_1_0_0,1,3.3333333333333337e-6,4.714045207910317e-6,0.2550335570469799,160.0
0_1_1_1_1_0_0_1_1_1_0_0_1_1_1_0_0_1_0_0_1_1_0_0_0_1_0_1_0_0_0_1_0_0_0_0_0_0_0_0_1_1_1_1_1_1,1,3.3333333333333337e-6,4.714045207910317e-6,0.2080536912751678,140.0
1_0_1_1_1_0_0_1_1_1_1_1_1_1_1_0_0_1_1_1_0_1_1_0_1_1_1_0_1_0_1_1_0_0_0_0_0_0_1_0_0_0_1_0_1_1,1,3.3333333333333337e-6,4.714045207910317e-6,0.2550335570469799,330.0
0_0_0_0_0_1_1_0_0_0_0_0_0_0_0_0_0_0_0_0_0_1_0_1_0_1_0_0_0_0_0_0_0_0_0_0_0_0_0_0_0_1_1_0_1_1,0,3.3333333333333337e-6,4.714045207910317e-6,0.10067114093959731,1001.0
0_0_1_0_0_1_1_0_0_0_0_1_0_1_0_1_1_0_0_1_0_0_0_1_1_1_1_0_1_1_0_0_1_1_1_1_1_1_1_1_0_0_0_0_0_0,1,3.3333333333333337e-6,4.714045207910317e-6,0.18791946308724833,300.0
1_0_1_1_1_0_0_1_1_1_1_1_1_1_1_1_0_1_1_1_0_1_1_0_1_0_1_0_1_1_1_1_0_0_0_0_0_0_1_0_0_0_1_0_0_0,1,3.3333333333333337e-6,4.714045207910317e-6,0.24161073825503357,200.0
0_0_0_0_0_1_1_0_0_0_0_1_0_1_0_1_1_0_0_1_0_0_0_1_1_1_1_0_1_1_0_0_1_1_1_1_1_1_1_1_0_0_0_1_0_0,1,3.3333333333333337e-6,4.714045207910317e-6,0.18791946308724833,170.0
1_1_1_1_1_0_0_1_1_1_1_1_1_0_1_0_0_1_0_0_1_1_0_0_1_0_1_1_1_0_1_1_0_0_1_0_1_0_1_0_1_0_1_0_1_1,1,3.3333333333333337e-6,4.714045207910317e-6,0.2214765100671141,140.0
0_0_0_0_0_1_1_0_0_0_0_0_1_0_1_1_1_0_1_0_0_0_1_1_1_1_0_0_1_1_0_0_1_1_1_1_0_1_1_1_0_0_0_0_0_0,0,3.3333333333333337e-6,4.714045207910317e-6,0.15436241610738255,1001.0
1_0_1_0_0_1_1_0_0_0_1_1_1_1_0_1_0_0_1_1_0_1_1_1_1_1_1_0_1_0_1_0_0_0_1_0_0_0_1_0_0_0_1_0_0_0,1,3.3333333333333337e-6,4.714045207910317e-6,0.2953020134228188,210.0
1_0_0_1_1_0_0_1_1_1_1_1_1_0_1_0_0_1_1_0_1_1_1_0_0_0_1_1_0_0_1_1_0_0_0_0_0_0_0_0_0_1_1_0_1_1,1,3.3333333333333337e-6,4.714045207910317e-6,0.18120805369127516,300.0
1_1_1_1_1_0_0_1_1_1_1_0_1_1_1_0_0_1_1_1_1_0_1_0_1_1_0_1_1_0_1_1_1_1_1_1_0_1_1_1_1_0_0_0_1_1,1,3.3333333333333337e-6,4.714045207910317e-6,0.20134228187919462,230.0
1_1_1_1_1_0_0_1_1_1_1_0_1_1_1_0_0_1_1_1_1_1_1_0_1_0_0_1_1_0_1_1_0_0_1_0_0_0_1_0_1_0_1_0_1_1,1,3.3333333333333337e-6,4.714045207910317e-6,0.2483221476510067,110.0
1_1_1_1_1_0_0_1_1_1_1_1_1_1_1_0_0_1_0_1_1_0_0_1_1_0_1_1_1_0_1_1_1_1_1_1_1_1_1_1_1_0_0_0_1_1,0,3.3333333333333337e-6,4.714045207910317e-6,0.12080536912751678,1001.0
0_1_0_0_0_1_1_1_0_0_0_1_0_1_0_1_1_0_0_1_0_0_0_1_1_0_1_0_1_1_0_0_1_1_1_1_1_1_1_1_1_0_0_0_0_0,1,3.3333333333333337e-6,4.714045207910317e-6,0.2214765100671141,100.0
0_1_0_0_0_1_1_0_0_0_0_1_0_0_0_1_1_0_0_1_0_1_0_1_0_0_1_0_0_1_0_0_0_0_0_0_1_0_0_0_1_1_1_0_0_0,1,3.3333333333333337e-6,4.714045207910317e-6,0.20134228187919462,230.0
0_0_1_1_1_0_0_1_1_1_0_1_1_0_1_0_1_1_0_0_0_1_0_0_0_1_1_0_0_0_0_1_0_0_0_0_0_0_0_0_0_1_1_0_0_0,1,3.3333333333333337e-6,4.714045207910317e-6,0.2214765100671141,390.0
0_0_1_1_1_0_0_0_1_1_0_0_1_0_1_0_0_1_1_0_1_1_1_0_0_1_0_1_0_1_0_1_0_0_0_0_0_0_0_0_0_1_1_1_1_1,1,3.3333333333333337e-6,4.714045207910317e-6,0.22818791946308725,250.0
1_1_1_1_1_0_0_1_1_1_1_0_1_1_1_0_0_1_1_0_1_1_1_0_0_1_0_1_0_1_1_1_0_0_0_0_0_0_0_0_1_1_1_1_1_1,1,3.3333333333333337e-6,4.714045207910317e-6,0.19463087248322147,180.0
1_0_1_0_0_1_1_0_0_0_1_0_1_1_0_1_0_0_1_1_0_1_1_1_1_1_0_0_1_1_1_0_0_0_1_0_0_0_1_0_0_0_1_0_0_0,1,3.3333333333333337e-6,4.714045207910317e-6,0.2751677852348993,110.0
1_1_1_0_0_1_1_0_0_0_1_0_0_1_0_1_1_0_1_1_1_0_1_1_0_1_0_1_0_1_1_0_1_1_0_1_0_1_0_1_1_1_0_1_0_0,1,3.3333333333333337e-6,4.714045207910317e-6,0.2214765100671141,160.0
1_0_1_1_1_0_0_1_1_1_1_0_1_1_1_0_0_1_1_1_1_1_1_0_0_1_0_1_0_1_1_1_0_0_0_0_0_0_0_0_0_1_1_0_1_1,1,3.3333333333333337e-6,4.714045207910317e-6,0.19463087248322147,220.0
1_1_1_1_1_0_0_1_1_1_1_0_1_0_1_0_0_1_1_0_1_1_1_0_0_0_0_1_0_0_1_1_0_0_0_0_0_0_0_0_1_1_1_0_1_1,1,3.3333333333333337e-6,4.714045207910317e-6,0.18791946308724833,90.0
1_1_1_1_1_0_0_1_1_1_1_1_1_1_1_1_1_1_1_1_1_1_0_0_0_0_0_1_0_0_1_1_0_0_0_0_1_0_0_0_1_1_1_0_0_0,0,3.3333333333333337e-6,4.714045207910317e-6,0.0738255033557047,1001.0
1_0_1_0_0_1_1_0_0_0_1_0_1_1_0_1_0_0_1_1_0_1_1_1_1_1_0_0_1_0_1_0_0_0_1_0_0_0_1_0_0_0_1_0_0_0,1,3.3333333333333337e-6,4.714045207910317e-6,0.28187919463087246,150.0
0_0_0_0_0_1_1_1_0_0_0_1_0_1_0_1_1_0_1_1_0_0_1_1_1_0_1_0_1_1_0_0_1_1_1_1_1_1_1_1_0_0_0_0_0_0,1,3.3333333333333337e-6,4.714045207910317e-6,0.2214765100671141,240.0
1_0_1_1_1_0_0_1_1_1_1_1_1_1_1_0_0_1_1_0_1_1_1_0_1_0_1_1_1_1_1_1_0_0_0_0_1_0_1_0_0_0_1_0_1_1,1,3.3333333333333337e-6,4.714045207910317e-6,0.2080536912751678,230.0
0_1_1_1_1_0_0_1_1_1_0_0_1_1_1_0_0_1_0_1_1_1_0_0_0_1_0_1_0_0_0_1_0_0_0_0_0_0_0_0_1_1_1_1_1_1,1,3.3333333333333337e-6,4.714045207910317e-6,0.20134228187919462,210.0
1_0_1_1_1_0_0_1_1_1_1_1_1_1_1_0_0_1_1_1_0_1_1_0_1_0_1_0_1_0_1_1_0_0_1_0_0_0_1_0_0_0_1_0_1_1,1,3.3333333333333337e-6,4.714045207910317e-6,0.2080536912751678,90.0
1_0_1_1_1_0_0_1_1_1_1_1_1_1_1_0_0_1_1_0_0_1_1_0_1_0_1_0_1_1_1_1_0_0_1_0_1_0_1_0_0_0_1_0_1_1,1,3.3333333333333337e-6,4.714045207910317e-6,0.18791946308724833,220.0
1_1_0_1_1_0_0_1_1_1_1_0_1_0_1_0_0_1_0_0_1_1_0_0_0_0_0_1_0_0_1_1_0_0_0_0_0_0_0_0_1_1_1_1_1_1,1,3.3333333333333337e-6,4.714045207910317e-6,0.18120805369127516,180.0
0_0_0_1_1_0_0_1_1_1_0_1_0_0_1_1_1_1_0_1_0_1_0_0_0_0_1_0_0_1_0_1_0_0_0_0_1_0_0_0_0_1_1_1_0_0,1,3.3333333333333337e-6,4.714045207910317e-6,0.19463087248322147,240.0
0_1_0_0_0_1_1_0_0_0_0_0_0_0_0_1_1_0_0_0_1_0_0_1_0_1_0_1_0_0_0_0_1_1_0_1_1_1_0_1_1_1_0_1_0_0,1,3.3333333333333337e-6,4.714045207910317e-6,0.20134228187919462,230.0
0_0_1_0_0_1_1_0_0_0_0_0_0_1_0_1_1_0_1_1_0_0_1_1_1_1_0_0_1_0_0_0_1_1_1_1_0_1_1_1_0_0_0_1_0_0,1,3.3333333333333337e-6,4.714045207910317e-6,0.15436241610738255,220.0
1_1_1_1_1_0_0_1_1_1_1_1_1_1_0_1_1_1_0_1_1_0_0_0_1_0_1_1_1_0_1_1_1_1_1_1_1_1_1_1_1_0_0_0_0_0,0,3.3333333333333337e-6,4.714045207910317e-6,0.087248322147651,1001.0
0_0_0_1_1_0_0_1_1_1_0_1_1_0_1_0_0_1_1_0_1_1_1_0_0_0_1_1_0_0_0_1_0_0_0_0_0_0_0_0_0_1_1_1_1_1,1,3.3333333333333337e-6,4.714045207910317e-6,0.18120805369127516,240.0
1_0_1_1_1_0_0_0_1_1_1_0_1_0_1_0_0_1_1_0_1_0_1_0_1_1_0_1_1_1_1_1_1_1_1_1_0_1_1_1_0_0_0_1_1_1,1,3.3333333333333337e-6,4.714045207910317e-6,0.2214765100671141,90.0
1_0_1_1_1_0_0_1_1_1_1_0_1_1_1_0_0_1_1_1_1_1_1_0_1_1_0_1_1_0_1_1_0_0_1_0_0_0_1_0_0_0_1_0_1_1,1,3.3333333333333337e-6,4.714045207910317e-6,0.28859060402684567,160.0
1_0_1_1_1_0_0_1_1_1_1_1_1_1_1_0_0_1_1_1_0_1_1_0_1_1_1_0_1_0_1_1_0_0_1_0_0_0_1_0_0_0_1_0_1_1,1,3.3333333333333337e-6,4.714045207910317e-6,0.2550335570469799,130.0
1_1_1_1_1_0_0_1_1_1_1_1_0_1_0_1_1_1_0_1_1_0_0_0_1_0_1_1_1_0_1_1_1_1_1_1_1_1_1_1_1_0_0_0_0_0,0,3.3333333333333337e-6,4.714045207910317e-6,0.1342281879194631,1001.0
0_0_0_0_0_1_1_0_0_0_0_0_0_1_0_1_1_0_1_1_0_1_1_1_0_1_1_0_0_0_0_0_0_0_0_0_0_0_0_0_0_1_1_0_0_0,1,3.3333333333333337e-6,4.714045207910317e-6,0.14093959731543623,230.0
1_0_1_1_1_0_0_0_1_1_1_0_1_0_1_0_0_1_1_0_1_1_1_0_0_1_0_1_0_1_1_1_0_0_0_0_0_0_0_0_0_1_1_0_1_1,1,3.3333333333333337e-6,4.714045207910317e-6,0.22818791946308725,210.0
1_0_1_1_1_0_0_1_1_1_1_1_1_1_1_1_0_1_1_1_0_1_1_0_1_0_1_0_1_0_1_1_0_0_1_0_0_0_1_0_0_0_1_0_0_0,1,3.3333333333333337e-6,4.714045207910317e-6,0.2483221476510067,450.0
0_1_0_0_0_1_1_0_0_0_0_0_0_1_0_0_1_0_0_1_1_0_0_1_1_1_0_1_1_1_0_0_1_1_1_1_1_1_1_1_1_0_0_1_1_1,1,3.3333333333333337e-6,4.714045207910317e-6,0.18791946308724833,120.0
0_0_0_1_1_0_0_1_1_1_0_1_1_0_1_0_0_1_1_0_0_1_1_0_1_0_1_0_1_0_0_1_0_0_0_0_0_0_1_0_0_0_1_0_1_1,1,3.3333333333333337e-6,4.714045207910317e-6,0.2483221476510067,60.0
1_0_1_1_1_0_0_1_1_1_1_0_1_1_1_0_0_1_1_0_0_1_1_0_1_1_0_0_1_0_1_1_0_0_1_0_0_0_1_0_0_0_1_0_1_1,1,3.3333333333333337e-6,4.714045207910317e-6,0.26174496644295303,220.0
1_1_1_1_1_0_0_0_1_1_1_0_1_0_1_0_0_1_1_0_1_0_1_0_1_1_0_1_1_0_1_1_1_1_1_1_0_1_1_1_1_0_0_0_1_1,1,3.3333333333333337e-6,4.714045207910317e-6,0.2348993288590604,140.0
0_0_0_0_0_1_1_0_0_0_0_1_0_0_0_1_1_0_0_1_0_0_0_1_1_0_1_0_1_1_0_0_1_1_1_1_1_1_1_1_0_0_0_0_0_0,1,3.3333333333333337e-6,4.714045207910317e-6,0.20134228187919462,130.0
0_0_1_0_0_1_1_0_0_0_0_0_0_1_0_1_1_0_0_1_0_0_0_1_0_1_0_0_0_0_0_0_1_1_0_1_0_1_0_1_0_1_0_1_0_0,1,3.3333333333333337e-6,4.714045207910317e-6,0.2483221476510067,440.0
1_1_1_0_0_1_1_0_0_0_1_0_0_1_0_1_1_0_1_1_1_0_1_1_0_1_0_1_0_1_1_0_1_1_1_1_0_1_0_1_1_1_0_1_0_0,1,3.3333333333333337e-6,4.714045207910317e-6,0.2214765100671141,200.0
0_0_0_0_0_1_1_0_0_0_0_1_0_0_0_1_1_0_0_0_0_0_0_1_1_0_1_0_1_1_0_0_1_1_1_1_1_1_1_1_0_0_0_1_0_0,1,3.3333333333333337e-6,4.714045207910317e-6,0.2080536912751678,220.0
1_0_1_1_1_0_0_1_1_1_1_1_1_1_1_0_0_1_1_1_1_1_1_0_1_0_1_1_1_1_1_1_0_0_1_0_1_0_1_0_0_0_1_0_1_1,1,3.3333333333333337e-6,4.714045207910317e-6,0.20134228187919462,80.0
0_1_0_0_0_1_1_0_0_0_0_0_0_0_0_0_1_0_0_1_1_1_0_1_0_0_0_1_0_0_0_0_0_0_0_0_1_0_0_0_1_1_1_1_1_1,1,3.3333333333333337e-6,4.714045207910317e-6,0.20134228187919462,180.0
1_1_1_1_1_0_0_1_1_1_1_1_1_1_1_0_0_1_0_0_1_1_0_0_1_0_0_1_1_1_1_1_0_0_1_0_1_0_1_0_1_0_1_0_1_1,1,3.3333333333333337e-6,4.714045207910317e-6,0.21476510067114093,320.0
1_0_1_1_1_0_0_0_1_1_1_0_1_0_1_0_0_1_1_0_0_1_1_0_1_1_0_0_1_1_1_1_0_0_1_0_0_0_1_0_0_0_1_0_1_1,1,3.3333333333333337e-6,4.714045207910317e-6,0.28187919463087246,230.0
1_1_0_0_0_1_1_0_0_0_1_0_0_1_0_1_0_0_0_1_1_0_0_1_1_1_0_1_1_1_1_0_1_1_1_1_1_1_1_1_1_0_0_1_1_1,1,3.3333333333333337e-6,4.714045207910317e-6,0.16778523489932887,150.0
0_1_1_0_0_1_1_0_0_0_0_1_0_1_0_1_1_0_0_1_0_1_0_1_0_1_1_0_0_0_0_0_0_0_0_0_1_0_0_0_1_1_1_0_0_0,1,3.3333333333333337e-6,4.714045207910317e-6,0.18120805369127516,290.0
1_1_0_0_0_1_1_0_0_0_1_0_0_0_0_1_1_0_1_1_1_0_1_1_0_1_0_1_0_0_1_0_1_1_0_1_0_1_0_1_1_1_0_1_0_0,1,3.3333333333333337e-6,4.714045207910317e-6,0.19463087248322147,180.0
0_0_1_1_1_0_0_1_1_1_0_1_1_0_1_0_1_1_0_0_0_0_0_0_1_1_1_0_1_0_0_1_1_1_1_1_0_1_1_1_0_0_0_0_0_0,1,3.3333333333333337e-6,4.714045207910317e-6,0.22818791946308725,160.0
1_0_0_0_0_1_1_0_0_0_1_1_0_0_0_1_1_0_1_1_1_0_1_1_0_0_1_1_0_1_1_0_1_1_1_1_1_1_0_1_0_1_0_1_0_0,1,3.3333333333333337e-6,4.714045207910317e-6,0.26174496644295303,110.0
0_1_0_0_0_1_1_0_0_0_0_0_0_0_0_0_1_0_0_1_1_0_0_1_0_1_0_1_0_1_0_0_1_1_0_1_1_1_0_1_1_1_0_1_1_1,1,3.3333333333333337e-6,4.714045207910317e-6,0.2550335570469799,140.0
0_1_0_0_0_1_1_0_0_0_0_0_0_0_0_0_1_0_0_0_0_0_0_1_1_1_0_0_1_0_0_0_1_1_1_1_0_1_1_1_1_0_0_0_1_0,0,3.3333333333333337e-6,4.714045207910317e-6,0.12751677852348994,1001.0
0_0_0_1_1_0_0_1_1_1_0_1_1_0_1_0_0_1_1_0_0_1_1_0_1_0_1_0_1_1_0_1_0_0_1_0_0_0_1_0_0_0_1_0_1_1,1,3.3333333333333337e-6,4.714045207910317e-6,0.24161073825503357,330.0
1_1_1_1_1_0_0_1_1_1_1_0_1_1_1_0_0_1_1_1_1_1_1_0_1_0_0_1_1_1_1_1_0_0_1_0_0_0_1_0_1_0_1_0_1_1,1,3.3333333333333337e-6,4.714045207910317e-6,0.24161073825503357,140.0
1_0_1_1_1_0_0_0_1_1_1_0_1_0_1_0_0_1_1_0_0_1_1_0_1_1_0_0_1_0_1_1_0_0_1_0_0_0_1_0_0_0_1_0_1_1,1,3.3333333333333337e-6,4.714045207910317e-6,0.28859060402684567,140.0
1_0_1_1_1_0_0_1_1_1_1_1_1_1_1_0_0_1_1_1_1_1_1_0_1_0_1_1_1_1_1_1_0_0_0_0_1_0_1_0_0_0_1_0_1_1,1,3.3333333333333337e-6,4.714045207910317e-6,0.20134228187919462,170.0
1_0_1_0_0_1_1_0_0_0_1_1_1_1_0_0_0_0_1_1_0_1_1_1_1_1_1_0_1_1_1_0_0_0_1_0_0_0_1_0_0_0_1_0_1_1,1,3.3333333333333337e-6,4.714045207910317e-6,0.2483221476510067,140.0
0_1_1_0_0_1_1_0_0_0_0_0_0_1_0_1_1_0_0_1_0_0_0_1_1_1_0_0_1_0_0_0_1_1_1_1_1_1_1_1_1_0_0_0_0_0,1,3.3333333333333337e-6,4.714045207910317e-6,0.1610738255033557,170.0
0_1_0_0_0_1_1_0_0_0_0_1_0_0_0_1_1_0_0_1_0_1_0_1_0_0_1_0_0_0_0_0_0_0_0_0_1_0_0_0_1_1_1_0_0_0,1,3.3333333333333337e-6,4.714045207910317e-6,0.19463087248322147,180.0
1_0_1_1_1_0_0_1_1_1_1_1_1_0_1_0_0_1_1_0_1_0_1_0_1_0_1_1_1_0_1_1_1_1_1_1_0_1_1_1_0_0_0_1_1_1,1,3.3333333333333337e-6,4.714045207910317e-6,0.1610738255033557,200.0
1_1_1_1_1_0_0_1_1_1_1_1_0_1_0_0_0_0_0_1_1_1_0_0_0_0_1_1_0_0_1_1_0_0_0_0_1_0_0_0_1_1_1_1_1_1,0,3.3333333333333337e-6,4.714045207910317e-6,0.1610738255033557,1001.0
1_1_1_1_1_0_0_1_1_1_1_0_1_1_1_0_0_1_1_1_1_1_1_0_1_0_0_1_1_0_1_1_0_0_0_0_0_0_1_0_1_0_1_0_1_1,1,3.3333333333333337e-6,4.714045207910317e-6,0.2483221476510067,330.0
0_1_1_0_0_1_1_0_0_0_0_0_0_1_0_1_1_0_0_1_0_0_0_1_1_1_0_0_1_1_0_0_1_1_1_1_1_1_1_1_1_0_0_0_0_0,1,3.3333333333333337e-6,4.714045207910317e-6,0.16778523489932887,190.0
1_0_1_0_0_1_1_0_0_0_1_1_0_1_0_1_1_0_1_1_0_1_1_1_0_1_1_0_0_1_1_0_0_0_0_0_1_0_0_0_0_1_1_0_0_0,1,3.3333333333333337e-6,4.714045207910317e-6,0.20134228187919462,140.0
0_1_1_1_1_0_0_1_1_1_0_1_1_1_1_0_0_1_0_0_0_1_0_0_1_0_0_0_1_1_0_1_0_0_0_0_1_0_1_0_1_0_1_0_1_1,1,3.3333333333333337e-6,4.714045207910317e-6,0.19463087248322147,140.0
0_1_0_1_1_0_0_1_1_1_0_1_0_0_1_1_1_1_0_1_0_1_0_0_0_0_1_0_0_1_0_1_0_0_0_0_1_0_0_0_1_1_1_1_0_0,1,3.3333333333333337e-6,4.714045207910317e-6,0.18791946308724833,310.0
1_0_1_1_1_0_0_1_1_1_1_1_1_1_1_1_0_1_1_0_0_1_1_0_1_0_1_0_1_1_1_1_0_0_1_0_1_0_1_0_0_0_1_0_0_0,1,3.3333333333333337e-6,4.714045207910317e-6,0.22818791946308725,110.0
0_1_0_1_1_0_0_1_1_1_0_1_1_0_1_0_0_1_0_0_0_1_0_0_1_0_1_0_1_1_0_1_0_0_0_0_1_0_1_0_1_0_1_0_1_1,1,3.3333333333333337e-6,4.714045207910317e-6,0.2214765100671141,290.0
1_1_0_0_0_1_1_1_0_0_1_1_0_1_0_1_1_0_1_1_0_0_1_1_1_0_1_0_1_1_1_0_1_1_1_1_1_1_1_1_1_0_0_0_0_0,1,3.3333333333333337e-6,4.714045207910317e-6,0.24161073825503357,220.0
0_0_1_1_1_0_0_1_1_1_0_1_1_1_1_0_0_1_1_0_0_1_1_0_1_1_1_0_1_1_0_1_0_0_0_0_0_0_1_0_0_0_1_0_1_1,1,3.3333333333333337e-6,4.714045207910317e-6,0.2550335570469799,280.0
0_1_1_1_1_0_0_1_1_1_0_1_1_1_1_0_0_1_0_1_0_1_0_0_1_0_1_0_1_1_0_1_0_0_0_0_1_0_1_0_1_0_1_0_1_1,1,3.3333333333333337e-6,4.714045207910317e-6,0.18120805369127516,300.0
1_0_0_1_1_0_0_1_1_1_1_1_1_0_1_0_0_1_1_0_1_1_1_0_0_0_1_1_0_1_1_1_0_0_0_0_0_0_0_0_0_1_1_0_1_1,1,3.3333333333333337e-6,4.714045207910317e-6,0.174496644295302,280.0
0_1_0_0_0_1_1_0_0_0_0_0_0_0_0_0_1_0_0_0_1_0_0_1_0_1_0_1_0_0_0_0_1_1_0_1_0_1_0_1_1_1_0_1_1_1,1,3.3333333333333337e-6,4.714045207910317e-6,0.2214765100671141,210.0
0_0_1_0_0_1_1_0_0_0_0_1_1_1_0_0_0_0_0_0_0_1_0_1_1_1_1_0_1_0_0_0_0_0_0_0_0_0_1_0_0_0_1_0_1_1,1,3.3333333333333337e-6,4.714045207910317e-6,0.2684563758389262,300.0
0_0_0_0_0_1_1_0_0_0_0_1_0_0_0_1_1_0_0_0_0_0_0_1_0_1_1_0_0_1_0_0_1_1_1_1_1_1_0_1_0_1_0_1_0_0,1,3.3333333333333337e-6,4.714045207910317e-6,0.2483221476510067,430.0
0_1_0_1_1_0_0_1_1_1_0_1_1_0_1_0_0_1_0_0_1_1_0_0_0_0_0_1_0_0_0_1_0_0_0_0_1_0_0_0_1_1_1_1_1_1,1,3.3333333333333337e-6,4.714045207910317e-6,0.15436241610738255,290.0
0_0_0_0_0_1_1_0_0_0_0_0_0_1_0_1_1_0_0_1_0_0_0_1_1_1_1_0_1_0_0_0_1_1_1_1_0_1_1_1_0_0_0_1_0_0,1,3.3333333333333337e-6,4.714045207910317e-6,0.15436241610738255,160.0
0_0_1_1_1_0_0_1_1_1_0_1_1_0_1_0_0_1_0_0_0_1_0_0_1_0_1_0_1_1_0_1_0_0_0_0_1_0_1_0_0_0_1_0_1_1,1,3.3333333333333337e-6,4.714045207910317e-6,0.21476510067114093,190.0
0_0_1_1_1_0_0_1_1_1_0_1_1_1_1_0_0_1_0_0_0_1_0_0_1_1_1_0_1_0_0_1_0_0_0_0_0_0_1_0_0_0_1_0_1_1,1,3.3333333333333337e-6,4.714045207910317e-6,0.2684563758389262,260.0
0_0_1_0_0_1_1_0_0_0_0_0_0_1_0_1_1_0_1_1_0_0_1_1_1_1_1_0_1_0_0_0_1_1_1_1_0_1_1_1_0_0_0_0_0_0,1,3.3333333333333337e-6,4.714045207910317e-6,0.1476510067114094,200.0
1_1_0_0_0_1_1_0_0_0_1_0_0_0_0_1_1_0_1_0_1_0_0_1_1_1_0_1_1_0_1_0_1_1_1_1_1_1_1_1_1_0_0_1_0_0,0,3.3333333333333337e-6,4.714045207910317e-6,0.12751677852348994,1001.0
0_1_0_0_0_1_1_0_0_0_0_0_0_1_0_1_1_0_0_1_0_1_0_1_0_1_0_0_0_0_0_0_0_0_0_0_1_0_0_0_1_1_1_1_0_0,1,3.3333333333333337e-6,4.714045207910317e-6,0.15436241610738255,170.0
0_1_1_1_1_0_0_0_1_1_0_0_1_0_1_0_0_1_0_0_0_1_0_0_1_1_0_0_1_0_0_1_0_0_0_0_0_0_1_0_1_0_1_0_1_1,1,3.3333333333333337e-6,4.714045207910317e-6,0.28859060402684567,290.0
0_0_1_0_0_1_1_0_0_0_0_1_1_1_0_0_0_0_1_1_0_1_1_1_1_1_1_0_1_0_0_0_0_0_0_0_0_0_1_0_0_0_1_0_1_1,1,3.3333333333333337e-6,4.714045207910317e-6,0.2550335570469799,340.0
1_0_1_0_0_1_1_0_0_0_1_0_0_1_0_1_1_0_1_1_1_0_1_1_0_1_0_1_0_0_1_0_1_1_0_1_0_1_0_1_0_1_0_1_0_0,1,3.3333333333333337e-6,4.714045207910317e-6,0.2214765100671141,160.0
1_1_1_1_1_0_0_1_1_1_1_0_1_1_1_0_0_1_1_1_1_0_1_0_1_1_0_1_1_0_1_1_1_1_1_1_0_1_1_1_1_0_0_1_1_1,1,3.3333333333333337e-6,4.714045207910317e-6,0.20134228187919462,160.0
1_1_0_1_1_0_0_1_1_1_1_0_0_0_1_1_1_1_0_1_1_0_0_0_0_0_0_1_0_0_1_1_1_1_1_1_1_1_0_1_1_1_0_1_0_0,1,3.3333333333333337e-6,4.714045207910317e-6,0.2550335570469799,230.0
0_0_1_0_0_1_1_0_0_0_0_1_0_1_0_1_1_0_0_1_0_1_0_1_0_1_1_0_0_1_0_0_0_0_0_0_1_0_0_0_0_1_1_1_0_0,1,3.3333333333333337e-6,4.714045207910317e-6,0.19463087248322147,310.0
1_0_1_1_1_0_0_1_1_1_1_1_1_0_1_0_0_1_1_0_1_1_1_0_1_0_1_1_1_0_1_1_0_0_1_0_0_0_1_0_0_0_1_0_1_1,1,3.3333333333333337e-6,4.714045207910317e-6,0.2550335570469799,210.0
1_1_1_1_1_0_0_1_1_1_1_1_1_0_1_0_0_1_0_0_1_1_0_0_0_0_0_1_0_1_1_1_0_0_0_0_1_0_0_0_1_1_1_0_1_1,1,3.3333333333333337e-6,4.714045207910317e-6,0.1476510067114094,330.0
1_0_0_1_1_0_0_1_1_1_1_1_1_0_1_0_0_1_1_0_1_0_1_0_1_0_1_1_1_1_1_1_1_1_1_1_0_1_1_1_0_0_0_1_1_1,1,3.3333333333333337e-6,4.714045207910317e-6,0.16778523489932887,170.0
1_0_1_1_1_0_0_1_1_1_1_0_1_1_1_0_0_1_1_0_1_1_1_0_1_1_0_1_1_0_1_1_0_0_0_0_0_0_1_0_0_0_1_0_1_1,1,3.3333333333333337e-6,4.714045207910317e-6,0.2953020134228188,180.0
0_0_1_1_1_0_0_1_1_1_0_1_1_1_1_0_0_1_0_1_0_1_0_0_1_1_1_0_1_0_0_1_0_0_0_0_0_0_1_0_0_0_1_0_1_1,1,3.3333333333333337e-6,4.714045207910317e-6,0.26174496644295303,260.0
1_1_1_1_1_0_0_0_1_1_1_0_1_0_1_0_0_1_1_0_1_0_1_0_1_1_0_1_1_1_1_1_1_1_1_1_0_1_1_1_1_0_0_1_1_1,1,3.3333333333333337e-6,4.714045207910317e-6,0.22818791946308725,110.0
0_1_0_0_0_1_1_0_0_0_0_0_0_0_0_1_1_0_0_1_1_0_0_1_0_1_0_1_0_1_0_0_1_1_0_1_1_1_0_1_1_1_0_1_0_0,1,3.3333333333333337e-6,4.714045207910317e-6,0.21476510067114093,190.0
1_1_1_1_1_0_0_1_1_1_1_1_1_1_1_0_0_1_0_1_1_1_0_0_1_0_0_1_1_0_1_1_0_0_1_0_1_0_1_0_1_0_1_0_1_1,1,3.3333333333333337e-6,4.714045207910317e-6,0.20134228187919462,400.0
0_1_0_1_1_0_0_1_1_1_0_0_0_0_1_1_1_1_0_1_1_0_0_0_0_0_0_1_0_0_0_1_1_1_0_1_1_1_0_1_1_1_0_1_0_0,1,3.3333333333333337e-6,4.714045207910317e-6,0.2550335570469799,200.0
1_1_1_0_0_1_1_0_0_0_1_0_0_1_0_1_1_0_1_1_1_0_1_1_0_1_0_1_0_1_1_0_1_1_1_1_1_1_0_1_1_1_0_1_0_0,1,3.3333333333333337e-6,4.714045207910317e-6,0.2550335570469799,240.0
0_1_1_0_0_1_1_0_0_0_0_0_0_1_0_1_1_0_0_1_0_1_0_1_0_1_0_0_0_0_0_0_0_0_0_0_1_0_0_0_1_1_1_1_0_0,1,3.3333333333333337e-6,4.714045207910317e-6,0.16778523489932887,190.0
0_1_0_1_1_0_0_1_1_1_0_0_0_0_1_1_1_1_0_0_1_0_0_0_0_0_0_1_0_0_0_1_1_1_1_1_1_1_0_1_1_1_0_1_0_0,1,3.3333333333333337e-6,4.714045207910317e-6,0.2483221476510067,140.0
1_1_1_1_1_0_0_1_1_1_1_0_1_1_1_0_0_1_1_0_1_0_1_0_1_1_0_1_1_1_1_1_1_1_1_1_0_1_1_1_1_0_0_0_1_1,1,3.3333333333333337e-6,4.714045207910317e-6,0.20134228187919462,250.0
1_0_1_1_1_0_0_0_1_1_1_0_1_0_1_0_0_1_1_0_0_1_1_0_1_1_0_0_1_1_1_1_0_0_0_0_0_0_1_0_0_0_1_0_1_1,1,3.3333333333333337e-6,4.714045207910317e-6,0.28187919463087246,340.0
0_0_0_1_1_0_1_0_0_1_0_0_1_0_1_0_0_1_1_0_0_1_1_0_0_1_0_0_0_1_0_1_0_0_0_0_0_0_0_0_0_1_1_0_1_1,0,3.3333333333333337e-6,4.714045207910317e-6,0.24161073825503357,1001.0
1_0_1_1_1_0_0_1_1_1_1_1_1_1_1_0_0_1_1_1_0_1_1_0_1_1_1_0_1_1_1_1_0_0_1_0_0_0_1_0_0_0_1_0_1_1,1,3.3333333333333337e-6,4.714045207910317e-6,0.2483221476510067,180.0
0_1_0_0_0_1_1_0_0_0_0_1_0_0_0_0_1_0_0_0_1_0_0_1_0_0_1_1_0_1_0_0_1_1_1_1_1_1_0_1_1_1_0_1_1_1,1,3.3333333333333337e-6,4.714045207910317e-6,0.2953020134228188,310.0
0_1_0_0_0_1_1_0_0_0_0_1_0_0_0_0_1_0_0_0_1_0_0_1_0_0_1_1_0_0_0_0_1_1_0_1_1_1_0_1_1_1_0_1_1_1,1,3.3333333333333337e-6,4.714045207910317e-6,0.28859060402684567,290.0
0_0_0_0_0_1_1_0_0_0_0_0_0_0_0_1_1_0_1_0_0_0_1_1_0_1_1_0_0_1_0_0_1_1_1_1_0_1_0_1_0_1_0_1_0_0,1,3.3333333333333337e-6,4.714045207910317e-6,0.20134228187919462,170.0
0_0_0_0_0_1_1_0_0_0_0_0_0_0_0_0_1_0_1_0_1_0_1_1_1_1_0_1_1_1_0_0_1_1_1_1_0_1_1_1_0_0_0_1_1_1,0,3.3333333333333337e-6,4.714045207910317e-6,0.12751677852348994,1001.0
1_0_0_1_1_0_0_1_1_1_1_1_0_0_1_1_1_1_1_1_0_1_1_0_0_0_1_0_0_1_1_1_0_0_0_0_1_0_0_0_0_1_1_0_0_0,1,3.3333333333333337e-6,4.714045207910317e-6,0.20134228187919462,610.0
1_1_0_1_1_0_0_1_1_1_1_1_0_0_1_1_1_1_0_1_1_0_0_0_0_0_1_1_0_1_1_1_1_1_1_1_1_1_0_1_1_1_0_1_0_0,1,3.3333333333333337e-6,4.714045207910317e-6,0.2483221476510067,100.0
0_1_1_1_1_0_0_0_1_1_0_0_1_0_1_0_0_1_0_0_0_1_0_0_1_1_0_0_1_0_0_1_0_0_1_0_0_0_1_0_1_0_1_0_1_1,1,3.3333333333333337e-6,4.714045207910317e-6,0.28859060402684567,110.0
0_0_1_0_0_1_1_0_0_0_0_0_0_1_0_1_1_0_1_1_0_1_1_1_0_1_1_0_0_0_0_0_0_0_0_0_0_0_0_0_0_1_1_0_0_0,1,3.3333333333333337e-6,4.714045207910317e-6,0.15436241610738255,290.0
1_0_1_1_1_0_0_1_1_1_1_0_1_1_1_0_0_1_1_0_1_0_1_0_1_0_0_1_1_0_1_1_1_1_1_1_0_1_1_1_0_0_0_1_1_1,1,3.3333333333333337e-6,4.714045207910317e-6,0.15436241610738255,320.0
1_0_0_0_0_1_1_0_0_0_1_1_0_0_0_1_1_0_1_0_0_1_1_1_0_0_1_0_0_1_1_0_0_0_0_0_1_0_0_0_0_1_1_0_0_0,1,3.3333333333333337e-6,4.714045207910317e-6,0.2080536912751678,260.0
0_0_0_0_0_1_1_0_0_0_0_1_0_0_0_1_1_0_0_0_0_0_0_1_1_0_1_0_1_0_0_0_1_1_1_1_1_1_1_1_0_0_0_1_0_0,1,3.3333333333333337e-6,4.714045207910317e-6,0.20134228187919462,300.0
0_1_1_0_0_1_1_0_0_0_0_0_0_1_0_0_1_0_0_1_1_0_0_1_0_1_0_1_0_0_0_0_1_1_0_1_0_1_0_1_1_1_0_1_1_1,1,3.3333333333333337e-6,4.714045207910317e-6,0.26174496644295303,290.0
0_1_0_0_0_1_1_0_0_0_0_1_0_1_0_1_1_0_0_1_0_0_0_1_1_1_1_0_1_0_0_0_1_1_1_1_1_1_1_1_1_0_0_1_0_0,1,3.3333333333333337e-6,4.714045207910317e-6,0.174496644295302,180.0
0_0_1_1_1_0_0_1_1_1_0_0_1_1_1_0_0_1_1_0_0_1_1_0_1_1_0_0_1_0_0_1_0_0_0_0_0_0_1_0_0_0_1_0_1_1,1,3.3333333333333337e-6,4.714045207910317e-6,0.26174496644295303,310.0
1_1_1_1_1_0_0_0_1_1_1_0_1_0_1_0_0_1_0_0_1_1_0_0_1_1_0_1_1_0_1_1_0_0_0_0_0_0_1_0_1_0_1_0_1_1,1,3.3333333333333337e-6,4.714045207910317e-6,0.3221476510067114,140.0
1_1_1_0_0_1_1_0_0_0_1_0_0_1_0_1_1_0_0_1_1_0_0_1_0_1_0_1_0_0_1_0_1_1_1_1_0_1_0_1_1_1_0_1_0_0,1,3.3333333333333337e-6,4.714045207910317e-6,0.2214765100671141,90.0
1_1_1_1_1_0_0_1_1_1_1_0_1_1_1_0_0_1_0_1_1_1_0_0_1_0_0_1_1_0_1_1_0_0_1_0_0_0_1_0_1_0_1_0_1_1,1,3.3333333333333337e-6,4.714045207910317e-6,0.24161073825503357,280.0
1_0_1_1_1_0_0_1_1_1_1_1_1_1_1_1_0_1_1_0_0_1_1_0_1_1_1_0_1_1_1_1_0_0_0_0_0_0_1_0_0_0_1_0_0_0,1,3.3333333333333337e-6,4.714045207910317e-6,0.2953020134228188,110.0
1_1_0_0_0_1_1_0_0_0_1_0_0_0_0_1_1_0_1_1_1_0_1_1_0_0_0_1_0_1_1_0_1_1_1_1_1_1_0_1_1_1_0_1_0_0,1,3.3333333333333337e-6,4.714045207910317e-6,0.2684563758389262,180.0
0_0_1_1_1_0_0_1_1_1_0_0_1_1_1_0_0_1_1_1_1_1_1_0_0_1_0_1_0_0_0_1_0_0_0_0_0_0_0_0_0_1_1_1_1_1,1,3.3333333333333337e-6,4.714045207910317e-6,0.20134228187919462,220.0
0_0_1_0_0_1_1_0_0_0_0_0_0_1_0_1_1_0_0_1_0_0_0_1_0_1_1_0_0_0_0_0_1_1_0_1_0_1_0_1_0_1_0_1_0_0,1,3.3333333333333337e-6,4.714045207910317e-6,0.2550335570469799,160.0
0_1_0_0_0_1_1_0_0_0_0_1_0_0_0_1_1_0_0_1_1_0_0_1_0_0_1_1_0_1_0_0_1_1_1_1_1_1_0_1_1_1_0_1_0_0,1,3.3333333333333337e-6,4.714045207910317e-6,0.26174496644295303,270.0
0_1_1_0_0_1_1_0_0_0_0_1_0_1_0_1_1_0_0_1_0_1_0_1_0_1_1_0_0_1_0_0_0_0_0_0_1_0_0_0_1_1_1_1_0_0,1,3.3333333333333337e-6,4.714045207910317e-6,0.18791946308724833,120.0
0_0_0_1_1_0_0_1_1_1_0_1_0_0_1_1_1_1_0_0_0_0_0_0_0_0_1_0_0_1_0_1_1_1_0_1_1_1_0_1_0_1_0_1_0_0,1,3.3333333333333337e-6,4.714045207910317e-6,0.28187919463087246,160.0
1_1_1_1_1_0_0_1_1_1_1_1_1_1_1_1_1_1_0_1_1_1_0_1_0_0_1_1_0_0_1_1_0_0_0_0_1_0_0_0_1_1_1_0_0_0,0,3.3333333333333337e-6,4.714045207910317e-6,0.0738255033557047,1001.0
0_1_0_1_1_0_0_1_1_1_0_0_1_0_1_0_0_1_0_0_1_1_0_0_0_0_0_1_0_0_0_1_0_0_0_0_0_0_0_0_1_1_1_1_1_1,1,3.3333333333333337e-6,4.714045207910317e-6,0.19463087248322147,170.0
1_1_0_1_1_0_0_1_1_1_1_1_0_0_1_1_1_1_0_0_1_0_0_0_0_0_1_1_0_1_1_1_1_1_1_1_1_1_0_1_1_1_0_1_0_0,1,3.3333333333333337e-6,4.714045207910317e-6,0.24161073825503357,290.0
1_0_1_1_1_0_0_1_1_1_1_1_1_1_1_0_0_1_1_1_1_1_1_0_1_0_1_1_1_0_1_1_0_0_1_0_0_0_1_0_0_0_1_0_1_1,1,3.3333333333333337e-6,4.714045207910317e-6,0.22818791946308725,320.0
0_0_1_0_0_1_1_0_0_0_0_0_1_1_0_1_1_0_1_1_0_1_1_1_1_1_0_0_0_1_0_0_0_0_0_0_0_0_0_0_0_0_1_0_0_0,0,3.3333333333333337e-6,4.714045207910317e-6,0.2214765100671141,1001.0
0_0_0_1_1_0_0_1_1_1_0_1_1_0_1_0_0_1_1_0_0_1_1_0_1_0_1_0_1_1_0_1_0_0_0_0_0_0_1_0_0_0_1_0_1_1,1,3.3333333333333337e-6,4.714045207910317e-6,0.24161073825503357,410.0
0_0_0_0_0_1_1_0_0_0_0_0_0_0_0_0_0_0_0_0_0_0_1_1_1_1_0_0_1_1_0_0_1_1_1_1_0_1_1_1_0_0_0_1_1_1,0,3.3333333333333337e-6,4.714045207910317e-6,0.06711409395973154,1001.0
0_1_0_1_1_0_0_1_1_1_0_0_0_0_1_1_1_1_0_0_1_0_0_0_0_0_0_1_0_1_0_1_1_1_0_1_1_1_0_1_1_1_0_1_0_0,1,3.3333333333333337e-6,4.714045207910317e-6,0.2550335570469799,180.0
0_1_0_0_0_1_1_0_0_0_0_0_0_0_0_0_1_0_0_1_1_0_0_1_1_1_0_1_1_1_0_0_1_1_1_1_1_1_1_1_1_0_0_1_1_1,1,3.3333333333333337e-6,4.714045207910317e-6,0.16778523489932887,150.0
1_1_0_0_0_1_1_0_0_0_1_0_0_0_0_1_1_0_0_1_1_0_0_1_0_1_0_1_0_1_1_0_1_1_1_1_1_1_0_1_1_1_0_1_0_0,1,3.3333333333333337e-6,4.714045207910317e-6,0.21476510067114093,100.0
0_0_1_1_1_0_0_1_1_1_0_1_1_0_1_0_0_1_1_0_0_1_1_0_1_0_1_0_1_1_0_1_0_0_0_0_0_0_1_0_0_0_1_0_1_1,1,3.3333333333333337e-6,4.714045207910317e-6,0.22818791946308725,830.0
1_0_0_1_1_0_0_1_1_1_1_0_1_0_1_0_0_1_1_0_1_1_1_0_0_0_0_1_0_1_1_1_0_0_0_0_0_0_0_0_0_1_1_0_1_1,1,3.3333333333333337e-6,4.714045207910317e-6,0.18791946308724833,370.0
1_0_1_1_1_0_0_1_1_1_1_0_1_1_1_1_0_1_1_0_0_1_1_0_1_1_0_0_1_1_1_1_0_0_0_0_0_0_1_0_0_0_1_0_0_0,1,3.3333333333333337e-6,4.714045207910317e-6,0.2953020134228188,250.0
1_1_0_0_0_1_1_0_0_0_1_0_0_0_0_1_1_0_1_0_1_0_1_1_0_0_0_1_0_1_1_0_1_1_0_1_1_1_0_1_1_1_0_1_0_0,1,3.3333333333333337e-6,4.714045207910317e-6,0.26174496644295303,140.0
1_0_1_1_1_0_0_1_1_1_1_0_1_1_1_0_0_1_1_1_1_0_1_0_1_1_0_1_1_0_1_1_1_1_1_1_0_1_1_1_0_0_0_1_1_1,1,3.3333333333333337e-6,4.714045207910317e-6,0.19463087248322147,240.0
1_1_0_0_0_1_1_1_0_0_1_1_0_1_0_1_1_0_0_1_1_0_0_1_0_0_1_1_0_1_1_0_1_1_0_1_1_1_0_1_1_1_0_1_0_0,1,3.3333333333333337e-6,4.714045207910317e-6,0.28859060402684567,290.0
1_0_1_0_0_1_1_0_0_0_1_0_1_1_0_0_0_0_1_1_1_1_1_1_1_1_0_1_1_0_1_0_0_0_1_0_0_0_1_0_0_0_1_0_1_1,1,3.3333333333333337e-6,4.714045207910317e-6,0.2751677852348993,110.0
0_0_0_0_0_1_1_0_0_0_0_1_0_0_0_1_1_0_1_0_0_0_1_1_0_1_1_0_0_1_0_0_1_1_1_1_1_1_0_1_0_1_0_1_0_0,1,3.3333333333333337e-6,4.714045207910317e-6,0.24161073825503357,220.0
0_0_0_0_0_1_1_0_0_0_0_0_0_0_0_0_0_0_1_0_0_0_1_0_1_1_1_0_1_1_0_0_1_1_1_1_0_1_1_1_0_0_0_1_1_1,0,3.3333333333333337e-6,4.714045207910317e-6,0.08053691275167785,1001.0
0_1_1_1_1_0_0_1_1_1_0_0_1_0_1_0_0_1_0_0_1_1_0_0_0_0_0_1_0_0_0_1_0_0_0_0_0_0_0_0_1_1_1_1_1_1,1,3.3333333333333337e-6,4.714045207910317e-6,0.18120805369127516,220.0
1_1_0_1_1_0_0_1_1_1_1_0_0_0_1_1_1_1_0_0_1_0_0_0_0_0_0_1_0_1_1_1_1_1_1_1_1_1_0_1_1_1_0_1_0_0,1,3.3333333333333337e-6,4.714045207910317e-6,0.2550335570469799,310.0
1_0_0_0_0_1_1_0_0_0_1_1_0_0_0_1_1_0_1_1_0_0_1_1_1_0_1_0_1_1_1_0_1_1_1_1_1_1_1_1_0_0_0_0_0_0,1,3.3333333333333337e-6,4.714045207910317e-6,0.2080536912751678,120.0
0_1_0_0_0_1_1_0_0_0_0_0_0_0_0_1_1_0_0_0_0_0_0_1_0_1_0_0_0_0_0_0_1_1_0_1_1_1_0_1_1_1_0_1_0_0,1,3.3333333333333337e-6,4.714045207910317e-6,0.2214765100671141,430.0
1_1_0_0_0_1_1_0_0_0_1_0_0_0_0_1_1_0_1_1_1_0_1_1_0_0_0_1_0_1_1_0_1_1_0_1_1_1_0_1_1_1_0_1_0_0,1,3.3333333333333337e-6,4.714045207910317e-6,0.2684563758389262,230.0
0_1_0_0_0_1_1_0_0_0_0_0_0_0_0_0_1_0_0_0_1_0_0_1_0_0_0_1_0_0_0_0_1_1_0_1_1_1_0_1_1_1_0_1_1_1,1,3.3333333333333337e-6,4.714045207910317e-6,0.28859060402684567,330.0
1_0_1_1_1_0_0_1_1_1_1_0_1_1_1_0_0_1_1_0_1_1_1_0_1_0_0_1_1_1_1_1_0_0_1_0_0_0_1_0_0_0_1_0_1_1,1,3.3333333333333337e-6,4.714045207910317e-6,0.24161073825503357,420.0
0_1_0_0_0_1_1_0_0_0_0_1_0_0_0_1_1_0_0_0_0_1_0_1_0_0_1_0_0_1_0_0_0_0_0_0_1_0_0_0_1_1_1_0_0_0,1,3.3333333333333337e-6,4.714045207910317e-6,0.19463087248322147,140.0
1_1_1_0_0_1_1_0_0_0_1_0_1_1_0_0_0_0_1_1_1_1_1_1_1_1_0_1_1_1_1_0_0_0_1_0_0_0_1_0_1_0_1_0_1_1,1,3.3333333333333337e-6,4.714045207910317e-6,0.2751677852348993,90.0
0_1_1_0_0_1_1_0_0_0_0_0_0_1_0_1_1_0_0_1_0_0_0_1_1_1_0_0_1_0_0_0_1_1_1_1_1_1_1_1_1_0_0_1_0_0,1,3.3333333333333337e-6,4.714045207910317e-6,0.174496644295302,140.0
0_0_1_1_1_0_0_1_1_1_0_1_1_0_1_0_0_1_1_0_0_1_1_0_1_1_1_0_1_1_0_1_0_0_0_0_0_0_1_0_0_0_1_0_1_1,1,3.3333333333333337e-6,4.714045207910317e-6,0.2751677852348993,150.0
0_1_1_1_1_0_0_1_1_1_0_1_1_0_1_0_0_1_0_0_0_1_0_0_1_0_0_0_1_1_0_1_0_0_1_0_1_0_1_0_1_0_1_0_1_1,1,3.3333333333333337e-6,4.714045207910317e-6,0.21476510067114093,270.0
0_1_0_0_0_1_1_0_0_0_0_0_0_0_0_1_1_0_0_1_1_0_0_1_0_1_0_1_0_0_0_0_1_1_1_1_0_1_0_1_1_1_0_1_0_0,1,3.3333333333333337e-6,4.714045207910317e-6,0.18791946308724833,190.0
0_1_0_0_0_1_1_1_0_0_0_1_0_1_0_1_1_0_0_1_1_0_0_1_0_0_1_1_0_0_0_0_1_1_1_1_1_1_0_1_1_1_0_1_0_0,1,3.3333333333333337e-6,4.714045207910317e-6,0.28187919463087246,220.0
0_1_0_0_0_1_1_0_0_0_0_0_0_1_0_1_1_0_0_1_1_0_0_1_0_1_0_1_0_0_0_0_1_1_0_1_0_1_0_1_1_1_0_1_0_0,1,3.3333333333333337e-6,4.714045207910317e-6,0.2080536912751678,200.0
1_1_1_1_1_0_0_1_1_1_1_1_1_1_1_1_1_1_1_1_1_0_0_0_1_0_1_1_1_0_1_1_1_1_1_1_1_1_1_1_1_0_0_0_0_0,0,3.3333333333333337e-6,4.714045207910317e-6,0.0738255033557047,1001.0
1_1_1_1_1_0_0_1_1_1_1_0_1_0_1_0_0_1_1_0_1_0_1_0_1_0_0_1_1_0_1_1_1_1_1_1_0_1_1_1_1_0_0_0_1_1,1,3.3333333333333337e-6,4.714045207910317e-6,0.18120805369127516,290.0
0_0_0_1_1_0_0_1_1_1_0_1_1_0_1_0_0_1_1_0_1_0_1_0_1_0_1_1_1_0_0_1_1_1_1_1_0_1_1_1_0_0_0_1_1_1,1,3.3333333333333337e-6,4.714045207910317e-6,0.18791946308724833,190.0
0_0_0_0_0_1_1_0_0_0_0_0_0_1_0_1_1_0_1_1_0_0_1_1_0_1_0_0_0_1_0_0_1_1_1_1_0_1_0_1_0_1_0_1_0_0,1,3.3333333333333337e-6,4.714045207910317e-6,0.2214765100671141,390.0
0_0_0_0_0_1_1_0_0_0_0_0_0_0_0_1_1_0_1_1_0_0_1_1_0_1_1_0_0_1_0_0_1_1_0_1_0_1_0_1_0_1_0_1_0_0,1,3.3333333333333337e-6,4.714045207910317e-6,0.2080536912751678,260.0
1_0_1_1_1_0_0_1_1_1_1_1_1_0_1_0_0_1_1_0_1_0_1_0_1_0_1_1_1_1_1_1_1_1_1_1_0_1_1_1_0_0_0_1_1_1,1,3.3333333333333337e-6,4.714045207910317e-6,0.15436241610738255,170.0
1_1_1_1_1_0_0_1_1_1_1_1_1_0_1_0_0_1_0_0_1_1_0_0_1_0_1_1_1_0_1_1_0_0_0_0_1_0_1_0_1_0_1_0_1_1,1,3.3333333333333337e-6,4.714045207910317e-6,0.2214765100671141,170.0
1_0_1_0_0_1_1_0_0_0_1_0_1_1_0_0_0_0_1_0_0_1_1_1_1_1_0_0_1_1_1_0_0_0_1_0_0_0_1_0_0_0_1_0_1_1,1,3.3333333333333337e-6,4.714045207910317e-6,0.24161073825503357,100.0
0_1_1_0_0_1_1_0_0_0_0_0_0_1_0_0_1_0_0_1_1_0_0_1_1_1_0_1_1_1_0_0_1_1_1_1_1_1_1_1_1_0_0_1_1_1,1,3.3333333333333337e-6,4.714045207910317e-6,0.20134228187919462,230.0
0_0_0_0_0_1_1_0_0_0_0_0_0_0_0_0_1_0_1_0_0_0_1_1_1_1_0_0_1_1_0_0_1_1_1_1_0_1_1_1_0_0_0_0_0_0,0,3.3333333333333337e-6,4.714045207910317e-6,0.11409395973154363,1001.0
1_0_1_1_1_0_0_1_1_1_1_1_1_0_1_1_0_1_1_0_0_0_1_0_1_0_1_0_1_0_1_1_1_1_1_1_0_1_1_1_0_0_0_0_0_0,1,3.3333333333333337e-6,4.714045207910317e-6,0.18120805369127516,140.0
0_0_0_1_1_0_0_1_1_1_0_1_0_0_1_1_1_1_1_1_0_0_1_0_1_0_1_0_1_1_0_1_1_1_1_1_1_1_1_1_0_0_0_1_0_0,1,3.3333333333333337e-6,4.714045207910317e-6,0.19463087248322147,220.0
0_0_0_0_0_1_1_0_0_0_0_0_0_0_0_1_1_0_1_1_0_0_1_1_0_1_1_0_0_0_0_0_1_1_1_1_0_1_0_1_0_1_0_1_0_0,1,3.3333333333333337e-6,4.714045207910317e-6,0.21476510067114093,380.0
1_1_0_1_1_0_0_1_1_1_1_0_0_0_1_1_1_1_0_0_1_0_0_0_0_0_0_1_0_0_1_1_1_1_1_1_1_1_0_1_1_1_0_1_0_0,1,3.3333333333333337e-6,4.714045207910317e-6,0.2483221476510067,170.0
1_1_0_0_0_1_1_0_0_0_1_0_0_1_0_1_0_0_0_1_1_0_0_1_1_0_0_1_1_1_1_0_1_1_1_1_1_1_1_1_1_0_0_1_1_1,1,3.3333333333333337e-6,4.714045207910317e-6,0.21476510067114093,220.0
1_0_1_0_0_1_1_0_0_0_1_0_0_1_0_1_1_0_1_1_1_0_1_1_0_1_1_1_0_0_1_0_1_1_1_1_0_1_0_1_0_1_0_1_0_0,1,3.3333333333333337e-6,4.714045207910317e-6,0.22818791946308725,90.0
1_0_0_0_0_1_1_1_0_0_1_1_0_1_0_1_1_0_1_1_0_1_1_1_0_0_1_0_0_1_1_0_0_0_0_0_1_0_0_0_0_1_1_0_0_0,1,3.3333333333333337e-6,4.714045207910317e-6,0.24161073825503357,180.0
0_0_1_1_1_0_0_1_1_1_0_0_1_1_1_0_0_1_0_1_1_0_1_0_1_0_0_1_1_1_0_1_1_1_1_1_0_1_1_1_0_0_0_1_1_1,0,3.3333333333333337e-6,4.714045207910317e-6,0.16778523489932887,1001.0
0_0_1_0_0_1_1_0_0_0_0_0_1_1_0_0_0_0_1_0_0_1_1_1_1_1_0_0_1_0_0_0_0_0_1_0_0_0_1_0_0_0_1_0_1_1,1,3.3333333333333337e-6,4.714045207910317e-6,0.2483221476510067,240.0
0_1_0_0_0_1_1_0_0_0_0_0_0_0_0_0_0_0_0_0_0_0_0_0_1_1_0_0_1_0_0_1_1_1_1_1_1_1_1_1_1_0_0_1_1_1,0,3.3333333333333337e-6,4.714045207910317e-6,0.10738255033557047,1001.0
0_0_0_0_0_1_1_1_0_0_0_1_0_1_0_1_1_0_0_1_0_0_0_1_1_0_1_0_1_1_0_0_1_1_1_1_1_1_1_1_0_0_0_1_0_0,1,3.3333333333333337e-6,4.714045207910317e-6,0.24161073825503357,210.0
0_1_1_0_0_1_1_0_0_0_0_0_1_1_0_0_0_0_0_1_1_1_0_1_0_1_0_1_0_0_0_0_0_0_0_0_0_0_0_0_1_1_1_1_1_1,1,3.3333333333333337e-6,4.714045207910317e-6,0.18791946308724833,150.0
1_0_1_1_1_0_0_1_1_1_1_1_1_1_1_1_0_1_1_1_0_1_1_0_1_0_1_0_1_1_1_1_0_0_1_0_1_0_1_0_0_0_1_0_0_0,1,3.3333333333333337e-6,4.714045207910317e-6,0.2214765100671141,170.0
1_1_1_1_1_0_0_1_1_1_1_1_0_1_1_1_1_1_0_1_1_1_0_0_0_0_1_1_0_0_1_1_0_0_0_0_1_0_0_0_1_1_1_1_0_0,0,3.3333333333333337e-6,4.714045207910317e-6,0.14093959731543623,1001.0
0_1_0_0_0_1_1_0_0_0_0_1_0_0_0_0_1_0_0_1_1_0_0_1_0_0_1_1_0_1_0_0_1_1_1_1_1_1_0_1_1_1_0_1_1_1,1,3.3333333333333337e-6,4.714045207910317e-6,0.30201342281879195,180.0
1_1_0_1_1_0_0_1_1_1_1_0_0_0_1_1_1_1_0_0_1_0_0_0_0_0_0_1_0_1_1_1_1_1_0_1_1_1_0_1_1_1_0_1_0_0,1,3.3333333333333337e-6,4.714045207910317e-6,0.2550335570469799,320.0
0_0_1_0_0_1_1_0_0_0_0_1_0_1_0_1_1_0_0_1_0_0_0_1_1_1_1_0_1_1_0_0_1_1_1_1_1_1_1_1_0_0_0_1_0_0,1,3.3333333333333337e-6,4.714045207910317e-6,0.20134228187919462,180.0
1_1_0_0_0_1_1_1_0_0_1_1_0_1_0_1_1_0_0_1_1_0_0_1_0_0_1_1_0_0_1_0_1_1_1_1_1_1_0_1_1_1_0_1_0_0,1,3.3333333333333337e-6,4.714045207910317e-6,0.28187919463087246,280.0
0_0_0_0_0_1_1_0_0_0_0_1_0_0_0_1_1_0_1_0_0_0_1_1_0_1_1_0_0_1_0_0_1_1_0_1_1_1_0_1_0_1_0_1_0_0,1,3.3333333333333337e-6,4.714045207910317e-6,0.24161073825503357,110.0
0_1_0_0_0_1_1_0_0_0_0_0_0_0_0_1_1_0_0_1_1_0_0_1_0_0_0_1_0_1_0_0_1_1_0_1_1_1_0_1_1_1_0_1_0_0,1,3.3333333333333337e-6,4.714045207910317e-6,0.26174496644295303,130.0
0_0_1_1_1_0_0_1_1_1_0_0_1_1_1_0_0_1_0_0_1_0_0_0_1_1_0_1_1_0_0_1_1_1_1_1_0_1_1_1_0_0_0_1_1_1,1,3.3333333333333337e-6,4.714045207910317e-6,0.2214765100671141,230.0
1_1_1_0_0_1_1_0_0_0_1_0_0_1_0_1_1_0_0_1_1_0_0_1_0_1_0_1_0_0_1_0_1_1_0_1_1_1_0_1_1_1_0_1_0_0,1,3.3333333333333337e-6,4.714045207910317e-6,0.24161073825503357,280.0
1_0_0_0_0_1_1_0_0_0_1_0_0_1_0_1_1_0_1_1_1_0_1_1_0_1_0_1_0_0_1_0_1_1_1_1_0_1_0_1_0_1_0_1_0_0,1,3.3333333333333337e-6,4.714045207910317e-6,0.2080536912751678,80.0
1_1_0_1_1_0_0_1_1_1_1_0_1_0_1_0_0_1_1_0_1_1_1_0_0_0_0_1_0_0_1_1_0_0_0_0_0_0_0_0_1_1_1_1_1_1,1,3.3333333333333337e-6,4.714045207910317e-6,0.18791946308724833,70.0
1_1_1_0_0_1_1_0_0_0_1_0_0_1_0_1_1_0_0_1_1_0_0_1_0_1_0_1_0_0_1_0_1_1_0_1_0_1_0_1_1_1_0_1_0_0,1,3.3333333333333337e-6,4.714045207910317e-6,0.2214765100671141,120.0
1_0_1_0_0_1_1_0_0_0_1_0_1_1_0_0_0_0_1_0_1_1_1_1_1_1_0_1_1_1_1_0_0_0_1_0_0_0_1_0_0_0_1_0_1_1,1,3.3333333333333337e-6,4.714045207910317e-6,0.2751677852348993,140.0
1_1_0_0_0_1_1_0_0_0_1_1_0_0_0_1_1_0_1_0_1_1_1_1_0_0_1_1_0_0_1_0_0_0_0_0_1_0_0_0_1_1_1_1_0_0,0,3.3333333333333337e-6,4.714045207910317e-6,0.174496644295302,1001.0
1_0_0_0_0_1_1_1_0_0_1_1_0_1_0_1_1_0_1_1_1_0_1_1_0_0_1_1_0_1_1_0_1_1_1_1_1_1_0_1_0_1_0_1_0_0,1,3.3333333333333337e-6,4.714045207910317e-6,0.28859060402684567,260.0
1_1_1_1_1_0_0_1_1_1_1_1_0_1_0_1_1_1_0_1_1_1_0_0_0_0_1_1_0_0_1_1_0_0_0_0_1_0_0_0_1_1_1_0_0_0,0,3.3333333333333337e-6,4.714045207910317e-6,0.14093959731543623,1001.0
1_1_0_0_0_1_1_0_0_0_1_1_0_0_0_1_1_0_0_1_1_0_0_1_0_0_1_1_0_1_1_0_1_1_1_1_1_1_0_1_1_1_0_1_0_0,1,3.3333333333333337e-6,4.714045207910317e-6,0.26174496644295303,260.0
0_0_0_0_0_1_1_0_0_0_0_0_0_0_0_0_1_0_1_0_0_1_1_1_0_1_0_0_0_1_0_0_0_0_0_0_0_0_0_0_0_1_1_0_0_0,0,3.3333333333333337e-6,4.714045207910317e-6,0.12080536912751678,1001.0
1_0_1_1_1_0_0_1_1_1_1_1_1_0_1_0_0_1_1_0_1_1_1_0_1_0_1_1_1_0_1_1_0_0_0_0_0_0_1_0_0_0_1_0_1_1,1,3.3333333333333337e-6,4.714045207910317e-6,0.2550335570469799,130.0
0_1_1_1_1_0_0_0_1_1_0_0_1_0_1_0_0_1_0_0_1_1_0_0_0_1_0_1_0_0_0_1_0_0_0_0_0_0_0_0_1_1_1_1_1_1,1,3.3333333333333337e-6,4.714045207910317e-6,0.2348993288590604,300.0
1_1_1_1_1_0_0_1_1_1_1_0_1_1_1_0_0_1_0_0_1_1_0_0_0_1_0_1_0_0_1_1_0_0_0_0_0_0_0_0_1_1_1_1_1_1,1,3.3333333333333337e-6,4.714045207910317e-6,0.19463087248322147,110.0
1_1_1_1_1_0_0_1_1_1_1_1_0_1_0_1_1_0_0_1_1_0_0_0_1_0_1_1_1_0_1_1_1_1_1_1_1_1_1_1_1_0_0_1_0_0,0,3.3333333333333337e-6,4.714045207910317e-6,0.15436241610738255,1001.0
0_1_0_1_1_0_0_1_1_1_0_1_0_0_1_0_1_1_0_1_1_0_0_0_0_0_1_1_0_0_0_1_1_1_0_1_1_1_0_1_1_1_0_1_1_1,1,3.3333333333333337e-6,4.714045207910317e-6,0.28187919463087246,130.0
0_1_1_0_0_1_1_0_0_0_0_0_0_1_0_1_1_0_0_1_0_1_0_1_0_1_0_0_0_0_0_0_0_0_0_0_0_0_0_0_1_1_1_1_0_0,1,3.3333333333333337e-6,4.714045207910317e-6,0.1476510067114094,270.0
0_1_0_0_0_1_1_1_0_0_0_1_0_1_0_1_1_0_0_1_0_1_0_1_0_0_1_0_0_0_0_0_0_0_0_0_1_0_0_0_1_1_1_1_0_0,1,3.3333333333333337e-6,4.714045207910317e-6,0.2214765100671141,90.0
0_0_1_0_0_1_1_0_0_0_0_0_0_1_0_1_1_0_1_1_0_0_1_1_0_1_1_0_0_0_0_0_1_1_1_1_0_1_0_1_0_1_0_1_0_0,1,3.3333333333333337e-6,4.714045207910317e-6,0.2483221476510067,150.0
1_1_0_0_0_1_1_0_0_0_1_0_0_1_0_1_1_0_1_1_1_0_1_1_0_1_0_1_0_0_1_0_1_1_1_1_0_1_0_1_1_1_0_1_0_0,1,3.3333333333333337e-6,4.714045207910317e-6,0.21476510067114093,180.0
1_1_1_1_1_0_0_1_1_1_1_1_1_0_1_0_0_1_1_0_1_1_1_0_1_0_0_1_1_1_1_1_0_0_0_0_1_0_1_0_1_0_1_0_1_1,1,3.3333333333333337e-6,4.714045207910317e-6,0.24161073825503357,90.0
0_0_0_0_0_1_1_0_0_0_0_0_0_1_0_1_1_0_1_1_0_0_1_1_0_1_1_0_0_1_0_0_1_1_0_1_0_1_0_1_0_1_0_1_0_0,1,3.3333333333333337e-6,4.714045207910317e-6,0.22818791946308725,110.0
1_0_1_0_0_1_1_0_0_0_1_0_0_1_0_1_1_0_1_1_1_0_1_1_0_1_1_1_0_0_1_0_1_1_0_1_0_1_0_1_0_1_0_1_0_0,1,3.3333333333333337e-6,4.714045207910317e-6,0.22818791946308725,190.0
1_0_0_1_1_0_0_1_1_1_1_1_1_0_1_1_0_1_1_0_0_1_1_0_1_0_1_0_1_1_1_1_0_0_1_0_1_0_1_0_0_0_1_0_0_0,1,3.3333333333333337e-6,4.714045207910317e-6,0.26174496644295303,170.0
0_1_0_0_0_1_1_1_0_0_0_1_0_1_0_1_1_0_0_1_1_0_0_1_0_0_1_1_0_0_0_0_1_1_0_1_1_1_0_1_1_1_0_1_0_0,1,3.3333333333333337e-6,4.714045207910317e-6,0.28187919463087246,100.0
1_1_0_0_0_1_1_0_0_0_1_0_0_1_0_1_1_0_0_1_1_0_0_1_0_1_0_1_0_0_1_0_1_1_1_1_1_1_0_1_1_1_0_1_0_0,1,3.3333333333333337e-6,4.714045207910317e-6,0.22818791946308725,220.0
1_1_1_1_1_0_0_1_1_1_1_1_1_1_1_0_0_1_0_0_1_1_0_0_1_0_1_1_1_0_1_1_0_0_0_0_1_0_1_0_1_0_1_0_1_1,1,3.3333333333333337e-6,4.714045207910317e-6,0.20134228187919462,240.0
1_1_1_1_1_0_0_0_1_1_1_0_1_0_1_0_0_1_0_0_1_1_0_0_0_1_0_1_0_0_1_1_0_0_0_0_0_0_0_0_1_1_1_0_1_1,1,3.3333333333333337e-6,4.714045207910317e-6,0.2348993288590604,190.0
0_1_0_0_0_1_1_0_0_0_0_0_0_0_0_0_1_0_0_0_1_0_0_1_0_1_0_1_0_0_0_0_1_1_0_1_1_1_0_1_1_1_0_1_1_1,1,3.3333333333333337e-6,4.714045207910317e-6,0.24161073825503357,140.0
1_0_1_1_1_0_0_1_1_1_1_1_1_0_1_0_0_1_1_0_1_0_1_0_1_0_1_1_1_0_1_1_1_1_1_1_0_1_1_1_0_0_0_0_1_1,1,3.3333333333333337e-6,4.714045207910317e-6,0.1610738255033557,140.0
0_1_1_1_1_0_0_1_1_1_0_1_1_0_1_0_1_1_0_0_0_1_0_0_0_0_0_0_0_1_0_1_0_0_0_0_1_0_0_0_1_1_1_0_0_0,1,3.3333333333333337e-6,4.714045207910317e-6,0.1476510067114094,270.0
0_0_1_1_1_0_0_1_1_1_0_1_1_1_1_0_0_1_0_0_0_1_0_0_1_0_1_0_1_0_0_1_0_0_1_0_0_0_1_0_0_0_1_0_1_1,1,3.3333333333333337e-6,4.714045207910317e-6,0.2214765100671141,230.0
1_0_1_1_1_0_0_1_1_1_1_0_1_0_1_0_0_1_1_0_1_0_1_0_1_0_0_1_1_0_1_1_1_1_1_1_0_1_1_1_0_0_0_1_1_1,1,3.3333333333333337e-6,4.714045207910317e-6,0.174496644295302,240.0
1_1_1_1_1_0_0_1_1_1_1_1_1_1_1_0_0_1_0_0_1_1_0_0_1_0_0_1_1_0_1_1_0_0_0_0_1_0_1_0_1_0_1_0_1_1,1,3.3333333333333337e-6,4.714045207910317e-6,0.2080536912751678,120.0
0_0_1_1_1_0_0_1_1_1_0_1_1_1_1_0_0_1_1_0_0_1_1_0_1_1_1_0_1_1_0_1_0_0_1_0_0_0_1_0_0_0_1_0_1_1,1,3.3333333333333337e-6,4.714045207910317e-6,0.2550335570469799,160.0
0_1_1_1_1_0_0_1_1_1_0_0_1_1_1_0_0_1_0_0_0_1_0_0_1_1_0_0_1_0_0_1_0_0_0_0_0_0_1_0_1_0_1_0_1_1,1,3.3333333333333337e-6,4.714045207910317e-6,0.26174496644295303,230.0
1_0_1_0_0_1_1_0_0_0_1_0_1_1_0_0_0_0_1_0_1_0_1_1_1_1_0_1_1_0_1_0_1_1_1_1_0_1_1_1_0_0_0_0_1_1,1,3.3333333333333337e-6,4.714045207910317e-6,0.18791946308724833,260.0
1_1_1_1_1_0_0_1_1_1_1_1_1_1_1_0_0_1_1_0_1_1_1_0_1_0_1_1_1_1_1_1_0_0_1_0_1_0_1_0_1_0_1_0_1_1,1,3.3333333333333337e-6,4.714045207910317e-6,0.21476510067114093,360.0
0_0_0_0_0_1_1_0_0_0_0_0_1_0_0_1_1_0_1_0_0_1_1_1_0_1_0_0_0_1_0_0_0_0_0_0_0_0_0_0_0_1_1_0_0_0,0,3.3333333333333337e-6,4.714045207910317e-6,0.1476510067114094,1001.0
1_1_0_0_0_1_1_0_0_0_1_1_0_0_0_1_1_0_0_0_1_1_0_1_0_1_1_1_0_0_1_0_0_0_0_0_1_0_0_0_1_1_1_1_0_0,0,3.3333333333333337e-6,4.714045207910317e-6,0.12080536912751678,1001.0
0_1_0_0_0_1_1_0_0_0_0_0_0_0_0_1_1_0_0_0_1_0_0_1_0_0_0_1_0_1_0_0_1_1_1_1_1_1_0_1_1_1_0_1_0_0,1,3.3333333333333337e-6,4.714045207910317e-6,0.2550335570469799,180.0
1_0_1_1_1_0_0_1_1_1_1_1_1_1_1_0_0_1_1_1_0_1_1_0_1_0_1_0_1_0_1_1_0_0_0_0_0_0_1_0_0_0_1_0_1_1,1,3.3333333333333337e-6,4.714045207910317e-6,0.2080536912751678,610.0
0_1_0_0_0_1_1_0_0_0_0_1_0_0_0_1_1_0_0_1_0_0_0_1_0_1_1_0_0_0_0_0_1_1_0_1_1_1_0_1_1_1_0_1_0_0,1,3.3333333333333337e-6,4.714045207910317e-6,0.24161073825503357,250.0
0_0_1_1_1_0_0_1_1_1_0_1_1_0_1_0_0_1_1_0_0_1_1_0_1_0_1_0_1_1_0_1_0_0_1_0_1_0_1_0_0_0_1_0_1_1,1,3.3333333333333337e-6,4.714045207910317e-6,0.2080536912751678,120.0
1_1_0_0_0_1_1_0_0_0_1_0_0_1_0_1_0_0_0_1_1_1_0_1_0_0_0_1_0_0_1_0_0_0_0_0_1_0_0_0_1_1_1_1_1_1,1,3.3333333333333337e-6,4.714045207910317e-6,0.21476510067114093,90.0
1_0_1_1_1_0_0_1_1_1_1_1_1_0_1_0_0_1_1_0_0_1_1_0_1_1_1_0_1_1_1_1_0_0_1_0_0_0_1_0_0_0_1_0_1_1,1,3.3333333333333337e-6,4.714045207910317e-6,0.2751677852348993,140.0
0_0_1_1_1_0_0_1_1_1_0_0_1_0_1_0_0_1_1_0_1_1_1_0_0_0_0_1_0_0_0_1_0_0_0_0_0_0_0_0_0_1_1_1_1_1,1,3.3333333333333337e-6,4.714045207910317e-6,0.18120805369127516,230.0
1_1_0_0_0_1_1_1_0_0_1_1_0_1_0_1_1_0_1_1_0_1_1_1_0_0_1_0_0_1_1_0_0_0_0_0_1_0_0_0_1_1_1_0_0_0,1,3.3333333333333337e-6,4.714045207910317e-6,0.2483221476510067,310.0
0_0_0_0_0_1_1_0_0_0_0_1_0_0_0_1_1_0_0_1_0_0_0_1_0_1_1_0_0_1_0_0_1_1_1_1_1_1_0_1_0_1_0_1_0_0,1,3.3333333333333337e-6,4.714045207910317e-6,0.2550335570469799,90.0
0_0_1_1_1_0_0_0_1_1_0_0_1_0_1_0_0_1_1_0_1_0_1_0_1_1_0_1_1_0_0_1_1_1_1_1_0_1_1_1_0_0_0_1_1_1,1,3.3333333333333337e-6,4.714045207910317e-6,0.24161073825503357,250.0
1_1_1_1_1_0_0_1_1_1_1_1_1_1_1_1_0_1_0_1_1_0_0_0_1_0_1_1_1_0_1_1_1_1_1_1_1_1_1_1_1_0_0_1_0_1,0,3.3333333333333337e-6,4.714045207910317e-6,0.12751677852348994,1001.0
1_0_1_1_1_0_0_1_1_1_1_1_1_1_0_1_1_0_1_1_1_0_1_1_1_0_1_1_1_1_1_0_1_1_1_1_0_1_1_1_0_0_0_0_0_0,0,3.3333333333333337e-6,4.714045207910317e-6,0.1342281879194631,1001.0
1_0_1_0_0_1_1_0_0_0_1_0_1_1_0_0_0_0_1_1_1_1_1_1_1_1_0_1_1_1_1_0_0_0_0_0_0_0_1_0_0_0_1_0_1_1,1,3.3333333333333337e-6,4.714045207910317e-6,0.2684563758389262,310.0
1_0_1_1_1_0_0_1_1_1_1_1_1_0_1_0_0_1_1_0_1_1_1_0_0_0_1_1_0_0_1_1_0_0_0_0_0_0_0_0_0_1_1_1_1_1,1,3.3333333333333337e-6,4.714045207910317e-6,0.15436241610738255,170.0
1_1_1_1_1_0_0_1_1_1_1_1_1_1_1_0_0_1_0_1_1_1_0_0_1_0_1_1_1_1_1_1_0_0_0_0_1_0_1_0_1_0_1_0_1_1,1,3.3333333333333337e-6,4.714045207910317e-6,0.20134228187919462,210.0
1_0_1_1_1_0_0_1_1_1_1_1_1_0_1_0_0_1_1_0_0_1_1_0_1_1_1_0_1_1_1_1_0_0_0_0_0_0_1_0_0_0_1_0_1_1,1,3.3333333333333337e-6,4.714045207910317e-6,0.2751677852348993,80.0
1_0_0_0_0_1_1_0_0_0_1_1_0_1_0_1_1_0_1_1_0_0_1_1_1_1_1_0_1_1_1_0_1_1_1_1_1_1_1_1_0_0_0_0_0_0,1,3.3333333333333337e-6,4.714045207910317e-6,0.18120805369127516,180.0
0_1_1_1_1_0_0_1_1_1_0_0_1_0_1_0_0_1_0_0_1_0_0_0_1_0_0_1_1_0_0_1_1_1_1_1_0_1_1_1_1_0_0_1_1_1,1,3.3333333333333337e-6,4.714045207910317e-6,0.18791946308724833,270.0
0_0_0_0_0_1_1_0_0_0_0_0_0_0_0_0_1_0_0_0_0_1_0_1_0_1_0_0_0_0_0_0_0_0_0_0_0_0_0_0_0_1_1_0_1_1,0,3.3333333333333337e-6,4.714045207910317e-6,0.11409395973154363,1001.0
0_0_0_0_0_1_1_0_0_0_0_0_1_0_1_0_0_1_1_0_0_1_1_0_0_1_0_0_0_1_0_0_0_0_0_0_0_0_0_0_0_1_1_1_1_1,0,3.3333333333333337e-6,4.714045207910317e-6,0.1342281879194631,1001.0
0_1_0_1_1_0_0_1_1_1_0_1_0_0_1_1_1_1_0_0_1_0_0_0_0_0_1_1_0_1_0_1_1_1_0_1_1_1_0_1_1_1_0_1_0_0,1,3.3333333333333337e-6,4.714045207910317e-6,0.24161073825503357,270.0
0_0_0_0_0_1_1_0_0_0_0_0_1_0_0_0_0_0_1_0_0_1_1_1_0_1_0_0_0_1_0_0_0_0_0_0_0_0_0_0_0_1_1_0_1_1,0,3.3333333333333337e-6,4.714045207910317e-6,0.1476510067114094,1001.0
0_0_1_0_0_1_1_0_0_0_0_1_1_1_0_0_0_0_1_1_0_1_1_1_1_1_1_0_1_1_0_0_0_0_1_0_0_0_1_0_0_0_1_0_1_1,1,3.3333333333333337e-6,4.714045207910317e-6,0.2483221476510067,140.0
1_0_1_1_1_0_0_1_1_1_1_1_1_1_1_0_0_1_1_1_1_1_1_0_1_0_1_1_1_1_1_1_0_0_1_0_0_0_1_0_0_0_1_0_1_1,1,3.3333333333333337e-6,4.714045207910317e-6,0.2214765100671141,120.0
1_1_0_0_0_1_1_0_0_0_1_0_0_0_0_1_1_0_0_0_1_0_0_1_0_0_0_1_0_1_1_0_1_1_1_1_1_1_0_1_1_1_0_1_0_0,1,3.3333333333333337e-6,4.714045207910317e-6,0.2550335570469799,180.0
0_0_0_0_0_1_1_0_0_0_0_0_0_0_0_1_1_0_1_1_0_0_1_1_0_1_1_0_0_1_0_0_1_1_1_1_0_1_0_1_0_1_0_1_0_0,1,3.3333333333333337e-6,4.714045207910317e-6,0.2080536912751678,330.0
0_0_1_1_1_0_0_1_1_1_0_1_1_0_1_0_0_1_0_0_0_0_0_0_1_1_1_0_1_0_0_1_1_1_1_1_0_1_1_1_0_0_0_0_1_1,1,3.3333333333333337e-6,4.714045207910317e-6,0.19463087248322147,210.0
0_0_0_1_1_0_0_1_1_1_0_1_1_0_1_0_0_1_1_0_1_0_1_0_1_0_1_1_1_1_0_1_1_1_1_1_1_1_1_1_0_0_0_1_1_1,1,3.3333333333333337e-6,4.714045207910317e-6,0.1610738255033557,180.0
0_1_0_0_0_1_1_0_0_0_0_0_0_0_0_0_1_0_0_0_1_0_0_1_0_1_0_1_0_1_0_0_1_1_1_1_1_1_0_1_1_1_0_1_1_1,1,3.3333333333333337e-6,4.714045207910317e-6,0.2483221476510067,130.0
0_0_1_0_0_1_1_0_0_0_0_1_1_1_0_0_0_0_1_1_0_1_1_1_1_1_1_0_1_1_0_0_0_0_0_0_0_0_1_0_0_0_1_0_1_1,1,3.3333333333333337e-6,4.714045207910317e-6,0.2483221476510067,350.0
0_1_1_0_0_1_1_0_0_0_0_0_0_1_0_1_1_0_0_1_0_1_0_1_0_1_0_0_0_0_0_0_0_0_0_0_1_0_0_0_1_1_1_0_0_0,1,3.3333333333333337e-6,4.714045207910317e-6,0.16778523489932887,200.0
0_1_0_1_1_0_0_1_1_1_0_0_1_0_1_0_0_1_0_0_1_0_0_0_1_0_0_1_1_0_0_1_1_1_1_1_0_1_1_1_1_0_0_1_1_1,1,3.3333333333333337e-6,4.714045207910317e-6,0.20134228187919462,170.0
1_0_1_1_1_0_0_1_1_1_1_0_1_1_1_1_0_1_1_1_0_1_1_0_1_1_0_0_1_0_1_1_0_0_1_0_0_0_1_0_0_0_1_0_0_0,1,3.3333333333333337e-6,4.714045207910317e-6,0.2953020134228188,270.0
1_0_1_1_1_0_0_1_1_1_1_1_1_1_1_0_0_1_1_0_0_1_1_0_1_1_1_0_1_0_1_1_0_0_1_0_0_0_1_0_0_0_1_0_1_1,1,3.3333333333333337e-6,4.714045207910317e-6,0.26174496644295303,420.0
1_1_0_0_0_1_1_0_0_0_1_0_0_1_0_1_1_0_0_1_1_0_0_1_0_0_0_1_0_0_1_0_1_1_0_1_1_1_0_1_1_1_0_1_0_0,1,3.3333333333333337e-6,4.714045207910317e-6,0.2751677852348993,170.0
0_1_1_1_1_0_0_1_1_1_0_1_1_0_1_0_0_1_0_0_1_0_0_0_1_0_0_1_1_1_0_1_1_1_1_1_1_1_1_1_1_0_0_1_1_1,1,3.3333333333333337e-6,4.714045207910317e-6,0.15436241610738255,320.0
0_0_0_0_0_1_1_0_0_0_0_0_0_1_0_1_1_0_1_1_0_0_1_1_0_1_0_0_0_1_0_0_1_1_0_1_0_1_0_1_0_1_0_1_0_0,1,3.3333333333333337e-6,4.714045207910317e-6,0.2214765100671141,310.0
0_0_0_1_1_0_0_1_1_1_0_1_0_0_1_1_1_1_0_0_0_0_0_0_0_0_1_0_0_0_0_1_1_1_0_1_1_1_0_1_0_1_0_1_0_0,1,3.3333333333333337e-6,4.714045207910317e-6,0.2751677852348993,150.0
1_0_1_1_1_0_0_1_1_1_1_1_1_1_1_0_0_1_1_0_0_1_1_0_1_0_1_0_1_0_1_1_0_0_1_0_0_0_1_0_0_0_1_0_1_1,1,3.3333333333333337e-6,4.714045207910317e-6,0.21476510067114093,280.0
1_1_0_0_0_1_1_1_0_0_1_1_0_1_0_1_1_0_1_1_1_0_1_1_0_0_1_1_0_1_1_0_1_1_1_1_1_1_0_1_1_1_0_1_0_0,1,3.3333333333333337e-6,4.714045207910317e-6,0.2953020134228188,320.0
1_0_1_1_1_0_0_1_1_1_1_0_1_0_1_0_0_1_1_0_1_0_1_0_1_0_0_1_1_0_1_1_1_1_1_1_0_1_1_1_0_0_0_0_1_1,1,3.3333333333333337e-6,4.714045207910317e-6,0.174496644295302,200.0
1_0_1_1_1_0_0_0_1_1_1_0_1_0_1_0_0_1_1_0_1_1_1_0_0_1_0_1_0_0_1_1_0_0_0_0_0_0_0_0_0_1_1_1_1_1,1,3.3333333333333337e-6,4.714045207910317e-6,0.2214765100671141,210.0
1_0_1_1_1_0_0_1_1_1_1_1_1_1_1_0_0_1_1_0_1_1_1_0_1_0_1_1_1_1_1_1_0_0_0_0_0_0_1_0_0_0_1_0_1_1,1,3.3333333333333337e-6,4.714045207910317e-6,0.22818791946308725,290.0
1_1_0_0_0_1_1_0_0_0_1_0_0_0_0_1_0_0_1_1_1_0_1_1_1_0_0_1_1_1_1_0_1_1_1_1_1_1_1_1_1_0_0_1_1_1,1,3.3333333333333337e-6,4.714045207910317e-6,0.20134228187919462,240.0
1_1_0_0_0_1_1_0_0_0_1_0_0_0_0_1_1_0_1_0_1_0_1_0_1_1_0_1_1_1_1_0_1_1_1_1_0_1_1_1_1_0_0_1_0_0,0,3.3333333333333337e-6,4.714045207910317e-6,0.11409395973154363,1001.0
0_0_0_1_1_0_0_1_1_1_0_1_1_0_1_0_0_1_1_0_0_1_1_0_1_0_1_0_1_1_0_1_0_0_1_0_1_0_1_0_0_0_1_0_1_1,1,3.3333333333333337e-6,4.714045207910317e-6,0.2214765100671141,430.0
0_0_0_0_0_1_1_0_0_0_0_0_1_0_1_1_1_0_1_0_0_1_1_1_0_1_0_0_0_1_0_0_0_0_0_0_0_0_0_0_0_1_1_0_0_0,0,3.3333333333333337e-6,4.714045207910317e-6,0.1476510067114094,1001.0
