states,flag,Avg0,SD0,frust0,time
1_0_0_1_0_1_0_0_0_1_0_0_0_0_0_0_1_0_1_1_1_0_0_1_0_1_0_0_1_0_0_0_0_0_0_0_0_0_1_0_0_0_1_1_0_1,1,0.07960666666666667,0.0007396545740336407,0.15083798882681565,313.55733476840436
0_1_1_0_1_0_1_1_1_0_1_1_1_1_1_1_0_1_0_0_0_1_1_0_1_0_1_1_0_1_1_1_1_1_1_1_1_1_0_1_1_1_0_0_1_0,1,0.07858333333333332,0.0005810526845495367,0.15083798882681565,313.8448034168075
0_1_1_0_1_1_1_1_1_0_1_1_1_1_1_1_0_1_0_0_0_1_1_0_0_0_1_1_0_1_1_1_1_1_1_1_1_1_0_1_1_1_0_0_1_0,1,0.07485666666666667,8.178562764257088e-5,0.15083798882681565,343.16961207116475
1_0_0_1_0_0_0_0_0_1_0_0_0_0_0_0_1_0_1_1_1_0_0_1_1_1_0_0_1_0_0_0_0_0_0_0_0_0_1_0_0_0_1_1_0_1,1,0.07397333333333334,0.0003382635395992647,0.15083798882681565,342.46158932252075
1_1_1_1_1_0_1_1_1_0_1_1_1_1_1_1_0_1_1_0_0_0_1_1_1_1_1_0_1_1_1_1_0_0_0_1_1_0_0_0_1_0_0_0_1_0,1,0.03518333333333334,0.0005677049311824645,0.17318435754189945,310.83766544664945
0_0_0_0_0_1_0_0_0_1_0_0_0_0_0_0_1_0_0_1_1_1_0_0_0_0_0_1_0_0_0_0_1_1_1_0_0_1_1_1_0_1_1_1_0_1,1,0.03457333333333334,0.0003917765803221125,0.17318435754189945,310.9948534340109
1_1_1_1_1_1_1_1_1_0_1_1_1_1_1_1_0_1_1_0_0_0_1_1_0_1_1_0_1_1_1_1_0_0_0_1_1_0_0_0_1_0_0_0_1_0,1,0.0327,0.0005329790489941114,0.17318435754189945,336.1871380241344
0_0_0_0_0_0_0_0_0_1_0_0_0_0_0_0_1_0_0_1_1_1_0_0_1_0_0_1_0_0_0_0_1_1_1_0_0_1_1_1_0_1_1_1_0_1,1,0.03243666666666667,0.0006636431437317948,0.17318435754189945,337.25956178820655
0_1_1_0_1_0_1_1_1_0_0_1_1_1_1_1_1_1_0_1_1_1_1_0_0_0_1_1_0_1_1_1_1_1_1_0_1_1_1_1_1_1_0_0_0_0,1,0.02469,0.00033136083051561846,0.2011173184357542,445.05005518298566
1_0_0_1_0_1_0_0_0_1_1_0_0_0_0_0_0_0_1_0_0_0_0_1_1_1_0_0_1_0_0_0_0_0_0_1_0_0_0_0_0_0_1_1_1_1,1,0.024686666666666666,0.0001228368384845884,0.2011173184357542,440.9107301833761
0_1_1_0_1_0_1_1_1_0_0_1_1_1_1_1_0_1_0_0_1_1_1_0_1_0_1_1_0_1_1_1_1_1_1_1_1_1_1_1_1_1_0_0_0_0,1,0.02094333333333333,0.0003175251521095956,0.18994413407821228,389.93665775342805
1_0_0_1_0_1_0_0_0_1_1_0_0_0_0_0_1_0_1_1_0_0_0_1_0_1_0_0_1_0_0_0_0_0_0_0_0_0_0_0_0_0_1_1_1_1,1,0.0205,0.0003533647784749735,0.18994413407821228,389.8880530848539
1_1_1_1_1_1_1_1_1_0_1_1_1_1_0_1_0_0_1_0_0_0_1_1_0_1_0_0_1_1_1_1_0_0_0_1_1_0_0_0_1_0_0_0_1_0,1,0.015523333333333333,0.0003012566274052002,0.2011173184357542,303.2240095975889
0_0_0_0_0_0_0_0_0_1_0_0_0_0_1_0_1_1_0_1_1_1_0_0_1_0_1_1_0_0_0_0_1_1_1_0_0_1_1_1_0_1_1_1_0_1,1,0.015053333333333333,9.030811456096033e-5,0.2011173184357542,303.5556400665322
1_1_1_1_1_0_1_1_1_0_1_1_1_1_0_1_0_0_1_0_0_0_1_1_1_1_0_0_1_1_1_1_0_0_0_1_1_0_0_0_1_0_0_0_1_0,1,0.01411,0.00032751590292177675,0.2011173184357542,281.1736010211125
0_0_0_0_0_1_0_0_0_1_0_0_0_0_1_0_1_1_0_1_1_1_0_0_0_0_1_1_0_0_0_0_1_1_1_0_0_1_1_1_0_1_1_1_0_1,1,0.013943333333333334,0.0002852289528704186,0.2011173184357542,279.3006120555363
1_1_1_1_1_0_1_1_1_0_0_1_1_1_1_1_1_1_1_1_1_0_1_1_0_1_1_0_1_1_1_1_0_0_0_0_1_0_1_0_1_0_0_0_0_0,1,0.010676666666666668,8.956685895029564e-5,0.22346368715083798,428.91557450113413
0_0_0_0_0_1_0_0_0_1_1_0_0_0_0_0_1_0_0_1_0_1_0_0_0_0_0_1_0_0_0_0_1_1_1_0_0_1_0_1_0_1_1_1_1_1,1,0.010553333333333333,0.0002819377393838732,0.2122905027932961,376.02081734548
0_0_0_0_0_1_0_0_0_1_1_0_0_0_0_0_0_0_0_0_0_1_0_0_1_0_0_1_0_0_0_0_1_1_1_1_0_1_0_1_0_1_1_1_1_1,1,0.010493333333333334,0.0004134677200889511,0.22346368715083798,426.7507471324223
1_1_1_1_1_0_1_1_1_0_0_1_1_1_1_1_0_1_1_0_1_0_1_1_1_1_1_0_1_1_1_1_0_0_0_1_1_0_1_0_1_0_0_0_0_0,1,0.010286666666666666,0.00025940101944458297,0.2122905027932961,373.4140049298391
0_1_0_0_1_0_0_0_0_1_0_1_1_0_1_1_1_1_0_1_1_1_0_0_0_0_1_1_0_0_0_1_1_1_1_0_0_1_1_1_0_1_0_0_0_0,1,0.005783333333333334,0.00019362047641943491,0.19553072625698323,312.2029295181469
1_0_1_1_0_1_1_1_1_0_1_0_0_1_0_0_0_0_1_0_0_0_1_1_1_1_0_0_1_1_1_0_0_0_0_1_1_0_0_0_1_0_1_1_1_1,1,0.005696666666666667,0.0002192917893786472,0.19553072625698323,307.7379409375646
1_0_1_1_0_1_1_1_1_0_1_0_0_1_0_0_0_0_1_0_0_0_1_1_0_1_0_0_1_1_1_0_0_0_0_1_1_0_0_0_1_0_1_1_1_1,1,0.005356666666666667,0.0001236482466066093,0.18994413407821228,300.3657284757522
0_1_0_0_1_0_0_0_0_1_0_1_1_0_1_1_1_1_0_1_1_1_0_0_1_0_1_1_0_0_0_1_1_1_1_0_0_1_1_1_0_1_0_0_0_0,1,0.005273333333333334,9.104333522498447e-5,0.18994413407821228,300.67357209550977
0_1_1_0_1_0_1_1_1_0_0_1_1_1_1_1_0_1_0_0_1_1_1_0_0_0_1_1_0_1_1_1_1_1_1_1_1_1_1_1_1_1_0_0_0_0,1,0.0051600000000000005,0.00018493242008906925,0.19553072625698323,381.72960600153584
1_0_0_1_0_1_0_0_0_1_1_0_0_0_0_0_1_0_1_1_0_0_0_1_1_1_0_0_1_0_0_0_0_0_0_0_0_0_0_0_0_0_1_1_1_1,1,0.004943333333333333,0.0002015495527710798,0.19553072625698323,369.65350566754205
1_1_0_1_1_0_0_0_0_1_0_1_1_0_1_1_1_1_1_1_1_0_0_1_0_1_1_0_1_0_0_1_0_0_0_0_0_0_1_0_0_0_0_0_0_0,1,0.004390000000000001,0.00010424330514074602,0.20670391061452514,306.21783386730755
0_0_1_0_0_1_1_1_1_0_1_0_0_1_0_0_0_0_0_0_0_1_1_0_1_0_0_1_0_1_1_0_1_1_1_1_1_1_0_1_1_1_1_1_1_1,1,0.004263333333333333,0.0001268419839362696,0.20670391061452514,303.8185815685301
0_1_1_0_1_1_1_1_1_0_1_0_1_1_1_1_0_1_0_0_0_1_1_0_1_0_1_1_0_1_1_1_1_1_1_1_1_1_0_1_0_1_0_0_1_0,1,0.004153333333333333,8.993825042154677e-5,0.21787709497206703,302.5937953936989
1_1_0_1_1_0_0_0_0_1_0_1_1_0_1_1_1_1_1_1_1_0_0_1_1_1_1_0_1_0_0_1_0_0_0_0_0_0_1_0_0_0_0_0_0_0,1,0.00406,4.546060565661983e-5,0.2011173184357542,291.26340741497967
1_1_0_1_1_1_1_0_0_0_0_1_1_0_1_1_1_1_1_1_1_0_0_1_0_1_1_0_1_0_0_1_0_0_0_0_1_0_1_0_1_0_0_0_0_0,1,0.00401,9.899494936611656e-5,0.24581005586592178,385.84713269610296
0_1_0_0_1_1_0_0_0_1_0_0_0_0_1_0_1_1_0_1_1_1_0_0_0_0_1_1_0_0_0_1_1_1_1_0_0_1_1_1_0_1_1_1_0_1,1,0.003996666666666667,0.00016779617264870968,0.18435754189944134,258.2544676334123
0_0_1_0_0_0_0_1_1_1_1_0_0_1_0_0_0_0_0_0_0_1_1_0_1_0_0_1_0_1_1_0_1_1_1_1_0_1_0_1_0_1_1_1_1_1,1,0.003943333333333333,0.00019189117286165652,0.24581005586592178,375.21621672224813
1_0_0_1_0_0_0_0_0_1_0_1_0_0_0_0_1_0_1_1_1_0_0_1_0_1_0_0_1_0_0_0_0_0_0_0_0_0_1_0_1_0_1_1_0_1,1,0.003943333333333333,0.0001744196726926817,0.21787709497206703,302.0595680713698
0_1_0_0_1_0_0_0_0_1_0_0_0_0_1_0_1_1_0_1_1_1_0_0_1_0_1_1_0_0_0_1_1_1_1_0_0_1_1_1_0_1_1_1_0_1,1,0.00394,5.8878405775518934e-5,0.18435754189944134,267.27955635805375
1_0_1_1_0_0_1_1_1_0_1_1_1_1_0_1_0_0_1_0_0_0_1_1_1_1_0_0_1_1_1_0_0_0_0_1_1_0_0_0_1_0_0_0_1_0,1,0.00393,0.00019949937343260015,0.18435754189944134,262.31066051810666
1_0_1_1_0_1_1_1_1_0_1_1_1_1_0_1_0_0_1_0_0_0_1_1_0_1_0_0_1_1_1_0_0_0_0_1_1_0_0_0_1_0_0_0_1_0,1,0.00392,0.00014236104336041744,0.18435754189944134,266.04848734873485
0_0_1_0_0_1_1_1_1_0_1_0_0_1_0_0_0_0_0_0_0_1_1_0_0_0_0_1_0_1_1_0_1_1_1_1_1_1_0_1_1_1_1_1_1_1,1,0.003916666666666666,6.236095644623236e-5,0.2011173184357542,288.539035964036
1_0_0_1_0_1_0_0_0_1_1_0_0_0_0_0_1_0_1_1_0_0_0_1_0_1_0_0_1_0_0_0_0_0_0_0_0_0_0_0_0_0_1_1_0_1,1,0.0036766666666666666,8.498365855987983e-5,0.2122905027932961,350.20535081993415
0_1_1_0_1_0_1_1_1_0_0_1_1_1_1_1_0_1_0_0_1_1_1_0_1_0_1_1_0_1_1_1_1_1_1_1_1_1_1_1_1_1_0_0_1_0,1,0.0036066666666666664,1.2472191289246504e-5,0.2122905027932961,354.0809297192216
1_0_0_1_0_0_0_0_0_1_0_1_0_0_0_0_1_0_1_1_1_0_0_1_0_1_0_0_1_0_0_0_0_0_0_0_0_0_1_0_0_0_1_1_0_1,1,0.0033699999999999997,4.320493798938565e-5,0.2011173184357542,261.9797411106371
0_1_1_0_1_1_1_1_1_0_1_0_1_1_1_1_0_1_0_0_0_1_1_0_1_0_1_1_0_1_1_1_1_1_1_1_1_1_0_1_1_1_0_0_1_0,1,0.003323333333333333,8.576453553512391e-5,0.2011173184357542,261.1389008944893
1_0_0_1_0_0_0_0_0_1_0_1_0_0_0_0_1_0_1_1_1_0_0_1_1_1_0_0_1_0_0_0_0_0_0_0_0_0_1_0_0_0_1_1_0_1,1,0.0032,5.354126134736332e-5,0.19553072625698323,260.9401162673428
0_1_1_0_1_1_1_1_1_0_1_0_1_1_1_1_0_1_0_0_0_1_1_0_0_0_1_1_0_1_1_1_1_1_1_1_1_1_0_1_1_1_0_0_1_0,1,0.0031733333333333336,0.00017172329163188334,0.19553072625698323,253.70360721085115
0_1_0_0_1_0_0_0_0_1_0_1_1_0_1_1_1_1_0_1_1_1_0_0_0_0_1_1_0_0_0_1_1_1_1_0_0_1_1_1_1_1_0_0_0_0,1,0.0030833333333333338,3.0912061651652226e-5,0.2122905027932961,280.2588779281468
1_0_1_1_0_1_1_1_1_0_1_0_0_1_0_0_0_0_1_0_0_0_1_1_1_1_0_0_1_1_1_0_0_0_0_1_1_0_0_0_0_0_1_1_1_1,1,0.003076666666666667,0.00015434449203720303,0.2122905027932961,274.9662607307169
0_1_1_0_1_1_1_0_1_0_1_0_1_1_1_1_0_1_0_0_0_1_1_0_1_0_1_1_0_1_1_1_1_1_1_1_1_1_0_1_0_1_0_0_1_0,1,0.0029566666666666665,4.9216076867444794e-5,0.22905027932960895,289.672958896015
1_0_0_1_0_0_0_1_0_1_0_1_0_0_0_0_1_0_1_1_1_0_0_1_0_1_0_0_1_0_0_0_0_0_0_0_0_0_1_0_1_0_1_1_0_1,1,0.002856666666666667,0.0001108552609887727,0.22905027932960895,293.0878089047103
0_1_1_0_1_0_1_1_1_0_0_1_1_1_1_1_0_1_0_0_0_1_1_0_1_0_1_1_0_1_1_1_1_1_1_1_1_1_1_1_1_1_0_0_0_0,1,0.002773333333333333,8.498365855987983e-5,0.20670391061452514,295.31888170311356
0_1_0_0_1_1_1_0_0_0_0_1_1_0_1_1_1_1_0_1_1_1_1_0_0_0_1_1_0_1_1_1_1_1_1_0_1_1_1_1_0_1_0_0_1_0,1,0.00267,0.00016309506430300098,0.21787709497206703,331.2704772049665
0_1_0_0_1_1_0_0_0_1_0_0_0_0_0_0_1_1_0_1_1_1_0_0_0_0_1_1_0_0_0_1_1_1_1_0_0_1_1_1_0_1_1_1_0_1,1,0.0026666666666666666,0.00016779617264870962,0.17318435754189945,257.4963111880815
1_0_0_1_0_1_0_0_0_1_1_0_0_0_0_0_1_0_1_1_1_0_0_1_0_1_0_0_1_0_0_0_0_0_0_0_0_0_0_0_0_0_1_1_1_1,1,0.00265,0.0001296148139681572,0.20670391061452514,296.96248715070493
1_0_1_1_0_0_0_1_1_1_1_0_0_1_0_0_0_0_1_0_0_0_0_1_1_1_0_0_1_0_0_0_0_0_0_1_0_0_0_0_1_0_1_1_0_1,1,0.0025466666666666663,2.6246692913372644e-5,0.21787709497206703,339.28818085311156
1_1_0_1_1_0_0_0_0_1_0_1_1_0_1_1_1_1_1_1_1_0_0_1_0_1_1_0_1_0_0_1_0_0_0_0_0_0_1_0_1_0_0_0_0_0,1,0.0025366666666666667,0.00022528993664954408,0.22346368715083798,284.8661409612978
0_1_1_0_1_1_1_1_1_0_0_1_1_1_1_1_1_1_0_1_1_1_1_0_0_0_1_1_0_1_1_1_1_1_1_0_1_1_1_1_1_1_0_0_1_0,1,0.002493333333333333,6.548960901462834e-5,0.21787709497206703,303.71672699678703
1_0_0_1_0_0_0_0_0_1_1_0_0_0_0_0_0_0_1_0_0_0_0_1_1_1_0_0_1_0_0_0_0_0_0_1_0_0_0_0_0_0_1_1_0_1,1,0.00248,0.00017204650534085263,0.21787709497206703,300.5798269386203
0_0_1_0_0_1_1_1_1_0_1_0_0_1_0_0_0_0_0_0_0_1_1_0_1_0_0_1_0_1_1_0_1_1_1_1_1_1_0_1_0_1_1_1_1_1,1,0.00243,1.6329931618554564e-5,0.22346368715083798,280.6053774753417
1_0_1_1_0_0_1_1_1_0_1_1_1_1_1_1_0_0_1_0_0_0_1_1_1_1_0_0_1_1_1_0_0_0_0_1_1_0_0_0_1_0_0_0_1_0,1,0.0024233333333333333,0.00018263503375736976,0.17318435754189945,266.48013162200544
0_0_1_0_0_1_1_1_1_0_1_0_1_1_1_1_0_1_0_0_0_1_1_0_1_0_1_1_0_1_1_0_1_1_1_1_1_1_0_1_1_1_0_0_1_0,1,0.0024,0.00013589211407093,0.17318435754189945,270.51066895494137
1_1_0_1_1_0_0_0_0_1_0_1_0_0_0_0_1_0_1_1_1_0_0_1_0_1_0_0_1_0_0_1_0_0_0_0_0_0_1_0_0_0_1_1_0_1,1,0.002376666666666667,2.4944382578492812e-5,0.17318435754189945,270.6992343822814
0_1_0_0_1_0_0_0_0_1_0_0_0_0_0_0_1_1_0_1_1_1_0_0_1_0_1_1_0_0_0_1_1_1_1_0_0_1_1_1_0_1_1_1_0_1,1,0.00235,0.0,0.17318435754189945,268.241134751773
1_0_0_1_0_0_0_0_0_1_0_0_0_1_0_0_0_0_1_0_0_0_0_1_1_1_0_0_1_0_0_0_0_0_0_1_0_0_1_0_0_0_1_1_0_1,1,0.002266666666666667,0.00017461067804945053,0.21787709497206703,283.73668081093825
0_1_1_0_1_1_1_1_1_0_1_1_1_0_1_1_1_1_0_1_1_1_1_0_0_0_1_1_0_1_1_1_1_1_1_0_1_1_0_1_1_1_0_0_1_0,1,0.002256666666666667,0.00010873004286866715,0.21787709497206703,279.0694225688899
1_1_0_1_1_0_0_0_0_1_0_1_0_0_0_0_1_0_1_1_1_0_0_1_1_1_0_0_1_0_0_1_0_0_0_0_0_0_1_0_0_0_1_1_0_1,1,0.002213333333333333,9.877021593352709e-5,0.16759776536312848,256.47958086900866
1_0_0_1_0_0_0_0_0_1_0_1_0_0_0_0_1_0_1_1_1_0_0_1_1_1_0_0_1_0_0_0_0_0_0_0_0_0_1_0_1_0_1_1_0_1,1,0.002176666666666667,0.00017211107524567432,0.2122905027932961,298.68088109911025
0_1_1_0_1_1_1_1_1_0_1_0_1_1_1_1_0_1_0_0_0_1_1_0_0_0_1_1_0_1_1_1_1_1_1_1_1_1_0_1_0_1_0_0_1_0,1,0.00217,0.00013638181696985855,0.2122905027932961,301.6043088699405
1_0_1_1_0_1_1_1_1_0_1_1_1_1_1_1_0_0_1_0_0_0_1_1_0_1_0_0_1_1_1_0_0_0_0_1_1_0_0_0_1_0_0_0_1_0,1,0.0021566666666666665,6.548960901462833e-5,0.17318435754189945,268.71294403271145
1_0_0_1_0_0_0_0_0_1_0_0_0_1_0_0_1_0_1_1_0_0_0_1_1_1_0_0_1_0_0_0_0_0_0_0_0_0_1_0_0_0_1_1_0_1,1,0.00214,2.8284271247461973e-5,0.2122905027932961,307.3615520282187
0_0_1_0_0_1_1_1_1_0_1_0_1_1_1_1_0_1_0_0_0_1_1_0_0_0_1_1_0_1_1_0_1_1_1_1_1_1_0_1_1_1_0_0_1_0,1,0.00212,0.00014514360704718154,0.16759776536312848,259.08196412140404
0_1_0_0_1_0_0_0_0_1_0_1_1_0_1_1_1_1_0_1_1_1_0_0_1_0_1_1_0_0_0_1_1_1_1_0_0_1_1_1_1_1_0_0_0_0,1,0.002086666666666667,0.0001541283736226252,0.20670391061452514,282.9688808976792
0_0_0_0_0_1_0_0_0_1_1_0_0_0_0_0_1_0_0_1_0_1_0_0_1_0_0_1_0_0_0_0_1_1_1_0_0_1_0_1_0_1_1_1_1_1,1,0.0020533333333333332,2.4944382578492853e-5,0.21787709497206703,336.828648417493
1_0_0_1_0_0_0_0_0_1_0_0_0_1_0_0_1_0_1_1_1_0_0_1_1_1_0_0_1_0_0_0_0_0_0_0_0_0_1_0_0_0_1_1_0_1,1,0.00201,0.00015748015748023633,0.21787709497206703,284.43623676888177
0_1_1_0_1_1_1_1_1_0_1_1_1_0_1_1_0_1_0_0_1_1_1_0_0_0_1_1_0_1_1_1_1_1_1_1_1_1_0_1_1_1_0_0_1_0,1,0.0020066666666666666,0.0001040299102288481,0.2122905027932961,302.8798777370417
1_0_1_1_0_0_0_0_0_1_0_0_0_1_0_0_0_0_1_0_0_0_0_1_1_1_0_0_1_0_0_0_0_0_0_1_0_0_1_0_1_0_1_1_0_1,1,0.0019500000000000001,4.966554808583782e-5,0.22346368715083798,332.11096675439666
0_1_1_0_1_1_1_1_1_0_0_1_1_1_1_1_0_1_0_0_1_1_1_0_0_0_1_1_0_1_1_1_1_1_1_1_1_1_1_1_1_1_0_0_1_0,1,0.001936666666666667,8.730533902472533e-5,0.2122905027932961,348.7253920135693
1_0_1_1_0_1_1_1_1_0_1_0_0_1_0_0_0_0_1_0_0_0_1_1_0_1_0_0_1_1_1_0_0_0_0_1_1_0_0_0_0_0_1_1_1_1,1,0.00193,6.480740698407856e-5,0.20670391061452514,279.7698638118127
1_1_1_1_1_0_1_1_1_0_0_1_1_1_1_1_0_1_1_0_1_0_1_1_0_1_1_0_1_1_1_1_0_0_0_1_1_0_1_0_1_0_0_0_0_0,1,0.0019133333333333335,0.00012229290885229423,0.21787709497206703,342.44062953149387
1_0_0_1_0_0_0_0_0_1_1_0_0_0_0_0_1_0_1_1_0_0_0_1_1_1_0_0_1_0_0_0_0_0_0_0_0_0_0_0_0_0_1_1_0_1,1,0.0018933333333333335,5.792715732327587e-5,0.2122905027932961,353.24277260091145
0_1_1_0_1_1_1_1_1_0_1_1_1_0_1_1_0_1_0_0_0_1_1_0_0_0_1_1_0_1_1_1_1_1_1_1_1_1_0_1_1_1_0_0_1_0,1,0.00189,1.4142135623730987e-5,0.21787709497206703,275.4715264096069
0_1_0_0_1_1_1_1_1_0_1_1_1_0_1_1_1_1_0_1_1_1_1_0_0_0_1_1_0_1_1_1_1_1_1_0_1_1_0_1_0_1_0_0_1_0,1,0.0018166666666666667,7.408703590297627e-5,0.22346368715083798,326.9418572766185
0_1_1_0_1_1_1_1_1_0_1_1_1_0_1_1_0_1_0_0_0_1_1_0_1_0_1_1_0_1_1_1_1_1_1_1_1_1_0_1_1_1_0_0_1_0,1,0.0018066666666666665,9.177266598624143e-5,0.22346368715083798,281.5605532853046
1_0_1_1_0_1_1_1_1_0_1_0_0_1_0_0_0_0_1_0_0_0_1_1_0_1_0_0_1_1_1_0_0_0_0_0_1_0_0_0_0_0_1_1_1_1,1,0.0017766666666666666,4.642796092394709e-5,0.22346368715083798,277.34682842498876
0_1_0_0_1_0_0_0_0_1_0_1_1_0_1_1_1_1_0_1_1_1_0_0_1_0_1_1_0_0_0_1_1_1_1_1_0_1_1_1_1_1_0_0_0_0,1,0.0017633333333333331,8.178562764256866e-5,0.22346368715083798,279.7504391743522
0_0_0_0_0_0_0_0_0_1_0_0_0_0_1_1_1_1_0_1_1_1_0_0_1_0_1_1_0_0_0_0_1_1_1_0_0_1_1_1_0_1_0_1_0_1,1,0.0017266666666666665,0.00011085526098877254,0.21787709497206703,257.19125986386047
1_1_0_1_1_0_0_1_0_1_0_1_1_0_1_1_1_1_1_1_1_0_0_1_0_1_1_0_1_0_0_1_0_0_0_0_0_0_1_0_1_0_0_0_0_0,1,0.00172,0.00011045361017187264,0.2346368715083799,314.8994671706655
1_1_1_1_1_0_1_1_1_0_0_1_1_1_1_1_0_1_1_0_1_0_1_1_1_1_1_0_1_1_1_1_0_0_0_1_1_0_1_0_1_0_0_0_1_0,1,0.0016833333333333333,9.741092797468305e-5,0.2346368715083799,321.65330541135756
1_0_0_1_0_0_0_0_0_1_0_0_0_1_0_0_1_0_1_1_1_0_0_1_0_1_0_0_1_0_0_0_0_0_0_0_0_0_1_0_0_0_1_1_0_1,1,0.0016733333333333333,7.03957069398096e-5,0.22346368715083798,280.3612698888259
1_1_0_1_1_0_0_0_0_1_0_1_1_0_1_1_1_1_1_1_1_0_0_1_1_1_1_0_1_0_0_1_0_0_0_0_0_0_1_0_1_0_0_0_0_0,1,0.00166,7.483314773547886e-5,0.21787709497206703,279.6445545295499
1_0_0_1_0_0_0_0_0_1_0_1_0_0_0_0_1_0_1_1_1_0_0_1_1_1_0_0_1_0_0_0_0_0_0_1_0_0_1_0_1_0_1_1_0_1,1,0.0016566666666666665,5.185449728701352e-5,0.22905027932960895,284.1644663288851
1_1_1_1_1_1_1_1_1_0_1_0_1_1_1_1_0_1_1_0_0_0_1_1_1_1_1_0_1_1_1_1_0_0_0_1_1_0_0_0_0_0_0_0_1_0,1,0.0016400000000000002,8.524474568362944e-5,0.24022346368715083,284.9027648015502
1_1_1_1_1_0_1_1_1_0_1_1_1_1_0_0_0_0_1_0_0_0_1_1_1_1_0_0_1_1_1_1_0_0_0_1_1_0_0_0_1_0_1_0_1_0,1,0.0016066666666666666,0.00012657891697365013,0.21787709497206703,238.30954208025648
0_1_1_0_1_1_1_1_1_0_1_0_1_1_1_1_0_1_0_0_0_1_1_0_0_0_1_1_0_1_1_1_1_1_1_0_1_1_0_1_0_1_0_0_1_0,1,0.0015833333333333335,0.00010530379332620874,0.22905027932960895,296.544412180096
1_0_0_1_0_0_0_1_0_1_0_1_0_0_0_0_1_0_1_1_1_0_0_1_1_1_0_0_1_0_0_0_0_0_0_1_0_0_1_0_1_0_1_1_0_1,1,0.00158,0.00012832251036613441,0.24022346368715083,285.46541065771834
1_1_1_1_1_1_1_1_1_0_1_1_1_1_0_0_0_0_1_0_0_0_1_1_0_1_0_0_1_1_1_1_0_0_0_1_1_0_0_0_1_0_1_0_1_0,1,0.0015766666666666665,4.988876515698584e-5,0.21787709497206703,262.875106225077
0_0_0_0_0_1_0_0_0_1_1_0_0_0_0_0_1_0_0_1_0_1_0_0_0_0_0_1_0_0_0_0_1_1_1_0_0_1_0_1_0_1_1_1_0_1,1,0.00157,0.00010984838035522722,0.2346368715083799,313.102092169564
0_1_1_0_1_1_1_0_1_0_1_0_1_1_1_1_0_1_0_0_0_1_1_0_0_0_1_1_0_1_1_1_1_1_1_0_1_1_0_1_0_1_0_0_1_0,1,0.00155,6.37704215656966e-5,0.24022346368715083,284.39226296236467
0_0_1_0_0_1_1_1_1_0_1_0_0_1_0_0_0_0_0_0_0_1_1_0_0_0_0_1_0_1_1_0_1_1_1_1_1_1_0_1_0_1_1_1_1_1,1,0.0015433333333333334,7.717224601860151e-5,0.21787709497206703,281.7922350959248
0_0_0_0_0_1_0_0_0_1_0_0_0_0_1_1_1_1_0_1_1_1_0_0_0_0_1_1_0_0_0_0_1_1_1_0_0_1_1_1_0_1_0_1_0_1,1,0.00154,0.00016309506430300098,0.21787709497206703,233.52373209140342
0_1_0_0_1_1_1_1_0_0_0_1_1_0_1_1_1_1_0_1_1_1_1_0_0_0_1_1_0_1_1_1_1_1_1_0_1_1_1_1_1_1_0_0_1_0,1,0.0015300000000000001,0.00011518101695447334,0.22346368715083798,279.696862188584
1_0_1_1_0_0_0_0_1_1_1_0_0_1_0_0_0_0_1_0_0_0_0_1_1_1_0_0_1_0_0_0_0_0_0_1_0_0_0_0_0_0_1_1_0_1,1,0.00153,0.00013063945294843624,0.22346368715083798,285.10747535551843
0_0_1_0_0_1_1_0_1_0_1_0_0_1_0_0_0_0_0_0_0_1_1_0_1_0_0_1_0_1_1_0_1_1_1_1_1_1_0_1_0_1_1_1_1_1,1,0.0015233333333333334,6.944222218666554e-5,0.2346368715083799,308.55719461697726
0_0_0_0_0_0_0_0_0_1_0_1_0_0_0_0_1_0_0_1_1_1_0_0_0_0_0_1_0_0_0_0_1_1_1_0_0_1_1_1_1_1_1_1_0_1,1,0.0015199999999999999,5.354126134736341e-5,0.24022346368715083,280.37546327281
1_0_1_1_0_0_0_0_1_1_1_0_0_1_0_0_0_0_1_0_0_0_0_1_0_1_0_0_1_0_0_0_0_0_0_0_0_0_0_0_0_0_1_1_0_1,1,0.0015166666666666668,0.00010873004286866729,0.2346368715083799,315.64900329018485
1_1_1_1_1_1_1_1_1_0_1_0_1_1_1_1_0_1_1_0_0_0_1_1_0_1_1_0_1_1_1_1_0_0_0_1_1_0_0_0_1_0_0_0_1_0,1,0.0015000000000000002,0.00010033277962194937,0.21787709497206703,266.70743976227135
1_1_1_1_1_1_1_1_1_0_1_0_1_1_1_1_0_1_1_0_0_0_1_1_1_1_1_0_1_1_1_1_0_0_0_1_1_0_0_0_1_0_0_0_1_0,1,0.0014933333333333335,9.030811456096051e-5,0.22346368715083798,270.75404004478133
0_1_0_0_1_1_1_1_0_0_0_1_1_0_1_1_1_1_0_1_1_1_1_0_1_0_1_1_0_1_1_1_1_1_1_1_1_1_1_1_1_1_0_0_1_0,1,0.0014566666666666667,0.00010842303978193736,0.2346368715083799,317.6501035196688
0_0_0_0_0_0_0_0_0_1_0_1_0_0_0_0_1_0_0_1_1_1_0_0_0_0_0_1_0_0_0_0_1_1_1_0_0_1_1_1_0_1_1_1_0_1,1,0.00145,4.320493798938575e-5,0.22346368715083798,267.2105989606342
0_0_0_0_0_0_0_0_0_1_0_1_0_0_0_0_1_0_0_1_1_1_0_0_1_0_0_1_0_0_0_0_1_1_1_0_0_1_1_1_0_1_1_1_0_1,1,0.0014166666666666668,7.58653778449403e-5,0.21787709497206703,267.1679231634331
0_0_1_0_0_1_1_1_1_0_1_0_0_1_0_0_0_0_0_0_0_1_1_0_0_0_0_1_0_1_1_0_1_1_1_0_1_1_0_1_0_1_1_1_1_1,1,0.0014133333333333333,4.027681991198191e-5,0.2346368715083799,284.21448466781146
0_1_1_0_1_1_1_1_1_0_0_1_1_1_1_1_0_1_0_0_0_1_1_0_0_0_1_1_0_1_1_1_1_1_1_1_1_1_1_1_1_1_0_0_1_0,1,0.0014066666666666665,0.00011440668201153671,0.21787709497206703,282.03083687119755
1_0_0_1_0_0_0_0_0_1_1_0_0_0_0_0_1_0_1_1_1_0_0_1_1_1_0_0_1_0_0_0_0_0_0_0_0_0_0_0_0_0_1_1_0_1,1,0.0014066666666666665,6.342099196813483e-5,0.21787709497206703,275.64269064269064
0_1_1_0_1_1_1_0_1_0_1_0_1_1_1_1_0_1_0_0_0_1_1_0_0_0_1_1_0_1_1_1_1_1_1_1_1_1_0_1_0_1_0_0_1_0,1,0.0014066666666666665,8.055363982396382e-5,0.22346368715083798,286.4427475624971
0_0_0_0_0_0_0_0_0_1_0_1_0_0_1_0_1_1_0_1_1_1_0_0_0_0_1_1_0_0_0_0_1_1_1_0_0_1_1_1_0_1_1_1_0_1,1,0.00139,7.118052168020876e-5,0.26256983240223464,268.05966892414364
1_0_0_1_0_0_0_1_0_1_0_1_0_0_0_0_1_0_1_1_1_0_0_1_1_1_0_0_1_0_0_0_0_0_0_0_0_0_1_0_1_0_1_1_0_1,1,0.0013666666666666669,4.496912521077349e-5,0.22346368715083798,279.0876078621562
1_1_1_1_1_0_1_1_1_0_0_1_1_1_0_1_0_0_1_0_0_0_1_1_1_1_0_0_1_1_1_1_0_0_0_1_1_0_1_0_1_0_0_0_0_0,1,0.0013533333333333333,6.599663291074443e-5,0.2569832402234637,261.36310634328356
1_1_1_1_1_1_1_1_1_0_1_0_1_1_0_1_0_0_1_0_0_0_1_1_1_1_0_0_1_1_1_1_0_0_0_1_1_0_0_0_1_0_0_0_1_0,1,0.0013233333333333335,0.00013670731102939925,0.26256983240223464,260.1927790934397
1_1_0_1_1_0_0_0_0_1_0_1_1_0_1_1_1_1_1_1_1_0_0_1_1_1_1_0_1_0_0_1_0_0_0_1_0_0_1_0_1_0_0_0_0_0,1,0.0013099999999999997,4.8989794855663515e-5,0.2346368715083799,289.4229141360673
0_0_0_0_0_0_0_0_0_1_0_1_0_0_1_0_1_1_0_1_1_1_0_0_1_0_1_1_0_0_0_0_1_1_1_0_0_1_1_1_0_1_1_1_0_1,1,0.0013033333333333334,8.730533902472526e-5,0.2569832402234637,269.766430635102
0_0_1_0_0_1_1_0_1_0_1_0_0_1_0_0_0_0_0_0_0_1_1_0_0_0_0_1_0_1_1_0_1_1_1_0_1_1_0_1_0_1_1_1_1_1,1,0.00127,0.0001314026889628468,0.24581005586592178,304.7626858360804
1_1_0_1_1_0_0_1_0_1_0_1_1_0_1_1_1_1_1_1_1_0_0_1_1_1_1_0_1_0_0_1_0_0_0_1_0_0_1_0_1_0_0_0_0_0,1,0.0012466666666666668,6.182412330330468e-5,0.24581005586592178,308.06971153846155
0_0_0_0_0_1_0_0_0_1_1_0_0_0_1_0_1_1_0_1_1_1_0_0_0_0_1_1_0_0_0_0_1_1_1_0_0_1_0_1_0_1_1_1_1_1,1,0.0012366666666666665,6.236095644623235e-5,0.2569832402234637,269.0364765774602
1_1_1_1_1_1_1_1_1_0_1_0_1_1_0_1_0_0_1_0_0_0_1_1_0_1_0_0_1_1_1_1_0_0_0_1_1_0_0_0_1_0_0_0_1_0,1,0.00122,1.4142135623730987e-5,0.2569832402234637,257.01612903225805
0_0_0_0_0_0_0_1_0_1_0_1_0_0_0_0_1_0_0_1_1_1_0_0_0_0_0_1_0_0_0_0_1_1_1_0_0_1_1_1_1_1_1_1_0_1,1,0.0011866666666666666,0.00010873004286866729,0.25139664804469275,277.30944304451765
0_0_1_0_0_0_0_1_1_1_1_0_0_1_0_0_0_0_0_0_0_1_0_0_1_0_0_1_0_0_0_0_1_1_1_1_0_1_0_1_1_1_1_1_0_1,1,0.0011866666666666666,6.182412330330466e-5,0.24022346368715083,322.5896912007436
1_0_0_1_0_0_0_0_0_1_0_0_0_0_1_1_1_0_1_1_1_0_0_1_1_1_0_0_1_0_0_0_0_0_0_0_0_0_1_0_0_0_0_1_0_0,1,0.0011733333333333333,3.681787005729088e-5,0.21787709497206703,273.9348147486839
0_0_0_0_0_0_0_0_0_1_0_0_0_1_0_0_0_0_0_0_0_1_0_0_1_0_0_1_0_0_0_0_1_1_1_1_0_1_1_1_0_1_1_1_0_1,1,0.00115,8.164965809277264e-5,0.24022346368715083,285.3156107660455
1_1_0_1_1_1_1_0_0_0_0_1_1_0_1_1_1_1_1_1_1_0_1_1_0_1_1_0_1_1_1_1_0_0_0_0_1_0_1_0_0_0_0_0_1_0,1,0.0011466666666666667,0.0001685889148853572,0.24022346368715083,321.50316425260166
0_0_0_0_0_1_0_0_0_1_1_0_0_0_1_0_0_1_0_0_0_1_0_0_1_0_1_1_0_0_0_0_1_1_1_1_0_1_0_1_0_1_1_1_1_1,1,0.0011400000000000002,2.1602468994692824e-5,0.26256983240223464,313.4388774081428
1_1_1_1_1_1_1_0_1_0_1_0_1_1_1_1_0_1_1_0_0_0_1_1_1_1_1_0_1_1_1_1_0_0_0_1_1_0_0_0_0_0_0_0_1_0,1,0.0011366666666666667,9.809292646374774e-5,0.25139664804469275,273.27359262288985
0_0_0_0_0_0_0_0_0_1_0_0_0_1_0_0_1_0_0_1_0_1_0_0_1_0_0_1_0_0_0_0_1_1_1_0_0_1_1_1_0_1_1_1_0_1,1,0.0010966666666666666,4.1899350299921814e-5,0.2346368715083799,309.82170429538854
0_0_0_0_0_1_0_1_1_1_1_0_1_0_1_0_1_1_0_1_0_1_1_0_0_0_1_1_0_1_1_0_1_1_1_0_0_1_0_1_0_1_1_1_1_1,1,0.0010833333333333333,3.2998316455372206e-5,0.2681564245810056,267.63761340234873
0_1_1_0_1_1_1_1_1_0_1_1_1_1_0_0_0_1_0_0_0_1_1_0_0_0_1_1_0_1_1_1_1_1_1_1_1_1_0_1_1_1_1_0_1_1,1,0.00108,0.0001177568115510379,0.21787709497206703,271.7792443064182
0_1_0_0_1_1_1_1_1_0_0_1_1_0_1_1_1_1_0_1_1_1_1_0_0_0_1_1_0_1_1_1_1_1_1_0_1_1_1_1_1_1_0_0_1_0,1,0.0010766666666666667,4.7140452079103295e-6,0.22905027932960895,267.60614976347057
1_1_1_1_1_1_1_1_1_0_1_1_1_0_1_1_1_1_1_1_1_0_1_1_0_1_1_0_1_1_1_1_0_0_0_0_1_0_0_0_1_0_0_0_1_0,1,0.00106,6.976149845485446e-5,0.24022346368715083,280.8850755208025
1_1_1_1_1_0_1_0_0_0_0_1_0_1_0_1_0_0_1_0_1_0_0_1_1_1_0_0_1_0_0_1_0_0_0_1_1_0_1_0_1_0_0_0_0_0,1,0.0010533333333333334,0.0001249888883950178,0.2681564245810056,261.8030672896935
1_1_1_1_1_1_1_1_1_0_1_1_1_0_1_1_0_1_1_0_1_0_1_1_0_1_1_0_1_1_1_1_0_0_0_1_1_0_0_0_1_0_0_0_1_0,1,0.0010466666666666669,1.2472191289246406e-5,0.2346368715083799,301.62780263842734
0_1_0_0_1_1_1_1_0_0_0_1_1_0_1_1_1_1_0_1_1_1_1_0_0_0_1_1_0_1_1_1_1_1_1_0_1_1_1_1_0_1_0_0_1_0,1,0.0010466666666666667,6.018490028422592e-5,0.21787709497206703,302.6564622452181
1_0_0_1_0_1_0_0_0_1_0_0_0_0_1_1_1_0_1_1_1_0_0_1_0_1_0_0_1_0_0_0_0_0_0_0_0_0_1_0_0_0_0_1_0_0,1,0.0010466666666666664,8.576453553512405e-5,0.21787709497206703,247.68503590150215
1_0_1_1_0_0_0_0_0_1_1_0_0_1_0_0_0_0_1_0_0_0_0_1_1_1_0_0_1_0_0_0_0_0_0_1_0_0_0_0_0_0_1_1_0_1,1,0.0010333333333333334,0.000140079342596338,0.22905027932960895,266.08117964166803
1_1_1_1_1_1_1_1_1_0_0_1_1_1_1_1_1_1_1_1_1_0_1_1_0_1_1_0_1_1_1_1_0_0_0_0_1_0_1_0_1_0_0_0_1_0,1,0.0010166666666666666,2.624669291337271e-5,0.24022346368715083,289.2614106882484
1_1_1_1_1_0_1_1_1_0_0_1_1_1_0_1_1_0_1_1_1_0_1_1_0_1_0_0_1_1_1_1_0_0_0_0_1_0_1_0_1_0_0_0_0_0,1,0.0010133333333333333,5.436502143433364e-5,0.26256983240223464,319.62386865272924
0_1_1_0_1_0_1_1_1_0_1_1_1_1_0_0_0_1_0_0_0_1_1_0_1_0_1_1_0_1_1_1_1_1_1_1_1_1_0_1_1_1_1_0_1_1,1,0.0009466666666666665,7.845734863959877e-5,0.21787709497206703,245.08662880005716
0_0_0_0_0_0_0_0_0_1_1_0_0_0_0_0_0_0_0_0_0_1_0_0_1_0_0_1_0_0_0_0_1_1_1_1_0_1_0_1_0_1_1_1_0_1,1,0.0009366666666666667,4.642796092394709e-5,0.24022346368715083,280.912245562612
0_0_0_0_0_0_0_0_0_1_0_1_0_0_0_0_1_0_0_1_1_1_0_0_1_0_0_1_0_0_0_0_1_1_1_0_0_1_1_1_1_1_1_1_0_1,1,0.0009266666666666667,7.408703590297624e-5,0.2346368715083799,282.5088768810232
1_0_1_1_0_0_0_0_1_1_1_0_0_1_0_0_0_0_1_0_0_0_0_1_1_1_0_0_1_0_0_0_0_0_0_1_0_0_0_0_1_0_1_1_0_1,1,0.0009066666666666667,8.013876853447544e-5,0.21787709497206703,308.66013071895424
0_0_0_0_0_0_0_0_0_1_0_0_0_1_0_0_1_0_0_1_1_1_0_0_1_0_0_1_0_0_0_0_1_1_1_0_0_1_1_1_0_1_1_1_0_1,1,0.0008933333333333333,0.00010780641085864155,0.24022346368715083,264.44746735543123
0_1_1_0_1_1_1_1_1_0_0_1_1_1_1_1_0_1_0_0_0_1_1_0_1_0_1_1_0_1_1_1_1_1_1_1_1_1_1_1_1_1_0_0_1_0,1,0.0008833333333333333,3.8586123009300757e-5,0.22346368715083798,270.0412665153367
0_0_1_0_0_0_0_0_1_1_1_0_0_1_0_0_0_0_0_0_0_1_0_0_1_0_0_1_0_0_0_0_1_1_1_1_0_1_0_1_0_1_1_1_0_1,1,0.0008733333333333333,0.000135236418500672,0.24581005586592178,284.8740045816516
1_0_0_1_0_0_0_0_0_1_1_0_0_0_0_0_1_0_1_1_1_0_0_1_0_1_0_0_1_0_0_0_0_0_0_0_0_0_0_0_0_0_1_1_0_1,1,0.00087,2.1602468994692875e-5,0.22346368715083798,272.00866393068856
1_1_0_1_1_1_1_1_0_0_0_1_1_0_1_1_1_1_1_1_1_0_1_1_0_1_1_0_1_1_1_1_0_0_0_0_1_0_1_0_1_0_0_0_1_0,1,0.00087,9.201449161228174e-5,0.24581005586592178,300.48024691358023
1_1_1_1_1_1_1_1_1_0_1_1_1_0_1_1_0_1_1_0_0_0_1_1_0_1_1_0_1_1_1_1_0_0_0_1_1_0_0_0_1_0_0_0_1_0,1,0.0008633333333333332,3.39934634239519e-5,0.24022346368715083,276.4981892664387
1_1_1_1_1_1_1_1_1_0_1_0_1_1_1_1_0_1_1_0_0_0_1_1_0_1_1_0_1_1_1_1_0_0_0_1_1_0_0_0_0_0_0_0_1_0,1,0.0008466666666666667,0.00013274871834493253,0.2346368715083799,279.0797904417307
1_1_0_1_1_1_1_1_0_0_0_1_1_0_1_1_1_1_1_1_1_0_1_1_1_1_1_0_1_1_1_1_0_0_0_1_1_0_1_0_1_0_0_0_1_0,1,0.0008366666666666667,0.00010077477638553981,0.2569832402234637,305.623379799462
1_1_0_1_1_1_1_1_1_0_1_1_1_0_1_1_1_1_1_1_1_0_1_1_0_1_1_0_1_1_1_1_0_0_0_0_1_0_0_0_0_0_0_0_1_0,1,0.0008366666666666667,5.312459150169744e-5,0.24581005586592178,312.35906685906684
1_0_1_1_0_1_1_1_1_0_1_0_1_1_1_1_0_1_1_0_0_0_1_1_1_1_1_0_1_1_1_0_0_0_0_1_1_0_0_0_1_0_0_0_1_0,1,0.00083,4.5460605656619504e-5,0.19553072625698323,252.09991965952506
0_1_0_0_1_0_0_0_0_1_0_1_0_0_0_0_1_0_0_1_1_1_0_0_0_0_0_1_0_0_0_1_1_1_1_0_0_1_1_1_0_1_1_1_0_1,1,0.00083,4.9665548085837775e-5,0.19553072625698323,257.9091222442634
1_0_1_1_0_1_1_1_1_0_1_0_1_1_1_1_0_1_1_0_0_0_1_1_0_1_1_0_1_1_1_0_0_0_0_1_1_0_0_0_1_0_0_0_1_0,1,0.0008266666666666666,8.73053390247253e-5,0.18994413407821228,251.290935725178
1_0_1_1_0_0_0_1_1_1_1_0_0_0_0_0_0_0_1_0_0_0_0_1_1_1_0_0_1_0_0_0_0_0_0_1_0_0_0_0_1_0_1_1_0_1,1,0.0008233333333333334,5.5577773335110216e-5,0.21787709497206703,281.74434824434826
0_0_0_0_0_0_0_0_0_1_1_0_0_0_0_0_1_0_0_1_0_1_0_0_1_0_0_1_0_0_0_0_1_1_1_0_0_1_0_1_0_1_1_1_0_1,1,0.0008066666666666668,0.00010208928554075702,0.2346368715083799,312.6857699805068
0_0_0_0_0_0_0_0_0_1_0_0_0_1_1_0_1_1_0_1_1_1_0_0_0_0_1_1_0_0_0_0_1_1_1_0_0_1_1_1_0_1_1_1_0_1,1,0.0007633333333333333,6.236095644623233e-5,0.2737430167597765,262.11087184333104
0_0_1_0_0_0_0_0_1_1_1_0_0_1_0_0_0_0_0_0_0_1_0_0_0_0_0_1_0_0_0_0_1_1_1_0_0_1_0_1_0_1_1_1_0_1,1,0.0007599999999999999,7.874007874011813e-5,0.2569832402234637,316.2168288538771
0_1_0_0_1_1_1_0_0_0_0_1_1_1_1_1_1_1_0_1_1_1_1_0_0_0_1_1_0_1_1_1_1_1_1_0_1_1_1_1_0_1_0_0_1_0,1,0.0007533333333333333,5.436502143433359e-5,0.21787709497206703,277.76223957596505
0_1_0_0_1_0_0_0_0_1_0_1_0_0_0_0_1_0_0_1_1_1_0_0_1_0_0_1_0_0_0_1_1_1_1_0_0_1_1_1_0_1_1_1_0_1,1,0.0007366666666666667,2.6246692913372722e-5,0.18994413407821228,252.76324143692565
0_0_0_0_0_1_0_0_0_1_1_0_0_0_0_0_1_0_0_1_1_1_0_0_0_0_0_1_0_0_0_0_1_1_1_0_0_1_0_1_0_1_1_1_1_1,1,0.0007333333333333333,4.1899350299921794e-5,0.22905027932960895,297.20897286940215
1_1_1_1_1_0_1_0_0_0_0_1_0_1_0_1_0_0_1_0_1_0_0_1_0_1_0_0_1_0_0_1_0_0_0_0_1_0_1_0_1_0_0_0_0_0,1,0.00072,3.265986323710904e-5,0.27932960893854747,283.10471849558536
0_0_1_0_0_0_0_0_0_1_0_0_0_1_0_0_0_0_0_0_0_1_0_0_1_0_0_1_0_0_0_0_1_1_1_1_0_1_1_1_1_1_1_1_0_1,1,0.0007166666666666667,0.0001247219128924647,0.24581005586592178,297.3247771836007
1_0_1_1_0_0_0_0_0_1_1_0_0_1_0_0_0_0_1_0_0_0_0_1_0_1_0_0_1_0_0_0_0_0_0_0_0_0_0_0_0_0_1_1_0_1,1,0.00071,7.118052168020874e-5,0.24022346368715083,269.8516783762686
1_1_1_1_1_0_1_1_1_0_0_1_1_1_1_1_0_1_1_0_0_0_1_1_1_1_1_0_1_1_1_1_0_0_0_1_1_0_1_0_1_0_0_0_0_0,1,0.0007000000000000001,2.8284271247461923e-5,0.22905027932960895,285.89646464646466
0_1_0_0_1_1_1_1_1_0_0_1_1_0_1_1_1_1_0_1_1_1_1_0_1_0_1_1_0_1_1_1_1_1_1_1_1_1_1_1_1_1_0_0_1_0,1,0.0007,8.524474568362947e-5,0.24022346368715083,264.486137169064
0_0_0_0_0_1_0_1_1_1_1_0_1_0_1_0_1_1_0_1_0_1_1_0_1_0_1_1_0_1_1_0_1_1_1_1_0_1_0_1_0_1_1_1_1_1,1,0.0007,0.0,0.27932960893854747,262.6666666666667
1_1_1_1_1_1_1_1_1_0_0_1_1_1_1_1_0_1_1_0_1_0_1_1_0_1_1_0_1_1_1_1_0_0_0_1_1_0_1_0_1_0_0_0_1_0,1,0.00069,5.65685424949238e-5,0.2346368715083799,302.7569428849465
0_0_0_0_0_0_0_0_0_1_1_0_0_0_1_0_1_1_0_1_1_1_0_0_1_0_1_1_0_0_0_0_1_1_1_0_0_1_0_1_0_1_1_1_0_1,1,0.00069,3.559026084010436e-5,0.2681564245810056,284.1203482994528
0_0_0_0_0_0_0_0_0_1_0_0_0_1_0_0_1_0_0_1_1_1_0_0_0_0_0_1_0_0_0_0_1_1_1_0_0_1_1_1_0_1_1_1_0_1,1,0.00068,2.44948974278318e-5,0.24581005586592178,275.2227391498311
1_1_0_1_1_0_0_1_0_1_0_1_1_0_1_1_1_1_1_1_1_0_0_1_1_1_1_0_1_0_0_1_0_0_0_0_0_0_1_0_1_0_0_0_0_0,1,0.0006733333333333334,4.189935029992176e-5,0.22905027932960895,275.38265894430276
0_0_0_0_0_0_0_0_0_1_0_0_0_1_1_0_1_1_0_1_1_1_0_0_1_0_1_1_0_0_0_0_1_1_1_0_0_1_1_1_0_1_1_1_0_1,1,0.0006699999999999999,5.7154760664940834e-5,0.2681564245810056,280.4646362780691
1_1_1_1_1_1_1_1_1_0_1_1_1_0_0_1_0_0_1_0_0_0_1_1_1_1_0_0_1_1_1_1_0_0_0_1_1_0_0_0_1_0_0_0_1_0,1,0.0006566666666666666,3.8586123009300757e-5,0.2737430167597765,248.63241613660458
0_1_0_0_1_0_0_0_0_1_0_1_0_0_1_0_1_1_0_1_1_1_0_0_0_0_1_1_0_0_0_1_1_1_1_0_0_1_1_1_0_1_1_1_0_1,1,0.0006466666666666666,2.0548046676563263e-5,0.2346368715083799,252.4899448168586
1_1_0_1_1_1_1_1_1_0_0_1_1_0_1_1_1_1_1_1_1_0_1_1_0_1_1_0_1_1_1_1_0_0_0_0_1_0_1_0_1_0_0_0_1_0,1,0.0006433333333333333,5.312459150169743e-5,0.25139664804469275,257.76264266634286
1_1_1_1_1_1_1_1_1_0_1_1_1_0_1_1_0_1_1_0_0_0_1_1_1_1_1_0_1_1_1_1_0_0_0_1_1_0_0_0_1_0_0_0_1_0,1,0.0006433333333333333,4.642796092394705e-5,0.24581005586592178,282.7385549649418
1_0_1_1_0_1_1_1_1_0_1_0_1_1_0_1_0_0_1_0_0_0_1_1_1_1_0_0_1_1_1_0_0_0_0_1_1_0_0_0_1_0_0_0_1_0,1,0.0006366666666666668,3.681787005729088e-5,0.2346368715083799,276.409677218345
1_1_1_1_1_1_1_1_1_0_0_1_1_1_0_1_0_0_1_0_0_0_1_1_0_1_0_0_1_1_1_1_0_0_0_1_1_0_1_0_1_0_0_0_1_0,1,0.0006366666666666668,5.734883511361753e-5,0.2681564245810056,275.74797714160206
0_0_0_0_0_0_0_0_0_1_0_1_0_0_0_0_1_0_0_1_1_1_0_0_1_0_0_1_0_0_0_0_1_1_1_1_0_1_1_1_1_1_1_1_0_1,1,0.0006366666666666666,3.8586123009300757e-5,0.25139664804469275,281.5611656537323
1_0_0_1_0_0_0_0_0_1_0_1_0_0_0_0_1_0_1_1_1_0_0_1_0_1_0_0_1_0_0_0_0_0_0_0_0_0_0_0_0_0_1_1_0_1,1,0.0006033333333333333,2.6246692913372722e-5,0.2122905027932961,237.47281682252094
0_1_1_0_1_1_1_1_1_0_1_0_1_1_1_1_0_1_0_0_0_1_1_0_1_0_1_1_0_1_1_1_1_1_1_1_1_1_1_1_1_1_0_0_1_0,1,0.0006,3.559026084010437e-5,0.2122905027932961,245.00091519692242
1_0_0_1_0_0_0_0_0_1_0_1_0_0_0_0_1_0_1_1_1_0_0_1_1_1_0_0_1_0_0_0_0_0_0_0_0_0_0_0_0_0_1_1_0_1,1,0.0005899999999999999,8.286535263104035e-5,0.20670391061452514,246.9864661654135
0_0_1_0_0_0_0_0_0_1_1_0_0_1_0_0_0_0_0_0_0_1_0_0_1_0_0_1_0_0_0_0_1_1_1_1_0_1_0_1_0_1_1_1_0_1,1,0.0005866666666666668,3.858612300930077e-5,0.25139664804469275,262.3983585858586
0_1_1_0_1_1_1_1_1_0_0_1_1_1_0_0_1_1_0_1_0_1_1_0_0_0_1_1_0_1_1_1_1_1_1_0_1_1_1_1_1_1_1_1_1_1,1,0.0005866666666666667,0.00010143416036468624,0.2849162011173184,338.471869253497
0_1_0_0_1_0_0_0_0_1_0_1_1_0_1_0_1_1_0_1_1_1_0_0_0_0_1_1_0_0_0_1_1_1_1_0_0_1_1_1_1_1_1_1_0_0,1,0.0005799999999999999,2.4494897427831758e-5,0.2346368715083799,265.5659763262929
1_1_1_1_1_1_1_1_1_0_1_1_1_0_0_1_0_0_1_0_0_0_1_1_0_1_0_0_1_1_1_1_0_0_0_1_1_0_0_0_1_0_0_0_1_0,1,0.0005733333333333334,3.858612300930077e-5,0.2681564245810056,250.11468641574228
1_1_1_1_1_1_1_1_1_0_1_0_1_1_1_1_0_1_1_0_0_0_1_1_0_1_1_0_1_1_1_1_0_0_0_0_1_0_0_0_0_0_0_0_1_0,1,0.0005700000000000001,8.524474568362947e-5,0.25139664804469275,294.6824228911185
0_0_1_0_0_1_1_0_1_0_1_0_0_1_0_0_0_0_0_0_0_1_1_0_0_0_0_1_0_1_1_0_1_1_1_1_1_1_0_1_0_1_1_1_1_1,1,0.0005666666666666667,6.342099196813483e-5,0.22905027932960895,275.2144986996682
0_0_0_0_0_0_0_1_0_1_0_1_0_0_0_0_1_0_0_1_1_1_0_0_1_0_0_1_0_0_0_0_1_1_1_0_0_1_1_1_1_1_1_1_0_1,1,0.0005566666666666667,0.00013199326582148885,0.24581005586592178,249.7144837144837
1_0_1_1_0_1_1_1_1_0_1_0_1_1_0_1_0_0_1_0_0_0_1_1_0_1_0_0_1_1_1_0_0_0_0_1_1_0_0_0_1_0_0_0_1_0,1,0.0005566666666666667,5.312459150169744e-5,0.22905027932960895,248.69733377221857
0_0_0_0_0_0_0_0_0_1_1_0_0_0_0_0_1_0_0_1_1_1_0_0_1_0_0_1_0_0_0_0_1_1_1_0_0_1_0_1_0_1_1_1_0_1,1,0.0005566666666666667,6.64997911442e-5,0.24022346368715083,278.6307692307692
1_1_1_1_1_1_1_0_1_0_1_0_1_1_1_1_0_1_1_0_0_0_1_1_0_1_1_0_1_1_1_1_0_0_0_1_1_0_0_0_0_0_0_0_1_0,1,0.0005533333333333333,3.681787005729084e-5,0.24581005586592178,279.513963161022
1_0_0_1_0_0_0_0_0_1_1_0_0_0_1_1_0_0_1_0_1_0_0_1_1_1_0_0_1_0_0_0_0_0_0_1_0_0_0_0_0_0_0_0_0_0,1,0.00055,0.00010033277962194942,0.2849162011173184,360.58028455284557
0_1_1_0_1_1_1_1_1_0_1_0_1_1_1_1_0_1_0_0_0_1_1_0_0_0_1_1_0_1_1_1_1_1_1_1_1_1_1_1_1_1_0_0_1_0,1,0.00055,8.831760866327849e-5,0.20670391061452514,234.59377506014434
0_1_0_0_1_0_0_0_0_1_0_1_0_0_1_0_1_1_0_1_1_1_0_0_1_0_1_1_0_0_0_1_1_1_1_0_0_1_1_1_0_1_1_1_0_1,1,0.0005433333333333333,4.7842333648024404e-5,0.22905027932960895,255.477385456074
1_0_1_1_0_1_1_1_1_0_1_0_0_1_0_1_0_0_1_0_0_0_1_1_1_1_0_0_1_1_1_0_0_0_0_1_1_0_0_0_0_0_0_0_1_1,1,0.0005433333333333333,3.091206165165233e-5,0.2346368715083799,269.2422723475355
1_1_1_1_1_1_1_0_1_0_1_0_1_1_1_1_0_1_1_0_0_0_1_1_0_1_1_0_1_1_1_1_0_0_0_0_1_0_0_0_0_0_0_0_1_0,1,0.0005233333333333333,3.399346342395189e-5,0.26256983240223464,287.0686520222124
0_0_0_0_0_0_0_1_0_1_0_1_0_0_0_0_1_0_0_1_1_1_0_0_1_0_0_1_0_0_0_0_1_1_1_1_0_1_1_1_1_1_1_1_0_1,1,0.0005233333333333333,9.428090415820608e-6,0.26256983240223464,293.0053027500308
1_0_1_1_0_1_1_1_1_0_1_0_0_1_0_1_0_0_1_0_0_0_1_1_0_1_0_0_1_1_1_0_0_0_0_1_1_0_0_0_1_0_0_0_1_1,1,0.0005033333333333334,1.8856180831641267e-5,0.2122905027932961,215.38826851495313
1_1_1_1_1_1_1_1_1_0_0_1_1_1_1_1_0_1_1_0_0_0_1_1_0_1_1_0_1_1_1_1_0_0_0_1_1_0_1_0_1_0_0_0_1_0,1,0.0004900000000000001,4.3204937989385736e-5,0.24022346368715083,295.6322432439408
1_0_0_1_0_1_0_0_0_1_1_0_0_0_1_1_1_0_1_1_1_0_0_1_0_1_0_0_1_0_0_0_0_0_0_0_0_0_0_0_0_0_0_0_1_0,1,0.00048666666666666666,1.247219128924648e-5,0.2569832402234637,287.41424229266175
1_0_1_1_0_0_0_1_1_1_1_0_0_1_0_0_0_0_1_0_0_0_0_1_0_1_0_0_1_0_0_0_0_0_0_1_0_0_0_0_1_0_1_1_0_1,1,0.0004766666666666667,0.00011728408057172789,0.22346368715083798,244.61658086658085
1_1_1_1_1_1_1_1_1_0_0_1_1_1_0_1_0_0_1_0_0_0_1_1_1_1_0_0_1_1_1_1_0_0_0_1_1_0_1_0_1_0_0_0_1_0,1,0.0004633333333333334,6.548960901462833e-5,0.2737430167597765,274.30266959755573
1_1_0_1_1_1_1_1_0_0_0_1_1_0_1_1_1_1_1_1_1_0_1_1_0_1_1_0_1_1_1_1_0_0_0_0_1_0_1_0_0_0_0_0_1_0,1,0.00046333333333333334,2.8674417556808764e-5,0.24022346368715083,289.84381530165143
1_0_1_1_0_1_1_1_1_0_1_0_0_1_0_1_0_0_1_0_0_0_1_1_1_1_0_0_1_1_1_0_0_0_0_1_1_0_0_0_1_0_0_0_1_1,1,0.00046333333333333334,2.8674417556808764e-5,0.21787709497206703,243.44213009774182
0_0_0_0_0_0_0_0_0_1_1_0_0_0_1_0_1_1_0_1_1_1_0_0_0_0_1_1_0_0_0_0_1_1_1_0_0_1_0_1_0_1_1_1_0_1,1,0.00046333333333333334,6.94422221866655e-5,0.2737430167597765,287.078626799557
0_1_0_0_1_0_0_0_0_1_0_1_0_0_0_0_1_1_0_1_1_1_0_0_0_0_1_1_0_0_0_1_1_1_1_0_0_1_1_1_0_1_1_1_0_1,1,0.0004566666666666667,3.7712361663282554e-5,0.22346368715083798,260.74479404164765
1_0_1_1_0_0_0_0_1_1_1_0_0_0_0_0_0_0_1_0_0_0_0_1_1_1_0_0_1_0_0_0_0_0_0_1_0_0_0_0_1_0_1_1_0_1,1,0.00045000000000000004,2.82842712474619e-5,0.21787709497206703,296.73585884795017
0_1_0_0_1_1_1_1_0_0_0_1_1_1_1_1_1_1_0_1_1_1_1_0_0_0_1_1_0_1_1_1_1_1_1_0_1_1_1_1_0_1_0_0_1_0,1,0.00045000000000000004,6.377042156569664e-5,0.21787709497206703,277.64491117133394
0_0_1_0_0_0_0_0_1_1_1_0_0_1_0_0_0_0_0_0_0_1_0_0_1_0_0_1_0_0_0_0_1_1_1_1_0_1_0_1_1_1_1_1_0_1,1,0.00043666666666666664,4.7140452079103295e-6,0.24022346368715083,311.76532769556025
1_0_1_1_0_1_1_1_1_0_1_0_1_1_0_1_0_0_1_0_0_0_1_1_1_1_0_0_1_1_1_0_0_0_0_1_1_0_0_0_0_0_0_0_1_0,1,0.00043666666666666664,4.496912521077347e-5,0.25139664804469275,256.3280487804878
1_1_0_1_1_1_1_1_1_0_0_1_1_0_1_1_1_1_1_1_1_0_1_1_1_1_1_0_1_1_1_1_0_0_0_1_1_0_1_0_1_0_0_0_1_0,1,0.00043,3.265986323710904e-5,0.26256983240223464,289.3039749299027
0_0_0_0_0_0_0_1_0_1_0_1_0_0_1_0_1_1_0_1_1_1_0_0_0_0_1_1_0_0_0_0_1_1_1_0_0_1_1_1_1_1_1_1_0_1,1,0.00043,0.0001019803902718557,0.2905027932960894,268.97435897435895
1_0_1_1_0_1_1_1_1_0_1_0_1_1_1_1_0_0_1_0_0_0_1_1_1_1_0_0_1_1_1_0_0_0_0_1_1_0_0_0_1_0_0_0_1_0,1,0.0004266666666666666,3.299831645537221e-5,0.22346368715083798,259.3424778531161
0_1_0_0_1_0_0_0_0_1_0_1_1_0_1_0_1_1_0_1_1_1_0_0_0_0_1_1_0_0_0_1_1_1_1_0_0_1_1_1_0_1_1_1_0_0,1,0.00042333333333333334,6.599663291074445e-5,0.21787709497206703,237.26337364213978
1_1_0_1_1_1_1_1_1_0_1_1_1_0_0_1_1_0_1_1_1_0_1_1_0_1_0_0_1_1_1_1_0_0_0_0_1_0_0_0_0_0_0_0_1_0,1,0.0004066666666666667,0.00010143416036468627,0.2849162011173184,367.2703505644682
0_0_1_0_0_0_0_0_0_1_1_0_0_1_0_0_0_0_0_0_0_1_0_0_0_0_0_1_0_0_0_0_1_1_1_0_0_1_0_1_0_1_1_1_0_1,1,0.0004,3.559026084010436e-5,0.26256983240223464,285.7397924240029
0_0_1_0_0_0_0_0_0_1_0_0_0_1_1_0_0_1_0_0_0_1_0_0_1_0_1_1_0_0_0_0_1_1_1_1_0_1_1_1_1_1_1_1_0_1,1,0.0003966666666666667,4.496912521077346e-5,0.2849162011173184,357.5876906318083
0_1_1_0_1_0_1_1_1_0_0_1_1_1_0_0_0_1_0_0_0_1_1_0_1_0_1_1_0_1_1_1_1_1_1_1_1_1_1_1_1_1_1_1_0_1,1,0.00039333333333333337,3.299831645537223e-5,0.2569832402234637,298.80425880425884
1_1_0_1_1_0_0_0_0_1_0_1_1_0_1_0_1_1_1_1_1_0_0_1_0_1_1_0_1_0_0_1_0_0_0_0_0_0_1_0_1_0_1_1_0_0,1,0.00038666666666666667,6.649979114420001e-5,0.24581005586592178,280.36580086580085
1_1_1_1_1_1_1_0_1_0_1_0_1_1_0_1_0_0_1_0_0_0_1_1_1_1_0_0_1_1_1_1_0_0_0_1_1_0_0_0_0_0_0_0_1_0,1,0.00037999999999999997,5.715476066494083e-5,0.2905027932960894,248.33635847986386
0_1_0_0_1_0_0_0_0_1_0_1_0_0_1_0_1_1_0_1_1_1_0_0_0_0_1_1_0_0_0_1_1_1_1_0_0_1_1_1_1_1_1_1_0_1,1,0.0003733333333333334,1.8856180831641267e-5,0.25139664804469275,237.6851851851852
0_1_1_0_1_1_1_0_0_0_1_0_1_1_1_1_0_1_0_0_0_1_1_0_1_0_1_1_0_1_1_1_1_1_1_1_1_1_0_1_0_1_0_0_1_0,1,0.00036999999999999994,4.966554808583781e-5,0.2346368715083799,253.11111111111111
0_1_0_0_1_0_0_0_0_1_0_1_0_0_0_0_1_1_0_1_1_1_0_0_1_0_1_1_0_0_0_1_1_1_1_0_0_1_1_1_0_1_1_1_0_1,1,0.00036666666666666667,3.2998316455372206e-5,0.21787709497206703,236.9471153846154
0_1_0_0_1_1_1_0_0_0_0_1_1_0_1_1_1_1_0_1_1_1_1_0_1_0_1_1_0_1_1_1_1_1_1_0_1_1_1_1_0_1_0_0_1_0,1,0.0003666666666666666,6.018490028422595e-5,0.22346368715083798,268.1830768149554
1_0_0_1_0_0_0_1_1_1_0_1_0_0_0_0_1_0_1_1_1_0_0_1_0_1_0_0_1_0_0_0_0_0_0_0_0_0_1_0_1_0_1_1_0_1,1,0.00036333333333333335,4.784233364802439e-5,0.2346368715083799,246.84536023711811
0_1_0_0_1_0_0_0_0_1_0_1_0_0_0_0_1_1_0_1_1_1_0_0_0_0_1_1_0_0_0_1_1_1_1_0_0_1_1_1_1_1_1_1_0_1,1,0.00035666666666666675,5.312459150169744e-5,0.24022346368715083,252.20397737639118
1_0_1_1_0_1_1_1_1_0_1_0_1_1_1_1_0_0_1_0_0_0_1_1_0_1_0_0_1_1_1_0_0_0_0_1_1_0_0_0_1_0_0_0_1_0,1,0.00035666666666666664,4.1096093353126506e-5,0.21787709497206703,239.84144468172792
0_1_0_0_1_1_1_1_0_0_0_1_1_0_1_1_1_1_0_1_1_1_1_0_1_0_1_1_0_1_1_1_1_1_1_0_1_1_1_1_1_1_0_0_1_0,1,0.00035666666666666664,2.62466929133727e-5,0.22905027932960895,266.05796586059745
1_0_1_1_0_0_0_0_1_1_1_0_0_1_0_0_0_0_1_0_0_0_0_1_0_1_0_0_1_0_0_0_0_0_0_1_0_0_0_0_0_0_1_1_0_1,1,0.0003533333333333334,4.642796092394707e-5,0.22905027932960895,264.4332090711401
0_1_0_0_1_0_0_1_0_1_0_1_1_0_1_0_1_1_0_1_1_1_0_0_0_0_1_1_0_0_0_1_1_1_1_0_0_1_1_1_1_1_1_1_0_0,1,0.0003533333333333333,6.548960901462833e-5,0.24581005586592178,262.18202698822853
1_0_0_1_0_0_0_0_1_1_1_0_0_1_0_0_1_0_1_1_0_0_0_1_1_1_0_0_1_0_0_0_0_0_0_0_0_0_0_0_0_0_1_1_0_1,1,0.0003466666666666667,4.714045207910304e-6,0.24022346368715083,255.05602240896357
1_1_1_1_1_1_1_1_1_0_1_0_1_1_1_1_0_1_1_0_0_0_1_1_0_1_1_0_1_1_1_1_0_0_0_1_1_0_1_0_1_0_0_0_1_0,1,0.0003466666666666667,5.185449728701349e-5,0.22905027932960895,231.70506912442397
0_1_1_0_1_1_1_1_1_0_0_1_1_0_1_1_0_1_0_0_1_1_1_0_0_0_1_1_0_1_1_1_1_1_1_1_1_1_1_1_1_1_0_0_1_0,1,0.00034333333333333335,5.557777333511022e-5,0.24581005586592178,261.3729816639299
1_0_0_1_0_0_0_0_0_1_1_0_0_1_0_0_1_0_1_1_0_0_0_1_1_1_0_0_1_0_0_0_0_0_0_0_0_0_0_0_0_0_1_1_0_1,1,0.00034333333333333335,1.6996731711975944e-5,0.24581005586592178,260.16699735449737
0_1_1_0_1_1_1_1_0_0_0_1_1_0_1_1_0_1_0_0_1_1_1_0_0_0_1_1_0_1_1_1_1_1_1_1_1_1_1_1_1_1_0_0_1_0,1,0.0003333333333333333,3.8586123009300757e-5,0.24022346368715083,263.1377091377091
1_1_1_1_1_1_1_1_1_0_0_1_1_1_1_1_0_1_1_0_0_0_1_1_1_1_1_0_1_1_1_1_0_0_0_1_1_0_1_0_1_0_0_0_1_0,1,0.0003333333333333333,3.299831645537223e-5,0.24581005586592178,286.39501980758354
0_1_0_0_1_0_0_0_0_1_0_1_1_0_1_0_1_1_0_1_1_1_0_0_1_0_1_1_0_0_0_1_1_1_1_0_0_1_1_1_0_1_1_1_0_0,1,0.00033,3.265986323710904e-5,0.2122905027932961,230.980070980071
1_1_1_1_1_1_1_1_1_0_1_0_1_1_1_1_0_1_1_0_0_0_1_1_1_1_1_0_1_1_1_1_0_0_0_1_1_0_1_0_1_0_0_0_1_0,1,0.00033,4.9665548085837816e-5,0.2346368715083799,245.95133595133595
0_0_0_0_0_0_0_0_0_1_0_1_0_0_0_0_1_0_0_1_1_1_0_0_0_0_0_1_0_0_0_0_1_1_1_0_0_1_0_1_0_1_1_1_0_1,1,0.0003266666666666667,1.6996731711975944e-5,0.2346368715083799,239.278321812596
0_1_0_0_1_0_0_1_0_1_0_1_0_0_1_0_1_1_0_1_1_1_0_0_0_0_1_1_0_0_0_1_1_1_1_0_0_1_1_1_1_1_1_1_0_1,1,0.00032,8.164965809277261e-5,0.26256983240223464,256.12463924963924
0_0_1_0_0_1_1_1_1_0_1_0_0_1_0_1_0_0_0_0_0_1_1_0_1_0_0_1_0_1_1_0_1_1_1_1_1_1_0_1_0_1_0_0_1_1,1,0.00032,5.887840577551899e-5,0.24581005586592178,285.9184726522188
0_0_0_0_0_0_0_0_0_1_0_1_0_0_0_0_1_0_0_1_1_1_0_0_1_0_0_1_0_0_0_0_1_1_1_0_0_1_0_1_0_1_1_1_0_1,1,0.00031,1.632993161855452e-5,0.22905027932960895,250.8698778665408
1_0_1_1_0_1_1_0_1_0_1_0_1_1_0_1_0_0_1_0_0_0_1_1_1_1_0_0_1_1_1_0_0_0_0_1_1_0_0_0_0_0_0_0_1_0,1,0.0003066666666666667,9.030811456096044e-5,0.26256983240223464,273.3949775353017
0_1_0_0_1_0_1_0_0_0_0_1_1_1_1_1_1_1_0_1_1_1_1_0_1_0_1_1_0_1_1_1_1_1_1_0_1_1_1_1_0_1_0_0_1_0,1,0.00030333333333333335,4.027681991198192e-5,0.22905027932960895,240.5864197530864
1_0_0_1_0_0_0_0_0_1_1_0_0_1_0_0_1_0_1_1_0_0_0_1_0_1_0_0_1_0_0_0_0_0_0_0_0_0_0_0_0_0_1_1_0_1,1,0.0003,8.16496580927726e-6,0.25139664804469275,252.89716969472252
0_1_1_0_1_1_1_1_0_0_0_1_1_0_1_1_0_1_0_0_1_1_1_0_1_0_1_1_0_1_1_1_1_1_1_1_1_1_1_1_1_1_0_0_1_0,1,0.00029666666666666665,4.189935029992179e-5,0.24581005586592178,250.5718954248366
1_0_1_1_0_1_1_0_1_0_1_0_0_1_0_1_0_0_1_0_0_0_1_1_1_1_0_0_1_1_1_0_0_0_0_1_1_0_0_0_0_0_0_0_1_1,1,0.0002933333333333333,4.98887651569859e-5,0.24581005586592178,235.56216931216932
0_1_1_0_1_1_1_1_1_0_0_1_1_0_1_1_0_1_0_0_1_1_1_0_1_0_1_1_0_1_1_1_1_1_1_1_1_1_1_1_1_1_0_0_1_0,1,0.00029,6.164414002968977e-5,0.25139664804469275,270.8207558207558
1_1_1_1_1_1_1_1_1_0_0_1_1_1_0_1_1_0_1_1_0_0_1_1_0_1_0_0_1_1_1_1_0_0_0_0_1_0_1_0_1_0_0_0_1_0,1,0.00029,4.96655480858378e-5,0.2849162011173184,257.69570707070704
1_0_1_1_0_1_0_1_1_1_1_0_0_0_0_0_0_0_1_0_0_0_0_1_0_1_0_0_1_0_0_0_0_0_0_1_0_0_0_0_1_0_1_1_0_1,1,0.00028999999999999995,2.8284271247461896e-5,0.22905027932960895,248.36129032258066
0_1_0_0_1_0_0_0_0_1_0_1_1_0_1_0_1_1_0_1_1_1_0_0_1_0_1_1_0_0_0_1_1_1_1_0_0_1_1_1_1_1_1_1_0_0,1,0.0002866666666666667,4.7140452079103295e-6,0.22905027932960895,242.98440065681447
0_1_0_0_1_0_0_0_0_1_0_0_0_1_1_0_1_1_0_1_1_1_0_0_1_0_1_1_0_0_0_1_1_1_1_0_0_1_1_1_0_1_1_1_0_1,1,0.0002866666666666666,2.4944382578492968e-5,0.25139664804469275,240.67536630036628
0_1_0_0_1_0_0_0_0_1_0_0_0_1_1_0_1_1_0_1_1_1_0_0_0_0_1_1_0_0_0_1_1_1_1_0_0_1_1_1_0_1_1_1_0_1,1,0.00028333333333333335,1.247219128924646e-5,0.2569832402234637,243.47089947089947
1_0_1_1_0_1_1_1_1_0_1_0_1_1_1_1_0_0_1_0_0_0_1_1_1_1_0_0_1_1_1_0_0_0_0_1_1_0_0_0_0_0_0_0_1_0,1,0.00028,2.4494897427831778e-5,0.24022346368715083,257.70015360983103
1_1_0_1_1_1_1_0_0_0_0_1_1_1_1_1_1_1_1_1_1_0_1_1_0_1_1_0_1_1_1_1_0_0_0_0_1_0_1_0_0_0_0_0_1_0,1,0.00027666666666666665,4.1096093353126506e-5,0.24022346368715083,269.8316498316498
0_0_0_0_0_0_0_0_0_1_1_0_0_0_1_0_0_1_0_0_1_1_0_0_1_0_1_1_0_0_0_0_1_1_1_1_0_1_0_1_0_1_1_1_0_1,1,0.00027333333333333333,2.4944382578492927e-5,0.2849162011173184,251.68650793650792
0_1_1_0_1_1_1_1_1_0_1_0_1_1_1_1_0_1_0_0_0_1_1_0_1_0_1_1_0_1_1_1_1_1_1_1_1_1_1_1_0_1_0_0_1_0,1,0.0002666666666666667,1.6996731711975954e-5,0.22905027932960895,219.2443854995579
0_0_1_0_0_0_0_1_1_1_1_0_0_1_0_0_0_0_0_0_0_1_0_0_0_0_0_1_0_0_0_0_1_1_1_1_0_1_0_1_1_1_1_1_0_1,1,0.0002666666666666666,5.436502143433363e-5,0.24581005586592178,251.66383701188457
0_0_0_0_0_0_0_0_0_1_1_0_0_0_0_0_1_0_0_1_1_1_0_0_0_0_0_1_0_0_0_0_1_1_1_0_0_1_0_1_0_1_1_1_0_1,1,0.00026333333333333336,4.1899350299921794e-5,0.24581005586592178,278.8590909090909
1_1_0_1_1_1_1_1_0_0_0_1_1_0_1_1_1_1_1_1_1_0_1_1_1_1_1_0_1_1_1_1_0_0_0_0_1_0_1_0_1_0_0_0_1_0,1,0.00026333333333333336,3.7712361663282534e-5,0.25139664804469275,255.42419266557195
1_0_1_1_0_0_0_0_1_1_1_0_0_1_0_0_0_0_1_0_0_0_0_1_0_1_0_0_1_0_0_0_0_0_0_1_0_0_0_0_1_0_1_1_0_1,1,0.0002633333333333333,1.247219128924646e-5,0.22346368715083798,286.407326007326
0_0_0_0_0_0_0_1_0_1_0_1_0_0_1_0_1_1_0_1_1_1_0_0_1_0_1_1_0_0_0_0_1_1_1_1_0_1_1_1_1_1_1_1_0_1,1,0.00026000000000000003,5.715476066494082e-5,0.3016759776536313,258.25011329460716
0_1_0_0_1_0_0_1_0_1_0_1_0_0_0_0_1_1_0_1_1_1_0_0_0_0_1_1_0_0_0_1_1_1_1_0_0_1_1_1_1_1_1_1_0_1,1,0.00026,4.966554808583778e-5,0.25139664804469275,265.2645694696511
1_0_1_1_0_1_1_1_1_0_1_0_0_1_0_1_0_0_1_0_0_0_1_1_0_1_0_0_1_1_1_0_0_0_0_1_1_0_0_0_0_0_0_0_1_1,1,0.00026,3.741657386773941e-5,0.22905027932960895,254.59706744868035
0_1_0_0_1_1_1_1_0_0_0_1_1_0_1_1_1_1_0_1_1_1_1_0_1_0_1_1_0_1_1_1_1_1_1_0_1_1_1_1_0_1_0_0_1_0,1,0.0002566666666666667,5.792715732327589e-5,0.22346368715083798,291.8479938271605
1_0_1_1_0_0_0_1_1_1_1_0_0_0_0_0_0_0_1_0_0_0_0_1_1_1_0_0_1_0_0_0_0_0_0_1_0_0_1_0_1_0_1_1_0_1,1,0.00025333333333333333,6.18241233033047e-5,0.21787709497206703,239.47415329768273
0_1_0_0_1_1_1_0_0_0_0_1_1_1_1_1_1_1_0_1_1_1_1_0_0_0_1_1_0_1_1_1_1_1_1_0_1_1_0_1_0_1_0_0_1_0,1,0.0002466666666666667,2.357022603955157e-5,0.21787709497206703,246.1594202898551
1_0_0_1_0_0_0_0_1_1_1_0_0_1_0_0_1_0_1_1_0_0_0_1_0_1_0_0_1_0_0_0_0_0_0_0_0_0_0_0_0_0_1_1_0_1,1,0.0002466666666666667,5.792715732327588e-5,0.24581005586592178,272.0087091908724
0_1_0_0_1_0_0_0_0_1_0_1_0_0_1_0_1_1_0_1_1_1_0_0_1_0_1_1_0_0_0_1_1_1_1_0_0_1_1_1_1_1_1_1_0_1,1,0.0002466666666666667,2.494438257849293e-5,0.24581005586592178,256.12373737373736
1_0_1_1_0_1_1_1_1_0_1_1_1_0_0_1_0_0_1_0_0_0_1_1_0_1_0_0_1_1_1_0_0_0_0_1_1_0_0_0_1_0_0_0_1_0,1,0.00024333333333333336,3.3993463423951894e-5,0.25139664804469275,233.83808095952023
1_0_1_1_0_1_1_1_1_0_1_1_1_0_1_1_0_0_1_0_0_0_1_1_0_1_0_0_1_1_1_0_0_0_0_1_1_0_0_0_1_0_0_0_1_0,1,0.00024333333333333333,4.1096093353126506e-5,0.24022346368715083,245.1591046581972
1_0_0_1_0_0_0_0_0_1_0_1_0_0_0_0_1_0_1_1_1_0_0_1_0_1_0_0_1_0_0_0_0_0_0_0_0_0_0_0_1_0_1_1_0_1,1,0.00024333333333333333,4.921607686744465e-5,0.22905027932960895,251.91111111111113
1_0_1_1_0_1_1_1_1_0_1_1_1_0_0_1_0_0_1_0_0_0_1_1_1_1_0_0_1_1_1_0_0_0_0_1_1_0_0_0_1_0_0_0_1_0,1,0.00024333333333333333,7.318166133366717e-5,0.2569832402234637,250.68801313628902
1_1_1_1_1_1_1_1_1_0_1_0_1_1_0_1_0_0_1_0_0_0_1_1_1_1_0_0_1_1_1_1_0_0_0_1_1_0_0_0_0_0_0_0_1_0,1,0.00024,3.559026084010437e-5,0.27932960893854747,254.41533562223216
1_0_0_1_0_0_0_1_0_1_0_1_0_0_0_0_1_0_1_1_1_0_0_1_0_1_0_0_1_0_0_0_0_0_0_0_0_0_0_0_1_0_1_1_0_1,1,0.00023666666666666668,1.247219128924647e-5,0.24022346368715083,245.46969696969697
1_1_1_1_1_1_1_1_1_0_0_1_1_0_1_1_0_1_1_0_1_0_1_1_0_1_1_0_1_1_1_1_0_0_0_1_1_0_1_0_1_0_0_0_1_0,1,0.00023666666666666663,2.0548046676563243e-5,0.2681564245810056,262.5442612942613
0_1_0_0_1_0_0_0_0_1_0_1_1_0_1_0_1_1_0_1_1_1_0_0_1_0_1_1_0_0_0_1_1_1_1_1_0_1_1_1_1_1_1_1_0_0,1,0.00023333333333333333,2.0548046676563243e-5,0.24581005586592178,270.91681265594303
0_1_1_0_1_1_1_0_0_0_1_0_1_1_1_1_0_1_0_0_0_1_1_0_0_0_1_1_0_1_1_1_1_1_1_1_1_1_0_1_0_1_0_0_1_0,1,0.00022999999999999998,4.082482904638629e-5,0.22905027932960895,255.76834598573728
1_0_0_1_0_0_0_0_0_1_1_0_0_0_1_1_1_0_1_1_1_0_0_1_1_1_0_0_1_0_0_0_0_0_0_0_0_0_0_0_0_0_0_0_0_0,1,0.00022999999999999998,2.160246899469285e-5,0.2681564245810056,325.4384504384504
0_1_0_0_1_0_0_0_0_1_0_0_0_1_0_0_1_1_0_1_1_1_0_0_0_0_1_1_0_0_0_1_1_1_1_0_0_1_1_1_0_1_1_1_0_1,1,0.00022666666666666668,3.399346342395189e-5,0.24581005586592178,270.3383190883191
0_0_1_0_0_0_0_1_1_1_1_0_0_0_0_0_0_0_0_0_0_1_0_0_1_0_0_1_0_0_0_0_1_1_1_1_0_1_0_1_1_1_1_1_0_1,1,0.00022666666666666668,4.496912521077347e-5,0.24022346368715083,247.89140955837868
0_0_0_0_0_0_0_0_0_1_0_1_0_0_1_0_1_1_0_1_1_1_0_0_0_0_1_1_0_0_0_0_1_1_1_0_0_1_1_1_1_1_1_1_0_1,1,0.00022666666666666668,2.0548046676563253e-5,0.27932960893854747,246.98550724637684
1_0_1_1_0_0_0_0_0_1_1_0_0_1_0_0_0_0_1_0_0_0_0_1_0_1_0_0_1_0_0_0_0_0_0_1_0_0_0_0_0_0_1_1_0_1,1,0.00022666666666666668,1.247219128924647e-5,0.2346368715083799,258.9570393374741
0_1_1_0_1_1_1_1_1_0_0_1_1_1_0_0_0_1_0_0_0_1_1_0_0_0_1_1_0_1_1_1_1_1_1_1_1_1_1_1_1_1_1_1_1_1,1,0.00022666666666666666,4.988876515698587e-5,0.2681564245810056,312.0734126984127
0_1_1_0_1_1_1_1_1_0_1_0_1_1_0_0_0_1_0_0_0_1_1_0_1_0_1_1_0_1_1_1_1_1_1_1_1_1_0_1_1_1_1_1_1_1,1,0.00022333333333333333,1.6996731711975947e-5,0.24022346368715083,223.35507246376812
0_0_0_0_0_0_0_0_0_1_0_0_0_1_1_0_0_1_0_0_0_1_0_0_1_0_1_1_0_0_0_0_1_1_1_1_0_1_1_1_0_1_1_1_0_1,1,0.00022333333333333333,2.8674417556808744e-5,0.27932960893854747,253.01312722365356
0_0_1_0_0_1_1_1_1_0_1_0_0_1_0_1_0_0_0_0_0_1_1_0_1_0_0_1_0_1_1_0_1_1_1_1_1_1_0_1_1_1_0_0_1_1,1,0.00022,4.546060565661952e-5,0.22905027932960895,267.0843397745572
1_1_1_1_1_1_1_0_1_0_1_0_1_1_0_1_0_0_1_0_0_0_1_1_0_1_0_0_1_1_1_1_0_0_0_0_1_0_0_0_0_0_0_0_1_0,1,0.00021666666666666666,1.8856180831641267e-5,0.3016759776536313,268.512585812357
1_0_1_1_0_1_1_1_1_0_1_1_1_0_1_1_0_0_1_0_0_0_1_1_1_1_0_0_1_1_1_0_0_0_0_1_1_0_0_0_1_0_0_0_1_0,1,0.00021666666666666666,4.714045207910317e-6,0.24581005586592178,260.0721500721501
1_1_0_1_1_1_1_0_0_0_0_1_1_0_1_1_1_1_1_1_1_0_1_1_1_1_1_0_1_1_1_1_0_0_0_0_1_0_1_0_0_0_0_0_1_0,1,0.00021333333333333336,3.858612300930075e-5,0.24581005586592178,276.60797101449276
1_1_0_1_1_0_0_0_0_1_0_1_1_0_1_0_1_1_1_1_1_0_0_1_0_1_1_0_1_0_0_1_0_0_0_0_0_0_1_0_0_0_1_1_0_0,1,0.00021333333333333336,4.109609335312649e-5,0.22905027932960895,241.45250582750586
1_0_1_1_0_1_1_1_1_0_1_0_0_1_0_1_0_0_1_0_0_0_1_1_0_1_0_0_1_1_1_0_0_0_0_0_1_0_0_0_0_0_0_0_1_1,1,0.0002133333333333333,3.681787005729085e-5,0.24581005586592178,239.1934209581268
1_0_1_1_0_1_1_0_1_0_1_0_1_1_0_1_0_0_1_0_0_0_1_1_0_1_0_0_1_1_1_0_0_0_0_0_1_0_0_0_0_0_0_0_1_0,1,0.00021,9.416297927883689e-5,0.2737430167597765,258.2979797979798
1_1_1_1_1_1_1_1_0_0_0_1_1_0_1_1_0_1_1_0_1_0_1_1_0_1_1_0_1_1_1_1_0_0_0_1_1_0_1_0_1_0_0_0_1_0,1,0.00021,3.7416573867739416e-5,0.26256983240223464,258.75984848484853
1_1_1_1_1_1_1_1_1_0_1_1_1_0_0_1_1_0_1_1_1_0_1_1_0_1_0_0_1_1_1_1_0_0_0_0_1_0_0_0_1_0_0_0_1_0,1,0.00021,2.1602468994692865e-5,0.27932960893854747,259.83187134502924
1_0_1_1_0_1_1_0_1_0_1_0_1_1_1_1_0_0_1_0_0_0_1_1_1_1_0_0_1_1_1_0_0_0_0_1_1_0_0_0_0_0_0_0_1_0,1,0.00020666666666666666,5.312459150169744e-5,0.25139664804469275,260.8641975308642
1_0_1_1_0_1_1_1_1_0_1_0_1_1_0_1_0_0_1_0_0_0_1_1_0_1_0_0_1_1_1_0_0_0_0_1_1_0_0_0_0_0_0_0_1_0,1,0.00020666666666666666,1.8856180831641267e-5,0.24581005586592178,241.010101010101
1_0_0_1_0_0_0_0_0_1_0_1_0_0_1_1_1_0_1_1_1_0_0_1_1_1_0_0_1_0_0_0_0_0_0_0_0_0_1_0_0_0_0_0_0_0,1,0.00020666666666666663,6.798692684790379e-5,0.2346368715083799,227.5873015873016
1_0_0_1_0_0_0_0_0_1_0_1_0_0_0_1_1_0_1_1_1_0_0_1_0_1_0_0_1_0_0_0_0_0_0_0_0_0_1_0_0_0_0_1_0_0,1,0.00020333333333333336,1.6996731711975947e-5,0.2569832402234637,235.31986531986533
0_0_1_0_0_0_0_0_1_1_1_0_0_1_0_0_0_0_0_0_0_1_0_0_0_0_0_1_0_0_0_0_1_1_1_1_0_1_0_1_0_1_1_1_0_1,1,0.00020333333333333336,1.6996731711975947e-5,0.25139664804469275,270.34872534872534
0_1_0_0_1_1_1_1_1_0_0_1_1_0_1_1_1_1_0_1_1_1_1_0_1_0_1_1_0_1_1_1_1_1_1_0_1_1_1_1_1_1_0_0_1_0,1,0.00020333333333333333,4.714045207910317e-6,0.2346368715083799,288.64285714285717
0_0_1_0_0_1_1_0_1_0_1_0_0_1_0_1_0_0_0_0_0_1_1_0_1_0_0_1_0_1_1_0_1_1_1_1_1_1_0_1_0_1_0_0_1_1,1,0.00020333333333333333,5.734883511361752e-5,0.2569832402234637,262.68755935422604
1_1_1_1_1_1_1_0_0_0_1_0_1_1_1_1_0_1_1_0_0_0_1_1_1_1_1_0_1_1_1_1_0_0_0_1_1_0_0_0_0_0_0_0_1_0,1,0.0002,3.7416573867739416e-5,0.2569832402234637,259.53771929824563
1_0_1_1_0_1_1_1_1_0_1_0_1_1_1_1_0_0_1_0_0_0_1_1_0_1_0_0_1_1_1_0_0_0_0_1_1_0_0_0_0_0_0_0_1_0,1,0.00019666666666666669,9.428090415820634e-6,0.2346368715083799,231.36173767752715
0_0_0_0_0_0_0_0_0_1_0_1_0_0_0_0_1_0_0_1_1_1_0_0_0_0_0_1_0_0_0_0_1_1_1_0_0_1_0_1_1_1_1_1_0_1,1,0.00019666666666666669,2.867441755680875e-5,0.25139664804469275,258.08514492753625
1_1_0_1_1_0_0_0_0_1_0_1_1_0_1_0_1_1_1_1_1_0_0_1_1_1_1_0_1_0_0_1_0_0_0_0_0_0_1_0_0_0_1_1_0_0,1,0.00019666666666666669,4.4969125210773454e-5,0.22346368715083798,257.1285822021116
1_0_0_1_0_0_0_0_0_1_0_1_0_0_0_0_1_0_1_1_1_0_0_1_1_1_0_0_1_0_0_0_0_0_0_0_0_0_0_0_1_0_1_1_0_1,1,0.00019333333333333333,3.299831645537221e-5,0.22346368715083798,240.22875816993465
0_0_1_0_0_1_1_1_1_0_1_0_0_1_0_1_0_0_0_0_0_1_1_0_0_0_0_1_0_1_1_0_1_1_1_0_1_1_0_1_0_1_0_0_1_1,1,0.00018999999999999998,3.2659863237109046e-5,0.2569832402234637,274.3463005339435
1_0_0_1_0_0_0_0_0_1_1_0_0_0_1_1_1_0_1_1_1_0_0_1_0_1_0_0_1_0_0_0_0_0_0_0_0_0_0_0_0_0_0_0_0_0,1,0.00018999999999999998,6.683312551921139e-5,0.2737430167597765,274.1736694677871
1_0_1_1_0_1_1_1_1_0_1_0_1_1_0_1_0_0_1_0_0_0_1_1_0_1_0_0_1_1_1_0_0_0_0_0_1_0_0_0_0_0_0_0_1_0,1,0.0001866666666666667,1.6996731711975947e-5,0.26256983240223464,238.8468720821662
1_0_0_1_0_0_0_0_0_1_0_1_0_0_0_1_1_0_1_1_1_0_0_1_1_1_0_0_1_0_0_0_0_0_0_0_0_0_1_0_0_0_0_1_0_0,1,0.0001866666666666667,2.357022603955158e-5,0.25139664804469275,233.60962566844918
1_0_0_1_0_0_0_1_1_1_0_1_0_0_0_0_1_0_1_1_1_0_0_1_1_1_0_0_1_0_0_0_0_0_0_1_0_0_1_0_1_0_1_1_0_1,1,0.00018666666666666666,2.6246692913372715e-5,0.24581005586592178,256.43650793650795
0_0_1_0_0_0_0_0_1_1_1_0_0_0_0_0_0_0_0_0_0_1_0_0_1_0_0_1_0_0_0_0_1_1_1_1_0_1_0_1_1_1_1_1_0_1,1,0.00018666666666666666,2.0548046676563253e-5,0.24022346368715083,276.7100041771094
1_1_1_1_1_1_1_1_0_0_0_1_1_0_1_1_0_1_1_0_1_0_1_1_1_1_1_0_1_1_1_1_0_0_0_1_1_0_1_0_1_0_0_0_1_0,1,0.00018666666666666666,3.681787005729088e-5,0.2681564245810056,286.43946823580694
0_1_0_0_1_0_0_0_0_1_0_1_0_0_0_0_1_1_0_1_1_1_0_0_1_0_1_1_0_0_0_1_1_1_1_0_0_1_1_1_1_1_1_1_0_1,1,0.00018666666666666666,3.681787005729088e-5,0.2346368715083799,220.7600523046747
1_1_0_1_1_0_0_1_0_1_0_1_1_0_1_0_1_1_1_1_1_0_0_1_0_1_1_0_1_0_0_1_0_0_0_0_0_0_1_0_1_0_1_1_0_0,1,0.00018333333333333334,1.6996731711975947e-5,0.2569832402234637,254.44736842105263
1_1_1_1_1_1_1_1_1_0_0_1_1_0_1_1_0_1_1_0_1_0_1_1_1_1_1_0_1_1_1_1_0_0_0_1_1_0_1_0_1_0_0_0_1_0,1,0.0001833333333333333,8.993825042154695e-5,0.2737430167597765,263.26565907211074
0_1_0_0_1_0_0_0_0_1_0_0_0_1_0_0_1_1_0_1_1_1_0_0_1_0_1_1_0_0_0_1_1_1_1_0_0_1_1_1_0_1_1_1_0_1,1,0.00018000000000000004,8.16496580927726e-6,0.24022346368715083,269.79990826740055
0_0_0_0_0_0_0_1_1_1_0_1_0_0_0_0_1_0_0_1_1_1_0_0_0_0_0_1_0_0_0_0_1_1_1_0_0_1_1_1_1_1_1_1_0_1,1,0.0001766666666666667,1.247219128924647e-5,0.2569832402234637,251.14278752436647
0_1_1_0_1_1_1_1_1_0_1_0_1_1_1_0_0_1_0_0_0_1_1_0_0_0_1_1_0_1_1_1_1_1_1_1_1_1_0_1_1_1_1_0_1_1,1,0.00017666666666666666,3.299831645537223e-5,0.25139664804469275,228.35115864527629
0_1_0_0_1_0_0_1_0_1_0_1_0_0_1_0_1_1_0_1_1_1_0_0_1_0_1_1_0_0_0_1_1_1_1_1_0_1_1_1_1_1_1_1_0_1,1,0.00017666666666666666,2.494438257849295e-5,0.2737430167597765,227.1428571428571
1_1_1_1_1_0_1_0_0_0_0_1_0_1_0_1_0_0_1_0_1_0_0_1_0_1_0_0_1_0_0_1_0_0_0_1_1_0_1_0_1_0_0_0_0_0,1,0.00017333333333333336,1.247219128924647e-5,0.2737430167597765,234.58849329205364
0_0_1_0_0_1_1_1_1_0_1_0_0_1_0_1_0_0_0_0_0_1_1_0_0_0_0_1_0_1_1_0_1_1_1_1_1_1_0_1_1_1_0_0_1_1,1,0.00017333333333333336,3.681787005729088e-5,0.22346368715083798,214.6352666940902
0_0_0_0_0_1_0_1_1_1_1_0_1_0_1_0_1_1_0_1_0_1_1_0_1_0_1_1_0_1_1_0_1_1_1_0_0_1_0_1_0_1_1_1_1_1,1,0.00017333333333333336,1.247219128924647e-5,0.2737430167597765,252.3387512899897
0_1_1_0_1_1_1_0_1_0_1_0_1_1_1_1_0_1_0_0_0_1_1_0_1_0_1_1_0_1_1_1_1_1_1_1_1_1_1_1_0_1_0_0_1_0,1,0.00017333333333333336,1.699673171197596e-5,0.24022346368715083,244.9805068226121
0_0_0_0_0_0_0_0_1_1_1_0_0_1_0_0_1_0_0_1_0_1_0_0_1_0_0_1_0_0_0_0_1_1_1_0_0_1_0_1_0_1_1_1_0_1,1,0.00017,2.1602468994692878e-5,0.26256983240223464,275.3898635477583
1_1_1_1_1_1_1_1_1_0_1_0_1_1_0_1_0_0_1_0_0_0_1_1_1_1_0_0_1_1_1_1_0_0_0_1_1_0_1_0_1_0_0_0_1_0,1,0.00017,2.4494897427831788e-5,0.2737430167597765,239.62885154061624
0_1_0_0_1_0_0_1_0_1_0_1_1_0_1_0_1_1_0_1_1_1_0_0_1_0_1_1_0_0_0_1_1_1_1_1_0_1_1_1_1_1_1_1_0_0,1,0.00017,8.16496580927726e-6,0.2569832402234637,230.68763616557735
0_1_1_0_1_0_0_0_0_0_0_1_0_1_0_0_0_1_0_0_1_1_0_0_0_0_1_1_0_0_0_1_1_1_1_0_1_1_1_1_1_1_1_1_0_1,1,0.00017,2.4494897427831788e-5,0.3016759776536313,276.26610644257704
1_1_1_1_1_1_1_1_1_0_1_0_1_1_0_1_0_0_1_0_0_0_1_1_0_1_0_0_1_1_1_1_0_0_0_0_1_0_0_0_0_0_0_0_1_0,1,0.00017,8.16496580927726e-6,0.2905027932960894,252.80773420479304
1_1_1_1_1_1_1_1_1_0_1_1_1_0_0_1_1_0_1_1_0_0_1_1_0_1_0_0_1_1_1_1_0_0_0_0_1_0_0_0_1_0_0_0_1_0,1,0.00017,5.3541261347363375e-5,0.2849162011173184,233.61742424242425
0_1_1_0_1_1_1_0_0_0_1_0_1_1_1_1_0_1_0_0_0_1_1_0_0_0_1_1_0_1_1_1_1_1_1_0_1_1_0_1_0_1_0_0_1_0,1,0.00016999999999999999,3.559026084010438e-5,0.24581005586592178,242.4877344877345
0_0_0_0_0_0_0_0_0_1_0_0_0_1_1_0_0_1_0_0_1_1_0_0_1_0_1_1_0_0_0_0_1_1_1_1_0_1_1_1_0_1_1_1_0_1,1,0.00016666666666666666,3.299831645537222e-5,0.2849162011173184,236.2280701754386
1_0_1_1_0_1_1_0_1_0_1_0_0_1_0_1_0_0_1_0_0_0_1_1_0_1_0_0_1_1_1_0_0_0_0_0_1_0_0_0_0_0_0_0_1_1,1,0.00016666666666666666,4.496912521077348e-5,0.2569832402234637,234.04634581105168
0_0_0_0_0_0_0_0_0_1_1_0_0_1_0_0_1_0_0_1_0_1_0_0_0_0_0_1_0_0_0_0_1_1_1_0_0_1_0_1_0_1_1_1_0_1,1,0.00016666666666666666,1.2472191289246484e-5,0.2737430167597765,295.2723311546841
1_1_1_1_1_1_1_1_1_0_1_0_1_1_1_1_0_1_1_0_0_0_1_1_1_1_1_0_1_1_1_1_0_0_0_1_1_0_1_0_0_0_0_0_1_0,1,0.00016333333333333334,7.542472332656507e-5,0.25139664804469275,228.85521885521885
0_1_1_0_1_1_1_1_1_0_1_0_1_1_1_1_0_1_0_0_0_1_1_0_0_0_1_1_0_1_1_1_1_1_1_1_1_1_1_1_0_1_0_0_1_0,1,0.00016333333333333334,4.714045207910317e-6,0.22346368715083798,244.24019607843138
0_1_1_0_1_1_1_1_1_0_1_0_1_1_0_0_0_1_0_0_0_1_1_0_0_0_1_1_0_1_1_1_1_1_1_1_1_1_0_1_1_1_1_1_1_1,1,0.00016,4.0824829046386304e-5,0.2346368715083799,210.68181818181816
1_0_0_1_0_0_0_0_0_1_0_1_0_0_1_1_1_0_1_1_1_0_0_1_0_1_0_0_1_0_0_0_0_0_0_0_0_0_1_0_0_0_0_0_0_0,1,0.00016,2.1602468994692878e-5,0.24022346368715083,260.0442773600668
0_0_0_0_0_0_0_0_1_1_1_0_0_1_0_0_1_0_0_1_0_1_0_0_0_0_0_1_0_0_0_0_1_1_1_0_0_1_0_1_0_1_1_1_0_1,1,0.00016,4.5460605656619524e-5,0.2681564245810056,238.0
0_1_0_0_1_0_0_0_0_1_0_1_0_0_1_0_1_1_0_1_1_1_0_0_1_0_1_1_0_0_0_1_1_1_1_1_0_1_1_1_1_1_1_1_0_1,1,0.00015999999999999999,2.94392028877595e-5,0.26256983240223464,249.25641025641025
1_0_0_1_0_0_0_1_1_1_0_1_0_0_0_0_1_0_1_1_1_0_0_1_1_1_0_0_1_0_0_0_0_0_0_0_0_0_1_0_1_0_1_1_0_1,1,0.00015999999999999999,3.559026084010438e-5,0.22905027932960895,227.8998778998779
1_0_0_1_0_1_1_1_1_1_1_0_1_0_1_1_1_0_1_1_0_0_1_1_1_1_0_0_1_1_1_0_0_0_0_1_0_0_0_0_0_0_0_0_1_0,1,0.00015999999999999999,3.7416573867739416e-5,0.3016759776536313,270.484126984127
1_1_0_1_1_1_1_1_0_0_0_1_1_0_1_1_1_1_1_1_1_0_1_1_1_1_1_0_1_1_1_1_0_0_0_0_1_0_1_0_0_0_0_0_1_0,1,0.0001566666666666667,4.7140452079103295e-6,0.24581005586592178,278.7916666666667
1_1_0_1_1_0_0_0_0_1_0_1_1_0_1_0_1_1_1_1_1_0_0_1_1_1_1_0_1_0_0_1_0_0_0_0_0_0_1_0_1_0_1_1_0_0,1,0.0001566666666666667,5.312459150169742e-5,0.24022346368715083,249.18771043771042
0_0_0_0_0_0_0_0_0_1_1_0_0_1_0_0_1_0_0_1_0_1_0_0_1_0_0_1_0_0_0_0_1_1_1_0_0_1_0_1_0_1_1_1_0_1,1,0.00015666666666666663,3.0912061651652355e-5,0.2681564245810056,248.510989010989
0_1_0_0_1_0_0_1_0_1_0_1_0_0_1_0_1_1_0_1_1_1_0_0_1_0_1_1_0_0_0_1_1_1_1_0_0_1_1_1_1_1_1_1_0_1,1,0.00015333333333333334,2.867441755680876e-5,0.2569832402234637,236.04970760233917
0_1_1_0_1_1_1_1_1_0_1_0_1_1_1_0_0_1_0_0_0_1_1_0_1_0_1_1_0_1_1_1_1_1_1_1_1_1_0_1_1_1_1_0_1_1,1,0.00015333333333333334,4.189935029992179e-5,0.2569832402234637,230.4689754689755
0_0_1_0_0_1_1_1_1_0_1_0_0_1_0_1_0_0_0_0_0_1_1_0_0_0_0_1_0_1_1_0_1_1_1_1_1_1_0_1_0_1_0_0_1_1,1,0.00015333333333333334,3.8586123009300757e-5,0.24022346368715083,267.6006191950464
0_0_0_0_0_0_0_1_0_1_0_1_0_0_1_0_1_1_0_1_1_1_0_0_1_0_1_1_0_0_0_0_1_1_1_0_0_1_1_1_1_1_1_1_0_1,1,0.00015333333333333334,1.2472191289246484e-5,0.2849162011173184,277.94864612511674
0_0_0_0_0_0_0_1_1_1_1_0_0_1_0_0_1_0_0_1_0_1_1_0_1_0_0_1_0_1_1_0_1_1_1_0_0_1_0_1_0_1_1_1_1_1,1,0.00015,2.160246899469287e-5,0.25139664804469275,245.46160130718954
0_0_0_0_0_0_0_0_0_1_0_1_0_0_1_0_1_1_0_1_1_1_0_0_1_0_1_1_0_0_0_0_1_1_1_0_0_1_0_1_0_1_1_1_0_1,1,0.00015,1.4142135623730961e-5,0.2681564245810056,257.38095238095235
1_0_1_1_0_1_1_1_1_0_1_0_1_1_1_1_0_0_1_0_0_0_1_1_0_1_0_0_1_1_1_0_0_0_0_0_1_0_0_0_0_0_0_0_1_0,1,0.0001466666666666667,2.624669291337271e-5,0.25139664804469275,225.46791443850267
0_1_0_0_1_0_1_0_0_0_0_1_1_1_1_1_1_1_0_1_1_1_1_0_1_0_1_1_0_1_1_1_1_1_1_0_1_1_0_1_0_1_0_0_1_0,1,0.00014333333333333334,2.3570226039551588e-5,0.22905027932960895,224.58333333333334
1_0_1_1_0_1_0_1_1_1_1_0_0_0_0_0_0_0_1_0_0_0_0_1_0_1_0_0_1_0_0_0_0_0_0_1_0_0_1_0_1_0_1_1_0_1,1,0.00014333333333333334,2.624669291337271e-5,0.22905027932960895,256.3176638176638
1_1_0_1_1_0_0_0_0_1_0_1_1_0_1_0_1_1_1_1_1_0_0_1_1_1_1_0_1_0_0_1_0_0_0_1_0_0_1_0_1_0_1_1_0_0,1,0.00014000000000000001,1.4142135623730961e-5,0.2569832402234637,273.4455128205128
0_1_1_0_1_1_1_1_1_0_0_1_1_1_0_0_0_1_0_0_0_1_1_0_1_0_1_1_0_1_1_1_1_1_1_1_1_1_1_1_1_1_1_1_1_1,1,0.00014,8.16496580927726e-6,0.2737430167597765,297.33089133089135
1_1_1_1_1_1_1_1_1_0_0_1_1_1_0_1_1_0_1_1_1_0_1_1_0_1_0_0_1_1_1_1_0_0_0_0_1_0_1_0_1_0_0_0_1_0,1,0.0001366666666666667,3.091206165165235e-5,0.27932960893854747,246.85185185185185
1_1_1_1_1_1_1_1_1_0_1_0_1_1_0_1_0_0_1_0_0_0_1_1_0_1_0_0_1_1_1_1_0_0_0_1_1_0_0_0_0_0_0_0_1_0,1,0.00013666666666666666,1.6996731711975957e-5,0.2737430167597765,226.94444444444446
0_0_0_0_0_1_0_1_1_1_1_0_1_0_1_0_1_1_0_1_1_1_1_0_0_0_1_1_0_1_1_0_1_1_1_0_0_1_0_1_0_1_1_1_1_1,1,0.00013333333333333334,3.39934634239519e-5,0.2849162011173184,250.9814814814815
1_1_0_1_1_1_1_1_0_0_0_1_1_1_1_1_1_1_1_1_1_0_1_1_0_1_1_0_1_1_1_1_0_0_0_0_1_0_1_0_0_0_0_0_1_0,1,0.00013333333333333334,4.027681991198191e-5,0.24022346368715083,279.89952153110045
1_0_1_1_0_1_1_0_1_0_1_0_0_1_0_1_0_0_1_0_0_0_1_1_0_1_0_0_1_1_1_0_0_0_0_1_1_0_0_0_0_0_0_0_1_1,1,0.00013333333333333334,3.299831645537222e-5,0.24022346368715083,246.69779022720195
1_0_1_1_0_1_1_0_1_0_1_0_1_1_0_1_0_0_1_0_0_0_1_1_0_1_0_0_1_1_1_0_0_0_0_1_1_0_0_0_0_0_0_0_1_0,1,0.00013,3.7416573867739416e-5,0.2569832402234637,294.64635854341736
0_0_1_0_0_0_0_1_1_1_1_0_0_0_0_0_0_0_0_0_0_1_0_0_1_0_0_1_0_0_0_0_1_1_1_1_0_1_1_1_1_1_1_1_0_1,1,0.00013,2.8284271247461892e-5,0.24022346368715083,249.03703703703704
0_0_0_0_0_0_0_0_0_1_0_1_0_0_1_0_1_1_0_1_1_1_0_0_1_0_1_1_0_0_0_0_1_1_1_1_0_1_1_1_1_1_1_1_0_1,1,0.00013,2.1602468994692858e-5,0.2905027932960894,222.90476190476193
0_0_1_0_0_0_0_0_0_1_1_0_0_1_0_0_0_0_0_0_0_1_0_0_0_0_0_1_0_0_0_0_1_1_1_1_0_1_0_1_0_1_1_1_0_1,1,0.00012666666666666666,3.091206165165235e-5,0.2569832402234637,244.56684491978612
0_0_0_0_0_0_0_0_0_1_0_1_0_0_0_0_1_0_0_1_1_1_0_0_1_0_0_1_0_0_0_0_1_1_1_0_0_1_0_1_1_1_1_1_0_1,1,0.00012666666666666666,3.299831645537221e-5,0.24581005586592178,238.9722222222222
0_1_0_0_1_0_1_1_0_0_0_1_1_1_1_1_1_1_0_1_1_1_1_0_1_0_1_1_0_1_1_1_1_1_1_0_1_1_1_1_0_1_0_0_1_0,1,0.00012666666666666666,1.6996731711975944e-5,0.22905027932960895,237.15151515151516
0_1_0_0_1_0_0_1_0_1_0_1_0_0_0_0_1_1_0_1_1_1_0_0_1_0_1_1_0_0_0_1_1_1_1_1_0_1_1_1_1_1_1_1_0_1,1,0.00012666666666666666,1.2472191289246464e-5,0.26256983240223464,225.32467532467533
0_1_0_0_1_0_0_1_0_1_0_1_1_0_1_0_1_1_0_1_1_1_0_0_1_0_1_1_0_0_0_1_1_1_1_0_0_1_1_1_1_1_1_1_0_0,1,0.00012666666666666666,2.8674417556808757e-5,0.24022346368715083,209.51210826210823
1_1_0_1_1_1_1_1_1_0_0_1_1_0_1_1_1_1_1_1_1_0_1_1_1_1_1_0_1_1_1_1_0_0_0_0_1_0_1_0_1_0_0_0_1_0,1,0.00012333333333333334,3.8586123009300757e-5,0.2569832402234637,281.4583333333333
1_1_0_1_1_0_1_0_0_0_0_1_1_1_1_1_1_1_1_1_1_0_1_1_1_1_1_0_1_1_1_1_0_0_0_0_1_0_1_0_0_0_0_0_1_0,1,0.00012,3.5590260840104375e-5,0.25139664804469275,240.2657952069717
0_0_0_0_0_0_0_0_0_1_0_1_0_0_1_0_1_1_0_1_1_1_0_0_1_0_1_1_0_0_0_0_1_1_1_0_0_1_1_1_1_1_1_1_0_1,1,0.00011999999999999999,2.1602468994692858e-5,0.2737430167597765,220.1851851851852
0_0_0_0_0_0_0_0_0_1_0_1_0_0_1_0_1_1_0_1_1_1_0_0_0_0_1_1_0_0_0_0_1_1_1_0_0_1_0_1_0_1_1_1_0_1,1,0.00011999999999999999,2.943920288775948e-5,0.2737430167597765,253.04700854700857
1_0_1_1_0_0_0_0_0_1_1_0_0_0_0_0_0_0_1_0_0_0_0_1_1_1_0_0_1_0_0_0_0_0_0_1_0_0_0_0_1_0_1_1_0_1,1,0.00011999999999999999,2.1602468994692858e-5,0.22346368715083798,260.92389092389095
1_0_1_1_0_1_1_1_1_0_1_1_1_0_0_1_1_0_1_1_0_0_1_1_0_1_0_0_1_1_1_0_0_0_0_0_1_0_0_0_1_0_0_0_1_0,1,0.00011999999999999999,8.164965809277253e-6,0.2681564245810056,215.78671328671328
1_0_0_1_0_0_0_1_0_1_0_1_0_0_0_0_1_0_1_1_1_0_0_1_1_1_0_0_1_0_0_0_0_0_0_0_0_0_0_0_1_0_1_1_0_1,1,0.00011666666666666667,2.054804667656325e-5,0.2346368715083799,220.59523809523807
0_0_0_0_0_0_0_0_0_1_1_0_0_0_1_0_0_1_0_0_0_1_0_0_1_0_1_1_0_0_0_0_1_1_1_1_0_1_0_1_0_1_1_1_0_1,1,0.00011666666666666665,3.299831645537221e-5,0.27932960893854747,229.7619047619048
1_0_1_1_0_1_1_0_1_0_1_0_1_1_1_1_0_0_1_0_0_0_1_1_0_1_0_0_1_1_1_0_0_0_0_0_1_0_0_0_0_0_0_0_1_0,1,0.00011333333333333334,1.6996731711975944e-5,0.26256983240223464,241.72364672364674
1_1_1_1_1_1_1_0_0_0_0_1_1_0_1_1_0_1_1_0_1_0_0_1_0_1_1_0_1_0_0_1_0_0_0_1_1_0_1_0_1_0_0_0_0_0,1,0.00011333333333333334,3.299831645537222e-5,0.25139664804469275,241.6898148148148
1_1_1_1_1_0_1_0_0_0_0_1_0_1_0_1_0_0_1_0_0_0_0_1_1_1_0_0_1_0_0_1_0_0_0_1_1_0_1_0_1_0_0_0_0_0,1,0.00011333333333333334,3.39934634239519e-5,0.2849162011173184,202.83333333333334
0_0_1_0_0_0_0_0_1_1_1_0_0_1_0_0_0_0_0_0_0_1_0_0_0_0_0_1_0_0_0_0_1_1_1_1_0_1_0_1_1_1_1_1_0_1,1,0.0001133333333333333,3.091206165165234e-5,0.24581005586592178,308.27838827838826
1_1_1_1_1_1_1_1_1_0_1_0_1_1_1_1_0_1_1_0_0_0_1_1_0_1_1_0_1_1_1_1_0_0_0_1_1_0_1_0_0_0_0_0_1_0,1,0.00011000000000000002,3.5590260840104375e-5,0.24581005586592178,229.6527777777778
0_1_0_0_1_0_0_0_0_1_0_1_0_0_0_0_1_1_0_1_1_1_0_0_1_0_1_1_0_0_0_1_1_1_1_1_0_1_1_1_1_1_1_1_0_1,1,0.00011,8.16496580927726e-6,0.25139664804469275,236.010101010101
1_0_1_1_0_1_1_0_1_0_1_0_1_1_1_1_0_0_1_0_0_0_1_1_0_1_0_0_1_1_1_0_0_0_0_1_1_0_0_0_0_0_0_0_1_0,1,0.00011,2.82842712474619e-5,0.24581005586592178,256.5201465201465
0_1_0_0_1_1_1_1_1_0_0_1_1_1_1_1_1_1_0_1_1_1_1_0_0_0_1_1_0_1_1_1_1_1_1_0_1_1_1_1_0_1_0_0_1_0,1,0.00011,2.8284271247461892e-5,0.22346368715083798,256.14814814814815
0_1_0_0_1_1_1_1_0_0_0_1_1_1_1_1_1_1_0_1_1_1_1_0_0_0_1_1_0_1_1_1_1_1_1_0_1_1_0_1_0_1_0_0_1_0,1,0.00011,2.1602468994692858e-5,0.21787709497206703,215.87301587301587
0_0_1_0_0_1_0_1_1_1_1_0_0_0_0_0_0_0_0_0_0_1_0_0_0_0_0_1_0_0_0_0_1_1_1_1_0_1_0_1_1_1_1_1_0_1,1,0.00010666666666666668,4.714045207910317e-6,0.25139664804469275,250.84848484848484
0_1_0_0_1_1_1_1_0_0_0_1_1_0_1_0_1_1_0_1_1_1_1_0_0_0_1_1_0_1_1_1_1_1_1_0_1_1_1_1_1_1_1_1_1_0,1,0.00010666666666666668,4.109609335312651e-5,0.2681564245810056,213.0
0_1_0_0_1_0_0_1_0_1_0_1_0_0_0_0_1_1_0_1_1_1_0_0_1_0_1_1_0_0_0_1_1_1_1_0_0_1_1_1_1_1_1_1_0_1,1,0.00010666666666666665,2.4944382578492934e-5,0.24581005586592178,235.54761904761904
0_0_0_0_0_0_0_1_0_1_0_1_0_0_0_0_1_0_0_1_1_1_0_0_0_0_0_1_0_0_0_0_1_1_1_0_0_1_0_1_1_1_1_1_0_1,1,0.00010666666666666665,2.8674417556808754e-5,0.26256983240223464,233.76623376623377
1_1_1_1_1_1_1_1_1_0_1_0_1_1_0_1_0_0_1_0_0_0_1_1_0_1_0_0_1_1_1_1_0_0_0_1_1_0_1_0_1_0_0_0_1_0,1,0.00010666666666666665,3.8586123009300757e-5,0.2681564245810056,239.07076719576722
1_1_1_1_1_1_1_0_1_0_1_0_1_1_1_1_0_1_1_0_0_0_1_1_1_1_1_0_1_1_1_1_0_0_0_1_1_0_1_0_0_0_0_0_1_0,1,0.00010333333333333333,3.091206165165234e-5,0.26256983240223464,222.67094017094018
1_1_1_1_1_1_1_0_1_0_1_0_1_1_0_1_0_0_1_0_0_0_1_1_0_1_0_0_1_1_1_1_0_0_0_1_1_0_0_0_0_0_0_0_1_0,1,0.0001,8.16496580927726e-6,0.2849162011173184,257.60606060606057
0_1_0_0_1_1_1_1_0_0_0_1_1_0_1_0_1_1_0_1_1_1_1_0_1_0_1_1_0_1_1_1_1_1_1_1_1_1_1_1_1_1_1_1_1_0,1,0.0001,4.898979485566357e-5,0.27932960893854747,264.5
1_0_1_1_0_1_0_0_1_1_1_0_0_0_0_0_0_0_1_0_0_0_0_1_0_1_0_0_1_0_0_0_0_0_0_1_0_0_0_0_1_0_1_1_0_1,1,0.0001,2.160246899469287e-5,0.22905027932960895,269.36868686868684
0_1_1_0_1_1_1_1_1_0_1_0_1_1_0_0_0_1_0_0_0_1_1_0_1_0_1_1_0_1_1_1_1_1_1_1_1_1_0_1_0_1_1_1_1_1,1,0.0001,5.3541261347363375e-5,0.2569832402234637,216.86868686868686
0_1_0_0_1_0_0_0_0_1_0_0_0_1_0_0_0_1_0_0_0_1_0_0_1_0_1_1_0_0_0_1_1_1_1_1_0_1_1_1_0_1_1_1_0_1,1,0.0001,8.16496580927726e-6,0.25139664804469275,193.2861952861953
1_0_0_1_0_0_0_1_0_1_0_1_0_0_0_1_1_0_1_1_1_0_0_1_0_1_0_0_1_0_0_0_0_0_0_0_0_0_1_0_1_0_0_1_0_0,1,9.999999999999999e-5,2.9439202887759487e-5,0.2849162011173184,235.4497354497354
1_1_0_1_1_1_1_0_0_0_0_1_1_1_1_1_1_1_1_1_1_0_1_1_0_1_1_0_1_1_1_1_0_0_0_0_1_0_0_0_0_0_0_0_1_0,1,9.666666666666667e-5,3.091206165165234e-5,0.24022346368715083,278.6904761904762
0_1_0_0_1_0_0_0_0_1_0_0_0_1_1_0_0_1_0_0_0_1_0_0_1_0_1_1_0_0_0_1_1_1_1_1_0_1_1_1_0_1_1_1_0_1,1,9.666666666666667e-5,9.428090415820634e-6,0.26256983240223464,248.3164983164983
1_1_1_1_1_1_1_0_0_0_1_0_1_1_1_1_0_1_1_0_0_0_1_1_0_1_1_0_1_1_1_1_0_0_0_0_1_0_0_0_0_0_0_0_1_0,1,9.666666666666667e-5,1.6996731711975947e-5,0.2681564245810056,244.16666666666666
0_1_1_0_1_1_1_1_1_0_1_0_1_1_1_0_0_1_0_0_0_1_1_0_1_0_1_1_0_1_1_1_1_1_1_1_1_1_0_1_0_1_1_0_1_1,1,9.333333333333334e-5,1.247219128924647e-5,0.2737430167597765,223.6405723905724
1_0_0_1_0_0_0_0_0_1_0_1_0_0_0_1_1_0_1_1_1_0_0_1_1_1_0_0_1_0_0_0_0_0_0_0_0_0_0_0_0_0_0_1_0_0,1,9.333333333333334e-5,1.247219128924647e-5,0.26256983240223464,235.39562289562286
0_1_1_0_1_1_1_0_1_0_1_0_1_1_1_1_0_1_0_0_0_1_1_0_0_0_1_1_0_1_1_1_1_1_1_1_1_1_1_1_0_1_0_0_1_0,1,9.0e-5,2.160246899469287e-5,0.2346368715083799,213.76984126984124
0_0_1_0_0_1_1_0_1_0_1_0_0_1_0_1_0_0_0_0_0_1_1_0_0_0_0_1_0_1_1_0_1_1_1_0_1_1_0_1_0_1_0_0_1_1,1,9.0e-5,8.16496580927726e-6,0.2681564245810056,274.2592592592593
1_1_1_1_1_1_1_0_0_0_1_0_1_1_1_1_0_1_1_0_0_0_1_1_0_1_1_0_1_1_1_1_0_0_0_1_1_0_0_0_0_0_0_0_1_0,1,9.0e-5,2.449489742783178e-5,0.25139664804469275,220.37037037037035
1_0_1_1_0_1_1_1_1_0_1_1_1_0_1_1_1_0_1_1_1_0_1_1_0_1_0_0_1_1_1_0_0_0_0_0_1_0_0_0_1_0_0_0_1_0,1,9.0e-5,2.160246899469287e-5,0.25139664804469275,269.781746031746
1_0_0_1_0_0_0_0_0_1_0_1_0_0_0_1_1_0_1_1_1_0_0_1_0_1_0_0_1_0_0_0_0_0_0_0_0_0_1_0_1_0_0_1_0_0,1,9.0e-5,1.4142135623730955e-5,0.2737430167597765,211.52380952380952
1_1_0_1_1_0_0_1_0_1_0_1_1_0_1_0_1_1_1_1_1_0_0_1_1_1_1_0_1_0_0_1_0_0_0_1_0_0_1_0_1_0_1_1_0_0,1,8.666666666666668e-5,1.2472191289246475e-5,0.2681564245810056,241.15343915343917
0_1_1_0_1_1_1_1_1_0_1_0_1_1_1_1_0_1_0_0_0_1_1_0_0_0_1_1_0_1_1_1_1_1_1_0_1_1_1_1_0_1_0_0_1_0,1,8.666666666666668e-5,4.714045207910317e-6,0.24022346368715083,236.3888888888889
0_0_1_0_0_1_1_0_1_0_1_0_0_1_0_1_0_0_0_0_0_1_1_0_0_0_0_1_0_1_1_0_1_1_1_1_1_1_0_1_0_1_0_0_1_1,1,8.333333333333333e-5,2.0548046676563257e-5,0.25139664804469275,243.03030303030303
1_0_0_1_0_0_0_1_0_1_0_1_0_0_0_0_1_0_1_1_1_0_0_1_1_1_0_0_1_0_0_0_0_0_0_1_0_0_0_0_1_0_1_1_0_1,1,8.333333333333333e-5,1.699673171197595e-5,0.25139664804469275,243.96296296296296
0_1_1_0_1_1_1_1_1_0_1_0_1_1_0_0_0_1_0_0_0_1_1_0_0_0_1_1_0_1_1_1_1_1_1_1_1_1_1_1_1_1_1_1_1_1,1,8.333333333333333e-5,3.091206165165234e-5,0.24581005586592178,218.54545454545453
1_1_1_1_1_1_1_0_0_0_1_0_1_1_0_1_0_0_1_0_0_0_1_1_1_1_0_0_1_1_1_1_0_0_0_1_1_0_0_0_0_0_0_0_1_0,1,7.666666666666667e-5,1.2472191289246474e-5,0.29608938547486036,232.5
1_0_1_1_0_0_0_0_1_1_1_0_0_1_0_1_0_0_1_0_0_0_0_1_0_1_0_0_1_0_0_0_0_0_0_0_0_0_0_0_0_0_0_0_0_1,1,7.666666666666667e-5,2.6246692913372705e-5,0.27932960893854747,224.7222222222222
1_0_1_1_0_1_1_1_1_0_1_1_1_0_1_1_1_0_1_1_0_0_1_1_0_1_0_0_1_1_1_0_0_0_0_0_1_0_0_0_1_0_0_0_1_0,1,7.666666666666667e-5,2.8674417556808754e-5,0.2569832402234637,223.8257575757576
1_0_0_1_0_0_0_0_0_1_0_1_0_0_0_1_1_0_1_1_1_0_0_1_0_1_0_0_1_0_0_0_0_0_0_0_0_0_0_0_0_0_0_1_0_0,1,7.666666666666667e-5,2.0548046676563257e-5,0.2681564245810056,210.41666666666666
0_1_1_0_1_1_1_0_1_0_1_0_1_1_1_1_0_1_0_0_0_1_1_0_0_0_1_1_0_1_1_1_1_1_1_0_1_1_1_1_0_1_0_0_1_0,1,7.666666666666667e-5,1.6996731711975954e-5,0.25139664804469275,232.7936507936508
1_0_1_1_0_0_0_0_1_1_1_0_0_0_0_0_0_0_1_0_0_0_0_1_1_1_0_0_1_0_0_0_0_0_0_1_0_0_1_0_1_0_1_1_0_1,1,7.666666666666667e-5,1.2472191289246474e-5,0.21787709497206703,244.35185185185188
1_0_0_1_0_0_0_0_0_1_0_1_0_0_1_1_1_0_1_1_1_0_0_1_0_1_0_0_1_0_0_0_0_0_0_0_0_0_0_0_0_0_0_0_0_0,1,7.333333333333333e-5,2.0548046676563257e-5,0.25139664804469275,180.19047619047618
0_0_0_0_0_0_0_1_1_1_0_1_0_0_0_0_1_0_0_1_1_1_0_0_1_0_0_1_0_0_0_0_1_1_1_1_0_1_1_1_1_1_1_1_0_1,1,7.333333333333333e-5,3.299831645537222e-5,0.2681564245810056,239.38888888888889
0_1_0_0_1_0_0_0_0_1_0_0_0_1_1_0_0_1_0_0_1_1_0_0_1_0_1_1_0_0_0_1_1_1_1_1_0_1_1_1_0_1_1_1_0_1,1,7.333333333333333e-5,2.6246692913372705e-5,0.2681564245810056,220.45454545454547
1_0_1_1_0_1_1_1_1_0_1_1_1_0_0_1_1_0_1_1_1_0_1_1_0_1_0_0_1_1_1_0_0_0_0_0_1_0_0_0_1_0_0_0_1_0,1,7.333333333333333e-5,2.6246692913372705e-5,0.26256983240223464,275.57575757575756
1_1_1_1_1_1_1_0_0_0_1_0_1_1_0_1_0_0_1_0_0_0_1_1_0_1_0_0_1_1_1_1_0_0_0_0_1_0_0_0_0_0_0_0_1_0,1,7.000000000000001e-5,1.4142135623730953e-5,0.30726256983240224,205.0
0_0_0_0_0_0_0_1_1_1_0_1_0_0_0_0_1_0_0_1_1_1_0_0_1_0_0_1_0_0_0_0_1_1_1_0_0_1_1_1_1_1_1_1_0_1,1,7.000000000000001e-5,8.164965809277262e-6,0.25139664804469275,249.90079365079364
1_0_0_1_0_0_0_0_0_1_0_1_0_0_0_0_1_0_1_1_1_0_0_1_1_1_0_0_1_0_0_0_0_0_0_1_0_0_0_0_1_0_1_1_0_1,1,7.000000000000001e-5,1.4142135623730953e-5,0.24022346368715083,227.16666666666666
0_1_1_0_1_1_1_1_1_0_1_1_1_0_0_0_0_1_0_0_0_1_1_0_1_0_1_1_0_1_1_1_1_1_1_1_1_1_0_1_1_1_1_1_1_1,1,7.000000000000001e-5,1.4142135623730953e-5,0.2737430167597765,262.77777777777777
0_1_1_0_1_1_1_0_1_0_1_0_1_1_0_0_0_1_0_0_0_1_1_0_1_0_1_1_0_1_1_1_1_1_1_1_1_1_0_1_0_1_1_1_1_1,1,7.000000000000001e-5,1.6329931618554523e-5,0.2681564245810056,212.7195767195767
0_0_1_0_0_0_0_1_1_1_1_0_0_0_1_0_0_1_0_0_0_1_0_0_1_0_1_1_0_0_0_0_1_1_1_1_0_1_0_1_1_1_1_1_0_1,1,7.000000000000001e-5,8.164965809277262e-6,0.27932960893854747,238.69047619047618
0_1_1_0_1_1_1_1_1_0_1_0_1_1_1_0_0_1_0_0_0_1_1_0_0_0_1_1_0_1_1_1_1_1_1_1_1_1_0_1_0_1_1_0_1_1,1,6.666666666666668e-5,1.885618083164127e-5,0.2681564245810056,207.08333333333334
0_0_0_0_0_0_0_1_1_1_1_0_1_0_1_0_1_1_0_1_1_1_1_0_1_0_1_1_0_1_1_0_1_1_1_0_0_1_0_1_0_1_1_1_1_1,1,6.666666666666666e-5,4.714045207910313e-6,0.29608938547486036,222.38095238095238
0_0_0_0_0_0_0_1_0_1_0_1_0_0_0_0_1_0_0_1_1_1_0_0_1_0_0_1_0_0_0_0_1_1_1_0_0_1_0_1_1_1_1_1_0_1,1,6.333333333333333e-5,2.0548046676563257e-5,0.2569832402234637,244.16666666666666
0_0_1_0_0_1_0_0_1_1_1_0_0_0_0_0_0_0_0_0_0_1_0_0_0_0_0_1_0_0_0_0_1_1_1_1_0_1_0_1_1_1_1_1_0_1,1,6.333333333333333e-5,2.0548046676563257e-5,0.25139664804469275,287.77777777777777
1_1_0_1_1_0_1_1_0_0_0_1_1_1_1_1_1_1_1_1_1_0_1_1_1_1_1_0_1_1_1_1_0_0_0_0_1_0_1_0_0_0_0_0_1_0,1,6.333333333333333e-5,2.0548046676563257e-5,0.25139664804469275,250.74074074074076
1_0_0_1_0_0_0_0_0_1_0_1_0_0_1_1_1_0_1_1_1_0_0_1_0_1_0_0_1_0_0_0_0_0_0_0_0_0_1_0_1_0_0_0_0_0,1,6.333333333333333e-5,2.867441755680876e-5,0.2569832402234637,199.22222222222226
0_0_0_0_0_0_0_1_1_1_0_1_0_0_1_0_1_1_0_1_1_1_0_0_1_0_1_1_0_0_0_0_1_1_1_1_0_1_1_1_1_1_1_1_0_1,1,6.333333333333333e-5,1.699673171197595e-5,0.30726256983240224,235.53571428571428
1_0_1_1_0_1_0_0_0_1_1_0_0_0_0_0_0_0_1_0_0_0_0_1_0_1_0_0_1_0_0_0_0_0_0_1_0_0_0_0_1_0_1_1_0_1,1,6.333333333333333e-5,3.39934634239519e-5,0.2346368715083799,273.45454545454544
0_0_1_0_0_1_0_1_1_1_1_0_0_0_0_0_0_0_0_0_0_1_0_0_0_0_0_1_0_0_0_0_1_1_1_1_0_1_1_1_1_1_1_1_0_1,1,6.0e-5,2.1602468994692868e-5,0.25139664804469275,241.83333333333334
0_1_1_0_1_1_1_0_1_0_1_0_1_1_1_0_0_1_0_0_0_1_1_0_1_0_1_1_0_1_1_1_1_1_1_1_1_1_0_1_0_1_1_0_1_1,1,5.666666666666667e-5,2.0548046676563257e-5,0.2849162011173184,207.2222222222222
0_1_1_0_1_1_1_1_1_0_1_0_1_1_1_0_0_1_0_0_0_1_1_0_1_0_1_1_0_1_1_1_1_1_1_1_1_1_1_1_0_1_1_0_1_1,1,5.6666666666666664e-5,1.2472191289246467e-5,0.2849162011173184,260.1587301587302
1_0_1_1_0_0_0_0_1_1_1_0_0_1_0_1_0_0_1_0_0_0_0_1_1_1_0_0_1_0_0_0_0_0_0_1_0_0_0_0_0_0_0_0_0_1,1,5.6666666666666664e-5,9.42809041582063e-6,0.2681564245810056,260.6666666666667
1_1_1_1_1_1_1_1_1_0_1_0_1_1_1_1_0_1_1_0_0_0_1_1_0_1_1_0_1_1_1_1_0_0_0_0_1_0_1_0_0_0_0_0_1_0,1,5.333333333333334e-5,2.0548046676563257e-5,0.26256983240223464,212.0277777777778
0_1_0_0_1_0_0_0_0_1_0_0_0_1_0_0_0_1_0_0_1_1_0_0_1_0_1_1_0_0_0_1_1_1_1_1_0_1_1_1_0_1_1_1_0_1,1,5.333333333333334e-5,1.885618083164127e-5,0.2569832402234637,242.5
0_1_0_0_1_1_1_0_0_0_0_1_1_0_1_0_1_1_0_1_1_1_1_0_0_0_1_1_0_1_1_1_1_1_1_0_1_1_1_1_0_1_1_1_1_0,1,5.333333333333334e-5,3.39934634239519e-5,0.26256983240223464,296.5
0_1_1_0_1_1_1_0_1_0_1_0_1_1_1_0_0_1_0_0_0_1_1_0_0_0_1_1_0_1_1_1_1_1_1_0_1_1_0_1_0_1_1_0_1_1,1,5.333333333333334e-5,2.6246692913372705e-5,0.29608938547486036,230.0925925925926
0_0_0_0_0_0_0_1_1_1_0_1_0_0_1_0_1_1_0_1_1_1_0_0_0_0_1_1_0_0_0_0_1_1_1_0_0_1_1_1_1_1_1_1_0_1,1,5.333333333333334e-5,4.027681991198191e-5,0.29608938547486036,246.86868686868686
0_1_1_0_1_1_1_1_1_0_1_0_1_1_1_0_0_1_0_0_0_1_1_0_0_0_1_1_0_1_1_1_1_1_1_1_1_1_1_1_1_1_1_0_1_1,1,5.333333333333334e-5,4.714045207910317e-6,0.26256983240223464,177.88888888888889
1_1_0_1_1_0_1_0_0_0_0_1_1_1_1_1_1_1_1_1_1_0_1_1_1_1_1_0_1_1_1_1_0_0_0_0_1_0_0_0_0_0_0_0_1_0,1,5.333333333333334e-5,2.0548046676563257e-5,0.25139664804469275,252.36111111111111
0_1_0_0_1_0_1_1_0_0_0_1_1_1_1_1_1_1_0_1_1_1_1_0_1_0_1_1_0_1_1_1_1_1_1_0_1_1_0_1_0_1_0_0_1_0,1,5.333333333333334e-5,2.6246692913372705e-5,0.22905027932960895,226.5740740740741
0_1_0_0_1_0_1_1_1_0_0_1_1_1_1_1_1_1_0_1_1_1_1_0_1_0_1_1_0_1_1_1_1_1_1_0_1_1_1_1_0_1_0_0_1_0,1,5.333333333333334e-5,2.0548046676563257e-5,0.2346368715083799,243.91666666666666
1_0_0_1_0_0_0_0_0_1_0_0_0_1_1_1_1_0_1_1_1_0_0_1_1_1_0_0_1_0_0_0_0_0_0_0_0_0_1_0_0_0_0_0_0_0,1,5.3333333333333326e-5,1.6996731711975947e-5,0.2681564245810056,225.87301587301587
1_0_0_1_0_1_0_0_0_1_1_0_0_0_0_0_1_0_1_0_0_0_0_1_1_1_0_0_1_0_0_0_0_0_0_1_0_0_0_0_0_0_1_1_1_1,0,5.3333333333333326e-5,1.6996731711975947e-5,0.2011173184357542,1001.0
1_1_0_1_1_1_1_0_0_0_0_1_1_1_0_1_1_0_1_1_1_0_1_1_0_1_0_0_1_1_1_1_0_0_0_0_1_0_1_0_0_0_0_0_1_0,1,5.3333333333333326e-5,1.2472191289246467e-5,0.27932960893854747,231.95238095238096
1_0_0_1_0_0_0_0_0_1_0_1_0_0_0_1_1_0_1_1_1_0_0_1_1_1_0_0_1_0_0_0_0_0_0_0_0_0_1_0_1_0_0_1_0_0,1,5.3333333333333326e-5,1.2472191289246467e-5,0.2681564245810056,229.92857142857142
0_1_0_0_1_1_1_1_1_0_0_1_1_0_1_0_1_1_0_1_1_1_1_0_0_0_1_1_0_1_1_1_1_1_1_0_1_1_1_1_1_1_1_1_1_0,1,5.3333333333333326e-5,1.2472191289246467e-5,0.2737430167597765,221.88095238095238
0_1_1_0_1_1_1_1_1_0_1_0_1_1_0_0_0_1_0_0_0_1_1_0_1_0_1_1_0_1_1_1_1_1_1_1_1_1_1_1_1_1_1_1_1_1,1,5.0e-5,8.16496580927726e-6,0.25139664804469275,225.83333333333334
1_1_1_1_1_1_1_0_0_0_0_1_0_1_0_1_0_0_1_0_0_0_0_1_0_1_0_0_1_0_0_1_0_0_0_1_1_0_1_0_1_0_0_0_0_0,1,5.0e-5,1.4142135623730946e-5,0.29608938547486036,225.11904761904762
1_1_0_1_1_1_1_1_1_0_0_1_1_1_1_1_1_1_1_1_1_0_1_1_0_1_1_0_1_1_1_1_0_0_0_0_1_0_1_0_0_0_0_0_1_0,1,5.0e-5,1.4142135623730951e-5,0.24581005586592178,287.22222222222223
1_1_0_1_1_0_0_1_0_1_0_1_1_0_1_0_1_1_1_1_1_0_0_1_1_1_1_0_1_0_0_1_0_0_0_0_0_0_1_0_1_0_1_1_0_0,1,5.0e-5,8.16496580927726e-6,0.25139664804469275,236.94444444444443
1_0_0_1_0_0_0_0_0_1_0_0_0_1_1_1_1_0_1_1_1_0_0_1_0_1_0_0_1_0_0_0_0_0_0_0_0_0_1_0_0_0_0_0_0_0,1,5.0e-5,8.16496580927726e-6,0.2737430167597765,274.5
1_1_1_1_1_1_1_0_1_0_1_0_1_1_1_1_0_1_1_0_0_0_1_1_0_1_1_0_1_1_1_1_0_0_0_0_1_0_1_0_0_0_0_0_1_0,1,5.0e-5,2.1602468994692868e-5,0.2737430167597765,213.4722222222222
0_0_0_0_0_0_0_1_0_1_0_1_0_0_0_0_1_0_0_1_1_1_0_0_1_0_0_1_0_0_0_0_1_1_1_1_0_1_0_1_1_1_1_1_0_1,1,4.9999999999999996e-5,1.6329931618554516e-5,0.2737430167597765,263.1111111111111
1_0_0_1_0_1_1_0_0_0_0_1_0_0_0_1_1_0_1_1_1_0_0_1_0_1_0_0_1_0_0_0_0_0_0_0_1_0_1_0_1_0_0_1_0_0,1,4.666666666666667e-5,1.2472191289246472e-5,0.30726256983240224,186.7777777777778
0_1_1_0_1_1_1_0_1_0_1_0_1_1_1_0_0_1_0_0_0_1_1_0_0_0_1_1_0_1_1_1_1_1_1_1_1_1_0_1_0_1_1_0_1_1,1,4.666666666666667e-5,2.3570226039551588e-5,0.27932960893854747,232.63888888888889
0_1_1_0_1_1_1_1_1_0_1_0_1_1_1_0_0_1_0_0_0_1_1_0_1_0_1_1_0_1_1_1_1_1_1_1_1_1_1_1_1_1_1_0_1_1,1,4.666666666666667e-5,1.2472191289246472e-5,0.2681564245810056,240.2222222222222
1_0_0_1_0_0_0_1_0_1_0_1_0_0_1_1_1_0_1_1_1_0_0_1_0_1_0_0_1_0_0_0_0_0_0_0_0_0_1_0_1_0_0_0_0_0,1,4.6666666666666665e-5,1.6996731711975947e-5,0.2681564245810056,255.11904761904762
1_0_0_1_0_0_0_0_0_1_0_1_0_0_1_1_1_0_1_1_1_0_0_1_1_1_0_0_1_0_0_0_0_0_0_0_0_0_0_0_0_0_0_0_0_0,1,4.6666666666666665e-5,2.0548046676563253e-5,0.24581005586592178,278.95238095238096
1_0_1_1_0_1_0_0_1_1_1_0_0_0_0_0_0_0_1_0_0_0_0_1_0_1_0_0_1_0_0_0_0_0_0_1_0_0_1_0_1_0_1_1_0_1,1,4.6666666666666665e-5,1.6996731711975947e-5,0.22905027932960895,260.95238095238096
0_0_0_0_0_0_0_1_1_1_0_1_0_0_1_0_1_1_0_1_1_1_0_0_1_0_1_1_0_0_0_0_1_1_1_0_0_1_1_1_1_1_1_1_0_1,1,4.6666666666666665e-5,2.6246692913372702e-5,0.2905027932960894,228.015873015873
0_1_1_0_1_1_1_1_1_0_1_0_1_1_0_0_0_1_0_0_0_1_1_0_1_0_1_1_0_1_1_1_1_1_1_1_1_1_1_1_0_1_1_1_1_1,1,4.6666666666666665e-5,1.6996731711975947e-5,0.2681564245810056,242.38095238095238
1_0_1_1_0_0_0_0_0_1_1_0_0_1_0_1_0_0_1_0_0_0_0_1_1_1_0_0_1_0_0_0_0_0_0_1_0_0_0_0_0_0_0_0_0_1,1,4.6666666666666665e-5,2.0548046676563253e-5,0.2737430167597765,244.19047619047618
1_1_0_1_1_1_1_1_1_0_0_1_1_1_0_1_1_0_1_1_1_0_1_1_0_1_0_0_1_1_1_1_0_0_0_0_1_0_1_0_0_0_0_0_1_0,1,4.333333333333334e-5,1.247219128924647e-5,0.2849162011173184,218.8888888888889
1_1_0_1_1_1_1_0_0_0_0_1_1_1_0_1_1_0_1_1_1_0_1_1_0_1_0_0_1_1_1_1_0_0_0_0_1_0_0_0_0_0_0_0_1_0,1,4.333333333333334e-5,1.6996731711975947e-5,0.27932960893854747,208.0
1_1_1_1_1_1_1_0_1_0_1_0_1_1_1_1_0_1_1_0_0_0_1_1_0_1_1_0_1_1_1_1_0_0_0_1_1_0_1_0_0_0_0_0_1_0,1,4.333333333333334e-5,4.027681991198191e-5,0.2569832402234637,321.0
1_0_0_1_0_0_0_0_0_1_0_1_0_0_0_1_1_0_1_1_1_0_0_1_0_1_0_0_1_0_0_0_0_0_0_0_0_0_0_0_1_0_0_1_0_0,1,4.333333333333334e-5,4.714045207910317e-6,0.2849162011173184,233.83333333333334
1_1_0_1_1_1_1_1_0_0_0_1_1_1_1_1_1_1_1_1_1_0_1_1_0_1_1_0_1_1_1_1_0_0_0_0_1_0_0_0_0_0_0_0_1_0,1,4.333333333333334e-5,1.6996731711975947e-5,0.24022346368715083,236.55555555555554
1_0_0_1_0_0_0_1_0_1_0_1_0_0_1_1_1_0_1_1_1_0_0_1_1_1_0_0_1_0_0_0_0_0_0_1_0_0_1_0_1_0_0_0_0_0,1,4.333333333333334e-5,1.6996731711975947e-5,0.27932960893854747,203.44444444444446
0_0_0_0_0_0_0_0_0_1_0_1_0_0_1_0_1_1_0_1_1_1_0_0_0_0_1_1_0_0_0_0_1_1_1_0_0_1_0_1_1_1_1_1_0_1,1,4.333333333333333e-5,1.8856180831641264e-5,0.2905027932960894,265.07936507936506
0_1_1_0_1_0_1_1_0_0_0_1_1_1_1_1_1_1_0_1_1_1_1_0_0_0_1_1_0_1_1_1_1_1_1_0_1_1_1_1_1_1_0_0_0_0,0,4.0e-5,8.164965809277262e-6,0.20670391061452514,1001.0
1_0_0_1_0_0_0_0_0_1_0_1_0_0_0_1_1_0_1_1_1_0_0_1_1_1_0_0_1_0_0_0_0_0_0_1_0_0_1_0_1_0_0_1_0_0,1,4.0e-5,1.632993161855452e-5,0.2849162011173184,175.55555555555554
0_0_0_0_0_0_0_0_0_1_0_1_0_0_0_0_1_0_0_1_1_1_0_0_1_0_0_1_0_0_0_0_1_1_1_1_0_1_0_1_1_1_1_1_0_1,1,4.0e-5,8.164965809277262e-6,0.26256983240223464,230.83333333333334
0_0_1_0_0_1_0_0_0_1_1_0_0_0_0_0_0_0_0_0_0_1_0_0_0_0_0_1_0_0_0_0_1_1_1_1_0_1_0_1_1_1_1_1_0_1,1,3.666666666666667e-5,1.2472191289246472e-5,0.2569832402234637,245.0
0_0_1_0_0_0_0_0_0_1_1_0_0_0_0_0_0_0_0_0_0_1_0_0_1_0_0_1_0_0_0_0_1_1_1_1_0_1_0_1_1_1_1_1_0_1,1,3.666666666666667e-5,1.2472191289246472e-5,0.24581005586592178,258.8333333333333
0_1_1_0_1_1_1_1_1_0_1_1_1_0_0_0_1_1_0_1_0_1_1_0_0_0_1_1_0_1_1_1_1_1_1_0_1_1_0_1_1_1_1_1_1_1,1,3.666666666666667e-5,1.2472191289246472e-5,0.2849162011173184,175.66666666666666
0_0_1_0_0_0_0_0_1_1_1_0_0_1_0_1_0_0_0_0_0_1_0_0_0_0_0_1_0_0_0_0_1_1_1_0_0_1_0_1_0_1_0_0_0_1,1,3.6666666666666666e-5,1.2472191289246472e-5,0.3016759776536313,274.8333333333333
1_1_0_1_1_1_1_1_0_0_0_1_1_1_0_1_1_0_1_1_1_0_1_1_0_1_0_0_1_1_1_1_0_0_0_0_1_0_1_0_0_0_0_0_1_0,1,3.6666666666666666e-5,2.0548046676563257e-5,0.27932960893854747,166.11111111111111
1_1_1_1_1_1_1_1_1_0_1_0_1_1_0_1_0_0_1_0_0_0_1_1_1_1_0_0_1_1_1_1_0_0_0_1_1_0_1_0_0_0_0_0_1_0,1,3.6666666666666666e-5,2.494438257849294e-5,0.2905027932960894,180.79365079365076
0_1_1_0_1_0_1_1_1_0_0_1_1_1_1_1_0_1_0_1_1_1_1_0_0_0_1_1_0_1_1_1_1_1_1_0_1_1_1_1_1_1_0_0_0_0,0,3.6666666666666666e-5,1.2472191289246472e-5,0.2011173184357542,1001.0
0_1_1_0_1_1_1_1_1_0_1_0_1_1_1_0_0_1_0_0_0_1_1_0_0_0_1_1_0_1_1_1_1_1_1_0_1_1_0_1_0_1_1_0_1_1,1,3.6666666666666666e-5,9.428090415820635e-6,0.2849162011173184,246.0
0_0_1_0_0_0_0_1_1_1_1_0_0_0_1_0_0_1_0_0_0_1_0_0_1_0_1_1_0_0_0_0_1_1_1_1_0_1_1_1_1_1_1_1_0_1,1,3.6666666666666666e-5,2.0548046676563257e-5,0.27932960893854747,234.44444444444443
0_0_1_0_0_1_0_1_1_1_1_0_0_0_1_0_0_1_0_0_0_1_0_0_0_0_1_1_0_0_0_0_1_1_1_1_0_1_0_1_1_1_1_1_0_1,1,3.6666666666666666e-5,3.8586123009300757e-5,0.2905027932960894,228.61111111111111
1_0_1_1_0_0_0_1_1_1_1_0_0_1_0_1_0_0_1_0_0_0_0_1_1_1_0_0_1_0_0_0_0_0_0_1_0_0_0_0_1_0_0_0_0_1,1,3.3333333333333335e-5,2.4944382578492944e-5,0.26256983240223464,230.41666666666669
1_0_0_1_0_0_0_1_0_1_0_1_0_0_0_1_1_0_1_1_1_0_0_1_1_1_0_0_1_0_0_0_0_0_0_0_0_0_1_0_1_0_0_1_0_0,1,3.3333333333333335e-5,4.7140452079103185e-6,0.27932960893854747,205.55555555555554
1_0_0_1_0_0_0_0_0_1_0_1_0_0_1_1_1_0_1_1_1_0_0_1_0_1_0_0_1_0_0_0_0_0_0_0_0_0_0_0_1_0_0_0_0_0,1,3.3333333333333335e-5,2.0548046676563257e-5,0.2681564245810056,239.99999999999997
0_1_1_0_1_1_1_1_1_0_1_0_1_1_0_0_0_1_0_0_0_1_1_0_0_0_1_1_0_1_1_1_1_1_1_1_1_1_0_1_0_1_1_1_1_1,1,3.3333333333333335e-5,4.7140452079103185e-6,0.25139664804469275,191.94444444444446
1_0_1_1_0_0_0_0_1_1_1_0_0_1_0_1_0_0_1_0_0_0_0_1_1_1_0_0_1_0_0_0_0_0_0_1_0_0_0_0_1_0_0_0_0_1,1,3.3333333333333335e-5,1.2472191289246472e-5,0.26256983240223464,215.2222222222222
1_0_1_1_0_0_0_0_0_1_1_0_0_1_0_1_0_0_1_0_0_0_0_1_0_1_0_0_1_0_0_0_0_0_0_0_0_0_0_0_0_0_0_0_0_1,1,3.3333333333333335e-5,4.7140452079103185e-6,0.2849162011173184,258.0555555555556
1_0_1_1_0_0_0_1_1_1_1_0_0_1_0_1_0_0_1_0_0_0_0_1_0_1_0_0_1_0_0_0_0_0_0_1_0_0_0_0_1_0_0_0_0_1,1,3.0e-5,8.164965809277262e-6,0.2681564245810056,176.66666666666669
0_1_1_0_1_1_1_1_1_0_1_0_1_1_0_0_0_1_0_0_0_1_1_0_0_0_1_1_0_1_1_1_1_1_1_0_1_1_0_1_0_1_1_1_1_1,1,3.0e-5,8.164965809277262e-6,0.2681564245810056,176.66666666666666
0_1_1_0_1_0_0_1_1_1_0_1_1_1_0_0_1_1_0_1_0_1_1_0_0_0_1_1_0_1_1_1_1_1_1_0_0_1_1_1_1_1_1_1_0_1,1,3.0e-5,0.0,0.30726256983240224,266.6666666666667
0_1_1_0_1_1_1_0_0_0_1_0_1_1_0_0_0_1_0_0_0_1_1_0_0_0_1_1_0_1_1_1_1_1_1_0_1_1_0_1_0_1_1_1_1_1,1,3.0e-5,1.632993161855452e-5,0.2849162011173184,283.11111111111114
0_0_1_0_0_0_0_0_1_1_1_0_0_0_1_0_0_1_0_0_0_1_0_0_1_0_1_1_0_0_0_0_1_1_1_1_0_1_0_1_1_1_1_1_0_1,1,3.0e-5,2.1602468994692865e-5,0.27932960893854747,195.55555555555554
0_1_1_0_1_1_1_0_1_0_1_0_1_1_1_0_0_1_0_0_0_1_1_0_1_0_1_1_0_1_1_1_1_1_1_1_1_1_1_1_0_1_1_0_1_1,1,3.0e-5,0.0,0.29608938547486036,176.66666666666666
1_0_0_1_0_0_0_1_1_1_0_1_0_0_1_1_1_0_1_1_1_0_0_1_0_1_0_0_1_0_0_0_0_0_0_0_0_0_1_0_1_0_0_0_0_0,1,3.0e-5,1.632993161855452e-5,0.2737430167597765,200.2222222222222
0_1_1_0_1_0_0_1_1_1_1_0_1_1_0_0_0_1_0_0_0_1_1_0_1_0_1_1_0_1_1_1_1_1_1_1_0_1_0_1_0_1_1_1_1_1,1,3.0e-5,2.1602468994692865e-5,0.2905027932960894,246.66666666666666
0_1_1_0_1_1_1_0_1_0_1_0_1_1_0_0_0_1_0_0_0_1_1_0_0_0_1_1_0_1_1_1_1_1_1_1_1_1_0_1_0_1_1_1_1_1,1,3.0e-5,2.1602468994692865e-5,0.26256983240223464,239.44444444444446
1_0_0_1_0_1_0_0_1_1_1_0_0_0_0_0_0_0_1_0_0_0_0_1_1_1_0_0_1_0_0_0_0_0_0_1_0_0_0_0_0_0_1_1_1_1,0,3.0e-5,1.632993161855452e-5,0.20670391061452514,1001.0
0_1_1_0_1_0_0_0_1_1_1_0_1_1_0_0_0_1_0_0_0_1_1_0_1_0_1_1_0_1_1_1_1_1_1_1_0_1_0_1_0_1_1_1_1_1,1,2.666666666666667e-5,1.699673171197595e-5,0.3016759776536313,192.33333333333334
1_1_1_1_1_1_1_0_1_0_1_0_1_1_0_1_0_0_1_0_0_0_1_1_1_1_0_0_1_1_1_1_0_0_0_1_1_0_1_0_0_0_0_0_1_0,1,2.666666666666667e-5,1.2472191289246472e-5,0.3016759776536313,205.2777777777778
1_1_0_1_1_0_1_1_0_0_0_1_1_1_0_1_1_0_1_1_1_0_1_1_1_1_0_0_1_1_1_1_0_0_0_0_1_0_0_0_0_0_0_0_1_0,1,2.666666666666667e-5,1.2472191289246472e-5,0.2905027932960894,263.0555555555556
1_1_0_1_1_1_1_1_0_0_0_1_1_1_0_1_1_0_1_1_1_0_1_1_0_1_0_0_1_1_1_1_0_0_0_0_1_0_0_0_0_0_0_0_1_0,1,2.666666666666667e-5,4.714045207910317e-6,0.27932960893854747,156.66666666666666
0_1_0_0_1_1_1_1_0_0_0_1_1_0_1_0_1_1_0_1_1_1_1_0_1_0_1_1_0_1_1_1_1_1_1_0_1_1_1_1_1_1_1_1_1_0,1,2.666666666666667e-5,4.714045207910317e-6,0.2737430167597765,243.33333333333334
0_1_1_0_1_0_1_1_1_0_0_1_1_1_1_1_0_1_0_0_1_1_1_0_0_0_1_1_0_1_1_1_1_1_1_0_1_1_1_1_1_1_0_0_0_0,0,2.666666666666667e-5,1.2472191289246472e-5,0.2011173184357542,1001.0
1_1_1_1_1_1_1_0_0_0_1_0_1_1_0_1_0_0_1_0_0_0_1_1_0_1_0_0_1_1_1_1_0_0_0_1_1_0_0_0_0_0_0_0_1_0,1,2.666666666666667e-5,1.699673171197595e-5,0.2905027932960894,269.3333333333333
1_1_0_1_1_1_1_1_1_0_0_1_1_0_1_0_1_1_1_1_1_0_1_1_0_1_1_0_1_1_1_1_0_0_0_0_1_0_1_0_1_0_1_1_1_0,1,2.666666666666667e-5,2.3570226039551588e-5,0.29608938547486036,274.44444444444446
1_0_0_1_0_1_1_0_0_0_1_0_0_0_1_1_0_0_1_0_1_0_0_1_1_1_0_0_1_0_0_0_0_0_0_1_1_0_0_0_0_0_0_0_1_0,1,2.666666666666667e-5,9.428090415820635e-6,0.30726256983240224,230.83333333333334
0_1_1_0_1_1_1_1_1_0_1_0_1_1_1_0_0_1_0_0_0_1_1_0_0_0_1_1_0_1_1_1_1_1_1_0_1_1_1_1_0_1_1_0_1_1,1,2.666666666666667e-5,1.2472191289246472e-5,0.29608938547486036,165.83333333333334
1_0_0_1_0_0_0_0_0_1_0_1_0_0_1_1_1_0_1_1_1_0_0_1_1_1_0_0_1_0_0_0_0_0_0_0_0_0_1_0_1_0_0_0_0_0,1,2.666666666666667e-5,9.428090415820635e-6,0.25139664804469275,196.66666666666666
0_1_1_0_1_1_1_1_1_0_1_1_1_0_0_0_0_1_0_0_0_1_1_0_0_0_1_1_0_1_1_1_1_1_1_1_1_1_0_1_1_1_1_1_1_1,1,2.666666666666667e-5,4.714045207910317e-6,0.2681564245810056,205.0
1_0_0_1_0_0_0_0_0_1_0_0_0_1_1_1_0_0_1_0_1_0_0_1_1_1_0_0_1_0_0_0_0_0_0_1_0_0_1_0_0_0_0_0_0_0,1,2.666666666666667e-5,4.714045207910317e-6,0.2849162011173184,209.44444444444446
0_1_1_0_1_1_1_1_1_0_1_1_1_1_1_1_1_1_0_0_0_1_1_0_0_0_1_1_0_1_1_1_1_1_1_1_1_1_0_1_1_1_0_0_1_0,0,2.666666666666667e-5,2.0548046676563257e-5,0.16201117318435754,1001.0
0_1_1_0_1_0_0_1_1_1_0_1_1_1_0_0_1_1_0_1_0_1_1_0_1_0_1_1_0_1_1_1_1_1_1_1_0_1_1_1_1_1_1_1_0_1,1,2.666666666666667e-5,1.699673171197595e-5,0.30726256983240224,233.66666666666666
1_1_1_1_1_1_1_1_1_0_1_0_1_1_0_1_0_0_1_0_0_0_1_1_0_1_0_0_1_1_1_1_0_0_0_0_1_0_1_0_0_0_0_0_1_0,1,2.666666666666667e-5,1.699673171197595e-5,0.3016759776536313,250.66666666666666
1_0_0_1_0_0_0_1_0_1_0_1_0_0_0_1_1_0_1_1_1_0_0_1_1_1_0_0_1_0_0_0_0_0_0_1_0_0_1_0_1_0_0_1_0_0,1,2.666666666666667e-5,9.428090415820635e-6,0.29608938547486036,232.5
1_0_0_1_0_0_0_0_0_1_0_1_0_0_0_1_1_0_1_1_1_0_0_1_1_1_0_0_1_0_0_0_0_0_0_0_0_0_0_0_1_0_0_1_0_0,1,2.666666666666667e-5,1.2472191289246472e-5,0.27932960893854747,230.0
1_0_0_1_0_0_0_0_0_1_0_1_0_0_1_1_1_0_1_1_1_0_0_1_1_1_0_0_1_0_0_0_0_0_0_1_0_0_1_0_1_0_0_0_0_0,1,2.666666666666667e-5,4.714045207910317e-6,0.2681564245810056,212.22222222222226
0_0_1_0_0_1_0_0_1_1_1_0_0_0_0_0_0_0_0_0_0_1_0_0_0_0_0_1_0_0_0_0_1_1_1_1_0_1_1_1_1_1_1_1_0_1,1,2.666666666666667e-5,1.2472191289246472e-5,0.25139664804469275,179.16666666666666
1_0_0_1_0_0_0_0_0_1_0_0_0_0_0_0_0_0_1_1_1_0_0_1_1_1_0_0_1_0_0_0_0_0_0_0_0_0_1_0_0_0_1_1_0_1,0,2.666666666666667e-5,9.428090415820635e-6,0.16201117318435754,1001.0
0_0_0_0_0_0_0_1_0_1_0_1_0_0_1_0_1_1_0_1_1_1_0_0_0_0_1_1_0_0_0_0_1_1_1_0_0_1_0_1_1_1_1_1_0_1,1,2.666666666666667e-5,1.699673171197595e-5,0.3016759776536313,221.0
1_1_0_1_1_1_1_1_0_0_0_1_1_0_1_0_1_1_1_1_1_0_1_1_1_1_1_0_1_1_1_1_0_0_0_1_1_0_1_0_1_0_1_1_1_0,1,2.666666666666667e-5,4.714045207910317e-6,0.3016759776536313,271.1111111111111
0_0_1_0_0_0_0_0_1_1_1_0_0_0_0_0_0_0_0_0_0_1_0_0_1_0_0_1_0_0_0_0_1_1_1_1_0_1_1_1_1_1_1_1_0_1,1,2.6666666666666663e-5,3.091206165165234e-5,0.24022346368715083,250.0
1_0_0_1_0_0_0_1_1_1_0_1_0_0_0_1_1_0_1_1_1_0_0_1_1_1_0_0_1_0_0_0_0_0_0_1_0_0_1_0_1_0_0_1_0_0,1,2.3333333333333336e-5,4.714045207910317e-6,0.3016759776536313,251.66666666666666
0_1_1_0_1_0_0_1_1_1_1_0_1_1_1_0_0_1_0_0_0_1_1_0_1_0_1_1_0_1_1_1_1_1_1_1_0_1_0_1_0_1_1_0_1_1,1,2.3333333333333336e-5,9.428090415820634e-6,0.30726256983240224,201.11111111111111
0_0_1_0_0_0_0_0_1_1_1_0_0_1_0_1_0_0_0_0_0_1_0_0_1_0_0_1_0_0_0_0_1_1_1_1_0_1_0_1_0_1_0_0_0_1,1,2.3333333333333336e-5,1.699673171197595e-5,0.2905027932960894,225.83333333333331
1_1_0_1_1_0_1_1_0_0_0_1_1_1_1_1_1_1_1_1_1_0_1_1_1_1_1_0_1_1_1_1_0_0_0_0_1_0_0_0_0_0_0_0_1_0,1,2.3333333333333336e-5,2.0548046676563257e-5,0.25139664804469275,232.5
1_0_0_1_0_1_1_1_0_0_0_1_0_0_0_1_1_0_1_1_1_0_0_1_0_1_0_0_1_0_0_0_0_0_0_0_1_0_1_0_1_0_0_1_0_0,1,2.3333333333333336e-5,1.2472191289246474e-5,0.31843575418994413,182.5
1_1_0_1_1_0_1_0_0_0_0_1_1_1_0_1_1_0_1_1_1_0_1_1_1_1_0_0_1_1_1_1_0_0_0_0_1_0_0_0_0_0_0_0_1_0,1,2.3333333333333336e-5,1.8856180831641267e-5,0.2905027932960894,194.0
0_1_1_0_1_1_1_0_1_0_1_0_1_1_0_0_0_1_0_0_0_1_1_0_1_0_1_1_0_1_1_1_1_1_1_1_1_1_1_1_0_1_1_1_1_1,1,2.3333333333333336e-5,4.714045207910317e-6,0.27932960893854747,261.11111111111114
0_1_0_0_1_1_1_1_0_0_0_1_1_1_0_0_1_1_0_1_0_1_1_0_0_0_1_1_0_1_1_1_1_1_1_0_1_1_1_1_0_1_1_1_1_1,1,2.3333333333333336e-5,2.6246692913372705e-5,0.29608938547486036,383.33333333333337
0_1_1_0_1_1_1_0_0_0_1_0_1_1_1_0_0_1_0_0_0_1_1_0_1_0_1_1_0_1_1_1_1_1_1_1_1_1_0_1_0_1_1_0_1_1,1,2.0e-5,8.16496580927726e-6,0.2905027932960894,286.6666666666667
1_0_0_1_0_0_0_1_1_1_0_1_0_0_0_1_1_0_1_1_1_0_0_1_1_1_0_0_1_0_0_0_0_0_0_0_0_0_1_0_1_0_0_1_0_0,1,2.0e-5,8.16496580927726e-6,0.2849162011173184,304.44444444444446
1_0_0_1_0_0_0_1_1_1_0_1_0_0_1_1_1_0_1_1_1_0_0_1_1_1_0_0_1_0_0_0_0_0_0_1_0_0_1_0_1_0_0_0_0_0,1,2.0e-5,8.16496580927726e-6,0.2849162011173184,187.2222222222222
0_1_1_0_1_0_0_1_0_1_0_1_1_1_0_0_1_1_0_1_0_1_1_0_1_0_1_1_0_0_1_1_1_1_1_1_0_1_1_1_1_1_1_1_0_1,1,2.0e-5,1.4142135623730951e-5,0.31843575418994413,190.0
1_0_1_1_0_0_0_0_1_1_1_0_0_0_1_1_0_0_1_0_1_0_0_1_1_1_0_0_1_0_0_0_0_0_0_1_0_0_0_0_1_0_0_0_0_0,1,2.0e-5,8.16496580927726e-6,0.29608938547486036,284.4444444444444
0_0_1_0_0_1_0_1_1_1_1_0_0_0_1_0_0_1_0_0_0_1_0_0_0_0_1_1_0_0_0_0_1_1_1_1_0_1_1_1_1_1_1_1_0_1,1,2.0e-5,8.16496580927726e-6,0.2905027932960894,143.88888888888889
1_1_1_1_1_1_1_0_1_0_1_0_1_1_0_1_0_0_1_0_0_0_1_1_0_1_0_0_1_1_1_1_0_0_0_1_1_0_1_0_0_0_0_0_1_0,1,2.0e-5,8.16496580927726e-6,0.29608938547486036,201.66666666666666
1_0_0_1_0_1_0_0_0_1_0_0_0_0_0_0_1_0_1_1_1_0_0_1_1_1_0_0_1_0_0_0_0_0_0_0_0_0_1_0_0_0_1_1_0_1,0,2.0e-5,2.1602468994692868e-5,0.1564245810055866,1001.0
1_0_0_1_0_1_0_0_0_1_0_0_0_0_0_0_1_0_1_1_0_0_0_1_1_1_0_0_1_0_0_0_0_0_0_0_0_0_1_0_0_0_1_1_0_1,0,2.0e-5,8.16496580927726e-6,0.15083798882681565,1001.0
1_0_1_1_0_0_0_0_1_1_1_0_0_1_0_1_0_0_1_0_0_0_0_1_0_1_0_0_1_0_0_0_0_0_0_1_0_0_0_0_0_0_0_0_0_1,1,2.0e-5,0.0,0.2737430167597765,233.33333333333334
0_1_1_0_1_0_0_0_1_1_1_0_1_1_1_0_0_1_0_0_0_1_1_0_1_0_1_1_0_1_1_1_1_1_1_1_0_1_0_1_0_1_1_0_1_1,1,2.0e-5,8.16496580927726e-6,0.31843575418994413,235.0
0_1_1_0_1_1_1_1_0_0_0_1_1_0_1_0_0_1_0_0_1_1_1_0_0_0_1_1_0_1_1_1_1_1_1_1_1_1_1_1_1_1_1_1_1_0,1,2.0e-5,1.4142135623730951e-5,0.2849162011173184,233.33333333333334
1_1_0_1_1_0_1_0_0_0_0_1_1_1_0_1_1_0_1_1_1_0_1_1_1_1_0_0_1_1_1_1_0_0_0_0_1_0_1_0_0_0_0_0_1_0,1,2.0e-5,1.4142135623730951e-5,0.2905027932960894,346.6666666666667
0_1_0_0_1_1_1_0_0_0_0_1_1_1_0_0_1_1_0_1_1_1_1_0_0_0_1_1_0_1_1_1_1_1_1_0_1_1_0_1_0_1_1_1_1_1,1,1.666666666666667e-5,4.714045207910318e-6,0.2905027932960894,190.0
1_0_0_1_0_0_0_1_1_1_0_1_0_0_1_1_1_0_1_1_1_0_0_1_1_1_0_0_1_0_0_0_0_0_0_0_0_0_1_0_1_0_0_0_0_0,1,1.666666666666667e-5,4.714045207910318e-6,0.2681564245810056,208.33333333333334
1_0_0_1_0_1_0_0_0_1_1_0_0_0_0_0_1_0_1_1_0_0_0_1_1_1_0_0_1_0_0_0_0_0_0_1_0_0_0_0_0_0_1_1_1_1,0,1.666666666666667e-5,4.714045207910318e-6,0.2011173184357542,1001.0
0_1_0_0_1_1_1_1_0_0_0_1_1_0_1_0_1_1_0_1_1_1_1_0_1_0_1_1_0_1_1_1_1_1_1_0_1_1_1_1_0_1_1_1_1_0,1,1.6666666666666667e-5,1.2472191289246472e-5,0.2681564245810056,247.5
0_0_1_0_0_1_0_0_1_1_1_0_0_0_1_0_0_1_0_0_0_1_0_0_0_0_1_1_0_0_0_0_1_1_1_1_0_1_0_1_1_1_1_1_0_1,1,1.6666666666666667e-5,9.428090415820634e-6,0.2905027932960894,200.0
0_0_0_0_0_0_0_0_0_1_0_1_0_0_1_0_1_1_0_1_1_1_0_0_1_0_1_1_0_0_0_0_1_1_1_1_0_1_0_1_1_1_1_1_0_1,1,1.6666666666666667e-5,1.699673171197595e-5,0.3016759776536313,175.0
1_0_0_1_0_0_0_0_1_1_1_0_0_1_0_1_1_0_1_1_0_0_0_1_0_1_0_0_1_0_0_0_0_0_0_0_0_0_0_0_0_0_0_0_0_1,1,1.6666666666666667e-5,1.2472191289246472e-5,0.2905027932960894,135.0
1_0_1_1_0_0_0_0_0_1_1_0_0_1_0_1_0_0_1_0_0_0_0_1_0_1_0_0_1_0_0_0_0_0_0_1_0_0_0_0_0_0_0_0_0_1,1,1.6666666666666667e-5,9.428090415820634e-6,0.27932960893854747,206.66666666666666
0_1_1_0_1_1_1_0_0_0_1_0_1_1_0_0_0_1_0_0_0_1_1_0_1_0_1_1_0_1_1_1_1_1_1_1_1_1_0_1_0_1_1_1_1_1,1,1.6666666666666667e-5,1.2472191289246472e-5,0.2737430167597765,205.83333333333331
0_1_1_0_1_1_1_1_1_0_1_0_1_1_0_0_0_1_0_0_0_1_1_0_0_0_1_1_0_1_1_1_1_1_1_0_1_1_1_1_0_1_1_1_1_1,1,1.6666666666666667e-5,4.714045207910318e-6,0.27932960893854747,161.66666666666666
1_0_0_1_0_1_0_0_0_1_0_0_0_0_0_0_0_0_1_0_0_0_0_1_1_1_0_0_1_0_0_0_0_0_0_0_0_0_1_0_0_0_1_1_0_1,0,1.6666666666666667e-5,1.2472191289246472e-5,0.16201117318435754,1001.0
1_1_1_1_1_1_1_1_1_0_1_0_1_1_0_1_0_0_1_0_0_0_1_1_0_1_0_0_1_1_1_1_0_0_0_1_1_0_1_0_0_0_0_0_1_0,1,1.6666666666666667e-5,9.428090415820634e-6,0.2849162011173184,204.44444444444446
0_0_1_0_0_0_0_0_1_1_1_0_0_1_0_1_0_0_0_0_0_1_0_0_1_0_0_1_0_0_0_0_1_1_1_1_0_1_0_1_1_1_0_0_0_1,1,1.6666666666666667e-5,1.699673171197595e-5,0.2849162011173184,282.5
1_0_0_1_0_0_0_1_1_1_0_1_0_0_0_1_1_0_1_1_1_0_0_1_0_1_0_0_1_0_0_0_0_0_0_0_0_0_1_0_1_0_0_1_0_0,1,1.6666666666666667e-5,1.2472191289246472e-5,0.2905027932960894,220.83333333333334
0_0_1_0_0_0_0_0_0_1_1_0_0_0_1_0_0_1_0_0_0_1_0_0_1_0_1_1_0_0_0_0_1_1_1_1_0_1_0_1_1_1_1_1_0_1,1,1.6666666666666667e-5,9.428090415820634e-6,0.2849162011173184,158.88888888888889
0_0_1_0_0_0_0_0_0_1_1_0_0_1_0_1_0_0_0_0_0_1_0_0_0_0_0_1_0_0_0_0_1_1_1_0_0_1_0_1_0_1_0_0_0_1,1,1.6666666666666667e-5,9.428090415820634e-6,0.30726256983240224,210.0
1_1_0_1_1_0_1_1_1_0_0_1_1_1_1_1_1_1_1_1_1_0_1_1_1_1_1_0_1_1_1_1_0_0_0_0_1_0_1_0_0_0_0_0_1_0,1,1.6666666666666667e-5,4.714045207910318e-6,0.2569832402234637,255.0
0_1_0_0_1_1_1_1_0_0_0_1_1_0_1_0_1_1_0_1_1_1_1_0_0_0_1_1_0_1_1_1_1_1_1_0_1_1_1_1_0_1_1_1_1_0,1,1.3333333333333335e-5,4.714045207910318e-6,0.26256983240223464,321.6666666666667
0_1_1_0_1_0_0_0_0_1_1_0_1_1_1_0_0_1_0_0_0_1_1_0_1_0_1_1_0_1_1_1_1_1_1_1_0_1_0_1_0_1_1_0_1_1,1,1.3333333333333335e-5,4.714045207910318e-6,0.3240223463687151,181.66666666666666
0_1_1_0_1_1_1_0_1_0_1_0_1_1_1_0_0_1_0_0_0_1_1_0_0_0_1_1_0_1_1_1_1_1_1_0_1_1_1_1_0_1_1_0_1_1,1,1.3333333333333335e-5,4.714045207910318e-6,0.30726256983240224,193.33333333333334
1_0_0_1_0_0_0_0_0_1_0_1_0_0_1_1_1_0_1_1_1_0_0_1_1_1_0_0_1_0_0_0_0_0_0_1_0_0_0_0_1_0_0_0_0_0,1,1.3333333333333335e-5,4.714045207910318e-6,0.27932960893854747,237.5
1_1_0_1_1_0_1_1_0_0_0_1_1_1_0_1_1_0_1_1_1_0_1_1_1_1_0_0_1_1_1_1_0_0_0_0_1_0_1_0_0_0_0_0_1_0,1,1.3333333333333335e-5,1.2472191289246474e-5,0.2905027932960894,185.0
1_0_1_1_0_0_0_0_1_1_1_0_0_1_0_1_0_0_1_0_0_0_0_1_0_1_0_0_1_0_0_0_0_0_0_1_0_0_0_0_1_0_0_0_0_1,1,1.3333333333333335e-5,4.714045207910318e-6,0.2681564245810056,190.0
1_0_1_1_0_0_0_0_0_1_0_0_0_1_1_1_0_0_1_0_0_0_0_1_1_1_0_0_1_0_0_0_0_0_0_1_0_0_1_0_1_0_0_0_0_0,1,1.3333333333333335e-5,9.428090415820635e-6,0.29608938547486036,217.5
0_0_0_0_0_0_0_1_0_1_0_1_0_0_1_0_1_1_0_1_1_1_0_0_1_0_1_1_0_0_0_0_1_1_1_0_0_1_0_1_1_1_1_1_0_1,1,1.3333333333333335e-5,1.2472191289246472e-5,0.29608938547486036,215.0
1_0_0_1_0_1_0_0_1_1_1_0_0_0_0_0_1_0_1_1_0_0_0_1_1_1_0_0_1_0_0_0_0_0_0_1_0_0_0_0_0_0_1_1_1_1,0,1.3333333333333335e-5,4.714045207910318e-6,0.20670391061452514,1001.0
1_0_0_1_0_0_0_1_0_1_0_1_0_0_1_1_1_0_1_1_1_0_0_1_1_1_0_0_1_0_0_0_0_0_0_0_0_0_1_0_1_0_0_0_0_0,1,1.3333333333333335e-5,4.714045207910318e-6,0.26256983240223464,158.33333333333334
0_1_1_0_1_1_1_0_0_0_1_0_1_1_1_0_0_1_0_0_0_1_1_0_0_0_1_1_0_1_1_1_1_1_1_0_1_1_0_1_0_1_1_0_1_1,1,1.3333333333333335e-5,1.2472191289246474e-5,0.3016759776536313,143.33333333333331
0_0_0_0_0_0_0_1_0_1_0_1_0_0_1_0_1_1_0_1_1_1_0_0_1_0_1_1_0_0_0_0_1_1_1_1_0_1_0_1_1_1_1_1_0_1,1,1.3333333333333335e-5,4.714045207910318e-6,0.3128491620111732,255.0
0_1_1_0_1_1_1_0_1_0_1_0_1_1_0_0_0_1_0_0_0_1_1_0_0_0_1_1_0_1_1_1_1_1_1_0_1_1_1_1_0_1_1_1_1_1,1,1.3333333333333335e-5,9.428090415820635e-6,0.2905027932960894,212.5
1_0_0_1_0_0_0_1_0_1_0_1_0_0_0_1_1_0_1_1_1_0_0_1_0_1_0_0_1_0_0_0_0_0_0_0_0_0_0_0_1_0_0_1_0_0,1,1.3333333333333335e-5,4.714045207910318e-6,0.29608938547486036,165.0
0_0_1_0_0_0_0_0_1_1_1_0_0_1_0_1_0_0_0_0_0_1_0_0_0_0_0_1_0_0_0_0_1_1_1_1_0_1_0_1_0_1_0_0_0_1,1,1.3333333333333335e-5,1.8856180831641267e-5,0.29608938547486036,315.0
1_0_0_1_0_1_1_0_0_0_0_1_0_0_1_1_1_0_1_1_1_0_0_1_0_1_0_0_1_0_0_0_0_0_0_0_1_0_1_0_1_0_0_0_0_0,1,1.3333333333333335e-5,9.428090415820635e-6,0.2905027932960894,232.5
1_1_0_1_1_1_1_1_0_0_0_1_1_0_1_0_1_1_1_1_1_0_1_1_0_1_1_0_1_1_1_1_0_0_0_0_1_0_1_0_1_0_1_1_1_0,1,1.3333333333333335e-5,4.714045207910318e-6,0.2905027932960894,213.33333333333334
0_1_0_0_1_0_0_0_1_1_1_0_1_1_1_0_1_1_0_1_0_1_1_0_1_0_1_1_0_1_1_1_1_1_1_0_0_1_0_1_0_1_1_0_1_1,1,1.3333333333333335e-5,4.714045207910318e-6,0.3240223463687151,210.0
1_0_0_1_0_0_0_1_0_1_0_1_0_0_0_1_1_0_1_1_1_0_0_1_1_1_0_0_1_0_0_0_0_0_0_1_0_0_0_0_1_0_0_1_0_0,1,1.3333333333333335e-5,1.2472191289246474e-5,0.30726256983240224,171.66666666666669
1_0_1_1_0_0_0_1_1_1_1_0_0_0_1_1_0_0_1_0_0_0_0_1_1_1_0_0_1_0_0_0_0_0_0_1_0_0_0_0_1_0_0_0_0_0,1,1.3333333333333335e-5,4.714045207910318e-6,0.2905027932960894,175.0
0_1_0_0_1_1_1_1_1_0_0_1_1_0_1_0_1_1_0_1_1_1_1_0_1_0_1_1_0_1_1_1_1_1_1_1_1_1_1_1_1_1_1_1_1_0,1,1.3333333333333335e-5,9.428090415820635e-6,0.2849162011173184,285.0
0_1_1_0_1_1_1_1_1_0_1_1_1_1_1_1_1_1_0_1_0_1_1_0_0_0_1_1_0_1_1_1_1_1_1_1_1_1_0_1_1_1_0_0_1_0,0,1.3333333333333335e-5,9.428090415820635e-6,0.16201117318435754,1001.0
1_0_0_1_0_1_1_1_0_0_0_1_0_0_1_1_1_0_1_1_1_0_0_1_0_1_0_0_1_0_0_0_0_0_0_0_1_0_1_0_1_0_0_0_0_0,1,1.3333333333333335e-5,1.2472191289246474e-5,0.3016759776536313,336.66666666666663
0_1_1_0_1_0_0_1_0_1_0_1_1_1_0_0_0_1_0_0_0_1_1_0_1_0_1_1_0_0_0_1_1_1_1_1_0_1_1_1_1_1_1_1_0_1,1,1.3333333333333335e-5,4.714045207910318e-6,0.30726256983240224,306.6666666666667
1_0_0_1_0_0_0_1_0_1_0_1_0_0_0_1_1_0_1_1_1_0_0_1_1_1_0_0_1_0_0_0_0_0_0_0_0_0_0_0_1_0_0_1_0_0,1,1.3333333333333335e-5,9.428090415820635e-6,0.2905027932960894,342.5
1_0_0_1_0_0_0_0_0_1_0_0_0_0_0_0_0_0_1_0_1_0_0_1_1_1_0_0_1_0_0_0_0_0_0_0_0_0_1_0_0_0_1_1_0_1,0,1.3333333333333335e-5,4.714045207910318e-6,0.16201117318435754,1001.0
1_0_0_1_0_0_0_0_0_1_0_1_0_0_1_1_1_0_1_1_1_0_0_1_1_1_0_0_1_0_0_0_0_0_0_0_0_0_0_0_1_0_0_0_0_0,1,1.3333333333333335e-5,9.428090415820635e-6,0.26256983240223464,217.5
1_0_0_1_0_0_0_1_0_1_0_1_0_0_1_1_1_0_1_1_1_0_0_1_0_1_0_0_1_0_0_0_0_0_0_0_0_0_0_0_1_0_0_0_0_0,1,1.3333333333333335e-5,1.2472191289246474e-5,0.27932960893854747,173.33333333333331
0_1_1_0_1_0_0_1_1_1_1_0_1_1_0_0_0_1_0_0_0_1_1_0_1_0_1_1_0_1_1_1_1_1_1_1_0_1_1_1_0_1_1_1_1_1,1,1.3333333333333335e-5,4.714045207910318e-6,0.3016759776536313,295.0
0_1_1_0_1_1_1_0_1_0_1_0_1_1_1_0_0_1_0_0_0_1_1_0_0_0_1_1_0_1_1_1_1_1_1_1_1_1_1_1_0_1_1_0_1_1,1,1.3333333333333335e-5,4.714045207910318e-6,0.2905027932960894,270.0
0_0_1_0_0_1_0_0_1_1_1_0_0_0_1_0_0_1_0_0_0_1_0_0_0_0_1_1_0_0_0_0_1_1_1_1_0_1_1_1_1_1_1_1_0_1,1,1.3333333333333335e-5,1.2472191289246474e-5,0.2905027932960894,145.0
1_0_0_1_0_1_1_0_0_0_0_1_0_0_1_1_1_0_1_1_1_0_0_1_0_1_0_0_1_1_1_0_0_0_0_0_1_0_0_0_1_0_0_0_1_0,1,1.3333333333333335e-5,1.2472191289246472e-5,0.30726256983240224,128.33333333333331
0_1_1_0_1_1_1_0_1_0_1_0_1_1_0_0_0_1_0_0_0_1_1_0_0_0_1_1_0_1_1_1_1_1_1_0_1_1_0_1_0_1_1_1_1_1,1,1.3333333333333335e-5,9.428090415820635e-6,0.27932960893854747,252.5
1_1_0_1_1_1_1_1_0_0_0_1_1_0_1_0_1_1_1_1_1_0_1_1_1_1_1_0_1_1_1_1_0_0_0_0_1_0_1_0_0_0_1_1_1_0,1,1.0e-5,0.0,0.2905027932960894,260.0
0_1_0_0_1_1_1_1_0_0_0_1_1_1_0_0_1_1_0_1_1_1_1_0_0_0_1_1_0_1_1_1_1_1_1_0_1_1_0_1_0_1_1_1_1_1,1,1.0e-5,8.164965809277262e-6,0.2905027932960894,225.0
0_1_0_0_1_1_1_0_0_0_0_1_1_0_1_0_1_1_0_1_1_1_1_0_1_0_1_1_0_1_1_1_1_1_1_0_1_1_1_1_0_1_1_1_1_0,1,1.0e-5,8.164965809277262e-6,0.2681564245810056,150.0
0_1_1_0_1_1_1_0_0_0_1_0_1_1_1_0_0_1_0_0_0_1_1_0_0_0_1_1_0_1_1_1_1_1_1_1_1_1_0_1_0_1_1_0_1_1,1,1.0e-5,1.4142135623730951e-5,0.2849162011173184,276.6666666666667
1_0_0_1_0_1_1_1_1_0_0_1_0_0_0_1_1_0_1_1_1_0_0_1_0_1_0_0_1_0_0_0_0_0_0_0_1_0_1_0_1_0_0_1_0_0,1,1.0e-5,8.164965809277262e-6,0.3240223463687151,165.0
0_1_0_0_1_1_1_0_0_0_0_1_1_1_0_0_1_1_0_1_1_1_1_0_0_0_1_1_0_1_1_1_1_1_1_0_1_1_1_1_0_1_1_1_1_1,1,1.0e-5,8.164965809277262e-6,0.2905027932960894,252.5
0_1_1_0_1_1_1_0_0_0_1_0_1_1_0_0_0_1_0_0_0_1_1_0_0_0_1_1_0_1_1_1_1_1_1_1_1_1_0_1_0_1_1_1_1_1,1,1.0e-5,8.164965809277262e-6,0.2681564245810056,222.5
1_0_1_1_0_0_0_1_1_1_1_0_0_0_1_1_0_0_1_0_1_0_0_1_1_1_0_0_1_0_0_0_0_0_0_1_0_0_0_0_1_0_0_0_0_0,1,1.0e-5,0.0,0.29608938547486036,236.66666666666666
0_1_0_0_1_0_1_0_0_0_0_1_1_1_0_0_1_1_0_1_1_1_1_0_1_0_1_1_0_1_1_1_1_1_1_0_1_1_1_1_0_1_1_1_1_1,1,1.0e-5,0.0,0.3016759776536313,220.0
1_1_0_1_1_1_1_1_0_0_0_1_1_0_1_0_1_1_1_1_1_0_1_1_0_1_1_0_1_1_1_1_0_0_0_0_1_0_1_0_0_0_1_1_1_0,1,1.0e-5,1.4142135623730951e-5,0.2849162011173184,253.33333333333334
1_0_1_1_0_0_0_0_1_1_1_0_0_0_1_1_0_0_1_0_0_0_0_1_1_1_0_0_1_0_0_0_0_0_0_1_0_0_0_0_1_0_0_0_0_0,1,1.0e-5,0.0,0.2905027932960894,125.0
1_0_0_1_0_1_1_0_0_0_1_0_0_0_1_1_0_0_1_0_1_0_0_1_0_1_0_0_1_0_0_0_0_0_0_0_1_0_0_0_0_0_0_0_1_0,1,1.0e-5,8.164965809277262e-6,0.30726256983240224,182.5
0_1_1_0_1_0_1_1_1_0_1_1_1_1_1_1_0_1_0_0_1_1_1_0_0_0_1_1_0_1_1_1_1_1_1_1_1_1_0_1_1_1_0_0_1_0,0,1.0e-5,8.164965809277262e-6,0.15083798882681565,1001.0
1_0_0_1_0_0_0_0_0_1_0_1_0_0_0_1_1_0_1_1_1_0_0_1_1_1_0_0_1_0_0_0_0_0_0_1_0_0_0_0_1_0_0_1_0_0,1,1.0e-5,8.164965809277262e-6,0.29608938547486036,212.5
0_1_1_0_1_0_0_1_1_1_1_0_1_1_1_0_0_1_0_0_0_1_1_0_1_0_1_1_0_1_1_1_1_1_1_1_0_1_1_1_0_1_1_0_1_1,1,1.0e-5,0.0,0.31843575418994413,233.33333333333334
0_1_1_0_1_1_1_0_1_0_1_0_1_1_0_0_0_1_0_0_0_1_1_0_0_0_1_1_0_1_1_1_1_1_1_1_1_1_1_1_0_1_1_1_1_1,1,1.0e-5,8.164965809277262e-6,0.2737430167597765,187.5
0_1_0_0_1_1_1_0_0_0_0_1_1_1_0_0_1_1_0_1_0_1_1_0_0_0_1_1_0_1_1_1_1_1_1_0_1_1_1_1_0_1_1_1_1_1,1,1.0e-5,8.164965809277262e-6,0.29608938547486036,222.5
1_0_0_1_0_0_0_1_0_1_0_1_0_0_1_1_1_0_1_1_1_0_0_1_1_1_0_0_1_0_0_0_0_0_0_0_0_0_0_0_1_0_0_0_0_0,1,1.0e-5,8.164965809277262e-6,0.2737430167597765,257.5
0_1_0_0_1_0_1_1_0_0_0_1_1_1_0_0_1_1_0_1_1_1_1_0_1_0_1_1_0_1_1_1_1_1_1_0_1_1_1_1_0_1_1_1_1_1,1,1.0e-5,8.164965809277262e-6,0.3016759776536313,202.5
0_1_1_0_1_0_0_0_0_1_1_0_1_1_0_0_0_1_0_0_0_1_1_0_1_0_1_1_0_1_1_1_1_1_1_1_0_1_0_1_0_1_1_1_1_1,1,1.0e-5,8.164965809277262e-6,0.30726256983240224,162.5
0_1_0_0_1_1_1_1_0_0_0_1_1_1_0_0_1_1_0_1_1_1_1_0_0_0_1_1_0_1_1_1_1_1_1_0_1_1_1_1_0_1_1_1_1_1,1,1.0e-5,8.164965809277262e-6,0.2905027932960894,285.0
1_0_1_1_0_0_0_1_1_1_1_0_0_0_1_1_0_0_1_0_1_0_0_1_1_1_0_0_1_0_0_0_0_0_0_1_0_0_1_0_1_0_0_0_0_0,1,1.0e-5,8.164965809277262e-6,0.29608938547486036,217.5
0_1_1_0_1_1_1_1_0_0_0_1_1_0_1_0_0_1_0_0_1_1_1_0_1_0_1_1_0_1_1_1_1_1_1_1_1_1_1_1_1_1_1_1_1_0,1,1.0e-5,8.164965809277262e-6,0.2905027932960894,257.5
0_1_0_0_1_0_0_0_1_1_1_0_1_1_0_0_1_1_0_1_0_1_1_0_1_0_1_1_0_1_1_1_1_1_1_0_0_1_0_1_0_1_1_1_1_1,1,1.0e-5,8.164965809277262e-6,0.30726256983240224,132.5
1_1_1_1_1_1_1_1_1_0_1_1_1_1_1_1_1_1_1_0_0_0_1_1_0_1_1_0_1_1_1_1_0_0_0_1_1_0_0_0_1_0_0_0_1_0,0,1.0e-5,8.164965809277262e-6,0.18435754189944134,1001.0
1_0_0_1_0_0_0_1_0_1_0_1_0_0_1_1_1_0_1_1_1_0_0_1_1_1_0_0_1_0_0_0_0_0_0_1_0_0_0_0_1_0_0_0_0_0,1,1.0e-5,8.164965809277262e-6,0.2905027932960894,185.0
1_0_0_1_0_1_0_1_1_1_1_0_0_0_0_0_0_0_1_0_0_0_0_1_1_1_0_0_1_0_0_0_0_0_0_1_0_0_0_0_0_0_1_1_1_1,0,1.0e-5,8.164965809277262e-6,0.21787709497206703,1001.0
0_0_1_0_0_0_0_0_1_1_1_0_0_1_0_1_0_0_0_0_0_1_0_0_0_0_0_1_0_0_0_0_1_1_1_1_0_1_0_1_1_1_0_0_0_1,1,1.0e-5,8.164965809277262e-6,0.2905027932960894,147.5
1_0_0_1_0_1_0_0_0_1_0_0_0_0_0_0_0_0_1_0_0_0_0_1_1_1_0_0_1_0_0_0_0_0_0_1_0_0_1_0_0_0_1_1_0_1,0,1.0e-5,8.164965809277262e-6,0.16759776536312848,1001.0
0_0_0_0_0_1_0_1_0_1_0_1_1_0_1_0_1_1_0_1_1_1_1_0_0_0_1_1_0_1_1_0_1_1_1_0_0_1_0_1_0_1_1_1_1_1,1,1.0e-5,8.164965809277262e-6,0.3128491620111732,250.0
0_0_1_0_0_0_0_0_0_1_1_0_0_1_0_1_0_0_0_0_0_1_0_0_1_0_0_1_0_0_0_0_1_1_1_1_0_1_0_1_0_1_0_0_0_1,1,1.0e-5,1.4142135623730951e-5,0.29608938547486036,200.0
0_0_1_0_0_0_0_0_1_1_1_0_0_0_1_0_0_1_0_0_0_1_0_0_1_0_1_1_0_0_0_0_1_1_1_1_0_1_1_1_1_1_1_1_0_1,1,1.0e-5,1.4142135623730951e-5,0.27932960893854747,226.66666666666666
1_0_0_1_0_1_1_0_0_0_0_1_0_0_1_1_1_0_1_1_1_0_0_1_0_1_0_0_1_1_1_0_0_0_0_0_1_0_0_0_1_0_0_0_0_0,1,6.6666666666666675e-6,4.714045207910318e-6,0.31843575418994413,140.0
0_0_0_0_0_1_0_0_0_1_0_0_0_0_0_0_1_0_0_1_1_1_0_0_1_0_0_1_0_0_0_0_1_1_1_0_0_1_1_1_0_1_1_1_0_1,0,6.6666666666666675e-6,4.714045207910318e-6,0.1787709497206704,1001.0
1_0_0_1_0_1_0_0_1_1_1_0_0_0_0_0_1_0_1_0_0_0_0_1_1_1_0_0_1_0_0_0_0_0_0_1_0_0_0_0_0_0_1_1_1_1,0,6.6666666666666675e-6,4.714045207910318e-6,0.20670391061452514,1001.0
0_1_0_0_1_1_1_0_0_0_0_1_1_1_0_0_1_1_0_1_0_1_1_0_1_0_1_1_0_1_1_1_1_1_1_0_1_1_0_1_0_1_1_1_1_1,1,6.6666666666666675e-6,4.714045207910318e-6,0.3016759776536313,180.0
1_1_1_1_1_0_1_1_1_0_0_1_1_1_1_1_0_1_1_1_1_0_1_1_0_1_1_0_1_1_1_1_0_0_0_0_1_0_1_0_1_0_0_0_0_0,0,6.6666666666666675e-6,4.714045207910318e-6,0.22346368715083798,1001.0
1_0_0_1_0_1_1_0_1_0_1_0_0_0_1_1_0_0_1_0_1_0_0_1_1_1_0_0_1_1_0_0_0_0_0_1_1_0_0_0_0_0_0_0_1_0,1,6.6666666666666675e-6,4.714045207910318e-6,0.31843575418994413,230.0
1_0_0_1_0_1_1_0_0_0_0_1_0_0_0_1_1_0_1_1_1_0_0_1_0_1_0_0_1_0_0_0_0_0_0_0_1_0_0_0_1_0_0_1_0_0,1,6.6666666666666675e-6,4.714045207910318e-6,0.31843575418994413,150.0
0_1_0_0_1_1_1_0_0_0_0_1_1_1_0_0_1_1_0_1_0_1_1_0_0_0_1_1_0_1_1_1_1_1_1_0_1_1_0_1_0_1_1_1_1_1,1,6.6666666666666675e-6,4.714045207910318e-6,0.29608938547486036,200.0
0_1_1_0_1_0_0_0_0_1_0_1_1_1_0_0_1_1_0_1_0_1_1_0_0_0_1_1_0_1_1_1_1_1_1_0_0_1_1_1_0_1_1_1_0_1,1,6.6666666666666675e-6,4.714045207910318e-6,0.31843575418994413,220.0
0_1_0_0_1_1_1_1_1_0_0_1_1_1_0_0_1_1_0_1_0_1_1_0_0_0_1_1_0_1_1_1_1_1_1_0_1_1_1_1_0_1_1_1_1_1,1,6.6666666666666675e-6,4.714045207910318e-6,0.3016759776536313,280.0
1_1_1_1_1_1_1_0_1_0_1_0_1_1_0_1_0_0_1_0_0_0_1_1_0_1_0_0_1_1_1_1_0_0_0_0_1_0_1_0_0_0_0_0_1_0,1,6.6666666666666675e-6,4.714045207910318e-6,0.3128491620111732,210.0
1_0_1_1_0_1_0_0_1_1_1_0_0_0_1_1_0_0_1_0_0_0_0_1_0_1_0_0_1_0_0_0_0_0_0_1_0_0_0_0_1_0_0_0_0_0,1,6.6666666666666675e-6,4.714045207910318e-6,0.3016759776536313,170.0
0_1_0_0_1_1_1_1_0_0_0_1_1_1_0_0_1_1_0_1_0_1_1_0_0_0_1_1_0_1_1_1_1_1_1_0_1_1_0_1_0_1_1_1_1_1,1,6.6666666666666675e-6,4.714045207910318e-6,0.29608938547486036,220.0
0_1_0_0_1_0_0_1_1_1_1_0_1_1_1_0_1_1_0_1_0_1_1_0_1_0_1_1_0_1_1_1_1_1_1_0_0_1_0_1_0_1_1_0_1_1,1,6.6666666666666675e-6,4.714045207910318e-6,0.3128491620111732,180.0
1_0_0_1_0_1_1_0_0_0_0_1_0_0_1_1_1_0_1_1_1_0_0_1_0_1_0_0_1_0_0_0_0_0_0_0_1_0_0_0_1_0_0_0_0_0,1,6.6666666666666675e-6,9.428090415820634e-6,0.3016759776536313,145.0
1_0_0_1_0_0_0_0_0_1_1_0_0_1_0_1_1_0_1_1_0_0_0_1_0_1_0_0_1_0_0_0_0_0_0_0_0_0_0_0_0_0_0_0_0_1,1,6.6666666666666675e-6,9.428090415820634e-6,0.29608938547486036,200.0
1_0_0_1_0_1_1_0_1_0_1_0_0_0_1_1_0_0_1_0_1_0_0_1_0_1_0_0_1_1_0_0_0_0_0_0_1_0_0_0_0_0_0_0_1_0,1,6.6666666666666675e-6,9.428090415820634e-6,0.31843575418994413,255.0
0_1_1_0_1_0_0_1_1_1_1_0_1_1_1_0_0_1_0_0_0_1_1_0_1_0_1_1_0_0_0_1_1_1_1_1_0_1_1_1_0_1_1_0_0_1,1,6.6666666666666675e-6,4.714045207910318e-6,0.3240223463687151,180.0
0_1_1_0_1_1_1_1_1_0_0_1_1_0_1_0_0_1_0_0_1_1_1_0_0_0_1_1_0_1_1_1_1_1_1_1_1_1_1_1_1_1_1_1_1_0,1,6.6666666666666675e-6,4.714045207910318e-6,0.2905027932960894,145.0
0_1_1_0_1_1_1_1_1_0_1_0_1_1_0_0_0_1_0_0_0_1_1_0_0_0_1_1_0_1_1_1_1_1_1_1_1_1_1_1_0_1_1_1_1_1,1,6.6666666666666675e-6,9.428090415820634e-6,0.26256983240223464,250.0
1_1_1_1_1_1_1_1_0_0_0_1_1_0_1_0_0_1_1_0_1_0_1_1_1_1_1_0_1_1_1_1_0_0_0_1_1_0_1_0_1_0_1_1_1_0,1,6.6666666666666675e-6,9.428090415820634e-6,0.3128491620111732,195.0
0_1_0_0_1_0_0_1_1_1_1_0_1_1_0_0_1_1_0_1_0_1_1_0_1_0_1_1_0_1_1_1_1_1_1_0_0_1_0_1_0_1_1_1_1_1,1,6.6666666666666675e-6,9.428090415820634e-6,0.29608938547486036,215.0
1_0_0_1_0_1_1_0_0_0_1_0_0_0_1_1_1_0_1_1_1_0_0_1_0_1_0_0_1_1_1_0_0_0_0_0_1_0_0_0_0_0_0_0_1_0,1,6.6666666666666675e-6,9.428090415820634e-6,0.3128491620111732,170.0
0_1_1_0_1_0_1_1_1_0_1_1_1_1_1_1_0_1_0_0_0_1_1_0_0_0_1_1_0_1_1_1_1_1_1_1_1_1_0_1_1_1_0_0_1_0,0,6.6666666666666675e-6,4.714045207910318e-6,0.1564245810055866,1001.0
0_1_0_0_1_1_1_1_1_0_1_1_1_0_0_0_1_1_0_1_1_1_1_0_0_0_1_1_0_1_1_1_1_1_1_0_1_1_0_1_0_1_1_1_1_1,1,6.6666666666666675e-6,4.714045207910318e-6,0.29608938547486036,160.0
1_0_0_1_0_1_1_0_0_0_0_1_0_0_1_1_1_0_1_1_1_0_0_1_0_1_0_0_1_1_0_0_0_0_0_0_1_0_0_0_1_0_0_0_1_0,1,6.6666666666666675e-6,4.714045207910318e-6,0.31843575418994413,235.0
1_0_1_1_0_1_1_0_0_0_0_1_0_0_1_1_0_0_1_0_1_0_0_1_0_1_0_0_1_0_0_0_0_0_0_1_1_0_1_0_1_0_0_0_0_0,1,6.6666666666666675e-6,9.428090415820634e-6,0.29608938547486036,200.0
0_1_1_0_1_0_1_1_0_0_0_1_1_1_1_1_0_1_0_1_1_1_1_0_0_0_1_1_0_1_1_1_1_1_1_0_1_1_1_1_1_1_0_0_0_0,0,6.6666666666666675e-6,4.714045207910318e-6,0.20670391061452514,1001.0
1_0_0_1_0_1_0_0_0_1_1_0_0_0_0_0_0_0_1_0_0_0_0_1_1_1_0_0_1_0_0_0_0_0_0_1_0_0_1_0_0_0_1_1_1_1,0,6.6666666666666675e-6,4.714045207910318e-6,0.2011173184357542,1001.0
1_0_0_1_0_1_0_0_0_1_1_0_0_0_0_0_0_0_1_1_0_0_0_1_0_1_0_0_1_0_0_0_0_0_0_0_0_0_0_0_0_0_1_1_1_1,0,6.6666666666666675e-6,4.714045207910318e-6,0.2011173184357542,1001.0
0_1_1_0_1_1_1_1_1_0_1_0_1_1_1_0_0_1_0_0_0_1_1_0_0_0_1_1_0_1_1_1_1_1_1_1_1_1_1_1_0_1_1_0_1_1,1,6.6666666666666675e-6,4.714045207910318e-6,0.27932960893854747,130.0
0_0_0_0_0_0_0_0_0_1_0_0_0_0_0_0_0_0_0_1_1_1_0_0_1_0_0_1_0_0_0_0_1_1_1_0_0_1_1_1_0_1_1_1_0_1,0,6.6666666666666675e-6,4.714045207910318e-6,0.18435754189944134,1001.0
1_1_1_1_1_0_1_1_0_0_0_1_1_1_1_1_1_1_1_1_1_0_1_1_0_1_1_0_1_1_1_1_0_0_0_0_1_0_1_0_1_0_0_0_0_0,0,6.6666666666666675e-6,9.428090415820634e-6,0.22905027932960895,1001.0
1_0_1_1_0_1_1_1_1_0_0_1_0_0_0_1_0_0_1_0_1_0_0_1_0_1_0_0_1_0_0_0_0_0_0_1_1_0_1_0_1_0_0_1_0_0,1,6.6666666666666675e-6,9.428090415820634e-6,0.329608938547486,255.0
1_0_0_1_0_1_1_0_0_0_0_1_0_0_0_1_1_0_1_1_1_0_0_1_0_1_0_0_1_1_1_0_0_0_0_0_1_0_0_0_1_0_0_1_0_0,1,6.6666666666666675e-6,9.428090415820634e-6,0.33519553072625696,195.0
0_1_0_0_1_1_1_1_1_0_0_1_1_0_1_0_1_1_0_1_1_1_1_0_1_0_1_1_0_1_1_1_1_1_1_0_1_1_1_1_1_1_1_1_1_0,1,6.6666666666666675e-6,9.428090415820634e-6,0.27932960893854747,220.0
1_1_0_1_1_1_1_1_1_0_0_1_1_0_1_0_1_1_1_1_1_0_1_1_1_1_1_0_1_1_1_1_0_0_0_1_1_0_1_0_1_0_1_1_1_0,1,6.6666666666666675e-6,9.428090415820634e-6,0.30726256983240224,310.0
0_1_1_0_1_0_0_0_1_1_1_0_1_1_1_0_0_1_0_0_0_1_1_0_1_0_1_1_0_1_1_1_1_1_1_1_0_1_1_1_0_1_1_0_1_1,1,6.6666666666666675e-6,9.428090415820634e-6,0.329608938547486,135.0
0_0_0_0_0_0_0_0_0_1_0_0_0_0_0_0_0_0_0_0_1_1_0_0_1_0_0_1_0_0_0_0_1_1_1_0_0_1_1_1_0_1_1_1_0_1,0,6.6666666666666675e-6,9.428090415820634e-6,0.18435754189944134,1001.0
0_1_1_0_1_0_0_1_1_1_0_1_1_1_0_0_0_1_0_0_0_1_1_0_1_0_1_1_0_0_0_1_1_1_1_1_0_1_1_1_1_1_1_1_0_1,1,3.3333333333333337e-6,4.714045207910317e-6,0.3128491620111732,150.0
0_0_0_1_0_1_0_0_0_1_1_0_0_0_0_0_1_0_1_1_0_0_0_1_1_1_0_0_1_0_0_0_0_0_0_0_0_0_0_0_0_0_1_1_1_1,0,3.3333333333333337e-6,4.714045207910317e-6,0.2122905027932961,1001.0
1_1_1_1_1_0_1_1_1_0_0_1_1_1_1_1_1_1_1_0_1_0_1_1_1_1_1_0_1_1_1_1_0_0_0_1_1_0_1_0_1_0_0_0_0_0,0,3.3333333333333337e-6,4.714045207910317e-6,0.22346368715083798,1001.0
1_0_0_1_0_1_0_0_1_1_1_0_0_0_0_0_1_0_1_1_0_0_0_1_0_1_0_0_1_0_0_0_0_0_0_0_1_0_0_0_0_0_1_1_1_1,0,3.3333333333333337e-6,4.714045207910317e-6,0.2011173184357542,1001.0
0_1_0_0_1_0_0_1_0_1_0_1_1_0_1_1_1_1_0_1_1_1_0_0_1_0_1_1_0_0_0_1_1_1_1_1_0_1_1_1_1_1_0_1_0_0,0,3.3333333333333337e-6,4.714045207910317e-6,0.25139664804469275,1001.0
1_1_1_1_1_0_1_1_1_0_1_1_1_1_1_1_0_1_1_0_0_0_1_1_0_1_1_0_1_1_1_1_0_0_0_1_1_0_0_0_1_0_0_0_1_0,0,3.3333333333333337e-6,4.714045207910317e-6,0.1787709497206704,1001.0
0_1_1_0_1_0_1_1_0_0_0_1_1_1_1_1_1_1_0_1_1_1_1_0_0_0_1_1_0_1_1_1_1_1_1_0_1_1_0_1_1_1_0_0_0_0,0,3.3333333333333337e-6,4.714045207910317e-6,0.20670391061452514,1001.0
0_1_1_0_1_0_1_1_0_0_0_1_1_1_1_1_0_1_0_0_1_1_1_0_1_0_1_1_0_1_0_1_1_1_1_1_1_1_1_1_1_1_0_0_0_0,0,3.3333333333333337e-6,4.714045207910317e-6,0.20670391061452514,1001.0
1_0_0_1_0_1_0_0_1_1_1_0_0_0_0_0_1_0_1_1_0_0_0_1_1_1_0_0_1_0_0_0_0_0_0_0_0_0_0_0_0_0_1_1_1_1,0,3.3333333333333337e-6,4.714045207910317e-6,0.2011173184357542,1001.0
0_1_1_0_1_0_1_1_1_0_1_1_1_1_1_1_1_1_0_1_0_1_1_0_0_0_1_1_0_1_1_1_1_1_1_1_1_1_0_1_1_1_0_0_0_0,0,3.3333333333333337e-6,4.714045207910317e-6,0.1564245810055866,1001.0
0_0_0_0_0_1_0_0_0_1_0_0_0_0_0_0_1_0_0_1_1_1_0_0_0_0_0_1_0_0_0_0_1_1_1_0_0_1_1_1_1_1_1_1_0_1,0,3.3333333333333337e-6,4.714045207910317e-6,0.2011173184357542,1001.0
1_0_0_1_0_1_0_0_1_1_1_0_0_0_0_0_0_0_1_1_0_0_0_1_0_1_0_0_1_0_0_0_0_0_0_0_0_0_0_0_0_0_1_1_1_1,0,3.3333333333333337e-6,4.714045207910317e-6,0.20670391061452514,1001.0
1_0_1_1_0_0_0_0_0_1_1_0_0_0_1_1_0_0_1_0_1_0_0_1_1_1_0_0_1_0_0_0_0_0_0_1_0_0_0_0_1_0_0_0_0_0,1,3.3333333333333337e-6,4.714045207910317e-6,0.3016759776536313,160.0
0_0_0_0_0_1_0_0_0_1_0_0_0_0_0_0_0_0_0_0_1_1_0_0_1_0_0_1_0_0_0_0_1_1_1_0_0_1_1_1_0_1_1_1_0_1,0,3.3333333333333337e-6,4.714045207910317e-6,0.18994413407821228,1001.0
0_1_1_0_1_0_0_1_1_1_0_1_1_1_0_0_1_1_0_1_0_1_1_0_0_0_1_1_0_1_1_1_1_1_1_1_0_1_1_1_1_1_1_1_0_1,1,3.3333333333333337e-6,4.714045207910317e-6,0.3128491620111732,200.0
0_0_0_0_0_0_0_0_1_1_1_0_0_1_0_1_1_0_0_1_0_1_0_0_1_0_0_1_0_0_0_0_1_1_1_0_0_1_0_1_0_1_0_0_0_1,1,3.3333333333333337e-6,4.714045207910317e-6,0.30726256983240224,80.0
0_0_1_0_0_0_0_0_0_1_1_0_0_1_0_1_0_0_0_0_0_1_0_0_0_0_0_1_0_0_0_0_1_1_1_1_0_1_0_1_0_1_0_0_0_1,1,3.3333333333333337e-6,4.714045207910317e-6,0.3016759776536313,200.0
1_0_1_1_0_0_0_0_1_1_1_0_0_0_1_1_0_0_1_0_1_0_0_1_0_1_0_0_1_0_0_0_0_0_0_1_0_0_1_0_1_0_0_0_0_0,1,3.3333333333333337e-6,4.714045207910317e-6,0.3016759776536313,60.0
1_0_0_1_0_1_0_0_1_1_1_0_0_0_0_0_1_0_1_1_0_0_0_1_0_1_0_0_1_0_0_0_0_0_0_0_0_0_0_0_0_0_1_1_1_1,0,3.3333333333333337e-6,4.714045207910317e-6,0.19553072625698323,1001.0
1_0_0_1_0_1_0_0_0_1_1_0_0_0_0_0_0_0_1_1_0_0_0_1_1_1_0_0_1_0_1_0_0_0_0_1_1_0_0_0_0_0_1_1_1_1,0,3.3333333333333337e-6,4.714045207910317e-6,0.22905027932960895,1001.0
1_0_0_1_0_1_0_0_1_1_1_0_0_0_0_0_1_0_1_1_0_0_0_1_1_1_0_0_1_0_1_0_0_0_0_1_0_0_0_0_0_0_1_1_1_1,0,3.3333333333333337e-6,4.714045207910317e-6,0.21787709497206703,1001.0
1_0_0_1_0_1_0_0_1_1_1_0_0_0_0_0_0_0_1_0_0_0_0_1_1_1_0_0_1_0_0_0_0_0_0_1_0_0_1_0_0_0_1_1_1_1,0,3.3333333333333337e-6,4.714045207910317e-6,0.20670391061452514,1001.0
1_0_0_1_0_1_0_0_0_1_0_0_0_0_0_0_0_0_1_0_0_0_0_1_1_1_0_0_1_0_0_0_0_0_0_0_0_0_1_0_0_0_1_1_1_1,0,3.3333333333333337e-6,4.714045207910317e-6,0.15083798882681565,1001.0
1_0_1_1_0_0_0_0_0_1_1_0_0_0_1_1_0_0_1_0_0_0_0_1_1_1_0_0_1_0_0_0_0_0_0_1_0_0_0_0_1_0_0_0_0_0,1,3.3333333333333337e-6,4.714045207910317e-6,0.29608938547486036,210.0
0_1_0_0_1_0_1_1_0_0_0_1_1_1_1_1_1_1_0_1_1_1_1_0_0_0_1_1_0_0_0_1_1_1_1_0_1_1_1_1_1_1_0_0_0_0,0,3.3333333333333337e-6,4.714045207910317e-6,0.2346368715083799,1001.0
0_1_0_0_1_0_0_1_1_1_1_0_1_1_1_0_1_1_0_1_0_1_1_0_1_0_1_1_0_0_0_1_1_1_1_0_0_1_1_1_0_1_1_0_1_1,1,3.3333333333333337e-6,4.714045207910317e-6,0.3407821229050279,200.0
1_0_0_1_1_1_0_0_0_1_0_0_0_0_0_0_1_0_1_1_1_0_0_1_0_1_0_0_1_0_0_0_0_0_0_0_0_0_1_0_0_0_1_1_0_1,0,3.3333333333333337e-6,4.714045207910317e-6,0.12290502793296089,1001.0
1_0_0_1_0_1_1_0_1_0_1_0_0_0_1_1_0_0_1_0_1_0_0_1_1_1_0_0_1_1_1_0_0_0_0_1_1_0_0_0_0_0_0_0_1_0,1,3.3333333333333337e-6,4.714045207910317e-6,0.31843575418994413,110.0
0_1_1_0_1_0_1_0_0_0_0_1_1_1_1_1_0_1_0_0_1_1_1_0_0_0_1_1_0_1_1_1_1_1_1_0_1_1_1_1_1_1_0_0_0_0,0,3.3333333333333337e-6,4.714045207910317e-6,0.21787709497206703,1001.0
0_0_0_0_0_1_0_0_0_1_0_0_0_0_0_0_1_0_0_1_1_1_0_0_0_0_0_1_0_0_0_0_0_1_1_0_0_1_1_1_0_1_1_1_0_1,0,3.3333333333333337e-6,4.714045207910317e-6,0.18994413407821228,1001.0
0_1_1_0_1_0_1_1_1_0_1_1_1_1_1_1_0_1_0_0_1_1_1_0_1_0_1_1_0_1_1_1_1_1_1_1_1_1_0_1_1_1_0_0_1_0,0,3.3333333333333337e-6,4.714045207910317e-6,0.1452513966480447,1001.0
0_0_0_0_0_0_0_0_0_1_0_0_0_0_0_0_1_0_0_1_1_1_0_0_1_0_0_1_0_0_0_0_1_1_0_0_0_1_1_1_0_1_1_1_0_1,0,3.3333333333333337e-6,4.714045207910317e-6,0.1787709497206704,1001.0
1_0_0_1_0_1_0_0_1_1_1_0_0_0_0_0_1_0_1_1_0_0_0_1_0_1_0_0_1_1_1_0_0_0_0_0_0_0_0_0_0_0_1_1_1_1,0,3.3333333333333337e-6,4.714045207910317e-6,0.2011173184357542,1001.0
0_1_0_0_1_0_0_1_0_1_0_1_1_1_0_0_1_1_0_1_0_1_1_0_1_0_1_1_0_1_1_1_1_1_1_0_0_1_1_1_0_1_1_1_0_1,1,3.3333333333333337e-6,4.714045207910317e-6,0.3240223463687151,130.0
0_0_0_0_0_1_0_0_0_1_1_0_0_0_0_0_1_0_0_1_0_1_0_0_0_0_0_0_0_0_0_0_1_1_1_0_0_1_0_1_0_1_1_1_1_1,0,3.3333333333333337e-6,4.714045207910317e-6,0.21787709497206703,1001.0
1_1_1_0_1_0_1_1_1_0_0_1_1_1_1_1_1_1_0_1_1_1_1_1_0_0_1_1_0_1_1_1_1_1_1_0_1_1_1_1_1_1_0_0_0_0,0,3.3333333333333337e-6,4.714045207910317e-6,0.22905027932960895,1001.0
1_0_1_1_0_1_1_0_1_0_1_0_0_0_1_1_0_0_1_0_1_0_0_1_0_1_0_0_1_0_0_0_0_0_0_1_1_0_1_0_1_0_0_0_1_0,1,3.3333333333333337e-6,4.714045207910317e-6,0.3240223463687151,210.0
1_1_1_1_1_1_1_1_0_0_0_1_1_0_1_1_0_1_1_0_1_0_1_1_1_1_1_0_1_1_1_1_0_0_0_1_1_1_1_0_1_0_0_0_1_0,0,3.3333333333333337e-6,4.714045207910317e-6,0.27932960893854747,1001.0
0_1_1_0_1_0_1_1_0_0_0_1_1_1_1_1_0_1_0_0_1_1_1_0_0_0_1_1_0_1_1_1_1_1_1_0_1_1_0_1_1_1_0_0_0_0,0,3.3333333333333337e-6,4.714045207910317e-6,0.20670391061452514,1001.0
1_1_1_1_1_0_1_1_1_0_1_1_1_1_1_1_1_1_1_1_1_0_1_1_0_1_1_0_1_1_1_1_0_0_0_1_1_0_0_0_1_0_0_0_1_0,0,3.3333333333333337e-6,4.714045207910317e-6,0.18435754189944134,1001.0
1_0_0_1_0_1_0_0_0_1_1_0_0_0_0_0_0_0_1_0_0_0_0_1_0_1_0_0_1_0_0_0_0_0_0_1_0_0_0_0_0_0_1_1_1_1,0,3.3333333333333337e-6,4.714045207910317e-6,0.20670391061452514,1001.0
0_1_1_0_1_0_1_1_1_0_1_1_1_1_1_1_1_1_0_0_0_1_1_0_0_0_1_1_0_1_1_1_1_1_1_1_1_1_0_1_1_1_0_0_1_0,0,3.3333333333333337e-6,4.714045207910317e-6,0.16759776536312848,1001.0
0_1_1_0_1_0_1_1_1_0_0_1_1_1_1_1_1_1_0_1_1_1_1_0_1_0_1_1_0_1_1_1_1_1_1_1_1_1_1_1_1_1_0_0_0_0,0,3.3333333333333337e-6,4.714045207910317e-6,0.2011173184357542,1001.0
0_1_1_0_1_0_0_1_0_1_0_1_1_1_0_0_1_1_0_1_0_1_1_0_0_0_1_1_0_0_0_1_1_1_1_0_0_1_1_1_1_1_1_1_0_1,1,3.3333333333333337e-6,4.714045207910317e-6,0.31843575418994413,180.0
1_0_0_1_0_1_0_0_0_1_0_0_0_0_0_0_0_0_1_0_0_0_0_1_1_1_0_0_1_0_0_0_0_0_0_1_0_0_1_0_0_0_1_1_1_1,0,3.3333333333333337e-6,4.714045207910317e-6,0.1564245810055866,1001.0
1_0_0_1_0_1_1_0_0_0_1_0_0_0_1_1_0_0_1_0_1_0_0_1_1_1_0_0_1_1_1_0_0_0_0_1_1_0_0_0_0_0_0_0_1_0,1,3.3333333333333337e-6,4.714045207910317e-6,0.3240223463687151,120.0
0_0_0_0_0_0_0_0_0_1_0_1_0_0_1_0_1_1_0_1_1_1_0_0_1_0_1_1_0_0_0_0_1_1_1_0_0_1_0_1_1_1_1_1_0_1,1,3.3333333333333337e-6,4.714045207910317e-6,0.2849162011173184,190.0
1_0_1_1_0_1_1_0_0_0_0_1_0_0_1_1_1_0_1_1_1_0_0_1_0_1_0_0_1_1_1_0_0_0_0_0_1_0_0_0_1_0_0_0_0_0,1,3.3333333333333337e-6,4.714045207910317e-6,0.31843575418994413,250.0
1_0_0_1_0_1_0_0_0_1_0_0_0_0_0_0_0_0_1_1_0_0_0_1_1_1_0_0_1_0_0_0_0_0_0_0_0_0_1_0_0_0_1_1_0_1,0,3.3333333333333337e-6,4.714045207910317e-6,0.16201117318435754,1001.0
1_0_1_1_0_0_0_0_0_1_0_0_0_1_1_1_0_0_1_0_1_0_0_1_0_1_0_0_1_0_0_0_0_0_0_1_0_0_1_0_1_0_0_0_0_0,1,3.3333333333333337e-6,4.714045207910317e-6,0.30726256983240224,190.0
0_1_1_0_1_0_1_1_1_0_1_1_1_1_1_1_1_1_0_1_1_1_1_0_0_0_1_1_0_1_1_1_1_1_1_1_0_1_0_1_1_1_0_0_1_0,0,3.3333333333333337e-6,4.714045207910317e-6,0.16759776536312848,1001.0
1_0_1_0_0_1_1_1_1_0_1_0_0_1_0_0_0_0_0_0_0_1_1_1_0_1_0_1_0_1_1_0_1_1_1_1_1_1_0_1_0_1_1_1_1_1,0,3.3333333333333337e-6,4.714045207910317e-6,0.24581005586592178,1001.0
0_0_0_0_0_0_0_0_0_1_0_0_0_0_1_0_0_1_0_0_1_1_0_0_1_0_1_1_0_0_0_0_1_1_1_0_0_1_1_1_0_1_1_1_0_1,0,3.3333333333333337e-6,4.714045207910317e-6,0.2122905027932961,1001.0
0_1_1_0_1_0_1_1_1_0_1_1_1_1_1_1_0_1_0_0_0_1_1_0_1_0_1_1_0_1_1_1_1_1_1_1_1_1_0_1_0_1_0_0_1_0,0,3.3333333333333337e-6,4.714045207910317e-6,0.1787709497206704,1001.0
0_1_1_0_1_0_0_0_1_1_1_0_1_1_0_0_0_1_0_0_0_1_1_0_1_0_1_1_0_1_1_1_1_1_1_1_0_1_1_1_0_1_1_1_1_1,1,3.3333333333333337e-6,4.714045207910317e-6,0.3128491620111732,190.0
1_1_1_1_1_0_1_1_1_0_1_1_1_1_1_1_1_1_1_0_1_0_1_1_0_1_1_0_1_1_1_1_0_0_0_1_1_0_0_0_1_0_0_0_1_0,0,3.3333333333333337e-6,4.714045207910317e-6,0.18435754189944134,1001.0
0_0_0_0_0_0_0_0_1_1_1_0_0_1_0_1_1_0_0_1_0_1_0_0_0_0_0_1_0_0_0_0_1_1_1_0_0_1_0_1_0_1_0_0_0_1,1,3.3333333333333337e-6,4.714045207910317e-6,0.3128491620111732,170.0
0_0_0_0_0_1_0_0_1_1_1_0_0_0_0_0_0_0_0_0_0_1_0_0_1_0_0_1_0_0_0_0_1_1_1_1_0_1_0_1_0_1_1_1_1_1,0,3.3333333333333337e-6,4.714045207910317e-6,0.22905027932960895,1001.0
0_1_1_0_1_0_1_0_0_0_0_1_1_1_1_1_1_1_0_1_1_1_1_0_0_0_1_1_0_1_1_1_1_1_1_0_1_1_1_1_1_1_0_0_0_0,0,3.3333333333333337e-6,4.714045207910317e-6,0.21787709497206703,1001.0
0_1_1_0_0_0_1_1_1_0_1_1_1_1_1_1_0_1_0_0_0_1_1_0_1_0_1_1_0_1_1_1_1_1_1_1_1_1_0_1_1_1_0_0_1_0,0,3.3333333333333337e-6,4.714045207910317e-6,0.12290502793296089,1001.0
1_0_0_1_0_1_1_0_0_0_0_1_0_0_0_1_1_0_1_1_1_0_0_1_0_1_0_0_1_1_1_0_0_0_0_0_1_0_0_0_1_0_0_1_1_0,1,3.3333333333333337e-6,4.714045207910317e-6,0.3240223463687151,160.0
1_0_1_0_0_1_1_1_1_0_1_0_0_1_0_0_0_0_0_0_0_1_1_0_1_0_0_1_0_1_1_0_1_0_1_1_1_1_0_1_0_1_1_1_1_1,0,3.3333333333333337e-6,4.714045207910317e-6,0.25139664804469275,1001.0
1_0_0_1_0_1_0_0_1_1_1_0_0_0_0_0_0_0_1_1_0_0_0_1_1_1_0_0_1_0_0_0_0_0_0_1_0_0_0_0_1_0_1_1_1_1,0,3.3333333333333337e-6,4.714045207910317e-6,0.2122905027932961,1001.0
0_0_0_1_0_1_0_0_0_1_0_0_0_0_0_0_1_0_1_1_1_0_0_1_0_1_0_0_1_0_0_0_0_0_0_0_0_0_1_0_0_0_1_1_0_1,0,3.3333333333333337e-6,4.714045207910317e-6,0.16759776536312848,1001.0
0_1_0_0_1_0_1_1_0_0_0_1_1_1_1_1_1_1_0_1_1_1_1_0_0_0_1_1_0_0_0_1_1_1_1_1_1_1_1_1_1_1_0_0_0_0,0,3.3333333333333337e-6,4.714045207910317e-6,0.24022346368715083,1001.0
1_0_1_1_0_0_0_0_1_1_1_0_0_1_0_0_0_0_1_0_0_0_0_1_1_1_0_0_1_0_0_0_0_0_0_1_1_0_0_0_1_0_1_1_0_1,0,3.3333333333333337e-6,4.714045207910317e-6,0.22346368715083798,1001.0
1_0_0_1_0_1_1_0_1_0_1_0_0_0_1_1_0_0_1_0_1_0_0_1_1_1_0_0_1_0_0_0_0_0_0_1_1_0_0_0_1_0_0_0_1_0,1,3.3333333333333337e-6,4.714045207910317e-6,0.31843575418994413,120.0
1_1_0_1_1_0_1_1_1_0_0_1_1_1_0_1_1_0_1_1_1_0_1_1_1_1_0_0_1_1_1_1_0_0_0_0_1_0_1_0_0_0_0_0_1_0,1,3.3333333333333337e-6,4.714045207910317e-6,0.29608938547486036,260.0
0_1_0_0_1_0_0_1_1_1_1_0_1_1_0_0_1_1_0_1_0_1_1_0_1_0_1_1_0_0_1_1_1_1_1_1_0_1_1_1_0_1_1_1_1_1,1,3.3333333333333337e-6,4.714045207910317e-6,0.31843575418994413,130.0
0_1_1_0_1_0_1_1_1_0_1_1_1_1_1_1_0_1_0_0_0_1_1_0_1_0_1_1_0_1_1_1_1_1_1_1_0_1_0_1_1_1_0_0_1_0,0,3.3333333333333337e-6,4.714045207910317e-6,0.1564245810055866,1001.0
0_1_1_0_1_0_1_1_1_0_1_1_1_1_1_1_1_1_0_0_0_1_1_0_0_0_1_1_0_1_1_1_1_1_1_1_1_1_0_1_1_1_0_0_0_0,0,3.3333333333333337e-6,4.714045207910317e-6,0.1564245810055866,1001.0
1_0_1_1_0_0_0_0_0_1_0_0_0_1_1_1_0_0_1_0_1_0_0_1_1_1_0_0_1_0_0_0_0_0_0_1_0_0_1_0_1_0_0_0_0_0,1,3.3333333333333337e-6,4.714045207910317e-6,0.3016759776536313,230.0
1_0_0_1_0_1_0_0_0_1_1_0_0_0_0_0_0_0_1_1_0_0_0_1_0_1_0_0_1_0_0_0_0_0_0_0_0_0_0_0_0_0_1_1_0_1,0,3.3333333333333337e-6,4.714045207910317e-6,0.22346368715083798,1001.0
1_0_0_1_0_1_1_0_1_0_1_0_0_0_1_1_1_0_1_1_1_0_0_1_1_1_0_0_1_1_1_0_0_0_0_0_1_0_0_0_0_0_0_0_1_0,1,3.3333333333333337e-6,4.714045207910317e-6,0.3128491620111732,180.0
0_1_0_0_1_0_1_0_0_0_0_1_1_1_1_1_1_1_0_1_1_1_1_0_0_0_1_1_0_1_1_1_1_1_1_0_1_1_1_1_0_1_0_0_0_0,0,3.3333333333333337e-6,4.714045207910317e-6,0.22346368715083798,1001.0
1_0_0_1_0_1_0_1_1_1_1_0_0_0_0_0_1_0_1_1_0_0_0_1_1_1_0_0_1_0_0_0_0_0_0_1_0_0_0_0_1_0_1_1_1_1,0,3.3333333333333337e-6,4.714045207910317e-6,0.2122905027932961,1001.0
0_1_1_0_1_0_1_1_0_0_0_1_1_1_1_1_1_1_0_1_1_1_1_0_1_0_1_1_0_1_1_1_1_1_1_1_1_1_1_1_1_1_0_0_0_0,0,3.3333333333333337e-6,4.714045207910317e-6,0.20670391061452514,1001.0
1_0_1_1_0_1_1_0_0_0_0_1_0_0_0_1_1_0_1_1_1_0_0_1_0_1_0_0_1_1_1_0_0_0_0_0_1_0_0_0_1_0_0_1_0_0,1,3.3333333333333337e-6,4.714045207910317e-6,0.33519553072625696,230.0
0_1_0_0_1_0_0_1_1_1_1_0_1_1_1_0_1_1_0_1_0_1_1_0_1_0_1_1_0_0_1_1_1_1_1_1_0_1_1_1_0_1_1_0_1_1,1,3.3333333333333337e-6,4.714045207910317e-6,0.33519553072625696,240.0
1_0_1_1_0_1_0_1_1_1_1_0_0_0_1_1_0_0_1_0_0_0_0_1_0_1_0_0_1_0_0_0_0_0_0_1_0_0_1_0_1_0_0_0_0_0,1,3.3333333333333337e-6,4.714045207910317e-6,0.3016759776536313,210.0
1_0_1_1_0_1_0_0_1_1_1_0_0_0_0_0_0_0_1_0_0_0_0_1_1_1_0_0_1_1_1_0_0_0_0_0_0_0_0_0_0_0_1_1_1_1,0,3.3333333333333337e-6,4.714045207910317e-6,0.24022346368715083,1001.0
0_1_1_0_1_0_0_1_1_1_1_0_1_1_0_0_0_1_0_0_0_1_1_0_0_0_1_1_0_0_0_1_1_1_1_0_0_1_1_1_0_1_1_1_0_1,1,3.3333333333333337e-6,4.714045207910317e-6,0.31843575418994413,90.0
0_1_1_0_1_1_1_0_1_0_1_1_1_1_1_1_0_1_0_0_0_1_1_0_0_0_1_1_0_1_1_1_1_1_1_1_1_1_0_1_1_1_0_0_1_0,0,3.3333333333333337e-6,4.714045207910317e-6,0.17318435754189945,1001.0
1_1_1_1_1_0_1_1_1_0_1_1_1_1_1_1_0_1_1_0_1_0_1_1_0_1_1_0_1_1_1_1_0_0_0_1_1_0_0_0_1_0_0_0_1_0,0,3.3333333333333337e-6,4.714045207910317e-6,0.17318435754189945,1001.0
1_1_1_1_1_0_1_1_1_0_1_1_1_1_1_1_1_1_1_1_1_0_1_1_0_1_1_0_1_1_1_1_0_0_0_0_1_0_0_0_1_0_0_0_1_0,0,3.3333333333333337e-6,4.714045207910317e-6,0.18994413407821228,1001.0
0_1_0_0_1_0_1_1_1_0_1_1_1_1_1_1_1_1_0_1_1_1_1_0_1_0_1_1_0_1_1_1_1_1_1_0_0_1_0_1_0_1_0_0_1_0,0,3.3333333333333337e-6,4.714045207910317e-6,0.19553072625698323,1001.0
1_0_1_1_0_1_1_1_1_0_1_0_0_0_1_1_0_0_1_0_1_0_0_1_0_1_0_0_1_0_0_0_0_0_0_1_1_0_0_0_1_0_0_0_1_0,1,3.3333333333333337e-6,4.714045207910317e-6,0.3240223463687151,240.0
1_0_0_1_0_1_0_0_0_1_1_0_0_0_0_0_0_0_1_0_0_0_0_1_0_1_0_0_1_0_0_0_0_0_0_0_0_0_0_0_0_0_1_1_0_1,0,3.3333333333333337e-6,4.714045207910317e-6,0.22346368715083798,1001.0
0_0_1_0_0_1_1_1_1_0_1_1_1_1_1_1_0_1_0_0_0_1_1_0_0_0_1_1_0_1_1_0_1_1_1_1_1_1_0_1_1_1_1_0_1_0,0,3.3333333333333337e-6,4.714045207910317e-6,0.13966480446927373,1001.0
1_1_1_1_1_0_1_1_1_0_0_1_1_1_1_1_0_1_1_0_1_0_1_1_1_1_1_0_1_1_0_1_0_0_0_1_1_0_1_0_1_0_0_0_0_0,0,3.3333333333333337e-6,4.714045207910317e-6,0.22346368715083798,1001.0
1_0_0_1_0_1_0_0_1_1_1_0_0_0_0_0_1_0_1_1_0_0_0_1_1_1_0_0_1_0_0_0_0_0_0_1_0_0_0_0_1_0_1_1_1_1,0,3.3333333333333337e-6,4.714045207910317e-6,0.2122905027932961,1001.0
1_1_0_1_1_1_1_1_1_0_1_1_1_0_1_1_1_0_1_1_1_0_1_1_0_1_0_0_1_1_1_1_0_0_0_0_1_0_0_0_0_0_0_0_1_0,0,3.3333333333333337e-6,4.714045207910317e-6,0.2849162011173184,1001.0
1_1_1_1_1_0_1_0_0_0_0_1_1_1_1_1_1_1_1_1_1_0_1_1_0_1_1_0_1_1_1_1_0_0_0_0_1_0_1_0_1_0_0_0_0_0,0,3.3333333333333337e-6,4.714045207910317e-6,0.24022346368715083,1001.0
0_1_0_0_1_0_0_1_1_1_1_0_1_1_1_0_1_1_0_1_0_1_1_0_1_0_1_1_0_0_0_1_1_1_1_0_0_1_1_1_0_1_1_0_0_1,1,3.3333333333333337e-6,4.714045207910317e-6,0.3407821229050279,170.0
1_1_1_0_1_1_1_1_1_0_1_1_1_1_1_1_0_1_0_0_0_1_1_1_0_0_1_1_0_1_1_1_1_1_1_1_1_1_0_1_1_1_0_0_1_0,0,3.3333333333333337e-6,4.714045207910317e-6,0.1787709497206704,1001.0
1_0_0_1_0_1_1_0_1_0_1_0_0_0_1_1_0_0_1_0_1_0_0_1_1_1_0_0_1_1_0_0_0_0_0_0_1_0_0_0_0_0_0_0_1_0,1,3.3333333333333337e-6,4.714045207910317e-6,0.3240223463687151,320.0
1_0_0_1_0_1_1_1_0_0_0_1_0_0_1_1_1_0_1_1_1_0_0_1_0_1_0_0_1_0_0_0_0_0_0_0_1_0_0_0_1_0_0_0_0_0,1,3.3333333333333337e-6,4.714045207910317e-6,0.3128491620111732,420.0
1_1_1_1_1_0_1_0_1_0_1_0_0_1_0_1_0_0_1_0_0_0_0_1_1_1_0_0_1_0_0_1_0_0_0_1_1_0_1_0_1_0_0_0_0_0,1,3.3333333333333337e-6,4.714045207910317e-6,0.3128491620111732,300.0
0_1_1_0_1_0_1_1_0_0_0_1_1_1_1_1_0_1_0_0_1_1_1_0_1_0_1_1_0_1_1_1_1_1_1_1_1_1_1_1_1_1_0_0_0_0,0,3.3333333333333337e-6,4.714045207910317e-6,0.19553072625698323,1001.0
0_0_0_0_0_1_0_0_1_1_1_0_0_0_0_0_1_0_0_1_0_1_0_0_0_0_0_1_0_0_0_0_1_1_1_0_0_1_0_1_0_1_1_1_1_1,0,3.3333333333333337e-6,4.714045207910317e-6,0.21787709497206703,1001.0
0_1_1_0_1_0_1_1_1_0_0_1_1_1_1_1_0_1_0_0_1_1_1_0_0_0_1_1_0_1_1_1_1_1_1_0_1_1_0_1_1_1_0_0_0_0,0,3.3333333333333337e-6,4.714045207910317e-6,0.2011173184357542,1001.0
0_1_1_0_1_0_0_1_1_1_1_0_1_1_1_0_0_1_0_0_0_1_1_0_0_0_1_1_0_0_0_1_1_1_1_0_0_1_1_1_0_1_1_0_0_1,1,3.3333333333333337e-6,4.714045207910317e-6,0.33519553072625696,210.0
0_1_1_0_1_0_1_1_0_0_0_1_1_1_1_1_0_1_0_0_1_1_1_0_0_0_1_1_0_1_1_1_1_1_1_0_1_1_1_1_1_1_0_0_0_0,0,3.3333333333333337e-6,4.714045207910317e-6,0.20670391061452514,1001.0
0_1_1_0_1_0_0_1_0_1_0_1_1_1_0_0_1_1_0_1_0_1_1_0_0_0_1_1_0_0_1_1_1_1_1_1_0_1_1_1_1_1_1_1_0_1,1,3.3333333333333337e-6,4.714045207910317e-6,0.3240223463687151,420.0
0_1_1_0_1_0_1_1_1_0_0_1_1_1_1_1_0_1_0_0_1_1_1_0_0_0_1_1_0_1_0_1_1_1_1_1_1_1_1_1_1_1_0_0_0_0,0,3.3333333333333337e-6,4.714045207910317e-6,0.20670391061452514,1001.0
1_1_1_1_1_0_1_1_0_0_0_1_1_1_1_1_0_1_1_0_1_0_1_1_0_1_1_0_1_1_0_1_0_0_0_0_1_0_1_0_1_0_0_0_0_0,0,3.3333333333333337e-6,4.714045207910317e-6,0.24022346368715083,1001.0
1_1_1_1_1_0_1_1_1_0_0_1_1_1_1_1_0_1_1_0_1_0_1_1_0_1_1_0_1_1_1_1_0_0_0_0_1_0_1_0_1_0_0_0_0_0,0,3.3333333333333337e-6,4.714045207910317e-6,0.22346368715083798,1001.0
0_1_0_0_1_0_0_1_0_1_0_1_1_0_1_1_1_1_0_1_1_1_1_0_1_0_1_1_0_0_0_1_1_1_1_1_0_1_1_1_1_1_0_0_0_0,0,3.3333333333333337e-6,4.714045207910317e-6,0.24022346368715083,1001.0
0_0_0_0_0_1_0_0_0_1_1_0_0_0_0_0_1_0_0_0_0_1_0_0_1_0_0_1_0_0_0_0_1_1_1_1_0_1_0_1_0_1_1_1_1_1,0,3.3333333333333337e-6,4.714045207910317e-6,0.22346368715083798,1001.0
0_1_1_0_1_0_1_1_1_0_0_1_1_1_1_1_1_1_0_0_1_1_1_0_1_0_1_1_0_1_1_1_1_1_1_1_1_1_1_1_1_1_0_0_0_0,0,3.3333333333333337e-6,4.714045207910317e-6,0.2011173184357542,1001.0
1_0_0_1_0_1_0_0_0_1_0_0_0_0_0_0_1_0_1_1_1_0_0_1_1_1_0_0_1_0_0_0_0_0_0_0_0_0_1_0_0_0_1_1_1_1,0,3.3333333333333337e-6,4.714045207910317e-6,0.1452513966480447,1001.0
1_0_1_1_0_1_1_0_0_0_0_1_0_0_0_1_0_0_1_0_1_0_0_1_0_1_0_0_1_0_0_0_0_0_0_1_1_0_1_0_1_0_0_1_0_0,1,3.3333333333333337e-6,4.714045207910317e-6,0.3128491620111732,90.0
1_0_0_1_0_0_0_1_0_1_0_0_0_0_0_0_1_0_1_1_1_0_0_1_1_1_0_0_1_0_0_0_0_0_0_0_0_0_1_0_1_0_1_1_0_1,0,3.3333333333333337e-6,4.714045207910317e-6,0.18994413407821228,1001.0
1_0_0_1_0_1_0_0_0_1_1_0_0_0_0_0_1_0_1_1_0_0_0_1_1_1_0_0_1_0_1_0_0_0_0_0_0_0_0_0_0_0_1_1_1_1,0,3.3333333333333337e-6,4.714045207910317e-6,0.20670391061452514,1001.0
1_0_0_1_0_1_0_1_1_1_1_0_0_0_0_0_0_0_1_0_0_0_0_1_1_1_0_0_1_0_0_0_0_0_0_1_0_0_0_0_1_0_1_1_1_1,0,3.3333333333333337e-6,4.714045207910317e-6,0.2122905027932961,1001.0
1_0_0_1_0_1_0_0_1_1_1_0_0_0_0_0_1_0_1_1_0_0_0_1_1_1_0_0_1_1_1_0_0_0_0_1_0_0_0_0_0_0_1_1_1_1,0,3.3333333333333337e-6,4.714045207910317e-6,0.2122905027932961,1001.0
0_1_0_0_1_0_0_1_1_1_1_0_1_1_0_0_1_1_0_1_0_1_1_0_1_0_1_1_0_1_1_1_1_1_1_0_0_1_1_1_0_1_1_1_1_1,1,3.3333333333333337e-6,4.714045207910317e-6,0.30726256983240224,320.0
0_1_0_0_1_0_0_1_1_1_1_0_1_1_0_0_1_1_0_1_0_1_1_0_1_0_1_1_0_0_1_1_1_1_1_0_0_1_1_1_0_1_1_1_0_1,1,3.3333333333333337e-6,4.714045207910317e-6,0.3240223463687151,250.0
1_1_1_1_1_0_1_1_1_0_1_1_1_1_1_1_1_1_1_1_0_0_1_1_0_1_1_0_1_1_1_1_0_0_0_1_1_0_0_0_1_0_0_0_0_0,0,3.3333333333333337e-6,4.714045207910317e-6,0.1787709497206704,1001.0
1_0_0_1_0_0_0_0_0_1_1_0_0_1_0_1_1_0_1_1_0_0_0_1_1_1_0_0_1_0_0_0_0_0_0_0_0_0_0_0_0_0_0_0_0_1,1,3.3333333333333337e-6,4.714045207910317e-6,0.2905027932960894,130.0
1_0_1_1_0_0_0_0_1_1_1_0_0_0_1_1_0_0_1_0_1_0_0_1_1_1_0_0_1_0_0_0_0_0_0_1_0_0_1_0_1_0_0_0_0_0,1,3.3333333333333337e-6,4.714045207910317e-6,0.29608938547486036,140.0
0_0_0_0_0_0_0_0_0_1_0_0_0_0_1_0_1_1_0_1_1_1_0_0_1_0_1_1_0_0_0_0_1_1_1_1_0_1_1_1_1_1_1_1_0_1,0,3.3333333333333337e-6,4.714045207910317e-6,0.24581005586592178,1001.0
0_0_1_0_0_1_0_0_0_1_1_0_0_0_1_0_0_1_0_0_0_1_0_0_0_0_1_1_0_0_0_0_1_1_1_1_0_1_0_1_1_1_1_1_0_1,1,3.3333333333333337e-6,4.714045207910317e-6,0.29608938547486036,350.0
1_0_0_1_0_1_0_1_1_1_1_0_0_0_0_0_1_0_1_1_0_0_0_1_1_1_0_0_1_0_0_0_0_0_0_1_0_0_0_0_0_0_1_1_1_1,0,3.3333333333333337e-6,4.714045207910317e-6,0.21787709497206703,1001.0
1_0_0_1_0_1_1_0_0_0_1_0_0_0_1_1_1_0_1_1_1_0_0_1_1_1_0_0_1_1_1_0_0_0_0_0_1_0_0_0_0_0_0_0_1_0,1,3.3333333333333337e-6,4.714045207910317e-6,0.31843575418994413,160.0
1_1_1_1_1_0_1_1_0_0_0_1_1_1_1_1_0_1_1_0_1_0_1_1_0_1_1_0_1_1_1_1_0_0_0_0_1_0_1_0_1_0_0_0_0_0,0,3.3333333333333337e-6,4.714045207910317e-6,0.22905027932960895,1001.0
1_1_1_1_1_0_1_0_0_0_0_1_1_1_1_1_1_1_1_1_1_0_1_1_0_1_1_0_1_1_1_1_0_0_0_0_1_0_1_0_0_0_0_0_0_0,0,3.3333333333333337e-6,4.714045207910317e-6,0.2346368715083799,1001.0
1_0_1_1_0_1_1_0_0_0_0_1_0_0_0_1_0_0_1_0_1_0_0_1_0_1_0_0_1_0_0_0_0_0_0_1_1_0_0_0_1_0_0_1_0_0,1,3.3333333333333337e-6,4.714045207910317e-6,0.3240223463687151,210.0
1_0_1_1_0_0_0_0_1_1_1_0_0_0_1_1_0_0_1_0_0_0_0_1_1_1_0_0_1_0_0_0_0_0_0_1_0_0_1_0_1_0_0_0_0_0,1,3.3333333333333337e-6,4.714045207910317e-6,0.2905027932960894,210.0
1_0_1_1_0_0_0_1_1_1_1_0_0_0_1_1_0_0_1_0_0_0_0_1_1_1_0_0_1_0_0_0_0_0_0_1_0_0_1_0_1_0_0_0_0_0,1,3.3333333333333337e-6,4.714045207910317e-6,0.2905027932960894,340.0
1_0_1_1_0_1_0_0_1_1_1_0_0_0_0_0_0_0_1_0_0_0_0_1_1_1_0_0_1_0_0_0_0_0_0_1_0_0_0_0_1_0_1_1_1_1,0,3.3333333333333337e-6,4.714045207910317e-6,0.22346368715083798,1001.0
0_1_1_0_1_0_0_1_1_1_1_0_1_1_1_0_0_1_0_0_0_1_1_0_1_0_1_1_0_0_0_1_1_1_1_1_0_1_1_1_0_1_1_0_1_1,1,3.3333333333333337e-6,4.714045207910317e-6,0.33519553072625696,340.0
1_1_1_1_1_1_1_1_1_0_0_1_1_0_1_0_0_1_1_0_1_0_1_1_0_1_1_0_1_1_1_1_0_0_0_1_1_0_1_0_1_0_1_1_1_0,1,3.3333333333333337e-6,4.714045207910317e-6,0.3128491620111732,290.0
1_0_1_1_0_1_1_0_0_0_0_1_0_0_1_1_0_0_1_0_1_0_0_1_0_1_0_0_1_1_1_0_0_0_0_1_1_0_0_0_1_0_0_0_1_0,1,3.3333333333333337e-6,4.714045207910317e-6,0.3240223463687151,220.0
0_1_1_0_1_0_1_0_0_0_0_1_1_1_1_1_1_1_0_1_1_1_1_0_0_0_1_1_0_1_1_1_1_1_1_0_1_1_0_1_1_1_0_0_0_0,0,3.3333333333333337e-6,4.714045207910317e-6,0.21787709497206703,1001.0
0_1_0_0_1_0_1_1_0_0_0_1_1_1_0_0_1_1_0_1_1_1_1_0_1_0_1_1_0_1_1_1_1_1_1_0_1_1_0_1_0_1_1_1_1_1,1,3.3333333333333337e-6,4.714045207910317e-6,0.3016759776536313,150.0
1_0_1_1_0_1_1_0_0_0_0_1_0_0_0_1_0_0_1_0_1_0_0_1_0_1_0_0_1_1_1_0_0_0_0_1_1_0_0_0_1_0_0_1_1_0,1,3.3333333333333337e-6,4.714045207910317e-6,0.3407821229050279,230.0
1_1_1_1_1_0_1_1_0_0_0_1_1_1_1_1_0_1_1_1_1_0_1_1_0_1_1_0_1_1_1_1_0_0_0_0_1_0_1_0_1_0_0_0_0_0,0,3.3333333333333337e-6,4.714045207910317e-6,0.22905027932960895,1001.0
1_0_1_1_0_1_1_0_0_0_0_1_0_0_0_1_0_0_1_0_1_0_0_1_0_1_0_0_1_1_0_0_0_0_0_0_1_0_0_0_1_0_0_1_0_0,1,3.3333333333333337e-6,4.714045207910317e-6,0.33519553072625696,100.0
1_1_1_1_1_0_1_0_0_0_0_1_1_1_1_1_0_1_1_0_1_0_1_1_0_1_1_0_1_0_0_1_0_0_0_0_1_0_1_0_1_0_0_0_0_0,0,3.3333333333333337e-6,4.714045207910317e-6,0.24581005586592178,1001.0
0_1_0_0_1_1_1_1_1_0_1_1_1_0_0_0_1_1_0_1_0_1_1_0_1_0_1_1_0_1_1_1_1_1_1_0_1_1_0_1_0_1_1_1_1_1,1,3.3333333333333337e-6,4.714045207910317e-6,0.30726256983240224,250.0
0_1_1_0_1_0_0_1_0_1_0_1_1_1_0_0_1_1_0_1_0_1_1_0_0_0_1_1_0_1_1_1_1_1_1_0_0_1_1_1_0_1_1_1_0_1,1,3.3333333333333337e-6,4.714045207910317e-6,0.31843575418994413,330.0
1_0_0_1_0_1_0_1_0_1_0_0_0_0_0_0_1_0_1_1_1_0_0_1_0_1_0_0_1_0_0_0_0_0_0_0_0_0_1_0_0_0_1_1_0_1,0,3.3333333333333337e-6,4.714045207910317e-6,0.17318435754189945,1001.0
1_0_0_1_0_1_1_1_0_0_0_1_0_0_0_1_1_0_1_1_1_0_0_1_0_1_0_0_1_0_0_0_0_0_0_0_1_0_0_0_1_0_0_1_0_0,1,3.3333333333333337e-6,4.714045207910317e-6,0.329608938547486,150.0
