states,flag,Avg0,SD0,frust0,time
0_0_0_1_0_0_0_1_0_0_0_0_0_0_1_0_0_1_1_0_1_0_0_1_0_0_0_1_1_1_1_0_0_1_1_1_1_0_0_0_1_1_0_1,1,0.049906666666666676,0.0003770352179247379,0.14285714285714285,284.14352757083685
1_1_1_0_1_1_1_0_1_1_1_1_1_1_0_1_1_0_0_1_0_1_1_0_1_1_1_0_0_0_0_1_1_0_0_0_0_1_1_1_0_0_1_0,1,0.04965666666666666,0.0006759848782003603,0.14285714285714285,285.4692842633836
0_0_0_0_0_0_0_1_0_0_0_0_0_0_1_0_0_1_1_0_1_1_0_1_0_0_0_1_1_1_1_0_0_1_1_1_1_0_0_0_1_1_0_1,1,0.04704,0.0001902629759044046,0.14285714285714285,311.7035257487655
1_1_1_1_1_1_1_0_1_1_1_1_1_1_0_1_1_0_0_1_0_0_1_0_1_1_1_0_0_0_0_1_1_0_0_0_0_1_1_1_0_0_1_0,1,0.04653666666666667,0.0005796742380184087,0.14285714285714285,310.54747465448287
1_1_1_0_1_1_1_0_1_1_1_1_1_1_0_1_0_0_0_1_1_1_1_1_1_1_1_1_1_1_1_1_1_0_1_1_1_1_0_0_0_0_1_0,1,0.02758333333333333,0.00013816254517375162,0.14795918367346939,294.24505387293357
0_0_0_1_0_0_0_1_0_0_0_0_0_0_1_0_1_1_1_0_0_0_0_0_0_0_0_0_0_0_0_0_0_1_0_0_0_0_1_1_1_1_0_1,1,0.027373333333333333,0.0002995923155816182,0.14795918367346939,292.0251476047417
0_0_0_0_0_0_0_1_0_0_0_0_0_0_1_0_1_1_1_0_0_1_0_0_0_0_0_0_0_0_0_0_0_1_0_0_0_0_1_1_1_1_0_1,1,0.024146666666666667,0.00022125902367034744,0.14795918367346939,321.71632989212674
1_1_1_1_1_1_1_0_1_1_1_1_1_1_0_1_0_0_0_1_1_0_1_1_1_1_1_1_1_1_1_1_1_0_1_1_1_1_0_0_0_0_1_0,1,0.02381,0.0006393746945258314,0.14795918367346939,322.3729990902748
0_0_0_0_0_0_0_1_0_0_0_0_0_0_1_0_1_1_1_0_0_1_0_1_0_0_0_0_0_0_0_0_0_1_0_0_0_0_1_1_1_1_0_1,1,0.014346666666666667,0.0005218130784954407,0.16326530612244897,290.4912873012484
1_1_1_1_1_1_1_0_1_1_1_1_1_1_0_1_0_0_0_1_1_0_1_0_1_1_1_1_1_1_1_1_1_0_1_1_1_1_0_0_0_0_1_0,1,0.01427,0.00048110982807116564,0.16326530612244897,292.4478447254897
0_0_0_1_0_0_0_1_0_0_0_0_0_0_1_0_1_1_1_0_0_0_0_1_0_0_0_0_0_0_0_0_0_1_0_0_0_0_1_1_1_1_0_1,1,0.014156666666666665,0.00023697163449568274,0.16326530612244897,259.3157708673042
1_1_1_0_1_1_1_0_0_1_1_1_1_1_0_1_1_0_1_1_0_1_1_0_1_1_1_0_0_0_0_1_1_1_0_0_0_1_1_1_0_0_0_0,1,0.014116666666666666,0.00027145697428669814,0.17857142857142858,353.5482674819132
1_1_1_0_1_1_1_0_1_1_1_1_1_1_0_1_0_0_0_1_1_1_1_0_1_1_1_1_1_1_1_1_1_0_1_1_1_1_0_0_0_0_1_0,1,0.014006666666666667,0.00023041026211713993,0.16326530612244897,258.51641740117725
0_0_0_1_0_0_0_1_1_0_0_0_0_0_0_0_0_0_0_0_1_1_0_1_0_0_0_1_1_1_1_1_0_0_1_1_1_0_0_0_1_1_1_1,1,0.01384,0.0002913188402192123,0.18877551020408162,403.9551621041999
1_1_1_0_1_1_1_0_0_1_1_1_1_1_1_1_1_1_1_1_0_0_1_0_1_1_1_0_0_0_0_0_1_1_0_0_0_1_1_1_0_0_0_0,1,0.013756666666666667,0.0002831175649011479,0.18877551020408162,406.29411084035866
0_0_0_1_0_0_0_1_1_0_0_0_0_0_1_0_0_1_0_0_1_0_0_1_0_0_0_1_1_1_1_0_0_0_1_1_1_0_0_0_1_1_1_1,1,0.013733333333333334,0.00011085526098877305,0.17857142857142858,355.8226158144039
1_1_1_0_1_1_1_0_0_1_1_1_1_1_1_1_0_1_1_1_1_0_1_1_1_1_1_1_1_1_1_0_1_1_1_1_1_1_0_0_0_0_0_0,1,0.008669999999999999,0.00011860297916438145,0.19387755102040816,443.6781022220942
0_0_0_1_0_0_0_1_1_0_0_0_0_0_0_0_1_0_0_0_0_1_0_0_0_0_0_0_0_0_0_1_0_0_0_0_0_0_1_1_1_1_1_1,1,0.008496666666666668,0.0003306895153396245,0.19387755102040816,435.2944704832232
1_1_1_0_1_1_1_0_0_1_1_1_1_1_0_1_0_0_1_1_1_1_1_1_1_1_1_1_1_1_1_1_1_1_1_1_1_1_0_0_0_0_0_0,1,0.008166666666666666,0.00013123346456686352,0.1836734693877551,380.8174760057372
0_0_0_1_0_0_0_1_1_0_0_0_0_0_1_0_1_1_0_0_0_0_0_0_0_0_0_0_0_0_0_0_0_0_0_0_0_0_1_1_1_1_1_1,1,0.007893333333333334,0.00014383632673594282,0.1836734693877551,379.35297320331694
1_0_1_1_1_0_0_0_0_1_1_0_1_1_1_1_1_1_1_0_0_0_1_0_0_0_1_0_0_0_0_0_1_1_0_0_0_1_1_1_0_0_0_0,1,0.005283333333333334,0.0003757067414294765,0.21428571428571427,361.251470424542
1_1_1_1_1_1_1_0_1_1_1_1_0_1_0_0_1_0_0_1_0_0_0_0_1_1_1_0_0_0_0_1_1_0_0_0_0_1_1_1_0_0_1_0,1,0.00501,0.00016391054470858986,0.1836734693877551,289.0108799323803
1_0_1_0_0_0_0_1_0_1_1_0_1_1_1_1_1_1_1_0_0_0_1_0_0_0_1_0_0_0_0_0_0_1_0_0_0_0_1_1_0_0_0_0,1,0.004973333333333333,8.653836657164784e-5,0.17857142857142858,273.92461915088364
0_0_0_0_0_0_0_1_0_0_0_0_0_0_1_1_0_1_1_0_1_1_0_1_0_0_0_1_1_1_1_0_0_1_1_1_1_0_0_0_1_1_0_1,1,0.00496,0.000155134350376268,0.17346938775510204,297.41518631449
0_1_0_0_0_1_1_1_1_0_0_1_0_0_0_0_0_0_0_1_1_1_0_1_1_1_0_1_1_1_1_1_0_0_1_1_1_0_0_0_1_1_1_1,1,0.004883333333333333,0.00024073960113690367,0.21428571428571427,363.1248853268783
0_0_0_0_0_0_0_1_0_0_0_0_1_0_1_1_0_1_1_0_1_1_1_1_0_0_0_1_1_1_1_0_0_1_1_1_1_0_0_0_1_1_0_1,1,0.004873333333333334,7.586537784494028e-5,0.1836734693877551,291.32156099940283
1_1_1_1_1_1_1_0_1_1_1_1_1_1_0_0_1_0_0_1_0_0_1_0_1_1_1_0_0_0_0_1_1_0_0_0_0_1_1_1_0_0_1_0,1,0.004803333333333334,0.00019293061504650365,0.17346938775510204,294.15695035805857
1_1_1_0_1_1_1_0_1_1_1_1_0_1_0_0_1_0_0_1_0_1_0_0_1_1_1_0_0_0_0_1_1_0_0_0_0_1_1_1_0_0_1_0,1,0.004696666666666666,0.000380029238641216,0.1836734693877551,261.3775864820058
0_1_0_1_1_1_1_0_1_0_0_1_0_0_0_0_0_0_0_1_1_1_0_1_1_1_0_1_1_1_1_1_1_0_1_1_1_1_0_0_1_1_1_1,1,0.004683333333333334,0.00012498888839501768,0.17857142857142858,285.80253874028955
0_0_0_1_0_0_0_1_0_0_0_0_1_0_1_1_0_1_1_0_1_0_1_1_0_0_0_1_1_1_1_0_0_1_1_1_1_0_0_0_1_1_0_1,1,0.0046166666666666665,9.672412085697953e-5,0.1836734693877551,261.2904959709997
1_1_1_1_1_1_1_0_1_1_1_1_1_1_0_0_1_0_0_1_0_0_0_0_1_1_1_0_0_0_0_1_1_0_0_0_0_1_1_1_0_0_1_0,1,0.004603333333333333,9.741092797468312e-5,0.17857142857142858,305.15130283518334
1_1_1_0_1_1_1_0_1_1_1_1_1_1_0_0_1_0_0_1_0_1_1_0_1_1_1_0_0_0_0_1_1_0_0_0_0_1_1_1_0_0_1_0,1,0.004586666666666667,0.00020005554784164876,0.17346938775510204,268.8682991767171
0_0_0_0_0_0_0_1_0_0_0_0_0_0_1_1_0_1_1_0_1_1_1_1_0_0_0_1_1_1_1_0_0_1_1_1_1_0_0_0_1_1_0_1,1,0.004576666666666666,0.00023098821518760564,0.17857142857142858,304.82519892316054
0_0_0_1_0_0_0_1_0_0_0_0_0_0_1_1_0_1_1_0_1_0_0_1_0_0_0_1_1_1_1_0_0_1_1_1_1_0_0_0_1_1_0_1,1,0.00455,0.00024262453846770463,0.17346938775510204,265.80248951717266
0_0_0_1_0_0_0_1_0_0_0_0_0_0_1_1_0_1_1_0_1_0_1_1_0_0_0_1_1_1_1_0_0_1_1_1_1_0_0_0_1_1_0_1,1,0.004473333333333333,0.00022171052197754538,0.17857142857142858,272.3947340973203
1_0_1_0_0_0_0_1_0_1_1_0_1_1_1_1_1_1_1_0_0_1_1_0_0_0_1_0_0_0_0_0_0_1_0_0_0_0_1_1_0_0_0_0,1,0.00445,0.00023338094752285729,0.17346938775510204,268.2791165319405
1_1_1_0_1_1_1_0_1_1_1_1_1_1_0_0_1_0_0_1_0_1_0_0_1_1_1_0_0_0_0_1_1_0_0_0_0_1_1_1_0_0_1_0,1,0.0044399999999999995,0.00012083045973594591,0.17857142857142858,286.6639158919285
0_1_0_1_1_1_1_0_1_0_0_1_0_0_0_0_0_0_0_1_1_0_0_1_1_1_0_1_1_1_1_1_1_0_1_1_1_1_0_0_1_1_1_1,1,0.004416666666666666,0.0001844511377634256,0.17346938775510204,273.6633185729468
1_0_1_0_0_0_0_1_0_1_1_0_1_1_1_1_0_1_1_0_1_0_1_1_0_0_1_1_1_1_1_0_0_1_1_1_1_0_0_0_0_0_0_0,1,0.00418,0.00015769168230019833,0.1836734693877551,288.7045197467085
0_1_0_1_1_1_1_0_1_0_0_1_0_0_0_0_1_0_0_1_0_1_0_0_1_1_0_0_0_0_0_1_1_0_0_0_0_1_1_1_1_1_1_1,1,0.0039566666666666665,0.0003310924677823736,0.1836734693877551,288.693245107282
1_0_1_0_0_0_0_1_0_1_1_0_1_1_1_1_0_1_1_0_1_1_1_1_0_0_1_1_1_1_1_0_0_1_1_1_1_0_0_0_0_0_0_0,1,0.0038733333333333332,5.7927157323276046e-5,0.17857142857142858,267.84050744230854
0_0_0_1_0_0_0_1_1_0_0_0_0_0_1_0_1_1_0_0_0_0_0_1_0_0_0_0_0_0_0_0_0_0_0_0_0_0_1_1_1_1_1_1,1,0.0038033333333333335,0.00010530379332620883,0.1989795918367347,315.27678929138773
0_1_0_1_1_1_1_0_1_0_0_1_0_0_0_0_1_0_0_1_0_0_0_0_1_1_0_0_0_0_0_1_1_0_0_0_0_1_1_1_1_1_1_1,1,0.00376,0.00011575836902790236,0.17857142857142858,268.98449951508
1_1_1_0_1_1_1_0_0_1_1_1_1_1_1_1_0_1_1_1_1_0_1_0_1_1_1_1_1_1_1_0_1_1_1_1_1_1_0_0_0_0_0_0,1,0.003753333333333333,0.00010208928554075711,0.20918367346938777,355.008664337849
1_1_1_0_1_1_1_0_0_1_1_1_1_1_0_1_0_0_1_1_1_1_1_0_1_1_1_1_1_1_1_1_1_1_1_1_1_1_0_0_0_0_0_0,1,0.0037300000000000002,5.8878405775518934e-5,0.1989795918367347,312.6969124066778
0_0_0_1_0_0_0_1_1_0_0_0_0_0_0_0_1_0_0_0_0_1_0_1_0_0_0_0_0_0_0_1_0_0_0_0_0_0_1_1_1_1_1_1,1,0.0036333333333333335,0.000219291789378647,0.20918367346938777,349.6098766558275
0_1_0_0_0_1_1_1_1_0_0_1_0_0_0_0_1_0_0_1_0_1_0_0_1_1_0_0_0_0_0_1_0_0_0_0_0_0_1_1_1_1_1_1,1,0.0035066666666666666,5.1854497287013416e-5,0.2193877551020408,388.4019448424645
1_0_1_1_0_0_0_1_0_0_0_0_0_0_1_1_0_1_1_0_1_0_0_1_0_0_1_1_1_1_1_0_0_1_1_1_1_0_0_0_1_1_0_1,1,0.0034500000000000004,7.788880963698615e-5,0.14795918367346939,255.46371790403728
1_0_1_1_1_0_0_0_0_1_1_0_1_1_1_1_0_1_1_0_1_0_1_1_0_0_1_1_1_1_1_0_1_1_1_1_1_1_0_0_0_0_0_0,1,0.003316666666666667,0.00018208667044996877,0.2193877551020408,392.2270381836945
1_0_1_0_0_0_0_1_0_0_0_0_0_0_1_1_0_1_1_0_1_1_0_1_0_0_1_1_1_1_1_0_0_1_1_1_1_0_0_0_1_1_0_1,1,0.003273333333333333,0.00024931015935086864,0.14795918367346939,270.636934091252
0_1_0_1_1_1_1_0_1_1_1_1_1_1_0_0_1_0_0_1_0_0_1_0_1_1_0_0_0_0_0_1_1_0_0_0_0_1_1_1_0_0_1_0,1,0.0032099999999999997,6.531972647421808e-5,0.14795918367346939,268.82141664456003
0_1_0_0_1_1_1_0_1_1_1_1_1_1_0_0_1_0_0_1_0_1_1_0_1_1_0_0_0_0_0_1_1_0_0_0_0_1_1_1_0_0_1_0,1,0.0030966666666666664,0.0001497405163014412,0.14795918367346939,245.11436196147284
0_1_0_1_1_1_1_0_1_0_0_1_0_0_0_0_0_0_0_1_1_1_0_1_1_1_0_1_1_1_1_1_1_0_1_1_1_0_0_0_1_1_1_1,1,0.002916666666666667,5.557777333511017e-5,0.19387755102040816,254.46451677840005
1_0_1_0_0_0_0_1_0_1_1_0_1_1_1_1_1_1_1_0_0_0_1_0_0_0_1_0_0_0_0_0_0_1_0_0_0_1_1_1_0_0_0_0,1,0.0028333333333333335,8.178562764256852e-5,0.19387755102040816,264.09424554751917
0_0_0_1_0_0_0_1_1_0_0_0_0_0_1_0_0_1_0_0_1_1_0_1_0_0_0_1_1_1_1_0_0_0_1_1_1_0_0_0_1_1_1_1,1,0.002673333333333333,0.0001970335560817553,0.1836734693877551,317.5410316452577
1_1_1_0_1_1_1_0_0_1_1_1_1_1_0_1_1_0_1_1_0_0_1_0_1_1_1_0_0_0_0_1_1_1_0_0_0_1_1_1_0_0_0_0,1,0.0026199999999999995,0.00025664502073226883,0.1836734693877551,308.7835109928521
0_1_0_0_1_1_1_0_1_1_1_1_1_1_0_0_1_0_0_1_0_1_0_0_1_1_0_0_0_0_0_1_1_0_0_0_0_1_1_1_0_0_1_0,1,0.002513333333333333,8.259674462242579e-5,0.15306122448979592,248.02778056414073
1_0_1_1_0_0_0_1_0_0_0_0_0_0_1_1_0_1_1_0_1_0_1_1_0_0_1_1_1_1_1_0_0_1_1_1_1_0_0_0_1_1_0_1,1,0.00248,0.00023338094752285729,0.15306122448979592,253.32849912798372
0_0_0_1_0_0_0_1_0_0_0_0_0_0_1_1_1_1_1_0_0_0_1_0_0_0_0_0_0_0_0_0_0_1_0_0_0_0_1_1_1_1_0_1,1,0.002296666666666667,0.00014267289706021798,0.1836734693877551,283.0261282857528
1_1_1_1_1_1_1_0_1_1_1_1_1_1_0_0_0_0_0_1_1_0_0_1_1_1_1_1_1_1_1_1_1_0_1_1_1_1_0_0_0_0_1_0,1,0.00227,0.00011860297916438126,0.1836734693877551,318.34494637125187
0_1_0_0_1_1_1_0_1_1_1_1_0_1_0_0_1_0_0_1_0_1_0_0_1_1_0_0_0_0_0_1_1_0_0_0_0_1_1_1_0_0_1_0,1,0.002266666666666667,0.00025315783394730027,0.1683673469387755,250.16825041114873
1_1_1_1_1_1_1_0_1_0_1_1_1_1_0_1_0_0_0_1_1_1_1_1_1_1_1_1_1_1_1_1_1_0_1_1_1_0_0_0_0_0_1_0,1,0.0022666666666666664,2.054804667656331e-5,0.20408163265306123,254.33085581779025
0_0_0_1_0_0_0_1_1_0_0_0_0_0_1_0_0_1_0_0_1_0_0_1_0_0_0_1_1_1_1_0_0_0_1_1_1_0_0_0_1_1_0_1,1,0.0022233333333333337,0.00013274871834493247,0.1989795918367347,302.47265221878223
0_1_0_1_1_1_1_0_1_1_1_1_1_1_0_0_1_0_0_1_0_0_0_0_1_1_0_0_0_0_0_1_1_0_0_0_0_1_1_1_0_0_1_0,1,0.0022066666666666667,5.1854497287013416e-5,0.15306122448979592,256.4640094860808
0_1_0_1_1_1_1_0_1_1_1_1_0_1_0_0_1_0_0_1_0_0_0_0_1_1_0_0_0_0_0_1_1_0_0_0_0_1_1_1_0_0_1_0,1,0.00217,0.00010424330514074585,0.1683673469387755,249.326412530296
0_0_0_0_0_0_0_1_0_1_0_0_0_0_1_0_0_1_1_0_1_0_0_1_0_0_0_1_1_1_1_0_0_1_1_1_1_0_0_0_1_1_0_1,1,0.0021633333333333335,0.00015965240019770737,0.19387755102040816,224.1614215354388
1_0_1_0_0_0_0_1_0_0_0_0_1_0_1_1_0_1_1_0_1_1_1_1_0_0_1_1_1_1_1_0_0_1_1_1_1_0_0_0_1_1_0_1,1,0.00216,0.00017682382946499777,0.1683673469387755,254.65661726129858
1_1_1_0_1_1_1_0_0_1_1_1_1_1_0_1_1_0_1_1_0_1_1_0_1_1_1_0_0_0_0_1_1_1_0_0_0_1_1_1_0_0_1_0,1,0.002153333333333333,0.00011897712198383163,0.1989795918367347,299.79746560376014
1_1_1_0_1_1_1_0_1_1_1_1_1_1_0_0_0_0_0_1_1_1_0_1_1_1_1_1_1_1_1_1_1_0_1_1_1_1_0_0_0_0_1_0,1,0.002153333333333333,4.496912521077359e-5,0.1836734693877551,282.55068992415096
0_0_0_0_0_0_0_1_0_1_0_0_0_0_1_0_1_1_1_0_0_0_0_0_0_0_0_0_0_0_0_0_0_1_0_0_0_1_1_1_1_1_0_1,1,0.002146666666666667,9.568466729604875e-5,0.20408163265306123,247.44847555782658
1_0_1_0_0_0_0_1_0_0_0_0_0_0_1_1_0_1_1_0_1_1_1_1_0_0_1_1_1_1_1_0_0_1_1_1_1_0_0_0_1_1_0_1,1,0.00214,0.0002765260686927484,0.15306122448979592,257.86985833438115
0_0_0_0_0_0_0_1_0_0_0_0_0_0_1_1_1_1_1_0_0_1_1_0_0_0_0_0_0_0_0_0_0_1_0_0_0_0_1_1_1_1_0_1,1,0.00214,3.559026084010446e-5,0.1836734693877551,320.0138987735652
1_1_1_1_1_1_1_0_1_1_1_1_1_1_0_0_0_0_0_1_1_0_1_1_1_1_1_1_1_1_1_1_1_0_1_1_1_1_0_0_0_0_1_0,1,0.002106666666666667,4.714045207910309e-5,0.17857142857142858,291.9381833730377
1_0_1_1_0_0_0_1_0_0_0_0_1_0_1_1_0_1_1_0_1_0_1_1_0_0_1_1_1_1_1_0_0_1_1_1_1_0_0_0_1_1_0_1,1,0.0020966666666666664,0.00013097921802925658,0.1683673469387755,243.87657316231343
1_0_1_0_0_0_0_1_0_1_1_0_1_1_1_1_0_1_1_0_1_0_1_1_0_0_1_1_1_1_1_0_0_1_1_1_1_1_0_0_0_0_0_0,1,0.00202,6.683312551921133e-5,0.1989795918367347,261.49637587637875
0_0_0_0_0_0_0_1_0_0_0_0_0_0_1_1_1_1_1_0_0_1_0_0_0_0_0_0_0_0_0_0_0_1_0_0_0_0_1_1_1_1_0_1,1,0.0020166666666666666,0.00014007934259633798,0.17857142857142858,298.46108843336924
1_1_1_1_1_1_1_0_1_0_1_1_1_1_0_1_0_0_0_1_1_1_1_1_1_1_1_1_1_1_1_1_1_0_1_1_1_1_0_0_0_0_1_0,1,0.00201,3.559026084010446e-5,0.18877551020408162,221.03582703816883
1_1_1_0_1_1_1_0_1_1_1_1_0_1_0_0_0_0_0_1_1_1_0_1_1_1_1_1_1_1_1_1_1_0_1_1_1_1_0_0_0_0_1_0,1,0.002003333333333333,8.339997335464532e-5,0.18877551020408162,258.8847218425937
1_1_1_1_1_1_1_0_1_0_1_1_1_1_0_1_1_0_0_1_0_1_1_0_1_1_1_0_0_0_0_1_1_0_0_0_0_0_1_1_0_0_1_0,1,0.00199,7.788880963698609e-5,0.20918367346938777,253.7900053163211
1_1_1_1_1_1_1_0_1_0_1_1_1_1_0_1_1_0_0_1_0_1_1_0_1_1_1_0_0_0_0_1_1_0_0_0_0_1_1_1_0_0_1_0,1,0.001976666666666667,0.0001381625451737514,0.19387755102040816,226.93026343848678
1_1_1_1_1_1_1_0_1_1_1_1_0_1_0_0_0_0_0_1_1_0_0_1_1_1_1_1_1_1_1_1_1_0_1_1_1_1_0_0_0_0_1_0,1,0.0019733333333333334,5.2493385826745445e-5,0.18877551020408162,287.297463956922
0_0_0_0_0_0_0_1_0_1_0_0_0_0_1_0_0_1_1_0_1_1_0_1_0_0_0_1_1_1_1_0_0_1_1_1_1_0_0_0_1_1_0_1,1,0.00197,0.00010198039027185563,0.18877551020408162,222.5256981111706
0_0_0_0_0_0_0_1_0_1_0_0_0_0_1_0_0_1_1_0_1_0_0_1_0_0_0_1_1_1_1_0_0_1_1_1_1_1_0_0_1_1_0_1,1,0.001963333333333333,8.993825042154683e-5,0.20918367346938777,257.3619384115963
0_1_0_1_1_1_1_0_1_0_0_1_0_0_0_0_1_0_0_1_0_1_0_0_1_1_0_0_0_0_0_1_1_0_0_0_0_0_1_1_1_1_1_1,1,0.0019433333333333334,4.1096093353126527e-5,0.1989795918367347,257.1120655509265
1_1_1_1_1_1_1_0_1_0_1_1_1_1_0_1_1_0_0_1_0_0_1_0_1_1_1_0_0_0_0_1_1_0_0_0_0_1_1_1_0_0_1_0,1,0.0019433333333333334,0.0001562761089297472,0.18877551020408162,228.9207611020656
0_0_0_1_0_0_0_1_0_0_0_0_1_0_1_1_1_1_1_0_0_0_1_0_0_0_0_0_0_0_0_0_0_1_0_0_0_0_1_1_1_1_0_1,1,0.0019333333333333331,8.806563209081941e-5,0.18877551020408162,252.50117235686625
1_0_1_0_0_1_0_1_0_1_1_0_1_1_1_1_1_1_1_0_0_0_1_0_0_0_1_0_0_0_0_0_0_1_0_0_0_1_1_1_0_0_0_0,1,0.0019266666666666668,9.428090415820659e-6,0.20408163265306123,286.8730312142039
0_0_0_0_0_0_0_1_0_0_0_0_1_0_1_1_1_1_1_0_0_1_1_0_0_0_0_0_0_0_0_0_0_1_0_0_0_0_1_1_1_1_0_1,1,0.0019233333333333333,5.734883511361749e-5,0.18877551020408162,283.17020334834797
0_1_0_1_1_0_1_0_1_0_0_1_0_0_0_0_0_0_0_1_1_1_0_1_1_1_0_1_1_1_1_1_1_0_1_1_1_0_0_0_1_1_1_1,1,0.0019166666666666666,9.877021593352707e-5,0.20408163265306123,287.418201167213
0_1_0_1_1_1_1_0_1_0_0_1_0_0_0_0_0_0_0_1_1_0_0_1_1_1_0_1_1_1_1_1_1_0_1_1_1_0_0_0_1_1_1_1,1,0.00188,7.874007874011811e-5,0.18877551020408162,250.41860907950755
1_1_1_1_1_1_1_0_1_1_1_1_1_1_0_0_0_0_0_1_1_0_1_0_1_1_1_1_1_1_1_1_1_0_1_1_1_1_0_0_0_0_1_0,1,0.0018566666666666668,9.74109279746831e-5,0.19387755102040816,276.8683982271004
1_1_1_1_1_1_1_0_1_0_1_1_1_1_0_1_0_0_0_1_1_0_1_1_1_1_1_1_1_1_1_1_1_0_1_1_1_1_0_0_0_0_1_0,1,0.0018533333333333334,0.00011323525167642022,0.1836734693877551,223.3464863290682
1_1_1_0_1_1_1_0_1_1_1_1_1_1_0_0_0_0_0_1_1_1_1_1_1_1_1_1_1_1_1_1_1_0_1_1_1_1_0_0_0_0_1_0,1,0.0018533333333333334,0.00012710450643291742,0.17857142857142858,260.6413051503549
1_0_1_0_0_0_0_1_0_1_1_0_1_1_1_1_1_1_1_0_0_1_1_0_0_0_1_0_0_0_0_0_0_1_0_0_0_1_1_1_0_0_0_0,1,0.0017666666666666666,0.0001322455628325158,0.18877551020408162,255.27000926330786
0_0_0_0_0_0_0_1_0_1_0_0_0_0_1_0_1_1_1_0_0_0_0_0_0_0_0_0_0_0_0_0_0_1_0_0_0_0_1_1_1_1_0_1,1,0.00175,4.5460605656619544e-5,0.18877551020408162,231.54916529385613
0_0_0_0_0_0_0_1_0_1_0_0_0_0_1_0_1_1_1_0_0_1_0_0_0_0_0_0_0_0_0_0_0_1_0_0_0_0_1_1_1_1_0_1,1,0.0017366666666666667,0.00014383632673594282,0.1836734693877551,225.44779930030356
0_0_0_0_0_1_0_1_0_1_0_0_0_0_1_0_1_1_1_0_0_0_0_0_0_0_0_0_0_0_0_0_0_1_0_0_0_1_1_1_1_1_0_1,1,0.00173,9.201449161228177e-5,0.21428571428571427,244.93398744679314
0_0_0_0_0_0_0_1_0_0_0_0_0_0_1_1_1_1_1_0_0_1_0_1_0_0_0_0_0_0_0_0_0_1_0_0_0_0_1_1_1_1_0_1,1,0.001726666666666667,5.5577773335110196e-5,0.19387755102040816,275.43059163059166
0_0_0_0_0_0_0_1_0_0_0_0_1_0_1_1_1_1_1_0_0_1_1_1_0_0_0_0_0_0_0_0_0_1_0_0_0_0_1_1_1_1_0_1,1,0.0017033333333333334,3.8586123009300757e-5,0.20408163265306123,260.00443893627533
1_0_1_1_1_0_0_0_0_1_1_0_1_1_1_1_1_1_1_1_0_0_1_0_1_1_1_0_0_0_0_0_1_1_0_0_0_0_1_1_0_0_1_0,1,0.0016799999999999999,7.483314773547875e-5,0.20408163265306123,300.40402057668877
0_0_0_1_0_0_0_1_0_0_0_0_0_0_1_1_1_1_1_0_0_0_0_0_0_0_0_0_0_0_0_0_0_1_0_0_0_0_1_1_1_1_0_1,1,0.00166,0.00010708252269472675,0.17857142857142858,262.17295486807683
1_1_1_1_1_1_1_0_1_1_1_1_0_1_0_0_0_0_0_1_1_0_0_0_1_1_1_1_1_1_1_1_1_0_1_1_1_1_0_0_0_0_1_0,1,0.0016333333333333332,6.599663291074443e-5,0.20408163265306123,271.87106605711256
1_0_1_0_0_0_0_1_0_1_1_0_1_1_1_1_1_1_1_0_0_1_1_0_0_0_1_0_0_0_0_1_0_1_0_0_0_1_1_1_0_0_0_0,1,0.0016266666666666669,0.00014522013940527977,0.20408163265306123,254.24046154504376
1_0_1_0_0_1_0_1_0_1_1_0_1_1_1_1_0_1_1_0_1_0_1_1_0_0_1_1_1_1_1_0_0_1_1_1_1_1_0_0_0_0_0_0,1,0.0016200000000000001,4.242640687119286e-5,0.20918367346938777,285.4702006588799
0_0_0_0_0_0_0_1_0_0_0_1_0_0_0_0_0_0_0_0_1_1_0_1_0_0_0_1_1_1_1_1_0_1_1_1_1_0_0_0_1_1_0_1,1,0.0016166666666666666,0.00010624918300339487,0.20408163265306123,258.85534758986756
0_1_0_1_1_1_1_0_1_0_0_1_0_0_0_0_0_0_0_1_1_0_0_1_1_1_0_1_1_1_1_0_1_0_1_1_1_0_0_0_1_1_1_1,1,0.0016033333333333333,7.845734863959881e-5,0.20408163265306123,256.7245574305403
0_0_0_0_0_0_0_1_0_0_0_0_1_1_1_0_0_1_1_0_1_1_0_1_0_0_0_1_1_1_1_0_0_1_1_1_1_0_0_0_0_1_0_0,1,0.0015933333333333335,6.236095644623235e-5,0.1989795918367347,271.5023187645899
1_1_1_1_1_1_1_0_1_1_1_1_0_0_0_1_0_0_0_1_1_0_1_1_1_1_1_1_1_1_1_1_1_0_1_1_1_1_0_0_1_0_1_1,1,0.0015799999999999998,8.164965809277265e-5,0.20408163265306123,286.84128749002167
1_1_1_1_1_0_1_0_1_0_1_1_1_1_0_1_1_0_0_1_0_1_1_0_1_1_1_0_0_0_0_1_1_0_0_0_0_0_1_1_0_0_1_0,1,0.00157,5.354126134736333e-5,0.2193877551020408,245.00076965874095
0_0_0_1_0_0_0_1_0_0_0_0_0_0_1_1_1_1_1_0_0_0_0_1_0_0_0_0_0_0_0_0_0_1_0_0_0_0_1_1_1_1_0_1,1,0.0015633333333333332,8.219218670625307e-5,0.19387755102040816,253.5289132071604
0_0_0_1_0_0_0_1_0_0_0_0_1_0_1_1_1_1_1_0_0_0_1_1_0_0_0_0_0_0_0_0_0_1_0_0_0_0_1_1_1_1_0_1,1,0.0015633333333333332,0.00011469767022723497,0.20408163265306123,241.63375340624918
1_1_1_1_1_1_1_0_1_1_1_0_1_1_0_1_1_0_1_1_0_0_1_0_1_1_1_0_0_0_0_1_1_0_0_0_0_1_1_1_0_0_1_0,1,0.0015566666666666665,0.0001376791761870892,0.1989795918367347,271.37641212641216
0_0_0_0_0_0_0_1_0_0_0_1_0_0_1_0_0_1_0_0_1_1_0_1_0_0_0_1_1_1_1_0_0_1_1_1_1_0_0_0_1_1_0_1,1,0.0015500000000000002,0.00011775681155103799,0.1989795918367347,279.89349024678125
1_0_1_0_0_0_0_1_0_0_0_0_0_0_1_1_1_1_1_0_0_1_0_0_0_0_1_0_0_0_0_0_0_1_0_0_0_0_1_1_1_1_0_1,1,0.0015433333333333334,9.741092797468312e-5,0.15306122448979592,257.2629755374308
1_1_1_1_1_0_1_0_1_0_1_1_1_1_0_1_0_0_0_1_1_1_1_1_1_1_1_1_1_1_1_1_1_0_1_1_1_0_0_0_0_0_1_0,1,0.0015266666666666666,6.798692684790377e-5,0.21428571428571427,239.67190935227464
0_1_0_0_0_1_1_1_1_0_0_1_0_0_0_0_0_0_0_0_1_1_0_1_0_0_0_1_1_1_1_1_0_0_1_1_1_1_0_0_1_1_0_1,1,0.0014933333333333335,3.858612300930068e-5,0.20408163265306123,300.1656260370226
1_0_1_0_0_1_0_1_0_1_1_0_1_1_1_1_1_1_1_0_0_1_1_0_0_0_1_0_0_0_0_1_0_1_0_0_0_1_1_1_0_0_0_0,1,0.00149,4.320493798938575e-5,0.21428571428571427,294.7806607997296
0_0_0_1_0_0_0_1_0_0_0_0_1_1_1_0_0_1_1_0_1_0_0_1_0_0_0_1_1_1_1_0_0_1_1_1_1_0_0_0_0_1_0_0,1,0.0014866666666666667,0.00015107025591499552,0.1989795918367347,240.3089742044048
0_1_0_1_1_0_1_0_1_0_0_1_0_0_0_0_1_0_0_1_0_1_0_0_1_1_0_0_0_0_0_1_1_0_0_0_0_0_1_1_1_1_1_1,1,0.0014866666666666667,5.43650214343336e-5,0.20918367346938777,297.94641866070435
0_0_0_0_0_0_0_1_0_0_0_0_1_1_1_0_1_1_1_0_0_1_0_0_0_0_0_0_0_0_0_0_0_1_0_0_0_0_1_1_0_1_0_0,1,0.0014866666666666665,3.8586123009300757e-5,0.20408163265306123,281.5612422607497
1_1_1_1_1_1_1_0_1_1_1_1_0_0_0_1_1_0_0_1_0_0_1_0_1_1_1_0_0_0_0_1_1_0_0_0_0_1_1_1_1_0_1_1,1,0.0014833333333333332,9.533566430716736e-5,0.1989795918367347,270.6726415005152
0_1_0_1_1_1_1_0_1_1_1_1_1_1_0_0_0_0_0_1_1_0_1_1_1_1_0_1_1_1_1_1_1_0_1_1_1_1_0_0_0_0_1_0,1,0.0014766666666666667,0.00010143416036468622,0.15306122448979592,271.18874379276264
1_1_1_0_1_1_1_0_1_1_1_1_0_0_0_1_1_0_0_1_0_1_1_0_1_1_1_0_0_0_0_1_1_0_0_0_0_1_1_1_1_0_1_1,1,0.0014733333333333334,6.018490028422595e-5,0.1989795918367347,236.50385730631183
1_1_1_1_1_1_1_0_1_1_1_0_1_1_1_1_1_1_1_1_0_0_1_0_1_1_1_0_0_0_0_0_1_0_0_0_0_1_1_1_0_0_1_0,1,0.0014666666666666665,4.6427960923947016e-5,0.20408163265306123,253.24484779611484
0_1_0_1_1_0_1_0_1_0_0_1_0_0_0_0_0_0_0_1_1_0_0_1_1_1_0_1_1_1_1_0_1_0_1_1_1_0_0_0_1_1_1_1,1,0.0014533333333333334,1.8856180831641216e-5,0.21428571428571427,296.4007757757758
0_0_0_0_0_1_0_1_0_1_0_0_0_0_1_0_0_1_1_0_1_0_0_1_0_0_0_1_1_1_1_0_0_1_1_1_1_1_0_0_1_1_0_1,1,0.00145,4.5460605656619544e-5,0.2193877551020408,244.9973939170959
1_1_1_1_1_1_1_0_1_1_1_1_1_1_0_0_0_0_0_1_1_0_0_0_1_1_1_1_1_1_1_1_1_0_1_1_1_1_0_0_0_0_1_0,1,0.0014466666666666666,8.37987005998435e-5,0.1989795918367347,277.97030675758924
1_1_1_0_1_1_1_0_1_1_1_1_1_1_0_0_0_0_0_1_1_1_0_0_1_1_1_1_1_1_1_1_1_0_1_1_1_1_0_0_0_0_1_0,1,0.0014333333333333333,0.00015107025591499544,0.1989795918367347,240.96594117992694
0_0_0_0_0_0_0_1_1_0_0_0_0_0_0_0_0_0_0_0_1_1_0_1_0_0_0_1_1_1_1_1_0_0_1_1_1_0_0_0_1_1_0_1,1,0.00143,7.788880963698609e-5,0.20408163265306123,264.16280239234646
1_1_1_0_1_1_1_0_0_1_1_1_1_1_0_1_0_0_1_1_1_0_1_1_1_1_1_1_1_1_1_1_1_1_1_1_1_1_0_0_0_0_0_0,1,0.0014266666666666666,7.586537784494028e-5,0.18877551020408162,326.0937515132146
0_0_0_1_0_0_0_1_0_0_0_0_1_1_1_0_1_1_1_0_0_0_0_0_0_0_0_0_0_0_0_0_0_1_0_0_0_0_1_1_0_1_0_0,1,0.001423333333333333,0.00012119772641798558,0.20408163265306123,239.0961195397784
0_0_0_1_0_0_0_1_1_0_0_0_0_0_1_0_1_1_0_0_0_1_0_0_0_0_0_0_0_0_0_0_0_0_0_0_0_0_1_1_1_1_1_1,1,0.001423333333333333,8.730533902472526e-5,0.18877551020408162,346.53246753246754
1_0_1_1_0_0_0_1_0_0_0_0_0_0_1_1_1_1_1_0_0_0_0_0_0_0_1_0_0_0_0_0_0_1_0_0_0_0_1_1_1_1_0_1,1,0.0014099999999999998,8.485281374238562e-5,0.15306122448979592,248.67247639796656
0_0_0_0_0_0_0_1_0_0_0_0_0_0_1_1_1_1_1_0_0_1_1_1_0_0_0_0_0_0_0_0_0_1_0_0_0_0_1_1_1_1_0_1,1,0.0014,7.118052168020876e-5,0.1989795918367347,271.7968085313976
0_1_0_0_1_1_1_0_1_1_1_1_1_1_0_0_0_0_0_1_1_1_1_1_1_1_0_1_1_1_1_1_1_0_1_1_1_1_0_0_0_0_1_0,1,0.0013966666666666667,9.809292646374774e-5,0.15306122448979592,243.95633164521016
1_1_1_0_1_1_1_0_1_1_1_1_1_1_0_0_0_0_0_1_1_1_1_0_1_1_1_1_1_1_1_1_1_0_1_1_1_1_0_0_0_0_1_0,1,0.0013933333333333332,0.0001461354014452199,0.19387755102040816,242.01679586563307
0_0_0_1_0_0_0_1_0_0_0_0_0_0_1_1_1_1_1_0_0_0_1_1_0_0_0_0_0_0_0_0_0_1_0_0_0_0_1_1_1_1_0_1,1,0.00139,0.00011430952132988164,0.1989795918367347,248.60653554927126
1_1_1_1_1_1_1_0_0_1_1_1_1_1_1_1_1_1_1_1_0_0_1_0_1_1_1_0_0_0_0_0_1_1_0_0_0_1_1_1_0_0_1_0,1,0.00138,8.286535263104038e-5,0.20408163265306123,260.6837101679025
1_1_1_0_1_1_1_0_1_1_1_1_0_1_0_0_0_0_0_1_1_1_0_0_1_1_1_1_1_1_1_1_1_0_1_1_1_1_0_0_0_0_1_0,1,0.0013766666666666667,0.00014884742374510733,0.20408163265306123,243.52252367578728
0_1_0_1_1_1_1_0_1_0_0_1_0_0_0_0_1_0_0_1_0_0_0_0_1_1_0_0_0_0_0_1_1_0_0_0_0_0_1_1_1_1_1_1,1,0.0013300000000000002,5.71547606649408e-5,0.19387755102040816,256.04692286271234
1_0_1_0_0_0_0_1_0_1_0_0_0_0_1_0_1_1_1_0_0_0_0_0_0_0_1_0_0_0_0_0_0_1_0_0_0_0_1_1_1_1_0_1,1,0.0013299999999999998,7.788880963698615e-5,0.16326530612244897,222.62877937137102
1_0_1_0_0_0_0_1_0_1_1_0_1_1_1_1_0_1_1_0_1_1_1_1_0_0_1_1_1_1_1_0_0_1_1_1_1_1_0_0_0_0_0_0,1,0.0013266666666666667,0.00011323525167642022,0.19387755102040816,253.72429656256296
0_1_0_1_1_1_1_0_1_0_1_1_1_1_0_1_0_0_0_1_1_1_1_1_1_1_0_1_1_1_1_1_1_0_1_1_1_1_0_0_0_0_1_0,1,0.0013033333333333332,7.845734863959882e-5,0.16326530612244897,225.80909817600465
1_1_1_1_1_1_1_0_1_1_1_0_1_1_0_1_1_0_0_1_0_0_1_0_1_1_1_0_0_0_0_1_1_0_0_0_0_1_1_1_0_0_1_0,1,0.0013,7.071067811865474e-5,0.20408163265306123,253.22095238095235
1_0_1_0_0_0_0_1_0_1_0_0_0_0_1_0_1_1_1_0_0_1_0_0_0_0_1_0_0_0_0_0_0_1_0_0_0_0_1_1_1_1_0_1,1,0.0012733333333333331,0.00012657891697365022,0.15816326530612246,212.44282948023104
0_1_0_1_1_1_1_0_1_0_1_1_1_1_0_1_0_0_0_1_1_0_1_1_1_1_0_1_1_1_1_1_1_0_1_1_1_1_0_0_0_0_1_0,1,0.0012666666666666666,8.055363982396382e-5,0.15816326530612246,219.58220479923975
0_0_0_0_0_0_0_1_0_1_0_0_0_0_1_0_1_1_1_0_0_1_0_0_0_0_0_0_0_0_0_0_0_1_0_0_0_1_1_1_1_1_0_1,1,0.0012533333333333335,2.054804667656331e-5,0.1989795918367347,248.80378218157182
0_1_0_1_1_0_1_0_1_0_0_1_0_0_0_0_1_0_0_1_0_0_0_0_1_1_0_0_0_0_0_0_1_0_0_0_0_0_1_1_1_1_1_1,1,0.0012533333333333335,0.00012256517540566825,0.2193877551020408,295.2814630550949
1_1_1_0_1_1_1_0_0_1_1_1_1_1_0_1_0_0_1_1_1_1_1_1_1_1_1_1_1_1_1_1_1_1_1_1_1_1_0_0_0_0_1_0,1,0.00125,9.933109617167555e-5,0.20408163265306123,300.5426226318151
1_1_1_0_1_1_1_0_1_1_1_1_0_0_0_1_0_0_0_1_1_1_1_1_1_1_1_1_1_1_1_1_1_0_1_1_1_1_0_0_1_0_1_1,1,0.00125,0.00017281975195754292,0.20408163265306123,240.6944543118424
1_0_1_1_1_1_0_0_0_1_1_0_1_1_1_1_1_1_1_1_0_0_1_0_1_1_1_0_0_0_0_0_1_1_0_0_0_1_1_1_0_0_1_0,1,0.0012466666666666665,5.2493385826745445e-5,0.20918367346938777,268.55973671137605
1_1_1_0_1_1_1_0_0_1_1_1_1_1_0_1_1_0_0_1_0_1_1_0_1_1_1_0_0_0_0_1_1_1_0_0_0_1_1_1_0_0_0_0,1,0.0012366666666666665,9.177266598624143e-5,0.19387755102040816,257.80414616187204
0_1_0_1_1_1_1_0_1_0_1_1_1_1_0_1_1_0_0_1_0_1_1_0_1_1_0_0_0_0_0_1_1_0_0_0_0_1_1_1_0_0_1_0,1,0.0012366666666666665,6.236095644623235e-5,0.1683673469387755,215.66149090739256
1_1_1_1_1_1_1_0_1_0_1_1_1_1_0_1_0_0_0_1_1_0_1_1_1_1_1_1_1_1_1_1_1_0_1_1_1_0_0_0_0_0_1_0,1,0.0012266666666666667,9.741092797468305e-5,0.1989795918367347,257.6408135782151
0_1_0_0_0_0_1_1_1_0_0_1_0_0_0_0_0_0_0_0_1_1_0_1_0_0_0_1_1_1_1_1_0_0_1_1_1_0_0_0_1_1_0_1,1,0.0012266666666666665,7.717224601860154e-5,0.20918367346938777,263.73010785510786
1_0_1_1_0_0_0_1_0_0_0_0_0_0_1_1_1_1_1_0_0_0_1_0_0_0_1_0_0_0_0_0_0_1_0_0_0_0_1_1_1_1_0_1,1,0.0012033333333333332,6.12825877028342e-5,0.15816326530612246,238.59849741887908
0_1_0_0_0_0_0_1_0_0_0_1_0_0_0_0_0_0_0_0_1_1_0_1_0_0_0_1_1_1_1_1_0_1_1_1_1_1_0_0_1_1_0_1,1,0.0011966666666666664,0.00014839886193034713,0.20918367346938777,301.1069340016708
0_0_0_0_0_0_0_1_0_0_0_1_0_0_1_0_0_1_1_0_1_1_0_1_0_0_0_1_1_1_1_0_0_1_1_1_1_0_0_0_1_1_0_1,1,0.0011933333333333334,3.091206165165233e-5,0.20408163265306123,238.64570803610525
1_0_1_0_0_1_0_1_0_1_1_0_1_1_1_1_0_1_1_0_1_1_1_1_0_0_1_1_1_1_1_1_0_1_1_1_1_1_0_0_0_0_0_0,1,0.0011833333333333333,1.2472191289246406e-5,0.2193877551020408,290.15540344777634
0_0_0_0_0_0_0_1_0_1_0_0_0_0_1_0_0_1_1_0_1_1_0_1_0_0_0_1_1_1_1_0_0_1_1_1_1_1_0_0_1_1_0_1,1,0.0011833333333333333,8.379870059984359e-5,0.20408163265306123,247.99815196499682
0_1_0_1_1_1_1_0_1_0_1_1_1_1_0_1_1_0_0_1_0_0_1_0_1_1_0_0_0_0_0_1_1_0_0_0_0_1_1_1_0_0_1_0,1,0.0011733333333333333,9.568466729604888e-5,0.16326530612244897,211.88197655410772
1_0_1_0_0_0_0_1_0_1_0_0_0_0_1_0_0_1_1_0_1_0_0_1_0_0_1_1_1_1_1_0_0_1_1_1_1_0_0_0_1_1_0_1,1,0.0011733333333333333,6.018490028422592e-5,0.1683673469387755,218.45521618060218
1_0_1_0_0_0_0_1_0_1_0_0_0_0_1_0_0_1_1_0_1_1_0_1_0_0_1_1_1_1_1_0_0_1_1_1_1_0_0_0_1_1_0_1,1,0.00117,7.071067811865474e-5,0.16326530612244897,211.671773658138
1_1_1_1_1_1_1_0_1_0_1_1_1_1_0_1_1_0_0_1_0_0_1_0_1_1_1_0_0_0_0_1_1_0_0_0_0_0_1_1_0_0_1_0,1,0.0011666666666666668,1.2472191289246504e-5,0.20408163265306123,248.44647884662626
0_1_0_0_1_1_1_0_1_1_1_1_1_1_0_0_0_0_0_1_1_1_0_1_1_1_0_1_1_1_1_1_1_0_1_1_1_1_0_0_0_0_1_0,1,0.0011633333333333333,7.845734863959882e-5,0.15816326530612246,236.09409657818995
0_1_0_1_1_1_1_0_1_0_0_1_0_0_0_0_1_0_0_1_0_0_0_0_1_1_0_0_0_0_0_0_1_0_0_0_0_0_1_1_1_1_1_1,1,0.0011633333333333333,9.672412085697934e-5,0.20918367346938777,264.21411004897243
0_0_0_1_0_0_0_1_1_0_0_0_0_0_1_0_0_1_1_0_1_0_0_1_0_0_0_1_1_1_1_0_0_0_1_1_1_0_0_0_1_1_1_1,1,0.00116,8.831760866327853e-5,0.19387755102040816,266.85355957767723
0_0_0_1_0_0_0_1_1_0_0_0_0_0_1_0_1_1_0_0_0_0_0_0_0_0_0_0_0_0_0_0_0_0_0_0_0_0_1_1_1_1_0_1,1,0.0011466666666666667,2.494438257849301e-5,0.20408163265306123,298.8700741967914
1_0_1_1_1_1_1_0_1_1_1_0_1_1_1_1_1_1_1_1_0_0_1_0_1_1_1_0_0_0_0_0_1_0_0_0_0_0_1_1_0_0_1_0,1,0.0011233333333333332,9.809292646374774e-5,0.20918367346938777,296.3744885336378
1_0_1_1_1_0_0_0_0_1_1_0_1_1_1_1_0_1_1_0_1_0_1_0_0_0_1_1_1_1_1_0_1_1_1_1_1_1_0_0_0_0_0_0,1,0.0011133333333333334,4.1899350299921794e-5,0.23469387755102042,308.2822570299206
0_1_0_0_0_1_1_1_1_0_0_1_0_0_0_0_1_0_0_1_0_1_0_1_1_1_0_0_0_0_0_1_0_0_0_0_0_0_1_1_1_1_1_1,1,0.0011066666666666666,0.0002156128217172831,0.23469387755102042,292.7588822079677
0_1_0_0_0_0_1_1_1_0_0_1_0_0_0_0_0_0_0_0_1_0_0_1_0_0_0_1_1_1_1_0_0_0_1_1_1_0_0_0_1_1_0_1,1,0.0010866666666666666,4.988876515698584e-5,0.2193877551020408,300.3747693654814
1_0_1_0_0_0_0_1_0_1_1_0_1_1_1_1_0_1_1_0_1_1_1_1_0_0_1_1_1_1_1_1_0_1_1_1_1_1_0_0_0_0_0_0,1,0.0010833333333333333,9.97775303139718e-5,0.20918367346938777,257.5939769933578
1_0_1_1_1_1_0_0_0_1_1_0_1_1_1_1_1_1_1_1_0_1_1_0_1_1_1_0_0_0_0_1_1_1_0_0_0_1_1_1_0_0_1_0,1,0.00107,0.0001235583532856709,0.2193877551020408,279.22028585061645
0_0_0_0_0_0_0_1_0_0_0_0_1_1_1_1_0_1_1_0_1_1_1_1_0_0_0_1_1_1_1_0_0_1_1_1_1_0_0_0_0_1_0_1,1,0.00106,6.164414002968976e-5,0.1989795918367347,231.02340133803912
0_1_0_1_1_1_1_0_1_1_1_1_1_1_0_0_0_0_0_1_1_0_0_1_1_1_0_1_1_1_1_1_1_0_1_1_1_1_0_0_0_0_1_0,1,0.0010566666666666667,3.299831645537223e-5,0.15816326530612246,250.26542738307447
1_0_1_1_0_0_0_1_0_0_0_0_0_0_1_1_1_1_1_0_0_0_0_1_0_0_1_0_0_0_0_0_0_1_0_0_0_0_1_1_1_1_0_1,1,0.00105,7.788880963698613e-5,0.1683673469387755,240.2811454849498
0_1_0_1_1_1_1_0_1_1_1_1_1_1_0_0_0_0_0_1_1_0_1_0_1_1_0_1_1_1_1_1_1_0_1_1_1_1_0_0_0_0_1_0,1,0.00105,9.626352718795766e-5,0.1683673469387755,239.70101986044014
0_0_0_0_0_0_0_1_0_0_0_0_1_0_1_1_0_1_1_0_1_1_0_1_0_0_0_1_1_1_1_0_0_1_1_1_1_0_0_0_1_1_0_1,1,0.0010400000000000001,3.7416573867739416e-5,0.18877551020408162,265.9153291173065
1_0_1_1_1_0_0_0_0_1_1_0_1_1_1_1_0_1_1_1_1_0_1_1_1_1_1_1_1_1_1_0_1_1_1_1_1_0_0_0_0_0_1_0,1,0.0010133333333333333,8.178562764256869e-5,0.20918367346938777,322.97012914659973
0_1_0_0_1_1_1_0_1_1_1_1_1_1_0_0_0_0_0_1_1_1_1_0_1_1_0_1_1_1_1_1_1_0_1_1_1_1_0_0_0_0_1_0,1,0.0010099999999999998,8.83176086632785e-5,0.1683673469387755,238.69379403368166
0_0_0_0_0_0_0_1_1_0_0_0_0_0_1_0_0_1_0_0_1_1_0_1_0_0_0_1_1_1_1_0_0_0_1_1_1_0_0_0_1_1_0_1,1,0.0010099999999999998,8.64098759787715e-5,0.1989795918367347,291.9653578505243
1_0_1_0_0_0_0_1_0_0_0_0_0_0_1_1_1_1_1_0_0_1_1_0_0_0_1_0_0_0_0_0_0_1_0_0_0_0_1_1_1_1_0_1,1,0.0010099999999999998,0.0001061445555206044,0.15816326530612246,255.30271541721652
1_0_1_0_0_0_0_1_0_0_0_0_0_0_1_1_1_1_1_0_0_1_0_1_0_0_1_0_0_0_0_0_0_1_0_0_0_0_1_1_1_1_0_1,1,0.0010066666666666668,4.02768199119819e-5,0.1683673469387755,250.42652935550225
1_1_1_1_1_1_1_0_1_1_1_1_0_0_0_0_1_0_0_1_0_0_0_0_1_1_1_0_0_0_0_1_1_0_0_0_0_1_1_1_1_0_1_0,1,0.0010033333333333333,8.653836657164785e-5,0.1989795918367347,234.75662774473085
1_1_1_1_1_1_1_0_1_1_1_1_0_1_0_0_1_0_0_1_0_0_1_0_1_1_1_0_0_0_0_1_1_0_0_0_0_1_1_1_0_0_1_0,1,0.0009999999999999998,3.741657386773938e-5,0.18877551020408162,264.37409307732395
1_1_1_0_1_1_1_0_1_1_1_1_0_0_0_0_1_0_0_1_0_1_0_0_1_1_1_0_0_0_0_1_1_0_0_0_0_1_1_1_1_0_1_0,1,0.0009733333333333333,9.672412085697943e-5,0.1989795918367347,219.36436436436438
1_1_1_1_1_1_1_0_0_1_1_1_1_1_0_1_1_0_1_1_0_0_1_0_1_1_1_0_0_0_0_1_1_1_0_0_0_1_1_1_0_0_1_0,1,0.00097,0.00018184242262647812,0.1989795918367347,284.52475208883726
0_1_0_0_0_1_1_1_1_0_0_1_0_0_0_0_1_0_0_0_0_1_0_0_0_0_0_0_0_0_0_1_0_0_0_0_0_1_1_1_1_1_0_1,1,0.0009666666666666666,5.436502143433368e-5,0.20918367346938777,316.3527978640561
0_0_0_0_0_0_0_1_0_0_0_1_0_0_1_0_0_1_1_0_1_0_0_1_0_0_0_1_1_1_1_0_0_1_1_1_1_0_0_0_1_1_0_1,1,0.0009666666666666666,1.6996731711975944e-5,0.20918367346938777,236.6838339535708
0_0_0_0_0_0_0_1_0_1_0_0_0_0_1_0_0_1_1_0_1_1_0_1_0_0_0_1_1_1_1_1_0_1_1_1_1_1_0_0_1_1_0_1,1,0.00096,0.00015937377450509226,0.2193877551020408,247.1088332664921
0_0_0_0_0_0_0_1_0_1_0_0_0_0_1_0_1_1_1_0_0_1_0_0_0_0_0_0_0_0_0_1_0_1_0_0_0_1_1_1_1_1_0_1,1,0.0009599999999999999,8.981462390204987e-5,0.21428571428571427,251.66944215380855
1_1_1_0_1_1_1_0_1_1_1_1_0_1_0_0_1_0_0_1_0_1_1_0_1_1_1_0_0_0_0_1_1_0_0_0_0_1_1_1_0_0_1_0,1,0.0009366666666666667,4.189935029992175e-5,0.18877551020408162,242.57443934511605
0_1_0_0_0_0_0_1_0_0_0_1_0_0_0_0_1_0_0_0_0_1_0_0_0_0_0_0_0_0_0_1_0_1_0_0_0_1_1_1_1_1_0_1,1,0.0009299999999999999,8.524474568362945e-5,0.21428571428571427,309.59371958790564
0_0_0_1_0_0_0_1_0_0_0_0_1_1_1_1_0_1_1_0_1_0_1_1_0_0_0_1_1_1_1_0_0_1_1_1_1_0_0_0_0_1_0_1,1,0.0009299999999999999,6.683312551921144e-5,0.1989795918367347,213.8018320029264
1_0_1_1_1_1_1_0_1_1_1_0_1_1_1_1_0_1_1_1_1_0_1_1_1_1_1_1_1_1_1_0_1_0_1_1_1_0_0_0_0_0_1_0,1,0.0009266666666666667,3.681787005729088e-5,0.21428571428571427,309.8987967469843
1_1_1_1_1_1_1_0_1_0_1_1_1_1_0_1_0_0_0_1_1_0_1_1_1_1_1_1_1_1_1_0_1_0_1_1_1_0_0_0_0_0_1_0,1,0.0009233333333333333,5.557777333511023e-5,0.21428571428571427,245.89578544061305
1_0_1_1_0_0_0_1_0_0_0_0_1_0_1_1_1_1_1_0_0_0_1_0_0_0_1_0_0_0_0_0_0_1_0_0_0_0_1_1_1_1_0_1,1,0.0009200000000000001,4.5460605656619504e-5,0.17346938775510204,239.32153232645842
0_0_0_1_0_0_0_1_0_0_0_0_1_0_1_1_0_1_1_0_1_0_0_1_0_0_0_1_1_1_1_0_0_1_1_1_1_0_0_0_1_1_0_1,1,0.0009166666666666668,4.109609335312653e-5,0.18877551020408162,237.797080274862
1_1_1_1_1_1_1_0_1_1_1_1_0_0_0_0_0_0_0_1_1_0_0_1_1_1_1_1_1_1_1_1_1_0_1_1_1_1_0_0_1_0_1_0,1,0.0008966666666666666,4.189935029992176e-5,0.20408163265306123,237.69841269841268
0_1_0_1_1_1_1_0_1_1_1_1_0_1_0_0_0_0_0_1_1_0_0_1_1_1_0_1_1_1_1_1_1_0_1_1_1_1_0_0_0_0_1_0,1,0.0008866666666666667,7.58653778449403e-5,0.17346938775510204,244.7741500152366
1_1_1_1_1_0_1_0_1_0_1_1_1_1_0_1_0_0_0_1_1_0_1_1_1_1_1_1_1_1_1_0_1_0_1_1_1_0_0_0_0_0_1_0,1,0.0008833333333333333,4.189935029992175e-5,0.22448979591836735,240.00876334882204
0_0_0_1_0_0_0_1_0_0_0_0_1_1_1_1_1_1_1_0_0_0_1_0_0_0_0_0_0_0_0_0_0_1_0_0_0_0_1_1_0_1_0_1,1,0.0008833333333333333,0.00017172329163188345,0.20408163265306123,206.62744073596
1_1_1_1_1_1_1_0_1_1_1_0_1_1_0_1_1_0_0_1_0_1_1_0_1_1_1_0_0_0_0_1_1_0_0_0_0_1_1_1_0_0_1_0,1,0.00088,5.7154760664940834e-5,0.20918367346938777,258.719323371919
0_0_0_1_0_0_0_1_1_0_0_0_0_0_1_0_1_1_0_0_0_1_0_1_0_0_0_0_0_0_0_0_0_0_0_0_0_0_1_1_1_1_1_1,1,0.0008733333333333333,7.58653778449403e-5,0.20408163265306123,287.03129034707985
0_0_0_0_0_0_0_1_0_0_0_1_0_0_1_0_1_1_0_0_0_1_0_0_0_0_0_0_0_0_0_0_0_1_0_0_0_0_1_1_1_1_0_1,1,0.0008633333333333332,2.6246692913372692e-5,0.20408163265306123,280.72798008092127
0_1_0_0_1_1_1_0_1_1_1_1_0_1_0_0_0_0_0_1_1_1_0_1_1_1_0_1_1_1_1_1_1_0_1_1_1_1_0_0_0_0_1_0,1,0.0008533333333333334,9.428090415820608e-6,0.17346938775510204,224.09745293466224
0_0_0_0_0_1_0_1_0_1_0_0_0_0_1_0_1_1_1_0_0_1_0_0_0_0_0_0_0_0_0_0_0_1_0_0_0_1_1_1_1_1_0_1,1,0.0008500000000000001,5.3541261347363375e-5,0.20918367346938777,237.76187636652753
0_0_0_0_0_0_0_1_0_0_0_0_1_1_1_1_1_1_1_0_0_1_1_0_0_0_0_0_0_0_0_0_0_1_0_0_0_0_1_1_0_1_0_1,1,0.0008466666666666666,6.84754619472471e-5,0.20408163265306123,231.60158135663755
1_0_1_1_1_1_1_0_0_1_1_0_1_1_1_1_1_1_1_1_0_0_1_0_1_1_1_0_0_0_0_0_1_1_0_0_0_1_1_1_0_0_1_0,1,0.00084,0.00012355835328567094,0.21428571428571427,251.92149647454198
1_1_1_1_1_0_1_0_1_0_1_1_1_1_0_1_1_0_0_1_0_0_1_0_1_1_1_0_0_0_0_0_1_0_0_0_0_0_1_1_0_0_1_0,1,0.0008266666666666666,6.18241233033047e-5,0.22959183673469388,227.455026379445
1_1_1_0_1_1_1_0_1_1_1_1_0_0_0_0_0_0_0_1_1_1_0_1_1_1_1_1_1_1_1_1_1_0_1_1_1_1_0_0_1_0_1_0,1,0.0008266666666666666,3.681787005729088e-5,0.20408163265306123,214.88097393996853
1_1_1_1_1_0_1_0_1_0_1_1_1_1_0_1_0_0_0_1_1_0_1_1_1_1_1_1_1_1_1_1_1_0_1_1_1_0_0_0_0_0_1_0,1,0.0008233333333333334,6.0184900284225965e-5,0.20918367346938777,236.77111335934865
1_1_1_1_1_1_1_0_1_0_1_1_1_1_0_1_1_0_0_1_0_0_1_0_1_1_1_0_0_0_0_0_1_0_0_0_0_0_1_1_0_0_1_0,1,0.0008166666666666666,7.586537784494028e-5,0.2193877551020408,242.5762538585991
0_0_0_0_0_0_0_1_1_0_0_0_0_0_1_0_0_1_1_0_1_1_0_1_0_0_0_1_1_1_1_0_0_0_1_1_1_0_0_0_1_1_0_1,1,0.0007933333333333334,0.00010208928554075703,0.20408163265306123,244.88456178107808
1_1_1_0_1_1_1_0_0_1_1_1_1_1_0_1_0_0_1_1_1_0_1_0_1_1_1_1_1_1_1_1_1_1_1_1_1_1_0_0_0_0_0_0,1,0.00078,4.3204937989385716e-5,0.20408163265306123,273.34631887985546
1_1_1_1_1_1_1_0_1_1_1_0_1_1_0_1_0_0_1_1_1_0_1_1_1_1_1_1_1_1_1_1_1_0_1_1_1_1_0_0_0_0_1_0,1,0.0007766666666666667,4.189935029992175e-5,0.20408163265306123,283.12286313791407
1_0_1_0_0_0_0_1_0_0_0_0_1_0_1_1_1_1_1_0_0_1_1_0_0_0_1_0_0_0_0_0_0_1_0_0_0_0_1_1_1_1_0_1,1,0.0007733333333333333,7.717224601860151e-5,0.17346938775510204,244.39671814671814
0_1_0_1_1_1_1_0_1_1_1_1_1_1_0_0_0_0_0_1_1_0_0_0_1_1_0_1_1_1_1_1_1_0_1_1_1_1_0_0_0_0_1_0,1,0.0007666666666666667,6.944222218666553e-5,0.17346938775510204,246.6901261763472
1_1_1_0_1_1_1_0_0_1_1_1_1_1_0_0_1_0_0_1_0_1_1_0_1_1_1_0_0_0_0_1_1_1_0_0_0_1_1_1_0_0_0_0,1,0.0007566666666666668,1.6996731711975944e-5,0.22448979591836735,323.33961653961654
0_0_0_0_0_1_0_1_0_1_0_0_0_0_1_0_0_1_1_0_1_1_0_1_0_0_0_1_1_1_1_1_0_1_1_1_1_1_0_0_1_1_0_1,1,0.0007500000000000001,2.1602468994692875e-5,0.22959183673469388,228.28349424239835
1_1_1_1_1_0_1_0_1_0_1_1_1_1_0_1_1_0_0_1_0_0_1_0_1_1_1_0_0_0_0_1_1_0_0_0_0_0_1_1_0_0_1_0,1,0.0007500000000000001,2.4494897427831758e-5,0.21428571428571427,231.00227920227917
0_0_0_0_0_1_0_1_0_1_0_0_0_0_1_0_1_1_1_0_0_1_0_0_0_0_0_0_0_0_0_1_0_1_0_0_0_1_1_1_1_1_0_1,1,0.0007366666666666667,7.318166133366718e-5,0.22448979591836735,241.4581049811229
0_1_0_1_1_1_1_0_1_1_1_1_0_1_0_0_0_0_0_1_1_0_0_0_1_1_0_1_1_1_1_1_1_0_1_1_1_1_0_0_0_0_1_0,1,0.0007366666666666666,5.436502143433363e-5,0.18877551020408162,245.54667554667557
0_0_0_0_0_1_0_1_0_1_0_0_0_0_1_0_0_1_1_0_1_1_0_1_0_0_0_1_1_1_1_0_0_1_1_1_1_1_0_0_1_1_0_1,1,0.0007333333333333333,7.318166133366715e-5,0.21428571428571427,223.45898826911488
1_1_1_1_1_1_1_0_1_1_1_0_1_1_1_1_0_1_1_1_1_0_1_1_1_1_1_1_1_1_1_0_1_0_1_1_1_1_0_0_0_0_1_0,1,0.0007333333333333333,7.930251502246881e-5,0.20918367346938777,240.20628901614816
1_1_1_1_1_1_1_0_0_1_1_1_1_1_0_1_1_0_0_1_0_0_1_0_1_1_1_0_0_0_0_1_1_1_0_0_0_1_1_1_0_0_1_0,1,0.0007266666666666667,6.34209919681348e-5,0.20408163265306123,255.0711409985935
0_1_0_0_1_1_1_0_1_1_1_1_1_1_0_0_0_0_0_1_1_1_0_0_1_1_0_1_1_1_1_1_1_0_1_1_1_1_0_0_0_0_1_0,1,0.0007266666666666666,4.714045207910278e-6,0.17346938775510204,222.59766615931002
1_1_1_1_1_1_1_0_0_1_1_1_1_1_1_1_0_1_1_1_1_0_1_1_1_1_1_1_1_1_1_0_1_1_1_1_1_1_0_0_0_0_1_0,1,0.0007233333333333333,8.339997335464537e-5,0.20918367346938777,253.8283415930475
0_0_0_1_0_0_0_1_1_0_0_0_0_0_1_1_0_1_1_0_1_0_0_1_0_0_0_1_1_1_1_0_0_0_1_1_1_0_0_0_1_1_1_1,1,0.0007166666666666667,6.34209919681348e-5,0.22448979591836735,294.4428494428494
0_1_0_1_1_0_1_0_1_0_0_1_0_0_0_0_0_0_0_1_1_0_0_1_1_1_0_1_1_1_1_1_1_0_1_1_1_0_0_0_1_1_1_1,1,0.0007066666666666666,6.649979114420003e-5,0.1989795918367347,244.47990815154995
0_1_0_0_1_1_1_0_1_1_1_1_0_1_0_0_0_0_0_1_1_1_0_0_1_1_0_1_1_1_1_1_1_0_1_1_1_1_0_0_0_0_1_0,1,0.0007066666666666666,9.030811456096041e-5,0.18877551020408162,226.4251586803376
1_0_1_1_0_0_0_1_0_0_0_0_1_0_1_1_1_1_1_0_0_0_1_1_0_0_1_0_0_0_0_0_0_1_0_0_0_0_1_1_1_1_0_1,1,0.0007000000000000001,5.715476066494082e-5,0.18877551020408162,235.63677517552904
0_0_0_1_0_0_0_1_1_0_0_0_0_0_1_0_1_1_1_0_0_0_0_0_0_0_0_0_0_0_0_0_0_0_0_0_0_0_1_1_1_1_1_1,1,0.0007,9.201449161228172e-5,0.1989795918367347,274.0164925575317
0_1_0_0_0_0_0_1_1_0_0_1_0_0_0_0_0_0_0_0_1_1_0_1_0_0_0_1_1_1_1_1_0_0_1_1_1_0_0_0_1_1_0_1,1,0.0007,7.874007874011809e-5,0.21428571428571427,245.48260381593715
0_0_0_1_0_0_0_1_1_0_0_0_0_0_0_1_0_0_0_0_1_1_0_1_0_0_0_1_1_1_1_1_0_0_1_1_1_0_0_0_1_1_1_1,1,0.0006933333333333335,4.784233364802444e-5,0.22959183673469388,361.2636211654279
1_1_1_1_1_1_1_0_1_1_1_1_1_0_0_0_1_0_0_1_0_0_1_0_1_1_1_0_0_0_0_1_1_0_0_0_0_1_1_1_1_0_1_0,1,0.0006933333333333335,4.496912521077346e-5,0.1989795918367347,235.3254330651591
0_0_0_0_0_0_0_1_0_0_0_0_0_1_1_1_0_1_1_0_1_1_0_1_0_0_0_1_1_1_1_0_0_1_1_1_1_0_0_0_0_1_0_1,1,0.0006866666666666667,7.133644853010899e-5,0.1989795918367347,236.743936709762
1_1_1_0_1_1_1_0_0_1_1_1_1_1_1_0_1_1_1_1_0_0_1_0_1_1_1_0_0_0_0_0_1_1_0_0_0_1_1_1_0_0_0_0,1,0.00068,8.164965809277238e-6,0.22959183673469388,338.373573309921
0_0_0_0_0_0_0_1_1_0_0_0_1_1_0_0_1_0_1_0_0_1_0_0_0_0_0_0_0_0_0_1_0_0_0_0_0_0_1_1_0_0_0_0,1,0.0006766666666666667,2.624669291337267e-5,0.2653061224489796,326.6659981021394
0_0_0_1_0_0_0_1_1_0_0_0_0_0_1_0_1_1_0_0_0_0_0_1_0_0_0_0_0_0_0_0_0_0_0_0_0_0_1_1_1_1_0_1,1,0.00067,5.65685424949238e-5,0.2193877551020408,276.1417989417989
1_0_1_0_0_0_0_1_0_1_1_0_1_1_1_1_0_1_1_0_1_1_1_0_0_0_1_1_1_1_1_0_0_1_1_1_1_0_0_0_0_0_0_0,1,0.0006666666666666666,1.8856180831641267e-5,0.19387755102040816,220.5974264705882
1_0_1_0_0_0_0_1_0_1_1_0_1_1_1_1_0_1_1_0_1_0_1_0_0_0_1_1_1_1_1_0_0_1_1_1_1_0_0_0_0_0_0_0,1,0.0006633333333333334,6.798692684790379e-5,0.1989795918367347,231.89485526402862
1_1_1_0_1_1_1_0_0_1_1_1_1_1_0_1_0_0_0_1_1_1_1_1_1_1_1_1_1_1_1_1_1_1_1_1_1_1_0_0_0_0_0_0,1,0.00066,7.348469228349536e-5,0.1989795918367347,263.54587985114307
1_0_1_0_0_0_0_1_0_0_0_0_1_0_1_1_1_1_1_0_0_1_1_1_0_0_1_0_0_0_0_0_0_1_0_0_0_0_1_1_1_1_0_1,1,0.00066,7.788880963698615e-5,0.18877551020408162,240.6241048987528
1_1_1_1_1_1_1_0_1_1_1_1_1_0_0_0_0_0_0_1_1_0_1_1_1_1_1_1_1_1_1_1_1_0_1_1_1_1_0_0_1_0_1_0,1,0.0006566666666666666,2.6246692913372722e-5,0.20408163265306123,238.00598525399565
1_0_1_0_0_0_0_1_0_0_0_0_0_0_1_1_1_1_1_0_0_1_1_1_0_0_1_0_0_0_0_0_0_1_0_0_0_0_1_1_1_1_0_1,1,0.0006533333333333333,4.7140452079103295e-6,0.17346938775510204,237.96037296037298
0_1_0_1_1_1_1_0_1_0_0_1_0_0_0_0_1_0_0_1_0_1_0_1_1_1_0_0_0_0_0_1_1_0_0_0_0_0_1_1_1_1_1_1,1,0.00065,0.00010984838035522722,0.21428571428571427,225.037973082372
1_0_1_1_0_0_0_1_0_0_0_0_0_0_1_1_1_1_1_0_0_0_1_1_0_0_1_0_0_0_0_0_0_1_0_0_0_0_1_1_1_1_0_1,1,0.0006466666666666666,6.236095644623233e-5,0.17346938775510204,225.40773481491476
0_0_0_0_0_0_0_1_0_0_0_1_0_0_0_0_1_0_0_0_0_1_0_0_0_0_0_0_0_0_0_1_0_1_0_0_0_0_1_1_1_1_0_1,1,0.0006466666666666666,0.00010498677165349081,0.20918367346938777,240.03500643500647
1_0_1_0_0_0_0_1_0_1_1_0_1_1_1_1_0_1_1_0_1_0_1_0_0_0_1_1_1_1_1_0_0_1_1_1_1_1_0_0_0_0_0_0,1,0.0006466666666666666,4.189935029992176e-5,0.21428571428571427,230.27061328093018
0_1_0_1_1_1_1_0_1_0_0_1_0_0_0_0_1_0_0_1_0_1_0_1_1_1_0_0_0_0_0_1_1_0_0_0_0_1_1_1_1_1_1_1,1,0.0006433333333333333,0.00012552113589175154,0.1989795918367347,233.86963343317643
1_1_1_1_1_1_1_0_0_1_1_1_0_0_1_1_1_1_0_1_0_0_1_0_1_1_1_0_0_0_0_0_1_1_0_0_0_1_1_1_1_1_1_1,1,0.0006366666666666666,4.496912521077349e-5,0.2602040816326531,338.28298204527715
0_0_0_0_0_0_0_1_1_0_0_0_1_1_0_0_0_0_1_0_1_1_0_1_0_0_0_1_1_1_1_1_0_0_1_1_1_0_0_0_0_0_0_0,1,0.0006366666666666666,2.0548046676563267e-5,0.2602040816326531,326.1296365292267
1_0_1_0_0_1_0_1_0_1_1_0_1_1_1_1_1_1_1_0_0_1_1_0_0_0_1_0_0_0_0_0_0_1_0_0_0_1_1_1_0_0_0_0,1,0.0006333333333333333,3.8586123009300757e-5,0.1989795918367347,254.1343019649762
0_0_0_0_0_0_0_1_1_0_0_0_0_0_0_0_1_0_0_0_0_1_0_0_0_0_0_0_0_0_0_1_0_0_0_0_0_0_1_1_1_1_0_1,1,0.00063,7.118052168020874e-5,0.20918367346938777,265.29478056258205
0_0_0_1_0_0_0_1_0_0_0_0_0_1_1_1_0_1_1_0_1_0_0_1_0_0_0_1_1_1_1_0_0_1_1_1_1_0_0_0_0_1_0_1,1,0.00063,2.1602468994692875e-5,0.1989795918367347,218.0975006543489
0_0_0_0_0_0_0_1_0_0_0_0_0_1_1_1_1_1_1_0_0_1_0_0_0_0_0_0_0_0_0_0_0_1_0_0_0_0_1_1_0_1_0_1,1,0.0006233333333333333,1.8856180831641267e-5,0.20408163265306123,242.65153425809163
1_0_1_1_1_1_0_0_0_1_1_0_1_1_1_1_1_1_1_1_0_0_1_0_1_1_1_0_0_0_0_0_1_1_0_0_0_0_1_1_0_0_1_0,1,0.0006166666666666667,5.734883511361749e-5,0.20408163265306123,289.99406754645526
1_1_1_0_1_1_1_0_1_1_1_1_1_0_0_0_0_0_0_1_1_1_1_1_1_1_1_1_1_1_1_1_1_0_1_1_1_1_0_0_1_0_1_0,1,0.0006033333333333333,3.0912061651652375e-5,0.20408163265306123,223.98446833930703
0_0_0_0_0_0_0_1_1_0_0_0_0_0_1_0_0_1_1_0_1_0_0_1_0_0_0_1_1_1_1_0_0_0_1_1_1_0_0_0_1_1_0_1,1,0.0005966666666666667,3.399346342395189e-5,0.20918367346938777,227.2725222561288
0_1_0_0_0_0_1_1_1_0_0_1_0_0_0_0_1_0_0_0_0_0_0_0_0_0_0_0_0_0_0_0_0_0_0_0_0_0_1_1_1_1_0_1,1,0.0005933333333333333,5.436502143433364e-5,0.22448979591836735,306.62631357713326
1_0_1_1_1_1_0_0_0_1_1_0_1_1_1_1_0_1_1_1_1_0_1_1_1_1_1_1_1_1_1_0_1_1_1_1_1_1_0_0_0_0_1_0,1,0.0005933333333333333,4.496912521077349e-5,0.21428571428571427,266.04902311232195
1_0_1_1_1_1_0_0_0_1_1_0_1_1_1_1_0_1_1_1_1_1_1_1_1_1_1_1_1_1_1_1_1_1_1_1_1_1_0_0_0_0_1_0,1,0.0005833333333333334,4.49691252107735e-5,0.22448979591836735,315.39928296464973
1_1_1_0_1_1_1_0_1_1_1_1_1_0_0_0_1_0_0_1_0_1_1_0_1_1_1_0_0_0_0_1_1_0_0_0_0_1_1_1_1_0_1_0,1,0.00058,7.788880963698615e-5,0.1989795918367347,206.23765002670265
1_0_1_0_0_1_0_1_0_1_1_0_1_1_1_1_0_1_1_0_1_1_1_1_0_0_1_1_1_1_1_0_0_1_1_1_1_1_0_0_0_0_0_0,1,0.00058,6.480740698407862e-5,0.20408163265306123,262.4307878889261
0_1_0_0_0_0_1_1_1_0_0_1_0_0_0_0_1_0_0_0_0_1_0_0_0_0_0_0_0_0_0_1_0_0_0_0_0_0_1_1_1_1_0_1,1,0.0005766666666666667,2.0548046676563223e-5,0.21428571428571427,271.64454893765236
1_1_1_0_1_1_1_0_0_1_1_1_1_1_0_1_0_0_1_1_1_1_1_0_1_1_1_1_1_1_1_1_1_1_1_1_1_1_0_0_0_0_1_0,1,0.0005600000000000001,4.8989794855663556e-5,0.2193877551020408,260.67557603686635
0_1_0_1_1_0_1_0_1_0_0_1_0_0_0_0_1_0_0_1_0_0_0_0_1_1_0_0_0_0_0_1_1_0_0_0_0_0_1_1_1_1_1_1,1,0.0005566666666666667,5.185449728701352e-5,0.20408163265306123,256.0765160765161
0_0_0_0_0_0_0_1_1_0_0_0_0_0_1_0_1_1_0_0_0_1_0_0_0_0_0_0_0_0_0_0_0_0_0_0_0_0_1_1_1_1_0_1,1,0.0005566666666666667,4.9216076867444665e-5,0.20408163265306123,302.1460410557185
0_1_0_0_0_0_1_1_1_0_0_1_0_0_0_0_0_0_0_0_1_1_0_1_0_0_0_1_1_1_1_1_0_0_1_1_1_1_0_0_1_1_0_1,1,0.0005566666666666666,1.8856180831641267e-5,0.20408163265306123,282.05671411232487
1_1_1_1_1_1_1_0_0_1_1_1_0_0_1_1_0_1_0_1_1_0_1_1_1_1_1_1_1_1_1_0_1_1_1_1_1_1_0_0_1_1_1_1,1,0.0005466666666666667,6.548960901462836e-5,0.2653061224489796,323.61927276820893
0_1_0_1_1_1_1_0_1_0_0_1_0_0_0_0_1_0_0_1_0_0_0_1_1_1_0_0_0_0_0_1_1_0_0_0_0_1_1_1_1_1_1_1,1,0.0005266666666666667,2.494438257849292e-5,0.19387755102040816,224.36373626373629
0_0_0_0_0_0_0_1_0_1_0_0_1_0_1_1_0_1_1_0_1_1_1_1_0_0_0_1_1_1_1_0_0_1_1_1_1_0_0_0_1_1_0_1,1,0.0005166666666666667,7.40870359029762e-5,0.23979591836734693,240.27073974243785
0_1_0_1_1_1_1_0_1_0_1_1_1_1_0_0_1_0_0_1_0_0_0_0_1_1_0_0_0_0_0_1_1_0_0_0_0_1_1_1_0_0_1_0,1,0.0005166666666666667,7.363574011458173e-5,0.1989795918367347,208.5674737552919
0_1_0_1_1_1_1_0_1_0_1_1_1_1_0_0_0_0_0_1_1_1_0_1_1_1_0_1_1_1_1_1_1_0_1_1_1_1_0_0_0_0_1_0,1,0.0005133333333333334,5.557777333511023e-5,0.1989795918367347,227.0452278184671
0_0_0_1_0_0_0_1_1_0_0_0_1_0_1_1_0_1_1_0_1_0_1_1_0_0_0_1_1_1_1_0_0_0_1_1_1_0_0_0_1_1_1_1,1,0.00051,4.082482904638628e-5,0.23469387755102042,267.3612633459181
1_1_1_1_1_1_1_0_1_1_1_0_1_1_1_1_0_1_1_1_1_0_1_0_1_1_1_1_1_1_1_0_1_0_1_1_1_1_0_0_0_0_1_0,1,0.0005066666666666667,5.436502143433364e-5,0.22448979591836735,227.53582505799253
0_0_0_0_0_0_0_1_0_1_0_0_1_0_1_1_0_1_1_0_1_0_1_1_0_0_0_1_1_1_1_0_0_1_1_1_1_0_0_0_1_1_0_1,1,0.0005066666666666667,8.339997335464537e-5,0.24489795918367346,237.18200573372988
0_0_0_1_0_0_0_1_1_0_0_0_1_1_1_0_0_1_1_0_1_0_0_1_0_0_0_1_1_1_1_0_0_0_1_1_1_0_0_0_0_0_1_0,1,0.0005,3.559026084010436e-5,0.23469387755102042,279.1091490619792
0_0_0_0_0_0_0_1_0_0_0_1_0_0_1_0_1_1_1_0_0_0_0_0_0_0_0_0_0_0_0_0_0_1_0_0_0_0_1_1_1_1_0_1,1,0.0005,2.9439202887759497e-5,0.21428571428571427,237.66903609355484
0_0_0_1_0_0_0_1_0_0_0_0_0_1_1_1_1_1_1_0_0_0_0_0_0_0_0_0_0_0_0_0_0_1_0_0_0_0_1_1_0_1_0_1,1,0.0004966666666666666,7.318166133366714e-5,0.20408163265306123,210.60269360269362
1_0_1_0_0_0_0_1_0_1_0_0_0_0_1_1_1_1_1_0_0_0_1_0_0_0_1_0_0_0_0_0_0_1_0_0_0_1_1_1_1_1_0_1,1,0.0004933333333333334,9.428090415820634e-6,0.21428571428571427,224.49166666666665
0_1_0_0_0_0_0_1_1_0_0_1_0_0_0_0_0_0_0_0_1_0_0_1_0_0_0_1_1_1_1_0_0_0_1_1_1_0_0_0_1_1_0_1,1,0.0004933333333333334,3.681787005729088e-5,0.22448979591836735,261.4517510707987
1_0_1_1_1_1_1_0_0_1_1_0_1_1_1_1_1_1_1_1_0_1_1_0_1_1_1_0_0_0_0_1_1_1_0_0_0_1_1_1_0_0_1_0,1,0.00048666666666666666,6.182412330330468e-5,0.22448979591836735,270.849477682811
0_0_0_1_0_0_0_1_1_0_0_0_0_0_0_1_0_0_0_0_1_1_1_1_0_0_0_1_1_1_1_1_0_0_1_1_1_0_0_0_1_1_1_1,1,0.00048666666666666666,7.84573486395988e-5,0.23469387755102042,336.00772328404855
0_0_0_0_0_0_0_1_0_0_0_1_0_0_1_0_1_1_1_0_0_1_0_0_0_0_0_0_0_0_0_0_0_1_0_0_0_0_1_1_1_1_0_1,1,0.0004833333333333334,3.091206165165235e-5,0.20918367346938777,240.04854426619133
1_0_1_0_0_0_0_1_0_1_0_0_0_0_1_1_1_1_1_0_0_1_1_0_0_0_1_0_0_0_0_0_0_1_0_0_0_0_1_1_1_1_0_1,1,0.00048,3.74165738677394e-5,0.19387755102040816,243.32706606792988
0_1_0_1_1_1_1_0_1_0_1_1_1_1_0_0_1_0_0_1_0_1_0_0_1_1_0_0_0_0_0_1_1_0_0_0_0_1_1_1_0_0_1_0,1,0.0004766666666666667,5.436502143433364e-5,0.20408163265306123,234.32618106531152
1_1_1_1_1_1_1_0_1_1_1_0_1_1_0_1_0_0_0_1_1_0_1_1_1_1_1_1_1_1_1_1_1_0_1_1_1_1_0_0_0_0_1_0,1,0.0004700000000000001,6.164414002968977e-5,0.20918367346938777,235.17292490118575
0_0_0_0_0_0_0_1_0_1_0_0_1_0_1_1_1_1_1_0_0_1_1_0_0_0_0_0_0_0_0_0_0_1_0_0_0_0_1_1_1_1_0_1,1,0.00047,4.96655480858378e-5,0.23469387755102042,249.1000443713622
1_0_1_0_0_0_0_1_0_1_0_0_0_0_1_1_0_1_1_0_1_0_1_1_0_0_1_1_1_1_1_0_0_1_1_1_1_0_0_0_1_1_0_1,1,0.00046666666666666666,3.771236166328251e-5,0.20408163265306123,241.16550116550115
1_0_1_1_1_1_0_0_0_1_1_0_1_1_1_1_0_1_1_1_1_0_1_1_1_1_1_1_1_1_1_0_1_1_1_1_1_0_0_0_0_0_1_0,1,0.00046666666666666666,8.05536398239638e-5,0.20918367346938777,275.16475095785444
1_1_1_1_1_1_1_0_0_1_1_1_1_1_0_1_0_0_1_1_1_0_1_1_1_1_1_1_1_1_1_1_1_1_1_1_1_1_0_0_0_0_1_0,1,0.00046666666666666666,3.3993463423951894e-5,0.20408163265306123,300.60238095238094
1_1_1_0_1_1_1_0_0_1_1_1_0_1_0_0_1_0_0_1_0_1_0_0_1_1_1_0_0_0_0_1_1_1_0_0_0_1_1_1_0_0_0_0,1,0.0004633333333333334,6.798692684790379e-5,0.23469387755102042,259.2814647531629
1_1_1_1_1_1_1_0_1_1_1_0_1_1_0_1_0_0_1_1_1_0_1_0_1_1_1_1_1_1_1_1_1_0_1_1_1_1_0_0_0_0_1_0,1,0.00046333333333333334,4.78423336480244e-5,0.2193877551020408,238.1242342563097
1_1_1_1_1_1_1_0_1_0_1_1_1_1_0_0_1_0_0_1_0_1_0_0_1_1_1_0_0_0_0_1_1_0_0_0_0_1_1_1_0_0_1_0,1,0.00046333333333333334,9.428090415820634e-6,0.23979591836734693,242.40977147360127
0_0_0_0_0_0_0_1_0_1_0_0_1_0_1_1_1_1_1_0_0_0_1_0_0_0_0_0_0_0_0_0_0_1_0_0_0_0_1_1_1_1_0_1,1,0.00045999999999999996,8.524474568362948e-5,0.23979591836734693,244.76465175792342
0_1_0_1_1_1_1_0_1_0_1_1_1_1_0_0_0_0_0_1_1_1_0_1_1_1_0_1_1_1_1_1_1_0_1_1_1_0_0_0_0_0_1_0,1,0.00045999999999999996,4.5460605656619504e-5,0.21428571428571427,224.23149885345006
0_0_0_0_0_0_0_1_0_0_0_1_0_0_0_0_1_0_0_0_0_1_0_1_0_0_0_0_0_0_0_1_0_1_0_0_0_0_1_1_1_1_0_1,1,0.0004566666666666667,5.4365021434333616e-5,0.22448979591836735,228.35820468839336
1_1_1_0_1_1_1_0_0_1_1_1_0_0_0_1_1_0_0_1_0_1_1_0_1_1_1_0_0_0_0_1_1_1_0_0_0_1_1_1_1_1_0_1,1,0.0004566666666666667,8.806563209081937e-5,0.23469387755102042,268.06980656013457
1_1_1_1_1_1_1_0_1_0_1_1_1_1_0_0_1_0_0_1_0_0_0_0_1_1_1_0_0_0_0_1_1_0_0_0_0_1_1_1_0_0_1_0,1,0.00045666666666666664,7.586537784494025e-5,0.23469387755102042,231.63839832138487
1_1_1_1_1_1_1_0_1_0_1_1_0_1_0_0_1_0_0_1_0_1_0_0_1_1_1_0_0_0_0_1_1_0_0_0_0_1_1_1_0_0_1_0,1,0.00045333333333333337,2.0548046676563267e-5,0.24489795918367346,254.6100344530577
0_0_0_0_0_0_0_1_1_0_0_0_0_0_0_0_1_0_0_0_0_1_0_1_0_0_0_0_0_0_0_1_0_0_0_0_0_0_1_1_1_1_0_1,1,0.00045333333333333337,1.8856180831641267e-5,0.22448979591836735,247.00757575757575
0_1_0_0_0_0_1_1_1_0_0_1_0_0_0_0_1_0_0_0_0_1_0_0_0_0_0_0_0_0_0_1_0_0_0_0_0_1_1_1_1_1_0_1,1,0.0004533333333333333,3.8586123009300736e-5,0.20918367346938777,306.71551599363147
1_1_1_1_1_1_1_0_1_0_1_1_0_1_0_0_0_0_0_1_1_1_0_1_1_1_1_1_1_1_1_1_1_0_1_1_1_1_0_0_0_0_1_0,1,0.00045000000000000004,2.9439202887759474e-5,0.23979591836734693,244.18676561533707
1_0_1_0_0_0_0_1_0_1_0_0_0_0_1_1_1_1_1_0_0_0_1_0_0_0_1_0_0_0_0_0_0_1_0_0_0_0_1_1_1_1_0_1,1,0.00044333333333333334,2.494438257849294e-5,0.1989795918367347,235.4117895788887
0_0_0_0_0_0_0_1_0_1_0_0_0_0_1_0_0_1_1_0_1_0_0_1_0_0_0_1_1_1_1_0_0_0_1_1_1_0_0_0_1_1_0_1,1,0.00044333333333333334,6.944222218666553e-5,0.20408163265306123,211.33829379229465
1_1_1_0_1_1_1_0_0_1_1_1_1_1_1_0_1_1_1_1_0_0_0_0_1_1_1_0_0_0_0_0_1_1_0_0_0_1_1_1_0_0_0_0,1,0.00044,6.377042156569664e-5,0.23469387755102042,323.7738095238095
0_1_0_1_1_1_1_0_1_0_1_1_1_1_0_0_1_0_0_1_0_1_0_0_1_1_0_0_0_0_0_1_1_0_0_0_0_0_1_1_0_0_1_0,1,0.00043666666666666664,5.792715732327588e-5,0.2193877551020408,231.5666666666667
0_0_0_0_0_0_0_1_0_0_0_1_0_0_1_0_1_1_0_0_0_1_0_1_0_0_0_0_0_0_0_0_0_1_0_0_0_0_1_1_1_1_0_1,1,0.0004333333333333333,1.247219128924646e-5,0.2193877551020408,253.89467208071858
1_1_1_1_1_1_1_0_1_0_1_1_1_1_0_1_0_0_0_1_1_1_1_1_1_1_1_1_1_1_1_1_1_1_1_1_1_1_0_0_0_0_1_0,1,0.0004333333333333333,4.4969125210773474e-5,0.1989795918367347,213.524681017743
1_0_1_0_0_0_0_1_0_1_1_0_1_1_1_1_0_1_1_0_1_1_1_0_0_0_1_1_1_1_1_0_0_1_1_1_1_1_0_0_0_0_0_0,1,0.00043,4.320493798938573e-5,0.20918367346938777,218.57023735072517
1_1_1_1_1_1_1_0_1_1_1_0_1_1_0_1_0_0_0_1_1_0_1_0_1_1_1_1_1_1_1_1_1_0_1_1_1_1_0_0_0_0_1_0,1,0.0004266666666666667,2.494438257849294e-5,0.22448979591836735,216.94582470669425
1_1_1_1_1_1_1_0_1_1_1_1_0_1_0_0_0_0_0_1_1_0_1_0_1_1_1_1_1_1_1_1_1_0_1_1_1_1_0_0_0_0_1_0,1,0.0004233333333333333,7.760297817881874e-5,0.20918367346938777,252.05155955155954
1_0_1_0_0_0_0_1_0_1_0_0_0_0_1_1_0_1_1_0_1_0_1_1_0_0_1_1_1_1_1_0_0_1_1_1_1_1_0_0_1_1_0_1,1,0.00042,5.71547606649408e-5,0.2193877551020408,213.49714921429563
1_1_1_1_1_1_1_0_0_1_1_1_1_1_0_1_1_0_0_1_0_1_1_0_1_1_1_0_0_0_0_1_1_1_0_0_0_1_1_1_0_0_1_0,1,0.00041999999999999996,2.9439202887759474e-5,0.20918367346938777,242.01777052450248
1_1_1_1_1_1_1_0_0_1_1_1_1_1_1_1_0_1_1_1_1_0_1_0_1_1_1_1_1_1_1_0_1_1_1_1_1_1_0_0_0_0_1_0,1,0.00041999999999999996,3.7416573867739396e-5,0.22448979591836735,247.99784229645206
1_1_1_1_1_1_1_0_1_0_1_1_1_1_0_1_0_0_0_1_1_0_1_1_1_1_1_1_1_1_1_1_1_1_1_1_1_1_0_0_0_0_1_0,1,0.0004166666666666667,6.649979114420001e-5,0.19387755102040816,204.5588235294118
1_1_1_0_1_1_1_0_0_1_1_1_0_0_0_1_0_0_0_1_1_1_1_1_1_1_1_1_1_1_1_1_1_1_1_1_1_1_0_0_1_1_0_1,1,0.0004133333333333333,7.408703590297624e-5,0.23979591836734693,256.2039512774807
0_1_0_1_1_1_1_0_1_0_0_1_0_0_0_0_1_0_0_1_0_0_0_1_1_1_0_0_0_0_0_1_1_0_0_0_0_0_1_1_1_1_1_1,1,0.00041000000000000005,0.00011045361017187262,0.20918367346938777,220.06172839506175
1_1_1_1_1_1_1_0_1_0_1_1_1_1_0_0_0_0_0_1_1_1_0_1_1_1_1_1_1_1_1_1_1_0_1_1_1_1_0_0_0_0_1_0,1,0.00041,6.480740698407859e-5,0.23469387755102042,231.1818987749839
0_0_0_1_0_0_0_1_1_0_0_0_1_0_0_1_0_0_0_0_1_1_1_1_0_0_0_1_1_1_1_1_0_0_1_1_1_0_0_0_1_1_1_1,1,0.00041,4.2426406871192835e-5,0.23979591836734693,315.2034341172079
1_1_1_0_1_1_1_0_0_1_1_1_1_1_0_0_1_0_0_1_0_1_0_0_1_1_1_0_0_0_0_1_1_1_0_0_0_1_1_1_0_0_0_0,1,0.0004066666666666667,3.8586123009300757e-5,0.22959183673469388,276.5266102222624
0_0_0_0_0_0_0_1_0_1_0_0_0_0_1_1_1_1_1_0_0_1_1_0_0_0_0_0_0_0_0_0_0_1_0_0_0_0_1_1_1_1_0_1,1,0.0004033333333333333,3.7712361663282534e-5,0.22959183673469388,240.06201550387595
1_0_1_1_1_1_1_0_0_1_1_0_1_1_1_1_0_1_1_1_1_0_1_1_1_1_1_1_1_1_1_0_1_1_1_1_1_1_0_0_0_0_1_0,1,0.0004033333333333333,3.681787005729086e-5,0.2193877551020408,227.17592592592595
1_1_1_1_1_1_1_0_1_0_1_1_0_1_0_0_0_0_0_1_1_0_0_1_1_1_1_1_1_1_1_1_1_0_1_1_1_1_0_0_0_0_1_0,1,0.0004,2.1602468994692875e-5,0.23469387755102042,234.64518525494134
0_0_0_0_0_0_0_1_0_1_0_0_0_0_1_1_1_1_1_0_0_0_1_0_0_0_0_0_0_0_0_0_0_1_0_0_0_0_1_1_1_1_0_1,1,0.0003966666666666667,1.247219128924646e-5,0.23469387755102042,241.49839537869062
0_1_0_1_1_1_1_0_1_0_1_1_1_1_0_0_0_0_0_1_1_0_0_1_1_1_0_1_1_1_1_1_1_0_1_1_1_1_0_0_0_0_1_0,1,0.00039333333333333337,2.8674417556808744e-5,0.19387755102040816,226.46789902603857
0_0_0_0_0_0_0_1_0_1_0_0_0_0_1_1_0_1_1_0_1_1_1_1_0_0_0_1_1_1_1_0_0_1_1_1_1_0_0_0_1_1_0_1,1,0.00039333333333333337,7.84573486395988e-5,0.23469387755102042,232.09372955798526
1_0_1_0_0_0_0_1_0_1_0_0_0_0_1_1_0_1_1_0_1_1_1_1_0_0_1_1_1_1_1_0_0_1_1_1_1_0_0_0_1_1_0_1,1,0.00039,8.16496580927726e-6,0.1989795918367347,223.44107062528118
0_1_0_1_1_1_1_0_1_0_0_1_0_1_0_0_0_0_0_1_1_1_0_1_1_1_0_1_1_1_1_1_1_0_1_1_1_0_0_0_0_0_1_1,1,0.00038666666666666667,4.714045207910304e-6,0.21428571428571427,226.39001349527666
0_1_0_1_1_0_1_0_1_0_1_1_1_1_0_0_0_0_0_1_1_1_0_1_1_1_0_1_1_1_1_1_1_0_1_1_1_0_0_0_0_0_1_0,1,0.00038333333333333334,4.78423336480244e-5,0.22448979591836735,229.57843137254903
0_1_0_0_0_0_1_1_1_0_0_1_0_0_0_0_1_0_0_0_0_0_0_1_0_0_0_0_0_0_0_0_0_0_0_0_0_0_1_1_1_1_0_1,1,0.00038333333333333334,3.299831645537221e-5,0.23979591836734693,250.59577677224738
0_0_0_0_0_0_0_1_1_0_0_0_0_0_1_0_1_1_1_0_0_1_0_0_0_0_0_0_0_0_0_0_0_0_0_0_0_0_1_1_1_1_0_1,1,0.00038333333333333334,4.496912521077347e-5,0.20918367346938777,246.22205284552845
0_0_0_0_0_0_0_1_0_0_0_1_0_0_1_0_1_1_1_0_0_1_0_1_0_0_0_0_0_0_0_0_0_1_0_0_0_0_1_1_1_1_0_1,1,0.00038333333333333334,3.3993463423951894e-5,0.22448979591836735,223.2810152345036
1_1_1_1_1_1_1_0_1_1_1_0_1_1_0_1_0_0_0_1_1_1_1_1_1_1_1_1_1_1_1_1_1_0_1_1_1_1_0_0_0_0_1_0,1,0.00037999999999999997,5.715476066494082e-5,0.21428571428571427,231.2639753505628
1_0_1_1_1_1_0_0_0_1_1_0_1_1_1_1_0_1_1_1_1_0_1_0_1_1_1_1_1_1_1_0_1_1_1_1_1_1_0_0_0_0_1_0,1,0.0003733333333333334,4.714045207910316e-5,0.22959183673469388,226.29233511586452
1_1_1_1_1_1_1_0_1_0_1_1_1_1_0_1_1_0_0_1_0_1_1_0_1_1_1_0_0_0_0_1_1_1_0_0_0_1_1_1_0_0_1_0,1,0.0003733333333333334,5.312459150169744e-5,0.20408163265306123,219.71605769992865
1_1_1_1_1_1_1_0_1_0_1_1_1_1_0_0_0_0_0_1_1_0_0_1_1_1_1_1_1_1_1_1_1_0_1_1_1_1_0_0_0_0_1_0,1,0.0003733333333333334,1.247219128924646e-5,0.22959183673469388,229.7953722953723
1_1_1_0_1_1_1_0_1_1_1_1_0_1_0_0_0_0_0_1_1_1_1_0_1_1_1_1_1_1_1_1_1_0_1_1_1_1_0_0_0_0_1_0,1,0.0003733333333333333,5.436502143433364e-5,0.20918367346938777,220.76306897237131
0_1_0_0_0_0_1_1_1_0_0_1_0_0_0_0_1_0_0_0_0_1_0_1_0_0_0_0_0_0_0_1_0_0_0_0_0_0_1_1_1_1_0_1,1,0.0003733333333333333,4.4969125210773474e-5,0.22959183673469388,237.2901258851298
1_0_1_0_0_0_0_1_0_1_1_0_1_0_1_1_0_1_1_0_1_0_1_1_0_0_1_1_1_1_1_0_0_1_1_1_1_1_0_0_1_1_0_0,1,0.00037000000000000005,8.602325267042626e-5,0.2193877551020408,253.58024691358025
1_0_1_1_1_0_0_0_0_1_1_1_1_1_1_1_1_1_1_1_0_0_1_0_1_1_1_0_0_0_0_0_1_1_0_0_0_0_1_1_0_0_1_0,1,0.00036999999999999994,6.377042156569665e-5,0.20408163265306123,233.72628726287266
0_0_0_0_0_0_0_1_0_1_0_0_0_0_1_0_1_1_1_0_0_0_0_0_0_0_0_0_0_0_0_0_0_0_0_0_0_0_1_1_1_1_0_1,1,0.00036999999999999994,6.531972647421808e-5,0.1989795918367347,201.73076524800663
1_0_1_1_1_1_1_0_1_1_1_0_1_1_1_0_0_1_1_1_1_0_0_1_1_1_1_1_1_1_1_0_1_0_1_1_1_0_0_0_0_0_1_0,1,0.00036666666666666667,5.734883511361753e-5,0.2602040816326531,423.5892255892256
1_1_1_1_1_1_1_0_1_0_1_1_0_1_0_0_1_0_0_1_0_0_0_0_1_1_1_0_0_0_0_1_1_0_0_0_0_1_1_1_0_0_1_0,1,0.00036666666666666667,6.798692684790381e-5,0.23979591836734693,227.3549303779483
1_1_1_1_1_1_1_0_1_1_1_1_0_1_0_0_0_0_0_1_1_0_1_1_1_1_1_1_1_1_1_1_1_0_1_1_1_1_0_0_0_0_1_0,1,0.0003666666666666666,5.4365021434333636e-5,0.19387755102040816,243.84777123633307
0_0_0_0_0_0_0_1_0_1_0_0_0_0_1_0_0_1_1_0_1_1_0_1_0_0_0_1_1_1_1_0_0_0_1_1_1_0_0_0_1_1_0_1,1,0.00036333333333333335,3.8586123009300757e-5,0.1989795918367347,199.1843520090549
1_1_1_0_1_1_1_0_0_1_1_1_0_1_1_0_1_1_1_1_0_0_0_0_1_1_1_0_0_0_0_0_1_1_0_0_0_1_1_1_0_0_0_0,1,0.0003633333333333333,6.548960901462836e-5,0.23979591836734693,331.35310635310634
1_0_1_0_0_1_0_1_0_1_0_0_0_0_1_1_0_1_1_0_1_0_1_1_0_0_1_1_1_1_1_0_0_1_1_1_1_1_0_0_1_1_0_1,1,0.00036,5.715476066494082e-5,0.22959183673469388,220.14516320651043
0_1_0_0_0_1_1_1_1_0_0_0_0_0_0_0_0_0_0_0_1_1_0_1_0_0_0_1_1_1_1_1_0_0_1_1_1_1_0_0_1_1_0_1,1,0.00036,7.483314773547885e-5,0.20408163265306123,238.69985277880014
0_0_0_0_0_0_0_1_0_1_0_0_0_0_1_0_1_1_1_0_0_1_0_0_0_0_0_0_0_0_0_0_0_0_0_0_0_0_1_1_1_1_0_1,1,0.00035666666666666675,2.62466929133727e-5,0.19387755102040816,200.29012565196777
0_0_0_1_0_0_0_1_1_0_0_0_1_1_1_0_1_1_1_0_0_0_0_0_0_0_0_0_0_0_0_0_0_0_0_0_0_0_1_1_0_0_1_0,1,0.00035666666666666664,4.496912521077348e-5,0.23979591836734693,261.9349593495935
0_0_0_0_0_0_0_1_0_1_0_0_0_0_1_1_0_1_1_0_1_0_1_1_0_0_0_1_1_1_1_0_0_1_1_1_1_0_0_0_1_1_0_1,1,0.00035666666666666664,4.9216076867444685e-5,0.23979591836734693,248.7142857142857
1_1_1_1_1_1_1_0_1_0_1_1_1_1_0_1_1_0_0_1_0_0_1_0_1_1_1_0_0_0_0_1_1_1_0_0_0_1_1_1_0_0_1_0,1,0.00035666666666666664,4.9216076867444685e-5,0.1989795918367347,207.015873015873
0_1_0_1_1_0_1_0_1_0_1_1_1_1_0_0_1_0_0_1_0_1_0_0_1_1_0_0_0_0_0_1_1_0_0_0_0_0_1_1_0_0_1_0,1,0.00035666666666666664,8.806563209081939e-5,0.22959183673469388,215.26529697900665
1_1_1_1_1_1_1_0_0_1_1_1_1_1_0_1_0_0_0_1_1_0_1_1_1_1_1_1_1_1_1_1_1_1_1_1_1_1_0_0_0_0_1_0,1,0.0003533333333333333,1.247219128924646e-5,0.20918367346938777,235.15807404042698
1_0_1_0_0_0_0_1_0_1_1_0_1_1_1_1_0_1_1_0_1_1_1_0_0_0_1_1_1_1_1_1_0_1_1_1_1_1_0_0_0_0_0_0,1,0.00035,9.092121131323903e-5,0.22448979591836735,217.3196647324307
0_1_0_0_0_1_1_1_1_0_0_1_0_0_0_0_1_0_0_0_0_1_0_1_0_0_0_0_0_0_0_1_0_0_0_0_0_1_1_1_1_1_0_1,1,0.0003466666666666667,4.496912521077348e-5,0.22448979591836735,251.429802955665
0_1_0_1_1_1_1_0_1_0_1_1_0_1_0_0_1_0_0_1_0_1_0_0_1_1_0_0_0_0_0_1_1_0_0_0_0_1_1_1_0_0_1_0,1,0.00034333333333333335,7.318166133366717e-5,0.2193877551020408,235.69017094017093
0_0_0_1_0_0_0_1_1_0_0_0_0_0_1_1_0_1_1_0_1_0_1_1_0_0_0_1_1_1_1_0_0_0_1_1_1_0_0_0_1_1_1_1,1,0.00034,8.16496580927726e-6,0.22959183673469388,269.6984975808505
1_0_1_1_1_0_0_0_0_1_1_0_1_1_1_1_0_1_1_1_1_0_1_0_1_1_1_1_1_1_1_0_1_1_1_1_1_0_0_0_0_0_1_0,1,0.0003366666666666667,3.8586123009300757e-5,0.22448979591836735,275.7975427350427
0_0_0_1_0_0_0_1_1_0_0_0_1_0_1_1_0_1_1_0_1_0_0_1_0_0_0_1_1_1_1_0_0_0_1_1_1_0_0_0_1_1_1_1,1,0.0003366666666666667,2.8674417556808767e-5,0.23979591836734693,266.8005652711535
0_1_0_0_0_0_1_1_1_0_0_0_0_0_0_0_0_0_0_0_1_1_0_1_0_0_0_1_1_1_1_1_0_0_1_1_1_1_0_0_1_1_0_1,1,0.0003333333333333333,2.62466929133727e-5,0.20408163265306123,236.59628378378378
0_0_0_1_0_1_1_1_1_0_1_0_0_0_1_1_0_1_0_1_1_0_1_1_1_1_0_1_1_1_1_0_0_0_1_1_1_0_0_0_1_1_1_1,1,0.00033,1.632993161855452e-5,0.24489795918367346,243.7941628264209
0_1_0_0_0_0_1_1_1_0_0_1_0_0_0_0_0_0_0_0_1_0_0_1_0_0_0_1_1_1_1_1_0_0_1_1_1_0_0_0_1_1_0_1,1,0.00033,5.3541261347363375e-5,0.21428571428571427,242.8233024691358
0_0_0_1_0_0_0_1_0_0_0_0_1_0_1_1_1_1_1_0_0_0_0_0_0_0_0_0_0_0_0_0_0_1_0_0_0_0_1_1_1_1_0_1,1,0.00033,2.44948974278318e-5,0.19387755102040816,208.6094276094276
0_1_0_0_0_0_0_1_0_0_0_1_0_0_0_1_0_0_0_0_1_1_1_1_0_0_0_1_1_1_1_1_0_1_1_1_1_1_0_0_1_1_0_1,1,0.00032333333333333335,6.649979114420001e-5,0.25510204081632654,430.6170014408001
0_0_0_0_0_0_0_1_1_0_0_0_0_0_1_0_1_1_0_0_0_1_0_1_0_0_0_0_0_0_0_0_0_0_0_0_0_0_1_1_1_1_0_1,1,0.0003233333333333333,2.0548046676563263e-5,0.2193877551020408,261.3105158730159
1_0_1_0_0_1_0_1_0_1_1_0_1_1_1_1_0_1_1_0_1_0_1_0_0_0_1_1_1_1_1_0_0_1_1_1_1_1_0_0_0_0_0_0,1,0.00032,7.348469228349533e-5,0.22448979591836735,232.56870802403674
0_0_0_0_0_0_0_1_0_0_0_0_1_0_1_1_1_1_1_0_0_1_0_1_0_0_0_0_0_0_0_0_0_1_0_0_0_0_1_1_1_1_0_1,1,0.0003166666666666667,2.0548046676563267e-5,0.20918367346938777,252.78482082488168
0_1_0_0_0_0_0_1_1_0_0_1_0_0_0_0_1_0_0_0_0_1_0_0_0_0_0_0_0_0_0_1_0_0_0_0_0_0_1_1_1_1_0_1,1,0.0003166666666666667,4.9216076867444685e-5,0.2193877551020408,246.61921553262812
1_0_1_0_0_1_0_1_0_1_0_0_0_0_1_1_1_1_1_0_0_0_1_0_0_0_1_0_0_0_0_0_0_1_0_0_0_1_1_1_1_1_0_1,1,0.00031666666666666665,1.8856180831641267e-5,0.22448979591836735,230.9090909090909
0_0_0_0_0_0_0_1_0_0_0_1_0_0_1_0_1_1_1_0_0_0_0_1_0_0_0_0_0_0_0_0_0_1_0_0_0_0_1_1_1_1_0_1,1,0.0003133333333333334,9.977753031397178e-5,0.22959183673469388,232.64394646747587
1_0_1_1_1_1_1_0_1_1_1_0_1_1_1_0_1_1_1_1_0_0_0_0_1_1_1_0_0_0_0_0_1_0_0_0_0_0_1_1_0_0_1_0,1,0.00031,3.559026084010439e-5,0.25510204081632654,387.7481299033023
1_0_1_0_0_0_0_1_0_1_1_0_1_0_1_1_1_1_1_0_0_0_1_0_0_0_1_0_0_0_0_0_0_1_0_0_0_1_1_1_1_1_0_0,1,0.00030999999999999995,5.715476066494083e-5,0.21428571428571427,226.54761904761904
1_0_1_1_1_1_0_0_0_1_1_1_1_1_1_1_1_1_1_1_0_0_1_0_1_1_1_0_0_0_0_0_1_1_0_0_0_0_1_1_0_0_1_0,1,0.0003066666666666667,3.399346342395192e-5,0.20408163265306123,256.44560708898945
1_0_1_1_1_1_0_0_0_1_1_0_1_1_1_1_0_1_1_1_1_1_1_0_1_1_1_1_1_1_1_1_1_1_1_1_1_1_0_0_0_0_1_0,1,0.0003066666666666667,2.8674417556808764e-5,0.23979591836734693,267.67200787124887
0_1_0_1_1_1_1_0_1_0_0_1_0_1_0_0_1_0_0_1_0_1_0_0_1_1_0_0_0_0_0_1_1_0_0_0_0_0_1_1_0_0_1_1,1,0.00030333333333333335,5.436502143433364e-5,0.2193877551020408,229.86765297906604
1_1_1_0_1_1_1_0_0_1_1_1_1_1_0_0_0_0_0_1_1_1_1_0_1_1_1_1_1_1_1_1_1_1_1_1_1_1_0_0_0_0_0_0,1,0.00030333333333333335,4.988876515698588e-5,0.24489795918367346,277.1995029512271
0_0_0_1_0_0_0_1_0_0_0_0_1_0_1_1_1_1_1_0_0_0_0_1_0_0_0_0_0_0_0_0_0_1_0_0_0_0_1_1_1_1_0_1,1,0.0003,3.559026084010437e-5,0.20918367346938777,220.76543209876544
0_0_0_1_0_0_0_1_1_0_0_0_0_0_1_0_1_1_1_0_0_0_0_1_0_0_0_0_0_0_0_0_0_0_0_0_0_0_1_1_1_1_1_1,1,0.00029666666666666665,2.357022603955159e-5,0.21428571428571427,246.6269841269841
0_1_0_1_1_1_1_0_1_0_0_1_0_0_0_0_1_0_0_1_0_0_0_1_1_1_0_0_0_0_0_0_1_0_0_0_0_0_1_1_1_1_1_1,1,0.0002933333333333333,3.299831645537221e-5,0.22448979591836735,217.26464646464646
0_1_0_1_1_1_1_0_1_1_1_0_1_1_0_0_1_0_0_1_0_1_1_0_1_1_0_0_0_0_0_1_1_0_0_0_0_1_1_1_0_0_1_0,1,0.0002933333333333333,3.681787005729088e-5,0.21428571428571427,253.5448275862069
1_1_1_0_1_0_0_0_0_1_0_1_1_1_0_0_1_0_1_0_0_1_0_0_0_0_1_0_0_0_0_1_1_1_0_0_0_1_1_1_0_0_0_0,1,0.0002933333333333333,4.642796092394707e-5,0.24489795918367346,260.0020625360944
1_0_1_0_0_0_0_1_0_1_0_0_1_0_1_1_1_1_1_0_0_0_1_0_0_0_1_0_0_0_0_0_0_1_0_0_0_0_1_1_1_1_0_1,1,0.0002933333333333333,1.6996731711975944e-5,0.21428571428571427,247.32138590203104
1_0_1_0_0_0_0_1_0_1_0_0_1_0_1_1_0_1_1_0_1_1_1_1_0_0_1_1_1_1_1_0_0_1_1_1_1_0_0_0_1_1_0_1,1,0.0002933333333333333,5.906681715556451e-5,0.21428571428571427,218.6919616331381
1_1_1_1_1_1_1_0_1_1_1_0_1_1_0_1_0_0_0_1_1_1_1_0_1_1_1_1_1_1_1_1_1_0_1_1_1_1_0_0_0_0_1_0,1,0.00029,6.377042156569664e-5,0.22959183673469388,212.14532163742692
1_1_1_1_1_1_1_0_0_1_1_1_1_1_0_1_0_0_0_1_1_1_1_1_1_1_1_1_1_1_1_1_1_1_1_1_1_1_0_0_0_0_1_0,1,0.00028999999999999995,5.354126134736336e-5,0.21428571428571427,236.6839826839827
0_0_0_0_0_1_1_1_0_1_0_0_0_0_1_0_1_1_1_0_0_0_0_0_0_0_0_0_0_0_0_0_0_1_0_0_0_1_1_1_1_1_0_1,1,0.0002866666666666667,1.247219128924646e-5,0.2193877551020408,203.58663260962112
1_1_1_1_1_0_0_0_1_0_1_1_1_1_0_1_0_0_0_1_1_1_1_1_1_1_1_1_1_1_1_1_1_0_1_1_1_0_0_0_0_0_1_0,1,0.0002866666666666667,5.436502143433364e-5,0.2193877551020408,194.72624798711755
0_1_0_0_0_0_0_1_1_0_0_1_0_0_0_0_1_0_0_0_0_1_0_1_0_0_0_0_0_0_0_1_0_0_0_0_0_0_1_1_1_1_0_1,1,0.00028333333333333335,1.8856180831641267e-5,0.23469387755102042,204.45240939864595
0_1_0_1_1_1_1_0_1_0_1_1_0_1_0_0_1_0_0_1_0_0_0_0_1_1_0_0_0_0_0_1_1_0_0_0_0_1_1_1_0_0_1_0,1,0.0002833333333333333,1.247219128924646e-5,0.21428571428571427,217.331569664903
1_0_1_1_1_1_0_0_0_1_1_0_1_1_1_1_1_1_1_1_0_1_1_0_1_1_1_0_0_0_0_0_1_1_0_0_0_1_1_1_0_0_1_0,1,0.0002833333333333333,3.6817870057290866e-5,0.21428571428571427,243.89430014430016
0_1_0_1_1_1_1_0_1_0_1_1_0_1_0_0_0_0_0_1_1_1_0_1_1_1_0_1_1_1_1_1_1_0_1_1_1_1_0_0_0_0_1_0,1,0.00028000000000000003,2.4494897427831778e-5,0.21428571428571427,237.4658986175115
1_0_1_0_0_0_0_1_0_0_0_1_0_0_1_1_0_1_1_0_1_1_0_1_0_0_1_1_1_1_1_0_0_1_1_1_1_0_0_0_1_1_0_1,1,0.00028000000000000003,2.1602468994692875e-5,0.20918367346938777,252.28425696167633
0_1_0_0_0_1_1_1_1_0_0_1_0_0_0_0_0_0_0_0_1_0_0_1_0_0_0_1_1_1_1_1_0_0_1_1_1_1_0_0_1_1_0_1,1,0.00028000000000000003,5.715476066494083e-5,0.20918367346938777,233.55458937198068
1_0_1_0_0_0_0_1_0_1_0_0_1_0_1_1_1_1_1_0_0_1_1_0_0_0_1_0_0_0_0_0_0_1_0_0_0_0_1_1_1_1_0_1,1,0.00028,4.08248290463863e-5,0.20918367346938777,218.182288725767
1_0_1_0_0_0_0_1_0_1_0_0_1_0_1_1_0_1_1_0_1_0_1_1_0_0_1_1_1_1_1_0_0_1_1_1_1_0_0_0_1_1_0_1,1,0.00027666666666666665,1.8856180831641267e-5,0.2193877551020408,236.25747126436784
0_0_0_0_0_0_0_1_0_0_0_0_1_0_1_1_1_1_1_0_0_1_0_0_0_0_0_0_0_0_0_0_0_1_0_0_0_0_1_1_1_1_0_1,1,0.00027333333333333333,4.496912521077347e-5,0.19387755102040816,269.05162738496074
0_0_0_0_0_0_1_1_1_0_0_1_0_0_1_0_0_1_0_0_1_1_0_1_0_0_0_1_1_1_1_0_0_0_1_1_1_0_0_0_1_1_0_1,1,0.00027333333333333333,6.548960901462833e-5,0.22448979591836735,260.8734335839599
0_0_0_0_0_1_1_1_0_1_0_0_0_0_1_0_0_1_1_0_1_0_0_1_0_0_0_1_1_1_1_0_0_1_1_1_1_1_0_0_1_1_0_1,1,0.00027333333333333333,5.2493385826745404e-5,0.22448979591836735,227.4027777777778
1_0_1_0_0_0_0_1_0_0_0_1_0_0_1_1_0_1_1_0_1_0_0_1_0_0_1_1_1_1_1_0_0_1_1_1_1_0_0_0_1_1_0_1,1,0.00027,4.082482904638631e-5,0.21428571428571427,251.97460718294053
0_1_0_1_1_1_1_0_1_0_1_1_1_1_0_0_0_0_0_1_1_0_0_1_1_1_0_1_1_1_1_1_1_0_1_1_1_0_0_0_0_0_1_0,1,0.00027,3.265986323710904e-5,0.20918367346938777,235.35314182813013
0_0_0_0_0_0_0_1_1_0_0_0_1_1_1_0_0_1_1_0_1_1_0_1_0_0_0_1_1_1_1_0_0_0_1_1_1_0_0_0_0_0_0_0,1,0.00027,5.354126134736338e-5,0.24489795918367346,254.26308985132516
0_1_0_0_0_0_0_1_0_0_0_1_0_0_0_1_1_0_0_0_0_1_1_0_0_0_0_0_0_0_0_1_0_1_0_0_0_1_1_1_1_1_0_1,1,0.0002666666666666667,3.6817870057290866e-5,0.2602040816326531,414.71217551862713
0_0_0_1_0_0_0_1_1_0_0_0_0_0_1_1_1_1_1_0_0_0_0_1_0_0_0_0_0_0_0_0_0_0_0_0_0_0_1_1_1_1_1_1,1,0.0002666666666666667,6.342099196813482e-5,0.24489795918367346,313.0744223847672
1_0_1_0_0_0_0_1_0_1_0_0_0_0_1_1_0_1_1_0_1_1_1_1_0_0_1_1_1_1_1_0_0_1_1_1_1_1_0_0_1_1_0_1,1,0.0002666666666666667,2.0548046676563253e-5,0.21428571428571427,228.00393784589187
1_1_1_1_1_1_1_0_0_1_1_1_0_0_0_1_1_0_0_1_0_1_1_0_1_1_1_0_0_0_0_1_1_1_0_0_0_1_1_1_1_1_1_1,1,0.0002666666666666666,2.8674417556808744e-5,0.25,274.1320450885668
1_1_1_1_1_1_1_0_0_1_1_1_1_1_0_0_1_0_0_1_0_0_1_0_1_1_1_0_0_0_0_1_1_1_0_0_0_1_1_1_0_0_1_0,1,0.00026333333333333336,5.436502143433364e-5,0.23469387755102042,301.84026970471984
1_1_1_1_1_1_1_0_0_1_1_1_0_1_0_0_1_0_0_1_0_0_0_0_1_1_1_0_0_0_0_1_1_1_0_0_0_1_1_1_0_0_1_0,1,0.00026333333333333336,1.8856180831641267e-5,0.24489795918367346,255.70574712643676
0_0_0_1_0_0_0_1_1_0_0_0_0_0_0_1_1_0_0_0_0_1_0_1_0_0_0_0_0_0_0_1_0_0_0_0_0_0_1_1_1_1_1_1,1,0.0002633333333333333,3.3993463423951894e-5,0.25,334.98775128564756
1_0_1_0_0_0_0_1_0_1_0_0_1_1_1_0_1_1_1_0_0_0_0_0_0_0_1_0_0_0_0_0_0_1_0_0_0_1_1_1_0_0_0_0,1,0.00026,4.3204937989385716e-5,0.2193877551020408,255.07142857142858
0_1_0_1_1_1_1_0_1_0_1_1_0_1_0_0_0_0_0_1_1_1_0_1_1_1_0_1_1_1_1_1_1_0_1_1_1_0_0_0_0_0_1_0,1,0.00026,4.08248290463863e-5,0.22959183673469388,209.15120721572336
0_0_0_0_0_0_0_1_1_0_0_0_0_0_1_1_0_1_1_0_1_1_0_1_0_0_0_1_1_1_1_0_0_0_1_1_1_0_0_0_1_1_0_1,1,0.00026,2.8284271247461885e-5,0.23469387755102042,284.8484848484849
0_1_0_0_0_0_0_1_1_0_0_1_0_0_0_0_1_0_0_0_0_0_0_0_0_0_0_0_0_0_0_0_0_0_0_0_0_0_1_1_1_1_0_1,1,0.0002566666666666667,1.2472191289246469e-5,0.22959183673469388,250.87962962962965
1_1_1_1_1_1_1_0_0_1_1_1_1_1_0_1_0_0_1_1_1_0_1_0_1_1_1_1_1_1_1_1_1_1_1_1_1_1_0_0_0_0_1_0,1,0.00025333333333333333,3.858612300930075e-5,0.2193877551020408,266.89208173690935
1_0_1_0_0_0_0_1_0_0_0_1_0_0_1_1_0_1_1_0_1_0_1_1_0_0_1_1_1_1_1_0_0_1_1_1_1_0_0_0_1_1_0_1,1,0.00025333333333333333,6.944222218666551e-5,0.2193877551020408,242.40783777625882
1_0_1_0_0_0_0_1_0_1_0_0_0_0_1_1_1_1_1_0_0_1_1_0_0_0_1_0_0_0_0_0_0_1_0_0_0_1_1_1_1_1_0_1,1,0.00025333333333333333,4.109609335312649e-5,0.20918367346938777,230.44017094017093
1_0_1_1_1_1_1_0_0_1_1_0_1_1_1_1_0_1_1_1_1_1_1_1_1_1_1_1_1_1_1_1_1_1_1_1_1_1_0_0_0_0_1_0,1,0.00025333333333333333,4.109609335312649e-5,0.22959183673469388,269.6837606837607
0_1_0_1_1_1_1_0_1_0_1_1_0_1_0_0_0_0_0_1_1_0_0_1_1_1_0_1_1_1_1_1_1_0_1_1_1_1_0_0_0_0_1_0,1,0.00025333333333333333,3.771236166328252e-5,0.20918367346938777,214.2380952380952
1_1_1_0_1_1_1_0_1_1_1_1_0_1_0_0_0_0_0_1_1_1_1_1_1_1_1_1_1_1_1_1_1_0_1_1_1_1_0_0_0_0_1_0,1,0.00025333333333333333,6.18241233033047e-5,0.19387755102040816,217.9830659536542
1_1_1_1_1_1_1_0_0_1_1_1_1_1_0_1_0_0_0_1_1_0_1_0_1_1_1_1_1_1_1_1_1_1_1_1_1_1_0_0_0_0_1_0,1,0.0002466666666666667,3.091206165165234e-5,0.22448979591836735,236.51015401390214
0_0_0_0_0_0_1_1_1_0_0_1_0_0_1_0_0_1_0_0_1_0_0_1_0_0_0_1_1_1_1_0_0_0_1_1_1_0_0_0_1_1_0_1,1,0.0002466666666666667,2.0548046676563253e-5,0.22959183673469388,236.74545454545455
1_1_1_0_0_0_0_0_0_1_0_1_0_0_0_1_0_0_1_0_1_0_1_1_0_0_1_1_1_1_1_0_1_1_1_1_1_1_0_0_1_1_0_1,1,0.0002466666666666667,4.496912521077347e-5,0.2755102040816326,262.9209142112368
1_0_1_0_0_0_0_1_0_0_0_1_0_0_1_1_0_1_1_0_1_1_1_1_0_0_1_1_1_1_1_0_0_1_1_1_1_0_0_0_1_1_0_1,1,0.0002466666666666667,3.299831645537221e-5,0.21428571428571427,253.5899014778325
1_1_1_0_1_1_1_0_0_1_1_1_1_1_0_1_0_0_0_1_1_1_1_0_1_1_1_1_1_1_1_1_1_1_1_1_1_1_0_0_0_0_0_0,1,0.00024333333333333333,4.714045207910317e-6,0.21428571428571427,238.13333333333333
0_0_0_1_0_0_0_1_1_0_0_0_0_0_0_1_1_0_0_0_0_1_0_0_0_0_0_0_0_0_0_1_0_0_0_0_0_0_1_1_1_1_1_1,1,0.00024333333333333333,2.3570226039551568e-5,0.23469387755102042,324.37118437118437
0_0_0_0_0_0_0_1_1_0_0_0_1_1_1_0_1_1_1_0_0_1_0_0_0_0_0_0_0_0_0_0_0_0_0_0_0_0_1_1_0_0_0_0,1,0.00024,6.976149845485451e-5,0.25,259.7083333333333
1_1_1_0_0_0_0_0_0_1_0_1_0_0_0_1_1_0_1_0_0_0_1_0_0_0_1_0_0_0_0_0_1_1_0_0_0_1_1_1_1_1_0_1,1,0.00024,5.354126134736336e-5,0.27040816326530615,260.92800374006544
1_1_1_0_1_0_0_0_0_1_0_1_0_1_0_0_1_0_1_0_0_1_0_0_0_0_1_0_0_0_0_1_1_1_0_0_0_1_1_1_0_0_0_0,1,0.00024,3.559026084010437e-5,0.25,248.91028511718164
1_1_1_0_1_1_1_0_0_1_1_1_1_1_1_0_0_1_1_1_1_0_1_1_1_1_1_1_1_1_1_0_1_1_1_1_1_1_0_0_0_0_0_0,1,0.00023999999999999998,4.5460605656619504e-5,0.23469387755102042,348.4685990338164
0_1_0_0_0_1_1_1_1_0_0_0_0_0_0_0_1_0_0_0_0_1_0_0_0_0_0_0_0_0_0_1_0_0_0_0_0_1_1_1_1_1_0_1,1,0.00023999999999999998,5.6568542494923784e-5,0.20918367346938777,216.07142857142858
0_1_0_1_1_1_1_0_1_0_1_1_1_1_0_0_1_0_0_1_0_0_0_0_1_1_0_0_0_0_0_1_1_0_0_0_0_0_1_1_0_0_1_0,1,0.0002366666666666667,4.1096093353126506e-5,0.21428571428571427,206.81738078329258
1_1_1_0_1_1_1_0_0_1_1_1_1_1_0_0_0_0_0_1_1_1_1_1_1_1_1_1_1_1_1_1_1_1_1_1_1_1_0_0_0_0_0_0,1,0.00023666666666666668,5.24933858267454e-5,0.22959183673469388,294.2541838467136
0_0_0_0_0_0_0_1_0_0_0_1_0_0_1_1_0_1_1_0_1_0_0_1_0_0_0_1_1_1_1_0_0_1_1_1_1_0_0_0_1_1_0_1,1,0.00023666666666666668,4.714045207910317e-6,0.23979591836734693,261.4855072463768
0_1_0_1_1_1_1_0_1_0_1_1_0_1_0_0_1_0_0_1_0_1_0_0_1_1_0_0_0_0_0_1_1_0_0_0_0_0_1_1_0_0_1_0,1,0.00023666666666666668,4.714045207910317e-6,0.23469387755102042,231.08695652173913
1_1_1_0_1_1_1_0_0_1_1_1_0_1_1_0_1_1_1_1_0_0_1_0_1_1_1_0_0_0_0_0_1_1_0_0_0_1_1_1_0_0_0_0,1,0.00023333333333333336,5.5577773335110216e-5,0.24489795918367346,285.58627752176136
0_1_0_0_0_0_1_1_1_0_0_1_0_0_0_0_0_0_0_0_1_0_0_1_0_0_0_1_1_1_1_1_0_0_1_1_1_1_0_0_1_1_0_1,1,0.00023333333333333333,4.109609335312649e-5,0.20918367346938777,255.0925925925926
0_0_0_0_0_0_0_1_1_0_0_1_0_0_1_0_0_1_0_0_1_0_0_1_0_0_0_1_1_1_1_0_0_0_1_1_1_0_0_0_1_1_0_1,1,0.00023333333333333333,1.247219128924647e-5,0.23469387755102042,236.50171277997364
1_1_1_1_1_1_1_0_0_1_1_0_1_1_0_1_1_0_1_1_0_0_1_0_1_1_1_0_0_0_0_1_1_1_0_0_0_1_1_1_0_0_1_0,1,0.00023333333333333333,4.784233364802439e-5,0.22959183673469388,222.01837928153716
1_0_1_0_0_1_0_1_0_1_1_0_1_0_1_1_1_1_1_0_0_0_1_0_0_0_1_0_0_0_0_0_0_1_0_0_0_1_1_1_1_1_0_0,1,0.00023000000000000003,3.265986323710904e-5,0.22448979591836735,205.49481594485408
1_0_1_0_0_1_0_1_0_1_0_0_0_0_1_1_0_1_1_0_1_1_1_1_0_0_1_1_1_1_1_1_0_1_1_1_1_1_0_0_1_1_0_1,1,0.00023000000000000003,2.1602468994692865e-5,0.23979591836734693,228.66666666666666
0_0_0_0_0_0_0_1_0_1_0_0_1_1_1_0_1_1_1_0_0_1_0_0_0_0_0_0_0_0_0_0_0_1_0_0_0_0_1_1_0_0_0_0,1,0.00022999999999999998,3.5590260840104354e-5,0.21428571428571427,230.37301587301587
1_0_1_0_0_0_0_1_0_1_0_0_1_0_1_1_1_1_1_0_0_0_1_0_0_0_1_0_0_0_0_0_0_1_0_0_0_1_1_1_1_1_0_1,1,0.00022999999999999998,3.7416573867739396e-5,0.22959183673469388,237.1610845295056
0_0_0_0_0_0_0_1_1_0_0_0_0_0_1_0_1_1_1_0_0_0_0_0_0_0_0_0_0_0_0_0_0_0_0_0_0_0_1_1_1_1_0_1,1,0.00022666666666666668,1.6996731711975947e-5,0.21428571428571427,242.6023088023088
0_1_0_1_1_0_1_0_1_0_0_1_0_0_0_0_1_0_0_1_0_1_0_1_1_1_0_0_0_0_0_1_1_0_0_0_0_0_1_1_1_1_1_1,1,0.00022666666666666668,8.178562764256866e-5,0.22448979591836735,225.68145854833162
0_1_0_1_1_1_1_0_1_0_1_1_0_0_0_1_0_0_0_1_1_1_1_1_1_1_0_1_1_1_1_1_1_0_1_1_1_0_0_0_1_1_1_1,1,0.00022666666666666668,1.6996731711975947e-5,0.2193877551020408,253.94314574314572
1_1_1_1_1_1_1_0_1_0_1_1_1_1_0_1_0_0_0_1_1_1_1_1_1_1_1_1_1_1_1_1_1_1_1_1_1_0_0_0_0_0_1_0,1,0.00022333333333333333,2.8674417556808744e-5,0.21428571428571427,202.15985768617347
1_1_1_1_1_1_1_0_1_1_1_0_1_1_0_0_1_0_0_1_0_0_0_0_1_1_1_0_0_0_0_1_1_0_0_0_0_1_1_1_0_0_1_0,1,0.00022333333333333333,1.247219128924647e-5,0.23979591836734693,261.2518037518038
1_1_1_1_1_1_1_0_1_0_1_1_1_1_0_1_1_0_0_1_0_1_1_0_1_1_1_0_0_0_0_1_1_1_0_0_0_0_1_1_0_0_1_0,1,0.00022,2.9439202887759477e-5,0.2193877551020408,195.30428635691794
1_0_1_0_0_0_0_1_0_1_1_0_1_0_1_1_1_1_1_0_0_1_1_0_0_0_1_0_0_0_0_0_0_1_0_0_0_0_1_1_1_1_0_0,1,0.00022,3.7416573867739416e-5,0.19387755102040816,179.73544973544972
0_0_0_1_1_1_1_1_1_0_1_0_1_1_1_0_1_1_0_1_0_1_0_0_1_1_0_0_0_0_0_1_0_0_0_0_0_0_1_1_0_0_1_0,1,0.00022,8.16496580927726e-6,0.2755102040816326,276.4351590438547
1_0_1_0_0_0_0_1_0_1_1_0_1_0_1_1_0_1_1_0_1_1_1_1_0_0_1_1_1_1_1_0_0_1_1_1_1_0_0_0_1_1_0_0,1,0.00022,2.4494897427831778e-5,0.1989795918367347,173.42775119617227
0_0_0_1_0_1_1_1_1_0_1_0_1_0_1_1_0_1_0_1_1_0_1_1_1_1_0_1_1_1_1_0_0_0_1_1_1_0_0_0_1_1_1_1,1,0.00022,5.71547606649408e-5,0.25,242.2528379772962
1_1_1_0_1_1_1_0_0_1_1_1_1_1_1_0_0_1_1_1_1_0_1_0_1_1_1_1_1_1_1_0_1_1_1_1_1_1_0_0_0_0_0_0,1,0.00022,2.82842712474619e-5,0.25,322.962962962963
0_0_0_1_0_0_0_1_1_0_0_0_0_0_1_1_1_1_1_0_0_0_0_0_0_0_0_0_0_0_0_0_0_0_0_0_0_0_1_1_1_1_1_1,1,0.00021666666666666668,2.62466929133727e-5,0.22959183673469388,281.8498389694042
0_0_0_0_0_0_0_1_1_0_0_1_0_0_1_0_0_1_0_0_1_1_0_1_0_0_0_1_1_1_1_0_0_0_1_1_1_0_0_0_1_1_0_1,1,0.00021666666666666666,1.6996731711975947e-5,0.22959183673469388,243.31746031746033
0_1_0_1_1_1_1_0_1_0_0_1_0_1_0_0_1_0_0_1_0_1_0_0_1_1_0_0_0_0_0_1_1_0_0_0_0_1_1_1_0_0_1_1,1,0.00021666666666666666,4.496912521077346e-5,0.20408163265306123,196.69729880256196
1_1_1_1_1_1_1_0_1_1_1_0_0_1_0_0_1_0_0_1_0_0_0_0_1_1_1_0_0_0_0_1_1_0_0_0_0_1_1_1_0_0_1_0,1,0.00021666666666666666,2.494438257849294e-5,0.24489795918367346,240.224895572264
0_0_0_0_0_0_0_1_0_0_0_1_0_0_1_1_0_1_1_0_1_0_1_1_0_0_0_1_1_1_1_0_0_1_1_1_1_0_0_0_1_1_0_1,1,0.00021666666666666666,4.1096093353126506e-5,0.24489795918367346,259.3733789812221
0_0_0_1_0_0_0_1_0_0_0_0_1_1_1_1_0_1_1_0_1_0_0_1_0_0_0_1_1_1_1_0_0_1_1_1_1_0_0_0_0_1_0_1,1,0.00021666666666666666,2.6246692913372702e-5,0.20408163265306123,190.4488727858293
0_1_0_0_0_0_1_1_1_0_0_0_0_0_0_0_1_0_0_0_0_1_0_0_0_0_0_0_0_0_0_1_0_0_0_0_0_1_1_1_1_1_0_1,1,0.00021666666666666666,3.3993463423951894e-5,0.20918367346938777,242.92071611253198
0_0_0_0_0_0_0_1_0_0_0_1_1_0_1_1_0_1_1_0_1_1_1_1_0_0_0_1_1_1_1_0_0_1_1_1_1_0_0_0_1_1_0_1,1,0.00021333333333333336,2.8674417556808754e-5,0.24489795918367346,245.821164021164
1_0_1_1_1_0_0_0_0_1_1_0_1_1_1_1_1_1_1_1_0_1_1_0_1_1_1_0_0_0_0_0_1_1_0_0_0_0_1_1_0_0_1_0,1,0.00021333333333333336,2.6246692913372702e-5,0.20918367346938777,247.39649122807018
0_0_0_1_1_1_1_1_1_0_1_0_1_1_1_0_0_1_0_1_1_1_0_1_1_1_0_1_1_1_1_1_0_0_1_1_1_0_0_0_0_0_1_0,1,0.00021333333333333336,3.299831645537221e-5,0.27040816326530615,294.64099821746885
0_1_0_1_1_1_1_0_1_0_0_1_0_1_0_0_0_0_0_1_1_1_0_1_1_1_0_1_1_1_1_1_1_0_1_1_1_1_0_0_0_0_1_1,1,0.0002133333333333333,3.2998316455372206e-5,0.1989795918367347,209.65587044534414
1_1_1_1_1_1_1_0_0_1_1_1_0_0_0_1_1_0_0_1_0_0_1_0_1_1_1_0_0_0_0_1_1_1_0_0_0_1_1_1_1_1_1_1,1,0.0002133333333333333,6.018490028422597e-5,0.24489795918367346,262.62820512820514
1_1_1_1_1_0_0_0_1_0_1_1_1_1_0_1_1_0_0_1_0_1_1_0_1_1_1_0_0_0_0_1_1_0_0_0_0_0_1_1_0_0_1_0,1,0.0002133333333333333,2.0548046676563253e-5,0.22448979591836735,201.45467836257308
1_1_1_1_1_1_0_0_0_1_1_0_1_1_0_1_1_0_1_1_0_0_1_0_1_1_1_0_0_0_0_1_1_1_0_0_0_1_1_1_0_0_1_0,1,0.00021,4.242640687119285e-5,0.22448979591836735,237.46913580246914
1_1_1_1_1_1_1_0_1_0_1_1_0_0_0_1_0_0_0_1_1_1_1_1_1_1_1_1_1_1_1_1_1_0_1_1_1_1_0_0_1_1_1_1,1,0.00021,3.7416573867739396e-5,0.2193877551020408,221.67496229260937
1_1_1_1_1_1_1_0_1_1_1_0_1_1_0_0_1_0_0_1_0_0_1_0_1_1_1_0_0_0_0_1_1_0_0_0_0_1_1_1_0_0_1_0,1,0.00021,4.242640687119286e-5,0.23469387755102042,257.0
1_1_1_0_1_1_1_0_0_1_1_1_0_1_0_0_1_0_0_1_0_1_1_0_1_1_1_0_0_0_0_1_1_1_0_0_0_1_1_1_0_0_0_0,1,0.00021,2.82842712474619e-5,0.23979591836734693,245.74595055413474
0_1_0_1_1_1_1_0_1_1_1_0_1_1_0_0_1_0_0_1_0_0_1_0_1_1_0_0_0_0_0_1_1_0_0_0_0_1_1_1_0_0_1_0,1,0.00021,5.715476066494082e-5,0.20918367346938777,236.19492337164752
0_0_0_1_0_0_0_1_0_0_0_0_1_1_1_1_1_1_1_0_0_0_0_0_0_0_0_0_0_0_0_0_0_1_0_0_0_0_1_1_0_1_0_1,1,0.00021,2.4494897427831778e-5,0.20918367346938777,199.82804232804233
1_0_1_0_0_0_0_1_0_1_1_0_1_0_1_1_1_1_1_0_0_0_1_0_0_0_1_0_0_0_0_0_0_1_0_0_0_0_1_1_1_1_0_0,1,0.00020999999999999998,5.099019513592785e-5,0.1989795918367347,197.2774327122153
1_1_1_1_1_1_1_0_1_1_1_1_0_0_0_0_1_0_0_1_0_0_1_0_1_1_1_0_0_0_0_1_1_0_0_0_0_1_1_1_1_0_1_0,1,0.00020666666666666666,3.8586123009300736e-5,0.20408163265306123,228.10947050885133
1_1_1_1_1_1_1_0_1_1_1_0_1_1_0_0_1_0_0_1_0_1_0_0_1_1_1_0_0_0_0_1_1_0_0_0_0_1_1_1_0_0_1_0,1,0.00020666666666666666,3.771236166328252e-5,0.24489795918367346,247.022792022792
1_1_1_1_1_1_1_0_1_1_1_0_1_1_0_0_1_0_0_1_0_1_1_0_1_1_1_0_0_0_0_1_1_0_0_0_0_1_1_1_0_0_1_0,1,0.00020666666666666666,4.988876515698588e-5,0.23979591836734693,268.3433233433234
1_0_1_0_0_0_0_1_0_1_0_0_0_0_1_1_1_1_1_0_0_1_1_0_0_0_1_0_0_0_0_1_0_1_0_0_0_1_1_1_1_1_0_1,1,0.00020666666666666666,4.642796092394706e-5,0.22448979591836735,223.40805717998697
1_1_1_1_1_1_1_0_0_1_1_1_0_0_0_1_0_0_0_1_1_0_1_1_1_1_1_1_1_1_1_1_1_1_1_1_1_1_0_0_1_1_1_1,1,0.00020333333333333336,3.3993463423951894e-5,0.25,276.1205366357069
0_0_0_0_0_0_0_1_0_0_0_1_0_0_1_1_0_1_1_0_1_1_0_1_0_0_0_1_1_1_1_0_0_1_1_1_1_0_0_0_1_1_0_1,1,0.00020333333333333336,9.428090415820634e-6,0.23469387755102042,235.87301587301587
0_0_0_0_0_1_1_1_1_0_0_1_0_0_1_0_0_1_0_1_1_1_0_1_1_1_0_1_1_1_1_0_0_0_1_1_1_0_0_0_1_1_1_1,1,0.00020333333333333333,2.62466929133727e-5,0.2193877551020408,194.7733918128655
1_1_1_1_1_1_1_0_0_1_1_1_0_0_0_1_0_0_0_1_1_1_1_1_1_1_1_1_1_1_1_1_1_1_1_1_1_1_0_0_1_1_1_1,1,0.00020333333333333333,4.642796092394708e-5,0.25510204081632654,289.0190476190476
0_1_0_0_0_0_0_1_0_0_0_1_0_0_0_0_1_0_0_0_0_1_0_1_0_0_0_0_0_0_0_1_0_1_0_0_0_1_1_1_1_1_0_1,1,0.0002,8.16496580927726e-6,0.22959183673469388,236.86173767752715
1_1_1_0_1_0_0_0_0_1_0_1_1_1_0_0_1_0_1_0_0_0_0_0_0_0_1_0_0_0_0_0_1_1_0_0_0_1_1_1_0_0_0_0,1,0.0002,2.4494897427831778e-5,0.25510204081632654,282.14151747655586
1_1_1_1_1_1_1_0_0_1_1_1_1_1_0_0_1_0_0_1_0_0_0_0_1_1_1_0_0_0_0_1_1_1_0_0_0_1_1_1_0_0_1_0,1,0.0002,1.632993161855452e-5,0.23979591836734693,299.0555555555556
1_0_1_1_1_1_1_0_1_1_1_0_1_1_1_1_0_1_1_1_1_0_1_0_1_1_1_1_1_1_1_0_1_0_1_1_1_0_0_0_0_0_1_0,1,0.0002,2.4494897427831778e-5,0.22959183673469388,229.47996589940325
1_0_1_1_1_1_0_0_0_1_1_1_1_1_1_1_0_1_1_1_1_0_1_1_1_1_1_1_1_1_1_0_1_1_1_1_1_0_0_0_0_0_1_0,1,0.0002,2.4494897427831778e-5,0.20918367346938777,247.0072463768116
1_1_1_0_1_0_0_0_0_1_0_1_0_1_0_0_1_0_1_0_0_0_0_0_0_0_1_0_0_0_0_0_1_1_0_0_0_1_1_1_0_0_0_0,1,0.0002,4.546060565661953e-5,0.2602040816326531,262.4031746031746
0_0_0_0_0_0_0_1_1_0_0_0_1_1_1_0_1_1_1_0_0_0_0_0_0_0_0_0_0_0_0_0_0_0_0_0_0_0_1_1_0_0_0_0,1,0.00019666666666666669,4.714045207910317e-6,0.25510204081632654,258.7105263157895
1_0_1_1_1_1_1_0_0_1_1_0_1_1_1_1_1_1_1_1_0_1_1_0_1_1_1_0_0_0_0_0_1_1_0_0_0_1_1_1_0_0_1_0,1,0.00019666666666666669,2.8674417556808754e-5,0.2193877551020408,232.83695652173913
1_1_1_1_1_1_1_0_1_0_1_1_0_0_0_1_0_0_0_1_1_0_1_1_1_1_1_1_1_1_1_1_1_0_1_1_1_1_0_0_1_1_1_1,1,0.00019666666666666669,3.399346342395191e-5,0.21428571428571427,216.67494824016566
0_0_0_1_0_1_1_1_1_0_1_0_0_0_1_1_0_1_0_1_1_1_1_1_1_1_0_1_1_1_1_1_0_0_1_1_1_0_0_0_1_1_1_1,1,0.00019666666666666669,9.428090415820634e-6,0.25510204081632654,248.4126984126984
0_0_0_1_0_1_1_1_1_0_1_0_1_0_1_1_0_1_0_1_1_1_1_1_1_1_0_1_1_1_1_1_0_0_1_1_1_0_0_0_1_1_1_1,1,0.00019666666666666669,9.428090415820634e-6,0.2602040816326531,253.29991645781118
1_0_1_1_1_1_0_0_0_1_1_0_1_1_1_1_1_1_1_1_0_1_1_0_1_1_1_0_0_0_0_0_1_1_0_0_0_0_1_1_0_0_1_0,1,0.00019666666666666669,3.399346342395191e-5,0.20918367346938777,254.1311249137336
1_1_1_1_1_1_1_0_1_1_1_0_0_1_0_0_1_0_0_1_0_1_0_0_1_1_1_0_0_0_0_1_1_0_0_0_0_1_1_1_0_0_1_0,1,0.00019666666666666669,5.249338582674541e-5,0.25,222.86274509803923
0_0_0_0_0_0_0_1_0_1_0_0_0_0_1_0_1_1_1_0_0_0_0_0_0_0_0_0_0_0_0_0_0_0_0_0_0_1_1_1_1_1_0_1,1,0.00019666666666666669,2.494438257849294e-5,0.21428571428571427,202.62619464261675
0_0_0_0_0_0_0_1_0_0_0_0_1_1_1_1_0_1_1_0_1_1_0_1_0_0_0_1_1_1_1_0_0_1_1_1_1_0_0_0_0_1_0_1,1,0.00019333333333333333,4.02768199119819e-5,0.20408163265306123,240.77303921568625
1_0_1_1_1_0_0_0_0_1_1_1_1_1_1_1_0_1_1_1_1_0_1_1_1_1_1_1_1_1_1_0_1_1_1_1_1_0_0_0_0_0_1_0,1,0.00019333333333333333,9.428090415820634e-6,0.20918367346938777,216.61111111111111
1_1_1_1_1_1_0_0_0_1_1_0_1_1_0_1_1_0_1_1_0_1_1_0_1_1_1_0_0_0_0_1_1_1_0_0_0_1_1_1_0_0_1_0,1,0.00019333333333333333,1.6996731711975947e-5,0.22959183673469388,234.36321195144725
0_0_0_0_0_0_0_1_0_0_0_1_0_0_1_1_0_1_1_0_1_1_1_1_0_0_0_1_1_1_1_0_0_1_1_1_1_0_0_0_1_1_0_1,1,0.00019333333333333333,2.494438257849294e-5,0.23979591836734693,269.03409090909093
1_1_1_1_1_1_1_0_0_1_1_1_1_1_0_0_1_0_0_1_0_1_1_0_1_1_1_0_0_0_0_1_1_1_0_0_0_1_1_1_0_0_1_0,1,0.00019333333333333333,1.8856180831641267e-5,0.23979591836734693,295.5723905723906
0_0_0_0_0_0_0_1_1_0_0_0_1_0_1_1_0_1_1_0_1_1_1_1_0_0_0_1_1_1_1_0_0_0_1_1_1_0_0_0_1_1_0_1,1,0.00019333333333333333,3.299831645537223e-5,0.24489795918367346,239.82608695652175
0_1_0_1_1_1_1_0_1_1_1_0_1_1_0_0_1_0_0_1_0_1_0_0_1_1_0_0_0_0_0_1_1_0_0_0_0_1_1_1_0_0_1_0,1,0.00019333333333333333,1.6996731711975947e-5,0.2193877551020408,249.01960784313724
0_0_0_0_0_0_0_1_0_1_0_0_1_1_1_0_1_1_1_0_0_0_0_0_0_0_0_0_0_0_0_0_0_1_0_0_0_0_1_1_0_0_0_0,1,0.00019333333333333333,2.494438257849294e-5,0.2193877551020408,222.27651515151516
0_0_0_0_0_0_0_1_0_0_0_1_1_0_1_1_0_1_1_0_1_0_1_1_0_0_0_1_1_1_1_0_0_1_1_1_1_0_0_0_1_1_0_1,1,0.00019000000000000004,1.4142135623730948e-5,0.25,228.96825396825398
0_1_0_1_1_1_1_0_1_0_1_1_1_1_0_0_0_0_0_1_1_0_0_1_1_1_0_1_1_1_1_0_1_0_1_1_1_0_0_0_0_0_1_0,1,0.00018999999999999998,3.2659863237109046e-5,0.22448979591836735,220.58835494533434
1_1_1_1_1_1_1_0_0_1_1_0_1_1_0_1_1_0_1_1_0_1_1_0_1_1_1_0_0_0_0_1_1_1_0_0_0_1_1_1_0_0_1_0,1,0.00018999999999999998,5.3541261347363375e-5,0.23469387755102042,236.36666666666667
1_1_1_0_1_1_1_0_0_1_1_1_0_1_0_0_0_0_0_1_1_1_0_0_1_1_1_1_1_1_1_1_1_1_1_1_1_1_0_0_0_0_0_0,1,0.00018999999999999998,2.710505431213761e-20,0.25510204081632654,255.26315789473685
1_1_1_0_1_1_1_0_1_1_1_1_0_0_0_0_0_0_0_1_1_1_1_1_1_1_1_1_1_1_1_1_1_0_1_1_1_1_0_0_1_0_1_0,1,0.00018999999999999998,3.2659863237109046e-5,0.20918367346938777,197.116704805492
0_0_0_0_0_0_0_1_1_0_0_0_0_0_1_0_1_1_1_0_0_1_0_1_0_0_0_0_0_0_0_0_0_0_0_0_0_0_1_1_1_1_0_1,1,0.00018666666666666666,4.4969125210773474e-5,0.22448979591836735,221.7722222222222
0_0_0_0_0_0_0_1_1_0_0_0_0_0_1_1_0_1_1_0_1_1_1_1_0_0_0_1_1_1_1_0_0_0_1_1_1_0_0_0_1_1_0_1,1,0.00018666666666666666,4.496912521077348e-5,0.23979591836734693,287.332995951417
1_1_1_1_1_1_1_0_0_1_1_1_1_0_1_0_1_1_0_1_0_0_1_0_1_1_1_0_0_0_0_0_1_1_0_0_0_1_1_1_1_0_1_0,1,0.00018333333333333334,2.8674417556808764e-5,0.2755102040816326,288.66329966329965
1_1_1_1_1_0_0_0_0_1_1_0_1_1_0_1_1_0_1_0_0_0_1_0_0_0_1_0_0_0_0_1_1_1_0_0_0_1_1_1_0_0_0_0,1,0.00018333333333333334,4.642796092394706e-5,0.2193877551020408,212.74637681159422
1_0_1_0_0_1_0_1_0_1_1_0_1_1_1_1_0_1_1_0_1_1_1_0_0_0_1_1_1_1_1_1_0_1_1_1_1_1_0_0_0_0_0_0,1,0.00018333333333333334,3.299831645537223e-5,0.23469387755102042,213.2421964000911
0_1_0_0_0_1_1_1_1_0_0_1_0_0_0_1_0_0_0_0_1_1_1_1_0_0_0_1_1_1_1_1_0_0_1_1_1_1_0_0_1_1_0_1,1,0.00018333333333333334,3.8586123009300757e-5,0.25,377.8706293706294
1_1_1_0_1_1_1_0_0_1_1_1_1_1_1_0_0_1_1_1_1_0_0_0_1_1_1_1_1_1_1_0_1_1_1_1_1_1_0_0_0_0_0_0,1,0.00018333333333333334,2.62466929133727e-5,0.25510204081632654,294.15775401069516
0_0_0_1_0_0_0_1_1_0_0_0_0_0_1_1_1_1_1_0_0_0_1_1_0_0_0_0_0_0_0_0_0_0_0_0_0_0_1_1_1_1_1_1,1,0.00018333333333333334,2.494438257849295e-5,0.25,286.34753550543024
0_0_0_0_0_0_0_1_1_0_0_0_1_1_1_0_0_1_1_0_1_0_0_1_0_0_0_1_1_1_1_0_0_0_1_1_1_0_0_0_0_0_0_0,1,0.0001833333333333333,3.681787005729088e-5,0.25,290.4347826086956
1_1_1_1_1_1_1_0_1_1_1_1_0_0_0_0_0_0_0_1_1_0_1_1_1_1_1_1_1_1_1_1_1_0_1_1_1_1_0_0_1_0_1_0,1,0.00018,8.16496580927726e-6,0.20918367346938777,228.59362458433665
0_1_0_1_1_1_1_0_1_1_1_0_1_1_0_0_1_0_0_1_0_0_0_0_1_1_0_0_0_0_0_1_1_0_0_0_0_1_1_1_0_0_1_0,1,0.00018,4.3204937989385736e-5,0.21428571428571427,246.32828282828282
0_0_0_1_0_0_0_1_1_0_0_0_0_0_0_1_1_0_0_0_0_1_1_0_0_0_0_0_0_0_0_1_0_0_0_0_0_0_1_1_1_1_1_1,1,0.00018,2.1602468994692878e-5,0.23979591836734693,339.4269005847953
0_0_0_0_0_0_0_1_1_0_0_0_1_0_1_1_0_1_1_0_1_0_1_1_0_0_0_1_1_1_1_0_0_0_1_1_1_0_0_0_1_1_0_1,1,0.00018,2.1602468994692878e-5,0.25,268.60818713450294
0_0_0_0_0_0_0_1_0_0_0_0_1_1_1_1_1_1_1_0_0_1_0_0_0_0_0_0_0_0_0_0_0_1_0_0_0_0_1_1_0_1_0_1,1,0.00018,1.414213562373095e-5,0.20918367346938777,203.2156862745098
1_0_1_0_0_0_0_1_0_1_0_0_1_0_1_1_0_1_1_0_1_0_1_1_0_0_1_1_1_1_1_0_0_1_1_1_1_1_0_0_1_1_0_1,1,0.00018,5.099019513592785e-5,0.23469387755102042,215.2217948717949
1_0_1_1_1_0_0_0_0_1_1_0_1_1_1_1_0_1_1_1_1_1_1_1_1_1_1_1_1_1_1_0_1_1_1_1_1_0_0_0_0_0_1_0,1,0.0001766666666666667,3.8586123009300757e-5,0.21428571428571427,226.36516563146998
1_0_1_0_0_0_0_1_0_1_1_0_1_0_1_1_1_1_1_0_0_1_1_0_0_0_1_0_0_0_0_1_0_1_0_0_0_1_1_1_1_1_0_0,1,0.0001766666666666667,6.182412330330468e-5,0.22448979591836735,208.46100759144238
1_0_1_0_0_0_0_1_0_1_0_0_1_1_1_0_1_1_1_0_0_0_0_0_0_0_1_0_0_0_0_0_0_1_0_0_0_0_1_1_0_0_0_0,1,0.00017666666666666666,3.399346342395191e-5,0.20408163265306123,242.60651629072683
0_0_0_1_0_0_0_1_1_0_0_0_1_0_0_1_0_0_0_0_1_1_0_1_0_0_0_1_1_1_1_1_0_0_1_1_1_0_0_0_1_1_1_1,1,0.00017666666666666666,4.496912521077348e-5,0.24489795918367346,284.79761904761904
1_0_1_1_1_1_1_0_0_1_1_0_1_1_1_1_0_1_1_1_1_0_1_0_1_1_1_1_1_1_1_0_1_1_1_1_1_1_0_0_0_0_1_0,1,0.00017666666666666666,4.109609335312652e-5,0.23469387755102042,207.82871007934946
1_0_1_0_0_0_0_1_0_1_1_0_1_0_1_1_0_1_1_0_1_0_1_1_0_0_1_1_1_1_1_0_0_1_1_1_1_0_0_0_1_1_0_0,1,0.00017666666666666666,3.8586123009300757e-5,0.20408163265306123,176.79089026915116
0_0_0_0_0_1_1_1_0_1_0_0_0_0_1_0_0_1_1_0_1_1_0_1_0_0_0_1_1_1_1_0_0_1_1_1_1_1_0_0_1_1_0_1,1,0.00017666666666666666,2.8674417556808764e-5,0.2193877551020408,191.87830687830686
0_1_0_1_1_1_1_0_1_0_0_1_0_1_0_0_0_0_0_1_1_0_0_1_1_1_0_1_1_1_1_1_1_0_1_1_1_0_0_0_0_0_1_1,1,0.00017666666666666666,1.6996731711975947e-5,0.20918367346938777,229.0343137254902
1_1_1_0_1_1_1_0_1_1_1_1_0_0_0_0_1_0_0_1_0_1_1_0_1_1_1_0_0_0_0_1_1_0_0_0_0_1_1_1_1_0_1_0,1,0.00017333333333333336,1.247219128924647e-5,0.20408163265306123,205.37861197110422
1_1_1_0_1_1_1_0_0_1_1_1_1_1_1_0_0_1_1_1_1_0_0_1_1_1_1_1_1_1_1_0_1_1_1_1_1_1_0_0_0_0_0_0,1,0.00017333333333333336,1.699673171197596e-5,0.23979591836734693,323.4970760233918
1_1_1_1_1_0_1_0_1_0_1_1_1_1_0_0_0_0_0_1_1_1_0_1_1_1_1_1_1_1_1_1_1_0_1_1_1_0_0_0_0_0_1_0,1,0.0001733333333333333,1.699673171197596e-5,0.2602040816326531,234.61793372319687
0_0_0_1_0_0_0_1_1_0_0_0_0_0_1_1_1_1_1_0_0_0_1_0_0_0_0_0_0_0_0_0_0_0_0_0_0_0_1_1_1_1_1_1,1,0.0001733333333333333,8.993825042154693e-5,0.23469387755102042,264.6666666666667
1_0_1_0_0_1_0_1_0_1_1_0_1_0_1_1_0_1_1_0_1_0_1_1_0_0_1_1_1_1_1_0_0_1_1_1_1_1_0_0_1_1_0_0,1,0.0001733333333333333,4.784233364802442e-5,0.22959183673469388,228.79273504273507
1_1_1_0_1_1_1_0_0_1_1_1_1_0_0_0_1_0_0_1_0_1_1_0_1_1_1_0_0_0_0_1_1_1_0_0_0_1_1_1_1_0_0_0,1,0.00017,4.0824829046386304e-5,0.25,251.12596553773025
0_1_0_1_1_1_1_0_1_0_0_1_0_1_0_0_1_0_0_1_0_0_0_0_1_1_0_0_0_0_0_1_1_0_0_0_0_1_1_1_0_0_1_1,1,0.00017,5.656854249492381e-5,0.1989795918367347,188.32820512820513
0_1_0_1_1_0_1_0_1_0_0_1_0_1_0_0_0_0_0_1_1_1_0_1_1_1_0_1_1_1_1_1_1_0_1_1_1_0_0_0_0_0_1_1,1,0.00017,3.5590260840104375e-5,0.22448979591836735,216.00877192982455
0_1_0_1_1_0_1_0_1_0_1_1_1_1_0_0_0_0_0_1_1_0_0_1_1_1_0_1_1_1_1_0_1_0_1_1_1_0_0_0_0_0_1_0,1,0.00016999999999999999,3.559026084010438e-5,0.23469387755102042,239.02597402597402
1_0_1_0_0_0_0_1_0_1_0_0_1_1_1_0_1_1_1_0_0_0_1_0_0_0_1_0_0_0_0_0_0_1_0_0_0_1_1_1_0_0_0_0,1,0.00016666666666666666,1.6996731711975957e-5,0.22448979591836735,224.63669590643272
0_1_0_1_1_0_1_0_1_0_1_1_1_1_0_0_1_0_0_1_0_0_0_0_1_1_0_0_0_0_0_0_1_0_0_0_0_0_1_1_0_0_1_0,1,0.00016666666666666666,1.2472191289246484e-5,0.23979591836734693,229.85185185185185
0_1_0_1_1_1_1_0_1_1_1_0_0_1_0_0_1_0_0_1_0_1_0_0_1_1_0_0_0_0_0_1_1_0_0_0_0_1_1_1_0_0_1_0,1,0.00016666666666666666,2.8674417556808764e-5,0.23469387755102042,241.24132730015083
1_1_1_1_1_1_1_0_0_1_1_1_0_1_0_0_1_0_0_1_0_1_0_0_1_1_1_0_0_0_0_1_1_1_0_0_0_1_1_1_0_0_1_0,1,0.00016666666666666666,2.357022603955159e-5,0.25,272.8333333333333
0_1_0_1_1_0_1_0_1_0_0_1_0_1_0_0_1_0_0_1_0_1_0_0_1_1_0_0_0_0_0_1_1_0_0_0_0_0_1_1_0_0_1_1,1,0.00016666666666666666,3.299831645537223e-5,0.22959183673469388,215.5189255189255
0_0_0_0_0_0_0_1_1_0_0_0_0_1_0_1_1_0_1_0_0_1_0_0_0_0_0_0_0_0_0_1_0_0_0_0_0_0_1_1_0_1_0_1,1,0.00016333333333333334,4.784233364802442e-5,0.28061224489795916,294.5893719806763
1_0_1_0_0_0_0_1_0_1_0_0_1_1_1_0_1_1_1_0_0_1_0_0_0_0_1_0_0_0_0_0_0_1_0_0_0_1_1_1_0_0_0_0,1,0.00016333333333333334,9.428090415820645e-6,0.21428571428571427,223.5032679738562
1_1_1_1_1_1_1_0_1_0_1_1_0_1_0_1_1_0_0_1_0_1_0_0_1_1_1_0_0_0_0_1_1_0_0_0_0_0_1_1_0_0_1_1,1,0.00016333333333333334,3.399346342395191e-5,0.25510204081632654,229.96092796092796
0_0_0_0_0_0_0_1_1_0_0_0_1_0_0_1_0_0_1_0_1_1_1_1_0_0_0_1_1_1_1_1_0_0_1_1_1_0_0_0_1_1_0_1,1,0.00016,2.1602468994692878e-5,0.2602040816326531,253.83274677392328
0_0_0_0_0_0_0_1_1_0_0_0_0_1_0_1_0_0_1_0_1_1_0_1_0_0_0_1_1_1_1_1_0_0_1_1_1_0_0_0_0_1_0_1,1,0.00016,2.1602468994692878e-5,0.2755102040816326,298.671679197995
1_0_1_1_1_0_0_0_0_1_1_0_1_1_1_0_1_1_1_1_0_0_0_0_1_1_1_0_0_0_0_0_1_1_0_0_0_0_1_1_0_0_1_0,1,0.00016,3.2659863237109046e-5,0.25,374.25
1_1_1_1_1_1_1_0_0_1_1_1_0_1_1_0_1_1_0_1_0_0_0_0_1_1_1_0_0_0_0_0_1_1_0_0_0_1_1_1_0_0_1_0,1,0.00016,3.7416573867739416e-5,0.2602040816326531,258.45276292335114
1_1_1_0_1_1_1_0_0_1_1_1_1_1_0_0_0_0_0_1_1_1_0_1_1_1_1_1_1_1_1_1_1_1_1_1_1_1_0_0_0_0_0_0,1,0.00016,4.3204937989385736e-5,0.23469387755102042,264.037037037037
0_1_0_0_0_1_1_1_1_0_0_0_0_0_0_0_0_0_0_0_1_1_0_1_0_0_0_1_1_1_1_1_0_1_1_1_1_1_0_0_1_1_0_1,1,0.00015999999999999999,4.96655480858378e-5,0.20408163265306123,219.33481976960238
1_0_1_0_0_1_0_1_0_1_0_0_0_0_1_1_1_1_1_0_0_1_1_0_0_0_1_0_0_0_0_1_0_1_0_0_0_1_1_1_1_1_0_1,1,0.00015999999999999999,8.16496580927727e-6,0.23469387755102042,211.37908496732027
0_0_0_1_0_0_0_1_1_0_0_0_0_1_1_1_0_1_1_0_1_0_0_1_0_0_0_1_1_1_1_0_0_0_1_1_1_0_0_0_0_1_1_1,1,0.0001566666666666667,3.0912061651652355e-5,0.25,215.69047619047618
0_0_0_0_0_0_0_1_0_1_0_0_0_0_1_0_0_1_1_0_1_0_0_1_0_0_0_1_1_1_1_0_0_0_1_1_1_1_0_0_1_1_0_1,1,0.0001566666666666667,2.867441755680876e-5,0.2193877551020408,197.49269005847952
0_0_0_0_0_0_0_1_0_1_0_0_1_0_1_0_1_1_1_0_0_0_1_0_0_0_0_0_0_0_0_0_0_1_0_0_0_1_1_1_1_1_0_0,1,0.0001566666666666667,4.7140452079103295e-6,0.25,237.9027777777778
0_1_0_1_1_1_1_0_1_0_0_1_0_1_0_0_0_0_0_1_1_0_0_1_1_1_0_1_1_1_1_0_1_0_1_1_1_0_0_0_0_0_1_1,1,0.0001566666666666667,3.0912061651652355e-5,0.22448979591836735,207.99267399267399
1_1_1_0_1_0_0_0_0_1_0_1_1_1_0_0_0_0_1_0_1_1_0_1_0_0_1_1_1_1_1_1_1_1_1_1_1_1_0_0_0_0_0_0,1,0.0001566666666666667,2.624669291337271e-5,0.25,231.67755991285404
0_0_0_1_0_0_0_1_1_0_0_0_1_0_1_1_1_1_1_0_0_0_1_1_0_0_0_0_0_0_0_0_0_0_0_0_0_0_1_1_1_1_1_1,1,0.00015666666666666666,7.318166133366715e-5,0.25510204081632654,235.82517482517483
0_1_0_1_1_1_1_0_1_1_1_0_0_1_0_0_1_0_0_1_0_0_0_0_1_1_0_0_0_0_0_1_1_0_0_0_0_1_1_1_0_0_1_0,1,0.00015333333333333334,4.7140452079103295e-6,0.22959183673469388,232.8888888888889
1_0_1_0_0_0_0_1_0_1_0_0_0_0_1_1_0_1_1_0_1_1_1_1_0_0_1_1_1_1_1_1_0_1_1_1_1_1_0_0_1_1_0_1,1,0.00015333333333333334,6.182412330330468e-5,0.22959183673469388,229.16666666666666
0_0_0_0_0_1_0_1_0_1_0_0_0_0_1_1_0_1_1_0_1_0_1_1_0_0_0_1_1_1_1_0_0_1_1_1_1_1_0_0_1_1_0_1,1,0.00015333333333333334,2.0548046676563263e-5,0.2653061224489796,219.55270655270655
0_1_0_1_1_1_1_0_1_0_0_1_0_1_0_0_1_0_0_1_0_0_0_0_1_1_0_0_0_0_0_1_1_0_0_0_0_0_1_1_0_0_1_1,1,0.00015333333333333334,2.0548046676563263e-5,0.21428571428571427,212.1196581196581
1_1_1_1_1_1_1_0_1_0_1_1_0_1_0_1_0_0_0_1_1_1_0_1_1_1_1_1_1_1_1_1_1_0_1_1_1_0_0_0_0_0_1_1,1,0.00015333333333333334,4.027681991198191e-5,0.25,230.2136752136752
0_1_0_1_1_0_1_0_1_0_1_1_1_1_0_0_1_0_0_1_0_0_0_0_1_1_0_0_0_0_0_1_1_0_0_0_0_0_1_1_0_0_1_0,1,0.00015000000000000001,2.8284271247461906e-5,0.22448979591836735,226.36363636363637
1_0_1_0_0_1_0_1_0_1_0_0_1_1_1_0_1_1_1_0_0_0_0_0_0_0_1_0_0_0_0_0_0_1_0_0_0_1_1_1_0_0_0_0,1,0.00015,1.632993161855453e-5,0.22959183673469388,252.84162895927602
1_1_1_1_1_0_1_0_1_0_1_1_1_1_0_1_1_0_0_1_0_1_1_0_1_1_1_0_0_0_0_1_1_1_0_0_0_0_1_1_0_0_1_0,1,0.00015,4.96655480858378e-5,0.22959183673469388,188.33333333333334
1_0_1_0_0_1_0_1_0_1_0_0_0_0_1_1_1_1_1_0_0_1_1_0_0_0_1_0_0_0_0_0_0_1_0_0_0_1_1_1_1_1_0_1,1,0.00015,8.16496580927727e-6,0.2193877551020408,213.95436507936506
0_1_0_1_1_0_1_0_1_0_1_1_0_1_0_0_1_0_0_1_0_1_0_0_1_1_0_0_0_0_0_1_1_0_0_0_0_0_1_1_0_0_1_0,1,0.00015,1.4142135623730961e-5,0.24489795918367346,222.7450980392157
1_1_1_1_1_1_1_0_0_1_1_1_1_0_1_0_0_1_0_1_1_0_1_1_1_1_1_1_1_1_1_0_1_1_1_1_1_1_0_0_1_0_1_0,1,0.00015,1.4142135623730961e-5,0.28061224489795916,280.89635854341736
0_1_0_1_1_1_1_0_1_0_1_1_1_1_0_0_1_0_0_1_0_0_0_0_1_1_0_0_0_0_0_0_1_0_0_0_0_0_1_1_0_0_1_0,1,0.00015,2.160246899469287e-5,0.22959183673469388,220.50653594771242
0_0_0_0_0_1_0_1_0_1_0_0_0_0_1_0_0_1_1_0_1_0_0_1_0_0_0_1_1_1_1_0_0_0_1_1_1_1_0_0_1_1_0_1,1,0.00014666666666666666,4.109609335312651e-5,0.22959183673469388,195.80952380952382
1_1_1_0_1_1_1_0_0_1_1_1_0_1_1_0_0_1_1_1_1_0_0_0_1_1_1_1_1_1_1_0_1_1_1_1_1_1_0_0_0_0_0_0,1,0.00014666666666666666,2.4944382578492947e-5,0.2602040816326531,292.75132275132273
0_1_0_1_1_1_1_0_1_0_0_1_0_1_0_0_0_0_0_1_1_0_0_1_1_1_0_1_1_1_1_1_1_0_1_1_1_1_0_0_0_0_1_1,1,0.00014666666666666666,3.299831645537222e-5,0.19387755102040816,174.7676008202324
1_0_1_1_1_1_1_0_0_1_1_0_1_1_1_1_0_1_1_1_1_1_1_0_1_1_1_1_1_1_1_1_1_1_1_1_1_1_0_0_0_0_1_0,1,0.00014666666666666666,1.699673171197596e-5,0.24489795918367346,214.628312863607
0_1_0_1_1_1_1_0_1_0_0_1_0_1_0_0_1_0_0_1_0_0_0_0_1_1_0_0_0_0_0_0_1_0_0_0_0_0_1_1_0_0_1_1,1,0.00014666666666666666,4.109609335312651e-5,0.22959183673469388,195.47619047619048
0_1_0_1_1_0_1_0_1_0_0_1_0_0_0_0_1_0_0_1_0_0_0_1_1_1_0_0_0_0_0_0_1_0_0_0_0_0_1_1_1_1_1_1,1,0.00014666666666666666,2.494438257849295e-5,0.23469387755102042,228.13492063492063
0_0_0_0_0_0_0_1_1_0_0_1_0_0_1_0_1_1_0_0_0_1_0_0_0_0_0_0_0_0_0_0_0_0_0_0_0_0_1_1_1_1_0_1,1,0.00014333333333333334,2.867441755680876e-5,0.23469387755102042,228.2828282828283
1_0_1_0_0_0_0_1_0_1_1_0_1_0_1_1_0_1_1_0_1_1_1_1_0_0_1_1_1_1_1_1_0_1_1_1_1_1_0_0_1_1_0_0,1,0.00014333333333333334,4.714045207910317e-6,0.22959183673469388,214.34920634920636
0_1_0_1_1_1_1_0_1_0_1_1_0_0_0_1_0_0_0_1_1_0_1_1_1_1_0_1_1_1_1_1_1_0_1_1_1_1_0_0_1_1_1_1,1,0.00014333333333333334,1.699673171197595e-5,0.1989795918367347,223.3611111111111
0_0_0_0_0_0_0_1_0_1_0_0_1_1_1_0_0_1_1_0_1_0_0_1_0_0_0_1_1_1_1_0_0_1_1_1_1_0_0_0_0_0_0_0,1,0.00014333333333333334,4.109609335312651e-5,0.22448979591836735,248.20662768031193
1_1_1_0_1_1_1_0_0_1_1_1_1_1_0_0_0_0_0_1_1_1_0_0_1_1_1_1_1_1_1_1_1_1_1_1_1_1_0_0_0_0_0_0,1,0.00014333333333333334,1.699673171197595e-5,0.25,255.18055555555554
1_1_1_0_1_1_1_0_0_1_1_1_0_1_0_0_0_0_0_1_1_1_0_1_1_1_1_1_1_1_1_1_1_1_1_1_1_1_0_0_0_0_0_0,1,0.00014000000000000001,1.6329931618554523e-5,0.23979591836734693,250.41666666666666
1_0_1_1_1_0_0_0_0_1_1_0_1_1_1_0_1_1_1_1_0_0_1_0_1_1_1_0_0_0_0_0_1_1_0_0_0_0_1_1_0_0_1_0,1,0.00014000000000000001,1.6329931618554523e-5,0.24489795918367346,303.37301587301585
0_0_0_1_0_0_0_1_1_0_0_0_1_0_1_1_1_1_1_0_0_0_1_0_0_0_0_0_0_0_0_0_0_0_0_0_0_0_1_1_1_1_1_1,1,0.00014000000000000001,3.5590260840104375e-5,0.23979591836734693,252.7260348583878
0_0_0_0_0_0_0_1_1_0_0_0_0_0_1_1_0_1_1_0_1_0_1_1_0_0_0_1_1_1_1_0_0_0_1_1_1_0_0_0_1_1_0_1,1,0.00014000000000000001,2.4494897427831785e-5,0.24489795918367346,302.9093455564044
0_0_0_1_0_0_0_1_1_0_0_0_0_0_0_1_1_0_0_0_0_1_1_1_0_0_0_0_0_0_0_1_0_0_0_0_0_0_1_1_1_1_1_1,1,0.00014000000000000001,4.0824829046386304e-5,0.25510204081632654,317.7903091060986
0_0_0_0_0_0_0_1_1_0_0_0_0_0_1_1_1_1_1_0_0_1_0_1_0_0_0_0_0_0_0_0_0_0_0_0_0_0_1_1_1_1_0_1,1,0.00014000000000000001,5.6568542494923805e-5,0.25510204081632654,300.6363636363637
0_1_0_0_0_0_0_1_1_0_0_1_0_0_0_0_0_0_0_0_1_0_0_1_0_0_0_1_1_1_1_1_0_0_1_1_1_0_0_0_1_1_0_1,1,0.00014,8.16496580927726e-6,0.2193877551020408,209.84371184371184
0_1_0_1_1_1_1_0_1_1_1_0_1_1_0_0_0_0_0_1_1_1_1_1_1_1_0_1_1_1_1_1_1_0_1_1_1_1_0_0_0_0_1_0,1,0.00014,2.943920288775949e-5,0.2193877551020408,254.50980392156862
1_0_1_0_0_0_0_1_0_0_0_1_1_0_1_1_0_1_1_0_1_1_1_1_0_0_1_1_1_1_1_0_0_1_1_1_1_0_0_0_1_1_0_1,1,0.0001366666666666667,3.091206165165235e-5,0.22959183673469388,279.2340067340067
0_1_0_0_0_0_1_1_1_0_0_1_0_0_0_0_1_0_0_0_0_0_0_0_0_0_0_0_0_0_0_1_0_0_0_0_0_0_1_1_1_1_0_1,1,0.00013666666666666666,1.885618083164126e-5,0.2193877551020408,247.3939393939394
0_1_0_1_1_1_1_0_1_0_1_1_0_0_0_1_0_0_0_1_1_1_0_1_1_1_0_1_1_1_1_1_1_0_1_1_1_0_0_0_1_1_1_1,1,0.00013666666666666666,1.2472191289246464e-5,0.22448979591836735,229.61904761904762
0_1_0_0_0_1_1_1_1_0_0_1_0_0_0_0_1_0_0_0_0_0_0_0_0_0_0_0_0_0_0_1_0_0_0_0_0_1_1_1_1_1_0_1,1,0.00013666666666666666,2.0548046676563257e-5,0.21428571428571427,209.79707792207793
1_0_1_0_0_0_0_1_0_1_1_0_1_0_1_1_0_1_1_0_1_1_1_1_0_0_1_1_1_1_1_0_0_1_1_1_1_1_0_0_1_1_0_0,1,0.00013666666666666666,4.027681991198191e-5,0.21428571428571427,182.4387254901961
0_0_0_0_0_1_0_1_0_1_0_0_1_0_1_1_0_1_1_0_1_0_1_1_0_0_0_1_1_1_1_0_0_1_1_1_1_1_0_0_1_1_0_1,1,0.00013333333333333334,4.496912521077348e-5,0.27040816326530615,227.92542016806723
1_1_1_1_1_1_1_0_0_1_1_0_1_1_0_1_0_0_1_1_1_0_1_1_1_1_1_1_1_1_1_1_1_1_1_1_1_1_0_0_0_0_1_0,1,0.00013333333333333334,3.858612300930075e-5,0.23469387755102042,232.55392156862743
1_0_1_0_0_1_0_1_0_1_0_0_1_0_1_1_0_1_1_0_1_0_1_1_0_0_1_1_1_1_1_0_0_1_1_1_1_1_0_0_1_1_0_1,1,0.00013333333333333334,2.054804667656326e-5,0.24489795918367346,257.24796037296034
1_0_1_0_0_1_0_1_0_1_0_0_0_0_1_1_0_1_1_0_1_1_1_1_0_0_1_1_1_1_1_0_0_1_1_1_1_1_0_0_1_1_0_1,1,0.0001333333333333333,9.428090415820627e-6,0.22448979591836735,213.29365079365076
1_1_1_1_1_1_1_0_0_1_1_1_1_1_0_1_0_0_0_1_1_1_1_0_1_1_1_1_1_1_1_1_1_1_1_1_1_1_0_0_0_0_1_0,1,0.0001333333333333333,1.699673171197594e-5,0.22959183673469388,227.72871572871574
0_0_0_0_0_0_0_1_1_0_0_0_0_0_1_0_1_1_1_0_0_0_0_1_0_0_0_0_0_0_0_0_0_0_0_0_0_0_1_1_1_1_0_1,1,0.00013000000000000002,7.257180352359081e-5,0.22959183673469388,243.0338164251208
0_1_0_1_1_1_1_0_1_0_1_1_0_1_0_0_0_0_0_1_1_0_0_1_1_1_0_1_1_1_1_1_1_0_1_1_1_0_0_0_0_0_1_0,1,0.00013000000000000002,3.559026084010437e-5,0.22448979591836735,215.06944444444446
1_1_1_1_1_1_1_0_0_1_1_0_1_1_0_1_0_0_1_1_1_1_1_1_1_1_1_1_1_1_1_1_1_1_1_1_1_1_0_0_0_0_1_0,1,0.00013,1.4142135623730943e-5,0.23979591836734693,215.56277056277054
0_1_0_1_0_1_1_1_1_0_0_0_0_0_0_0_0_0_0_0_1_0_0_1_0_0_0_1_1_1_1_1_0_0_1_1_1_1_0_0_1_1_0_1,1,0.00013,8.164965809277253e-6,0.21428571428571427,209.2857142857143
0_0_0_1_0_0_0_1_1_0_0_0_1_0_0_1_1_0_0_0_0_1_1_1_0_0_0_0_0_0_0_1_0_0_0_0_0_0_1_1_1_1_1_1,1,0.00013,4.546060565661953e-5,0.2602040816326531,314.0476190476191
1_1_1_1_1_1_0_0_0_1_1_0_1_1_0_1_0_0_1_1_1_0_1_1_1_1_1_1_1_1_1_1_1_1_1_1_1_1_0_0_0_0_1_0,1,0.00013,5.099019513592785e-5,0.22959183673469388,228.47727272727275
1_0_1_0_0_1_0_1_0_1_0_0_1_0_1_1_1_1_1_0_0_0_1_0_0_0_1_0_0_0_0_0_0_1_0_0_0_1_1_1_1_1_0_1,1,0.00013,3.5590260840104375e-5,0.23979591836734693,224.37037037037035
1_0_1_1_1_1_0_0_0_1_1_0_1_1_1_1_0_1_1_1_1_0_1_0_1_1_1_1_1_1_1_0_1_1_1_1_1_0_0_0_0_0_1_0,1,0.00013,1.6329931618554513e-5,0.22448979591836735,229.1639471639472
1_1_1_1_1_0_1_0_1_0_1_1_1_1_0_0_1_0_0_1_0_1_0_0_1_1_1_0_0_0_0_1_1_0_0_0_0_0_1_1_0_0_1_0,1,0.00013,1.4142135623730943e-5,0.2653061224489796,248.52813852813856
0_0_0_0_0_0_0_1_0_0_0_1_1_1_1_0_0_1_1_0_1_0_0_1_0_0_0_1_1_1_1_0_0_1_1_1_1_0_0_0_0_0_0_0,1,0.00012666666666666666,3.8586123009300757e-5,0.25,249.3939393939394
1_0_1_1_1_1_0_0_0_1_1_0_1_1_1_1_0_1_1_1_1_1_1_1_1_1_1_1_1_1_1_0_1_1_1_1_1_0_0_0_0_0_1_0,1,0.00012666666666666666,9.428090415820627e-6,0.21428571428571427,220.03968253968256
0_0_0_1_0_0_0_1_1_0_0_0_0_1_1_1_1_1_1_0_0_0_0_0_0_0_0_0_0_0_0_0_0_0_0_0_0_0_1_1_0_1_1_1,1,0.00012666666666666666,4.496912521077348e-5,0.25510204081632654,242.0858770858771
0_1_0_1_1_0_1_0_1_0_1_1_0_0_0_1_0_0_0_1_1_1_1_1_1_1_0_1_1_1_1_1_1_0_1_1_1_0_0_0_1_1_1_1,1,0.00012666666666666666,2.6246692913372695e-5,0.22959183673469388,243.94708994708995
0_0_0_0_0_0_0_1_1_0_0_1_0_0_1_0_1_1_0_0_0_1_0_1_0_0_0_0_0_0_0_0_0_0_0_0_0_0_1_1_1_1_0_1,1,0.00012666666666666666,2.0548046676563246e-5,0.25,213.17094017094016
1_0_1_1_1_0_0_0_0_1_1_1_1_1_1_1_1_1_1_1_0_0_1_0_1_1_1_0_0_0_0_0_1_0_0_0_0_0_1_1_0_0_1_0,1,0.00012666666666666666,2.3570226039551588e-5,0.20408163265306123,201.42045454545453
0_1_0_1_1_0_1_0_1_0_1_1_1_1_0_0_0_0_0_1_1_0_0_1_1_1_0_1_1_1_1_1_1_0_1_1_1_0_0_0_0_0_1_0,1,0.00012666666666666666,1.2472191289246464e-5,0.2193877551020408,220.48784548784548
1_0_1_0_0_0_0_1_0_1_0_0_1_0_1_1_0_1_1_0_1_1_1_1_0_0_1_1_1_1_1_0_0_1_1_1_1_1_0_0_1_1_0_1,1,0.00012666666666666666,2.3570226039551588e-5,0.22959183673469388,259.29924242424244
0_0_0_0_0_0_0_1_1_0_0_0_1_0_1_1_0_1_1_0_1_0_0_1_0_0_0_1_1_1_1_0_0_0_1_1_1_0_0_0_1_1_0_1,1,0.00012666666666666666,3.299831645537222e-5,0.25510204081632654,285.582788671024
0_0_0_0_0_0_1_1_1_0_0_1_0_0_1_0_1_1_0_0_0_1_0_0_0_0_0_0_0_0_0_0_0_0_0_0_0_0_1_1_1_1_0_1,1,0.00012666666666666666,4.9888765156985895e-5,0.22959183673469388,233.46560846560843
0_1_0_1_1_0_1_0_1_0_0_1_0_0_0_0_1_0_0_1_0_0_0_1_1_1_0_0_0_0_0_1_1_0_0_0_0_0_1_1_1_1_1_1,1,0.00012333333333333334,3.681787005729087e-5,0.2193877551020408,213.8807189542484
0_1_0_1_1_1_1_0_1_0_1_1_0_0_0_1_0_0_0_1_1_0_1_1_1_1_0_1_1_1_1_1_1_0_1_1_1_0_0_0_1_1_1_1,1,0.00012333333333333334,1.6996731711975944e-5,0.21428571428571427,213.17582417582415
0_1_0_0_0_1_1_1_1_0_0_1_0_0_0_1_0_0_0_0_1_1_0_1_0_0_0_1_1_1_1_1_0_0_1_1_1_1_0_0_1_1_0_1,1,0.00012333333333333334,4.027681991198191e-5,0.24489795918367346,290.48148148148147
1_1_1_1_1_1_1_0_1_0_1_1_0_1_0_1_0_0_0_1_1_0_0_1_1_1_1_1_1_1_1_1_1_0_1_1_1_1_0_0_0_0_1_1,1,0.00012333333333333334,4.71404520791031e-6,0.22959183673469388,228.05555555555554
1_1_1_1_1_1_1_0_0_1_1_1_1_1_0_0_1_0_0_1_0_1_0_0_1_1_1_0_0_0_0_1_1_1_0_0_0_1_1_1_0_0_1_0,1,0.00012333333333333334,2.3570226039551575e-5,0.24489795918367346,275.02645502645504
1_0_1_0_0_0_0_1_0_1_0_0_1_0_1_1_1_1_1_0_0_1_1_0_0_0_1_0_0_0_0_0_0_1_0_0_0_1_1_1_1_1_0_1,1,0.00012333333333333334,4.642796092394707e-5,0.22448979591836735,243.0718954248366
0_0_0_0_0_0_0_1_0_1_0_0_1_0_1_0_0_1_1_0_1_0_1_1_0_0_0_1_1_1_1_0_0_1_1_1_1_0_0_0_1_1_0_0,1,0.00012333333333333334,2.0548046676563246e-5,0.23979591836734693,213.2222222222222
0_1_0_0_0_0_1_1_1_0_0_1_0_0_0_0_1_0_0_0_0_0_0_1_0_0_0_0_0_0_0_1_0_0_0_0_0_0_1_1_1_1_0_1,1,0.00012,4.2426406871192855e-5,0.23469387755102042,208.88888888888889
0_1_0_1_1_0_1_0_1_0_0_1_0_1_0_0_0_0_0_1_1_0_0_1_1_1_0_1_1_1_1_0_1_0_1_1_1_0_0_0_0_0_1_1,1,0.00012,3.2659863237109046e-5,0.23469387755102042,198.4027777777778
0_1_0_0_0_1_1_1_1_0_0_1_0_0_0_1_1_0_0_0_0_1_1_0_0_0_0_0_0_0_0_1_0_0_0_0_0_1_1_1_1_1_0_1,1,0.00012,3.2659863237109046e-5,0.25510204081632654,394.4444444444444
1_1_1_1_1_1_1_0_0_1_1_1_1_1_0_0_0_0_0_1_1_0_1_0_1_1_1_1_1_1_1_1_1_1_1_1_1_1_0_0_0_0_1_0,1,0.00012,5.3541261347363375e-5,0.25510204081632654,296.20680489101545
0_0_0_0_0_1_0_1_0_1_0_0_1_0_1_0_1_1_1_0_0_0_1_0_0_0_0_0_0_0_0_0_0_1_0_0_0_1_1_1_1_1_0_0,1,0.00012,3.2659863237109046e-5,0.2602040816326531,246.25
0_1_0_0_0_0_1_1_1_0_0_1_0_0_0_0_1_0_0_0_0_0_0_0_0_0_0_0_0_0_0_1_0_0_0_0_0_1_1_1_1_1_0_1,1,0.00012,6.377042156569664e-5,0.21428571428571427,267.5
0_1_0_1_1_1_1_0_1_0_1_1_0_0_0_1_0_0_0_1_1_1_1_1_1_1_0_1_1_1_1_1_1_0_1_1_1_1_0_0_1_1_1_1,1,0.00011999999999999999,2.160246899469286e-5,0.20408163265306123,233.62626262626262
1_0_1_0_0_0_0_1_0_1_1_0_1_0_1_1_1_1_1_0_0_1_1_0_0_0_1_0_0_0_0_0_0_1_0_0_0_1_1_1_1_1_0_0,1,0.00011999999999999999,1.6329931618554513e-5,0.20918367346938777,195.69841269841268
0_0_0_1_0_1_1_1_1_0_1_0_0_0_1_1_1_1_0_1_0_0_1_0_1_1_0_0_0_0_0_0_0_0_0_0_0_0_1_1_1_1_1_1,1,0.00011999999999999999,1.4142135623730943e-5,0.25,278.1601731601732
0_0_0_0_0_0_0_1_1_0_0_1_0_0_1_0_1_1_0_0_0_0_0_0_0_0_0_0_0_0_0_0_0_0_0_0_0_0_1_1_1_1_0_1,1,0.00011999999999999999,2.943920288775948e-5,0.23979591836734693,221.93589743589746
0_1_0_0_0_0_1_1_1_0_0_1_0_0_0_0_1_0_0_0_0_1_0_1_0_0_0_0_0_0_0_1_0_0_0_0_0_1_1_1_1_1_0_1,1,0.00011999999999999999,2.1602468994692858e-5,0.22448979591836735,234.006919006919
0_0_0_0_0_0_0_1_1_0_0_0_0_0_1_1_0_1_1_0_1_0_0_1_0_0_0_1_1_1_1_0_0_0_1_1_1_0_0_0_1_1_0_1,1,0.00011999999999999999,1.6329931618554513e-5,0.23979591836734693,269.8412698412699
1_1_1_0_1_1_1_0_0_1_1_1_0_1_1_0_0_1_1_1_1_0_0_1_1_1_1_1_1_1_1_0_1_1_1_1_1_1_0_0_0_0_0_0,1,0.00011666666666666668,3.8586123009300757e-5,0.24489795918367346,337.10294117647055
1_0_1_0_0_0_0_1_0_0_0_1_1_0_1_1_0_1_1_0_1_0_1_1_0_0_1_1_1_1_1_0_0_1_1_1_1_0_0_0_1_1_0_1,1,0.00011666666666666667,2.4944382578492934e-5,0.23469387755102042,257.1313131313131
1_0_1_0_0_1_0_1_0_1_1_0_1_0_1_1_1_1_1_0_0_1_1_0_0_0_1_0_0_0_0_1_0_1_0_0_0_1_1_1_1_1_0_0,1,0.00011666666666666667,4.496912521077348e-5,0.23469387755102042,212.28758169934642
0_0_0_0_0_1_0_1_0_1_0_0_0_0_1_1_1_1_1_0_0_0_1_0_0_0_0_0_0_0_0_0_0_1_0_0_0_1_1_1_1_1_0_1,1,0.00011666666666666667,4.714045207910317e-6,0.2602040816326531,221.7929292929293
0_0_0_0_0_1_0_1_0_1_0_0_0_0_1_0_1_1_1_0_0_0_0_0_0_0_0_0_0_0_0_0_0_0_0_0_0_1_1_1_1_1_0_1,1,0.00011666666666666667,2.3570226039551575e-5,0.22448979591836735,190.33333333333334
1_1_1_1_1_0_1_0_1_0_1_1_1_1_0_1_0_0_0_1_1_1_1_1_1_1_1_1_1_1_1_1_1_1_1_1_1_0_0_0_0_0_1_0,1,0.00011333333333333334,1.885618083164126e-5,0.22448979591836735,182.0
0_0_0_0_0_1_0_1_0_1_0_0_0_0_1_1_0_1_1_0_1_1_1_1_0_0_0_1_1_1_1_1_0_1_1_1_1_1_0_0_1_1_0_1,1,0.00011333333333333334,3.299831645537221e-5,0.2755102040816326,230.47619047619048
0_0_0_0_0_1_1_1_0_1_0_0_0_0_1_0_1_1_1_0_0_1_0_0_0_0_0_0_0_0_0_1_0_1_0_0_0_1_1_1_1_1_0_1,1,0.00011333333333333334,1.2472191289246465e-5,0.22959183673469388,201.2097902097902
1_1_1_0_1_1_1_0_0_1_1_1_1_0_0_0_0_0_0_1_1_1_1_1_1_1_1_1_1_1_1_1_1_1_1_1_1_1_0_0_1_0_0_0,1,0.00011333333333333334,4.189935029992179e-5,0.25510204081632654,250.76470588235293
1_1_1_1_1_0_0_0_1_0_1_1_1_1_0_1_0_0_0_1_1_0_1_1_1_1_1_1_1_1_1_1_1_0_1_1_1_0_0_0_0_0_1_0,1,0.00011333333333333334,3.299831645537222e-5,0.21428571428571427,184.67592592592595
0_0_0_0_0_0_1_1_1_0_0_1_0_0_1_0_1_1_0_0_0_0_0_0_0_0_0_0_0_0_0_0_0_0_0_0_0_0_1_1_1_1_0_1,1,0.00011333333333333334,2.8674417556808747e-5,0.23469387755102042,238.80555555555554
1_1_1_1_1_0_1_0_1_0_1_1_1_1_0_0_1_0_0_1_0_0_0_0_1_1_1_0_0_0_0_0_1_0_0_0_0_0_1_1_0_0_1_0,1,0.00011333333333333334,3.681787005729088e-5,0.2755102040816326,227.83008658008657
0_1_0_1_1_1_1_0_1_0_1_1_0_1_0_0_1_0_0_1_0_0_0_0_1_1_0_0_0_0_0_1_1_0_0_0_0_0_1_1_0_0_1_0,1,0.00011333333333333333,1.885618083164126e-5,0.22959183673469388,205.14285714285714
0_0_0_0_0_0_0_1_0_1_0_0_1_0_1_0_1_1_1_0_0_1_1_0_0_0_0_0_0_0_0_0_0_1_0_0_0_0_1_1_1_1_0_0,1,0.00011333333333333333,2.4944382578492934e-5,0.22959183673469388,204.484126984127
0_1_0_0_0_0_0_1_0_0_0_1_1_0_0_1_0_0_0_0_1_1_1_1_0_0_0_1_1_1_1_1_0_1_1_1_1_1_0_0_1_1_0_1,1,0.00011333333333333333,3.091206165165234e-5,0.2602040816326531,294.1575091575092
0_0_0_0_0_0_0_1_0_1_0_0_1_0_1_0_0_1_1_0_1_1_1_1_0_0_0_1_1_1_1_0_0_1_1_1_1_1_0_0_1_1_0_0,1,0.00011333333333333333,1.6996731711975944e-5,0.25,238.72507122507122
0_1_0_1_1_0_1_0_1_0_1_1_0_1_0_0_0_0_0_1_1_0_0_1_1_1_0_1_1_1_1_0_1_0_1_1_1_0_0_0_0_0_1_0,1,0.00011,0.0,0.25,206.36363636363635
1_0_1_1_1_1_0_0_0_1_1_0_1_1_1_0_1_1_1_1_0_0_1_0_1_1_1_0_0_0_0_0_1_1_0_0_0_1_1_1_0_0_1_0,1,0.00011,2.1602468994692858e-5,0.25,230.65079365079364
1_1_1_1_1_1_1_0_1_0_1_1_0_1_0_0_1_0_0_1_0_1_0_0_1_1_1_0_0_0_0_1_1_0_0_0_0_0_1_1_0_0_1_0,1,0.00011,3.741657386773942e-5,0.2602040816326531,254.19642857142858
0_0_0_0_0_0_0_1_1_0_0_0_1_0_1_1_1_1_1_0_0_1_1_1_0_0_0_0_0_0_0_0_0_0_0_0_0_0_1_1_1_1_0_1,1,0.00011,3.741657386773941e-5,0.2653061224489796,254.2222222222222
1_0_1_0_1_0_0_0_0_1_1_1_1_1_1_1_1_1_1_1_0_1_1_0_1_1_1_0_0_0_0_0_1_1_0_0_0_0_1_1_0_0_1_0,1,0.00011,2.1602468994692858e-5,0.21428571428571427,231.8835978835979
1_1_1_1_1_0_0_0_1_0_1_1_1_1_0_1_1_0_0_1_0_0_1_0_1_1_1_0_0_0_0_1_1_0_0_0_0_0_1_1_0_0_1_0,1,0.00011,1.6329931618554513e-5,0.2193877551020408,170.94017094017093
1_0_1_0_0_0_0_1_0_0_0_1_0_0_1_1_1_1_1_0_0_1_0_0_0_0_1_0_0_0_0_0_0_1_0_0_0_0_1_1_1_1_0_1,1,0.00011,8.16496580927726e-6,0.21428571428571427,219.9949494949495
1_1_1_1_1_0_0_0_0_1_1_0_1_1_0_1_0_0_1_0_1_0_1_1_0_0_1_1_1_1_1_1_1_1_1_1_1_1_0_0_0_0_0_0,1,0.00011,2.1602468994692858e-5,0.22448979591836735,193.7037037037037
1_1_1_1_1_0_0_0_1_0_1_1_1_1_0_1_1_0_0_1_0_0_1_0_1_1_1_0_0_0_0_0_1_0_0_0_0_0_1_1_0_0_1_0,1,0.00011,2.943920288775949e-5,0.23469387755102042,202.42063492063494
0_1_0_1_1_0_1_0_1_0_1_1_0_1_0_0_0_0_0_1_1_1_0_1_1_1_0_1_1_1_1_1_1_0_1_1_1_0_0_0_0_0_1_0,1,0.00010666666666666668,1.699673171197594e-5,0.23979591836734693,210.28490028490032
0_0_0_0_0_1_0_1_0_1_0_0_1_0_1_0_0_1_1_0_1_0_1_1_0_0_0_1_1_1_1_0_0_1_1_1_1_1_0_0_1_1_0_0,1,0.00010666666666666668,6.0184900284225965e-5,0.2653061224489796,219.07894736842104
0_1_0_0_0_0_0_1_1_0_0_1_0_0_0_0_1_0_0_0_0_0_0_1_0_0_0_0_0_0_0_0_0_0_0_0_0_0_1_1_1_1_0_1,1,0.00010666666666666668,1.247219128924647e-5,0.24489795918367346,235.71548821548822
1_1_1_1_1_1_1_0_1_1_1_0_1_1_0_0_0_0_0_1_1_1_1_0_1_1_1_1_1_1_1_1_1_0_1_1_1_1_0_0_0_0_1_0,1,0.00010666666666666668,1.247219128924647e-5,0.2602040816326531,233.54377104377105
1_1_1_1_1_0_1_0_1_0_1_1_0_1_0_0_0_0_0_1_1_1_0_1_1_1_1_1_1_1_1_1_1_0_1_1_1_0_0_0_0_0_1_0,1,0.00010666666666666668,1.247219128924647e-5,0.2653061224489796,238.7205387205387
1_1_1_1_1_1_1_0_1_0_1_1_0_0_0_1_0_0_0_1_1_1_0_1_1_1_1_1_1_1_1_1_1_0_1_1_1_1_0_0_1_1_1_1,1,0.00010666666666666668,1.247219128924647e-5,0.22448979591836735,231.06902356902356
0_0_0_1_0_1_1_1_1_0_1_0_0_0_1_1_1_1_0_1_0_0_1_1_1_1_0_0_0_0_0_0_0_0_0_0_0_0_1_1_1_1_1_1,1,0.00010666666666666668,6.128258770283413e-5,0.2653061224489796,219.7643097643098
1_0_1_0_0_0_0_1_0_1_0_0_1_1_1_0_1_1_1_0_0_1_0_0_0_0_1_0_0_0_0_0_0_1_0_0_0_0_1_1_0_0_0_0,1,0.00010666666666666668,4.714045207910317e-6,0.1989795918367347,237.27272727272725
1_1_1_0_1_0_0_0_0_1_0_1_0_1_0_0_0_0_1_0_1_1_0_0_0_0_1_1_1_1_1_1_1_1_1_1_1_1_0_0_0_0_0_0,1,0.00010666666666666668,1.247219128924647e-5,0.27040816326530615,237.27272727272725
0_0_0_0_0_1_1_1_0_1_0_0_0_0_1_0_1_1_1_0_0_1_0_0_0_0_0_0_0_0_0_0_0_1_0_0_0_1_1_1_1_1_0_1,1,0.00010666666666666665,4.78423336480244e-5,0.21428571428571427,187.04700854700855
1_1_1_1_1_0_0_0_1_0_1_1_1_1_0_1_0_0_0_1_1_0_1_1_1_1_1_1_1_1_1_0_1_0_1_1_1_0_0_0_0_0_1_0,1,0.00010666666666666665,3.299831645537221e-5,0.22959183673469388,197.66666666666666
0_0_0_0_0_0_0_1_0_0_0_1_1_1_1_0_0_1_1_0_1_1_0_1_0_0_0_1_1_1_1_0_0_1_1_1_1_0_0_0_0_0_0_0,1,0.00010666666666666665,3.299831645537221e-5,0.24489795918367346,206.31746031746033
0_0_0_0_0_1_0_1_0_1_0_0_1_0_1_1_1_1_1_0_0_0_1_0_0_0_0_0_0_0_0_0_0_1_0_0_0_1_1_1_1_1_0_1,1,0.00010666666666666665,1.6996731711975944e-5,0.2653061224489796,231.0854700854701
1_1_1_1_1_1_1_0_1_0_1_1_1_0_0_1_0_0_0_1_1_1_1_1_1_1_1_1_1_1_1_1_1_0_1_1_1_1_0_0_1_0_1_1,1,0.00010666666666666665,1.6996731711975944e-5,0.23979591836734693,206.15384615384616
1_1_1_1_1_1_0_0_0_1_1_0_1_1_0_1_0_0_1_1_1_0_1_0_1_1_1_1_1_1_1_1_1_1_1_1_1_1_0_0_0_0_1_0,1,0.00010666666666666665,2.4944382578492934e-5,0.24489795918367346,248.92857142857142
1_0_1_1_1_0_0_0_0_1_1_0_1_1_1_0_0_1_1_1_1_0_0_1_1_1_1_1_1_1_1_0_1_1_1_1_1_0_0_0_0_0_1_0,1,0.00010666666666666665,2.6246692913372702e-5,0.25510204081632654,403.67826617826614
1_0_1_1_1_1_0_0_0_1_1_0_1_1_1_1_0_1_1_1_1_1_1_1_1_1_1_1_1_1_1_0_1_1_1_1_1_1_0_0_0_0_1_0,1,0.00010666666666666665,2.6246692913372702e-5,0.2193877551020408,225.59829059829062
0_0_0_0_0_0_0_1_0_1_0_0_1_0_1_0_1_1_1_0_0_0_1_0_0_0_0_0_0_0_0_0_0_1_0_0_0_0_1_1_1_1_0_0,1,0.00010333333333333333,1.6996731711975947e-5,0.23469387755102042,211.41414141414143
1_1_1_0_1_0_0_0_0_1_0_1_0_1_0_0_0_0_1_0_1_1_0_1_0_0_1_1_1_1_1_1_1_1_1_1_1_1_0_0_0_0_0_0,1,0.00010333333333333333,2.0548046676563246e-5,0.25510204081632654,211.59615384615384
1_0_1_0_0_0_0_1_0_1_0_0_1_1_1_0_1_1_1_0_0_1_0_0_0_0_1_0_0_0_0_1_0_1_0_0_0_1_1_1_0_0_0_0,1,0.00010333333333333333,2.0548046676563246e-5,0.22959183673469388,236.0769230769231
0_0_0_1_0_0_0_1_1_0_0_0_1_0_0_1_1_0_0_0_0_1_1_0_0_0_0_0_0_0_0_1_0_0_0_0_0_0_1_1_1_1_1_1,1,0.0001,8.16496580927726e-6,0.24489795918367346,322.3265993265993
1_1_1_1_1_1_1_0_0_1_1_1_0_1_0_0_1_0_0_1_0_0_1_0_1_1_1_0_0_0_0_1_1_1_0_0_0_1_1_1_0_0_1_0,1,0.0001,1.414213562373095e-5,0.25,285.462962962963
1_0_1_1_1_1_1_0_1_1_1_0_1_1_1_0_1_1_1_1_0_0_1_0_1_1_1_0_0_0_0_0_1_0_0_0_0_0_1_1_0_0_1_0,1,0.0001,1.414213562373095e-5,0.25,253.71212121212122
1_1_1_0_1_1_1_0_0_1_1_1_0_1_0_0_0_0_0_1_1_1_1_0_1_1_1_1_1_1_1_1_1_1_1_1_1_1_0_0_0_0_0_0,1,0.0001,2.1602468994692858e-5,0.2602040816326531,219.16666666666666
0_0_0_0_0_0_0_1_1_0_0_0_0_0_1_1_1_1_1_0_0_1_0_0_0_0_0_0_0_0_0_0_0_0_0_0_0_0_1_1_1_1_0_1,1,0.0001,2.9439202887759487e-5,0.23979591836734693,331.8783068783069
1_1_1_1_1_1_1_0_0_1_1_1_0_1_0_0_1_0_0_1_0_1_1_0_1_1_1_0_0_0_0_1_1_1_0_0_0_1_1_1_0_0_1_0,1,0.0001,2.160246899469287e-5,0.25510204081632654,300.49062049062053
0_1_0_1_0_0_1_1_1_0_0_0_0_0_0_0_0_0_0_0_1_0_0_1_0_0_0_1_1_1_1_1_0_0_1_1_1_1_0_0_1_1_0_1,1,0.0001,8.16496580927726e-6,0.21428571428571427,232.54208754208753
0_1_0_1_1_1_1_0_1_0_1_1_0_0_0_1_0_0_0_1_1_0_1_1_1_1_0_1_1_1_1_0_1_0_1_1_1_0_0_0_1_1_1_1,1,0.0001,3.741657386773941e-5,0.22959183673469388,199.25925925925924
1_0_1_0_0_1_0_1_0_1_1_0_1_0_1_1_0_1_1_0_1_1_1_1_0_0_1_1_1_1_1_1_0_1_1_1_1_1_0_0_1_1_0_0,1,0.0001,1.632993161855452e-5,0.23979591836734693,217.0277777777778
0_1_0_1_1_1_1_0_1_0_1_1_0_0_0_1_1_0_0_1_0_1_1_0_1_1_0_0_0_0_0_1_1_0_0_0_0_0_1_1_1_1_1_1,1,0.0001,1.632993161855452e-5,0.22448979591836735,214.38888888888889
1_1_1_1_1_1_1_0_1_0_1_1_0_1_0_1_1_0_0_1_0_1_0_0_1_1_1_0_0_0_0_1_1_0_0_0_0_1_1_1_0_0_1_1,1,0.0001,8.16496580927726e-6,0.23979591836734693,203.14814814814815
1_1_1_1_1_1_1_0_1_0_1_1_0_1_0_1_1_0_0_1_0_0_0_0_1_1_1_0_0_0_0_1_1_0_0_0_0_1_1_1_0_0_1_1,1,0.0001,1.414213562373095e-5,0.23469387755102042,220.03787878787875
0_0_0_0_0_1_0_1_0_1_0_0_0_0_1_1_1_1_1_0_0_1_1_0_0_0_0_0_0_0_0_1_0_1_0_0_0_1_1_1_1_1_0_1,1,0.0001,2.160246899469287e-5,0.27040816326530615,226.47546897546897
1_0_1_0_0_1_0_1_0_1_1_0_1_1_1_1_0_1_1_0_1_1_1_0_0_0_1_1_1_1_1_0_0_1_1_1_1_1_0_0_0_0_0_0,1,0.0001,4.320493798938573e-5,0.2193877551020408,205.67460317460316
0_0_0_0_0_0_0_1_0_1_0_0_1_1_1_0_1_1_1_0_0_1_1_0_0_0_0_0_0_0_0_0_0_1_0_0_0_0_1_1_0_0_0_0,1,0.0001,2.4494897427831778e-5,0.2193877551020408,240.21611721611723
1_1_1_1_1_1_1_0_0_1_1_1_1_1_0_0_0_0_0_1_1_0_1_1_1_1_1_1_1_1_1_1_1_1_1_1_1_1_0_0_0_0_1_0,1,9.999999999999999e-5,3.559026084010437e-5,0.23979591836734693,327.11507936507934
1_1_1_1_1_1_1_0_1_0_1_1_0_0_0_1_1_0_0_1_0_1_1_0_1_1_1_0_0_0_0_1_1_0_0_0_0_1_1_1_1_1_1_1,1,9.999999999999999e-5,2.160246899469287e-5,0.22448979591836735,201.19047619047618
0_0_0_1_0_1_1_1_1_0_1_0_0_0_1_1_1_1_0_1_0_1_1_1_1_1_0_0_0_0_0_1_0_0_0_0_0_0_1_1_1_1_1_1,1,9.666666666666667e-5,2.054804667656326e-5,0.2755102040816326,265.93650793650795
1_1_1_1_1_1_1_0_1_1_1_0_0_0_0_1_1_0_0_1_0_1_1_0_1_1_1_0_0_0_0_1_1_0_0_0_0_1_1_1_1_1_1_1,1,9.666666666666667e-5,1.247219128924647e-5,0.25,252.20454545454547
1_1_1_0_1_0_0_0_0_1_0_1_1_1_0_0_0_0_1_0_1_1_0_0_0_0_1_1_1_1_1_1_1_1_1_1_1_1_0_0_0_0_0_0,1,9.666666666666667e-5,1.247219128924647e-5,0.2653061224489796,247.87878787878788
1_0_1_1_1_1_0_0_0_1_1_0_1_1_1_1_0_1_1_1_1_1_1_0_1_1_1_1_1_1_1_0_1_1_1_1_1_1_0_0_0_0_1_0,1,9.666666666666667e-5,3.3993463423951894e-5,0.23469387755102042,227.87412587412587
0_1_0_1_1_1_1_0_1_1_1_0_1_1_0_0_0_0_0_1_1_1_1_0_1_1_0_1_1_1_1_1_1_0_1_1_1_1_0_0_0_0_1_0,1,9.666666666666667e-5,2.054804667656326e-5,0.23469387755102042,241.3968253968254
0_1_0_1_1_1_1_0_1_0_1_1_0_0_0_1_1_0_0_1_0_1_1_1_1_1_0_0_0_0_0_1_1_0_0_0_0_0_1_1_1_1_1_1,1,9.666666666666667e-5,1.247219128924647e-5,0.23979591836734693,210.59848484848484
0_1_0_0_0_0_0_1_1_0_0_1_0_0_0_0_1_0_0_0_0_0_0_0_0_0_0_0_0_0_0_1_0_0_0_0_0_0_1_1_1_1_0_1,1,9.666666666666667e-5,1.6996731711975947e-5,0.22448979591836735,199.67592592592595
1_0_1_0_0_0_0_1_0_1_0_0_1_0_1_1_1_1_1_0_0_1_1_0_0_0_1_0_0_0_0_1_0_1_0_0_0_1_1_1_1_1_0_1,1,9.666666666666667e-5,4.714045207910317e-6,0.23979591836734693,197.55555555555554
0_0_0_0_0_0_0_1_0_0_0_1_0_0_1_1_1_1_1_0_0_0_1_0_0_0_0_0_0_0_0_0_0_1_0_0_0_0_1_1_1_1_0_1,1,9.666666666666667e-5,1.6996731711975947e-5,0.25,309.8611111111111
0_1_0_1_0_1_1_1_1_0_0_0_0_0_0_0_1_0_0_0_0_0_0_0_0_0_0_0_0_0_0_1_0_0_0_0_0_1_1_1_1_1_0_1,1,9.666666666666667e-5,4.784233364802441e-5,0.2193877551020408,218.65079365079364
0_0_0_0_0_0_0_1_0_0_0_1_1_0_0_1_0_0_1_0_1_1_1_1_0_0_0_1_1_1_1_1_0_1_1_1_1_0_0_0_1_1_0_1,1,9.666666666666667e-5,4.189935029992178e-5,0.2602040816326531,223.18181818181816
0_1_0_1_1_1_1_0_1_1_1_0_1_1_0_0_0_0_0_1_1_0_1_0_1_1_0_1_1_1_1_1_1_0_1_1_1_1_0_0_0_0_1_0,1,9.666666666666667e-5,3.091206165165234e-5,0.22959183673469388,242.5
1_0_1_0_0_0_0_1_0_0_0_1_0_0_1_1_1_1_1_0_0_0_1_0_0_0_1_0_0_0_0_0_0_1_0_0_0_0_1_1_1_1_0_1,1,9.333333333333334e-5,1.6996731711975954e-5,0.22448979591836735,206.52380952380952
1_1_1_1_1_1_1_0_1_0_1_1_0_1_0_1_0_0_0_1_1_1_0_1_1_1_1_1_1_1_1_1_1_0_1_1_1_1_0_0_0_0_1_1,1,9.333333333333334e-5,2.0548046676563257e-5,0.23469387755102042,205.83333333333334
0_0_0_0_0_1_1_1_1_0_0_1_0_0_1_0_1_1_0_1_0_1_0_0_1_1_0_0_0_0_0_0_0_0_0_0_0_0_1_1_1_1_1_1,1,9.333333333333334e-5,2.0548046676563257e-5,0.22448979591836735,194.96031746031747
0_0_0_0_0_1_0_1_0_1_0_0_1_0_1_1_0_1_1_0_1_1_1_1_0_0_0_1_1_1_1_1_0_1_1_1_1_1_0_0_1_1_0_1,1,9.333333333333334e-5,2.3570226039551585e-5,0.28061224489795916,201.21212121212125
0_0_0_0_0_1_0_1_0_1_0_0_1_0_1_1_1_1_1_0_0_1_1_0_0_0_0_0_0_0_0_1_0_1_0_0_0_1_1_1_1_1_0_1,1,9.333333333333334e-5,1.8856180831641267e-5,0.2755102040816326,260.13888888888886
0_1_0_1_1_1_1_0_1_0_1_1_0_1_0_1_0_0_0_1_1_1_0_1_1_1_0_1_1_1_1_1_1_0_1_1_1_1_0_0_0_0_1_1,1,9.333333333333334e-5,2.3570226039551585e-5,0.2193877551020408,215.75757575757575
0_0_0_0_0_1_1_1_0_1_0_0_0_0_1_0_0_1_1_0_1_1_0_1_0_0_0_1_1_1_1_1_0_1_1_1_1_1_0_0_1_1_0_1,1,9.333333333333334e-5,1.247219128924647e-5,0.23469387755102042,209.62542087542087
0_1_0_0_0_0_1_1_1_0_0_1_0_0_0_1_0_0_0_0_1_1_0_1_0_0_0_1_1_1_1_1_0_0_1_1_1_0_0_0_1_1_0_1,1,9.333333333333334e-5,3.299831645537221e-5,0.25,240.05128205128207
0_1_0_0_0_1_1_1_1_0_0_1_0_0_0_0_1_0_0_0_0_0_0_1_0_0_0_0_0_0_0_1_0_0_0_0_0_1_1_1_1_1_0_1,1,9.333333333333334e-5,1.247219128924647e-5,0.22959183673469388,209.27609427609426
0_1_0_1_1_1_1_0_1_0_1_1_0_0_0_1_0_0_0_1_1_1_0_1_1_1_0_1_1_1_1_1_1_0_1_1_1_1_0_0_1_1_1_1,1,9.333333333333334e-5,2.0548046676563257e-5,0.20918367346938777,219.76190476190473
0_0_0_0_0_0_0_1_0_1_0_0_1_0_1_0_1_1_1_0_0_0_0_0_0_0_0_0_0_0_0_0_0_1_0_0_0_0_1_1_1_1_0_0,1,9.333333333333334e-5,4.714045207910317e-6,0.22959183673469388,192.8148148148148
1_1_1_1_1_0_1_0_1_0_1_1_0_1_0_0_1_0_0_1_0_1_0_0_1_1_1_0_0_0_0_1_1_0_0_0_0_0_1_1_0_0_1_0,1,9.333333333333334e-5,2.0548046676563257e-5,0.27040816326530615,217.7910052910053
0_0_0_0_0_0_1_1_1_0_0_1_0_0_1_0_1_1_0_0_0_0_0_1_0_0_0_0_0_0_0_0_0_0_0_0_0_0_1_1_1_1_0_1,1,9.333333333333333e-5,2.054804667656326e-5,0.25,206.21693121693124
0_1_0_0_0_0_1_1_1_0_0_1_0_0_0_1_0_0_0_0_1_0_0_1_0_0_0_1_1_1_1_0_0_0_1_1_1_0_0_0_1_1_0_1,1,9.333333333333333e-5,4.02768199119819e-5,0.2602040816326531,256.3174603174603
1_0_1_0_0_0_0_1_0_0_0_1_0_0_0_1_0_0_0_0_1_1_0_1_0_0_1_1_1_1_1_1_0_1_1_1_1_0_0_0_1_1_0_1,1,9.333333333333333e-5,1.6996731711975954e-5,0.2193877551020408,218.32034632034632
1_1_1_0_1_0_0_0_0_1_0_1_1_1_0_0_0_0_1_0_1_0_0_1_0_0_1_1_1_1_1_0_1_1_1_1_1_1_0_0_0_0_0_0,1,9.333333333333333e-5,3.299831645537221e-5,0.2602040816326531,248.57142857142858
1_0_1_0_0_0_0_1_0_0_0_1_0_0_1_1_1_1_1_0_0_0_0_0_0_0_1_0_0_0_0_0_0_1_0_0_0_0_1_1_1_1_0_1,1,9.333333333333333e-5,2.62466929133727e-5,0.2193877551020408,242.24816849816852
0_0_0_0_0_0_0_1_0_1_0_0_1_0_1_0_0_1_1_0_1_0_1_1_0_0_0_1_1_1_1_0_0_1_1_1_1_1_0_0_1_1_0_0,1,9.333333333333333e-5,2.867441755680875e-5,0.25510204081632654,240.61253561253565
1_1_1_1_1_1_1_0_1_0_1_1_1_1_0_1_0_0_0_1_1_0_1_1_1_1_1_1_1_1_1_1_1_1_1_1_1_0_0_0_0_0_1_0,1,9.333333333333333e-5,4.496912521077347e-5,0.20918367346938777,184.88888888888889
1_1_1_1_1_1_1_0_1_0_1_1_0_0_0_1_1_0_0_1_0_0_1_0_1_1_1_0_0_0_0_1_1_0_0_0_0_1_1_1_1_1_1_1,1,9.333333333333333e-5,1.6996731711975954e-5,0.2193877551020408,207.99134199134198
0_0_0_0_0_0_0_1_0_1_0_0_0_0_1_1_0_1_1_0_1_0_1_1_0_0_0_1_1_1_1_0_0_1_1_1_1_1_0_0_1_1_0_1,1,9.0e-5,2.9439202887759484e-5,0.25510204081632654,203.03418803418802
0_0_0_0_0_0_0_1_0_0_0_1_0_0_1_1_1_1_1_0_0_0_0_0_0_0_0_0_0_0_0_0_0_1_0_0_0_0_1_1_1_1_0_1,1,9.0e-5,2.1602468994692868e-5,0.24489795918367346,230.33333333333334
0_0_0_0_0_0_0_1_0_0_0_1_1_0_1_1_1_1_1_0_0_0_1_1_0_0_0_0_0_0_0_0_0_1_0_0_0_0_1_1_1_1_0_1,1,9.0e-5,1.6329931618554523e-5,0.27040816326530615,230.8946608946609
1_1_1_1_1_1_1_0_0_1_1_1_0_1_0_0_0_0_0_1_1_0_0_0_1_1_1_1_1_1_1_1_1_1_1_1_1_1_0_0_0_0_1_0,1,9.0e-5,8.16496580927726e-6,0.2653061224489796,266.8425925925926
0_1_0_1_1_1_1_0_1_1_1_0_1_1_1_0_1_1_1_1_0_0_1_0_1_1_0_0_0_0_0_0_1_0_0_0_0_1_1_1_0_0_1_0,1,9.0e-5,2.1602468994692868e-5,0.2193877551020408,224.16161616161617
1_1_1_1_1_1_1_0_1_0_1_1_1_1_0_0_1_0_0_1_0_1_0_0_1_1_1_0_0_0_0_1_1_0_0_0_0_0_1_1_0_0_1_0,1,9.0e-5,2.449489742783178e-5,0.25510204081632654,237.4074074074074
1_1_1_1_1_0_1_0_1_0_1_1_0_1_0_1_0_0_0_1_1_1_0_1_1_1_1_1_1_1_1_1_1_0_1_1_1_0_0_0_0_0_1_1,1,9.0e-5,2.449489742783178e-5,0.2602040816326531,212.5925925925926
1_1_1_1_1_1_1_0_0_1_1_1_1_1_0_0_0_0_0_1_1_0_0_0_1_1_1_1_1_1_1_1_1_1_1_1_1_1_0_0_0_0_1_0,1,9.0e-5,1.414213562373095e-5,0.2602040816326531,231.47727272727275
0_0_0_0_0_0_0_1_0_0_0_1_1_1_1_0_1_1_1_0_0_0_0_0_0_0_0_0_0_0_0_0_0_1_0_0_0_0_1_1_0_0_0_0,1,9.0e-5,1.6329931618554523e-5,0.25510204081632654,282.6984126984127
0_0_0_1_0_0_0_1_1_0_0_0_1_0_0_1_1_0_0_0_0_1_0_1_0_0_0_0_0_0_0_1_0_0_0_0_0_0_1_1_1_1_1_1,1,9.0e-5,1.4142135623730955e-5,0.2653061224489796,262.04761904761904
1_1_1_0_1_0_0_0_0_1_0_1_1_1_0_0_0_0_1_0_1_0_0_0_0_0_1_1_1_1_1_0_1_1_1_1_1_1_0_0_0_0_0_0,1,9.0e-5,3.741657386773941e-5,0.2755102040816326,257.0769230769231
0_1_0_1_1_0_1_0_1_0_0_1_0_1_0_0_1_0_0_1_0_0_0_0_1_1_0_0_0_0_0_0_1_0_0_0_0_0_1_1_0_0_1_1,1,9.0e-5,8.16496580927726e-6,0.23979591836734693,217.08333333333334
1_1_1_1_1_1_1_0_1_1_1_0_0_0_0_1_0_0_0_1_1_1_1_1_1_1_1_1_1_1_1_1_1_0_1_1_1_1_0_0_1_1_1_1,1,9.0e-5,2.1602468994692868e-5,0.25510204081632654,238.969696969697
1_1_1_1_1_1_1_0_1_0_1_1_0_1_0_1_0_0_0_1_1_0_0_1_1_1_1_1_1_1_1_1_1_0_1_1_1_0_0_0_0_0_1_1,1,9.0e-5,8.16496580927726e-6,0.24489795918367346,244.92592592592595
1_0_1_0_0_1_0_1_0_1_0_0_1_0_1_1_1_1_1_0_0_1_1_0_0_0_1_0_0_0_0_1_0_1_0_0_0_1_1_1_1_1_0_1,1,9.0e-5,8.16496580927726e-6,0.25,206.58333333333334
0_0_0_0_0_0_0_1_0_1_0_0_1_0_1_0_0_1_1_0_1_1_1_1_0_0_0_1_1_1_1_0_0_1_1_1_1_0_0_0_1_1_0_0,1,8.666666666666668e-5,3.3993463423951894e-5,0.23469387755102042,201.61111111111111
1_1_1_1_1_1_1_0_0_1_1_1_1_0_0_0_1_0_0_1_0_0_1_0_1_1_1_0_0_0_0_1_1_1_0_0_0_1_1_1_1_0_1_0,1,8.666666666666668e-5,1.2472191289246475e-5,0.2602040816326531,248.49735449735454
1_1_1_1_1_1_1_0_1_1_1_0_0_1_0_0_0_0_0_1_1_1_0_0_1_1_1_1_1_1_1_1_1_0_1_1_1_1_0_0_0_0_1_0,1,8.666666666666668e-5,3.3993463423951894e-5,0.27040816326530615,219.33333333333334
0_0_0_0_0_0_0_1_0_1_0_0_0_1_1_0_1_1_1_0_0_1_0_0_0_0_0_0_0_0_0_0_0_1_0_0_0_0_1_1_0_1_0_0,1,8.666666666666668e-5,1.2472191289246475e-5,0.23469387755102042,208.7883597883598
0_0_0_0_0_0_0_1_1_0_0_0_0_1_1_1_1_1_1_0_0_0_0_0_0_0_0_0_0_0_0_0_0_0_0_0_0_0_1_1_0_1_0_1,1,8.666666666666668e-5,2.3570226039551588e-5,0.27040816326530615,254.484126984127
0_0_0_0_0_0_0_1_0_1_0_0_1_0_1_0_1_1_1_0_0_1_0_0_0_0_0_0_0_0_0_0_0_1_0_0_0_0_1_1_1_1_0_0,1,8.666666666666668e-5,2.0548046676563257e-5,0.22448979591836735,183.73737373737376
0_0_0_0_0_0_0_1_0_0_0_1_1_0_1_1_1_1_1_0_0_0_1_0_0_0_0_0_0_0_0_0_0_1_0_0_0_0_1_1_1_1_0_1,1,8.666666666666668e-5,9.428090415820634e-6,0.25510204081632654,200.83333333333334
1_0_1_0_0_0_0_1_0_0_0_1_0_0_0_1_0_0_1_0_1_1_0_1_0_0_1_1_1_1_1_1_0_1_1_1_1_0_0_0_1_1_0_1,1,8.666666666666668e-5,3.299831645537221e-5,0.22448979591836735,225.33333333333334
0_1_0_1_1_1_1_0_1_0_1_1_0_1_0_0_1_0_0_1_0_0_0_0_1_1_0_0_0_0_0_0_1_0_0_0_0_0_1_1_0_0_1_0,1,8.666666666666668e-5,1.2472191289246475e-5,0.24489795918367346,208.89417989417987
0_1_0_0_0_1_1_1_1_0_0_0_0_0_0_0_1_0_0_0_0_1_0_1_0_0_0_0_0_0_0_1_0_0_0_0_0_1_1_1_1_1_0_1,1,8.666666666666668e-5,2.0548046676563257e-5,0.22448979591836735,223.4848484848485
0_0_0_0_0_0_0_1_1_0_0_0_1_0_1_1_0_1_1_0_1_1_0_1_0_0_0_1_1_1_1_0_0_0_1_1_1_0_0_0_1_1_0_1,1,8.666666666666665e-5,3.771236166328253e-5,0.25,270.3174603174603
1_1_1_1_1_1_0_0_0_1_1_0_1_1_0_1_0_0_1_1_1_1_1_1_1_1_1_1_1_1_1_1_1_1_1_1_1_1_0_0_0_0_1_0,1,8.666666666666665e-5,4.1096093353126506e-5,0.23469387755102042,261.4285714285714
1_1_1_1_1_0_1_0_1_0_1_1_0_1_0_1_1_0_0_1_0_1_0_0_1_1_1_0_0_0_0_1_1_0_0_0_0_0_1_1_0_0_1_1,1,8.666666666666665e-5,3.091206165165234e-5,0.2653061224489796,221.73382173382174
1_0_1_0_0_1_0_1_0_1_1_0_1_0_1_1_1_1_1_0_0_1_1_0_0_0_1_0_0_0_0_0_0_1_0_0_0_1_1_1_1_1_0_0,1,8.666666666666665e-5,4.496912521077347e-5,0.2193877551020408,188.73015873015876
1_0_1_0_0_0_0_1_0_1_0_0_1_1_1_0_1_1_1_0_0_1_1_0_0_0_1_0_0_0_0_1_0_1_0_0_0_1_1_1_0_0_0_0,1,8.333333333333333e-5,1.699673171197595e-5,0.23469387755102042,259.7037037037037
0_1_0_1_1_1_1_0_1_1_1_0_1_1_0_0_0_0_0_1_1_0_1_1_1_1_0_1_1_1_1_1_1_0_1_1_1_1_0_0_0_0_1_0,1,8.333333333333333e-5,3.299831645537221e-5,0.21428571428571427,229.44444444444443
0_0_0_0_0_0_0_1_1_0_0_0_0_1_1_1_0_1_1_0_1_0_0_1_0_0_0_1_1_1_1_0_0_0_1_1_1_0_0_0_0_1_0_1,1,8.333333333333333e-5,5.4365021434333636e-5,0.2653061224489796,212.33333333333334
1_1_1_1_1_0_1_0_1_0_1_1_1_1_0_0_0_0_0_1_1_0_0_1_1_1_1_1_1_1_1_0_1_0_1_1_1_0_0_0_0_0_1_0,1,8.333333333333333e-5,1.2472191289246475e-5,0.27040816326530615,229.84523809523807
0_0_0_0_0_0_0_1_0_1_0_0_1_0_1_1_1_1_1_0_0_0_1_0_0_0_0_0_0_0_0_0_0_1_0_0_0_1_1_1_1_1_0_1,1,8.333333333333333e-5,1.699673171197595e-5,0.25510204081632654,196.4814814814815
0_0_0_0_0_0_0_1_0_1_0_0_1_1_1_0_1_1_1_0_0_0_1_0_0_0_0_0_0_0_0_0_0_1_0_0_0_0_1_1_0_0_0_0,1,8.333333333333333e-5,1.2472191289246475e-5,0.22448979591836735,256.70238095238096
1_1_1_1_1_1_1_0_1_0_1_1_1_0_0_1_0_0_0_1_1_0_1_1_1_1_1_1_1_1_1_1_1_0_1_1_1_1_0_0_1_0_1_1,1,8.333333333333333e-5,1.2472191289246475e-5,0.23469387755102042,205.55952380952382
0_1_0_1_1_1_1_0_1_1_1_0_1_1_1_0_1_1_0_1_0_0_0_0_1_1_0_0_0_0_0_0_1_0_0_0_0_1_1_1_0_0_1_0,1,8.333333333333333e-5,4.714045207910317e-6,0.22959183673469388,214.58333333333334
0_0_0_0_0_0_0_1_1_0_0_0_0_1_1_1_0_1_1_0_1_1_0_1_0_0_0_1_1_1_1_0_0_0_1_1_1_0_0_0_0_1_0_1,1,8.333333333333333e-5,2.8674417556808757e-5,0.2602040816326531,263.3611111111111
0_1_0_0_0_0_0_1_0_0_0_1_0_0_0_1_0_0_0_0_1_1_0_1_0_0_0_1_1_1_1_1_0_1_1_1_1_1_0_0_1_1_0_1,1,8.333333333333333e-5,2.3570226039551585e-5,0.25,231.33333333333334
1_1_1_1_1_1_1_0_1_1_1_0_0_0_0_1_0_0_0_1_1_0_1_1_1_1_1_1_1_1_1_1_1_0_1_1_1_1_0_0_1_1_1_1,1,8.333333333333333e-5,9.428090415820639e-6,0.25,237.67195767195767
1_1_1_1_1_1_1_0_1_0_1_1_0_1_0_1_1_0_0_1_0_1_1_0_1_1_1_0_0_0_0_1_1_0_0_0_0_1_1_1_0_0_1_1,1,8.333333333333333e-5,4.714045207910317e-6,0.23469387755102042,219.49074074074073
1_0_1_0_1_0_0_0_0_1_1_1_1_1_1_1_0_1_1_1_1_1_1_1_1_1_1_1_1_1_1_0_1_1_1_1_1_0_0_0_0_0_1_0,1,8.333333333333333e-5,1.2472191289246475e-5,0.2193877551020408,226.57142857142858
0_0_0_1_0_0_0_1_1_0_0_0_1_0_1_1_1_1_1_0_0_0_0_1_0_0_0_0_0_0_0_0_0_0_0_0_0_0_1_1_1_1_1_1,1,8.333333333333333e-5,9.428090415820639e-6,0.2602040816326531,260.0529100529101
1_0_1_0_0_0_0_1_0_0_0_1_0_0_1_1_1_1_1_0_0_1_1_0_0_0_1_0_0_0_0_0_0_1_0_0_0_0_1_1_1_1_0_1,1,8.333333333333333e-5,1.2472191289246475e-5,0.2193877551020408,211.52380952380952
1_1_1_1_1_1_1_0_1_0_1_1_0_0_0_1_0_0_0_1_1_0_0_1_1_1_1_1_1_1_1_1_1_0_1_1_1_1_0_0_1_1_1_1,1,8.333333333333333e-5,1.699673171197595e-5,0.2193877551020408,192.8148148148148
1_1_1_1_1_1_1_0_1_1_1_0_0_1_1_0_1_1_0_1_0_0_0_0_1_1_1_0_0_0_0_0_1_0_0_0_0_1_1_1_0_0_1_0,1,8.333333333333333e-5,2.3570226039551585e-5,0.2602040816326531,227.66666666666666
0_0_0_1_0_1_1_1_1_0_1_0_1_0_1_1_1_1_0_1_0_0_1_1_1_1_0_0_0_0_0_0_0_0_0_0_0_0_1_1_1_1_1_1,1,8.333333333333333e-5,4.496912521077347e-5,0.27040816326530615,204.0277777777778
0_0_0_0_0_0_0_1_0_0_0_1_0_0_1_1_1_1_1_0_0_0_1_1_0_0_0_0_0_0_0_0_0_1_0_0_0_0_1_1_1_1_0_1,1,8.333333333333333e-5,2.0548046676563257e-5,0.2653061224489796,211.93181818181816
1_0_1_0_0_0_0_1_0_1_0_0_1_1_1_0_1_1_1_0_0_1_1_0_0_0_1_0_0_0_0_0_0_1_0_0_0_1_1_1_0_0_0_0,1,8.0e-5,1.6329931618554523e-5,0.2193877551020408,253.41666666666666
0_0_0_0_0_0_0_1_0_0_0_1_0_0_1_1_1_1_1_0_0_1_1_1_0_0_0_0_0_0_0_0_0_1_0_0_0_0_1_1_1_1_0_1,1,8.0e-5,2.8284271247461902e-5,0.2602040816326531,217.7777777777778
1_0_1_0_0_0_0_1_0_1_0_0_1_1_1_0_0_1_1_0_1_0_0_0_0_0_1_1_1_1_1_0_0_1_1_1_1_1_0_0_0_0_0_0,1,8.0e-5,3.7416573867739416e-5,0.23979591836734693,257.5
0_1_0_1_1_0_1_0_1_0_1_1_0_1_0_0_0_0_0_1_1_0_0_1_1_1_0_1_1_1_1_1_1_0_1_1_1_0_0_0_0_0_1_0,1,8.0e-5,2.943920288775949e-5,0.23469387755102042,218.44276094276094
1_0_1_0_0_0_0_1_0_0_0_1_0_0_1_1_1_1_1_0_0_1_0_1_0_0_1_0_0_0_0_0_0_1_0_0_0_0_1_1_1_1_0_1,1,8.0e-5,8.164965809277265e-6,0.22959183673469388,244.00132275132276
1_0_1_0_0_0_0_1_0_1_0_0_1_1_1_0_1_1_1_0_0_1_1_0_0_0_1_0_0_0_0_0_0_1_0_0_0_0_1_1_0_0_0_0,1,8.0e-5,8.164965809277265e-6,0.20408163265306123,201.66005291005294
1_0_1_1_1_1_1_0_0_1_1_0_1_1_1_1_0_1_1_1_1_1_1_0_1_1_1_1_1_1_1_0_1_1_1_1_1_1_0_0_0_0_1_0,1,8.0e-5,1.6329931618554523e-5,0.23979591836734693,195.2222222222222
0_1_0_1_1_0_1_0_1_0_1_1_0_0_0_1_0_0_0_1_1_0_1_1_1_1_0_1_1_1_1_0_1_0_1_1_1_0_0_0_1_1_1_1,1,8.0e-5,8.164965809277265e-6,0.23979591836734693,236.765873015873
1_0_1_1_1_0_0_0_0_1_1_0_1_1_1_1_0_1_1_1_1_1_1_0_1_1_1_1_1_1_1_0_1_1_1_1_1_0_0_0_0_0_1_0,1,8.0e-5,1.6329931618554523e-5,0.22959183673469388,206.55555555555554
1_1_1_1_1_1_1_0_1_0_1_1_1_1_0_1_1_0_0_1_0_0_1_0_1_1_1_0_0_0_0_1_1_1_0_0_0_0_1_1_0_0_1_0,1,8.0e-5,2.8284271247461902e-5,0.21428571428571427,209.0
1_1_1_1_1_1_1_0_1_0_1_1_0_1_0_1_1_0_0_1_0_0_0_0_1_1_1_0_0_0_0_1_1_0_0_0_0_0_1_1_0_0_1_1,1,8.0e-5,2.449489742783178e-5,0.25,233.88636363636363
0_1_0_1_1_0_1_0_1_0_1_1_0_1_0_0_1_0_0_1_0_0_0_0_1_1_0_0_0_0_0_0_1_0_0_0_0_0_1_1_0_0_1_0,1,8.0e-5,8.164965809277265e-6,0.25510204081632654,219.92063492063494
1_1_1_1_1_1_1_0_0_1_1_0_1_1_0_1_0_0_1_1_1_0_1_0_1_1_1_1_1_1_1_1_1_1_1_1_1_1_0_0_0_0_1_0,1,8.0e-5,1.4142135623730953e-5,0.25,198.33333333333334
1_1_1_0_1_0_0_0_0_1_0_1_0_1_0_0_0_0_1_0_1_0_0_0_0_0_1_1_1_1_1_0_1_1_1_1_1_1_0_0_0_0_0_0,1,8.0e-5,0.0,0.28061224489795916,232.91666666666666
1_0_1_1_1_1_0_0_0_1_1_0_1_1_1_0_1_1_1_1_0_0_0_0_1_1_1_0_0_0_0_0_1_1_0_0_0_1_1_1_0_0_1_0,1,7.999999999999999e-5,2.943920288775949e-5,0.25510204081632654,270.4603174603175
1_0_1_1_1_1_0_0_0_1_1_0_1_1_1_0_1_1_1_1_0_1_1_0_1_1_1_0_0_0_0_1_1_1_0_0_0_1_1_1_0_0_1_0,1,7.999999999999999e-5,4.08248290463863e-5,0.2602040816326531,226.90170940170938
1_1_1_1_1_1_1_0_1_0_1_1_1_1_0_0_1_0_0_1_0_0_0_0_1_1_1_0_0_0_0_0_1_0_0_0_0_0_1_1_0_0_1_0,1,7.999999999999999e-5,2.943920288775949e-5,0.2653061224489796,213.83333333333334
0_0_0_0_0_0_0_1_0_0_0_1_0_0_0_1_0_0_0_0_1_1_0_1_0_0_0_1_1_1_1_1_0_1_1_1_1_0_0_0_1_1_0_1,1,7.666666666666667e-5,2.0548046676563257e-5,0.24489795918367346,213.83333333333334
0_0_0_0_0_0_0_1_0_1_0_0_0_0_1_1_1_1_1_0_0_1_1_0_0_0_0_0_0_0_0_0_0_0_0_0_0_0_1_1_1_1_0_1,1,7.666666666666667e-5,4.714045207910323e-6,0.23979591836734693,211.90476190476193
0_0_0_0_0_0_0_1_1_0_0_0_0_0_0_1_0_0_1_0_1_1_0_1_0_0_0_1_1_1_1_1_0_0_1_1_1_0_0_0_1_1_0_1,1,7.666666666666667e-5,2.8674417556808757e-5,0.25,268.7878787878788
1_1_1_1_1_1_1_0_1_0_1_1_0_1_0_1_0_0_0_1_1_0_0_1_1_1_1_1_1_1_1_0_1_0_1_1_1_0_0_0_0_0_1_1,1,7.666666666666667e-5,9.428090415820639e-6,0.2602040816326531,217.14285714285714
1_1_1_1_1_1_1_0_1_1_1_0_1_1_0_0_0_0_0_1_1_0_0_1_1_1_1_1_1_1_1_1_1_0_1_1_1_1_0_0_0_0_1_0,1,7.666666666666667e-5,4.027681991198191e-5,0.24489795918367346,204.84848484848484
0_0_0_0_0_0_0_1_0_1_0_0_0_0_1_0_1_1_1_0_0_1_0_0_0_0_0_0_0_0_0_0_0_0_0_0_0_1_1_1_1_1_0_1,1,7.666666666666667e-5,1.6996731711975954e-5,0.20918367346938777,182.76190476190473
1_0_1_0_0_1_0_1_0_1_0_0_1_1_1_0_1_1_1_0_0_1_0_0_0_0_1_0_0_0_0_1_0_1_0_0_0_1_1_1_0_0_0_0,1,7.666666666666667e-5,3.299831645537222e-5,0.23979591836734693,225.7142857142857
1_0_1_0_0_0_0_1_0_0_0_1_1_1_1_0_1_1_1_0_0_1_0_0_0_0_1_0_0_0_0_0_0_1_0_0_0_0_1_1_0_0_0_0,1,7.666666666666667e-5,2.4944382578492944e-5,0.24489795918367346,201.32467532467533
1_0_1_0_0_0_0_1_0_1_0_0_1_0_1_1_0_1_1_0_1_1_1_1_0_0_1_1_1_1_1_1_0_1_1_1_1_1_0_0_1_1_0_1,1,7.666666666666667e-5,2.6246692913372705e-5,0.24489795918367346,216.11111111111111
0_0_0_0_0_0_0_1_0_0_0_1_0_0_1_1_1_1_1_0_0_0_0_1_0_0_0_0_0_0_0_0_0_1_0_0_0_0_1_1_1_1_0_1,1,7.666666666666667e-5,2.0548046676563257e-5,0.2602040816326531,249.33333333333334
1_1_1_1_1_1_1_0_1_1_1_0_0_1_0_0_0_0_0_1_1_0_0_0_1_1_1_1_1_1_1_1_1_0_1_1_1_1_0_0_0_0_1_0,1,7.666666666666667e-5,3.091206165165234e-5,0.2653061224489796,234.83333333333334
0_0_0_0_0_0_0_1_0_0_0_1_1_0_1_1_1_1_1_0_0_1_1_0_0_0_0_0_0_0_0_0_0_1_0_0_0_0_1_1_1_1_0_1,1,7.666666666666667e-5,1.2472191289246474e-5,0.25,213.37962962962965
1_0_1_0_0_0_0_1_0_0_0_1_0_0_0_1_0_0_1_0_1_1_1_1_0_0_1_1_1_1_1_1_0_1_1_1_1_0_0_0_1_1_0_1,1,7.666666666666667e-5,1.2472191289246474e-5,0.22959183673469388,219.16666666666666
1_1_1_1_1_1_1_0_1_0_1_1_1_1_0_1_0_0_0_1_1_0_1_1_1_1_1_1_1_1_1_0_1_1_1_1_1_0_0_0_0_0_1_0,1,7.666666666666667e-5,1.2472191289246474e-5,0.22448979591836735,181.5277777777778
0_1_0_1_1_1_1_0_1_1_1_0_1_1_0_0_0_0_0_1_1_0_0_1_1_1_0_1_1_1_1_1_1_0_1_1_1_1_0_0_0_0_1_0,1,7.666666666666667e-5,4.714045207910323e-6,0.2193877551020408,221.90476190476193
1_1_1_1_1_1_1_0_1_1_1_0_0_1_0_0_0_0_0_1_1_1_0_1_1_1_1_1_1_1_1_1_1_0_1_1_1_1_0_0_0_0_1_0,1,7.666666666666667e-5,2.0548046676563257e-5,0.25510204081632654,194.91666666666666
0_0_0_0_0_0_0_1_0_1_0_0_0_1_1_0_1_1_1_0_0_0_0_0_0_0_0_0_0_0_0_0_0_1_0_0_0_0_1_1_0_1_0_0,1,7.666666666666667e-5,1.6996731711975954e-5,0.23979591836734693,233.03174603174602
0_1_0_0_0_1_1_1_1_0_0_0_0_0_0_0_1_0_0_0_0_1_0_0_0_0_0_0_0_0_0_1_0_1_0_0_0_1_1_1_1_1_0_1,1,7.666666666666667e-5,1.2472191289246474e-5,0.20918367346938777,205.78703703703704
1_0_1_0_0_0_0_1_0_0_0_1_0_0_1_1_1_1_1_0_0_0_0_1_0_0_1_0_0_0_0_0_0_1_0_0_0_0_1_1_1_1_0_1,1,7.666666666666666e-5,9.428090415820639e-6,0.23469387755102042,268.78306878306876
0_0_0_0_0_1_0_1_0_1_0_0_1_0_1_0_0_1_1_0_1_1_1_1_0_0_0_1_1_1_1_1_0_1_1_1_1_1_0_0_1_1_0_0,1,7.666666666666666e-5,2.4944382578492944e-5,0.2755102040816326,187.76623376623377
1_1_1_1_1_1_1_0_1_1_1_0_0_0_0_1_1_0_0_1_0_0_1_0_1_1_1_0_0_0_0_1_1_0_0_0_0_1_1_1_1_1_1_1,1,7.666666666666666e-5,2.4944382578492944e-5,0.24489795918367346,173.75757575757575
0_0_0_1_0_1_1_1_1_0_1_0_1_0_1_1_1_1_0_1_0_0_1_0_1_1_0_0_0_0_0_0_0_0_0_0_0_0_1_1_1_1_1_1,1,7.666666666666666e-5,9.428090415820639e-6,0.25510204081632654,249.89417989417987
1_0_1_0_0_0_0_1_0_1_0_0_1_1_1_0_0_1_1_0_1_0_0_1_0_0_1_1_1_1_1_0_0_1_1_1_1_1_0_0_0_0_0_0,1,7.333333333333334e-5,2.4944382578492944e-5,0.22448979591836735,194.0
1_1_1_1_1_1_1_0_1_0_1_1_1_1_0_0_0_0_0_1_1_0_0_1_1_1_1_1_1_1_1_0_1_0_1_1_1_0_0_0_0_0_1_0,1,7.333333333333334e-5,2.4944382578492944e-5,0.2602040816326531,226.25
1_0_1_0_0_0_0_1_0_1_0_0_1_0_1_0_1_1_1_0_0_1_1_0_0_0_1_0_0_0_0_0_0_1_0_0_0_0_1_1_1_1_0_0,1,7.333333333333334e-5,2.4944382578492944e-5,0.21428571428571427,198.16666666666666
1_1_1_1_1_1_1_0_0_1_1_1_1_1_1_0_1_1_0_1_0_0_1_0_1_1_1_0_0_0_0_0_1_1_0_0_0_1_1_1_0_0_1_0,1,7.333333333333334e-5,1.699673171197595e-5,0.25,247.1851851851852
1_1_1_1_1_1_1_0_0_1_1_1_1_0_0_0_1_0_0_1_0_1_1_0_1_1_1_0_0_0_0_1_1_1_0_0_0_1_1_1_1_0_1_0,1,7.333333333333334e-5,1.699673171197595e-5,0.2653061224489796,306.9907407407407
1_1_1_1_1_1_0_0_0_1_1_0_1_1_0_1_0_0_1_1_1_1_1_0_1_1_1_1_1_1_1_1_1_1_1_1_1_1_0_0_0_0_1_0,1,7.333333333333334e-5,2.3570226039551585e-5,0.25,206.2962962962963
1_1_1_1_1_0_1_0_1_0_1_1_1_1_0_0_1_0_0_1_0_0_0_0_1_1_1_0_0_0_0_1_1_0_0_0_0_0_1_1_0_0_1_0,1,7.333333333333334e-5,1.699673171197595e-5,0.2602040816326531,254.57407407407405
1_0_1_0_0_0_0_1_0_0_0_1_0_0_0_1_0_0_0_0_1_1_1_1_0_0_1_1_1_1_1_1_0_1_1_1_1_0_0_0_1_1_0_1,1,7.333333333333334e-5,1.699673171197595e-5,0.22448979591836735,234.62037037037035
0_0_0_0_0_0_0_1_0_1_0_0_1_0_1_0_1_1_1_0_0_1_1_0_0_0_0_0_0_0_0_1_0_1_0_0_0_1_1_1_1_1_0_0,1,7.333333333333333e-5,3.681787005729087e-5,0.2602040816326531,200.0
0_0_0_0_0_1_0_1_0_1_0_0_0_0_1_0_1_1_1_0_0_1_0_0_0_0_0_0_0_0_0_0_0_0_0_0_0_1_1_1_1_1_0_1,1,7.333333333333333e-5,1.699673171197595e-5,0.2193877551020408,167.37037037037035
0_1_0_1_1_1_1_0_1_0_1_1_0_0_0_1_1_0_0_1_0_1_1_0_1_1_0_0_0_0_0_1_1_0_0_0_0_1_1_1_1_1_1_1,1,7.333333333333333e-5,2.6246692913372705e-5,0.20918367346938777,204.0909090909091
0_1_0_1_1_0_1_0_1_0_0_1_0_1_0_0_0_0_0_1_1_0_0_1_1_1_0_1_1_1_1_1_1_0_1_1_1_0_0_0_0_0_1_1,1,7.333333333333333e-5,1.2472191289246475e-5,0.2193877551020408,219.02116402116403
1_1_1_1_1_1_1_0_1_0_1_1_1_1_0_0_0_0_0_1_1_1_0_1_1_1_1_1_1_1_1_1_1_1_1_1_1_1_0_0_0_0_1_0,1,7.333333333333333e-5,1.885618083164127e-5,0.24489795918367346,208.66666666666666
1_1_1_1_1_1_1_0_0_1_1_1_1_0_0_0_0_0_0_1_1_0_1_1_1_1_1_1_1_1_1_1_1_1_1_1_1_1_0_0_1_0_1_0,1,7.333333333333333e-5,2.6246692913372705e-5,0.2653061224489796,252.74747474747474
0_1_0_1_1_1_1_0_1_1_1_0_1_1_1_0_1_1_1_1_0_0_0_0_1_1_0_0_0_0_0_0_1_0_0_0_0_1_1_1_0_0_1_0,1,7.333333333333333e-5,9.428090415820637e-6,0.22448979591836735,197.2222222222222
0_0_0_0_0_0_1_1_1_0_0_1_0_0_1_0_1_1_0_0_0_1_0_1_0_0_0_0_0_0_0_0_0_0_0_0_0_0_1_1_1_1_0_1,1,7.333333333333333e-5,2.4944382578492944e-5,0.24489795918367346,209.33333333333334
1_1_1_1_1_0_1_0_1_0_1_1_0_0_0_1_0_0_0_1_1_0_1_1_1_1_1_1_1_1_1_0_1_0_1_1_1_0_0_0_1_1_1_1,1,7.333333333333333e-5,2.4944382578492944e-5,0.25510204081632654,210.66666666666666
0_1_0_1_1_1_1_0_1_0_1_1_0_0_0_1_0_0_0_1_1_0_0_1_1_1_0_1_1_1_1_1_1_0_1_1_1_0_0_0_1_1_1_1,1,7.333333333333333e-5,1.2472191289246475e-5,0.2193877551020408,178.46560846560848
0_0_0_0_0_1_0_1_0_1_0_0_0_0_1_1_0_1_1_0_1_1_1_1_0_0_0_1_1_1_1_0_0_1_1_1_1_1_0_0_1_1_0_1,1,7.333333333333333e-5,2.3570226039551585e-5,0.2602040816326531,295.7407407407407
1_1_1_0_1_1_1_0_0_1_1_1_0_1_1_0_0_1_1_1_1_0_1_0_1_1_1_1_1_1_1_0_1_1_1_1_1_1_0_0_0_0_0_0,1,7.333333333333333e-5,1.885618083164127e-5,0.2653061224489796,251.44444444444446
0_1_0_1_0_1_1_1_1_0_0_0_0_0_0_0_1_0_0_0_0_0_0_0_0_0_0_0_0_0_0_1_0_1_0_0_0_1_1_1_1_1_0_1,1,7.333333333333333e-5,4.02768199119819e-5,0.2193877551020408,188.53846153846155
0_1_0_0_0_1_1_1_1_0_0_1_0_0_0_1_1_0_0_0_0_1_0_0_0_0_0_0_0_0_0_1_0_0_0_0_0_1_1_1_1_1_0_1,1,7.333333333333333e-5,3.681787005729087e-5,0.25,350.43650793650795
1_0_1_1_1_0_0_0_0_1_1_1_1_1_1_1_0_1_1_1_1_0_1_1_1_1_1_1_1_1_1_0_1_0_1_1_1_0_0_0_0_0_1_0,1,7.333333333333333e-5,1.885618083164127e-5,0.20918367346938777,203.11111111111111
1_1_1_1_1_1_1_0_1_1_1_0_0_1_0_0_0_0_0_1_1_0_0_1_1_1_1_1_1_1_1_1_1_0_1_1_1_1_0_0_0_0_1_0,1,7.333333333333333e-5,1.699673171197595e-5,0.25,246.1851851851852
0_0_0_0_0_0_0_1_0_1_0_0_0_0_1_1_1_1_1_0_0_0_1_0_0_0_0_0_0_0_0_0_0_1_0_0_0_1_1_1_1_1_0_1,1,7.333333333333333e-5,4.714045207910323e-6,0.25,227.85714285714286
0_1_0_1_1_0_1_0_1_0_0_1_0_1_0_0_1_0_0_1_0_0_0_0_1_1_0_0_0_0_0_1_1_0_0_0_0_0_1_1_0_0_1_1,1,7.333333333333333e-5,1.699673171197595e-5,0.22448979591836735,178.7037037037037
1_1_1_1_1_1_1_0_1_0_1_1_0_1_0_1_0_0_0_1_1_1_1_1_1_1_1_1_1_1_1_1_1_0_1_1_1_1_0_0_0_0_1_1,1,7.333333333333333e-5,1.2472191289246474e-5,0.22959183673469388,221.5873015873016
1_1_1_1_1_1_1_0_0_1_1_1_0_1_0_0_0_0_0_1_1_0_0_1_1_1_1_1_1_1_1_1_1_1_1_1_1_1_0_0_0_0_1_0,1,7.333333333333333e-5,1.2472191289246474e-5,0.25,261.48148148148147
0_0_0_0_0_0_0_1_1_0_0_0_0_0_1_1_1_1_1_0_0_0_0_1_0_0_0_0_0_0_0_0_0_0_0_0_0_0_1_1_1_1_0_1,1,7.333333333333333e-5,1.699673171197595e-5,0.2602040816326531,267.52777777777777
0_0_0_1_0_1_1_1_1_0_1_0_1_0_1_1_1_1_0_1_0_1_1_1_1_1_0_0_0_0_0_1_0_0_0_0_0_0_1_1_1_1_1_1,1,7.333333333333333e-5,3.39934634239519e-5,0.28061224489795916,236.1111111111111
1_0_1_0_0_1_0_1_0_1_0_0_1_0_1_1_0_1_1_0_1_1_1_1_0_0_1_1_1_1_1_1_0_1_1_1_1_1_0_0_1_1_0_1,1,7.333333333333333e-5,2.0548046676563257e-5,0.25510204081632654,217.57142857142858
1_1_1_1_1_1_1_0_1_1_1_0_1_1_0_0_0_0_0_1_1_1_1_1_1_1_1_1_1_1_1_1_1_0_1_1_1_1_0_0_0_0_1_0,1,7.333333333333333e-5,4.109609335312651e-5,0.24489795918367346,258.61111111111114
0_0_0_0_0_0_0_1_0_1_0_0_1_0_1_0_0_1_1_0_1_0_0_1_0_0_0_1_1_1_1_0_0_1_1_1_1_0_0_0_1_1_0_0,1,7.333333333333333e-5,1.885618083164127e-5,0.23469387755102042,192.11111111111111
0_0_0_0_0_1_0_1_0_1_0_0_0_0_1_1_1_1_1_0_0_1_1_0_0_0_0_0_0_0_0_0_0_1_0_0_0_1_1_1_1_1_0_1,1,7.333333333333333e-5,3.39934634239519e-5,0.25510204081632654,236.66666666666666
0_1_0_1_1_1_1_0_1_1_1_0_1_1_0_0_0_0_0_1_1_0_0_0_1_1_0_1_1_1_1_1_1_0_1_1_1_1_0_0_0_0_1_0,1,7.333333333333333e-5,4.714045207910323e-6,0.23469387755102042,223.75
0_0_0_0_0_1_0_1_0_1_0_0_1_0_1_0_1_1_1_0_0_1_1_0_0_0_0_0_0_0_0_0_0_1_0_0_0_1_1_1_1_1_0_0,1,7.333333333333333e-5,4.714045207910323e-6,0.25510204081632654,223.92857142857142
1_0_1_0_0_0_0_1_0_1_0_0_1_1_1_0_0_1_1_0_1_1_0_1_0_0_1_1_1_1_1_0_0_1_1_1_1_0_0_0_0_0_0_0,1,7.333333333333333e-5,4.109609335312651e-5,0.20408163265306123,202.7777777777778
1_1_1_1_1_1_1_0_1_0_1_1_1_1_0_0_0_0_0_1_1_1_0_1_1_1_1_1_1_1_1_1_1_0_1_1_1_0_0_0_0_0_1_0,1,7.333333333333333e-5,3.091206165165235e-5,0.25,222.7037037037037
1_1_1_1_1_1_1_0_0_1_1_1_1_1_0_0_0_0_0_1_1_1_1_0_1_1_1_1_1_1_1_1_1_1_1_1_1_1_0_0_0_0_1_0,1,7.000000000000001e-5,2.9439202887759494e-5,0.2602040816326531,290.0833333333333
0_1_0_0_0_1_1_1_1_0_0_1_0_0_0_1_1_0_0_0_0_1_0_1_0_0_0_0_0_0_0_1_0_0_0_0_0_1_1_1_1_1_0_1,1,7.000000000000001e-5,2.449489742783178e-5,0.2653061224489796,222.64285714285714
0_1_0_0_0_0_1_1_1_0_0_1_0_1_0_0_0_0_0_0_1_1_0_1_0_0_0_1_1_1_1_1_0_0_1_1_1_0_0_0_0_0_0_1,1,7.000000000000001e-5,8.164965809277262e-6,0.25,226.44841269841268
0_0_0_0_0_0_0_1_0_1_0_0_1_0_1_1_0_1_1_0_1_0_1_1_0_0_0_1_1_1_1_0_0_1_1_1_1_1_0_0_1_1_0_1,1,7.000000000000001e-5,1.4142135623730953e-5,0.2602040816326531,240.66666666666666
1_1_1_1_1_1_1_0_0_1_1_1_0_1_1_0_1_1_0_1_0_0_1_0_1_1_1_0_0_0_0_0_1_1_0_0_0_1_1_1_0_0_1_0,1,7.000000000000001e-5,1.6329931618554523e-5,0.2653061224489796,219.46031746031747
1_1_1_1_1_1_1_0_1_0_1_1_0_1_0_1_0_0_0_1_1_1_1_1_1_1_1_1_1_1_1_1_1_0_1_1_1_0_0_0_0_0_1_1,1,7.000000000000001e-5,2.8284271247461906e-5,0.24489795918367346,206.2962962962963
0_1_0_1_1_1_1_0_1_0_1_1_0_1_0_1_1_0_0_1_0_1_0_0_1_1_0_0_0_0_0_1_1_0_0_0_0_1_1_1_0_0_1_1,1,7.000000000000001e-5,1.4142135623730953e-5,0.22448979591836735,188.5185185185185
0_0_0_0_0_0_0_1_1_0_0_0_0_0_0_1_0_0_0_0_1_1_1_1_0_0_0_1_1_1_1_1_0_0_1_1_1_0_0_0_1_1_0_1,1,7.000000000000001e-5,1.6329931618554523e-5,0.25,253.87301587301587
0_0_0_0_0_0_0_1_1_0_0_0_0_0_0_1_0_0_1_0_1_1_1_1_0_0_0_1_1_1_1_1_0_0_1_1_1_0_0_0_1_1_0_1,1,7.000000000000001e-5,2.1602468994692868e-5,0.25510204081632654,215.11111111111111
0_0_0_0_0_0_0_1_0_0_0_1_1_1_1_0_1_1_1_0_0_1_0_0_0_0_0_0_0_0_0_0_0_1_0_0_0_0_1_1_0_0_0_0,1,7.000000000000001e-5,2.449489742783178e-5,0.25,238.2857142857143
1_0_1_1_1_1_1_0_0_1_1_0_1_1_1_1_0_1_1_1_1_1_1_1_1_1_1_1_1_1_1_0_1_1_1_1_1_1_0_0_0_0_1_0,1,7.000000000000001e-5,2.9439202887759494e-5,0.22448979591836735,186.5277777777778
0_0_0_0_0_1_0_1_0_1_0_0_1_0_1_0_0_1_1_0_1_1_1_1_0_0_0_1_1_1_1_0_0_1_1_1_1_1_0_0_1_1_0_0,1,7.000000000000001e-5,2.1602468994692868e-5,0.2602040816326531,241.55555555555557
1_0_1_0_0_0_0_1_0_1_0_0_1_0_1_0_1_1_1_0_0_0_1_0_0_0_1_0_0_0_0_0_0_1_0_0_0_0_1_1_1_1_0_0,1,7.000000000000001e-5,2.1602468994692868e-5,0.2193877551020408,205.7777777777778
1_0_1_0_0_0_0_1_0_0_0_1_1_0_1_1_1_1_1_0_0_0_1_1_0_0_1_0_0_0_0_0_0_1_0_0_0_0_1_1_1_1_0_1,1,7.000000000000001e-5,2.1602468994692868e-5,0.25510204081632654,218.33333333333334
0_1_0_1_1_1_1_0_1_1_1_0_0_0_0_1_0_0_0_1_1_1_1_1_1_1_0_1_1_1_1_1_1_0_1_1_1_1_0_0_1_1_1_1,1,7.000000000000001e-5,2.449489742783178e-5,0.25,235.80952380952382
0_1_0_1_1_1_1_0_1_0_1_1_0_0_0_1_0_0_0_1_1_0_0_1_1_1_0_1_1_1_1_1_1_0_1_1_1_1_0_0_1_1_1_1,1,7.000000000000001e-5,2.160246899469287e-5,0.20408163265306123,204.55555555555554
0_1_0_1_1_1_1_0_1_0_1_1_0_1_0_1_1_0_0_1_0_0_0_0_1_1_0_0_0_0_0_1_1_0_0_0_0_1_1_1_0_0_1_1,1,7.000000000000001e-5,2.1602468994692868e-5,0.2193877551020408,157.03703703703704
1_1_1_1_1_1_1_0_1_1_1_0_1_1_0_0_0_0_0_1_1_1_0_1_1_1_1_1_1_1_1_1_1_0_1_1_1_1_0_0_0_0_1_0,1,7.000000000000001e-5,2.8284271247461902e-5,0.25,238.9090909090909
0_0_0_0_0_0_0_1_0_1_0_0_1_0_1_0_0_1_1_0_1_1_1_1_0_0_0_1_1_1_1_1_0_1_1_1_1_1_0_0_1_1_0_0,1,7.000000000000001e-5,1.6329931618554523e-5,0.2653061224489796,257.6296296296296
0_1_0_1_1_1_1_0_1_1_1_0_1_1_0_0_0_0_0_1_1_1_0_0_1_1_0_1_1_1_1_1_1_0_1_1_1_1_0_0_0_0_1_0,1,7.0e-5,1.6329931618554523e-5,0.23979591836734693,259.36507936507934
0_0_0_0_0_0_0_1_0_0_0_1_0_0_1_1_1_1_1_0_0_1_0_1_0_0_0_0_0_0_0_0_0_1_0_0_0_0_1_1_1_1_0_1,1,7.0e-5,1.6329931618554523e-5,0.25510204081632654,222.27513227513228
1_0_1_1_1_1_1_0_0_1_1_1_1_1_1_1_1_1_1_1_0_0_1_0_1_1_1_0_0_0_0_0_1_1_0_0_0_0_1_1_0_0_1_0,1,7.0e-5,1.6329931618554523e-5,0.20918367346938777,259.91534391534395
1_0_1_1_1_1_0_0_0_1_1_1_1_1_1_1_0_1_1_1_1_0_1_0_1_1_1_1_1_1_1_0_1_1_1_1_1_0_0_0_0_0_1_0,1,6.666666666666668e-5,1.885618083164127e-5,0.22448979591836735,283.3333333333333
0_0_0_0_0_1_0_1_0_1_0_0_1_0_1_0_1_1_1_0_0_1_1_0_0_0_0_0_0_0_0_1_0_1_0_0_0_1_1_1_1_1_0_0,1,6.666666666666667e-5,2.3570226039551588e-5,0.27040816326530615,220.0
0_0_0_0_0_0_0_1_1_0_0_0_0_0_1_1_1_1_1_0_0_0_1_0_0_0_0_0_0_0_0_0_0_0_0_0_0_0_1_1_1_1_0_1,1,6.666666666666667e-5,9.428090415820637e-6,0.25,268.75
1_1_1_1_1_0_1_0_1_0_1_1_1_1_0_1_1_0_0_1_0_0_1_0_1_1_1_0_0_0_0_1_1_1_0_0_0_0_1_1_0_0_1_0,1,6.666666666666667e-5,2.0548046676563257e-5,0.22448979591836735,155.54232804232802
0_0_0_0_0_0_0_1_0_1_0_0_1_1_1_0_0_1_1_0_1_1_0_1_0_0_0_1_1_1_1_0_0_1_1_1_1_0_0_0_0_0_0_0,1,6.666666666666667e-5,1.2472191289246472e-5,0.2193877551020408,216.52380952380952
0_1_0_1_1_1_1_0_1_1_1_0_1_1_0_0_0_0_0_1_1_1_0_1_1_1_0_1_1_1_1_1_1_0_1_1_1_1_0_0_0_0_1_0,1,6.666666666666667e-5,1.699673171197595e-5,0.22448979591836735,244.7037037037037
0_1_0_1_1_1_1_0_1_1_1_0_1_1_1_0_1_1_0_1_0_0_1_0_1_1_0_0_0_0_0_0_1_0_0_0_0_1_1_1_0_0_1_0,1,6.666666666666667e-5,3.8586123009300757e-5,0.22448979591836735,222.44444444444446
1_0_1_0_0_1_0_1_0_1_1_0_1_0_1_1_0_1_1_0_1_1_1_1_0_0_1_1_1_1_1_0_0_1_1_1_1_1_0_0_1_1_0_0,1,6.666666666666667e-5,1.699673171197595e-5,0.22448979591836735,209.03703703703704
0_1_0_1_1_1_1_0_1_0_1_1_0_1_0_0_0_0_0_1_1_0_0_1_1_1_0_1_1_1_1_0_1_0_1_1_1_0_0_0_0_0_1_0,1,6.666666666666667e-5,1.2472191289246472e-5,0.23979591836734693,228.33333333333334
1_1_1_1_1_1_1_0_1_0_1_1_1_1_0_0_0_0_0_1_1_0_0_1_1_1_1_1_1_1_1_1_1_1_1_1_1_1_0_0_0_0_1_0,1,6.666666666666667e-5,3.299831645537222e-5,0.23979591836734693,191.66666666666666
0_0_0_0_0_0_0_1_0_1_0_0_0_0_1_1_0_1_1_0_1_1_1_1_0_0_0_1_1_1_1_1_0_1_1_1_1_1_0_0_1_1_0_1,1,6.666666666666667e-5,1.2472191289246472e-5,0.2653061224489796,203.39285714285714
1_0_1_0_0_0_0_1_0_0_0_1_1_1_1_0_0_1_1_0_1_0_0_1_0_0_1_1_1_1_1_0_0_1_1_1_1_0_0_0_0_0_0_0,1,6.666666666666667e-5,1.699673171197595e-5,0.24489795918367346,253.7777777777778
0_0_0_0_0_0_0_1_1_0_0_0_0_0_0_1_0_0_0_0_1_1_0_1_0_0_0_1_1_1_1_1_0_0_1_1_1_0_0_0_1_1_0_1,1,6.666666666666667e-5,2.624669291337271e-5,0.24489795918367346,205.46296296296296
0_0_0_0_0_0_0_1_0_1_0_0_1_1_1_0_1_1_1_0_0_1_0_0_0_0_0_0_0_0_0_0_0_0_0_0_0_0_1_1_0_0_0_0,1,6.666666666666667e-5,1.2472191289246472e-5,0.22448979591836735,225.89285714285714
1_1_1_1_1_0_1_0_1_0_1_1_0_1_0_1_0_0_0_1_1_0_0_1_1_1_1_1_1_1_1_1_1_0_1_1_1_0_0_0_0_0_1_1,1,6.666666666666667e-5,2.624669291337271e-5,0.25510204081632654,208.14814814814815
1_1_1_1_1_1_1_0_0_1_1_1_0_1_0_0_0_0_0_1_1_0_1_0_1_1_1_1_1_1_1_1_1_1_1_1_1_1_0_0_0_0_1_0,1,6.666666666666667e-5,2.0548046676563257e-5,0.27040816326530615,236.56084656084656
1_1_1_1_1_1_1_0_0_1_1_1_1_0_0_0_0_0_0_1_1_1_1_1_1_1_1_1_1_1_1_1_1_1_1_1_1_1_0_0_1_0_1_0,1,6.666666666666666e-5,2.0548046676563257e-5,0.27040816326530615,244.2724867724868
1_1_1_1_1_1_1_0_1_0_1_1_0_1_0_1_0_0_0_1_1_0_1_1_1_1_1_1_1_1_1_1_1_0_1_1_1_1_0_0_0_0_1_1,1,6.666666666666666e-5,2.0548046676563257e-5,0.22448979591836735,237.15608465608466
0_1_0_1_0_0_1_1_1_0_0_0_0_0_0_0_1_0_0_0_0_0_0_0_0_0_0_0_0_0_0_1_0_0_0_0_0_1_1_1_1_1_0_1,1,6.666666666666666e-5,1.2472191289246472e-5,0.2193877551020408,254.98809523809527
1_1_1_1_1_1_1_0_1_0_1_1_0_1_0_0_1_0_0_1_0_0_0_0_1_1_1_0_0_0_0_1_1_1_0_0_0_1_1_1_0_0_1_0,1,6.666666666666666e-5,2.0548046676563257e-5,0.25,200.97883597883597
1_1_1_1_1_1_1_0_1_1_1_0_1_1_0_0_0_0_0_1_1_0_1_0_1_1_1_1_1_1_1_1_1_0_1_1_1_1_0_0_0_0_1_0,1,6.666666666666666e-5,2.0548046676563257e-5,0.25510204081632654,231.45502645502643
1_1_1_0_1_1_1_0_0_1_1_1_0_1_0_0_0_0_0_1_1_1_1_1_1_1_1_1_1_1_1_1_1_1_1_1_1_1_0_0_0_0_0_0,1,6.666666666666666e-5,1.2472191289246472e-5,0.24489795918367346,266.63095238095235
0_0_0_0_0_0_0_1_0_1_0_0_1_0_1_1_1_1_1_0_0_0_1_0_0_0_0_0_0_0_0_0_0_0_0_0_0_0_1_1_1_1_0_1,1,6.666666666666666e-5,1.2472191289246472e-5,0.25,186.09523809523807
1_1_1_1_1_1_1_0_1_0_1_1_1_1_0_0_1_0_0_1_0_0_0_0_1_1_1_0_0_0_0_1_1_1_0_0_0_1_1_1_0_0_1_0,1,6.666666666666666e-5,4.714045207910313e-6,0.24489795918367346,197.69841269841268
1_1_1_1_1_1_1_0_1_0_1_1_0_1_0_1_1_0_0_1_0_0_1_0_1_1_1_0_0_0_0_1_1_0_0_0_0_1_1_1_0_0_1_1,1,6.333333333333333e-5,1.699673171197595e-5,0.22959183673469388,180.23809523809527
1_0_1_1_1_1_0_0_0_1_1_1_1_1_1_1_1_1_1_1_0_0_1_0_1_1_1_0_0_0_0_0_1_0_0_0_0_0_1_1_0_0_1_0,1,6.333333333333333e-5,2.0548046676563257e-5,0.20408163265306123,213.9814814814815
1_0_1_0_0_0_0_1_0_1_0_0_1_1_1_0_0_1_1_0_1_0_1_0_0_0_1_1_1_1_1_0_0_1_1_1_1_1_0_0_0_0_0_0,1,6.333333333333333e-5,2.3570226039551588e-5,0.24489795918367346,232.91666666666666
1_0_1_0_1_0_0_0_0_1_1_1_1_1_1_1_1_1_1_1_0_1_1_0_1_1_1_0_0_0_0_0_1_0_0_0_0_0_1_1_0_0_1_0,1,6.333333333333333e-5,1.699673171197595e-5,0.21428571428571427,199.64285714285714
0_0_0_0_0_0_0_1_0_1_0_0_0_0_1_1_0_1_1_0_1_1_1_1_0_0_0_1_1_1_1_0_0_0_1_1_1_0_0_0_1_1_0_1,1,6.333333333333333e-5,1.2472191289246474e-5,0.24489795918367346,203.94444444444446
1_1_1_1_1_1_1_0_1_1_1_0_1_1_1_0_1_1_0_1_0_0_0_0_1_1_1_0_0_0_0_0_1_0_0_0_0_1_1_1_0_0_1_0,1,6.333333333333333e-5,4.714045207910313e-6,0.25510204081632654,215.63492063492063
0_1_0_0_0_1_1_1_1_0_0_0_0_0_0_0_1_0_0_0_0_1_0_1_0_0_0_0_0_0_0_1_0_1_0_0_0_1_1_1_1_1_0_1,1,6.333333333333333e-5,1.699673171197595e-5,0.22448979591836735,207.79761904761904
0_1_0_0_0_0_1_1_1_0_0_1_0_0_0_1_0_0_0_0_1_0_1_1_0_0_0_1_1_1_1_0_0_0_1_1_1_0_0_0_1_1_0_1,1,6.333333333333333e-5,1.2472191289246474e-5,0.2653061224489796,280.36111111111114
0_0_0_0_0_0_0_1_1_0_0_1_0_0_1_0_1_1_0_0_0_0_0_1_0_0_0_0_0_0_0_0_0_0_0_0_0_0_1_1_1_1_0_1,1,6.333333333333333e-5,4.714045207910313e-6,0.25510204081632654,199.44444444444443
0_0_0_0_0_0_0_1_0_1_0_0_1_1_1_0_1_1_1_0_0_0_0_0_0_0_0_0_0_0_0_0_0_0_0_0_0_0_1_1_0_0_0_0,1,6.333333333333333e-5,1.699673171197595e-5,0.22959183673469388,240.23809523809527
0_0_0_0_0_0_0_1_1_0_0_0_1_0_0_1_1_0_1_0_0_1_1_1_0_0_0_0_0_0_0_1_0_0_0_0_0_0_1_1_1_1_0_1,1,6.333333333333333e-5,2.3570226039551588e-5,0.28061224489795916,248.19444444444446
1_1_1_1_1_1_1_0_0_1_1_1_1_1_0_0_0_0_0_1_1_1_0_1_1_1_1_1_1_1_1_1_1_1_1_1_1_1_0_0_0_0_1_0,1,6.333333333333333e-5,1.699673171197595e-5,0.25,296.48809523809524
1_0_1_0_1_1_0_0_0_1_1_1_1_1_1_1_0_1_1_1_1_1_1_1_1_1_1_1_1_1_1_0_1_1_1_1_1_0_0_0_0_0_1_0,1,6.333333333333333e-5,2.867441755680876e-5,0.2193877551020408,205.22222222222226
1_1_1_1_1_1_1_0_1_0_1_1_0_1_0_0_0_0_0_1_1_1_0_1_1_1_1_1_1_1_1_1_1_0_1_1_1_0_0_0_0_0_1_0,1,6.333333333333333e-5,2.6246692913372705e-5,0.25510204081632654,212.0
0_1_0_0_0_0_1_1_1_0_0_0_0_0_0_0_1_0_0_0_0_1_0_1_0_0_0_0_0_0_0_1_0_0_0_0_0_1_1_1_1_1_0_1,1,6.333333333333333e-5,9.42809041582063e-6,0.22448979591836735,228.66666666666666
0_0_0_0_0_0_0_1_1_0_0_0_0_0_1_1_1_1_1_0_0_1_1_1_0_0_0_0_0_0_0_0_0_0_0_0_0_0_1_1_1_1_0_1,1,6.333333333333333e-5,2.4944382578492947e-5,0.2602040816326531,219.84126984126985
0_1_0_1_1_1_1_0_1_1_1_0_0_1_0_0_0_0_0_1_1_0_0_0_1_1_0_1_1_1_1_1_1_0_1_1_1_1_0_0_0_0_1_0,1,6.333333333333333e-5,1.2472191289246474e-5,0.25,231.83333333333334
1_0_1_0_0_0_0_1_0_1_0_0_1_0_1_0_0_1_1_0_1_1_1_1_0_0_1_1_1_1_1_0_0_1_1_1_1_0_0_0_1_1_0_0,1,6.333333333333333e-5,2.4944382578492947e-5,0.2193877551020408,165.92592592592592
1_1_1_1_1_1_1_0_1_1_1_0_1_1_0_0_0_0_0_1_1_0_0_0_1_1_1_1_1_1_1_1_1_0_1_1_1_1_0_0_0_0_1_0,1,6.333333333333333e-5,1.699673171197595e-5,0.2602040816326531,232.5
0_0_0_0_0_0_0_1_0_0_0_1_0_0_0_1_0_0_0_0_1_1_1_1_0_0_0_1_1_1_1_1_0_1_1_1_1_0_0_0_1_1_0_1,1,6.333333333333333e-5,1.699673171197595e-5,0.25,184.52380952380952
1_1_1_1_1_1_1_0_1_0_1_1_0_0_0_1_1_0_0_1_0_1_0_0_1_1_1_0_0_0_0_1_1_0_0_0_0_1_1_1_1_1_1_1,1,6.333333333333333e-5,1.2472191289246474e-5,0.22959183673469388,200.30555555555554
0_1_0_1_1_1_1_0_1_1_1_0_0_0_0_1_1_0_0_1_0_1_1_0_1_1_0_0_0_0_0_1_1_0_0_0_0_1_1_1_1_1_1_1,1,6.333333333333333e-5,2.0548046676563257e-5,0.24489795918367346,232.96296296296296
0_0_0_0_0_0_0_1_0_0_0_1_1_0_1_1_1_1_1_0_0_1_1_1_0_0_0_0_0_0_0_0_0_1_0_0_0_0_1_1_1_1_0_1,1,6.333333333333333e-5,2.0548046676563257e-5,0.2653061224489796,207.7777777777778
1_1_1_1_1_0_1_0_1_0_1_1_0_1_0_0_1_0_0_1_0_0_0_0_1_1_1_0_0_0_0_0_1_0_0_0_0_0_1_1_0_0_1_0,1,6.333333333333333e-5,2.0548046676563257e-5,0.28061224489795916,228.9814814814815
1_0_1_1_1_0_0_0_0_1_1_0_1_1_1_0_0_1_1_1_1_0_1_0_1_1_1_1_1_1_1_0_1_1_1_1_1_0_0_0_0_0_1_0,1,6.333333333333333e-5,1.699673171197595e-5,0.2653061224489796,273.3333333333333
1_1_1_1_1_0_1_0_1_0_1_1_0_1_0_0_0_0_0_1_1_0_0_1_1_1_1_1_1_1_1_0_1_0_1_1_1_0_0_0_0_0_1_0,1,6.333333333333333e-5,2.0548046676563257e-5,0.2755102040816326,212.5
0_0_0_0_0_0_0_1_0_1_0_0_0_0_1_0_0_1_1_0_1_1_0_1_0_0_0_1_1_1_1_0_0_0_1_1_1_1_0_0_1_1_0_1,1,6.333333333333333e-5,9.42809041582063e-6,0.21428571428571427,220.76190476190473
1_1_1_1_1_0_1_0_1_0_1_1_0_0_0_1_0_0_0_1_1_1_1_1_1_1_1_1_1_1_1_1_1_0_1_1_1_0_0_0_1_1_1_1,1,6.333333333333333e-5,2.3570226039551588e-5,0.24489795918367346,258.1944444444444
0_0_0_0_0_0_0_1_1_0_0_0_0_1_1_1_1_1_1_0_0_1_0_0_0_0_0_0_0_0_0_0_0_0_0_0_0_0_1_1_0_1_0_1,1,6.333333333333333e-5,1.699673171197595e-5,0.2653061224489796,256.7857142857143
1_0_1_1_1_1_1_0_1_1_1_0_0_1_1_0_1_1_1_1_0_0_0_0_1_1_1_0_0_0_0_0_1_0_0_0_0_0_1_1_0_0_1_0,1,6.0e-5,1.4142135623730953e-5,0.2602040816326531,275.5833333333333
1_1_1_1_1_1_1_0_1_0_1_1_0_0_0_1_0_0_0_1_1_1_1_1_1_1_1_1_1_1_1_1_1_0_1_1_1_0_0_0_1_1_1_1,1,6.0e-5,1.6329931618554523e-5,0.23469387755102042,237.22222222222226
1_0_1_1_1_1_1_0_1_1_1_0_0_1_1_0_0_1_1_1_1_0_0_1_1_1_1_1_1_1_1_0_1_0_1_1_1_0_0_0_0_0_1_0,1,6.0e-5,0.0,0.2653061224489796,294.44444444444446
1_0_1_1_1_0_0_0_0_1_1_1_1_1_1_1_0_1_1_1_1_0_1_0_1_1_1_1_1_1_1_0_1_1_1_1_1_0_0_0_0_0_1_0,1,6.0e-5,0.0,0.22448979591836735,193.33333333333334
1_1_1_0_1_1_1_0_0_1_1_1_0_1_1_0_0_1_1_1_1_0_1_1_1_1_1_1_1_1_1_0_1_1_1_1_1_1_0_0_0_0_0_0,1,6.0e-5,0.0,0.25,293.88888888888886
1_1_1_1_1_1_1_0_1_0_1_1_0_0_0_1_0_0_0_1_1_0_1_1_1_1_1_1_1_1_1_1_1_1_1_1_1_1_0_0_1_1_1_1,1,6.0e-5,1.6329931618554523e-5,0.22448979591836735,278.3333333333333
0_0_0_0_0_0_0_1_0_1_0_0_1_1_1_0_1_1_1_0_0_0_1_0_0_0_0_0_0_0_0_0_0_0_0_0_0_0_1_1_0_0_0_0,1,6.0e-5,2.1602468994692868e-5,0.23469387755102042,231.33333333333334
0_0_0_0_0_0_0_1_0_1_0_0_1_1_1_0_1_1_1_0_0_0_1_0_0_0_0_0_0_0_0_0_0_1_0_0_0_1_1_1_0_0_0_0,1,6.0e-5,2.1602468994692868e-5,0.23979591836734693,232.2777777777778
1_1_1_1_1_1_1_0_1_0_1_1_1_1_0_0_1_0_0_1_0_1_0_0_1_1_1_0_0_0_0_1_1_1_0_0_0_1_1_1_0_0_1_0,1,6.0e-5,2.4494897427831785e-5,0.25,203.7037037037037
0_1_0_1_1_0_1_0_1_0_1_1_0_1_0_0_1_0_0_1_0_0_0_0_1_1_0_0_0_0_0_1_1_0_0_0_0_0_1_1_0_0_1_0,1,6.0e-5,2.1602468994692868e-5,0.23979591836734693,211.35185185185185
1_1_1_1_1_1_1_0_0_1_1_1_1_1_0_0_0_0_0_1_1_1_1_1_1_1_1_1_1_1_1_1_1_1_1_1_1_1_0_0_0_0_1_0,1,6.0e-5,2.4494897427831785e-5,0.24489795918367346,284.25925925925924
0_0_0_0_0_0_0_1_0_0_0_1_0_0_1_1_1_1_1_0_0_1_1_0_0_0_0_0_0_0_0_0_0_1_0_0_0_0_1_1_1_1_0_1,1,6.0e-5,1.4142135623730953e-5,0.24489795918367346,277.4166666666667
1_1_1_1_1_0_1_0_1_0_1_1_0_1_0_0_1_0_0_1_0_0_0_0_1_1_1_0_0_0_0_1_1_0_0_0_0_0_1_1_0_0_1_0,1,5.9999999999999995e-5,2.943920288775949e-5,0.2653061224489796,191.90476190476193
1_1_1_1_1_1_1_0_0_1_1_1_0_1_0_0_0_0_0_1_1_1_0_1_1_1_1_1_1_1_1_1_1_1_1_1_1_1_0_0_0_0_1_0,1,5.9999999999999995e-5,8.164965809277256e-6,0.25510204081632654,231.34920634920636
1_0_1_0_0_1_0_1_0_1_0_0_1_1_1_0_0_1_1_0_1_0_0_1_0_0_1_1_1_1_1_0_0_1_1_1_1_1_0_0_0_0_0_0,1,5.9999999999999995e-5,1.4142135623730946e-5,0.23469387755102042,194.16666666666666
0_0_0_0_0_0_0_1_1_0_0_0_1_0_1_1_1_1_1_0_0_0_1_0_0_0_0_0_0_0_0_0_0_0_0_0_0_0_1_1_1_1_0_1,1,5.9999999999999995e-5,8.164965809277256e-6,0.25510204081632654,283.2063492063492
0_0_0_0_0_1_0_1_0_1_0_0_0_0_1_0_0_1_1_0_1_1_0_1_0_0_0_1_1_1_1_0_0_0_1_1_1_1_0_0_1_1_0_1,1,5.9999999999999995e-5,8.164965809277256e-6,0.22448979591836735,167.2063492063492
0_0_0_1_0_1_1_1_1_0_1_0_0_0_1_1_1_1_0_1_0_1_1_0_1_1_0_0_0_0_0_1_0_0_0_0_0_0_1_1_1_1_1_1,1,5.9999999999999995e-5,1.4142135623730946e-5,0.2602040816326531,221.07142857142856
0_1_0_1_1_1_1_0_1_0_1_1_0_0_0_1_0_0_0_1_1_0_0_1_1_1_0_1_1_1_1_0_1_0_1_1_1_0_0_0_1_1_1_1,1,5.9999999999999995e-5,8.164965809277256e-6,0.23469387755102042,248.8888888888889
0_0_0_0_0_0_0_1_0_1_0_0_0_0_1_1_1_1_1_0_0_1_1_0_0_0_0_0_0_0_0_1_0_1_0_0_0_1_1_1_1_1_0_1,1,5.9999999999999995e-5,2.943920288775949e-5,0.2602040816326531,236.11111111111111
1_1_1_1_1_0_1_0_1_0_1_1_1_1_0_1_0_0_0_1_1_0_1_1_1_1_1_1_1_1_1_0_1_1_1_1_1_0_0_0_0_0_1_0,1,5.9999999999999995e-5,8.164965809277256e-6,0.23469387755102042,190.5079365079365
0_0_0_0_0_0_0_1_1_0_0_0_1_0_1_1_1_1_1_0_0_1_1_0_0_0_0_0_0_0_0_0_0_0_0_0_0_0_1_1_1_1_0_1,1,5.9999999999999995e-5,1.4142135623730946e-5,0.25,196.54761904761904
1_0_1_0_0_0_0_1_0_0_0_1_0_0_1_1_1_1_1_0_0_0_1_1_0_0_1_0_0_0_0_0_0_1_0_0_0_0_1_1_1_1_0_1,1,5.9999999999999995e-5,8.164965809277256e-6,0.23979591836734693,249.92063492063494
0_1_0_1_0_1_1_1_1_0_0_0_0_0_0_0_0_0_0_0_1_0_0_1_0_0_0_1_1_1_1_1_0_1_1_1_1_1_0_0_1_1_0_1,1,5.666666666666667e-5,4.714045207910317e-6,0.21428571428571427,224.11111111111111
0_0_0_0_0_1_0_1_0_1_0_0_0_0_1_0_1_1_1_0_0_1_0_0_0_0_0_0_0_0_0_1_0_0_0_0_0_1_1_1_1_1_0_1,1,5.666666666666667e-5,2.6246692913372705e-5,0.23469387755102042,199.94047619047618
0_1_0_1_1_1_1_0_1_0_1_1_0_0_0_1_1_0_0_1_0_0_1_1_1_1_0_0_0_0_0_1_1_0_0_0_0_0_1_1_1_1_1_1,1,5.666666666666667e-5,2.867441755680876e-5,0.23469387755102042,225.74074074074073
1_1_1_1_1_0_1_0_1_0_1_1_1_1_0_1_0_0_0_1_1_0_1_1_1_1_1_1_1_1_1_1_1_1_1_1_1_0_0_0_0_0_1_0,1,5.666666666666667e-5,2.0548046676563257e-5,0.2193877551020408,199.02777777777774
1_1_1_1_1_0_1_0_1_0_1_1_0_1_0_1_1_0_0_1_0_0_0_0_1_1_1_0_0_0_0_1_1_0_0_0_0_0_1_1_0_0_1_1,1,5.666666666666667e-5,1.699673171197595e-5,0.2602040816326531,220.83333333333334
0_0_0_0_0_1_0_1_0_1_0_0_1_0_1_1_1_1_1_0_0_1_1_0_0_0_0_0_0_0_0_0_0_1_0_0_0_1_1_1_1_1_0_1,1,5.666666666666667e-5,1.699673171197595e-5,0.2602040816326531,201.5
1_1_1_1_1_1_1_0_0_1_1_1_1_1_1_0_1_1_1_1_0_0_1_0_1_1_1_0_0_0_0_0_1_1_0_0_0_1_1_1_0_0_1_0,1,5.666666666666667e-5,3.7712361663282534e-5,0.24489795918367346,242.32323232323233
0_0_0_0_0_0_0_1_0_1_0_0_1_1_1_0_1_1_1_0_0_1_1_0_0_0_0_0_0_0_0_0_0_0_0_0_0_0_1_1_0_0_0_0,1,5.666666666666667e-5,1.699673171197595e-5,0.22959183673469388,207.91666666666666
0_1_0_1_0_0_0_1_1_0_0_0_0_0_0_0_0_0_0_0_1_0_0_1_0_0_0_1_1_1_1_1_0_0_1_1_1_1_0_0_1_1_0_1,1,5.666666666666667e-5,2.4944382578492947e-5,0.2193877551020408,218.2962962962963
0_0_0_0_0_0_0_1_0_0_0_1_0_0_0_1_0_0_1_0_1_1_1_1_0_0_0_1_1_1_1_1_0_1_1_1_1_0_0_0_1_1_0_1,1,5.666666666666667e-5,1.699673171197595e-5,0.25510204081632654,217.5
0_0_0_1_0_1_1_1_1_0_1_0_1_0_1_1_0_1_0_1_1_1_1_1_1_1_0_1_1_1_1_0_0_0_1_1_1_0_0_0_1_1_1_1,1,5.666666666666667e-5,4.714045207910317e-6,0.25510204081632654,293.1111111111111
1_1_1_1_1_1_1_0_1_0_1_1_1_1_0_1_1_0_0_1_0_0_1_0_1_1_1_0_0_0_0_0_1_1_0_0_0_0_1_1_0_0_1_0,1,5.666666666666667e-5,1.699673171197595e-5,0.22959183673469388,197.08333333333334
1_1_1_0_1_0_0_0_0_1_0_1_0_1_0_0_1_0_0_0_0_1_0_0_0_0_1_0_0_0_0_1_1_1_0_0_0_1_1_1_0_0_0_0,1,5.666666666666667e-5,4.714045207910317e-6,0.2653061224489796,207.11111111111111
0_1_0_1_1_1_1_0_1_1_1_0_0_0_0_1_1_0_0_1_0_0_1_0_1_1_0_0_0_0_0_1_1_0_0_0_0_1_1_1_1_1_1_1,1,5.666666666666667e-5,2.0548046676563257e-5,0.23979591836734693,217.91666666666666
0_0_0_0_0_0_0_1_1_0_0_0_1_0_0_1_0_0_1_0_1_1_0_1_0_0_0_1_1_1_1_1_0_0_1_1_1_0_0_0_1_1_0_1,1,5.666666666666667e-5,1.699673171197595e-5,0.2653061224489796,241.0
1_0_1_0_0_0_0_1_0_1_0_0_1_1_1_0_0_1_1_0_1_0_1_1_0_0_1_1_1_1_1_0_0_1_1_1_1_1_0_0_0_0_0_0,1,5.666666666666667e-5,2.867441755680876e-5,0.22959183673469388,208.05555555555554
1_0_1_0_0_0_0_1_0_1_0_0_1_1_1_0_0_1_1_0_1_1_0_0_0_0_1_1_1_1_1_0_0_1_1_1_1_1_0_0_0_0_0_0,1,5.666666666666667e-5,4.714045207910317e-6,0.23469387755102042,191.8888888888889
1_1_1_0_1_0_0_0_0_1_0_1_0_1_0_0_0_0_1_0_1_0_0_1_0_0_1_1_1_1_1_0_1_1_1_1_1_1_0_0_0_0_0_0,1,5.666666666666667e-5,9.42809041582063e-6,0.2653061224489796,263.8095238095238
1_0_1_0_0_0_0_1_0_1_0_0_1_1_1_0_1_1_1_0_0_0_1_0_0_0_1_0_0_0_0_0_0_1_0_0_0_0_1_1_0_0_0_0,1,5.666666666666667e-5,3.091206165165234e-5,0.20918367346938777,202.7777777777778
1_1_1_1_1_1_1_0_1_1_1_0_1_1_0_0_0_0_0_1_1_0_1_1_1_1_1_1_1_1_1_1_1_0_1_1_1_1_0_0_0_0_1_0,1,5.666666666666667e-5,2.6246692913372705e-5,0.23979591836734693,171.07142857142858
1_1_1_1_1_1_1_0_1_0_1_1_0_0_0_1_1_0_0_1_0_0_0_0_1_1_1_0_0_0_0_1_1_0_0_0_0_1_1_1_1_1_1_1,1,5.6666666666666664e-5,9.42809041582063e-6,0.22448979591836735,183.42857142857142
0_0_0_0_0_0_0_1_0_1_0_0_1_0_1_1_0_1_1_0_1_1_1_1_0_0_0_1_1_1_1_1_0_1_1_1_1_1_0_0_1_1_0_1,1,5.6666666666666664e-5,9.42809041582063e-6,0.27040816326530615,167.23809523809524
1_1_1_1_1_0_1_0_1_0_1_1_0_1_0_1_0_0_0_1_1_0_0_1_1_1_1_1_1_1_1_0_1_0_1_1_1_0_0_0_0_0_1_1,1,5.6666666666666664e-5,1.2472191289246467e-5,0.27040816326530615,198.65079365079364
0_0_0_0_0_0_0_1_1_0_0_0_0_0_1_1_1_1_1_0_0_0_1_1_0_0_0_0_0_0_0_0_0_0_0_0_0_0_1_1_1_1_0_1,1,5.6666666666666664e-5,1.8856180831641264e-5,0.2653061224489796,257.14285714285717
0_1_0_0_0_0_0_1_1_0_0_0_0_0_0_0_0_0_0_0_1_1_0_1_0_0_0_1_1_1_1_1_0_0_1_1_1_1_0_0_1_1_0_1,1,5.333333333333334e-5,4.714045207910317e-6,0.20918367346938777,199.44444444444446
1_0_1_0_0_0_0_1_0_1_0_0_1_1_1_0_0_1_1_0_1_0_0_1_0_0_1_1_1_1_1_0_0_1_1_1_1_0_0_0_0_0_0_0,1,5.333333333333334e-5,1.885618083164127e-5,0.20918367346938777,283.3333333333333
1_0_1_0_0_0_0_1_0_0_0_1_1_1_1_0_1_1_1_0_0_0_0_0_0_0_1_0_0_0_0_0_0_1_0_0_0_0_1_1_0_0_0_0,1,5.333333333333334e-5,4.714045207910317e-6,0.25,206.44444444444446
0_1_0_0_0_0_1_1_1_0_0_1_0_0_0_1_0_0_0_0_1_1_1_1_0_0_0_1_1_1_1_1_0_0_1_1_1_0_0_0_1_1_0_1,1,5.333333333333334e-5,9.428090415820634e-6,0.25510204081632654,237.22222222222226
1_0_1_0_0_0_0_1_0_0_0_1_1_1_0_0_0_0_1_0_1_1_0_1_0_0_1_1_1_1_1_1_0_1_1_1_1_0_0_0_0_0_0_0,1,5.333333333333334e-5,4.714045207910317e-6,0.25510204081632654,228.55555555555557
1_0_1_1_1_1_0_0_0_1_1_0_1_1_1_1_0_1_1_1_1_1_1_0_1_1_1_1_1_1_1_0_1_1_1_1_1_0_0_0_0_0_1_0,1,5.333333333333334e-5,2.4944382578492944e-5,0.22959183673469388,235.83333333333334
1_1_1_0_1_0_0_0_0_1_0_1_0_1_0_0_1_0_1_0_0_0_0_0_0_0_1_0_0_0_0_1_1_1_0_0_0_1_1_1_0_0_0_0,1,5.333333333333334e-5,3.091206165165235e-5,0.25510204081632654,234.82142857142858
1_1_1_1_1_1_1_0_0_1_1_1_0_1_1_0_1_1_1_1_0_0_0_0_1_1_1_0_0_0_0_0_1_1_0_0_0_1_1_1_0_0_1_0,1,5.333333333333334e-5,2.6246692913372705e-5,0.25510204081632654,264.1666666666667
1_1_1_1_1_1_1_0_0_1_1_1_1_1_0_0_0_0_0_1_1_1_0_0_1_1_1_1_1_1_1_1_1_1_1_1_1_1_0_0_0_0_1_0,1,5.333333333333334e-5,4.714045207910317e-6,0.2653061224489796,262.4444444444444
1_1_1_1_1_1_1_0_1_0_1_1_0_1_0_0_0_0_0_1_1_0_0_1_1_1_1_1_1_1_1_0_1_0_1_1_1_0_0_0_0_0_1_0,1,5.333333333333334e-5,4.714045207910317e-6,0.2653061224489796,194.44444444444446
0_0_0_1_0_1_1_1_1_0_1_0_0_0_1_1_0_1_0_1_1_1_1_1_1_1_0_1_1_1_1_0_0_0_1_1_1_0_0_0_1_1_1_1,1,5.333333333333334e-5,3.299831645537222e-5,0.25,237.33333333333334
1_0_1_0_0_1_0_1_0_1_0_0_1_0_1_1_1_1_1_0_0_1_1_0_0_0_1_0_0_0_0_0_0_1_0_0_0_1_1_1_1_1_0_1,1,5.333333333333334e-5,9.428090415820634e-6,0.23469387755102042,213.61111111111111
1_0_1_1_1_1_1_0_0_1_1_0_1_1_1_0_1_1_1_1_0_0_0_0_1_1_1_0_0_0_0_0_1_1_0_0_0_1_1_1_0_0_1_0,1,5.333333333333334e-5,2.6246692913372705e-5,0.2602040816326531,228.33333333333334
0_0_0_0_0_0_0_1_0_1_0_0_0_0_1_0_0_1_1_0_1_1_0_1_0_0_0_1_1_1_1_1_0_0_1_1_1_1_0_0_1_1_0_1,1,5.333333333333334e-5,9.428090415820634e-6,0.22959183673469388,185.0
1_1_1_1_1_1_1_0_1_1_1_0_1_1_0_0_0_0_0_1_1_1_0_0_1_1_1_1_1_1_1_1_1_0_1_1_1_1_0_0_0_0_1_0,1,5.333333333333334e-5,4.714045207910317e-6,0.2653061224489796,200.7777777777778
0_1_0_1_1_0_1_0_1_0_1_1_0_0_0_1_1_0_0_1_0_1_1_1_1_1_0_0_0_0_0_1_1_0_0_0_0_0_1_1_1_1_1_1,1,5.333333333333334e-5,2.4944382578492944e-5,0.25,204.0277777777778
1_1_1_1_1_1_1_0_0_1_1_0_1_1_0_1_0_0_1_1_1_1_1_0_1_1_1_1_1_1_1_1_1_1_1_1_1_1_0_0_0_0_1_0,1,5.333333333333334e-5,2.0548046676563257e-5,0.25510204081632654,207.86111111111111
1_1_1_1_1_1_1_0_1_0_1_1_0_1_0_0_0_0_0_1_1_0_0_1_1_1_1_1_1_1_1_1_1_1_1_1_1_1_0_0_0_0_1_0,1,5.333333333333334e-5,9.428090415820634e-6,0.24489795918367346,184.7222222222222
1_1_1_1_1_1_1_0_0_1_1_1_1_1_1_0_1_1_1_1_0_0_0_0_1_1_1_0_0_0_0_0_1_1_0_0_0_1_1_1_0_0_1_0,1,5.333333333333334e-5,4.714045207910317e-6,0.25,213.55555555555554
1_1_1_1_1_0_1_0_1_0_1_1_0_1_0_0_0_0_0_1_1_0_0_1_1_1_1_1_1_1_1_1_1_0_1_1_1_0_0_0_0_0_1_0,1,5.333333333333334e-5,1.885618083164127e-5,0.2602040816326531,243.75
1_1_1_1_1_1_1_0_0_1_1_1_0_1_1_0_0_1_0_1_1_0_0_1_1_1_1_1_1_1_1_0_1_1_1_1_1_1_0_0_0_0_1_0,1,5.333333333333334e-5,2.8674417556808757e-5,0.2653061224489796,217.62962962962965
0_0_0_0_0_1_1_1_1_0_0_1_0_0_1_0_1_1_0_1_0_1_0_1_1_1_0_0_0_0_0_0_0_0_0_0_0_0_1_1_1_1_1_1,1,5.333333333333334e-5,3.299831645537222e-5,0.23979591836734693,176.33333333333334
1_1_1_1_1_1_1_0_0_1_1_1_0_1_1_0_0_1_0_1_1_0_0_0_1_1_1_1_1_1_1_0_1_1_1_1_1_1_0_0_0_0_1_0,1,5.3333333333333326e-5,2.3570226039551578e-5,0.28061224489795916,266.90476190476187
1_1_1_1_1_1_1_0_1_0_1_1_1_0_0_1_0_0_0_1_1_1_1_1_1_1_1_1_1_1_1_1_1_0_1_1_1_0_0_0_1_0_1_1,1,5.3333333333333326e-5,2.3570226039551578e-5,0.25510204081632654,222.61904761904762
0_1_0_1_1_1_1_0_1_1_1_0_0_0_1_1_1_1_0_1_0_0_1_0_1_1_0_0_0_0_0_0_1_0_0_0_0_1_1_1_1_1_1_1,1,5.3333333333333326e-5,1.6996731711975947e-5,0.25510204081632654,168.0952380952381
0_0_0_1_0_1_1_1_1_0_1_0_1_0_1_1_1_1_0_1_0_1_1_0_1_1_0_0_0_0_0_1_0_0_0_0_0_0_1_1_1_1_1_1,1,5.3333333333333326e-5,1.2472191289246467e-5,0.2653061224489796,218.52380952380952
0_1_0_0_0_0_1_1_1_0_0_0_0_0_0_0_0_0_0_0_1_1_0_1_0_0_0_1_1_1_1_1_0_1_1_1_1_1_0_0_1_1_0_1,1,5.3333333333333326e-5,1.6996731711975947e-5,0.20408163265306123,233.80952380952382
1_0_1_0_0_1_0_1_0_1_0_0_1_1_1_0_1_1_1_0_0_1_0_0_0_0_1_0_0_0_0_0_0_1_0_0_0_1_1_1_0_0_0_0,1,5.3333333333333326e-5,1.2472191289246467e-5,0.22448979591836735,177.7857142857143
1_0_1_0_0_0_0_1_0_0_0_1_1_0_1_1_1_1_1_0_0_1_1_0_0_0_1_0_0_0_0_0_0_1_0_0_0_0_1_1_1_1_0_1,1,5.3333333333333326e-5,1.2472191289246467e-5,0.23469387755102042,218.59523809523807
1_0_1_0_1_1_0_0_0_1_1_1_1_1_1_1_1_1_1_1_0_1_1_0_1_1_1_0_0_0_0_0_1_1_0_0_0_0_1_1_0_0_1_0,1,5.3333333333333326e-5,1.2472191289246467e-5,0.21428571428571427,245.38095238095238
1_1_1_1_1_1_1_0_1_0_1_1_0_0_0_1_0_0_0_1_1_1_0_1_1_1_1_1_1_1_1_1_1_0_1_1_1_0_0_0_1_1_1_1,1,5.3333333333333326e-5,1.2472191289246467e-5,0.23979591836734693,266.9047619047619
1_1_1_1_1_1_1_0_1_0_1_1_0_1_0_1_0_0_0_1_1_0_1_1_1_1_1_1_1_1_1_1_1_1_1_1_1_1_0_0_0_0_1_1,1,5.3333333333333326e-5,1.2472191289246467e-5,0.23469387755102042,231.0
0_1_0_1_1_1_1_0_1_1_1_0_1_1_1_0_0_1_0_1_1_0_1_1_1_1_0_1_1_1_1_0_1_0_1_1_1_1_0_0_0_0_1_0,1,5.3333333333333326e-5,2.3570226039551578e-5,0.22959183673469388,201.66666666666666
0_0_0_1_0_1_1_1_1_0_1_0_1_0_1_1_0_1_1_1_1_0_1_1_1_1_0_1_1_1_1_0_0_0_1_1_1_0_0_0_1_1_1_1,1,5.3333333333333326e-5,1.6996731711975947e-5,0.2653061224489796,238.17460317460316
1_1_1_1_1_0_1_0_1_0_1_1_0_1_0_1_1_0_0_1_0_0_1_0_1_1_1_0_0_0_0_0_1_0_0_0_0_0_1_1_0_0_1_1,1,5.0e-5,1.6329931618554516e-5,0.27040816326530615,224.09523809523807
1_0_1_0_0_0_0_1_0_1_0_0_1_1_1_0_0_1_1_0_1_1_0_1_0_0_1_1_1_1_1_0_0_1_1_1_1_1_0_0_0_0_0_0,1,5.0e-5,8.16496580927726e-6,0.2193877551020408,225.44444444444446
0_0_0_0_0_0_0_1_0_1_0_0_1_1_1_0_0_1_1_0_1_1_1_1_0_0_0_1_1_1_1_0_0_1_1_1_1_0_0_0_0_0_0_0,1,5.0e-5,2.9439202887759494e-5,0.22448979591836735,161.25
0_1_0_0_0_1_1_1_1_0_0_1_0_0_0_1_1_0_0_0_0_1_1_1_0_0_0_0_0_0_0_1_0_0_0_0_0_1_1_1_1_1_0_1,1,5.0e-5,8.16496580927726e-6,0.27040816326530615,251.05555555555557
0_0_0_0_0_0_0_1_0_1_0_0_1_0_1_0_0_1_1_0_1_0_0_1_0_0_0_1_1_1_1_0_0_1_1_1_1_1_0_0_1_1_0_0,1,5.0e-5,1.4142135623730951e-5,0.25,195.0
0_0_0_0_0_0_0_1_0_1_0_0_1_0_1_1_0_1_1_0_1_0_1_1_0_0_0_1_1_1_1_0_0_0_1_1_1_0_0_0_1_1_0_1,1,5.0e-5,1.6329931618554516e-5,0.25510204081632654,201.42857142857142
0_0_0_0_0_0_0_1_0_1_0_0_1_0_1_0_1_1_1_0_0_1_0_0_0_0_0_0_0_0_0_0_0_1_0_0_0_1_1_1_1_1_0_0,1,5.0e-5,8.16496580927726e-6,0.23979591836734693,160.88888888888889
0_1_0_1_1_0_1_0_1_0_1_1_0_0_0_1_0_0_0_1_1_0_1_1_1_1_0_1_1_1_1_1_1_0_1_1_1_0_0_0_1_1_1_1,1,5.0e-5,2.1602468994692868e-5,0.22448979591836735,205.0
1_0_1_1_1_0_0_0_0_1_1_0_1_1_1_0_0_1_1_1_1_0_0_0_1_1_1_1_1_1_1_0_1_1_1_1_1_0_0_0_0_0_1_0,1,5.0e-5,0.0,0.27040816326530615,328.6666666666667
1_1_1_1_1_1_1_0_0_1_1_1_0_1_0_0_0_0_0_1_1_1_0_0_1_1_1_1_1_1_1_1_1_1_1_1_1_1_0_0_0_0_1_0,1,5.0e-5,1.6329931618554516e-5,0.27040816326530615,231.74603174603172
1_1_1_1_1_1_1_0_1_0_1_1_0_1_0_1_1_0_0_1_0_0_0_0_1_1_1_0_0_0_0_0_1_0_0_0_0_0_1_1_0_0_1_1,1,5.0e-5,2.160246899469287e-5,0.2653061224489796,196.94444444444446
0_0_0_0_0_0_0_1_0_0_0_1_1_0_1_1_0_1_1_0_1_0_0_1_0_0_0_1_1_1_1_0_0_1_1_1_1_0_0_0_1_1_0_1,1,5.0e-5,2.4494897427831785e-5,0.25510204081632654,255.33333333333334
1_1_1_1_1_1_1_0_1_0_1_1_0_0_0_1_1_0_0_1_0_1_1_1_1_1_1_0_0_0_0_1_1_0_0_0_0_1_1_1_1_1_1_1,1,5.0e-5,2.160246899469287e-5,0.23979591836734693,242.7777777777778
1_1_1_1_1_1_1_0_1_0_1_1_0_1_0_1_1_0_0_1_0_1_1_0_1_1_1_0_0_0_0_1_1_0_0_0_0_0_1_1_0_0_1_1,1,5.0e-5,8.16496580927726e-6,0.25,183.0
1_1_1_1_1_0_1_0_1_0_1_1_1_1_0_1_1_0_0_1_0_0_1_0_1_1_1_0_0_0_0_0_1_1_0_0_0_0_1_1_0_0_1_0,1,5.0e-5,0.0,0.23979591836734693,219.0
1_1_1_1_1_1_1_0_1_0_1_1_0_0_0_1_1_0_0_1_0_0_1_1_1_1_1_0_0_0_0_1_1_0_0_0_0_1_1_1_1_1_1_1,1,5.0e-5,4.3204937989385736e-5,0.23469387755102042,259.79797979797985
0_0_0_0_0_0_0_1_0_1_0_0_1_1_1_0_0_1_1_0_1_0_0_0_0_0_0_1_1_1_1_0_0_1_1_1_1_0_0_0_0_0_0_0,1,5.0e-5,2.4494897427831785e-5,0.23979591836734693,218.5
1_1_1_1_1_1_1_0_1_1_1_0_1_1_1_0_1_1_1_1_0_0_1_0_1_1_1_0_0_0_0_0_1_0_0_0_0_1_1_1_0_0_1_0,1,5.0e-5,0.0,0.24489795918367346,198.0
1_1_1_1_1_1_1_0_1_1_1_0_1_1_1_0_1_1_0_1_0_0_1_0_1_1_1_0_0_0_0_0_1_0_0_0_0_1_1_1_0_0_1_0,1,5.0e-5,8.16496580927726e-6,0.25,211.16666666666666
1_1_1_1_1_1_1_0_0_1_1_1_1_1_0_0_0_0_0_1_1_0_0_1_1_1_1_1_1_1_1_1_1_1_1_1_1_1_0_0_0_0_1_0,1,5.0e-5,0.0,0.24489795918367346,260.0
1_0_1_0_0_0_0_1_0_1_0_0_1_1_1_0_0_1_1_0_1_1_0_0_0_0_1_1_1_1_1_0_0_1_1_1_1_0_0_0_0_0_0_0,1,5.0e-5,2.1602468994692868e-5,0.2193877551020408,162.91666666666666
1_1_1_1_1_1_1_0_0_1_1_1_0_1_0_0_0_0_0_1_1_1_1_0_1_1_1_1_1_1_1_1_1_1_1_1_1_1_0_0_0_0_1_0,1,5.0e-5,2.8284271247461906e-5,0.2755102040816326,261.8518518518519
0_1_0_1_1_1_1_0_1_0_1_1_0_0_0_1_1_0_0_1_0_0_0_1_1_1_0_0_0_0_0_1_1_0_0_0_0_0_1_1_1_1_1_1,1,5.0e-5,8.16496580927726e-6,0.23979591836734693,229.66666666666666
1_1_1_0_1_0_0_0_0_1_0_1_1_1_0_0_1_0_1_0_0_0_0_0_0_0_1_0_0_0_0_1_1_1_0_0_0_1_1_1_0_0_0_0,1,5.0e-5,4.546060565661952e-5,0.25,233.52272727272725
1_0_1_1_1_1_0_0_0_1_1_0_1_0_1_1_0_1_1_1_1_0_1_1_1_1_1_1_1_1_1_0_1_1_1_1_1_1_0_0_1_1_1_0,1,4.9999999999999996e-5,2.1602468994692865e-5,0.25510204081632654,202.93650793650795
1_1_1_1_1_0_1_0_1_0_1_1_0_1_0_1_1_0_0_1_0_0_0_0_1_1_1_0_0_0_0_0_1_0_0_0_0_0_1_1_0_0_1_1,1,4.9999999999999996e-5,2.1602468994692865e-5,0.2755102040816326,253.09523809523807
0_0_0_1_0_0_0_1_1_0_0_0_1_0_0_1_1_0_0_0_0_1_0_0_0_0_0_0_0_0_0_1_0_0_0_0_0_0_1_1_1_1_1_1,1,4.9999999999999996e-5,2.1602468994692865e-5,0.25,267.6984126984127
1_0_1_1_1_1_0_0_0_1_1_0_1_1_1_0_1_1_1_1_0_1_0_0_1_1_1_0_0_0_0_1_1_1_0_0_0_1_1_1_0_0_1_0,1,4.9999999999999996e-5,2.1602468994692865e-5,0.2653061224489796,288.4126984126984
1_1_1_1_1_0_0_0_0_1_1_0_1_1_0_1_0_0_1_0_1_0_1_0_0_0_1_1_1_1_1_1_1_1_1_1_1_1_0_0_0_0_0_0,1,4.9999999999999996e-5,2.1602468994692865e-5,0.23979591836734693,213.17460317460316
1_1_1_1_1_1_1_0_0_1_1_1_1_1_1_0_1_1_0_1_0_0_0_0_1_1_1_0_0_0_0_0_1_1_0_0_0_1_1_1_0_0_1_0,1,4.9999999999999996e-5,1.4142135623730946e-5,0.25510204081632654,276.4285714285714
1_0_1_0_0_0_0_1_0_1_0_0_1_0_1_0_0_1_1_0_1_0_1_1_0_0_1_1_1_1_1_0_0_1_1_1_1_0_0_0_1_1_0_0,1,4.666666666666667e-5,2.867441755680876e-5,0.22448979591836735,175.41666666666666
1_1_1_1_1_1_1_0_1_0_1_1_1_1_0_0_1_0_0_1_0_0_0_0_1_1_1_0_0_0_0_1_1_0_0_0_0_0_1_1_0_0_1_0,1,4.666666666666667e-5,1.2472191289246472e-5,0.25,194.77777777777774
0_1_0_0_0_0_0_1_1_0_0_1_0_0_0_1_0_0_0_0_1_1_0_1_0_0_0_1_1_1_1_1_0_0_1_1_1_0_0_0_1_1_0_1,1,4.666666666666667e-5,2.3570226039551588e-5,0.25510204081632654,180.9722222222222
0_0_0_0_0_0_0_1_0_1_0_0_0_0_1_0_1_1_1_0_0_1_0_0_0_0_0_0_0_0_0_1_0_0_0_0_0_1_1_1_1_1_0_1,1,4.666666666666667e-5,2.4944382578492947e-5,0.22448979591836735,196.25
0_0_0_0_0_0_0_1_0_1_0_0_1_0_1_0_1_1_1_0_0_1_0_0_0_0_0_0_0_0_0_0_0_0_0_0_0_0_1_1_1_1_0_0,1,4.666666666666667e-5,1.8856180831641267e-5,0.23469387755102042,211.66666666666666
0_0_0_0_0_0_0_1_1_0_0_0_1_0_1_1_1_1_1_0_0_1_0_1_0_0_0_0_0_0_0_0_0_0_0_0_0_0_1_1_1_1_0_1,1,4.666666666666667e-5,4.714045207910317e-6,0.27040816326530615,223.66666666666666
1_1_1_1_1_1_1_0_1_0_1_1_0_0_0_1_0_0_0_1_1_0_0_1_1_1_1_1_1_1_1_1_1_1_1_1_1_1_0_0_1_1_1_1,1,4.666666666666667e-5,4.714045207910317e-6,0.22959183673469388,199.16666666666666
0_0_0_0_0_0_0_1_0_0_0_1_0_0_1_1_1_1_1_0_0_1_0_0_0_0_0_0_0_0_0_0_0_1_0_0_0_0_1_1_1_1_0_1,1,4.666666666666667e-5,1.2472191289246472e-5,0.23979591836734693,303.22222222222223
0_1_0_1_1_1_1_0_1_1_1_0_0_0_0_1_0_0_0_1_1_0_1_1_1_1_0_1_1_1_1_1_1_0_1_1_1_1_0_0_1_1_1_1,1,4.666666666666667e-5,4.714045207910317e-6,0.24489795918367346,265.5
1_1_1_1_1_1_1_0_1_0_1_1_0_1_0_1_0_0_0_1_1_1_1_1_1_1_1_1_1_1_1_1_1_1_1_1_1_1_0_0_0_0_1_1,1,4.666666666666667e-5,9.428090415820634e-6,0.23979591836734693,196.66666666666666
1_0_1_0_0_1_0_1_0_1_0_0_1_1_1_0_0_1_1_0_1_0_0_0_0_0_1_1_1_1_1_0_0_1_1_1_1_1_0_0_0_0_0_0,1,4.666666666666667e-5,1.2472191289246472e-5,0.25,215.0
0_1_0_1_1_1_1_0_1_0_1_1_0_0_0_1_1_0_0_1_0_1_0_1_1_1_0_0_0_0_0_1_1_0_0_0_0_0_1_1_1_1_1_1,1,4.666666666666667e-5,9.428090415820634e-6,0.24489795918367346,176.66666666666666
0_0_0_0_0_0_0_1_0_1_0_0_1_1_1_0_1_1_1_0_0_1_1_0_0_0_0_0_0_0_0_0_0_1_0_0_0_1_1_1_0_0_0_0,1,4.666666666666667e-5,2.867441755680876e-5,0.23469387755102042,230.83333333333334
0_0_0_0_0_0_0_1_0_1_0_0_1_0_1_1_1_1_1_0_0_1_1_0_0_0_0_0_0_0_0_1_0_1_0_0_0_1_1_1_1_1_0_1,1,4.666666666666667e-5,3.299831645537222e-5,0.2653061224489796,216.0185185185185
0_0_0_0_0_0_0_1_0_1_0_0_0_0_1_1_0_1_1_0_1_1_1_1_0_0_0_1_1_1_1_0_0_1_1_1_1_1_0_0_1_1_0_1,1,4.666666666666667e-5,1.2472191289246472e-5,0.25,195.0
1_1_1_1_1_1_1_0_0_1_1_1_1_1_1_0_0_1_0_1_1_0_1_0_1_1_1_1_1_1_1_0_1_1_1_1_1_1_0_0_0_0_1_0,1,4.6666666666666665e-5,2.0548046676563253e-5,0.27040816326530615,202.19047619047618
1_0_1_0_0_1_0_1_0_1_0_0_1_0_1_1_0_1_1_0_1_1_1_1_0_0_1_1_1_1_1_0_0_1_1_1_1_1_0_0_1_1_0_1,1,4.6666666666666665e-5,2.0548046676563253e-5,0.23979591836734693,187.52380952380952
1_1_1_1_1_1_1_0_1_0_1_1_0_0_0_1_0_0_0_1_1_1_1_1_1_1_1_1_1_1_1_1_1_1_1_1_1_1_0_0_1_1_1_1,1,4.6666666666666665e-5,2.0548046676563253e-5,0.22959183673469388,259.5714285714286
0_1_0_1_1_1_1_0_1_0_1_1_0_0_0_1_1_0_0_1_0_0_1_0_1_1_0_0_0_0_0_0_1_0_0_0_0_0_1_1_1_1_1_1,1,4.6666666666666665e-5,1.6996731711975947e-5,0.23469387755102042,241.86507936507937
1_1_1_1_1_0_1_0_1_0_1_1_0_0_0_1_0_0_0_1_1_1_0_1_1_1_1_1_1_1_1_1_1_0_1_1_1_0_0_0_1_1_1_1,1,4.6666666666666665e-5,2.0548046676563253e-5,0.25,228.23809523809527
0_0_0_0_0_0_0_1_0_0_0_1_1_0_0_1_0_0_0_0_1_1_1_1_0_0_0_1_1_1_1_1_0_1_1_1_1_0_0_0_1_1_0_1,1,4.6666666666666665e-5,2.0548046676563253e-5,0.25510204081632654,180.14285714285714
1_1_1_1_1_0_0_0_1_0_1_1_0_0_0_1_0_0_0_1_1_1_1_1_1_1_1_1_1_1_1_1_1_0_1_1_1_0_0_0_1_1_1_1,1,4.6666666666666665e-5,1.6996731711975947e-5,0.25,228.2142857142857
0_1_0_0_0_0_0_1_1_0_0_0_0_0_0_0_1_0_0_0_0_1_0_0_0_0_0_0_0_0_0_1_0_0_0_0_0_1_1_1_1_1_0_1,1,4.6666666666666665e-5,2.6246692913372702e-5,0.21428571428571427,219.04761904761904
0_0_0_0_0_0_0_1_0_1_0_0_0_1_1_0_0_1_1_0_1_1_0_1_0_0_0_1_1_1_1_0_0_1_1_1_1_0_0_0_0_1_0_0,1,4.6666666666666665e-5,1.6996731711975947e-5,0.23979591836734693,195.83333333333334
0_0_0_0_0_1_0_1_0_1_0_0_1_0_1_0_0_1_1_0_1_0_0_1_0_0_0_1_1_1_1_0_0_1_1_1_1_1_0_0_1_1_0_0,1,4.333333333333334e-5,1.6996731711975947e-5,0.2602040816326531,236.0
1_1_1_1_1_1_1_0_1_0_1_1_0_0_0_1_0_0_0_1_1_0_1_1_1_1_1_1_1_1_1_0_1_0_1_1_1_0_0_0_1_1_1_1,1,4.333333333333334e-5,1.2472191289246472e-5,0.24489795918367346,235.27777777777774
0_1_0_0_0_0_0_1_0_0_0_1_0_0_0_1_1_0_0_0_0_1_0_0_0_0_0_0_0_0_0_1_0_1_0_0_0_1_1_1_1_1_0_1,1,4.333333333333334e-5,1.2472191289246472e-5,0.25510204081632654,239.7222222222222
1_0_1_0_0_0_0_1_0_0_0_1_1_1_1_0_0_1_1_0_1_1_0_1_0_0_1_1_1_1_1_0_0_1_1_1_1_0_0_0_0_0_0_0,1,4.333333333333334e-5,1.6996731711975947e-5,0.23979591836734693,186.66666666666666
0_1_0_1_1_1_1_0_1_1_1_0_0_1_0_0_0_0_0_1_1_1_0_1_1_1_0_1_1_1_1_1_1_0_1_1_1_1_0_0_0_0_1_0,1,4.333333333333334e-5,4.714045207910317e-6,0.23979591836734693,235.66666666666666
1_1_1_1_1_1_1_0_1_0_1_1_0_1_0_0_1_0_0_1_0_0_0_0_1_1_1_0_0_0_0_1_1_0_0_0_0_0_1_1_0_0_1_0,1,4.333333333333334e-5,9.428090415820635e-6,0.25510204081632654,240.8888888888889
0_0_0_0_0_0_0_1_0_1_0_0_1_0_1_0_0_1_1_0_1_1_1_1_0_0_0_1_1_1_1_0_0_0_1_1_1_0_0_0_1_1_0_0,1,4.333333333333334e-5,1.2472191289246472e-5,0.24489795918367346,190.2777777777778
0_0_0_0_0_0_0_1_0_0_0_1_0_0_0_1_0_0_1_0_1_1_0_1_0_0_0_1_1_1_1_1_0_1_1_1_1_0_0_0_1_1_0_1,1,4.333333333333334e-5,9.428090415820635e-6,0.25,190.44444444444446
1_1_1_1_1_1_1_0_1_0_1_1_0_1_0_0_1_0_0_1_0_1_0_0_1_1_1_0_0_0_0_1_1_1_0_0_0_1_1_1_0_0_1_0,1,4.333333333333334e-5,9.428090415820635e-6,0.25510204081632654,184.2222222222222
1_0_1_0_0_0_0_1_0_1_0_0_1_1_1_0_0_1_1_0_1_1_0_0_0_0_1_1_1_1_1_1_0_1_1_1_1_1_0_0_0_0_0_0,1,4.333333333333334e-5,9.428090415820635e-6,0.25,163.33333333333334
1_0_1_0_1_0_0_0_0_1_1_1_1_1_1_1_0_1_1_1_1_1_1_1_1_1_1_1_1_1_1_0_1_0_1_1_1_0_0_0_0_0_1_0,1,4.333333333333334e-5,1.2472191289246472e-5,0.2193877551020408,166.11111111111111
0_0_0_0_0_0_0_1_1_0_0_0_1_0_1_1_1_1_1_0_0_0_1_1_0_0_0_0_0_0_0_0_0_0_0_0_0_0_1_1_1_1_0_1,1,4.333333333333334e-5,1.6996731711975947e-5,0.27040816326530615,267.44444444444446
0_1_0_1_0_0_1_1_1_0_0_0_0_0_0_0_0_0_0_0_1_0_0_1_0_0_0_1_1_1_1_1_0_1_1_1_1_1_0_0_1_1_0_1,1,4.333333333333334e-5,4.714045207910317e-6,0.21428571428571427,214.16666666666666
1_1_1_1_1_1_1_0_1_1_1_0_1_0_0_0_0_0_0_1_1_1_1_1_1_1_1_1_1_1_1_1_1_0_1_1_1_1_0_0_1_0_1_0,1,4.333333333333334e-5,4.027681991198191e-5,0.27040816326530615,161.0
0_0_0_0_0_0_0_1_0_1_0_0_1_0_1_1_0_1_1_0_1_1_1_1_0_0_0_1_1_1_1_0_0_0_1_1_1_0_0_0_1_1_0_1,1,4.333333333333334e-5,1.247219128924647e-5,0.25,213.05555555555554
1_0_1_0_0_0_0_1_0_0_0_1_1_0_0_1_0_0_1_0_1_1_1_1_0_0_1_1_1_1_1_1_0_1_1_1_1_0_0_0_1_1_0_1,1,4.333333333333334e-5,1.6996731711975947e-5,0.24489795918367346,196.88888888888889
1_1_1_1_1_1_1_0_1_0_1_1_0_1_0_1_1_0_0_1_0_0_1_0_1_1_1_0_0_0_0_1_1_1_0_0_0_1_1_1_0_0_1_1,1,4.333333333333334e-5,2.6246692913372705e-5,0.23979591836734693,204.16666666666666
1_1_1_1_1_1_1_0_1_0_1_1_0_1_0_1_0_0_0_1_1_0_0_1_1_1_1_1_1_1_1_1_1_1_1_1_1_1_0_0_0_0_1_1,1,4.333333333333334e-5,3.299831645537222e-5,0.23979591836734693,202.625
0_0_0_0_0_0_0_1_0_1_0_0_0_1_1_0_1_1_1_0_0_1_0_0_0_0_0_0_0_0_0_0_0_0_0_0_0_0_1_1_0_1_0_0,1,4.333333333333334e-5,9.428090415820635e-6,0.24489795918367346,188.44444444444446
0_1_0_1_1_0_1_0_1_0_1_1_0_0_0_1_0_0_0_1_1_1_0_1_1_1_0_1_1_1_1_1_1_0_1_1_1_0_0_0_1_1_1_1,1,4.333333333333334e-5,4.714045207910317e-6,0.23469387755102042,197.16666666666666
0_0_0_0_0_0_0_1_0_1_0_0_1_0_1_0_1_1_1_0_0_1_1_0_0_0_0_0_0_0_0_0_0_1_0_0_0_1_1_1_1_1_0_0,1,4.333333333333334e-5,1.6996731711975947e-5,0.24489795918367346,186.0
0_0_0_0_0_1_0_1_0_1_0_0_1_0_1_0_1_1_1_0_0_1_0_0_0_0_0_0_0_0_0_1_0_1_0_0_0_1_1_1_1_1_0_0,1,4.333333333333334e-5,1.6996731711975947e-5,0.2653061224489796,174.2222222222222
1_0_1_0_0_0_0_1_0_1_0_0_1_1_1_0_0_1_1_0_1_0_0_0_0_0_1_1_1_1_1_0_0_1_1_1_1_0_0_0_0_0_0_0,1,4.333333333333334e-5,2.0548046676563253e-5,0.22448979591836735,207.14285714285714
1_1_1_1_1_1_1_0_1_0_1_1_0_1_0_1_1_0_0_1_0_0_0_0_1_1_1_0_0_0_0_1_1_1_0_0_0_1_1_1_0_0_1_1,1,4.333333333333334e-5,1.6996731711975947e-5,0.24489795918367346,195.88888888888889
0_0_0_0_0_0_0_1_0_1_0_0_1_0_1_0_1_1_1_0_0_0_0_0_0_0_0_0_0_0_0_0_0_1_0_0_0_1_1_1_1_1_0_0,1,4.333333333333334e-5,1.6996731711975947e-5,0.24489795918367346,222.0
1_1_1_1_1_1_1_0_1_0_1_1_1_1_0_0_0_0_0_1_1_0_0_1_1_1_1_1_1_1_1_1_1_0_1_1_1_0_0_0_0_0_1_0,1,4.333333333333334e-5,4.714045207910317e-6,0.24489795918367346,209.5
1_0_1_0_0_0_0_1_0_0_0_1_1_0_1_1_1_1_1_0_0_1_1_1_0_0_1_0_0_0_0_0_0_1_0_0_0_0_1_1_1_1_0_1,1,4.333333333333334e-5,1.6996731711975947e-5,0.25,180.2222222222222
0_1_0_1_1_1_1_0_1_1_1_0_1_1_1_0_0_1_0_1_1_0_0_1_1_1_0_1_1_1_1_0_1_0_1_1_1_1_0_0_0_0_1_0,1,4.333333333333334e-5,1.2472191289246472e-5,0.23469387755102042,182.7777777777778
0_0_0_0_0_1_0_1_0_1_0_0_1_1_1_0_1_1_1_0_0_0_0_0_0_0_0_0_0_0_0_0_0_1_0_0_0_1_1_1_0_0_0_0,1,4.333333333333334e-5,9.428090415820635e-6,0.24489795918367346,241.11111111111111
1_0_1_1_1_1_0_0_0_1_1_0_1_1_1_0_0_1_1_1_1_0_0_0_1_1_1_1_1_1_1_0_1_1_1_1_1_1_0_0_0_0_1_0,1,4.333333333333334e-5,9.428090415820635e-6,0.2755102040816326,204.88888888888889
0_0_0_0_0_0_0_1_0_1_0_0_0_1_1_0_0_1_1_0_1_0_0_1_0_0_0_1_1_1_1_0_0_1_1_1_1_0_0_0_0_1_0_0,1,4.333333333333334e-5,1.247219128924647e-5,0.24489795918367346,169.72222222222223
1_1_1_1_1_1_1_0_1_1_1_1_0_0_0_1_0_0_0_1_0_0_1_0_1_1_1_1_1_0_1_1_1_0_1_0_1_1_1_0_1_0_1_1,1,4.333333333333333e-5,1.8856180831641264e-5,0.2755102040816326,246.19047619047623
0_1_0_0_0_0_0_1_1_0_0_1_0_0_0_1_0_0_0_0_1_0_0_1_0_0_0_1_1_1_1_0_0_0_1_1_1_0_0_0_1_1_0_1,1,4.333333333333333e-5,1.8856180831641264e-5,0.2653061224489796,202.06349206349208
1_1_1_1_1_1_1_0_1_0_1_1_0_1_0_0_0_0_0_1_1_1_0_1_1_1_1_1_1_1_1_1_1_1_1_1_1_1_0_0_0_0_1_0,1,4.333333333333333e-5,1.8856180831641264e-5,0.25,217.61904761904762
0_0_0_0_0_0_0_1_0_1_0_0_0_1_1_0_0_1_1_0_1_1_0_0_0_0_0_1_1_1_1_0_0_1_1_1_1_0_0_0_0_1_0_0,1,4.333333333333333e-5,1.8856180831641264e-5,0.25510204081632654,172.53968253968253
1_0_1_1_1_1_0_0_0_1_1_0_1_1_1_0_1_1_1_1_0_0_0_0_1_1_1_0_0_0_0_0_1_1_0_0_0_0_1_1_0_0_1_0,1,4.333333333333333e-5,2.0548046676563253e-5,0.25,274.64285714285717
1_0_1_0_1_1_1_0_0_1_1_1_1_1_1_1_1_1_1_1_0_1_1_0_1_1_1_0_0_0_0_0_1_1_0_0_0_0_1_1_0_0_1_0,1,4.333333333333333e-5,2.494438257849294e-5,0.2193877551020408,262.0952380952381
1_0_1_1_1_0_0_0_0_1_1_0_1_1_1_0_0_1_1_1_1_0_1_1_1_1_1_1_1_1_1_0_1_1_1_1_1_0_0_0_0_0_1_0,1,4.0e-5,1.4142135623730951e-5,0.25,245.33333333333334
0_0_0_0_0_1_0_1_0_1_0_0_0_1_1_0_1_1_1_0_0_1_0_0_0_0_0_0_0_0_0_1_0_1_0_0_0_1_1_1_0_1_0_0,1,4.0e-5,8.164965809277262e-6,0.2755102040816326,236.66666666666666
0_1_0_1_1_0_1_0_1_0_1_1_0_0_0_1_1_0_0_1_0_1_1_0_1_1_0_0_0_0_0_1_1_0_0_0_0_0_1_1_1_1_1_1,1,4.0e-5,8.164965809277262e-6,0.23469387755102042,186.5
1_1_1_1_1_1_1_0_1_0_1_1_0_0_0_1_1_0_0_1_0_1_0_1_1_1_1_0_0_0_0_1_1_0_0_0_0_1_1_1_1_1_1_1,1,4.0e-5,1.4142135623730951e-5,0.24489795918367346,252.22222222222226
1_0_1_0_0_0_0_1_0_1_0_0_1_1_1_0_0_1_1_0_1_1_0_1_0_0_1_1_1_1_1_1_0_1_1_1_1_1_0_0_0_0_0_0,1,4.0e-5,8.164965809277262e-6,0.23469387755102042,192.7777777777778
1_0_1_0_0_1_0_1_0_1_0_0_1_1_1_0_0_1_1_0_1_1_0_1_0_0_1_1_1_1_1_0_0_1_1_1_1_1_0_0_0_0_0_0,1,4.0e-5,8.164965809277262e-6,0.22959183673469388,200.05555555555554
1_0_1_1_1_1_0_0_0_1_1_0_1_0_1_1_1_1_1_1_0_1_1_0_1_1_1_0_0_0_0_1_1_1_0_0_0_1_1_1_1_1_1_0,1,4.0e-5,8.164965809277262e-6,0.2602040816326531,254.33333333333334
1_0_1_1_1_1_1_0_1_1_1_0_1_1_1_0_0_1_1_1_1_0_0_0_1_1_1_1_1_1_1_0_1_0_1_1_1_0_0_0_0_0_1_0,1,4.0e-5,2.8284271247461906e-5,0.2755102040816326,221.25
1_0_1_0_0_0_0_1_0_0_0_1_0_0_0_1_1_0_1_0_0_1_1_0_0_0_1_0_0_0_0_1_0_1_0_0_0_0_1_1_1_1_0_1,1,4.0e-5,1.4142135623730951e-5,0.23469387755102042,185.33333333333334
0_1_0_1_1_1_1_0_1_0_1_1_0_0_0_1_1_0_0_1_0_0_1_1_1_1_0_0_0_0_0_1_1_0_0_0_0_1_1_1_1_1_1_1,1,4.0e-5,8.164965809277262e-6,0.2193877551020408,234.61111111111111
0_0_0_1_0_1_1_1_1_0_1_0_0_0_1_1_0_1_1_1_1_0_1_1_1_1_0_1_1_1_1_0_0_0_1_1_1_0_0_0_1_1_1_1,1,4.0e-5,0.0,0.2602040816326531,274.1666666666667
1_0_1_1_1_1_1_0_0_1_1_0_1_1_1_0_1_1_1_1_0_0_1_0_1_1_1_0_0_0_0_0_1_1_0_0_0_1_1_1_0_0_1_0,1,4.0e-5,2.1602468994692868e-5,0.25510204081632654,176.0
1_0_1_0_0_1_0_1_0_1_0_0_1_1_1_0_1_1_1_0_0_0_1_0_0_0_1_0_0_0_0_0_0_1_0_0_0_1_1_1_0_0_0_0,1,4.0e-5,1.632993161855452e-5,0.23469387755102042,196.38888888888889
1_1_1_1_1_0_1_0_1_0_1_1_0_1_0_1_1_0_0_1_0_1_1_0_1_1_1_0_0_0_0_1_1_0_0_0_0_0_1_1_0_0_1_1,1,4.0e-5,1.632993161855452e-5,0.2602040816326531,191.25
1_0_1_1_1_1_1_0_0_1_1_1_1_1_1_1_0_1_1_1_1_0_1_1_1_1_1_1_1_1_1_0_1_1_1_1_1_0_0_0_0_0_1_0,1,4.0e-5,1.4142135623730951e-5,0.21428571428571427,203.33333333333334
0_0_0_0_0_0_0_1_0_1_0_0_1_0_1_1_1_1_1_0_0_1_1_0_0_0_0_0_0_0_0_0_0_1_0_0_0_1_1_1_1_1_0_1,1,4.0e-5,2.1602468994692868e-5,0.25,194.2222222222222
0_1_0_0_0_0_1_1_1_0_0_1_0_0_0_1_0_0_0_0_1_1_1_1_0_0_0_1_1_1_1_1_0_0_1_1_1_1_0_0_1_1_0_1,1,4.0e-5,1.632993161855452e-5,0.25,243.33333333333334
1_0_1_0_0_0_0_1_0_0_0_1_0_0_1_1_1_1_1_0_0_1_1_1_0_0_1_0_0_0_0_0_0_1_0_0_0_0_1_1_1_1_0_1,1,4.0e-5,1.4142135623730951e-5,0.23469387755102042,208.33333333333334
0_0_0_0_0_0_0_1_1_0_0_0_0_0_1_1_1_1_1_0_0_1_1_0_0_0_0_0_0_0_0_0_0_0_0_0_0_0_1_1_1_1_0_1,1,4.0e-5,1.632993161855452e-5,0.24489795918367346,259.1666666666667
1_1_1_1_1_1_1_0_1_0_1_1_1_0_0_1_1_0_0_1_0_0_1_0_1_1_1_0_0_0_0_1_1_0_0_0_0_1_1_1_1_0_1_1,1,4.0e-5,1.4142135623730951e-5,0.23979591836734693,167.33333333333334
0_0_0_0_0_0_0_1_0_1_0_0_1_1_1_0_0_1_1_0_1_0_1_1_0_0_0_1_1_1_1_0_0_1_1_1_1_1_0_0_0_0_0_0,1,4.0e-5,1.4142135623730951e-5,0.24489795918367346,166.11111111111111
1_0_1_1_1_1_0_0_0_1_1_0_1_1_1_0_0_1_1_1_1_1_1_1_1_1_1_1_1_1_1_1_1_1_1_1_1_1_0_0_0_0_1_0,1,4.0e-5,0.0,0.2653061224489796,261.6666666666667
0_0_0_0_0_1_0_1_0_1_0_0_1_0_1_1_0_1_1_0_1_1_1_1_0_0_0_1_1_1_1_0_0_1_1_1_1_1_0_0_1_1_0_1,1,4.0e-5,8.164965809277262e-6,0.2653061224489796,152.7222222222222
0_0_0_0_0_0_0_1_0_1_0_0_1_0_1_1_0_1_1_0_1_1_1_1_0_0_0_1_1_1_1_0_0_1_1_1_1_1_0_0_1_1_0_1,1,4.0e-5,1.632993161855452e-5,0.25510204081632654,195.2777777777778
0_1_0_1_1_1_1_0_1_0_1_1_0_0_0_1_1_0_0_1_0_0_1_1_1_1_0_0_0_0_0_0_1_0_0_0_0_0_1_1_1_1_1_1,1,4.0e-5,2.9439202887759494e-5,0.25,145.69444444444443
1_0_1_0_0_0_0_1_0_0_0_1_0_0_0_1_1_0_1_0_0_1_0_0_0_0_1_0_0_0_0_1_0_1_0_0_0_0_1_1_1_1_0_1,1,4.0e-5,8.164965809277262e-6,0.22959183673469388,207.83333333333334
0_1_0_1_1_1_1_0_1_1_1_0_0_1_0_0_0_0_0_1_1_1_0_0_1_1_0_1_1_1_1_1_1_0_1_1_1_1_0_0_0_0_1_0,1,4.0e-5,1.4142135623730951e-5,0.25510204081632654,219.44444444444443
1_0_1_0_0_0_0_1_0_0_0_1_1_0_1_1_1_1_1_0_0_0_1_0_0_0_1_0_0_0_0_0_0_1_0_0_0_0_1_1_1_1_0_1,1,4.0e-5,8.164965809277262e-6,0.23979591836734693,208.16666666666666
1_1_1_1_1_1_1_0_1_1_1_0_0_0_1_1_1_1_0_1_0_0_1_0_1_1_1_0_0_0_0_0_1_0_0_0_0_1_1_1_1_1_1_1,1,4.0e-5,2.1602468994692868e-5,0.2602040816326531,184.88888888888889
1_1_1_1_1_0_1_0_1_0_1_1_1_0_0_1_0_0_0_1_1_1_1_1_1_1_1_1_1_1_1_1_1_0_1_1_1_0_0_0_1_0_1_1,1,4.0e-5,1.4142135623730951e-5,0.2653061224489796,181.33333333333334
0_0_0_0_0_0_0_1_0_1_0_0_1_1_1_0_1_1_1_0_0_0_0_0_0_0_0_0_0_0_0_0_0_0_0_0_0_1_1_1_0_0_0_0,1,4.0e-5,2.9439202887759494e-5,0.24489795918367346,213.88888888888889
1_1_1_1_1_1_1_0_1_0_1_1_0_1_0_0_0_0_0_1_1_0_0_1_1_1_1_1_1_1_1_1_1_0_1_1_1_0_0_0_0_0_1_0,1,3.9999999999999996e-5,2.1602468994692865e-5,0.25,186.90476190476193
1_1_1_1_1_1_1_0_1_1_1_0_1_1_1_0_1_1_1_1_0_0_0_0_1_1_1_0_0_0_0_0_1_0_0_0_0_1_1_1_0_0_1_0,1,3.9999999999999996e-5,2.1602468994692865e-5,0.25,279.60317460317464
0_1_0_1_1_1_1_0_1_0_1_1_0_0_0_1_1_0_0_1_0_0_1_0_1_1_0_0_0_0_0_1_1_0_0_0_0_1_1_1_1_1_1_1,1,3.9999999999999996e-5,2.1602468994692865e-5,0.20408163265306123,169.92063492063494
0_1_0_1_1_1_1_0_1_0_1_1_0_0_0_1_1_0_0_1_0_1_0_1_1_1_0_0_0_0_0_1_1_0_0_0_0_1_1_1_1_1_1_1,1,3.9999999999999996e-5,2.1602468994692865e-5,0.22959183673469388,171.19047619047618
1_1_1_1_1_0_1_0_1_0_1_1_0_1_0_1_0_0_0_1_1_1_1_1_1_1_1_1_1_1_1_1_1_0_1_1_1_0_0_0_0_0_1_1,1,3.9999999999999996e-5,2.9439202887759487e-5,0.25510204081632654,187.85714285714286
1_0_1_0_1_1_0_0_0_1_1_1_1_1_1_1_1_1_1_1_0_1_1_0_1_1_1_0_0_0_0_0_1_0_0_0_0_0_1_1_0_0_1_0,1,3.666666666666667e-5,1.2472191289246472e-5,0.21428571428571427,201.33333333333334
0_0_0_0_0_0_0_1_0_1_0_0_0_0_1_1_0_1_1_0_1_0_1_1_0_0_0_1_1_1_1_0_0_0_1_1_1_0_0_0_1_1_0_1,1,3.666666666666667e-5,4.7140452079103185e-6,0.25,217.2222222222222
1_1_1_1_1_1_1_0_1_0_1_1_0_0_0_1_0_0_0_1_1_0_0_1_1_1_1_1_1_1_1_0_1_0_1_1_1_0_0_0_1_1_1_1,1,3.6666666666666666e-5,1.885618083164127e-5,0.25,192.0
0_1_0_0_0_0_1_1_1_0_0_1_0_0_0_1_1_0_0_0_0_1_0_1_0_0_0_0_0_0_0_1_0_0_0_0_0_0_1_1_1_1_0_1,1,3.6666666666666666e-5,1.699673171197595e-5,0.27040816326530615,226.66666666666666
1_0_1_0_0_0_0_1_0_1_0_0_1_1_1_0_0_1_1_0_1_1_1_0_0_0_1_1_1_1_1_1_0_1_1_1_1_1_0_0_0_0_0_0,1,3.6666666666666666e-5,9.428090415820635e-6,0.25510204081632654,183.33333333333334
0_0_0_0_0_0_0_1_1_0_0_0_1_0_0_1_0_0_0_0_1_1_1_1_0_0_0_1_1_1_1_1_0_0_1_1_1_0_0_0_1_1_0_1,1,3.6666666666666666e-5,9.428090415820635e-6,0.25510204081632654,198.44444444444446
0_1_0_0_0_0_0_1_0_0_0_1_1_0_0_1_1_0_0_0_0_1_1_0_0_0_0_0_0_0_0_1_0_1_0_0_0_1_1_1_1_1_0_1,1,3.6666666666666666e-5,2.0548046676563257e-5,0.2653061224489796,315.5555555555556
0_0_0_0_0_0_0_1_0_1_0_0_0_0_1_1_1_1_1_0_0_0_1_0_0_0_0_0_0_0_0_0_0_0_0_0_0_0_1_1_1_1_0_1,1,3.6666666666666666e-5,1.885618083164127e-5,0.24489795918367346,230.0
0_0_0_1_0_0_0_1_1_0_0_0_1_0_1_1_1_1_1_0_0_0_0_0_0_0_0_0_0_0_0_0_0_0_0_0_0_0_1_1_1_1_1_1,1,3.6666666666666666e-5,1.885618083164127e-5,0.24489795918367346,224.0
1_0_1_1_1_1_0_0_0_1_1_0_1_0_1_1_1_1_1_1_0_0_1_0_1_1_1_0_0_0_0_0_1_1_0_0_0_1_1_1_1_1_1_0,1,3.6666666666666666e-5,1.2472191289246472e-5,0.25,236.0
1_0_1_1_1_1_0_0_0_1_1_1_1_1_1_1_0_1_1_1_1_0_1_1_1_1_1_1_1_1_1_0_1_0_1_1_1_0_0_0_0_0_1_0,1,3.6666666666666666e-5,2.0548046676563257e-5,0.20918367346938777,183.88888888888889
0_0_0_0_0_0_0_1_0_0_0_1_1_1_0_0_0_0_1_0_1_1_0_1_0_0_0_1_1_1_1_1_0_1_1_1_1_0_0_0_0_0_0_0,1,3.6666666666666666e-5,2.357022603955158e-5,0.2602040816326531,206.42857142857142
0_1_0_0_0_0_1_1_1_0_0_1_0_0_0_1_1_0_0_0_0_0_0_1_0_0_0_0_0_0_0_0_0_0_0_0_0_0_1_1_1_1_0_1,1,3.6666666666666666e-5,9.428090415820635e-6,0.28061224489795916,231.33333333333334
1_0_1_1_1_1_0_0_0_1_1_0_1_1_1_0_0_1_1_1_1_1_1_0_1_1_1_1_1_1_1_1_1_1_1_1_1_1_0_0_0_0_1_0,1,3.6666666666666666e-5,2.0548046676563257e-5,0.28061224489795916,232.22222222222226
0_1_0_1_1_1_1_0_1_0_1_1_0_1_0_1_0_0_0_1_1_0_0_1_1_1_0_1_1_1_1_1_1_0_1_1_1_1_0_0_0_0_1_1,1,3.6666666666666666e-5,1.699673171197595e-5,0.21428571428571427,161.66666666666666
1_1_1_1_1_1_1_0_1_0_1_1_0_0_0_1_1_0_0_1_0_0_0_1_1_1_1_0_0_0_0_1_1_0_0_0_0_1_1_1_1_1_1_1,1,3.6666666666666666e-5,1.2472191289246472e-5,0.23979591836734693,195.5
0_1_0_0_0_0_0_1_1_0_0_0_0_0_0_0_1_0_0_0_0_1_0_1_0_0_0_0_0_0_0_1_0_0_0_0_0_1_1_1_1_1_0_1,1,3.6666666666666666e-5,1.699673171197595e-5,0.22959183673469388,200.0
1_0_1_1_1_0_0_0_0_1_1_1_1_1_1_1_0_1_1_1_1_0_1_0_1_1_1_1_1_1_1_0_1_0_1_1_1_0_0_0_0_0_1_0,1,3.6666666666666666e-5,9.428090415820635e-6,0.22448979591836735,280.4444444444444
1_0_1_1_1_1_1_0_1_1_1_0_1_1_1_0_0_1_1_1_1_0_1_0_1_1_1_1_1_1_1_0_1_0_1_1_1_0_0_0_0_0_1_0,1,3.6666666666666666e-5,1.699673171197595e-5,0.27040816326530615,211.11111111111111
1_0_1_0_1_0_0_0_0_1_1_1_1_1_1_1_0_1_1_1_1_1_1_0_1_1_1_1_1_1_1_0_1_1_1_1_1_0_0_0_0_0_1_0,1,3.6666666666666666e-5,1.885618083164127e-5,0.23469387755102042,224.66666666666666
0_0_0_0_0_1_0_1_0_1_0_0_0_0_1_0_0_1_1_0_1_1_0_1_0_0_0_1_1_1_1_1_0_0_1_1_1_1_0_0_1_1_0_1,1,3.6666666666666666e-5,9.428090415820635e-6,0.23979591836734693,212.2222222222222
1_1_1_1_1_1_1_0_1_0_1_1_0_1_0_0_1_0_0_1_0_0_0_0_1_1_1_0_0_0_0_0_1_0_0_0_0_0_1_1_0_0_1_0,1,3.6666666666666666e-5,4.7140452079103185e-6,0.27040816326530615,156.94444444444446
0_0_0_0_0_0_0_1_1_0_0_0_1_0_1_1_1_1_1_0_0_0_0_1_0_0_0_0_0_0_0_0_0_0_0_0_0_0_1_1_1_1_0_1,1,3.6666666666666666e-5,4.7140452079103185e-6,0.2755102040816326,246.1111111111111
1_1_1_1_1_0_1_0_1_0_1_1_1_1_0_0_0_0_0_1_1_0_0_1_1_1_1_1_1_1_1_1_1_0_1_1_1_0_0_0_0_0_1_0,1,3.6666666666666666e-5,1.699673171197595e-5,0.25510204081632654,199.44444444444446
0_1_0_1_1_1_1_0_1_1_1_0_1_1_1_0_0_1_1_1_1_0_1_0_1_1_0_1_1_1_1_0_1_0_1_1_1_1_0_0_0_0_1_0,1,3.6666666666666666e-5,1.2472191289246472e-5,0.23979591836734693,211.83333333333334
1_1_1_1_1_1_1_0_1_0_1_1_0_0_0_1_0_0_0_1_1_1_0_1_1_1_1_1_1_1_1_1_1_1_1_1_1_1_0_0_1_1_1_1,1,3.6666666666666666e-5,9.428090415820635e-6,0.23469387755102042,196.44444444444446
1_0_1_1_1_1_0_0_0_1_1_0_1_1_1_0_1_1_1_1_0_0_1_0_1_1_1_0_0_0_0_0_1_1_0_0_0_0_1_1_0_0_1_0,1,3.6666666666666666e-5,1.2472191289246472e-5,0.24489795918367346,178.0
1_0_1_0_0_0_0_1_0_1_0_0_1_1_1_0_0_1_1_0_1_0_1_1_0_0_1_1_1_1_1_0_0_1_1_1_1_0_0_0_0_0_0_0,1,3.6666666666666666e-5,2.494438257849294e-5,0.21428571428571427,154.92063492063494
0_0_0_0_0_0_0_1_0_1_0_0_1_0_1_0_0_1_1_0_1_1_0_1_0_0_0_1_1_1_1_0_0_1_1_1_1_0_0_0_1_1_0_0,1,3.6666666666666666e-5,4.7140452079103185e-6,0.22959183673469388,172.5
0_0_0_0_0_0_0_1_0_1_0_0_1_0_1_1_1_1_1_0_0_1_1_0_0_0_0_0_0_0_0_0_0_0_0_0_0_0_1_1_1_1_0_1,1,3.6666666666666666e-5,9.428090415820635e-6,0.24489795918367346,197.33333333333334
0_1_0_1_1_1_1_0_1_0_1_1_0_0_0_1_1_0_0_1_0_0_1_0_1_1_0_0_0_0_0_1_1_0_0_0_0_0_1_1_1_1_1_1,1,3.333333333333334e-5,9.428090415820635e-6,0.2193877551020408,231.66666666666666
0_0_0_0_0_0_0_1_1_0_0_0_0_0_1_1_1_1_1_0_0_0_0_0_0_0_0_0_0_0_0_0_0_0_0_0_0_0_1_1_1_1_0_1,1,3.333333333333334e-5,9.428090415820635e-6,0.24489795918367346,317.5
0_0_0_0_0_0_0_1_0_1_0_0_1_1_1_0_0_1_1_0_1_1_0_0_0_0_0_1_1_1_1_0_0_1_1_1_1_0_0_0_0_0_0_0,1,3.333333333333334e-5,9.428090415820635e-6,0.23469387755102042,240.83333333333334
0_0_0_0_0_0_0_1_0_0_0_1_1_0_0_1_1_0_0_0_0_1_1_1_0_0_0_0_0_0_0_1_0_1_0_0_0_0_1_1_1_1_0_1,1,3.333333333333334e-5,9.428090415820635e-6,0.2755102040816326,205.0
0_0_0_0_0_0_0_1_0_1_0_0_0_1_1_0_0_1_1_0_1_0_0_0_0_0_0_1_1_1_1_0_0_1_1_1_1_0_0_0_0_1_0_0,1,3.333333333333334e-5,9.428090415820635e-6,0.2602040816326531,194.16666666666666
0_0_0_0_0_0_0_1_0_1_0_0_1_1_1_0_0_1_1_0_1_1_0_1_0_0_0_1_1_1_1_0_0_0_1_1_1_0_0_0_0_0_0_0,1,3.333333333333334e-5,9.428090415820635e-6,0.22959183673469388,189.16666666666666
0_0_0_0_0_0_0_1_0_1_0_0_1_1_1_0_0_1_1_0_1_0_1_1_0_0_0_1_1_1_1_0_0_1_1_1_1_0_0_0_0_0_0_0,1,3.3333333333333335e-5,1.699673171197595e-5,0.22959183673469388,199.33333333333334
0_1_0_0_0_0_1_1_1_0_0_1_0_0_0_1_1_0_0_0_0_1_0_0_0_0_0_0_0_0_0_1_0_0_0_0_0_0_1_1_1_1_0_1,1,3.3333333333333335e-5,1.699673171197595e-5,0.25510204081632654,223.66666666666666
1_0_1_0_0_1_0_1_0_1_0_0_1_1_1_0_1_1_1_0_0_1_1_0_0_0_1_0_0_0_0_0_0_1_0_0_0_1_1_1_0_0_0_0,1,3.3333333333333335e-5,1.2472191289246472e-5,0.22959183673469388,178.0
0_1_0_1_1_0_1_0_1_0_1_1_0_0_0_1_1_0_0_1_0_0_1_1_1_1_0_0_0_0_0_0_1_0_0_0_0_0_1_1_1_1_1_1,1,3.3333333333333335e-5,2.0548046676563257e-5,0.2602040816326531,287.77777777777777
0_0_0_0_0_0_0_1_0_0_0_0_1_1_1_0_1_1_1_0_1_1_0_1_0_0_0_0_0_1_0_0_0_1_0_1_0_0_0_1_0_1_0_0,1,3.3333333333333335e-5,4.7140452079103185e-6,0.2755102040816326,294.1666666666667
0_0_0_0_0_1_0_1_0_1_0_0_1_1_1_0_1_1_1_0_0_0_1_0_0_0_0_0_0_0_0_0_0_1_0_0_0_1_1_1_0_0_0_0,1,3.3333333333333335e-5,2.0548046676563257e-5,0.25,284.4444444444444
1_1_1_1_1_1_1_0_1_0_1_1_0_1_0_1_1_0_0_1_0_1_1_0_1_1_1_0_0_0_0_1_1_1_0_0_0_0_1_1_0_0_1_1,1,3.3333333333333335e-5,1.8856180831641267e-5,0.2602040816326531,180.0
0_0_0_0_0_0_0_1_0_1_0_0_0_1_1_0_1_1_1_0_0_0_0_0_0_0_0_0_0_0_0_0_0_1_0_0_0_1_1_1_0_1_0_0,1,3.3333333333333335e-5,2.0548046676563257e-5,0.25510204081632654,205.0
0_0_0_0_0_0_0_1_0_1_0_0_1_1_1_0_1_1_1_0_0_0_0_0_0_0_0_0_0_0_0_0_0_1_0_0_0_1_1_1_0_0_0_0,1,3.3333333333333335e-5,1.2472191289246472e-5,0.23469387755102042,177.88888888888889
1_1_1_1_1_0_1_0_1_0_1_1_0_1_0_1_0_0_0_1_1_0_1_1_1_1_1_1_1_1_1_0_1_0_1_1_1_0_0_0_0_0_1_1,1,3.3333333333333335e-5,1.2472191289246472e-5,0.2653061224489796,223.11111111111111
0_0_0_0_0_0_0_1_0_1_0_0_1_1_1_0_0_1_1_0_1_0_0_1_0_0_0_1_1_1_1_0_0_1_1_1_1_1_0_0_0_0_0_0,1,3.3333333333333335e-5,1.699673171197595e-5,0.23979591836734693,197.33333333333334
0_0_0_0_0_0_0_1_0_0_0_1_1_1_0_0_1_0_1_0_0_1_0_0_0_0_0_0_0_0_0_1_0_1_0_0_0_0_1_1_0_0_0_0,1,3.3333333333333335e-5,4.7140452079103185e-6,0.2653061224489796,208.05555555555557
0_0_0_0_0_0_0_1_0_1_0_0_1_0_1_0_1_1_1_0_0_0_0_0_0_0_0_0_0_0_0_0_0_0_0_0_0_0_1_1_1_1_0_0,1,3.3333333333333335e-5,1.2472191289246472e-5,0.23979591836734693,263.4444444444444
0_1_0_0_0_0_1_1_1_0_0_1_0_1_0_0_1_0_0_0_0_1_0_0_0_0_0_0_0_0_0_1_0_0_0_0_0_0_1_1_0_0_0_1,1,3.3333333333333335e-5,2.4944382578492944e-5,0.25510204081632654,170.41666666666669
0_1_0_1_1_1_1_0_1_0_1_1_0_0_0_1_1_0_0_1_0_1_0_0_1_1_0_0_0_0_0_1_1_0_0_0_0_1_1_1_1_1_1_1,1,3.3333333333333335e-5,4.7140452079103185e-6,0.21428571428571427,166.66666666666666
0_1_0_1_1_1_1_0_1_1_1_0_1_1_1_0_0_1_0_1_1_0_1_0_1_1_0_1_1_1_1_0_1_0_1_1_1_1_0_0_0_0_1_0,1,3.3333333333333335e-5,1.8856180831641267e-5,0.24489795918367346,205.55555555555554
1_0_1_0_0_1_0_1_0_1_0_0_1_1_1_0_0_1_1_0_1_1_0_0_0_0_1_1_1_1_1_1_0_1_1_1_1_1_0_0_0_0_0_0,1,3.3333333333333335e-5,4.7140452079103185e-6,0.2602040816326531,168.33333333333334
0_1_0_1_1_1_1_0_1_0_1_1_0_0_0_1_1_0_0_1_0_1_1_1_1_1_0_0_0_0_0_1_1_0_0_0_0_1_1_1_1_1_1_1,1,3.3333333333333335e-5,2.0548046676563257e-5,0.22448979591836735,177.7777777777778
1_1_1_1_1_1_1_0_1_0_1_1_1_0_0_1_1_0_0_1_0_1_1_1_1_1_1_0_0_0_0_1_1_0_0_0_0_1_1_1_1_0_1_1,1,3.3333333333333335e-5,4.7140452079103185e-6,0.2602040816326531,207.7777777777778
1_0_1_1_1_1_1_0_1_1_1_0_1_1_1_0_0_1_1_1_1_0_1_1_1_1_1_1_1_1_1_0_1_0_1_1_1_0_0_0_0_0_1_0,1,3.3333333333333335e-5,4.7140452079103185e-6,0.25510204081632654,258.6111111111111
1_1_1_1_1_1_1_0_0_1_1_1_1_1_1_0_0_1_0_1_1_0_0_0_1_1_1_1_1_1_1_0_1_1_1_1_1_1_0_0_0_0_1_0,1,3.3333333333333335e-5,1.2472191289246472e-5,0.2755102040816326,250.0
0_0_0_0_0_1_1_1_0_1_0_0_0_0_1_1_1_1_1_0_0_0_1_0_0_0_0_0_0_0_0_0_0_1_0_0_0_1_1_1_1_1_0_1,1,3.3333333333333335e-5,1.2472191289246472e-5,0.2653061224489796,191.7777777777778
1_1_1_1_1_0_0_0_1_0_1_1_0_1_0_1_1_0_0_1_0_1_0_0_1_1_1_0_0_0_0_1_1_0_0_0_0_0_1_1_0_0_1_1,1,3.3333333333333335e-5,2.0548046676563257e-5,0.27040816326530615,247.77777777777774
0_1_0_1_1_1_1_0_1_0_1_1_0_0_0_1_1_0_0_1_0_0_0_1_1_1_0_0_0_0_0_1_1_0_0_0_0_1_1_1_1_1_1_1,1,3.3333333333333335e-5,4.7140452079103185e-6,0.22448979591836735,128.05555555555557
1_1_1_1_1_1_1_0_1_1_1_0_0_1_1_0_1_1_1_1_0_0_0_0_1_1_1_0_0_0_0_0_1_0_0_0_0_1_1_1_0_0_1_0,1,3.3333333333333335e-5,1.2472191289246472e-5,0.25510204081632654,221.44444444444446
1_1_1_1_1_1_1_0_1_0_1_1_1_0_0_1_0_0_0_1_1_1_1_1_1_1_1_1_1_1_1_1_1_1_1_1_1_1_0_0_1_0_1_1,1,3.3333333333333335e-5,1.2472191289246472e-5,0.25,249.44444444444446
0_0_0_0_0_1_1_1_0_1_0_0_1_0_1_1_0_1_1_0_1_0_1_1_0_0_0_1_1_1_1_0_0_1_1_1_1_1_0_0_1_1_0_1,1,3.3333333333333335e-5,1.2472191289246472e-5,0.2755102040816326,150.55555555555554
0_0_0_0_0_1_0_1_0_1_0_0_0_0_1_0_0_1_1_0_0_0_0_0_0_0_0_1_1_0_1_0_0_1_1_0_1_1_1_0_1_1_0_1,1,3.3333333333333335e-5,4.7140452079103185e-6,0.29081632653061223,206.66666666666666
1_1_1_1_1_1_1_0_1_1_1_0_0_1_0_0_1_0_0_1_0_1_1_0_1_1_1_0_0_0_0_1_1_0_0_0_0_1_1_1_0_0_1_0,1,3.3333333333333335e-5,1.8856180831641267e-5,0.25510204081632654,242.2222222222222
1_1_1_1_1_1_1_0_1_0_1_1_0_0_0_1_0_0_0_1_1_0_1_1_1_1_1_1_1_1_1_1_1_0_1_1_1_0_0_0_1_1_1_1,1,3.3333333333333335e-5,2.0548046676563257e-5,0.22959183673469388,205.0
0_0_0_0_0_0_0_1_0_1_0_0_1_1_1_0_0_1_1_0_1_0_1_0_0_0_0_1_1_1_1_0_0_1_1_1_1_0_0_0_0_0_0_0,1,3.3333333333333335e-5,2.0548046676563257e-5,0.24489795918367346,155.55555555555557
1_1_1_1_1_1_1_0_0_1_1_1_0_1_1_0_0_1_0_1_1_0_1_0_1_1_1_1_1_1_1_0_1_1_1_1_1_1_0_0_0_0_1_0,1,3.3333333333333335e-5,1.2472191289246472e-5,0.2857142857142857,255.33333333333334
0_0_0_0_0_0_0_1_0_0_0_1_1_0_0_1_0_0_1_0_1_1_0_1_0_0_0_1_1_1_1_1_0_1_1_1_1_0_0_0_1_1_0_1,1,3.333333333333333e-5,2.62466929133727e-5,0.2653061224489796,266.4285714285714
1_1_1_1_1_1_1_0_1_1_1_0_0_0_1_1_0_1_0_1_1_0_1_1_1_1_1_1_1_1_1_0_1_0_1_1_1_1_0_0_1_1_1_1,1,3.0e-5,1.632993161855452e-5,0.2653061224489796,216.44444444444446
1_1_1_1_1_1_1_0_1_1_1_0_0_1_0_0_1_0_0_1_0_0_1_0_1_1_1_0_0_0_0_1_1_0_0_0_0_1_1_1_0_0_1_0,1,3.0e-5,2.1602468994692865e-5,0.25,202.2222222222222
0_0_0_0_0_1_0_1_0_1_0_0_1_1_1_0_1_1_1_0_0_1_1_0_0_0_0_0_0_0_0_1_0_1_0_0_0_1_1_1_0_0_0_0,1,3.0e-5,1.632993161855452e-5,0.2602040816326531,204.66666666666666
1_1_1_1_1_1_1_0_1_0_1_1_1_0_0_1_0_0_0_1_1_0_1_1_1_1_1_1_1_1_1_1_1_1_1_1_1_1_0_0_1_0_1_1,1,3.0e-5,8.164965809277262e-6,0.24489795918367346,148.05555555555554
1_1_1_1_1_0_0_0_1_0_1_1_1_1_0_0_1_0_0_1_0_0_0_0_1_1_1_0_0_0_0_0_1_0_0_0_0_0_1_1_0_0_1_0,1,3.0e-5,0.0,0.28061224489795916,177.7777777777778
0_1_0_1_0_1_1_1_1_0_0_0_0_0_0_0_1_0_0_0_0_0_0_1_0_0_0_0_0_0_0_1_0_1_0_0_0_1_1_1_1_1_0_1,1,3.0e-5,8.164965809277262e-6,0.23469387755102042,200.0
0_0_0_0_0_1_0_1_0_1_0_0_1_0_1_1_0_1_1_0_1_0_1_1_0_0_0_1_1_1_1_0_0_0_1_1_1_1_0_0_1_1_0_1,1,3.0e-5,1.4142135623730951e-5,0.28061224489795916,194.33333333333334
0_0_0_0_0_0_0_1_0_1_0_0_0_1_1_0_0_1_1_0_1_0_0_0_0_0_0_1_1_1_1_0_0_0_1_1_1_0_0_0_0_1_0_0,1,3.0e-5,2.1602468994692865e-5,0.27040816326530615,176.11111111111111
0_1_0_0_0_1_1_1_1_0_0_1_0_0_0_1_0_0_0_0_1_0_0_1_0_0_0_1_1_1_1_1_0_0_1_1_1_1_0_0_1_1_0_1,1,3.0e-5,2.1602468994692865e-5,0.25,271.11111111111114
1_1_1_1_1_1_1_0_1_1_1_0_1_0_0_0_1_0_0_1_0_1_1_0_1_1_1_0_0_0_0_1_1_0_0_0_0_1_1_1_1_0_1_0,1,3.0e-5,8.164965809277262e-6,0.2653061224489796,255.0
1_1_1_0_1_0_0_0_0_1_0_1_1_1_0_0_1_0_0_0_0_1_0_0_0_0_1_0_0_0_0_1_1_1_0_0_0_1_1_1_0_0_0_0,1,3.0e-5,1.632993161855452e-5,0.2602040816326531,228.22222222222226
0_0_0_0_0_0_0_1_0_1_0_0_1_1_1_0_0_1_1_0_1_0_1_0_0_0_0_1_1_1_1_0_0_1_1_1_1_1_0_0_0_0_0_0,1,3.0e-5,0.0,0.2602040816326531,223.33333333333334
0_0_0_0_0_0_0_1_0_1_0_0_0_0_1_0_0_1_1_0_0_0_0_0_0_0_0_1_1_1_1_0_0_1_1_0_1_1_1_0_1_1_0_1,1,3.0e-5,1.4142135623730951e-5,0.28061224489795916,202.33333333333334
0_1_0_1_1_1_1_0_1_0_1_1_1_1_0_1_1_0_0_1_1_1_1_1_1_1_0_0_0_1_0_1_1_0_0_1_0_1_0_1_0_0_1_0,1,3.0e-5,8.164965809277262e-6,0.23979591836734693,199.7222222222222
1_1_1_0_0_1_1_1_0_1_1_1_0_0_1_1_0_1_0_1_1_1_1_1_1_1_1_1_1_1_1_1_0_1_1_1_1_1_0_0_1_1_0_1,1,3.0e-5,8.164965809277262e-6,0.2857142857142857,189.44444444444446
0_0_0_0_0_0_0_1_0_0_0_1_0_0_0_1_1_0_0_0_0_1_1_1_0_0_0_0_0_0_0_1_0_1_0_0_0_0_1_1_1_1_0_1,1,3.0e-5,1.4142135623730951e-5,0.27040816326530615,199.33333333333334
0_0_0_0_0_0_0_1_0_1_0_0_1_1_1_0_1_1_1_0_0_0_1_0_0_0_0_0_0_0_0_0_0_0_0_0_0_1_1_1_0_0_0_0,1,3.0e-5,8.164965809277262e-6,0.25,173.33333333333334
0_1_0_0_0_0_0_1_1_0_0_1_0_0_0_0_1_0_0_0_0_0_0_1_0_0_0_0_0_0_0_1_0_0_0_0_0_0_1_1_1_1_0_1,1,3.0e-5,8.164965809277262e-6,0.23979591836734693,185.0
1_1_1_1_1_1_1_0_1_0_1_1_0_1_0_1_0_0_0_1_1_1_0_1_1_1_1_1_1_1_1_1_1_1_1_1_1_1_0_0_0_0_1_1,1,3.0e-5,1.632993161855452e-5,0.24489795918367346,155.33333333333334
1_0_1_0_0_1_0_1_0_1_0_0_1_1_1_0_0_1_1_0_1_1_0_1_0_0_1_1_1_1_1_1_0_1_1_1_1_1_0_0_0_0_0_0,1,3.0e-5,1.4142135623730951e-5,0.24489795918367346,261.6666666666667
1_1_1_1_1_1_1_0_1_0_1_1_0_1_0_1_0_0_0_1_1_1_0_1_1_1_1_1_1_1_1_1_1_1_1_1_1_0_0_0_0_0_1_1,1,3.0e-5,8.164965809277262e-6,0.2602040816326531,256.94444444444446
1_1_1_1_1_1_1_0_1_1_1_0_1_0_0_0_1_0_0_1_0_0_1_0_1_1_1_0_0_0_0_1_1_0_0_0_0_1_1_1_1_0_1_0,1,3.0e-5,1.4142135623730951e-5,0.2602040816326531,232.0
0_1_0_0_0_1_1_1_1_0_0_0_1_0_0_1_0_0_0_0_1_1_1_1_0_0_0_1_1_1_1_1_0_1_1_1_1_1_0_0_1_1_0_1,1,3.0e-5,8.164965809277262e-6,0.25510204081632654,196.94444444444446
1_1_1_1_1_1_1_0_1_0_1_1_0_1_0_1_1_0_0_1_0_1_1_0_1_1_1_0_0_0_0_1_1_1_0_0_0_1_1_1_0_0_1_1,1,3.0e-5,8.164965809277262e-6,0.24489795918367346,196.11111111111111
0_0_0_0_0_0_0_1_1_0_0_0_1_0_1_1_1_1_1_0_0_0_0_0_0_0_0_0_0_0_0_0_0_0_0_0_0_0_1_1_1_1_0_1,1,3.0e-5,8.164965809277262e-6,0.2602040816326531,234.72222222222226
0_1_0_0_0_1_1_1_1_0_0_1_0_1_0_0_0_0_0_0_1_1_0_1_0_0_0_1_1_1_1_1_0_0_1_1_1_1_0_0_0_0_0_1,1,3.0e-5,8.164965809277262e-6,0.24489795918367346,196.3888888888889
0_0_0_0_0_1_0_1_0_1_0_0_1_0_1_0_0_1_1_0_1_1_0_1_0_0_0_1_1_1_1_0_0_1_1_1_1_1_0_0_1_1_0_0,1,3.0e-5,1.4142135623730951e-5,0.25510204081632654,191.0
1_0_1_0_0_0_0_1_0_1_0_0_1_1_1_0_0_1_1_0_1_1_1_0_0_0_1_1_1_1_1_0_0_1_1_1_1_1_0_0_0_0_0_0,1,3.0e-5,8.164965809277262e-6,0.23979591836734693,205.2777777777778
0_0_0_0_0_1_0_1_0_1_0_0_0_1_1_0_1_1_1_0_0_0_0_0_0_0_0_0_0_0_0_0_0_1_0_0_0_1_1_1_0_1_0_0,1,3.0e-5,1.4142135623730951e-5,0.2653061224489796,160.33333333333334
0_0_0_0_0_1_0_1_0_1_0_0_1_1_1_0_0_1_1_0_1_1_0_1_0_0_0_1_1_1_1_1_0_1_1_1_1_1_0_0_0_0_0_0,1,3.0e-5,0.0,0.2602040816326531,192.2222222222222
0_1_0_0_0_0_1_1_1_0_0_1_0_0_0_0_1_0_0_0_0_0_0_1_0_0_0_0_0_0_0_1_0_0_0_0_0_1_1_1_1_1_0_1,1,3.0e-5,1.632993161855452e-5,0.22959183673469388,218.22222222222226
0_0_0_0_0_0_0_1_0_1_0_0_0_0_1_1_1_1_1_0_0_1_1_0_0_0_0_0_0_0_0_0_0_1_0_0_0_1_1_1_1_1_0_1,1,3.0e-5,8.164965809277262e-6,0.24489795918367346,236.66666666666666
1_1_1_1_1_1_1_0_1_1_1_0_0_1_0_0_0_0_0_1_1_0_1_0_1_1_1_1_1_1_1_1_1_0_1_1_1_1_0_0_0_0_1_0,1,3.0e-5,2.449489742783178e-5,0.27040816326530615,215.0
0_1_0_0_0_0_1_1_1_0_0_0_0_0_0_0_1_0_0_0_0_1_0_0_0_0_0_0_0_0_0_1_0_1_0_0_0_1_1_1_1_1_0_1,1,3.0e-5,2.1602468994692865e-5,0.20918367346938777,207.2222222222222
1_1_1_1_1_1_1_0_1_0_1_1_1_0_0_1_0_0_0_1_1_0_1_1_1_1_1_1_1_1_1_0_1_0_1_1_1_0_0_0_1_0_1_1,1,3.0e-5,1.4142135623730951e-5,0.2653061224489796,225.83333333333334
1_1_1_0_0_1_1_1_0_1_1_1_0_0_1_1_0_1_0_1_1_0_1_1_1_1_1_1_1_1_1_0_0_1_1_1_1_1_0_0_1_1_0_1,1,3.0e-5,1.4142135623730951e-5,0.2857142857142857,218.33333333333334
1_0_1_0_0_0_0_1_0_0_0_1_0_0_0_1_1_0_0_0_0_1_0_0_0_0_1_0_0_0_0_1_0_1_0_0_0_0_1_1_1_1_0_1,1,3.0e-5,8.164965809277262e-6,0.22448979591836735,178.88888888888889
0_0_0_0_0_0_0_1_1_0_0_0_1_0_1_1_1_1_1_0_0_1_0_0_0_0_0_0_0_0_0_0_0_0_0_0_0_0_1_1_1_1_0_1,1,3.0e-5,0.0,0.25510204081632654,241.66666666666669
1_1_1_1_1_1_1_0_1_0_1_1_0_1_0_1_0_0_0_1_1_0_1_1_1_1_1_1_1_1_1_0_1_0_1_1_1_0_0_0_0_0_1_1,1,3.0e-5,1.4142135623730951e-5,0.25510204081632654,219.0
0_1_0_1_1_0_1_0_1_0_1_1_0_0_0_1_1_0_0_1_0_0_1_0_1_1_0_0_0_0_0_1_1_0_0_0_0_0_1_1_1_1_1_1,1,2.9999999999999997e-5,2.82842712474619e-5,0.22959183673469388,223.33333333333334
1_1_1_1_1_1_1_0_1_1_1_0_1_1_1_0_0_1_1_1_1_0_0_0_1_1_1_1_1_1_1_0_1_0_1_1_1_1_0_0_0_0_1_0,1,2.666666666666667e-5,1.699673171197595e-5,0.27040816326530615,200.66666666666666
1_0_1_1_1_1_1_0_0_1_1_0_1_1_1_0_1_1_1_1_0_1_0_0_1_1_1_0_0_0_0_1_1_1_0_0_0_1_1_1_0_0_1_0,1,2.666666666666667e-5,4.714045207910317e-6,0.27040816326530615,291.1111111111111
0_0_0_0_0_0_0_1_0_0_0_0_1_1_1_1_1_1_1_0_1_1_1_1_0_0_0_0_0_1_0_0_0_1_0_1_0_0_0_1_0_1_0_1,1,2.666666666666667e-5,9.428090415820635e-6,0.2755102040816326,265.0
0_1_0_0_0_0_0_1_1_0_0_1_0_0_0_1_0_0_0_0_1_0_1_1_0_0_0_1_1_1_1_0_0_0_1_1_1_0_0_0_1_1_0_1,1,2.666666666666667e-5,4.714045207910317e-6,0.27040816326530615,302.22222222222223
0_1_0_0_0_0_0_1_1_0_0_1_0_0_0_1_0_0_0_0_1_1_1_1_0_0_0_1_1_1_1_1_0_0_1_1_1_0_0_0_1_1_0_1,1,2.666666666666667e-5,2.3570226039551588e-5,0.2602040816326531,179.44444444444446
0_1_0_1_1_1_1_0_1_1_1_0_0_1_1_0_1_1_1_1_0_0_0_0_1_1_0_0_0_0_0_0_1_0_0_0_0_1_1_1_0_0_1_0,1,2.666666666666667e-5,4.714045207910317e-6,0.23979591836734693,203.33333333333334
1_1_1_0_1_1_1_0_1_1_1_1_0_0_0_1_0_0_0_1_0_1_1_0_1_1_1_1_1_0_1_1_1_0_1_0_1_1_1_0_1_0_1_1,1,2.666666666666667e-5,4.714045207910317e-6,0.2755102040816326,190.55555555555554
0_0_0_0_0_0_0_1_0_1_0_0_1_1_1_0_1_1_1_0_0_1_1_0_0_0_0_0_0_0_0_1_0_1_0_0_0_1_1_1_0_0_0_0,1,2.666666666666667e-5,1.885618083164127e-5,0.25,226.25
0_0_0_0_0_1_1_1_0_1_0_0_1_0_1_1_0_1_1_0_1_1_1_1_0_0_0_1_1_1_1_1_0_1_1_1_1_1_0_0_1_1_0_1,1,2.666666666666667e-5,1.885618083164127e-5,0.2857142857142857,262.5
0_0_0_0_0_0_0_1_0_1_0_0_1_0_1_0_1_1_1_0_0_1_1_0_0_0_0_0_0_0_0_0_0_0_0_0_0_0_1_1_1_1_0_0,1,2.666666666666667e-5,9.428090415820635e-6,0.23979591836734693,209.16666666666666
0_0_0_1_0_0_0_1_1_0_0_0_0_0_1_0_0_0_0_0_1_1_0_1_0_0_0_1_1_1_1_1_0_0_1_1_1_0_0_0_1_1_1_1,0,2.666666666666667e-5,9.428090415820635e-6,0.18877551020408162,1001.0
0_0_0_0_0_1_0_1_0_1_0_0_1_0_1_0_1_1_1_0_0_0_0_0_0_0_0_0_0_0_0_0_0_1_0_0_0_1_1_1_1_1_0_0,1,2.666666666666667e-5,9.428090415820635e-6,0.25510204081632654,215.0
1_1_1_0_0_1_1_1_0_1_1_1_0_0_1_1_1_1_0_1_0_1_1_0_1_1_1_0_0_0_0_1_0_1_0_0_0_1_1_1_1_1_0_1,1,2.666666666666667e-5,4.714045207910317e-6,0.28061224489795916,170.55555555555554
1_1_1_1_1_1_1_0_1_0_1_1_0_0_0_1_0_0_0_1_1_1_0_1_1_1_1_1_1_1_1_1_1_1_1_1_1_0_0_0_1_1_1_1,1,2.666666666666667e-5,1.2472191289246472e-5,0.25,217.7777777777778
1_0_1_0_0_0_0_1_0_1_0_0_1_1_1_0_0_1_1_0_1_1_1_0_0_0_1_1_1_1_1_0_0_1_1_1_1_0_0_0_0_0_0_0,1,2.666666666666667e-5,1.2472191289246472e-5,0.22448979591836735,180.55555555555554
0_1_0_1_1_1_1_0_1_1_1_0_1_1_1_0_0_1_1_1_1_0_1_1_1_1_0_1_1_1_1_0_1_0_1_1_1_1_0_0_0_0_1_0,1,2.666666666666667e-5,1.2472191289246472e-5,0.22448979591836735,173.05555555555554
1_1_1_1_1_1_1_0_1_0_1_1_0_0_0_1_0_0_0_1_1_0_0_1_1_1_1_1_1_1_1_1_1_0_1_1_1_0_0_0_1_1_1_1,1,2.666666666666667e-5,2.3570226039551585e-5,0.23469387755102042,217.2222222222222
1_1_1_1_1_1_1_0_1_0_1_1_1_1_0_0_0_0_0_1_1_1_0_1_1_1_1_1_1_1_1_1_1_1_1_1_1_0_0_0_0_0_1_0,1,2.666666666666667e-5,2.3570226039551588e-5,0.2602040816326531,195.83333333333331
0_1_0_0_0_0_1_1_1_0_0_1_0_1_0_0_0_0_0_0_1_0_0_1_0_0_0_1_1_1_1_0_0_0_1_1_1_0_0_0_0_0_0_1,1,2.666666666666667e-5,1.2472191289246472e-5,0.2602040816326531,233.33333333333334
0_1_0_0_0_1_1_1_1_0_0_0_1_0_0_1_0_0_0_0_1_1_1_1_0_0_0_1_1_1_1_1_0_0_1_1_1_1_0_0_1_1_0_1,1,2.666666666666667e-5,1.699673171197595e-5,0.25510204081632654,155.0
0_0_0_0_0_1_1_1_0_1_0_0_1_0_1_1_1_1_1_0_0_0_1_0_0_0_0_0_0_0_0_0_0_1_0_0_0_1_1_1_1_1_0_1,1,2.666666666666667e-5,1.2472191289246472e-5,0.27040816326530615,146.66666666666666
0_0_0_0_0_0_0_1_0_1_0_0_1_1_1_0_0_1_1_0_1_1_0_0_0_0_0_1_1_1_1_0_0_0_1_1_1_0_0_0_0_0_0_0,1,2.666666666666667e-5,1.699673171197595e-5,0.24489795918367346,240.33333333333334
0_1_0_0_0_0_1_1_1_0_0_1_0_0_0_1_1_0_0_0_0_1_1_0_0_0_0_0_0_0_0_1_0_0_0_0_0_0_1_1_1_1_0_1,1,2.666666666666667e-5,1.885618083164127e-5,0.2602040816326531,223.75
0_0_0_0_0_0_0_1_0_0_0_0_1_1_1_1_1_1_1_0_1_1_1_1_0_0_0_0_0_0_0_0_0_1_0_1_0_0_0_1_0_1_0_1,1,2.666666666666667e-5,2.4944382578492947e-5,0.2755102040816326,201.66666666666666
1_1_1_1_1_0_0_0_1_0_1_1_0_1_0_0_1_0_0_1_0_0_0_0_1_1_1_0_0_0_0_0_1_0_0_0_0_0_1_1_0_0_1_0,1,2.666666666666667e-5,4.714045207910317e-6,0.2857142857142857,245.0
1_0_1_1_1_0_0_0_0_1_1_0_1_1_1_0_1_1_1_1_0_1_1_0_1_1_1_0_0_0_0_0_1_1_0_0_0_0_1_1_0_0_1_0,1,2.666666666666667e-5,9.428090415820635e-6,0.25,209.16666666666666
1_1_1_1_1_0_0_0_1_0_1_1_0_1_0_1_0_0_0_1_1_1_1_1_1_1_1_1_1_1_1_1_1_0_1_1_1_0_0_0_0_0_1_1,1,2.666666666666667e-5,4.714045207910317e-6,0.2602040816326531,194.16666666666669
0_0_0_0_0_0_0_1_1_0_0_0_1_0_0_1_0_0_0_0_1_1_0_1_0_0_0_1_1_1_1_1_0_0_1_1_1_0_0_0_1_1_0_1,1,2.666666666666667e-5,4.714045207910317e-6,0.2602040816326531,270.5555555555556
1_1_1_1_1_1_1_0_1_0_1_1_0_0_0_1_1_0_0_1_0_1_1_1_1_1_1_0_0_0_0_1_1_1_0_0_0_1_1_1_1_1_1_1,1,2.666666666666667e-5,9.428090415820635e-6,0.25,184.16666666666666
1_1_1_1_1_1_1_0_1_0_1_1_0_0_0_1_1_0_0_1_0_1_0_1_1_1_1_0_0_0_0_1_1_0_0_0_0_0_1_1_1_1_1_1,1,2.666666666666667e-5,1.2472191289246472e-5,0.2602040816326531,245.0
0_0_0_1_0_1_1_1_1_0_1_0_1_0_1_1_1_1_1_1_0_0_1_0_1_1_0_0_0_0_0_0_0_0_0_0_0_0_1_1_1_1_1_1,1,2.666666666666667e-5,1.699673171197595e-5,0.27040816326530615,173.0
1_1_1_1_1_1_1_0_1_0_1_1_0_1_0_1_0_0_0_1_1_0_1_1_1_1_1_1_1_1_1_1_1_0_1_1_1_0_0_0_0_0_1_1,1,2.666666666666667e-5,9.428090415820635e-6,0.23979591836734693,182.5
1_0_1_0_0_0_0_1_0_0_0_1_1_0_0_1_0_0_0_0_1_1_1_1_0_0_1_1_1_1_1_1_0_1_1_1_1_0_0_0_1_1_0_1,1,2.666666666666667e-5,1.885618083164127e-5,0.23979591836734693,185.0
0_1_0_1_1_1_1_0_1_1_1_0_0_1_0_0_0_0_0_1_1_0_0_1_1_1_0_1_1_1_1_1_1_0_1_1_1_1_0_0_0_0_1_0,1,2.666666666666667e-5,4.714045207910317e-6,0.23469387755102042,228.88888888888889
1_1_1_1_1_1_1_0_1_0_1_1_0_0_0_1_1_0_0_1_0_0_1_1_1_1_1_0_0_0_0_1_1_1_0_0_0_1_1_1_1_1_1_1,1,2.666666666666667e-5,1.2472191289246472e-5,0.24489795918367346,177.7777777777778
1_0_1_0_0_0_0_1_0_1_0_0_0_0_1_0_0_1_1_0_0_0_0_0_0_0_1_1_1_0_1_0_0_1_1_0_1_0_1_0_1_1_0_1,1,2.666666666666667e-5,4.714045207910317e-6,0.23979591836734693,175.0
0_0_0_1_1_0_0_0_1_0_0_0_1_1_0_0_0_0_1_0_1_1_0_1_0_0_0_1_1_1_1_1_1_0_1_1_1_0_0_0_0_0_1_0,1,2.666666666666667e-5,4.714045207910317e-6,0.28061224489795916,245.55555555555554
1_0_1_0_0_0_0_1_0_0_0_1_0_0_0_1_1_0_1_0_0_1_1_1_0_0_1_0_0_0_0_1_0_1_0_0_0_0_1_1_1_1_0_1,1,2.666666666666667e-5,9.428090415820635e-6,0.25,202.5
0_0_0_0_0_0_0_1_0_0_0_1_0_1_1_1_0_1_1_0_1_0_0_1_0_0_0_1_1_1_1_0_0_1_1_1_1_0_0_0_0_1_0_1,1,2.666666666666667e-5,1.699673171197595e-5,0.2653061224489796,180.0
0_0_0_0_0_0_0_1_1_0_0_0_0_0_0_1_1_0_1_0_0_1_1_1_0_0_0_0_0_0_0_1_0_0_0_0_0_0_1_1_1_1_0_1,1,2.666666666666667e-5,9.428090415820635e-6,0.2755102040816326,276.6666666666667
0_1_0_0_0_0_0_1_0_0_0_1_1_0_0_1_1_0_0_0_0_1_1_1_0_0_0_0_0_0_0_1_0_1_0_0_0_1_1_1_1_1_0_1,1,2.666666666666667e-5,9.428090415820635e-6,0.28061224489795916,229.16666666666666
1_1_1_1_1_1_1_0_1_0_1_1_0_0_0_1_1_0_0_1_0_1_1_0_1_1_1_0_0_0_0_1_1_0_0_0_0_0_1_1_1_1_1_1,1,2.666666666666667e-5,9.428090415820635e-6,0.23979591836734693,202.5
1_1_1_1_1_1_1_0_1_0_1_1_0_0_0_1_1_0_0_1_0_0_0_0_1_1_1_0_0_0_0_1_1_0_0_0_0_0_1_1_1_1_1_1,1,2.666666666666667e-5,4.714045207910317e-6,0.23979591836734693,160.55555555555554
1_1_1_1_1_0_0_0_1_0_1_1_0_1_0_0_0_0_0_1_1_1_0_1_1_1_1_1_1_1_1_1_1_0_1_1_1_0_0_0_0_0_1_0,1,2.666666666666667e-5,1.699673171197595e-5,0.27040816326530615,235.33333333333334
0_0_0_0_0_0_0_1_0_1_0_0_1_0_1_0_1_1_1_0_0_0_1_0_0_0_0_0_0_0_0_0_0_0_0_0_0_0_1_1_1_1_0_0,1,2.666666666666667e-5,9.428090415820635e-6,0.24489795918367346,173.33333333333334
1_1_1_1_1_1_1_0_1_0_1_1_1_0_0_1_1_0_0_1_0_1_1_0_1_1_1_0_0_0_0_1_1_0_0_0_0_1_1_1_1_0_1_1,1,2.666666666666667e-5,1.699673171197595e-5,0.24489795918367346,217.33333333333334
0_1_0_0_0_0_1_1_1_0_0_1_0_0_0_1_1_0_0_0_0_0_1_0_0_0_0_0_0_0_0_0_0_0_0_0_0_0_1_1_1_1_0_1,1,2.666666666666667e-5,2.0548046676563257e-5,0.27040816326530615,324.66666666666663
1_0_1_1_1_1_0_0_0_1_1_0_1_1_1_0_0_1_1_1_1_1_0_1_1_1_1_1_1_1_1_1_1_1_1_1_1_1_0_0_0_0_1_0,1,2.666666666666667e-5,2.0548046676563257e-5,0.27040816326530615,332.66666666666663
1_0_1_0_1_1_0_0_0_1_1_1_1_1_1_1_0_1_1_1_1_1_1_1_1_1_1_1_1_1_1_0_1_0_1_1_1_0_0_0_0_0_1_0,1,2.3333333333333336e-5,4.714045207910317e-6,0.2193877551020408,176.66666666666666
0_0_0_0_0_0_0_1_0_0_0_1_0_0_0_1_1_0_0_0_0_1_0_1_0_0_0_0_0_0_0_1_0_1_0_0_0_0_1_1_1_1_0_1,1,2.3333333333333336e-5,1.2472191289246474e-5,0.2653061224489796,208.33333333333334
1_0_1_0_0_0_0_1_0_0_0_1_0_0_0_1_1_0_0_0_0_1_1_0_0_0_1_0_0_0_0_1_0_1_0_0_0_0_1_1_1_1_0_1,1,2.3333333333333336e-5,4.714045207910317e-6,0.22959183673469388,266.1111111111111
0_1_0_1_1_1_1_0_1_1_1_0_0_1_1_0_1_1_0_1_0_0_0_0_1_1_0_0_0_0_0_0_1_0_0_0_0_1_1_1_0_0_1_0,1,2.3333333333333336e-5,1.8856180831641267e-5,0.24489795918367346,202.66666666666666
0_1_0_0_0_1_1_1_1_0_0_0_0_0_0_1_0_0_0_0_1_1_1_1_0_0_0_1_1_1_1_1_0_0_1_1_1_1_0_0_1_1_0_1,1,2.3333333333333336e-5,1.699673171197595e-5,0.25,162.5
1_1_1_1_1_1_1_0_1_0_1_1_1_1_0_1_1_0_0_1_1_1_1_1_1_1_1_0_0_1_0_1_1_0_0_1_0_0_0_1_0_0_1_0,1,2.3333333333333336e-5,9.428090415820634e-6,0.28061224489795916,262.22222222222223
1_1_1_1_1_1_1_0_1_1_1_0_1_1_1_0_0_1_0_1_1_0_1_0_1_1_1_1_1_1_1_0_1_0_1_1_1_1_0_0_0_0_1_0,1,2.3333333333333336e-5,4.714045207910317e-6,0.27040816326530615,200.0
0_0_0_0_0_0_0_1_1_0_0_0_0_0_0_1_1_0_0_0_0_1_1_0_0_0_0_0_0_0_0_1_0_0_0_0_0_0_1_1_1_1_0_1,1,2.3333333333333336e-5,4.714045207910317e-6,0.25510204081632654,213.88888888888889
1_1_1_1_1_0_1_0_1_0_1_1_0_1_0_1_1_0_0_1_0_0_1_0_1_1_1_0_0_0_0_1_1_0_0_0_0_0_1_1_0_0_1_1,1,2.3333333333333336e-5,1.2472191289246472e-5,0.25510204081632654,193.75
1_1_1_1_1_1_1_0_1_0_1_1_1_0_0_1_1_0_0_1_0_1_1_1_1_1_1_0_0_0_0_1_1_0_0_0_0_0_1_1_1_0_1_1,1,2.3333333333333336e-5,1.2472191289246474e-5,0.2755102040816326,156.66666666666666
1_0_1_0_0_0_0_1_0_0_0_1_0_0_0_1_1_0_0_0_0_1_0_1_0_0_1_0_0_0_0_1_0_1_0_0_0_0_1_1_1_1_0_1,1,2.3333333333333336e-5,9.428090415820634e-6,0.23979591836734693,236.66666666666666
1_1_1_1_1_1_1_0_1_0_1_1_0_0_0_1_1_0_0_1_0_0_1_1_1_1_1_0_0_0_0_0_1_0_0_0_0_0_1_1_1_1_1_1,1,2.3333333333333336e-5,1.2472191289246474e-5,0.2653061224489796,225.0
0_0_0_0_0_0_0_1_0_1_0_0_1_1_1_0_1_1_1_0_0_1_0_0_0_0_0_0_0_0_0_0_0_1_0_0_0_1_1_1_0_0_0_0,1,2.3333333333333336e-5,4.714045207910317e-6,0.22959183673469388,157.2222222222222
0_0_0_0_0_0_0_1_0_1_0_0_1_0_1_0_1_1_1_0_0_0_1_0_0_0_0_0_0_0_0_0_0_0_0_0_0_1_1_1_1_1_0_0,1,2.3333333333333336e-5,4.714045207910317e-6,0.2602040816326531,183.33333333333334
0_0_0_0_0_0_0_1_0_1_0_0_0_0_1_1_0_1_1_0_1_0_1_1_0_0_0_1_1_1_1_0_0_0_1_1_1_1_0_0_1_1_0_1,1,2.3333333333333336e-5,4.714045207910317e-6,0.2653061224489796,198.88888888888889
0_1_0_0_0_0_1_1_1_0_0_1_0_0_0_1_0_0_0_0_1_0_0_1_0_0_0_1_1_1_1_1_0_0_1_1_1_0_0_0_1_1_0_1,1,2.3333333333333336e-5,1.2472191289246474e-5,0.25510204081632654,254.16666666666666
1_0_1_1_1_0_0_0_0_1_1_1_1_1_1_0_1_1_1_1_0_0_1_0_1_1_1_0_0_0_0_0_1_1_0_0_0_0_1_1_0_0_1_0,1,2.3333333333333336e-5,9.428090415820634e-6,0.24489795918367346,206.66666666666666
1_1_1_1_1_1_1_0_0_1_1_1_1_1_1_0_0_1_1_1_1_0_0_0_1_1_1_1_1_1_1_0_1_1_1_1_1_1_0_0_0_0_1_0,1,2.3333333333333336e-5,9.428090415820634e-6,0.27040816326530615,272.22222222222223
0_1_0_0_0_0_0_1_1_0_0_1_0_0_0_1_1_0_0_0_0_1_0_1_0_0_0_0_0_0_0_1_0_0_0_0_0_0_1_1_1_1_0_1,1,2.3333333333333336e-5,4.714045207910317e-6,0.2755102040816326,197.7777777777778
0_0_0_0_0_0_0_1_0_1_0_0_1_1_1_0_1_1_1_0_0_1_0_0_0_0_0_0_0_0_0_1_0_1_0_0_0_1_1_1_0_0_0_0,1,2.3333333333333336e-5,9.428090415820634e-6,0.24489795918367346,240.0
0_0_0_0_0_0_0_1_0_1_0_0_0_0_1_0_0_1_1_0_0_0_0_0_0_0_0_1_1_0_1_0_0_1_1_0_1_1_1_0_1_1_0_1,1,2.3333333333333336e-5,4.714045207910317e-6,0.28061224489795916,199.44444444444446
1_1_1_1_1_0_1_0_1_0_1_1_1_1_0_1_1_0_0_1_1_0_1_1_1_1_1_0_0_1_0_1_1_0_0_1_0_0_0_1_0_0_1_0,1,2.3333333333333336e-5,1.2472191289246474e-5,0.2857142857142857,146.66666666666666
1_1_1_1_1_1_1_0_1_0_1_1_0_0_0_1_0_0_0_1_1_1_1_1_1_1_1_1_1_1_1_1_1_1_1_1_1_0_0_0_1_1_1_1,1,2.3333333333333336e-5,4.714045207910317e-6,0.24489795918367346,210.0
0_0_0_0_0_1_1_1_0_1_0_0_0_0_1_1_1_1_1_0_0_1_1_0_0_0_0_0_0_0_0_1_0_1_0_0_0_1_1_1_1_1_0_1,1,2.3333333333333336e-5,4.714045207910317e-6,0.2755102040816326,195.0
1_1_1_1_1_1_1_0_0_1_1_1_0_1_0_0_0_0_0_1_1_0_1_1_1_1_1_1_1_1_1_1_1_1_1_1_1_1_0_0_0_0_1_0,1,2.3333333333333336e-5,1.2472191289246474e-5,0.25510204081632654,273.3333333333333
0_0_0_1_1_0_0_0_0_1_0_0_1_1_1_0_1_1_1_0_0_0_0_0_0_0_0_0_0_0_0_0_1_1_0_0_0_1_1_1_0_0_0_0,1,2.3333333333333336e-5,1.8856180831641267e-5,0.2653061224489796,190.0
1_1_1_1_1_1_1_0_1_0_1_1_0_0_0_1_1_0_0_1_0_1_0_0_1_1_1_0_0_0_0_1_1_1_0_0_0_1_1_1_1_1_1_1,1,2.3333333333333336e-5,1.2472191289246474e-5,0.23979591836734693,185.0
0_1_0_0_0_0_1_1_1_0_0_0_1_1_0_0_1_0_1_0_0_1_0_0_0_0_0_0_0_0_0_1_0_0_0_0_0_1_1_1_0_0_0_0,1,2.3333333333333336e-5,4.714045207910317e-6,0.2755102040816326,307.77777777777777
1_0_1_0_0_0_0_1_0_0_0_1_1_0_0_1_1_0_1_0_0_1_1_1_0_0_1_0_0_0_0_1_0_1_0_0_0_0_1_1_1_1_0_1,1,2.3333333333333336e-5,1.2472191289246474e-5,0.2653061224489796,195.83333333333334
0_0_0_0_0_1_0_1_0_1_0_0_0_0_1_0_0_1_1_0_0_0_0_0_0_0_0_1_1_1_1_0_0_1_1_0_1_1_1_0_1_1_0_1,1,2.3333333333333336e-5,4.714045207910317e-6,0.29081632653061223,211.11111111111111
0_1_0_1_1_0_1_0_1_0_1_1_0_0_0_1_0_0_0_1_1_0_0_1_1_1_0_1_1_1_1_0_1_0_1_1_1_0_0_0_1_1_1_1,1,2.3333333333333336e-5,1.2472191289246474e-5,0.24489795918367346,151.66666666666666
0_1_0_1_0_0_1_1_1_0_0_0_0_0_0_0_1_0_0_0_0_0_0_1_0_0_0_0_0_0_0_1_0_1_0_0_0_1_1_1_1_1_0_1,1,2.3333333333333336e-5,9.428090415820634e-6,0.23469387755102042,200.0
0_0_0_0_0_0_0_1_0_1_0_0_1_0_1_0_1_1_1_0_0_1_0_0_0_0_0_0_0_0_0_1_0_1_0_0_0_1_1_1_1_1_0_0,1,2.3333333333333336e-5,1.699673171197595e-5,0.25510204081632654,190.83333333333331
0_0_0_0_0_0_0_1_0_1_0_0_1_1_1_0_0_1_1_0_1_0_0_1_0_0_0_1_1_1_1_0_0_0_1_1_1_0_0_0_0_0_0_0,1,2.3333333333333336e-5,1.2472191289246472e-5,0.23469387755102042,235.83333333333334
1_1_1_1_1_1_1_0_1_0_1_1_0_1_0_1_1_0_0_1_0_0_1_0_1_1_1_0_0_0_0_0_1_0_0_0_0_0_1_1_0_0_1_1,1,2.3333333333333336e-5,1.2472191289246474e-5,0.2602040816326531,184.16666666666666
1_1_1_1_1_1_1_0_1_0_1_1_0_0_0_1_1_0_0_1_0_1_0_0_1_1_1_0_0_0_0_1_1_0_0_0_0_0_1_1_1_1_1_1,1,2.3333333333333336e-5,4.714045207910317e-6,0.24489795918367346,165.55555555555554
0_0_0_1_0_1_1_1_1_0_1_0_0_0_1_1_1_1_0_1_0_1_1_0_1_1_0_0_0_0_0_0_0_0_0_0_0_0_1_1_1_1_1_1,1,2.3333333333333336e-5,9.428090415820634e-6,0.25510204081632654,280.00000000000006
0_0_0_0_0_0_0_1_1_0_0_0_0_0_0_1_1_0_1_0_0_1_0_1_0_0_0_0_0_0_0_1_0_0_0_0_0_0_1_1_1_1_0_1,1,2.3333333333333336e-5,2.0548046676563257e-5,0.27040816326530615,253.5
0_1_0_0_0_0_1_1_1_0_0_0_1_1_0_0_0_0_1_0_1_1_0_1_0_0_0_1_1_1_1_1_0_0_1_1_1_1_0_0_0_0_0_0,1,2.3333333333333336e-5,4.714045207910317e-6,0.27040816326530615,281.1111111111111
1_1_1_1_1_1_1_0_1_1_1_1_0_0_0_0_0_0_0_1_0_0_0_0_1_1_1_1_1_0_1_1_1_0_1_0_1_1_1_0_1_0_1_0,1,2.3333333333333336e-5,4.714045207910317e-6,0.2755102040816326,241.66666666666666
1_0_1_1_1_1_0_0_0_1_1_0_1_1_1_0_1_1_1_1_0_1_1_0_1_1_1_0_0_0_0_0_1_1_0_0_0_1_1_1_0_0_1_0,1,2.3333333333333336e-5,4.714045207910317e-6,0.25510204081632654,227.77777777777774
0_0_0_0_0_0_0_1_0_1_0_0_0_1_1_0_1_1_1_0_0_1_0_0_0_0_0_0_0_0_0_0_0_0_0_0_0_1_1_1_0_1_0_0,1,2.3333333333333336e-5,4.714045207910317e-6,0.2602040816326531,227.7777777777778
0_1_0_1_1_1_1_0_1_1_1_0_0_1_1_0_0_1_1_1_1_0_0_1_1_1_0_1_1_1_1_0_1_0_1_1_1_1_0_0_0_0_1_0,1,2.3333333333333336e-5,9.428090415820634e-6,0.24489795918367346,222.2222222222222
0_0_0_0_0_1_0_1_0_1_0_0_1_1_1_0_0_1_1_0_1_1_0_0_0_0_0_1_1_1_1_0_0_1_1_1_1_1_0_0_0_0_0_0,1,2.3333333333333336e-5,1.8856180831641267e-5,0.2602040816326531,156.0
0_0_0_0_0_1_0_1_0_1_0_0_1_1_1_0_1_1_1_0_0_1_0_0_0_0_0_0_0_0_0_0_0_1_0_0_0_1_1_1_0_0_0_0,1,2.3333333333333336e-5,2.6246692913372705e-5,0.23979591836734693,280.0
1_1_1_1_1_1_1_0_1_0_1_1_0_0_0_1_1_0_0_1_0_1_1_0_1_1_1_0_0_0_0_1_1_1_0_0_0_1_1_1_1_1_1_1,1,2.3333333333333336e-5,1.8856180831641267e-5,0.23469387755102042,197.33333333333334
1_1_1_1_1_0_1_0_1_0_1_1_0_1_0_0_1_0_0_1_0_1_0_0_1_1_1_0_0_0_0_1_1_1_0_0_0_0_1_1_0_0_1_0,1,2.3333333333333336e-5,1.2472191289246474e-5,0.28061224489795916,199.16666666666666
0_0_0_0_0_0_0_1_0_1_0_0_1_0_1_0_0_1_1_0_1_1_0_1_0_0_0_1_1_1_1_1_0_1_1_1_1_1_0_0_1_1_0_0,1,2.3333333333333336e-5,4.714045207910317e-6,0.2602040816326531,157.2222222222222
0_0_0_1_1_0_1_1_1_0_1_0_1_1_1_0_0_1_0_1_1_1_0_1_1_1_0_1_1_1_1_1_0_0_1_1_1_0_0_0_0_0_1_0,1,2.3333333333333336e-5,1.2472191289246472e-5,0.28061224489795916,270.0
1_0_1_1_1_1_0_0_0_1_1_0_1_0_1_1_1_1_1_1_0_1_1_0_1_1_1_0_0_0_0_0_1_1_0_0_0_1_1_1_1_1_1_0,1,2.3333333333333336e-5,4.714045207910317e-6,0.25510204081632654,167.77777777777777
1_0_1_0_0_0_0_1_0_0_0_1_1_0_0_1_1_0_0_0_0_1_1_1_0_0_1_0_0_0_0_1_0_1_0_0_0_0_1_1_1_1_0_1,1,2.3333333333333336e-5,4.714045207910317e-6,0.2602040816326531,218.33333333333334
0_1_0_1_0_1_1_1_1_0_0_0_0_0_0_0_1_0_0_0_0_0_0_1_0_0_0_0_0_0_0_1_0_0_0_0_0_1_1_1_1_1_0_1,1,2.3333333333333336e-5,1.2472191289246472e-5,0.23469387755102042,255.0
1_1_1_1_1_1_1_0_1_1_1_0_0_1_1_0_0_1_0_1_1_0_0_0_1_1_1_1_1_1_1_0_1_0_1_1_1_1_0_0_0_0_1_0,1,2.3333333333333336e-5,9.428090415820634e-6,0.28061224489795916,182.2222222222222
0_0_0_0_0_0_0_1_0_1_0_0_0_1_1_0_1_1_1_0_0_0_0_0_0_0_0_0_0_0_0_0_0_0_0_0_0_0_1_1_0_1_0_0,1,2.3333333333333336e-5,4.714045207910317e-6,0.25,338.8888888888889
1_1_1_0_1_0_0_0_0_1_0_1_1_1_0_0_0_0_1_0_1_0_0_0_0_0_1_1_1_1_1_1_1_1_1_1_1_1_0_0_0_0_0_0,1,2.3333333333333336e-5,4.714045207910317e-6,0.27040816326530615,236.66666666666666
1_0_1_0_0_0_0_1_0_1_0_0_1_1_1_0_0_1_1_0_1_1_1_1_0_0_1_1_1_1_1_0_0_1_1_1_1_1_0_0_0_0_0_0,1,2.3333333333333336e-5,1.2472191289246472e-5,0.22448979591836735,158.33333333333334
0_0_0_0_0_1_0_1_0_1_0_0_1_1_1_0_1_1_1_0_0_1_0_0_0_0_0_0_0_0_0_1_0_1_0_0_0_1_1_1_0_0_0_0,1,2.3333333333333336e-5,1.2472191289246474e-5,0.25510204081632654,187.5
1_0_1_1_1_1_1_0_1_1_1_0_0_1_1_0_0_1_1_1_1_0_0_0_1_1_1_1_1_1_1_0_1_0_1_1_1_0_0_0_0_0_1_0,1,2.3333333333333336e-5,1.2472191289246472e-5,0.28061224489795916,202.5
1_0_1_0_0_0_0_1_0_0_0_1_0_0_0_1_1_0_1_0_0_1_0_1_0_0_1_0_0_0_0_1_0_1_0_0_0_0_1_1_1_1_0_1,1,2.3333333333333336e-5,1.699673171197595e-5,0.24489795918367346,196.66666666666669
0_0_0_1_1_0_0_0_1_0_0_0_1_1_0_0_1_0_1_0_0_1_0_0_0_0_0_0_0_0_0_1_1_0_0_0_0_0_1_1_0_0_1_0,1,2.3333333333333336e-5,1.699673171197595e-5,0.2857142857142857,219.16666666666669
1_0_1_0_1_1_1_0_0_1_1_1_1_1_1_1_0_1_1_1_1_1_1_1_1_1_1_1_1_1_1_0_1_1_1_1_1_0_0_0_0_0_1_0,1,2.3333333333333336e-5,1.699673171197595e-5,0.22448979591836735,167.91666666666669
1_0_1_1_1_0_0_0_0_1_1_0_1_0_1_1_1_1_1_1_0_0_1_0_1_1_1_0_0_0_0_0_1_1_0_0_0_0_1_1_1_1_1_0,1,2.0e-5,1.6329931618554523e-5,0.24489795918367346,191.25
0_0_0_0_0_0_0_1_0_1_0_0_1_0_1_0_0_1_1_0_1_1_0_1_0_0_0_1_1_1_1_0_0_0_1_1_1_0_0_0_1_1_0_0,1,2.0e-5,1.4142135623730951e-5,0.23979591836734693,161.66666666666669
1_1_1_1_1_1_1_0_0_1_1_1_1_1_1_0_0_1_0_1_1_0_1_1_1_1_1_1_1_1_1_0_1_1_1_1_1_1_0_0_0_0_1_0,1,2.0e-5,1.6329931618554523e-5,0.25510204081632654,208.75
0_0_0_0_0_1_0_1_0_1_0_0_0_1_1_0_1_1_1_0_0_1_0_0_0_0_0_0_0_0_0_0_0_1_0_0_0_1_1_1_0_1_0_0,1,2.0e-5,8.16496580927726e-6,0.2602040816326531,210.55555555555557
0_1_0_0_0_0_1_1_1_0_0_1_0_0_0_1_1_0_0_0_0_0_0_0_0_0_0_0_0_0_0_0_0_0_0_0_0_0_1_1_1_1_0_1,1,2.0e-5,8.16496580927726e-6,0.2653061224489796,245.55555555555557
1_1_1_0_1_1_1_0_1_1_1_1_0_0_0_1_0_0_0_1_0_1_1_0_1_1_1_1_1_1_1_1_1_0_1_0_1_1_1_0_1_0_1_1,1,2.0e-5,1.4142135623730953e-5,0.2755102040816326,112.5
0_1_0_1_1_1_1_0_1_0_1_1_0_0_0_1_1_0_0_1_0_1_0_0_1_1_0_0_0_0_0_1_1_0_0_0_0_0_1_1_1_1_1_1,1,2.0e-5,8.16496580927726e-6,0.22959183673469388,217.7777777777778
1_0_1_1_1_1_0_0_0_1_1_0_1_1_1_0_0_1_1_1_1_0_0_1_1_1_1_1_1_1_1_0_1_1_1_1_1_1_0_0_0_0_1_0,1,2.0e-5,1.4142135623730951e-5,0.2602040816326531,246.66666666666666
1_1_1_1_1_0_1_0_1_0_1_1_0_1_0_1_0_0_0_1_1_0_1_1_1_1_1_1_1_1_1_1_1_0_1_1_1_0_0_0_0_0_1_1,1,2.0e-5,8.16496580927726e-6,0.25,133.88888888888889
1_0_1_1_1_1_0_0_0_1_1_1_0_1_1_0_1_1_1_1_0_0_0_0_1_1_1_0_0_0_0_0_1_1_0_0_0_0_1_1_0_0_1_0,1,2.0e-5,1.4142135623730951e-5,0.25510204081632654,330.0
0_0_0_1_0_0_0_1_0_0_0_0_1_1_1_0_1_1_1_0_1_0_0_1_0_0_0_0_0_1_0_0_0_1_0_1_0_0_0_1_0_1_0_0,1,2.0e-5,8.16496580927726e-6,0.2755102040816326,150.0
1_1_1_1_1_0_1_0_1_0_1_1_0_0_0_1_0_0_0_1_1_0_0_1_1_1_1_1_1_1_1_1_1_0_1_1_1_0_0_0_1_1_1_1,1,2.0e-5,8.16496580927726e-6,0.24489795918367346,232.22222222222226
1_1_1_0_0_1_1_1_1_0_1_1_1_0_0_1_0_0_0_1_1_1_1_1_1_1_1_1_1_1_1_1_0_0_1_1_1_0_0_0_1_0_1_1,1,2.0e-5,8.16496580927726e-6,0.2857142857142857,175.0
0_0_0_0_0_0_0_1_0_1_0_0_1_1_1_0_0_1_1_0_1_1_1_1_0_0_0_1_1_1_1_0_0_0_1_1_1_0_0_0_0_0_0_0,1,2.0e-5,1.4142135623730951e-5,0.23469387755102042,175.0
1_0_1_1_1_1_0_0_0_1_1_1_0_0_1_1_0_1_0_1_1_0_1_1_1_1_1_1_1_1_1_0_1_1_1_1_1_0_0_0_1_1_1_1,1,2.0e-5,1.4142135623730951e-5,0.2755102040816326,234.16666666666666
0_0_0_0_0_0_0_1_0_1_0_0_1_1_1_0_0_1_1_0_1_0_1_0_0_0_0_1_1_1_1_0_0_0_1_1_1_0_0_0_0_0_0_0,1,2.0e-5,8.16496580927726e-6,0.25510204081632654,266.6666666666667
0_1_0_0_0_0_1_1_1_0_0_1_0_0_0_1_1_0_0_0_0_1_0_0_0_0_0_0_0_0_0_1_0_0_0_0_0_1_1_1_1_1_0_1,1,2.0e-5,0.0,0.25,205.0
0_1_0_0_0_0_0_1_1_0_0_1_0_0_0_1_1_0_0_0_0_0_0_0_0_0_0_0_0_0_0_0_0_0_0_0_0_0_1_1_1_1_0_1,1,2.0e-5,8.16496580927726e-6,0.27040816326530615,351.6666666666667
1_1_1_1_1_0_1_0_1_0_1_1_1_1_0_0_1_0_0_1_0_1_0_0_1_1_1_0_0_0_0_1_1_1_0_0_0_0_1_1_0_0_1_0,1,2.0e-5,1.6329931618554523e-5,0.2755102040816326,197.5
0_0_0_1_0_1_1_1_1_0_1_0_1_0_1_1_1_1_0_1_0_1_1_0_1_1_0_0_0_0_0_0_0_0_0_0_0_0_1_1_1_1_1_1,1,2.0e-5,1.6329931618554523e-5,0.2602040816326531,226.25
1_1_1_1_1_1_1_0_0_1_1_1_1_1_1_0_0_1_1_1_1_0_1_1_1_1_1_1_1_1_1_0_1_1_1_1_1_1_0_0_0_0_1_0,1,2.0e-5,1.4142135623730951e-5,0.25,196.66666666666666
1_0_1_1_1_1_1_0_0_1_1_1_1_1_1_1_0_1_1_1_1_0_1_0_1_1_1_1_1_1_1_0_1_1_1_1_1_0_0_0_0_0_1_0,1,2.0e-5,8.16496580927726e-6,0.22959183673469388,181.11111111111111
0_1_0_0_0_0_1_1_1_0_0_1_0_1_0_0_1_0_0_0_0_0_0_0_0_0_0_0_0_0_0_0_0_0_0_0_0_0_1_1_0_0_0_1,1,2.0e-5,1.6329931618554523e-5,0.2653061224489796,171.25
1_0_1_1_1_1_1_0_0_1_1_0_1_1_1_0_0_1_1_1_1_0_1_0_1_1_1_1_1_1_1_0_1_1_1_1_1_1_0_0_0_0_1_0,1,2.0e-5,0.0,0.2755102040816326,186.66666666666666
1_0_1_0_0_0_0_1_0_0_0_1_1_0_0_1_1_0_1_0_0_1_1_0_0_0_1_0_0_0_0_1_0_1_0_0_0_0_1_1_1_1_0_1,1,2.0e-5,8.16496580927726e-6,0.25,165.0
1_0_1_1_1_1_1_0_0_1_1_0_1_0_1_1_0_1_1_1_1_0_1_1_1_1_1_1_1_1_1_0_1_1_1_1_1_1_0_0_1_1_1_0,1,2.0e-5,8.16496580927726e-6,0.2602040816326531,166.66666666666666
0_0_0_0_0_0_0_1_0_1_0_0_0_1_1_0_1_1_1_0_0_0_0_0_0_0_0_0_0_0_0_0_0_0_0_0_0_1_1_1_0_1_0_0,1,2.0e-5,8.16496580927726e-6,0.2653061224489796,186.66666666666666
1_1_1_1_1_0_0_0_1_0_1_1_0_1_0_1_0_0_0_1_1_1_0_1_1_1_1_1_1_1_1_1_1_0_1_1_1_0_0_0_0_0_1_1,1,2.0e-5,0.0,0.2653061224489796,210.0
0_0_0_0_0_0_0_1_0_1_0_0_1_0_1_1_1_1_1_0_0_0_1_0_0_0_0_0_0_0_0_0_0_0_0_0_0_1_1_1_1_1_0_1,1,2.0e-5,8.16496580927726e-6,0.2653061224489796,219.44444444444446
0_1_0_0_0_0_0_1_1_0_0_1_0_0_0_1_1_0_0_0_0_1_1_0_0_0_0_0_0_0_0_1_0_0_0_0_0_0_1_1_1_1_0_1,1,2.0e-5,8.16496580927726e-6,0.2653061224489796,217.22222222222226
0_0_0_0_0_0_0_1_0_0_0_1_0_1_0_1_0_0_1_0_1_1_0_1_0_0_0_1_1_1_1_1_0_1_1_1_1_0_0_0_0_1_0_1,1,2.0e-5,8.16496580927726e-6,0.2755102040816326,210.55555555555554
0_0_0_0_0_0_0_1_1_0_0_0_0_0_0_1_1_0_0_0_0_1_0_1_0_0_0_0_0_0_0_1_0_0_0_0_0_0_1_1_1_1_0_1,1,2.0e-5,1.4142135623730953e-5,0.2653061224489796,295.0
1_1_1_0_0_1_1_1_1_0_1_1_0_0_0_1_0_0_0_1_1_1_0_1_1_1_1_1_1_1_1_1_0_0_1_1_1_0_0_0_1_1_1_1,1,2.0e-5,8.16496580927726e-6,0.27040816326530615,146.11111111111111
0_0_0_1_1_0_0_0_1_0_0_0_1_1_0_0_1_0_1_0_0_0_0_0_0_0_0_0_0_0_0_0_1_0_0_0_0_0_1_1_0_0_1_0,1,2.0e-5,1.6329931618554523e-5,0.2857142857142857,181.25
1_1_1_0_0_1_0_1_0_1_1_1_0_0_0_1_0_0_0_1_1_1_1_1_0_0_1_1_1_1_1_1_0_1_1_1_1_1_0_0_1_1_0_1,1,2.0e-5,8.16496580927726e-6,0.2857142857142857,207.7777777777778
1_1_1_1_1_0_1_0_1_0_1_1_0_0_0_1_0_0_0_1_1_0_1_1_1_1_1_1_1_1_1_1_1_0_1_1_1_0_0_0_1_1_1_1,1,2.0e-5,8.16496580927726e-6,0.23979591836734693,247.77777777777774
0_0_0_0_0_1_1_1_0_1_0_0_0_0_1_1_0_1_1_0_1_1_1_1_0_0_0_1_1_1_1_1_0_1_1_1_1_1_0_0_1_1_0_1,1,2.0e-5,0.0,0.28061224489795916,286.6666666666667
1_1_1_1_1_0_1_0_1_0_1_1_1_0_0_1_0_0_0_1_1_0_1_1_1_1_1_1_1_1_1_0_1_0_1_1_1_0_0_0_1_0_1_1,1,2.0e-5,8.16496580927726e-6,0.2755102040816326,288.88888888888886
1_1_1_0_1_1_1_0_0_1_1_1_1_1_0_1_1_1_1_1_0_0_1_0_1_1_1_0_0_0_0_0_1_1_0_0_0_1_1_1_0_0_0_0,0,2.0e-5,1.6329931618554523e-5,0.18877551020408162,1001.0
0_1_0_0_0_0_0_1_0_0_0_1_0_0_0_1_1_0_0_0_0_1_1_1_0_0_0_0_0_0_0_1_0_1_0_0_0_1_1_1_1_1_0_1,1,2.0e-5,8.16496580927726e-6,0.2755102040816326,280.0
1_0_1_0_0_1_0_1_0_1_0_0_1_1_1_0_0_1_1_0_1_1_0_0_0_0_1_1_1_1_1_0_0_1_1_1_1_1_0_0_0_0_0_0,1,2.0e-5,8.16496580927726e-6,0.24489795918367346,230.0
1_1_1_1_1_1_1_0_1_1_1_1_0_0_0_1_0_0_0_1_0_0_1_0_1_1_1_1_1_1_1_1_1_0_1_0_1_1_1_0_1_0_1_1,1,2.0e-5,8.16496580927726e-6,0.2755102040816326,280.0
1_0_1_1_1_1_0_0_0_1_1_0_1_1_1_0_1_1_1_1_0_1_0_0_1_1_1_0_0_0_0_0_1_1_0_0_0_0_1_1_0_0_1_0,1,2.0e-5,1.4142135623730951e-5,0.25510204081632654,156.66666666666666
1_1_1_1_1_1_1_0_1_0_1_1_0_0_0_1_1_0_0_1_0_1_1_1_1_1_1_0_0_0_0_1_1_0_0_0_0_0_1_1_1_1_1_1,1,2.0e-5,1.4142135623730951e-5,0.25510204081632654,191.66666666666666
1_1_1_1_1_0_0_0_1_0_1_1_1_1_0_0_1_0_0_1_0_1_0_0_1_1_1_0_0_0_0_1_1_0_0_0_0_0_1_1_0_0_1_0,1,2.0e-5,8.16496580927726e-6,0.27040816326530615,251.66666666666666
0_0_0_0_0_1_0_1_0_1_0_0_1_1_1_0_1_1_1_0_0_1_1_0_0_0_0_0_0_0_0_0_0_1_0_0_0_1_1_1_0_0_0_0,1,2.0e-5,8.16496580927726e-6,0.24489795918367346,297.22222222222223
1_1_1_1_1_1_1_0_0_1_1_1_0_1_1_0_1_1_1_1_0_0_1_0_1_1_1_0_0_0_0_0_1_1_0_0_0_1_1_1_0_0_1_0,1,2.0e-5,0.0,0.2602040816326531,206.66666666666666
0_1_0_0_0_0_0_1_1_0_0_1_0_1_0_0_0_0_0_0_1_1_0_1_0_0_0_1_1_1_1_1_0_0_1_1_1_0_0_0_0_0_0_1,1,2.0e-5,8.16496580927726e-6,0.25510204081632654,234.44444444444446
1_1_1_1_1_1_1_0_1_1_1_0_0_1_1_0_0_1_1_1_1_0_0_1_1_1_1_1_1_1_1_0_1_0_1_1_1_1_0_0_0_0_1_0,1,2.0e-5,0.0,0.2602040816326531,263.3333333333333
0_0_0_0_0_0_0_1_0_0_0_1_0_0_0_1_1_0_1_0_0_1_1_1_0_0_0_0_0_0_0_1_0_1_0_0_0_0_1_1_1_1_0_1,1,2.0e-5,8.16496580927726e-6,0.2755102040816326,258.8888888888889
1_0_1_1_1_1_0_0_0_1_1_0_1_1_1_0_0_1_1_1_1_0_1_0_1_1_1_1_1_1_1_0_1_1_1_1_1_1_0_0_0_0_1_0,1,2.0e-5,1.6329931618554523e-5,0.27040816326530615,206.25
0_1_0_1_0_0_0_1_1_0_0_0_0_0_0_0_1_0_0_0_0_0_0_0_0_0_0_0_0_0_0_1_0_0_0_0_0_1_1_1_1_1_0_1,1,2.0e-5,8.16496580927726e-6,0.22448979591836735,216.66666666666666
1_1_1_1_1_0_0_0_1_0_1_1_1_1_0_0_0_0_0_1_1_1_0_1_1_1_1_1_1_1_1_1_1_0_1_1_1_0_0_0_0_0_1_0,1,2.0e-5,0.0,0.2653061224489796,256.6666666666667
0_0_0_0_0_0_0_1_0_1_0_0_1_1_1_0_0_1_1_0_1_0_1_1_0_0_0_1_1_1_1_0_0_0_1_1_1_1_0_0_0_0_0_0,1,2.0e-5,1.6329931618554523e-5,0.25510204081632654,160.0
0_1_0_0_0_0_1_1_1_0_0_1_0_1_0_0_1_0_0_0_0_1_0_0_0_0_0_0_0_0_0_1_0_0_0_0_0_1_1_1_0_0_0_1,1,2.0e-5,1.4142135623730953e-5,0.25,207.5
1_0_1_0_1_0_0_0_0_1_1_1_1_1_1_0_1_1_1_1_0_1_1_0_1_1_1_0_0_0_0_0_1_1_0_0_0_0_1_1_0_0_1_0,1,2.0e-5,1.4142135623730951e-5,0.25510204081632654,173.33333333333331
0_0_0_0_0_0_0_1_0_1_0_0_1_1_1_0_0_1_1_0_1_0_0_0_0_0_0_1_1_1_1_0_0_0_1_1_1_0_0_0_0_0_0_0,1,2.0e-5,0.0,0.25,145.0
0_0_0_0_0_0_0_1_0_1_0_0_1_0_1_0_0_1_1_0_1_0_1_1_0_0_0_1_1_1_1_0_0_0_1_1_1_1_0_0_1_1_0_0,1,2.0e-5,8.16496580927726e-6,0.2653061224489796,223.33333333333334
1_1_1_1_1_1_1_0_1_1_1_0_0_1_1_0_0_1_1_1_1_0_0_0_1_1_1_1_1_1_1_0_1_0_1_1_1_1_0_0_0_0_1_0,1,2.0e-5,0.0,0.2755102040816326,221.66666666666666
1_0_1_1_1_1_0_0_0_1_1_0_1_1_1_0_1_1_1_1_0_1_1_0_1_1_1_0_0_0_0_0_1_1_0_0_0_0_1_1_0_0_1_0,1,2.0e-5,8.16496580927726e-6,0.25,216.66666666666666
0_1_0_1_0_1_1_1_1_0_0_0_1_0_0_1_0_0_0_0_1_0_1_1_0_0_0_1_1_1_1_1_0_1_1_1_1_1_0_0_1_1_0_1,1,2.0e-5,8.16496580927726e-6,0.2653061224489796,196.66666666666666
0_0_0_1_1_0_1_0_1_0_0_0_1_1_1_0_0_1_1_0_1_0_0_1_1_1_0_1_1_1_1_0_1_0_1_1_1_0_0_0_0_0_1_0,1,2.0e-5,8.16496580927726e-6,0.28061224489795916,249.44444444444443
0_0_0_0_0_1_0_1_0_1_0_0_0_1_1_0_0_1_1_0_1_1_0_1_0_0_0_1_1_1_1_0_0_1_1_1_1_1_0_0_0_1_0_0,1,2.0e-5,0.0,0.2653061224489796,196.66666666666666
1_1_1_1_1_0_1_0_1_0_1_1_0_0_0_1_1_0_0_1_0_0_1_1_1_1_1_0_0_0_0_0_1_0_0_0_0_0_1_1_1_1_1_1,1,2.0e-5,1.4142135623730951e-5,0.2755102040816326,287.5
1_1_1_1_1_1_1_0_1_0_1_1_1_1_0_1_1_0_0_1_1_1_1_1_1_1_1_0_0_0_0_1_1_0_0_1_0_1_0_1_0_0_1_0,1,2.0e-5,2.1602468994692868e-5,0.2653061224489796,161.0
1_1_1_0_0_1_0_0_0_1_0_1_0_0_0_1_1_0_1_0_0_0_1_0_0_0_1_0_0_0_0_0_1_1_0_0_0_1_1_1_1_1_0_1,1,2.0e-5,8.16496580927726e-6,0.28061224489795916,281.66666666666663
0_1_0_0_0_0_1_1_1_0_0_0_1_1_0_0_1_0_0_0_0_1_0_0_0_0_0_0_0_0_0_1_0_0_0_0_0_1_1_1_0_0_0_0,1,2.0e-5,8.16496580927726e-6,0.27040816326530615,215.0
0_0_0_0_0_0_0_1_1_0_0_0_0_0_0_1_1_0_1_0_0_1_0_0_0_0_0_0_0_0_0_1_0_0_0_0_0_0_1_1_1_1_0_1,1,2.0e-5,8.16496580927726e-6,0.25510204081632654,228.33333333333334
1_1_1_1_1_1_1_0_1_0_1_1_0_0_0_1_1_0_0_1_0_0_0_0_1_1_1_0_0_0_0_1_1_1_0_0_0_1_1_1_1_1_1_1,1,2.0e-5,8.16496580927726e-6,0.23469387755102042,103.88888888888887
1_0_1_1_1_0_0_0_0_1_1_1_1_1_1_0_1_1_1_1_0_0_1_0_1_1_1_0_0_0_0_0_1_0_0_0_0_0_1_1_0_0_1_0,1,2.0e-5,8.16496580927726e-6,0.24489795918367346,203.33333333333334
0_1_0_1_1_1_1_0_1_1_1_0_0_1_1_0_0_1_0_1_1_0_0_0_1_1_0_1_1_1_1_0_1_0_1_1_1_1_0_0_0_0_1_0,1,2.0e-5,8.16496580927726e-6,0.2653061224489796,259.44444444444446
0_0_0_0_0_0_0_1_0_1_0_0_1_0_1_0_0_1_1_0_1_1_0_1_0_0_0_1_1_1_1_0_0_1_1_1_1_1_0_0_1_1_0_0,1,2.0e-5,1.4142135623730951e-5,0.24489795918367346,196.66666666666666
0_1_0_0_0_0_1_1_1_0_0_1_0_0_0_1_0_0_0_0_1_0_1_1_0_0_0_1_1_1_1_1_0_0_1_1_1_0_0_0_1_1_0_1,1,2.0e-5,8.16496580927726e-6,0.2602040816326531,143.88888888888889
0_0_0_0_0_0_0_1_0_0_0_1_0_1_1_1_1_1_1_0_0_1_0_0_0_0_0_0_0_0_0_0_0_1_0_0_0_0_1_1_0_1_0_1,1,2.0e-5,1.4142135623730951e-5,0.2653061224489796,223.33333333333334
0_0_0_0_0_0_0_1_0_1_0_0_1_0_1_0_1_1_1_0_0_1_1_0_0_0_0_0_0_0_0_1_0_0_0_0_0_1_1_1_1_1_0_0,1,2.0e-5,8.16496580927726e-6,0.27040816326530615,151.66666666666666
1_1_1_1_1_1_1_0_1_0_1_1_1_0_0_1_1_0_0_1_0_0_1_0_1_1_1_0_0_0_0_1_1_1_0_0_0_1_1_1_1_0_1_1,1,2.0e-5,1.6329931618554523e-5,0.25,148.75
1_0_1_1_1_1_0_0_0_1_1_1_0_0_1_1_1_1_0_1_0_0_1_0_1_1_1_0_0_0_0_0_1_1_0_0_0_0_1_1_1_1_1_1,1,2.0e-5,1.6329931618554523e-5,0.27040816326530615,371.25
0_0_0_0_0_0_0_1_0_0_0_1_1_0_1_1_0_1_1_0_1_1_0_1_0_0_0_1_1_1_1_0_0_1_1_1_1_0_0_0_1_1_0_1,1,2.0e-5,0.0,0.25,230.0
1_1_1_1_1_0_0_0_1_0_1_1_0_0_0_1_0_0_0_1_1_0_1_1_1_1_1_1_1_1_1_1_1_0_1_1_1_0_0_0_1_1_1_1,1,2.0e-5,1.4142135623730951e-5,0.24489795918367346,190.0
1_1_1_1_1_1_1_0_1_1_1_0_0_1_0_0_0_0_0_1_1_1_1_0_1_1_1_1_1_1_1_1_1_0_1_1_1_1_0_0_0_0_1_0,1,2.0e-5,8.16496580927726e-6,0.2755102040816326,180.55555555555554
0_0_0_0_0_0_0_1_0_1_0_0_1_1_1_0_0_1_1_0_1_0_0_1_0_0_0_1_1_1_1_0_0_0_1_1_1_1_0_0_0_0_0_0,1,2.0e-5,8.16496580927726e-6,0.25,146.66666666666669
1_0_1_0_0_0_0_1_0_0_0_1_0_0_0_1_1_0_0_0_0_1_1_1_0_0_1_0_0_0_0_1_0_1_0_0_0_0_1_1_1_1_0_1,1,2.0e-5,8.16496580927726e-6,0.24489795918367346,212.7777777777778
0_1_0_0_0_0_0_1_1_0_0_1_0_1_0_0_0_0_0_0_1_0_0_1_0_0_0_1_1_1_1_0_0_0_1_1_1_0_0_0_0_0_0_1,1,2.0e-5,1.4142135623730951e-5,0.2653061224489796,155.0
1_1_1_0_1_0_0_0_0_1_0_1_0_1_0_0_0_0_0_0_1_1_0_0_0_0_1_1_1_1_1_1_1_1_1_1_1_1_0_0_0_0_0_0,1,2.0e-5,8.16496580927726e-6,0.2857142857142857,153.88888888888889
0_1_0_1_1_1_1_0_1_0_1_1_0_0_0_1_1_0_0_1_0_0_0_1_1_1_0_0_0_0_0_0_1_0_0_0_0_0_1_1_1_1_1_1,1,2.0e-5,1.4142135623730953e-5,0.25510204081632654,181.66666666666666
1_1_1_1_1_1_1_0_1_0_1_1_0_0_0_1_1_0_0_1_0_0_1_0_1_1_1_0_0_0_0_1_1_1_0_0_0_1_1_1_1_1_1_1,1,2.0e-5,1.6329931618554523e-5,0.22959183673469388,200.0
1_0_1_0_0_0_0_1_0_1_0_0_1_1_1_0_0_1_1_0_1_0_1_0_0_0_1_1_1_1_1_0_0_1_1_1_1_0_0_0_0_0_0_0,1,2.0e-5,1.4142135623730953e-5,0.22959183673469388,204.16666666666666
1_0_1_0_1_0_0_0_0_1_1_1_1_1_1_1_0_1_1_1_1_1_1_0_1_1_1_1_1_1_1_0_1_0_1_1_1_0_0_0_0_0_1_0,1,2.0e-5,1.4142135623730951e-5,0.23469387755102042,148.75
0_1_0_1_1_0_1_0_1_0_1_1_0_0_0_1_1_0_0_1_0_0_1_0_1_1_0_0_0_0_0_0_1_0_0_0_0_0_1_1_1_1_1_1,1,2.0e-5,8.16496580927726e-6,0.24489795918367346,182.7777777777778
1_1_1_1_1_1_1_0_1_1_1_0_1_1_1_0_0_1_1_1_1_0_1_1_1_1_1_1_1_1_1_0_1_0_1_1_1_1_0_0_0_0_1_0,1,2.0e-5,8.16496580927726e-6,0.25,192.7777777777778
0_0_0_0_0_0_0_1_0_1_0_0_0_0_1_0_0_1_1_0_0_1_0_0_0_0_0_1_1_0_1_1_0_1_1_0_1_1_1_0_1_1_0_1,1,2.0e-5,8.16496580927726e-6,0.29081632653061223,193.33333333333334
0_0_0_0_0_0_0_1_0_1_0_0_1_1_1_0_1_1_1_0_0_1_0_0_0_0_0_0_0_0_0_0_0_0_0_0_0_1_1_1_0_0_0_0,1,2.0e-5,2.1602468994692868e-5,0.23979591836734693,255.0
0_1_0_1_1_1_1_0_1_0_1_1_0_0_0_1_1_0_0_1_0_0_0_0_1_1_0_0_0_0_0_1_1_0_0_0_0_0_1_1_1_1_1_1,1,2.0e-5,8.16496580927726e-6,0.22448979591836735,127.22222222222223
1_0_1_1_1_0_0_0_0_1_1_1_0_0_1_1_1_1_0_1_0_0_1_0_1_1_1_0_0_0_0_0_1_1_0_0_0_0_1_1_1_1_1_1,1,2.0e-5,8.16496580927726e-6,0.27040816326530615,370.5555555555556
0_0_0_0_0_0_0_1_1_0_0_0_1_0_0_1_1_0_0_0_0_1_0_1_0_0_0_0_0_0_0_1_0_0_0_0_0_0_1_1_1_1_0_1,1,2.0e-5,8.16496580927726e-6,0.28061224489795916,181.11111111111111
0_1_0_1_0_0_1_1_1_0_0_0_0_0_0_0_1_0_0_0_0_0_0_1_0_0_0_0_0_0_0_1_0_0_0_0_0_1_1_1_1_1_0_1,1,2.0e-5,2.1602468994692868e-5,0.23469387755102042,277.0
1_1_1_0_0_1_1_1_1_0_1_1_0_0_0_1_0_0_0_1_1_1_1_1_1_1_1_1_1_1_1_1_0_0_1_1_1_0_0_0_1_1_1_1,1,2.0e-5,1.4142135623730953e-5,0.2653061224489796,207.5
1_1_1_1_1_1_1_0_1_0_1_1_0_0_0_1_1_0_0_1_0_1_0_1_1_1_1_0_0_0_0_1_1_1_0_0_0_1_1_1_1_1_1_1,1,2.0e-5,1.4142135623730951e-5,0.25510204081632654,260.0
0_1_0_0_0_0_1_1_1_0_0_0_0_0_0_1_0_0_0_0_1_1_1_1_0_0_0_1_1_1_1_1_0_0_1_1_1_1_0_0_1_1_0_1,1,2.0e-5,2.1602468994692868e-5,0.25,338.0
1_0_1_1_1_1_1_0_0_1_1_0_1_1_1_0_1_1_1_1_0_1_1_0_1_1_1_0_0_0_0_0_1_1_0_0_0_1_1_1_0_0_1_0,1,2.0e-5,1.4142135623730951e-5,0.2602040816326531,191.66666666666666
1_0_1_1_1_1_0_0_0_1_1_0_1_1_1_0_0_1_1_1_1_0_1_1_1_1_1_1_1_1_1_0_1_1_1_1_1_1_0_0_0_0_1_0,1,2.0e-5,1.6329931618554523e-5,0.25510204081632654,232.5
0_0_0_0_0_0_0_1_0_1_0_0_0_1_1_0_0_1_1_0_1_0_0_1_0_0_0_1_1_1_1_0_0_0_1_1_1_0_0_0_0_1_0_0,1,2.0e-5,1.6329931618554523e-5,0.25510204081632654,165.0
0_0_0_0_0_0_0_1_1_0_0_0_1_0_0_1_1_0_1_0_0_1_1_0_0_0_0_0_0_0_0_1_0_0_0_0_0_0_1_1_1_1_0_1,1,2.0e-5,1.6329931618554523e-5,0.2653061224489796,216.25
1_1_1_1_1_0_1_0_1_0_1_1_0_0_0_1_0_0_0_1_1_1_1_1_1_1_1_1_1_1_1_1_1_1_1_1_1_0_0_0_1_1_1_1,1,2.0e-5,1.6329931618554523e-5,0.25510204081632654,198.75
1_1_1_1_1_1_1_0_1_0_1_1_1_1_0_1_1_0_0_1_1_0_1_1_1_1_1_0_0_1_0_0_1_0_0_1_0_0_0_1_0_0_1_0,1,2.0e-5,2.1602468994692868e-5,0.29081632653061223,323.0
1_1_1_1_1_1_1_0_1_1_1_0_1_1_1_0_0_1_0_1_1_0_0_1_1_1_1_1_1_1_1_0_1_0_1_1_1_1_0_0_0_0_1_0,1,1.666666666666667e-5,4.714045207910318e-6,0.2602040816326531,233.33333333333334
1_0_1_1_1_1_1_0_1_1_1_0_0_0_1_1_0_1_1_1_1_0_1_1_1_1_1_1_1_1_1_0_1_0_1_1_1_0_0_0_1_1_1_1,1,1.666666666666667e-5,4.714045207910318e-6,0.2755102040816326,265.0
0_1_0_1_1_1_1_0_1_1_1_0_0_0_1_1_0_1_0_1_1_0_1_1_1_1_0_1_1_1_1_0_1_0_1_1_1_1_0_0_1_1_1_1,1,1.666666666666667e-5,4.714045207910318e-6,0.2602040816326531,170.0
1_1_1_1_1_0_1_0_1_0_1_1_1_0_0_1_0_0_0_1_1_0_1_1_1_1_1_1_1_1_1_1_1_0_1_1_1_0_0_0_1_0_1_1,1,1.666666666666667e-5,4.714045207910318e-6,0.2602040816326531,223.33333333333334
0_1_0_0_0_1_1_1_1_0_0_0_1_1_0_0_0_0_1_0_1_1_0_1_0_0_0_1_1_1_1_1_0_0_1_1_1_1_0_0_0_0_0_0,1,1.666666666666667e-5,4.714045207910318e-6,0.27040816326530615,385.0
1_1_1_1_1_1_1_0_1_0_1_1_1_0_0_1_1_0_0_1_0_0_1_1_1_1_1_0_0_0_0_1_1_0_0_0_0_1_1_1_1_0_1_1,1,1.666666666666667e-5,4.714045207910318e-6,0.25510204081632654,220.0
1_1_1_1_1_1_1_0_1_0_1_1_0_0_0_1_1_0_0_1_0_0_0_0_1_1_1_0_0_0_0_0_1_0_0_0_0_0_1_1_1_1_1_1,1,1.666666666666667e-5,4.714045207910318e-6,0.25510204081632654,151.66666666666666
1_0_1_1_1_1_1_0_0_1_1_0_1_1_1_0_0_1_1_1_1_0_1_1_1_1_1_1_1_1_1_0_1_1_1_1_1_1_0_0_0_0_1_0,1,1.666666666666667e-5,4.714045207910318e-6,0.2602040816326531,183.33333333333334
1_0_1_1_1_1_0_0_0_1_1_0_1_0_1_1_0_1_1_1_1_1_1_1_1_1_1_1_1_1_1_1_1_1_1_1_1_1_0_0_1_1_1_0,1,1.666666666666667e-5,4.714045207910318e-6,0.2653061224489796,258.3333333333333
0_1_0_1_1_1_1_0_1_1_1_0_1_1_1_0_0_1_0_1_1_0_0_0_1_1_0_1_1_1_1_0_1_0_1_1_1_1_0_0_0_0_1_0,1,1.666666666666667e-5,4.714045207910318e-6,0.25,216.66666666666666
0_1_0_0_0_0_1_1_1_0_0_1_0_1_0_0_0_0_0_0_1_0_0_1_0_0_0_1_1_1_1_1_0_0_1_1_1_0_0_0_0_0_0_1,1,1.666666666666667e-5,4.714045207910318e-6,0.25510204081632654,165.0
1_1_1_1_1_0_0_0_1_0_1_1_0_1_0_0_1_0_0_1_0_1_0_0_1_1_1_0_0_0_0_1_1_0_0_0_0_0_1_1_0_0_1_0,1,1.666666666666667e-5,4.714045207910318e-6,0.2755102040816326,171.66666666666666
0_0_0_0_0_1_0_1_0_1_0_0_0_0_1_1_1_1_1_0_0_1_1_0_0_0_0_0_0_0_0_0_0_0_0_0_0_1_1_1_1_1_0_1,1,1.666666666666667e-5,4.714045207910318e-6,0.2653061224489796,178.33333333333334
1_1_1_0_1_1_1_0_1_1_1_1_1_0_0_0_0_0_0_1_0_1_1_0_1_1_1_1_1_0_1_1_1_0_1_0_1_1_1_0_1_0_1_0,1,1.666666666666667e-5,4.714045207910318e-6,0.2755102040816326,185.0
1_1_1_1_1_1_1_0_1_0_1_1_1_0_0_1_0_0_0_1_1_1_1_1_1_1_1_1_1_1_1_1_1_1_1_1_1_0_0_0_1_0_1_1,1,1.666666666666667e-5,4.714045207910318e-6,0.2653061224489796,233.33333333333334
0_0_0_1_1_0_0_0_0_1_0_0_1_1_1_0_1_1_1_0_0_0_1_0_0_0_0_0_0_0_0_0_1_0_0_0_0_1_1_1_0_0_0_0,1,1.666666666666667e-5,4.714045207910318e-6,0.28061224489795916,191.66666666666666
0_0_0_0_0_0_0_1_0_1_0_0_1_0_1_0_0_1_1_0_1_1_1_1_0_0_0_1_1_1_1_1_0_0_1_1_1_1_0_0_1_1_0_0,1,1.666666666666667e-5,4.714045207910318e-6,0.2755102040816326,148.33333333333334
1_1_1_1_1_1_1_0_1_1_1_0_0_1_1_0_1_1_1_1_0_0_1_0_1_1_1_0_0_0_0_0_1_0_0_0_0_1_1_1_0_0_1_0,1,1.666666666666667e-5,4.714045207910318e-6,0.2602040816326531,226.66666666666666
0_0_0_0_0_0_0_1_0_1_0_0_0_1_1_0_1_1_1_0_0_1_0_0_0_0_0_0_0_0_0_0_0_1_0_0_0_1_1_1_0_1_0_0,1,1.666666666666667e-5,4.714045207910318e-6,0.25,248.33333333333334
1_0_1_0_0_0_0_1_0_0_0_1_1_0_0_1_1_0_0_0_0_1_1_0_0_0_1_0_0_0_0_1_0_1_0_0_0_0_1_1_1_1_0_1,1,1.666666666666667e-5,4.714045207910318e-6,0.24489795918367346,245.0
0_1_0_1_1_1_1_0_1_1_1_0_1_1_1_0_0_1_1_1_1_0_0_1_1_1_0_1_1_1_1_0_1_0_1_1_1_1_0_0_0_0_1_0,1,1.666666666666667e-5,4.714045207910318e-6,0.22959183673469388,281.6666666666667
1_1_1_1_1_0_1_0_1_0_1_1_1_1_0_1_1_0_0_1_1_0_1_1_1_1_1_0_0_1_0_0_1_0_0_1_0_0_0_1_0_0_1_0,1,1.666666666666667e-5,4.714045207910318e-6,0.3010204081632653,235.0
0_0_0_0_0_0_0_1_1_0_0_0_0_0_0_1_1_0_0_0_0_1_0_0_0_0_0_0_0_0_0_1_0_0_0_0_0_0_1_1_1_1_0_1,1,1.666666666666667e-5,4.714045207910318e-6,0.25,250.0
0_1_0_0_0_0_0_1_0_0_0_1_1_1_0_0_0_0_0_0_1_1_0_1_0_0_0_1_1_1_1_1_0_1_1_1_1_1_0_0_0_0_0_0,1,1.666666666666667e-5,4.714045207910318e-6,0.27040816326530615,243.33333333333334
0_0_0_0_0_1_1_1_0_1_0_0_0_1_1_0_1_1_1_0_0_1_0_0_0_0_0_0_0_0_0_0_0_1_0_0_0_1_1_1_0_1_0_0,1,1.666666666666667e-5,4.714045207910318e-6,0.2653061224489796,263.3333333333333
0_0_0_0_0_0_1_1_1_0_0_1_0_0_1_1_0_1_0_0_1_1_1_1_0_0_0_1_1_1_1_0_0_0_1_1_1_0_0_0_1_1_0_1,1,1.666666666666667e-5,4.714045207910318e-6,0.27040816326530615,323.3333333333333
1_0_1_1_1_1_0_0_0_1_1_0_1_1_1_0_0_1_1_1_1_1_0_0_1_1_1_1_1_1_1_1_1_1_1_1_1_1_0_0_0_0_1_0,1,1.6666666666666667e-5,1.2472191289246472e-5,0.2857142857142857,223.33333333333331
1_0_1_1_1_0_0_0_0_1_1_1_0_1_1_0_1_1_1_1_0_0_1_0_1_1_1_0_0_0_0_0_1_1_0_0_0_0_1_1_0_0_1_0,1,1.6666666666666667e-5,1.2472191289246472e-5,0.2602040816326531,204.16666666666666
0_1_0_1_0_1_1_1_1_0_0_0_0_0_0_1_0_0_0_0_1_0_0_1_0_0_0_1_1_1_1_1_0_0_1_1_1_1_0_0_1_1_0_1,1,1.6666666666666667e-5,1.2472191289246472e-5,0.25510204081632654,262.5
1_1_1_1_1_1_1_0_1_0_1_1_0_0_0_1_0_0_0_1_1_0_1_1_1_1_1_1_1_1_1_1_1_1_1_1_1_0_0_0_1_1_1_1,1,1.6666666666666667e-5,9.428090415820634e-6,0.23979591836734693,242.2222222222222
1_1_1_1_1_0_1_0_1_0_1_1_0_0_0_1_0_0_0_1_1_0_1_1_1_1_1_1_1_1_1_1_1_1_1_1_1_0_0_0_1_1_1_1,1,1.6666666666666667e-5,1.2472191289246472e-5,0.25,225.0
0_0_0_1_1_0_0_0_0_1_0_0_0_1_1_0_1_1_1_0_0_0_0_0_0_0_0_0_0_0_0_0_1_1_0_0_0_1_1_1_0_1_0_0,1,1.6666666666666667e-5,9.428090415820634e-6,0.2857142857142857,244.44444444444446
0_0_0_0_0_0_0_1_0_1_0_0_1_0_1_0_0_1_1_0_1_0_1_1_0_0_0_1_1_1_1_0_0_0_1_1_1_0_0_0_1_1_0_0,1,1.6666666666666667e-5,1.2472191289246472e-5,0.25,205.83333333333331
0_0_0_0_0_0_0_1_0_1_0_0_1_1_1_0_0_1_1_0_1_1_0_1_0_0_0_1_1_1_1_0_0_1_1_1_1_1_0_0_0_0_0_0,1,1.6666666666666667e-5,1.2472191289246472e-5,0.23469387755102042,184.16666666666669
0_0_0_0_0_0_0_1_0_0_0_1_1_0_1_1_1_1_1_0_0_1_0_0_0_0_0_0_0_0_0_0_0_1_0_0_0_0_1_1_1_1_0_1,1,1.6666666666666667e-5,1.2472191289246472e-5,0.25510204081632654,116.66666666666667
0_0_0_0_0_1_0_1_0_1_0_0_1_1_1_0_0_1_1_0_1_0_0_1_0_0_0_1_1_1_1_0_0_1_1_1_1_1_0_0_0_0_0_0,1,1.6666666666666667e-5,1.699673171197595e-5,0.25,150.0
0_0_0_0_0_1_1_1_0_1_0_0_1_0_1_0_1_1_1_0_0_0_1_0_0_0_0_0_0_0_0_0_0_1_0_0_0_1_1_1_1_1_0_0,1,1.6666666666666667e-5,4.714045207910318e-6,0.2653061224489796,133.33333333333334
1_0_1_1_1_1_1_0_0_1_1_0_1_0_1_1_0_1_1_1_1_1_1_1_1_1_1_1_1_1_1_1_1_1_1_1_1_1_0_0_1_1_1_0,1,1.6666666666666667e-5,1.2472191289246472e-5,0.27040816326530615,143.33333333333331
0_1_0_0_0_1_1_1_1_0_0_0_0_0_0_1_0_0_0_0_1_1_0_1_0_0_0_1_1_1_1_1_0_0_1_1_1_1_0_0_1_1_0_1,1,1.6666666666666667e-5,1.699673171197595e-5,0.24489795918367346,227.5
1_1_1_1_1_1_1_0_1_0_1_1_1_0_0_1_0_0_0_1_1_0_1_1_1_1_1_1_1_1_1_0_1_1_1_1_1_0_0_0_1_0_1_1,1,1.6666666666666667e-5,9.428090415820634e-6,0.2755102040816326,131.11111111111111
1_1_1_1_1_0_1_0_1_0_1_1_0_0_0_1_1_0_0_1_0_0_1_1_1_1_1_0_0_0_0_1_1_1_0_0_0_0_1_1_1_1_1_1,1,1.6666666666666667e-5,9.428090415820634e-6,0.27040816326530615,145.55555555555554
1_1_1_1_1_0_1_0_1_0_1_1_0_0_0_1_1_0_0_1_0_1_1_0_1_1_1_0_0_0_0_1_1_0_0_0_0_0_1_1_1_1_1_1,1,1.6666666666666667e-5,9.428090415820634e-6,0.25,171.11111111111111
0_0_0_1_0_0_0_1_0_0_0_0_0_1_1_1_1_1_1_0_1_0_0_1_0_0_0_0_0_1_0_0_0_1_0_1_0_0_0_1_0_1_0_1,1,1.6666666666666667e-5,2.3570226039551588e-5,0.2755102040816326,210.0
0_0_0_0_0_1_0_1_0_1_0_0_1_1_1_0_0_1_1_0_1_0_0_0_0_0_0_1_1_1_1_0_0_1_1_1_1_1_0_0_0_0_0_0,1,1.6666666666666667e-5,9.428090415820634e-6,0.2653061224489796,205.55555555555554
1_1_1_1_1_0_1_0_1_0_1_1_0_1_0_1_0_0_0_1_1_1_0_1_1_1_1_1_1_1_1_1_1_1_1_1_1_0_0_0_0_0_1_1,1,1.6666666666666667e-5,1.2472191289246472e-5,0.27040816326530615,254.16666666666666
1_1_1_0_1_1_1_0_1_1_1_1_1_1_0_1_1_0_0_1_0_0_1_0_1_1_1_0_0_0_0_1_1_0_0_0_0_1_1_1_0_0_1_0,0,1.6666666666666667e-5,9.428090415820634e-6,0.14795918367346939,1001.0
0_0_0_0_0_1_0_1_0_1_0_0_0_1_1_0_1_1_1_0_0_0_0_0_0_0_0_0_0_0_0_0_0_0_0_0_0_1_1_1_0_1_0_0,1,1.6666666666666667e-5,9.428090415820634e-6,0.2755102040816326,291.1111111111111
0_0_0_0_0_0_0_1_0_0_0_1_0_0_0_1_1_0_1_0_0_1_1_0_0_0_0_0_0_0_0_1_0_1_0_0_0_0_1_1_1_1_0_1,1,1.6666666666666667e-5,1.699673171197595e-5,0.2602040816326531,181.25
1_1_1_0_0_1_1_1_1_0_1_1_0_0_0_1_1_0_0_1_0_1_1_0_1_1_1_0_0_0_0_1_0_0_0_0_0_0_1_1_1_1_1_1,1,1.6666666666666667e-5,4.714045207910318e-6,0.27040816326530615,165.0
1_0_1_0_0_1_0_1_0_1_0_0_1_1_1_0_0_1_1_0_1_0_1_0_0_0_1_1_1_1_1_0_0_1_1_1_1_1_0_0_0_0_0_0,1,1.6666666666666667e-5,9.428090415820634e-6,0.25510204081632654,165.0
1_1_1_1_1_1_1_0_0_1_1_1_0_1_1_0_0_1_1_1_1_0_1_0_1_1_1_1_1_1_1_0_1_1_1_1_1_1_0_0_0_0_1_0,1,1.6666666666666667e-5,9.428090415820634e-6,0.28061224489795916,147.7777777777778
1_1_1_1_1_1_1_0_1_1_1_0_1_0_0_0_0_0_0_1_1_0_1_1_1_1_1_1_1_1_1_1_1_0_1_1_1_1_0_0_1_0_1_0,1,1.6666666666666667e-5,1.2472191289246472e-5,0.2653061224489796,155.83333333333331
0_0_0_0_0_0_0_1_0_1_0_0_1_1_1_0_0_1_1_0_1_1_1_0_0_0_0_1_1_1_1_0_0_1_1_1_1_0_0_0_0_0_0_0,1,1.6666666666666667e-5,9.428090415820634e-6,0.23979591836734693,225.55555555555557
0_0_0_0_0_0_0_1_0_0_0_1_0_0_0_1_1_0_1_0_0_1_0_1_0_0_0_0_0_0_0_1_0_1_0_0_0_0_1_1_1_1_0_1,1,1.6666666666666667e-5,1.2472191289246472e-5,0.27040816326530615,213.33333333333331
0_0_0_0_0_0_0_1_0_1_0_0_0_1_1_0_0_1_1_0_1_0_0_1_0_0_0_1_1_1_1_0_0_0_1_1_1_1_0_0_0_1_0_0,1,1.6666666666666667e-5,9.428090415820634e-6,0.27040816326530615,176.66666666666666
1_1_1_1_1_1_1_0_0_1_1_1_1_1_1_0_0_1_1_1_1_0_1_0_1_1_1_1_1_1_1_0_1_1_1_1_1_1_0_0_0_0_1_0,1,1.6666666666666667e-5,9.428090415820634e-6,0.2653061224489796,210.0
0_0_0_0_0_0_0_1_0_1_0_0_1_1_1_0_1_1_1_0_0_1_1_0_0_0_0_0_0_0_0_1_0_0_0_0_0_1_1_1_0_0_0_0,1,1.6666666666666667e-5,1.2472191289246472e-5,0.2602040816326531,115.0
0_1_0_1_1_1_1_0_1_0_1_1_1_1_0_1_1_0_0_1_1_0_1_1_1_1_0_0_0_1_0_1_1_0_0_1_0_1_0_1_0_0_1_0,1,1.6666666666666667e-5,9.428090415820634e-6,0.23469387755102042,243.33333333333334
0_1_0_0_0_0_0_1_0_0_0_1_0_0_0_1_1_0_0_0_0_1_0_1_0_0_0_0_0_0_0_1_0_1_0_0_0_1_1_1_1_1_0_1,1,1.6666666666666667e-5,9.428090415820634e-6,0.27040816326530615,303.3333333333333
1_1_1_1_1_0_1_0_1_0_1_1_0_0_0_1_1_0_0_1_0_1_1_1_1_1_1_0_0_0_0_1_1_0_0_0_0_0_1_1_1_1_1_1,1,1.6666666666666667e-5,1.2472191289246472e-5,0.2653061224489796,179.16666666666669
0_1_0_0_0_0_1_1_1_0_0_1_0_0_0_1_1_0_0_0_0_1_1_1_0_0_0_0_0_0_0_1_0_0_0_0_0_0_1_1_1_1_0_1,1,1.6666666666666667e-5,9.428090415820634e-6,0.2755102040816326,180.0
0_0_0_0_0_0_0_1_0_1_0_0_0_0_1_0_0_1_1_0_0_0_0_0_0_0_0_1_1_0_1_0_0_1_1_0_1_0_1_0_1_1_0_1,1,1.6666666666666667e-5,1.2472191289246472e-5,0.2653061224489796,190.83333333333331
0_0_0_0_0_1_0_1_0_1_0_0_1_0_1_0_0_1_1_0_1_0_1_1_0_0_0_1_1_1_1_0_0_0_1_1_1_1_0_0_1_1_0_0,1,1.6666666666666667e-5,9.428090415820634e-6,0.2755102040816326,163.33333333333331
1_0_1_1_1_1_1_0_1_1_1_0_0_0_1_1_1_1_0_1_0_0_1_0_1_1_1_0_0_0_0_0_1_0_0_0_0_0_1_1_1_1_1_1,1,1.6666666666666667e-5,9.428090415820634e-6,0.2755102040816326,245.55555555555557
0_0_0_0_0_1_0_1_0_1_0_0_1_1_1_0_0_1_1_0_1_0_1_1_0_0_0_1_1_1_1_0_0_1_1_1_1_1_0_0_0_0_0_0,1,1.6666666666666667e-5,4.714045207910318e-6,0.25510204081632654,185.0
0_0_0_0_0_0_0_1_0_1_0_0_0_1_1_0_0_1_1_0_1_1_0_0_0_0_0_1_1_1_1_0_0_0_1_1_1_0_0_0_0_1_0_0,1,1.6666666666666667e-5,9.428090415820634e-6,0.2653061224489796,220.0
0_0_0_0_0_1_1_1_1_0_1_0_0_0_1_1_0_1_1_1_1_1_1_1_1_1_0_1_1_1_1_0_0_0_1_1_1_0_0_0_1_1_1_1,1,1.6666666666666667e-5,1.2472191289246472e-5,0.27040816326530615,175.0
0_1_0_0_0_0_1_1_1_0_0_1_0_0_0_1_1_0_0_0_0_1_1_0_0_0_0_0_0_0_0_1_0_0_0_0_0_1_1_1_1_1_0_1,1,1.6666666666666667e-5,9.428090415820634e-6,0.25510204081632654,223.33333333333334
0_0_0_0_0_0_0_1_0_0_0_1_1_0_0_1_1_0_1_0_0_1_1_1_0_0_0_0_0_0_0_1_0_1_0_0_0_0_1_1_1_1_0_1,1,1.6666666666666667e-5,9.428090415820634e-6,0.28061224489795916,310.0
1_1_1_0_1_1_1_0_1_1_1_1_0_0_0_0_0_0_0_1_0_1_0_0_1_1_1_1_1_0_1_1_1_0_1_0_1_1_1_0_1_0_1_0,1,1.6666666666666667e-5,9.428090415820634e-6,0.2755102040816326,144.44444444444446
1_1_1_1_1_0_1_0_1_0_1_1_1_1_0_1_1_0_0_1_1_1_1_1_1_1_1_0_0_1_0_1_1_0_0_1_0_0_0_1_0_0_1_0,1,1.6666666666666667e-5,4.714045207910318e-6,0.29081632653061223,146.66666666666666
0_0_0_0_0_1_0_1_0_1_0_0_0_0_1_1_1_1_1_0_0_1_1_0_0_0_0_0_0_0_0_1_0_0_0_0_0_1_1_1_1_1_0_1,1,1.6666666666666667e-5,1.2472191289246472e-5,0.28061224489795916,158.33333333333331
0_0_0_1_1_0_1_0_1_0_0_0_1_1_0_0_1_0_1_0_0_0_0_0_1_0_0_0_0_0_0_0_1_0_0_0_0_0_1_1_0_0_1_0,1,1.6666666666666667e-5,4.714045207910318e-6,0.29591836734693877,235.0
0_0_0_0_0_1_0_1_0_1_0_0_1_0_1_1_1_1_1_0_0_0_1_0_0_0_0_0_0_0_0_0_0_0_0_0_0_1_1_1_1_1_0_1,1,1.6666666666666667e-5,1.2472191289246472e-5,0.2755102040816326,187.5
0_0_0_0_0_1_0_1_0_1_0_0_1_0_1_0_0_1_1_0_1_1_0_1_0_0_0_1_1_1_1_1_0_1_1_1_1_1_0_0_1_1_0_0,1,1.6666666666666667e-5,1.2472191289246472e-5,0.27040816326530615,243.33333333333334
0_0_0_0_0_0_0_1_0_0_0_1_0_1_1_1_0_1_1_0_1_1_0_1_0_0_0_1_1_1_1_0_0_1_1_1_1_0_0_0_0_1_0_1,1,1.6666666666666667e-5,9.428090415820634e-6,0.2602040816326531,171.11111111111111
0_1_0_1_1_1_1_0_1_0_1_1_0_0_0_1_1_0_0_1_0_0_0_0_1_1_0_0_0_0_0_0_1_0_0_0_0_0_1_1_1_1_1_1,1,1.6666666666666667e-5,4.714045207910318e-6,0.23979591836734693,181.66666666666666
1_1_1_1_1_1_1_0_1_1_1_0_1_1_1_0_0_1_0_1_1_0_0_0_1_1_1_1_1_1_1_0_1_0_1_1_1_1_0_0_0_0_1_0,1,1.6666666666666667e-5,9.428090415820634e-6,0.2755102040816326,233.33333333333334
0_0_0_0_0_1_1_1_0_1_0_0_1_1_1_0_1_1_1_0_0_0_0_0_0_0_0_0_0_0_0_0_0_1_0_0_0_1_1_1_0_0_0_0,1,1.6666666666666667e-5,9.428090415820634e-6,0.25,222.2222222222222
1_1_1_0_1_0_0_0_0_1_0_1_1_1_0_0_0_0_0_0_1_1_0_1_0_0_1_1_1_1_1_1_1_1_1_1_1_1_0_0_0_0_0_0,1,1.6666666666666667e-5,4.714045207910318e-6,0.2653061224489796,306.6666666666667
0_0_0_0_0_0_0_1_0_1_0_0_1_1_1_0_0_1_1_0_1_0_1_1_0_0_0_1_1_1_1_0_0_0_1_1_1_0_0_0_0_0_0_0,1,1.6666666666666667e-5,1.2472191289246472e-5,0.23979591836734693,192.5
1_1_1_0_0_1_1_1_0_1_1_1_0_0_1_1_1_1_0_1_0_0_1_0_1_1_1_0_0_0_0_0_0_1_0_0_0_1_1_1_1_1_0_1,1,1.6666666666666667e-5,9.428090415820634e-6,0.28061224489795916,232.2222222222222
0_0_0_1_0_1_1_1_1_0_1_0_0_0_1_1_1_1_0_1_0_1_1_1_1_1_0_0_0_0_0_0_0_0_0_0_0_0_1_1_1_1_1_1,1,1.6666666666666667e-5,9.428090415820634e-6,0.27040816326530615,158.88888888888889
0_0_0_1_0_1_1_1_1_0_1_0_0_0_1_1_1_1_1_1_0_0_1_0_1_1_0_0_0_0_0_0_0_0_0_0_0_0_1_1_1_1_1_1,1,1.6666666666666667e-5,1.2472191289246472e-5,0.2653061224489796,299.1666666666667
1_1_1_1_1_1_1_0_1_0_1_1_0_1_0_1_1_0_0_1_0_1_0_0_1_1_1_0_0_0_0_1_1_1_0_0_0_0_1_1_0_0_1_1,1,1.6666666666666667e-5,1.699673171197595e-5,0.2653061224489796,142.5
1_1_1_1_1_1_1_0_1_0_1_1_0_1_0_0_1_0_0_1_0_1_0_0_1_1_1_0_0_0_0_1_1_1_0_0_0_0_1_1_0_0_1_0,1,1.6666666666666667e-5,9.428090415820634e-6,0.27040816326530615,190.0
0_0_0_0_0_0_0_1_0_1_0_0_0_0_1_0_0_1_1_0_0_1_0_0_0_0_0_1_1_0_1_0_0_1_1_0_1_0_1_0_1_1_0_1,1,1.6666666666666667e-5,1.699673171197595e-5,0.2602040816326531,172.5
1_1_1_0_1_0_0_0_0_1_0_1_1_1_0_0_0_0_0_0_1_1_0_0_0_0_1_1_1_1_1_1_1_1_1_1_1_1_0_0_0_0_0_0,1,1.6666666666666667e-5,9.428090415820634e-6,0.28061224489795916,194.44444444444446
0_1_0_0_0_0_1_1_1_0_0_0_1_0_0_1_0_0_0_0_1_1_1_1_0_0_0_1_1_1_1_1_0_0_1_1_1_1_0_0_1_1_0_1,1,1.6666666666666667e-5,1.699673171197595e-5,0.25510204081632654,252.5
1_0_1_1_1_1_0_0_0_1_1_0_1_1_1_0_0_1_1_1_1_1_0_1_1_1_1_1_1_1_1_0_1_1_1_1_1_0_0_0_0_0_1_0,1,1.6666666666666667e-5,4.714045207910318e-6,0.2602040816326531,241.66666666666666
0_0_0_0_0_1_0_1_0_1_0_0_1_0_1_0_1_1_1_0_0_1_1_0_0_0_0_0_0_0_0_1_0_0_0_0_0_1_1_1_1_1_0_0,1,1.6666666666666667e-5,9.428090415820634e-6,0.28061224489795916,141.11111111111111
0_0_0_0_0_0_0_1_0_1_0_0_0_1_1_0_0_1_1_0_1_1_0_1_0_0_0_1_1_1_1_0_0_0_1_1_1_0_0_0_0_1_0_0,1,1.6666666666666667e-5,9.428090415820634e-6,0.25,234.44444444444446
1_1_1_1_1_1_1_0_0_1_1_1_0_1_0_0_0_0_0_1_1_1_1_1_1_1_1_1_1_1_1_1_1_1_1_1_1_1_0_0_0_0_1_0,1,1.6666666666666667e-5,9.428090415820634e-6,0.2602040816326531,226.66666666666666
1_1_1_1_1_1_1_0_1_0_1_1_0_0_0_1_0_0_0_1_1_0_0_1_1_1_1_1_1_1_1_0_1_1_1_1_1_0_0_0_1_1_1_1,1,1.6666666666666667e-5,1.699673171197595e-5,0.2602040816326531,168.75
0_0_0_0_0_0_0_1_0_0_0_1_0_0_0_1_1_0_0_0_0_1_0_0_0_0_0_0_0_0_0_1_0_1_0_0_0_0_1_1_1_1_0_1,1,1.6666666666666667e-5,1.2472191289246472e-5,0.25,160.0
1_1_1_0_1_1_1_0_1_1_1_1_1_1_0_1_0_0_0_1_1_0_1_1_1_1_1_1_1_1_1_1_1_0_1_1_1_1_0_0_0_0_1_0,0,1.6666666666666667e-5,1.2472191289246472e-5,0.15306122448979592,1001.0
0_0_0_0_0_1_0_1_0_1_0_0_0_0_1_0_0_1_1_0_0_1_0_0_0_0_0_1_1_0_1_0_0_1_1_0_1_1_1_0_1_1_0_1,1,1.6666666666666667e-5,1.2472191289246472e-5,0.2857142857142857,160.83333333333331
0_1_0_1_1_1_1_0_1_0_1_1_0_0_0_1_1_0_0_1_0_0_0_0_1_1_0_0_0_0_0_1_1_0_0_0_0_1_1_1_1_1_1_1,1,1.6666666666666667e-5,1.699673171197595e-5,0.20918367346938777,140.0
1_1_1_0_0_1_1_0_0_1_0_1_0_0_0_1_0_0_1_0_1_0_1_1_0_0_1_1_1_1_1_0_1_1_1_1_1_1_0_0_1_1_0_1,1,1.6666666666666667e-5,1.2472191289246472e-5,0.29081632653061223,227.5
0_1_0_0_0_1_1_1_1_0_0_1_0_0_0_1_0_0_0_0_1_0_1_1_0_0_0_1_1_1_1_1_0_0_1_1_1_1_0_0_1_1_0_1,1,1.6666666666666667e-5,1.699673171197595e-5,0.25510204081632654,190.0
1_1_1_1_1_1_1_0_1_1_1_1_0_0_0_0_0_0_0_1_0_0_0_0_1_1_1_1_1_1_1_1_1_0_1_0_1_1_1_0_1_0_1_0,1,1.6666666666666667e-5,1.2472191289246472e-5,0.2755102040816326,256.66666666666663
1_0_1_1_1_0_0_0_0_1_1_1_0_1_1_0_1_1_1_1_0_0_0_0_1_1_1_0_0_0_0_0_1_1_0_0_0_0_1_1_0_0_1_0,1,1.6666666666666667e-5,1.2472191289246472e-5,0.25510204081632654,178.33333333333331
1_0_1_1_1_1_1_0_1_1_1_0_0_0_1_1_1_1_1_1_0_0_1_0_1_1_1_0_0_0_0_0_1_0_0_0_0_0_1_1_1_1_1_1,1,1.6666666666666667e-5,1.2472191289246472e-5,0.27040816326530615,292.5
1_1_1_1_1_1_1_0_0_1_1_1_1_1_1_0_0_1_0_1_1_0_0_1_1_1_1_1_1_1_1_0_1_1_1_1_1_1_0_0_0_0_1_0,1,1.6666666666666667e-5,1.2472191289246472e-5,0.2602040816326531,185.83333333333331
1_1_1_1_1_1_1_0_1_0_1_1_0_1_0_1_0_0_0_1_1_1_1_1_1_1_1_1_1_1_1_1_1_1_1_1_1_0_0_0_0_0_1_1,1,1.6666666666666667e-5,1.2472191289246472e-5,0.25510204081632654,172.5
0_0_0_0_0_0_0_1_0_0_0_1_1_0_0_1_0_0_0_0_1_1_0_1_0_0_0_1_1_1_1_1_0_1_1_1_1_0_0_0_1_1_0_1,1,1.6666666666666667e-5,1.2472191289246472e-5,0.2602040816326531,168.33333333333331
1_1_1_0_0_0_1_1_1_0_1_1_0_0_0_1_0_0_0_1_1_1_1_1_1_1_1_1_1_1_1_1_0_0_1_1_1_0_0_0_1_1_1_1,1,1.6666666666666667e-5,1.2472191289246472e-5,0.2755102040816326,220.0
0_1_0_0_0_1_1_1_1_0_0_0_0_0_0_1_0_0_0_0_1_1_1_1_0_0_0_1_1_1_1_1_0_1_1_1_1_1_0_0_1_1_0_1,1,1.6666666666666667e-5,1.2472191289246472e-5,0.25,187.5
1_1_1_1_1_0_0_0_1_0_1_1_0_1_0_1_1_0_0_1_0_1_1_0_1_1_1_0_0_0_0_1_1_0_0_0_0_0_1_1_0_0_1_1,1,1.6666666666666667e-5,1.2472191289246472e-5,0.2653061224489796,264.16666666666663
0_0_0_0_0_1_1_1_0_1_0_0_1_0_1_0_1_1_1_0_0_0_0_0_0_0_0_0_0_0_0_0_0_1_0_0_0_1_1_1_1_1_0_0,1,1.6666666666666667e-5,1.2472191289246472e-5,0.2602040816326531,220.83333333333331
0_1_0_0_0_0_0_1_1_0_0_1_0_0_0_1_1_0_0_0_0_1_1_1_0_0_0_0_0_0_0_1_0_0_0_0_0_0_1_1_1_1_0_1,1,1.6666666666666667e-5,1.699673171197595e-5,0.28061224489795916,152.5
0_0_0_0_0_0_0_1_0_1_0_0_0_1_1_0_1_1_1_0_0_1_0_0_0_0_0_0_0_0_0_1_0_1_0_0_0_1_1_1_0_1_0_0,1,1.6666666666666667e-5,1.699673171197595e-5,0.2653061224489796,257.5
1_0_1_1_1_1_1_0_0_1_1_0_1_1_1_0_0_1_1_1_1_1_0_0_1_1_1_1_1_1_1_1_1_1_1_1_1_1_0_0_0_0_1_0,1,1.3333333333333335e-5,4.714045207910318e-6,0.29081632653061223,245.0
0_0_0_0_0_1_1_1_0_1_0_0_0_1_1_0_1_1_1_0_0_0_0_0_0_0_0_0_0_0_0_0_0_1_0_0_0_1_1_1_0_1_0_0,1,1.3333333333333335e-5,4.714045207910318e-6,0.27040816326530615,200.0
1_1_1_1_1_0_0_0_1_0_1_1_0_1_0_0_0_0_0_1_1_0_0_1_1_1_1_1_1_1_1_1_1_0_1_1_1_0_0_0_0_0_1_0,1,1.3333333333333335e-5,1.2472191289246474e-5,0.2653061224489796,193.33333333333331
0_0_0_0_0_0_0_1_0_1_0_0_0_1_1_0_0_1_1_0_1_0_0_1_0_0_0_1_1_1_1_0_0_1_1_1_1_1_0_0_0_1_0_0,1,1.3333333333333335e-5,9.428090415820635e-6,0.2602040816326531,155.0
1_0_1_1_1_0_0_0_0_1_1_1_1_1_1_0_1_1_1_1_0_0_0_0_1_1_1_0_0_0_0_0_1_1_0_0_0_0_1_1_0_0_1_0,1,1.3333333333333335e-5,1.2472191289246472e-5,0.25,203.33333333333334
1_0_1_1_1_0_0_0_0_1_1_1_0_1_1_0_1_1_1_1_0_0_0_0_1_1_1_0_0_0_0_0_1_0_0_0_0_0_1_1_0_0_1_0,1,1.3333333333333335e-5,9.428090415820635e-6,0.25510204081632654,310.0
0_1_0_0_0_0_0_1_1_0_0_1_0_0_0_1_0_0_0_0_1_0_1_1_0_0_0_1_1_1_1_1_0_0_1_1_1_0_0_0_1_1_0_1,1,1.3333333333333335e-5,4.714045207910318e-6,0.2653061224489796,195.0
1_1_1_1_1_1_1_0_1_0_1_1_0_1_0_0_0_0_0_1_1_1_0_1_1_1_1_1_1_1_1_1_1_1_1_1_1_0_0_0_0_0_1_0,1,1.3333333333333335e-5,4.714045207910318e-6,0.2653061224489796,196.66666666666666
1_1_1_1_1_1_1_0_1_0_1_1_0_1_0_1_1_0_0_1_0_0_1_0_1_1_1_0_0_0_0_1_1_0_0_0_0_0_1_1_0_0_1_1,1,1.3333333333333335e-5,4.714045207910318e-6,0.24489795918367346,196.66666666666666
0_1_0_1_1_0_1_0_1_0_1_1_0_0_0_1_1_0_0_1_0_0_0_0_1_1_0_0_0_0_0_0_1_0_0_0_0_0_1_1_1_1_1_1,1,1.3333333333333335e-5,4.714045207910318e-6,0.25,151.66666666666666
0_0_0_0_0_0_0_1_0_0_0_1_1_0_0_1_1_0_1_0_0_1_1_0_0_0_0_0_0_0_0_1_0_1_0_0_0_0_1_1_1_1_0_1,1,1.3333333333333335e-5,4.714045207910318e-6,0.2653061224489796,218.33333333333334
0_0_0_0_0_0_0_1_0_1_0_0_1_1_1_0_0_1_1_0_1_1_0_1_0_0_0_1_1_1_1_1_0_1_1_1_1_1_0_0_0_0_0_0,1,1.3333333333333335e-5,1.2472191289246472e-5,0.25,190.0
0_0_0_0_0_0_0_1_0_1_0_0_1_1_1_0_0_1_1_0_1_0_0_0_0_0_0_1_1_1_1_0_0_1_1_1_1_1_0_0_0_0_0_0,1,1.3333333333333335e-5,9.428090415820635e-6,0.25510204081632654,237.5
1_0_1_1_1_1_1_0_0_1_1_0_1_0_1_1_1_1_1_1_0_1_1_0_1_1_1_0_0_0_0_1_1_1_0_0_0_1_1_1_1_1_1_0,1,1.3333333333333335e-5,1.2472191289246472e-5,0.2653061224489796,155.0
1_1_1_1_1_1_1_0_1_0_1_1_0_0_0_1_1_0_0_1_0_1_1_0_1_1_1_0_0_0_0_1_1_1_0_0_0_0_1_1_1_1_1_1,1,1.3333333333333335e-5,4.714045207910318e-6,0.25,138.33333333333334
0_0_0_0_0_0_0_1_0_0_0_1_0_1_1_1_1_1_1_0_0_0_0_0_0_0_0_0_0_0_0_0_0_1_0_0_0_0_1_1_0_1_0_1,1,1.3333333333333335e-5,9.428090415820635e-6,0.27040816326530615,177.5
0_1_0_0_0_0_1_1_1_0_0_0_1_1_0_0_1_0_0_0_0_1_0_0_0_0_0_0_0_0_0_1_0_1_0_0_0_1_1_1_0_0_0_0,1,1.3333333333333335e-5,9.428090415820635e-6,0.27040816326530615,155.0
1_1_1_1_1_1_1_0_1_0_1_1_1_0_0_1_1_0_0_1_0_1_1_0_1_1_1_0_0_0_0_1_1_0_0_0_0_0_1_1_1_0_1_1,1,1.3333333333333335e-5,1.2472191289246472e-5,0.2602040816326531,130.0
0_0_0_0_0_0_0_1_1_0_0_0_1_0_0_1_1_0_0_0_0_1_1_1_0_0_0_0_0_0_0_1_0_0_0_0_0_0_1_1_1_1_0_1,1,1.3333333333333335e-5,4.714045207910318e-6,0.2755102040816326,221.66666666666666
0_0_0_0_0_0_0_1_0_1_0_0_1_0_1_0_0_1_1_0_1_0_0_1_0_0_0_1_1_1_1_0_0_0_1_1_1_1_0_0_1_1_0_0,1,1.3333333333333335e-5,4.714045207910318e-6,0.2602040816326531,160.0
0_0_0_1_0_1_1_1_1_0_1_0_1_0_1_1_1_1_0_1_0_1_1_1_1_1_0_0_0_0_0_0_0_0_0_0_0_0_1_1_1_1_1_1,1,1.3333333333333335e-5,1.2472191289246474e-5,0.2755102040816326,196.66666666666669
0_1_0_1_1_0_1_0_1_0_1_1_0_0_0_1_1_0_0_1_0_0_1_1_1_1_0_0_0_0_0_1_1_0_0_0_0_0_1_1_1_1_1_1,1,1.3333333333333335e-5,9.428090415820635e-6,0.24489795918367346,170.0
1_0_1_1_1_1_0_0_0_1_1_0_1_1_1_0_0_1_1_1_1_1_1_0_1_1_1_1_1_1_1_0_1_1_1_1_1_1_0_0_0_0_1_0,1,1.3333333333333335e-5,1.2472191289246474e-5,0.2755102040816326,241.66666666666666
0_1_0_0_0_1_1_1_1_0_0_0_1_0_0_1_1_0_0_0_0_1_1_0_0_0_0_0_0_0_0_1_0_0_0_0_0_1_1_1_1_1_0_1,1,1.3333333333333335e-5,4.714045207910318e-6,0.2602040816326531,190.0
0_0_0_1_1_1_1_0_0_1_0_0_1_1_1_0_0_1_1_0_1_0_0_0_0_0_0_1_1_1_1_0_1_1_1_1_1_1_0_0_0_0_0_0,1,1.3333333333333335e-5,9.428090415820635e-6,0.3010204081632653,185.0
1_0_1_1_1_1_0_0_0_1_1_0_1_1_1_0_0_1_1_1_1_0_1_0_1_1_1_1_1_1_1_0_1_1_1_1_1_0_0_0_0_0_1_0,1,1.3333333333333335e-5,4.714045207910318e-6,0.2653061224489796,195.0
0_0_0_0_0_0_0_1_0_0_0_1_1_0_1_1_1_1_1_0_0_0_0_0_0_0_0_0_0_0_0_0_0_1_0_0_0_0_1_1_1_1_0_1,1,1.3333333333333335e-5,4.714045207910318e-6,0.2602040816326531,200.0
1_0_1_0_1_1_0_0_0_1_1_1_1_1_1_1_0_1_1_1_1_1_1_0_1_1_1_1_1_1_1_0_1_1_1_1_1_0_0_0_0_0_1_0,1,1.3333333333333335e-5,1.2472191289246472e-5,0.23469387755102042,228.33333333333331
1_1_1_1_1_1_1_0_1_0_1_1_1_1_0_1_1_0_0_1_1_0_1_1_1_1_1_0_0_0_0_1_1_0_0_1_0_1_0_1_0_0_1_0,1,1.3333333333333335e-5,4.714045207910318e-6,0.2602040816326531,158.33333333333334
0_1_0_0_0_1_1_1_1_0_0_1_0_0_0_1_1_0_0_0_0_0_0_0_0_0_0_0_0_0_0_1_0_0_0_0_0_1_1_1_1_1_0_1,1,1.3333333333333335e-5,4.714045207910318e-6,0.25510204081632654,166.66666666666666
0_0_0_0_0_1_1_1_0_1_0_0_1_0_1_1_0_1_1_0_1_1_1_1_0_0_0_1_1_1_1_0_0_1_1_1_1_1_0_0_1_1_0_1,1,1.3333333333333335e-5,1.2472191289246474e-5,0.27040816326530615,335.0
0_1_0_1_0_0_1_1_1_0_0_0_1_1_0_0_1_0_0_0_0_0_0_0_0_0_0_0_0_0_0_1_0_0_0_0_0_1_1_1_0_0_0_0,1,1.3333333333333335e-5,4.714045207910318e-6,0.28061224489795916,161.66666666666666
0_0_0_0_0_1_1_1_0_1_0_0_0_0_1_1_0_1_1_0_1_0_1_1_0_0_0_1_1_1_1_0_0_1_1_1_1_1_0_0_1_1_0_1,1,1.3333333333333335e-5,1.2472191289246474e-5,0.27040816326530615,160.0
1_1_1_0_1_0_0_0_0_1_0_1_0_1_0_0_0_0_1_0_1_0_0_1_0_0_1_1_1_1_1_1_1_1_1_1_1_1_0_0_0_0_0_0,1,1.3333333333333335e-5,4.714045207910318e-6,0.2602040816326531,216.66666666666666
1_1_1_1_1_1_1_0_1_0_1_1_1_0_0_1_0_0_0_1_1_0_1_1_1_1_1_1_1_1_1_1_1_0_1_1_1_0_0_0_1_0_1_1,1,1.3333333333333335e-5,4.714045207910318e-6,0.25,185.0
0_0_0_0_0_1_0_1_0_1_0_0_0_1_1_0_0_1_1_0_1_0_0_0_0_0_0_1_1_1_1_0_0_1_1_1_1_1_0_0_0_1_0_0,1,1.3333333333333335e-5,1.2472191289246474e-5,0.2857142857142857,240.0
1_1_1_0_1_1_1_0_0_1_1_1_1_1_0_1_0_1_1_1_1_0_1_1_1_1_1_1_1_1_1_0_1_1_1_1_1_1_0_0_0_0_0_0,0,1.3333333333333335e-5,4.714045207910318e-6,0.19387755102040816,1001.0
1_1_1_1_1_0_0_0_1_0_1_1_0_1_0_1_1_0_0_1_0_0_1_0_1_1_1_0_0_0_0_1_1_0_0_0_0_0_1_1_0_0_1_1,1,1.3333333333333335e-5,4.714045207910318e-6,0.2602040816326531,178.33333333333334
1_1_1_0_0_1_1_1_1_0_1_1_0_0_0_1_0_0_0_1_1_1_0_1_1_1_1_1_1_1_1_1_0_1_1_1_1_0_0_0_1_1_1_1,1,1.3333333333333335e-5,9.428090415820635e-6,0.28061224489795916,200.0
1_1_1_0_0_1_1_1_1_0_1_1_0_0_0_1_1_0_0_1_0_1_0_1_1_1_1_0_0_0_0_1_0_0_0_0_0_0_1_1_1_1_1_1,1,1.3333333333333335e-5,9.428090415820635e-6,0.29081632653061223,205.0
1_0_1_0_1_0_0_0_0_1_1_1_0_1_1_0_1_1_1_1_0_1_0_0_1_1_1_0_0_0_0_0_1_0_0_0_0_0_1_1_0_0_1_0,1,1.3333333333333335e-5,4.714045207910318e-6,0.2653061224489796,133.33333333333334
0_0_0_0_0_1_1_1_0_1_0_0_1_0_1_0_0_1_1_0_1_1_1_1_0_0_0_1_1_1_1_0_0_1_1_1_1_1_0_0_1_1_0_0,1,1.3333333333333335e-5,9.428090415820635e-6,0.2653061224489796,210.0
0_1_0_0_0_0_0_1_0_0_0_1_1_1_0_0_1_0_0_0_0_1_0_0_0_0_0_0_0_0_0_1_0_1_0_0_0_1_1_1_0_0_0_0,1,1.3333333333333335e-5,1.2472191289246474e-5,0.2755102040816326,208.33333333333331
0_1_0_1_1_0_1_0_1_0_1_1_0_0_0_1_0_0_0_1_1_0_0_1_1_1_0_1_1_1_1_1_1_0_1_1_1_0_0_0_1_1_1_1,1,1.3333333333333335e-5,4.714045207910318e-6,0.22959183673469388,195.0
0_1_0_0_0_0_1_1_1_0_0_0_0_1_0_1_1_0_1_0_0_1_0_0_0_0_0_0_0_0_0_1_0_0_0_0_0_1_1_1_0_1_0_1,1,1.3333333333333335e-5,1.2472191289246474e-5,0.29081632653061223,196.66666666666669
0_0_0_0_0_1_1_1_0_1_0_0_1_1_1_0_1_1_1_0_0_1_0_0_0_0_0_0_0_0_0_1_0_1_0_0_0_1_1_1_0_0_0_0,1,1.3333333333333335e-5,1.2472191289246472e-5,0.2602040816326531,146.66666666666669
0_0_0_0_0_1_1_1_0_1_0_0_1_0_1_1_1_1_1_0_0_1_1_0_0_0_0_0_0_0_0_1_0_1_0_0_0_1_1_1_1_1_0_1,1,1.3333333333333335e-5,9.428090415820635e-6,0.28061224489795916,165.0
1_0_1_1_1_1_1_0_0_1_1_0_1_0_1_1_1_1_1_1_0_0_1_0_1_1_1_0_0_0_0_0_1_1_0_0_0_1_1_1_1_1_1_0,1,1.3333333333333335e-5,9.428090415820635e-6,0.25510204081632654,237.5
1_1_1_1_1_0_1_0_1_0_1_1_1_1_0_1_1_0_0_1_1_1_1_1_1_1_1_0_0_0_0_1_1_0_0_1_0_0_0_1_0_0_1_0,1,1.3333333333333335e-5,9.428090415820635e-6,0.29081632653061223,182.5
0_1_0_1_1_0_0_0_0_1_0_0_0_1_0_0_1_0_1_0_0_0_0_0_0_0_0_0_0_0_0_1_1_1_0_0_0_1_1_1_0_1_0_0,1,1.3333333333333335e-5,1.2472191289246474e-5,0.29081632653061223,141.66666666666669
0_1_0_1_1_1_1_0_1_1_1_0_1_1_1_0_0_1_1_1_1_0_0_0_1_1_0_1_1_1_1_0_1_0_1_1_1_1_0_0_0_0_1_0,1,1.3333333333333335e-5,1.2472191289246474e-5,0.24489795918367346,156.66666666666669
0_0_0_0_0_1_0_1_0_1_0_0_1_0_1_0_0_1_1_0_1_1_0_1_0_0_0_1_1_1_1_1_0_0_1_1_1_1_0_0_1_1_0_0,1,1.3333333333333335e-5,1.2472191289246474e-5,0.28061224489795916,123.33333333333333
1_1_1_1_1_1_1_0_1_0_1_1_0_0_0_1_0_0_0_1_1_0_0_1_1_1_1_1_1_1_1_1_1_1_1_1_1_0_0_0_1_1_1_1,1,1.3333333333333335e-5,4.714045207910318e-6,0.24489795918367346,178.33333333333334
1_0_1_1_1_1_1_0_0_1_1_0_1_1_1_0_1_1_1_1_0_1_1_0_1_1_1_0_0_0_0_1_1_1_0_0_0_1_1_1_0_0_1_0,1,1.3333333333333335e-5,4.714045207910318e-6,0.2653061224489796,163.33333333333334
0_0_0_0_0_0_0_1_0_1_0_0_0_0_1_0_0_1_1_0_0_1_0_0_0_0_0_1_1_1_1_0_0_0_1_0_1_0_1_0_1_1_0_1,1,1.3333333333333335e-5,1.2472191289246472e-5,0.27040816326530615,186.66666666666669
0_1_0_0_0_0_1_1_1_0_0_0_0_0_0_0_1_0_0_0_0_1_0_1_0_0_0_0_0_0_0_1_0_1_0_0_0_1_1_1_1_1_0_1,1,1.3333333333333335e-5,4.714045207910318e-6,0.22448979591836735,131.66666666666666
0_0_0_0_0_0_0_1_0_0_0_1_0_1_0_1_1_0_1_0_0_1_0_0_0_0_0_0_0_0_0_1_0_1_0_0_0_0_1_1_0_1_0_1,1,1.3333333333333335e-5,4.714045207910318e-6,0.28061224489795916,158.33333333333334
1_0_1_1_1_1_0_0_0_1_1_1_0_0_1_1_1_1_1_1_0_0_1_0_1_1_1_0_0_0_0_0_1_1_0_0_0_0_1_1_1_1_1_1,1,1.3333333333333335e-5,4.714045207910318e-6,0.2653061224489796,210.0
1_1_1_1_1_0_0_0_1_0_1_1_0_1_0_1_0_0_0_1_1_0_0_1_1_1_1_1_1_1_1_0_1_0_1_1_1_0_0_0_0_0_1_1,1,1.3333333333333335e-5,9.428090415820635e-6,0.2755102040816326,157.5
0_1_0_0_0_1_1_1_1_0_0_0_1_1_0_0_0_0_0_0_1_1_0_1_0_0_0_1_1_1_1_1_0_0_1_1_1_1_0_0_0_0_0_0,1,1.3333333333333335e-5,4.714045207910318e-6,0.2653061224489796,163.33333333333334
0_0_0_0_0_1_1_1_0_1_0_0_0_0_1_1_0_1_1_0_1_1_1_1_0_0_0_1_1_1_1_0_0_1_1_1_1_1_0_0_1_1_0_1,1,1.3333333333333335e-5,4.714045207910318e-6,0.2653061224489796,206.66666666666666
0_0_0_0_0_0_0_1_1_0_0_0_0_0_0_1_1_0_0_0_0_1_1_1_0_0_0_0_0_0_0_1_0_0_0_0_0_0_1_1_1_1_0_1,1,1.3333333333333335e-5,4.714045207910318e-6,0.27040816326530615,266.6666666666667
0_0_0_0_0_0_0_1_0_0_0_1_0_0_0_1_1_0_1_0_0_1_0_0_0_0_0_0_0_0_0_1_0_1_0_0_0_0_1_1_1_1_0_1,1,1.3333333333333335e-5,1.2472191289246474e-5,0.25510204081632654,153.33333333333331
0_1_0_0_0_0_1_1_1_0_0_0_0_0_0_1_1_0_0_0_0_1_0_0_0_0_0_0_0_0_0_1_0_0_0_0_0_1_1_1_1_1_0_1,1,1.3333333333333335e-5,4.714045207910318e-6,0.25,211.66666666666666
0_0_0_0_0_0_0_1_0_0_0_1_1_0_0_1_1_0_1_0_0_1_0_1_0_0_0_0_0_0_0_1_0_1_0_0_0_0_1_1_1_1_0_1,1,1.3333333333333335e-5,1.2472191289246474e-5,0.2857142857142857,230.0
1_1_1_1_1_1_1_0_1_0_1_1_0_0_0_1_1_0_0_1_0_0_1_0_1_1_1_0_0_0_0_0_1_0_0_0_0_0_1_1_1_1_1_1,1,1.3333333333333335e-5,4.714045207910318e-6,0.25,163.33333333333334
0_1_0_0_0_0_1_1_1_0_0_1_0_0_0_1_0_0_0_0_1_1_0_1_0_0_0_1_1_1_1_1_0_0_1_1_1_1_0_0_1_1_0_1,1,1.3333333333333335e-5,1.2472191289246474e-5,0.24489795918367346,173.33333333333334
1_1_1_1_1_1_1_0_1_0_1_1_1_0_0_1_1_0_0_1_0_0_1_1_1_1_1_0_0_0_0_1_1_1_0_0_0_1_1_1_1_0_1_1,1,1.3333333333333335e-5,1.2472191289246472e-5,0.2653061224489796,200.0
0_0_0_0_0_0_0_1_0_1_0_0_0_0_1_1_1_1_1_0_0_0_1_0_0_0_0_0_0_0_0_0_0_0_0_0_0_1_1_1_1_1_0_1,1,1.3333333333333335e-5,4.714045207910318e-6,0.2602040816326531,201.66666666666666
1_1_1_1_1_1_1_0_1_1_1_0_0_1_1_0_0_1_0_1_1_0_1_1_1_1_1_1_1_1_1_0_1_0_1_1_1_1_0_0_0_0_1_0,1,1.3333333333333335e-5,1.2472191289246474e-5,0.27040816326530615,355.0
0_1_0_0_0_0_1_1_1_0_0_0_0_0_0_1_0_0_0_0_1_1_0_1_0_0_0_1_1_1_1_1_0_0_1_1_1_1_0_0_1_1_0_1,1,1.3333333333333335e-5,4.714045207910318e-6,0.24489795918367346,145.0
0_0_0_1_0_0_0_1_0_0_0_0_0_1_1_1_1_1_1_0_1_0_0_1_0_0_0_0_0_0_0_0_0_1_0_1_0_0_0_1_0_1_0_1,1,1.3333333333333335e-5,1.2472191289246474e-5,0.2755102040816326,196.66666666666669
0_0_0_0_0_1_0_1_0_1_0_0_1_1_1_0_1_1_1_0_0_0_0_0_0_0_0_0_0_0_0_0_0_0_0_0_0_1_1_1_0_0_0_0,1,1.3333333333333335e-5,4.714045207910318e-6,0.25510204081632654,246.66666666666666
0_1_0_0_0_0_1_1_1_0_0_1_0_0_0_1_1_0_0_0_0_0_1_1_0_0_0_0_0_0_0_0_0_0_0_0_0_0_1_1_1_1_0_1,1,1.3333333333333335e-5,4.714045207910318e-6,0.2857142857142857,226.66666666666666
1_0_1_1_1_1_0_0_0_1_1_0_1_1_1_0_0_1_1_1_1_0_0_1_1_1_1_1_1_1_1_0_1_1_1_1_1_0_0_0_0_0_1_0,1,1.3333333333333335e-5,4.714045207910318e-6,0.25510204081632654,191.66666666666666
0_0_0_0_0_0_0_1_0_1_0_0_1_0_1_1_0_1_1_0_1_0_1_1_0_0_0_1_1_1_1_0_0_0_1_1_1_1_0_0_1_1_0_1,1,1.3333333333333335e-5,1.2472191289246474e-5,0.27040816326530615,196.66666666666669
1_1_1_1_1_0_1_0_1_0_1_1_0_1_0_1_1_0_0_1_0_1_1_0_1_1_1_0_0_0_0_1_1_1_0_0_0_0_1_1_0_0_1_1,1,1.3333333333333335e-5,4.714045207910318e-6,0.27040816326530615,167.5
1_1_1_1_1_0_0_0_1_0_1_1_0_0_0_1_1_0_0_1_0_1_1_0_1_1_1_0_0_0_0_1_1_0_0_0_0_0_1_1_1_1_1_1,1,1.3333333333333335e-5,4.714045207910318e-6,0.25510204081632654,253.33333333333334
1_1_1_1_1_1_1_0_1_1_1_0_0_1_0_0_0_0_0_1_1_1_1_1_1_1_1_1_1_1_1_1_1_0_1_1_1_1_0_0_0_0_1_0,1,1.3333333333333335e-5,4.714045207910318e-6,0.2602040816326531,115.0
0_1_0_1_0_1_1_1_1_0_0_0_0_0_0_1_0_0_0_0_1_0_1_1_0_0_0_1_1_1_1_1_0_0_1_1_1_1_0_0_1_1_0_1,1,1.3333333333333335e-5,4.714045207910318e-6,0.2602040816326531,170.0
1_1_1_1_1_1_1_0_0_1_1_1_1_1_1_0_0_1_1_1_1_0_0_1_1_1_1_1_1_1_1_0_1_1_1_1_1_1_0_0_0_0_1_0,1,1.3333333333333335e-5,9.428090415820635e-6,0.25510204081632654,172.5
1_1_1_1_1_0_1_0_1_0_1_1_0_1_0_1_0_0_0_1_1_0_0_1_1_1_1_1_1_1_1_0_1_1_1_1_1_0_0_0_0_0_1_1,1,1.3333333333333335e-5,4.714045207910318e-6,0.28061224489795916,215.0
1_1_1_1_1_1_1_0_1_1_1_0_1_1_1_0_0_1_0_1_1_0_1_1_1_1_1_1_1_1_1_0_1_0_1_1_1_1_0_0_0_0_1_0,1,1.3333333333333335e-5,4.714045207910318e-6,0.25510204081632654,225.0
1_1_1_1_1_1_1_0_1_0_1_1_0_1_0_1_1_0_0_1_0_1_0_0_1_1_1_0_0_0_0_1_1_1_0_0_0_1_1_1_0_0_1_1,1,1.3333333333333335e-5,9.428090415820635e-6,0.25,162.5
1_1_1_1_1_1_0_0_0_1_1_0_1_1_0_0_1_0_1_1_0_0_1_0_1_1_1_0_0_0_0_1_1_1_0_0_0_1_1_1_0_0_1_0,1,1.3333333333333335e-5,1.2472191289246474e-5,0.2653061224489796,231.66666666666669
0_1_0_0_0_1_1_1_1_0_0_0_0_0_0_1_0_0_0_0_1_1_0_1_0_0_0_1_1_1_1_1_0_1_1_1_1_1_0_0_1_1_0_1,1,1.3333333333333335e-5,4.714045207910318e-6,0.24489795918367346,166.66666666666666
0_0_0_0_0_0_0_1_1_0_0_1_0_0_1_1_0_1_0_0_1_1_1_1_0_0_0_1_1_1_1_0_0_0_1_1_1_0_0_0_1_1_0_1,1,1.3333333333333335e-5,9.428090415820635e-6,0.2755102040816326,192.5
0_0_0_0_0_1_1_1_0_1_0_0_1_0_1_0_0_1_1_0_1_0_1_1_0_0_0_1_1_1_1_0_0_1_1_1_1_1_0_0_1_1_0_0,1,1.3333333333333335e-5,1.2472191289246474e-5,0.27040816326530615,125.0
1_1_1_1_1_1_1_0_1_0_1_1_1_1_0_0_1_0_0_1_0_1_0_0_1_1_1_0_0_0_0_1_1_1_0_0_0_0_1_1_0_0_1_0,1,1.3333333333333335e-5,4.714045207910318e-6,0.2653061224489796,225.0
0_0_0_0_0_1_1_1_0_1_0_0_1_0_1_0_0_1_1_0_1_1_0_1_0_0_0_1_1_1_1_1_0_1_1_1_1_1_0_0_1_1_0_0,1,1.3333333333333335e-5,1.2472191289246474e-5,0.2755102040816326,185.0
1_1_1_1_1_0_1_0_1_0_1_1_0_1_0_1_0_0_0_1_1_0_1_1_1_1_1_1_1_1_1_0_1_1_1_1_1_0_0_0_0_0_1_1,1,1.3333333333333335e-5,9.428090415820635e-6,0.2755102040816326,242.5
0_1_0_1_1_1_1_0_1_1_1_0_0_1_1_0_0_1_1_1_1_0_0_0_1_1_0_1_1_1_1_0_1_0_1_1_1_1_0_0_0_0_1_0,1,1.3333333333333335e-5,4.714045207910318e-6,0.2602040816326531,256.6666666666667
0_0_0_0_0_1_0_1_0_1_0_0_0_1_1_0_0_1_1_0_1_0_0_1_0_0_0_1_1_1_1_0_0_1_1_1_1_1_0_0_0_1_0_0,1,1.3333333333333335e-5,4.714045207910318e-6,0.27040816326530615,276.6666666666667
1_1_1_1_1_0_1_0_1_0_1_1_0_1_0_0_0_0_0_1_1_1_0_1_1_1_1_1_1_1_1_1_1_1_1_1_1_0_0_0_0_0_1_0,1,1.3333333333333335e-5,1.2472191289246474e-5,0.2755102040816326,153.33333333333331
1_0_1_0_0_0_0_1_0_1_0_0_0_0_1_0_0_1_1_0_0_1_0_0_0_0_1_1_1_1_1_0_0_1_1_0_1_0_1_0_1_1_0_1,1,1.3333333333333335e-5,4.714045207910318e-6,0.23469387755102042,146.66666666666666
0_1_0_0_0_0_1_1_1_0_0_0_1_0_0_1_0_0_0_0_1_1_1_1_0_0_0_1_1_1_1_1_0_1_1_1_1_1_0_0_1_1_0_1,1,1.3333333333333335e-5,1.2472191289246472e-5,0.25510204081632654,148.33333333333331
0_1_0_0_0_1_1_1_1_0_0_1_0_0_0_1_1_0_0_0_0_0_1_1_0_0_0_0_0_0_0_1_0_0_0_0_0_1_1_1_1_1_0_1,1,1.3333333333333335e-5,4.714045207910318e-6,0.2755102040816326,375.0
0_1_0_0_0_1_1_1_1_0_0_0_1_1_0_0_1_0_1_0_0_1_0_0_0_0_0_0_0_0_0_1_0_0_0_0_0_1_1_1_0_0_0_0,1,1.3333333333333335e-5,4.714045207910318e-6,0.2755102040816326,295.0
0_0_0_0_0_0_0_1_0_1_0_0_0_0_1_0_0_1_1_0_0_1_0_0_0_0_0_1_1_1_1_0_0_1_1_0_1_1_1_0_1_1_0_1,1,1.3333333333333335e-5,9.428090415820635e-6,0.2755102040816326,172.5
1_1_1_1_1_1_1_0_1_1_1_0_1_1_1_0_0_1_1_1_1_0_1_0_1_1_1_1_1_1_1_0_1_0_1_1_1_1_0_0_0_0_1_0,1,1.3333333333333335e-5,4.714045207910318e-6,0.2653061224489796,225.0
1_1_1_1_1_1_1_0_1_0_1_1_1_0_0_1_0_0_0_1_1_0_1_1_1_1_1_1_1_1_1_1_1_1_1_1_1_0_0_0_1_0_1_1,1,1.3333333333333335e-5,4.714045207910318e-6,0.2602040816326531,225.0
0_0_0_0_0_1_1_1_0_1_0_0_1_0_1_1_1_1_1_0_0_1_1_0_0_0_0_0_0_0_0_0_0_1_0_0_0_1_1_1_1_1_0_1,1,1.3333333333333335e-5,4.714045207910318e-6,0.2653061224489796,261.6666666666667
1_1_1_1_1_1_1_0_1_0_1_1_1_1_0_1_1_0_0_1_1_0_1_1_1_1_1_0_0_1_0_1_1_0_0_1_0_0_0_1_0_0_1_0,1,1.3333333333333335e-5,4.714045207910318e-6,0.2755102040816326,231.66666666666666
0_0_0_0_0_1_0_1_0_1_0_0_1_0_1_0_1_1_1_0_0_1_0_0_0_0_0_0_0_0_0_1_0_0_0_0_0_1_1_1_1_1_0_0,1,1.3333333333333335e-5,4.714045207910318e-6,0.2755102040816326,158.33333333333334
1_0_1_1_1_1_0_0_0_1_1_1_1_1_1_1_0_1_1_1_1_0_1_0_1_1_1_1_1_1_1_0_1_0_1_1_1_0_0_0_0_0_1_0,1,1.3333333333333335e-5,4.714045207910318e-6,0.22448979591836735,148.33333333333334
1_0_1_1_1_0_0_0_0_1_1_0_1_1_1_0_0_1_1_1_1_1_1_1_1_1_1_1_1_1_1_0_1_1_1_1_1_0_0_0_0_0_1_0,1,1.3333333333333335e-5,4.714045207910318e-6,0.25510204081632654,166.66666666666666
0_1_0_1_1_0_1_0_1_0_1_1_0_0_0_1_1_0_0_1_0_1_0_0_1_1_0_0_0_0_0_1_1_0_0_0_0_0_1_1_1_1_1_1,1,1.3333333333333335e-5,9.428090415820635e-6,0.23979591836734693,190.0
1_1_1_1_1_1_1_0_1_1_1_0_1_1_1_0_0_1_1_1_1_0_0_1_1_1_1_1_1_1_1_0_1_0_1_1_1_1_0_0_0_0_1_0,1,1.3333333333333335e-5,4.714045207910318e-6,0.25510204081632654,178.33333333333334
1_1_1_0_0_1_1_1_1_0_1_1_0_0_0_1_1_0_0_1_0_1_1_1_1_1_1_0_0_0_0_1_0_0_0_0_0_0_1_1_1_1_1_1,1,1.3333333333333335e-5,4.714045207910318e-6,0.2857142857142857,183.33333333333334
1_0_1_0_1_0_0_0_0_1_1_1_0_1_1_0_1_1_1_1_0_1_0_0_1_1_1_0_0_0_0_0_1_1_0_0_0_0_1_1_0_0_1_0,1,1.3333333333333335e-5,4.714045207910318e-6,0.2653061224489796,245.0
1_0_1_0_0_0_0_1_0_1_1_0_1_0_1_1_0_1_1_0_0_0_1_0_0_0_1_1_1_0_1_0_0_1_1_0_1_1_1_0_1_1_0_0,1,1.3333333333333335e-5,9.428090415820635e-6,0.29081632653061223,262.5
0_0_0_0_0_0_0_1_0_1_0_0_1_1_1_0_0_1_1_0_1_1_1_1_0_0_0_1_1_1_1_1_0_0_1_1_1_1_0_0_0_0_0_0,1,1.3333333333333335e-5,9.428090415820635e-6,0.2653061224489796,160.0
1_1_1_1_1_0_1_0_1_0_1_1_0_0_0_1_0_0_0_1_1_0_1_1_1_1_1_1_1_1_1_0_1_1_1_1_1_0_0_0_1_1_1_1,1,1.3333333333333335e-5,4.714045207910318e-6,0.2653061224489796,163.33333333333334
1_1_1_1_1_1_1_0_1_1_1_0_0_1_1_0_0_1_0_1_1_0_0_1_1_1_1_1_1_1_1_0_1_0_1_1_1_1_0_0_0_0_1_0,1,1.3333333333333335e-5,4.714045207910318e-6,0.2653061224489796,193.33333333333334
1_1_1_1_1_1_1_0_1_0_1_1_1_1_0_1_1_0_0_1_1_0_1_1_1_1_1_0_0_1_0_1_1_0_0_1_0_1_0_1_0_0_1_0,1,1.3333333333333335e-5,4.714045207910318e-6,0.2602040816326531,191.66666666666666
0_1_0_0_0_0_0_1_1_0_0_1_0_1_0_0_1_0_0_0_0_1_0_0_0_0_0_0_0_0_0_1_0_0_0_0_0_0_1_1_0_0_0_1,1,1.3333333333333335e-5,4.714045207910318e-6,0.2602040816326531,278.3333333333333
1_1_1_1_1_0_0_0_1_0_1_1_1_1_0_0_0_0_0_1_1_0_0_1_1_1_1_1_1_1_1_0_1_0_1_1_1_0_0_0_0_0_1_0,1,1.3333333333333335e-5,4.714045207910318e-6,0.2755102040816326,236.66666666666666
1_1_1_1_1_0_0_0_1_0_1_1_0_1_0_1_1_0_0_1_0_0_0_0_1_1_1_0_0_0_0_1_1_0_0_0_0_0_1_1_0_0_1_1,1,1.3333333333333335e-5,1.2472191289246472e-5,0.2653061224489796,111.66666666666667
1_1_1_1_1_1_1_0_1_0_1_1_1_1_0_1_1_0_0_1_1_1_1_1_1_1_1_0_0_0_0_1_1_0_0_1_0_0_0_1_0_0_1_0,1,1.3333333333333335e-5,1.2472191289246472e-5,0.28061224489795916,188.33333333333334
0_0_0_0_0_1_0_1_0_1_0_0_1_0_1_0_1_1_1_0_0_1_1_0_0_0_0_0_0_0_0_0_0_0_0_0_0_1_1_1_1_1_0_0,1,1.3333333333333335e-5,1.2472191289246472e-5,0.2653061224489796,161.66666666666669
0_0_0_0_0_0_0_1_1_0_0_0_1_0_0_1_1_0_1_0_0_1_0_1_0_0_0_0_0_0_0_1_0_0_0_0_0_0_1_1_1_1_0_1,1,1.3333333333333335e-5,9.428090415820635e-6,0.2857142857142857,370.0
1_0_1_1_1_0_0_0_0_1_1_1_0_0_1_1_1_1_1_1_0_0_1_0_1_1_1_0_0_0_0_0_1_1_0_0_0_0_1_1_1_1_1_1,1,1.3333333333333335e-5,9.428090415820635e-6,0.2653061224489796,230.0
1_1_1_1_1_1_1_0_0_1_1_1_0_1_1_0_0_1_0_1_1_0_1_1_1_1_1_1_1_1_1_0_1_1_1_1_1_1_0_0_0_0_1_0,1,1.3333333333333335e-5,1.2472191289246474e-5,0.27040816326530615,200.0
1_0_1_0_0_0_0_1_0_1_0_0_1_1_1_0_0_1_1_0_1_1_1_1_0_0_1_1_1_1_1_0_0_1_1_1_1_0_0_0_0_0_0_0,1,1.3333333333333335e-5,1.2472191289246474e-5,0.20918367346938777,173.33333333333331
1_1_1_1_1_0_1_0_1_0_1_1_1_1_0_1_1_0_0_1_1_0_1_1_1_1_1_0_0_0_0_0_1_0_0_1_0_0_0_1_0_0_1_0,1,1.3333333333333335e-5,9.428090415820635e-6,0.3010204081632653,147.5
0_1_0_1_0_1_1_1_1_0_0_0_0_0_0_1_0_0_0_0_1_0_0_1_0_0_0_1_1_1_1_1_0_1_1_1_1_1_0_0_1_1_0_1,1,1.3333333333333335e-5,1.8856180831641267e-5,0.25510204081632654,270.0
1_1_1_1_1_1_1_0_1_0_1_1_1_0_0_1_1_0_0_1_0_1_1_0_1_1_1_0_0_0_0_1_1_1_0_0_0_1_1_1_1_0_1_1,1,1.3333333333333335e-5,1.8856180831641267e-5,0.25510204081632654,162.5
0_0_0_0_0_1_1_1_0_1_0_0_0_0_1_1_1_1_1_0_0_1_1_0_0_0_0_0_0_0_0_0_0_1_0_0_0_1_1_1_1_1_0_1,1,1.3333333333333335e-5,1.2472191289246472e-5,0.2602040816326531,168.33333333333331
1_1_1_0_0_1_0_0_0_1_0_1_0_0_0_1_0_0_1_0_1_0_1_1_0_0_1_1_1_1_1_0_1_1_1_1_1_1_0_0_1_1_0_1,1,1.3333333333333335e-5,1.2472191289246472e-5,0.2857142857142857,228.33333333333331
0_0_0_0_0_0_0_1_0_1_0_0_0_1_1_0_0_1_1_0_1_0_0_0_0_0_0_1_1_1_1_0_0_1_1_1_1_1_0_0_0_1_0_0,1,1.3333333333333335e-5,1.2472191289246474e-5,0.2755102040816326,141.66666666666669
0_0_0_0_0_0_0_1_0_0_0_0_0_1_1_1_1_1_1_0_1_1_0_1_0_0_0_0_0_1_0_0_0_1_0_1_0_0_0_1_0_1_0_1,1,1.3333333333333335e-5,9.428090415820635e-6,0.2755102040816326,240.0
0_0_0_0_0_1_0_1_0_1_0_0_1_1_1_0_0_1_1_0_1_1_0_0_0_0_0_1_1_1_1_1_0_1_1_1_1_1_0_0_0_0_0_0,1,1.3333333333333335e-5,1.2472191289246474e-5,0.2755102040816326,165.0
0_1_0_0_0_0_0_1_1_0_0_1_0_0_0_1_1_0_0_0_0_0_1_0_0_0_0_0_0_0_0_0_0_0_0_0_0_0_1_1_1_1_0_1,1,1.3333333333333335e-5,9.428090415820635e-6,0.2755102040816326,245.0
1_0_1_1_1_1_1_0_0_1_1_0_1_1_1_0_0_1_1_1_1_0_0_1_1_1_1_1_1_1_1_0_1_1_1_1_1_1_0_0_0_0_1_0,1,1.3333333333333335e-5,1.2472191289246472e-5,0.2653061224489796,163.33333333333331
1_0_1_1_1_1_0_0_0_1_1_1_1_1_1_0_1_1_1_1_0_0_0_0_1_1_1_0_0_0_0_0_1_1_0_0_0_0_1_1_0_0_1_0,1,1.3333333333333335e-5,1.2472191289246472e-5,0.25,205.0
1_1_1_1_1_1_1_0_1_0_1_1_1_0_0_1_1_0_0_1_0_0_1_0_1_1_1_0_0_0_0_0_1_0_0_0_0_0_1_1_1_0_1_1,1,1.0e-5,8.164965809277262e-6,0.27040816326530615,157.5
1_1_1_0_0_1_1_0_0_1_0_1_0_0_0_1_1_0_1_0_0_0_1_0_0_0_1_0_0_0_0_0_1_1_0_0_0_1_1_1_1_1_0_1,1,1.0e-5,0.0,0.2857142857142857,205.0
0_0_0_0_0_0_0_1_0_1_0_0_1_1_1_0_1_1_1_0_0_1_0_0_0_0_0_0_0_0_0_1_0_0_0_0_0_1_1_1_0_0_0_0,1,1.0e-5,8.164965809277262e-6,0.25510204081632654,122.5
1_0_1_1_1_1_1_0_0_1_1_0_1_1_1_0_0_1_1_1_1_1_1_0_1_1_1_1_1_1_1_1_1_1_1_1_1_1_0_0_0_0_1_0,1,1.0e-5,8.164965809277262e-6,0.2857142857142857,327.5
0_0_0_0_0_0_0_1_0_1_0_0_0_0_1_0_0_1_1_0_0_1_0_0_0_0_0_1_1_0_1_0_0_1_1_0_1_1_1_0_1_1_0_1,1,1.0e-5,8.164965809277262e-6,0.2755102040816326,222.5
1_1_1_0_0_1_1_1_1_0_1_1_0_0_0_1_1_0_0_1_0_1_0_0_1_1_1_0_0_0_0_1_0_0_0_0_0_0_1_1_1_1_1_1,1,1.0e-5,8.164965809277262e-6,0.2755102040816326,150.0
0_0_0_0_0_0_0_1_1_0_0_0_1_0_0_1_1_0_1_0_0_1_0_0_0_0_0_0_0_0_0_1_0_0_0_0_0_0_1_1_1_1_0_1,1,1.0e-5,8.164965809277262e-6,0.27040816326530615,150.0
1_1_1_1_1_0_1_0_1_0_1_1_0_0_0_1_0_0_0_1_1_0_0_1_1_1_1_1_1_1_1_0_1_1_1_1_1_0_0_0_1_1_1_1,1,1.0e-5,8.164965809277262e-6,0.27040816326530615,157.5
0_1_0_1_0_0_1_1_1_0_0_0_1_1_0_0_0_0_0_0_1_0_0_1_0_0_0_1_1_1_1_1_0_1_1_1_1_1_0_0_0_0_0_0,1,1.0e-5,8.164965809277262e-6,0.2755102040816326,265.0
0_1_0_0_0_0_0_1_1_0_0_1_0_1_0_0_1_0_0_0_0_0_0_0_0_0_0_0_0_0_0_0_0_0_0_0_0_0_1_1_0_0_0_1,1,1.0e-5,0.0,0.27040816326530615,143.33333333333334
0_1_0_1_1_1_1_0_1_0_1_1_1_1_0_0_1_0_0_1_1_1_0_1_1_1_0_0_0_1_0_1_1_0_0_1_0_0_0_1_0_0_1_0,1,1.0e-5,8.164965809277262e-6,0.29081632653061223,132.5
1_0_1_0_1_0_0_0_0_1_1_1_0_0_1_1_0_1_1_1_1_1_1_1_1_1_1_1_1_1_1_0_1_1_1_1_1_0_0_0_1_1_1_1,1,1.0e-5,0.0,0.28061224489795916,175.0
0_1_0_0_0_1_1_1_1_0_0_0_0_1_0_1_1_0_0_0_0_1_0_0_0_0_0_0_0_0_0_1_0_0_0_0_0_1_1_1_0_1_0_1,1,1.0e-5,8.164965809277262e-6,0.2857142857142857,230.0
1_0_1_1_1_1_1_0_0_1_1_1_0_0_1_1_1_1_1_1_0_0_1_0_1_1_1_0_0_0_0_0_1_1_0_0_0_0_1_1_1_1_1_1,1,1.0e-5,8.164965809277262e-6,0.27040816326530615,257.5
1_0_1_1_1_0_0_0_0_1_1_1_0_1_1_0_1_1_1_1_0_0_1_0_1_1_1_0_0_0_0_0_1_0_0_0_0_0_1_1_0_0_1_0,1,1.0e-5,8.164965809277262e-6,0.2602040816326531,305.0
0_0_0_0_0_0_0_1_0_1_0_0_1_1_1_0_0_1_1_0_1_1_0_0_0_0_0_1_1_1_1_1_0_0_1_1_1_1_0_0_0_0_0_0,1,1.0e-5,8.164965809277262e-6,0.2755102040816326,117.5
1_0_1_0_0_1_0_1_0_1_0_0_1_1_1_0_0_1_1_0_1_1_1_0_0_0_1_1_1_1_1_1_0_1_1_1_1_1_0_0_0_0_0_0,1,1.0e-5,8.164965809277262e-6,0.2653061224489796,142.5
1_1_1_1_1_1_1_0_1_0_1_1_0_0_0_1_1_0_0_1_0_0_1_0_1_1_1_0_0_0_0_1_1_0_0_0_0_0_1_1_1_1_1_1,1,1.0e-5,8.164965809277262e-6,0.23469387755102042,210.0
1_1_1_1_1_1_0_0_0_1_1_0_1_1_0_0_1_0_1_1_0_1_1_0_1_1_1_0_0_0_0_1_1_1_0_0_0_1_1_1_0_0_1_0,1,1.0e-5,8.164965809277262e-6,0.27040816326530615,132.5
0_0_0_0_0_1_0_1_0_1_0_0_0_0_1_1_1_1_1_0_0_0_1_0_0_0_0_0_0_0_0_0_0_0_0_0_0_1_1_1_1_1_0_1,1,1.0e-5,8.164965809277262e-6,0.27040816326530615,145.0
0_0_0_1_0_0_0_1_1_0_0_0_0_0_1_0_1_0_0_0_0_1_0_0_0_0_0_0_0_0_0_1_0_0_0_0_0_0_1_1_1_1_1_1,0,1.0e-5,8.164965809277262e-6,0.19387755102040816,1001.0
1_0_1_1_1_1_0_0_0_1_1_1_1_0_1_0_1_1_1_1_0_0_1_0_1_1_1_0_0_0_0_0_1_1_0_0_0_0_1_1_1_0_1_0,1,1.0e-5,1.4142135623730951e-5,0.28061224489795916,163.33333333333334
0_0_0_0_0_0_0_1_0_1_0_0_1_0_1_1_0_1_1_0_1_1_1_1_0_0_0_1_1_1_1_1_0_0_1_1_1_1_0_0_1_1_0_1,1,1.0e-5,8.164965809277262e-6,0.28061224489795916,155.0
0_0_0_0_0_1_1_1_0_1_0_0_1_1_1_0_0_1_1_0_1_0_0_1_0_0_0_1_1_1_1_0_0_1_1_1_1_1_0_0_0_0_0_0,1,1.0e-5,8.164965809277262e-6,0.25510204081632654,167.5
0_1_0_0_0_1_1_1_1_0_0_0_1_1_0_0_1_0_1_0_0_1_0_0_0_0_0_0_0_0_0_1_0_1_0_0_0_1_1_1_0_0_0_0,1,1.0e-5,8.164965809277262e-6,0.2755102040816326,205.0
0_0_0_0_0_1_0_1_0_1_0_0_1_0_1_0_0_1_1_0_1_1_1_1_0_0_0_1_1_1_1_0_0_0_1_1_1_1_0_0_1_1_0_0,1,1.0e-5,8.164965809277262e-6,0.27040816326530615,100.0
1_1_1_1_1_0_0_0_1_0_1_1_0_0_0_1_0_0_0_1_1_1_0_1_1_1_1_1_1_1_1_1_1_0_1_1_1_0_0_0_1_1_1_1,1,1.0e-5,8.164965809277262e-6,0.25510204081632654,180.0
0_1_0_0_0_0_1_1_1_0_0_1_0_0_0_1_0_0_0_0_1_0_0_1_0_0_0_1_1_1_1_1_0_0_1_1_1_1_0_0_1_1_0_1,1,1.0e-5,8.164965809277262e-6,0.25,330.0
0_0_0_0_0_1_1_1_0_1_0_0_1_0_1_0_0_1_1_0_1_0_0_1_0_0_0_1_1_1_1_0_0_1_1_1_1_1_0_0_1_1_0_0,1,1.0e-5,8.164965809277262e-6,0.2653061224489796,225.0
0_1_0_1_1_0_0_0_0_1_0_0_1_1_0_0_1_0_1_0_0_0_0_0_1_1_0_0_0_0_0_1_1_0_0_0_0_1_1_1_0_0_0_0,1,1.0e-5,8.164965809277262e-6,0.29591836734693877,250.0
0_0_0_0_0_0_0_1_0_1_0_0_0_1_1_0_0_1_1_0_1_1_0_1_0_0_0_1_1_1_1_0_0_1_1_1_1_1_0_0_0_1_0_0,1,1.0e-5,0.0,0.25510204081632654,253.33333333333334
0_1_0_0_0_0_1_1_1_0_0_1_0_1_0_0_1_0_0_0_0_0_0_0_0_0_0_0_0_0_0_1_0_0_0_0_0_0_1_1_0_0_0_1,1,1.0e-5,0.0,0.2602040816326531,150.0
0_1_0_1_0_0_0_1_1_0_0_0_1_1_0_0_1_0_0_0_0_0_0_0_0_0_0_0_0_0_0_1_0_0_0_0_0_1_1_1_0_0_0_0,1,1.0e-5,0.0,0.2857142857142857,213.33333333333334
1_0_1_1_1_1_0_0_0_1_1_0_1_1_1_0_0_1_1_1_1_0_0_0_1_1_1_1_1_1_1_0_1_1_1_1_1_0_0_0_0_0_1_0,1,1.0e-5,8.164965809277262e-6,0.27040816326530615,260.0
1_1_1_1_1_1_1_0_1_1_1_0_0_1_0_0_0_0_0_1_1_0_1_1_1_1_1_1_1_1_1_1_1_0_1_1_1_1_0_0_0_0_1_0,1,1.0e-5,8.164965809277262e-6,0.25510204081632654,182.5
1_0_1_0_0_0_0_1_0_1_0_0_0_0_1_0_0_1_1_0_0_1_0_0_0_0_1_1_1_0_1_0_0_1_1_0_1_0_1_0_1_1_0_1,1,1.0e-5,8.164965809277262e-6,0.23469387755102042,147.5
0_1_0_0_0_1_1_1_1_0_0_0_1_0_0_1_1_0_0_0_0_1_1_1_0_0_0_0_0_0_0_1_0_0_0_0_0_1_1_1_1_1_0_1,1,1.0e-5,8.164965809277262e-6,0.2755102040816326,167.5
0_1_0_1_1_1_1_0_1_1_1_0_0_1_1_0_0_1_0_1_1_0_0_1_1_1_0_1_1_1_1_0_1_0_1_1_1_1_0_0_0_0_1_0,1,1.0e-5,0.0,0.25,160.0
0_0_0_0_0_0_0_1_0_1_0_0_1_1_1_0_0_1_1_0_1_0_0_0_0_0_0_1_1_1_1_0_0_0_1_1_1_1_0_0_0_0_0_0,1,1.0e-5,8.164965809277262e-6,0.2653061224489796,240.0
1_0_1_1_1_1_0_0_0_1_1_0_1_1_1_0_0_1_1_1_1_0_1_1_1_1_1_1_1_1_1_0_1_1_1_1_1_0_0_0_0_0_1_0,1,1.0e-5,8.164965809277262e-6,0.25,187.5
0_0_0_0_0_0_0_1_0_1_0_0_1_0_1_1_1_1_1_0_0_1_1_0_0_0_0_0_0_0_0_0_0_0_0_0_0_1_1_1_1_1_0_1,1,1.0e-5,8.164965809277262e-6,0.2602040816326531,137.5
1_1_1_0_1_1_1_0_1_1_1_1_1_1_0_1_1_0_1_1_0_0_1_0_1_1_1_0_0_0_0_1_1_0_0_0_0_1_1_1_0_0_1_0,0,1.0e-5,8.164965809277262e-6,0.14285714285714285,1001.0
0_0_0_0_0_1_0_1_0_1_0_0_1_0_1_0_0_1_1_0_1_0_0_1_0_0_0_1_1_1_1_0_0_0_1_1_1_1_0_0_1_1_0_0,1,1.0e-5,8.164965809277262e-6,0.27040816326530615,237.5
0_0_0_0_0_0_0_1_0_1_0_0_0_1_1_0_1_1_1_0_0_1_0_0_0_0_0_0_0_0_0_1_0_0_0_0_0_1_1_1_0_1_0_0,1,1.0e-5,0.0,0.2755102040816326,140.0
1_0_1_1_1_0_0_0_0_1_1_1_0_0_1_1_1_1_1_1_0_0_1_0_1_1_1_0_0_0_0_0_1_0_0_0_0_0_1_1_1_1_1_1,1,1.0e-5,0.0,0.2653061224489796,160.0
0_1_0_0_0_1_1_1_1_0_0_0_1_0_0_1_1_0_0_0_0_1_0_1_0_0_0_0_0_0_0_1_0_0_0_0_0_1_1_1_1_1_0_1,1,1.0e-5,8.164965809277262e-6,0.28061224489795916,147.5
0_1_0_0_0_0_0_1_1_0_0_1_0_1_0_0_0_0_0_0_1_0_0_1_0_0_0_1_1_1_1_1_0_0_1_1_1_0_0_0_0_0_0_1,1,1.0e-5,8.164965809277262e-6,0.2602040816326531,250.0
1_0_1_1_1_0_0_0_0_1_1_1_0_0_1_1_0_1_1_1_1_0_1_1_1_1_1_1_1_1_1_0_1_0_1_1_1_0_0_0_1_1_1_1,1,1.0e-5,0.0,0.27040816326530615,126.66666666666667
0_0_0_0_0_0_0_1_0_1_0_0_1_0_1_0_1_1_1_0_0_1_0_0_0_0_0_0_0_0_0_0_0_0_0_0_0_1_1_1_1_1_0_0,1,1.0e-5,0.0,0.25,280.0
1_1_1_1_1_1_1_0_1_0_1_1_0_1_0_1_1_0_0_1_0_0_0_0_1_1_1_0_0_0_0_0_1_1_0_0_0_0_1_1_0_0_1_1,1,1.0e-5,0.0,0.2755102040816326,225.0
1_1_1_0_1_1_1_0_0_1_1_1_0_0_0_1_0_0_0_1_0_1_1_0_1_1_1_1_1_0_1_1_1_1_1_0_1_1_1_0_1_1_0_1,1,1.0e-5,8.164965809277262e-6,0.3112244897959184,147.5
1_0_1_1_1_1_0_0_0_1_1_1_0_1_1_0_1_1_1_1_0_0_0_0_1_1_1_0_0_0_0_0_1_0_0_0_0_0_1_1_0_0_1_0,1,1.0e-5,0.0,0.25510204081632654,250.0
1_0_1_1_1_1_1_0_0_1_1_0_1_0_1_1_0_1_1_1_1_1_1_1_1_1_1_1_1_1_1_0_1_1_1_1_1_1_0_0_1_1_1_0,1,1.0e-5,8.164965809277262e-6,0.2653061224489796,262.5
1_1_1_1_1_0_1_0_1_0_1_1_0_0_0_1_1_0_0_1_0_1_0_1_1_1_1_0_0_0_0_1_1_0_0_0_0_0_1_1_1_1_1_1,1,1.0e-5,8.164965809277262e-6,0.27040816326530615,272.5
0_1_0_0_0_0_0_1_1_0_0_1_0_0_0_1_1_0_0_0_0_0_1_1_0_0_0_0_0_0_0_1_0_0_0_0_0_0_1_1_1_1_0_1,1,1.0e-5,8.164965809277262e-6,0.2857142857142857,195.0
0_0_0_0_0_0_0_1_1_0_0_1_0_1_1_0_1_1_0_0_0_0_0_0_0_0_0_0_0_0_0_0_0_0_0_0_0_0_1_1_0_0_0_1,1,1.0e-5,8.164965809277262e-6,0.28061224489795916,142.5
1_0_1_1_1_1_0_0_0_1_1_0_1_1_1_0_1_1_1_1_0_1_0_0_1_1_1_0_0_0_0_0_1_1_0_0_0_1_1_1_0_0_1_0,1,1.0e-5,8.164965809277262e-6,0.2602040816326531,127.5
0_0_0_1_1_0_0_0_0_1_0_0_0_1_1_0_1_1_1_0_0_0_0_0_0_0_0_0_0_0_0_0_1_0_0_0_0_1_1_1_0_1_0_0,1,1.0e-5,8.164965809277262e-6,0.29591836734693877,322.5
0_1_0_0_0_0_0_1_0_0_0_1_1_0_0_1_0_0_0_0_1_1_0_1_0_0_0_1_1_1_1_1_0_1_1_1_1_1_0_0_1_1_0_1,1,1.0e-5,8.164965809277262e-6,0.2653061224489796,205.0
1_1_1_1_1_1_1_0_1_1_1_0_1_0_1_0_1_1_0_1_0_0_1_0_1_1_1_0_0_0_0_0_1_0_0_0_0_1_1_1_1_0_1_0,1,1.0e-5,0.0,0.2755102040816326,163.33333333333334
1_1_1_1_1_0_1_0_1_0_1_1_1_0_0_1_0_0_0_1_1_1_1_1_1_1_1_1_1_1_1_1_1_1_1_1_1_0_0_0_1_0_1_1,1,1.0e-5,8.164965809277262e-6,0.2755102040816326,180.0
1_1_1_1_1_0_1_0_1_0_1_1_0_0_0_1_0_0_0_1_1_0_0_1_1_1_1_1_1_1_1_0_1_0_1_1_1_0_0_0_1_1_1_1,1,1.0e-5,8.164965809277262e-6,0.2602040816326531,192.5
0_0_0_0_0_0_0_1_0_0_0_1_1_0_0_1_1_0_0_0_0_1_1_0_0_0_0_0_0_0_0_1_0_1_0_0_0_0_1_1_1_1_0_1,1,1.0e-5,8.164965809277262e-6,0.2602040816326531,382.5
1_1_1_1_1_1_1_0_1_0_1_1_1_1_0_0_0_0_0_1_1_0_0_1_1_1_1_1_1_1_1_1_1_1_1_1_1_0_0_0_0_0_1_0,1,1.0e-5,8.164965809277262e-6,0.25510204081632654,200.0
0_0_0_1_1_0_0_1_1_0_1_0_1_1_1_0_0_1_0_1_1_1_0_1_1_1_0_1_1_1_1_1_0_0_1_1_1_0_0_0_0_0_1_0,1,1.0e-5,8.164965809277262e-6,0.2857142857142857,215.0
0_0_0_0_0_0_0_1_1_0_0_0_1_0_0_1_1_0_0_0_0_1_0_0_0_0_0_0_0_0_0_1_0_0_0_0_0_0_1_1_1_1_0_1,1,1.0e-5,8.164965809277262e-6,0.2653061224489796,147.5
1_0_1_1_1_1_0_0_0_1_1_0_1_0_1_1_0_1_1_1_1_1_1_1_1_1_1_1_1_1_1_0_1_1_1_1_1_0_0_0_1_1_1_0,1,1.0e-5,8.164965809277262e-6,0.25510204081632654,170.0
1_1_1_1_1_0_0_0_1_0_1_1_0_0_0_1_0_0_0_1_1_0_0_1_1_1_1_1_1_1_1_0_1_0_1_1_1_0_0_0_1_1_1_1,1,1.0e-5,8.164965809277262e-6,0.2653061224489796,192.5
1_0_1_0_1_1_0_0_0_1_1_1_0_0_1_1_1_1_1_1_0_1_1_0_1_1_1_0_0_0_0_0_1_1_0_0_0_0_1_1_1_1_1_1,1,1.0e-5,8.164965809277262e-6,0.2755102040816326,355.0
1_1_1_1_1_1_1_0_1_0_1_1_0_1_0_1_1_0_0_1_0_0_1_0_1_1_1_0_0_0_0_0_1_1_0_0_0_0_1_1_0_0_1_1,1,1.0e-5,8.164965809277262e-6,0.27040816326530615,217.5
1_1_1_1_1_0_1_0_1_0_1_1_1_0_0_1_0_0_0_1_1_0_1_1_1_1_1_1_1_1_1_0_1_1_1_1_1_0_0_0_1_0_1_1,1,1.0e-5,8.164965809277262e-6,0.2857142857142857,127.5
1_1_1_1_1_0_0_0_1_0_1_1_1_0_0_1_1_0_0_1_0_1_1_1_1_1_1_0_0_0_0_1_1_0_0_0_0_0_1_1_1_0_1_1,1,1.0e-5,8.164965809277262e-6,0.29081632653061223,137.5
0_1_0_1_0_0_0_1_1_0_0_0_0_0_0_0_1_0_0_0_0_0_0_1_0_0_0_0_0_0_0_1_0_0_0_0_0_1_1_1_1_1_0_1,1,1.0e-5,1.4142135623730951e-5,0.23979591836734693,190.0
1_1_1_0_0_0_1_1_1_0_1_1_0_0_0_1_1_0_0_1_0_1_1_0_1_1_1_0_0_0_0_1_0_0_0_0_0_0_1_1_1_1_1_1,1,1.0e-5,1.4142135623730951e-5,0.28061224489795916,123.33333333333333
1_1_1_1_1_1_1_0_0_1_1_1_0_0_1_1_0_1_0_1_0_0_1_0_1_1_1_1_1_0_1_0_1_1_1_0_1_1_1_0_1_1_1_1,1,1.0e-5,8.164965809277262e-6,0.336734693877551,240.0
0_0_0_1_0_0_0_1_0_0_0_0_1_1_1_0_1_1_1_0_1_0_0_1_0_0_0_0_0_0_0_0_0_1_0_1_0_0_0_1_0_1_0_0,1,1.0e-5,8.164965809277262e-6,0.2755102040816326,150.0
1_1_1_0_0_1_1_1_1_0_1_1_0_0_0_1_0_0_0_1_1_1_1_1_1_1_1_1_1_1_1_1_0_1_1_1_1_0_0_0_1_1_1_1,1,1.0e-5,0.0,0.2755102040816326,270.0
1_1_1_1_1_0_1_0_1_0_1_1_0_1_0_1_0_0_0_1_1_1_1_1_1_1_1_1_1_1_1_1_1_1_1_1_1_0_0_0_0_0_1_1,1,1.0e-5,0.0,0.2653061224489796,140.0
1_1_1_1_1_0_1_0_1_0_1_1_1_0_0_1_1_0_0_1_0_1_1_0_1_1_1_0_0_0_0_1_1_0_0_0_0_0_1_1_1_0_1_1,1,1.0e-5,8.164965809277262e-6,0.27040816326530615,220.0
0_1_0_0_0_1_1_1_1_0_0_1_0_0_0_1_1_0_0_0_0_0_1_0_0_0_0_0_0_0_0_1_0_0_0_0_0_1_1_1_1_1_0_1,1,1.0e-5,8.164965809277262e-6,0.2602040816326531,252.5
0_1_0_0_0_1_1_1_1_0_0_0_0_0_0_1_1_0_0_0_0_1_1_0_0_0_0_0_0_0_0_1_0_0_0_0_0_1_1_1_1_1_0_1,1,1.0e-5,8.164965809277262e-6,0.25510204081632654,112.5
1_1_1_1_1_1_1_0_1_0_1_1_0_0_0_1_1_0_0_1_0_0_1_1_1_1_1_0_0_0_0_0_1_1_0_0_0_0_1_1_1_1_1_1,1,1.0e-5,0.0,0.2755102040816326,106.66666666666667
1_0_1_1_1_1_0_0_0_1_1_1_1_1_1_0_1_1_1_1_0_0_1_0_1_1_1_0_0_0_0_0_1_1_0_0_0_0_1_1_0_0_1_0,1,1.0e-5,8.164965809277262e-6,0.24489795918367346,127.5
0_0_0_0_0_0_1_1_1_0_0_1_0_1_1_0_0_1_0_0_1_0_0_1_0_0_0_1_1_1_1_0_0_0_1_1_1_0_0_0_0_0_0_1,1,1.0e-5,8.164965809277262e-6,0.27040816326530615,167.5
0_0_0_0_0_0_0_1_1_0_0_0_0_0_0_1_1_0_1_0_0_1_1_0_0_0_0_0_0_0_0_1_0_0_0_0_0_0_1_1_1_1_0_1,1,1.0e-5,8.164965809277262e-6,0.2602040816326531,245.0
1_1_1_1_1_1_1_0_1_0_1_1_0_0_0_1_1_0_0_1_0_1_1_1_1_1_1_0_0_0_0_1_1_1_0_0_0_0_1_1_1_1_1_1,1,1.0e-5,1.4142135623730951e-5,0.2653061224489796,206.66666666666666
0_1_0_0_0_1_1_1_1_0_0_0_1_0_0_1_1_0_0_0_0_1_1_0_0_0_0_0_0_0_0_1_0_1_0_0_0_1_1_1_1_1_0_1,1,1.0e-5,8.164965809277262e-6,0.2602040816326531,122.5
0_0_0_1_0_0_0_1_0_0_0_0_1_1_1_1_1_1_1_0_1_0_1_1_0_0_0_0_0_0_0_0_0_1_0_1_0_0_0_1_0_1_0_1,1,1.0e-5,8.164965809277262e-6,0.2755102040816326,170.0
0_0_0_0_0_0_0_1_0_0_0_1_1_0_1_1_1_1_1_0_0_0_0_1_0_0_0_0_0_0_0_0_0_1_0_0_0_0_1_1_1_1_0_1,1,1.0e-5,0.0,0.2755102040816326,213.33333333333334
1_1_1_0_0_1_0_1_0_1_1_1_0_0_0_1_1_0_0_1_0_1_1_0_0_0_1_0_0_0_0_1_0_1_0_0_0_1_1_1_1_1_0_1,1,1.0e-5,8.164965809277262e-6,0.28061224489795916,150.0
1_1_1_1_1_1_1_0_1_0_1_1_0_0_0_1_1_0_0_1_0_0_1_1_1_1_1_0_0_0_0_1_1_1_0_0_0_0_1_1_1_1_1_1,1,1.0e-5,0.0,0.2602040816326531,150.0
1_1_1_1_1_1_1_0_1_0_1_1_1_1_0_1_1_0_0_1_1_0_1_1_1_1_1_0_0_0_0_1_1_0_0_1_0_0_0_1_0_0_1_0,1,1.0e-5,8.164965809277262e-6,0.2755102040816326,222.5
0_0_0_0_0_0_0_1_1_0_0_1_0_1_1_0_1_1_0_0_0_1_0_0_0_0_0_0_0_0_0_0_0_0_0_0_0_0_1_1_0_0_0_1,1,1.0e-5,0.0,0.2755102040816326,143.33333333333334
0_1_0_0_0_1_1_1_1_0_0_0_1_1_0_0_0_0_0_0_1_1_0_1_0_0_0_1_1_1_1_1_0_1_1_1_1_1_0_0_0_0_0_0,1,1.0e-5,8.164965809277262e-6,0.2653061224489796,147.5
0_0_0_0_0_0_0_1_0_0_0_1_1_0_1_1_1_1_1_0_0_1_0_1_0_0_0_0_0_0_0_0_0_1_0_0_0_0_1_1_1_1_0_1,1,1.0e-5,0.0,0.27040816326530615,170.0
0_1_0_0_0_1_1_1_1_0_0_0_1_1_0_0_1_0_0_0_0_1_0_0_0_0_0_0_0_0_0_1_0_0_0_0_0_1_1_1_0_0_0_0,1,1.0e-5,0.0,0.27040816326530615,243.33333333333334
1_1_1_1_1_0_0_0_1_0_1_1_0_1_0_1_1_0_0_1_0_0_1_0_1_1_1_0_0_0_0_0_1_0_0_0_0_0_1_1_0_0_1_1,1,1.0e-5,8.164965809277262e-6,0.2755102040816326,265.0
0_0_0_0_0_1_0_1_0_1_0_0_1_1_1_0_0_1_1_0_1_1_1_0_0_0_0_1_1_1_1_0_0_1_1_1_1_1_0_0_0_0_0_0,1,1.0e-5,0.0,0.2653061224489796,140.0
0_0_0_1_1_0_0_0_1_0_0_0_1_1_0_0_0_0_1_0_1_0_0_1_0_0_0_1_1_1_1_0_1_0_1_1_1_0_0_0_0_0_1_0,1,1.0e-5,0.0,0.28061224489795916,250.0
1_0_1_1_1_0_0_0_0_1_1_0_1_0_1_1_1_1_1_1_0_1_1_0_1_1_1_0_0_0_0_0_1_1_0_0_0_0_1_1_1_1_1_0,1,1.0e-5,0.0,0.25,220.0
0_0_0_0_0_0_1_1_1_0_0_1_0_0_1_1_0_1_0_0_1_1_0_1_0_0_0_1_1_1_1_0_0_0_1_1_1_0_0_0_1_1_0_1,1,1.0e-5,0.0,0.2653061224489796,243.33333333333334
1_1_1_0_1_0_0_0_0_1_0_1_1_1_0_0_0_0_1_0_1_0_0_1_0_0_1_1_1_1_1_1_1_1_1_1_1_1_0_0_0_0_0_0,1,1.0e-5,8.164965809277262e-6,0.25510204081632654,250.0
1_1_1_1_1_0_1_0_1_0_1_1_1_0_0_1_1_0_0_1_0_0_1_1_1_1_1_0_0_0_0_1_1_0_0_0_0_0_1_1_1_0_1_1,1,1.0e-5,8.164965809277262e-6,0.28061224489795916,265.0
0_0_0_0_0_0_0_1_1_0_0_1_0_0_1_1_0_1_0_0_1_0_0_1_0_0_0_1_1_1_1_0_0_0_1_1_1_0_0_0_1_1_0_1,1,1.0e-5,8.164965809277262e-6,0.2755102040816326,137.5
0_1_0_0_0_0_1_1_1_0_0_1_0_0_0_1_1_0_0_0_0_0_0_1_0_0_0_0_0_0_0_1_0_0_0_0_0_0_1_1_1_1_0_1,1,1.0e-5,8.164965809277262e-6,0.2755102040816326,215.0
0_0_0_0_0_0_0_1_1_0_0_1_0_1_1_0_0_1_0_0_1_0_0_1_0_0_0_1_1_1_1_0_0_0_1_1_1_0_0_0_0_0_0_1,1,1.0e-5,0.0,0.2755102040816326,143.33333333333334
1_1_1_1_1_0_0_0_1_0_1_1_0_1_0_0_0_0_0_1_1_0_0_1_1_1_1_1_1_1_1_0_1_0_1_1_1_0_0_0_0_0_1_0,1,1.0e-5,8.164965809277262e-6,0.28061224489795916,252.5
0_0_0_0_0_1_0_1_0_1_0_0_1_1_1_0_0_1_1_0_1_1_0_1_0_0_0_1_1_1_1_0_0_1_1_1_1_1_0_0_0_0_0_0,1,1.0e-5,8.164965809277262e-6,0.24489795918367346,225.0
1_1_1_0_1_0_0_0_0_1_0_1_0_1_0_0_0_0_0_0_1_1_0_1_0_0_1_1_1_1_1_1_1_1_1_1_1_1_0_0_0_0_0_0,1,1.0e-5,0.0,0.27040816326530615,270.0
0_1_0_0_0_0_0_1_1_0_0_0_1_1_0_0_0_0_1_0_1_1_0_1_0_0_0_1_1_1_1_1_0_0_1_1_1_1_0_0_0_0_0_0,1,1.0e-5,8.164965809277262e-6,0.2755102040816326,267.5
1_1_1_0_0_1_0_1_0_1_1_1_0_0_1_1_1_1_0_1_0_1_1_0_0_1_1_0_0_0_0_1_0_1_0_0_0_1_1_1_1_1_0_1,1,1.0e-5,8.164965809277262e-6,0.29081632653061223,262.5
0_1_0_0_0_0_1_1_1_0_0_1_0_0_0_1_1_0_0_0_0_1_1_1_0_0_0_0_0_0_0_1_0_0_0_0_0_1_1_1_1_1_0_1,1,1.0e-5,8.164965809277262e-6,0.27040816326530615,187.5
1_0_1_1_1_0_0_0_0_1_1_1_0_0_1_1_0_1_1_1_1_0_1_1_1_1_1_1_1_1_1_0_1_1_1_1_1_0_0_0_1_1_1_1,1,1.0e-5,8.164965809277262e-6,0.27040816326530615,242.5
0_0_0_0_0_1_0_1_0_1_0_0_1_0_1_1_0_1_1_0_1_1_1_1_0_0_0_1_1_1_1_1_0_0_1_1_1_1_0_0_1_1_0_1,1,1.0e-5,8.164965809277262e-6,0.29081632653061223,200.0
0_0_0_0_0_0_0_1_0_1_0_0_1_1_1_0_0_1_1_0_1_1_1_1_0_0_0_1_1_1_1_0_0_1_1_1_1_1_0_0_0_0_0_0,1,1.0e-5,8.164965809277262e-6,0.23979591836734693,192.5
0_0_0_0_0_1_1_1_0_1_0_0_1_0_1_0_1_1_1_0_0_1_1_0_0_0_0_0_0_0_0_0_0_1_0_0_0_1_1_1_1_1_0_0,1,1.0e-5,8.164965809277262e-6,0.2602040816326531,200.0
1_1_1_1_1_1_1_0_1_0_1_1_1_1_0_0_1_0_0_1_0_0_0_0_1_1_1_0_0_0_0_1_1_1_0_0_0_0_1_1_0_0_1_0,1,1.0e-5,8.164965809277262e-6,0.2602040816326531,282.5
1_0_1_0_1_1_0_0_0_1_1_1_0_0_1_1_0_1_1_1_1_1_1_1_1_1_1_1_1_1_1_0_1_1_1_1_1_0_0_0_1_1_1_1,1,1.0e-5,8.164965809277262e-6,0.28061224489795916,132.5
1_0_1_1_1_0_0_0_0_1_1_1_0_1_1_0_0_1_1_1_1_0_1_0_1_1_1_1_1_1_1_0_1_1_1_1_1_0_0_0_0_0_1_0,1,1.0e-5,8.164965809277262e-6,0.28061224489795916,200.0
1_1_1_1_1_0_1_0_1_0_1_1_0_0_0_1_1_0_0_1_0_0_0_0_1_1_1_0_0_0_0_1_1_0_0_0_0_0_1_1_1_1_1_1,1,1.0e-5,8.164965809277262e-6,0.25,230.0
1_1_1_1_1_0_1_0_1_0_1_1_0_1_0_0_1_0_0_1_0_0_0_0_1_1_1_0_0_0_0_0_1_1_0_0_0_0_1_1_0_0_1_0,1,1.0e-5,8.164965809277262e-6,0.29081632653061223,197.5
0_0_0_0_0_0_0_1_0_1_0_0_1_1_1_0_1_1_1_0_0_1_1_0_0_0_0_0_0_0_0_0_0_0_0_0_0_1_1_1_0_0_0_0,1,1.0e-5,1.4142135623730951e-5,0.24489795918367346,173.33333333333334
0_0_0_1_0_1_1_1_1_0_1_0_1_0_1_1_1_1_1_1_0_0_1_1_1_1_0_0_0_0_0_0_0_0_0_0_0_0_1_1_1_1_1_1,1,1.0e-5,8.164965809277262e-6,0.2857142857142857,150.0
1_0_1_0_1_0_0_0_0_1_1_1_1_1_1_0_0_1_1_1_1_1_0_1_1_1_1_1_1_1_1_0_1_1_1_1_1_0_0_0_0_0_1_0,1,1.0e-5,8.164965809277262e-6,0.2653061224489796,210.0
1_1_1_1_1_0_0_0_0_1_0_1_0_1_0_0_0_0_0_0_1_0_0_1_0_0_1_1_1_1_1_1_1_1_1_1_1_1_0_0_0_0_0_0,1,1.0e-5,8.164965809277262e-6,0.28061224489795916,152.5
0_1_0_1_0_0_1_1_1_0_0_0_0_0_0_1_0_0_0_0_1_0_1_1_0_0_0_1_1_1_1_1_0_1_1_1_1_1_0_0_1_1_0_1,1,1.0e-5,1.4142135623730951e-5,0.2602040816326531,206.66666666666666
0_0_0_0_0_1_0_1_0_1_0_0_0_1_1_0_0_1_1_0_1_1_0_1_0_0_0_1_1_1_1_1_0_1_1_1_1_1_0_0_0_1_0_0,1,1.0e-5,8.164965809277262e-6,0.28061224489795916,152.5
0_0_0_0_0_1_1_1_0_1_0_0_1_0_1_0_0_1_1_0_1_1_1_1_0_0_0_1_1_1_1_1_0_1_1_1_1_1_0_0_1_1_0_0,1,1.0e-5,1.4142135623730951e-5,0.28061224489795916,160.0
0_0_0_1_0_1_0_1_0_1_1_0_1_0_1_1_0_1_1_1_1_0_1_1_1_1_0_1_1_1_1_0_0_0_1_1_1_0_0_0_1_1_1_1,1,1.0e-5,8.164965809277262e-6,0.29591836734693877,115.0
0_1_0_0_0_1_1_1_1_0_0_1_0_0_0_1_1_0_0_0_0_0_0_1_0_0_0_0_0_0_0_1_0_0_0_0_0_1_1_1_1_1_0_1,1,1.0e-5,8.164965809277262e-6,0.27040816326530615,195.0
1_1_1_1_1_1_1_0_1_0_1_1_1_0_0_1_1_0_0_1_0_1_1_1_1_1_1_0_0_0_0_1_1_1_0_0_0_0_1_1_1_0_1_1,1,1.0e-5,8.164965809277262e-6,0.2857142857142857,252.5
0_1_0_0_0_0_0_1_0_0_0_1_1_0_0_1_1_0_0_0_0_1_0_0_0_0_0_0_0_0_0_1_0_1_0_0_0_1_1_1_1_1_0_1,1,1.0e-5,8.164965809277262e-6,0.27040816326530615,157.5
0_0_0_0_0_0_0_1_0_1_0_0_1_0_1_0_1_1_1_0_0_0_0_0_0_0_0_0_0_0_0_0_0_0_0_0_0_1_1_1_1_1_0_0,1,1.0e-5,1.4142135623730951e-5,0.25510204081632654,190.0
1_1_1_0_0_1_1_1_1_0_1_1_0_0_0_1_1_0_0_1_0_1_0_0_1_1_1_0_0_0_0_1_0_1_0_0_0_0_1_1_1_1_1_1,1,1.0e-5,8.164965809277262e-6,0.2857142857142857,185.0
0_1_0_1_1_0_0_0_0_1_0_0_1_1_0_0_1_0_1_0_0_0_0_0_0_0_0_0_0_0_0_1_1_1_0_0_0_1_1_1_0_0_0_0,1,1.0e-5,8.164965809277262e-6,0.27040816326530615,287.5
0_0_0_0_0_0_0_1_0_1_0_0_1_0_1_0_0_1_1_0_1_0_0_1_0_0_0_1_1_1_1_0_0_0_1_1_1_0_0_0_1_1_0_0,1,1.0e-5,1.4142135623730951e-5,0.24489795918367346,133.33333333333334
0_0_0_1_1_0_0_0_0_1_0_0_1_1_1_0_0_1_1_0_1_0_1_1_0_0_0_1_1_1_1_0_1_1_1_1_1_1_0_0_0_0_0_0,1,1.0e-5,8.164965809277262e-6,0.2755102040816326,222.5
1_0_1_0_0_1_1_1_1_0_1_1_0_0_1_1_0_1_0_1_1_1_1_1_1_1_1_1_1_1_1_0_0_0_1_1_1_0_0_0_1_1_1_1,1,1.0e-5,8.164965809277262e-6,0.27040816326530615,97.5
0_1_0_0_0_0_0_1_1_0_0_1_0_1_0_0_1_0_0_0_0_0_0_0_0_0_0_0_0_0_0_1_0_0_0_0_0_0_1_1_0_0_0_1,1,1.0e-5,1.4142135623730951e-5,0.2653061224489796,113.33333333333333
1_0_1_1_1_0_0_0_0_1_1_1_1_1_1_0_0_1_1_1_1_0_0_1_1_1_1_1_1_1_1_0_1_1_1_1_1_0_0_0_0_0_1_0,1,1.0e-5,1.4142135623730951e-5,0.25510204081632654,163.33333333333334
1_1_1_1_1_1_1_0_1_1_1_0_0_1_1_0_1_1_0_1_0_0_1_0_1_1_1_0_0_0_0_0_1_0_0_0_0_1_1_1_0_0_1_0,1,1.0e-5,8.164965809277262e-6,0.2653061224489796,132.5
0_1_0_1_0_1_1_1_1_0_0_0_1_0_0_1_0_0_0_0_1_0_1_1_0_0_0_1_1_1_1_1_0_0_1_1_1_1_0_0_1_1_0_1,1,1.0e-5,8.164965809277262e-6,0.2653061224489796,152.5
1_1_1_1_1_1_1_0_1_0_1_1_1_0_0_1_1_0_0_1_0_0_1_1_1_1_1_0_0_0_0_1_1_0_0_0_0_0_1_1_1_0_1_1,1,1.0e-5,8.164965809277262e-6,0.27040816326530615,210.0
1_0_1_1_1_0_0_0_0_1_1_1_0_0_1_1_0_1_0_1_1_0_1_1_1_1_1_1_1_1_1_0_1_1_1_1_1_0_0_0_1_1_1_1,1,1.0e-5,8.164965809277262e-6,0.2755102040816326,210.0
0_1_0_0_0_1_1_1_1_0_0_0_1_0_0_1_0_0_0_0_1_1_0_1_0_0_0_1_1_1_1_1_0_1_1_1_1_1_0_0_1_1_0_1,1,1.0e-5,1.4142135623730951e-5,0.2602040816326531,243.33333333333334
1_0_1_1_1_1_0_0_0_1_1_1_0_0_1_1_0_1_1_1_1_0_1_1_1_1_1_1_1_1_1_0_1_1_1_1_1_0_0_0_1_1_1_1,1,1.0e-5,8.164965809277262e-6,0.27040816326530615,170.0
0_0_0_1_1_0_0_0_0_1_1_0_1_0_1_0_1_1_1_1_0_1_1_0_1_1_0_0_0_0_0_0_1_0_0_0_0_0_1_1_1_1_1_0,1,1.0e-5,8.164965809277262e-6,0.2857142857142857,127.5
0_0_0_0_0_0_0_1_0_1_0_0_0_0_1_0_0_1_1_0_0_0_0_0_0_0_0_1_1_1_1_0_0_1_1_0_1_0_1_0_1_1_0_1,1,1.0e-5,8.164965809277262e-6,0.2653061224489796,170.0
1_1_1_1_1_1_1_0_1_0_1_1_1_0_0_1_1_0_0_1_0_0_1_1_1_1_1_0_0_0_0_0_1_0_0_0_0_0_1_1_1_0_1_1,1,1.0e-5,1.4142135623730951e-5,0.2857142857142857,266.6666666666667
1_1_1_1_1_0_0_0_1_0_1_1_0_1_0_0_1_0_0_1_0_0_0_0_1_1_1_0_0_0_0_1_1_0_0_0_0_0_1_1_0_0_1_0,1,1.0e-5,8.164965809277262e-6,0.27040816326530615,287.5
0_0_0_1_1_0_0_0_0_1_0_0_1_1_1_0_0_1_1_0_1_0_0_0_0_0_0_1_1_1_1_0_1_0_1_1_1_1_0_0_0_0_0_0,1,1.0e-5,8.164965809277262e-6,0.29591836734693877,110.0
0_0_0_0_0_0_0_1_0_1_0_0_0_0_1_1_0_1_1_0_1_1_1_1_0_0_0_1_1_1_1_0_0_0_1_1_1_1_0_0_1_1_0_1,1,1.0e-5,8.164965809277262e-6,0.2602040816326531,212.5
0_1_0_0_0_0_0_1_1_0_0_0_1_1_0_0_1_0_0_0_0_1_0_0_0_0_0_0_0_0_0_1_0_0_0_0_0_1_1_1_0_0_0_0,1,1.0e-5,8.164965809277262e-6,0.2755102040816326,187.5
1_0_1_1_1_0_0_0_0_1_1_0_1_1_1_0_1_1_1_1_0_1_0_0_1_1_1_0_0_0_0_0_1_1_0_0_0_0_1_1_0_0_1_0,1,1.0e-5,8.164965809277262e-6,0.25510204081632654,312.5
0_0_0_0_0_0_0_1_0_1_0_0_1_1_1_0_0_1_1_0_1_1_0_0_0_0_0_1_1_1_1_1_0_1_1_1_1_1_0_0_0_0_0_0,1,1.0e-5,8.164965809277262e-6,0.2653061224489796,180.0
0_0_0_1_1_0_0_1_1_0_1_0_1_1_1_0_1_1_0_1_0_1_0_0_1_1_0_0_0_0_0_1_0_0_0_0_0_0_1_1_0_0_1_0,1,1.0e-5,8.164965809277262e-6,0.29081632653061223,267.5
1_1_1_0_1_0_0_0_0_1_0_1_0_1_0_0_0_0_1_0_1_0_0_0_0_0_1_1_1_1_1_1_1_1_1_1_1_1_0_0_0_0_0_0,1,1.0e-5,8.164965809277262e-6,0.2755102040816326,265.0
1_0_1_1_1_1_0_0_0_1_1_1_0_0_1_1_1_1_1_1_0_0_1_0_1_1_1_0_0_0_0_0_1_0_0_0_0_0_1_1_1_1_1_1,1,1.0e-5,8.164965809277262e-6,0.2653061224489796,200.0
1_1_1_1_1_0_1_0_1_0_1_1_0_0_0_1_1_0_0_1_0_1_1_0_1_1_1_0_0_0_0_1_1_1_0_0_0_0_1_1_1_1_1_1,1,1.0e-5,8.164965809277262e-6,0.2602040816326531,180.0
0_0_0_0_0_1_0_1_0_1_0_0_0_0_1_1_0_1_1_0_1_0_1_1_0_0_0_1_1_1_1_0_0_0_1_1_1_1_0_0_1_1_0_1,1,1.0e-5,8.164965809277262e-6,0.2755102040816326,107.5
0_1_0_0_0_0_0_1_1_0_0_1_0_0_0_1_1_0_0_0_0_0_1_1_0_0_0_0_0_0_0_0_0_0_0_0_0_0_1_1_1_1_0_1,1,1.0e-5,1.4142135623730951e-5,0.29081632653061223,156.66666666666666
0_0_0_0_0_0_0_1_0_1_0_0_1_1_1_0_0_1_1_0_1_1_1_0_0_0_0_1_1_1_1_0_0_1_1_1_1_1_0_0_0_0_0_0,1,1.0e-5,1.4142135623730951e-5,0.25510204081632654,186.66666666666666
0_0_0_0_0_1_0_1_0_1_0_0_1_0_1_0_1_1_1_0_0_1_0_0_0_0_0_0_0_0_0_0_0_1_0_0_0_1_1_1_1_1_0_0,1,1.0e-5,1.4142135623730951e-5,0.25,156.66666666666666
0_0_0_1_1_1_1_0_0_1_0_0_1_1_1_0_1_1_1_0_0_0_0_0_0_0_0_0_0_0_0_0_1_1_0_0_0_1_1_1_0_0_0_0,1,6.6666666666666675e-6,9.428090415820634e-6,0.28061224489795916,205.0
1_1_1_1_1_0_1_0_1_0_1_1_0_0_0_1_1_0_0_1_0_0_1_0_1_1_1_0_0_0_0_1_1_0_0_0_0_0_1_1_1_1_1_1,1,6.6666666666666675e-6,4.714045207910318e-6,0.24489795918367346,70.0
0_1_0_0_0_0_1_1_1_0_0_1_0_1_0_0_1_0_0_0_0_0_0_0_0_0_0_0_0_0_0_1_0_0_0_0_0_1_1_1_0_0_0_1,1,6.6666666666666675e-6,4.714045207910318e-6,0.25510204081632654,180.0
1_1_1_1_1_1_1_0_0_1_1_1_0_0_1_1_0_1_0_1_0_0_1_0_1_1_1_1_1_1_1_0_1_1_1_0_1_1_1_0_1_1_1_1,1,6.6666666666666675e-6,4.714045207910318e-6,0.336734693877551,330.0
1_0_1_1_1_0_0_0_0_1_1_1_1_1_1_0_0_1_1_1_1_0_1_0_1_1_1_1_1_1_1_0_1_1_1_1_1_0_0_0_0_0_1_0,1,6.6666666666666675e-6,4.714045207910318e-6,0.2653061224489796,190.0
1_1_1_1_1_1_1_0_1_0_1_1_1_1_0_1_1_0_0_1_1_0_1_1_1_1_1_0_0_1_0_1_1_1_0_1_0_1_0_1_0_0_1_0,1,6.6666666666666675e-6,4.714045207910318e-6,0.27040816326530615,140.0
0_0_0_0_0_1_0_1_0_1_0_0_1_0_1_1_1_1_1_0_0_1_1_0_0_0_0_0_0_0_0_0_0_0_0_0_0_1_1_1_1_1_0_1,1,6.6666666666666675e-6,4.714045207910318e-6,0.27040816326530615,305.0
1_0_1_0_1_0_0_0_0_1_1_1_1_1_1_0_1_1_1_1_0_1_0_0_1_1_1_0_0_0_0_0_1_1_0_0_0_0_1_1_0_0_1_0,1,6.6666666666666675e-6,9.428090415820634e-6,0.2602040816326531,250.0
0_1_0_1_0_0_0_1_1_0_0_0_0_0_0_1_0_0_0_0_1_0_1_1_0_0_0_1_1_1_1_1_0_0_1_1_1_1_0_0_1_1_0_1,1,6.6666666666666675e-6,9.428090415820634e-6,0.2653061224489796,155.0
0_1_0_1_0_1_1_1_1_0_0_0_1_0_0_1_1_0_0_0_0_0_1_1_0_0_0_0_0_0_0_1_0_0_0_0_0_1_1_1_1_1_0_1,1,6.6666666666666675e-6,4.714045207910318e-6,0.2857142857142857,205.0
0_1_0_0_0_1_1_1_1_0_0_1_0_1_0_0_0_0_0_0_1_0_0_1_0_0_0_1_1_1_1_1_0_0_1_1_1_1_0_0_0_0_0_1,1,6.6666666666666675e-6,4.714045207910318e-6,0.25,225.0
1_1_1_1_1_0_1_0_1_0_1_1_1_0_0_1_1_0_0_1_0_0_1_0_1_1_1_0_0_0_0_0_1_0_0_0_0_0_1_1_1_0_1_1,1,6.6666666666666675e-6,9.428090415820634e-6,0.28061224489795916,205.0
0_0_0_0_0_1_1_1_1_0_1_0_0_0_1_1_1_1_1_1_0_1_1_0_1_1_0_0_0_0_0_0_0_0_0_0_0_0_1_1_1_1_1_1,1,6.6666666666666675e-6,4.714045207910318e-6,0.2755102040816326,235.0
0_0_0_1_1_0_1_0_1_0_0_0_1_1_1_0_1_1_1_0_0_0_0_0_1_1_0_0_0_0_0_0_1_0_0_0_0_0_1_1_0_0_1_0,1,6.6666666666666675e-6,4.714045207910318e-6,0.2857142857142857,195.0
1_1_1_1_1_0_1_0_1_0_1_1_0_1_0_0_1_0_0_1_0_0_0_0_1_1_1_0_0_0_0_1_1_1_0_0_0_0_1_1_0_0_1_0,1,6.6666666666666675e-6,9.428090415820634e-6,0.2755102040816326,400.0
1_1_1_1_1_1_1_0_1_0_1_1_0_0_0_1_1_0_0_1_0_0_0_1_1_1_1_0_0_0_0_1_1_0_0_0_0_0_1_1_1_1_1_1,1,6.6666666666666675e-6,9.428090415820634e-6,0.25510204081632654,180.0
1_0_1_1_1_0_0_0_0_1_1_1_1_0_1_0_0_1_0_1_1_0_1_1_1_1_1_1_1_1_1_0_1_1_1_1_1_0_0_0_1_0_1_0,1,6.6666666666666675e-6,4.714045207910318e-6,0.29081632653061223,145.0
0_0_0_1_1_1_1_0_1_0_0_0_0_1_0_1_1_0_1_0_0_1_0_0_0_0_0_0_0_0_0_1_1_0_0_0_0_1_1_1_0_1_1_1,1,6.6666666666666675e-6,9.428090415820634e-6,0.3112244897959184,165.0
1_1_1_1_1_0_1_0_1_0_1_1_1_0_0_1_1_0_0_1_0_1_1_1_1_1_1_0_0_0_0_1_1_1_0_0_0_0_1_1_1_0_1_1,1,6.6666666666666675e-6,4.714045207910318e-6,0.29591836734693877,155.0
1_1_1_0_0_0_0_1_1_0_1_1_0_0_0_1_1_0_0_1_0_1_1_1_1_1_1_0_0_0_0_1_0_0_0_0_0_0_1_1_1_1_1_1,1,6.6666666666666675e-6,4.714045207910318e-6,0.3010204081632653,240.0
1_1_1_1_1_1_1_0_1_0_1_1_0_0_0_1_1_0_0_1_0_0_0_1_1_1_1_0_0_0_0_0_1_0_0_0_0_0_1_1_1_1_1_1,1,6.6666666666666675e-6,9.428090415820634e-6,0.27040816326530615,165.0
1_1_1_1_1_1_0_0_0_1_1_0_1_1_0_0_1_0_1_1_0_0_0_0_1_1_1_0_0_0_0_1_1_1_0_0_0_1_1_1_0_0_1_0,1,6.6666666666666675e-6,4.714045207910318e-6,0.27040816326530615,260.0
1_1_1_1_1_0_1_0_1_0_1_1_0_1_0_1_1_0_0_1_0_0_0_0_1_1_1_0_0_0_0_1_1_1_0_0_0_0_1_1_0_0_1_1,1,6.6666666666666675e-6,4.714045207910318e-6,0.27040816326530615,115.0
1_1_1_1_1_0_0_0_1_0_1_1_1_0_0_1_0_0_0_1_1_1_1_1_1_1_1_1_1_1_1_1_1_0_1_1_1_0_0_0_1_0_1_1,1,6.6666666666666675e-6,4.714045207910318e-6,0.27040816326530615,145.0
1_0_1_0_1_1_0_0_0_1_1_1_1_1_1_1_0_1_1_1_1_1_1_0_1_1_1_1_1_1_1_0_1_0_1_1_1_0_0_0_0_0_1_0,1,6.6666666666666675e-6,4.714045207910318e-6,0.23469387755102042,155.0
0_1_0_0_0_0_1_1_1_0_0_0_1_0_0_1_0_0_0_0_1_1_0_1_0_0_0_1_1_1_1_1_0_0_1_1_1_1_0_0_1_1_0_1,1,6.6666666666666675e-6,9.428090415820634e-6,0.2602040816326531,125.0
0_1_0_0_0_0_1_1_1_0_0_0_1_1_0_0_0_0_1_0_1_1_0_1_0_0_0_1_1_1_1_1_0_1_1_1_1_1_0_0_0_0_0_0,1,6.6666666666666675e-6,9.428090415820634e-6,0.27040816326530615,245.0
1_1_1_1_1_1_1_0_1_0_1_1_0_0_0_1_1_0_0_1_0_0_1_1_1_1_1_0_0_0_0_1_1_0_0_0_0_0_1_1_1_1_1_1,1,6.6666666666666675e-6,4.714045207910318e-6,0.25,220.0
1_0_1_0_1_0_0_0_0_1_1_1_1_1_1_0_0_1_1_1_1_1_1_1_1_1_1_1_1_1_1_0_1_0_1_1_1_0_0_0_0_0_1_0,1,6.6666666666666675e-6,9.428090415820634e-6,0.2602040816326531,210.0
1_1_1_1_1_1_1_0_1_0_1_1_1_1_0_0_1_0_0_1_1_0_0_1_1_1_1_0_0_1_0_0_1_0_0_1_0_0_0_1_0_0_1_0,1,6.6666666666666675e-6,4.714045207910318e-6,0.336734693877551,220.0
0_0_0_1_0_0_0_1_1_0_0_0_1_1_1_0_1_1_1_0_1_0_0_1_0_0_0_0_0_1_0_0_0_0_0_1_0_0_0_1_0_0_1_0,1,6.6666666666666675e-6,4.714045207910318e-6,0.3112244897959184,360.0
0_1_0_0_0_0_1_1_1_0_0_1_0_0_0_1_1_0_0_0_0_0_1_1_0_0_0_0_0_0_0_1_0_0_0_0_0_0_1_1_1_1_0_1,1,6.6666666666666675e-6,4.714045207910318e-6,0.28061224489795916,310.0
1_1_1_0_0_0_1_1_1_0_1_1_1_0_0_1_1_0_0_1_0_1_1_0_1_1_1_0_0_0_0_1_0_0_0_0_0_0_1_1_1_0_1_1,1,6.6666666666666675e-6,9.428090415820634e-6,0.3010204081632653,195.0
0_0_0_1_0_0_1_1_1_0_0_0_0_0_0_0_1_0_0_0_0_1_0_0_0_0_0_0_0_0_0_1_0_0_0_0_0_0_1_1_1_1_1_1,0,6.6666666666666675e-6,4.714045207910318e-6,0.1989795918367347,1001.0
1_0_1_0_1_0_0_0_0_1_1_1_1_1_1_0_0_1_1_1_1_1_0_0_1_1_1_1_1_1_1_0_1_0_1_1_1_0_0_0_0_0_1_0,1,6.6666666666666675e-6,9.428090415820634e-6,0.28061224489795916,140.0
0_0_0_0_0_1_0_1_0_1_0_0_1_1_1_0_0_1_1_0_1_0_0_0_0_0_0_1_1_1_1_0_0_0_1_1_1_1_0_0_0_0_0_0,1,6.6666666666666675e-6,9.428090415820634e-6,0.2755102040816326,300.0
0_1_0_0_0_0_0_1_1_0_0_0_1_0_0_1_1_0_0_0_0_1_0_0_0_0_0_0_0_0_0_1_0_0_0_0_0_1_1_1_1_1_0_1,1,6.6666666666666675e-6,4.714045207910318e-6,0.27040816326530615,185.0
0_1_0_0_0_0_1_1_1_0_0_0_0_0_0_1_0_0_0_0_1_1_0_1_0_0_0_1_1_1_1_1_0_1_1_1_1_1_0_0_1_1_0_1,1,6.6666666666666675e-6,4.714045207910318e-6,0.24489795918367346,140.0
1_0_1_1_1_1_1_0_0_1_1_0_1_1_1_0_0_1_1_1_1_1_1_1_1_1_1_1_1_1_1_1_1_1_1_1_1_1_0_0_0_0_1_0,1,6.6666666666666675e-6,9.428090415820634e-6,0.27040816326530615,205.0
1_1_1_1_1_1_1_0_1_0_1_1_1_1_0_1_1_0_0_1_1_1_1_1_1_1_1_0_0_1_0_1_1_1_0_1_0_1_0_1_0_0_1_0,1,6.6666666666666675e-6,4.714045207910318e-6,0.2755102040816326,155.0
0_1_0_0_0_1_1_1_1_0_0_0_0_0_0_1_1_0_0_0_0_1_1_0_0_0_0_0_0_0_0_1_0_1_0_0_0_1_1_1_1_1_0_1,1,6.6666666666666675e-6,4.714045207910318e-6,0.25510204081632654,340.0
0_0_0_0_0_1_0_1_0_1_0_0_1_1_1_0_1_1_1_0_0_1_1_0_0_0_0_0_0_0_0_1_0_0_0_0_0_1_1_1_0_0_0_0,1,6.6666666666666675e-6,4.714045207910318e-6,0.27040816326530615,150.0
1_1_1_1_1_1_1_0_1_0_1_1_0_1_0_1_1_0_0_1_0_0_1_0_1_1_1_0_0_0_0_1_1_1_0_0_0_0_1_1_0_0_1_1,1,6.6666666666666675e-6,4.714045207910318e-6,0.25510204081632654,175.0
0_0_0_0_0_0_0_1_0_1_0_0_1_0_1_0_1_1_1_0_0_1_1_0_0_0_0_0_0_0_0_0_0_0_0_0_0_1_1_1_1_1_0_0,1,6.6666666666666675e-6,4.714045207910318e-6,0.25510204081632654,185.0
1_1_1_1_1_1_1_0_1_0_1_1_1_1_0_0_0_0_0_1_1_0_0_1_1_1_1_1_1_1_1_0_1_1_1_1_1_0_0_0_0_0_1_0,1,6.6666666666666675e-6,4.714045207910318e-6,0.27040816326530615,185.0
1_0_1_1_1_1_1_0_0_1_1_1_0_0_1_1_1_1_0_1_0_0_1_0_1_1_1_0_0_0_0_0_1_1_0_0_0_0_1_1_1_1_1_1,1,6.6666666666666675e-6,4.714045207910318e-6,0.2755102040816326,240.0
0_1_0_1_0_0_1_1_1_0_0_0_1_0_0_1_0_0_0_0_1_0_1_1_0_0_0_1_1_1_1_1_0_0_1_1_1_1_0_0_1_1_0_1,1,6.6666666666666675e-6,4.714045207910318e-6,0.2653061224489796,310.0
0_0_0_0_0_1_0_1_0_1_0_0_1_1_1_0_1_1_1_0_0_0_1_0_0_0_0_0_0_0_0_0_0_0_0_0_0_1_1_1_0_0_0_0,1,6.6666666666666675e-6,9.428090415820634e-6,0.2602040816326531,240.0
1_1_1_1_1_1_1_0_1_1_1_1_1_0_0_0_0_0_0_1_0_0_1_0_1_1_1_1_1_0_1_1_1_0_1_0_1_1_1_0_1_0_1_0,1,6.6666666666666675e-6,9.428090415820634e-6,0.2755102040816326,185.0
1_0_1_0_0_0_1_1_1_0_1_1_0_0_1_1_0_1_0_1_1_1_1_1_1_1_1_1_1_1_1_0_0_0_1_1_1_0_0_0_1_1_1_1,1,6.6666666666666675e-6,4.714045207910318e-6,0.28061224489795916,180.0
1_1_1_1_1_0_0_0_0_1_0_1_1_1_0_0_1_0_0_0_0_0_0_0_0_0_1_0_0_0_0_1_1_1_0_0_0_1_1_1_0_0_0_0,1,6.6666666666666675e-6,4.714045207910318e-6,0.27040816326530615,290.0
1_1_1_0_1_1_0_0_0_1_1_1_1_1_1_1_0_1_1_1_1_0_1_1_1_1_1_1_1_1_1_0_1_1_1_1_1_1_0_0_0_0_0_0,0,6.6666666666666675e-6,4.714045207910318e-6,0.1989795918367347,1001.0
0_0_0_0_0_1_0_1_0_1_0_0_1_1_1_0_0_1_1_0_1_1_1_1_0_0_0_1_1_1_1_1_0_1_1_1_1_1_0_0_0_0_0_0,1,6.6666666666666675e-6,4.714045207910318e-6,0.2653061224489796,130.0
0_1_0_0_0_1_1_1_1_0_0_1_0_1_0_0_1_0_0_0_0_1_0_0_0_0_0_0_0_0_0_1_0_0_0_0_0_1_1_1_0_0_0_1,1,6.6666666666666675e-6,4.714045207910318e-6,0.25,235.0
1_1_1_1_1_1_1_0_1_0_1_1_0_1_0_1_0_0_0_1_1_0_1_1_1_1_1_1_1_1_1_0_1_1_1_1_1_0_0_0_0_0_1_1,1,6.6666666666666675e-6,4.714045207910318e-6,0.2653061224489796,155.0
1_1_1_1_1_1_1_0_1_1_1_0_1_0_1_0_0_1_0_1_1_0_1_1_1_1_1_1_1_1_1_0_1_0_1_1_1_1_0_0_1_0_1_0,1,6.6666666666666675e-6,4.714045207910318e-6,0.28061224489795916,135.0
1_1_1_0_1_1_1_0_1_1_1_1_0_0_0_0_0_0_0_1_0_1_0_0_1_1_1_1_1_1_1_1_1_0_1_0_1_1_1_0_1_0_1_0,1,6.6666666666666675e-6,9.428090415820634e-6,0.2755102040816326,145.0
0_1_0_0_0_0_1_1_1_0_0_0_0_0_0_1_1_0_0_0_0_1_1_1_0_0_0_0_0_0_0_1_0_0_0_0_0_1_1_1_1_1_0_1,1,6.6666666666666675e-6,4.714045207910318e-6,0.27040816326530615,195.0
1_0_1_1_1_0_0_0_0_1_1_1_1_0_1_0_1_1_0_1_0_0_1_0_1_1_1_0_0_0_0_0_1_0_0_0_0_0_1_1_1_0_1_0,1,6.6666666666666675e-6,4.714045207910318e-6,0.2857142857142857,305.0
1_1_1_1_1_1_1_0_1_0_1_1_0_1_0_1_0_0_0_1_1_0_0_1_1_1_1_1_1_1_1_1_1_1_1_1_1_0_0_0_0_0_1_1,1,6.6666666666666675e-6,4.714045207910318e-6,0.25510204081632654,205.0
1_1_1_1_1_1_1_0_1_0_1_1_0_1_0_0_0_0_0_1_1_0_0_1_1_1_1_1_1_1_1_0_1_1_1_1_1_0_0_0_0_0_1_0,1,6.6666666666666675e-6,4.714045207910318e-6,0.2755102040816326,220.0
0_0_0_0_0_1_0_1_0_1_0_0_0_0_1_1_0_1_1_0_0_1_1_0_0_0_0_1_1_0_1_1_0_1_1_0_1_1_1_0_1_1_0_1,1,6.6666666666666675e-6,4.714045207910318e-6,0.3469387755102041,110.0
0_0_0_0_0_1_1_1_0_1_0_0_1_1_1_0_0_1_1_0_1_1_1_1_0_0_0_1_1_1_1_1_0_1_1_1_1_1_0_0_0_0_0_0,1,6.6666666666666675e-6,4.714045207910318e-6,0.27040816326530615,200.0
1_1_1_1_1_1_1_0_1_0_1_1_0_0_0_1_1_0_0_1_0_0_0_1_1_1_1_0_0_0_0_1_1_1_0_0_0_1_1_1_1_1_1_1,1,6.6666666666666675e-6,4.714045207910318e-6,0.25,140.0
0_1_0_0_0_0_1_1_1_0_0_1_0_0_0_1_1_0_0_0_0_0_1_0_0_0_0_0_0_0_0_1_0_0_0_0_0_1_1_1_1_1_0_1,1,6.6666666666666675e-6,4.714045207910318e-6,0.2602040816326531,225.0
0_0_0_0_0_1_1_1_0_1_0_0_0_1_1_0_0_1_1_0_1_1_0_0_0_0_0_1_1_1_1_0_0_1_1_1_1_1_0_0_0_1_0_0,1,6.6666666666666675e-6,4.714045207910318e-6,0.2857142857142857,155.0
1_1_1_1_1_1_1_0_0_1_1_0_1_1_0_0_1_0_1_1_0_0_0_0_1_1_1_0_0_0_0_1_1_1_0_0_0_1_1_1_0_0_1_0,1,6.6666666666666675e-6,4.714045207910318e-6,0.2755102040816326,185.0
0_0_0_0_0_1_1_1_0_1_0_0_0_1_1_0_0_1_1_0_1_0_0_0_0_0_0_1_1_1_1_0_0_1_1_1_1_1_0_0_0_1_0_0,1,6.6666666666666675e-6,4.714045207910318e-6,0.29081632653061223,145.0
0_0_0_0_0_1_0_1_0_1_0_0_0_0_1_1_0_1_1_0_1_1_1_1_0_0_0_1_1_1_1_0_0_0_1_1_1_1_0_0_1_1_0_1,1,6.6666666666666675e-6,4.714045207910318e-6,0.27040816326530615,165.0
1_0_1_1_1_1_0_0_0_1_1_0_1_1_1_0_0_1_1_1_1_1_1_0_1_1_1_1_1_1_1_0_1_1_1_1_1_0_0_0_0_0_1_0,1,6.6666666666666675e-6,4.714045207910318e-6,0.27040816326530615,215.0
0_1_0_1_1_0_1_0_1_0_1_1_1_1_0_0_1_0_0_1_1_1_0_1_1_1_0_0_0_0_0_1_1_0_0_1_0_0_0_1_0_0_1_0,1,6.6666666666666675e-6,4.714045207910318e-6,0.3010204081632653,105.0
1_1_1_0_1_0_1_0_1_0_0_1_0_1_0_1_0_0_0_0_1_1_0_1_0_0_1_1_1_1_1_1_1_1_1_1_1_1_0_0_0_0_0_1,1,6.6666666666666675e-6,4.714045207910318e-6,0.2857142857142857,145.0
0_1_0_0_0_0_0_1_0_0_0_1_0_1_0_1_0_0_1_0_1_1_0_1_0_0_0_1_1_1_1_1_0_1_1_1_1_1_0_0_0_1_0_1,1,6.6666666666666675e-6,4.714045207910318e-6,0.29081632653061223,155.0
1_0_1_1_1_1_1_0_1_1_1_0_1_0_1_0_1_1_0_1_0_0_1_0_1_1_1_0_0_0_0_0_1_0_0_0_0_0_1_1_1_0_1_0,1,6.6666666666666675e-6,4.714045207910318e-6,0.29081632653061223,280.0
1_1_1_1_1_1_0_0_0_1_1_0_1_0_0_1_0_0_1_1_1_0_1_1_1_1_1_1_1_1_1_1_1_1_1_1_1_1_0_0_1_1_1_0,1,6.6666666666666675e-6,4.714045207910318e-6,0.27040816326530615,220.0
0_1_0_0_0_0_1_1_1_0_0_1_0_1_0_0_0_0_0_0_1_0_0_1_0_0_0_1_1_1_1_1_0_0_1_1_1_1_0_0_0_0_0_1,1,6.6666666666666675e-6,4.714045207910318e-6,0.25,160.0
1_0_1_0_1_1_0_0_0_1_1_1_1_0_1_0_0_1_1_1_1_1_1_1_1_1_1_1_1_1_1_0_1_1_1_1_1_0_0_0_1_0_1_0,1,6.6666666666666675e-6,4.714045207910318e-6,0.29591836734693877,145.0
0_1_0_1_0_0_0_1_1_0_0_0_1_0_0_1_0_0_0_0_1_0_1_1_0_0_0_1_1_1_1_1_0_0_1_1_1_1_0_0_1_1_0_1,1,6.6666666666666675e-6,4.714045207910318e-6,0.27040816326530615,110.0
1_1_1_1_1_1_1_0_1_0_1_1_0_0_0_1_1_0_0_1_0_0_0_1_1_1_1_0_0_0_0_0_1_1_0_0_0_0_1_1_1_1_1_1,1,6.6666666666666675e-6,4.714045207910318e-6,0.28061224489795916,115.0
1_1_1_1_1_1_0_0_0_1_1_0_1_0_0_1_1_0_1_1_0_1_1_0_1_1_1_0_0_0_0_1_1_1_0_0_0_1_1_1_1_1_1_0,1,6.6666666666666675e-6,4.714045207910318e-6,0.27040816326530615,200.0
0_0_0_1_1_0_0_0_0_1_0_0_0_1_1_0_1_1_1_0_0_0_0_0_1_1_0_0_0_0_0_0_1_0_0_0_0_1_1_1_0_1_1_0,1,6.6666666666666675e-6,4.714045207910318e-6,0.3010204081632653,225.0
0_0_0_1_1_0_0_0_1_0_0_0_1_1_1_0_0_1_1_0_1_0_0_1_1_1_0_1_1_1_1_0_1_0_1_1_1_0_0_0_0_0_1_0,1,6.6666666666666675e-6,4.714045207910318e-6,0.2857142857142857,135.0
0_0_0_1_1_0_1_0_1_0_0_0_1_1_0_0_1_0_1_0_0_1_0_0_0_0_0_0_0_0_0_1_1_0_0_0_0_1_1_1_0_0_1_0,1,6.6666666666666675e-6,4.714045207910318e-6,0.29591836734693877,165.0
1_0_1_0_0_1_1_1_1_0_1_1_1_0_1_1_0_1_0_1_1_1_1_1_1_1_1_1_1_1_1_0_0_1_1_1_1_0_0_0_1_0_1_1,1,6.6666666666666675e-6,4.714045207910318e-6,0.3010204081632653,120.0
0_0_0_1_1_1_1_0_1_0_0_0_1_1_0_0_1_0_1_0_0_1_0_0_0_0_0_0_0_0_0_1_1_1_0_0_0_1_1_1_0_0_1_0,1,6.6666666666666675e-6,4.714045207910318e-6,0.29591836734693877,150.0
1_1_1_1_1_1_1_0_1_0_1_1_1_1_0_1_1_0_0_1_1_0_1_1_1_1_1_0_0_0_0_0_1_0_0_1_0_0_0_1_0_0_1_0,1,6.6666666666666675e-6,4.714045207910318e-6,0.29081632653061223,115.0
1_1_1_1_1_1_1_0_1_0_1_1_1_1_0_0_1_0_0_1_1_0_0_1_1_1_1_0_0_1_0_1_1_0_0_1_0_0_0_1_0_0_1_0,1,6.6666666666666675e-6,4.714045207910318e-6,0.32142857142857145,155.0
0_0_0_0_0_1_1_1_1_0_1_0_1_0_1_1_0_1_1_1_1_1_1_1_1_1_0_1_1_1_1_0_0_0_1_1_1_0_0_0_1_1_1_1,1,6.6666666666666675e-6,9.428090415820634e-6,0.2755102040816326,235.0
1_0_1_0_0_0_0_1_0_0_0_1_1_1_0_0_1_0_1_0_0_1_0_0_0_0_1_0_0_0_0_1_0_1_0_0_0_0_1_1_0_0_0_0,1,6.6666666666666675e-6,4.714045207910318e-6,0.2602040816326531,235.0
0_1_0_0_0_0_0_1_1_0_0_0_0_0_0_1_1_0_0_0_0_1_1_1_0_0_0_0_0_0_0_1_0_0_0_0_0_1_1_1_1_1_0_1,1,6.6666666666666675e-6,4.714045207910318e-6,0.2755102040816326,140.0
1_0_1_0_0_0_0_1_0_1_0_0_0_0_1_1_0_1_1_0_0_0_1_0_0_0_1_1_1_0_1_0_0_1_1_0_1_0_1_0_1_1_0_1,1,6.6666666666666675e-6,4.714045207910318e-6,0.2755102040816326,190.0
0_0_0_0_0_0_0_1_0_1_0_0_1_0_1_0_0_1_1_0_1_1_1_1_0_0_0_1_1_1_1_0_0_0_1_1_1_1_0_0_1_1_0_0,1,6.6666666666666675e-6,4.714045207910318e-6,0.2602040816326531,235.0
1_0_1_0_0_0_0_1_0_1_0_0_1_0_1_1_0_1_1_0_0_0_1_0_0_0_1_1_1_0_1_0_0_1_1_0_1_1_1_0_1_1_0_1,1,6.6666666666666675e-6,4.714045207910318e-6,0.30612244897959184,210.0
1_0_1_1_1_1_0_0_0_1_1_0_1_0_1_1_1_1_1_1_0_0_1_0_1_1_1_0_0_0_0_0_1_1_0_0_0_0_1_1_1_1_1_0,1,6.6666666666666675e-6,4.714045207910318e-6,0.24489795918367346,160.0
1_1_1_1_1_1_1_0_0_1_1_0_1_0_0_1_1_0_1_1_0_0_1_0_1_1_1_0_0_0_0_1_1_1_0_0_0_1_1_1_1_1_1_0,1,6.6666666666666675e-6,4.714045207910318e-6,0.27040816326530615,135.0
1_0_1_0_0_1_1_1_1_0_1_1_1_0_1_1_0_1_0_1_1_1_1_1_0_1_1_1_1_1_1_1_0_1_1_1_1_0_0_0_1_0_1_1,1,6.6666666666666675e-6,4.714045207910318e-6,0.3112244897959184,145.0
1_0_1_1_1_1_1_0_1_1_1_0_0_1_1_0_0_1_1_1_1_0_1_0_1_1_1_1_1_1_1_0_1_0_1_1_1_0_0_0_0_0_1_0,1,6.6666666666666675e-6,4.714045207910318e-6,0.2857142857142857,145.0
0_1_0_1_0_1_1_1_1_0_0_0_1_1_0_0_0_0_0_0_1_0_0_1_0_0_0_1_1_1_1_1_0_1_1_1_1_1_0_0_0_0_0_0,1,6.6666666666666675e-6,4.714045207910318e-6,0.2755102040816326,220.0
0_0_0_0_0_0_0_1_0_1_0_0_1_1_1_0_0_1_1_0_1_1_1_1_0_0_0_1_1_1_1_1_0_1_1_1_1_1_0_0_0_0_0_0,1,6.6666666666666675e-6,4.714045207910318e-6,0.25510204081632654,175.0
0_0_0_1_1_0_0_0_0_1_1_0_1_0_1_0_0_1_1_1_1_0_1_1_1_1_0_1_1_1_1_0_1_0_1_1_1_0_0_0_1_1_1_0,1,6.6666666666666675e-6,4.714045207910318e-6,0.2857142857142857,245.0
0_0_0_1_1_0_0_0_0_1_0_0_1_1_1_0_0_1_1_0_1_0_0_0_1_1_0_1_1_1_1_0_1_0_1_1_1_1_0_0_0_0_1_0,1,6.6666666666666675e-6,4.714045207910318e-6,0.3010204081632653,230.0
0_0_0_0_0_1_0_1_0_1_0_0_0_0_1_0_0_1_1_0_0_1_0_0_0_0_0_1_1_0_1_1_0_1_1_0_1_1_1_0_1_1_0_1,1,6.6666666666666675e-6,4.714045207910318e-6,0.3010204081632653,190.0
0_0_0_1_1_0_0_0_0_1_0_0_0_1_1_0_0_1_1_0_1_0_0_1_0_0_0_1_1_1_1_0_1_0_1_1_1_1_0_0_0_1_0_0,1,6.6666666666666675e-6,4.714045207910318e-6,0.3010204081632653,135.0
0_1_0_1_0_1_1_1_1_0_0_0_1_0_0_1_1_0_0_0_0_0_1_1_0_0_0_0_0_0_0_1_0_1_0_0_0_1_1_1_1_1_0_1,1,6.6666666666666675e-6,4.714045207910318e-6,0.2857142857142857,190.0
0_1_0_0_0_0_0_1_1_0_0_0_0_0_0_1_0_0_0_0_1_1_1_1_0_0_0_1_1_1_1_1_0_0_1_1_1_1_0_0_1_1_0_1,1,6.6666666666666675e-6,9.428090415820634e-6,0.25510204081632654,260.0
1_0_1_1_1_1_0_0_0_1_1_1_0_1_1_0_0_1_1_1_1_0_1_0_1_1_1_1_1_1_1_0_1_0_1_1_1_0_0_0_0_0_1_0,1,6.6666666666666675e-6,9.428090415820634e-6,0.28061224489795916,200.0
0_0_0_1_1_0_0_0_0_1_0_0_0_1_1_0_0_1_1_0_1_0_0_0_0_0_0_1_1_1_1_0_1_1_1_1_1_1_0_0_0_1_0_0,1,6.6666666666666675e-6,4.714045207910318e-6,0.30612244897959184,150.0
0_1_0_0_0_0_0_1_1_0_0_1_0_0_0_1_1_0_0_0_0_1_0_0_0_0_0_0_0_0_0_1_0_0_0_0_0_0_1_1_1_1_0_1,1,6.6666666666666675e-6,4.714045207910318e-6,0.2602040816326531,170.0
1_1_1_1_1_1_1_0_1_0_1_1_0_1_0_0_1_0_0_1_0_0_0_0_1_1_1_0_0_0_0_1_1_1_0_0_0_0_1_1_0_0_1_0,1,6.6666666666666675e-6,4.714045207910318e-6,0.2653061224489796,180.0
1_1_1_1_1_1_1_0_1_1_1_1_1_1_1_1_1_1_0_1_0_0_1_0_1_1_1_0_0_0_0_1_1_0_0_0_0_1_1_1_0_0_1_0,0,6.6666666666666675e-6,4.714045207910318e-6,0.15306122448979592,1001.0
0_1_0_1_0_1_1_1_1_0_0_0_0_0_0_1_0_0_0_0_1_0_1_1_0_0_0_1_1_1_1_1_0_1_1_1_1_1_0_0_1_1_0_1,1,6.6666666666666675e-6,4.714045207910318e-6,0.2602040816326531,175.0
0_0_0_1_1_1_0_0_0_1_0_0_0_1_1_0_1_1_1_0_0_0_0_0_0_0_0_0_0_0_0_0_1_1_0_0_0_1_1_1_0_1_0_0,1,6.6666666666666675e-6,4.714045207910318e-6,0.29591836734693877,285.0
1_0_1_0_1_0_0_0_0_1_1_1_0_1_1_0_1_1_1_1_0_1_1_0_1_1_1_0_0_0_0_0_1_1_0_0_0_0_1_1_0_0_1_0,1,6.6666666666666675e-6,4.714045207910318e-6,0.27040816326530615,115.0
0_0_0_0_0_1_0_1_0_1_0_0_0_1_1_0_0_1_1_0_1_1_0_1_0_0_0_1_1_1_1_0_0_0_1_1_1_1_0_0_0_1_0_0,1,6.6666666666666675e-6,4.714045207910318e-6,0.2755102040816326,150.0
1_0_1_1_1_0_0_0_0_1_1_1_0_1_1_0_0_1_1_1_1_0_0_0_1_1_1_1_1_1_1_0_1_1_1_1_1_0_0_0_0_0_1_0,1,6.6666666666666675e-6,4.714045207910318e-6,0.2755102040816326,185.0
1_1_1_1_1_1_1_0_0_1_1_1_0_1_1_0_0_1_1_1_1_0_0_1_1_1_1_1_1_1_1_0_1_1_1_1_1_1_0_0_0_0_1_0,1,6.6666666666666675e-6,4.714045207910318e-6,0.2602040816326531,205.0
1_1_1_1_1_1_1_0_1_1_1_0_0_1_1_0_0_1_0_1_1_0_1_0_1_1_1_1_1_1_1_0_1_0_1_1_1_1_0_0_0_0_1_0,1,6.6666666666666675e-6,9.428090415820634e-6,0.2857142857142857,165.0
1_1_1_0_0_1_1_1_1_0_1_1_0_0_0_1_0_0_0_1_1_1_1_1_0_0_1_1_1_1_1_1_0_1_1_1_1_0_0_0_1_1_0_1,1,6.6666666666666675e-6,9.428090415820634e-6,0.28061224489795916,100.0
1_1_1_1_1_0_1_0_1_0_1_1_0_1_0_1_1_0_0_1_0_0_1_0_1_1_1_0_0_0_0_0_1_1_0_0_0_0_1_1_0_0_1_1,1,6.6666666666666675e-6,4.714045207910318e-6,0.28061224489795916,105.0
0_1_0_1_0_1_1_1_1_0_0_0_1_1_0_0_1_0_0_0_0_0_0_0_0_0_0_0_0_0_0_1_0_0_0_0_0_1_1_1_0_0_0_0,1,6.6666666666666675e-6,4.714045207910318e-6,0.28061224489795916,255.0
1_1_1_1_1_0_0_0_0_1_0_1_0_1_0_0_1_0_0_0_0_0_0_0_0_0_1_0_0_0_0_1_1_1_0_0_0_1_1_1_0_0_0_0,1,6.6666666666666675e-6,9.428090415820634e-6,0.2755102040816326,315.0
1_0_1_0_0_1_0_1_0_1_0_0_1_1_1_0_0_1_1_0_1_1_1_1_0_0_1_1_1_1_1_0_0_1_1_1_1_1_0_0_0_0_0_0,1,6.6666666666666675e-6,4.714045207910318e-6,0.23469387755102042,140.0
1_0_1_1_1_1_0_0_0_1_1_1_1_1_1_0_0_1_1_1_1_0_0_1_1_1_1_1_1_1_1_0_1_1_1_1_1_0_0_0_0_0_1_0,1,6.6666666666666675e-6,4.714045207910318e-6,0.25510204081632654,185.0
0_1_0_1_1_0_1_0_1_0_0_1_0_1_0_0_1_0_0_1_1_0_0_1_1_1_0_0_0_1_0_1_1_0_0_1_0_0_0_1_0_0_1_1,1,6.6666666666666675e-6,4.714045207910318e-6,0.29591836734693877,195.0
1_1_1_1_1_0_0_0_1_0_1_1_0_0_0_1_1_0_0_1_0_0_1_0_1_1_1_0_0_0_0_1_1_0_0_0_0_0_1_1_1_1_1_1,1,6.6666666666666675e-6,4.714045207910318e-6,0.25,165.0
0_1_0_0_0_0_0_1_1_0_0_0_1_1_0_0_0_0_0_0_1_1_0_1_0_0_0_1_1_1_1_1_0_0_1_1_1_1_0_0_0_0_0_0,1,6.6666666666666675e-6,4.714045207910318e-6,0.27040816326530615,195.0
1_0_1_0_0_0_0_1_0_1_0_0_0_0_1_1_0_1_1_0_0_0_1_0_0_0_1_1_1_1_1_0_0_1_1_0_1_0_1_0_1_1_0_1,1,6.6666666666666675e-6,4.714045207910318e-6,0.2755102040816326,120.0
0_1_0_0_0_0_1_1_1_0_0_0_1_1_0_0_1_0_1_0_0_1_0_0_0_0_0_0_0_0_0_1_0_1_0_0_0_1_1_1_0_0_0_0,1,6.6666666666666675e-6,4.714045207910318e-6,0.2755102040816326,395.0
0_0_0_0_0_0_0_1_0_0_0_0_1_1_1_0_1_1_1_0_1_1_0_1_0_0_0_0_0_0_0_0_0_1_0_1_0_0_0_1_0_1_0_0,1,6.6666666666666675e-6,4.714045207910318e-6,0.2755102040816326,335.0
0_0_0_1_1_1_0_0_0_1_0_0_1_1_1_0_0_1_1_0_1_0_0_0_0_0_0_1_1_1_1_0_1_1_1_1_1_1_0_0_0_0_0_0,1,6.6666666666666675e-6,4.714045207910318e-6,0.29591836734693877,250.0
0_0_0_1_1_1_0_0_0_1_0_0_1_1_1_0_1_1_1_0_0_0_0_0_0_0_0_0_0_0_0_0_1_1_0_0_0_1_1_1_0_0_0_0,1,6.6666666666666675e-6,4.714045207910318e-6,0.2755102040816326,150.0
1_1_1_1_1_0_1_0_1_0_1_1_0_1_0_1_0_0_0_1_1_0_1_1_1_1_1_1_1_1_1_1_1_1_1_1_1_0_0_0_0_0_1_1,1,6.6666666666666675e-6,4.714045207910318e-6,0.2602040816326531,150.0
0_0_0_0_0_0_0_1_0_1_0_0_1_1_1_0_0_1_1_0_1_1_0_0_0_0_0_1_1_1_1_0_0_1_1_1_1_1_0_0_0_0_0_0,1,6.6666666666666675e-6,4.714045207910318e-6,0.25,245.0
1_0_1_1_1_1_0_0_0_1_1_1_1_1_1_0_0_1_1_1_1_0_1_0_1_1_1_1_1_1_1_0_1_1_1_1_1_0_0_0_0_0_1_0,1,6.6666666666666675e-6,4.714045207910318e-6,0.2653061224489796,100.0
1_1_1_1_1_0_1_0_1_0_1_1_0_0_0_1_1_0_0_1_0_0_1_0_1_1_1_0_0_0_0_0_1_0_0_0_0_0_1_1_1_1_1_1,1,6.6666666666666675e-6,4.714045207910318e-6,0.2602040816326531,315.0
0_0_0_0_0_1_0_1_0_1_0_0_1_1_1_0_0_1_1_0_1_1_1_0_0_0_0_1_1_1_1_1_0_1_1_1_1_1_0_0_0_0_0_0,1,6.6666666666666675e-6,4.714045207910318e-6,0.28061224489795916,200.0
0_1_0_0_0_1_1_1_1_0_0_0_0_1_0_1_0_0_0_0_1_1_0_1_0_0_0_1_1_1_1_1_0_0_1_1_1_1_0_0_0_1_0_1,1,6.6666666666666675e-6,4.714045207910318e-6,0.28061224489795916,150.0
1_1_1_1_1_0_1_0_1_0_1_1_0_1_0_0_0_0_0_1_1_0_0_1_1_1_1_1_1_1_1_1_1_1_1_1_1_0_0_0_0_0_1_0,1,6.6666666666666675e-6,9.428090415820634e-6,0.27040816326530615,185.0
1_1_1_1_1_1_1_0_1_0_1_1_1_1_0_0_1_0_0_1_1_1_0_1_1_1_1_0_0_0_0_1_1_0_0_1_0_0_0_1_0_0_1_0,1,6.6666666666666675e-6,4.714045207910318e-6,0.32653061224489793,100.0
0_1_0_1_1_1_1_0_1_0_1_1_1_1_0_1_1_0_0_1_1_1_1_1_1_1_0_0_0_0_0_1_1_0_0_1_0_1_0_1_0_0_1_0,1,6.6666666666666675e-6,9.428090415820634e-6,0.23979591836734693,175.0
1_1_1_1_1_0_0_0_1_0_1_1_1_0_0_1_0_0_0_1_1_0_1_1_1_1_1_1_1_1_1_1_1_0_1_1_1_0_0_0_1_0_1_1,1,6.6666666666666675e-6,4.714045207910318e-6,0.2653061224489796,280.0
1_1_1_1_1_1_1_0_1_0_1_1_0_1_0_1_1_0_0_1_1_0_1_1_1_1_1_0_0_0_0_1_1_0_0_1_0_1_0_1_0_0_1_1,1,6.6666666666666675e-6,4.714045207910318e-6,0.3010204081632653,195.0
1_1_1_1_1_1_1_0_1_0_1_1_0_1_0_0_1_0_0_1_0_0_0_0_1_1_1_0_0_0_0_0_1_1_0_0_0_0_1_1_0_0_1_0,1,6.6666666666666675e-6,4.714045207910318e-6,0.28061224489795916,155.0
1_1_1_0_1_1_1_0_1_1_1_1_1_1_0_1_1_0_1_1_0_1_1_0_1_1_1_0_0_0_0_1_1_0_0_0_0_1_1_1_0_0_1_0,0,6.6666666666666675e-6,4.714045207910318e-6,0.1377551020408163,1001.0
0_0_0_0_0_1_1_1_0_1_0_0_1_0_1_0_1_1_1_0_0_1_1_0_0_0_0_0_0_0_0_1_0_1_0_0_0_1_1_1_1_1_0_0,1,6.6666666666666675e-6,4.714045207910318e-6,0.2755102040816326,320.0
1_0_1_1_1_1_0_0_0_1_1_1_0_0_1_1_0_1_1_1_1_0_1_1_1_1_1_1_1_1_1_0_1_0_1_1_1_0_0_0_1_1_1_1,1,6.6666666666666675e-6,9.428090415820634e-6,0.27040816326530615,180.0
1_0_1_1_1_0_0_0_0_1_1_1_1_1_1_0_0_1_1_1_1_0_1_0_1_1_1_1_1_1_1_0_1_0_1_1_1_0_0_0_0_0_1_0,1,6.6666666666666675e-6,4.714045207910318e-6,0.2653061224489796,180.0
0_0_0_0_0_1_1_1_0_1_0_0_1_1_1_0_1_1_1_0_0_1_1_0_0_0_0_0_0_0_0_1_0_1_0_0_0_1_1_1_0_0_0_0,1,6.6666666666666675e-6,4.714045207910318e-6,0.2653061224489796,260.0
0_0_0_0_0_0_0_1_0_1_0_0_0_0_1_1_1_1_1_0_0_1_1_0_0_0_0_0_0_0_0_1_0_0_0_0_0_1_1_1_1_1_0_1,1,6.6666666666666675e-6,4.714045207910318e-6,0.27040816326530615,205.0
1_0_1_1_1_1_0_0_0_1_1_1_0_1_1_0_0_1_1_1_1_0_0_0_1_1_1_1_1_1_1_0_1_1_1_1_1_0_0_0_0_0_1_0,1,6.6666666666666675e-6,4.714045207910318e-6,0.2755102040816326,140.0
1_1_1_1_1_1_1_0_1_0_1_1_1_1_0_0_1_0_0_1_0_0_0_0_1_1_1_0_0_0_0_0_1_1_0_0_0_0_1_1_0_0_1_0,1,6.6666666666666675e-6,4.714045207910318e-6,0.2755102040816326,185.0
1_1_1_1_1_1_0_0_0_1_1_0_1_1_0_0_1_0_1_1_0_1_0_0_1_1_1_0_0_0_0_1_1_1_0_0_0_1_1_1_0_0_1_0,1,6.6666666666666675e-6,4.714045207910318e-6,0.2755102040816326,150.0
0_0_0_0_0_0_0_1_0_0_0_1_1_1_0_0_1_0_1_0_1_1_0_1_0_0_0_0_0_0_0_1_0_1_0_1_0_0_0_1_0_0_0_0,1,6.6666666666666675e-6,9.428090415820634e-6,0.336734693877551,230.0
1_0_1_0_0_1_0_1_0_1_0_0_1_1_1_0_0_1_1_0_1_0_1_1_0_0_1_1_1_1_1_0_0_1_1_1_1_1_0_0_0_0_0_0,1,6.6666666666666675e-6,9.428090415820634e-6,0.23979591836734693,265.0
0_1_0_0_0_0_0_1_1_0_0_0_0_0_0_1_0_0_0_0_1_1_0_1_0_0_0_1_1_1_1_1_0_0_1_1_1_1_0_0_1_1_0_1,1,6.6666666666666675e-6,4.714045207910318e-6,0.25,265.0
1_1_1_1_1_0_0_0_1_0_1_1_1_1_0_0_1_0_0_1_0_0_0_0_1_1_1_0_0_0_0_1_1_0_0_0_0_0_1_1_0_0_1_0,1,6.6666666666666675e-6,4.714045207910318e-6,0.2653061224489796,190.0
0_0_0_0_0_1_1_1_0_1_0_0_1_0_1_0_1_1_1_0_0_1_0_0_0_0_0_0_0_0_0_1_0_1_0_0_0_1_1_1_1_1_0_0,1,6.6666666666666675e-6,9.428090415820634e-6,0.27040816326530615,295.0
1_1_1_0_0_0_0_1_1_0_1_1_1_0_0_1_0_0_0_1_1_1_1_1_1_1_1_1_1_1_1_1_0_0_1_1_1_0_0_0_1_0_1_1,1,6.6666666666666675e-6,4.714045207910318e-6,0.3010204081632653,245.0
1_0_1_1_1_1_1_0_0_1_1_0_1_1_1_0_0_1_1_1_1_1_0_1_1_1_1_1_1_1_1_0_1_1_1_1_1_1_0_0_0_0_1_0,1,6.6666666666666675e-6,9.428090415820634e-6,0.27040816326530615,100.0
1_1_1_1_1_0_0_0_0_1_0_1_1_1_0_0_0_0_0_0_1_0_0_1_0_0_1_1_1_1_1_1_1_1_1_1_1_1_0_0_0_0_0_0,1,6.6666666666666675e-6,9.428090415820634e-6,0.2755102040816326,180.0
0_1_0_0_0_0_1_1_1_0_0_0_0_0_0_1_0_0_0_0_1_1_1_1_0_0_0_1_1_1_1_1_0_1_1_1_1_1_0_0_1_1_0_1,1,6.6666666666666675e-6,9.428090415820634e-6,0.25,180.0
0_1_0_0_0_0_0_1_1_0_0_1_0_0_0_1_0_0_0_0_1_0_0_1_0_0_0_1_1_1_1_1_0_0_1_1_1_0_0_0_1_1_0_1,1,6.6666666666666675e-6,4.714045207910318e-6,0.2602040816326531,160.0
1_1_1_1_1_0_1_0_1_0_1_1_0_1_0_1_0_0_0_1_1_0_0_1_1_1_1_1_1_1_1_1_1_1_1_1_1_0_0_0_0_0_1_1,1,6.6666666666666675e-6,9.428090415820634e-6,0.2653061224489796,115.0
1_1_1_0_1_1_0_0_0_1_1_1_1_1_1_1_1_1_1_1_0_0_1_0_1_1_1_0_0_0_0_0_1_1_0_0_0_1_1_1_0_0_0_0,0,6.6666666666666675e-6,9.428090415820634e-6,0.19387755102040816,1001.0
1_1_1_1_1_0_0_0_1_0_1_1_0_0_0_1_0_0_0_1_1_0_0_1_1_1_1_1_1_1_1_1_1_0_1_1_1_0_0_0_1_1_1_1,1,6.6666666666666675e-6,9.428090415820634e-6,0.25,170.0
1_1_1_1_1_0_0_0_1_0_1_1_1_0_0_1_1_0_0_1_0_0_1_0_1_1_1_0_0_0_0_0_1_0_0_0_0_0_1_1_1_0_1_1,1,6.6666666666666675e-6,4.714045207910318e-6,0.2857142857142857,220.0
0_1_0_0_0_0_1_1_1_0_0_1_0_0_0_1_1_0_0_0_0_0_0_0_0_0_0_0_0_0_0_1_0_0_0_0_0_1_1_1_1_1_0_1,1,6.6666666666666675e-6,4.714045207910318e-6,0.25510204081632654,210.0
0_0_0_0_0_1_0_1_0_1_0_0_1_0_1_0_1_1_1_0_0_0_1_0_0_0_0_0_0_0_0_0_0_0_0_0_0_1_1_1_1_1_0_0,1,6.6666666666666675e-6,4.714045207910318e-6,0.27040816326530615,190.0
0_1_0_0_0_0_1_1_1_0_0_1_0_0_0_1_1_0_0_0_0_1_0_1_0_0_0_0_0_0_0_1_0_0_0_0_0_1_1_1_1_1_0_1,1,6.6666666666666675e-6,9.428090415820634e-6,0.2653061224489796,130.0
1_1_1_1_1_1_1_0_1_0_1_1_1_1_0_1_1_0_0_1_1_1_1_1_1_1_1_0_0_0_0_1_1_1_0_1_0_1_0_1_0_0_1_0,1,6.6666666666666675e-6,4.714045207910318e-6,0.2755102040816326,130.0
0_0_0_0_0_1_0_1_0_1_0_0_0_1_1_0_0_1_1_0_1_1_0_0_0_0_0_1_1_1_1_1_0_1_1_1_1_1_0_0_0_1_0_0,1,6.6666666666666675e-6,4.714045207910318e-6,0.29591836734693877,455.0
1_1_1_0_1_1_0_0_0_1_1_1_1_1_0_1_0_0_1_1_1_0_1_1_1_1_1_1_1_1_1_0_1_1_1_1_1_1_0_0_0_0_0_0,0,6.6666666666666675e-6,9.428090415820634e-6,0.1989795918367347,1001.0
1_1_1_1_1_0_1_0_1_0_1_1_0_1_0_1_1_0_0_1_1_0_0_1_1_1_1_0_0_1_0_1_1_0_0_1_0_0_0_1_0_0_1_1,1,6.6666666666666675e-6,4.714045207910318e-6,0.33163265306122447,215.0
1_1_1_1_1_0_1_0_1_0_1_1_0_0_0_1_1_0_0_1_0_0_0_1_1_1_1_0_0_0_0_0_1_1_0_0_0_0_1_1_1_1_1_1,1,6.6666666666666675e-6,4.714045207910318e-6,0.29081632653061223,260.0
1_0_1_1_1_1_1_0_0_1_1_1_0_1_1_0_0_1_1_1_1_0_0_1_1_1_1_1_1_1_1_0_1_1_1_1_1_0_0_0_0_0_1_0,1,6.6666666666666675e-6,9.428090415820634e-6,0.2653061224489796,270.0
0_0_0_0_0_0_0_1_0_1_0_0_1_1_1_0_0_1_1_0_1_1_1_0_0_0_0_1_1_1_1_0_0_0_1_1_1_0_0_0_0_0_0_0,1,6.6666666666666675e-6,4.714045207910318e-6,0.25,150.0
1_1_1_1_1_0_0_0_1_0_1_1_0_0_0_1_1_0_0_1_0_1_0_0_1_1_1_0_0_0_0_1_1_0_0_0_0_0_1_1_1_1_1_1,1,6.6666666666666675e-6,4.714045207910318e-6,0.2602040816326531,115.0
0_0_0_0_0_0_0_1_1_0_0_0_1_1_0_0_1_0_1_0_1_1_0_1_0_0_0_0_0_1_0_1_0_0_0_1_0_0_0_1_0_0_0_0,1,6.6666666666666675e-6,4.714045207910318e-6,0.336734693877551,280.0
0_1_0_0_0_1_1_1_1_0_0_0_0_1_0_1_1_0_1_0_0_1_0_0_0_0_0_0_0_0_0_1_0_1_0_0_0_1_1_1_0_1_0_1,1,6.6666666666666675e-6,9.428090415820634e-6,0.29081632653061223,250.0
1_1_1_0_1_1_1_0_1_1_1_1_1_0_0_0_0_0_0_1_0_1_1_0_1_1_1_1_1_1_1_1_1_0_1_0_1_1_1_0_1_0_1_0,1,6.6666666666666675e-6,4.714045207910318e-6,0.2755102040816326,225.0
1_1_1_0_0_0_0_1_1_0_1_1_0_0_0_1_0_0_0_1_1_1_1_1_1_1_1_1_1_1_1_1_0_0_1_1_1_0_0_0_1_1_1_1,1,6.6666666666666675e-6,4.714045207910318e-6,0.28061224489795916,175.0
0_0_0_1_0_0_1_1_1_0_0_0_0_0_0_0_0_0_0_0_1_1_0_1_0_0_0_1_1_1_1_1_0_0_1_1_1_0_0_0_1_1_1_1,0,6.6666666666666675e-6,4.714045207910318e-6,0.19387755102040816,1001.0
0_0_0_0_0_1_0_1_0_1_0_0_0_0_1_0_0_1_1_0_0_0_0_0_0_0_0_1_1_0_1_0_0_0_1_0_1_1_1_0_1_1_0_1,1,6.6666666666666675e-6,4.714045207910318e-6,0.3010204081632653,165.0
1_1_1_1_1_0_1_0_1_0_1_1_0_0_0_1_1_0_0_1_0_1_0_0_1_1_1_0_0_0_0_1_1_1_0_0_0_0_1_1_1_1_1_1,1,6.6666666666666675e-6,9.428090415820634e-6,0.2653061224489796,160.0
0_0_0_0_0_0_0_1_1_0_0_0_1_0_0_1_1_0_0_0_0_1_1_0_0_0_0_0_0_0_0_1_0_0_0_0_0_0_1_1_1_1_0_1,1,6.6666666666666675e-6,9.428090415820634e-6,0.2602040816326531,210.0
1_0_1_0_0_0_0_1_0_1_0_0_1_0_1_0_0_1_1_0_0_1_1_0_0_0_1_1_1_0_1_0_0_1_1_0_1_0_1_0_1_1_0_0,1,6.6666666666666675e-6,9.428090415820634e-6,0.29081632653061223,190.0
0_0_0_1_0_0_0_1_0_0_0_0_1_1_1_1_1_1_1_0_1_0_0_1_0_0_0_0_0_0_0_0_0_1_0_1_0_0_0_1_0_1_0_1,1,6.6666666666666675e-6,9.428090415820634e-6,0.28061224489795916,115.0
1_0_1_1_1_0_0_0_0_1_1_1_1_1_1_0_0_1_1_1_1_0_0_0_1_1_1_1_1_1_1_0_1_1_1_1_1_0_0_0_0_0_1_0,1,6.6666666666666675e-6,9.428090415820634e-6,0.27040816326530615,235.0
1_1_1_1_1_0_1_0_1_0_1_1_1_0_0_1_0_0_0_1_1_0_1_1_1_1_1_1_1_1_1_1_1_1_1_1_1_0_0_0_1_0_1_1,1,6.6666666666666675e-6,9.428090415820634e-6,0.27040816326530615,175.0
1_1_1_1_1_1_1_0_1_0_1_1_0_0_0_1_1_0_0_1_0_0_0_0_1_1_1_0_0_0_0_0_1_1_0_0_0_0_1_1_1_1_1_1,1,6.6666666666666675e-6,4.714045207910318e-6,0.2653061224489796,260.0
1_1_1_1_1_1_1_0_1_0_1_1_0_1_0_1_1_0_0_1_1_1_1_1_1_1_1_0_0_1_0_1_1_0_0_1_0_1_0_1_0_0_1_1,1,6.6666666666666675e-6,4.714045207910318e-6,0.30612244897959184,165.0
1_0_1_0_0_1_0_1_0_1_0_0_1_1_1_0_0_1_1_0_1_1_1_0_0_0_1_1_1_1_1_0_0_1_1_1_1_1_0_0_0_0_0_0,1,6.6666666666666675e-6,4.714045207910318e-6,0.25,205.0
0_1_0_0_0_1_1_1_1_0_0_0_0_0_0_1_1_0_0_0_0_1_0_1_0_0_0_0_0_0_0_1_0_0_0_0_0_1_1_1_1_1_0_1,1,6.6666666666666675e-6,4.714045207910318e-6,0.2653061224489796,310.0
0_1_0_1_0_1_1_1_1_0_0_0_0_0_0_1_1_0_0_0_0_0_1_0_0_0_0_0_0_0_0_1_0_0_0_0_0_1_1_1_1_1_0_1,1,6.6666666666666675e-6,9.428090415820634e-6,0.2653061224489796,190.0
1_1_1_1_1_0_1_0_1_0_1_1_1_1_0_0_1_0_0_1_0_0_0_0_1_1_1_0_0_0_0_1_1_1_0_0_0_0_1_1_0_0_1_0,1,6.6666666666666675e-6,4.714045207910318e-6,0.27040816326530615,110.0
1_1_1_1_1_1_1_0_0_1_1_1_0_0_0_1_0_0_0_1_0_0_1_0_1_1_1_1_1_0_1_1_1_1_1_0_1_1_1_0_1_1_1_1,1,6.6666666666666675e-6,4.714045207910318e-6,0.32142857142857145,315.0
0_0_0_0_0_0_0_1_0_1_0_0_1_1_1_0_0_1_1_0_1_1_0_1_0_0_0_1_1_1_1_0_0_0_1_1_1_1_0_0_0_0_0_0,1,6.6666666666666675e-6,4.714045207910318e-6,0.24489795918367346,110.0
0_0_0_0_0_0_0_1_0_0_0_0_0_0_0_0_1_1_1_0_0_1_0_0_0_0_0_0_0_0_0_0_0_1_0_0_0_0_1_1_1_1_0_1,0,6.6666666666666675e-6,4.714045207910318e-6,0.15816326530612246,1001.0
0_0_0_0_0_1_0_1_0_1_0_0_1_0_1_0_1_1_1_0_0_0_0_0_0_0_0_0_0_0_0_0_0_0_0_0_0_1_1_1_1_1_0_0,1,6.6666666666666675e-6,4.714045207910318e-6,0.2653061224489796,160.0
1_1_1_1_1_1_1_0_1_0_1_1_0_0_0_1_1_0_0_1_0_1_0_1_1_1_1_0_0_0_0_1_1_1_0_0_0_0_1_1_1_1_1_1,1,6.6666666666666675e-6,4.714045207910318e-6,0.27040816326530615,160.0
1_1_1_1_1_0_1_0_1_0_1_1_0_0_0_1_1_0_0_1_0_0_0_0_1_1_1_0_0_0_0_0_1_0_0_0_0_0_1_1_1_1_1_1,1,6.6666666666666675e-6,9.428090415820634e-6,0.2653061224489796,125.0
1_0_1_0_1_1_0_0_0_1_1_1_1_0_1_0_1_1_1_1_0_1_1_0_1_1_1_0_0_0_0_0_1_1_0_0_0_0_1_1_1_0_1_0,1,6.6666666666666675e-6,4.714045207910318e-6,0.29081632653061223,125.0
0_1_0_0_0_1_1_1_1_0_0_0_1_0_0_1_1_0_0_0_0_1_1_1_0_0_0_0_0_0_0_1_0_1_0_0_0_1_1_1_1_1_0_1,1,6.6666666666666675e-6,4.714045207910318e-6,0.2755102040816326,85.0
0_0_0_1_0_0_0_1_0_0_0_0_1_1_1_1_1_1_1_0_1_0_1_1_0_0_0_0_0_1_0_0_0_1_0_1_0_0_0_1_0_1_0_1,1,6.6666666666666675e-6,4.714045207910318e-6,0.2755102040816326,180.0
0_0_0_0_0_1_0_1_0_1_0_0_1_0_1_0_0_1_1_0_1_1_0_1_0_0_0_1_1_1_1_0_0_0_1_1_1_1_0_0_1_1_0_0,1,6.6666666666666675e-6,4.714045207910318e-6,0.2653061224489796,120.0
1_1_1_1_1_1_1_0_1_0_1_1_1_0_0_1_1_0_0_1_0_1_1_0_1_1_1_0_0_0_0_1_1_1_0_0_0_0_1_1_1_0_1_1,1,6.6666666666666675e-6,4.714045207910318e-6,0.27040816326530615,185.0
0_1_0_0_0_0_1_1_1_0_0_1_0_0_0_1_1_0_0_0_0_0_0_0_0_0_0_0_0_0_0_1_0_0_0_0_0_0_1_1_1_1_0_1,1,6.6666666666666675e-6,4.714045207910318e-6,0.2602040816326531,255.0
1_0_1_1_1_1_0_0_0_1_1_1_1_1_1_0_0_1_1_1_1_0_1_1_1_1_1_1_1_1_1_0_1_1_1_1_1_0_0_0_0_0_1_0,1,6.6666666666666675e-6,4.714045207910318e-6,0.25,160.0
1_1_1_0_1_1_1_0_0_1_1_1_1_1_0_1_0_0_1_1_1_0_1_1_1_1_1_1_1_1_1_0_1_1_1_1_1_1_0_0_0_0_0_0,0,6.6666666666666675e-6,9.428090415820634e-6,0.19387755102040816,1001.0
1_1_1_0_0_0_0_1_1_0_1_1_1_0_0_1_1_0_0_1_0_1_1_1_1_1_1_0_0_0_0_1_0_0_0_0_0_0_1_1_1_0_1_1,1,6.6666666666666675e-6,4.714045207910318e-6,0.32142857142857145,150.0
0_0_0_0_0_0_0_1_0_1_0_0_1_0_1_0_0_1_1_0_0_1_1_0_0_0_0_1_1_0_1_0_0_1_1_0_1_0_1_0_1_1_0_0,1,6.6666666666666675e-6,4.714045207910318e-6,0.30612244897959184,185.0
1_1_1_0_1_1_1_0_0_1_1_1_1_0_0_0_0_0_0_1_0_1_1_0_1_1_1_1_1_0_1_1_1_1_1_0_1_1_1_0_1_0_0_0,1,6.6666666666666675e-6,9.428090415820634e-6,0.32653061224489793,175.0
0_0_0_0_0_0_0_1_0_1_0_0_0_0_1_0_0_1_1_0_0_1_0_0_0_0_0_1_1_1_1_0_0_1_1_0_1_0_1_0_1_1_0_1,1,6.6666666666666675e-6,4.714045207910318e-6,0.2602040816326531,180.0
0_0_0_0_0_1_1_1_0_1_0_0_1_1_1_0_0_1_1_0_1_0_1_0_0_0_0_1_1_1_1_0_0_1_1_1_1_1_0_0_0_0_0_0,1,6.6666666666666675e-6,4.714045207910318e-6,0.2755102040816326,180.0
0_0_0_0_0_0_0_1_0_1_0_0_1_0_1_0_0_1_1_0_1_1_0_1_0_0_0_1_1_1_1_1_0_0_1_1_1_1_0_0_1_1_0_0,1,6.6666666666666675e-6,4.714045207910318e-6,0.27040816326530615,185.0
1_1_1_0_0_1_1_1_1_0_1_1_0_0_0_1_0_0_0_1_1_0_1_1_0_0_1_1_1_1_1_1_0_1_1_1_1_0_0_0_1_1_0_1,1,6.6666666666666675e-6,4.714045207910318e-6,0.2857142857142857,365.0
1_0_1_1_1_1_1_0_1_1_1_0_1_0_1_0_0_1_1_1_1_0_1_1_1_1_1_1_1_1_1_0_1_0_1_1_1_0_0_0_1_0_1_0,1,6.6666666666666675e-6,4.714045207910318e-6,0.29081632653061223,135.0
1_0_1_0_0_0_0_1_0_1_0_0_1_0_1_1_0_1_1_0_0_0_1_0_0_0_1_1_1_1_1_0_0_1_1_0_1_0_1_0_1_1_0_1,1,6.6666666666666675e-6,4.714045207910318e-6,0.29081632653061223,140.0
0_1_0_1_0_1_1_1_1_0_0_0_0_0_0_1_1_0_0_0_0_0_0_0_0_0_0_0_0_0_0_1_0_1_0_0_0_1_1_1_1_1_0_1,1,6.6666666666666675e-6,9.428090415820634e-6,0.2602040816326531,180.0
1_1_1_1_1_0_0_0_0_1_0_1_1_1_0_0_0_0_0_0_1_0_0_0_0_0_1_1_1_1_1_1_1_1_1_1_1_1_0_0_0_0_0_0,1,6.6666666666666675e-6,9.428090415820634e-6,0.29081632653061223,130.0
1_0_1_0_1_0_0_0_0_1_1_1_0_1_1_0_0_1_1_1_1_1_1_1_1_1_1_1_1_1_1_0_1_0_1_1_1_0_0_0_0_0_1_0,1,6.6666666666666675e-6,9.428090415820634e-6,0.2755102040816326,180.0
1_1_1_1_1_0_1_0_1_0_1_1_0_0_0_1_0_0_0_1_1_1_0_1_1_1_1_1_1_1_1_1_1_1_1_1_1_0_0_0_1_1_1_1,1,6.6666666666666675e-6,9.428090415820634e-6,0.2602040816326531,165.0
0_0_0_1_1_0_0_0_0_1_0_0_1_1_1_0_1_1_1_0_0_0_1_0_0_0_0_0_0_0_0_0_1_1_0_0_0_1_1_1_0_0_0_0,1,6.6666666666666675e-6,9.428090415820634e-6,0.27040816326530615,170.0
0_0_0_0_0_0_0_1_1_0_0_0_1_1_0_0_1_0_1_0_1_1_0_1_0_0_0_0_0_0_0_1_0_0_0_1_0_0_0_1_0_0_0_0,1,6.6666666666666675e-6,9.428090415820634e-6,0.336734693877551,265.0
0_1_0_1_1_0_1_0_1_0_1_1_0_0_0_1_1_0_0_1_0_0_0_0_1_1_0_0_0_0_0_1_1_0_0_0_0_0_1_1_1_1_1_1,1,6.6666666666666675e-6,9.428090415820634e-6,0.23469387755102042,190.0
0_0_0_0_0_0_0_1_0_1_0_0_1_1_1_0_0_1_1_0_1_0_1_0_0_0_0_1_1_1_1_0_0_0_1_1_1_1_0_0_0_0_0_0,1,6.6666666666666675e-6,9.428090415820634e-6,0.27040816326530615,155.0
1_1_1_1_1_0_1_0_1_0_1_1_1_1_0_0_0_0_0_1_1_0_0_1_1_1_1_1_1_1_1_0_1_1_1_1_1_0_0_0_0_0_1_0,1,6.6666666666666675e-6,9.428090415820634e-6,0.28061224489795916,200.0
1_0_1_1_1_1_0_0_0_1_1_0_1_0_1_1_0_1_1_1_1_0_1_1_1_1_1_1_1_1_1_0_1_1_1_1_1_0_0_0_1_1_1_0,1,6.6666666666666675e-6,9.428090415820634e-6,0.25,215.0
0_0_0_1_0_0_0_1_0_0_0_0_0_0_0_0_0_0_0_0_1_1_0_1_0_0_0_1_1_1_1_1_0_1_1_1_1_0_0_0_1_1_1_1,0,6.6666666666666675e-6,9.428090415820634e-6,0.14795918367346939,1001.0
0_0_0_0_0_0_0_1_0_1_0_0_1_1_1_0_0_1_1_0_1_1_0_0_0_0_0_1_1_1_1_0_0_0_1_1_1_1_0_0_0_0_0_0,1,6.6666666666666675e-6,9.428090415820634e-6,0.2602040816326531,165.0
0_1_0_1_0_0_1_1_1_0_0_0_1_1_0_0_0_0_0_0_1_0_0_1_0_0_0_1_1_1_1_1_0_0_1_1_1_1_0_0_0_0_0_0,1,6.6666666666666675e-6,9.428090415820634e-6,0.2755102040816326,255.0
0_1_0_0_0_1_1_1_1_0_0_0_0_1_0_1_1_0_1_0_0_1_0_0_0_0_0_0_0_0_0_1_0_0_0_0_0_1_1_1_0_1_0_1,1,6.6666666666666675e-6,9.428090415820634e-6,0.29081632653061223,285.0
1_1_1_1_1_1_1_0_0_1_1_1_0_0_0_1_0_0_0_1_0_1_1_0_1_1_1_1_1_0_1_1_1_1_1_0_1_1_1_0_1_1_1_1,1,6.6666666666666675e-6,9.428090415820634e-6,0.32653061224489793,175.0
0_1_0_0_0_1_1_1_1_0_0_0_1_1_0_0_0_0_1_0_1_1_0_1_0_0_0_1_1_1_1_1_0_1_1_1_1_1_0_0_0_0_0_0,1,6.6666666666666675e-6,9.428090415820634e-6,0.27040816326530615,300.0
1_1_1_1_1_1_1_0_1_0_1_1_1_0_0_1_1_0_0_1_0_0_1_0_1_1_1_0_0_0_0_0_1_1_0_0_0_0_1_1_1_0_1_1,1,6.6666666666666675e-6,9.428090415820634e-6,0.28061224489795916,95.0
0_0_0_1_0_0_0_1_0_0_0_0_0_0_1_0_0_1_1_0_1_1_0_1_0_0_0_1_1_1_1_0_0_1_1_1_1_0_0_0_1_1_0_1,0,6.6666666666666675e-6,9.428090415820634e-6,0.14795918367346939,1001.0
0_0_0_0_0_1_1_1_0_1_0_0_0_1_1_0_1_1_1_0_0_1_0_0_0_0_0_0_0_0_0_1_0_1_0_0_0_1_1_1_0_1_0_0,1,6.6666666666666675e-6,9.428090415820634e-6,0.28061224489795916,180.0
1_1_1_1_1_0_1_0_1_0_1_1_0_0_0_1_1_0_0_1_0_0_1_1_1_1_1_0_0_0_0_0_1_1_0_0_0_0_1_1_1_1_1_1,1,6.6666666666666675e-6,9.428090415820634e-6,0.2857142857142857,305.0
0_0_0_1_1_0_0_0_0_1_0_0_1_1_1_0_0_1_1_0_1_0_0_1_0_0_0_1_1_1_1_0_1_1_1_1_1_1_0_0_0_0_0_0,1,6.6666666666666675e-6,9.428090415820634e-6,0.27040816326530615,195.0
1_0_1_1_1_0_0_0_0_1_1_0_1_0_1_1_0_1_1_1_1_0_1_1_1_1_1_1_1_1_1_0_1_1_1_1_1_0_0_0_1_1_1_0,1,6.6666666666666675e-6,9.428090415820634e-6,0.25,190.0
0_0_0_1_0_1_1_1_1_0_1_0_0_0_1_1_1_1_1_1_0_0_1_1_1_1_0_0_0_0_0_0_0_0_0_0_0_0_1_1_1_1_1_1,1,6.6666666666666675e-6,9.428090415820634e-6,0.28061224489795916,205.0
0_1_0_0_0_0_1_1_1_0_0_0_1_0_0_1_1_0_0_0_0_1_1_1_0_0_0_0_0_0_0_1_0_0_0_0_0_1_1_1_1_1_0_1,1,6.6666666666666675e-6,9.428090415820634e-6,0.2755102040816326,185.0
0_0_0_0_0_0_0_1_0_1_0_0_0_0_1_1_1_1_1_0_0_1_1_0_0_0_0_0_0_0_0_0_0_0_0_0_0_1_1_1_1_1_0_1,1,6.6666666666666675e-6,9.428090415820634e-6,0.25510204081632654,235.0
1_1_1_1_1_0_1_0_1_0_1_1_1_0_0_1_1_0_0_1_0_1_1_1_1_1_1_0_0_0_0_1_1_0_0_0_0_0_1_1_1_0_1_1,1,6.6666666666666675e-6,9.428090415820634e-6,0.2857142857142857,200.0
1_1_1_1_1_1_1_0_1_0_1_1_1_1_0_1_1_0_0_1_1_0_1_1_1_1_1_0_0_0_0_1_1_1_0_1_0_0_0_1_0_0_1_0,1,6.6666666666666675e-6,9.428090415820634e-6,0.2857142857142857,110.0
0_0_0_0_0_0_0_1_0_1_0_0_1_0_1_1_1_1_1_0_0_1_1_0_0_0_0_0_0_0_0_1_0_0_0_0_0_1_1_1_1_1_0_1,1,6.6666666666666675e-6,9.428090415820634e-6,0.2755102040816326,180.0
0_0_0_0_0_0_0_1_0_1_0_0_1_0_1_1_0_1_1_0_1_1_1_1_0_0_0_1_1_1_1_0_0_0_1_1_1_1_0_0_1_1_0_1,1,6.6666666666666675e-6,9.428090415820634e-6,0.2653061224489796,180.0
1_1_1_0_1_1_1_0_1_1_1_1_1_1_1_1_1_0_1_1_0_0_1_0_1_1_1_0_0_0_0_1_1_0_0_0_0_1_1_1_0_0_1_0,0,6.6666666666666675e-6,9.428090415820634e-6,0.15306122448979592,1001.0
1_1_1_1_1_1_1_0_1_0_1_1_0_0_0_1_1_0_0_1_0_0_0_0_1_1_1_0_0_0_0_1_1_1_0_0_0_0_1_1_1_1_1_1,1,6.6666666666666675e-6,9.428090415820634e-6,0.25,170.0
1_0_1_1_1_1_0_0_0_1_1_1_1_0_1_0_1_1_0_1_0_0_1_0_1_1_1_0_0_0_0_0_1_1_0_0_0_0_1_1_1_0_1_0,1,6.6666666666666675e-6,9.428090415820634e-6,0.2857142857142857,245.0
0_0_0_0_0_1_1_1_0_1_0_0_1_0_1_0_0_1_1_0_1_1_0_1_0_0_0_1_1_1_1_0_0_1_1_1_1_1_0_0_1_1_0_0,1,6.6666666666666675e-6,9.428090415820634e-6,0.2602040816326531,150.0
0_0_0_1_1_0_0_0_0_1_0_0_1_1_1_0_0_1_1_0_1_0_1_1_0_0_0_1_1_1_1_0_1_0_1_1_1_1_0_0_0_0_0_0,1,6.6666666666666675e-6,9.428090415820634e-6,0.2857142857142857,160.0
1_1_1_0_0_0_1_1_1_0_0_1_0_1_0_1_0_0_0_0_1_0_0_1_0_0_1_1_1_1_1_1_0_1_1_1_1_1_0_0_0_0_0_1,1,6.6666666666666675e-6,9.428090415820634e-6,0.2857142857142857,240.0
0_0_0_0_0_0_0_1_1_0_0_1_0_0_1_1_0_1_0_0_1_1_0_1_0_0_0_1_1_1_1_0_0_0_1_1_1_0_0_0_1_1_0_1,1,6.6666666666666675e-6,9.428090415820634e-6,0.27040816326530615,155.0
1_1_1_1_1_1_1_0_1_0_1_1_1_1_0_1_1_0_0_1_1_1_1_1_1_1_1_0_0_1_0_1_1_0_0_1_0_1_0_1_0_0_1_0,1,6.6666666666666675e-6,9.428090415820634e-6,0.2653061224489796,280.0
0_0_0_0_0_1_1_1_0_1_0_0_0_1_1_0_0_1_1_0_1_0_0_1_0_0_0_1_1_1_1_0_0_1_1_1_1_1_0_0_0_1_0_0,1,6.6666666666666675e-6,9.428090415820634e-6,0.2755102040816326,185.0
1_0_1_0_0_0_0_1_0_1_0_0_0_0_1_1_0_1_1_0_0_1_1_0_0_0_1_1_1_0_1_0_0_1_1_0_1_1_1_0_1_1_0_1,1,3.3333333333333337e-6,4.714045207910317e-6,0.2857142857142857,280.0
0_1_0_1_1_1_1_0_1_0_0_1_0_1_0_0_1_0_0_1_1_1_0_1_1_1_0_0_0_1_0_1_1_0_0_1_0_0_0_1_0_0_1_1,1,3.3333333333333337e-6,4.714045207910317e-6,0.29081632653061223,100.0
0_0_0_0_0_0_0_1_0_0_0_1_0_0_0_1_1_0_0_0_0_1_1_0_0_0_0_0_0_0_0_1_0_1_0_0_0_0_1_1_1_1_0_1,1,3.3333333333333337e-6,4.714045207910317e-6,0.25510204081632654,230.0
1_1_1_0_0_1_1_1_1_0_0_1_0_1_1_1_1_1_0_0_0_0_0_0_0_0_1_0_0_0_0_0_0_1_0_0_0_1_1_1_0_0_0_1,1,3.3333333333333337e-6,4.714045207910317e-6,0.30612244897959184,100.0
1_0_1_0_0_1_1_1_1_0_1_1_0_0_1_1_1_1_0_1_0_1_1_0_1_1_1_0_0_0_0_0_0_0_0_0_0_0_1_1_1_1_1_1,1,3.3333333333333337e-6,4.714045207910317e-6,0.2755102040816326,110.0
0_1_0_1_1_1_1_0_1_0_1_1_1_1_0_0_1_0_0_1_1_0_0_1_1_1_0_0_0_1_0_1_1_0_0_1_0_1_0_1_0_0_1_0,1,3.3333333333333337e-6,4.714045207910317e-6,0.27040816326530615,290.0
1_0_1_0_0_0_0_1_0_1_0_0_1_0_1_1_0_1_1_0_0_1_1_0_0_0_1_1_1_0_1_1_0_1_1_0_1_1_1_0_1_1_0_1,1,3.3333333333333337e-6,4.714045207910317e-6,0.3163265306122449,250.0
0_1_0_0_0_0_1_1_1_0_0_0_0_0_0_1_1_0_0_0_0_1_1_0_0_0_0_0_0_0_0_1_0_1_0_0_0_1_1_1_1_1_0_1,1,3.3333333333333337e-6,4.714045207910317e-6,0.25510204081632654,110.0
1_0_1_0_0_1_1_1_1_0_1_1_1_0_1_1_0_1_0_1_1_1_1_1_0_1_1_1_1_1_1_0_0_1_1_1_1_0_0_0_1_0_1_1,1,3.3333333333333337e-6,4.714045207910317e-6,0.3163265306122449,170.0
0_0_0_0_0_0_0_1_0_0_0_0_0_0_0_0_1_0_1_0_0_1_0_0_0_0_0_0_0_0_0_0_0_1_0_0_0_0_1_1_1_1_0_1,0,3.3333333333333337e-6,4.714045207910317e-6,0.15816326530612246,1001.0
1_1_1_1_1_0_1_0_1_0_1_1_0_1_0_1_1_0_0_1_1_0_0_1_1_1_1_0_0_0_0_1_1_0_0_1_0_0_0_1_0_0_1_1,1,3.3333333333333337e-6,4.714045207910317e-6,0.33163265306122447,160.0
0_0_0_0_0_1_0_1_0_1_0_0_0_0_1_0_0_1_1_0_0_0_0_0_0_0_0_1_1_1_1_0_0_0_1_0_1_1_1_0_1_1_0_1,1,3.3333333333333337e-6,4.714045207910317e-6,0.3010204081632653,100.0
1_1_1_1_1_1_1_0_1_0_1_1_1_0_0_1_1_0_0_1_0_1_1_1_1_1_1_0_0_0_0_1_1_1_0_0_0_1_1_1_1_0_1_1,1,3.3333333333333337e-6,4.714045207910317e-6,0.27040816326530615,160.0
0_0_0_0_0_1_1_1_0_1_0_0_0_0_1_0_0_1_1_0_0_1_0_0_0_0_0_1_1_0_1_1_0_1_1_0_1_1_1_0_1_1_0_1,1,3.3333333333333337e-6,4.714045207910317e-6,0.30612244897959184,220.0
0_1_0_1_0_0_1_1_1_0_0_0_0_0_0_1_1_0_0_0_0_0_0_1_0_0_0_0_0_0_0_1_0_1_0_0_0_1_1_1_1_1_0_1,1,3.3333333333333337e-6,4.714045207910317e-6,0.2755102040816326,200.0
0_0_0_1_0_0_0_1_1_0_0_0_0_1_1_1_1_1_1_0_1_0_0_1_0_0_0_0_0_0_0_0_0_0_0_1_0_0_0_1_0_1_1_1,1,3.3333333333333337e-6,4.714045207910317e-6,0.32653061224489793,270.0
0_0_0_1_1_1_0_0_0_1_0_0_1_1_1_0_0_1_1_0_1_0_0_1_0_0_0_1_1_1_1_0_1_0_1_1_1_1_0_0_0_0_0_0,1,3.3333333333333337e-6,4.714045207910317e-6,0.29081632653061223,130.0
0_1_0_1_1_0_0_0_0_1_0_0_0_1_1_0_0_1_1_0_1_0_0_0_1_1_0_1_1_1_1_0_1_0_1_1_1_1_0_0_0_1_0_0,1,3.3333333333333337e-6,4.714045207910317e-6,0.33163265306122447,220.0
0_0_0_0_0_1_0_1_0_1_0_0_1_1_1_0_0_1_1_0_1_1_1_1_0_0_0_1_1_1_1_0_0_1_1_1_1_1_0_0_0_0_0_0,1,3.3333333333333337e-6,4.714045207910317e-6,0.25,130.0
1_1_1_0_0_1_0_1_0_1_1_1_0_0_1_1_0_1_0_1_1_0_1_1_0_0_1_1_1_1_1_0_0_1_1_1_1_1_0_0_1_1_0_1,1,3.3333333333333337e-6,4.714045207910317e-6,0.29591836734693877,330.0
0_0_0_1_1_1_1_0_1_0_0_0_1_1_0_0_0_0_1_0_1_1_0_1_0_0_0_1_1_1_1_1_1_0_1_1_1_1_0_0_0_0_1_0,1,3.3333333333333337e-6,4.714045207910317e-6,0.29081632653061223,250.0
1_0_1_1_1_0_0_0_0_1_1_1_0_0_1_1_0_1_0_1_1_1_1_1_1_1_1_1_1_1_1_0_1_0_1_1_1_0_0_0_1_1_1_1,1,3.3333333333333337e-6,4.714045207910317e-6,0.28061224489795916,170.0
1_0_1_0_0_1_0_1_0_1_0_0_1_1_1_0_0_1_1_0_1_1_1_1_0_0_1_1_1_1_1_1_0_1_1_1_1_1_0_0_0_0_0_0,1,3.3333333333333337e-6,4.714045207910317e-6,0.25,70.0
1_0_1_1_1_1_1_0_0_1_1_1_0_1_1_0_0_1_1_1_1_0_0_0_1_1_1_1_1_1_1_0_1_1_1_1_1_0_0_0_0_0_1_0,1,3.3333333333333337e-6,4.714045207910317e-6,0.28061224489795916,290.0
1_1_1_0_0_1_1_1_1_0_1_1_0_0_0_1_1_0_0_1_0_1_1_1_0_0_1_0_0_0_0_1_0_1_0_0_0_0_1_1_1_1_0_1,1,3.3333333333333337e-6,4.714045207910317e-6,0.3010204081632653,50.0
1_0_1_1_1_1_1_0_0_1_1_0_1_1_1_0_0_1_1_1_1_0_0_0_1_1_1_1_1_1_1_0_1_1_1_1_1_1_0_0_0_0_1_0,1,3.3333333333333337e-6,4.714045207910317e-6,0.28061224489795916,230.0
0_1_0_0_0_0_0_1_0_0_0_1_1_1_0_0_1_0_1_0_0_1_0_0_0_0_0_0_0_0_0_1_0_1_0_0_0_1_1_1_0_0_0_0,1,3.3333333333333337e-6,4.714045207910317e-6,0.28061224489795916,330.0
1_0_1_0_0_0_0_1_0_1_0_0_1_0_1_1_0_1_1_0_0_0_1_0_0_0_1_1_1_0_1_0_0_1_1_0_1_0_1_0_1_1_0_1,1,3.3333333333333337e-6,4.714045207910317e-6,0.29081632653061223,180.0
0_0_0_1_0_0_0_1_1_0_0_0_0_0_0_0_1_0_0_0_0_1_0_0_0_0_0_0_0_0_0_1_0_1_0_0_0_0_1_1_1_1_1_1,0,3.3333333333333337e-6,4.714045207910317e-6,0.19387755102040816,1001.0
1_1_1_1_1_1_1_0_1_0_1_1_1_0_0_1_1_0_0_1_0_0_1_1_1_1_1_0_0_0_0_1_1_1_0_0_0_0_1_1_1_0_1_1,1,3.3333333333333337e-6,4.714045207910317e-6,0.28061224489795916,140.0
1_0_1_1_1_1_1_0_0_1_1_0_1_1_1_0_0_1_1_1_1_1_0_0_1_1_1_1_1_1_1_0_1_1_1_1_1_1_0_0_0_0_1_0,1,3.3333333333333337e-6,4.714045207910317e-6,0.2857142857142857,210.0
1_1_1_0_0_0_1_1_1_0_1_1_0_0_0_1_0_0_0_1_1_1_1_1_1_1_1_1_1_1_1_1_0_1_1_1_1_0_0_0_1_1_1_1,1,3.3333333333333337e-6,4.714045207910317e-6,0.2857142857142857,100.0
1_1_1_0_0_1_0_1_0_1_1_1_0_0_1_1_0_1_0_1_1_0_1_1_1_1_1_1_1_1_1_0_0_0_1_1_1_0_0_0_1_1_0_1,1,3.3333333333333337e-6,4.714045207910317e-6,0.29591836734693877,40.0
0_0_0_0_0_1_0_1_0_1_0_0_1_1_1_0_1_1_1_0_0_1_1_0_0_0_0_0_0_0_0_0_0_0_0_0_0_1_1_1_0_0_0_0,1,3.3333333333333337e-6,4.714045207910317e-6,0.25510204081632654,320.0
1_1_1_1_1_0_0_0_1_0_1_1_0_0_0_1_1_0_0_1_0_0_0_0_1_1_1_0_0_0_0_0_1_0_0_0_0_0_1_1_1_1_1_1,1,3.3333333333333337e-6,4.714045207910317e-6,0.27040816326530615,180.0
1_1_1_1_1_1_1_0_1_0_1_1_0_1_0_1_1_0_0_1_1_1_0_1_1_1_1_0_0_1_0_1_1_0_0_1_0_0_0_1_0_0_1_1,1,3.3333333333333337e-6,4.714045207910317e-6,0.32653061224489793,260.0
0_1_0_1_0_1_1_1_1_0_0_0_0_0_0_1_1_0_0_0_0_0_0_0_0_0_0_0_0_0_0_1_0_0_0_0_0_1_1_1_1_1_0_1,1,3.3333333333333337e-6,4.714045207910317e-6,0.2602040816326531,140.0
1_1_1_0_0_0_1_1_1_0_1_1_1_0_0_1_0_0_0_1_1_1_1_1_1_1_1_1_1_1_1_1_0_1_1_1_1_0_0_0_1_0_1_1,1,3.3333333333333337e-6,4.714045207910317e-6,0.30612244897959184,210.0
1_0_1_1_1_0_0_0_0_1_1_1_1_1_1_0_1_1_1_1_0_0_0_0_1_1_1_0_0_0_0_0_1_0_0_0_0_0_1_1_0_0_1_0,1,3.3333333333333337e-6,4.714045207910317e-6,0.25,440.0
0_1_0_1_1_1_1_0_1_0_1_1_1_1_0_0_1_0_0_1_1_1_0_1_1_1_0_0_0_0_0_1_1_0_0_1_0_1_0_1_0_0_1_0,1,3.3333333333333337e-6,4.714045207910317e-6,0.2755102040816326,170.0
1_1_1_1_1_1_1_0_1_0_1_1_1_1_0_0_1_0_0_1_1_0_0_1_1_1_1_0_0_0_0_1_1_1_0_1_0_1_0_1_0_0_1_0,1,3.3333333333333337e-6,4.714045207910317e-6,0.3163265306122449,110.0
0_0_0_1_1_0_0_0_0_1_1_0_1_0_0_0_1_0_1_1_0_1_1_0_1_1_0_0_0_0_0_1_1_0_0_0_0_0_1_1_1_1_1_0,1,3.3333333333333337e-6,4.714045207910317e-6,0.3010204081632653,110.0
1_0_1_1_1_1_0_0_0_1_1_1_0_0_1_1_0_1_0_1_1_0_1_1_1_1_1_1_1_1_1_0_1_0_1_1_1_0_0_0_1_1_1_1,1,3.3333333333333337e-6,4.714045207910317e-6,0.2755102040816326,220.0
0_0_0_0_0_1_0_1_0_1_0_0_1_1_1_0_0_1_1_0_1_1_0_0_0_0_0_1_1_1_1_1_0_0_1_1_1_1_0_0_0_0_0_0,1,3.3333333333333337e-6,4.714045207910317e-6,0.2857142857142857,190.0
0_0_0_1_0_0_0_1_0_0_0_0_0_0_0_0_1_0_0_0_0_1_0_0_0_0_0_0_0_0_0_1_0_1_0_0_0_0_1_1_1_1_1_1,0,3.3333333333333337e-6,4.714045207910317e-6,0.15306122448979592,1001.0
0_1_0_1_0_0_1_1_1_0_0_0_1_0_0_1_0_0_0_0_1_0_0_1_0_0_0_1_1_1_1_1_0_0_1_1_1_1_0_0_1_1_0_1,1,3.3333333333333337e-6,4.714045207910317e-6,0.27040816326530615,130.0
0_0_0_0_0_0_0_1_0_1_0_0_1_1_1_0_0_1_1_0_1_1_1_0_0_0_0_1_1_1_1_1_0_1_1_1_1_1_0_0_0_0_0_0,1,3.3333333333333337e-6,4.714045207910317e-6,0.27040816326530615,240.0
1_1_1_1_1_0_1_0_1_0_1_1_1_1_0_0_1_0_0_1_0_0_0_0_1_1_1_0_0_0_0_0_1_1_0_0_0_0_1_1_0_0_1_0,1,3.3333333333333337e-6,4.714045207910317e-6,0.2857142857142857,290.0
1_1_1_1_1_1_1_0_0_1_1_0_1_1_0_0_0_0_1_1_1_0_0_1_1_1_1_1_1_1_1_1_1_1_1_1_1_1_0_0_0_0_1_0,1,3.3333333333333337e-6,4.714045207910317e-6,0.28061224489795916,130.0
1_1_1_0_0_1_1_1_0_1_1_1_0_0_0_1_0_0_0_1_0_0_1_0_0_0_1_1_1_0_1_1_0_1_1_0_1_1_1_0_1_1_0_1,1,3.3333333333333337e-6,4.714045207910317e-6,0.3673469387755102,60.0
0_1_0_0_0_0_0_1_0_0_0_1_1_1_0_0_1_0_0_0_1_1_0_1_0_0_0_0_0_1_0_1_0_1_0_1_0_1_0_1_0_0_0_0,1,3.3333333333333337e-6,4.714045207910317e-6,0.3469387755102041,100.0
1_0_1_0_0_0_0_1_0_1_0_0_0_0_1_1_0_1_1_0_0_1_1_0_0_0_1_1_1_1_1_1_0_1_1_0_1_1_1_0_1_1_0_1,1,3.3333333333333337e-6,4.714045207910317e-6,0.3010204081632653,110.0
1_0_1_0_1_0_0_0_0_1_1_1_1_1_1_0_1_1_1_1_0_1_1_0_1_1_1_0_0_0_0_0_1_0_0_0_0_0_1_1_0_0_1_0,1,3.3333333333333337e-6,4.714045207910317e-6,0.25510204081632654,300.0
0_0_0_0_0_0_0_1_0_0_0_0_1_1_0_0_0_1_1_0_1_1_0_1_0_0_0_1_1_1_1_0_0_1_1_1_1_0_0_0_0_1_0_0,0,3.3333333333333337e-6,4.714045207910317e-6,0.20918367346938777,1001.0
0_0_0_1_1_0_1_0_1_0_0_0_1_1_0_0_1_0_1_0_0_1_0_0_1_0_0_0_0_0_0_1_1_0_0_0_0_0_1_1_0_0_1_0,1,3.3333333333333337e-6,4.714045207910317e-6,0.29591836734693877,190.0
0_0_0_1_1_0_0_0_1_0_0_0_1_1_0_0_0_0_1_0_1_1_0_1_1_1_0_1_1_1_1_1_1_0_1_1_1_0_0_0_0_0_1_0,1,3.3333333333333337e-6,4.714045207910317e-6,0.29591836734693877,170.0
0_1_0_1_0_1_1_1_1_0_0_0_0_0_0_0_1_0_0_0_0_1_0_0_0_0_0_0_0_0_0_1_0_0_0_0_0_1_1_1_1_1_1_1,0,3.3333333333333337e-6,4.714045207910317e-6,0.21428571428571427,1001.0
1_1_1_1_1_0_0_0_1_0_1_1_0_0_0_1_1_0_0_1_0_0_0_0_1_1_1_0_0_0_0_1_1_0_0_0_0_0_1_1_1_1_1_1,1,3.3333333333333337e-6,4.714045207910317e-6,0.25510204081632654,130.0
0_1_0_1_1_0_1_0_1_0_1_1_1_1_0_0_1_0_0_1_1_1_0_1_1_1_0_0_0_1_0_1_1_0_0_1_0_0_0_1_0_0_1_0,1,3.3333333333333337e-6,4.714045207910317e-6,0.3010204081632653,250.0
0_0_0_0_0_1_0_1_0_1_0_0_1_0_1_0_1_1_1_0_0_1_0_0_0_0_0_0_0_0_0_0_0_0_0_0_0_1_1_1_1_1_0_0,1,3.3333333333333337e-6,4.714045207910317e-6,0.2602040816326531,250.0
1_1_1_1_1_0_0_0_1_0_1_1_1_1_0_1_1_0_0_1_1_0_1_1_1_1_1_0_0_1_0_0_1_0_0_1_0_0_0_1_0_0_1_0,1,3.3333333333333337e-6,4.714045207910317e-6,0.30612244897959184,180.0
0_0_0_1_0_1_0_1_0_1_1_0_1_0_1_0_0_1_1_1_1_0_1_1_1_1_0_1_1_1_1_0_0_0_1_1_1_0_0_0_1_1_1_0,1,3.3333333333333337e-6,4.714045207910317e-6,0.29081632653061223,160.0
0_0_0_1_1_0_1_0_1_0_0_0_1_1_0_0_0_0_1_0_1_1_0_1_0_0_0_1_1_1_1_1_1_0_1_1_1_1_0_0_0_0_1_0,1,3.3333333333333337e-6,4.714045207910317e-6,0.29081632653061223,190.0
1_0_1_1_1_1_0_0_0_1_1_1_1_1_1_0_1_1_1_1_0_0_1_0_1_1_1_0_0_0_0_0_1_0_0_0_0_0_1_1_0_0_1_0,1,3.3333333333333337e-6,4.714045207910317e-6,0.24489795918367346,150.0
1_1_1_1_1_0_1_0_1_0_1_1_1_1_0_0_0_0_0_1_1_1_0_1_1_1_1_1_1_1_1_1_1_1_1_1_1_0_0_0_0_0_1_0,1,3.3333333333333337e-6,4.714045207910317e-6,0.27040816326530615,280.0
0_1_0_1_1_0_0_0_0_1_0_0_1_1_0_0_0_0_1_0_1_0_0_1_1_0_0_1_1_1_1_1_1_0_1_1_1_1_0_0_0_0_1_0,1,3.3333333333333337e-6,4.714045207910317e-6,0.3010204081632653,130.0
0_0_0_1_1_1_0_0_0_1_0_0_1_1_1_0_1_1_1_0_0_0_0_0_0_0_0_0_0_0_0_0_1_0_0_0_0_1_1_1_0_0_0_0,1,3.3333333333333337e-6,4.714045207910317e-6,0.2857142857142857,210.0
1_1_1_1_1_1_1_0_1_0_1_1_0_1_0_0_1_0_0_1_1_0_0_1_1_1_1_0_0_1_0_1_1_1_0_1_0_0_0_1_0_0_1_0,1,3.3333333333333337e-6,4.714045207910317e-6,0.336734693877551,140.0
0_1_0_0_0_0_0_1_0_0_0_1_0_1_0_1_0_0_0_0_1_1_0_1_0_0_0_1_1_1_1_1_0_1_1_1_1_1_0_0_0_1_0_1,1,3.3333333333333337e-6,4.714045207910317e-6,0.2857142857142857,80.0
1_1_1_1_1_1_1_0_1_0_1_1_0_1_0_0_1_0_0_1_1_0_0_1_1_1_1_0_0_0_0_1_1_0_0_1_0_0_0_1_0_0_1_0,1,3.3333333333333337e-6,4.714045207910317e-6,0.32653061224489793,100.0
1_0_1_0_1_1_0_0_0_1_1_1_0_1_1_0_0_1_1_1_1_1_1_1_1_1_1_1_1_1_1_0_1_1_1_1_1_0_0_0_0_0_1_0,1,3.3333333333333337e-6,4.714045207910317e-6,0.2755102040816326,140.0
1_1_1_1_1_1_1_0_1_1_1_0_0_0_0_1_0_0_0_1_0_0_1_0_1_1_1_1_1_0_1_1_1_0_1_0_1_1_1_0_1_1_1_1,1,3.3333333333333337e-6,4.714045207910317e-6,0.32142857142857145,210.0
1_0_1_0_1_1_0_0_0_1_1_1_1_1_1_0_1_1_1_1_0_1_0_0_1_1_1_0_0_0_0_0_1_1_0_0_0_0_1_1_0_0_1_0,1,3.3333333333333337e-6,4.714045207910317e-6,0.2602040816326531,160.0
1_0_1_1_1_1_0_0_0_1_1_0_1_1_1_0_0_1_1_1_1_1_1_1_1_1_1_1_1_1_1_0_1_1_1_1_1_1_0_0_0_0_1_0,1,3.3333333333333337e-6,4.714045207910317e-6,0.2602040816326531,120.0
0_1_0_0_0_0_0_1_0_0_0_1_1_1_0_0_0_0_1_0_1_1_0_1_0_0_0_1_1_1_1_1_0_1_1_1_1_1_0_0_0_0_0_0,1,3.3333333333333337e-6,4.714045207910317e-6,0.2755102040816326,400.0
0_1_0_0_0_1_1_1_1_0_0_0_0_1_0_1_0_0_1_0_1_1_0_1_0_0_0_1_1_1_1_1_0_1_1_1_1_1_0_0_0_1_0_1,1,3.3333333333333337e-6,4.714045207910317e-6,0.2857142857142857,250.0
1_0_1_0_0_1_1_1_1_0_1_1_0_0_1_1_1_1_0_1_0_1_0_1_1_1_1_0_0_0_0_0_0_1_0_0_0_0_1_1_1_1_1_1,1,3.3333333333333337e-6,4.714045207910317e-6,0.30612244897959184,130.0
0_0_0_0_0_0_1_1_1_0_0_1_0_1_1_0_0_1_0_0_1_1_0_1_0_0_0_1_1_1_1_0_0_0_1_1_1_0_0_0_0_0_0_1,1,3.3333333333333337e-6,4.714045207910317e-6,0.2653061224489796,160.0
1_0_1_1_1_0_0_0_0_1_1_1_0_1_1_0_0_1_1_1_1_0_0_1_1_1_1_1_1_1_1_0_1_0_1_1_1_0_0_0_0_0_1_0,1,3.3333333333333337e-6,4.714045207910317e-6,0.2602040816326531,220.0
1_1_1_0_0_0_0_1_0_1_1_1_1_0_1_0_0_1_0_1_1_0_1_1_1_1_1_1_1_1_1_0_0_1_1_1_1_0_0_0_1_0_0_0,1,3.3333333333333337e-6,4.714045207910317e-6,0.3112244897959184,220.0
1_0_1_1_1_1_1_0_0_1_1_1_0_1_1_0_0_1_1_1_1_0_1_1_1_1_1_1_1_1_1_0_1_1_1_1_1_0_0_0_0_0_1_0,1,3.3333333333333337e-6,4.714045207910317e-6,0.27040816326530615,310.0
1_1_1_0_0_1_1_1_0_1_1_1_0_0_1_1_0_1_0_1_1_0_1_1_1_1_1_1_1_1_1_1_0_1_1_1_1_1_0_0_1_1_0_1,1,3.3333333333333337e-6,4.714045207910317e-6,0.29081632653061223,110.0
0_0_0_0_0_1_0_1_0_1_0_0_0_1_1_0_0_1_1_0_1_0_0_0_0_0_0_1_1_1_1_0_0_0_1_1_1_1_0_0_0_1_0_0,1,3.3333333333333337e-6,4.714045207910317e-6,0.29591836734693877,100.0
1_0_1_1_1_1_1_0_0_1_1_1_1_1_1_0_1_1_1_1_0_0_1_0_1_1_1_0_0_0_0_0_1_1_0_0_0_0_1_1_0_0_1_0,1,3.3333333333333337e-6,4.714045207910317e-6,0.25,250.0
0_0_0_0_0_0_0_1_0_1_0_0_0_0_1_0_0_1_1_0_0_1_0_0_0_0_0_1_1_0_1_0_0_0_1_0_1_1_1_0_1_1_0_1,1,3.3333333333333337e-6,4.714045207910317e-6,0.2857142857142857,180.0
0_1_0_0_0_1_1_1_1_0_0_0_0_1_0_1_0_0_1_0_1_1_0_1_0_0_0_1_1_1_1_1_0_0_1_1_1_1_0_0_0_1_0_1,1,3.3333333333333337e-6,4.714045207910317e-6,0.2857142857142857,200.0
1_1_1_1_1_1_1_0_1_1_1_0_0_1_1_0_0_1_1_1_1_0_1_0_1_1_1_1_1_1_1_0_1_0_1_1_1_1_0_0_0_0_1_0,1,3.3333333333333337e-6,4.714045207910317e-6,0.28061224489795916,330.0
0_0_0_0_0_1_0_1_0_1_0_0_1_1_1_0_0_1_1_0_1_1_0_1_0_0_0_1_1_1_1_1_0_0_1_1_1_1_0_0_0_0_0_0,1,3.3333333333333337e-6,4.714045207910317e-6,0.27040816326530615,170.0
0_1_0_1_1_0_0_0_0_1_0_0_1_1_0_0_1_0_1_0_0_0_1_0_0_0_0_0_0_0_0_1_1_1_0_0_0_1_1_1_0_0_0_0,1,3.3333333333333337e-6,4.714045207910317e-6,0.2755102040816326,100.0
0_1_0_0_0_1_1_1_1_0_0_0_1_0_0_1_1_0_0_0_0_1_0_1_0_0_0_0_0_0_0_1_0_1_0_0_0_1_1_1_1_1_0_1,1,3.3333333333333337e-6,4.714045207910317e-6,0.28061224489795916,170.0
0_0_0_1_0_0_0_1_0_0_0_0_0_0_0_0_0_0_0_0_1_1_0_1_0_0_0_1_1_1_1_1_0_1_1_1_1_0_0_0_1_1_0_1,0,3.3333333333333337e-6,4.714045207910317e-6,0.15816326530612246,1001.0
0_0_0_0_0_1_0_1_0_1_0_0_1_0_1_1_0_1_1_0_0_1_1_0_0_0_0_1_1_1_1_1_0_1_1_0_1_1_1_0_1_1_0_1,1,3.3333333333333337e-6,4.714045207910317e-6,0.3520408163265306,130.0
0_1_0_0_0_0_1_1_1_0_0_0_1_0_0_1_1_0_0_0_0_1_0_0_0_0_0_0_0_0_0_1_0_0_0_0_0_1_1_1_1_1_0_1,1,3.3333333333333337e-6,4.714045207910317e-6,0.2653061224489796,130.0
0_0_0_0_0_1_0_1_0_1_0_0_1_0_1_1_1_1_1_0_0_1_1_0_0_0_0_0_0_0_0_1_0_0_0_0_0_1_1_1_1_1_0_1,1,3.3333333333333337e-6,4.714045207910317e-6,0.2857142857142857,100.0
0_0_0_1_1_0_0_0_0_1_0_0_1_1_1_0_1_1_1_0_0_1_0_0_1_1_0_0_0_0_0_1_1_0_0_0_0_1_1_1_0_0_1_0,1,3.3333333333333337e-6,4.714045207910317e-6,0.29081632653061223,100.0
1_1_1_0_0_1_1_1_1_0_1_1_1_0_0_1_1_0_0_1_0_1_1_0_1_1_1_0_0_0_0_1_0_0_0_0_0_0_1_1_1_0_1_1,1,3.3333333333333337e-6,4.714045207910317e-6,0.29081632653061223,210.0
1_0_1_0_0_1_1_1_1_0_1_1_0_0_1_1_0_1_0_1_1_1_1_1_0_1_1_1_1_1_1_0_0_1_1_1_1_0_0_0_1_1_1_1,1,3.3333333333333337e-6,4.714045207910317e-6,0.29591836734693877,150.0
1_0_1_1_1_0_0_0_0_1_1_1_0_0_1_1_0_1_0_1_1_0_1_1_1_1_1_1_1_1_1_0_1_0_1_1_1_0_0_0_1_1_1_1,1,3.3333333333333337e-6,4.714045207910317e-6,0.2755102040816326,270.0
1_1_1_1_1_1_1_0_0_1_1_0_1_0_0_1_0_0_1_1_1_0_1_1_1_1_1_1_1_1_1_1_1_1_1_1_1_1_0_0_1_1_1_0,1,3.3333333333333337e-6,4.714045207910317e-6,0.2755102040816326,90.0
1_1_1_1_1_0_1_0_1_0_1_1_1_1_0_1_1_0_0_1_1_0_1_1_1_1_1_0_0_0_0_0_1_1_0_1_0_0_0_1_0_0_1_0,1,3.3333333333333337e-6,4.714045207910317e-6,0.3112244897959184,180.0
0_0_0_0_0_1_0_1_0_1_0_0_0_1_1_0_0_1_1_0_1_1_0_0_0_0_0_1_1_1_1_1_0_0_1_1_1_1_0_0_0_1_0_0,1,3.3333333333333337e-6,4.714045207910317e-6,0.30612244897959184,140.0
0_0_0_0_0_0_1_1_1_0_0_1_0_0_1_1_1_1_0_0_0_1_0_0_0_0_0_0_0_0_0_0_0_0_0_0_0_0_1_1_1_1_0_1,1,3.3333333333333337e-6,4.714045207910317e-6,0.27040816326530615,140.0
0_0_0_0_0_1_0_1_0_1_0_0_1_0_1_0_0_1_1_0_0_1_1_0_0_0_0_1_1_1_1_1_0_1_1_0_1_1_1_0_1_1_0_0,1,3.3333333333333337e-6,4.714045207910317e-6,0.3469387755102041,290.0
1_1_1_0_0_0_1_1_1_0_0_1_0_1_1_1_0_1_0_0_1_0_1_1_0_0_1_1_1_1_1_0_0_1_1_1_1_1_0_0_0_0_0_1,1,3.3333333333333337e-6,4.714045207910317e-6,0.30612244897959184,250.0
1_0_1_0_0_0_0_1_0_1_0_0_0_0_1_1_0_1_1_0_0_1_1_0_0_0_1_1_1_1_1_0_0_1_1_0_1_0_1_0_1_1_0_1,1,3.3333333333333337e-6,4.714045207910317e-6,0.27040816326530615,110.0
0_0_0_0_0_1_0_1_0_1_0_0_1_1_1_0_1_1_1_0_0_1_0_0_0_0_0_0_0_0_0_1_0_0_0_0_0_1_1_1_0_0_0_0,1,3.3333333333333337e-6,4.714045207910317e-6,0.2653061224489796,270.0
1_1_1_0_1_1_1_0_0_1_1_1_1_1_0_1_1_0_1_1_0_0_1_0_1_1_1_0_0_0_0_0_1_1_0_0_0_1_1_1_0_0_0_0,0,3.3333333333333337e-6,4.714045207910317e-6,0.18877551020408162,1001.0
1_0_1_0_0_0_0_1_0_1_1_0_1_0_1_1_0_1_1_0_0_1_1_0_0_0_1_1_1_0_1_0_0_1_1_0_1_1_1_0_1_1_0_0,1,3.3333333333333337e-6,4.714045207910317e-6,0.2857142857142857,110.0
1_1_1_1_1_1_1_0_1_0_1_1_1_1_0_0_1_0_0_1_1_1_0_1_1_1_1_0_0_0_0_1_1_1_0_1_0_1_0_1_0_0_1_0,1,3.3333333333333337e-6,4.714045207910317e-6,0.32142857142857145,120.0
1_0_1_0_1_1_1_0_0_1_1_1_1_1_1_1_0_1_1_1_1_1_1_0_1_1_1_1_1_1_1_0_1_1_1_1_1_0_0_0_0_0_1_0,1,3.3333333333333337e-6,4.714045207910317e-6,0.23979591836734693,210.0
1_0_1_0_0_0_0_1_1_0_1_1_0_0_1_1_1_1_0_1_0_1_1_0_1_1_1_0_0_0_0_0_0_0_0_0_0_0_1_1_1_1_1_1,1,3.3333333333333337e-6,4.714045207910317e-6,0.29081632653061223,210.0
0_0_0_0_0_0_0_1_1_0_0_0_0_1_1_1_1_1_1_0_1_0_0_1_0_0_0_0_0_1_0_0_0_0_0_1_0_0_0_1_0_1_0_1,1,3.3333333333333337e-6,4.714045207910317e-6,0.34183673469387754,200.0
1_1_1_1_1_0_0_0_1_0_1_1_1_1_0_1_1_0_0_1_1_0_1_1_1_1_1_0_0_0_0_0_1_0_0_1_0_0_0_1_0_0_1_0,1,3.3333333333333337e-6,4.714045207910317e-6,0.30612244897959184,300.0
1_1_1_1_1_0_1_0_1_0_1_1_1_0_0_1_1_0_0_1_0_0_1_1_1_1_1_0_0_0_0_0_1_0_0_0_0_0_1_1_1_0_1_1,1,3.3333333333333337e-6,4.714045207910317e-6,0.29591836734693877,170.0
1_1_1_0_0_1_1_1_1_0_0_1_0_1_0_1_0_0_0_0_1_1_0_1_0_0_1_1_1_1_1_1_0_1_1_1_1_1_0_0_0_0_0_1,1,3.3333333333333337e-6,4.714045207910317e-6,0.28061224489795916,120.0
1_1_1_1_1_0_0_0_1_0_1_1_0_0_0_1_1_0_0_1_0_1_1_1_1_1_1_0_0_0_0_1_1_0_0_0_0_0_1_1_1_1_1_1,1,3.3333333333333337e-6,4.714045207910317e-6,0.27040816326530615,230.0
0_1_0_0_0_0_1_1_1_0_0_0_0_1_0_1_1_0_0_0_0_1_0_0_0_0_0_0_0_0_0_1_0_1_0_0_0_1_1_1_0_1_0_1,1,3.3333333333333337e-6,4.714045207910317e-6,0.2857142857142857,230.0
1_1_1_1_1_1_1_0_0_1_1_0_1_1_0_0_0_0_1_1_1_0_1_0_1_1_1_1_1_1_1_1_1_1_1_1_1_1_0_0_0_0_1_0,1,3.3333333333333337e-6,4.714045207910317e-6,0.29081632653061223,90.0
1_1_1_1_1_1_1_0_1_0_1_1_0_0_0_1_1_0_0_1_0_0_1_0_1_1_1_0_0_0_0_1_1_1_0_0_0_0_1_1_1_1_1_1,1,3.3333333333333337e-6,4.714045207910317e-6,0.24489795918367346,160.0
1_0_1_0_1_1_0_0_0_1_1_1_1_1_1_0_0_1_1_1_1_1_1_0_1_1_1_1_1_1_1_0_1_1_1_1_1_0_0_0_0_0_1_0,1,3.3333333333333337e-6,4.714045207910317e-6,0.2755102040816326,90.0
0_1_0_0_0_1_1_1_1_0_0_0_1_0_0_1_1_0_0_0_0_1_0_0_0_0_0_0_0_0_0_1_0_0_0_0_0_1_1_1_1_1_0_1,1,3.3333333333333337e-6,4.714045207910317e-6,0.2653061224489796,190.0
0_1_0_1_0_0_1_1_1_0_0_0_0_0_0_1_0_0_0_0_1_0_0_1_0_0_0_1_1_1_1_1_0_1_1_1_1_1_0_0_1_1_0_1,1,3.3333333333333337e-6,4.714045207910317e-6,0.25510204081632654,180.0
1_0_1_1_1_0_0_0_0_1_1_1_0_0_1_1_1_1_0_1_0_0_1_0_1_1_1_0_0_0_0_0_1_0_0_0_0_0_1_1_1_1_1_1,1,3.3333333333333337e-6,4.714045207910317e-6,0.27040816326530615,290.0
1_1_1_1_1_0_0_0_1_0_1_1_0_1_0_1_0_0_0_1_1_0_0_1_1_1_1_1_1_1_1_1_1_0_1_1_1_0_0_0_0_0_1_1,1,3.3333333333333337e-6,4.714045207910317e-6,0.2602040816326531,250.0
0_0_0_0_0_1_1_1_1_0_1_0_1_0_1_1_1_1_1_1_0_1_1_1_1_1_0_0_0_0_0_0_0_0_0_0_0_0_1_1_1_1_1_1,1,3.3333333333333337e-6,4.714045207910317e-6,0.29591836734693877,230.0
1_0_1_1_1_1_1_0_0_1_1_0_1_0_1_1_0_1_1_1_0_1_1_0_1_1_1_1_1_0_1_0_1_1_1_0_1_1_1_0_1_1_1_0,1,3.3333333333333337e-6,4.714045207910317e-6,0.336734693877551,100.0
1_0_1_0_1_1_1_0_0_1_1_1_0_1_1_0_1_1_1_1_0_1_0_0_1_1_1_0_0_0_0_0_1_1_0_0_0_0_1_1_0_0_1_0,1,3.3333333333333337e-6,4.714045207910317e-6,0.27040816326530615,110.0
1_1_1_0_0_1_1_1_0_1_1_1_0_0_1_1_0_1_0_1_1_0_1_1_0_1_1_1_1_1_1_1_0_1_1_1_1_1_0_0_1_1_0_1,1,3.3333333333333337e-6,4.714045207910317e-6,0.30612244897959184,200.0
0_1_0_1_1_1_1_0_1_0_1_1_0_1_0_0_1_0_0_1_1_1_0_1_1_1_0_0_0_1_0_1_1_0_0_1_0_1_0_1_0_0_1_0,1,3.3333333333333337e-6,4.714045207910317e-6,0.29081632653061223,240.0
0_1_0_1_1_1_0_0_0_1_0_0_0_1_0_0_0_0_1_0_1_0_0_0_0_0_0_1_1_1_1_1_1_1_1_1_1_1_0_0_0_1_0_0,1,3.3333333333333337e-6,4.714045207910317e-6,0.32142857142857145,150.0
1_0_1_1_1_0_0_0_0_1_1_1_1_1_1_0_0_1_1_1_1_0_1_1_1_1_1_1_1_1_1_0_1_1_1_1_1_0_0_0_0_0_1_0,1,3.3333333333333337e-6,4.714045207910317e-6,0.25,100.0
1_0_1_1_1_1_0_0_0_1_1_1_1_0_1_0_1_1_0_1_0_1_1_0_1_1_1_0_0_0_0_0_1_1_0_0_0_0_1_1_1_0_1_0,1,3.3333333333333337e-6,4.714045207910317e-6,0.29081632653061223,160.0
1_1_1_1_1_1_1_0_1_0_1_1_1_0_0_1_1_0_0_1_0_0_1_0_1_1_1_0_0_0_0_1_1_0_0_0_0_0_1_1_1_0_1_1,1,3.3333333333333337e-6,4.714045207910317e-6,0.25510204081632654,130.0
0_0_0_1_0_1_0_1_0_1_1_0_0_0_1_1_0_1_1_1_1_0_1_1_1_1_0_1_1_1_1_0_0_0_1_1_1_0_0_0_1_1_1_1,1,3.3333333333333337e-6,4.714045207910317e-6,0.29081632653061223,120.0
0_0_0_0_0_1_0_1_0_1_0_0_1_1_1_0_0_1_1_0_1_1_0_0_0_0_0_1_1_1_1_0_0_0_1_1_1_1_0_0_0_0_0_0,1,3.3333333333333337e-6,4.714045207910317e-6,0.27040816326530615,200.0
1_0_1_1_1_1_0_0_0_1_1_0_1_0_1_1_0_1_1_1_0_1_1_0_1_1_1_1_1_0_1_0_1_1_1_0_1_0_1_0_1_1_1_0,1,3.3333333333333337e-6,4.714045207910317e-6,0.32653061224489793,140.0
1_1_1_0_1_1_1_0_0_1_1_1_1_1_0_1_0_1_1_1_1_1_1_1_1_1_1_1_1_1_1_0_1_1_1_1_1_1_0_0_0_0_0_0,0,3.3333333333333337e-6,4.714045207910317e-6,0.1989795918367347,1001.0
1_0_1_1_1_1_0_0_0_1_1_1_1_0_1_0_0_1_1_1_1_0_1_1_1_1_1_1_1_1_1_0_1_0_1_1_1_0_0_0_1_0_1_0,1,3.3333333333333337e-6,4.714045207910317e-6,0.2857142857142857,220.0
1_0_1_0_1_0_0_0_0_1_1_1_0_1_1_0_0_1_1_1_1_1_0_0_1_1_1_1_1_1_1_0_1_0_1_1_1_0_0_0_0_0_1_0,1,3.3333333333333337e-6,4.714045207910317e-6,0.2857142857142857,220.0
1_1_1_1_1_1_1_0_0_1_1_0_1_1_0_0_0_0_1_1_1_1_0_1_1_1_1_1_1_1_1_1_1_1_1_1_1_1_0_0_0_0_1_0,1,3.3333333333333337e-6,4.714045207910317e-6,0.2857142857142857,100.0
1_1_0_0_1_1_1_0_1_1_1_1_1_1_0_1_1_0_0_1_0_1_1_0_1_1_1_0_0_0_0_1_1_0_0_0_0_1_1_1_0_0_1_0,0,3.3333333333333337e-6,4.714045207910317e-6,0.11734693877551021,1001.0
0_1_0_1_0_1_1_1_1_0_0_0_1_0_0_1_1_0_0_0_0_0_0_0_0_0_0_0_0_0_0_1_0_0_0_0_0_1_1_1_1_1_0_1,1,3.3333333333333337e-6,4.714045207910317e-6,0.2755102040816326,140.0
1_0_1_1_1_1_0_0_0_1_1_0_1_1_1_0_0_1_1_1_1_1_0_0_1_1_1_1_1_1_1_0_1_1_1_1_1_0_0_0_0_0_1_0,1,3.3333333333333337e-6,4.714045207910317e-6,0.2755102040816326,230.0
0_1_0_1_1_0_1_0_1_0_1_1_0_0_0_1_1_0_0_1_0_0_0_1_1_1_0_0_0_0_0_0_1_0_0_0_0_0_1_1_1_1_1_1,1,3.3333333333333337e-6,4.714045207910317e-6,0.2653061224489796,150.0
1_0_1_0_0_0_0_1_0_1_0_0_1_0_1_0_0_1_1_0_0_1_1_0_0_0_1_1_1_1_1_0_0_1_1_0_1_0_1_0_1_1_0_0,1,3.3333333333333337e-6,4.714045207910317e-6,0.29081632653061223,180.0
1_0_1_1_1_1_1_0_0_1_1_0_1_1_1_0_0_1_1_1_1_1_0_1_1_1_1_1_1_1_1_1_1_1_1_1_1_1_0_0_0_0_1_0,1,3.3333333333333337e-6,4.714045207910317e-6,0.2755102040816326,150.0
0_1_0_0_0_1_1_1_1_0_0_0_1_1_0_0_1_0_0_0_1_1_0_1_0_0_0_0_0_0_0_1_0_1_0_1_0_1_0_1_0_0_0_0,1,3.3333333333333337e-6,4.714045207910317e-6,0.34183673469387754,170.0
1_0_1_0_0_1_0_1_0_1_1_1_0_0_1_1_0_1_0_1_1_1_1_1_1_1_1_1_1_1_1_0_0_1_1_1_1_0_0_0_1_1_0_1,1,3.3333333333333337e-6,4.714045207910317e-6,0.3010204081632653,100.0
1_0_1_0_0_1_1_1_1_0_1_1_1_0_1_1_1_1_0_1_0_1_1_1_0_1_1_0_0_0_0_0_0_1_0_0_0_0_1_1_1_0_0_1,1,3.3333333333333337e-6,4.714045207910317e-6,0.336734693877551,100.0
1_1_1_1_1_0_0_0_1_0_1_1_0_0_0_1_0_0_0_1_1_0_1_1_1_1_1_1_1_1_1_0_1_0_1_1_1_0_0_0_1_1_1_1,1,3.3333333333333337e-6,4.714045207910317e-6,0.2602040816326531,310.0
0_1_0_1_1_1_1_0_1_0_1_1_1_1_0_0_1_0_0_1_1_0_0_1_1_1_0_0_0_0_0_1_1_0_0_1_0_1_0_1_0_0_1_0,1,3.3333333333333337e-6,4.714045207910317e-6,0.27040816326530615,300.0
1_1_1_0_0_1_0_1_0_1_1_1_0_0_1_1_1_1_0_1_0_0_1_0_1_1_1_0_0_0_0_0_0_0_0_0_0_0_1_1_1_1_0_1,1,3.3333333333333337e-6,4.714045207910317e-6,0.29081632653061223,260.0
0_0_0_1_1_0_0_0_0_1_0_0_1_1_1_0_0_1_1_0_1_0_0_0_0_0_0_1_1_1_1_0_1_1_1_1_1_1_0_0_0_0_0_0,1,3.3333333333333337e-6,4.714045207910317e-6,0.2857142857142857,350.0
1_0_1_1_1_1_0_0_0_1_1_1_0_1_1_0_0_1_1_1_1_0_0_1_1_1_1_1_1_1_1_0_1_1_1_1_1_0_0_0_0_0_1_0,1,3.3333333333333337e-6,4.714045207910317e-6,0.2602040816326531,180.0
0_0_0_0_0_0_0_1_0_1_0_0_1_0_1_0_0_1_1_0_0_0_1_0_0_0_0_1_1_1_1_0_0_1_1_0_1_1_1_0_1_1_0_0,1,3.3333333333333337e-6,4.714045207910317e-6,0.32653061224489793,230.0
1_0_1_0_1_1_0_0_0_1_1_1_1_1_1_0_0_1_1_1_1_1_0_0_1_1_1_1_1_1_1_0_1_0_1_1_1_0_0_0_0_0_1_0,1,3.3333333333333337e-6,4.714045207910317e-6,0.28061224489795916,200.0
0_1_0_1_0_0_1_1_1_0_0_0_1_0_0_1_0_0_0_0_1_0_0_1_0_0_0_1_1_1_1_1_0_1_1_1_1_1_0_0_1_1_0_1,1,3.3333333333333337e-6,4.714045207910317e-6,0.27040816326530615,120.0
0_1_0_1_0_0_1_1_1_0_0_0_1_0_0_1_1_0_0_0_0_0_0_1_0_0_0_0_0_0_0_1_0_0_0_0_0_1_1_1_1_1_0_1,1,3.3333333333333337e-6,4.714045207910317e-6,0.29081632653061223,330.0
0_1_0_0_0_0_0_1_1_0_0_0_1_0_0_1_1_0_0_0_0_1_1_0_0_0_0_0_0_0_0_1_0_0_0_0_0_1_1_1_1_1_0_1,1,3.3333333333333337e-6,4.714045207910317e-6,0.2653061224489796,120.0
0_0_0_0_0_0_0_1_0_1_0_0_1_0_1_1_0_1_1_0_0_1_1_0_0_0_0_1_1_0_1_0_0_0_1_0_1_0_1_0_1_1_0_1,1,3.3333333333333337e-6,4.714045207910317e-6,0.32142857142857145,120.0
1_1_1_0_0_0_1_1_1_0_1_1_1_0_0_1_0_0_0_1_1_1_1_1_1_1_1_1_1_1_1_1_0_0_1_1_1_0_0_0_1_0_1_1,1,3.3333333333333337e-6,4.714045207910317e-6,0.29591836734693877,350.0
0_0_0_1_1_0_1_0_1_0_0_0_1_1_1_0_0_1_1_0_1_1_0_1_1_1_0_1_1_1_1_0_1_0_1_1_1_0_0_0_0_0_1_0,1,3.3333333333333337e-6,4.714045207910317e-6,0.2857142857142857,180.0
0_1_0_0_0_0_0_1_1_0_0_0_1_0_0_1_0_0_0_0_1_1_1_1_0_0_0_1_1_1_1_1_0_0_1_1_1_1_0_0_1_1_0_1,1,3.3333333333333337e-6,4.714045207910317e-6,0.2602040816326531,290.0
1_1_1_0_1_1_1_0_1_1_1_1_1_1_0_1_0_0_1_1_1_0_1_1_1_1_1_1_1_1_1_0_1_0_1_1_1_0_0_0_0_0_1_0,0,3.3333333333333337e-6,4.714045207910317e-6,0.17857142857142858,1001.0
1_0_1_1_1_0_0_0_0_1_1_1_1_0_1_0_0_1_1_1_1_0_1_1_1_1_1_1_1_1_1_0_1_1_1_1_1_0_0_0_1_0_1_0,1,3.3333333333333337e-6,4.714045207910317e-6,0.2857142857142857,190.0
0_0_0_0_0_0_0_1_1_0_0_0_1_1_1_0_1_1_1_0_1_1_0_1_0_0_0_0_0_0_0_0_0_0_0_1_0_0_0_1_0_0_0_0,1,3.3333333333333337e-6,4.714045207910317e-6,0.32142857142857145,200.0
0_1_0_1_1_0_1_0_1_0_1_1_1_1_0_0_1_0_0_1_1_0_0_1_1_1_0_0_0_0_0_1_1_0_0_1_0_0_0_1_0_0_1_0,1,3.3333333333333337e-6,4.714045207910317e-6,0.29591836734693877,150.0
0_1_0_1_1_1_1_0_1_0_0_1_0_1_0_0_1_0_0_1_1_0_0_1_1_1_0_0_0_1_0_1_1_0_0_1_0_0_0_1_0_0_1_1,1,3.3333333333333337e-6,4.714045207910317e-6,0.2857142857142857,150.0
0_1_0_0_0_0_1_1_1_0_0_0_1_0_0_1_1_0_0_0_0_1_0_1_0_0_0_0_0_0_0_1_0_1_0_0_0_1_1_1_1_1_0_1,1,3.3333333333333337e-6,4.714045207910317e-6,0.28061224489795916,130.0
1_1_1_1_1_1_1_0_0_1_1_0_1_1_0_0_0_0_1_1_1_1_1_1_1_1_1_1_1_1_1_1_1_1_1_1_1_1_0_0_0_0_1_0,1,3.3333333333333337e-6,4.714045207910317e-6,0.28061224489795916,220.0
0_1_0_0_0_1_1_1_1_0_0_0_0_0_0_1_1_0_0_0_0_1_1_1_0_0_0_0_0_0_0_1_0_1_0_0_0_1_1_1_1_1_0_1,1,3.3333333333333337e-6,4.714045207910317e-6,0.27040816326530615,110.0
1_0_1_0_0_0_1_1_1_0_1_1_1_0_1_1_1_1_0_1_0_1_1_0_1_1_1_0_0_0_0_0_0_1_0_0_0_0_1_1_1_0_1_1,1,3.3333333333333337e-6,4.714045207910317e-6,0.3163265306122449,120.0
1_0_1_0_1_1_1_0_0_1_1_1_0_1_1_0_0_1_1_1_1_1_1_1_1_1_1_1_1_1_1_0_1_1_1_1_1_0_0_0_0_0_1_0,1,3.3333333333333337e-6,4.714045207910317e-6,0.28061224489795916,130.0
1_1_1_1_1_1_1_0_0_1_1_1_1_0_1_0_0_1_0_1_0_0_1_0_1_1_1_1_1_0_1_0_1_1_1_0_1_1_1_0_1_0_1_0,1,3.3333333333333337e-6,4.714045207910317e-6,0.3520408163265306,100.0
0_0_0_1_0_0_1_1_1_0_0_0_0_0_0_0_0_1_0_0_1_1_0_1_0_0_0_1_1_1_1_1_0_0_1_1_1_1_0_0_1_1_1_1,0,3.3333333333333337e-6,4.714045207910317e-6,0.1989795918367347,1001.0
1_1_1_1_1_1_1_0_1_1_1_1_1_1_1_1_1_0_0_1_0_0_1_0_1_1_1_0_0_0_0_1_1_0_0_0_0_1_1_1_0_0_1_0,0,3.3333333333333337e-6,4.714045207910317e-6,0.15306122448979592,1001.0
1_1_1_1_1_0_0_0_1_0_1_1_1_1_0_1_1_0_0_1_1_1_1_1_1_1_1_0_0_0_0_1_1_0_0_1_0_0_0_1_0_0_1_0,1,3.3333333333333337e-6,4.714045207910317e-6,0.29591836734693877,70.0
0_1_0_0_0_0_0_1_1_0_0_1_0_0_0_1_1_0_0_0_0_0_0_0_0_0_0_0_0_0_0_1_0_0_0_0_0_0_1_1_1_1_0_1,1,3.3333333333333337e-6,4.714045207910317e-6,0.2653061224489796,210.0
1_1_1_1_1_0_1_0_1_0_1_1_0_0_0_1_1_0_0_1_0_0_1_0_1_1_1_0_0_0_0_0_1_1_0_0_0_0_1_1_1_1_1_1,1,3.3333333333333337e-6,4.714045207910317e-6,0.27040816326530615,130.0
0_0_0_1_1_0_0_0_0_1_0_0_1_1_1_0_1_1_1_0_0_0_0_0_1_1_0_0_0_0_0_0_1_0_0_0_0_1_1_1_0_0_1_0,1,3.3333333333333337e-6,4.714045207910317e-6,0.28061224489795916,130.0
0_0_0_1_1_0_0_0_0_1_0_0_1_1_1_0_1_1_1_0_0_0_0_0_0_0_0_0_0_0_0_0_1_0_0_0_0_1_1_1_0_0_0_0,1,3.3333333333333337e-6,4.714045207910317e-6,0.2755102040816326,250.0
1_1_1_1_1_1_0_0_0_1_1_0_1_1_0_0_0_0_1_1_1_1_0_0_1_1_1_1_1_1_1_1_1_1_1_1_1_1_0_0_0_0_1_0,1,3.3333333333333337e-6,4.714045207910317e-6,0.29591836734693877,110.0
1_0_1_1_1_0_0_0_0_1_1_1_1_0_1_0_0_1_0_1_1_0_1_1_1_1_1_1_1_1_1_0_1_0_1_1_1_0_0_0_1_0_1_0,1,3.3333333333333337e-6,4.714045207910317e-6,0.29081632653061223,280.0
0_0_0_0_0_0_0_1_0_0_0_1_1_1_1_0_1_1_1_0_1_1_0_1_0_0_0_0_0_0_0_0_0_1_0_1_0_0_0_1_0_0_0_0,1,3.3333333333333337e-6,4.714045207910317e-6,0.32142857142857145,220.0
1_0_1_0_1_0_0_0_0_1_1_1_1_0_1_0_1_1_1_1_0_1_1_0_1_1_1_0_0_0_0_0_1_0_0_0_0_0_1_1_1_0_1_0,1,3.3333333333333337e-6,4.714045207910317e-6,0.29081632653061223,260.0
0_1_0_1_0_1_1_1_1_0_0_0_1_1_0_0_1_0_0_0_1_0_0_1_0_0_0_0_0_1_0_1_0_0_0_1_0_1_0_1_0_0_0_0,1,3.3333333333333337e-6,4.714045207910317e-6,0.3520408163265306,130.0
1_0_1_0_1_1_1_0_0_1_1_1_0_1_1_0_1_1_1_1_0_1_1_0_1_1_1_0_0_0_0_0_1_1_0_0_0_0_1_1_0_0_1_0,1,3.3333333333333337e-6,4.714045207910317e-6,0.2755102040816326,240.0
1_0_1_0_1_1_0_0_0_1_1_1_0_1_1_0_1_1_1_1_0_1_0_0_1_1_1_0_0_0_0_0_1_1_0_0_0_0_1_1_0_0_1_0,1,3.3333333333333337e-6,4.714045207910317e-6,0.2653061224489796,90.0
0_0_0_0_0_1_1_1_0_1_0_0_1_1_1_0_0_1_1_0_1_1_0_1_0_0_0_1_1_1_1_0_0_1_1_1_1_1_0_0_0_0_0_0,1,3.3333333333333337e-6,4.714045207910317e-6,0.25,120.0
0_0_0_1_0_0_0_1_0_0_0_0_0_0_0_0_1_0_0_0_0_1_0_0_0_0_0_0_0_0_0_1_0_1_0_0_0_0_1_1_1_1_0_1,0,3.3333333333333337e-6,4.714045207910317e-6,0.16326530612244897,1001.0
0_1_0_1_1_1_1_0_1_0_0_1_0_1_0_0_1_0_0_1_1_0_0_1_1_1_0_0_0_1_0_1_1_0_0_1_0_1_0_1_0_0_1_1,1,3.3333333333333337e-6,4.714045207910317e-6,0.27040816326530615,190.0
0_0_0_0_0_0_0_1_1_0_0_1_0_0_1_1_1_1_0_0_0_0_1_1_0_0_0_0_0_0_0_0_0_0_0_0_0_0_1_1_1_1_0_1,1,3.3333333333333337e-6,4.714045207910317e-6,0.3010204081632653,280.0
1_1_1_0_0_1_1_1_1_0_1_1_0_0_0_1_1_0_0_1_0_1_1_0_1_1_1_0_0_0_0_1_0_1_0_0_0_0_1_1_1_1_1_1,1,3.3333333333333337e-6,4.714045207910317e-6,0.28061224489795916,150.0
1_0_1_0_1_0_0_0_0_1_1_1_1_1_1_0_0_1_1_1_1_1_0_1_1_1_1_1_1_1_1_0_1_0_1_1_1_0_0_0_0_0_1_0,1,3.3333333333333337e-6,4.714045207910317e-6,0.2653061224489796,90.0
0_1_0_1_0_1_1_1_1_0_0_0_0_1_0_1_1_0_0_0_0_0_0_0_0_0_0_0_0_0_0_1_0_1_0_0_0_1_1_1_0_1_0_1,1,3.3333333333333337e-6,4.714045207910317e-6,0.29591836734693877,70.0
0_1_0_0_0_1_1_1_1_0_0_0_0_1_0_1_1_0_0_0_0_1_0_0_0_0_0_0_0_0_0_1_0_1_0_0_0_1_1_1_0_1_0_1,1,3.3333333333333337e-6,4.714045207910317e-6,0.2857142857142857,110.0
0_0_0_1_1_1_0_0_0_1_1_0_1_0_1_0_0_1_1_1_1_1_1_1_1_1_0_1_1_1_1_0_1_0_1_1_1_0_0_0_1_1_1_0,1,3.3333333333333337e-6,4.714045207910317e-6,0.29081632653061223,160.0
1_1_1_1_1_0_0_0_1_0_1_1_0_0_0_1_1_0_0_1_0_0_1_1_1_1_1_0_0_0_0_1_1_0_0_0_0_0_1_1_1_1_1_1,1,3.3333333333333337e-6,4.714045207910317e-6,0.2653061224489796,140.0
1_1_1_0_0_1_1_1_0_1_1_1_0_0_0_1_1_0_0_1_0_1_1_0_0_0_1_0_0_0_0_1_0_1_0_0_0_1_1_1_1_1_0_1,1,3.3333333333333337e-6,4.714045207910317e-6,0.2857142857142857,350.0
0_1_0_0_0_1_1_1_1_0_0_1_0_1_0_0_1_0_0_0_0_0_0_0_0_0_0_0_0_0_0_1_0_0_0_0_0_1_1_1_0_0_0_1,1,3.3333333333333337e-6,4.714045207910317e-6,0.25510204081632654,130.0
0_0_0_0_0_0_0_1_1_0_0_1_0_0_1_1_1_1_0_0_0_1_1_0_0_0_0_0_0_0_0_0_0_0_0_0_0_0_1_1_1_1_0_1,1,3.3333333333333337e-6,4.714045207910317e-6,0.28061224489795916,130.0
1_0_1_0_1_0_0_0_0_1_1_1_0_0_1_1_1_1_1_1_0_1_1_0_1_1_1_0_0_0_0_0_1_0_0_0_0_0_1_1_1_1_1_1,1,3.3333333333333337e-6,4.714045207910317e-6,0.2755102040816326,260.0
1_0_1_1_1_1_1_0_0_1_1_0_1_1_1_0_0_1_1_1_1_1_1_0_1_1_1_1_1_1_1_0_1_1_1_1_1_1_0_0_0_0_1_0,1,3.3333333333333337e-6,4.714045207910317e-6,0.28061224489795916,400.0
1_1_1_0_0_0_0_1_1_0_1_1_0_0_0_1_1_0_0_1_0_1_1_0_1_1_1_0_0_0_0_1_0_0_0_0_0_0_1_1_1_1_1_1,1,3.3333333333333337e-6,4.714045207910317e-6,0.2857142857142857,170.0
0_0_0_0_0_0_0_1_0_1_0_0_0_0_1_1_0_1_1_0_0_1_1_0_0_0_0_1_1_1_1_0_0_1_1_0_1_0_1_0_1_1_0_1,1,3.3333333333333337e-6,4.714045207910317e-6,0.30612244897959184,160.0
1_0_1_0_1_1_1_0_1_1_1_1_1_1_1_1_1_1_1_1_0_1_1_0_1_1_1_0_0_0_0_1_1_0_0_0_0_1_1_1_0_0_1_0,0,3.3333333333333337e-6,4.714045207910317e-6,0.15816326530612246,1001.0
0_0_0_1_1_0_0_0_1_0_0_0_1_1_0_0_0_0_1_0_1_1_0_1_0_0_0_1_1_1_1_0_1_0_1_1_1_0_0_0_0_0_1_0,1,3.3333333333333337e-6,4.714045207910317e-6,0.2857142857142857,170.0
1_1_1_1_1_0_1_0_1_0_1_1_0_0_0_1_0_0_0_1_1_0_0_1_1_1_1_1_1_1_1_1_1_1_1_1_1_0_0_0_1_1_1_1,1,3.3333333333333337e-6,4.714045207910317e-6,0.25510204081632654,140.0
1_1_1_1_1_0_1_0_1_0_1_1_1_1_0_1_1_0_0_1_1_1_1_1_1_1_1_0_0_1_0_1_1_1_0_1_0_0_0_1_0_0_1_0,1,3.3333333333333337e-6,4.714045207910317e-6,0.3010204081632653,150.0
0_1_0_0_0_1_1_1_1_0_0_0_0_0_0_1_1_0_0_0_0_1_0_0_0_0_0_0_0_0_0_1_0_0_0_0_0_1_1_1_1_1_0_1,1,3.3333333333333337e-6,4.714045207910317e-6,0.25,210.0
1_1_1_1_1_1_1_0_1_0_1_1_0_0_0_1_1_0_0_1_0_1_0_0_1_1_1_0_0_0_0_1_1_1_0_0_0_0_1_1_1_1_1_1,1,3.3333333333333337e-6,4.714045207910317e-6,0.25510204081632654,130.0
0_0_0_0_0_0_0_1_0_1_0_0_1_0_1_0_0_1_1_0_0_0_0_0_0_0_0_1_1_1_1_0_0_0_1_0_1_0_1_0_1_1_0_0,1,3.3333333333333337e-6,4.714045207910317e-6,0.3163265306122449,100.0
0_0_0_1_1_1_0_0_0_1_0_0_1_1_1_0_0_1_1_0_1_0_0_1_0_0_0_1_1_1_1_0_1_1_1_1_1_1_0_0_0_0_0_0,1,3.3333333333333337e-6,4.714045207910317e-6,0.28061224489795916,190.0
0_0_0_0_0_0_1_1_1_0_0_1_0_1_1_0_1_1_0_0_0_1_0_0_0_0_0_0_0_0_0_0_0_0_0_0_0_0_1_1_0_0_0_1,1,3.3333333333333337e-6,4.714045207910317e-6,0.27040816326530615,120.0
1_1_1_1_1_1_1_0_1_0_1_1_0_1_0_1_1_0_0_1_1_0_0_1_1_1_1_0_0_1_0_0_1_0_0_1_0_0_0_1_0_0_1_1,1,3.3333333333333337e-6,4.714045207910317e-6,0.336734693877551,130.0
1_1_1_1_1_1_1_0_1_0_1_1_1_0_0_1_1_0_0_1_0_0_1_1_1_1_1_0_0_0_0_0_1_1_0_0_0_0_1_1_1_0_1_1,1,3.3333333333333337e-6,4.714045207910317e-6,0.29591836734693877,140.0
0_1_0_1_1_1_1_0_1_0_1_1_1_1_0_0_1_0_0_1_1_0_0_1_1_1_0_0_0_0_0_1_1_0_0_1_0_0_0_1_0_0_1_0,1,3.3333333333333337e-6,4.714045207910317e-6,0.2857142857142857,180.0
0_0_0_1_1_1_0_0_0_1_1_0_1_0_1_0_1_1_1_1_0_1_1_0_1_1_0_0_0_0_0_0_1_0_0_0_0_0_1_1_1_1_1_0,1,3.3333333333333337e-6,4.714045207910317e-6,0.2857142857142857,180.0
0_1_0_0_0_0_1_1_1_0_0_1_0_0_0_1_1_0_0_0_0_0_0_1_0_0_0_0_0_0_0_1_0_0_0_0_0_1_1_1_1_1_0_1,1,3.3333333333333337e-6,4.714045207910317e-6,0.27040816326530615,230.0
0_1_0_1_1_1_1_0_1_0_1_1_0_1_0_0_1_0_0_1_1_0_0_1_1_1_0_0_0_1_0_1_1_0_0_1_0_1_0_1_0_0_1_0,1,3.3333333333333337e-6,4.714045207910317e-6,0.2857142857142857,150.0
1_0_1_0_1_0_0_0_0_1_1_1_0_0_1_1_0_1_1_1_1_1_1_1_1_1_1_1_1_1_1_0_1_0_1_1_1_0_0_0_1_1_1_1,1,3.3333333333333337e-6,4.714045207910317e-6,0.28061224489795916,210.0
1_1_1_1_1_1_1_0_1_1_1_0_0_1_1_0_0_1_1_1_1_0_1_1_1_1_1_1_1_1_1_0_1_0_1_1_1_1_0_0_0_0_1_0,1,3.3333333333333337e-6,4.714045207910317e-6,0.2653061224489796,200.0
0_1_0_0_0_0_0_1_0_0_0_1_0_1_0_1_1_0_1_0_0_1_0_0_0_0_0_0_0_0_0_1_0_1_0_0_0_1_1_1_0_1_0_1,1,3.3333333333333337e-6,4.714045207910317e-6,0.29591836734693877,60.0
0_0_0_1_0_0_1_1_1_0_0_0_0_0_0_0_1_0_0_0_0_1_0_0_0_0_0_0_0_0_0_1_0_1_0_0_0_0_1_1_1_1_1_1,0,3.3333333333333337e-6,4.714045207910317e-6,0.1989795918367347,1001.0
1_1_1_0_0_1_1_1_0_1_1_1_0_0_1_1_0_1_0_1_1_0_1_1_0_1_1_1_1_1_1_0_0_1_1_1_1_1_0_0_1_1_0_1,1,3.3333333333333337e-6,4.714045207910317e-6,0.3010204081632653,150.0
0_1_0_1_1_1_0_0_0_1_0_0_0_1_0_0_1_0_1_0_0_0_0_0_0_0_0_0_0_0_0_1_1_1_0_0_0_1_1_1_0_1_0_0,1,3.3333333333333337e-6,4.714045207910317e-6,0.3010204081632653,280.0
1_1_1_1_1_1_1_0_1_0_1_1_0_1_0_1_0_0_0_1_1_0_1_1_1_1_1_1_1_1_1_1_1_1_1_1_1_0_0_0_0_0_1_1,1,3.3333333333333337e-6,4.714045207910317e-6,0.25,200.0
0_0_0_1_0_0_1_1_1_0_0_0_0_0_1_0_1_1_0_0_0_1_0_0_0_0_0_0_0_0_0_1_0_0_0_0_0_0_1_1_1_1_1_1,0,3.3333333333333337e-6,4.714045207910317e-6,0.1989795918367347,1001.0
0_0_0_1_0_0_1_1_1_0_0_0_0_0_1_0_1_1_0_0_0_1_0_0_0_0_0_0_0_0_0_1_0_0_0_0_0_1_1_1_1_1_1_1,0,3.3333333333333337e-6,4.714045207910317e-6,0.20408163265306123,1001.0
0_0_0_0_0_0_0_1_0_1_0_0_0_0_1_0_0_1_1_0_0_1_0_0_0_0_0_1_1_0_1_0_0_0_1_0_1_0_1_0_1_1_0_1,1,3.3333333333333337e-6,4.714045207910317e-6,0.27040816326530615,190.0
0_0_0_1_1_0_0_0_0_1_0_0_1_1_1_0_1_1_1_0_0_0_0_0_1_1_0_0_0_0_0_0_1_0_0_0_0_1_1_1_0_0_0_0,1,3.3333333333333337e-6,4.714045207910317e-6,0.29081632653061223,120.0
0_1_0_1_0_1_1_1_1_0_0_0_1_0_0_1_1_0_0_0_0_0_0_0_0_0_0_0_0_0_0_1_0_1_0_0_0_1_1_1_1_1_0_1,1,3.3333333333333337e-6,4.714045207910317e-6,0.2755102040816326,70.0
0_1_0_1_1_1_0_0_0_1_0_0_1_1_0_0_0_0_1_0_1_0_0_0_0_0_0_1_1_1_1_1_1_1_1_1_1_1_0_0_0_0_0_0,1,3.3333333333333337e-6,4.714045207910317e-6,0.3010204081632653,230.0
1_1_1_0_1_1_1_0_0_1_1_1_0_0_0_1_0_0_0_1_0_1_1_0_1_1_1_1_1_1_1_1_1_1_1_0_1_1_1_0_1_1_0_1,1,3.3333333333333337e-6,4.714045207910317e-6,0.3112244897959184,260.0
1_1_1_0_0_1_0_1_0_1_1_1_0_0_1_1_1_1_0_1_0_0_1_0_1_1_1_0_0_0_0_0_0_1_0_0_0_0_1_1_1_1_0_1,1,3.3333333333333337e-6,4.714045207910317e-6,0.29081632653061223,300.0
0_0_0_0_0_1_1_1_0_1_0_0_0_0_1_0_0_1_1_0_0_0_0_0_0_0_0_1_1_1_1_0_0_1_1_0_1_1_1_0_1_1_0_1,1,3.3333333333333337e-6,4.714045207910317e-6,0.29591836734693877,70.0
0_0_0_0_0_0_0_1_0_0_0_0_0_0_1_0_0_1_1_0_1_1_0_1_0_1_0_1_1_1_1_0_0_1_1_1_1_0_0_0_1_1_0_1,0,3.3333333333333337e-6,4.714045207910317e-6,0.15306122448979592,1001.0
1_0_1_1_1_0_0_0_0_1_1_1_1_1_1_0_0_1_1_1_1_0_0_0_1_1_1_1_1_1_1_0_1_0_1_1_1_0_0_0_0_0_1_0,1,3.3333333333333337e-6,4.714045207910317e-6,0.27040816326530615,210.0
0_0_0_0_0_0_1_1_1_0_0_1_0_1_1_0_1_1_0_0_0_0_0_0_0_0_0_0_0_0_0_0_0_0_0_0_0_0_1_1_0_0_0_1,1,3.3333333333333337e-6,4.714045207910317e-6,0.2755102040816326,110.0
0_0_0_0_0_0_0_1_0_1_0_0_0_0_1_1_0_1_1_0_0_0_1_0_0_0_0_1_1_0_1_0_0_0_1_0_1_0_1_0_1_1_0_1,1,3.3333333333333337e-6,4.714045207910317e-6,0.32142857142857145,150.0
0_0_0_0_0_1_0_1_0_1_0_0_1_1_1_0_0_1_1_0_1_1_1_0_0_0_0_1_1_1_1_0_0_0_1_1_1_1_0_0_0_0_0_0,1,3.3333333333333337e-6,4.714045207910317e-6,0.2755102040816326,160.0
1_1_1_0_0_0_1_1_1_0_0_1_0_1_0_1_0_0_0_0_1_1_1_1_0_0_1_1_1_1_1_1_0_1_1_1_1_1_0_0_0_0_0_1,1,3.3333333333333337e-6,4.714045207910317e-6,0.2857142857142857,140.0
1_1_1_1_1_1_1_0_1_0_1_1_0_1_0_0_1_0_0_1_1_0_0_1_1_1_1_0_0_1_0_1_1_0_0_1_0_1_0_1_0_0_1_0,1,3.3333333333333337e-6,4.714045207910317e-6,0.3112244897959184,210.0
0_1_0_1_0_1_1_1_1_0_0_0_1_0_0_1_1_0_0_0_0_0_1_0_0_0_0_0_0_0_0_1_0_0_0_0_0_1_1_1_1_1_0_1,1,3.3333333333333337e-6,4.714045207910317e-6,0.27040816326530615,100.0
1_0_1_1_1_1_0_0_0_1_1_0_1_0_1_1_1_1_1_1_0_1_1_0_1_1_1_0_0_0_0_0_1_1_0_0_0_0_1_1_1_1_1_0,1,3.3333333333333337e-6,4.714045207910317e-6,0.25,120.0
0_0_0_0_0_0_0_1_0_1_0_0_0_1_1_0_0_1_1_0_1_1_0_1_0_0_0_1_1_1_1_0_0_0_1_1_1_1_0_0_0_1_0_0,1,3.3333333333333337e-6,4.714045207910317e-6,0.2653061224489796,130.0
1_1_1_1_1_1_0_0_0_1_1_0_1_1_0_0_0_0_1_1_1_0_0_0_1_1_1_1_1_1_1_1_1_1_1_1_1_1_0_0_0_0_1_0,1,3.3333333333333337e-6,4.714045207910317e-6,0.29081632653061223,130.0
0_1_0_0_0_0_1_1_1_0_0_0_0_0_0_1_1_0_0_0_0_1_1_0_0_0_0_0_0_0_0_1_0_0_0_0_0_1_1_1_1_1_0_1,1,3.3333333333333337e-6,4.714045207910317e-6,0.25510204081632654,170.0
1_0_1_0_0_0_1_1_1_0_1_1_0_0_1_1_1_1_0_1_0_1_1_0_1_1_1_0_0_0_0_0_0_0_0_0_0_0_1_1_1_1_1_1,1,3.3333333333333337e-6,4.714045207910317e-6,0.2857142857142857,90.0
1_0_1_0_1_0_0_0_0_1_1_1_0_1_1_0_1_1_1_1_0_1_1_0_1_1_1_0_0_0_0_0_1_0_0_0_0_0_1_1_0_0_1_0,1,3.3333333333333337e-6,4.714045207910317e-6,0.27040816326530615,120.0
1_1_1_1_1_0_1_0_1_0_1_1_1_0_0_1_1_0_0_1_0_0_1_0_1_1_1_0_0_0_0_1_1_0_0_0_0_0_1_1_1_0_1_1,1,3.3333333333333337e-6,4.714045207910317e-6,0.2653061224489796,200.0
1_1_1_1_1_1_1_0_1_0_1_1_0_1_0_1_1_0_0_1_0_0_0_0_1_1_1_0_0_0_0_1_1_1_0_0_0_0_1_1_0_0_1_1,1,3.3333333333333337e-6,4.714045207910317e-6,0.2602040816326531,120.0
1_1_1_1_1_0_0_0_1_0_1_1_1_0_0_1_1_0_0_1_0_1_1_0_1_1_1_0_0_0_0_1_1_0_0_0_0_0_1_1_1_0_1_1,1,3.3333333333333337e-6,4.714045207910317e-6,0.2755102040816326,210.0
1_0_1_1_1_1_1_0_0_1_1_1_0_0_1_1_1_1_0_1_0_1_1_0_1_1_1_0_0_0_0_0_1_1_0_0_0_0_1_1_1_1_1_1,1,3.3333333333333337e-6,4.714045207910317e-6,0.28061224489795916,280.0
1_1_1_0_0_1_1_1_1_0_1_1_1_0_0_1_0_0_0_1_1_0_1_1_0_0_1_1_1_1_1_1_0_1_1_1_1_0_0_0_1_0_0_1,1,3.3333333333333337e-6,4.714045207910317e-6,0.30612244897959184,270.0
1_1_1_1_1_0_1_0_1_0_1_1_0_1_0_0_1_0_0_1_1_0_0_1_1_1_1_0_0_0_0_1_1_0_0_1_0_0_0_1_0_0_1_0,1,3.3333333333333337e-6,4.714045207910317e-6,0.336734693877551,50.0
0_0_0_1_1_0_1_0_1_0_0_0_1_1_0_0_0_0_1_0_1_0_0_1_1_0_0_1_1_1_1_0_1_0_1_1_1_0_0_0_0_0_1_0,1,3.3333333333333337e-6,4.714045207910317e-6,0.29081632653061223,250.0
1_1_1_1_1_0_1_0_1_0_1_1_0_1_0_1_1_0_0_1_1_1_0_1_1_1_1_0_0_0_0_1_1_0_0_1_0_0_0_1_0_0_1_1,1,3.3333333333333337e-6,4.714045207910317e-6,0.336734693877551,200.0
1_1_1_0_1_0_1_0_1_1_1_1_1_1_0_1_1_0_1_1_0_0_1_0_1_1_1_0_0_0_0_1_1_0_0_0_0_1_1_1_0_0_1_0,0,3.3333333333333337e-6,4.714045207910317e-6,0.16326530612244897,1001.0
1_0_1_1_1_0_0_0_0_1_1_0_1_1_1_0_0_1_1_1_1_1_0_1_1_1_1_1_1_1_1_0_1_1_1_1_1_0_0_0_0_0_1_0,1,3.3333333333333337e-6,4.714045207910317e-6,0.2602040816326531,210.0
0_1_0_1_1_0_0_0_0_1_0_0_1_1_0_0_1_0_1_0_0_0_0_0_1_0_0_0_0_0_0_1_1_0_0_0_0_1_1_1_0_0_1_0,1,3.3333333333333337e-6,4.714045207910317e-6,0.29591836734693877,420.0
0_1_0_0_0_0_0_1_1_0_0_1_0_0_0_0_1_0_0_0_0_0_0_0_0_0_0_0_0_0_0_1_0_0_0_0_0_1_1_1_1_1_0_1,0,3.3333333333333337e-6,4.714045207910317e-6,0.22959183673469388,1001.0
0_1_0_0_0_0_1_1_1_0_0_0_0_0_0_1_1_0_0_0_0_1_1_1_0_0_0_0_0_0_0_1_0_1_0_0_0_1_1_1_1_1_0_1,1,3.3333333333333337e-6,4.714045207910317e-6,0.27040816326530615,70.0
1_0_1_1_1_1_0_0_0_1_1_0_1_1_1_0_0_1_1_1_1_1_0_0_1_1_1_1_1_1_1_0_1_1_1_1_1_1_0_0_0_0_1_0,1,3.3333333333333337e-6,4.714045207910317e-6,0.28061224489795916,310.0
0_0_0_0_0_1_1_1_0_1_0_0_1_1_1_0_0_1_1_0_1_0_0_0_0_0_0_1_1_1_1_0_0_1_1_1_1_1_0_0_0_0_0_0,1,3.3333333333333337e-6,4.714045207910317e-6,0.27040816326530615,220.0
0_0_0_0_0_0_0_1_1_0_0_1_0_1_1_0_0_1_0_0_1_1_0_1_0_0_0_1_1_1_1_0_0_0_1_1_1_0_0_0_0_0_0_1,1,3.3333333333333337e-6,4.714045207910317e-6,0.27040816326530615,200.0
1_0_1_0_1_1_1_0_0_1_1_1_0_0_1_1_0_1_1_1_1_1_1_1_1_1_1_1_1_1_1_0_1_1_1_1_1_0_0_0_1_1_1_1,1,3.3333333333333337e-6,4.714045207910317e-6,0.2857142857142857,140.0
0_1_0_1_0_0_1_1_1_0_0_0_0_0_0_1_0_0_0_0_1_0_1_1_0_0_0_1_1_1_1_1_0_0_1_1_1_1_0_0_1_1_0_1,1,3.3333333333333337e-6,4.714045207910317e-6,0.2602040816326531,90.0
1_0_0_1_1_1_1_0_1_1_1_0_1_1_1_0_0_1_1_1_1_0_0_1_1_1_1_1_1_1_1_0_1_0_1_1_1_0_0_0_0_0_1_0,0,3.3333333333333337e-6,4.714045207910317e-6,0.23469387755102042,1001.0
0_1_0_1_1_0_1_0_1_0_1_1_1_1_0_0_1_0_0_1_1_0_0_1_1_1_0_0_0_1_0_0_1_0_0_1_0_0_0_1_0_0_1_0,1,3.3333333333333337e-6,4.714045207910317e-6,0.3112244897959184,370.0
1_1_1_0_0_1_1_1_1_0_0_1_0_1_0_1_1_0_0_0_0_0_0_0_0_0_1_0_0_0_0_1_0_1_0_0_0_1_1_1_0_0_0_1,1,3.3333333333333337e-6,4.714045207910317e-6,0.29081632653061223,170.0
1_0_1_1_1_1_0_0_0_1_1_1_0_1_1_0_0_1_1_1_1_0_0_1_1_1_1_1_1_1_1_0_1_0_1_1_1_0_0_0_0_0_1_0,1,3.3333333333333337e-6,4.714045207910317e-6,0.2602040816326531,170.0
0_0_0_1_1_0_1_1_1_0_1_0_1_1_1_0_1_1_0_1_0_1_0_0_1_1_0_0_0_0_0_1_0_0_0_0_0_0_1_1_0_0_1_0,1,3.3333333333333337e-6,4.714045207910317e-6,0.2857142857142857,190.0
1_1_1_1_1_1_1_0_0_1_1_0_1_1_0_0_1_0_1_1_0_1_0_0_1_1_1_0_0_0_0_1_1_1_0_0_0_1_1_1_0_0_1_0,1,3.3333333333333337e-6,4.714045207910317e-6,0.28061224489795916,210.0
0_0_0_1_1_0_0_0_1_0_0_0_1_1_0_0_0_0_1_0_1_1_0_1_1_0_0_1_1_1_1_1_1_0_1_1_1_0_0_0_0_0_1_0,1,3.3333333333333337e-6,4.714045207910317e-6,0.29591836734693877,130.0
1_1_1_0_0_1_1_1_1_0_1_1_0_0_0_1_1_0_0_1_0_0_1_1_0_0_1_0_0_0_0_0_0_1_0_0_0_0_1_1_1_1_0_1,1,3.3333333333333337e-6,4.714045207910317e-6,0.3112244897959184,90.0
0_0_0_0_0_0_0_1_0_0_0_1_1_1_0_0_1_0_1_0_1_1_0_1_0_0_0_0_0_1_0_1_0_1_0_1_0_0_0_1_0_0_0_0,1,3.3333333333333337e-6,4.714045207910317e-6,0.336734693877551,120.0
0_1_0_1_0_0_0_1_1_0_0_0_1_1_0_0_0_0_0_0_1_0_0_1_0_0_0_1_1_1_1_1_0_0_1_1_1_1_0_0_0_0_0_0,1,3.3333333333333337e-6,4.714045207910317e-6,0.28061224489795916,100.0
0_0_0_0_0_0_0_1_0_1_0_0_0_1_1_0_0_1_1_0_1_1_0_1_0_0_0_1_1_1_1_1_0_0_1_1_1_1_0_0_0_1_0_0,1,3.3333333333333337e-6,4.714045207910317e-6,0.28061224489795916,110.0
1_1_1_1_1_0_1_0_1_0_1_1_0_0_0_1_1_0_0_1_0_0_0_0_1_1_1_0_0_0_0_1_1_1_0_0_0_0_1_1_1_1_1_1,1,3.3333333333333337e-6,4.714045207910317e-6,0.2602040816326531,140.0
1_1_1_1_1_0_1_0_1_0_1_1_0_0_0_1_1_0_0_1_0_0_1_1_1_1_1_0_0_0_0_1_1_0_0_0_0_0_1_1_1_1_1_1,1,3.3333333333333337e-6,4.714045207910317e-6,0.2602040816326531,200.0
1_1_1_1_1_0_0_0_1_0_1_1_0_0_0_1_1_0_0_1_0_0_1_0_1_1_1_0_0_0_0_0_1_0_0_0_0_0_1_1_1_1_1_1,1,3.3333333333333337e-6,4.714045207910317e-6,0.2653061224489796,130.0
0_0_0_1_0_1_1_1_1_0_0_0_0_0_1_0_0_1_0_0_1_1_0_1_0_0_0_1_1_1_1_1_0_0_1_1_1_1_0_0_1_1_1_1,0,3.3333333333333337e-6,4.714045207910317e-6,0.1989795918367347,1001.0
1_0_1_0_1_1_0_0_0_1_1_1_1_1_1_0_0_1_1_1_1_1_0_0_1_1_1_1_1_1_1_0_1_1_1_1_1_0_0_0_0_0_1_0,1,3.3333333333333337e-6,4.714045207910317e-6,0.28061224489795916,170.0
0_1_0_0_1_1_1_0_1_1_1_1_1_1_0_1_1_0_0_1_0_1_1_0_1_1_1_0_0_0_0_1_1_0_0_0_0_0_1_1_0_0_1_0,0,3.3333333333333337e-6,4.714045207910317e-6,0.14285714285714285,1001.0
0_1_0_0_0_1_1_1_1_0_0_0_0_1_0_1_1_0_0_0_1_1_0_1_0_0_0_0_0_0_0_1_0_0_0_1_0_1_0_1_0_1_0_1,1,3.3333333333333337e-6,4.714045207910317e-6,0.35714285714285715,40.0
0_1_0_0_0_0_1_1_1_0_0_0_1_0_0_1_1_0_0_0_0_1_1_0_0_0_0_0_0_0_0_1_0_0_0_0_0_1_1_1_1_1_0_1,1,3.3333333333333337e-6,4.714045207910317e-6,0.2602040816326531,170.0
1_1_1_0_1_1_0_0_0_1_1_1_1_1_0_1_1_0_1_1_0_0_1_0_1_1_1_0_0_0_0_0_1_1_0_0_0_0_1_1_0_0_0_0,0,3.3333333333333337e-6,4.714045207910317e-6,0.1989795918367347,1001.0
0_0_0_1_0_0_0_1_0_0_0_0_0_0_1_0_1_1_1_0_0_1_0_0_0_0_0_0_0_0_0_0_0_1_0_0_0_0_1_1_1_1_0_1,0,3.3333333333333337e-6,4.714045207910317e-6,0.15306122448979592,1001.0
1_0_1_0_0_1_1_1_1_0_1_1_0_0_1_1_0_1_0_1_1_1_1_1_1_1_1_1_1_1_1_0_0_1_1_1_1_0_0_0_1_1_1_1,1,3.3333333333333337e-6,4.714045207910317e-6,0.28061224489795916,160.0
1_1_1_1_1_1_1_0_1_0_1_1_1_1_0_1_1_0_0_1_1_1_1_1_1_1_1_0_0_1_0_1_1_1_0_1_0_0_0_1_0_0_1_0,1,3.3333333333333337e-6,4.714045207910317e-6,0.29081632653061223,180.0
1_1_1_0_0_1_0_1_0_1_1_1_1_0_1_0_0_1_0_1_1_0_1_1_1_1_1_1_1_1_1_0_0_1_1_1_1_0_0_0_1_0_0_0,1,3.3333333333333337e-6,4.714045207910317e-6,0.3112244897959184,200.0
1_1_1_1_1_1_1_0_0_1_1_1_0_1_1_0_0_1_1_1_1_0_0_0_1_1_1_1_1_1_1_0_1_1_1_1_1_1_0_0_0_0_1_0,1,3.3333333333333337e-6,4.714045207910317e-6,0.2755102040816326,340.0
0_1_0_0_0_0_1_1_1_0_0_0_1_0_0_1_1_0_0_0_0_1_1_0_0_0_0_0_0_0_0_1_0_1_0_0_0_1_1_1_1_1_0_1,1,3.3333333333333337e-6,4.714045207910317e-6,0.2602040816326531,250.0
1_0_1_1_1_1_1_0_0_1_1_1_1_1_1_0_0_1_1_1_1_0_1_0_1_1_1_1_1_1_1_0_1_1_1_1_1_0_0_0_0_0_1_0,1,3.3333333333333337e-6,4.714045207910317e-6,0.27040816326530615,320.0
0_0_0_0_0_0_0_1_1_0_0_0_1_1_1_0_1_1_1_0_1_1_0_1_0_0_0_0_0_1_0_0_0_0_0_1_0_0_0_1_0_0_0_0,1,3.3333333333333337e-6,4.714045207910317e-6,0.32142857142857145,290.0
1_1_1_1_1_1_1_0_0_1_1_0_1_1_0_0_0_0_1_1_1_1_1_0_1_1_1_1_1_1_1_1_1_1_1_1_1_1_0_0_0_0_1_0,1,3.3333333333333337e-6,4.714045207910317e-6,0.29591836734693877,220.0
1_1_1_1_1_0_0_0_1_0_1_1_0_1_0_1_0_0_0_1_1_0_1_1_1_1_1_1_1_1_1_1_1_0_1_1_1_0_0_0_0_0_1_1,1,3.3333333333333337e-6,4.714045207910317e-6,0.25510204081632654,180.0
1_0_1_0_1_1_1_0_0_1_1_1_1_1_1_0_0_1_1_1_1_1_0_1_1_1_1_1_1_1_1_0_1_1_1_1_1_0_0_0_0_0_1_0,1,3.3333333333333337e-6,4.714045207910317e-6,0.27040816326530615,150.0
0_1_0_0_0_0_1_1_1_0_0_0_0_1_0_1_0_0_1_0_1_1_0_1_0_0_0_1_1_1_1_1_0_0_1_1_1_1_0_0_0_1_0_1,1,3.3333333333333337e-6,4.714045207910317e-6,0.2857142857142857,240.0
0_0_0_0_0_1_1_1_0_1_0_0_1_1_1_0_0_1_1_0_1_1_0_0_0_0_0_1_1_1_1_1_0_1_1_1_1_1_0_0_0_0_0_0,1,3.3333333333333337e-6,4.714045207910317e-6,0.28061224489795916,120.0
0_1_0_0_0_0_1_1_1_0_0_1_0_0_0_1_1_0_0_0_0_0_1_1_0_0_0_0_0_0_0_1_0_0_0_0_0_1_1_1_1_1_0_1,1,3.3333333333333337e-6,4.714045207910317e-6,0.2755102040816326,150.0
1_1_1_0_0_1_1_1_0_1_1_1_0_0_1_1_1_1_0_1_0_0_1_0_1_1_1_0_0_0_0_0_0_1_0_0_0_0_1_1_1_1_0_1,1,3.3333333333333337e-6,4.714045207910317e-6,0.29591836734693877,80.0
1_1_1_1_1_1_0_0_0_1_1_0_1_0_0_1_1_0_1_1_0_0_1_0_1_1_1_0_0_0_0_1_1_1_0_0_0_1_1_1_1_1_1_0,1,3.3333333333333337e-6,4.714045207910317e-6,0.2653061224489796,90.0
0_1_0_1_1_1_1_0_1_0_1_1_1_1_0_1_1_0_0_1_1_0_1_1_1_1_0_0_0_0_0_1_1_0_0_1_0_1_0_1_0_0_1_0,1,3.3333333333333337e-6,4.714045207910317e-6,0.23469387755102042,190.0
0_1_0_0_0_0_1_1_1_0_0_0_0_0_0_1_1_0_0_0_0_1_0_1_0_0_0_0_0_0_0_1_0_0_0_0_0_1_1_1_1_1_0_1,1,3.3333333333333337e-6,4.714045207910317e-6,0.2653061224489796,440.0
1_1_1_1_1_1_1_0_1_0_1_1_0_1_0_1_1_0_0_1_1_1_1_1_1_1_1_0_0_1_0_1_1_1_0_1_0_1_0_1_0_0_1_1,1,3.3333333333333337e-6,4.714045207910317e-6,0.3163265306122449,170.0
1_1_1_1_1_0_1_0_1_0_1_1_1_1_0_0_1_0_0_1_1_0_0_1_1_1_1_0_0_1_0_1_1_0_0_1_0_0_0_1_0_0_1_0,1,3.3333333333333337e-6,4.714045207910317e-6,0.33163265306122447,140.0
1_1_1_1_1_0_0_0_1_0_1_1_0_1_0_1_0_0_0_1_1_0_1_1_1_1_1_1_1_1_1_0_1_0_1_1_1_0_0_0_0_0_1_1,1,3.3333333333333337e-6,4.714045207910317e-6,0.27040816326530615,280.0
0_0_0_0_0_1_0_1_0_1_0_0_0_1_1_0_0_1_1_0_1_1_0_0_0_0_0_1_1_1_1_0_0_1_1_1_1_1_0_0_0_1_0_0,1,3.3333333333333337e-6,4.714045207910317e-6,0.28061224489795916,200.0
1_1_1_0_1_0_1_0_1_0_0_1_1_1_0_0_1_0_0_0_0_1_0_0_0_0_1_0_0_0_0_1_1_1_0_0_0_1_1_1_0_0_0_0,1,3.3333333333333337e-6,4.714045207910317e-6,0.29081632653061223,210.0
1_1_1_1_1_1_1_0_0_1_1_0_1_1_0_0_1_0_1_1_0_1_1_0_1_1_1_0_0_0_0_1_1_1_0_0_0_1_1_1_0_0_1_0,1,3.3333333333333337e-6,4.714045207910317e-6,0.2755102040816326,250.0
1_0_1_1_1_1_1_0_0_1_1_1_1_1_1_0_1_1_1_1_0_0_0_0_1_1_1_0_0_0_0_0_1_1_0_0_0_0_1_1_0_0_1_0,1,3.3333333333333337e-6,4.714045207910317e-6,0.25510204081632654,430.0
0_0_0_0_0_0_0_1_0_0_0_0_0_1_1_1_1_1_1_0_1_1_0_1_0_0_0_0_0_0_0_0_0_1_0_1_0_0_0_1_0_1_0_1,1,3.3333333333333337e-6,4.714045207910317e-6,0.2755102040816326,140.0
1_1_1_0_0_1_1_1_1_0_1_1_1_0_0_1_0_0_0_1_1_1_1_1_0_0_1_1_1_1_1_1_0_1_1_1_1_0_0_0_1_0_1_1,1,3.3333333333333337e-6,4.714045207910317e-6,0.3112244897959184,230.0
0_0_0_1_1_0_1_0_1_0_0_0_1_1_0_0_0_0_1_0_1_1_0_1_1_0_0_1_1_1_1_1_1_0_1_1_1_0_0_0_0_0_1_0,1,3.3333333333333337e-6,4.714045207910317e-6,0.29081632653061223,150.0
1_1_1_1_1_1_1_0_0_1_1_1_1_0_0_0_0_0_0_1_0_1_1_0_1_1_1_1_1_0_1_1_1_1_1_0_1_1_1_0_1_0_1_0,1,3.3333333333333337e-6,4.714045207910317e-6,0.34183673469387754,770.0
1_0_1_1_1_1_1_0_1_1_1_0_0_1_1_0_0_1_1_1_1_0_1_1_1_1_1_1_1_1_1_0_1_0_1_1_1_0_0_0_0_0_1_0,1,3.3333333333333337e-6,4.714045207910317e-6,0.27040816326530615,80.0
0_0_0_0_0_0_0_1_0_0_0_0_1_1_1_1_1_1_1_0_1_1_0_1_0_0_0_0_0_1_0_0_0_1_0_1_0_0_0_1_0_1_0_1,1,3.3333333333333337e-6,4.714045207910317e-6,0.28061224489795916,50.0
0_1_0_0_0_0_0_1_1_0_0_0_1_0_0_1_1_0_0_0_0_1_1_1_0_0_0_0_0_0_0_1_0_0_0_0_0_1_1_1_1_1_0_1,1,3.3333333333333337e-6,4.714045207910317e-6,0.28061224489795916,230.0
0_1_0_0_0_0_0_1_1_0_0_0_0_1_0_1_0_0_0_0_1_1_0_1_0_0_0_1_1_1_1_1_0_0_1_1_1_1_0_0_0_1_0_1,1,3.3333333333333337e-6,4.714045207910317e-6,0.2857142857142857,110.0
1_1_1_1_1_1_1_0_1_1_1_0_0_0_0_1_0_0_0_1_0_1_1_0_1_1_1_1_1_1_1_1_1_0_1_0_1_1_1_0_1_1_1_1,1,3.3333333333333337e-6,4.714045207910317e-6,0.32653061224489793,120.0
1_1_1_1_1_1_1_0_0_1_1_0_1_1_0_0_1_0_1_1_0_0_1_0_1_1_1_0_0_0_0_1_1_1_0_0_0_1_1_1_0_0_1_0,1,3.3333333333333337e-6,4.714045207910317e-6,0.27040816326530615,200.0
0_0_0_0_0_0_1_1_1_0_0_1_0_0_1_1_0_1_0_0_1_0_0_1_0_0_0_1_1_1_1_0_0_0_1_1_1_0_0_0_1_1_0_1,1,3.3333333333333337e-6,4.714045207910317e-6,0.27040816326530615,320.0
0_0_0_0_0_1_1_1_1_0_1_0_1_0_1_1_1_1_1_1_0_1_1_0_1_1_0_0_0_0_0_0_0_0_0_0_0_0_1_1_1_1_1_1,1,3.3333333333333337e-6,4.714045207910317e-6,0.28061224489795916,190.0
1_0_1_1_1_1_0_0_0_1_1_1_1_1_1_0_0_1_1_1_1_0_0_0_1_1_1_1_1_1_1_0_1_0_1_1_1_0_0_0_0_0_1_0,1,3.3333333333333337e-6,4.714045207910317e-6,0.27040816326530615,150.0
0_0_0_0_0_0_0_1_0_1_0_0_1_0_1_0_0_1_1_0_1_1_0_1_0_0_0_1_1_1_1_0_0_0_1_1_1_1_0_0_1_1_0_0,1,3.3333333333333337e-6,4.714045207910317e-6,0.25510204081632654,210.0
0_1_0_0_0_1_1_1_1_0_0_1_0_0_1_0_0_0_0_1_1_1_0_1_1_1_0_1_1_1_1_1_0_0_1_1_1_0_0_0_1_1_1_1,0,3.3333333333333337e-6,4.714045207910317e-6,0.21428571428571427,1001.0
0_0_0_0_0_0_0_1_0_1_0_0_1_0_1_0_0_1_1_0_0_1_1_0_0_0_0_1_1_0_1_1_0_0_1_0_1_1_1_0_1_1_0_0,1,3.3333333333333337e-6,4.714045207910317e-6,0.3469387755102041,260.0
0_1_0_0_0_1_1_1_1_0_0_0_1_1_0_0_0_0_1_0_1_0_0_1_0_0_0_1_1_1_1_1_0_0_1_1_1_1_0_0_0_0_0_0,1,3.3333333333333337e-6,4.714045207910317e-6,0.2755102040816326,260.0
1_0_1_1_1_0_0_0_0_1_1_1_0_1_1_0_0_1_1_1_1_0_1_1_1_1_1_1_1_1_1_0_1_1_1_1_1_0_0_0_0_0_1_0,1,3.3333333333333337e-6,4.714045207910317e-6,0.2653061224489796,420.0
0_0_0_0_0_0_0_1_0_1_0_0_0_0_1_0_0_1_1_0_0_1_0_0_0_0_0_1_1_1_1_1_0_1_1_0_1_1_1_0_1_1_0_1,1,3.3333333333333337e-6,4.714045207910317e-6,0.29081632653061223,410.0
1_0_1_0_0_1_0_1_0_1_0_0_0_0_1_1_0_1_1_0_0_0_1_0_0_0_1_1_1_0_1_0_0_1_1_0_1_1_1_0_1_1_0_1,1,3.3333333333333337e-6,4.714045207910317e-6,0.3010204081632653,160.0
1_0_1_0_0_1_0_1_0_1_1_0_1_0_1_1_0_1_1_0_0_1_1_0_0_0_1_1_1_1_1_1_0_1_1_0_1_1_1_0_1_1_0_0,1,3.3333333333333337e-6,4.714045207910317e-6,0.3112244897959184,170.0
1_1_1_0_1_1_1_0_1_1_1_1_0_0_0_0_0_0_0_1_0_1_1_0_1_1_1_1_1_0_1_1_1_0_1_0_1_1_1_0_1_0_1_0,1,3.3333333333333337e-6,4.714045207910317e-6,0.28061224489795916,120.0
0_0_0_0_0_0_0_1_0_0_0_1_1_0_0_1_1_0_1_0_0_1_0_0_0_0_0_0_0_0_0_1_0_1_0_0_0_0_1_1_1_1_0_1,1,3.3333333333333337e-6,4.714045207910317e-6,0.27040816326530615,140.0
1_0_1_0_1_1_0_0_0_1_1_1_0_1_1_0_0_1_1_1_1_1_0_0_1_1_1_1_1_1_1_0_1_1_1_1_1_0_0_0_0_0_1_0,1,3.3333333333333337e-6,4.714045207910317e-6,0.2857142857142857,280.0
0_1_0_1_0_0_1_1_1_0_0_0_1_0_0_1_1_0_0_0_0_0_1_0_0_0_0_0_0_0_0_1_0_0_0_0_0_1_1_1_1_1_0_1,1,3.3333333333333337e-6,4.714045207910317e-6,0.27040816326530615,100.0
1_1_1_1_1_1_1_0_1_1_1_1_1_1_1_1_0_1_0_1_1_0_1_0_1_1_1_1_1_1_1_1_1_0_1_1_1_1_0_0_0_0_1_0,0,3.3333333333333337e-6,4.714045207910317e-6,0.17346938775510204,1001.0
0_0_0_0_0_0_0_1_0_1_0_0_0_0_1_1_0_1_1_0_0_1_1_0_0_0_0_1_1_0_1_1_0_1_1_0_1_1_1_0_1_1_0_1,1,3.3333333333333337e-6,4.714045207910317e-6,0.336734693877551,130.0
1_1_1_1_1_1_1_0_1_0_1_1_1_1_0_1_1_0_0_1_1_0_1_1_1_1_1_0_0_1_0_0_1_1_0_1_0_0_0_1_0_0_1_0,1,3.3333333333333337e-6,4.714045207910317e-6,0.3010204081632653,140.0
0_0_0_0_0_0_0_1_0_0_0_0_0_0_0_0_0_1_1_0_1_1_0_1_0_0_0_1_1_1_1_0_0_1_1_1_1_0_0_0_1_1_0_1,0,3.3333333333333337e-6,4.714045207910317e-6,0.15306122448979592,1001.0
0_0_0_0_0_1_0_1_0_1_0_0_1_1_1_0_0_1_1_0_1_1_1_1_0_0_0_1_1_1_1_1_0_0_1_1_1_1_0_0_0_0_0_0,1,3.3333333333333337e-6,4.714045207910317e-6,0.2755102040816326,130.0
1_1_1_0_0_1_0_1_0_1_1_1_0_0_0_1_0_0_0_1_1_0_1_1_0_0_1_1_1_1_1_1_0_1_1_1_1_1_0_0_1_1_0_1,1,3.3333333333333337e-6,4.714045207910317e-6,0.29081632653061223,140.0
1_1_1_1_1_1_1_0_1_0_1_1_1_1_0_0_1_0_0_1_1_1_0_1_1_1_1_0_0_0_0_1_1_0_0_1_0_1_0_1_0_0_1_0,1,3.3333333333333337e-6,4.714045207910317e-6,0.3112244897959184,160.0
0_0_0_0_0_1_0_1_0_1_0_0_1_0_1_1_0_1_1_0_0_1_1_0_0_0_0_1_1_0_1_1_0_1_1_0_1_1_1_0_1_1_0_1,1,3.3333333333333337e-6,4.714045207910317e-6,0.3520408163265306,90.0
0_0_0_0_0_1_1_1_0_1_0_0_1_1_1_0_0_1_1_0_1_1_1_1_0_0_0_1_1_1_1_0_0_1_1_1_1_1_0_0_0_0_0_0,1,3.3333333333333337e-6,4.714045207910317e-6,0.25510204081632654,180.0
1_1_1_0_0_1_0_1_0_1_1_1_0_0_1_1_1_1_0_1_0_0_1_0_0_1_1_0_0_0_0_1_0_1_0_0_0_1_1_1_1_1_0_1,1,3.3333333333333337e-6,4.714045207910317e-6,0.29591836734693877,70.0
0_0_0_0_0_1_1_1_0_1_0_0_1_1_1_0_0_1_1_0_1_1_1_0_0_0_0_1_1_1_1_0_0_1_1_1_1_1_0_0_0_0_0_0,1,3.3333333333333337e-6,4.714045207910317e-6,0.27040816326530615,210.0
1_1_1_0_0_1_1_1_1_0_1_1_1_0_0_1_1_0_0_1_0_0_1_1_0_0_1_0_0_0_0_0_0_1_0_0_0_0_1_1_1_0_0_1,1,3.3333333333333337e-6,4.714045207910317e-6,0.33163265306122447,140.0
0_0_0_0_0_0_0_1_1_0_0_0_0_1_0_1_1_0_1_0_1_1_0_1_0_0_0_0_0_1_0_1_0_0_0_1_0_0_0_1_0_1_0_1,1,3.3333333333333337e-6,4.714045207910317e-6,0.3520408163265306,340.0
0_1_0_0_0_0_1_1_1_0_0_0_1_1_0_0_0_0_0_0_1_1_0_1_0_0_0_1_1_1_1_1_0_0_1_1_1_1_0_0_0_0_0_0,1,3.3333333333333337e-6,4.714045207910317e-6,0.2653061224489796,150.0
1_0_1_1_1_0_0_0_0_1_1_0_1_1_1_0_0_1_1_1_1_1_1_0_1_1_1_1_1_1_1_0_1_1_1_1_1_0_0_0_0_0_1_0,1,3.3333333333333337e-6,4.714045207910317e-6,0.27040816326530615,200.0
1_0_1_0_0_1_1_1_1_0_1_1_0_0_0_1_0_0_0_1_1_1_1_1_0_0_1_1_1_1_1_1_0_1_1_1_1_0_0_0_1_1_1_1,1,3.3333333333333337e-6,4.714045207910317e-6,0.29081632653061223,130.0
1_1_1_0_0_1_1_1_1_0_1_1_1_0_0_1_0_0_0_1_1_1_1_1_0_1_1_1_1_1_1_1_0_1_1_1_1_0_0_0_1_0_0_1,1,3.3333333333333337e-6,4.714045207910317e-6,0.3112244897959184,300.0
1_0_1_0_0_1_0_1_0_1_1_1_1_0_1_0_0_1_0_1_1_0_1_1_1_1_1_1_1_1_1_0_0_1_1_1_1_0_0_0_1_0_0_0,1,3.3333333333333337e-6,4.714045207910317e-6,0.32142857142857145,130.0
1_0_1_0_1_0_0_0_0_1_1_1_0_1_1_0_0_1_1_1_1_1_0_1_1_1_1_1_1_1_1_0_1_1_1_1_1_0_0_0_0_0_1_0,1,3.3333333333333337e-6,4.714045207910317e-6,0.27040816326530615,180.0
1_1_1_0_1_1_1_0_1_1_1_1_0_0_0_0_0_0_0_1_0_1_1_0_1_1_1_1_1_1_1_1_1_0_1_0_1_1_1_0_1_0_1_0,1,3.3333333333333337e-6,4.714045207910317e-6,0.28061224489795916,100.0
0_0_0_0_0_0_0_1_0_0_0_1_1_0_0_1_1_0_0_0_0_1_0_0_0_0_0_0_0_0_0_1_0_1_0_0_0_0_1_1_1_1_0_1,1,3.3333333333333337e-6,4.714045207910317e-6,0.2653061224489796,150.0
0_0_0_1_1_1_1_1_1_0_1_0_1_1_1_0_1_1_0_1_1_1_0_1_1_1_0_0_0_0_0_1_0_0_0_1_0_0_0_1_0_0_1_0,1,3.3333333333333337e-6,4.714045207910317e-6,0.3469387755102041,150.0
0_0_0_0_0_0_0_1_0_1_0_0_1_1_1_0_0_1_1_0_1_1_1_1_0_0_0_1_1_1_1_0_0_0_1_1_1_1_0_0_0_0_0_0,1,3.3333333333333337e-6,4.714045207910317e-6,0.25,160.0
1_1_1_0_0_0_1_1_1_0_1_1_1_0_0_1_1_0_0_1_0_1_1_1_1_1_1_0_0_0_0_1_0_0_0_0_0_0_1_1_1_0_1_1,1,3.3333333333333337e-6,4.714045207910317e-6,0.3163265306122449,200.0
1_1_1_0_0_1_1_1_0_1_1_1_0_0_1_1_0_1_0_1_1_0_1_1_1_1_1_1_1_1_1_0_0_1_1_1_1_0_0_0_1_1_0_1,1,3.3333333333333337e-6,4.714045207910317e-6,0.3010204081632653,180.0
1_0_1_1_1_1_1_0_0_1_1_0_1_0_1_1_1_1_1_1_0_1_1_0_1_1_1_0_0_0_0_0_1_1_0_0_0_1_1_1_1_1_1_0,1,3.3333333333333337e-6,4.714045207910317e-6,0.2602040816326531,110.0
0_0_0_1_1_0_0_0_0_1_0_0_1_1_1_0_1_1_1_0_0_0_0_0_1_0_0_0_0_0_0_0_1_0_0_0_0_1_1_1_0_0_1_0,1,3.3333333333333337e-6,4.714045207910317e-6,0.29081632653061223,450.0
0_0_0_1_0_0_0_1_0_0_0_0_0_0_1_0_0_1_1_0_1_1_0_1_0_0_0_1_1_1_1_0_0_1_1_1_1_0_0_0_1_1_1_1,0,3.3333333333333337e-6,4.714045207910317e-6,0.1377551020408163,1001.0
1_1_1_1_1_0_0_0_1_0_1_1_1_0_0_1_1_0_0_1_0_0_1_1_1_1_1_0_0_0_0_1_1_0_0_0_0_0_1_1_1_0_1_1,1,3.3333333333333337e-6,4.714045207910317e-6,0.2857142857142857,160.0
1_1_1_0_1_1_0_0_0_1_1_1_1_1_1_1_1_1_1_1_0_0_1_0_1_1_1_0_0_0_0_0_1_0_0_0_0_1_1_1_0_0_0_0,0,3.3333333333333337e-6,4.714045207910317e-6,0.19387755102040816,1001.0
0_1_0_0_0_1_1_1_1_0_0_0_1_1_0_0_1_0_0_0_0_1_0_0_0_0_0_0_0_0_0_1_0_1_0_0_0_1_1_1_0_0_0_0,1,3.3333333333333337e-6,4.714045207910317e-6,0.27040816326530615,190.0
1_1_1_1_1_1_1_0_1_0_1_1_0_1_0_1_0_0_0_1_1_0_0_1_1_1_1_1_1_1_1_0_1_1_1_1_1_0_0_0_0_0_1_1,1,3.3333333333333337e-6,4.714045207910317e-6,0.27040816326530615,80.0
1_0_1_1_1_0_0_0_0_1_1_1_0_1_1_0_0_1_1_1_1_0_0_0_1_1_1_1_1_1_1_0_1_0_1_1_1_0_0_0_0_0_1_0,1,3.3333333333333337e-6,4.714045207910317e-6,0.2755102040816326,300.0
0_1_0_1_0_1_1_1_1_0_0_0_1_0_0_1_0_0_0_0_1_0_0_1_0_0_0_1_1_1_1_1_0_0_1_1_1_1_0_0_1_1_0_1,1,3.3333333333333337e-6,4.714045207910317e-6,0.27040816326530615,300.0
0_0_0_0_0_1_1_1_0_1_0_0_0_1_1_0_0_1_1_0_1_1_0_0_0_0_0_1_1_1_1_1_0_1_1_1_1_1_0_0_0_1_0_0,1,3.3333333333333337e-6,4.714045207910317e-6,0.3010204081632653,210.0
1_0_1_1_1_1_0_0_0_1_1_0_1_0_1_1_0_1_1_1_1_1_1_1_1_1_1_1_1_1_1_0_1_1_1_1_1_1_0_0_1_1_1_0,1,3.3333333333333337e-6,4.714045207910317e-6,0.2602040816326531,190.0
1_1_1_1_1_0_1_0_1_0_1_1_1_1_0_1_1_0_0_1_1_0_1_1_1_1_1_0_0_0_0_1_1_0_0_1_0_0_0_1_0_0_1_0,1,3.3333333333333337e-6,4.714045207910317e-6,0.2857142857142857,100.0
0_0_0_1_1_1_0_0_0_1_1_0_1_0_1_0_1_1_1_1_0_0_1_0_1_1_0_0_0_0_0_0_1_0_0_0_0_0_1_1_1_1_1_0,1,3.3333333333333337e-6,4.714045207910317e-6,0.28061224489795916,140.0
0_0_0_0_0_1_1_1_0_1_0_0_0_1_1_0_0_1_1_0_1_1_0_1_0_0_0_1_1_1_1_0_0_1_1_1_1_1_0_0_0_1_0_0,1,3.3333333333333337e-6,4.714045207910317e-6,0.27040816326530615,190.0
0_1_0_1_1_0_1_0_1_0_0_0_1_1_0_0_0_0_1_0_1_0_0_1_1_0_0_1_1_1_1_0_1_0_1_1_1_1_0_0_0_0_1_0,1,3.3333333333333337e-6,4.714045207910317e-6,0.29591836734693877,150.0
1_0_1_1_1_1_1_0_0_1_1_1_0_0_1_1_0_1_1_1_1_0_1_1_1_1_1_1_1_1_1_0_1_1_1_1_1_0_0_0_1_1_1_1,1,3.3333333333333337e-6,4.714045207910317e-6,0.2755102040816326,220.0
0_0_0_0_0_0_0_1_0_0_0_0_0_0_0_1_0_0_1_0_1_1_1_1_0_0_0_1_1_1_1_0_0_1_1_1_1_0_0_0_1_1_0_1,0,3.3333333333333337e-6,4.714045207910317e-6,0.18877551020408162,1001.0
0_1_0_1_0_0_1_1_1_0_0_0_0_0_0_0_1_0_0_0_0_0_0_0_0_0_0_0_0_0_0_1_0_1_0_0_0_1_1_1_1_1_0_1,1,3.3333333333333337e-6,4.714045207910317e-6,0.2193877551020408,170.0
1_1_1_0_0_0_1_1_1_0_0_1_0_1_0_1_0_0_0_0_1_0_1_1_0_0_1_1_1_1_1_1_0_1_1_1_1_1_0_0_0_0_0_1,1,3.3333333333333337e-6,4.714045207910317e-6,0.29081632653061223,160.0
1_0_1_1_1_0_0_0_0_1_1_1_1_0_1_0_0_1_1_1_1_0_1_1_1_1_1_1_1_1_1_0_1_0_1_1_1_0_0_0_1_0_1_0,1,3.3333333333333337e-6,4.714045207910317e-6,0.2857142857142857,180.0
0_0_0_0_0_0_0_1_0_1_0_0_1_0_1_1_0_1_1_0_0_0_1_0_0_0_0_1_1_0_1_0_0_1_1_0_1_1_1_0_1_1_0_1,1,3.3333333333333337e-6,4.714045207910317e-6,0.33163265306122447,260.0
1_1_1_1_1_1_1_0_1_0_1_1_1_1_0_0_1_0_0_1_1_0_0_1_1_1_1_0_0_0_0_1_1_0_0_1_0_1_0_1_0_0_1_0,1,3.3333333333333337e-6,4.714045207910317e-6,0.30612244897959184,220.0
1_1_1_1_1_1_1_0_1_0_1_1_0_1_0_1_1_0_0_1_1_1_0_1_1_1_1_0_0_1_0_1_1_0_0_1_0_1_0_1_0_0_1_1,1,3.3333333333333337e-6,4.714045207910317e-6,0.3112244897959184,140.0
1_1_1_0_0_1_1_1_1_0_1_1_1_0_0_1_1_0_0_1_0_1_1_0_0_1_1_0_0_0_0_1_0_1_0_0_0_0_1_1_1_0_0_1,1,3.3333333333333337e-6,4.714045207910317e-6,0.3163265306122449,250.0
0_0_0_0_0_0_0_1_0_0_0_1_1_0_0_1_1_0_0_0_0_1_0_1_0_0_0_0_0_0_0_1_0_1_0_0_0_0_1_1_1_1_0_1,1,3.3333333333333337e-6,4.714045207910317e-6,0.28061224489795916,260.0
0_1_0_1_0_1_1_1_1_0_0_0_0_1_0_1_0_0_0_0_1_0_0_1_0_0_0_1_1_1_1_1_0_1_1_1_1_1_0_0_0_1_0_1,1,3.3333333333333337e-6,4.714045207910317e-6,0.29081632653061223,80.0
1_0_1_1_0_0_0_1_0_0_0_1_0_0_1_0_1_1_0_0_0_0_0_0_0_0_1_0_0_0_0_0_0_1_0_0_0_1_1_1_1_1_0_1,0,3.3333333333333337e-6,4.714045207910317e-6,0.22448979591836735,1001.0
1_1_1_0_0_1_0_1_0_1_1_1_0_0_1_1_1_1_0_1_0_0_1_0_0_1_1_0_0_0_0_0_0_1_0_0_0_1_1_1_1_1_0_1,1,3.3333333333333337e-6,4.714045207910317e-6,0.29081632653061223,210.0
0_0_0_0_0_1_1_1_0_1_0_0_1_1_1_0_0_1_1_0_1_1_0_1_0_0_0_1_1_1_1_1_0_1_1_1_1_1_0_0_0_0_0_0,1,3.3333333333333337e-6,4.714045207910317e-6,0.2653061224489796,160.0
1_1_1_0_0_1_1_1_1_0_1_1_0_0_0_1_1_0_0_1_0_1_1_1_1_1_1_0_0_0_0_1_0_1_0_0_0_0_1_1_1_1_1_1,1,3.3333333333333337e-6,4.714045207910317e-6,0.29591836734693877,190.0
1_0_1_1_1_0_0_0_0_1_1_1_1_0_1_0_1_1_1_1_0_0_1_0_1_1_1_0_0_0_0_0_1_1_0_0_0_0_1_1_1_0_1_0,1,3.3333333333333337e-6,4.714045207910317e-6,0.28061224489795916,270.0
1_1_1_1_1_1_1_0_1_0_1_1_0_1_0_0_0_0_0_1_1_0_0_1_1_1_1_1_1_1_1_1_1_1_1_1_1_0_0_0_0_0_1_0,1,3.3333333333333337e-6,4.714045207910317e-6,0.2602040816326531,140.0
0_0_0_0_0_0_0_1_1_0_0_1_0_0_1_1_1_1_0_0_0_1_0_1_0_0_0_0_0_0_0_0_0_0_0_0_0_0_1_1_1_1_0_1,1,3.3333333333333337e-6,4.714045207910317e-6,0.29081632653061223,370.0
0_0_0_1_1_1_0_0_0_1_1_0_1_0_1_0_0_1_1_1_1_0_1_1_1_1_0_1_1_1_1_0_1_0_1_1_1_0_0_0_1_1_1_0,1,3.3333333333333337e-6,4.714045207910317e-6,0.2857142857142857,70.0
1_0_1_0_0_0_0_1_0_1_0_0_1_1_1_0_0_1_1_0_1_1_1_1_0_0_1_1_1_1_1_1_0_1_1_1_1_1_0_0_0_0_0_0,1,3.3333333333333337e-6,4.714045207910317e-6,0.23979591836734693,230.0
0_0_0_0_0_0_0_1_0_1_0_0_0_1_1_0_0_1_1_0_1_1_0_0_0_0_0_1_1_1_1_0_0_0_1_1_1_1_0_0_0_1_0_0,1,3.3333333333333337e-6,4.714045207910317e-6,0.28061224489795916,250.0
0_1_0_1_1_0_0_0_0_1_0_0_0_1_0_0_0_0_1_0_1_0_0_0_0_0_0_1_1_1_1_1_1_1_1_1_1_1_0_0_0_1_0_0,1,3.3333333333333337e-6,4.714045207910317e-6,0.3112244897959184,130.0
0_0_0_1_1_0_0_0_1_0_0_0_1_1_1_0_1_1_1_0_0_0_0_0_1_1_0_0_0_0_0_0_1_0_0_0_0_0_1_1_0_0_1_0,1,3.3333333333333337e-6,4.714045207910317e-6,0.29081632653061223,360.0
1_1_1_1_1_0_1_0_1_0_1_1_0_0_0_1_1_0_0_1_0_1_0_1_1_1_1_0_0_0_0_1_1_1_0_0_0_0_1_1_1_1_1_1,1,3.3333333333333337e-6,4.714045207910317e-6,0.28061224489795916,180.0
1_0_1_0_1_0_0_0_0_1_1_1_0_1_1_0_0_1_1_1_1_1_0_0_1_1_1_1_1_1_1_0_1_1_1_1_1_0_0_0_0_0_1_0,1,3.3333333333333337e-6,4.714045207910317e-6,0.2857142857142857,130.0
0_1_0_1_1_1_1_0_0_1_0_0_0_1_0_0_0_0_1_0_1_0_0_1_0_0_0_1_1_1_1_1_1_1_1_1_1_1_0_0_0_1_0_0,1,3.3333333333333337e-6,4.714045207910317e-6,0.3112244897959184,180.0
0_0_0_0_0_1_1_1_0_1_0_0_1_0_1_0_1_1_1_0_0_1_0_0_0_0_0_0_0_0_0_0_0_1_0_0_0_1_1_1_1_1_0_0,1,3.3333333333333337e-6,4.714045207910317e-6,0.25510204081632654,160.0
0_0_0_0_0_1_1_1_0_1_0_0_0_0_1_0_0_1_1_0_0_1_0_0_0_0_0_1_1_1_1_0_0_1_1_0_1_1_1_0_1_1_0_1,1,3.3333333333333337e-6,4.714045207910317e-6,0.29081632653061223,80.0
0_1_0_0_0_0_0_1_1_0_0_0_0_1_0_1_0_0_1_0_1_1_0_1_0_0_0_1_1_1_1_1_0_0_1_1_1_1_0_0_0_1_0_1,1,3.3333333333333337e-6,4.714045207910317e-6,0.29081632653061223,180.0
1_1_1_1_1_0_0_0_1_0_1_1_0_0_0_1_1_0_0_1_0_0_0_1_1_1_1_0_0_0_0_1_1_0_0_0_0_0_1_1_1_1_1_1,1,3.3333333333333337e-6,4.714045207910317e-6,0.27040816326530615,90.0
1_0_1_1_1_1_1_0_1_1_1_0_0_0_1_1_0_1_0_1_1_0_1_1_1_1_1_1_1_1_1_0_1_0_1_1_1_0_0_0_1_1_1_1,1,3.3333333333333337e-6,4.714045207910317e-6,0.28061224489795916,190.0
0_0_0_0_0_0_0_1_0_1_0_0_1_0_1_0_1_1_1_0_0_1_0_0_0_0_0_0_0_0_0_1_0_0_0_0_0_1_1_1_1_1_0_0,1,3.3333333333333337e-6,4.714045207910317e-6,0.2653061224489796,240.0
0_1_0_0_0_1_1_1_1_0_0_1_0_0_1_0_1_0_0_1_0_1_0_0_1_1_0_0_0_0_0_1_0_0_0_0_0_0_1_1_1_1_1_1,0,3.3333333333333337e-6,4.714045207910317e-6,0.2193877551020408,1001.0
0_0_0_0_0_1_0_1_0_1_0_0_1_0_1_0_0_1_1_0_0_0_1_0_0_0_0_1_1_0_1_0_0_1_1_0_1_1_1_0_1_1_0_0,1,3.3333333333333337e-6,4.714045207910317e-6,0.336734693877551,130.0
0_0_0_0_0_0_0_1_0_0_0_0_0_0_0_0_0_0_1_0_1_1_0_1_0_0_0_1_1_1_1_0_0_1_1_1_1_0_0_0_1_1_0_1,0,3.3333333333333337e-6,4.714045207910317e-6,0.15306122448979592,1001.0
1_1_1_0_0_0_1_1_1_0_1_1_0_0_0_1_1_0_0_1_0_1_1_1_1_1_1_0_0_0_0_1_0_0_0_0_0_0_1_1_1_1_1_1,1,3.3333333333333337e-6,4.714045207910317e-6,0.29591836734693877,150.0
1_0_1_0_1_1_1_0_1_1_1_0_1_1_1_0_0_1_1_1_1_1_0_1_1_1_1_1_1_1_1_0_0_0_1_1_1_0_0_0_0_0_1_0,0,3.3333333333333337e-6,4.714045207910317e-6,0.2755102040816326,1001.0
1_1_1_1_1_1_1_0_1_0_1_1_0_0_0_1_1_0_0_1_0_0_1_0_1_1_1_0_0_0_0_0_1_1_0_0_0_0_1_1_1_1_1_1,1,3.3333333333333337e-6,4.714045207910317e-6,0.2602040816326531,120.0
1_0_1_1_1_1_0_0_0_1_1_1_1_0_1_0_0_1_0_1_1_0_1_1_1_1_1_1_1_1_1_0_1_1_1_1_1_0_0_0_1_0_1_0,1,3.3333333333333337e-6,4.714045207910317e-6,0.29081632653061223,230.0
0_0_0_0_0_1_1_1_1_0_1_0_0_0_1_1_1_1_1_1_0_1_1_1_1_1_0_0_0_0_0_0_0_0_0_0_0_0_1_1_1_1_1_1,1,3.3333333333333337e-6,4.714045207910317e-6,0.29081632653061223,170.0
1_1_1_1_1_0_1_0_1_0_1_1_0_1_0_1_1_0_0_1_0_1_0_0_1_1_1_0_0_0_0_1_1_1_0_0_0_0_1_1_0_0_1_1,1,3.3333333333333337e-6,4.714045207910317e-6,0.2755102040816326,180.0
0_1_0_1_0_0_0_1_0_0_0_0_0_0_0_1_1_1_0_0_0_0_1_0_0_0_0_0_0_0_0_0_0_1_0_0_0_1_1_1_1_1_0_1,0,3.3333333333333337e-6,4.714045207910317e-6,0.22448979591836735,1001.0
1_0_1_0_1_0_0_0_0_1_1_1_1_0_1_0_0_1_1_1_1_1_1_1_1_1_1_1_1_1_1_0_1_1_1_1_1_0_0_0_1_0_1_0,1,3.3333333333333337e-6,4.714045207910317e-6,0.29591836734693877,150.0
1_1_1_1_1_0_1_0_1_0_1_1_1_1_0_0_1_0_0_1_1_1_0_1_1_1_1_0_0_1_0_1_1_0_0_1_0_0_0_1_0_0_1_0,1,3.3333333333333337e-6,4.714045207910317e-6,0.336734693877551,120.0
0_0_0_0_0_1_0_1_0_1_0_0_1_0_1_0_0_1_1_0_0_0_0_0_0_0_0_1_1_0_1_0_0_1_1_0_1_1_1_0_1_1_0_0,1,3.3333333333333337e-6,4.714045207910317e-6,0.33163265306122447,350.0
0_0_0_1_1_0_1_0_1_0_0_0_1_1_0_0_1_0_1_0_0_1_0_0_1_1_0_0_0_0_0_1_1_0_0_0_0_0_1_1_0_0_1_0,1,3.3333333333333337e-6,4.714045207910317e-6,0.29591836734693877,210.0
0_1_0_0_0_0_1_1_1_0_0_1_0_0_0_1_0_0_0_0_1_0_1_1_0_0_0_1_1_1_1_1_0_0_1_1_1_1_0_0_1_1_0_1,1,3.3333333333333337e-6,4.714045207910317e-6,0.25510204081632654,120.0
0_0_0_1_0_0_0_1_0_0_0_0_1_1_1_1_1_1_1_0_1_0_0_1_0_0_0_0_0_1_0_0_0_1_0_1_0_0_0_1_0_1_0_1,1,3.3333333333333337e-6,4.714045207910317e-6,0.28061224489795916,240.0
0_1_0_1_1_1_1_0_1_0_1_1_1_1_0_0_1_0_0_1_1_0_0_1_1_1_0_0_0_1_0_1_1_0_0_1_0_0_0_1_0_0_1_0,1,3.3333333333333337e-6,4.714045207910317e-6,0.2857142857142857,300.0
1_1_1_0_0_1_1_1_0_1_1_1_0_0_1_1_1_1_0_1_0_0_1_0_0_0_1_0_0_0_0_0_0_1_0_0_0_1_1_1_1_1_0_1,1,3.3333333333333337e-6,4.714045207910317e-6,0.29591836734693877,360.0
1_1_1_0_0_1_1_1_1_0_1_1_0_0_0_1_1_0_0_1_0_0_1_1_0_1_1_0_0_0_0_1_0_1_0_0_0_0_1_1_1_1_0_1,1,3.3333333333333337e-6,4.714045207910317e-6,0.3163265306122449,230.0
0_0_0_0_0_1_0_1_0_1_0_0_0_1_1_0_1_1_1_0_0_1_0_0_0_0_0_0_0_0_0_0_0_0_0_0_0_1_1_1_0_1_0_0,1,3.3333333333333337e-6,4.714045207910317e-6,0.27040816326530615,120.0
0_0_0_0_0_0_0_1_0_1_0_0_1_0_1_0_0_1_1_0_0_1_1_0_0_0_0_1_1_0_1_0_0_1_1_0_1_1_1_0_1_1_0_0,1,3.3333333333333337e-6,4.714045207910317e-6,0.32142857142857145,190.0
0_1_0_1_1_0_1_0_1_0_1_1_0_1_0_0_1_0_0_1_1_0_0_1_1_1_0_0_0_1_0_0_1_0_0_1_0_0_0_1_0_0_1_0,1,3.3333333333333337e-6,4.714045207910317e-6,0.32653061224489793,140.0
0_1_0_1_1_1_1_0_1_0_1_1_0_1_0_0_1_0_0_1_1_0_0_1_1_1_0_0_0_1_0_0_1_0_0_1_0_0_0_1_0_0_1_0,1,3.3333333333333337e-6,4.714045207910317e-6,0.3163265306122449,140.0
1_1_1_1_1_0_0_0_0_1_0_1_0_1_0_0_0_0_0_0_1_0_0_0_0_0_1_1_1_1_1_1_1_1_1_1_1_1_0_0_0_0_0_0,1,3.3333333333333337e-6,4.714045207910317e-6,0.29591836734693877,50.0
0_1_0_1_1_1_1_0_1_0_1_1_0_1_0_1_1_0_0_1_1_1_0_1_1_1_0_0_0_1_0_1_1_0_0_1_0_1_0_1_0_0_1_1,1,3.3333333333333337e-6,4.714045207910317e-6,0.29591836734693877,160.0
0_1_0_1_1_0_1_0_1_0_1_1_1_1_0_0_1_0_0_1_1_0_0_1_1_1_0_0_0_1_0_1_1_0_0_1_0_0_0_1_0_0_1_0,1,3.3333333333333337e-6,4.714045207910317e-6,0.29591836734693877,200.0
0_0_0_0_0_0_0_1_1_0_0_1_0_0_1_1_1_1_0_0_0_1_0_0_0_0_0_0_0_0_0_0_0_0_0_0_0_0_1_1_1_1_0_1,1,3.3333333333333337e-6,4.714045207910317e-6,0.2755102040816326,150.0
0_0_0_0_0_0_0_1_0_0_0_0_1_1_1_1_1_1_1_0_1_1_0_1_0_0_0_0_0_0_0_0_0_1_0_1_0_0_0_1_0_1_0_1,1,3.3333333333333337e-6,4.714045207910317e-6,0.28061224489795916,210.0
0_1_0_1_0_0_0_1_1_0_0_0_1_0_0_1_1_0_0_0_0_0_0_0_0_0_0_0_0_0_0_1_0_0_0_0_0_1_1_1_1_1_0_1,1,3.3333333333333337e-6,4.714045207910317e-6,0.28061224489795916,180.0
1_1_1_1_1_0_1_0_1_0_1_1_0_1_0_1_1_0_0_1_0_0_1_0_1_1_1_0_0_0_0_1_1_1_0_0_0_0_1_1_0_0_1_1,1,3.3333333333333337e-6,4.714045207910317e-6,0.2653061224489796,150.0
1_1_1_1_1_0_0_0_1_0_1_1_0_1_0_1_1_0_0_1_0_0_0_0_1_1_1_0_0_0_0_0_1_0_0_0_0_0_1_1_0_0_1_1,1,3.3333333333333337e-6,4.714045207910317e-6,0.28061224489795916,190.0
1_1_1_0_0_1_1_1_1_0_1_1_1_0_0_1_1_0_0_1_0_1_1_0_0_0_1_0_0_0_0_1_0_1_0_0_0_0_1_1_1_0_0_1,1,3.3333333333333337e-6,4.714045207910317e-6,0.30612244897959184,70.0
1_1_1_1_1_1_1_0_1_0_1_1_0_0_0_1_0_0_0_1_1_0_1_1_1_1_1_1_1_1_1_0_1_1_1_1_1_0_0_0_1_1_1_1,1,3.3333333333333337e-6,4.714045207910317e-6,0.25510204081632654,150.0
1_1_1_1_1_1_1_0_1_0_1_1_0_1_0_1_1_0_0_1_1_1_0_1_1_1_1_0_0_0_0_1_1_1_0_1_0_0_0_1_0_0_1_1,1,3.3333333333333337e-6,4.714045207910317e-6,0.336734693877551,110.0
1_1_1_1_1_1_0_0_0_1_1_0_1_1_0_0_0_0_1_1_1_0_0_1_1_1_1_1_1_1_1_1_1_1_1_1_1_1_0_0_0_0_1_0,1,3.3333333333333337e-6,4.714045207910317e-6,0.2755102040816326,250.0
0_0_0_0_0_0_1_1_1_0_0_1_0_0_1_1_1_1_0_0_0_1_1_0_0_0_0_0_0_0_0_0_0_0_0_0_0_0_1_1_1_1_0_1,1,3.3333333333333337e-6,4.714045207910317e-6,0.2755102040816326,430.0
1_1_1_0_1_1_0_0_0_1_1_1_1_1_0_1_1_0_1_1_0_0_1_0_1_1_1_0_0_0_0_0_0_1_0_0_0_0_1_1_0_0_0_0,0,3.3333333333333337e-6,4.714045207910317e-6,0.20408163265306123,1001.0
0_1_0_1_1_1_1_0_1_0_1_1_0_1_0_0_1_0_0_1_1_1_0_1_1_1_0_0_0_1_0_1_1_0_0_1_0_0_0_1_0_0_1_0,1,3.3333333333333337e-6,4.714045207910317e-6,0.30612244897959184,260.0
0_0_0_1_1_1_1_0_0_1_0_0_0_1_1_0_1_1_1_0_0_0_0_0_0_0_0_0_0_0_0_0_1_1_0_0_0_1_1_1_0_1_0_0,1,3.3333333333333337e-6,4.714045207910317e-6,0.3010204081632653,110.0
0_0_0_1_1_1_0_0_0_1_0_0_0_1_1_0_0_1_1_0_1_0_0_0_0_0_0_1_1_1_1_0_1_1_1_1_1_1_0_0_0_1_0_0,1,3.3333333333333337e-6,4.714045207910317e-6,0.3163265306122449,300.0
0_0_0_0_0_1_0_1_0_1_0_0_0_0_1_1_0_1_1_0_1_1_1_1_0_0_0_1_1_1_1_1_0_0_1_1_1_1_0_0_1_1_0_1,1,3.3333333333333337e-6,4.714045207910317e-6,0.2857142857142857,140.0
0_0_0_0_0_0_0_1_0_1_0_0_0_1_1_0_0_1_1_0_1_0_0_0_0_0_0_1_1_1_1_0_0_0_1_1_1_1_0_0_0_1_0_0,1,3.3333333333333337e-6,4.714045207910317e-6,0.2857142857142857,290.0
0_1_0_1_1_1_1_0_1_1_1_0_0_0_0_1_0_0_0_1_0_1_1_0_1_1_0_1_1_1_1_1_1_0_1_0_1_1_1_0_1_1_1_1,1,3.3333333333333337e-6,4.714045207910317e-6,0.32142857142857145,210.0
0_0_0_1_1_0_0_0_0_1_0_0_1_1_1_0_1_1_1_0_0_1_0_0_1_1_0_0_0_0_0_0_1_0_0_0_0_1_1_1_0_0_1_0,1,3.3333333333333337e-6,4.714045207910317e-6,0.2857142857142857,80.0
0_0_0_0_0_0_0_1_1_0_0_1_0_0_1_1_1_1_0_0_0_1_1_1_0_0_0_0_0_0_0_0_0_0_0_0_0_0_1_1_1_1_0_1,1,3.3333333333333337e-6,4.714045207910317e-6,0.29591836734693877,200.0
0_1_0_1_0_0_1_1_1_0_0_0_0_0_0_1_0_0_0_0_1_0_0_1_0_0_0_1_1_1_1_1_0_0_1_1_1_1_0_0_1_1_0_1,1,3.3333333333333337e-6,4.714045207910317e-6,0.25510204081632654,330.0
0_0_0_1_0_0_0_1_1_0_0_0_1_1_1_0_1_1_1_0_1_0_0_1_0_0_0_0_0_0_0_0_0_0_0_1_0_0_0_1_0_0_1_0,1,3.3333333333333337e-6,4.714045207910317e-6,0.3112244897959184,150.0
0_1_0_1_1_0_0_0_0_1_0_0_0_1_1_0_0_1_1_0_1_0_0_1_1_1_0_1_1_1_1_0_1_0_1_1_1_1_0_0_0_1_0_0,1,3.3333333333333337e-6,4.714045207910317e-6,0.3163265306122449,130.0
1_0_1_0_0_1_1_1_0_1_1_1_1_0_1_0_1_1_0_1_0_0_1_0_1_1_1_0_0_0_0_0_0_1_0_0_0_0_1_1_1_0_0_0,1,3.3333333333333337e-6,4.714045207910317e-6,0.32142857142857145,110.0
1_1_1_1_1_1_1_0_1_0_1_1_1_0_0_1_1_0_0_1_0_0_1_0_1_1_1_0_0_0_0_1_1_1_0_0_0_0_1_1_1_0_1_1,1,3.3333333333333337e-6,4.714045207910317e-6,0.2653061224489796,100.0
1_1_1_1_1_1_1_0_0_1_1_0_1_1_0_0_0_0_1_1_1_1_0_0_1_1_1_1_1_1_1_1_1_1_1_1_1_1_0_0_0_0_1_0,1,3.3333333333333337e-6,4.714045207910317e-6,0.3010204081632653,170.0
0_0_0_1_1_0_0_0_0_1_0_0_1_1_1_0_0_1_1_0_1_0_1_0_0_0_0_1_1_1_1_0_1_1_1_1_1_1_0_0_0_0_0_0,1,3.3333333333333337e-6,4.714045207910317e-6,0.29081632653061223,190.0
0_1_0_1_1_1_1_0_1_0_1_1_0_1_0_0_1_0_0_1_1_0_0_1_1_1_0_0_0_0_0_0_1_0_0_1_0_0_0_1_0_0_1_0,1,3.3333333333333337e-6,4.714045207910317e-6,0.3163265306122449,240.0
0_0_0_0_0_0_0_1_0_1_0_0_1_0_1_0_0_1_1_0_0_0_0_0_0_0_0_1_1_0_1_0_0_1_1_0_1_1_1_0_1_1_0_0,1,3.3333333333333337e-6,4.714045207910317e-6,0.32142857142857145,110.0
1_1_1_0_0_1_0_1_0_1_1_1_0_0_0_1_0_0_0_1_0_0_1_0_0_0_1_1_1_0_1_1_0_1_1_0_1_1_1_0_1_1_0_1,1,3.3333333333333337e-6,4.714045207910317e-6,0.3622448979591837,50.0
0_1_0_1_1_0_0_0_0_1_0_0_1_1_0_0_0_0_1_0_1_0_0_1_0_0_0_1_1_1_1_1_1_1_1_1_1_1_0_0_0_0_0_0,1,3.3333333333333337e-6,4.714045207910317e-6,0.2755102040816326,240.0
1_0_1_1_1_1_0_0_0_1_1_0_1_1_1_0_0_1_1_1_1_1_1_1_1_1_1_1_1_1_1_0_1_1_1_1_1_0_0_0_0_0_1_0,1,3.3333333333333337e-6,4.714045207910317e-6,0.25510204081632654,130.0
1_0_1_1_1_1_0_0_0_1_1_1_0_0_1_1_1_1_0_1_0_0_1_0_1_1_1_0_0_0_0_0_1_0_0_0_0_0_1_1_1_1_1_1,1,3.3333333333333337e-6,4.714045207910317e-6,0.27040816326530615,180.0
1_0_1_0_0_1_1_1_1_0_1_1_0_0_0_1_1_0_0_1_0_1_1_1_0_0_1_0_0_0_0_1_0_1_0_0_0_0_1_1_1_1_1_1,1,3.3333333333333337e-6,4.714045207910317e-6,0.3112244897959184,130.0
1_0_1_0_0_1_0_1_0_1_0_0_1_1_1_0_1_1_1_0_0_1_1_0_0_0_1_0_0_0_0_1_0_1_0_0_0_1_1_1_0_0_0_0,1,3.3333333333333337e-6,4.714045207910317e-6,0.24489795918367346,120.0
0_1_0_1_0_0_1_1_1_0_0_0_1_1_0_0_1_0_0_0_0_0_0_0_0_0_0_0_0_0_0_1_0_1_0_0_0_1_1_1_0_0_0_0,1,3.3333333333333337e-6,4.714045207910317e-6,0.28061224489795916,100.0
1_1_1_1_1_1_0_0_0_1_1_0_1_1_0_0_0_0_1_1_1_0_1_0_1_1_1_1_1_1_1_1_1_1_1_1_1_1_0_0_0_0_1_0,1,3.3333333333333337e-6,4.714045207910317e-6,0.2857142857142857,190.0
1_0_1_1_1_1_0_0_0_1_1_1_1_1_1_0_1_1_1_1_0_0_0_0_1_1_1_0_0_0_0_0_1_0_0_0_0_0_1_1_0_0_1_0,1,3.3333333333333337e-6,4.714045207910317e-6,0.25,180.0
0_1_1_0_0_0_0_1_0_0_0_1_0_0_0_0_0_0_0_0_1_1_0_1_0_0_0_1_1_1_1_1_0_1_1_1_1_1_0_0_1_1_0_1,0,3.3333333333333337e-6,4.714045207910317e-6,0.1836734693877551,1001.0
1_1_1_0_0_0_1_1_1_0_1_1_1_0_0_1_1_0_0_1_0_1_1_1_1_1_1_0_0_0_0_1_0_1_0_0_0_0_1_1_1_0_1_1,1,3.3333333333333337e-6,4.714045207910317e-6,0.32653061224489793,140.0
0_1_0_1_0_1_1_1_1_0_0_0_1_0_0_1_1_0_0_0_0_0_0_1_0_0_0_0_0_0_0_1_0_1_0_0_0_1_1_1_1_1_0_1,1,3.3333333333333337e-6,4.714045207910317e-6,0.29081632653061223,200.0
1_1_1_1_1_1_1_0_1_0_1_1_0_1_0_1_1_0_0_1_1_0_0_1_1_1_1_0_0_1_0_1_1_0_0_1_0_1_0_1_0_0_1_1,1,3.3333333333333337e-6,4.714045207910317e-6,0.30612244897959184,320.0
0_0_0_1_0_0_1_1_1_0_0_0_0_0_1_0_1_0_0_0_0_1_0_0_0_0_0_0_0_0_0_1_0_0_0_0_0_0_1_1_1_1_1_1,0,3.3333333333333337e-6,4.714045207910317e-6,0.1989795918367347,1001.0
0_0_0_0_0_0_0_1_0_1_0_0_1_0_1_0_0_1_1_0_0_1_0_0_0_0_0_1_1_0_1_1_0_1_1_0_1_1_1_0_1_1_0_0,1,3.3333333333333337e-6,4.714045207910317e-6,0.33163265306122447,180.0
0_1_0_1_0_0_1_1_1_0_0_0_0_0_0_1_1_0_0_0_0_0_1_1_0_0_0_0_0_0_0_1_0_0_0_0_0_1_1_1_1_1_0_1,1,3.3333333333333337e-6,4.714045207910317e-6,0.28061224489795916,200.0
1_1_1_1_1_1_1_0_1_0_1_1_0_1_0_0_1_0_0_1_1_0_0_1_1_1_1_0_0_0_0_1_1_0_0_1_0_1_0_1_0_0_1_0,1,3.3333333333333337e-6,4.714045207910317e-6,0.3112244897959184,140.0
1_0_1_1_1_1_1_0_1_1_1_0_1_0_1_0_1_1_1_1_0_0_1_0_1_1_1_0_0_0_0_0_1_0_0_0_0_0_1_1_1_0_1_0,1,3.3333333333333337e-6,4.714045207910317e-6,0.2857142857142857,160.0
1_1_1_0_0_0_1_1_1_0_0_1_0_1_0_1_0_0_0_0_1_1_0_1_0_0_1_1_1_1_1_1_0_1_1_1_1_1_0_0_0_0_0_1,1,3.3333333333333337e-6,4.714045207910317e-6,0.28061224489795916,210.0
1_1_1_1_1_1_1_0_1_0_1_1_0_1_0_1_1_0_0_1_1_0_0_1_1_1_1_0_0_1_0_1_1_1_0_1_0_0_0_1_0_0_1_1,1,3.3333333333333337e-6,4.714045207910317e-6,0.33163265306122447,120.0
1_1_1_0_0_1_0_1_0_1_1_1_0_0_1_1_0_1_0_1_1_0_1_1_0_1_1_1_1_1_1_1_0_1_1_1_1_1_0_0_1_1_0_1,1,3.3333333333333337e-6,4.714045207910317e-6,0.3010204081632653,160.0
0_0_0_0_0_1_0_1_0_1_0_0_0_1_1_0_0_1_1_0_1_0_0_1_0_0_0_1_1_1_1_0_0_0_1_1_1_1_0_0_0_1_0_0,1,3.3333333333333337e-6,4.714045207910317e-6,0.28061224489795916,170.0
1_0_1_0_0_1_1_1_1_0_1_1_0_0_1_1_0_1_0_1_1_1_0_1_1_1_1_1_1_1_1_0_0_0_1_1_1_0_0_0_1_1_1_1,1,3.3333333333333337e-6,4.714045207910317e-6,0.2755102040816326,210.0
0_1_0_1_1_0_0_0_0_1_0_0_1_1_0_0_0_0_1_0_1_0_1_0_0_0_0_1_1_1_1_1_1_0_1_1_1_1_0_0_0_0_0_0,1,3.3333333333333337e-6,4.714045207910317e-6,0.30612244897959184,70.0
0_0_0_1_0_0_0_1_1_0_0_0_0_0_0_0_0_1_0_0_1_0_0_1_0_0_0_1_1_1_1_0_0_0_1_1_1_0_0_0_1_1_0_1,0,3.3333333333333337e-6,4.714045207910317e-6,0.20918367346938777,1001.0
1_1_1_1_1_1_1_0_1_1_1_1_1_0_0_0_0_0_0_1_0_0_1_0_1_1_1_1_1_1_1_1_1_0_1_0_1_1_1_0_1_0_1_0,1,3.3333333333333337e-6,4.714045207910317e-6,0.2755102040816326,350.0
0_0_0_0_0_1_0_1_0_1_0_0_1_1_1_0_0_1_1_0_1_1_1_0_0_0_0_1_1_1_1_1_0_0_1_1_1_1_0_0_0_0_0_0,1,3.3333333333333337e-6,4.714045207910317e-6,0.29081632653061223,240.0
1_0_1_1_1_0_0_0_0_1_1_1_1_0_1_0_1_1_0_1_0_0_1_0_1_1_1_0_0_0_0_0_1_1_0_0_0_0_1_1_1_0_1_0,1,3.3333333333333337e-6,4.714045207910317e-6,0.2857142857142857,80.0
1_0_1_1_1_1_0_0_0_1_1_1_0_1_1_0_0_1_1_1_1_0_1_1_1_1_1_1_1_1_1_0_1_0_1_1_1_0_0_0_0_0_1_0,1,3.3333333333333337e-6,4.714045207910317e-6,0.2653061224489796,300.0
0_0_0_0_0_1_0_1_0_1_0_0_1_0_1_1_0_1_1_0_1_1_1_1_0_0_0_1_1_1_1_0_0_0_1_1_1_1_0_0_1_1_0_1,1,3.3333333333333337e-6,4.714045207910317e-6,0.2755102040816326,170.0
0_1_0_1_0_1_1_1_1_0_0_0_0_0_0_1_1_0_0_0_0_0_1_1_0_0_0_0_0_0_0_1_0_0_0_0_0_1_1_1_1_1_0_1,1,3.3333333333333337e-6,4.714045207910317e-6,0.28061224489795916,310.0
0_0_0_1_0_0_0_1_0_0_0_0_0_0_0_1_1_1_1_0_0_1_1_1_0_0_0_0_0_0_0_0_0_1_0_0_0_0_1_1_1_1_0_1,0,3.3333333333333337e-6,4.714045207910317e-6,0.21428571428571427,1001.0
