states,flag,Avg0,SD0,frust0,time
1_1_1_0_1_1_1_0_1_1_1_1_1_1_0_1_0_0_0_1_0_0_1_1_1_0_1_1_0_1_1_1_0_1_0_0_1_0,1,0.03451333333333333,0.0002940899333348364,0.16666666666666666,231.52783766084679
0_0_0_1_0_0_0_1_0_0_0_0_0_0_1_0_1_1_0_0_0_0_0_1_0_0_0_0_0_0_0_0_1_0_1_1_0_1,1,0.03390666666666667,0.000631945848594288,0.16666666666666666,235.08827937386604
0_0_0_1_0_0_0_1_0_0_0_0_0_0_1_0_1_1_1_0_1_1_0_0_0_1_0_0_1_0_0_0_1_0_1_1_0_1,1,0.033486666666666665,0.0002217105219775448,0.16666666666666666,232.87502374416536
1_1_1_0_1_1_1_0_1_1_1_1_1_1_0_1_0_0_1_1_1_1_1_0_1_1_1_1_1_1_1_1_0_1_0_0_1_0,1,0.033433333333333336,0.0003770352179247382,0.16666666666666666,234.96943006838305
0_0_0_0_0_0_0_1_0_0_0_0_0_0_1_0_1_1_0_0_0_0_1_1_0_0_0_0_0_0_0_0_1_0_1_1_0_1,1,0.03151666666666667,0.00012036980056845022,0.16666666666666666,258.6840645493108
1_1_1_1_1_1_1_0_1_1_1_1_1_1_0_1_0_0_1_1_1_1_0_0_1_1_1_1_1_1_1_1_0_1_0_0_1_0,1,0.03128333333333334,0.0004168399639616583,0.16666666666666666,259.60268934563527
1_1_1_1_1_1_1_0_1_1_1_1_1_1_0_1_0_0_0_1_0_0_0_1_1_0_1_1_0_1_1_1_0_1_0_0_1_0,1,0.031219999999999998,0.00020510160083887026,0.16666666666666666,257.7630536517202
0_0_0_0_0_0_0_1_0_0_0_0_0_0_1_0_1_1_1_0_1_1_1_0_0_1_0_0_1_0_0_0_1_0_1_1_0_1,1,0.030916666666666665,0.00022425184255405614,0.16666666666666666,259.9480198099672
1_1_1_0_1_1_1_0_0_1_1_1_1_1_1_1_1_1_1_1_1_1_0_0_1_1_1_1_1_1_0_1_1_1_0_0_0_0,1,0.009926666666666667,0.0004937160677510465,0.2222222222222222,350.56226570715256
0_0_0_1_0_0_0_1_1_0_0_0_0_0_0_0_0_0_1_0_1_1_1_0_0_1_0_0_1_0_1_0_0_0_1_1_1_1,1,0.009843333333333334,0.00018263503375736922,0.2222222222222222,344.5347764279101
1_1_1_0_1_1_1_0_0_1_1_1_1_1_1_1_1_1_0_1_0_0_0_1_1_0_1_1_0_1_0_1_1_1_0_0_0_0,1,0.009793333333333333,0.0002311324776447966,0.2222222222222222,345.34822063010773
0_0_0_1_0_0_0_1_1_0_0_0_0_0_0_0_0_0_0_0_0_0_1_1_0_0_0_0_0_0_1_0_0_0_1_1_1_1,1,0.009776666666666668,9.977753031397203e-5,0.2222222222222222,349.80767859479784
0_0_0_1_0_0_0_1_1_0_0_0_0_0_1_0_1_0_1_0_1_1_0_0_0_1_0_0_1_0_0_0_0_0_1_1_1_1,1,0.009716666666666665,9.568466729604867e-5,0.20987654320987653,299.78497332680655
0_0_0_1_0_0_0_1_1_0_0_0_0_0_1_0_1_0_0_0_0_0_0_1_0_0_0_0_0_0_0_0_0_0_1_1_1_1,1,0.009613333333333333,0.0004001110956832975,0.20987654320987653,297.45244869573946
1_1_1_0_1_1_1_0_0_1_1_1_1_1_0_1_0_1_0_1_0_0_1_1_1_0_1_1_0_1_1_1_1_1_0_0_0_0,1,0.009583333333333334,0.00028986586936412864,0.20987654320987653,301.13524178589313
1_1_1_0_1_1_1_0_0_1_1_1_1_1_0_1_0_1_1_1_1_1_1_0_1_1_1_1_1_1_1_1_1_1_0_0_0_0,1,0.0095,0.0002416609194718915,0.20987654320987653,299.70281613965227
0_0_0_1_0_0_0_1_0_0_0_0_0_0_1_0_1_1_1_0_0_0_0_0_0_1_0_0_1_0_0_0_1_0_1_1_0_1,1,0.006056666666666666,0.0001796910929592475,0.18518518518518517,232.64048493117036
1_1_1_0_1_1_1_0_1_1_1_1_1_1_0_1_0_0_1_1_0_0_1_0_1_1_1_1_1_1_1_1_0_1_0_0_1_0,1,0.005993333333333333,0.00024608038433722326,0.18518518518518517,234.5123735780027
0_0_0_1_0_0_0_1_0_0_0_0_0_0_1_0_1_1_0_0_1_1_0_1_0_0_0_0_0_0_0_0_1_0_1_1_0_1,1,0.00597,2.4494897427831846e-5,0.18518518518518517,228.32502241848977
1_1_1_0_1_1_1_0_1_1_1_1_1_1_0_1_0_0_0_1_1_1_1_1_1_0_1_1_0_1_1_1_0_1_0_0_1_0,1,0.005829999999999999,0.000180554700852678,0.18518518518518517,233.9004154309869
0_0_0_1_0_0_0_1_0_0_0_0_0_0_1_0_1_1_0_0_0_0_0_0_0_1_0_0_1_0_0_0_1_0_1_1_0_1,1,0.005823333333333333,0.00017326921891156028,0.18518518518518517,230.5700527484852
1_1_1_0_1_1_1_0_1_1_1_1_1_1_0_1_0_0_0_1_0_0_1_0_1_1_1_1_1_1_1_1_0_1_0_0_1_0,1,0.005750000000000001,0.00013880441875771345,0.18518518518518517,228.6844678830303
0_0_0_0_0_0_0_1_0_0_0_0_0_0_1_0_1_1_0_0_1_1_1_1_0_0_0_0_0_0_0_0_1_0_1_1_0_1,1,0.005699999999999999,0.0002566450207322686,0.18518518518518517,255.34838093442065
0_0_0_0_0_0_0_1_0_0_0_0_0_0_1_0_1_1_1_0_0_0_1_0_0_1_0_0_1_0_0_0_1_0_1_1_0_1,1,0.00562,0.00020215505600075065,0.18518518518518517,259.6782731747455
1_1_1_0_1_1_1_0_1_1_1_1_1_1_0_1_0_0_1_1_1_1_1_1_1_0_1_1_0_1_1_1_0_1_0_0_1_0,1,0.005613333333333334,0.00010873004286866756,0.18518518518518517,231.41295956880631
1_1_1_1_1_1_1_0_1_1_1_1_1_1_0_1_0_0_1_1_0_0_0_0_1_1_1_1_1_1_1_1_0_1_0_0_1_0,1,0.005583333333333333,6.649979114419999e-5,0.18518518518518517,259.05935675865805
0_0_0_0_0_0_0_1_0_0_0_0_0_0_1_0_1_1_0_0_0_0_1_0_0_1_0_0_1_0_0_0_1_0_1_1_0_1,1,0.00551,0.0002060744202143165,0.18518518518518517,252.8945702541425
0_0_0_1_0_0_0_1_0_0_0_0_0_0_1_0_1_1_1_0_1_1_0_1_0_0_0_0_0_0_0_0_1_0_1_1_0_1,1,0.005483333333333333,0.00024444949489732146,0.18518518518518517,227.89667623580524
1_1_1_1_1_1_1_0_1_1_1_1_1_1_0_1_0_0_0_1_1_1_0_1_1_0_1_1_0_1_1_1_0_1_0_0_1_0,1,0.005463333333333334,4.109609335312662e-5,0.18518518518518517,252.72792401584152
1_1_1_1_1_1_1_0_1_1_1_1_1_1_0_1_0_0_0_1_0_0_0_0_1_1_1_1_1_1_1_1_0_1_0_0_1_0,1,0.005416666666666667,4.4969125210773264e-5,0.18518518518518517,256.056189266618
0_0_0_0_0_0_0_1_0_0_0_0_0_0_1_0_1_1_1_0_1_1_1_1_0_0_0_0_0_0_0_0_1_0_1_1_0_1,1,0.005320000000000001,2.8284271247461973e-5,0.18518518518518517,257.13795255930086
1_1_1_1_1_1_1_0_1_1_1_1_1_1_0_1_0_0_1_1_1_1_0_1_1_0_1_1_0_1_1_1_0_1_0_0_1_0,1,0.005296666666666667,0.00014817407180595245,0.18518518518518517,254.08095462541075
1_0_1_1_1_0_0_0_0_1_1_0_1_1_1_1_1_1_0_0_0_0_0_1_1_0_0_0_0_1_0_1_1_1_0_0_0_0,1,0.0037366666666666663,0.0001761312641816387,0.25308641975308643,302.39401027463475
0_1_0_1_1_1_1_0_1_0_0_1_0_0_0_0_0_0_0_1_0_0_1_1_0_0_1_1_0_0_1_1_0_1_1_1_1_1,1,0.0037099999999999998,0.0001576916823001983,0.20987654320987653,236.42535427916872
1_0_1_0_0_0_0_1_0_1_1_0_1_1_1_1_1_1_0_0_0_0_0_1_1_0_0_0_0_1_0_0_1_0_0_0_0_0,1,0.003616666666666666,0.00013424687043734848,0.20987654320987653,230.3594897868803
1_0_1_0_0_0_0_1_0_1_1_0_1_1_1_1_1_1_1_0_1_1_0_0_1_1_0_0_1_1_0_0_1_0_0_0_0_0,1,0.003586666666666667,0.00011440668201153686,0.20987654320987653,232.34143897409203
0_1_0_0_0_1_1_1_1_0_0_1_0_0_0_0_0_0_0_1_0_0_1_1_0_0_1_1_0_0_1_0_0_0_1_1_1_1,1,0.0035666666666666663,0.00012684198393626958,0.25308641975308643,314.26028841769266
1_0_1_1_1_0_0_0_0_1_1_0_1_1_1_1_1_1_1_0_1_1_0_0_1_1_0_0_1_1_0_1_1_1_0_0_0_0,1,0.0035466666666666667,0.00011145502331533668,0.25308641975308643,310.44731680137994
0_1_0_0_0_1_1_1_1_0_0_1_0_0_0_0_0_0_1_1_1_1_1_0_0_1_1_1_1_0_1_0_0_0_1_1_1_1,1,0.0034666666666666665,0.00021669230617526664,0.25308641975308643,305.2640507423833
1_0_1_0_0_0_0_1_0_1_1_0_1_1_1_1_1_1_0_0_0_0_1_1_1_0_0_0_0_1_0_0_1_0_0_0_0_0,1,0.003456666666666667,7.318166133366714e-5,0.2037037037037037,222.06629123032124
0_0_0_0_0_0_0_1_0_0_0_0_0_0_1_1_1_1_0_0_0_0_1_1_0_0_0_0_0_0_0_0_1_0_1_1_0_1,1,0.0033666666666666667,5.734883511361748e-5,0.2037037037037037,241.75201768515726
0_1_0_1_1_1_1_0_1_0_0_1_0_0_0_0_0_0_1_1_1_1_1_0_0_1_1_1_1_0_1_1_0_1_1_1_1_1,1,0.003326666666666667,7.717224601860136e-5,0.20987654320987653,236.13940141273903
1_0_1_0_0_0_0_1_0_1_1_0_1_1_1_1_1_1_1_0_1_1_1_0_1_1_0_0_1_1_0_0_1_0_0_0_0_0,1,0.0032566666666666664,1.2472191289246504e-5,0.2037037037037037,220.61854976431314
1_1_1_1_1_1_1_0_1_1_1_1_1_1_0_0_0_0_0_1_0_0_0_1_1_0_1_1_0_1_1_1_0_1_0_0_1_0,1,0.0032533333333333333,0.00024308206204672715,0.2037037037037037,244.01792018998188
0_1_0_1_1_1_1_0_1_0_0_1_0_0_0_0_0_0_1_1_1_1_0_0_0_1_1_1_1_0_1_1_0_1_1_1_1_1,1,0.003246666666666667,0.00024362995619495463,0.2037037037037037,219.13820683126394
0_1_0_1_1_1_1_0_1_0_0_1_0_0_0_0_0_0_0_1_0_0_0_1_0_0_1_1_0_0_1_1_0_1_1_1_1_1,1,0.0032466666666666664,6.84754619472471e-5,0.2037037037037037,220.95030343966513
1_1_1_1_1_1_1_0_1_1_1_1_0_1_0_0_0_0_1_1_1_1_0_0_0_1_1_1_1_1_1_1_0_1_0_0_1_0,1,0.00324,0.000170489491367259,0.21604938271604937,230.81457007090353
0_0_0_0_0_0_0_1_0_0_0_0_0_0_1_1_1_1_1_0_1_1_1_0_0_1_0_0_1_0_0_0_1_0_1_1_0_1,1,0.00319,6.37704215656966e-5,0.2037037037037037,235.02990112552018
1_1_1_1_1_1_1_0_1_1_1_1_1_1_0_0_0_0_1_1_1_1_0_0_1_1_1_1_1_1_1_1_0_1_0_0_1_0,1,0.00318,8.981462390204993e-5,0.2037037037037037,246.8603733691535
1_1_1_1_1_1_1_0_1_1_1_1_1_1_0_0_0_0_1_1_1_1_0_0_0_1_1_1_1_1_1_1_0_1_0_0_1_0,1,0.0031633333333333335,9.285592184789418e-5,0.20987654320987653,252.35013106085898
1_1_1_1_1_1_1_0_1_1_1_1_0_1_0_0_0_0_0_1_0_0_0_1_0_0_1_1_0_1_1_1_0_1_0_0_1_0,1,0.00316,0.00024913182588073065,0.21604938271604937,232.77680519192847
0_0_0_0_0_0_0_1_0_0_0_0_1_0_1_1_1_1_1_0_1_1_1_0_1_1_0_0_1_0_0_0_1_0_1_1_0_1,1,0.0031233333333333334,0.0002145279054627211,0.21604938271604937,229.85787734024544
1_1_1_1_1_1_1_0_1_1_1_1_1_1_0_0_0_0_0_1_0_0_0_1_0_0_1_1_0_1_1_1_0_1_0_0_1_0,1,0.00311,2.8284271247461973e-5,0.20987654320987653,249.2703791197927
0_0_0_1_0_0_0_1_0_0_0_0_0_0_1_1_1_1_1_0_1_1_0_0_1_1_0_0_1_0_0_0_1_0_1_1_0_1,1,0.0030566666666666663,0.0001195361405136075,0.20987654320987653,226.05515748619197
0_0_0_0_0_0_0_1_0_0_0_0_0_0_1_1_1_1_0_0_0_0_1_1_1_0_0_0_0_0_0_0_1_0_1_1_0_1,1,0.0030066666666666666,0.0002613214283002618,0.20987654320987653,247.33156092895868
1_1_1_0_1_1_1_0_1_1_1_1_0_1_0_0_0_0_1_1_1_1_1_0_0_1_1_1_1_1_1_1_0_1_0_0_1_0,1,0.0030033333333333335,4.496912521077359e-5,0.21604938271604937,202.49828661706127
1_1_1_0_1_1_1_0_1_1_1_1_0_1_0_0_0_0_0_1_0_0_1_1_0_0_1_1_0_1_1_1_0_1_0_0_1_0,1,0.0029866666666666665,8.178562764256851e-5,0.21604938271604937,205.50051935806576
0_0_0_0_0_0_0_1_0_0_0_0_0_0_1_1_1_1_1_0_1_1_1_0_1_1_0_0_1_0_0_0_1_0_1_1_0_1,1,0.0029733333333333335,0.00010656244908763848,0.20987654320987653,250.008424049567
0_0_0_0_0_0_0_1_0_0_0_0_1_0_1_1_1_1_0_0_0_0_1_1_1_0_0_0_0_0_0_0_1_0_1_1_0_1,1,0.0029666666666666665,6.128258770283407e-5,0.21604938271604937,233.35998062015506
0_0_0_1_0_0_0_1_0_0_0_0_1_0_1_1_1_1_0_0_0_0_0_1_1_0_0_0_0_0_0_0_1_0_1_1_0_1,1,0.0029600000000000004,0.00022861904265976328,0.21604938271604937,203.6673611837159
0_0_0_1_0_0_0_1_0_0_0_0_0_0_1_1_1_1_1_0_1_1_0_0_0_1_0_0_1_0_0_0_1_0_1_1_0_1,1,0.002946666666666667,4.027681991198181e-5,0.2037037037037037,208.8993303186347
1_1_1_0_1_1_1_0_1_1_1_1_1_1_0_0_0_0_1_1_1_1_1_0_0_1_1_1_1_1_1_1_0_1_0_0_1_0,1,0.002946666666666667,0.00013097921802925666,0.20987654320987653,221.29502256956422
1_1_1_0_1_1_1_0_1_1_1_1_1_1_0_0_0_0_0_1_0_0_1_1_0_0_1_1_0_1_1_1_0_1_0_0_1_0,1,0.00293,0.00019026297590440445,0.20987654320987653,222.29634111207145
0_0_0_1_0_0_0_1_0_0_0_0_0_0_1_1_1_1_0_0_0_0_0_1_1_0_0_0_0_0_0_0_1_0_1_1_0_1,1,0.0029233333333333333,0.00017249798710580806,0.20987654320987653,219.0137621324062
1_1_1_0_1_1_1_0_1_1_1_1_1_1_0_0_0_0_1_1_1_1_1_0_1_1_1_1_1_1_1_1_0_1_0_0_1_0,1,0.0029200000000000003,8.286535263104038e-5,0.2037037037037037,210.90969809535443
0_0_0_1_0_0_0_1_0_0_0_0_1_0_1_1_1_1_1_0_1_1_0_0_1_1_0_0_1_0_0_0_1_0_1_1_0_1,1,0.0029133333333333337,7.133644853010899e-5,0.21604938271604937,206.7176640217367
0_0_0_1_0_0_0_1_0_0_0_0_0_0_1_1_1_1_0_0_0_0_0_1_0_0_0_0_0_0_0_0_1_0_1_1_0_1,1,0.0028966666666666667,0.00011440668201153687,0.2037037037037037,209.39834023527297
1_1_1_0_1_1_1_0_1_1_1_1_1_1_0_0_0_0_0_1_0_0_1_1_1_0_1_1_0_1_1_1_0_1_0_0_1_0,1,0.0028366666666666666,7.586537784494036e-5,0.2037037037037037,217.1753487572453
0_1_0_0_1_1_1_0_1_1_1_1_1_1_0_0_0_0_0_1_0_0_1_1_1_0_1_1_0_0_1_1_0_1_0_0_1_0,1,0.0023266666666666666,0.00016336734339790469,0.1728395061728395,193.75257207077212
1_0_1_1_0_0_0_1_0_0_0_0_0_0_1_1_1_1_1_0_1_1_0_0_0_1_0_0_1_1_0_0_1_0_1_1_0_1,1,0.0022666666666666664,2.624669291337257e-5,0.1728395061728395,193.19680474807947
0_1_0_0_1_1_1_0_1_1_1_1_1_1_0_0_0_0_1_1_1_1_1_0_1_1_1_1_1_0_1_1_0_1_0_0_1_0,1,0.0022,3.265986323710895e-5,0.1728395061728395,196.16662658329324
0_1_0_1_1_1_1_0_1_1_1_1_1_1_0_0_0_0_1_1_1_1_0_0_1_1_1_1_1_0_1_1_0_1_0_0_1_0,1,0.0022,5.887840577551899e-5,0.1728395061728395,209.85650995794595
1_0_1_1_0_0_0_1_0_0_0_0_0_0_1_1_1_1_0_0_0_0_0_1_0_0_0_0_0_1_0_0_1_0_1_1_0_1,1,0.0021833333333333336,7.76029781788188e-5,0.1728395061728395,200.95782791702638
1_0_1_0_0_0_0_1_0_0_0_0_0_0_1_1_1_1_1_0_1_1_1_0_0_1_0_0_1_1_0_0_1_0_1_1_0_1,1,0.0021566666666666665,0.00013912424503139466,0.1728395061728395,214.11548237780855
0_1_0_1_1_1_1_0_1_0_0_1_0_0_0_0_0_0_0_1_0_0_1_1_0_0_1_1_0_0_1_1_0_0_1_1_1_1,1,0.00215,0.00011575836902790223,0.22839506172839505,217.49224669876602
1_0_1_0_0_0_0_1_0_1_1_0_1_1_1_1_1_1_0_0_0_0_0_1_1_0_0_0_0_1_0_0_1_1_0_0_0_0,1,0.0021466666666666665,7.408703590297623e-5,0.22839506172839505,207.0880218692571
0_1_0_1_1_1_1_0_1_1_1_1_1_1_0_0_0_0_0_1_0_0_0_1_1_0_1_1_0_0_1_1_0_1_0_0_1_0,1,0.0021166666666666664,9.977753031397168e-5,0.1728395061728395,215.89707179149443
1_0_1_0_0_0_0_1_0_0_0_0_0_0_1_1_1_1_0_0_0_0_1_1_0_0_0_0_0_1_0_0_1_0_1_1_0_1,1,0.0021100000000000003,0.00022553639765383036,0.1728395061728395,214.14914524356587
1_0_1_0_0_0_0_1_0_1_1_0_1_1_1_1_1_1_1_0_1_1_0_0_1_1_0_0_1_1_0_0_1_1_0_0_0_0,1,0.0020833333333333333,0.00012472191289246464,0.22839506172839505,205.49704676533943
0_1_0_1_1_1_1_0_1_0_0_1_0_0_0_0_0_0_1_1_1_1_1_0_0_1_1_1_1_0_1_1_0_0_1_1_1_1,1,0.0019866666666666665,0.00016438437341250613,0.22839506172839505,210.67450010307155
0_0_0_1_0_0_0_1_1_0_0_0_0_0_1_0_1_0_0_0_0_0_1_1_0_0_0_0_0_0_0_0_0_0_1_1_1_1,1,0.00185,0.00015253414918196738,0.21604938271604937,268.12553232675185
1_1_1_0_1_1_1_0_0_1_1_1_1_1_0_1_0_1_0_1_0_0_0_1_1_0_1_1_0_1_1_1_1_1_0_0_0_0,1,0.0018366666666666664,2.3570226039551544e-5,0.21604938271604937,271.8736165794989
0_0_0_1_0_0_0_1_1_0_0_0_0_0_1_0_1_0_1_0_1_1_1_0_0_1_0_0_1_0_0_0_0_0_1_1_1_1,1,0.0018166666666666667,2.6246692913372773e-5,0.21604938271604937,272.1650269219783
1_1_1_0_1_1_1_0_0_1_1_1_1_1_1_1_1_1_1_1_0_0_0_0_1_1_1_1_1_1_0_1_1_1_0_0_0_0,1,0.00181,0.00014165686240583857,0.24074074074074073,348.8655933737605
1_1_1_0_1_1_1_0_0_1_1_1_1_1_0_1_0_1_0_1_1_1_1_1_1_0_1_1_0_1_1_1_1_1_0_0_0_0,1,0.00179,0.00011430952132988167,0.22839506172839505,297.70440496002874
0_0_0_1_0_0_0_1_1_0_0_0_0_0_0_0_0_0_0_0_1_1_1_1_0_0_0_0_0_0_1_0_0_0_1_1_1_1,1,0.00177,7.483314773547883e-5,0.24074074074074073,341.8104169134176
0_0_0_1_0_0_0_1_1_0_0_0_0_0_0_0_0_0_1_0_0_0_1_0_0_1_0_0_1_0_1_0_0_0_1_1_1_1,1,0.0017666666666666666,0.00010338708279513882,0.24074074074074073,349.4052337307608
1_1_1_0_1_1_1_0_0_1_1_1_1_1_1_1_1_1_0_1_1_1_0_1_1_0_1_1_0_1_0_1_1_1_0_0_0_0,1,0.0017633333333333335,8.993825042154692e-5,0.24074074074074073,355.83121731569776
1_1_1_0_1_1_1_0_0_1_1_1_1_1_1_1_1_1_0_1_0_0_0_0_1_1_1_1_1_1_0_1_1_1_0_0_0_0,1,0.0017466666666666665,0.00012684198393626971,0.24074074074074073,346.35828189300406
0_0_0_1_0_0_0_1_1_0_0_0_0_0_0_0_0_0_0_0_0_0_1_0_0_1_0_0_1_0_1_0_0_0_1_1_1_1,1,0.0017066666666666664,8.730533902472533e-5,0.24074074074074073,344.28521318745226
0_0_0_0_0_0_0_1_0_1_0_0_0_0_1_0_1_1_1_0_1_1_0_0_0_1_0_0_1_0_0_0_1_1_1_1_0_1,1,0.0016966666666666666,6.649979114419999e-5,0.24074074074074073,208.93874722216296
0_0_0_1_0_0_0_1_1_0_0_0_0_0_0_0_0_0_1_0_1_1_1_1_0_0_0_0_0_0_1_0_0_0_1_1_1_1,1,0.0016833333333333333,2.8674417556808737e-5,0.24074074074074073,345.2477264337729
0_1_0_0_1_1_1_0_1_1_1_1_1_1_0_0_0_0_1_1_1_1_1_0_0_1_1_1_1_0_1_1_0_1_0_0_1_0,1,0.0016666666666666668,0.00011728408057172788,0.17901234567901234,201.94188582463707
1_1_1_1_1_1_1_0_1_0_1_1_1_1_0_1_0_0_0_1_0_0_1_1_1_0_1_1_0_1_1_1_0_0_0_0_1_0,1,0.0016666666666666663,5.185449728701352e-5,0.24074074074074073,210.42921279646475
1_1_1_0_1_1_1_0_0_1_1_1_1_1_0_1_0_1_0_1_0_0_1_0_1_1_1_1_1_1_1_1_1_1_0_0_0_0,1,0.0016633333333333333,0.00012472191289246477,0.22839506172839505,291.10452673923277
1_1_1_0_1_1_1_0_0_1_1_1_1_1_0_1_0_1_1_1_1_1_0_0_1_1_1_1_1_1_1_1_1_1_0_0_0_0,1,0.00166,6.377042156569664e-5,0.21604938271604937,268.684139764333
1_1_1_1_1_1_1_0_1_0_1_1_1_1_0_1_0_0_1_1_1_1_1_0_1_1_1_1_1_1_1_1_0_0_0_0_1_0,1,0.00166,2.1602468994692922e-5,0.24074074074074073,211.91742865423112
0_0_0_1_0_0_0_1_1_0_0_0_0_0_1_0_1_0_0_0_1_1_0_1_0_0_0_0_0_0_0_0_0_0_1_1_1_1,1,0.0016533333333333333,3.299831645537221e-5,0.22839506172839505,288.8555884754055
1_1_1_0_1_1_1_0_0_1_1_1_1_1_1_1_1_1_1_1_1_1_0_1_1_0_1_1_0_1_0_1_1_1_0_0_0_0,1,0.0016533333333333333,7.76029781788188e-5,0.24074074074074073,359.84120324120323
0_0_0_0_0_0_0_1_0_1_0_0_0_0_1_0_1_1_1_0_1_1_0_0_0_1_0_0_1_0_0_0_1_0_1_1_0_1,1,0.0016366666666666667,0.0001643843734125061,0.2222222222222222,184.11914891974865
1_0_1_1_0_0_0_1_0_0_0_0_0_0_1_1_1_1_0_0_0_0_0_1_1_0_0_0_0_1_0_0_1_0_1_1_0_1,1,0.0016300000000000002,2.4494897427831758e-5,0.17901234567901234,188.76231767561043
0_0_0_0_0_0_0_1_0_1_0_0_0_0_1_0_1_1_0_0_0_0_0_1_0_0_0_0_0_0_0_0_1_1_1_1_0_1,1,0.0016233333333333334,9.741092797468305e-5,0.24074074074074073,208.17982872648702
0_0_0_1_0_0_0_1_1_0_0_0_0_0_1_0_1_0_1_0_1_1_0_1_0_0_0_0_0_0_0_0_0_0_1_1_1_1,1,0.0016166666666666666,0.00010656244908763855,0.22839506172839505,304.30149009262806
0_0_0_1_0_0_0_1_1_0_0_0_0_0_1_0_1_0_1_0_1_1_0_0_0_1_0_0_1_0_0_0_0_0_1_1_0_1,1,0.00161,7.788880963698615e-5,0.2345679012345679,251.46025288373377
0_1_0_0_1_1_1_0_1_1_1_1_1_1_0_0_0_0_0_1_0_0_1_1_0_0_1_1_0_0_1_1_0_1_0_0_1_0,1,0.001593333333333333,8.219218670625297e-5,0.17901234567901234,197.77987920906762
1_1_1_0_1_1_1_0_0_1_1_1_1_1_0_1_0_1_1_1_0_0_1_0_1_1_1_1_1_1_1_1_1_1_0_0_0_0,1,0.0015866666666666668,8.956685895029605e-5,0.22839506172839505,299.8565103085651
1_1_1_0_1_1_1_0_0_1_1_1_1_1_0_1_0_1_1_1_1_1_1_1_1_0_1_1_0_1_1_1_1_1_0_0_0_0,1,0.0015733333333333335,9.39266853573692e-5,0.22839506172839505,297.77635139286355
1_1_1_1_1_1_1_0_1_0_1_1_1_1_0_1_0_0_1_1_1_1_0_0_1_1_1_1_1_1_1_1_0_1_0_0_1_0,1,0.00157,0.00022464787260659003,0.21604938271604937,183.3239778239778
0_0_0_1_0_0_0_1_1_0_0_0_0_0_1_0_1_0_0_0_0_0_0_1_0_0_0_0_0_0_0_0_0_0_1_1_0_1,1,0.0015566666666666665,0.00011440668201153671,0.2345679012345679,243.30193940365788
1_0_1_1_0_0_0_1_0_0_0_0_0_0_1_1_1_1_1_0_1_1_0_0_1_1_0_0_1_1_0_0_1_0_1_1_0_1,1,0.0015533333333333334,0.00010873004286866719,0.17901234567901234,197.84614723082214
0_0_0_1_0_0_0_1_1_0_0_0_0_0_1_0_1_0_0_0_0_0_0_0_0_1_0_0_1_0_0_0_0_0_1_1_1_1,1,0.0015533333333333334,0.00022425184255405554,0.22839506172839505,295.50269683425154
0_0_0_1_0_0_0_1_1_0_0_0_0_0_1_0_1_0_1_0_0_0_0_0_0_1_0_0_1_0_0_0_0_0_1_1_1_1,1,0.0015500000000000002,4.89897948556636e-5,0.22839506172839505,300.1408862574558
1_1_1_0_1_1_1_0_0_1_1_1_1_1_0_1_0_1_1_1_1_1_1_0_1_1_1_1_1_1_1_1_1_1_0_0_1_0,1,0.0015000000000000002,0.0001061445555206044,0.2345679012345679,248.7268620104588
1_1_1_0_1_1_1_0_0_1_1_1_1_1_0_1_0_1_0_1_0_0_1_1_1_0_1_1_0_1_1_1_1_1_0_0_1_0,1,0.00149,0.00014165686240583857,0.2345679012345679,243.82538457454845
1_0_1_0_0_0_0_1_0_0_0_0_0_0_1_1_1_1_0_0_0_0_1_1_1_0_0_0_0_1_0_0_1_0_1_1_0_1,1,0.0014566666666666669,0.00014817407180595248,0.17901234567901234,202.8368117670443
1_1_1_1_1_1_1_0_1_0_1_1_1_1_0_1_0_0_0_1_0_0_1_1_1_0_1_1_0_1_1_1_0_1_0_0_1_0,1,0.0014533333333333332,0.00013474255287605156,0.2222222222222222,179.75764055956517
0_0_0_0_0_0_0_1_0_1_0_0_0_0_1_0_1_1_0_0_0_0_1_1_0_0_0_0_0_0_0_0_1_0_1_1_0_1,1,0.00145,8.64098759787715e-5,0.21604938271604937,178.92885896244215
0_0_0_0_0_0_0_1_0_1_0_0_0_0_1_0_1_1_0_0_0_0_0_1_0_0_0_0_0_0_0_0_1_0_1_1_0_1,1,0.00144,4.320493798938575e-5,0.2222222222222222,174.41713750677422
0_1_0_1_1_1_1_0_1_1_1_1_0_1_0_0_0_0_0_1_0_0_0_1_0_0_1_1_0_0_1_1_0_1_0_0_1_0,1,0.0014266666666666666,8.219218670625305e-5,0.19753086419753085,205.7704235335814
0_1_0_1_1_1_1_0_1_0_0_1_0_0_0_0_0_0_1_1_1_1_0_0_0_1_1_1_1_0_1_1_0_0_1_1_1_1,1,0.0014233333333333335,3.8586123009300784e-5,0.2222222222222222,205.97053952012206
1_1_1_1_1_1_1_0_1_0_1_1_1_1_0_1_0_0_1_1_1_1_1_0_1_1_1_1_1_1_1_1_0_1_0_0_1_0,1,0.00142,0.0001202774570177914,0.2222222222222222,186.97797082001753
1_0_1_0_0_0_0_1_0_0_0_0_0_0_1_1_1_1_1_0_1_1_1_0_1_1_0_0_1_1_0_0_1_0_1_1_0_1,1,0.00142,0.0001061445555206044,0.17901234567901234,203.18346253229973
0_1_0_0_1_1_1_0_1_1_1_1_0_1_0_0_0_0_0_1_0_0_1_1_0_0_1_1_0_0_1_1_0_1_0_0_1_0,1,0.0014166666666666668,5.43650214343336e-5,0.19753086419753085,193.3603575658451
0_1_0_1_1_1_1_0_1_1_1_1_1_1_0_0_0_0_1_1_1_1_0_0_0_1_1_1_1_0_1_1_0_1_0_0_1_0,1,0.00141,4.320493798938568e-5,0.17901234567901234,203.67256413233426
1_0_1_1_0_0_0_1_0_0_0_0_1_0_1_1_1_1_0_0_0_0_0_1_1_0_0_0_0_1_0_0_1_0_1_1_0_1,1,0.0014099999999999998,8.485281374238572e-5,0.19753086419753085,184.25460106523232
1_0_1_1_0_0_0_1_0_0_0_0_1_0_1_1_1_1_1_0_1_1_0_0_1_1_0_0_1_1_0_0_1_0_1_1_0_1,1,0.0014066666666666665,0.0001040299102288482,0.19753086419753085,191.15915120708985
1_0_1_0_0_0_0_1_0_0_0_0_1_0_1_1_1_1_1_0_1_1_1_0_1_1_0_0_1_1_0_0_1_0_1_1_0_1,1,0.0014033333333333335,8.219218670625305e-5,0.19753086419753085,203.63774214943805
0_1_0_1_1_1_1_0_1_1_1_1_1_1_0_0_0_0_0_1_0_0_0_1_0_0_1_1_0_0_1_1_0_1_0_0_1_0,1,0.0014,1.4142135623730987e-5,0.17901234567901234,211.36910190157732
0_0_0_0_0_0_0_1_0_1_0_0_0_0_1_0_1_1_1_0_1_1_1_0_0_1_0_0_1_0_0_0_1_0_1_1_0_1,1,0.00137,4.320493798938575e-5,0.21604938271604937,178.00555332897886
0_1_0_1_1_0_1_0_1_0_0_1_0_0_0_0_0_0_0_1_0_0_1_1_0_0_1_1_0_0_1_1_0_0_1_1_1_1,1,0.00136,2.4494897427831758e-5,0.24074074074074073,235.72884284346074
1_0_1_0_0_1_0_1_0_1_1_0_1_1_1_1_1_1_1_0_1_1_0_0_1_1_0_0_1_1_0_0_1_1_0_0_0_0,1,0.0013566666666666666,0.000294089933334837,0.24074074074074073,237.4201355338505
1_0_1_0_0_0_0_1_0_0_0_0_1_0_1_1_1_1_0_0_0_0_1_1_1_0_0_0_0_1_0_0_1_0_1_1_0_1,1,0.0013433333333333333,8.379870059984359e-5,0.19753086419753085,208.4362765989969
0_1_0_1_1_1_1_0_1_1_1_1_0_1_0_0_0_0_1_1_1_1_0_0_0_1_1_1_1_0_1_1_0_1_0_0_1_0,1,0.00134,4.320493798938568e-5,0.19753086419753085,198.27157040352373
1_1_1_1_1_1_1_0_1_0_1_1_1_1_0_1_0_0_0_1_0_0_0_1_1_0_1_1_0_1_1_1_0_1_0_0_1_0,1,0.0013399999999999998,0.00011224972160321818,0.21604938271604937,177.0302465551764
0_1_0_0_1_1_1_0_1_1_1_1_0_1_0_0_0_0_1_1_1_1_1_0_0_1_1_1_1_0_1_1_0_1_0_0_1_0,1,0.0013300000000000002,0.00014306175822583291,0.19753086419753085,187.90010749190927
1_0_1_0_0_1_0_1_0_1_1_0_1_1_1_1_1_1_0_0_0_0_0_1_1_0_0_0_0_1_0_0_1_1_0_0_0_0,1,0.0013233333333333333,6.182412330330468e-5,0.24074074074074073,239.9385715083487
1_0_1_0_0_0_0_1_0_1_1_0_1_1_1_1_1_1_0_0_0_0_1_1_1_0_0_0_0_1_0_0_1_1_0_0_0_0,1,0.0013100000000000002,4.242640687119286e-5,0.2222222222222222,201.57373134328358
0_1_0_1_1_1_1_0_1_0_0_1_0_0_0_0_0_0_0_1_0_0_0_1_0_0_1_1_0_0_1_1_0_0_1_1_1_1,1,0.0012966666666666667,8.379870059984359e-5,0.2222222222222222,205.03408873609453
1_0_1_0_0_0_0_1_0_1_1_0_1_1_1_1_1_1_1_0_1_1_1_0_1_1_0_0_1_1_0_0_1_1_0_0_0_0,1,0.0012933333333333332,0.00019618585292749546,0.2222222222222222,203.40646823695172
0_1_0_1_1_0_1_0_1_0_0_1_0_0_0_0_0_0_1_1_1_1_1_0_0_1_1_1_1_0_1_1_0_0_1_1_1_1,1,0.0012833333333333332,0.0001488474237451074,0.24074074074074073,234.51765122265124
0_0_0_0_0_1_0_1_0_1_0_0_0_0_1_0_1_1_0_0_0_0_0_1_0_0_0_0_0_0_0_0_1_1_1_1_0_1,1,0.00126,8.602325267042622e-5,0.25308641975308643,198.48985820958134
1_1_1_1_1_0_1_0_1_0_1_1_1_1_0_1_0_0_0_1_0_0_1_1_1_0_1_1_0_1_1_1_0_0_0_0_1_0,1,0.0012433333333333333,5.2493385826745384e-5,0.25308641975308643,198.08590413974045
0_0_0_0_0_0_0_1_0_0_0_0_1_1_1_0_1_1_1_0_1_1_1_0_0_1_0_0_1_0_0_0_1_0_0_1_0_0,1,0.0012,7.788880963698609e-5,0.2345679012345679,237.5752664061332
1_0_1_0_0_1_0_1_0_1_1_0_1_1_1_1_1_1_1_0_1_1_1_0_1_1_0_0_1_1_1_0_1_1_0_0_0_0,1,0.0011966666666666668,0.00013123346456686352,0.25308641975308643,234.64075689130198
0_0_0_1_0_0_0_1_0_0_0_0_1_1_1_0_1_1_1_0_1_1_0_0_0_1_0_0_1_0_0_0_1_0_0_1_0_0,1,0.0011733333333333333,9.741092797468312e-5,0.2345679012345679,193.3270052543496
0_1_0_0_0_1_1_1_1_0_0_1_0_0_0_0_0_0_1_0_1_1_1_0_0_1_0_0_1_0_1_0_0_1_1_1_0_1,1,0.0011633333333333333,6.548960901462833e-5,0.24074074074074073,255.11985724351317
0_0_0_0_0_1_0_1_0_1_0_0_0_0_1_0_1_1_1_0_1_1_0_0_0_1_0_0_1_0_0_0_1_1_1_1_0_1,1,0.00116,9.89949493661166e-5,0.25308641975308643,200.3389790637497
1_0_1_0_0_0_0_1_0_1_1_0_1_1_1_1_1_1_1_0_1_1_1_0_1_1_0_0_1_1_1_0_1_1_0_0_0_0,1,0.0011566666666666667,8.259674462242579e-5,0.24074074074074073,206.51337981442305
0_1_0_1_1_0_1_0_1_0_0_1_0_0_0_0_0_0_1_1_1_1_0_0_0_1_1_1_1_0_0_1_0_0_1_1_1_1,1,0.0011533333333333333,0.0001040299102288482,0.25308641975308643,242.2180993147297
1_1_1_1_1_0_1_0_1_0_1_1_1_1_0_1_0_0_1_1_1_1_1_0_1_1_1_1_1_1_1_1_0_0_0_0_1_0,1,0.00115,8.164965809277264e-5,0.25308641975308643,203.74647342995172
0_0_0_0_0_0_0_1_0_0_0_0_1_1_1_0_1_1_0_0_0_0_1_1_0_0_0_0_0_0_0_0_1_0_0_1_0_0,1,0.0011433333333333332,0.00010873004286866726,0.2345679012345679,222.94347764414283
1_0_1_0_0_0_0_1_0_1_1_0_1_1_1_1_1_1_0_0_0_0_1_1_1_0_0_0_0_1_1_0_1_1_0_0_0_0,1,0.00114,0.00014352700094407328,0.24074074074074073,196.77027820968485
1_1_1_0_1_1_1_0_1_1_1_1_0_0_0_1_0_0_0_1_0_0_1_1_1_0_1_1_0_1_1_1_0_1_1_0_1_1,1,0.0011366666666666667,0.00010964589468932351,0.2345679012345679,201.09755626228494
1_0_1_1_1_0_0_0_0_1_1_0_1_1_1_1_1_1_1_1_1_1_0_0_1_1_1_1_1_1_0_1_1_0_0_0_1_0,1,0.0011266666666666667,5.906681715556445e-5,0.24074074074074073,257.3291435343145
0_1_0_1_1_1_1_0_1_0_0_1_0_0_0_0_0_0_0_1_0_0_0_1_0_0_1_1_0_0_0_1_0_0_1_1_1_1,1,0.0011266666666666667,1.8856180831641216e-5,0.24074074074074073,215.44178628389156
0_1_0_1_1_1_1_0_1_0_0_1_0_0_0_0_0_0_1_1_1_1_0_0_0_1_1_1_1_0_0_1_0_0_1_1_1_1,1,0.0010933333333333333,0.00010143416036468627,0.24074074074074073,202.96592571910173
0_1_0_1_1_1_1_0_1_0_1_1_1_1_0_1_0_0_0_1_0_0_1_1_1_0_1_1_0_0_1_1_0_1_0_0_1_0,1,0.0010866666666666666,0.00010338708279513879,0.19135802469135801,173.99600916706183
1_1_1_1_1_1_1_0_1_1_1_1_0_0_0_1_0_0_1_1_1_1_0_0_1_1_1_1_1_1_1_1_0_1_1_0_1_1,1,0.0010866666666666666,6.342099196813483e-5,0.2345679012345679,220.96921269095182
0_1_0_0_0_1_1_1_1_0_0_1_0_0_0_0_0_0_0_0_0_0_1_1_0_0_0_0_0_0_1_0_0_1_1_1_0_1,1,0.0010833333333333335,2.8674417556808737e-5,0.24074074074074073,254.40895061728398
1_1_1_1_1_1_1_0_0_1_1_1_1_1_1_1_1_1_1_1_1_1_0_0_1_1_1_1_1_1_0_1_1_1_0_0_1_0,1,0.0010833333333333333,7.318166133366715e-5,0.24074074074074073,212.63463652810916
1_1_1_1_1_1_1_0_1_1_1_0_1_1_0_1_0_1_0_1_0_0_0_1_1_0_1_1_0_1_1_1_0_1_0_0_1_0,1,0.0010733333333333333,0.00010208928554075699,0.2345679012345679,225.13757719844784
0_0_0_0_0_0_0_1_0_0_0_1_0_0_1_0_1_0_0_0_0_0_1_1_0_0_0_0_0_0_0_0_1_0_1_1_0_1,1,0.00107,6.68331255192114e-5,0.2345679012345679,229.91014013846325
1_0_1_1_1_0_0_0_0_1_1_0_1_1_1_1_1_1_0_1_0_0_0_1_1_0_1_1_0_1_0_1_1_0_0_0_1_0,1,0.0010633333333333334,5.4365021434333575e-5,0.24074074074074073,258.38179352817605
1_1_1_1_1_1_1_0_1_1_1_1_0_0_0_1_0_0_0_1_0_0_0_1_1_0_1_1_0_1_1_1_0_1_1_0_1_1,1,0.0010533333333333334,0.00010338708279513882,0.2345679012345679,229.96756866322085
0_0_0_1_0_0_0_1_0_0_0_0_1_1_1_0_1_1_0_0_0_0_0_1_0_0_0_0_0_0_0_0_1_0_0_1_0_0,1,0.0010433333333333334,6.236095644623237e-5,0.2345679012345679,202.18151524165674
1_1_1_1_1_1_1_0_1_1_1_0_1_1_0_1_0_1_1_1_1_1_0_0_1_1_1_1_1_1_1_1_0_1_0_0_1_0,1,0.0010366666666666666,9.463379711052258e-5,0.2345679012345679,214.52428987909585
0_0_0_0_0_0_0_1_0_0_0_1_0_0_1_0_1_0_1_0_1_1_1_0_0_1_0_0_1_0_0_0_1_0_1_1_0_1,1,0.0010266666666666666,0.00015965240019770728,0.2345679012345679,218.92151845846604
1_0_1_0_0_0_0_1_0_1_0_0_0_0_1_0_1_1_0_0_0_0_0_1_0_0_0_0_0_1_0_0_1_0_1_1_0_1,1,0.0010199999999999999,5.099019513592785e-5,0.19135802469135801,180.73266496421704
0_0_0_0_0_0_0_1_0_0_0_1_0_0_0_0_0_0_0_0_0_0_1_1_0_0_0_0_0_0_1_0_1_0_1_1_0_1,1,0.00101,8.164965809277264e-5,0.24074074074074073,199.67110076020967
1_1_1_1_1_1_1_0_1_1_1_0_1_1_1_1_1_1_1_1_1_1_0_0_1_1_1_1_1_1_0_1_0_1_0_0_1_0,1,0.001,2.9439202887759518e-5,0.24074074074074073,193.89891871468703
0_1_0_1_1_0_1_0_1_0_0_1_0_0_0_0_0_0_0_1_0_0_0_1_0_0_1_1_0_0_0_1_0_0_1_1_1_1,1,0.00099,0.00017907168024751055,0.25308641975308643,241.02385688750505
0_1_0_1_1_1_1_0_1_0_1_1_1_1_0_1_0_0_1_1_1_1_1_0_1_1_1_1_1_0_1_1_0_1_0_0_1_0,1,0.00099,2.1602468994692875e-5,0.19135802469135801,172.75372662266227
1_1_1_0_1_1_1_0_1_1_1_1_0_0_0_1_0_0_1_1_1_1_1_0_1_1_1_1_1_1_1_1_0_1_1_0_1_1,1,0.00098,5.7154760664940875e-5,0.2345679012345679,201.06461099184352
0_1_0_0_0_0_0_1_0_0_0_1_0_0_0_0_0_0_0_0_0_0_1_1_0_0_0_0_0_0_1_0_1_1_1_1_0_1,1,0.0009699999999999999,0.00012328828005937948,0.24691358024691357,253.53077330280598
1_1_1_1_1_1_1_0_0_1_1_1_1_1_1_1_1_1_0_1_0_0_0_1_1_0_1_1_0_1_0_1_1_1_0_0_1_0,1,0.0009666666666666666,2.624669291337267e-5,0.24074074074074073,213.68746716672982
1_0_1_0_0_0_0_1_0_1_0_0_0_0_1_0_1_1_1_0_1_1_1_0_0_1_0_0_1_1_0_0_1_0_1_1_0_1,1,0.0009633333333333334,5.2493385826745445e-5,0.18518518518518517,167.4242480427818
0_0_0_0_0_0_0_1_1_0_0_0_0_0_0_0_0_0_1_0_1_1_1_0_0_1_0_0_1_0_1_0_0_0_1_1_0_1,1,0.0009566666666666668,7.717224601860155e-5,0.24074074074074073,212.78491367126435
0_0_0_0_0_0_0_1_1_0_0_0_0_0_0_0_0_0_0_0_0_0_1_1_0_0_0_0_0_0_1_0_0_0_1_1_0_1,1,0.0009533333333333333,0.00010656244908763856,0.24074074074074073,208.90381357559852
1_0_1_0_0_1_0_1_0_1_1_0_1_1_1_1_1_1_0_0_0_0_1_1_1_0_0_0_0_1_1_0_1_1_0_0_0_0,1,0.00095,9.626352718795769e-5,0.25308641975308643,242.29073916200943
1_1_1_1_1_1_1_0_1_0_1_1_1_1_0_1_0_0_1_1_1_1_0_0_1_1_1_1_1_1_1_1_0_0_0_0_1_0,1,0.0009433333333333334,2.8674417556808744e-5,0.2345679012345679,207.57946713873767
1_1_1_1_1_1_1_0_1_1_1_0_1_1_1_1_1_1_0_1_0_0_0_1_1_0_1_1_0_1_0_1_0_1_0_0_1_0,1,0.0009266666666666667,9.104333522498442e-5,0.24074074074074073,191.71888503283319
0_0_0_0_0_0_0_1_0_1_0_0_0_0_1_0_1_1_1_0_1_1_1_0_0_1_0_0_1_0_0_0_1_1_1_1_0_1,1,0.0009166666666666666,0.00010530379332620875,0.2345679012345679,203.4678722938681
0_0_0_0_0_0_0_1_0_0_0_1_0_0_0_0_0_0_1_0_1_1_1_0_0_1_0_0_1_0_1_0_1_0_1_1_0_1,1,0.0009133333333333334,4.6427960923947104e-5,0.24074074074074073,198.27800179211468
0_1_0_1_1_1_1_0_1_0_1_1_1_1_0_1_0_0_1_1_1_1_0_0_1_1_1_1_1_0_1_1_0_1_0_0_1_0,1,0.0009066666666666667,1.8856180831641267e-5,0.18518518518518517,170.50065876152834
1_0_1_0_0_0_0_1_0_1_0_0_0_0_1_0_1_1_1_0_1_1_0_0_0_1_0_0_1_1_0_0_1_0_1_1_0_1,1,0.0009066666666666667,2.8674417556808744e-5,0.19135802469135801,181.37392199387796
1_1_1_1_1_1_1_0_1_1_1_0_1_1_0_1_0_0_1_1_1_1_0_0_1_1_1_1_1_1_1_1_0_1_0_0_1_0,1,0.0008966666666666666,8.576453553512405e-5,0.24074074074074073,197.37960618846694
1_0_1_0_0_0_0_1_0_1_0_0_0_0_1_0_1_1_0_0_0_0_1_1_0_0_0_0_0_1_0_0_1_0_1_1_0_1,1,0.0008933333333333333,9.428090415820608e-6,0.18518518518518517,161.55555555555554
0_0_0_0_0_0_0_1_0_1_0_0_0_0_1_0_1_1_0_0_0_0_1_1_0_0_0_0_0_0_0_0_1_1_1_1_0_1,1,0.0008933333333333333,8.993825042154698e-5,0.2345679012345679,212.9058777982738
1_0_1_1_1_1_1_0_1_1_1_0_1_1_1_1_1_1_1_1_1_1_0_0_1_1_1_1_1_1_0_1_0_0_0_0_1_0,1,0.0008933333333333333,7.039570693980958e-5,0.24691358024691357,255.08482496884554
0_1_0_0_0_0_0_1_0_0_0_1_0_0_0_0_0_0_1_0_1_1_1_0_0_1_0_0_1_0_1_0_1_1_1_1_0_1,1,0.0008900000000000001,7.788880963698613e-5,0.24691358024691357,247.5304400241109
1_1_1_1_1_1_1_0_1_0_1_1_1_1_0_1_0_0_0_1_0_0_0_1_1_0_1_1_0_1_1_1_0_0_0_0_1_0,1,0.0008666666666666666,6.599663291074443e-5,0.2345679012345679,207.40928102630232
0_1_0_0_0_0_1_1_1_0_0_1_0_0_0_0_0_0_1_0_1_1_1_0_0_1_0_0_1_0_1_0_0_0_1_1_0_1,1,0.0008633333333333332,6.18241233033047e-5,0.24691358024691357,214.36234346091317
0_0_0_1_0_0_0_1_1_0_0_0_0_0_1_0_1_1_0_0_0_0_0_1_0_0_0_0_0_0_0_0_0_0_1_1_1_1,1,0.00086,6.683312551921144e-5,0.22839506172839505,218.1252036493972
1_0_1_1_1_1_1_0_1_1_1_0_1_1_1_1_1_1_0_1_0_0_0_1_1_0_1_1_0_1_0_1_0_0_0_0_1_0,1,0.00086,7.788880963698615e-5,0.24691358024691357,253.1943462334767
0_0_0_0_0_0_0_1_0_0_0_1_0_0_1_0_1_1_0_0_0_0_1_1_0_0_0_0_0_0_0_0_1_0_1_1_0_1,1,0.0008233333333333334,3.39934634239519e-5,0.24074074074074073,189.891110859635
0_1_0_1_1_1_1_0_1_0_1_1_1_1_0_1_0_0_0_1_0_0_0_1_1_0_1_1_0_0_1_1_0_1_0_0_1_0,1,0.0008066666666666666,4.784233364802441e-5,0.18518518518518517,168.10732277280826
1_0_1_1_1_1_0_0_0_1_1_0_1_1_1_1_1_1_0_1_0_0_0_1_1_0_1_1_0_1_0_1_1_1_0_0_1_0,1,0.0007933333333333334,7.760297817881874e-5,0.24691358024691357,208.7990599454118
1_1_1_0_1_1_1_0_0_1_1_1_1_1_0_1_0_0_0_1_0_0_1_1_1_0_1_1_0_1_1_1_1_1_0_0_0_0,1,0.00079,9.41629792788369e-5,0.22839506172839505,224.61242236024847
0_0_0_1_0_0_0_1_1_0_0_0_0_0_1_0_1_1_1_0_1_1_0_0_0_1_0_0_1_0_0_0_0_0_1_1_1_1,1,0.0007866666666666667,0.00010143416036468627,0.22839506172839505,206.62489272552878
0_1_0_0_0_0_1_1_1_0_0_1_0_0_0_0_0_0_0_0_0_0_1_1_0_0_0_0_0_0_1_0_0_0_1_1_0_1,1,0.0007833333333333334,1.2472191289246504e-5,0.24691358024691357,202.87006049506047
0_0_0_0_0_0_0_1_0_0_0_1_0_0_1_0_1_1_1_0_1_1_1_0_0_1_0_0_1_0_0_0_1_0_1_1_0_1,1,0.0007599999999999999,2.943920288775947e-5,0.24074074074074073,189.2879366297088
1_0_1_1_1_1_0_0_0_1_1_0_1_1_1_1_1_1_1_1_1_1_1_0_1_1_1_1_1_1_1_1_1_1_0_0_1_0,1,0.0007599999999999999,3.559026084010437e-5,0.25925925925925924,242.74056651931497
1_1_1_0_1_1_1_0_0_1_1_1_1_1_0_1_0_0_1_1_1_1_1_0_1_1_1_1_1_1_1_1_1_1_0_0_0_0,1,0.0007500000000000001,2.943920288775948e-5,0.22839506172839505,209.37529301453353
1_1_1_1_1_1_1_0_1_1_1_0_1_1_0_1_0_0_0_1_0_0_0_1_1_0_1_1_0_1_1_1_0_1_0_0_1_0,1,0.0007366666666666667,6.64997911442e-5,0.24074074074074073,196.2899834632648
1_0_1_1_1_1_0_0_0_1_1_0_1_1_1_1_1_1_1_1_1_1_0_0_1_1_1_1_1_1_0_1_1_1_0_0_1_0,1,0.0007300000000000001,6.68331255192114e-5,0.24691358024691357,212.83541666666667
1_1_1_1_1_1_1_0_1_1_1_1_0_0_0_0_0_0_0_1_0_0_0_1_0_0_1_1_0_1_1_1_0_1_1_0_1_0,1,0.0007266666666666667,1.6996731711975944e-5,0.2345679012345679,193.85260824204488
0_1_0_0_0_1_1_1_1_0_0_1_0_0_0_0_0_0_1_1_0_0_1_0_0_1_1_1_1_0_1_0_0_0_1_1_1_1,1,0.0007066666666666666,0.00011841546445554408,0.2716049382716049,310.0792894622638
1_0_1_1_1_0_0_0_0_1_1_0_1_1_1_1_1_1_0_0_1_1_0_1_1_0_0_0_0_1_0_1_1_1_0_0_0_0,1,0.0006966666666666666,7.318166133366718e-5,0.2716049382716049,301.3020833333333
1_0_1_1_1_1_0_0_0_1_1_0_1_1_1_1_1_1_0_1_0_0_1_1_1_0_1_1_0_1_1_1_1_1_0_0_1_0,1,0.0006966666666666666,0.00011323525167642018,0.25925925925925924,242.91197983895754
0_0_0_0_0_0_0_1_0_1_0_0_0_0_1_0_1_1_0_0_0_0_1_1_0_0_0_0_0_0_1_0_1_1_1_1_0_1,1,0.0006833333333333332,3.399346342395189e-5,0.25308641975308643,203.0775521758961
1_1_1_1_1_1_1_0_0_1_1_1_1_1_0_1_0_1_1_1_1_1_0_0_1_1_1_1_1_1_1_1_1_1_0_0_1_0,1,0.0006833333333333332,0.00010143416036468627,0.2345679012345679,238.23164392462638
0_0_0_0_0_0_0_1_1_0_0_0_0_0_1_0_1_0_0_0_0_0_1_1_0_0_0_0_0_0_0_0_0_0_1_1_0_1,1,0.00068,1.4142135623730936e-5,0.2345679012345679,219.83582089552237
1_0_1_0_0_0_0_1_0_1_1_0_1_1_1_1_1_1_1_0_0_0_0_0_1_1_0_0_1_1_0_0_1_0_0_0_0_0,1,0.00068,5.8878405775519e-5,0.22839506172839505,236.35330383632592
0_0_0_0_0_0_0_1_0_0_0_0_1_1_1_1_1_1_0_0_0_0_1_1_1_0_0_0_0_0_0_0_1_0_0_1_0_1,1,0.00068,8.164965809277238e-6,0.2345679012345679,187.889304542929
0_1_0_0_0_0_1_1_1_0_0_1_0_0_0_0_0_0_1_0_1_1_0_0_0_1_0_0_1_0_0_0_0_0_1_1_0_1,1,0.0006733333333333334,4.784233364802441e-5,0.25925925925925924,235.64720764720767
1_1_1_1_1_1_1_0_1_1_1_1_1_1_0_0_0_0_1_1_1_1_0_1_1_0_1_1_0_1_1_1_0_1_0_0_1_0,1,0.0006733333333333334,6.64997911442e-5,0.2222222222222222,234.5696141896252
0_0_0_0_0_0_0_1_0_0_0_0_1_1_1_1_1_1_1_0_1_1_1_0_1_1_0_0_1_0_0_0_1_0_0_1_0_1,1,0.0006666666666666666,9.030811456096041e-5,0.2345679012345679,189.5262286732875
1_1_1_0_1_1_1_0_1_1_1_1_0_0_0_0_0_0_0_1_0_0_1_1_0_0_1_1_0_1_1_1_0_1_1_0_1_0,1,0.0006633333333333334,3.681787005729088e-5,0.2345679012345679,178.70529465486302
0_0_0_1_0_0_0_1_0_0_0_0_1_1_1_1_1_1_0_0_0_0_0_1_1_0_0_0_0_0_0_0_1_0_0_1_0_1,1,0.0006633333333333334,8.055363982396379e-5,0.2345679012345679,170.13499845064575
1_1_1_1_1_1_1_0_1_0_1_1_1_1_0_1_0_0_0_1_0_0_0_1_1_0_1_1_0_1_0_1_0_0_0_0_1_0,1,0.0006633333333333334,2.3570226039551595e-5,0.25308641975308643,204.17522564581387
1_0_1_1_1_0_0_0_0_1_1_0_1_1_1_1_1_1_1_0_1_1_0_1_1_0_0_0_0_1_0_1_1_1_0_0_0_0,1,0.00066,5.3541261347363375e-5,0.2716049382716049,319.4436834094368
0_0_0_1_0_0_0_1_0_0_0_0_1_1_1_1_1_1_1_0_1_1_0_0_1_1_0_0_1_0_0_0_1_0_0_1_0_1,1,0.0006566666666666666,8.993825042154691e-5,0.2345679012345679,168.64202464202464
0_1_0_0_0_0_1_1_1_0_0_1_0_0_0_0_0_0_0_0_0_0_0_1_0_0_0_0_0_0_0_0_0_0_1_1_0_1,1,0.0006566666666666666,4.714045207910314e-5,0.25925925925925924,236.7984934086629
1_1_1_1_1_1_1_0_1_1_1_1_0_1_0_0_0_0_1_1_1_1_0_0_1_1_1_1_1_1_1_1_0_1_0_0_1_0,1,0.0006500000000000001,8.041558721209878e-5,0.2222222222222222,207.25547398056128
0_1_0_1_1_1_1_0_1_0_0_1_0_0_0_0_0_0_1_1_0_0_1_0_0_1_1_1_1_0_1_1_0_1_1_1_1_1,1,0.00065,9.62635271879577e-5,0.22839506172839505,239.0232277526395
0_0_0_0_0_0_0_1_0_0_0_0_1_0_1_1_1_1_1_0_1_1_1_0_0_1_0_0_1_0_0_0_1_0_1_1_0_1,1,0.00065,3.7416573867739416e-5,0.2222222222222222,211.06669594067134
1_1_1_1_1_1_1_0_1_1_1_1_0_0_0_0_0_0_1_1_1_1_0_0_0_1_1_1_1_1_1_1_0_1_1_0_1_0,1,0.0006466666666666666,1.2472191289246455e-5,0.2345679012345679,191.70226070226067
1_1_1_1_1_1_1_0_1_1_1_1_0_1_0_0_0_0_0_1_0_0_0_1_1_0_1_1_0_1_1_1_0_1_0_0_1_0,1,0.0006433333333333333,5.557777333511023e-5,0.2222222222222222,196.89098475183766
1_0_1_0_0_0_0_1_0_1_1_0_1_1_1_1_1_1_1_0_0_0_1_0_1_1_0_0_1_1_0_0_1_0_0_0_0_0,1,0.00064,0.00014352700094407325,0.2222222222222222,215.2436237652956
1_0_1_1_1_0_0_0_0_1_1_0_1_1_1_1_1_1_1_0_0_0_0_0_1_1_0_0_1_1_0_1_1_1_0_0_0_0,1,0.0006399999999999999,2.44948974278318e-5,0.2716049382716049,304.29563249327134
1_1_1_1_1_1_1_0_0_1_1_1_1_1_0_1_0_1_0_1_0_0_0_1_1_0_1_1_0_1_1_1_1_1_0_0_1_0,1,0.0006366666666666668,3.681787005729088e-5,0.2345679012345679,218.37928921568627
0_0_0_0_0_0_0_1_0_0_0_0_0_0_1_1_1_1_0_0_1_1_1_1_0_0_0_0_0_0_0_0_1_0_1_1_0_1,1,0.0006333333333333334,6.018490028422594e-5,0.2222222222222222,250.26394378568293
1_0_1_0_0_0_0_1_0_1_1_0_1_1_1_1_1_1_0_0_1_1_0_1_1_0_0_0_0_1_0_0_1_0_0_0_0_0,1,0.0006333333333333333,6.944222218666553e-5,0.22839506172839505,223.5383321316991
0_1_0_1_1_1_1_0_1_0_0_1_0_0_0_0_0_0_1_1_0_0_0_0_0_1_1_1_1_0_1_1_0_1_1_1_1_1,1,0.0006266666666666668,1.8856180831641318e-5,0.2222222222222222,209.98611111111111
0_1_0_0_0_1_1_1_1_0_0_1_0_0_0_0_0_0_0_1_1_1_1_1_0_0_1_1_0_0_1_0_0_0_1_1_1_1,1,0.0006266666666666668,5.436502143433363e-5,0.2716049382716049,296.96230966380216
0_1_0_0_0_1_1_1_1_0_0_1_0_0_0_0_0_0_1_1_1_1_1_1_0_0_1_1_0_0_1_0_0_0_1_1_1_1,1,0.0006266666666666666,6.649979114420003e-5,0.2716049382716049,317.46815839032615
0_1_0_1_1_1_1_0_1_0_0_1_0_0_0_0_0_0_0_1_1_1_0_1_0_0_1_1_0_0_1_1_0_1_1_1_1_1,1,0.0006233333333333333,3.39934634239519e-5,0.2222222222222222,212.8135648514858
1_1_1_1_1_1_1_0_1_1_1_0_1_1_0_1_0_0_1_1_1_1_1_0_1_1_1_1_1_1_1_1_0_1_0_0_1_0,1,0.0006166666666666667,4.109609335312653e-5,0.24691358024691357,186.72656275710892
0_1_0_1_1_1_1_0_1_0_0_1_0_0_0_0_0_0_0_1_0_0_1_0_0_1_1_1_1_0_1_1_0_1_1_1_1_1,1,0.0006166666666666667,6.12825877028341e-5,0.22839506172839505,220.3830104063858
1_1_1_0_1_1_1_0_1_1_1_1_0_0_0_0_0_0_1_1_1_1_1_0_0_1_1_1_1_1_1_1_0_1_1_0_1_0,1,0.0006166666666666666,5.249338582674539e-5,0.2345679012345679,170.78445314957744
0_0_0_1_0_0_0_1_0_0_0_0_1_0_1_1_1_1_0_0_0_0_0_1_0_0_0_0_0_0_0_0_1_0_1_1_0_1,1,0.0006133333333333334,7.76029781788188e-5,0.2222222222222222,178.02812461147718
0_0_0_0_0_0_0_1_1_0_0_0_0_0_1_0_1_0_1_0_1_1_1_0_0_1_0_0_1_0_0_0_0_0_1_1_0_1,1,0.00061,9.797958971132711e-5,0.2345679012345679,231.3748737761442
1_0_1_1_1_0_0_0_0_1_1_0_1_1_1_1_1_1_0_0_0_0_0_0_1_1_0_0_1_1_0_1_1_1_0_0_0_0,1,0.00061,4.242640687119286e-5,0.2716049382716049,301.4933712121212
0_0_0_0_0_1_0_1_0_1_0_0_0_0_1_0_1_1_1_0_1_1_1_0_0_1_0_0_1_0_0_0_1_1_1_1_0_1,1,0.0006066666666666667,4.988876515698588e-5,0.24691358024691357,187.75515006697802
1_1_1_0_1_1_1_0_1_1_1_1_0_1_0_0_0_0_1_1_1_1_1_0_1_1_1_1_1_1_1_1_0_1_0_0_1_0,1,0.0006066666666666667,1.699673171197596e-5,0.2222222222222222,166.95812034795085
1_1_1_1_1_0_1_0_1_0_1_1_1_1_0_1_0_0_1_1_1_1_0_0_1_1_1_1_1_1_1_1_0_0_0_0_1_0,1,0.0006033333333333333,2.494438257849296e-5,0.24691358024691357,193.04381171508007
0_0_0_0_0_0_0_1_0_0_0_0_1_0_1_1_1_1_0_0_0_0_1_1_0_0_0_0_0_0_0_0_1_0_1_1_0_1,1,0.0006033333333333333,6.34209919681348e-5,0.2222222222222222,211.55301978640307
0_0_0_0_0_0_0_1_0_0_0_1_0_0_1_0_1_1_0_0_0_0_0_1_0_0_0_0_0_0_0_0_1_0_1_1_0_1,1,0.0006033333333333333,3.0912061651652375e-5,0.24691358024691357,184.5590117767537
1_0_1_0_0_0_0_1_0_1_1_0_1_1_1_1_1_1_0_0_0_0_0_0_1_1_0_0_1_1_0_0_1_0_0_0_0_0,1,0.0006,4.8989794855663556e-5,0.22839506172839505,226.92985409652076
1_1_1_1_1_1_1_0_1_1_1_0_1_1_0_1_0_0_0_1_0_0_1_1_1_0_1_1_0_1_1_1_0_1_0_0_1_0,1,0.0005966666666666667,4.988876515698588e-5,0.24691358024691357,196.96718932165882
0_1_0_1_1_1_1_0_1_0_0_1_0_0_0_0_0_0_1_1_1_1_0_1_0_0_1_1_0_0_1_1_0_1_1_1_1_1,1,0.0005933333333333334,3.399346342395194e-5,0.2222222222222222,226.77596469622333
1_1_1_1_1_0_1_0_1_0_1_1_1_1_0_1_0_0_0_1_0_0_0_1_1_0_1_1_0_1_0_1_0_0_0_0_1_0,1,0.0005933333333333333,8.379870059984357e-5,0.2654320987654321,194.48068205776931
0_0_0_0_0_0_0_1_0_1_0_0_0_0_1_0_1_1_1_0_1_1_1_0_0_1_0_0_1_0_1_0_1_1_1_1_0_1,1,0.0005933333333333333,1.2472191289246455e-5,0.25308641975308643,201.9046478427916
1_1_1_0_1_1_1_0_1_1_1_1_0_1_0_0_0_0_0_1_0_0_1_1_1_0_1_1_0_1_1_1_0_1_0_0_1_0,1,0.0005899999999999999,5.887840577551895e-5,0.2222222222222222,174.12940022583223
0_0_0_1_0_0_0_1_0_0_0_0_0_0_1_1_1_1_0_0_1_1_0_1_1_0_0_0_0_0_0_0_1_0_1_1_0_1,1,0.0005899999999999999,2.9439202887759467e-5,0.22839506172839505,223.26001955034212
0_1_0_1_1_1_1_0_1_0_0_1_0_0_0_0_0_0_0_1_1_1_1_1_0_0_1_1_0_0_1_1_0_1_1_1_1_1,1,0.0005866666666666667,4.784233364802444e-5,0.22839506172839505,234.3541370590551
1_1_1_1_1_0_1_0_1_0_1_1_1_1_0_1_0_0_0_1_0_0_0_1_1_0_1_1_0_1_1_1_0_0_0_0_1_0,1,0.0005866666666666667,4.988876515698592e-5,0.24691358024691357,193.38381410256412
1_0_1_0_0_0_0_1_0_1_1_0_1_1_1_1_1_1_1_0_1_1_1_1_1_0_0_0_0_1_0_0_1_0_0_0_0_0,1,0.0005833333333333334,4.7842333648024404e-5,0.2222222222222222,224.27882919549586
1_1_1_1_1_1_1_0_1_1_1_1_1_1_0_0_0_0_1_1_0_0_0_0_0_1_1_1_1_1_1_1_0_1_0_0_1_0,1,0.0005799999999999999,2.160246899469284e-5,0.22839506172839505,242.32511556240368
1_1_1_1_1_0_1_0_1_0_1_1_1_1_0_1_0_0_1_1_1_1_0_0_1_1_1_1_1_1_0_1_0_0_0_0_1_0,1,0.0005766666666666666,3.39934634239519e-5,0.2654320987654321,195.60485879201246
0_0_0_1_0_0_0_1_0_0_0_0_1_0_1_1_1_1_1_0_1_1_0_0_0_1_0_0_1_0_0_0_1_0_1_1_0_1,1,0.0005700000000000001,7.874007874011811e-5,0.2222222222222222,174.6719084105488
1_1_1_1_1_1_1_0_1_0_1_1_1_1_0_1_0_0_1_1_1_1_0_0_1_1_1_1_1_1_0_1_0_0_0_0_1_0,1,0.0005700000000000001,1.632993161855452e-5,0.25308641975308643,205.17815082132654
0_0_0_0_0_0_0_1_0_0_0_0_0_1_1_1_1_1_0_0_0_0_1_1_0_0_0_0_0_0_0_0_1_0_0_1_0_1,1,0.00057,6.480740698407859e-5,0.2345679012345679,185.35978835978835
1_1_1_1_1_1_1_0_1_1_1_1_0_1_0_0_0_0_1_1_1_1_0_1_0_0_1_1_0_1_1_1_0_1_0_0_1_0,1,0.00057,4.5460605656619504e-5,0.2345679012345679,212.40434178862498
1_1_1_0_1_1_1_0_1_1_1_1_1_1_0_0_0_0_0_1_0_0_1_0_0_1_1_1_1_1_1_1_0_1_0_0_1_0,1,0.0005666666666666667,2.8674417556808744e-5,0.22839506172839505,218.12236566258412
0_0_0_0_0_0_0_1_0_0_0_0_1_0_1_1_1_1_1_0_0_0_1_0_1_1_0_0_1_0_0_0_1_0_1_1_0_1,1,0.0005666666666666667,3.8586123009300757e-5,0.2345679012345679,236.967409948542
1_1_1_1_1_1_1_0_1_1_1_1_0_1_0_0_0_0_0_1_1_1_0_1_0_0_1_1_0_1_1_1_0_1_0_0_1_0,1,0.0005666666666666667,4.988876515698588e-5,0.2345679012345679,235.26644419725622
1_0_1_0_0_0_0_1_0_1_1_0_1_1_1_1_1_1_0_0_0_0_1_0_1_1_0_0_1_1_0_0_1_0_0_0_0_0,1,0.0005666666666666666,2.0548046676563263e-5,0.2222222222222222,218.32237530423674
0_0_0_0_0_0_0_1_0_0_0_0_0_0_1_1_1_1_0_0_1_1_1_1_1_0_0_0_0_0_0_0_1_0_1_1_0_1,1,0.0005666666666666666,2.0548046676563263e-5,0.22839506172839505,247.8644508320393
1_1_1_1_1_1_1_0_1_1_1_1_1_1_0_0_0_0_0_1_1_1_0_1_1_0_1_1_0_1_1_1_0_1_0_0_1_0,1,0.0005666666666666666,4.714045207910314e-5,0.2222222222222222,248.86666666666667
0_1_0_1_1_1_1_0_1_0_0_1_0_0_0_0_0_0_1_1_1_1_1_1_0_0_1_1_0_0_1_1_0_1_1_1_1_1,1,0.0005633333333333333,6.599663291074443e-5,0.22839506172839505,246.3841872413301
0_0_0_0_0_0_0_1_0_0_0_0_1_0_1_1_1_1_0_0_1_1_1_1_1_0_0_0_0_0_0_0_1_0_1_1_0_1,1,0.0005633333333333333,4.496912521077346e-5,0.2345679012345679,229.23522634860396
1_1_1_0_1_1_1_0_1_1_1_1_1_1_0_0_0_0_0_1_1_1_1_1_1_0_1_1_0_1_1_1_0_1_0_0_1_0,1,0.0005633333333333333,5.7927157323275903e-5,0.2222222222222222,201.14242424242423
0_0_0_0_0_0_0_1_0_0_0_1_0_0_1_0_1_1_1_0_1_1_0_0_0_1_0_0_1_0_0_0_1_0_1_1_0_1,1,0.0005633333333333332,3.681787005729088e-5,0.24691358024691357,173.54838467543382
0_0_0_0_0_0_0_1_1_0_0_0_0_0_1_0_1_1_1_0_1_1_1_0_0_1_0_0_1_0_0_0_0_0_1_1_0_1,1,0.0005600000000000001,5.8878405775519e-5,0.24074074074074073,191.89807098765434
0_0_0_0_0_1_0_1_0_1_0_0_0_0_1_0_1_1_1_0_1_1_1_0_0_1_0_0_1_0_1_0_1_1_1_1_0_1,1,0.0005600000000000001,0.00010614455552060439,0.2654320987654321,194.989959598863
0_0_0_0_0_0_0_1_0_0_0_0_1_0_1_1_1_1_1_0_1_1_1_1_1_0_0_0_0_0_0_0_1_0_1_1_0_1,1,0.0005566666666666666,3.681787005729083e-5,0.2345679012345679,215.18043884220356
0_1_0_0_0_0_0_1_1_0_0_1_0_0_0_0_0_0_0_0_0_0_1_1_0_0_0_0_0_0_1_0_0_0_1_1_0_1,1,0.0005533333333333333,9.741092797468305e-5,0.25308641975308643,183.51803885291397
0_0_0_0_0_1_0_1_0_1_0_0_0_0_1_0_1_1_0_0_0_0_1_1_0_0_0_0_0_0_0_0_1_1_1_1_0_1,1,0.0005533333333333333,7.542472332656507e-5,0.24691358024691357,182.1030303030303
0_1_0_1_1_1_1_0_1_0_0_1_0_0_0_0_0_0_0_1_0_0_0_0_0_1_1_1_1_0_1_1_0_1_1_1_1_1,1,0.00055,0.0001098483803552272,0.2222222222222222,217.50475341651813
0_0_0_0_0_0_0_1_0_0_0_0_0_0_1_1_1_1_1_0_1_1_1_1_1_0_0_0_0_0_0_0_1_0_1_1_0_1,1,0.00055,9.092121131323903e-5,0.22839506172839505,245.6592285723253
0_1_0_0_0_1_1_1_1_0_0_1_0_0_0_0_0_0_0_1_0_0_1_0_0_1_1_1_1_0_1_0_0_0_1_1_1_1,1,0.0005499999999999999,1.4142135623730936e-5,0.2716049382716049,296.9957322551663
0_0_0_0_0_0_0_1_0_0_0_0_0_0_1_1_1_1_0_0_0_0_1_0_0_1_0_0_1_0_0_0_1_0_1_1_0_1,1,0.0005466666666666667,6.236095644623236e-5,0.2222222222222222,250.5553683737646
1_1_1_1_1_1_1_0_1_1_1_1_1_1_0_0_0_0_0_1_0_0_0_0_1_1_1_1_1_1_1_1_0_1_0_0_1_0,1,0.0005433333333333333,2.494438257849292e-5,0.2222222222222222,251.58432623448104
0_0_0_1_0_0_0_1_0_0_0_0_1_0_1_1_1_1_0_0_0_0_0_0_1_1_0_0_1_0_0_0_1_0_1_1_0_1,1,0.0005433333333333333,9.568466729604884e-5,0.2345679012345679,203.5303625836904
1_1_1_0_1_1_1_0_1_1_1_1_1_1_0_0_0_0_1_1_1_1_1_1_0_0_1_1_0_1_1_1_0_1_0_0_1_0,1,0.00054,4.5460605656619504e-5,0.22839506172839505,205.65259059598682
1_0_1_0_0_1_0_1_0_1_1_0_1_1_1_1_1_1_0_0_0_0_1_1_1_0_0_0_0_1_0_0_1_1_0_0_0_0,1,0.0005366666666666667,3.091206165165234e-5,0.2345679012345679,201.47518246909726
1_1_1_1_1_1_1_0_0_1_1_1_1_1_0_1_0_0_1_1_1_1_0_0_1_1_1_1_1_1_1_1_1_1_0_0_1_0,1,0.0005366666666666666,7.408703590297623e-5,0.24074074074074073,186.46578690127077
1_1_1_1_1_1_1_0_1_1_1_1_0_1_0_0_0_0_1_1_0_0_0_0_0_1_1_1_1_1_1_1_0_1_0_0_1_0,1,0.0005333333333333334,2.6246692913372692e-5,0.2345679012345679,222.33699822709113
1_0_1_0_0_1_0_1_0_1_1_0_1_1_1_1_1_1_1_0_1_1_1_0_1_1_0_0_1_1_0_0_1_1_0_0_0_0,1,0.0005333333333333334,8.055363982396379e-5,0.2345679012345679,212.43459222769567
0_0_0_0_0_0_0_1_1_0_0_0_0_0_1_0_1_1_0_0_0_0_1_1_0_0_0_0_0_0_0_0_0_0_1_1_0_1,1,0.0005333333333333334,7.039570693980957e-5,0.24074074074074073,187.82637853949328
0_0_0_0_0_0_0_1_1_0_0_0_1_1_0_0_0_1_1_0_1_1_1_0_0_1_0_0_1_0_1_0_0_0_0_0_0_0,1,0.00053,4.546060565661953e-5,0.30864197530864196,294.1099879532259
1_1_1_0_1_1_1_0_1_1_1_1_1_1_0_0_0_0_1_1_0_0_1_0_0_1_1_1_1_1_1_1_0_1_0_0_1_0,1,0.00053,9.416297927883692e-5,0.22839506172839505,218.21439325504366
0_0_0_1_0_0_0_1_0_0_0_0_0_0_1_1_1_1_0_0_0_0_0_0_1_1_0_0_1_0_0_0_1_0_1_1_0_1,1,0.0005266666666666666,9.428090415820659e-6,0.22839506172839505,216.36752136752136
1_1_1_1_1_1_1_0_0_1_1_1_0_0_1_1_1_0_1_1_1_1_0_0_1_1_1_1_1_1_0_1_1_1_1_1_1_1,1,0.0005233333333333332,5.249338582674541e-5,0.30864197530864196,295.06468190678714
0_0_0_0_0_1_0_1_0_1_0_0_0_0_1_0_1_1_0_0_0_0_1_1_0_0_0_0_0_0_1_0_1_1_1_1_0_1,1,0.0005200000000000001,4.54606056566195e-5,0.2654320987654321,207.47158777446762
1_0_1_0_0_0_0_1_0_1_1_0_1_1_1_1_1_1_1_0_1_1_0_1_1_0_0_0_0_1_0_0_1_0_0_0_0_0,1,0.00052,5.887840577551895e-5,0.22839506172839505,214.4183574879227
0_0_0_1_0_0_0_1_0_0_0_0_1_0_1_1_1_1_1_0_0_0_0_0_1_1_0_0_1_0_0_0_1_0_1_1_0_1,1,0.00052,5.3541261347363375e-5,0.2345679012345679,207.55794115520857
0_0_0_1_0_0_0_1_0_0_0_0_0_0_1_1_1_1_0_0_0_0_0_0_0_1_0_0_1_0_0_0_1_0_1_1_0_1,1,0.00052,3.559026084010436e-5,0.2222222222222222,213.3812865497076
0_0_0_0_0_0_0_1_0_0_0_0_0_0_1_1_1_1_0_0_0_0_1_0_1_1_0_0_1_0_0_0_1_0_1_1_0_1,1,0.0005166666666666667,1.2472191289246455e-5,0.22839506172839505,228.1723754233188
0_0_0_1_0_0_0_1_0_0_0_0_0_0_1_1_1_1_1_0_1_1_0_1_1_0_0_0_0_0_0_0_1_0_1_1_0_1,1,0.0005166666666666667,4.1096093353126506e-5,0.22839506172839505,215.5503590013833
0_0_0_1_0_0_0_1_0_0_0_0_0_0_1_1_1_1_1_0_0_0_0_0_1_1_0_0_1_0_0_0_1_0_1_1_0_1,1,0.0005133333333333333,6.548960901462836e-5,0.22839506172839505,222.95849630595396
0_1_0_1_1_0_1_0_1_0_0_1_0_0_0_0_0_0_0_1_0_0_0_1_0_0_1_1_0_0_1_1_0_0_1_1_1_1,1,0.0005133333333333332,4.1096093353126486e-5,0.2345679012345679,217.21472368211502
0_0_0_1_0_0_0_1_0_0_0_0_1_0_1_1_1_1_1_0_1_1_0_1_1_0_0_0_0_0_0_0_1_0_1_1_0_1,1,0.00051,5.7154760664940814e-5,0.2345679012345679,214.66054509659162
1_0_1_1_1_1_1_0_0_1_1_0_1_1_1_1_1_1_1_1_1_1_0_0_1_1_1_1_1_1_0_1_1_1_0_0_1_0,1,0.00051,8.164965809277238e-6,0.25308641975308643,198.32458521870285
0_0_0_0_0_0_0_1_0_0_0_0_0_0_1_1_1_1_1_0_0_0_1_0_1_1_0_0_1_0_0_0_1_0_1_1_0_1,1,0.00051,8.164965809277238e-6,0.22839506172839505,257.6073906485671
1_1_1_1_1_1_1_0_1_1_1_1_1_1_0_0_0_0_1_1_0_0_0_0_1_1_1_1_1_1_1_1_0_1_0_0_1_0,1,0.0005099999999999999,4.2426406871192835e-5,0.2222222222222222,236.79093567251462
0_0_0_0_0_0_0_1_0_0_0_0_0_1_1_1_1_1_1_0_1_1_1_0_0_1_0_0_1_0_0_0_1_0_0_1_0_1,1,0.0005066666666666667,3.091206165165236e-5,0.2345679012345679,194.47995258709543
0_0_0_0_0_0_0_1_0_0_0_0_0_0_1_1_1_1_1_0_0_0_1_0_0_1_0_0_1_0_0_0_1_0_1_1_0_1,1,0.0005066666666666667,5.24933858267454e-5,0.2222222222222222,248.37164750957854
0_1_0_1_1_0_1_0_1_0_0_1_0_0_0_0_0_0_1_1_1_1_0_0_0_1_1_1_1_0_1_1_0_0_1_1_1_1,1,0.0005066666666666667,4.9216076867444665e-5,0.2345679012345679,205.4346978557505
1_0_1_1_1_1_1_0_0_1_1_0_1_1_1_1_1_1_0_1_0_0_0_1_1_0_1_1_0_1_0_1_1_1_0_0_1_0,1,0.0005,8.164965809277258e-5,0.25308641975308643,188.9888888888889
1_1_1_0_1_1_1_0_1_1_1_1_0_1_0_0_0_0_1_1_0_0_1_0_0_1_1_1_1_1_1_1_0_1_0_0_1_0,1,0.0005,5.715476066494082e-5,0.2345679012345679,193.3582999809415
1_1_1_0_1_1_1_0_1_1_1_1_1_1_0_0_0_0_1_1_1_1_1_1_1_0_1_1_0_1_1_1_0_1_0_0_1_0,1,0.0005,2.943920288775948e-5,0.2222222222222222,200.82983480512794
1_1_1_1_1_1_1_0_1_1_1_1_1_1_0_0_0_0_0_1_0_0_0_0_0_1_1_1_1_1_1_1_0_1_0_0_1_0,1,0.0004966666666666666,4.642796092394705e-5,0.22839506172839505,243.6712962962963
1_1_1_1_1_1_1_0_1_1_1_1_1_1_0_0_0_0_1_1_1_1_0_1_0_0_1_1_0_1_1_1_0_1_0_0_1_0,1,0.0004966666666666666,6.0184900284225965e-5,0.22839506172839505,237.34676182218368
1_0_1_0_0_0_0_1_0_1_1_0_1_1_1_1_1_1_0_0_1_1_1_1_1_0_0_0_0_1_0_0_1_0_0_0_0_0,1,0.00048666666666666666,1.6996731711975967e-5,0.2222222222222222,210.59032123487694
0_0_0_0_0_0_0_1_0_0_0_0_0_0_1_1_1_1_1_0_1_1_1_1_0_0_0_0_0_0_0_0_1_0_1_1_0_1,1,0.00048666666666666666,6.944222218666551e-5,0.2222222222222222,249.1497493734336
0_0_0_0_0_0_0_1_0_0_0_0_1_0_1_1_1_1_0_0_0_0_1_0_1_1_0_0_1_0_0_0_1_0_1_1_0_1,1,0.00048666666666666666,4.642796092394708e-5,0.2345679012345679,228.9058671824629
0_0_0_1_0_0_0_1_1_0_0_0_0_0_0_1_0_0_0_0_0_0_1_1_0_0_0_0_0_0_1_0_0_0_1_1_1_1,1,0.0004833333333333333,4.027681991198191e-5,0.2716049382716049,284.5840042941492
0_0_0_1_0_0_0_1_0_0_0_0_0_0_1_1_1_1_1_0_0_0_0_0_0_1_0_0_1_0_0_0_1_0_1_1_0_1,1,0.0004833333333333333,3.681787005729085e-5,0.2222222222222222,203.87388031255955
0_0_0_1_0_0_0_1_0_0_0_0_0_0_1_1_1_1_1_0_1_1_0_1_0_0_0_0_0_0_0_0_1_0_1_1_0_1,1,0.0004833333333333333,0.00010274023338281627,0.2222222222222222,206.9936507936508
0_0_0_0_0_0_0_1_1_0_0_0_1_1_0_0_0_1_0_0_0_0_1_1_0_0_0_0_0_0_1_0_0_0_0_0_0_0,1,0.0004766666666666667,8.65383665716478e-5,0.30864197530864196,286.0290372209078
1_1_1_0_1_1_1_0_1_1_1_1_0_1_0_0_0_0_0_1_0_0_1_0_0_1_1_1_1_1_1_1_0_1_0_0_1_0,1,0.00047666666666666663,4.1096093353126506e-5,0.2345679012345679,202.47595218756518
0_1_0_0_0_0_0_1_1_0_0_1_0_0_0_0_0_0_1_0_1_1_1_0_0_1_0_0_1_0_1_0_0_0_1_1_0_1,1,0.00047333333333333336,2.6246692913372722e-5,0.25308641975308643,181.44198162356733
1_1_1_0_1_1_1_0_1_1_1_1_1_1_0_0_0_0_0_1_1_1_1_1_0_0_1_1_0_1_1_1_0_1_0_0_1_0,1,0.00047333333333333336,1.247219128924646e-5,0.22839506172839505,230.88841271938932
1_1_1_0_1_1_1_0_0_1_1_1_1_1_0_0_0_0_0_1_0_0_1_1_1_0_1_1_0_1_1_1_1_1_0_0_0_0,1,0.0004666666666666667,2.494438257849294e-5,0.2654320987654321,245.99670619235835
0_0_0_1_0_0_0_1_1_0_0_0_0_0_0_1_0_0_1_0_1_1_1_0_0_1_0_0_1_0_1_0_0_0_1_1_1_1,1,0.0004633333333333334,4.642796092394707e-5,0.2716049382716049,291.74509803921563
1_1_1_1_1_1_1_0_1_1_1_1_0_1_0_0_0_0_0_1_0_0_0_0_0_1_1_1_1_1_1_1_0_1_0_0_1_0,1,0.00046333333333333334,5.73488351136175e-5,0.2345679012345679,228.68511255905878
0_0_0_1_0_0_0_1_0_0_0_0_1_0_1_1_1_1_0_0_1_1_0_1_1_0_0_0_0_0_0_0_1_0_1_1_0_1,1,0.00046000000000000007,6.683312551921141e-5,0.2345679012345679,197.1235431235431
0_0_0_1_0_0_0_1_1_0_0_0_0_0_1_1_1_1_0_0_0_0_0_1_0_0_0_0_0_0_0_0_0_0_1_1_1_1,1,0.00045666666666666664,4.1899350299921774e-5,0.2654320987654321,243.20638297872338
1_1_1_1_1_1_1_0_0_1_1_1_1_1_0_1_0_0_0_1_0_0_0_1_1_0_1_1_0_1_1_1_1_1_0_0_1_0,1,0.00045666666666666664,4.1899350299921774e-5,0.24074074074074073,190.6177304964539
1_1_1_0_1_1_1_0_1_1_1_1_1_1_0_0_0_0_1_1_0_0_1_0_1_1_1_1_1_1_1_1_0_1_0_0_1_0,1,0.00045333333333333337,4.1096093353126506e-5,0.2222222222222222,212.0202898550725
1_1_1_0_1_1_1_0_1_1_1_1_0_1_0_0_0_0_0_1_1_1_1_1_0_0_1_1_0_1_1_1_0_1_0_0_1_0,1,0.00044666666666666666,6.548960901462833e-5,0.2345679012345679,213.93383091496298
1_0_1_1_1_1_0_0_0_1_1_0_1_1_1_1_1_1_1_1_1_1_0_0_1_1_1_1_1_1_0_1_1_0_0_0_1_0,1,0.00044333333333333334,1.8856180831641267e-5,0.24074074074074073,228.8207158172522
1_1_1_0_1_1_1_0_1_1_1_1_0_1_0_0_0_0_1_1_1_1_1_1_0_0_1_1_0_1_1_1_0_1_0_0_1_0,1,0.00044,6.377042156569662e-5,0.2345679012345679,210.8701814058957
1_1_1_1_1_1_1_0_1_1_1_1_1_0_0_0_0_0_1_1_1_1_0_0_1_1_1_1_1_1_1_1_0_1_1_0_1_0,1,0.00044,0.0001657307052620807,0.2345679012345679,199.61111111111111
1_1_1_1_1_1_1_0_1_1_1_1_1_0_0_0_0_0_0_1_0_0_0_1_1_0_1_1_0_1_1_1_0_1_1_0_1_0,1,0.00044,3.559026084010436e-5,0.2345679012345679,189.34987002931254
1_1_1_1_1_1_1_0_1_1_1_1_1_1_0_0_0_0_0_1_1_1_0_1_0_0_1_1_0_1_1_1_0_1_0_0_1_0,1,0.00043666666666666664,3.8586123009300736e-5,0.22839506172839505,229.01473922902494
0_0_0_1_0_0_0_1_0_0_0_0_0_1_1_1_1_1_1_0_1_1_0_0_0_1_0_0_1_0_0_0_1_0_0_1_0_1,1,0.00043666666666666664,4.0276819911981894e-5,0.2345679012345679,167.62930684713635
0_1_0_0_0_0_1_1_1_0_0_1_0_0_0_0_0_0_1_0_1_1_1_0_0_1_0_0_1_0_1_0_0_1_1_1_0_1,1,0.0004333333333333333,0.00014055445761538676,0.24074074074074073,222.6100966702471
1_1_1_1_1_1_1_0_0_1_1_1_0_0_1_1_1_0_0_1_0_0_0_1_1_0_1_1_0_1_0_1_1_1_1_1_1_1,1,0.0004333333333333333,3.091206165165235e-5,0.30864197530864196,272.84788802180105
0_0_0_1_0_0_0_1_0_0_0_0_0_1_1_1_1_1_0_0_0_0_0_1_0_0_0_0_0_0_0_0_1_0_0_1_0_1,1,0.0004333333333333333,6.182412330330467e-5,0.2345679012345679,160.14709851551956
0_0_0_1_0_0_0_1_0_0_0_0_0_0_1_1_1_1_0_0_1_1_0_1_0_0_0_0_0_0_0_0_1_0_1_1_0_1,1,0.00043,4.08248290463863e-5,0.2222222222222222,202.43540051679588
1_0_1_1_1_1_0_0_0_1_1_0_1_1_1_1_1_1_0_1_0_0_0_1_1_0_1_1_0_1_0_1_1_0_0_0_1_0,1,0.0004266666666666667,0.00011085526098877262,0.24074074074074073,228.19114015976763
0_1_0_0_1_1_1_0_1_1_1_1_1_1_0_0_0_0_0_1_1_1_1_1_1_0_1_1_0_0_1_1_0_1_0_0_1_0,1,0.0004266666666666667,4.714045207910304e-6,0.19135802469135801,200.703211517165
1_1_1_0_1_1_1_0_1_1_1_1_1_0_0_0_0_0_0_1_0_0_1_1_1_0_1_1_0_1_1_1_0_1_1_0_1_0,1,0.0004233333333333333,2.8674417556808764e-5,0.2345679012345679,159.76721346286564
1_1_1_0_1_1_1_0_1_1_1_1_1_1_0_0_0_0_0_1_0_0_1_0_1_1_1_1_1_1_1_1_0_1_0_0_1_0,1,0.00042,4.320493798938573e-5,0.2222222222222222,192.53070175438597
1_1_1_0_1_1_1_0_0_1_1_1_1_1_1_0_1_1_0_1_0_0_0_1_1_0_1_1_0_1_0_1_1_1_0_0_0_0,1,0.00042,3.559026084010437e-5,0.2716049382716049,283.0051372976905
1_1_1_0_1_1_1_0_0_1_1_1_1_1_0_0_0_0_1_1_1_1_1_0_1_1_1_1_1_1_1_1_1_1_0_0_0_0,1,0.00042,4.320493798938573e-5,0.2654320987654321,254.02850877192984
0_1_0_0_0_0_1_1_1_0_0_1_0_0_0_0_0_0_0_0_0_0_1_1_0_0_0_0_0_0_1_0_0_1_1_1_0_1,1,0.0004166666666666667,9.177266598624135e-5,0.24074074074074073,234.29724596391262
1_1_1_0_1_1_1_0_1_1_1_1_1_0_0_0_0_0_1_1_1_1_1_0_1_1_1_1_1_1_1_1_0_1_1_0_1_0,1,0.0004133333333333333,2.8674417556808744e-5,0.2345679012345679,178.91846146531643
0_0_0_1_0_0_0_1_1_0_0_0_0_0_1_1_1_1_1_0_1_1_0_0_0_1_0_0_1_0_0_0_0_0_1_1_1_1,1,0.0004133333333333333,1.247219128924646e-5,0.2654320987654321,248.8274248440159
0_1_0_1_1_1_1_0_1_1_1_1_1_1_0_0_0_0_1_1_1_1_0_1_1_0_1_1_0_0_1_1_0_1_0_0_1_0,1,0.0004133333333333333,4.1096093353126506e-5,0.19135802469135801,212.53220611916265
1_0_1_1_0_0_0_1_0_0_0_0_0_0_1_1_1_1_1_0_0_0_0_0_0_1_0_0_1_1_0_0_1_0_1_1_0_1,1,0.00040666666666666667,4.027681991198191e-5,0.19135802469135801,187.1510621161784
1_0_1_0_0_0_0_1_0_0_0_0_0_0_1_1_1_1_1_0_1_1_1_1_0_0_0_0_0_1_0_0_1_0_1_1_0_1,1,0.0004,3.559026084010437e-5,0.19135802469135801,207.27205610926543
1_0_1_0_0_0_0_1_0_1_1_0_1_1_1_1_1_1_1_0_1_1_0_1_1_0_0_0_0_1_0_0_1_1_0_0_0_0,1,0.0004,3.7416573867739416e-5,0.24691358024691357,218.07897793263646
0_0_0_0_0_0_0_1_0_1_0_0_1_0_1_1_1_1_1_0_1_1_0_0_1_1_0_0_1_0_0_0_1_0_1_1_0_1,1,0.0004,5.71547606649408e-5,0.2839506172839506,199.588124461671
1_0_1_1_0_0_0_1_0_0_0_0_0_0_1_1_1_1_0_0_1_1_0_1_0_0_0_0_0_1_0_0_1_0_1_1_0_1,1,0.0003966666666666667,5.4365021434333616e-5,0.19135802469135801,188.35682761346416
1_1_1_1_1_1_1_0_1_0_1_1_0_1_0_0_0_0_1_1_1_1_1_0_0_1_1_1_1_1_1_1_0_1_0_0_1_0,1,0.00039333333333333337,2.8674417556808744e-5,0.2839506172839506,202.69711124362286
0_1_0_1_1_1_1_0_1_0_1_1_1_1_0_0_0_0_1_1_1_1_1_0_0_1_1_1_1_0_1_1_0_1_0_0_1_0,1,0.00039333333333333337,1.8856180831641267e-5,0.2345679012345679,209.1854636591479
1_1_1_0_1_1_1_0_0_1_1_1_1_1_0_1_0_1_0_1_1_1_0_1_1_0_1_1_0_1_1_1_1_1_0_0_0_0,1,0.00038666666666666667,4.496912521077348e-5,0.2345679012345679,276.2742812742813
0_1_0_1_1_1_1_0_1_1_1_1_1_1_0_0_0_0_0_1_0_0_0_0_1_1_1_1_1_0_1_1_0_1_0_0_1_0,1,0.00038666666666666667,5.9066817155564494e-5,0.19135802469135801,205.5509863519876
1_0_1_0_0_0_0_1_0_1_1_0_1_1_1_1_1_1_0_0_1_1_0_1_1_0_0_0_0_1_0_0_1_1_0_0_0_0,1,0.00038333333333333334,4.9216076867444665e-5,0.24691358024691357,211.01301476301475
0_0_0_0_0_0_0_1_1_0_0_0_0_0_1_0_1_1_0_0_0_0_0_1_0_0_0_0_0_0_0_0_0_0_1_1_0_1,1,0.0003766666666666667,1.247219128924646e-5,0.24691358024691357,188.8993852151747
1_1_1_0_1_1_1_0_0_1_1_1_1_1_1_0_1_1_1_1_1_1_0_0_1_1_1_1_1_1_0_1_1_1_0_0_0_0,1,0.00037666666666666664,3.3993463423951894e-5,0.2716049382716049,270.5537551879015
1_0_1_1_0_0_0_1_0_0_0_0_0_0_1_1_1_1_1_0_1_1_0_1_0_0_0_0_0_1_0_0_1_0_1_1_0_1,1,0.0003733333333333334,2.62466929133727e-5,0.19135802469135801,198.61459543166862
0_1_0_0_1_1_1_0_1_1_1_1_1_1_0_0_0_0_1_1_1_1_1_1_1_0_1_1_0_0_1_1_0_1_0_0_1_0,1,0.00037000000000000005,2.94392028877595e-5,0.19135802469135801,172.99122807017545
1_0_1_0_0_0_0_1_0_1_1_0_1_1_1_1_1_1_1_0_0_0_0_0_1_1_0_0_1_1_0_0_1_1_0_0_0_0,1,0.00036999999999999994,8.640987597877146e-5,0.24691358024691357,206.93849117494437
0_0_0_0_0_0_0_1_0_1_0_0_1_0_1_1_1_1_0_0_0_0_1_1_1_0_0_0_0_0_0_0_1_0_1_1_0_1,1,0.00036999999999999994,7.118052168020874e-5,0.2777777777777778,190.0025651158115
0_1_0_1_1_1_1_0_1_0_1_1_1_1_0_0_0_0_0_1_0_0_1_1_0_0_1_1_0_0_1_1_0_1_0_0_1_0,1,0.00036999999999999994,3.265986323710904e-5,0.2345679012345679,203.3690897105531
1_1_1_0_1_1_1_0_0_1_1_1_0_0_0_1_0_0_0_1_0_0_1_1_1_0_1_1_0_1_1_1_1_1_1_1_0_1,1,0.00036999999999999994,7.483314773547883e-5,0.2777777777777778,213.74358974358975
1_0_1_0_0_0_0_1_0_0_0_0_0_0_1_1_1_1_1_0_0_0_1_0_0_1_0_0_1_1_0_0_1_0_1_1_0_1,1,0.00036666666666666667,2.8674417556808764e-5,0.19135802469135801,215.2757302757303
0_1_0_1_1_1_1_0_1_0_0_1_0_0_0_0_0_0_1_1_0_0_1_0_0_1_1_1_1_0_1_1_0_0_1_1_1_1,1,0.00036666666666666667,2.8674417556808764e-5,0.24691358024691357,189.8325825825826
0_0_0_0_0_0_0_1_0_1_0_0_0_0_1_1_1_1_0_0_0_0_1_1_1_0_0_0_0_0_0_0_1_0_1_1_0_1,1,0.00036666666666666667,5.24933858267454e-5,0.2716049382716049,184.1989750445633
1_1_1_0_1_1_1_0_0_1_1_1_0_0_0_1_0_0_1_1_1_1_1_0_1_1_1_1_1_1_1_1_1_1_1_1_0_1,1,0.00036666666666666667,4.189935029992178e-5,0.2777777777777778,217.6985244385551
1_1_1_0_1_1_1_0_0_1_1_1_1_1_0_1_0_1_1_1_1_1_0_1_1_0_1_1_0_1_1_1_1_1_0_0_0_0,1,0.00036333333333333335,2.0548046676563243e-5,0.2345679012345679,245.6825037707391
0_1_0_1_1_1_1_0_1_1_1_1_1_1_0_0_0_0_1_1_0_0_0_0_1_1_1_1_1_0_1_1_0_1_0_0_1_0,1,0.00036333333333333335,2.0548046676563243e-5,0.19135802469135801,211.9670688788336
1_0_1_0_0_0_0_1_0_0_0_0_0_0_1_1_1_1_0_0_1_1_1_1_0_0_0_0_0_1_0_0_1_0_1_1_0_1,1,0.0003633333333333333,2.494438257849294e-5,0.19135802469135801,218.45775845775847
1_0_1_0_0_0_0_1_0_0_0_0_0_0_1_1_1_1_0_0_0_0_1_0_0_1_0_0_1_1_0_0_1_0_1_1_0_1,1,0.00036,2.82842712474619e-5,0.19135802469135801,208.69607843137257
0_1_0_1_1_1_1_0_1_1_1_1_1_1_0_0_0_0_0_1_1_1_0_1_1_0_1_1_0_0_1_1_0_1_0_0_1_0,1,0.00036,7.257180352359081e-5,0.19135802469135801,186.36416640164762
1_0_1_0_0_0_0_1_0_1_0_0_0_0_1_1_1_1_1_0_1_1_0_0_1_1_0_0_1_1_0_0_1_0_1_1_0_1,1,0.00036,4.08248290463863e-5,0.2345679012345679,210.9604569163971
0_1_0_0_0_0_0_1_1_0_0_1_0_0_0_0_0_0_1_0_1_1_0_0_0_1_0_0_1_0_0_0_0_0_1_1_0_1,1,0.00036,3.265986323710904e-5,0.2654320987654321,185.64583333333334
0_1_0_0_1_1_1_0_1_1_1_1_1_1_0_0_0_0_0_1_0_0_1_0_1_1_1_1_1_0_1_1_0_1_0_0_1_0,1,0.00036,7.788880963698615e-5,0.19135802469135801,174.20895636837668
0_1_0_1_1_1_1_0_1_0_0_1_0_0_0_0_0_0_1_1_1_1_1_1_0_0_1_1_0_0_1_1_0_0_1_1_1_1,1,0.00035666666666666664,2.494438257849294e-5,0.24691358024691357,207.37906537906534
1_1_1_1_1_1_1_0_0_1_1_1_1_1_0_1_0_0_1_1_1_1_1_0_1_1_1_1_1_1_1_1_1_1_0_0_1_0,1,0.00035666666666666664,2.494438257849294e-5,0.24691358024691357,185.0962370962371
0_1_0_0_1_1_1_0_1_1_1_1_1_1_0_0_0_0_1_1_0_0_1_0_1_1_1_1_1_0_1_1_0_1_0_0_1_0,1,0.0003533333333333333,6.649979114420001e-5,0.19135802469135801,201.59057744423595
1_0_1_0_0_0_0_1_0_1_0_0_0_0_1_1_1_1_0_0_0_0_1_1_1_0_0_0_0_1_0_0_1_0_1_1_0_1,1,0.0003533333333333333,1.247219128924646e-5,0.22839506172839505,178.55840714664245
1_1_1_1_1_1_1_0_1_0_1_1_1_1_0_1_0_0_0_1_0_0_0_1_1_0_1_1_0_1_1_1_1_1_0_0_1_0,1,0.0003533333333333333,4.496912521077348e-5,0.22839506172839505,161.12930700735578
0_1_0_1_1_1_1_0_1_0_0_1_0_0_0_0_0_0_0_1_1_1_1_1_0_0_1_1_0_0_1_1_0_0_1_1_1_1,1,0.00035000000000000005,8.16496580927726e-6,0.24691358024691357,211.0121381886088
1_1_1_0_1_1_1_0_0_1_1_1_1_1_0_1_0_1_0_1_1_1_1_1_1_0_1_1_0_1_1_1_1_1_0_0_1_0,1,0.00035000000000000005,3.7416573867739416e-5,0.25308641975308643,253.35357368753955
1_0_1_0_0_0_0_1_0_1_0_0_0_0_1_1_1_1_1_0_1_1_1_0_1_1_0_0_1_1_0_0_1_0_1_1_0_1,1,0.00035000000000000005,0.0001224744871391589,0.22839506172839505,168.0095238095238
0_1_0_0_0_0_0_1_1_0_0_1_0_0_0_0_0_0_0_0_0_0_0_1_0_0_0_0_0_0_0_0_0_0_1_1_0_1,1,0.00035,4.320493798938573e-5,0.2654320987654321,196.15025153184084
1_1_1_1_1_1_1_0_1_0_1_1_0_1_0_0_0_0_0_1_0_0_0_1_0_0_1_1_0_1_1_1_0_1_0_0_1_0,1,0.00034333333333333335,7.363574011458173e-5,0.2777777777777778,189.60354374307863
0_0_0_1_0_0_0_1_1_0_0_0_1_1_1_0_1_1_0_0_0_0_0_1_0_0_0_0_0_0_0_0_0_0_0_0_1_0,1,0.00034333333333333335,2.357022603955159e-5,0.2777777777777778,216.7383512544803
1_0_1_0_0_0_0_1_0_1_0_0_0_0_1_1_1_1_1_0_1_1_0_0_1_1_0_0_1_1_0_0_1_1_1_1_0_1,1,0.0003433333333333333,5.436502143433365e-5,0.25308641975308643,192.97132616487457
0_1_0_1_1_1_1_0_1_0_0_1_0_0_0_0_0_0_0_1_0_0_1_0_0_1_1_1_1_0_1_1_0_0_1_1_1_1,1,0.0003433333333333333,3.3993463423951894e-5,0.24691358024691357,211.54773541870316
0_0_0_1_0_0_0_1_1_0_0_0_0_0_1_0_1_0_1_0_0_0_1_0_0_1_0_0_1_0_0_0_0_0_1_1_1_1,1,0.0003433333333333333,4.714045207910316e-5,0.2345679012345679,252.20298977183316
0_1_0_1_1_1_1_0_1_0_1_1_1_1_0_0_0_0_0_1_0_0_1_1_0_0_1_1_0_0_1_1_0_0_0_0_1_0,1,0.00034,1.4142135623730961e-5,0.25308641975308643,184.6043771043771
0_1_0_1_1_1_1_0_1_0_1_1_1_1_0_0_0_0_0_1_0_0_0_1_0_0_1_1_0_0_1_1_0_1_0_0_1_0,1,0.00034,7.348469228349533e-5,0.22839506172839505,170.60528955768353
1_1_1_1_1_1_1_0_1_0_1_1_0_1_0_0_0_0_1_1_1_1_0_0_0_1_1_1_1_1_1_1_0_1_0_0_1_0,1,0.0003366666666666667,1.247219128924646e-5,0.2777777777777778,191.69975490196077
1_1_1_1_1_1_1_0_0_1_1_1_1_1_0_1_0_0_0_1_0_0_1_1_1_0_1_1_0_1_1_1_1_1_0_0_1_0,1,0.0003366666666666667,2.494438257849294e-5,0.24691358024691357,204.21706163641647
1_0_1_0_0_1_0_1_0_1_0_0_0_0_1_1_1_1_0_0_0_0_0_1_1_0_0_0_0_1_0_0_1_1_1_1_0_1,1,0.0003366666666666667,3.8586123009300757e-5,0.2654320987654321,196.09081196581198
1_0_1_0_0_0_0_1_0_1_0_0_0_0_1_1_1_1_0_0_0_0_0_1_1_0_0_0_0_1_0_0_1_1_1_1_0_1,1,0.0003366666666666667,3.299831645537223e-5,0.25308641975308643,200.84610472541507
1_0_1_1_1_1_1_0_0_1_1_0_1_1_1_1_1_1_1_1_1_1_1_0_1_1_1_1_1_1_1_1_1_1_0_0_1_0,1,0.0003333333333333333,4.4969125210773474e-5,0.2654320987654321,213.05889222555888
0_0_0_1_0_0_0_1_1_0_0_0_0_0_1_0_1_0_0_0_0_0_1_0_0_1_0_0_1_0_0_0_0_0_1_1_1_1,1,0.00033,5.8878405775518974e-5,0.2345679012345679,235.07985347985345
1_1_1_1_1_1_1_0_1_0_1_1_1_1_0_1_0_0_1_1_1_1_1_1_1_0_1_1_0_1_1_1_0_0_0_0_1_0,1,0.00033,2.94392028877595e-5,0.25925925925925924,214.26883780332057
1_1_1_1_1_1_1_0_1_0_1_1_1_1_0_1_0_0_1_1_1_1_1_0_1_1_1_1_1_1_1_1_1_1_0_0_1_0,1,0.00033,3.559026084010439e-5,0.2345679012345679,161.0899470899471
0_1_0_0_0_1_1_1_1_0_0_0_0_0_0_0_0_0_0_0_0_0_1_1_0_0_0_0_0_0_1_0_0_1_1_1_0_1,1,0.00033,7.257180352359081e-5,0.24074074074074073,193.60425362750945
1_0_1_0_0_0_0_1_0_1_0_0_0_0_1_1_1_1_0_0_0_0_0_1_1_0_0_0_0_1_0_0_1_0_1_1_0_1,1,0.0003266666666666667,2.6246692913372705e-5,0.2345679012345679,184.93451173572876
1_1_1_1_1_1_1_0_1_0_1_1_1_1_0_0_0_0_1_1_1_1_0_0_0_1_1_1_1_1_1_1_0_1_0_0_1_0,1,0.0003266666666666667,8.339997335464536e-5,0.2716049382716049,196.3715143715144
1_0_1_0_0_0_0_1_0_1_1_0_1_1_1_1_1_1_0_0_0_0_0_0_1_1_0_0_1_1_0_0_1_1_0_0_0_0,1,0.0003266666666666667,4.027681991198191e-5,0.24691358024691357,197.65255731922397
1_1_1_1_1_1_1_0_1_0_1_1_1_1_0_0_0_0_0_1_0_0_0_1_0_0_1_1_0_1_1_1_0_1_0_0_1_0,1,0.0003233333333333333,3.681787005729088e-5,0.2716049382716049,202.64840733590734
0_1_0_0_0_0_0_1_0_0_0_1_0_0_0_1_0_0_0_0_0_0_1_1_1_0_0_0_0_0_1_0_1_1_1_1_0_1,1,0.0003233333333333333,4.714045207910304e-6,0.30246913580246915,337.6609848484848
0_0_0_0_0_0_0_1_0_1_0_0_1_0_1_1_1_1_1_0_1_1_1_0_1_1_0_0_1_0_0_0_1_0_1_1_0_1,1,0.0003233333333333333,6.128258770283413e-5,0.2777777777777778,186.20416666666665
1_1_1_1_1_1_1_0_1_0_1_1_1_1_0_1_0_0_0_1_0_0_1_1_1_0_1_1_0_1_1_1_1_1_0_0_1_0,1,0.0003233333333333333,5.312459150169743e-5,0.2345679012345679,168.09561965811966
0_0_0_0_0_0_0_1_0_1_0_0_0_0_1_0_1_1_1_0_1_1_0_0_0_1_0_0_1_0_0_0_0_0_1_1_0_1,1,0.0003233333333333333,4.496912521077349e-5,0.2345679012345679,167.9043549043549
0_0_0_0_0_0_0_1_0_1_0_0_0_0_1_0_1_1_1_0_1_1_0_1_0_0_0_0_0_0_0_0_1_1_1_1_0_1,1,0.00032,2.94392028877595e-5,0.25925925925925924,199.35483870967744
0_0_0_0_0_0_0_1_0_1_0_0_0_0_1_0_1_1_0_0_0_0_0_1_0_0_0_0_0_0_0_0_0_0_1_1_0_1,1,0.00032,4.242640687119286e-5,0.2345679012345679,161.23109497882638
1_0_1_1_0_0_0_1_0_0_0_0_0_0_1_1_1_1_0_0_0_0_0_0_0_1_0_0_1_1_0_0_1_0_1_1_0_1,1,0.00032,5.3541261347363375e-5,0.19135802469135801,204.68112706007443
0_1_0_0_1_1_1_0_1_1_1_1_1_1_0_0_0_0_1_1_1_1_1_1_0_0_1_1_0_0_1_1_0_1_0_0_1_0,1,0.00032,2.8284271247461923e-5,0.19753086419753085,190.84733893557424
1_0_1_0_0_0_0_1_0_1_1_0_1_0_1_1_1_1_0_0_0_0_0_1_1_0_0_0_0_1_0_0_1_1_1_1_0_0,1,0.00032,4.3204937989385757e-5,0.25308641975308643,177.9202172096909
0_0_0_1_0_0_0_1_1_0_0_0_0_0_1_0_1_0_0_0_1_1_1_1_0_0_0_0_0_0_0_0_0_0_1_1_1_1,1,0.00032,7.874007874011811e-5,0.2345679012345679,246.42755392755393
0_0_0_1_0_0_0_1_1_0_0_0_0_0_1_0_1_0_1_0_1_1_1_1_0_0_0_0_0_0_0_0_0_0_1_1_1_1,1,0.00031999999999999997,4.3204937989385757e-5,0.2345679012345679,244.1449456975773
1_0_1_1_1_0_0_0_0_1_1_1_1_1_1_1_1_1_1_1_1_1_0_0_1_1_1_1_1_1_0_1_1_0_0_0_1_0,1,0.00031666666666666665,9.428090415820634e-6,0.24074074074074073,172.94558488106875
0_1_0_1_1_1_1_0_1_0_1_1_1_1_0_0_0_0_1_1_1_1_1_0_0_1_1_1_1_0_1_1_0_0_0_0_1_0,1,0.00031666666666666665,8.993825042154693e-5,0.25308641975308643,188.37473100630996
0_0_0_0_0_0_0_1_0_1_0_0_0_0_1_1_1_1_0_0_0_0_0_1_1_0_0_0_0_0_0_0_1_0_1_1_0_1,1,0.0003133333333333334,3.299831645537221e-5,0.2777777777777778,189.6492504409171
1_1_1_0_1_1_1_0_0_1_1_1_0_1_0_0_0_0_0_1_0_0_1_1_0_0_1_1_0_1_1_1_1_1_0_0_0_0,1,0.00031,4.546060565661953e-5,0.2777777777777778,193.21690921690922
0_0_0_0_0_0_0_1_1_0_0_0_0_0_1_0_1_1_1_0_1_1_0_0_0_1_0_0_1_0_0_0_0_0_1_1_0_1,1,0.00031,4.320493798938573e-5,0.24691358024691357,200.93714404059233
1_0_1_0_0_1_0_1_0_1_0_0_0_0_1_1_1_1_1_0_1_1_0_0_1_1_0_0_1_1_0_0_1_1_1_1_0_1,1,0.0003066666666666667,2.6246692913372705e-5,0.2654320987654321,169.93336139169472
0_0_0_0_0_0_0_1_0_1_0_0_1_0_1_1_1_1_0_0_0_0_0_1_1_0_0_0_0_0_0_0_1_0_1_1_0_1,1,0.0003066666666666667,4.784233364802441e-5,0.2839506172839506,192.2698412698413
0_0_0_0_0_0_0_1_0_1_0_0_0_0_1_1_1_1_1_0_1_1_1_0_1_1_0_0_1_0_0_0_1_0_1_1_0_1,1,0.0003066666666666667,4.7140452079103295e-6,0.2716049382716049,188.61648745519713
1_1_1_1_1_1_1_0_1_0_1_1_0_1_0_0_0_0_0_1_0_0_1_1_0_0_1_1_0_1_1_1_0_1_0_0_1_0,1,0.0003066666666666667,2.4944382578492968e-5,0.2839506172839506,200.98552754435107
1_1_1_1_1_1_1_0_1_0_1_1_1_1_0_0_0_0_1_1_1_1_1_0_0_1_1_1_1_1_1_1_0_1_0_0_1_0,1,0.0003066666666666667,4.784233364802441e-5,0.2777777777777778,208.17099567099567
0_0_0_0_0_0_0_1_0_1_0_0_0_0_1_1_1_1_1_0_1_1_0_0_1_1_0_0_1_0_0_0_1_0_1_1_0_1,1,0.00030333333333333335,6.128258770283413e-5,0.2777777777777778,195.7342995169082
1_0_1_1_1_1_1_0_1_1_1_0_1_1_1_0_1_1_0_1_0_0_0_1_0_0_1_1_0_1_0_1_0_0_0_0_1_0,1,0.00030333333333333335,2.0548046676563263e-5,0.30246913580246915,366.26190476190476
1_0_1_0_0_0_0_1_0_1_1_0_1_0_1_1_1_1_1_0_1_1_0_0_1_1_0_0_1_1_0_0_1_1_1_1_0_0,1,0.00030333333333333335,4.18993502999218e-5,0.25308641975308643,191.02711464780432
1_1_1_1_1_1_1_0_1_0_1_1_1_1_0_1_0_0_1_1_0_0_1_0_1_1_1_1_1_1_1_1_0_0_0_0_1_0,1,0.0003,2.8284271247461923e-5,0.25925925925925924,202.16346153846155
0_1_0_0_1_1_1_0_1_1_1_1_1_1_0_0_0_0_0_1_1_1_1_1_0_0_1_1_0_0_1_1_0_1_0_0_1_0,1,0.0003,6.377042156569664e-5,0.19753086419753085,191.46153846153845
1_0_1_1_0_0_0_1_0_0_0_0_0_0_1_1_1_1_1_0_0_0_0_0_1_1_0_0_1_1_0_0_1_0_1_1_0_1,1,0.0003,3.7416573867739416e-5,0.19753086419753085,180.41037318153067
1_1_1_1_1_1_1_0_1_0_1_1_1_1_0_1_0_0_0_1_1_1_1_1_1_0_1_1_0_1_1_1_0_0_0_0_1_0,1,0.0003,5.656854249492382e-5,0.25925925925925924,203.17139001349528
1_0_1_1_0_0_0_1_0_0_0_0_0_0_1_1_1_1_0_0_1_1_0_1_1_0_0_0_0_1_0_0_1_0_1_1_0_1,1,0.00029666666666666665,6.018490028422597e-5,0.19753086419753085,181.98099415204675
1_1_1_0_1_1_1_0_0_1_1_1_1_1_0_1_0_1_1_1_0_0_0_0_1_1_1_1_1_1_1_1_1_1_0_0_0_0,1,0.00029666666666666665,2.357022603955159e-5,0.2345679012345679,265.0036075036075
0_0_0_0_0_0_0_1_0_1_0_0_0_0_1_0_1_1_0_0_0_0_1_1_0_0_0_0_0_0_0_0_0_0_1_1_0_1,1,0.00029666666666666665,2.8674417556808764e-5,0.22839506172839505,160.82517482517483
1_0_1_1_1_1_1_0_0_1_1_0_1_1_1_1_1_1_0_1_0_0_1_1_1_0_1_1_0_1_1_1_1_1_0_0_1_0,1,0.00029666666666666665,7.408703590297624e-5,0.2654320987654321,212.0696767001115
0_0_0_1_0_0_0_1_1_0_0_0_1_0_1_1_1_1_1_0_1_1_0_0_1_1_0_0_1_0_0_0_0_0_1_1_1_1,1,0.0002933333333333334,5.312459150169744e-5,0.2777777777777778,199.24523849186517
0_0_0_0_0_0_0_1_0_1_0_0_0_0_1_0_1_1_0_0_1_1_0_1_0_0_0_0_0_0_0_0_1_1_1_1_0_1,1,0.0002933333333333333,3.399346342395192e-5,0.25925925925925924,195.2709545356604
1_0_1_0_0_0_0_1_0_1_1_0_1_1_1_1_1_1_0_0_1_1_1_1_1_0_0_0_0_1_0_0_1_1_0_0_0_0,1,0.00029,4.96655480858378e-5,0.24074074074074073,192.94823232323233
0_0_0_0_0_0_0_1_0_1_0_0_0_0_1_0_1_1_1_0_0_0_0_0_0_1_0_0_1_0_0_0_1_1_1_1_0_1,1,0.00028999999999999995,5.715476066494082e-5,0.25925925925925924,213.5524948024948
1_1_1_1_1_1_1_0_1_0_1_1_1_1_0_0_0_0_0_1_0_0_1_1_0_0_1_1_0_1_1_1_0_1_0_0_1_0,1,0.00028999999999999995,9.93310961716756e-5,0.2777777777777778,194.21535821535824
1_0_1_0_0_0_0_1_0_0_0_0_0_0_1_1_1_1_0_0_1_1_1_1_1_0_0_0_0_1_0_0_1_0_1_1_0_1,1,0.00028999999999999995,2.8284271247461896e-5,0.19753086419753085,200.2537634408602
0_0_0_0_0_0_0_1_0_1_0_0_0_0_1_0_1_1_1_0_0_0_1_0_0_1_0_0_1_0_0_0_1_0_1_1_0_1,1,0.0002866666666666667,3.091206165165235e-5,0.2345679012345679,184.47509280842613
1_0_1_1_0_0_0_1_0_0_0_0_1_0_1_1_1_1_1_0_0_0_0_0_1_1_0_0_1_1_0_0_1_0_1_1_0_1,1,0.0002866666666666667,3.299831645537221e-5,0.21604938271604937,200.12544802867384
0_1_0_1_1_1_1_0_1_0_1_1_1_1_0_0_0_0_1_1_1_1_0_0_0_1_1_1_1_0_1_1_0_1_0_0_1_0,1,0.00028333333333333335,6.182412330330468e-5,0.22839506172839505,176.09526047786918
0_0_0_1_0_0_0_1_1_0_0_0_0_0_1_1_1_1_0_0_0_0_0_1_1_0_0_0_0_0_0_0_0_0_1_1_1_1,1,0.00028333333333333335,5.185449728701349e-5,0.2716049382716049,229.33531746031747
1_1_1_0_1_1_1_0_0_1_1_1_1_1_0_1_0_1_0_1_0_0_0_0_1_1_1_1_1_1_1_1_1_1_0_0_0_0,1,0.00028333333333333335,2.494438257849294e-5,0.2345679012345679,240.2942528735632
1_0_1_1_1_1_1_0_1_1_1_0_1_1_1_0_1_1_1_1_1_1_0_0_0_1_1_1_1_1_0_1_0_0_0_0_1_0,1,0.0002833333333333333,9.428090415820634e-6,0.30246913580246915,377.82034908471684
1_1_1_0_1_1_1_0_0_1_1_1_1_1_0_1_0_1_1_1_1_1_1_1_1_0_1_1_0_1_1_1_1_1_0_0_1_0,1,0.00028000000000000003,3.2659863237109046e-5,0.25308641975308643,242.26686507936506
0_0_0_1_0_0_0_1_1_0_0_0_0_0_1_0_1_0_0_0_1_1_0_1_0_0_0_0_0_0_0_0_0_0_1_1_0_1,1,0.00028,8.16496580927726e-6,0.25308641975308643,245.73617952928296
0_0_0_0_0_0_0_1_0_1_0_0_0_0_1_0_1_1_1_0_1_1_1_0_0_1_0_0_1_0_0_0_0_0_1_1_0_1,1,0.00027666666666666665,4.02768199119819e-5,0.22839506172839505,170.0039100684262
1_1_1_0_1_1_1_0_0_1_1_1_1_1_1_0_1_1_0_1_0_0_0_1_0_0_1_1_0_1_0_1_1_1_0_0_0_0,1,0.00027666666666666665,1.247219128924648e-5,0.2777777777777778,285.4862953138815
1_0_1_0_0_0_0_1_0_1_0_0_1_0_1_1_1_1_1_0_1_1_0_0_1_1_0_0_1_1_0_0_1_0_1_1_0_1,1,0.00027333333333333333,9.428090415820634e-6,0.25308641975308643,195.9065934065934
1_1_1_1_1_1_1_0_1_0_1_1_1_1_0_1_0_0_0_1_1_1_1_1_1_0_1_1_0_1_1_1_0_1_0_0_1_0,1,0.00027333333333333333,3.299831645537221e-5,0.24074074074074073,178.55857209644026
1_1_1_0_1_1_1_0_0_1_1_1_1_1_1_0_1_1_1_1_1_1_0_0_0_1_1_1_1_1_0_1_1_1_0_0_0_0,1,0.00027333333333333333,4.109609335312651e-5,0.2777777777777778,254.7659632034632
0_1_0_0_1_1_1_0_1_1_1_1_1_1_0_0_0_0_0_1_0_0_1_0_0_1_1_1_1_0_1_1_0_1_0_0_1_0,1,0.00027,2.943920288775949e-5,0.19753086419753085,200.47628894403087
0_1_0_0_1_1_1_0_1_1_1_1_1_1_0_0_0_0_1_1_0_0_1_0_0_1_1_1_1_0_1_1_0_1_0_0_1_0,1,0.00027,1.632993161855452e-5,0.19753086419753085,195.83073648361005
1_0_1_0_0_1_0_1_0_1_1_0_1_1_1_1_1_1_1_0_1_1_0_1_1_0_0_0_0_1_0_0_1_1_0_0_0_0,1,0.00027,2.82842712474619e-5,0.25925925925925924,229.37204301075272
0_1_0_0_0_1_1_1_1_0_0_0_0_0_0_0_0_0_1_0_1_1_1_0_0_1_0_0_1_0_1_0_0_1_1_1_0_1,1,0.0002666666666666667,3.299831645537221e-5,0.24074074074074073,166.92789968652036
1_1_1_1_1_1_1_0_1_0_1_1_1_1_0_1_0_0_1_1_0_0_1_0_1_1_1_1_1_1_1_1_0_1_0_0_1_0,1,0.0002666666666666667,1.6996731711975954e-5,0.24074074074074073,167.00778072502212
0_0_0_0_0_0_0_1_1_0_0_0_1_1_1_0_1_1_1_0_1_1_1_0_0_1_0_0_1_0_0_0_0_0_0_0_0_0,1,0.0002666666666666666,5.734883511361752e-5,0.29012345679012347,218.33861236802412
0_1_0_0_1_1_1_0_1_1_1_1_0_1_0_0_0_0_0_1_0_0_1_0_0_1_1_1_1_0_1_1_0_1_0_0_1_0,1,0.00026333333333333336,6.847546194724713e-5,0.21604938271604937,162.9064454064454
1_1_1_0_1_1_1_0_0_1_1_1_1_1_0_0_0_0_0_1_0_0_1_1_0_0_1_1_0_1_1_1_1_1_0_0_0_0,1,0.00026333333333333336,4.1899350299921794e-5,0.2716049382716049,235.87007575757573
0_0_0_1_0_0_0_1_1_0_0_0_1_1_1_0_1_1_1_0_1_1_0_0_0_1_0_0_1_0_0_0_0_0_0_0_1_0,1,0.00026333333333333336,4.496912521077346e-5,0.2777777777777778,224.17816091954023
1_0_1_0_0_0_0_1_0_0_0_0_0_0_1_1_1_1_1_0_1_1_1_1_1_0_0_0_0_1_0_0_1_0_1_1_0_1,1,0.0002633333333333333,5.312459150169742e-5,0.19753086419753085,190.3663558663559
1_1_1_1_1_1_1_0_1_0_1_1_1_1_0_1_0_0_1_1_1_1_1_1_1_0_1_1_0_1_1_1_0_1_0_0_1_0,1,0.00026000000000000003,4.08248290463863e-5,0.24074074074074073,169.976564653984
1_1_1_1_1_1_1_0_1_0_1_1_1_1_0_1_0_0_1_1_0_0_0_0_1_1_1_1_1_1_1_1_0_1_0_0_1_0,1,0.00026000000000000003,2.9439202887759487e-5,0.2345679012345679,177.07051356476643
1_1_1_1_1_1_1_0_1_0_1_1_1_1_0_1_0_0_0_1_0_0_1_0_1_1_1_1_1_1_1_1_0_0_0_0_1_0,1,0.00026,1.6329931618554506e-5,0.25925925925925924,205.05952380952382
1_0_1_1_0_0_0_1_0_0_0_0_0_0_1_1_1_1_0_0_0_0_0_0_1_1_0_0_1_1_0_0_1_0_1_1_0_1,1,0.00026,3.559026084010437e-5,0.19753086419753085,184.75369458128077
0_1_0_1_1_1_1_0_1_0_0_1_0_0_0_0_0_0_0_1_1_1_0_1_0_0_1_1_0_0_1_1_0_0_1_1_1_1,1,0.00026,2.1602468994692865e-5,0.24074074074074073,208.7308429118774
0_1_0_0_0_0_0_1_0_0_0_1_0_0_0_1_0_0_1_0_1_1_1_0_1_1_0_0_1_0_1_0_1_1_1_1_0_1,1,0.00026,2.1602468994692865e-5,0.30246913580246915,343.2266283524904
0_1_0_0_0_0_1_1_1_0_0_1_0_0_0_0_0_0_1_0_1_1_0_0_0_1_0_0_1_0_1_0_0_0_1_1_0_1,1,0.0002566666666666667,4.496912521077348e-5,0.25308641975308643,169.96376811594203
1_1_1_1_1_1_1_0_1_1_1_1_0_0_0_1_0_0_1_1_0_0_0_0_1_1_1_1_1_1_1_1_0_1_1_0_1_1,1,0.0002566666666666667,3.0912061651652335e-5,0.25308641975308643,229.3405797101449
1_0_1_1_1_0_0_0_0_1_1_1_1_1_1_1_1_1_0_1_0_0_0_1_1_0_1_1_0_1_0_1_1_0_0_0_1_0,1,0.0002566666666666667,6.944222218666553e-5,0.24074074074074073,176.60919540229884
0_1_0_0_1_1_1_0_1_1_1_1_0_1_0_0_0_0_1_1_0_0_1_0_0_1_1_1_1_0_1_1_0_1_0_0_1_0,1,0.00025666666666666665,6.342099196813483e-5,0.21604938271604937,180.88935574229694
0_0_0_0_0_0_0_1_0_1_0_0_0_0_1_0_1_1_1_0_1_1_1_1_0_0_0_0_0_0_0_0_1_0_1_1_0_1,1,0.00025666666666666665,6.649979114420001e-5,0.2345679012345679,163.21212121212122
1_0_1_0_0_0_0_1_0_0_0_0_1_0_1_1_1_1_1_0_0_0_1_0_1_1_0_0_1_1_0_0_1_0_1_1_0_1,1,0.00025333333333333333,2.0548046676563243e-5,0.21604938271604937,199.06790890269153
0_1_0_1_1_0_1_0_1_0_0_1_0_0_0_0_0_0_0_1_0_0_1_0_0_1_1_1_1_0_1_1_0_0_1_1_1_1,1,0.00025333333333333333,3.399346342395189e-5,0.25925925925925924,231.26767676767676
0_0_0_1_0_0_0_1_1_0_0_0_0_0_1_0_1_0_1_0_1_1_0_1_0_0_0_0_0_0_0_0_0_0_1_1_0_1,1,0.00025333333333333333,1.8856180831641254e-5,0.25308641975308643,234.60317460317458
1_1_1_0_1_1_1_0_0_1_1_1_1_1_0_1_0_1_1_1_0_0_1_0_1_1_1_1_1_1_1_1_1_1_0_0_1_0,1,0.00025333333333333333,1.8856180831641254e-5,0.25308641975308643,246.9642857142857
1_1_1_1_1_1_1_0_1_0_1_1_1_1_0_1_0_0_0_1_0_0_1_0_1_1_1_1_1_1_1_1_0_1_0_0_1_0,1,0.00025333333333333333,4.9888765156985895e-5,0.24074074074074073,171.5
0_1_0_1_1_1_1_0_1_0_1_1_1_1_0_0_0_0_0_1_0_0_0_1_0_0_1_1_0_0_1_1_0_0_0_0_1_0,1,0.00025333333333333333,1.6996731711975944e-5,0.24691358024691357,168.3275527478426
1_0_1_0_0_0_0_1_0_1_1_0_1_1_1_1_1_1_1_0_0_0_1_0_1_1_0_0_1_1_1_0_1_1_0_0_0_0,1,0.00025333333333333333,2.0548046676563243e-5,0.25925925925925924,202.42567287784678
0_0_0_1_0_0_0_1_1_0_0_0_1_0_0_1_0_0_1_0_1_1_1_0_1_1_0_0_1_0_1_0_0_0_1_1_1_1,1,0.00025,4.546060565661952e-5,0.2839506172839506,252.04659498207886
1_0_1_0_0_0_0_1_0_1_1_0_1_1_1_1_1_1_1_0_0_0_1_0_1_1_0_0_1_1_0_0_1_1_0_0_0_0,1,0.00025,4.966554808583779e-5,0.24074074074074073,205.23216566320013
1_1_1_0_1_1_1_0_0_1_1_1_0_1_0_0_0_0_1_1_1_1_1_0_0_1_1_1_1_1_1_1_1_1_0_0_0_0,1,0.00025,3.7416573867739396e-5,0.2777777777777778,196.55952380952382
1_0_1_0_0_0_0_1_0_0_0_0_0_0_1_1_1_1_1_0_0_0_1_0_1_1_0_0_1_1_0_0_1_0_1_1_0_1,1,0.00025,8.164965809277248e-6,0.19753086419753085,198.9448717948718
0_1_0_1_1_1_1_0_1_1_1_1_1_1_0_0_0_0_0_1_0_0_0_0_0_1_1_1_1_0_1_1_0_1_0_0_1_0,1,0.0002466666666666667,2.8674417556808744e-5,0.19753086419753085,204.87301587301587
1_1_1_1_1_0_1_0_1_0_1_1_1_1_0_1_0_0_1_1_1_1_1_1_1_0_1_1_0_1_1_1_0_0_0_0_1_0,1,0.0002466666666666667,4.9216076867444665e-5,0.2716049382716049,197.1179966044143
0_0_0_1_0_0_0_1_1_0_0_0_0_0_0_1_0_0_1_0_1_1_1_0_1_1_0_0_1_0_1_0_0_0_1_1_1_1,1,0.0002466666666666667,3.771236166328252e-5,0.2777777777777778,270.2929292929293
0_0_0_0_0_0_0_1_0_1_0_0_0_0_1_0_1_1_1_0_1_1_0_1_0_0_0_0_0_0_0_0_1_0_1_1_0_1,1,0.0002466666666666667,2.357022603955157e-5,0.24074074074074073,171.231884057971
0_1_0_1_1_1_1_0_1_0_0_1_0_0_0_0_0_0_0_1_0_0_0_0_0_1_1_1_1_0_0_1_0_0_1_1_1_1,1,0.0002466666666666667,1.6996731711975947e-5,0.25925925925925924,231.0144927536232
0_0_0_1_0_0_0_1_1_0_0_0_0_0_1_0_1_0_1_0_0_0_0_0_0_1_0_0_1_0_0_0_0_0_1_1_0_1,1,0.0002466666666666667,2.8674417556808744e-5,0.25308641975308643,259.5904761904762
1_1_1_0_1_1_1_0_0_1_1_1_1_1_0_1_0_1_0_1_0_0_1_0_1_1_1_1_1_1_1_1_1_1_0_0_1_0,1,0.00024333333333333336,6.342099196813482e-5,0.25308641975308643,249.6127946127946
0_0_0_0_0_0_0_1_0_1_0_0_0_0_1_0_1_1_0_0_1_1_1_1_0_0_0_0_0_0_0_0_1_0_1_1_0_1,1,0.00024333333333333336,2.494438257849294e-5,0.2345679012345679,173.2183421516755
0_1_0_1_1_1_1_0_1_1_1_1_0_1_0_0_0_0_1_1_0_0_0_0_0_1_1_1_1_0_1_1_0_1_0_0_1_0,1,0.00024333333333333333,5.557777333511023e-5,0.21604938271604937,211.8500797448166
0_0_0_0_0_1_0_1_0_1_0_0_0_0_1_0_1_1_0_0_0_0_0_0_0_1_0_0_1_0_0_0_1_1_1_1_0_1,1,0.00024333333333333333,3.091206165165234e-5,0.2716049382716049,210.12962962962965
1_1_1_1_1_1_1_0_1_0_1_1_1_1_0_1_0_0_0_1_1_1_0_1_1_0_1_1_0_1_1_1_0_1_0_0_1_0,1,0.00024333333333333333,3.3993463423951894e-5,0.2345679012345679,176.11123009923608
0_0_0_0_0_0_0_1_0_1_0_0_0_0_1_0_1_1_1_0_0_0_0_0_0_1_0_0_1_0_0_0_1_0_1_1_0_1,1,0.00024333333333333333,2.8674417556808744e-5,0.24074074074074073,165.93253968253967
0_1_0_0_0_1_1_1_1_0_0_1_0_0_0_0_0_0_0_0_0_0_1_0_0_1_0_0_1_0_1_0_0_1_1_1_0_1,1,0.00024333333333333333,6.548960901462834e-5,0.25925925925925924,245.67083333333335
1_1_1_1_1_1_1_0_1_1_1_1_0_0_0_1_0_0_0_1_1_1_0_1_1_0_1_1_0_1_1_1_0_1_1_0_1_1,1,0.00024,2.4494897427831778e-5,0.25308641975308643,218.45458553791886
1_0_1_0_0_0_0_1_0_0_0_0_0_0_1_1_1_1_0_0_0_0_1_0_1_1_0_0_1_1_0_0_1_0_1_1_0_1,1,0.00024,4.546060565661952e-5,0.19753086419753085,185.54942528735629
1_0_1_0_0_0_0_1_0_0_0_0_1_0_1_1_1_1_0_0_0_0_1_0_1_1_0_0_1_1_0_0_1_0_1_1_0_1,1,0.00024,2.8284271247461885e-5,0.21604938271604937,191.3852813852814
0_1_0_1_1_1_1_0_1_1_1_1_0_1_0_0_0_0_0_1_1_1_0_1_0_0_1_1_0_0_1_1_0_1_0_0_1_0,1,0.00024,5.7154760664940834e-5,0.21604938271604937,204.75224519632414
0_1_0_1_1_1_1_0_1_1_1_1_1_1_0_0_0_0_1_1_1_1_0_1_0_0_1_1_0_0_1_1_0_1_0_0_1_0,1,0.00023999999999999998,2.9439202887759487e-5,0.19753086419753085,206.60123456790123
1_1_1_0_1_1_1_0_0_1_1_1_1_1_0_0_0_0_1_1_1_1_1_0_0_1_1_1_1_1_1_1_1_1_0_0_0_0,1,0.00023666666666666668,4.496912521077347e-5,0.2716049382716049,216.529374201788
1_0_1_0_0_1_0_1_0_1_1_0_1_1_1_1_1_1_0_0_1_1_0_1_1_0_0_0_0_1_0_0_1_1_0_0_0_0,1,0.00023666666666666668,1.247219128924647e-5,0.25925925925925924,247.32323232323233
0_0_0_1_0_0_0_1_0_0_0_0_1_1_1_0_1_1_0_0_0_0_0_0_0_1_0_0_1_0_0_0_1_0_0_1_0_0,1,0.00023666666666666668,2.8674417556808754e-5,0.25308641975308643,194.82098765432102
1_1_1_1_1_1_1_0_1_0_1_1_1_1_0_1_0_0_0_1_0_0_0_0_1_1_1_1_1_1_1_1_0_1_0_0_1_0,1,0.00023333333333333333,3.2998316455372206e-5,0.2345679012345679,175.3968253968254
0_0_0_0_0_1_0_1_0_1_0_0_0_0_1_0_1_1_1_0_1_1_0_1_0_0_0_0_0_0_0_0_1_1_1_1_0_1,1,0.00023333333333333333,5.5577773335110216e-5,0.2716049382716049,201.52329749103941
1_0_1_1_0_0_0_1_0_0_0_0_0_0_1_1_1_1_1_0_1_1_0_1_1_0_0_0_0_1_0_0_1_0_1_1_0_1,1,0.00023333333333333333,2.62466929133727e-5,0.19753086419753085,199.5542728876062
0_1_0_1_1_1_1_0_1_1_1_1_1_1_0_0_0_0_1_1_0_0_0_0_0_1_1_1_1_0_1_1_0_1_0_0_1_0,1,0.00023333333333333333,5.312459150169741e-5,0.19753086419753085,207.79312304632
0_1_0_1_1_1_1_0_1_0_1_1_0_1_0_0_0_0_0_1_0_0_0_1_0_0_1_1_0_0_1_1_0_1_0_0_1_0,1,0.00023333333333333333,9.428090415820634e-6,0.24691358024691357,173.32070707070707
0_0_0_0_0_1_0_1_0_1_0_0_0_0_1_0_1_1_1_0_0_0_0_0_0_1_0_0_1_0_0_0_1_1_1_1_0_1,1,0.00023333333333333333,1.6996731711975947e-5,0.2716049382716049,192.02063492063493
0_0_0_0_0_0_0_1_0_1_0_0_0_0_1_0_1_1_0_0_0_0_0_0_0_1_0_0_1_0_0_0_1_1_1_1_0_1,1,0.00023000000000000003,1.632993161855452e-5,0.25925925925925924,209.48184955141474
0_1_0_1_1_0_1_0_1_0_0_1_0_0_0_0_0_0_1_1_0_0_1_0_0_1_1_1_1_0_1_1_0_0_1_1_1_1,1,0.00023000000000000003,8.16496580927726e-6,0.25925925925925924,249.3417874396135
0_1_0_1_1_1_1_0_1_0_0_1_0_0_0_0_0_0_1_1_0_0_0_0_0_1_1_1_1_0_1_1_0_0_1_1_1_1,1,0.00022999999999999998,3.5590260840104354e-5,0.24074074074074073,206.86507936507937
0_0_0_0_0_1_0_1_0_1_0_0_0_0_1_0_1_1_0_0_1_1_0_1_0_0_0_0_0_0_0_0_1_1_1_1_0_1,1,0.00022666666666666668,1.6996731711975947e-5,0.2716049382716049,191.404329004329
0_0_0_1_0_0_0_1_1_0_0_0_1_0_1_1_1_1_0_0_0_0_0_1_1_0_0_0_0_0_0_0_0_0_1_1_1_1,1,0.00022666666666666668,3.6817870057290866e-5,0.2777777777777778,211.61030595813205
0_0_0_1_0_0_0_1_1_0_0_0_0_0_1_1_1_1_1_0_1_1_0_0_1_1_0_0_1_0_0_0_0_0_1_1_1_1,1,0.00022666666666666668,3.8586123009300736e-5,0.2716049382716049,201.44319131161237
0_1_0_1_1_1_1_0_1_0_0_1_0_1_0_0_0_0_1_1_1_1_1_0_0_1_1_1_1_0_1_1_0_0_0_0_1_1,1,0.00022666666666666668,4.0276819911981894e-5,0.25308641975308643,180.67541478129715
0_1_0_1_1_1_1_0_1_0_0_1_0_1_0_0_0_0_0_1_0_0_1_1_0_0_1_1_0_0_1_1_0_0_0_0_1_1,1,0.00022666666666666668,2.62466929133727e-5,0.25308641975308643,192.67690058479533
0_1_0_0_1_1_1_0_1_1_1_1_0_1_0_0_0_0_0_1_1_1_1_1_0_0_1_1_0_0_1_1_0_1_0_0_1_0,1,0.00022666666666666668,2.357022603955157e-5,0.21604938271604937,198.56532356532355
0_0_0_1_0_0_0_1_1_0_0_0_0_0_1_0_1_0_0_0_0_0_0_0_0_1_0_0_1_0_0_0_0_0_1_1_0_1,1,0.00022666666666666666,2.4944382578492927e-5,0.25308641975308643,245.6678321678322
0_1_0_1_1_0_1_0_1_0_0_1_0_0_0_0_0_0_0_1_1_1_1_1_0_0_1_1_0_0_1_1_0_0_1_1_1_1,1,0.00022333333333333333,9.428090415820634e-6,0.25925925925925924,215.27950310559004
1_0_1_0_0_0_0_1_0_0_0_0_1_0_1_1_1_1_1_0_1_1_1_1_1_0_0_0_0_1_0_0_1_0_1_1_0_1,1,0.00022333333333333333,3.3993463423951894e-5,0.21604938271604937,201.70054766545994
1_0_1_0_0_0_0_1_0_0_0_0_1_0_1_1_1_1_0_0_1_1_1_1_1_0_0_0_0_1_0_0_1_0_1_1_0_1,1,0.00022333333333333333,3.2998316455372206e-5,0.21604938271604937,215.8206366902019
1_1_1_1_1_1_1_0_1_0_1_1_1_1_0_1_0_0_1_1_1_1_0_0_1_1_1_1_1_1_1_1_1_1_0_0_1_0,1,0.00022333333333333333,4.784233364802441e-5,0.22839506172839505,174.00893997445723
1_0_1_1_0_0_0_1_0_0_0_0_1_0_1_1_1_1_1_0_1_1_0_1_1_0_0_0_0_1_0_0_1_0_1_1_0_1,1,0.00022333333333333333,2.357022603955158e-5,0.21604938271604937,173.05555555555557
1_1_1_0_1_1_1_0_0_1_1_1_0_1_1_0_1_1_0_1_0_0_0_1_0_0_1_1_0_1_0_1_1_1_0_0_0_0,1,0.00022333333333333333,3.091206165165234e-5,0.2839506172839506,273.55
1_1_1_1_1_1_1_0_0_1_1_1_0_1_0_0_0_0_0_1_0_0_0_1_0_0_1_1_0_1_1_1_1_1_0_0_1_0,1,0.00022333333333333333,2.0548046676563253e-5,0.29012345679012347,194.9393939393939
0_1_0_1_1_0_1_0_1_0_1_1_1_1_0_0_0_0_1_1_1_1_1_0_0_1_1_1_1_0_1_1_0_0_0_0_1_0,1,0.00022,2.9439202887759477e-5,0.2654320987654321,203.61834072360386
0_0_0_1_0_0_0_1_1_0_0_0_0_0_0_1_0_0_0_0_0_0_1_1_1_0_0_0_0_0_1_0_0_0_1_1_1_1,1,0.00022,3.74165738677394e-5,0.2777777777777778,283.64581284018624
1_0_1_0_0_0_0_1_0_1_1_0_1_1_1_1_1_1_0_0_0_0_1_0_1_1_0_0_1_1_0_0_1_1_0_0_0_0,1,0.00022,2.1602468994692865e-5,0.24074074074074073,203.46190476190475
1_1_1_1_1_1_1_0_1_0_1_1_1_1_0_1_0_0_1_1_1_1_0_1_1_0_1_1_0_1_1_1_0_1_0_0_1_0,1,0.00022,2.9439202887759487e-5,0.2345679012345679,174.19710144927535
1_0_1_1_1_1_0_0_0_1_1_1_1_1_1_1_1_1_1_1_1_1_0_0_1_1_1_1_1_1_0_1_1_0_0_0_1_0,1,0.00022,3.559026084010437e-5,0.24074074074074073,201.9607843137255
0_1_0_0_0_0_1_1_1_0_0_0_0_0_0_0_0_0_0_0_0_0_1_1_0_0_0_0_0_0_1_0_0_1_1_1_0_1,1,0.00022,4.08248290463863e-5,0.24074074074074073,198.75123786888494
0_1_0_1_1_1_1_0_1_0_0_1_0_0_0_0_0_0_0_1_0_0_0_0_0_1_1_1_1_0_1_1_0_0_1_1_1_1,1,0.00022,3.2659863237109026e-5,0.24074074074074073,203.7865837865838
0_1_0_1_1_1_1_0_1_0_0_1_0_0_0_0_0_0_0_1_1_1_0_1_0_0_1_1_0_0_0_1_0_0_1_1_1_1,1,0.00022,4.5460605656619504e-5,0.25925925925925924,204.234360410831
1_1_1_1_1_1_1_0_1_1_1_1_0_0_0_1_0_0_1_1_1_1_0_1_1_0_1_1_0_1_1_1_0_1_1_0_1_1,1,0.00021666666666666666,3.0912061651652335e-5,0.25308641975308643,212.67948717948718
0_1_0_1_1_1_1_0_1_0_1_1_0_1_0_0_0_0_1_1_1_1_1_0_0_1_1_1_1_0_1_1_0_1_0_0_1_0,1,0.00021666666666666666,4.189935029992177e-5,0.25308641975308643,190.66401895206243
0_0_0_0_0_0_0_1_0_1_0_0_0_0_1_0_1_1_0_0_0_0_1_0_0_1_0_0_1_0_0_0_1_0_1_1_0_1,1,0.00021666666666666666,7.586537784494029e-5,0.2345679012345679,178.9653822055138
1_1_1_0_1_0_0_0_0_1_0_1_1_1_0_0_0_1_0_0_0_0_1_1_0_0_0_0_0_1_1_1_1_1_0_0_0_0,1,0.00021333333333333336,1.247219128924647e-5,0.29012345679012347,186.85748792270533
1_0_1_0_0_0_0_1_0_1_0_0_0_0_1_1_1_1_0_0_0_0_1_1_1_0_0_0_0_1_0_0_1_1_1_1_0_1,1,0.00021333333333333336,3.091206165165234e-5,0.24691358024691357,183.84413185564082
1_0_1_0_0_0_0_1_0_1_0_0_1_0_1_1_1_1_0_0_0_0_0_1_1_0_0_0_0_1_0_0_1_0_1_1_0_1,1,0.00021333333333333336,4.714045207910317e-6,0.25308641975308643,188.3189033189033
1_0_1_1_1_0_0_0_0_1_1_0_1_1_1_1_1_1_1_1_1_1_1_0_1_1_1_1_1_1_0_1_1_0_0_0_1_0,1,0.0002133333333333333,7.318166133366715e-5,0.24691358024691357,203.4904601571268
1_0_1_1_0_0_0_1_0_0_0_0_1_0_1_1_1_1_0_0_1_1_0_1_1_0_0_0_0_1_0_0_1_0_1_1_0_1,1,0.0002133333333333333,7.930251502246881e-5,0.21604938271604937,192.50210863697706
1_1_1_0_0_0_0_0_0_1_0_1_0_0_0_1_0_1_0_0_0_0_0_1_1_0_0_0_0_1_0_1_1_1_1_1_0_1,1,0.0002133333333333333,4.10960933531265e-5,0.32098765432098764,223.50524475524477
0_1_0_1_1_1_1_0_1_0_0_1_0_0_0_0_0_0_1_1_0_0_0_0_0_1_1_1_1_0_0_1_0_0_1_1_1_1,1,0.0002133333333333333,6.599663291074443e-5,0.25925925925925924,184.2094017094017
0_1_0_1_1_1_1_0_1_0_1_1_0_1_0_0_0_0_0_1_0_0_1_1_0_0_1_1_0_0_1_1_0_1_0_0_1_0,1,0.00021,2.4494897427831778e-5,0.25308641975308643,198.37301587301587
1_0_1_1_1_0_0_0_0_1_1_0_1_1_1_1_1_1_0_1_0_0_0_0_1_1_1_1_1_1_0_1_1_0_0_0_1_0,1,0.00021,3.7416573867739396e-5,0.25925925925925924,245.34690799396682
0_0_0_0_0_0_0_1_0_1_0_0_0_0_1_0_1_1_0_0_0_0_0_0_0_1_0_0_1_0_0_0_1_0_1_1_0_1,1,0.00021,2.1602468994692865e-5,0.24074074074074073,176.9265114917289
0_1_0_0_0_1_1_1_1_0_0_1_0_0_0_0_0_0_0_0_1_1_1_1_0_0_0_0_0_0_1_0_0_1_1_1_0_1,1,0.00021,5.715476066494082e-5,0.25925925925925924,254.55128205128207
1_0_1_1_1_0_0_0_0_1_1_0_1_1_1_1_1_1_0_1_1_1_0_1_1_0_1_1_0_1_0_1_1_0_0_0_1_0,1,0.00021,4.320493798938573e-5,0.25925925925925924,274.996751137102
1_1_1_1_1_1_1_0_1_1_1_0_1_1_0_1_0_1_0_1_1_1_0_1_1_0_1_1_0_1_1_1_0_1_0_0_1_0,1,0.00020666666666666666,3.8586123009300736e-5,0.25308641975308643,232.7712947527189
0_1_0_1_1_0_1_0_1_0_0_1_0_0_0_0_0_0_1_1_0_0_0_0_0_1_1_1_1_0_0_1_0_0_1_1_1_1,1,0.00020666666666666666,2.8674417556808754e-5,0.2716049382716049,249.01143790849673
0_1_0_1_1_1_1_0_1_0_1_1_1_1_0_0_0_0_1_1_1_1_0_0_0_1_1_1_1_0_1_1_0_0_0_0_1_0,1,0.00020666666666666666,2.0548046676563253e-5,0.24691358024691357,163.17690361168624
1_1_1_1_1_0_1_0_1_0_1_1_1_1_0_1_0_0_1_1_0_0_1_0_1_1_1_1_1_1_1_1_0_0_0_0_1_0,1,0.00020666666666666666,3.681787005729087e-5,0.2716049382716049,196.5896825396825
0_1_0_0_0_0_1_1_1_0_0_1_0_0_0_0_0_0_0_0_0_0_0_1_0_0_0_0_0_0_1_0_0_0_1_1_0_1,1,0.00020666666666666666,4.1899350299921794e-5,0.25308641975308643,189.12929292929292
1_1_1_1_1_1_1_0_1_1_1_1_0_0_0_1_0_0_0_1_0_0_0_0_1_1_1_1_1_1_1_1_0_1_1_0_1_1,1,0.00020333333333333336,1.247219128924647e-5,0.25308641975308643,210.6937799043062
0_1_0_0_1_1_1_0_1_1_1_1_0_1_0_0_0_0_1_1_1_1_1_1_0_0_1_1_0_0_1_1_0_1_0_0_1_0,1,0.00020333333333333336,4.189935029992177e-5,0.21604938271604937,176.13613360323885
1_0_1_0_0_0_0_1_0_1_0_0_0_0_1_0_1_1_0_0_1_1_1_1_0_0_0_0_0_1_0_0_1_0_1_1_0_1,1,0.00020333333333333333,6.128258770283411e-5,0.2037037037037037,159.18103448275863
0_0_0_0_0_0_0_1_0_1_0_0_0_0_1_0_1_1_0_0_1_1_0_1_0_0_0_0_0_0_0_0_1_0_1_1_0_1,1,0.00020333333333333333,6.847546194724711e-5,0.24074074074074073,178.9861111111111
0_1_0_1_1_1_1_0_1_0_1_1_0_1_0_0_0_0_0_1_0_0_1_1_0_0_1_1_0_0_1_1_0_0_0_0_1_0,1,0.00020333333333333333,3.858612300930076e-5,0.2716049382716049,173.47979797979795
1_1_1_0_1_1_1_0_1_1_1_1_0_0_0_1_0_0_1_1_0_0_1_0_1_1_1_1_1_1_1_1_0_1_1_0_1_1,1,0.00020333333333333333,3.299831645537221e-5,0.25308641975308643,190.89285714285714
1_0_1_0_0_1_0_1_0_1_1_0_1_1_1_1_1_1_0_0_0_0_0_0_1_1_0_0_1_1_0_0_1_1_0_0_0_0,1,0.00020333333333333333,5.4365021434333616e-5,0.25925925925925924,262.89915966386553
0_0_0_0_0_0_0_1_0_0_0_1_0_0_1_0_1_0_0_0_1_1_1_1_0_0_0_0_0_0_0_0_1_0_1_1_0_1,1,0.00020333333333333333,7.039570693980957e-5,0.25308641975308643,223.03030303030303
0_0_0_1_0_1_1_1_1_0_1_0_0_0_1_1_1_0_1_1_1_1_0_0_1_1_1_1_1_0_0_0_0_0_1_1_1_1,1,0.0002,5.3541261347363375e-5,0.29012345679012347,217.3210804789752
1_1_1_0_1_1_1_0_1_1_1_1_0_0_0_1_0_0_0_1_1_1_1_1_1_0_1_1_0_1_1_1_0_1_1_0_1_1,1,0.0002,8.286535263104035e-5,0.25308641975308643,184.5744804365494
1_0_1_1_0_0_0_1_0_0_0_0_1_0_1_1_1_1_0_0_0_0_0_0_1_1_0_0_1_1_0_0_1_0_1_1_0_1,1,0.0002,2.9439202887759487e-5,0.21604938271604937,200.1999484004128
0_0_0_1_0_0_0_1_1_0_0_0_1_0_0_1_0_0_0_0_0_0_1_1_1_0_0_0_0_0_1_0_0_0_1_1_1_1,1,0.0002,2.82842712474619e-5,0.2839506172839506,258.16287878787875
1_0_1_0_0_1_0_1_0_1_1_0_1_1_1_1_1_1_0_0_1_1_1_1_1_0_0_0_0_1_1_0_1_1_0_0_0_0,1,0.0002,3.559026084010438e-5,0.2716049382716049,225.38735177865613
1_1_1_0_1_1_1_0_1_1_1_1_0_0_0_1_0_0_0_1_0_0_1_0_1_1_1_1_1_1_1_1_0_1_1_0_1_1,1,0.0002,1.414213562373095e-5,0.25308641975308643,168.4126984126984
0_0_0_0_0_0_0_1_0_1_0_0_0_0_1_0_1_1_0_0_0_0_1_0_0_1_0_0_1_0_0_0_1_1_1_1_0_1,1,0.0002,2.4494897427831778e-5,0.25308641975308643,196.6027280477408
0_1_0_1_1_1_1_0_1_1_1_1_0_1_0_0_0_0_1_1_1_1_0_1_0_0_1_1_0_0_1_1_0_1_0_0_1_0,1,0.0002,6.164414002968976e-5,0.21604938271604937,210.05831887410832
1_0_1_0_0_0_0_1_0_1_1_0_1_1_1_1_1_1_1_0_1_1_1_1_1_0_0_0_0_1_0_0_1_1_0_0_0_0,1,0.00019666666666666669,6.018490028422595e-5,0.24074074074074073,210.94537815126048
0_1_0_1_1_1_1_0_1_1_1_1_0_1_0_0_0_0_0_1_0_0_0_0_0_1_1_1_1_0_1_1_0_1_0_0_1_0,1,0.00019666666666666669,4.496912521077346e-5,0.21604938271604937,206.69400452488685
0_1_0_1_1_0_1_0_1_0_0_1_0_0_0_0_0_0_1_1_1_1_1_1_0_0_1_1_0_0_1_1_0_0_1_1_1_1,1,0.00019666666666666669,1.247219128924647e-5,0.25925925925925924,224.94444444444446
0_1_0_0_0_1_1_1_1_0_0_1_0_0_0_0_0_0_1_0_1_1_1_1_0_0_0_0_0_0_1_0_0_1_1_1_0_1,1,0.00019666666666666669,3.299831645537223e-5,0.25925925925925924,237.36363636363637
0_1_0_1_1_1_1_0_1_0_0_1_0_0_0_0_0_0_1_1_1_1_0_1_0_0_1_1_0_0_0_1_0_0_1_1_1_1,1,0.00019666666666666669,2.62466929133727e-5,0.25925925925925924,183.19534632034632
1_1_1_1_1_0_1_0_1_0_1_1_1_1_0_1_0_0_0_1_0_0_1_0_1_1_1_1_1_1_1_1_0_0_0_0_1_0,1,0.00019666666666666669,3.399346342395191e-5,0.2716049382716049,189.53623188405797
0_0_0_0_0_0_0_1_0_1_0_0_0_0_1_0_1_1_1_0_0_0_1_0_0_1_0_0_1_0_0_0_1_1_1_1_0_1,1,0.00019666666666666669,3.858612300930075e-5,0.25308641975308643,205.3175925925926
0_0_0_0_0_0_0_1_0_0_0_0_1_1_1_0_1_1_0_0_0_0_1_0_0_1_0_0_1_0_0_0_1_0_0_1_0_0,1,0.00019666666666666669,1.6996731711975947e-5,0.25308641975308643,206.98830409356728
1_1_1_1_1_1_1_0_1_1_1_0_1_1_0_1_0_1_1_1_0_0_0_0_1_1_1_1_1_1_1_1_0_1_0_0_1_0,1,0.00019666666666666669,4.9888765156985895e-5,0.25308641975308643,226.49914529914528
0_0_0_0_0_0_0_1_1_0_0_0_1_0_1_1_1_1_0_0_0_0_1_1_1_0_0_0_0_0_0_0_0_0_1_1_0_1,1,0.00019333333333333333,4.78423336480244e-5,0.29012345679012347,203.78481649069883
0_1_0_1_1_1_1_0_1_1_1_1_1_1_0_0_0_0_0_1_1_1_0_1_0_0_1_1_0_0_1_1_0_1_0_0_1_0,1,0.00019333333333333333,1.247219128924647e-5,0.19753086419753085,199.15343915343917
0_1_0_1_1_1_1_0_1_0_1_1_0_1_0_0_0_0_1_1_1_1_1_0_0_1_1_1_1_0_1_1_0_0_0_0_1_0,1,0.00019333333333333333,2.62466929133727e-5,0.2716049382716049,189.9767926494269
0_1_0_0_0_1_1_1_1_0_0_1_0_0_0_0_0_0_1_0_1_1_0_0_0_1_0_0_1_0_1_0_0_1_1_1_0_1,1,0.00019333333333333333,4.496912521077348e-5,0.24691358024691357,178.23502584372147
0_1_0_1_1_0_1_0_1_0_0_1_0_0_0_0_0_0_0_1_1_1_0_1_0_0_1_1_0_0_0_1_0_0_1_1_1_1,1,0.00019333333333333333,3.299831645537223e-5,0.2716049382716049,230.8937198067633
1_1_1_1_1_1_1_0_0_1_1_1_0_0_0_1_0_0_0_1_0_0_0_1_1_0_1_1_0_1_1_1_1_1_1_1_1_1,1,0.00019333333333333333,5.249338582674541e-5,0.29012345679012347,262.42424242424244
0_1_0_1_1_0_1_0_1_0_1_1_1_1_0_0_0_0_0_1_0_0_1_1_0_0_1_1_0_0_1_1_0_0_0_0_1_0,1,0.00019333333333333333,4.109609335312652e-5,0.2654320987654321,178.46825396825398
0_0_0_0_0_0_0_1_0_1_0_0_0_0_1_0_1_1_1_0_1_1_1_1_0_0_0_0_0_0_0_0_1_1_1_1_0_1,1,0.00019333333333333333,4.714045207910317e-6,0.25308641975308643,208.76315789473685
1_0_1_0_0_0_0_1_0_1_1_0_1_1_1_1_1_1_1_0_1_1_1_1_1_0_0_0_0_1_1_0_1_1_0_0_0_0,1,0.00019333333333333333,1.8856180831641267e-5,0.25925925925925924,202.67676767676767
1_1_1_0_1_1_1_0_0_1_1_1_0_1_1_0_1_1_1_1_1_1_0_0_0_1_1_1_1_1_0_1_1_1_0_0_0_0,1,0.00019333333333333333,2.0548046676563253e-5,0.2839506172839506,254.48212777934143
1_0_1_0_0_0_0_1_0_1_0_0_0_0_1_0_1_1_1_0_0_0_0_0_0_1_0_0_1_1_0_0_1_0_1_1_0_1,1,0.00019333333333333333,2.867441755680875e-5,0.20987654320987653,163.2398932112891
0_1_0_0_0_1_1_1_1_0_0_1_0_0_0_0_0_0_0_0_0_0_0_1_0_0_0_0_0_0_1_0_0_1_1_1_0_1,1,0.00019333333333333333,5.185449728701349e-5,0.24691358024691357,187.99516908212559
0_1_0_0_0_1_1_1_1_0_0_1_0_0_0_0_0_0_1_0_0_0_1_0_0_1_0_0_1_0_1_0_0_1_1_1_0_1,1,0.00019000000000000004,2.1602468994692865e-5,0.25925925925925924,262.0320855614973
1_1_1_1_1_1_1_0_1_1_1_0_1_1_0_1_0_1_1_1_1_1_0_1_1_0_1_1_0_1_1_1_0_1_0_0_1_0,1,0.00018999999999999998,5.3541261347363375e-5,0.25308641975308643,218.4333333333333
1_1_1_1_1_1_0_0_0_1_1_0_1_1_0_1_0_1_1_1_1_1_0_0_1_1_1_1_1_1_1_1_1_1_0_0_1_0,1,0.00018999999999999998,2.9439202887759497e-5,0.2654320987654321,196.63131313131314
1_0_1_0_0_1_0_1_0_1_1_0_1_1_1_1_1_1_1_0_0_0_0_0_1_1_0_0_1_1_0_0_1_1_0_0_0_0,1,0.00018999999999999998,1.632993161855452e-5,0.25925925925925924,248.30556784117152
0_0_0_0_0_0_0_1_0_0_0_1_0_0_1_0_1_0_1_0_1_1_1_1_0_0_0_0_0_0_0_0_1_0_1_1_0_1,1,0.00018999999999999998,3.559026084010438e-5,0.25308641975308643,222.2150072150072
1_1_1_1_1_0_1_0_1_0_1_1_1_1_0_1_0_0_0_1_1_1_1_1_1_0_1_1_0_1_1_1_0_0_0_0_1_0,1,0.00018999999999999998,2.1602468994692865e-5,0.2716049382716049,191.79761904761904
1_1_1_1_1_1_1_0_1_1_1_0_1_1_1_1_1_1_0_1_0_0_0_0_1_1_1_1_1_1_0_1_0_1_0_0_1_0,1,0.00018999999999999998,4.242640687119285e-5,0.25925925925925924,193.09166666666667
0_1_0_1_1_1_1_0_1_0_1_1_0_0_0_1_0_0_0_1_0_0_1_1_1_0_1_1_0_0_1_1_0_0_1_1_1_1,1,0.00018999999999999998,2.828427124746191e-5,0.25925925925925924,193.55555555555557
1_0_1_0_0_1_0_1_0_1_1_0_1_1_1_1_1_1_0_0_0_0_1_0_1_1_0_0_1_1_1_0_1_1_0_0_0_0,1,0.00018999999999999998,6.377042156569662e-5,0.2716049382716049,212.7142857142857
1_0_1_1_1_1_0_0_0_1_1_0_1_1_1_1_1_1_0_1_0_0_1_1_1_0_1_1_0_1_0_1_1_1_0_0_1_0,1,0.00018999999999999998,3.2659863237109046e-5,0.25308641975308643,194.23747775235188
0_1_0_1_1_0_1_0_1_0_0_1_0_1_0_0_0_0_0_1_0_0_1_1_0_0_1_1_0_0_1_1_0_0_0_0_1_1,1,0.0001866666666666667,2.357022603955158e-5,0.2654320987654321,177.11229946524065
1_1_1_0_0_0_0_0_0_1_0_1_0_0_0_1_0_1_1_0_1_1_0_0_1_1_0_0_1_1_0_1_1_1_1_1_0_1,1,0.0001866666666666667,1.247219128924647e-5,0.32098765432098764,240.82868937048502
1_0_1_0_0_1_0_1_0_1_1_0_1_1_1_1_1_1_1_0_1_1_1_1_1_0_0_0_0_1_1_0_1_1_0_0_0_0,1,0.0001866666666666667,2.0548046676563253e-5,0.2716049382716049,226.98934837092733
0_0_0_1_0_1_1_1_1_0_1_0_0_0_1_1_1_0_0_1_0_0_0_1_1_0_1_1_0_0_0_0_0_0_1_1_1_1,1,0.00018666666666666666,4.496912521077348e-5,0.29012345679012347,204.16048133153393
1_0_1_0_0_0_0_1_0_1_0_0_0_0_1_0_1_1_0_0_0_0_1_0_0_1_0_0_1_1_0_0_1_0_1_1_0_1,1,0.00018666666666666666,3.681787005729088e-5,0.2037037037037037,166.84482946496675
0_1_0_1_1_1_1_0_1_0_0_1_0_0_0_0_0_0_1_1_1_1_0_1_0_0_1_1_0_0_1_1_0_0_1_1_1_1,1,0.00018666666666666666,4.714045207910317e-6,0.24074074074074073,213.84015594541907
0_0_0_1_0_0_0_1_0_0_0_0_1_1_1_0_1_1_0_0_1_1_0_1_0_0_0_0_0_0_0_0_1_0_0_1_0_0,1,0.00018666666666666666,2.6246692913372715e-5,0.25308641975308643,201.2301587301587
1_1_1_1_1_1_1_0_1_0_1_1_1_1_0_1_0_0_0_1_0_0_0_0_1_1_1_1_1_1_1_1_0_0_0_0_1_0,1,0.00018333333333333334,9.428090415820634e-6,0.25308641975308643,218.5139318885449
1_1_1_1_1_1_1_0_1_0_1_1_1_1_0_1_0_0_0_1_0_0_1_1_1_0_1_1_0_1_1_1_1_0_0_0_1_0,1,0.00018333333333333334,4.189935029992179e-5,0.25308641975308643,155.03968253968253
1_1_1_0_1_0_0_0_0_1_0_1_1_1_0_0_0_1_1_0_1_1_1_0_0_1_0_0_1_1_1_1_1_1_0_0_0_0,1,0.00018333333333333334,4.714045207910317e-6,0.29012345679012347,202.64132553606237
1_0_1_1_1_0_0_0_0_1_1_0_1_1_1_1_1_1_1_1_0_0_0_0_1_1_1_1_1_1_0_1_1_0_0_0_1_0,1,0.00018333333333333334,1.247219128924647e-5,0.25925925925925924,230.6830065359477
0_1_0_1_1_1_1_0_1_0_1_1_0_1_0_0_0_0_1_1_1_1_0_0_0_1_1_1_1_0_1_1_0_1_0_0_1_0,1,0.0001833333333333333,4.7140452079103176e-5,0.24691358024691357,163.86666666666667
1_1_1_1_1_1_0_0_0_1_1_0_1_1_0_1_0_1_0_1_0_0_0_1_1_0_1_1_0_1_1_1_1_1_0_0_1_0,1,0.0001833333333333333,3.299831645537223e-5,0.2654320987654321,194.31989063568008
0_1_0_1_1_1_1_0_1_0_0_1_0_1_0_0_0_0_0_1_0_0_1_1_0_0_1_1_0_0_1_1_0_1_0_0_1_1,1,0.0001833333333333333,3.0912061651652355e-5,0.2345679012345679,151.30158730158732
1_0_1_0_0_0_0_1_0_1_1_0_1_0_1_1_1_1_0_0_0_0_1_1_1_0_0_0_0_1_0_0_1_0_1_1_0_0,1,0.0001833333333333333,3.299831645537223e-5,0.22839506172839505,132.15880610617452
0_0_0_0_0_0_0_1_1_0_0_1_0_0_1_0_1_0_0_0_0_0_1_1_0_0_0_0_0_0_0_0_0_0_1_1_0_1,1,0.00018,3.7416573867739416e-5,0.2716049382716049,159.10242357812692
1_1_1_1_1_1_1_0_0_1_1_1_1_1_1_1_1_1_0_1_1_1_0_1_1_0_1_1_0_1_0_1_1_1_0_0_1_0,1,0.00018,3.5590260840104375e-5,0.25925925925925924,234.3405797101449
1_0_1_0_0_0_0_1_0_1_0_0_1_0_1_1_1_1_1_0_1_1_1_0_1_1_0_0_1_1_0_0_1_0_1_1_0_1,1,0.00018,3.5590260840104375e-5,0.24691358024691357,164.40096618357487
0_0_0_0_0_0_0_1_0_0_0_0_1_1_1_0_1_1_1_0_0_0_1_0_0_1_0_0_1_0_0_0_1_0_0_1_0_0,1,0.00018,2.82842712474619e-5,0.25308641975308643,222.00757575757575
1_1_1_0_1_1_1_0_0_1_1_1_0_1_0_0_0_0_1_1_1_1_1_0_1_1_1_1_1_1_1_1_1_1_0_0_0_0,1,0.00018,2.1602468994692865e-5,0.2839506172839506,227.64822595704948
1_0_1_0_0_0_0_1_0_1_0_0_1_0_1_1_1_1_0_0_0_0_1_1_1_0_0_0_0_1_0_0_1_0_1_1_0_1,1,0.00018,3.741657386773942e-5,0.24691358024691357,184.7058823529412
1_0_1_0_0_0_0_1_0_1_1_0_1_1_1_1_1_1_0_0_0_0_1_0_1_1_0_0_1_1_1_0_1_1_0_0_0_0,1,0.00018,2.1602468994692865e-5,0.25925925925925924,193.3846872082166
1_1_1_1_1_0_0_0_1_0_1_1_1_1_0_1_0_0_1_1_1_1_1_0_1_1_1_1_1_1_1_1_0_0_0_0_1_0,1,0.00018,1.414213562373095e-5,0.25925925925925924,156.77450980392157
1_1_1_1_1_1_1_0_0_1_1_1_0_0_0_1_0_0_1_1_1_1_1_0_1_1_1_1_1_1_1_1_1_1_1_1_1_1,1,0.00018,1.414213562373095e-5,0.2962962962962963,208.26470588235293
1_1_1_1_1_1_1_0_1_1_1_0_1_1_0_0_0_0_1_1_1_1_1_0_0_1_1_1_1_1_1_1_0_1_0_0_1_0,1,0.0001766666666666667,4.714045207910317e-6,0.29012345679012347,201.65577342047928
0_1_0_1_1_1_1_0_1_1_1_0_1_1_0_0_0_0_1_1_1_1_0_0_1_1_1_1_1_0_1_1_0_1_0_0_1_0,1,0.0001766666666666667,1.6996731711975947e-5,0.24691358024691357,202.45833333333334
0_1_0_1_1_1_1_0_1_0_1_1_1_1_0_1_0_0_1_1_1_1_1_1_1_0_1_1_0_0_1_1_0_1_0_0_1_0,1,0.0001766666666666667,2.6246692913372715e-5,0.20987654320987653,178.8145363408521
0_0_0_0_0_0_0_1_1_0_0_0_0_0_1_1_1_1_1_0_1_1_1_0_0_1_0_0_1_0_0_0_0_0_1_1_0_1,1,0.0001766666666666667,5.4365021434333636e-5,0.2777777777777778,250.63780663780665
0_0_0_1_1_1_1_1_1_0_1_0_1_1_1_0_1_0_1_1_1_1_1_0_0_1_1_1_1_0_1_0_0_0_0_0_1_0,1,0.00017666666666666666,3.091206165165235e-5,0.32098765432098764,236.62121212121212
1_0_1_0_0_0_0_1_0_1_0_0_1_1_1_0_1_1_1_0_1_1_0_0_0_1_0_0_1_1_0_0_1_1_0_0_0_0,1,0.00017666666666666666,2.0548046676563263e-5,0.25925925925925924,191.5925925925926
1_0_1_0_0_0_0_1_0_1_0_0_0_0_1_0_1_1_1_0_1_1_1_1_0_0_0_0_0_1_0_0_1_0_1_1_0_1,1,0.00017666666666666666,4.921607686744467e-5,0.2037037037037037,148.4558823529412
0_0_0_0_0_0_0_1_1_0_0_0_1_1_1_0_1_1_0_0_0_0_1_1_0_0_0_0_0_0_0_0_0_0_0_0_0_0,1,0.00017666666666666666,3.681787005729088e-5,0.29012345679012347,224.23206423206423
1_0_1_0_0_0_0_1_0_1_0_0_0_0_1_0_1_1_1_0_1_1_0_1_0_0_0_0_0_1_0_0_1_0_1_1_0_1,1,0.00017666666666666666,3.299831645537223e-5,0.20987654320987653,172.71794871794873
1_0_1_1_1_1_0_0_0_1_1_1_1_1_1_1_1_1_0_1_0_0_0_1_1_0_1_1_0_1_0_1_1_0_0_0_1_0,1,0.00017333333333333336,9.428090415820634e-6,0.24074074074074073,203.35648148148144
0_1_0_1_1_1_1_0_1_0_1_1_1_1_0_1_0_0_1_1_1_1_0_1_1_0_1_1_0_0_1_1_0_1_0_0_1_0,1,0.00017333333333333336,1.699673171197596e-5,0.2037037037037037,153.88888888888889
0_1_0_1_1_0_1_0_1_0_0_1_0_0_0_0_0_0_0_1_0_0_0_0_0_1_1_1_1_0_0_1_0_0_1_1_1_1,1,0.00017333333333333336,4.714045207910317e-6,0.2716049382716049,248.7037037037037
1_1_1_1_1_1_1_0_0_1_1_1_0_0_0_1_0_0_1_1_1_1_0_0_1_1_1_1_1_1_1_1_1_1_1_1_1_1,1,0.00017333333333333336,5.557777333511022e-5,0.29012345679012347,227.18888888888887
0_1_0_0_0_0_1_1_1_0_0_1_0_0_0_0_0_0_1_0_1_1_0_1_0_0_0_0_0_0_0_0_0_0_1_1_0_1,1,0.00017333333333333336,3.299831645537223e-5,0.2777777777777778,249.43630443630445
1_1_1_1_1_1_1_0_1_1_1_0_1_1_1_1_1_1_1_1_1_1_0_1_1_0_1_1_0_1_0_1_0_1_0_0_1_0,1,0.00017333333333333336,1.247219128924647e-5,0.25925925925925924,193.6061661506708
1_1_1_1_1_1_1_0_1_1_1_1_0_0_0_0_0_0_0_1_0_0_0_1_1_0_1_1_0_1_1_1_0_1_1_0_1_0,1,0.00017333333333333336,4.109609335312651e-5,0.24074074074074073,168.44276094276094
0_0_0_0_0_0_1_1_1_0_0_1_0_0_1_0_1_0_0_0_0_0_1_1_0_0_0_0_0_0_0_0_0_0_1_1_0_1,1,0.00017333333333333336,1.247219128924647e-5,0.2654320987654321,172.9702012383901
0_0_0_0_0_0_0_1_1_0_0_0_1_1_1_0_1_1_1_0_1_1_0_0_0_1_0_0_1_0_0_0_0_0_0_0_0_0,1,0.00017333333333333336,1.8856180831641267e-5,0.2962962962962963,208.08333333333334
1_1_1_0_1_0_0_0_0_1_0_1_0_1_0_0_0_1_1_0_1_1_1_0_0_1_0_0_1_1_1_1_1_1_0_0_0_0,1,0.0001733333333333333,1.699673171197596e-5,0.2962962962962963,193.6315789473684
0_0_0_0_0_1_1_1_1_0_0_1_0_0_1_0_1_0_1_1_1_1_1_0_0_1_1_1_1_0_0_0_0_0_1_1_1_1,1,0.00017,8.16496580927726e-6,0.25925925925925924,163.8044662309368
1_1_1_1_1_1_1_0_0_1_1_0_1_1_0_1_0_1_0_1_0_0_0_1_1_0_1_1_0_1_1_1_1_1_0_0_1_0,1,0.00017,2.1602468994692878e-5,0.2716049382716049,189.50710108604846
0_1_0_1_1_1_1_0_1_0_1_1_1_1_0_1_0_0_0_1_1_1_0_1_1_0_1_1_0_0_1_1_0_1_0_0_1_0,1,0.00017,8.16496580927726e-6,0.2037037037037037,184.49346405228758
1_1_1_1_1_1_1_0_1_1_1_0_1_1_0_0_0_0_0_1_0_0_0_1_1_0_1_1_0_1_1_1_0_1_0_0_1_0,1,0.00017,2.94392028877595e-5,0.2777777777777778,197.08404558404558
0_0_0_0_0_0_0_1_0_0_0_0_1_1_1_0_1_1_1_0_1_1_1_1_0_0_0_0_0_0_0_0_1_0_0_1_0_0,1,0.00017,5.887840577551898e-5,0.25308641975308643,259.083820662768
0_1_0_0_0_0_1_1_1_0_0_0_0_0_0_0_0_0_1_0_1_1_1_0_0_1_0_0_1_0_1_0_0_1_1_1_0_1,1,0.00017,3.559026084010438e-5,0.24074074074074073,199.1255411255411
1_0_1_0_0_0_0_1_0_1_1_0_1_1_1_1_1_1_0_0_1_1_1_1_1_0_0_0_0_1_1_0_1_1_0_0_0_0,1,0.00017,4.320493798938574e-5,0.25925925925925924,212.4682274247492
1_1_1_1_1_1_1_0_1_1_1_1_0_0_0_0_0_0_1_1_1_1_0_0_1_1_1_1_1_1_1_1_0_1_1_0_1_0,1,0.00017,1.632993161855453e-5,0.24074074074074073,180.05572755417958
0_0_0_0_0_0_0_1_1_0_0_1_0_0_1_0_1_0_0_0_0_0_0_1_0_0_0_0_0_0_0_0_0_0_1_1_0_1,1,0.00017,4.0824829046386304e-5,0.2777777777777778,180.33125371360666
1_1_1_1_1_1_1_0_1_1_1_0_0_1_0_0_0_0_0_1_0_0_1_1_0_0_1_1_0_1_1_1_0_1_0_0_1_0,1,0.00016666666666666666,2.494438257849295e-5,0.2962962962962963,175.75
1_1_1_1_1_1_0_0_0_1_1_0_1_1_0_1_0_1_1_1_1_1_1_0_1_1_1_1_1_1_1_1_1_1_0_0_1_0,1,0.00016666666666666666,2.8674417556808764e-5,0.2716049382716049,165.60708898944193
1_1_1_1_1_1_1_0_0_1_1_1_1_1_1_1_1_1_1_1_0_0_0_0_1_1_1_1_1_1_0_1_1_1_0_0_1_0,1,0.00016666666666666666,1.6996731711975957e-5,0.25925925925925924,197.11769005847955
0_0_0_0_0_0_1_1_1_0_0_1_0_0_1_0_1_0_1_0_1_1_1_0_0_1_0_0_1_0_0_0_0_0_1_1_0_1,1,0.00016666666666666666,9.428090415820634e-6,0.2654320987654321,183.68055555555554
0_1_0_1_1_1_1_0_1_0_0_1_0_1_0_0_0_0_0_1_0_0_0_1_0_0_1_1_0_0_0_1_0_0_0_0_1_1,1,0.00016666666666666666,4.496912521077348e-5,0.2654320987654321,173.37235228539575
0_1_0_1_1_1_1_0_1_0_1_1_1_1_0_1_0_0_1_1_0_0_1_0_1_1_1_1_1_0_1_1_0_1_0_0_1_0,1,0.00016666666666666666,1.2472191289246484e-5,0.20987654320987653,153.62091503267973
0_0_0_0_0_0_0_1_1_0_0_0_0_0_0_0_0_0_0_0_1_1_1_1_0_0_0_0_0_0_1_0_0_0_1_1_0_1,1,0.00016666666666666666,2.0548046676563267e-5,0.25925925925925924,185.35014005602238
0_0_0_0_0_0_0_1_0_0_0_1_0_0_0_0_0_0_0_0_0_0_1_0_0_1_0_0_1_0_1_0_1_0_1_1_0_1,1,0.00016333333333333334,3.299831645537223e-5,0.25925925925925924,178.96825396825398
1_0_1_1_1_0_0_0_0_1_1_0_1_1_1_1_1_1_0_1_0_0_1_1_1_0_1_1_0_1_0_1_1_0_0_0_1_0,1,0.00016333333333333334,9.428090415820645e-6,0.24691358024691357,185.34640522875816
1_1_1_0_1_1_1_0_0_1_1_1_0_1_0_0_0_0_0_1_0_0_1_1_1_0_1_1_0_1_1_1_1_1_0_0_0_0,1,0.00016333333333333334,4.189935029992179e-5,0.2839506172839506,208.47474747474746
1_1_1_1_1_1_1_0_1_1_1_0_1_1_1_1_1_1_0_1_1_1_0_1_1_0_1_1_0_1_0_1_0_1_0_0_1_0,1,0.00016333333333333334,2.0548046676563263e-5,0.25925925925925924,194.66322055137843
1_0_1_0_0_0_0_1_0_1_0_0_0_0_1_1_1_1_1_0_1_1_1_0_1_1_0_0_1_1_0_0_1_1_1_1_0_1,1,0.00016333333333333334,2.8674417556808764e-5,0.24691358024691357,176.48717948717947
0_1_0_1_1_1_1_0_1_0_0_1_0_1_0_0_0_0_1_1_1_1_1_0_0_1_1_1_1_0_1_1_0_1_0_0_1_1,1,0.00016333333333333334,2.0548046676563263e-5,0.2345679012345679,155.44329573934837
0_0_0_0_0_0_0_1_0_0_0_1_0_0_1_1_1_1_0_0_0_0_0_1_0_0_0_0_0_0_0_0_1_0_1_1_0_1,1,0.00016333333333333334,3.091206165165235e-5,0.2839506172839506,175.69200779727097
1_1_1_1_1_1_1_0_1_0_1_1_1_1_0_1_0_0_1_1_1_1_1_0_1_1_1_1_1_1_1_1_1_0_0_0_1_0,1,0.00016333333333333334,2.0548046676563263e-5,0.25308641975308643,146.43953634085213
0_0_0_1_0_0_0_1_0_0_0_0_1_1_1_0_1_1_1_0_0_0_0_0_0_1_0_0_1_0_0_0_1_0_0_1_0_0,1,0.00016333333333333334,2.6246692913372715e-5,0.25308641975308643,200.2698412698413
0_0_0_0_0_0_0_1_1_0_0_1_0_0_1_0_1_0_1_0_1_1_1_0_0_1_0_0_1_0_0_0_0_0_1_1_0_1,1,0.00016333333333333334,4.109609335312651e-5,0.2716049382716049,194.50555979967748
0_1_0_1_1_1_1_0_1_0_1_1_1_1_0_1_0_0_0_1_0_0_0_0_1_1_1_1_1_0_1_1_0_1_0_0_1_0,1,0.00016,3.2659863237109046e-5,0.2037037037037037,156.58333333333334
1_1_1_1_1_1_1_0_1_1_1_0_1_1_0_0_0_0_1_1_1_1_1_0_1_1_1_1_1_1_1_1_0_1_0_0_1_0,1,0.00016,2.1602468994692878e-5,0.2839506172839506,215.47511312217193
1_0_1_0_0_0_0_1_0_1_1_0_1_0_1_1_1_1_0_0_0_0_0_1_1_0_0_0_0_1_0_0_1_0_1_1_0_0,1,0.00016,2.1602468994692878e-5,0.2345679012345679,163.51294903926484
0_0_0_0_0_1_1_1_0_1_0_0_0_0_1_0_1_1_1_0_1_1_0_0_0_1_0_0_1_0_0_0_1_1_1_1_0_1,1,0.00016,2.8284271247461906e-5,0.25925925925925924,159.9074074074074
0_0_0_1_0_0_0_1_1_0_0_0_1_0_0_1_0_0_1_0_1_1_1_0_0_1_0_0_1_0_1_0_0_0_1_1_1_1,1,0.00016,2.1602468994692878e-5,0.29012345679012347,220.56140350877195
1_1_1_1_1_1_1_0_0_1_1_0_1_1_0_1_0_1_1_1_1_1_1_0_1_1_1_1_1_1_1_1_1_1_0_0_1_0,1,0.00016,5.6568542494923805e-5,0.2777777777777778,195.13888888888889
0_0_0_0_0_0_0_1_0_1_0_0_1_1_1_0_1_1_1_0_1_1_0_0_0_1_0_0_1_0_0_0_1_0_0_0_0_0,1,0.00016,2.1602468994692878e-5,0.25925925925925924,165.13784461152883
1_1_1_1_1_0_0_0_1_0_1_1_1_1_0_1_0_0_0_1_0_0_1_1_1_0_1_1_0_1_1_1_0_0_0_0_1_0,1,0.00016,3.2659863237109046e-5,0.25925925925925924,177.13888888888889
0_0_0_0_0_0_0_1_0_0_0_1_0_0_0_0_0_0_0_0_1_1_1_1_0_0_0_0_0_0_1_0_1_0_1_1_0_1,1,0.00016,2.8284271247461906e-5,0.25925925925925924,192.2222222222222
0_0_0_0_0_0_0_1_0_0_0_1_0_0_1_0_1_1_0_0_1_1_0_1_0_0_0_0_0_0_0_0_1_0_1_1_0_1,1,0.00015999999999999999,8.16496580927727e-6,0.2654320987654321,181.16584967320262
1_0_1_1_1_1_0_0_0_1_1_0_1_1_1_1_1_1_1_1_1_1_1_0_1_1_1_1_1_1_0_1_1_0_0_0_1_0,1,0.00015999999999999999,1.632993161855453e-5,0.24691358024691357,191.87830687830686
0_0_0_1_0_0_0_1_1_0_0_0_1_0_1_1_1_1_0_0_0_0_0_1_0_0_0_0_0_0_0_0_0_0_1_1_1_1,1,0.00015999999999999999,2.1602468994692878e-5,0.2839506172839506,186.49122807017545
1_1_1_0_1_1_1_0_1_1_1_1_0_0_0_1_0_0_1_1_1_1_1_1_1_0_1_1_0_1_1_1_0_1_1_0_1_1,1,0.00015999999999999999,2.94392028877595e-5,0.25308641975308643,213.45726495726498
0_1_0_1_1_1_1_0_1_0_1_1_0_0_0_1_0_0_1_1_1_1_1_0_1_1_1_1_1_0_1_1_0_0_1_1_1_1,1,0.00015999999999999999,2.4494897427831788e-5,0.25925925925925924,198.68758434547908
1_0_1_1_1_1_1_0_1_1_1_0_1_1_1_1_1_1_1_1_0_0_0_0_1_1_1_1_1_1_0_1_0_0_0_0_1_0,1,0.00015999999999999999,1.4142135623730961e-5,0.2654320987654321,246.2962962962963
1_0_1_0_0_0_0_1_0_0_0_1_0_0_1_1_1_1_0_0_0_0_1_1_0_0_0_0_0_1_0_0_1_0_1_1_0_1,1,0.00015999999999999999,4.242640687119286e-5,0.24691358024691357,190.71095571095574
0_0_0_0_0_0_0_1_0_0_0_0_1_1_1_1_1_1_0_0_0_0_1_1_0_0_0_0_0_0_0_0_1_0_0_1_0_1,1,0.00015999999999999999,2.828427124746191e-5,0.24074074074074073,156.66666666666666
0_0_0_0_0_0_0_1_0_0_0_1_0_0_1_0_1_1_0_0_1_1_1_1_0_0_0_0_0_0_0_0_1_0_1_1_0_1,1,0.0001566666666666667,1.8856180831641277e-5,0.25925925925925924,174.05731523378583
1_0_1_1_1_1_0_0_0_1_1_0_1_1_1_1_1_1_1_1_0_0_0_0_1_1_1_1_1_1_0_1_1_1_0_0_1_0,1,0.0001566666666666667,2.0548046676563267e-5,0.2654320987654321,210.79594017094016
1_1_1_1_1_1_1_0_0_1_1_1_1_1_0_0_0_0_1_1_1_1_0_0_1_1_1_1_1_1_1_1_1_1_0_0_1_0,1,0.0001566666666666667,1.2472191289246484e-5,0.2777777777777778,224.71638655462186
0_0_0_0_0_0_0_1_0_0_0_0_1_1_1_1_1_1_1_0_1_1_1_0_0_1_0_0_1_0_0_0_1_0_0_1_0_1,1,0.0001566666666666667,3.299831645537222e-5,0.24074074074074073,186.94444444444443
0_0_0_0_0_0_0_1_0_0_0_0_1_1_1_0_1_1_0_0_1_1_1_1_0_0_0_0_0_0_0_0_1_0_0_1_0_0,1,0.0001566666666666667,1.8856180831641277e-5,0.25308641975308643,218.53695324283558
0_1_0_0_0_0_1_1_1_0_0_1_0_0_0_0_0_0_0_0_1_1_0_1_0_0_0_0_0_0_0_0_0_0_1_1_0_1,1,0.0001566666666666667,4.7140452079103295e-6,0.2777777777777778,244.94444444444446
1_1_1_1_1_1_1_0_0_1_1_1_1_1_0_0_0_0_0_1_0_0_0_1_1_0_1_1_0_1_1_1_1_1_0_0_1_0,1,0.0001566666666666667,2.0548046676563267e-5,0.2777777777777778,232.54451566951568
1_1_1_0_1_0_0_0_0_1_0_1_0_1_0_0_0_1_0_0_0_0_0_1_0_0_0_0_0_1_0_1_1_1_0_0_0_0,1,0.0001566666666666667,2.867441755680876e-5,0.30864197530864196,195.14619883040936
1_1_1_1_1_1_1_0_0_1_1_0_1_1_0_1_0_1_1_1_1_1_0_0_1_1_1_1_1_1_1_1_1_1_0_0_1_0,1,0.0001566666666666667,2.624669291337271e-5,0.2716049382716049,191.54684095860566
0_0_0_1_1_1_1_1_1_0_1_0_1_1_1_0_1_0_0_1_0_0_1_1_0_0_1_1_0_0_1_0_0_0_0_0_1_0,1,0.0001566666666666667,1.8856180831641277e-5,0.32098765432098764,242.20211161387633
1_1_1_1_1_0_0_0_0_1_1_0_1_1_0_1_0_1_1_0_1_1_0_0_1_1_0_0_1_1_1_1_1_1_0_0_0_0,1,0.0001566666666666667,4.189935029992179e-5,0.25925925925925924,169.08823529411765
0_0_0_0_0_0_0_1_0_1_0_0_1_0_1_0_1_1_1_0_1_1_0_0_1_1_0_0_1_0_0_0_1_1_1_1_0_0,1,0.0001566666666666667,4.027681991198191e-5,0.2962962962962963,184.7777777777778
0_1_0_1_1_1_1_0_1_1_1_0_1_1_0_0_0_0_0_1_0_0_1_1_0_0_1_1_0_0_1_1_0_1_0_0_1_0,1,0.00015666666666666666,2.494438257849295e-5,0.25925925925925924,209.37921727395414
0_1_0_0_0_0_1_1_1_0_0_1_0_0_0_0_0_0_0_0_1_1_1_1_0_0_0_0_0_0_1_0_0_0_1_1_0_1,1,0.00015666666666666666,2.494438257849295e-5,0.2654320987654321,217.8101664417454
1_0_1_1_1_1_0_0_0_1_1_0_1_1_1_1_1_1_1_1_0_0_1_0_1_1_1_1_1_1_1_1_1_1_0_0_1_0,1,0.00015666666666666666,1.2472191289246484e-5,0.2777777777777778,250.93662464985997
0_0_0_0_0_0_0_1_0_0_0_1_0_0_0_0_0_0_1_0_0_0_1_0_0_1_0_0_1_0_1_0_1_0_1_1_0_1,1,0.00015666666666666666,2.3570226039551595e-5,0.25925925925925924,176.41604010025063
1_1_1_1_1_1_1_0_1_1_1_0_1_1_0_0_0_0_0_1_0_0_0_1_0_0_1_1_0_1_1_1_0_1_0_0_1_0,1,0.00015666666666666663,9.428090415820645e-6,0.2839506172839506,201.45098039215688
1_1_1_0_1_0_0_0_0_1_0_1_1_1_0_0_0_1_0_0_0_0_0_1_0_0_0_0_0_1_0_1_1_1_0_0_0_0,1,0.00015333333333333337,3.091206165165235e-5,0.30246913580246915,228.30263418498714
1_1_1_1_1_0_0_0_0_1_1_0_1_1_0_1_0_1_0_0_0_0_0_1_1_0_0_0_0_1_1_1_1_1_0_0_0_0,1,0.00015333333333333334,3.091206165165235e-5,0.25925925925925924,162.1113091701327
0_1_0_1_1_1_1_0_1_0_0_1_0_1_0_0_0_0_0_1_0_0_0_1_0_0_1_1_0_0_1_1_0_0_0_0_1_1,1,0.00015333333333333334,4.027681991198191e-5,0.24691358024691357,159.6978021978022
0_1_0_1_1_1_1_0_1_0_1_1_1_1_0_1_0_0_0_1_0_0_1_0_1_1_1_1_1_0_1_1_0_1_0_0_1_0,1,0.00015333333333333334,2.3570226039551588e-5,0.20987654320987653,165.47385620915034
0_0_0_1_0_1_1_1_1_0_1_0_1_0_1_1_1_0_0_1_0_0_0_1_1_0_1_1_0_0_0_0_0_0_1_1_1_1,1,0.00015333333333333334,4.7140452079103295e-6,0.2962962962962963,169.79166666666669
1_1_1_0_1_0_0_0_0_1_0_1_1_1_0_0_0_1_1_0_1_1_0_0_0_1_0_0_1_1_0_1_1_1_0_0_0_0,1,0.00015333333333333334,1.699673171197596e-5,0.30246913580246915,221.36029411764707
1_1_1_1_1_1_1_0_1_1_1_0_0_1_0_0_0_0_1_1_1_1_1_0_0_1_1_1_1_1_1_1_0_1_0_0_1_0,1,0.00015333333333333334,3.091206165165235e-5,0.2962962962962963,174.41968706674592
1_0_1_1_1_1_0_0_0_1_1_0_1_1_1_1_1_1_0_1_0_0_1_0_1_1_1_1_1_1_1_1_1_1_0_0_1_0,1,0.00015333333333333334,2.4944382578492947e-5,0.2777777777777778,235.3472222222222
1_0_1_0_0_1_0_1_0_1_0_0_0_0_1_1_1_1_1_0_1_1_1_0_1_1_0_0_1_1_1_0_1_1_1_1_0_1,1,0.00015333333333333334,4.7140452079103295e-6,0.2777777777777778,166.2638888888889
1_0_1_0_0_0_0_1_0_0_0_1_0_0_1_1_1_1_1_0_1_1_0_0_0_1_0_0_1_1_0_0_1_0_1_1_0_1,1,0.00015333333333333334,2.4944382578492947e-5,0.25308641975308643,176.18055555555557
0_0_0_0_0_1_1_1_0_1_0_0_0_0_1_0_1_1_0_0_0_0_0_1_0_0_0_0_0_0_0_0_1_1_1_1_0_1,1,0.00015333333333333334,3.091206165165235e-5,0.25925925925925924,148.47989700930876
0_0_0_0_0_0_0_1_0_0_0_1_0_0_1_0_1_0_0_0_0_0_1_0_0_1_0_0_1_0_0_0_1_0_1_1_0_1,1,0.00015333333333333334,1.8856180831641277e-5,0.25308641975308643,230.92592592592595
1_0_1_0_0_0_0_1_0_0_0_1_0_0_1_1_1_1_0_0_0_0_1_1_1_0_0_0_0_1_0_0_1_0_1_1_0_1,1,0.00015333333333333334,4.7140452079103295e-6,0.25308641975308643,207.04166666666666
1_0_1_0_0_0_0_1_0_0_0_1_0_0_1_1_1_1_0_0_0_0_0_1_1_0_0_0_0_1_0_0_1_0_1_1_0_1,1,0.00015333333333333334,2.4944382578492947e-5,0.25925925925925924,194.97685185185185
0_0_0_0_0_0_0_1_1_0_0_0_0_1_0_1_0_1_1_0_1_1_1_0_0_1_0_0_1_0_1_0_0_0_0_1_0_1,1,0.00015000000000000001,2.8284271247461906e-5,0.3271604938271605,231.53297682709447
0_1_0_1_1_1_1_0_1_0_1_1_1_1_0_0_0_0_0_1_0_0_0_1_0_0_1_1_0_0_0_1_0_0_0_0_1_0,1,0.00015000000000000001,3.2659863237109046e-5,0.2654320987654321,157.21531100478467
1_0_1_1_1_1_0_0_0_1_1_0_1_1_1_1_1_1_0_1_0_0_0_0_1_1_1_1_1_1_0_1_1_1_0_0_1_0,1,0.00015000000000000001,2.9439202887759494e-5,0.2654320987654321,194.52441077441077
0_1_0_1_1_1_1_0_1_1_1_0_1_1_0_0_0_0_1_1_1_1_1_0_1_1_1_1_1_0_1_1_0_1_0_0_1_0,1,0.00015000000000000001,2.8284271247461906e-5,0.25308641975308643,172.0677361853832
1_0_1_1_1_0_0_0_0_1_1_0_1_1_1_1_1_1_1_1_1_1_0_1_1_0_1_1_0_1_0_1_1_0_0_0_1_0,1,0.00015,8.16496580927727e-6,0.25925925925925924,232.84325396825398
0_1_0_1_1_1_1_0_1_0_1_1_1_1_0_1_0_0_0_1_1_1_1_1_1_0_1_1_0_0_1_1_0_1_0_0_1_0,1,0.00015,2.1602468994692878e-5,0.20987654320987653,165.46601546601548
1_0_1_1_1_1_0_0_0_1_1_0_1_1_1_1_1_1_0_1_0_0_1_1_1_0_1_1_0_1_0_1_1_0_0_0_1_0,1,0.00015,2.160246899469287e-5,0.24691358024691357,219.6200980392157
1_0_1_0_0_1_0_1_0_1_1_0_1_1_1_1_1_1_1_0_0_0_1_0_1_1_0_0_1_1_1_0_1_1_0_0_0_0,1,0.00015,2.4494897427831785e-5,0.2716049382716049,237.4259259259259
1_1_1_0_1_1_1_0_1_1_1_1_0_1_0_0_0_0_1_1_1_1_1_1_1_0_1_1_0_1_1_1_0_1_0_0_1_0,1,0.00015,6.377042156569664e-5,0.24074074074074073,165.13636363636363
0_0_0_0_0_0_0_1_1_0_0_1_0_0_1_0_1_0_1_0_1_1_0_0_0_1_0_0_1_0_0_0_0_0_1_1_0_1,1,0.00015,0.0,0.2777777777777778,191.7777777777778
0_0_0_0_0_0_0_1_1_0_0_0_0_0_0_0_0_0_0_0_0_0_1_0_0_1_0_0_1_0_1_0_0_0_1_1_0_1,1,0.0001466666666666667,2.624669291337271e-5,0.25925925925925924,190.56261140819961
1_1_1_1_1_1_1_0_1_1_1_0_1_1_1_1_1_1_1_1_0_0_0_0_1_1_1_1_1_1_0_1_0_1_0_0_1_0,1,0.0001466666666666667,3.39934634239519e-5,0.25925925925925924,195.5972222222222
1_0_1_0_0_0_0_1_0_0_0_1_0_0_1_1_1_1_1_0_1_1_1_0_1_1_0_0_1_1_0_0_1_0_1_1_0_1,1,0.00014666666666666666,2.624669291337271e-5,0.25308641975308643,207.91666666666666
0_1_0_1_1_0_1_0_1_0_1_1_1_1_0_0_0_0_1_1_1_1_0_0_0_1_1_1_1_0_0_1_0_0_0_0_1_0,1,0.00014666666666666666,2.867441755680876e-5,0.2777777777777778,187.06397306397307
1_0_1_0_0_0_0_1_0_1_1_0_1_0_1_1_1_1_0_0_0_0_1_1_1_0_0_0_0_1_0_0_1_1_1_1_0_0,1,0.00014666666666666666,9.428090415820645e-6,0.24691358024691357,171.3392857142857
1_0_1_0_0_0_0_1_0_1_0_0_0_0_1_0_1_1_1_0_0_0_1_0_0_1_0_0_1_1_0_0_1_0_1_1_0_1,1,0.00014666666666666666,2.3570226039551595e-5,0.2037037037037037,165.59829059829062
0_1_0_0_0_0_0_1_0_0_0_1_0_0_0_0_0_0_1_0_1_1_1_1_0_0_0_0_0_0_1_0_1_1_1_1_0_1,1,0.00014666666666666666,1.247219128924648e-5,0.2654320987654321,266.3344017094017
1_1_1_1_1_1_1_0_1_1_1_0_1_1_0_1_0_1_0_1_0_0_0_0_1_1_1_1_1_1_1_1_0_1_0_0_1_0,1,0.00014666666666666666,5.312459150169742e-5,0.25308641975308643,196.5873015873016
1_1_1_1_1_1_1_0_0_1_1_0_1_1_0_1_0_1_0_1_0_0_1_1_1_0_1_1_0_1_1_1_1_1_0_0_1_0,1,0.00014666666666666666,1.699673171197596e-5,0.2777777777777778,180.8371040723982
1_0_1_1_1_1_0_0_0_1_1_0_1_1_1_1_1_1_1_1_1_1_1_0_1_1_1_1_1_1_0_1_1_1_0_0_1_0,1,0.00014666666666666666,2.0548046676563257e-5,0.25308641975308643,173.26470588235293
0_1_0_1_1_1_1_0_1_0_1_1_0_0_0_1_0_0_0_1_0_0_1_1_1_0_1_1_0_0_1_1_0_1_1_1_1_1,1,0.00014666666666666666,9.428090415820645e-6,0.24074074074074073,160.0
0_0_0_0_0_1_1_1_0_1_0_0_0_0_1_0_1_1_0_0_0_0_1_1_0_0_0_0_0_0_0_0_1_1_1_1_0_1,1,0.00014666666666666666,2.4944382578492947e-5,0.25308641975308643,141.09788359788357
0_0_0_1_0_0_0_1_1_0_0_0_0_0_1_0_1_1_1_0_1_1_0_1_0_0_0_0_0_0_0_0_0_0_1_1_1_1,1,0.00014333333333333334,3.299831645537222e-5,0.24691358024691357,210.66666666666666
0_0_0_0_0_0_0_1_1_0_0_0_1_1_1_0_1_1_0_0_0_0_0_1_0_0_0_0_0_0_0_0_0_0_0_0_0_0,1,0.00014333333333333334,4.109609335312651e-5,0.2962962962962963,233.4307992202729
1_1_1_0_1_1_1_0_1_1_1_1_0_1_0_0_0_0_0_1_1_1_1_1_1_0_1_1_0_1_1_1_0_1_0_0_1_0,1,0.00014333333333333334,2.3570226039551588e-5,0.24074074074074073,146.43939393939394
0_1_0_0_0_0_0_1_0_0_0_1_0_0_0_0_0_0_1_0_0_0_1_0_0_1_0_0_1_0_1_0_1_1_1_1_0_1,1,0.00014333333333333334,5.312459150169742e-5,0.2654320987654321,246.2698412698413
0_0_0_0_0_0_1_1_1_0_0_1_0_0_1_0_1_0_1_0_1_1_0_0_0_1_0_0_1_0_0_0_0_0_1_1_0_1,1,0.00014333333333333334,4.109609335312651e-5,0.2716049382716049,152.76023391812865
1_1_1_0_1_0_0_0_0_1_0_1_0_1_0_0_0_1_0_0_0_0_1_1_0_0_0_0_0_1_1_1_1_1_0_0_0_0,1,0.00014333333333333334,4.921607686744467e-5,0.2962962962962963,184.94444444444446
0_0_0_1_0_0_0_1_0_0_0_0_1_1_1_1_1_1_0_0_1_1_0_1_1_0_0_0_0_0_0_0_1_0_0_1_0_1,1,0.00014333333333333334,2.624669291337271e-5,0.25308641975308643,147.22934472934472
0_1_0_1_1_0_1_0_1_0_0_1_0_0_0_0_0_0_1_1_1_1_0_1_0_0_1_1_0_0_0_1_0_0_1_1_1_1,1,0.00014333333333333334,4.714045207910317e-6,0.2716049382716049,208.38095238095238
1_0_1_0_0_0_0_1_0_0_0_1_0_0_1_1_1_1_0_0_0_0_0_1_0_0_0_0_0_1_0_0_1_0_1_1_0_1,1,0.00014333333333333334,1.699673171197595e-5,0.25308641975308643,189.63888888888889
0_1_0_0_0_0_0_1_0_0_0_1_0_0_0_0_0_0_0_0_1_1_1_1_0_0_0_0_0_0_1_0_1_1_1_1_0_1,1,0.00014333333333333334,4.714045207910317e-6,0.2654320987654321,268.4126984126984
0_0_0_1_0_0_0_1_0_0_0_0_1_1_1_1_1_1_1_0_0_0_0_0_1_1_0_0_1_0_0_0_1_0_0_1_0_1,1,0.00014333333333333334,4.714045207910317e-6,0.25308641975308643,161.06349206349208
1_1_1_1_1_1_1_0_1_1_1_0_1_1_0_1_0_0_0_1_1_1_0_1_1_0_1_1_0_1_1_1_0_1_0_0_1_0,1,0.00014333333333333334,4.109609335312651e-5,0.25925925925925924,187.6647173489279
1_1_1_1_1_1_1_0_1_1_1_1_0_0_0_0_0_0_1_1_1_1_0_1_0_0_1_1_0_1_1_1_0_1_1_0_1_0,1,0.00014333333333333334,3.399346342395191e-5,0.25308641975308643,176.9365721997301
1_1_1_1_1_1_1_0_0_1_1_1_0_0_0_1_0_0_0_1_0_0_1_1_1_0_1_1_0_1_1_1_1_1_1_1_1_1,1,0.00014333333333333334,4.714045207910317e-6,0.2962962962962963,227.3968253968254
1_0_1_0_0_0_0_1_0_1_1_0_1_0_1_1_1_1_1_0_1_1_0_0_1_1_0_0_1_1_0_0_1_0_1_1_0_0,1,0.00014333333333333334,6.599663291074444e-5,0.2345679012345679,160.94282529065137
1_0_1_0_0_1_0_1_0_1_1_0_1_0_1_1_1_1_1_0_1_1_0_0_1_1_0_0_1_1_0_0_1_1_1_1_0_0,1,0.00014000000000000001,2.9439202887759494e-5,0.2654320987654321,175.32634032634033
1_0_1_0_0_0_0_1_0_1_0_0_0_0_1_1_1_1_0_0_0_0_1_1_1_0_0_0_0_1_1_0_1_1_1_1_0_1,1,0.00014000000000000001,4.2426406871192855e-5,0.2654320987654321,185.54545454545453
1_0_1_0_0_0_0_1_0_1_0_0_0_0_1_0_1_1_0_0_1_1_0_1_0_0_0_0_0_1_0_0_1_0_1_1_0_1,1,0.00014000000000000001,2.1602468994692875e-5,0.20987654320987653,169.14655605832078
0_1_0_1_1_1_1_0_1_1_1_0_1_1_0_0_0_0_0_1_0_0_0_1_1_0_1_1_0_0_1_1_0_1_0_0_1_0,1,0.00014000000000000001,1.4142135623730961e-5,0.24691358024691357,187.56410256410257
0_0_0_0_0_0_0_1_0_0_0_1_0_0_1_1_1_1_1_0_1_1_0_0_0_1_0_0_1_0_0_0_1_0_1_1_0_1,1,0.00014000000000000001,4.3204937989385736e-5,0.2839506172839506,207.33333333333334
1_0_1_0_0_1_0_1_0_1_0_0_1_0_1_1_1_1_0_0_0_0_0_1_1_0_0_0_0_1_0_0_1_1_1_1_0_1,1,0.00014000000000000001,2.1602468994692875e-5,0.2839506172839506,176.289592760181
0_1_0_1_1_0_1_0_1_0_1_1_0_1_0_0_0_0_1_1_1_1_1_0_0_1_1_1_1_0_1_1_0_0_0_0_1_0,1,0.00014000000000000001,4.320493798938574e-5,0.2839506172839506,186.0
1_1_1_1_1_1_1_0_1_0_1_1_1_1_0_1_0_0_1_1_0_0_0_0_1_1_1_1_1_1_1_1_0_0_0_0_1_0,1,0.00014000000000000001,1.6329931618554523e-5,0.25308641975308643,204.51388888888889
1_0_1_0_0_0_0_1_0_1_0_0_0_0_1_1_1_1_1_0_1_1_1_0_1_1_0_0_1_1_1_0_1_1_1_1_0_1,1,0.00014000000000000001,2.9439202887759494e-5,0.2654320987654321,155.55037555037555
1_1_1_1_1_1_1_0_0_1_1_1_1_1_1_1_1_1_1_1_1_1_0_1_1_0_1_1_0_1_0_1_1_1_0_0_1_0,1,0.00014000000000000001,8.16496580927726e-6,0.25925925925925924,192.00732600732601
1_1_1_0_1_1_1_0_1_1_1_1_0_0_0_0_0_0_1_1_1_1_1_0_1_1_1_1_1_1_1_1_0_1_1_0_1_0,1,0.00014000000000000001,3.7416573867739416e-5,0.24074074074074073,161.54520917678812
0_1_0_0_0_0_1_1_1_0_0_1_0_0_0_0_0_0_1_0_1_1_0_0_0_1_0_0_1_0_1_0_0_1_1_1_0_1,1,0.00014000000000000001,4.898979485566356e-5,0.24691358024691357,179.75
1_1_1_1_1_1_1_0_1_1_1_0_1_1_0_1_0_0_1_1_1_1_0_1_1_0_1_1_0_1_1_1_0_1_0_0_1_0,1,0.00014000000000000001,2.1602468994692875e-5,0.25925925925925924,181.94444444444446
1_0_1_1_1_0_0_0_0_1_1_0_1_1_1_0_1_1_0_1_0_0_0_1_0_0_1_1_0_1_0_1_1_0_0_0_1_0,1,0.00014000000000000001,2.943920288775949e-5,0.2962962962962963,308.60130718954247
1_1_1_1_1_1_1_0_1_1_1_0_1_1_0_1_0_0_0_1_0_0_0_0_1_1_1_1_1_1_1_1_0_1_0_0_1_0,1,0.00014000000000000001,1.6329931618554523e-5,0.25925925925925924,167.32142857142858
0_0_0_0_0_0_0_1_0_0_0_1_0_0_1_1_1_1_0_0_0_0_1_1_1_0_0_0_0_0_0_0_1_0_1_1_0_1,1,0.00014000000000000001,2.9439202887759494e-5,0.2839506172839506,233.24915824915823
1_0_1_1_1_1_1_0_1_1_1_0_1_1_1_1_1_1_0_1_1_1_0_1_1_0_1_1_0_1_0_1_0_0_0_0_1_0,1,0.00014,8.16496580927726e-6,0.2654320987654321,242.95238095238096
0_1_0_1_1_1_1_0_1_0_1_1_1_1_0_1_0_0_1_1_0_0_0_0_1_1_1_1_1_0_1_1_0_1_0_0_1_0,1,0.00014,8.16496580927726e-6,0.2037037037037037,170.58241758241758
0_0_0_0_0_0_0_1_1_0_0_0_0_0_0_0_0_0_1_0_1_1_1_1_0_0_0_0_0_0_1_0_0_0_1_1_0_1,1,0.00013999999999999996,8.16496580927726e-6,0.25925925925925924,186.3040293040293
0_0_0_1_0_1_1_1_1_0_1_0_1_0_1_1_1_0_1_1_1_1_0_0_1_1_1_1_1_0_0_0_0_0_1_1_1_1,1,0.00013666666666666666,1.2472191289246464e-5,0.2962962962962963,186.7063492063492
1_1_1_1_1_1_1_0_0_1_1_1_1_0_1_0_1_0_1_1_1_1_0_0_1_1_1_1_1_1_0_1_1_1_1_0_1_0,1,0.00013666666666666666,1.2472191289246464e-5,0.3271604938271605,239.2301587301587
0_0_0_0_0_0_0_1_0_1_0_0_0_0_1_0_1_1_1_0_1_1_0_0_0_1_0_0_1_0_0_0_0_1_1_1_0_1,1,0.00013666666666666666,1.2472191289246464e-5,0.25308641975308643,176.86507936507937
0_0_0_0_0_0_0_1_0_1_0_0_0_0_1_0_1_1_0_0_1_1_1_1_0_0_0_0_0_0_0_0_1_1_1_1_0_1,1,0.00013666666666666666,9.428090415820634e-6,0.25308641975308643,197.53846153846155
0_0_0_0_0_0_0_1_0_0_0_1_0_0_1_0_1_1_1_0_1_1_1_1_0_0_0_0_0_0_0_0_1_0_1_1_0_1,1,0.00013666666666666666,9.428090415820634e-6,0.25925925925925924,175.93162393162393
0_1_0_0_0_1_1_1_1_0_0_0_0_0_0_0_0_0_1_0_1_1_1_0_0_1_0_0_1_0_1_0_1_1_1_1_0_1,1,0.00013666666666666666,1.885618083164126e-5,0.24074074074074073,144.2222222222222
0_1_0_0_0_0_1_1_1_0_0_1_0_0_0_0_0_0_0_0_0_0_0_1_0_0_0_0_0_0_1_0_0_1_1_1_0_1,1,0.00013666666666666666,1.6996731711975957e-5,0.24691358024691357,215.74786324786325
1_0_1_0_0_0_0_1_0_1_0_0_0_0_1_0_1_1_0_0_0_0_0_0_0_1_0_0_1_1_0_0_1_0_1_1_0_1,1,0.00013666666666666666,1.885618083164126e-5,0.20987654320987653,165.4747474747475
1_1_1_1_1_1_1_0_1_1_1_0_1_1_0_0_0_0_0_1_0_0_1_1_1_0_1_1_0_1_1_1_0_1_0_0_1_0,1,0.00013666666666666666,3.299831645537222e-5,0.2839506172839506,216.8287037037037
1_0_1_1_1_1_0_0_0_1_1_0_1_1_1_1_1_1_0_1_1_1_0_1_1_0_1_1_0_1_0_1_1_1_0_0_1_0,1,0.00013666666666666666,2.867441755680876e-5,0.2654320987654321,218.3109243697479
1_1_1_1_1_0_1_0_1_0_1_1_1_1_0_0_0_0_1_1_1_1_1_0_0_1_1_1_1_1_1_1_0_0_0_0_1_0,1,0.00013666666666666666,2.0548046676563257e-5,0.30864197530864196,197.2862554112554
0_0_0_0_0_0_0_1_1_0_0_0_0_0_1_1_1_1_1_0_1_1_1_0_1_1_0_0_1_0_0_0_0_0_1_1_0_1,1,0.00013666666666666666,1.6996731711975957e-5,0.2839506172839506,223.75
1_0_1_1_1_1_0_0_0_1_1_0_1_1_1_1_1_1_0_1_1_1_1_1_1_0_1_1_0_1_1_1_1_1_0_0_1_0,1,0.00013666666666666666,9.428090415820634e-6,0.2777777777777778,259.45299145299145
0_0_0_0_0_0_1_1_1_0_0_1_0_0_1_0_1_0_0_0_0_0_0_1_0_0_0_0_0_0_0_0_0_0_1_1_0_1,1,0.00013666666666666666,9.428090415820634e-6,0.2716049382716049,172.88888888888889
1_1_1_1_1_1_1_0_1_0_1_1_0_0_0_1_0_0_0_1_0_0_1_1_1_0_1_1_0_1_1_1_0_1_1_1_1_1,1,0.00013666666666666666,3.39934634239519e-5,0.25925925925925924,174.38779956427015
1_1_1_1_1_1_1_0_0_1_1_1_1_1_0_1_0_1_1_1_1_1_0_1_1_0_1_1_0_1_1_1_1_1_0_0_1_0,1,0.00013666666666666666,2.6246692913372702e-5,0.25308641975308643,277.22222222222223
0_1_0_1_1_0_1_0_1_0_1_1_1_1_0_0_0_0_0_1_0_0_0_1_0_0_1_1_0_0_0_1_0_0_0_0_1_0,1,0.00013666666666666666,2.494438257849295e-5,0.2777777777777778,177.13423831070887
0_0_0_1_0_0_0_1_0_0_0_0_1_1_1_1_1_1_1_0_1_1_0_0_0_1_0_0_1_0_0_0_1_0_0_1_0_1,1,0.00013666666666666666,4.189935029992178e-5,0.24074074074074073,163.2037037037037
1_0_1_0_0_1_0_1_0_1_0_0_1_0_1_1_1_1_1_0_1_1_0_0_1_1_0_0_1_1_0_0_1_1_1_1_0_1,1,0.00013666666666666666,1.2472191289246464e-5,0.2839506172839506,158.4920634920635
1_1_1_1_1_1_1_0_0_1_1_1_0_1_0_0_0_0_1_1_1_1_0_0_0_1_1_1_1_1_1_1_1_1_0_0_1_0,1,0.00013666666666666666,3.681787005729087e-5,0.29012345679012347,213.80952380952382
1_0_1_0_0_0_0_1_0_0_0_1_0_0_1_1_1_1_1_0_1_1_1_0_0_1_0_0_1_1_0_0_1_0_1_1_0_1,1,0.00013333333333333334,4.027681991198191e-5,0.24691358024691357,207.50398724082936
0_1_0_0_0_0_1_1_1_0_0_1_0_0_0_0_0_0_1_0_1_1_1_1_0_0_0_0_0_0_1_0_0_0_1_1_0_1,1,0.00013333333333333334,3.858612300930075e-5,0.2654320987654321,178.22058823529412
0_0_0_0_0_0_0_1_1_0_0_0_0_0_0_0_0_0_1_0_0_0_1_0_0_1_0_0_1_0_1_0_0_0_1_1_0_1,1,0.00013333333333333334,4.027681991198191e-5,0.25925925925925924,184.3157894736842
0_0_0_0_0_0_0_1_1_0_0_0_1_0_1_1_1_1_1_0_1_1_0_0_1_1_0_0_1_0_0_0_0_0_1_1_0_1,1,0.00013333333333333334,1.8856180831641274e-5,0.2962962962962963,211.25
0_0_0_0_0_0_0_1_0_0_0_1_0_0_1_0_1_0_1_0_0_0_1_0_0_1_0_0_1_0_0_0_1_0_1_1_0_1,1,0.00013333333333333334,2.624669291337271e-5,0.25308641975308643,223.21004159239453
0_0_0_1_0_0_0_1_1_0_0_0_0_0_1_0_1_1_1_0_0_0_0_0_0_1_0_0_1_0_0_0_0_0_1_1_1_1,1,0.00013333333333333334,3.299831645537222e-5,0.24691358024691357,194.9626517273576
0_1_0_0_0_1_1_1_1_0_0_0_0_0_0_0_0_0_0_0_0_0_1_1_0_0_0_0_0_0_1_0_1_1_1_1_0_1,1,0.0001333333333333333,2.3570226039551575e-5,0.24074074074074073,175.44444444444446
1_0_1_0_0_0_0_1_0_1_0_0_1_0_1_1_1_1_1_0_1_1_0_0_1_1_0_0_1_1_0_0_1_1_1_1_0_1,1,0.0001333333333333333,6.128258770283413e-5,0.2716049382716049,167.53968253968253
0_0_0_0_0_0_0_1_0_0_0_1_1_0_1_1_1_1_1_0_1_1_1_0_1_1_0_0_1_0_0_0_1_0_1_1_0_1,1,0.0001333333333333333,4.714045207910317e-6,0.29012345679012347,187.8021978021978
1_1_1_1_1_1_1_0_1_1_1_1_0_0_0_0_0_0_0_1_0_0_0_0_0_1_1_1_1_1_1_1_0_1_1_0_1_0,1,0.0001333333333333333,1.2472191289246465e-5,0.25308641975308643,190.87606837606836
0_0_0_1_0_1_1_1_1_0_1_0_0_0_1_1_1_0_1_1_1_1_1_0_1_1_1_1_1_0_1_0_0_0_1_1_1_1,1,0.0001333333333333333,2.4944382578492944e-5,0.30246913580246915,192.04166666666666
0_0_0_1_0_0_0_1_1_0_0_0_1_0_1_1_1_1_1_0_1_1_0_0_0_1_0_0_1_0_0_0_0_0_1_1_1_1,1,0.0001333333333333333,2.4944382578492944e-5,0.2839506172839506,204.26785714285714
0_1_0_0_0_0_1_1_1_0_0_1_0_0_0_0_0_0_0_0_0_0_0_0_0_1_0_0_1_0_0_0_0_0_1_1_0_1,1,0.0001333333333333333,4.714045207910317e-6,0.2777777777777778,253.09523809523807
0_1_0_0_0_0_0_1_1_0_0_1_0_0_0_0_0_0_0_0_0_0_0_1_0_0_0_0_0_0_1_0_0_0_1_1_0_1,1,0.00013000000000000002,3.559026084010437e-5,0.25925925925925924,143.7222222222222
1_1_1_1_1_1_1_0_1_0_1_1_1_1_0_1_0_0_0_1_1_1_0_1_1_0_1_1_0_1_1_1_0_0_0_0_1_0,1,0.00013000000000000002,2.160246899469287e-5,0.25308641975308643,202.38636363636363
0_1_0_1_1_1_1_0_1_0_0_1_0_1_0_0_0_0_0_1_0_0_0_1_0_0_1_1_0_0_1_1_0_1_0_0_1_1,1,0.00013000000000000002,2.9439202887759494e-5,0.22839506172839505,141.77124183006535
0_0_0_1_0_0_0_1_0_0_0_0_1_1_1_1_1_1_1_0_1_1_0_1_1_0_0_0_0_0_0_0_1_0_0_1_0_1,1,0.00013000000000000002,4.320493798938574e-5,0.25308641975308643,176.08718766613504
0_0_0_0_0_0_0_1_0_0_0_1_1_0_1_1_1_1_0_0_0_0_0_1_1_0_0_0_0_0_0_0_1_0_1_1_0_1,1,0.00013000000000000002,2.160246899469287e-5,0.2962962962962963,197.54419191919192
0_0_0_1_0_1_1_1_1_0_1_0_0_0_1_1_1_0_0_1_0_0_1_1_1_0_1_1_0_0_1_0_0_0_1_1_1_1,1,0.00013000000000000002,3.7416573867739416e-5,0.30246913580246915,238.7037037037037
1_1_1_1_1_0_1_0_1_0_1_1_1_1_0_1_0_0_0_1_1_1_0_1_1_0_1_1_0_1_1_1_0_0_0_0_1_0,1,0.00013000000000000002,4.5460605656619524e-5,0.2654320987654321,188.62573099415204
1_0_1_0_0_0_0_1_0_1_0_0_1_1_1_0_1_1_0_0_0_0_0_1_0_0_0_0_0_1_0_0_1_1_0_0_0_0,1,0.00013000000000000002,3.5590260840104375e-5,0.25925925925925924,204.36026936026937
0_0_0_0_0_0_0_1_1_0_0_0_0_0_1_1_1_1_0_0_0_0_1_1_0_0_0_0_0_0_0_0_0_0_1_1_0_1,1,0.00013,1.6329931618554513e-5,0.2777777777777778,260.18492618492616
0_0_0_0_0_0_0_1_0_1_0_0_1_1_1_0_1_1_1_0_1_1_1_0_0_1_0_0_1_0_0_0_1_0_0_0_0_0,1,0.00013,2.4494897427831785e-5,0.25308641975308643,181.55128205128207
0_0_0_0_0_0_0_1_0_0_0_1_0_0_1_1_1_1_1_0_1_1_1_0_0_1_0_0_1_0_0_0_1_0_1_1_0_1,1,0.00013,1.4142135623730943e-5,0.2777777777777778,210.94444444444443
1_0_1_0_0_0_0_1_0_1_0_0_1_0_1_1_1_1_0_0_0_0_0_1_1_0_0_0_0_1_0_0_1_1_1_1_0_1,1,0.00013,1.6329931618554513e-5,0.2716049382716049,175.99222999223
1_1_1_0_1_1_1_0_1_1_1_1_0_1_0_0_0_0_0_1_0_0_1_0_1_1_1_1_1_1_1_1_0_1_0_0_1_0,1,0.00013,3.7416573867739416e-5,0.24074074074074073,153.4418767507003
0_0_0_0_0_0_0_1_0_0_0_1_0_0_1_1_1_1_0_0_0_0_0_1_1_0_0_0_0_0_0_0_1_0_1_1_0_1,1,0.00013,5.3541261347363375e-5,0.29012345679012347,191.4452798663325
0_0_0_0_0_0_0_1_0_0_0_0_1_0_1_1_1_1_0_0_0_0_1_0_0_1_0_0_1_0_0_0_1_0_1_1_0_1,1,0.00013,1.4142135623730943e-5,0.24074074074074073,222.33333333333334
0_0_0_0_0_0_0_1_0_0_0_1_0_0_0_0_0_0_1_0_1_1_1_1_0_0_0_0_0_0_1_0_1_0_1_1_0_1,1,0.00013,0.0,0.25925925925925924,186.41025641025644
1_1_1_1_1_1_0_0_0_1_1_0_1_1_0_1_0_1_0_1_0_0_1_1_1_0_1_1_0_1_1_1_1_1_0_0_1_0,1,0.00013,1.4142135623730943e-5,0.2716049382716049,187.48917748917748
0_0_0_0_0_0_0_1_0_1_0_0_1_1_1_0_1_1_0_0_0_0_1_1_0_0_0_0_0_0_0_0_1_0_0_0_0_0,1,0.00013,1.4142135623730943e-5,0.25308641975308643,159.0
0_0_0_1_0_0_0_1_1_0_0_0_0_0_1_0_1_1_0_0_0_0_0_0_0_1_0_0_1_0_0_0_0_0_1_1_1_1,1,0.00013,2.1602468994692858e-5,0.24691358024691357,219.63492063492063
1_0_1_1_1_1_1_0_1_1_1_0_1_1_1_1_1_1_0_1_0_0_0_0_1_1_1_1_1_1_0_1_0_0_0_0_1_0,1,0.00013,2.1602468994692858e-5,0.2654320987654321,249.14285714285714
0_1_0_1_1_1_1_0_1_0_0_1_0_1_0_0_0_0_1_1_1_1_0_0_0_1_1_1_1_0_1_1_0_1_0_0_1_1,1,0.00013,2.1602468994692858e-5,0.22839506172839505,141.15873015873015
1_1_1_1_1_0_1_0_1_0_1_1_1_1_0_1_0_0_0_1_0_0_0_0_1_1_1_1_1_1_0_1_0_0_0_0_1_0,1,0.00012666666666666666,9.428090415820627e-6,0.2839506172839506,191.54761904761904
0_1_0_0_0_0_1_1_1_0_0_1_0_0_0_0_0_0_1_0_0_0_0_0_0_1_0_0_1_0_0_0_0_0_1_1_0_1,1,0.00012666666666666666,1.6996731711975944e-5,0.2777777777777778,220.68181818181816
0_0_0_0_0_0_0_1_0_0_0_1_0_0_1_0_1_1_0_0_0_0_1_0_0_1_0_0_1_0_0_0_1_0_1_1_0_1,1,0.00012666666666666666,1.885618083164126e-5,0.25925925925925924,213.52380952380952
0_0_0_0_0_0_0_1_0_1_0_0_0_0_1_0_1_1_0_0_1_1_1_1_0_0_0_0_0_0_1_0_1_1_1_1_0_1,1,0.00012666666666666666,2.4944382578492947e-5,0.2716049382716049,185.05555555555554
1_1_1_1_1_1_1_0_1_1_1_1_0_0_0_0_0_0_0_1_1_1_0_1_0_0_1_1_0_1_1_1_0_1_1_0_1_0,1,0.00012666666666666666,4.71404520791031e-6,0.25308641975308643,174.57264957264957
0_0_0_0_0_1_0_1_0_1_0_0_0_0_1_0_1_1_1_0_0_0_1_0_0_1_0_0_1_0_1_0_1_1_1_1_0_1,1,0.00012666666666666666,9.428090415820627e-6,0.2839506172839506,174.24603174603172
1_1_1_1_1_1_1_0_1_1_1_0_0_1_0_0_0_0_1_1_1_1_0_0_0_1_1_1_1_1_1_1_0_1_0_0_1_0,1,0.00012666666666666666,2.0548046676563246e-5,0.29012345679012347,166.95726495726498
0_0_0_1_0_0_0_1_0_0_0_0_1_1_1_0_1_1_1_0_1_1_0_1_0_0_0_0_0_0_0_0_1_0_0_1_0_0,1,0.00012666666666666666,3.091206165165235e-5,0.25308641975308643,207.16399286987522
0_0_0_0_0_0_0_1_0_1_0_0_0_0_1_0_1_1_0_0_0_0_0_1_0_0_0_0_0_0_0_0_0_1_1_1_0_1,1,0.00012666666666666666,1.2472191289246464e-5,0.25308641975308643,161.30203130203128
1_1_1_1_1_1_1_0_1_0_1_1_0_0_0_1_0_0_1_1_1_1_0_0_1_1_1_1_1_1_1_1_0_1_1_1_1_1,1,0.00012666666666666666,1.6996731711975944e-5,0.25308641975308643,164.71212121212122
1_1_1_1_1_1_1_0_1_1_1_0_1_1_0_1_0_0_1_1_0_0_1_0_1_1_1_1_1_1_1_1_0_1_0_0_1_0,1,0.00012333333333333334,4.784233364802441e-5,0.2654320987654321,180.58333333333334
1_1_1_1_1_1_1_0_1_0_1_1_1_1_0_1_0_0_1_1_1_1_0_1_1_0_1_1_0_1_0_1_0_0_0_0_1_0,1,0.00012333333333333334,3.39934634239519e-5,0.2716049382716049,189.2552980788275
1_1_1_1_1_1_1_0_1_0_1_1_1_1_0_1_0_0_1_1_1_1_0_1_1_0_1_1_0_1_1_1_0_0_0_0_1_0,1,0.00012333333333333334,1.2472191289246465e-5,0.25308641975308643,235.42929292929296
1_0_1_0_0_0_0_1_0_1_0_0_1_0_1_1_1_1_1_0_1_1_1_0_1_1_0_0_1_1_0_0_1_1_1_1_0_1,1,0.00012333333333333334,1.6996731711975944e-5,0.2654320987654321,178.3150183150183
1_0_1_0_0_1_0_1_0_1_0_0_0_0_1_1_1_1_0_0_0_0_1_1_1_0_0_0_0_1_1_0_1_1_1_1_0_1,1,0.00012333333333333334,4.189935029992179e-5,0.2777777777777778,176.76767676767676
0_0_0_0_0_0_0_1_0_1_0_0_1_0_1_0_1_1_0_0_0_0_0_1_1_0_0_0_0_0_0_0_1_1_1_1_0_0,1,0.00012333333333333334,2.624669291337271e-5,0.2962962962962963,195.31818181818184
1_1_1_0_1_1_1_0_0_1_1_1_1_1_0_1_0_0_0_1_0_0_1_0_1_1_1_1_1_1_1_1_1_1_0_0_0_0,1,0.00012333333333333334,9.428090415820627e-6,0.24691358024691357,216.94638694638695
1_0_1_0_0_0_0_1_0_0_0_1_0_0_1_1_1_1_1_0_1_1_0_0_1_1_0_0_1_1_0_0_1_0_1_1_0_1,1,0.00012333333333333334,4.027681991198191e-5,0.25925925925925924,203.74074074074073
0_1_0_0_0_0_0_1_0_0_0_1_0_0_0_0_0_0_0_0_0_0_1_0_0_1_0_0_1_0_1_0_1_1_1_1_0_1,1,0.00012333333333333334,4.71404520791031e-6,0.2654320987654321,242.99145299145297
0_1_0_1_1_1_1_0_1_0_1_1_1_1_0_0_0_0_1_1_1_1_0_0_0_1_1_1_1_0_0_1_0_0_0_0_1_0,1,0.00012333333333333334,3.681787005729087e-5,0.2654320987654321,181.40522875816995
1_0_1_1_1_1_1_0_1_1_1_0_1_1_1_1_1_1_1_1_1_1_0_1_1_0_1_1_0_1_0_1_0_0_0_0_1_0,1,0.00012333333333333334,4.71404520791031e-6,0.2654320987654321,255.25641025641025
0_0_0_0_0_0_0_1_0_0_0_1_0_0_1_1_1_1_1_0_1_1_0_0_1_1_0_0_1_0_0_0_1_0_1_1_0_1,1,0.00012333333333333334,1.6996731711975944e-5,0.29012345679012347,228.84981684981685
1_1_1_1_1_1_1_0_0_1_1_1_1_1_1_1_1_1_0_1_0_0_0_0_1_1_1_1_1_1_0_1_1_1_0_0_1_0,1,0.00012333333333333334,4.189935029992179e-5,0.25925925925925924,181.07744107744108
1_0_1_0_0_0_0_1_0_1_1_0_1_0_1_1_1_1_0_0_0_0_1_1_1_0_0_0_0_1_1_0_1_1_1_1_0_0,1,0.00012333333333333334,5.249338582674541e-5,0.2654320987654321,167.86928104575165
1_0_1_0_0_0_0_1_0_1_1_0_1_0_1_1_1_1_1_0_1_1_1_0_1_1_0_0_1_1_1_0_1_1_1_1_0_0,1,0.00012333333333333334,1.2472191289246465e-5,0.2654320987654321,157.6803751803752
1_1_1_0_1_0_0_0_0_1_0_1_0_1_0_0_0_1_1_0_1_1_0_0_0_1_0_0_1_1_0_1_1_1_0_0_0_0,1,0.0001233333333333333,1.699673171197594e-5,0.30864197530864196,198.8901098901099
1_1_1_0_1_1_1_0_0_1_1_1_1_1_0_1_0_0_1_1_1_1_1_1_1_0_1_1_0_1_1_1_1_1_0_0_0_0,1,0.00012,3.5590260840104375e-5,0.24691358024691357,189.87581699346404
0_1_0_1_1_1_1_0_1_1_1_0_1_1_0_0_0_0_1_1_1_1_0_0_0_1_1_1_1_0_1_1_0_1_0_0_1_0,1,0.00012,2.160246899469286e-5,0.25308641975308643,185.4848484848485
0_1_0_1_1_0_1_0_1_0_0_1_0_1_0_0_0_0_1_1_1_1_1_0_0_1_1_1_1_0_1_1_0_0_0_0_1_1,1,0.00012,8.164965809277253e-6,0.2654320987654321,184.43667443667445
1_1_1_0_1_1_1_0_0_1_1_1_0_1_1_0_1_1_0_1_0_0_0_1_1_0_1_1_0_1_0_1_1_1_0_0_0_0,1,0.00012,3.5590260840104375e-5,0.29012345679012347,218.86274509803923
0_0_0_0_0_0_0_1_0_0_0_0_1_1_1_1_1_1_0_0_0_0_1_0_1_1_0_0_1_0_0_0_1_0_0_1_0_1,1,0.00011999999999999999,1.6329931618554513e-5,0.25308641975308643,177.52380952380952
0_0_0_0_0_0_0_1_0_0_0_0_1_1_1_1_1_1_1_0_1_1_1_1_1_0_0_0_0_0_0_0_1_0_0_1_0_1,1,0.00011999999999999999,1.6329931618554513e-5,0.25308641975308643,193.96031746031744
0_1_0_1_1_1_1_0_1_1_1_0_0_1_0_0_0_0_1_1_1_1_1_0_0_1_1_1_1_0_1_1_0_1_0_0_1_0,1,0.00011999999999999999,2.4494897427831774e-5,0.2777777777777778,167.7777777777778
1_1_1_1_1_1_1_0_0_1_1_1_1_1_0_0_0_0_1_1_1_1_0_0_0_1_1_1_1_1_1_1_1_1_0_0_1_0,1,0.00011999999999999999,2.943920288775948e-5,0.2839506172839506,191.18376068376065
0_0_0_0_0_0_0_1_1_0_0_0_0_1_0_1_0_1_0_0_0_0_1_1_0_0_0_0_0_0_1_0_0_0_0_1_0_1,1,0.00011999999999999999,5.3541261347363375e-5,0.3271604938271605,252.26495726495727
0_0_0_0_0_0_0_1_0_0_0_0_1_0_1_1_1_1_1_0_1_1_1_1_0_0_0_0_0_0_0_0_1_0_1_1_0_1,1,0.00011999999999999999,3.741657386773942e-5,0.24074074074074073,219.88553113553112
0_0_0_1_0_0_0_1_0_0_0_0_1_1_1_1_1_1_0_0_0_0_0_1_0_0_0_0_0_0_0_0_1_0_0_1_0_1,1,0.00011999999999999999,5.715476066494083e-5,0.24074074074074073,142.7089947089947
0_0_0_1_0_0_0_1_1_0_0_0_0_0_1_0_1_1_0_0_1_1_0_1_0_0_0_0_0_0_0_0_0_0_1_1_1_1,1,0.00011999999999999999,2.4494897427831774e-5,0.24691358024691357,209.4814814814815
0_0_0_1_0_0_0_1_0_0_0_0_1_0_1_1_1_1_0_0_1_1_0_1_0_0_0_0_0_0_0_0_1_0_1_1_0_1,1,0.00011999999999999999,1.4142135623730943e-5,0.24074074074074073,177.70562770562768
0_0_0_1_0_1_1_1_1_0_1_0_1_0_1_1_1_0_0_1_0_0_1_1_1_0_1_1_0_0_1_0_0_0_1_1_1_1,1,0.00011999999999999999,1.4142135623730943e-5,0.30864197530864196,198.16017316017314
0_0_0_0_0_0_0_1_0_1_0_0_0_0_1_0_1_1_1_0_0_0_1_0_0_1_0_0_1_0_1_0_1_1_1_1_0_1,1,0.00011999999999999999,5.887840577551898e-5,0.2716049382716049,222.55291005291005
0_1_0_0_0_0_1_1_1_0_0_1_0_0_0_0_0_0_1_0_0_0_1_0_0_1_0_0_1_0_1_0_0_0_1_1_0_1,1,0.00011666666666666667,1.2472191289246465e-5,0.2654320987654321,223.00427350427347
1_1_1_0_1_1_1_0_0_1_1_1_0_1_1_0_1_1_1_1_1_1_0_0_1_1_1_1_1_1_0_1_1_1_0_0_0_0,1,0.00011666666666666667,5.312459150169744e-5,0.29012345679012347,258.18518518518516
1_1_1_1_1_1_1_0_1_1_1_1_0_1_0_0_0_0_1_1_1_1_0_1_1_0_1_1_0_1_1_1_0_1_0_0_1_0,1,0.00011666666666666667,4.714045207910317e-6,0.24074074074074073,183.6111111111111
1_1_1_1_1_1_1_0_0_1_1_1_0_1_0_0_0_0_1_1_1_1_1_0_0_1_1_1_1_1_1_1_1_1_0_0_1_0,1,0.00011666666666666667,2.4944382578492934e-5,0.2962962962962963,210.16161616161617
0_0_0_1_0_0_0_1_1_0_0_0_0_0_1_1_1_1_1_0_0_0_0_0_0_1_0_0_1_0_0_0_0_0_1_1_1_1,1,0.00011666666666666667,1.2472191289246465e-5,0.2839506172839506,264.2649572649573
0_0_0_0_0_0_0_1_1_0_0_0_0_0_1_0_1_0_1_0_1_1_1_1_0_0_0_0_0_0_0_0_0_0_1_1_0_1,1,0.00011666666666666667,2.0548046676563246e-5,0.25308641975308643,203.78306878306879
0_1_0_1_1_1_1_0_1_0_1_1_0_0_0_1_0_0_1_1_1_1_1_0_0_1_1_1_1_0_1_1_0_0_1_1_1_1,1,0.00011666666666666667,4.921607686744467e-5,0.2654320987654321,184.7979797979798
1_0_1_0_0_1_0_1_0_1_0_0_0_0_1_1_1_1_0_0_0_0_1_1_1_0_0_0_0_1_0_0_1_1_1_1_0_1,1,0.00011666666666666667,2.054804667656325e-5,0.25925925925925924,205.026455026455
1_1_1_1_1_1_1_0_1_1_1_1_0_0_0_0_0_0_1_1_0_0_0_0_0_1_1_1_1_1_1_1_0_1_1_0_1_0,1,0.00011666666666666667,1.2472191289246465e-5,0.25308641975308643,198.87606837606836
0_0_0_0_0_0_0_1_0_0_0_1_0_0_1_1_1_1_0_0_0_0_1_1_0_0_0_0_0_0_0_0_1_0_1_1_0_1,1,0.00011666666666666667,2.054804667656325e-5,0.2777777777777778,197.473544973545
0_1_0_0_0_0_1_1_1_0_0_1_0_0_0_0_0_0_0_0_0_0_1_0_0_1_0_0_1_0_1_0_0_0_1_1_0_1,1,0.00011666666666666667,1.6996731711975944e-5,0.2654320987654321,187.012987012987
0_0_0_0_0_0_0_1_0_0_0_1_0_0_1_1_1_1_1_0_1_1_1_0_1_1_0_0_1_0_0_0_1_0_1_1_0_1,1,0.00011666666666666667,1.6996731711975944e-5,0.2839506172839506,218.65800865800864
1_0_1_0_0_0_0_1_0_1_0_0_1_1_1_0_1_1_0_0_0_0_0_1_1_0_0_0_0_1_0_0_1_1_0_0_0_0,1,0.00011666666666666667,2.054804667656325e-5,0.2654320987654321,178.57142857142858
1_1_1_1_1_1_1_0_0_1_1_1_1_1_0_1_0_1_0_1_0_0_0_0_1_1_1_1_1_1_1_1_1_1_0_0_1_0,1,0.00011666666666666665,4.02768199119819e-5,0.25308641975308643,203.90476190476193
1_1_1_1_1_1_1_0_1_0_1_1_0_0_0_1_0_0_1_1_1_1_1_0_1_1_1_1_1_1_1_1_0_1_1_1_1_1,1,0.00011333333333333334,2.0548046676563246e-5,0.25925925925925924,178.94420394420396
0_1_0_1_1_0_1_0_1_0_0_1_0_0_0_0_0_0_1_1_1_1_0_1_0_0_1_1_0_0_1_1_0_0_1_1_1_1,1,0.00011333333333333334,2.0548046676563246e-5,0.25308641975308643,223.59788359788362
1_0_1_0_0_1_0_1_0_1_1_0_1_0_1_1_1_1_0_0_0_0_0_1_1_0_0_0_0_1_0_0_1_1_1_1_0_0,1,0.00011333333333333334,4.714045207910317e-6,0.2654320987654321,160.15151515151516
1_1_1_1_1_1_1_0_1_1_1_0_1_1_0_1_0_0_1_1_0_0_0_0_1_1_1_1_1_1_1_1_0_1_0_0_1_0,1,0.00011333333333333334,4.027681991198191e-5,0.25925925925925924,204.12581699346404
0_1_0_1_1_1_1_0_1_1_1_0_1_1_0_0_0_0_0_1_0_0_0_1_0_0_1_1_0_0_1_1_0_1_0_0_1_0,1,0.00011333333333333334,4.921607686744468e-5,0.25308641975308643,171.72875816993465
0_0_0_0_0_1_0_1_0_1_0_0_0_0_1_0_1_1_1_0_1_1_1_1_0_0_0_0_0_0_0_0_1_1_1_1_0_1,1,0.00011333333333333334,2.3570226039551575e-5,0.2654320987654321,164.39102564102564
1_1_1_0_1_1_1_0_1_1_1_1_0_0_0_0_0_0_0_1_0_0_1_1_1_0_1_1_0_1_1_1_0_1_1_0_1_0,1,0.00011333333333333334,1.6996731711975944e-5,0.24074074074074073,162.64957264957266
1_1_1_1_1_1_1_0_0_1_1_1_1_1_0_0_0_0_1_1_1_1_1_0_0_1_1_1_1_1_1_1_1_1_0_0_1_0,1,0.00011333333333333334,1.6996731711975944e-5,0.29012345679012347,224.22364672364674
1_1_1_1_1_1_1_0_1_1_1_1_0_1_0_0_0_0_1_1_0_0_0_0_1_1_1_1_1_1_1_1_0_1_0_0_1_0,1,0.00011333333333333334,9.428090415820634e-6,0.24074074074074073,207.94444444444446
1_0_1_1_1_1_0_0_0_1_1_0_1_1_1_1_1_1_1_1_1_1_0_1_1_0_1_1_0_1_0_1_1_1_0_0_1_0,1,0.00011333333333333334,2.3570226039551575e-5,0.2654320987654321,236.0576923076923
0_0_0_0_0_0_0_1_0_0_0_1_0_0_1_0_1_1_0_0_0_0_0_0_0_1_0_0_1_0_0_0_1_0_1_1_0_1,1,0.00011333333333333334,1.885618083164126e-5,0.2654320987654321,161.04761904761904
1_1_1_0_1_1_1_0_1_1_1_1_0_0_0_0_0_0_1_1_0_0_1_0_0_1_1_1_1_1_1_1_0_1_1_0_1_0,1,0.00011333333333333334,4.642796092394707e-5,0.25308641975308643,171.28205128205127
0_1_0_1_0_1_1_1_1_0_0_0_0_0_0_0_0_0_1_0_1_1_0_0_0_1_0_0_1_0_1_0_0_1_1_1_0_1,1,0.00011333333333333334,2.0548046676563246e-5,0.25308641975308643,171.91438191438192
0_1_0_1_0_1_1_1_1_0_0_0_0_0_0_0_0_0_0_0_0_0_0_1_0_0_0_0_0_0_1_0_0_1_1_1_0_1,1,0.00011333333333333334,4.027681991198191e-5,0.25308641975308643,146.15740740740742
0_0_0_0_0_0_0_1_0_0_0_0_1_1_1_1_1_1_0_0_1_1_1_1_1_0_0_0_0_0_0_0_1_0_0_1_0_1,1,0.00011333333333333334,3.299831645537222e-5,0.25308641975308643,155.71759259259258
0_0_0_0_0_0_0_1_0_0_0_1_1_0_1_1_1_1_1_0_1_1_0_0_1_1_0_0_1_0_0_0_1_0_1_1_0_1,1,0.00011333333333333333,1.2472191289246464e-5,0.2962962962962963,183.69696969696972
0_0_0_0_0_1_0_1_0_1_0_0_0_0_1_0_1_1_0_0_0_0_1_0_0_1_0_0_1_0_1_0_1_1_1_1_0_1,1,0.00011333333333333333,2.4944382578492934e-5,0.2839506172839506,167.65873015873015
1_1_1_1_1_1_1_0_1_0_1_1_1_1_0_1_0_0_1_1_0_0_0_0_1_1_1_1_1_1_0_1_0_0_0_0_1_0,1,0.00011333333333333333,3.091206165165234e-5,0.2716049382716049,186.5018315018315
1_1_1_1_1_0_1_0_1_0_1_1_1_1_0_1_0_0_1_1_0_0_0_0_1_1_1_1_1_1_1_1_0_0_0_0_1_0,1,0.00011000000000000002,3.5590260840104375e-5,0.2654320987654321,172.38425925925927
1_0_1_1_1_1_0_0_0_1_1_0_1_1_1_1_1_1_1_1_0_0_0_0_1_1_1_1_1_1_0_1_1_0_0_0_1_0,1,0.00011,4.96655480858378e-5,0.25925925925925924,237.6851851851852
1_0_1_1_1_1_1_0_0_1_1_0_1_1_1_1_1_1_1_1_1_1_1_0_1_1_1_1_1_1_0_1_1_1_0_0_1_0,1,0.00011,4.2426406871192855e-5,0.25925925925925924,164.80392156862743
1_1_1_1_1_1_1_0_1_1_1_0_1_1_0_1_0_0_1_1_1_1_1_1_1_0_1_1_0_1_1_1_0_1_0_0_1_0,1,0.00011,7.071067811865475e-5,0.2654320987654321,215.63492063492063
0_0_0_0_0_0_0_1_0_0_0_1_0_0_1_0_1_1_1_0_0_0_1_0_0_1_0_0_1_0_0_0_1_0_1_1_0_1,1,0.00011,2.8284271247461892e-5,0.25925925925925924,171.11111111111111
0_0_0_0_0_1_0_1_0_1_0_0_0_0_1_0_1_1_0_0_1_1_1_1_0_0_0_0_0_0_1_0_1_1_1_1_0_1,1,0.00011,2.8284271247461892e-5,0.2839506172839506,198.07407407407405
0_0_0_1_0_0_0_1_1_0_0_0_1_0_0_1_0_0_0_0_0_0_1_1_0_0_0_0_0_0_1_0_0_0_1_1_1_1,1,0.00011,8.16496580927726e-6,0.29012345679012347,262.1010101010101
1_1_1_1_1_1_1_0_1_0_1_1_1_1_0_1_0_0_0_1_0_0_0_0_1_1_1_1_1_1_0_1_0_0_0_0_1_0,1,0.00011,5.099019513592785e-5,0.2716049382716049,195.74074074074073
1_1_1_1_1_1_1_0_1_0_1_1_0_1_0_1_0_0_0_1_0_0_1_1_0_0_1_1_0_1_1_1_0_0_0_0_1_1,1,0.00011,1.4142135623730943e-5,0.2962962962962963,198.56410256410254
1_0_1_0_0_0_0_1_0_1_0_0_1_0_1_1_1_1_0_0_0_0_1_1_1_0_0_0_0_1_1_0_1_1_1_1_0_1,1,0.00011,3.559026084010437e-5,0.2839506172839506,149.5909645909646
1_1_1_1_1_1_1_0_1_1_1_0_1_1_0_0_0_0_1_1_1_1_0_0_0_1_1_1_1_1_1_1_0_1_0_0_1_0,1,0.00011,1.414213562373095e-5,0.2839506172839506,205.2777777777778
1_1_1_0_1_1_1_0_0_1_1_1_1_1_0_1_0_0_1_1_0_0_1_0_1_1_1_1_1_1_1_1_1_1_0_0_0_0,1,0.00011,2.160246899469286e-5,0.24691358024691357,205.81196581196582
1_1_1_0_1_1_1_0_1_1_1_1_1_0_0_0_0_0_0_1_0_0_1_0_1_1_1_1_1_1_1_1_0_1_1_0_1_0,1,0.00011,8.16496580927726e-6,0.25308641975308643,169.0050505050505
1_1_1_1_1_0_1_0_1_0_1_1_1_1_0_1_0_0_0_1_1_1_0_1_1_0_1_1_0_1_0_1_0_0_0_0_1_0,1,0.00011,8.16496580927726e-6,0.2839506172839506,179.85858585858583
1_1_1_1_1_0_1_0_1_0_1_1_1_1_0_1_0_0_1_1_0_0_0_0_1_1_1_1_1_1_0_1_0_0_0_0_1_0,1,0.00011,2.82842712474619e-5,0.2839506172839506,201.24542124542123
1_1_1_0_1_1_1_0_1_1_1_1_0_1_0_0_0_0_1_1_0_0_1_0_1_1_1_1_1_1_1_1_0_1_0_0_1_0,1,0.00011,1.414213562373095e-5,0.24074074074074073,169.53703703703704
0_0_0_0_0_0_0_1_1_0_0_0_0_0_1_1_1_1_0_0_0_0_1_1_1_0_0_0_0_0_0_0_0_0_1_1_0_1,1,0.00011,8.16496580927726e-6,0.2839506172839506,200.95454545454547
1_1_1_0_1_1_1_0_0_1_1_1_1_1_0_0_0_0_1_1_1_1_1_1_1_0_1_1_0_1_1_1_1_1_0_0_0_0,1,0.00011,1.6329931618554513e-5,0.2839506172839506,246.41025641025644
0_0_0_0_0_1_0_1_0_1_0_0_0_0_1_0_1_1_1_0_1_1_0_0_0_1_0_0_1_0_0_0_0_1_1_1_0_1,1,0.00011,2.1602468994692858e-5,0.2654320987654321,161.3068783068783
0_0_0_0_0_0_0_1_0_1_0_0_1_1_1_0_1_1_0_0_0_0_0_1_0_0_0_0_0_0_0_0_1_0_0_0_0_0,1,0.00011,2.82842712474619e-5,0.25925925925925924,160.03663003663004
1_1_1_1_1_1_1_0_0_1_1_1_0_1_0_0_0_0_0_1_0_0_1_1_0_0_1_1_0_1_1_1_1_1_0_0_1_0,1,0.00011,4.320493798938574e-5,0.2962962962962963,214.05228758169937
1_0_1_0_1_0_0_0_0_1_1_1_1_1_1_1_1_1_0_1_0_0_1_1_1_0_1_1_0_1_0_1_1_0_0_0_1_0,1,0.00011,2.8284271247461892e-5,0.25308641975308643,155.85185185185185
1_1_1_1_1_0_1_0_1_0_1_1_1_1_0_1_0_0_1_1_1_1_1_0_1_1_1_1_1_1_1_1_1_0_0_0_1_0,1,0.00011,4.96655480858378e-5,0.2654320987654321,136.65343915343917
0_1_0_0_0_0_0_1_1_0_0_1_0_0_0_0_0_0_0_0_1_1_1_1_0_0_0_0_0_0_1_0_0_0_1_1_0_1,1,0.00011,2.943920288775948e-5,0.2716049382716049,177.4722222222222
0_0_0_0_0_0_0_1_0_1_0_0_0_0_1_0_1_1_1_0_1_1_1_1_0_0_0_0_0_0_1_0_1_1_1_1_0_1,1,0.00011,2.82842712474619e-5,0.2716049382716049,222.63736263736266
0_1_0_1_1_1_1_0_1_1_1_0_0_1_0_0_0_0_1_1_1_1_0_0_0_1_1_1_1_0_1_1_0_1_0_0_1_0,1,0.00011,2.943920288775948e-5,0.2716049382716049,165.05555555555554
1_1_1_1_1_1_1_0_1_1_1_1_0_1_0_0_0_0_0_1_1_1_0_1_1_0_1_1_0_1_1_1_0_1_0_0_1_0,1,0.00010666666666666668,1.247219128924647e-5,0.24074074074074073,183.510101010101
1_0_1_0_0_1_0_1_0_1_0_0_0_0_1_1_1_1_1_0_1_1_1_0_1_1_0_0_1_1_0_0_1_1_1_1_0_1,1,0.00010666666666666668,9.428090415820634e-6,0.25925925925925924,163.5
1_0_1_0_0_0_0_1_0_1_0_0_1_1_1_0_1_1_1_0_1_1_0_0_1_1_0_0_1_1_0_0_1_1_0_0_0_0,1,0.00010666666666666668,9.428090415820634e-6,0.2654320987654321,175.16666666666666
1_1_1_1_1_1_1_0_0_1_1_1_1_1_0_1_0_1_1_1_0_0_0_0_1_1_1_1_1_1_1_1_1_1_0_0_1_0,1,0.00010666666666666668,1.247219128924647e-5,0.25308641975308643,241.62457912457913
0_1_0_1_1_0_1_0_1_0_1_1_0_1_0_0_0_0_0_1_0_0_1_1_0_0_1_1_0_0_1_1_0_0_0_0_1_0,1,0.00010666666666666668,9.428090415820634e-6,0.2839506172839506,185.55555555555554
0_0_0_0_0_0_0_1_0_1_0_0_0_0_1_0_1_1_0_0_0_0_1_0_0_1_0_0_1_0_1_0_1_1_1_1_0_1,1,0.00010666666666666668,4.714045207910317e-6,0.2716049382716049,216.36363636363637
1_1_1_1_1_1_1_0_0_1_1_1_1_1_0_0_0_0_0_1_0_0_1_1_1_0_1_1_0_1_1_1_1_1_0_0_1_0,1,0.00010666666666666668,4.714045207910317e-6,0.2839506172839506,220.66666666666666
1_0_1_1_1_1_1_0_0_1_1_0_1_1_1_1_1_1_0_1_1_1_0_1_1_0_1_1_0_1_0_1_1_1_0_0_1_0,1,0.00010666666666666668,4.714045207910317e-6,0.2716049382716049,177.84848484848484
1_1_1_1_1_1_1_0_1_1_1_0_0_1_0_0_0_0_0_1_0_0_0_1_0_0_1_1_0_1_1_1_0_1_0_0_1_0,1,0.00010666666666666668,4.921607686744467e-5,0.29012345679012347,169.66666666666666
1_1_1_1_1_1_1_0_0_1_1_1_1_1_0_1_0_0_0_1_1_1_0_1_1_0_1_1_0_1_1_1_1_1_0_0_1_0,1,0.00010666666666666668,1.8856180831641267e-5,0.25925925925925924,202.91666666666666
1_1_1_1_1_1_1_0_1_0_1_1_0_1_0_1_0_0_1_1_1_1_1_0_0_1_1_1_1_1_1_1_0_0_0_0_1_1,1,0.00010666666666666668,9.428090415820634e-6,0.2962962962962963,179.88888888888889
0_1_0_1_1_1_1_0_1_1_1_0_1_1_0_0_0_0_0_1_0_0_1_1_1_0_1_1_0_0_1_1_0_1_0_0_1_0,1,0.00010666666666666668,6.128258770283413e-5,0.25308641975308643,189.83164983164986
0_0_0_0_0_1_0_1_0_1_0_0_1_0_1_1_1_1_0_0_0_0_0_1_1_0_0_0_0_0_0_0_1_1_1_1_0_1,1,0.00010666666666666668,1.699673171197594e-5,0.3148148148148148,179.28205128205127
1_1_1_0_1_1_1_0_0_1_1_1_1_1_1_0_1_1_0_1_0_0_0_0_1_1_1_1_1_1_0_1_1_1_0_0_0_0,1,0.00010666666666666668,1.247219128924647e-5,0.29012345679012347,322.6178451178451
0_0_0_1_0_0_0_1_0_0_0_0_1_1_1_1_1_1_0_0_0_0_0_0_1_1_0_0_1_0_0_0_1_0_0_1_0_1,1,0.00010666666666666668,1.8856180831641267e-5,0.25308641975308643,163.61111111111111
1_1_1_0_1_1_1_0_1_1_1_1_0_0_0_0_0_0_0_1_0_0_1_0_0_1_1_1_1_1_1_1_0_1_1_0_1_0,1,0.00010666666666666668,1.247219128924647e-5,0.25308641975308643,179.94107744107745
1_1_1_1_1_1_1_0_0_1_1_1_1_1_0_1_0_1_0_1_1_1_0_1_1_0_1_1_0_1_1_1_1_1_0_0_1_0,1,0.00010666666666666665,3.091206165165234e-5,0.25308641975308643,226.0185185185185
0_0_0_0_0_0_0_1_0_0_0_1_0_0_1_0_1_1_1_0_0_0_0_0_0_1_0_0_1_0_0_0_1_0_1_1_0_1,1,0.00010666666666666665,2.4944382578492934e-5,0.2654320987654321,175.92857142857142
1_1_1_1_1_1_1_0_0_1_1_1_1_1_0_0_0_0_1_1_1_1_1_0_1_1_1_1_1_1_1_1_1_1_0_0_1_0,1,0.00010666666666666665,3.299831645537221e-5,0.2839506172839506,187.82539682539684
0_1_0_1_1_0_1_0_1_0_1_1_1_1_0_0_0_0_1_1_1_1_0_0_0_1_1_1_1_0_1_1_0_0_0_0_1_0,1,0.00010666666666666665,2.054804667656325e-5,0.25925925925925924,162.4242424242424
0_0_0_1_0_0_0_1_0_0_0_0_0_1_1_1_1_1_1_0_1_1_0_1_0_0_0_0_0_0_0_0_1_0_0_1_0_1,1,0.00010666666666666665,2.8674417556808754e-5,0.25308641975308643,167.83549783549782
1_1_1_1_1_0_1_0_1_0_1_1_0_1_0_0_0_0_1_1_1_1_1_0_0_1_1_1_1_1_1_1_0_0_0_0_1_0,1,0.00010666666666666665,3.3993463423951894e-5,0.3148148148148148,191.94444444444443
1_1_1_0_1_1_1_0_0_1_1_1_1_1_0_1_0_0_0_1_1_1_1_1_1_0_1_1_0_1_1_1_1_1_0_0_0_0,1,0.00010666666666666665,2.3570226039551575e-5,0.24691358024691357,204.973544973545
0_0_0_0_0_1_0_1_0_1_0_0_0_0_1_0_1_1_1_0_0_0_1_0_0_1_0_0_1_0_0_0_1_1_1_1_0_1,1,0.00010333333333333333,4.714045207910317e-6,0.2654320987654321,189.87878787878788
0_0_0_1_0_0_0_1_0_0_0_0_1_0_1_1_1_1_0_0_0_0_0_0_0_1_0_0_1_0_0_0_1_0_1_1_0_1,1,0.00010333333333333333,2.6246692913372695e-5,0.24074074074074073,166.32275132275132
1_0_1_1_1_0_0_0_0_1_1_1_1_1_1_1_1_1_1_1_1_1_0_0_1_1_1_1_1_1_0_1_0_0_0_0_1_0,1,0.00010333333333333333,3.299831645537221e-5,0.24074074074074073,154.5
0_0_0_0_0_0_0_1_1_0_0_0_0_0_1_0_1_0_1_0_0_0_1_0_0_1_0_0_1_0_0_0_0_0_1_1_0_1,1,0.00010333333333333333,2.0548046676563246e-5,0.25308641975308643,190.80128205128207
0_0_0_0_0_1_0_1_0_1_0_0_0_0_1_0_1_1_1_0_1_1_1_1_0_0_0_0_0_0_1_0_1_1_1_1_0_1,1,0.00010333333333333333,4.714045207910317e-6,0.2839506172839506,186.03030303030303
1_0_1_1_1_1_1_0_0_1_1_0_1_1_1_1_1_1_0_1_0_0_1_1_1_0_1_1_0_1_0_1_1_1_0_0_1_0,1,0.00010333333333333333,4.714045207910317e-6,0.25925925925925924,152.78787878787878
1_1_1_1_1_1_1_0_1_1_1_0_1_1_0_1_0_0_0_1_0_0_1_0_1_1_1_1_1_1_1_1_0_1_0_0_1_0,1,0.00010333333333333333,4.0276819911981915e-5,0.2654320987654321,178.09523809523807
1_0_1_0_0_0_0_1_0_1_1_0_1_0_1_1_1_1_1_0_1_1_1_0_1_1_0_0_1_1_0_0_1_1_1_1_0_0,1,0.00010333333333333333,4.1096093353126506e-5,0.24691358024691357,151.49494949494948
1_1_1_1_1_1_1_0_1_0_1_1_0_0_0_1_0_0_0_1_0_0_0_1_1_0_1_1_0_1_1_1_0_1_1_1_1_1,1,0.00010333333333333333,1.6996731711975947e-5,0.25308641975308643,146.57828282828282
0_0_0_1_0_0_0_1_0_0_0_0_1_0_1_1_1_1_1_0_0_0_0_0_0_1_0_0_1_0_0_0_1_0_1_1_0_1,1,0.00010333333333333333,4.714045207910317e-6,0.24074074074074073,180.96969696969697
0_1_0_0_0_1_1_1_1_0_0_1_0_0_0_1_0_0_0_0_0_0_1_1_0_0_0_0_0_0_1_0_0_1_1_1_0_1,1,0.00010333333333333333,2.6246692913372695e-5,0.29012345679012347,247.4537037037037
1_1_1_1_1_1_1_0_0_1_1_1_1_1_0_1_0_0_0_1_0_0_0_0_1_1_1_1_1_1_1_1_1_1_0_0_1_0,1,0.00010333333333333333,2.0548046676563246e-5,0.25925925925925924,185.24358974358975
0_0_0_0_0_0_0_1_0_0_0_0_1_1_1_1_1_1_1_0_0_0_1_0_1_1_0_0_1_0_0_0_1_0_0_1_0_1,1,0.00010333333333333333,1.885618083164126e-5,0.25308641975308643,179.45868945868946
1_1_1_1_1_0_1_0_1_0_1_1_1_1_0_1_0_0_0_1_0_0_0_0_1_1_1_1_1_1_1_1_0_0_0_0_1_0,1,0.00010333333333333333,1.247219128924647e-5,0.2654320987654321,181.92592592592595
0_0_0_0_0_0_0_1_1_0_0_0_1_0_1_1_1_1_0_0_0_0_0_1_1_0_0_0_0_0_0_0_0_0_1_1_0_1,1,0.00010333333333333333,2.0548046676563246e-5,0.2962962962962963,188.46794871794873
0_0_0_0_0_1_0_1_0_1_0_0_0_0_1_1_1_1_1_0_1_1_0_0_1_1_0_0_1_0_0_0_1_1_1_1_0_1,1,0.00010333333333333332,3.3993463423951894e-5,0.30864197530864196,179.64021164021165
0_0_0_0_0_0_0_1_0_1_0_0_1_0_1_0_1_1_0_0_0_0_1_1_1_0_0_0_0_0_0_0_1_0_1_1_0_0,1,0.00010333333333333332,4.496912521077347e-5,0.2716049382716049,166.7948717948718
1_1_1_0_1_1_1_0_1_1_1_1_0_0_0_0_0_0_0_1_1_1_1_1_0_0_1_1_0_1_1_1_0_1_1_0_1_0,1,0.0001,8.16496580927726e-6,0.25308641975308643,171.06734006734007
0_1_0_0_0_0_0_1_1_0_0_1_0_0_0_0_0_0_1_0_1_1_0_0_0_1_0_0_1_0_1_0_0_0_1_1_0_1,1,0.0001,1.414213562373095e-5,0.25925925925925924,162.77777777777774
1_1_1_1_1_1_1_0_0_1_1_1_1_1_0_0_0_0_0_1_0_0_0_1_0_0_1_1_0_1_1_1_1_1_0_0_1_0,1,0.0001,8.16496580927726e-6,0.2839506172839506,223.86868686868686
0_1_0_0_0_1_1_1_1_0_0_1_0_0_0_1_0_0_1_0_1_1_1_0_1_1_0_0_1_0_1_0_0_1_1_1_0_1,1,0.0001,2.9439202887759487e-5,0.2962962962962963,308.6752136752136
1_1_1_1_1_0_1_0_1_0_1_1_0_1_0_0_0_0_0_1_0_0_1_1_0_0_1_1_0_1_1_1_0_0_0_0_1_0,1,0.0001,4.242640687119286e-5,0.3148148148148148,186.42857142857142
1_0_1_1_1_1_0_0_0_1_1_0_1_1_1_1_1_1_1_1_1_1_1_1_1_0_1_1_0_1_1_1_1_1_0_0_1_0,1,0.0001,4.96655480858378e-5,0.2777777777777778,221.36321195144725
1_1_1_1_1_1_1_0_1_0_1_1_0_0_0_1_0_0_0_1_0_0_1_1_0_0_1_1_0_1_1_1_0_1_1_1_1_1,1,0.0001,8.16496580927726e-6,0.2654320987654321,143.82491582491582
1_0_1_0_0_0_0_1_0_1_0_0_1_1_1_0_1_1_1_0_1_1_1_0_0_1_0_0_1_1_0_0_1_0_0_0_0_0,1,0.0001,2.160246899469287e-5,0.2345679012345679,139.4949494949495
0_0_0_1_0_1_1_1_1_0_1_0_1_0_1_1_1_0_1_1_1_1_1_0_1_1_1_1_1_0_1_0_0_0_1_1_1_1,1,0.0001,2.9439202887759487e-5,0.30864197530864196,184.02116402116403
1_1_1_1_1_1_1_0_0_1_1_1_0_1_1_0_1_0_0_1_0_0_0_1_0_0_1_1_0_1_0_1_1_1_0_0_1_0,1,0.0001,8.16496580927726e-6,0.30864197530864196,170.2053872053872
0_0_0_1_0_0_0_1_0_0_0_0_1_0_1_1_1_1_1_0_1_1_0_1_0_0_0_0_0_0_0_0_1_0_1_1_0_1,1,0.0001,0.0,0.24074074074074073,176.33333333333334
0_0_0_0_0_0_0_1_1_0_0_0_1_1_0_0_0_1_1_0_0_0_1_0_0_1_0_0_1_0_1_0_0_0_0_0_0_0,1,9.999999999999999e-5,2.160246899469286e-5,0.3271604938271605,291.83404558404555
0_1_0_1_1_0_1_0_1_0_0_1_0_0_0_0_0_0_0_1_1_1_0_1_0_0_1_1_0_0_1_1_0_0_1_1_1_1,1,9.999999999999999e-5,2.9439202887759487e-5,0.25308641975308643,187.46031746031747
0_1_0_0_0_0_0_1_1_0_0_1_0_0_0_0_0_0_1_0_0_0_1_0_0_1_0_0_1_0_1_0_0_0_1_1_0_1,1,9.999999999999999e-5,4.08248290463863e-5,0.2716049382716049,196.7777777777778
0_0_0_0_0_1_1_1_1_0_0_1_0_0_1_0_1_0_0_1_0_0_1_1_0_0_1_1_0_0_0_0_0_0_1_1_1_1,1,9.999999999999999e-5,2.9439202887759487e-5,0.25925925925925924,170.23809523809524
1_0_1_0_0_0_0_1_0_1_1_0_1_0_1_1_1_1_1_0_1_1_1_0_1_1_0_0_1_1_0_0_1_0_1_1_0_0,1,9.999999999999999e-5,2.9439202887759487e-5,0.22839506172839505,142.22222222222223
0_1_0_1_1_1_1_0_1_0_1_1_0_0_0_1_0_0_0_1_0_0_1_1_0_0_1_1_0_0_1_1_0_0_1_1_1_1,1,9.666666666666667e-5,3.3993463423951894e-5,0.2654320987654321,158.07459207459206
0_1_0_1_1_1_1_0_1_0_1_1_1_1_0_0_0_0_0_1_0_0_1_0_0_1_1_1_1_0_1_1_0_1_0_0_1_0,1,9.666666666666667e-5,4.714045207910317e-6,0.25308641975308643,208.37037037037035
1_0_1_1_1_0_0_0_0_1_1_0_1_1_1_0_1_1_0_1_0_0_0_1_1_0_1_1_0_1_0_1_1_0_0_0_1_0,1,9.666666666666667e-5,2.6246692913372705e-5,0.29012345679012347,262.24747474747477
0_0_0_0_0_1_0_1_0_1_0_0_1_0_1_0_1_1_0_0_0_0_0_1_1_0_0_0_0_0_0_0_1_1_1_1_0_0,1,9.666666666666667e-5,2.054804667656326e-5,0.30864197530864196,185.95238095238096
1_0_1_1_1_1_1_0_0_1_1_0_1_1_1_1_1_1_1_1_1_1_0_1_1_0_1_1_0_1_0_1_1_1_0_0_1_0,1,9.666666666666667e-5,1.247219128924647e-5,0.2716049382716049,183.2348484848485
1_0_1_0_0_1_0_1_0_1_0_0_1_1_1_0_1_1_1_0_1_1_0_0_0_1_0_0_1_1_0_0_1_1_0_0_0_0,1,9.666666666666667e-5,1.247219128924647e-5,0.2716049382716049,183.2348484848485
0_0_0_0_0_0_0_1_1_0_0_0_1_0_1_1_1_1_1_0_1_1_1_0_1_1_0_0_1_0_0_0_0_0_1_1_0_1,1,9.666666666666667e-5,9.428090415820634e-6,0.29012345679012347,201.64983164983164
0_0_0_0_0_0_0_1_0_0_0_1_1_0_1_1_1_1_0_0_0_0_1_1_1_0_0_0_0_0_0_0_1_0_1_1_0_1,1,9.666666666666667e-5,2.054804667656326e-5,0.29012345679012347,169.26190476190476
0_0_0_1_0_0_0_1_1_0_0_0_0_1_1_1_1_1_1_0_1_1_0_0_0_1_0_0_1_0_0_0_0_0_0_1_1_1,1,9.666666666666667e-5,2.867441755680875e-5,0.2962962962962963,181.2222222222222
1_0_1_0_0_0_0_1_0_1_0_0_1_1_1_0_1_1_1_0_1_1_1_0_0_1_0_0_1_1_0_0_1_1_0_0_0_0,1,9.666666666666667e-5,1.247219128924647e-5,0.25308641975308643,165.40151515151516
0_1_0_1_1_1_1_0_1_0_1_1_0_0_0_1_0_0_0_1_0_0_0_1_1_0_1_1_0_0_1_1_0_1_1_1_1_1,1,9.666666666666667e-5,2.867441755680875e-5,0.2345679012345679,145.00854700854703
1_1_1_1_1_1_1_0_1_1_1_0_1_1_0_0_0_0_0_1_0_0_1_1_0_0_1_1_0_1_1_1_0_1_0_0_1_0,1,9.666666666666667e-5,3.091206165165234e-5,0.29012345679012347,198.57142857142856
1_0_1_0_0_0_0_1_0_1_0_0_1_1_1_0_1_1_1_0_1_1_0_0_0_1_0_0_1_1_0_0_1_0_0_0_0_0,1,9.666666666666667e-5,2.4944382578492937e-5,0.24074074074074073,156.12535612535612
0_0_0_0_0_0_0_1_1_0_0_0_0_0_1_0_1_1_1_0_1_1_1_1_0_0_0_0_0_0_0_0_0_0_1_1_0_1,1,9.666666666666667e-5,1.247219128924647e-5,0.25925925925925924,177.4242424242424
0_1_0_0_0_1_1_1_1_0_0_1_0_0_0_1_0_0_1_0_1_1_1_0_0_1_0_0_1_0_1_0_0_1_1_1_0_1,1,9.666666666666667e-5,3.091206165165234e-5,0.29012345679012347,233.57142857142858
1_1_1_1_1_0_1_0_1_0_1_1_1_1_0_0_0_0_1_1_1_1_0_0_0_1_1_1_1_1_0_1_0_0_0_0_1_0,1,9.666666666666667e-5,3.7712361663282534e-5,0.32098765432098764,187.52380952380952
1_0_1_1_1_1_0_0_0_1_1_0_1_1_1_1_1_1_0_1_1_1_0_1_1_0_1_1_0_1_0_1_1_0_0_0_1_0,1,9.333333333333334e-5,1.247219128924647e-5,0.25925925925925924,224.4234006734007
1_1_1_1_1_0_1_0_1_0_1_1_1_1_0_1_0_0_1_1_1_1_0_1_1_0_1_1_0_1_1_1_0_0_0_0_1_0,1,9.333333333333334e-5,1.8856180831641267e-5,0.2654320987654321,199.7222222222222
0_0_0_0_0_1_0_1_0_1_0_0_0_0_1_1_1_1_0_0_0_0_1_1_1_0_0_0_0_0_1_0_1_1_1_1_0_1,1,9.333333333333334e-5,2.3570226039551585e-5,0.32098765432098764,188.08080808080808
1_1_1_1_1_0_1_0_1_0_1_1_1_1_0_0_0_0_0_1_0_0_1_1_0_0_1_1_0_1_1_1_0_0_0_0_1_0,1,9.333333333333334e-5,9.428090415820634e-6,0.30864197530864196,191.41666666666666
0_0_0_0_0_0_0_1_0_0_0_1_1_1_1_0_1_1_0_0_0_0_0_1_0_0_0_0_0_0_0_0_1_0_0_0_0_0,1,9.333333333333334e-5,2.0548046676563257e-5,0.2962962962962963,224.78835978835977
1_1_1_1_1_0_1_0_1_0_1_1_0_1_0_1_0_0_0_1_0_0_1_1_0_0_1_1_0_1_1_1_0_0_0_0_1_1,1,9.333333333333334e-5,1.8856180831641267e-5,0.30864197530864196,182.91666666666666
1_1_1_1_1_1_1_0_0_1_1_1_1_0_0_0_0_0_1_1_1_1_0_0_1_1_1_1_1_1_1_1_1_1_1_0_1_0,1,9.333333333333334e-5,2.4944382578492944e-5,0.30864197530864196,209.1111111111111
1_0_1_0_1_1_0_0_0_1_1_1_1_1_1_1_1_1_1_1_1_1_1_0_1_1_1_1_1_1_0_1_1_0_0_0_1_0,1,9.333333333333334e-5,4.714045207910317e-6,0.25308641975308643,142.33333333333334
0_1_0_1_1_1_1_0_1_0_1_1_0_1_0_0_0_0_1_1_1_1_0_0_0_1_1_1_1_0_1_1_0_0_0_0_1_0,1,9.333333333333334e-5,1.247219128924647e-5,0.2654320987654321,161.08585858585857
1_1_1_0_1_1_1_0_1_1_1_1_0_0_0_0_0_0_1_1_1_1_1_1_0_0_1_1_0_1_1_1_0_1_1_0_1_0,1,9.333333333333334e-5,1.6996731711975954e-5,0.25308641975308643,181.2294372294372
0_0_0_0_0_0_0_1_1_0_0_0_0_0_1_1_1_1_0_0_0_0_0_1_0_0_0_0_0_0_0_0_0_0_1_1_0_1,1,9.333333333333334e-5,5.79271573232759e-5,0.2839506172839506,208.0392156862745
1_1_1_1_1_1_1_0_1_1_1_1_0_1_0_0_0_0_0_1_0_0_0_0_1_1_1_1_1_1_1_1_0_1_0_0_1_0,1,9.333333333333334e-5,4.714045207910317e-6,0.24074074074074073,231.44444444444443
0_0_0_0_0_0_0_1_1_0_0_0_1_1_0_0_0_1_0_0_0_0_1_0_0_1_0_0_1_0_1_0_0_0_0_0_0_0,1,9.333333333333334e-5,2.4944382578492944e-5,0.3271604938271605,267.0
1_0_1_0_0_0_0_1_0_1_0_0_1_0_1_1_1_1_1_0_1_1_1_0_1_1_0_0_1_1_1_0_1_1_1_1_0_1,1,9.333333333333334e-5,3.091206165165234e-5,0.2839506172839506,192.54040404040404
0_1_0_1_1_1_1_0_1_0_1_1_0_0_0_1_0_0_1_1_1_1_1_0_1_1_1_1_1_0_1_1_0_1_1_1_1_1,1,9.333333333333334e-5,1.247219128924647e-5,0.24074074074074073,178.236531986532
1_1_1_0_1_1_1_0_0_1_1_1_1_0_0_0_0_0_0_1_0_0_1_1_1_0_1_1_0_1_1_1_1_1_1_0_0_0,1,9.333333333333333e-5,3.3993463423951894e-5,0.2962962962962963,213.37301587301587
0_0_0_0_0_0_0_1_0_0_0_1_1_1_1_0_1_1_1_0_1_1_0_0_0_1_0_0_1_0_0_0_1_0_0_0_0_0,1,9.333333333333333e-5,2.054804667656326e-5,0.2962962962962963,190.9920634920635
0_1_0_1_1_0_1_0_1_0_0_1_0_0_0_0_0_0_0_1_0_0_0_0_0_1_1_1_1_0_1_1_0_0_1_1_1_1,1,9.333333333333333e-5,4.1899350299921774e-5,0.25308641975308643,189.19444444444446
0_1_0_1_1_0_1_0_1_0_0_1_0_0_0_0_0_0_1_1_0_0_0_0_0_1_1_1_1_0_1_1_0_0_1_1_1_1,1,9.333333333333333e-5,4.496912521077347e-5,0.25308641975308643,178.09829059829062
0_1_0_1_1_0_1_0_1_0_1_1_1_1_0_0_0_0_0_1_0_0_0_1_0_0_1_1_0_0_1_1_0_0_0_0_1_0,1,9.333333333333333e-5,2.62466929133727e-5,0.25925925925925924,154.32234432234432
1_0_1_0_0_1_0_1_0_1_1_0_1_1_1_1_1_1_0_0_1_1_1_1_1_0_0_0_0_1_0_0_1_1_0_0_0_0,1,9.333333333333333e-5,4.496912521077347e-5,0.25308641975308643,217.46296296296296
0_0_0_0_0_1_0_1_0_1_0_0_0_0_1_1_1_1_0_0_0_0_0_1_1_0_0_0_0_0_0_0_1_1_1_1_0_1,1,9.333333333333333e-5,1.6996731711975954e-5,0.30864197530864196,217.85281385281385
0_0_0_0_0_0_0_1_0_0_0_0_1_0_1_1_1_1_0_0_1_1_1_1_0_0_0_0_0_0_0_0_1_0_1_1_0_1,1,9.333333333333333e-5,2.867441755680875e-5,0.24074074074074073,209.51566951566952
0_0_0_0_0_0_0_1_0_1_0_0_0_0_1_0_1_1_0_0_0_0_1_1_0_0_0_0_0_0_0_0_0_1_1_1_0_1,1,9.333333333333333e-5,3.858612300930074e-5,0.24691358024691357,146.33449883449885
0_1_0_1_1_1_1_0_1_0_0_1_0_1_0_0_0_0_1_1_1_1_0_0_0_1_1_1_1_0_1_1_0_0_0_0_1_1,1,9.333333333333333e-5,4.1899350299921774e-5,0.24691358024691357,148.66666666666666
1_0_1_0_0_1_0_1_0_1_0_0_1_0_1_1_1_1_1_0_1_1_1_0_1_1_0_0_1_1_1_0_1_1_1_1_0_1,1,9.333333333333333e-5,2.054804667656326e-5,0.2962962962962963,192.6851851851852
1_1_1_1_1_1_1_0_0_1_1_1_1_0_1_0_1_0_0_1_0_0_0_1_1_0_1_1_0_1_0_1_1_1_1_0_1_0,1,9.333333333333333e-5,3.299831645537221e-5,0.3271604938271605,238.05128205128207
0_1_0_0_0_0_1_1_1_0_0_1_0_0_0_0_0_0_0_0_1_1_1_1_0_0_0_0_0_0_1_0_0_1_1_1_0_1,1,9.0e-5,1.6329931618554523e-5,0.25925925925925924,244.22318422318418
1_0_1_0_0_1_0_1_0_1_1_0_1_1_1_1_1_1_1_0_1_1_1_1_1_0_0_0_0_1_0_0_1_1_0_0_0_0,1,9.0e-5,4.546060565661951e-5,0.25308641975308643,189.16666666666666
1_0_1_1_1_0_0_0_0_1_1_1_1_1_1_1_1_1_0_1_0_0_0_1_1_0_1_1_0_1_0_1_0_0_0_0_1_0,1,9.0e-5,2.1602468994692868e-5,0.24074074074074073,150.4242424242424
1_1_1_1_1_1_1_0_1_0_1_1_1_0_0_1_0_0_0_1_0_0_1_1_1_0_1_1_0_1_1_1_0_1_1_0_1_1,1,9.0e-5,8.16496580927726e-6,0.2839506172839506,143.36111111111111
1_1_1_1_1_0_0_0_1_0_1_1_1_1_0_1_0_0_1_1_1_1_0_0_1_1_1_1_1_1_1_1_0_0_0_0_1_0,1,9.0e-5,2.160246899469287e-5,0.25308641975308643,147.02380952380952
0_0_0_0_0_1_1_1_0_1_0_0_0_0_1_0_1_1_1_0_1_1_1_0_0_1_0_0_1_0_0_0_1_1_1_1_0_1,1,9.0e-5,8.16496580927726e-6,0.25308641975308643,152.10185185185185
0_0_0_0_0_0_0_1_1_0_0_0_0_0_1_1_1_1_1_0_1_1_0_0_0_1_0_0_1_0_0_0_0_0_1_1_0_1,1,9.0e-5,3.741657386773941e-5,0.2839506172839506,195.08333333333334
1_1_1_1_1_1_1_0_0_1_1_1_1_1_0_1_0_0_0_1_1_1_1_1_1_0_1_1_0_1_1_1_1_1_0_0_1_0,1,9.0e-5,2.160246899469287e-5,0.2654320987654321,209.40476190476193
0_1_0_1_1_1_1_0_1_1_1_0_1_1_0_0_0_0_1_1_1_1_1_0_0_1_1_1_1_0_1_1_0_1_0_0_1_0,1,9.0e-5,4.546060565661952e-5,0.25925925925925924,205.95238095238096
1_1_1_1_1_0_0_0_1_0_1_1_1_1_0_1_0_0_1_1_1_1_0_0_1_1_1_1_1_1_0_1_0_0_0_0_1_0,1,9.0e-5,1.4142135623730955e-5,0.2716049382716049,170.42857142857142
1_0_1_1_1_1_1_0_0_1_1_0_1_1_1_1_1_1_1_1_0_0_0_0_1_1_1_1_1_1_0_1_1_1_0_0_1_0,1,9.0e-5,2.449489742783178e-5,0.2716049382716049,175.2777777777778
0_0_0_0_0_1_0_1_0_1_0_0_0_0_1_0_1_1_0_0_0_0_1_0_0_1_0_0_1_0_0_0_1_1_1_1_0_1,1,9.0e-5,2.1602468994692868e-5,0.2654320987654321,179.23232323232324
1_1_1_0_1_1_1_0_0_1_1_1_1_0_0_0_0_0_1_1_1_1_1_0_1_1_1_1_1_1_1_1_1_1_1_0_0_0,1,9.0e-5,1.414213562373095e-5,0.2962962962962963,179.62121212121212
1_0_1_0_0_0_0_1_0_0_0_1_1_0_1_1_1_1_1_0_1_1_1_0_1_1_0_0_1_1_0_0_1_0_1_1_0_1,1,9.0e-5,1.6329931618554523e-5,0.2716049382716049,157.17171717171718
0_1_0_1_1_0_1_0_1_0_1_1_0_0_0_1_0_0_1_1_1_1_1_0_1_1_1_1_1_0_1_1_0_0_1_1_1_1,1,9.0e-5,2.1602468994692868e-5,0.2716049382716049,167.37373737373738
1_0_1_0_0_1_0_1_0_1_1_0_1_1_1_1_1_1_1_0_0_0_1_0_1_1_0_0_1_1_0_0_1_1_0_0_0_0,1,9.0e-5,8.16496580927726e-6,0.25308641975308643,235.58333333333334
1_1_1_1_1_1_1_0_1_1_1_1_1_0_0_0_0_0_1_1_1_1_0_1_1_0_1_1_0_1_1_1_0_1_1_0_1_0,1,9.0e-5,5.3541261347363375e-5,0.25308641975308643,195.20833333333334
0_0_0_0_0_0_0_1_0_0_0_0_0_1_1_1_1_1_1_0_0_0_1_0_0_1_0_0_1_0_0_0_1_0_0_1_0_1,1,8.999999999999998e-5,3.559026084010437e-5,0.25308641975308643,173.09523809523807
0_0_0_0_0_0_0_1_0_1_0_0_1_1_1_0_1_1_1_0_1_1_1_0_1_1_0_0_1_0_0_0_1_0_0_0_0_0,1,8.666666666666668e-5,1.2472191289246475e-5,0.25925925925925924,146.95238095238096
0_0_0_0_0_0_0_1_1_0_0_0_1_0_0_1_0_1_1_0_1_1_1_0_1_1_0_0_1_0_1_0_0_0_1_1_0_1,1,8.666666666666668e-5,2.6246692913372705e-5,0.30864197530864196,221.6060606060606
1_0_1_0_0_0_0_1_0_0_0_1_1_0_1_1_1_1_0_0_0_0_1_1_1_0_0_0_0_1_0_0_1_0_1_1_0_1,1,8.666666666666668e-5,9.428090415820634e-6,0.2716049382716049,178.25
1_1_1_1_1_1_1_0_1_0_1_1_0_1_0_1_0_0_1_1_1_1_0_0_0_1_1_1_1_1_1_1_0_1_0_0_1_1,1,8.666666666666668e-5,1.6996731711975954e-5,0.2716049382716049,154.71861471861473
0_1_0_1_1_1_1_0_1_1_1_0_0_1_0_0_0_0_0_1_0_0_0_1_0_0_1_1_0_0_1_1_0_1_0_0_1_0,1,8.666666666666668e-5,1.6996731711975954e-5,0.2716049382716049,156.86147186147187
1_0_1_1_1_1_0_0_0_1_1_0_1_1_1_1_1_1_1_1_1_1_0_1_1_0_1_1_0_1_0_1_1_0_0_0_1_0,1,8.666666666666668e-5,4.714045207910317e-6,0.25925925925925924,255.37037037037035
1_1_1_1_1_0_1_0_1_0_1_1_0_1_0_1_0_0_1_1_1_1_1_0_0_1_1_1_1_1_1_1_0_0_0_0_1_1,1,8.666666666666668e-5,4.714045207910317e-6,0.30864197530864196,184.21296296296296
1_0_1_0_0_1_0_1_0_1_0_0_1_1_1_0_1_1_0_0_0_0_0_1_0_0_0_0_0_1_0_0_1_1_0_0_0_0,1,8.666666666666668e-5,4.714045207910317e-6,0.2716049382716049,139.39814814814815
1_1_1_1_1_1_1_0_1_1_1_1_1_0_0_0_0_0_0_1_1_1_0_1_1_0_1_1_0_1_1_1_0_1_1_0_1_0,1,8.666666666666668e-5,2.8674417556808757e-5,0.25308641975308643,160.6851851851852
0_0_0_0_0_0_0_1_1_0_0_0_1_0_1_1_1_1_0_0_0_0_1_1_0_0_0_0_0_0_0_0_0_0_1_1_0_1,1,8.666666666666668e-5,1.2472191289246475e-5,0.2962962962962963,182.2222222222222
0_0_0_1_0_0_0_1_1_0_0_0_0_1_1_1_1_1_0_0_0_0_0_1_0_0_0_0_0_0_0_0_0_0_0_1_1_1,1,8.666666666666668e-5,2.4944382578492944e-5,0.2962962962962963,180.0
1_0_1_0_0_0_0_1_0_0_0_1_1_0_1_1_1_1_1_0_1_1_0_0_1_1_0_0_1_1_0_0_1_0_1_1_0_1,1,8.666666666666668e-5,1.6996731711975954e-5,0.2777777777777778,166.6396103896104
1_0_1_1_1_1_1_0_0_1_1_0_1_1_1_1_1_1_0_1_0_0_0_0_1_1_1_1_1_1_0_1_1_1_0_0_1_0,1,8.666666666666668e-5,2.6246692913372705e-5,0.2716049382716049,170.87878787878788
1_1_1_1_1_0_1_0_1_0_1_1_1_1_0_1_0_0_1_1_1_1_0_1_1_0_1_1_0_1_0_1_0_0_0_0_1_0,1,8.666666666666668e-5,2.0548046676563257e-5,0.2839506172839506,212.1885521885522
1_0_1_0_0_0_0_1_0_1_0_0_1_1_1_0_1_1_0_0_0_0_0_1_0_0_0_0_0_1_0_0_1_0_0_0_0_0,1,8.666666666666668e-5,9.428090415820634e-6,0.24074074074074073,156.66666666666666
0_1_0_0_0_1_1_1_1_0_0_1_0_0_0_1_0_0_0_0_0_0_1_1_1_0_0_0_0_0_1_0_0_1_1_1_0_1,1,8.666666666666665e-5,3.299831645537221e-5,0.2962962962962963,270.7307692307692
0_1_0_1_1_0_1_0_1_0_0_1_0_1_0_0_0_0_0_1_0_0_0_1_0_0_1_1_0_0_0_1_0_0_0_0_1_1,1,8.333333333333333e-5,2.6246692913372705e-5,0.2777777777777778,166.23015873015873
0_1_0_1_1_1_1_0_1_0_1_1_0_0_0_1_0_0_0_1_0_0_0_1_1_0_1_1_0_0_1_1_0_0_1_1_1_1,1,8.333333333333333e-5,1.8856180831641274e-5,0.25308641975308643,177.83549783549782
0_1_0_1_1_0_1_0_1_0_1_1_0_0_0_1_0_0_0_1_0_0_1_1_1_0_1_1_0_0_1_1_0_0_1_1_1_1,1,8.333333333333333e-5,9.428090415820639e-6,0.2716049382716049,159.62962962962962
0_1_0_1_1_1_1_0_1_0_1_1_1_1_0_0_0_0_1_1_1_1_1_1_0_0_1_1_0_0_1_1_0_0_0_0_1_0,1,8.333333333333333e-5,4.784233364802441e-5,0.2716049382716049,167.7777777777778
0_1_0_1_1_1_1_0_1_0_1_1_0_0_0_1_0_0_1_1_1_1_0_0_1_1_1_1_1_0_1_1_0_1_1_1_1_1,1,8.333333333333333e-5,2.0548046676563257e-5,0.2345679012345679,137.2979797979798
0_0_0_0_0_0_0_1_1_0_0_0_0_0_1_0_1_0_0_0_1_1_1_1_0_0_0_0_0_0_0_0_0_0_1_1_0_1,1,8.333333333333333e-5,1.8856180831641274e-5,0.25308641975308643,248.3982683982684
1_0_1_0_0_0_0_1_0_1_0_0_1_1_1_0_1_1_0_0_0_0_1_1_0_0_0_0_0_1_0_0_1_1_0_0_0_0,1,8.333333333333333e-5,2.6246692913372705e-5,0.25308641975308643,150.9126984126984
1_1_1_1_1_1_1_0_1_1_1_0_1_1_0_0_0_0_1_1_1_1_0_0_1_1_1_1_1_1_1_1_0_1_0_0_1_0,1,8.333333333333333e-5,1.2472191289246475e-5,0.2777777777777778,170.47619047619048
0_0_0_0_0_1_1_1_0_1_0_0_0_0_1_0_1_1_0_0_0_0_1_1_0_0_0_0_0_0_1_0_1_1_1_1_0_1,1,8.333333333333333e-5,4.714045207910317e-6,0.2716049382716049,143.4722222222222
1_1_1_1_1_1_1_0_1_0_1_1_1_1_0_1_0_0_0_1_1_1_0_1_1_0_1_1_0_1_0_1_0_0_0_0_1_0,1,8.333333333333333e-5,2.4944382578492944e-5,0.2716049382716049,197.52861952861954
0_0_0_0_0_1_0_1_0_1_0_0_0_0_1_0_1_1_0_0_0_0_0_1_0_0_0_0_0_0_0_0_0_1_1_1_0_1,1,8.333333333333333e-5,1.699673171197595e-5,0.2654320987654321,152.07407407407408
0_0_0_0_0_0_0_1_0_0_0_1_0_0_1_0_1_1_1_0_1_1_0_1_0_0_0_0_0_0_0_0_1_0_1_1_0_1,1,8.333333333333333e-5,1.2472191289246475e-5,0.2654320987654321,199.26190476190473
0_1_0_1_1_1_1_0_1_0_0_1_0_1_0_0_0_0_1_1_1_1_0_0_0_1_1_1_1_0_0_1_0_0_0_0_1_1,1,8.333333333333333e-5,3.6817870057290866e-5,0.2654320987654321,216.50641025641025
0_0_0_1_0_0_0_1_0_0_0_0_0_1_1_1_1_1_1_0_0_0_0_0_0_1_0_0_1_0_0_0_1_0_0_1_0_1,1,8.333333333333333e-5,1.699673171197595e-5,0.25308641975308643,191.5925925925926
1_0_1_0_1_0_0_0_0_1_1_1_1_1_1_1_1_1_1_1_1_1_1_0_1_1_1_1_1_1_0_1_1_0_0_0_1_0,1,8.333333333333333e-5,1.699673171197595e-5,0.25308641975308643,185.74074074074073
0_0_0_1_0_0_0_1_1_0_0_0_0_0_1_1_1_1_0_0_1_1_0_1_0_0_0_0_0_0_0_0_0_0_1_1_1_1,1,8.333333333333333e-5,1.699673171197595e-5,0.2839506172839506,257.6666666666667
0_1_0_1_1_1_1_0_1_0_1_1_0_1_0_0_0_0_0_1_0_0_0_1_0_0_1_1_0_0_0_1_0_0_0_0_1_0,1,8.333333333333333e-5,4.714045207910317e-6,0.2839506172839506,168.37962962962965
1_1_1_1_1_1_1_0_1_0_1_1_0_1_0_0_0_0_0_1_1_1_1_1_0_0_1_1_0_1_1_1_0_1_0_0_1_0,1,8.333333333333333e-5,3.299831645537221e-5,0.30246913580246915,187.17948717948718
1_1_1_1_1_1_1_0_1_0_1_1_1_1_0_1_0_0_0_1_0_0_0_1_1_0_1_1_0_1_1_1_1_0_0_0_1_0,1,8.333333333333333e-5,3.091206165165234e-5,0.24691358024691357,153.45454545454547
1_1_1_1_1_1_1_0_1_0_1_1_0_1_0_1_0_0_0_1_0_0_0_1_0_0_1_1_0_1_0_1_0_0_0_0_1_1,1,8.333333333333333e-5,4.714045207910317e-6,0.30864197530864196,163.5648148148148
1_1_1_1_1_1_1_0_1_0_1_1_0_1_0_1_0_0_0_1_0_0_0_1_0_0_1_1_0_1_1_1_0_1_0_0_1_1,1,8.333333333333333e-5,2.6246692913372705e-5,0.2716049382716049,165.87301587301587
1_1_1_0_1_1_1_0_0_1_1_1_1_1_1_0_1_1_1_1_1_1_0_1_1_0_1_1_0_1_0_1_1_1_0_0_0_0,1,8.333333333333333e-5,2.4944382578492944e-5,0.29012345679012347,254.92929292929293
0_1_0_1_1_1_1_0_1_0_1_1_0_0_0_1_0_0_0_1_0_0_0_1_1_0_1_1_0_0_0_1_0_0_1_1_1_1,1,8.333333333333333e-5,9.428090415820639e-6,0.2716049382716049,170.37037037037038
1_1_1_1_1_0_1_0_1_0_1_1_1_1_0_1_0_0_0_1_0_0_1_1_1_0_1_1_0_1_1_1_1_0_0_0_1_0,1,8.333333333333333e-5,4.714045207910317e-6,0.2654320987654321,159.7685185185185
1_1_1_1_1_1_1_0_1_0_1_1_0_0_0_1_0_0_1_1_1_1_0_0_0_1_1_1_1_1_1_1_0_1_1_1_1_1,1,8.333333333333333e-5,1.699673171197595e-5,0.25925925925925924,148.44444444444446
0_0_0_0_0_0_0_1_1_0_0_0_0_1_1_1_1_1_1_0_1_1_1_0_0_1_0_0_1_0_0_0_0_0_0_1_0_1,1,8.333333333333333e-5,2.0548046676563257e-5,0.30864197530864196,190.66919191919192
1_1_1_0_1_1_1_0_0_1_1_1_0_0_0_1_0_0_1_1_0_0_1_0_1_1_1_1_1_1_1_1_1_1_1_1_0_1,1,8.333333333333333e-5,3.299831645537222e-5,0.2962962962962963,211.38888888888889
1_1_1_1_1_1_1_0_1_1_1_1_1_0_0_0_0_0_1_1_0_0_0_0_1_1_1_1_1_1_1_1_0_1_1_0_1_0,1,8.0e-5,1.4142135623730955e-5,0.25308641975308643,220.61904761904762
0_0_0_1_0_0_0_1_0_0_0_0_0_1_1_1_1_1_0_0_1_1_0_1_0_0_0_0_0_0_0_0_1_0_0_1_0_1,1,8.0e-5,4.3204937989385736e-5,0.25308641975308643,148.5
0_1_0_1_1_1_1_0_1_0_1_1_0_0_0_1_0_0_1_1_1_1_0_0_1_1_1_1_1_0_1_1_0_0_1_1_1_1,1,8.0e-5,1.4142135623730955e-5,0.25308641975308643,171.80952380952382
1_1_1_1_1_1_1_0_1_1_1_0_0_0_0_1_0_0_1_1_1_1_1_0_1_1_1_1_1_1_1_1_0_1_1_1_1_1,1,8.0e-5,2.1602468994692868e-5,0.2962962962962963,211.33333333333334
1_0_1_0_0_1_0_1_0_1_1_0_1_0_1_1_1_1_1_0_1_1_1_0_1_1_0_0_1_1_1_0_1_1_1_1_0_0,1,8.0e-5,2.8284271247461902e-5,0.2777777777777778,157.22222222222223
1_0_1_1_1_0_0_0_0_1_1_1_1_1_1_1_1_1_0_1_1_1_0_1_1_0_1_1_0_1_0_1_1_0_0_0_1_0,1,8.0e-5,1.4142135623730953e-5,0.25925925925925924,181.2962962962963
1_0_1_1_1_0_0_0_0_1_1_0_1_1_1_0_1_1_1_1_1_1_0_0_0_1_1_1_1_1_0_1_1_0_0_0_1_0,1,8.0e-5,2.449489742783178e-5,0.2962962962962963,372.17424242424244
0_0_0_0_0_0_0_1_1_0_0_0_0_1_1_1_1_1_0_0_0_0_1_1_0_0_0_0_0_0_0_0_0_0_0_1_0_1,1,8.0e-5,3.5590260840104375e-5,0.30864197530864196,253.58585858585857
0_0_0_0_0_0_0_1_0_1_0_0_1_1_1_0_1_1_0_0_0_0_1_1_1_0_0_0_0_0_0_0_1_0_0_0_0_0,1,8.0e-5,1.6329931618554523e-5,0.25925925925925924,145.80555555555554
1_1_1_1_1_1_1_0_0_1_1_1_1_1_0_0_0_0_0_1_0_0_1_1_0_0_1_1_0_1_1_1_1_1_0_0_1_0,1,8.0e-5,0.0,0.29012345679012347,216.25
0_0_0_0_0_0_0_1_1_0_0_0_1_1_0_0_0_1_1_0_1_1_1_1_0_0_0_0_0_0_1_0_0_0_0_0_0_0,1,8.0e-5,1.6329931618554523e-5,0.3271604938271605,280.1111111111111
0_0_0_0_0_0_0_1_0_0_0_1_1_1_1_0_1_1_0_0_0_0_1_1_0_0_0_0_0_0_0_0_1_0_0_0_0_0,1,8.0e-5,1.4142135623730953e-5,0.29012345679012347,206.4814814814815
0_1_0_1_1_1_1_0_1_1_1_0_0_1_0_0_0_0_0_1_0_0_1_1_0_0_1_1_0_0_1_1_0_1_0_0_1_0,1,8.0e-5,0.0,0.2777777777777778,190.83333333333334
0_0_0_0_0_0_0_1_1_0_0_0_1_0_0_1_0_1_0_0_0_0_1_1_1_0_0_0_0_0_1_0_0_0_1_1_0_1,1,8.0e-5,2.1602468994692868e-5,0.30864197530864196,182.62962962962965
1_1_1_1_1_1_1_0_0_1_1_1_0_1_0_0_0_0_0_1_0_0_0_1_1_0_1_1_0_1_1_1_1_1_0_0_1_0,1,8.0e-5,1.4142135623730955e-5,0.2962962962962963,217.61904761904762
1_0_1_0_0_1_0_1_0_1_1_0_1_0_1_1_1_1_0_0_0_0_1_1_1_0_0_0_0_1_0_0_1_1_1_1_0_0,1,8.0e-5,8.164965809277265e-6,0.25925925925925924,151.91137566137567
0_0_0_0_0_0_0_1_1_0_0_0_1_1_0_0_0_1_0_0_1_1_1_1_0_0_0_0_0_0_1_0_0_0_0_0_0_0,1,8.0e-5,2.1602468994692868e-5,0.3271604938271605,247.7037037037037
1_0_1_0_0_0_0_1_0_0_0_1_1_0_1_1_1_1_0_0_0_0_0_1_1_0_0_0_0_1_0_0_1_0_1_1_0_1,1,7.999999999999999e-5,4.9665548085837796e-5,0.2777777777777778,172.7222222222222
1_1_1_1_1_1_1_0_0_1_1_1_0_0_1_1_1_0_1_1_0_0_0_0_1_1_1_1_1_1_0_1_1_1_1_1_1_1,1,7.999999999999999e-5,2.1602468994692868e-5,0.3271604938271605,312.36652236652236
1_1_1_1_1_1_1_0_0_1_1_1_0_0_1_1_1_0_1_1_1_1_0_1_1_0_1_1_0_1_0_1_1_1_1_1_1_1,1,7.999999999999999e-5,2.1602468994692868e-5,0.3271604938271605,254.1991341991342
1_0_1_0_0_1_0_1_0_1_1_0_1_0_1_1_1_1_1_0_1_1_1_0_1_1_0_0_1_1_0_0_1_1_1_1_0_0,1,7.999999999999999e-5,1.4142135623730955e-5,0.25925925925925924,142.04761904761904
0_0_0_0_0_0_0_1_0_0_0_0_0_1_1_1_1_1_0_0_1_1_1_1_0_0_0_0_0_0_0_0_1_0_0_1_0_1,1,7.999999999999999e-5,8.164965809277265e-6,0.25308641975308643,165.44973544973547
1_0_1_0_0_1_0_1_0_1_1_0_1_0_1_1_1_1_0_0_0_0_1_1_1_0_0_0_0_1_1_0_1_1_1_1_0_0,1,7.999999999999999e-5,1.4142135623730955e-5,0.2777777777777778,182.09523809523807
0_1_0_0_0_0_0_1_1_0_0_1_0_0_0_0_0_0_0_0_0_0_1_0_0_1_0_0_1_0_1_0_0_0_1_1_0_1,1,7.999999999999999e-5,1.4142135623730955e-5,0.2716049382716049,196.7142857142857
0_0_0_0_0_0_0_1_0_1_0_0_0_0_1_1_1_1_0_0_0_0_0_1_1_0_0_0_0_0_0_0_1_1_1_1_0_1,1,7.999999999999999e-5,2.1602468994692868e-5,0.2962962962962963,156.5945165945166
1_1_1_1_1_1_1_0_1_0_1_1_1_0_0_1_0_0_0_1_0_0_0_1_1_0_1_1_0_1_1_1_0_1_1_0_1_1,1,7.999999999999999e-5,8.164965809277265e-6,0.2777777777777778,164.13359788359787
1_1_1_1_1_1_1_0_1_0_1_1_0_1_0_1_0_0_1_1_1_1_1_0_0_1_1_1_1_1_1_1_0_1_0_0_1_1,1,7.999999999999999e-5,2.943920288775949e-5,0.2777777777777778,158.23015873015876
1_1_1_1_1_1_1_0_1_0_1_1_1_1_0_0_0_0_1_1_1_1_1_0_0_1_1_1_1_1_1_1_0_0_0_0_1_0,1,7.666666666666667e-5,1.6996731711975954e-5,0.2962962962962963,163.5079365079365
1_1_1_1_1_1_1_0_1_0_1_1_0_0_0_1_0_0_1_1_1_1_1_0_0_1_1_1_1_1_1_1_0_1_1_1_1_1,1,7.666666666666667e-5,1.6996731711975954e-5,0.2654320987654321,186.12698412698413
0_0_0_0_0_0_0_1_0_1_0_0_0_0_1_1_1_1_1_0_1_1_0_0_1_1_0_0_1_0_0_0_1_1_1_1_0_1,1,7.666666666666667e-5,2.3570226039551588e-5,0.2962962962962963,163.58585858585857
0_0_0_1_0_0_0_1_1_0_0_0_1_1_1_0_1_1_1_0_1_1_0_1_0_0_0_0_0_0_0_0_0_0_0_0_1_0,1,7.666666666666667e-5,4.714045207910323e-6,0.2962962962962963,185.5357142857143
1_1_1_1_1_1_1_0_1_0_1_1_1_1_0_1_0_0_0_1_1_1_1_1_1_0_1_1_0_1_1_1_1_1_0_0_1_0,1,7.666666666666667e-5,1.6996731711975954e-5,0.25308641975308643,124.6031746031746
1_1_1_1_1_1_1_0_0_1_1_1_0_1_1_0_1_0_1_1_1_1_0_0_0_1_1_1_1_1_0_1_1_1_0_0_1_0,1,7.666666666666667e-5,1.2472191289246474e-5,0.30864197530864196,199.16666666666666
1_0_1_0_0_0_0_1_0_1_0_0_1_1_1_0_1_1_0_0_0_0_1_1_0_0_0_0_0_1_1_0_1_1_0_0_0_0,1,7.666666666666667e-5,2.3570226039551588e-5,0.2716049382716049,191.56565656565658
0_1_0_1_1_1_1_0_1_0_1_1_0_1_0_0_0_0_1_1_1_1_0_0_0_1_1_1_1_0_0_1_0_0_0_0_1_0,1,7.666666666666667e-5,1.2472191289246474e-5,0.2839506172839506,189.0277777777778
0_0_0_0_0_0_0_1_0_1_0_0_0_0_1_0_1_1_1_0_1_1_1_0_0_1_0_0_1_0_0_0_0_1_1_1_0_1,1,7.666666666666667e-5,2.3570226039551588e-5,0.24691358024691357,157.4242424242424
0_0_0_1_0_0_0_1_1_0_0_0_1_1_1_0_1_1_1_0_0_0_0_0_0_1_0_0_1_0_0_0_0_0_0_0_1_0,1,7.666666666666667e-5,1.6996731711975954e-5,0.2962962962962963,223.23809523809527
1_1_1_1_1_0_0_0_1_0_1_1_1_1_0_1_0_0_0_1_0_0_0_1_1_0_1_1_0_1_0_1_0_0_0_0_1_0,1,7.666666666666667e-5,4.714045207910323e-6,0.2716049382716049,137.5
0_0_0_0_0_0_0_1_1_0_0_0_1_0_1_1_1_1_1_0_1_1_1_0_0_1_0_0_1_0_0_0_0_0_1_1_0_1,1,7.666666666666667e-5,1.6996731711975954e-5,0.2962962962962963,191.76190476190473
0_0_0_0_0_1_0_1_0_1_0_0_1_0_1_1_1_1_1_0_1_1_0_0_1_1_0_0_1_0_0_0_1_1_1_1_0_1,1,7.666666666666667e-5,4.714045207910323e-6,0.3148148148148148,174.88095238095238
0_0_0_1_0_0_0_1_1_0_0_0_0_0_1_1_1_1_1_0_1_1_0_1_0_0_0_0_0_0_0_0_0_0_1_1_1_1,1,7.666666666666667e-5,2.8674417556808754e-5,0.2839506172839506,197.99242424242425
0_0_0_0_0_1_0_1_0_1_0_0_0_0_1_0_1_1_0_0_1_1_1_1_0_0_0_0_0_0_0_0_1_1_1_1_0_1,1,7.666666666666667e-5,2.0548046676563257e-5,0.2654320987654321,181.58333333333334
0_0_0_0_0_0_0_1_1_0_0_0_0_0_1_0_1_1_1_0_0_0_1_0_0_1_0_0_1_0_0_0_0_0_1_1_0_1,1,7.666666666666666e-5,9.428090415820639e-6,0.25925925925925924,188.78306878306879
1_0_1_1_1_1_1_0_1_1_1_0_0_1_1_0_1_1_1_1_1_1_0_0_0_1_1_1_1_1_0_1_0_0_0_0_1_0,1,7.666666666666666e-5,9.428090415820639e-6,0.30864197530864196,204.02116402116403
0_1_0_1_1_0_1_0_1_0_1_1_0_1_0_0_0_0_1_1_1_1_0_0_0_1_1_1_1_0_0_1_0_0_0_0_1_0,1,7.666666666666666e-5,9.428090415820639e-6,0.2962962962962963,171.16402116402114
1_0_1_0_0_1_0_1_0_1_1_0_1_1_1_1_1_1_0_0_0_0_1_0_1_1_0_0_1_1_0_0_1_1_0_0_0_0,1,7.666666666666666e-5,9.428090415820639e-6,0.25308641975308643,179.31216931216932
0_0_0_1_0_0_0_1_1_0_0_0_0_0_0_1_0_0_1_0_0_0_1_0_0_1_0_0_1_0_1_0_0_0_1_1_1_1,1,7.666666666666666e-5,5.436502143433363e-5,0.29012345679012347,289.8888888888889
1_1_1_0_1_1_1_0_0_1_1_1_1_1_0_0_0_0_0_1_0_0_1_0_1_1_1_1_1_1_1_1_1_1_0_0_0_0,1,7.333333333333334e-5,3.299831645537222e-5,0.2839506172839506,290.64393939393943
0_0_0_0_0_0_0_1_1_0_0_0_0_0_1_1_1_1_1_0_1_1_0_0_1_1_0_0_1_0_0_0_0_0_1_1_0_1,1,7.333333333333334e-5,1.699673171197595e-5,0.29012345679012347,201.11111111111111
1_1_1_1_1_1_1_0_1_0_1_1_1_1_0_0_0_0_0_1_1_1_0_1_0_0_1_1_0_1_1_1_0_1_0_0_1_0,1,7.333333333333334e-5,2.4944382578492944e-5,0.29012345679012347,202.0
0_0_0_0_0_0_0_1_1_0_0_0_0_0_1_1_1_1_0_0_0_0_0_1_1_0_0_0_0_0_0_0_0_0_1_1_0_1,1,7.333333333333334e-5,9.428090415820637e-6,0.29012345679012347,203.75
1_1_1_1_1_1_1_0_1_1_1_0_0_0_0_1_0_0_1_1_1_1_0_0_1_1_1_1_1_1_1_1_0_1_1_1_1_1,1,7.333333333333334e-5,9.428090415820637e-6,0.29012345679012347,163.75
0_1_0_0_0_0_1_1_1_0_0_1_0_0_0_0_0_0_1_0_1_1_1_1_0_0_0_0_0_0_1_0_0_1_1_1_0_1,1,7.333333333333334e-5,3.091206165165235e-5,0.25925925925925924,247.8888888888889
0_0_0_0_0_0_0_1_0_1_0_0_1_0_1_0_1_1_0_0_0_0_0_1_1_0_0_0_0_0_0_0_1_0_1_1_0_0,1,7.333333333333333e-5,1.2472191289246474e-5,0.2777777777777778,153.2010582010582
0_0_0_0_0_1_1_1_0_1_0_0_0_0_1_0_1_1_1_0_1_1_1_0_0_1_0_0_1_0_1_0_1_1_1_1_0_1,1,7.333333333333333e-5,2.3570226039551585e-5,0.2716049382716049,166.94444444444446
1_0_1_0_0_0_0_1_0_1_0_0_1_0_1_1_1_1_0_0_0_0_1_1_1_0_0_0_0_1_0_0_1_1_1_1_0_1,1,7.333333333333333e-5,2.0548046676563257e-5,0.2654320987654321,179.0
1_1_1_0_1_1_1_0_0_1_1_1_1_1_0_0_0_0_1_1_0_0_1_0_1_1_1_1_1_1_1_1_1_1_0_0_0_0,1,7.333333333333333e-5,1.699673171197595e-5,0.2839506172839506,241.0277777777778
0_0_0_0_0_1_0_1_0_1_0_0_1_0_1_0_1_1_1_0_1_1_1_0_1_1_0_0_1_0_1_0_1_1_1_1_0_0,1,7.333333333333333e-5,2.0548046676563257e-5,0.32098765432098764,192.61904761904762
1_1_1_1_1_1_1_0_1_0_1_1_0_1_0_1_0_0_0_1_0_0_1_1_0_0_1_1_0_1_1_1_0_1_0_0_1_1,1,7.333333333333333e-5,3.39934634239519e-5,0.2777777777777778,165.83333333333334
0_0_0_0_0_0_0_1_0_0_0_0_1_0_1_1_1_1_1_0_0_0_1_0_0_1_0_0_1_0_0_0_1_0_1_1_0_1,1,7.333333333333333e-5,2.6246692913372705e-5,0.24074074074074073,212.45454545454547
0_0_0_1_0_0_0_1_1_0_0_0_0_0_0_1_0_0_0_0_0_0_1_0_0_1_0_0_1_0_1_0_0_0_1_1_1_1,1,7.333333333333333e-5,2.0548046676563257e-5,0.29012345679012347,274.76190476190476
1_1_1_1_1_1_1_0_1_1_1_0_1_1_0_1_0_0_0_1_1_1_1_1_1_0_1_1_0_1_1_1_0_1_0_0_1_0,1,7.333333333333333e-5,1.2472191289246475e-5,0.2654320987654321,180.82010582010582
1_0_1_0_0_0_0_1_0_1_0_0_1_1_1_0_1_1_1_0_1_1_1_0_0_1_0_0_1_1_1_0_1_1_0_0_0_0,1,7.333333333333333e-5,4.714045207910323e-6,0.2716049382716049,185.5952380952381
0_1_0_0_0_0_1_1_1_0_0_1_0_0_0_0_0_0_0_0_0_0_1_0_0_1_0_0_1_0_1_0_0_1_1_1_0_1,1,7.333333333333333e-5,1.2472191289246475e-5,0.25925925925925924,208.51851851851856
0_0_0_1_0_0_0_1_1_0_0_0_0_0_0_1_0_0_0_0_1_1_1_1_0_0_0_0_0_0_1_0_0_0_1_1_1_1,1,7.333333333333333e-5,1.2472191289246475e-5,0.29012345679012347,272.08994708994715
0_0_0_0_0_1_0_1_0_1_0_0_0_0_1_0_1_1_1_0_1_1_1_0_0_1_0_0_1_0_0_0_0_1_1_1_0_1,1,7.333333333333333e-5,1.2472191289246474e-5,0.25925925925925924,143.67724867724868
0_0_0_1_0_0_0_1_1_0_0_0_0_0_1_1_1_1_0_0_0_0_0_0_0_1_0_0_1_0_0_0_0_0_1_1_1_1,1,7.333333333333333e-5,4.714045207910323e-6,0.2839506172839506,251.13095238095238
1_1_1_1_1_1_1_0_0_1_1_1_1_0_0_0_0_0_1_1_1_1_1_0_1_1_1_1_1_1_1_1_1_1_1_0_1_0,1,7.333333333333333e-5,4.714045207910323e-6,0.3148148148148148,218.86904761904762
0_0_0_0_0_0_0_1_1_0_0_0_0_0_1_0_1_1_0_0_0_0_1_0_0_1_0_0_1_0_0_0_0_0_1_1_0_1,1,7.333333333333333e-5,9.428090415820637e-6,0.25925925925925924,205.0
0_0_0_0_0_0_0_1_0_1_0_0_1_0_1_1_1_1_0_0_0_0_1_0_1_1_0_0_1_0_0_0_1_0_1_1_0_1,1,7.000000000000001e-5,2.8284271247461902e-5,0.2962962962962963,201.9393939393939
0_1_0_1_1_1_1_0_1_0_1_1_1_1_0_0_0_0_1_1_1_1_0_1_0_0_1_1_0_0_1_1_0_1_0_0_1_0,1,7.000000000000001e-5,1.4142135623730953e-5,0.24691358024691357,145.66666666666666
0_0_0_0_0_0_0_1_0_1_0_0_1_0_1_0_1_1_1_0_1_1_0_0_1_1_0_0_1_0_0_0_1_0_1_1_0_0,1,7.000000000000001e-5,2.1602468994692868e-5,0.2777777777777778,144.12037037037035
1_1_1_1_1_1_1_0_1_0_1_1_1_1_0_0_0_0_0_1_0_0_1_1_0_0_1_1_0_1_1_1_0_0_0_0_1_0,1,7.000000000000001e-5,1.6329931618554523e-5,0.2962962962962963,163.92592592592592
0_0_0_0_0_0_0_1_0_1_0_0_0_0_1_1_1_1_1_0_0_0_0_0_1_1_0_0_1_0_0_0_1_0_1_1_0_1,1,7.000000000000001e-5,2.8284271247461902e-5,0.2962962962962963,178.78787878787878
0_1_0_1_1_0_1_0_1_0_1_1_0_1_0_0_0_0_0_1_0_0_0_1_0_0_1_1_0_0_0_1_0_0_0_0_1_0,1,7.000000000000001e-5,2.8284271247461906e-5,0.2962962962962963,164.44444444444446
0_0_0_0_0_0_0_1_0_1_0_0_1_0_1_1_1_1_1_0_1_1_0_0_1_1_0_0_1_0_0_0_1_1_1_1_0_1,1,7.000000000000001e-5,1.6329931618554523e-5,0.30246913580246915,159.36507936507937
1_0_1_0_0_0_0_1_0_1_0_0_1_1_1_0_1_1_0_0_0_0_1_1_0_0_0_0_0_1_0_0_1_0_0_0_0_0,1,7.000000000000001e-5,1.4142135623730953e-5,0.2345679012345679,172.40740740740742
0_0_0_0_0_0_0_1_0_1_0_0_1_0_1_0_1_1_1_0_1_1_1_0_1_1_0_0_1_0_0_0_1_1_1_1_0_0,1,7.000000000000001e-5,3.5590260840104375e-5,0.29012345679012347,186.88888888888889
0_1_0_0_0_0_0_1_1_0_0_1_0_0_0_0_0_0_1_0_1_1_1_1_0_0_0_0_0_0_1_0_0_0_1_1_0_1,1,7.000000000000001e-5,2.943920288775949e-5,0.2716049382716049,189.84848484848484
0_0_0_0_0_1_0_1_0_1_0_0_1_0_1_0_1_1_1_0_1_1_0_0_1_1_0_0_1_0_0_0_1_1_1_1_0_0,1,7.000000000000001e-5,1.4142135623730953e-5,0.30864197530864196,177.25
1_1_1_1_1_1_1_0_1_0_1_1_1_1_0_0_0_0_1_1_0_0_1_0_0_1_1_1_1_1_1_1_0_1_0_0_1_0,1,7.000000000000001e-5,1.4142135623730953e-5,0.2962962962962963,199.75
0_0_0_0_0_0_0_1_0_1_0_0_0_1_1_0_1_1_0_0_0_0_1_1_0_0_0_0_0_0_0_0_1_0_0_1_0_0,1,7.000000000000001e-5,1.6329931618554523e-5,0.2777777777777778,169.6825396825397
1_1_1_1_1_0_1_0_1_0_1_1_1_1_0_0_0_0_0_1_0_0_0_1_0_0_1_1_0_1_0_1_0_0_0_0_1_0,1,7.000000000000001e-5,8.164965809277262e-6,0.32098765432098764,169.84126984126985
1_1_1_0_1_1_1_0_0_1_1_1_0_0_0_1_0_0_0_1_0_0_1_0_1_1_1_1_1_1_1_1_1_1_1_1_0_1,1,7.000000000000001e-5,8.164965809277262e-6,0.2962962962962963,199.1468253968254
1_1_1_0_1_1_1_0_1_1_1_1_1_0_0_0_0_0_1_1_1_1_1_1_1_0_1_1_0_1_1_1_0_1_1_0_1_0,1,7.000000000000001e-5,1.4142135623730953e-5,0.25308641975308643,161.33333333333334
1_0_1_0_0_0_0_1_0_1_0_0_0_0_1_1_1_1_0_0_1_1_1_1_1_0_0_0_0_1_0_0_1_0_1_1_0_1,1,7.000000000000001e-5,2.9439202887759494e-5,0.24691358024691357,177.2777777777778
1_1_1_1_1_1_1_0_1_0_1_1_1_0_0_1_0_0_1_1_1_1_0_0_1_1_1_1_1_1_1_1_0_1_1_0_1_1,1,7.0e-5,1.6329931618554523e-5,0.2777777777777778,167.55555555555554
0_1_0_1_1_0_1_0_1_0_1_1_1_1_0_0_0_0_0_1_1_1_1_1_0_0_1_1_0_0_1_1_0_0_0_0_1_0,1,7.0e-5,1.6329931618554523e-5,0.2839506172839506,174.77248677248676
1_1_1_1_1_1_1_0_1_1_1_1_1_0_0_0_0_0_0_1_0_0_0_0_1_1_1_1_1_1_1_1_0_1_1_0_1_0,1,7.0e-5,0.0,0.25308641975308643,199.52380952380955
1_0_1_1_1_1_1_0_0_1_1_0_1_1_1_1_1_1_0_1_1_1_1_1_1_0_1_1_0_1_1_1_1_1_0_0_1_0,1,7.0e-5,1.6329931618554523e-5,0.2839506172839506,205.16402116402116
1_0_1_0_0_0_0_1_0_1_0_0_1_0_1_0_1_1_0_0_0_0_1_1_1_0_0_0_0_1_0_0_1_0_1_1_0_0,1,6.666666666666668e-5,1.885618083164127e-5,0.25308641975308643,139.16666666666666
0_0_0_0_0_0_0_1_1_0_0_0_0_0_1_0_1_0_0_0_0_0_1_0_0_1_0_0_1_0_0_0_0_0_1_1_0_1,1,6.666666666666668e-5,1.885618083164127e-5,0.25308641975308643,252.91666666666666
0_0_0_0_0_0_0_1_0_1_0_0_0_0_1_0_1_1_1_0_1_1_1_0_0_1_0_0_1_0_1_0_0_1_1_1_0_1,1,6.666666666666667e-5,1.699673171197595e-5,0.2654320987654321,134.11111111111111
0_0_0_0_0_0_0_1_0_1_0_0_0_0_1_0_1_1_1_0_1_1_1_1_0_0_0_0_0_0_0_0_0_0_1_1_0_1,1,6.666666666666667e-5,2.3570226039551588e-5,0.24691358024691357,162.66666666666666
1_0_1_1_1_1_0_0_0_1_1_0_1_1_1_1_1_1_0_1_0_0_0_0_1_1_1_1_1_1_0_1_1_0_0_0_1_0,1,6.666666666666667e-5,2.867441755680876e-5,0.25925925925925924,233.26984126984124
0_0_0_0_0_0_0_1_0_0_0_0_0_1_1_1_1_1_1_0_1_1_1_1_0_0_0_0_0_0_0_0_1_0_0_1_0_1,1,6.666666666666667e-5,2.4944382578492944e-5,0.25308641975308643,202.33333333333334
0_1_0_1_1_1_1_0_1_0_1_1_1_1_0_0_0_0_1_1_1_1_1_1_0_0_1_1_0_0_1_1_0_1_0_0_1_0,1,6.666666666666667e-5,2.867441755680876e-5,0.25308641975308643,171.63492063492063
0_1_0_1_1_1_1_0_1_0_1_1_0_0_0_1_0_0_1_1_1_1_0_0_0_1_1_1_1_0_1_1_0_0_1_1_1_1,1,6.666666666666667e-5,9.428090415820637e-6,0.25925925925925924,149.44444444444446
0_1_0_1_1_1_1_0_1_0_1_1_0_0_0_1_0_0_1_1_0_0_1_0_1_1_1_1_1_0_1_1_0_0_1_1_1_1,1,6.666666666666667e-5,9.428090415820637e-6,0.2777777777777778,192.36111111111111
1_1_1_1_1_1_1_0_1_0_1_1_0_0_0_1_0_0_0_1_0_0_0_1_1_0_1_1_0_1_1_1_1_1_1_1_1_1,1,6.666666666666667e-5,4.027681991198191e-5,0.2654320987654321,107.18518518518518
0_0_0_0_0_0_0_1_1_0_0_0_0_0_1_0_1_1_1_0_1_1_0_1_0_0_0_0_0_0_0_0_0_0_1_1_0_1,1,6.666666666666667e-5,3.091206165165234e-5,0.2654320987654321,149.77272727272728
1_1_1_1_1_0_0_0_1_0_1_1_1_1_0_1_0_0_0_1_0_0_0_1_1_0_1_1_0_1_1_1_0_0_0_0_1_0,1,6.666666666666667e-5,1.2472191289246472e-5,0.25308641975308643,150.42857142857142
1_1_1_1_1_1_1_0_1_1_1_0_0_0_0_1_0_0_0_1_0_0_1_1_1_0_1_1_0_1_1_1_0_1_1_1_1_1,1,6.666666666666667e-5,1.2472191289246472e-5,0.2962962962962963,154.5952380952381
0_0_0_0_0_0_0_1_1_0_0_0_1_0_1_1_1_1_0_0_0_0_0_1_0_0_0_0_0_0_0_0_0_0_1_1_0_1,1,6.666666666666667e-5,1.699673171197595e-5,0.30246913580246915,199.2962962962963
0_1_0_1_0_1_1_1_1_0_0_0_0_0_0_0_0_0_1_0_1_1_0_0_0_1_0_0_1_0_1_0_1_1_1_1_0_1,1,6.666666666666667e-5,2.4944382578492944e-5,0.25308641975308643,170.61111111111111
1_1_1_1_1_1_1_0_0_1_1_1_0_0_1_1_1_0_0_1_0_0_0_0_1_1_1_1_1_1_0_1_1_1_1_1_1_1,1,6.666666666666667e-5,1.699673171197595e-5,0.3271604938271605,281.7407407407407
1_0_1_0_0_0_0_1_0_1_0_0_0_0_1_1_1_1_1_0_0_0_0_0_1_1_0_0_1_1_0_0_1_0_1_1_0_1,1,6.666666666666667e-5,2.4944382578492944e-5,0.25308641975308643,192.44444444444446
0_0_0_0_0_0_0_1_0_1_0_0_0_1_1_0_1_1_1_0_1_1_0_0_0_1_0_0_1_0_0_0_1_0_0_1_0_0,1,6.666666666666667e-5,2.624669291337271e-5,0.2839506172839506,123.00925925925925
1_1_1_1_1_1_1_0_1_0_1_1_0_0_0_1_0_0_1_1_1_1_1_0_1_1_1_1_1_1_1_1_0_0_1_1_1_1,1,6.666666666666667e-5,1.2472191289246472e-5,0.2777777777777778,159.05952380952382
1_0_1_0_0_1_0_1_0_1_0_0_0_0_1_1_1_1_0_0_0_0_0_0_1_1_0_0_1_1_0_0_1_1_1_1_0_1,1,6.666666666666667e-5,2.0548046676563257e-5,0.2839506172839506,182.69841269841268
1_0_1_0_0_0_0_1_0_1_0_0_0_0_1_1_1_1_1_0_0_0_0_0_1_1_0_0_1_1_0_0_1_1_1_1_0_1,1,6.666666666666667e-5,1.699673171197595e-5,0.2716049382716049,190.25925925925924
1_1_1_0_1_1_1_0_0_1_1_1_1_1_0_0_0_0_0_1_1_1_1_1_1_0_1_1_0_1_1_1_1_1_0_0_0_0,1,6.666666666666667e-5,2.624669291337271e-5,0.2839506172839506,238.7037037037037
1_1_1_1_1_1_1_0_0_1_1_1_1_1_0_1_0_0_1_1_0_0_0_0_1_1_1_1_1_1_1_1_1_1_0_0_1_0,1,6.666666666666666e-5,4.714045207910313e-6,0.25925925925925924,204.44444444444446
0_0_0_0_0_0_0_1_0_1_0_0_1_0_1_1_1_1_0_0_1_1_0_1_1_0_0_0_0_0_0_0_1_0_1_1_0_1,1,6.666666666666666e-5,4.714045207910313e-6,0.30246913580246915,189.04761904761904
1_1_1_1_1_1_1_0_0_1_1_1_0_1_0_0_0_0_0_1_0_0_1_1_1_0_1_1_0_1_1_1_1_1_0_0_1_0,1,6.666666666666666e-5,2.0548046676563257e-5,0.30246913580246915,177.69841269841268
0_0_0_0_0_0_0_1_0_1_0_0_1_0_1_0_1_1_0_0_0_0_1_1_1_0_0_0_0_0_0_0_1_1_1_1_0_0,1,6.666666666666666e-5,4.714045207910313e-6,0.29012345679012347,176.2698412698413
1_0_1_0_0_1_0_1_0_1_0_0_1_0_1_1_1_1_0_0_0_0_1_1_1_0_0_0_0_1_0_0_1_1_1_1_0_1,1,6.666666666666666e-5,1.2472191289246472e-5,0.2777777777777778,169.25
1_1_1_1_1_1_1_0_1_0_1_1_1_0_0_1_0_0_1_1_1_1_1_0_1_1_1_1_1_1_1_1_0_1_1_0_1_1,1,6.666666666666666e-5,1.2472191289246472e-5,0.2839506172839506,161.57142857142858
0_0_0_0_0_0_0_1_1_0_0_0_0_1_1_1_1_1_1_0_1_1_0_0_0_1_0_0_1_0_0_0_0_0_0_1_0_1,1,6.666666666666666e-5,4.714045207910313e-6,0.3148148148148148,184.52380952380952
1_0_1_0_0_0_0_1_0_1_0_0_0_0_1_1_1_1_0_0_0_0_1_0_1_1_0_0_1_1_0_0_1_0_1_1_0_1,1,6.666666666666666e-5,4.714045207910313e-6,0.24691358024691357,171.19047619047618
1_1_1_1_1_1_1_0_0_1_1_1_0_0_1_1_1_0_0_1_1_1_0_1_1_0_1_1_0_1_0_1_1_1_1_1_1_1,1,6.666666666666666e-5,2.0548046676563257e-5,0.3271604938271605,305.23809523809524
1_0_1_0_0_0_0_1_0_1_0_0_0_0_1_1_1_1_1_0_1_1_1_1_1_0_0_0_0_1_0_0_1_0_1_1_0_1,1,6.666666666666666e-5,4.714045207910313e-6,0.24691358024691357,218.4126984126984
1_1_1_1_1_1_1_0_0_1_1_1_0_1_0_0_0_0_1_1_1_1_0_0_1_1_1_1_1_1_1_1_1_1_0_0_1_0,1,6.666666666666666e-5,2.867441755680876e-5,0.2962962962962963,218.33333333333331
1_0_1_0_0_0_0_1_0_1_0_0_0_0_1_1_1_1_0_0_1_1_0_1_1_0_0_0_0_1_0_0_1_0_1_1_0_1,1,6.333333333333333e-5,4.714045207910313e-6,0.25308641975308643,181.03174603174602
1_1_1_1_1_1_1_0_1_0_1_1_1_1_0_0_0_0_1_1_1_1_1_1_0_0_1_1_0_1_1_1_0_1_0_0_1_0,1,6.333333333333333e-5,4.714045207910313e-6,0.2962962962962963,192.46031746031747
0_0_0_0_0_0_0_1_0_1_0_0_1_1_1_0_1_1_1_0_1_1_0_0_1_1_0_0_1_0_0_0_1_0_0_0_0_0,1,6.333333333333333e-5,4.714045207910313e-6,0.2654320987654321,163.45238095238096
1_0_1_1_1_0_0_0_0_1_1_0_1_1_1_0_1_1_1_1_1_1_0_0_1_1_1_1_1_1_0_1_1_0_0_0_1_0,1,6.333333333333333e-5,2.4944382578492947e-5,0.29012345679012347,276.7724867724868
1_1_1_0_1_1_1_0_0_1_1_1_1_1_1_0_1_1_1_1_0_0_0_0_1_1_1_1_1_1_0_1_1_1_0_0_0_0,1,6.333333333333333e-5,1.2472191289246474e-5,0.29012345679012347,283.44444444444446
1_1_1_0_1_1_1_0_1_1_1_1_1_0_0_0_0_0_1_1_0_0_1_0_1_1_1_1_1_1_1_1_0_1_1_0_1_0,1,6.333333333333333e-5,2.3570226039551588e-5,0.25308641975308643,149.7222222222222
0_1_0_1_1_0_1_0_1_0_0_1_0_1_0_0_0_0_0_1_0_0_0_1_0_0_1_1_0_0_1_1_0_0_0_0_1_1,1,6.333333333333333e-5,2.4944382578492947e-5,0.25925925925925924,147.56613756613757
0_1_0_1_1_1_1_0_1_0_1_1_1_1_0_0_0_0_0_1_1_1_1_1_0_0_1_1_0_0_1_1_0_1_0_0_1_0,1,6.333333333333333e-5,3.299831645537222e-5,0.25308641975308643,165.6060606060606
1_0_1_1_1_1_1_0_1_1_1_0_0_1_1_0_1_1_0_1_0_0_0_1_0_0_1_1_0_1_0_1_0_0_0_0_1_0,1,6.333333333333333e-5,2.0548046676563257e-5,0.30864197530864196,246.94444444444446
1_0_1_0_0_0_0_1_0_1_0_0_1_0_1_0_1_1_1_0_1_1_0_0_1_1_0_0_1_1_0_0_1_0_1_1_0_0,1,6.333333333333333e-5,2.0548046676563257e-5,0.25925925925925924,135.09259259259258
1_1_1_1_1_1_1_0_1_0_1_1_0_0_0_1_0_0_1_1_1_1_0_0_1_1_1_1_1_1_1_1_1_1_1_1_1_1,1,6.333333333333333e-5,2.6246692913372705e-5,0.2654320987654321,136.16666666666666
1_0_1_0_0_0_0_1_0_0_0_1_0_0_0_1_0_1_0_0_0_0_1_1_0_0_0_0_0_1_1_0_1_0_1_1_0_1,1,6.333333333333333e-5,1.2472191289246474e-5,0.2654320987654321,171.05555555555554
1_0_1_0_0_0_0_1_0_1_0_0_1_1_1_0_1_1_1_0_1_1_0_0_1_1_0_0_1_1_0_0_1_0_0_0_0_0,1,6.333333333333333e-5,2.0548046676563257e-5,0.24691358024691357,161.2962962962963
1_0_1_0_0_0_0_1_0_1_0_0_0_0_1_1_1_1_1_0_1_1_0_1_1_0_0_0_0_1_0_0_1_0_1_1_0_1,1,6.333333333333333e-5,4.714045207910313e-6,0.25308641975308643,163.57142857142858
1_0_1_1_1_1_0_0_0_1_1_1_1_1_1_1_1_1_0_1_0_0_0_1_1_0_1_1_0_1_0_1_0_0_0_0_1_0,1,6.333333333333333e-5,2.0548046676563257e-5,0.24074074074074073,135.0
1_1_1_1_1_1_1_0_1_0_1_1_1_1_0_0_0_0_1_1_0_0_0_0_0_1_1_1_1_1_1_1_0_1_0_0_1_0,1,6.333333333333333e-5,2.867441755680876e-5,0.29012345679012347,205.8888888888889
1_1_1_1_1_1_1_0_1_1_1_0_0_1_0_0_0_0_0_1_0_0_1_1_1_0_1_1_0_1_1_1_0_1_0_0_1_0,1,6.333333333333333e-5,2.6246692913372705e-5,0.30246913580246915,135.5
1_1_1_1_1_1_1_0_1_0_1_1_1_1_0_1_0_0_0_1_0_0_1_0_1_1_1_1_1_1_1_1_1_1_0_0_1_0,1,6.333333333333333e-5,4.189935029992178e-5,0.25308641975308643,119.66666666666667
1_0_1_0_0_0_0_1_0_0_0_1_1_1_1_0_1_1_0_0_0_0_1_1_0_0_0_0_0_1_0_0_1_0_0_0_0_0,1,6.333333333333333e-5,2.867441755680876e-5,0.2839506172839506,162.83333333333331
1_1_1_1_1_0_1_0_1_0_1_1_0_1_0_0_0_0_0_1_0_0_0_1_0_0_1_1_0_1_0_1_0_0_0_0_1_0,1,6.333333333333333e-5,2.0548046676563257e-5,0.3271604938271605,153.9814814814815
1_1_1_1_1_1_1_0_1_0_1_1_0_1_0_0_0_0_1_1_0_0_0_0_0_1_1_1_1_1_1_1_0_1_0_0_1_0,1,6.333333333333333e-5,1.699673171197595e-5,0.2962962962962963,165.5952380952381
0_0_0_0_0_0_0_1_0_1_0_0_1_0_1_0_1_1_0_0_0_0_0_1_0_0_0_0_0_0_0_0_1_0_1_1_0_0,1,6.333333333333333e-5,1.885618083164127e-5,0.2716049382716049,184.66666666666666
0_0_0_1_0_0_0_1_1_0_0_0_0_0_0_1_0_0_1_0_1_1_1_1_1_0_0_0_0_0_1_0_0_0_1_1_1_1,1,6.333333333333333e-5,2.6246692913372705e-5,0.2962962962962963,261.1666666666667
1_0_1_0_0_0_0_1_0_0_0_1_1_1_1_0_1_1_0_0_0_0_0_1_0_0_0_0_0_1_0_0_1_0_0_0_0_0,1,6.333333333333333e-5,1.885618083164127e-5,0.29012345679012347,239.4074074074074
1_1_1_1_1_1_1_0_1_0_1_1_0_0_0_1_0_0_0_1_0_0_0_1_0_0_1_1_0_1_1_1_0_1_1_1_1_1,1,6.333333333333333e-5,2.867441755680876e-5,0.25925925925925924,135.7777777777778
1_0_1_1_1_1_1_0_1_1_1_0_1_1_1_0_1_1_1_1_1_1_0_0_1_1_1_1_1_1_0_1_0_0_0_0_1_0,1,6.333333333333333e-5,1.2472191289246474e-5,0.2962962962962963,207.6388888888889
1_1_1_1_1_1_1_0_1_0_1_1_0_1_0_1_0_0_1_1_1_1_0_0_0_1_1_1_1_1_1_1_0_0_0_0_1_1,1,6.333333333333333e-5,1.2472191289246474e-5,0.29012345679012347,189.13888888888889
0_0_0_0_0_0_0_1_1_0_0_0_0_0_0_1_0_0_1_0_1_1_1_0_1_1_0_0_1_0_1_0_0_0_1_1_0_1,1,6.333333333333333e-5,2.6246692913372705e-5,0.2962962962962963,159.16666666666666
0_0_0_0_0_0_0_1_0_1_0_0_1_0_1_1_1_1_1_0_1_1_0_1_1_0_0_0_0_0_0_0_1_0_1_1_0_1,1,6.333333333333333e-5,1.2472191289246474e-5,0.30246913580246915,190.36111111111111
0_1_0_1_1_1_1_0_1_1_1_0_0_0_0_1_0_0_1_1_1_1_1_0_1_1_1_1_1_0_1_1_0_1_1_1_1_1,1,6.333333333333333e-5,4.714045207910313e-6,0.29012345679012347,203.41269841269843
1_1_1_1_1_1_1_0_1_0_1_1_0_1_0_0_0_0_0_1_0_0_1_0_0_1_1_1_1_1_1_1_0_1_0_0_1_0,1,6.333333333333333e-5,2.6246692913372705e-5,0.30246913580246915,241.33333333333334
0_0_0_0_0_0_0_1_0_1_0_0_0_0_1_1_1_1_1_0_0_0_1_0_1_1_0_0_1_0_0_0_1_0_1_1_0_1,1,6.333333333333333e-5,3.681787005729087e-5,0.29012345679012347,183.9393939393939
1_0_1_1_1_1_1_0_1_1_1_0_1_1_1_0_1_1_1_1_1_1_0_1_0_0_1_1_0_1_0_1_0_0_0_0_1_0,1,6.0e-5,0.0,0.32098765432098764,372.2222222222222
0_1_0_1_1_0_1_0_1_0_0_1_0_1_0_0_0_0_1_1_1_1_0_0_0_1_1_1_1_0_1_1_0_0_0_0_1_1,1,6.0e-5,3.559026084010437e-5,0.25925925925925924,146.36363636363637
1_0_1_1_1_1_1_0_1_1_1_0_1_1_1_0_1_1_1_1_0_0_0_0_0_1_1_1_1_1_0_1_0_0_0_0_1_0,1,6.0e-5,0.0,0.32098765432098764,355.5555555555556
0_0_0_1_0_0_0_1_1_0_0_0_0_0_1_1_1_1_0_0_1_1_0_1_1_0_0_0_0_0_0_0_0_0_1_1_1_1,1,6.0e-5,1.6329931618554523e-5,0.29012345679012347,218.75
0_0_0_0_0_1_0_1_0_1_0_0_1_0_1_1_1_1_1_0_1_1_1_0_1_1_0_0_1_0_1_0_1_1_1_1_0_1,1,6.0e-5,2.4494897427831785e-5,0.3271604938271605,201.11111111111111
1_0_1_0_0_0_0_1_0_1_0_0_1_1_1_0_1_1_1_0_1_1_1_0_1_1_0_0_1_1_1_0_1_1_0_0_0_0,1,6.0e-5,3.265986323710904e-5,0.2777777777777778,124.77777777777779
1_0_1_1_1_1_0_0_0_1_1_0_1_1_1_0_1_1_1_1_1_1_0_0_1_1_1_1_1_1_0_1_1_1_0_0_1_0,1,6.0e-5,2.1602468994692868e-5,0.2962962962962963,208.05555555555554
1_1_1_1_1_1_1_0_0_1_1_1_1_1_1_0_1_0_1_1_1_1_0_0_1_1_1_1_1_1_0_1_1_1_0_0_1_0,1,6.0e-5,3.7416573867739416e-5,0.2962962962962963,188.12121212121212
1_1_1_0_1_1_1_0_0_1_1_1_0_0_0_1_0_0_0_1_1_1_1_1_1_0_1_1_0_1_1_1_1_1_1_1_0_1,1,6.0e-5,2.1602468994692868e-5,0.2962962962962963,230.9920634920635
0_1_0_1_1_1_1_0_1_1_1_0_0_0_0_1_0_0_0_1_0_0_1_1_1_0_1_1_0_0_1_1_0_1_1_1_1_1,1,6.0e-5,2.1602468994692868e-5,0.29012345679012347,167.64814814814815
0_0_0_1_0_0_0_1_1_0_0_0_0_0_1_1_1_1_1_0_1_1_0_1_1_0_0_0_0_0_0_0_0_0_1_1_1_1,1,6.0e-5,1.4142135623730953e-5,0.29012345679012347,259.75
1_1_1_0_1_1_1_0_0_1_1_1_1_1_0_0_0_0_1_1_0_0_1_0_0_1_1_1_1_1_1_1_1_1_0_0_0_0,1,6.0e-5,2.8284271247461902e-5,0.29012345679012347,227.0
1_1_1_1_1_1_1_0_1_0_1_1_0_1_0_0_0_0_0_1_0_0_1_1_0_0_1_1_0_1_1_1_0_0_0_0_1_0,1,6.0e-5,2.943920288775949e-5,0.30246913580246915,180.44444444444446
1_1_1_1_1_0_1_0_1_0_1_1_0_1_0_1_0_0_1_1_1_1_0_0_0_1_1_1_1_1_0_1_0_0_0_0_1_1,1,6.0e-5,0.0,0.32098765432098764,193.33333333333334
1_1_1_1_1_1_1_0_1_0_1_1_0_1_0_0_0_0_1_1_1_1_1_1_0_0_1_1_0_1_1_1_0_1_0_0_1_0,1,5.9999999999999995e-5,1.4142135623730946e-5,0.30246913580246915,218.80952380952377
0_1_0_1_1_1_1_0_1_0_0_1_0_1_0_0_0_0_1_1_1_1_1_1_0_0_1_1_0_0_1_1_0_0_0_0_1_1,1,5.9999999999999995e-5,8.164965809277256e-6,0.2716049382716049,181.60317460317458
1_1_1_0_1_1_1_0_0_1_1_1_1_1_0_0_0_0_0_1_1_1_1_1_0_0_1_1_0_1_1_1_1_1_0_0_0_0,1,5.9999999999999995e-5,1.4142135623730946e-5,0.29012345679012347,255.2380952380952
0_0_0_0_0_0_0_1_0_1_0_0_1_0_1_1_1_1_0_0_0_0_0_0_1_1_0_0_1_0_0_0_1_0_1_1_0_1,1,5.9999999999999995e-5,8.164965809277256e-6,0.30246913580246915,202.984126984127
0_0_0_1_0_0_0_1_1_0_0_0_1_0_1_1_1_1_0_0_1_1_0_1_1_0_0_0_0_0_0_0_0_0_1_1_1_1,1,5.9999999999999995e-5,1.4142135623730946e-5,0.2962962962962963,169.64285714285714
0_0_0_0_0_0_0_1_0_1_0_0_0_0_1_1_1_1_0_0_0_0_0_0_1_1_0_0_1_0_0_0_1_0_1_1_0_1,1,5.9999999999999995e-5,8.164965809277256e-6,0.2962962962962963,212.52380952380952
0_1_0_1_1_1_1_0_1_0_1_1_0_1_0_1_0_0_1_1_1_1_0_0_0_1_1_1_1_0_1_1_0_1_0_0_1_1,1,5.9999999999999995e-5,8.164965809277256e-6,0.25308641975308643,130.42857142857142
0_0_0_1_0_0_0_1_1_0_0_0_0_0_0_1_0_0_0_0_1_1_1_1_1_0_0_0_0_0_1_0_0_0_1_1_1_1,1,5.9999999999999995e-5,1.4142135623730946e-5,0.2962962962962963,311.54761904761904
1_1_1_1_1_1_1_0_1_0_1_1_1_1_0_0_0_0_0_1_0_0_0_1_0_0_1_1_0_1_1_1_1_1_0_0_1_0,1,5.9999999999999995e-5,8.164965809277256e-6,0.2839506172839506,173.0
0_0_0_0_0_0_0_1_0_1_0_0_1_0_1_0_1_1_1_0_1_1_1_0_1_1_0_0_1_0_1_0_1_1_1_1_0_0,1,5.9999999999999995e-5,8.164965809277256e-6,0.30864197530864196,157.34920634920636
0_0_0_0_0_1_0_1_0_1_0_0_0_0_1_1_1_1_1_0_1_1_1_0_1_1_0_0_1_0_1_0_1_1_1_1_0_1,1,5.9999999999999995e-5,8.164965809277256e-6,0.32098765432098764,158.87301587301587
0_1_0_1_1_1_1_0_1_0_1_1_1_1_0_0_0_0_1_1_0_0_1_0_0_1_1_1_1_0_1_1_0_0_0_0_1_0,1,5.9999999999999995e-5,8.164965809277256e-6,0.2716049382716049,156.88888888888889
0_0_0_0_0_0_0_1_0_1_0_0_0_0_1_0_1_1_1_0_0_0_1_0_0_1_0_0_1_0_0_0_0_0_1_1_0_1,1,5.9999999999999995e-5,2.1602468994692868e-5,0.24691358024691357,157.20238095238096
0_0_0_0_0_0_0_1_1_0_0_0_0_0_0_1_0_1_0_0_0_0_1_1_0_0_0_0_0_0_1_0_0_0_1_1_0_1,1,5.666666666666667e-5,1.699673171197595e-5,0.2962962962962963,207.83333333333334
0_0_0_0_0_0_0_1_0_0_0_1_1_1_1_0_1_1_1_0_1_1_1_0_0_1_0_0_1_0_0_0_1_0_0_0_0_0,1,5.666666666666667e-5,1.699673171197595e-5,0.29012345679012347,209.5
0_0_0_0_0_0_0_1_0_1_0_0_1_1_1_0_1_1_0_0_0_0_0_1_1_0_0_0_0_0_0_0_1_0_0_0_0_0,1,5.666666666666667e-5,4.714045207910317e-6,0.2654320987654321,164.33333333333334
0_1_0_1_1_1_1_0_1_0_1_1_0_0_0_1_0_0_1_1_1_1_1_0_0_1_1_1_1_0_1_1_0_1_1_1_1_1,1,5.666666666666667e-5,2.3570226039551588e-5,0.24691358024691357,159.7222222222222
0_0_0_0_0_1_0_1_0_1_0_0_1_0_1_0_1_1_0_0_0_0_1_1_1_0_0_0_0_0_1_0_1_1_1_1_0_0,1,5.666666666666667e-5,1.2472191289246467e-5,0.32098765432098764,179.56349206349208
1_1_1_1_1_1_1_0_1_0_1_1_0_1_0_1_0_0_1_1_1_1_1_0_1_1_1_1_1_1_1_1_0_1_0_0_1_1,1,5.666666666666667e-5,2.3570226039551588e-5,0.2716049382716049,166.66666666666666
0_0_0_0_0_0_0_1_0_1_0_0_0_0_1_1_1_1_0_0_0_0_1_1_1_0_0_0_0_0_1_0_1_1_1_1_0_1,1,5.666666666666667e-5,2.0548046676563257e-5,0.30864197530864196,136.80555555555554
0_0_0_0_0_0_0_1_1_0_0_0_0_0_1_0_1_1_0_0_1_1_1_1_0_0_0_0_0_0_0_0_0_0_1_1_0_1,1,5.666666666666667e-5,2.0548046676563257e-5,0.25925925925925924,186.11111111111111
0_1_0_1_1_0_1_0_1_0_1_1_0_1_0_0_0_0_1_1_1_1_0_0_0_1_1_1_1_0_1_1_0_0_0_0_1_0,1,5.666666666666667e-5,3.681787005729087e-5,0.2777777777777778,133.33333333333334
0_1_0_0_0_0_1_1_1_0_0_1_0_0_0_1_0_0_1_0_1_1_1_0_1_1_0_0_1_0_1_0_0_0_1_1_0_1,1,5.666666666666667e-5,2.6246692913372705e-5,0.30246913580246915,155.5952380952381
0_0_0_0_0_1_0_1_0_1_0_0_0_0_1_0_1_1_0_0_0_0_1_1_0_0_0_0_0_0_1_0_0_1_1_1_0_1,1,5.666666666666667e-5,2.6246692913372705e-5,0.2777777777777778,133.0357142857143
1_1_1_0_1_1_1_0_0_1_1_1_0_0_0_1_0_0_1_1_1_1_1_1_1_0_1_1_0_1_1_1_1_1_1_1_0_1,1,5.666666666666667e-5,4.714045207910317e-6,0.2962962962962963,217.0
0_1_0_1_1_1_1_0_1_1_1_0_1_1_1_0_1_1_0_1_0_0_0_1_0_0_1_1_0_0_0_1_0_1_0_0_1_0,1,5.666666666666667e-5,1.699673171197595e-5,0.2654320987654321,185.41666666666666
1_1_1_1_1_1_1_0_0_1_1_0_1_1_0_1_0_1_0_1_1_1_1_1_1_0_1_1_0_1_1_1_1_1_0_0_1_0,1,5.666666666666667e-5,2.0548046676563257e-5,0.2962962962962963,234.0277777777778
0_0_0_1_0_0_0_1_1_0_0_0_1_0_1_1_1_1_1_0_0_0_0_0_1_1_0_0_1_0_0_0_0_0_1_1_1_1,1,5.666666666666667e-5,1.699673171197595e-5,0.2962962962962963,193.08333333333334
1_0_1_0_0_0_0_1_0_0_0_1_0_0_0_1_0_1_1_0_1_1_1_0_0_1_0_0_1_1_1_0_1_0_1_1_0_1,1,5.666666666666667e-5,1.699673171197595e-5,0.2654320987654321,138.0
0_0_0_0_0_0_0_1_0_1_0_0_1_0_1_1_1_1_1_0_0_0_0_0_1_1_0_0_1_0_0_0_1_0_1_1_0_1,1,5.666666666666667e-5,2.0548046676563257e-5,0.30246913580246915,183.33333333333334
1_1_1_1_1_1_1_0_1_0_1_1_1_1_0_0_0_0_1_1_1_1_0_0_0_1_1_1_1_1_0_1_0_0_0_0_1_0,1,5.666666666666667e-5,3.091206165165234e-5,0.30864197530864196,178.33333333333334
0_0_0_0_0_0_0_1_1_0_0_0_0_0_1_0_1_1_1_0_0_0_0_0_0_1_0_0_1_0_0_0_0_0_1_1_0_1,1,5.666666666666667e-5,3.39934634239519e-5,0.2654320987654321,182.48677248677248
1_0_1_0_0_0_0_1_0_1_0_0_1_1_1_0_1_1_0_0_0_0_0_1_1_0_0_0_0_1_0_0_1_0_0_0_0_0,1,5.666666666666667e-5,3.091206165165235e-5,0.24691358024691357,153.61111111111111
1_0_1_1_1_1_1_0_1_1_1_0_1_1_1_0_1_1_0_1_0_0_0_1_1_0_1_1_0_1_0_1_0_0_0_0_1_0,1,5.6666666666666664e-5,1.2472191289246467e-5,0.2962962962962963,202.85714285714286
0_1_0_1_1_0_1_0_1_0_1_1_1_1_0_0_0_0_0_1_0_0_1_0_0_1_1_1_1_0_1_1_0_0_0_0_1_0,1,5.6666666666666664e-5,9.42809041582063e-6,0.2839506172839506,168.0952380952381
1_0_1_0_0_1_0_1_0_1_0_0_1_0_1_1_1_1_0_0_0_0_1_1_1_0_0_0_0_1_1_0_1_1_1_1_0_1,1,5.6666666666666664e-5,9.42809041582063e-6,0.2962962962962963,157.14285714285714
1_1_1_1_1_1_1_0_1_1_1_0_0_0_0_1_0_0_0_1_0_0_0_1_1_0_1_1_0_1_1_1_0_1_1_1_1_1,1,5.6666666666666664e-5,1.2472191289246467e-5,0.29012345679012347,178.05555555555554
1_0_1_0_0_0_0_1_0_1_1_0_1_0_1_1_1_1_0_0_0_0_0_0_1_1_0_0_1_1_0_0_1_1_1_1_0_0,1,5.6666666666666664e-5,1.2472191289246467e-5,0.2716049382716049,175.11904761904762
1_1_1_1_1_1_1_0_1_0_1_1_0_1_0_0_0_0_0_1_1_1_0_1_0_0_1_1_0_1_1_1_0_1_0_0_1_0,1,5.6666666666666664e-5,1.2472191289246467e-5,0.2962962962962963,195.0
1_1_1_1_1_1_1_0_1_0_1_1_1_1_0_0_0_0_0_1_0_0_0_0_0_1_1_1_1_1_1_1_0_1_0_0_1_0,1,5.6666666666666664e-5,1.2472191289246467e-5,0.29012345679012347,179.32539682539684
1_1_1_1_1_1_1_0_0_1_1_1_1_1_0_1_0_0_0_1_0_0_1_0_1_1_1_1_1_1_1_1_1_1_0_0_1_0,1,5.333333333333334e-5,9.428090415820634e-6,0.2654320987654321,156.38888888888889
0_0_0_0_0_0_0_1_0_1_0_0_1_0_1_1_1_1_0_0_0_0_0_1_1_0_0_0_0_0_0_0_1_1_1_1_0_1,1,5.333333333333334e-5,4.714045207910317e-6,0.30246913580246915,162.11111111111111
0_0_0_0_0_0_0_1_0_1_0_0_1_0_1_0_1_1_1_0_1_1_1_0_1_1_0_0_1_0_0_0_1_0_1_1_0_0,1,5.333333333333334e-5,4.714045207910317e-6,0.2716049382716049,182.2222222222222
0_0_0_0_0_0_0_1_1_0_0_0_0_0_1_1_1_1_0_0_0_0_1_0_0_1_0_0_1_0_0_0_0_0_1_1_0_1,1,5.333333333333334e-5,9.428090415820634e-6,0.2962962962962963,264.4444444444444
1_0_1_0_1_1_0_0_0_1_1_1_1_1_1_1_1_1_0_1_0_0_1_1_1_0_1_1_0_1_0_1_1_0_0_0_1_0,1,5.333333333333334e-5,3.299831645537222e-5,0.25308641975308643,196.8888888888889
1_0_1_1_1_1_0_0_0_1_1_0_1_1_1_0_1_1_1_1_1_1_1_0_0_1_1_1_1_1_1_1_1_1_0_0_1_0,1,5.333333333333334e-5,2.0548046676563257e-5,0.3148148148148148,192.0
0_0_0_0_0_0_0_1_0_1_0_0_0_0_1_0_1_1_1_0_0_0_0_0_0_1_0_0_1_0_0_0_0_0_1_1_0_1,1,5.333333333333334e-5,9.428090415820634e-6,0.25308641975308643,145.83333333333334
1_1_1_1_1_1_1_0_1_0_1_1_0_1_0_1_0_0_1_1_1_1_0_0_0_1_1_1_1_1_0_1_0_0_0_0_1_1,1,5.333333333333334e-5,2.6246692913372705e-5,0.30864197530864196,158.7037037037037
1_0_1_0_0_0_0_1_0_0_0_1_0_0_0_1_0_1_0_0_0_0_1_1_1_0_0_0_0_1_1_0_1_0_1_1_0_1,1,5.333333333333334e-5,2.0548046676563257e-5,0.2716049382716049,163.27777777777777
1_1_1_1_1_1_1_0_1_0_1_1_0_0_0_1_0_0_1_1_1_1_1_0_1_1_1_1_1_1_1_1_1_1_1_1_1_1,1,5.333333333333334e-5,3.39934634239519e-5,0.2716049382716049,163.83333333333334
1_0_1_0_0_1_0_1_0_1_0_0_0_0_1_1_1_1_1_0_1_1_0_1_1_0_0_0_0_1_0_0_1_1_1_1_0_1,1,5.333333333333334e-5,4.714045207910317e-6,0.2839506172839506,193.7777777777778
1_1_1_0_1_1_1_0_0_1_1_1_1_1_1_0_1_1_0_1_1_1_0_1_1_0_1_1_0_1_0_1_1_1_0_0_0_0,1,5.333333333333334e-5,9.428090415820634e-6,0.29012345679012347,257.77777777777777
0_1_0_1_1_1_1_0_1_1_1_0_0_0_0_1_0_0_0_1_0_0_0_1_1_0_1_1_0_0_1_1_0_1_1_1_1_1,1,5.333333333333334e-5,3.299831645537222e-5,0.2839506172839506,184.0
0_0_0_0_0_0_0_1_0_1_0_0_0_0_1_1_1_1_1_0_1_1_1_0_1_1_0_0_1_0_0_0_1_1_1_1_0_1,1,5.333333333333334e-5,9.428090415820634e-6,0.29012345679012347,183.05555555555554
0_0_0_0_0_0_0_1_0_1_0_0_0_1_1_0_1_1_1_0_1_1_1_0_0_1_0_0_1_0_0_0_1_0_0_1_0_0,1,5.333333333333334e-5,9.428090415820634e-6,0.2777777777777778,145.0
1_1_1_0_1_1_1_0_1_1_1_1_1_0_0_0_0_0_0_1_1_1_1_1_1_0_1_1_0_1_1_1_0_1_1_0_1_0,1,5.333333333333334e-5,3.299831645537222e-5,0.25308641975308643,184.0
1_0_1_0_0_0_0_1_0_1_0_0_1_1_1_0_1_1_0_0_0_0_1_1_1_0_0_0_0_1_0_0_1_1_0_0_0_0,1,5.333333333333334e-5,4.714045207910317e-6,0.25925925925925924,162.66666666666666
1_1_1_1_1_0_1_0_1_0_1_1_1_1_0_1_0_0_1_1_1_1_0_0_1_1_1_1_1_1_1_1_1_0_0_0_1_0,1,5.333333333333334e-5,4.714045207910317e-6,0.25925925925925924,125.0
0_0_0_0_0_0_0_1_0_0_0_1_1_0_0_1_0_1_1_0_1_1_1_0_1_1_0_0_1_0_1_0_1_0_1_1_0_1,1,5.333333333333334e-5,2.6246692913372705e-5,0.30864197530864196,133.05555555555557
1_1_1_1_1_1_1_0_1_0_1_1_0_0_0_1_0_0_0_1_0_0_1_1_1_0_1_1_0_1_1_1_0_0_1_1_1_1,1,5.333333333333334e-5,2.8674417556808757e-5,0.2777777777777778,149.03703703703704
1_0_1_1_1_0_0_0_0_1_1_1_1_1_1_1_1_1_0_1_0_0_0_0_1_1_1_1_1_1_0_1_1_0_0_0_1_0,1,5.333333333333334e-5,2.6246692913372705e-5,0.25925925925925924,198.9814814814815
0_1_0_1_1_0_1_0_1_0_0_1_0_1_0_0_0_0_1_1_1_1_0_0_0_1_1_1_1_0_0_1_0_0_0_0_1_1,1,5.333333333333334e-5,2.6246692913372705e-5,0.2777777777777778,163.7962962962963
1_1_1_1_1_1_1_0_1_0_1_1_0_1_0_1_0_0_0_1_0_0_0_1_0_0_1_1_0_1_1_1_0_0_0_0_1_1,1,5.333333333333334e-5,2.8674417556808757e-5,0.29012345679012347,178.92592592592595
0_1_0_1_1_1_1_0_1_0_1_1_0_1_0_0_0_0_1_1_1_1_1_1_0_0_1_1_0_0_1_1_0_1_0_0_1_0,1,5.333333333333334e-5,9.428090415820634e-6,0.2716049382716049,237.5
1_1_1_1_1_1_1_0_1_0_1_1_0_1_0_0_0_0_1_1_1_1_1_0_0_1_1_1_1_1_1_1_0_0_0_0_1_0,1,5.333333333333334e-5,4.714045207910317e-6,0.30246913580246915,157.33333333333334
0_0_0_0_0_1_0_1_0_1_0_0_1_0_1_0_1_1_1_0_1_1_1_0_1_1_0_0_1_0_0_0_1_1_1_1_0_0,1,5.333333333333334e-5,9.428090415820634e-6,0.30246913580246915,159.44444444444446
0_0_0_0_0_0_0_1_0_1_0_0_1_0_1_1_1_1_0_0_1_1_1_1_1_0_0_0_0_0_0_0_1_0_1_1_0_1,1,5.333333333333334e-5,3.681787005729087e-5,0.2962962962962963,209.66666666666666
0_0_0_0_0_0_0_1_0_0_0_0_0_1_1_1_1_1_0_0_0_0_1_0_0_1_0_0_1_0_0_0_1_0_0_1_0_1,1,5.333333333333334e-5,3.091206165165235e-5,0.25308641975308643,198.45238095238096
0_1_0_0_0_0_0_1_1_0_0_0_0_0_0_0_0_0_0_0_0_0_1_1_0_0_0_0_0_0_1_0_0_1_1_1_0_1,1,5.333333333333334e-5,2.0548046676563257e-5,0.24691358024691357,146.44444444444443
1_1_1_1_1_0_1_0_1_0_1_1_1_1_0_1_0_0_1_1_1_1_0_0_1_1_1_1_1_1_0_1_1_0_0_0_1_0,1,5.333333333333334e-5,9.428090415820634e-6,0.2777777777777778,130.0
1_1_1_1_1_1_1_0_0_1_1_1_1_1_0_1_0_0_1_1_0_0_1_0_1_1_1_1_1_1_1_1_1_1_0_0_1_0,1,5.333333333333334e-5,4.714045207910317e-6,0.2654320987654321,196.11111111111111
1_0_1_1_1_0_0_0_0_1_1_1_1_1_1_1_1_1_1_1_1_1_0_1_1_0_1_1_0_1_0_1_1_0_0_0_1_0,1,5.333333333333334e-5,2.6246692913372705e-5,0.25925925925925924,150.37037037037038
1_1_1_1_1_1_1_0_1_0_1_1_1_1_0_1_0_0_1_1_1_1_0_0_1_1_1_1_1_1_1_1_1_0_0_0_1_0,1,5.333333333333334e-5,2.0548046676563257e-5,0.24691358024691357,152.2777777777778
0_1_0_0_0_1_1_1_1_0_0_0_0_0_0_0_0_0_0_0_1_1_1_1_0_0_0_0_0_0_1_0_0_1_1_1_0_1,1,5.333333333333334e-5,2.0548046676563257e-5,0.25925925925925924,158.36111111111111
1_0_1_0_0_0_0_1_0_1_0_0_1_0_1_0_1_1_0_0_0_0_0_1_1_0_0_0_0_1_0_0_1_0_1_1_0_0,1,5.333333333333334e-5,2.0548046676563257e-5,0.25925925925925924,147.97222222222223
1_1_1_1_1_1_1_0_0_1_1_1_1_1_0_1_0_0_1_1_1_1_0_1_1_0_1_1_0_1_1_1_1_1_0_0_1_0,1,5.3333333333333326e-5,1.6996731711975947e-5,0.25925925925925924,218.25396825396828
0_0_0_0_0_0_0_1_1_0_0_0_0_0_0_1_0_0_0_0_0_0_1_1_0_0_0_0_0_0_1_0_0_0_1_1_0_1,1,5.3333333333333326e-5,1.2472191289246467e-5,0.29012345679012347,189.54761904761904
0_0_0_1_0_0_0_1_1_0_0_0_1_0_1_1_1_1_1_0_1_1_0_1_1_0_0_0_0_0_0_0_0_0_1_1_1_1,1,5.3333333333333326e-5,1.6996731711975947e-5,0.2962962962962963,207.7777777777778
1_0_1_0_0_0_0_1_0_0_0_1_0_0_0_1_0_0_1_0_1_1_1_0_0_1_0_0_1_1_1_0_1_0_1_1_0_1,1,5.3333333333333326e-5,1.2472191289246467e-5,0.25925925925925924,134.16666666666666
0_1_0_0_0_0_0_1_1_0_0_1_0_0_0_0_0_0_0_0_1_1_0_1_0_0_0_0_0_0_0_0_0_0_1_1_0_1,1,5.3333333333333326e-5,1.2472191289246467e-5,0.2839506172839506,191.0
1_0_1_1_1_1_1_0_1_1_1_0_1_1_1_0_1_1_0_1_0_0_0_0_0_1_1_1_1_1_0_1_0_0_0_0_1_0,1,5.3333333333333326e-5,1.2472191289246467e-5,0.32098765432098764,326.3333333333333
0_1_0_0_0_0_1_1_1_0_0_0_0_0_0_0_0_0_0_0_0_0_1_1_0_0_0_0_0_0_1_0_1_1_1_1_0_1,1,5.3333333333333326e-5,1.2472191289246467e-5,0.24074074074074073,179.38095238095238
0_0_0_1_0_0_0_1_1_0_0_0_1_0_1_1_1_1_0_0_0_0_0_0_1_1_0_0_1_0_0_0_0_0_1_1_1_1,1,5.3333333333333326e-5,1.2472191289246467e-5,0.2962962962962963,193.59523809523807
1_1_1_0_1_1_1_0_0_1_1_1_1_1_1_0_1_1_1_1_1_1_0_1_0_0_1_1_0_1_0_1_1_1_0_0_0_0,1,5.3333333333333326e-5,2.3570226039551578e-5,0.2962962962962963,339.76190476190476
1_1_1_1_1_1_1_0_1_0_1_1_1_1_0_0_0_0_0_1_0_0_1_0_0_1_1_1_1_1_1_1_0_1_0_0_1_0,1,5.3333333333333326e-5,1.6996731711975947e-5,0.2962962962962963,176.74603174603178
0_1_0_1_1_1_1_0_1_0_1_1_1_1_0_0_0_0_1_1_0_0_0_0_0_1_1_1_1_0_1_1_0_1_0_0_1_0,1,5.3333333333333326e-5,1.2472191289246467e-5,0.24691358024691357,172.88095238095238
0_1_0_1_1_1_1_0_1_0_1_1_0_1_0_0_0_0_1_1_0_0_1_0_0_1_1_1_1_0_1_1_0_1_0_0_1_0,1,5.3333333333333326e-5,1.2472191289246467e-5,0.2716049382716049,172.54761904761904
0_1_0_0_0_0_0_1_1_0_0_1_0_0_0_0_0_0_1_0_0_0_0_0_0_1_0_0_1_0_0_0_0_0_1_1_0_1,1,5.3333333333333326e-5,1.2472191289246467e-5,0.2839506172839506,215.38095238095238
1_1_1_1_1_1_1_0_0_1_1_1_1_1_1_0_1_1_1_1_1_1_0_0_0_1_1_1_1_1_0_1_1_1_0_0_1_0,1,5.3333333333333326e-5,1.6996731711975947e-5,0.2962962962962963,175.55555555555554
0_1_0_1_1_1_1_0_1_1_1_0_1_1_1_0_1_1_1_1_1_1_0_0_0_1_1_1_1_0_0_1_0_1_0_0_1_0,1,5.3333333333333326e-5,1.2472191289246467e-5,0.2654320987654321,168.54761904761904
1_0_1_0_0_0_0_1_0_1_0_0_0_0_1_1_1_1_0_0_1_1_0_1_1_0_0_0_0_1_0_0_1_1_1_1_0_1,1,5.3333333333333326e-5,1.2472191289246467e-5,0.2716049382716049,202.57142857142858
1_0_1_0_0_0_0_1_0_1_0_0_1_0_1_1_1_1_0_0_1_1_0_1_1_0_0_0_0_1_0_0_1_0_1_1_0_1,1,5.3333333333333326e-5,1.6996731711975947e-5,0.2716049382716049,154.76190476190473
0_1_0_0_0_0_0_1_1_0_0_1_0_0_0_1_0_0_0_0_0_0_1_1_0_0_0_0_0_0_1_0_0_0_1_1_0_1,1,5.0e-5,2.160246899469287e-5,0.30246913580246915,141.11111111111111
0_1_0_1_1_1_1_0_1_0_0_1_0_1_0_0_0_0_0_1_1_1_1_1_0_0_1_1_0_0_1_1_0_0_0_0_1_1,1,5.0e-5,2.160246899469287e-5,0.2716049382716049,188.75
0_1_0_1_1_0_1_0_1_0_1_1_1_1_0_0_0_0_1_1_0_0_0_0_0_1_1_1_1_0_0_1_0_0_0_0_1_0,1,5.0e-5,8.16496580927726e-6,0.2962962962962963,181.55555555555554
1_1_1_1_1_1_1_0_1_0_1_1_1_1_0_1_0_0_1_1_1_1_1_1_1_0_1_1_0_1_1_1_1_1_0_0_1_0,1,5.0e-5,8.16496580927726e-6,0.25308641975308643,168.83333333333334
0_0_0_1_0_0_0_1_1_0_0_0_1_0_0_1_0_0_1_0_1_1_1_1_1_0_0_0_0_0_1_0_0_0_1_1_1_1,1,5.0e-5,2.8284271247461906e-5,0.30246913580246915,216.2962962962963
1_0_1_1_1_1_0_0_0_1_1_0_1_1_1_1_1_1_1_1_1_1_1_1_1_0_1_1_0_1_0_1_1_1_0_0_1_0,1,5.0e-5,8.16496580927726e-6,0.2716049382716049,149.16666666666666
0_0_0_0_0_0_0_1_0_1_0_0_0_0_1_0_1_1_0_0_1_1_1_1_0_0_0_0_0_0_0_0_0_0_1_1_0_1,1,5.0e-5,8.16496580927726e-6,0.24691358024691357,172.11111111111111
1_0_1_0_0_0_0_1_0_0_0_1_1_1_1_0_1_1_1_0_1_1_1_0_0_1_0_0_1_1_0_0_1_0_0_0_0_0,1,5.0e-5,8.16496580927726e-6,0.2839506172839506,175.94444444444446
0_0_0_0_0_0_0_1_0_1_0_0_0_0_1_1_1_1_1_0_1_1_1_0_1_1_0_0_1_0_0_0_0_0_1_1_0_1,1,5.0e-5,8.16496580927726e-6,0.2839506172839506,168.5
1_1_1_1_1_1_1_0_1_0_1_1_1_1_0_1_0_0_0_1_0_0_0_0_1_1_1_1_1_1_1_1_1_1_0_0_1_0,1,5.0e-5,2.160246899469287e-5,0.24691358024691357,140.2777777777778
1_1_1_1_1_1_1_0_1_0_1_1_1_1_0_0_0_0_0_1_1_1_1_1_0_0_1_1_0_1_1_1_0_1_0_0_1_0,1,5.0e-5,8.16496580927726e-6,0.2962962962962963,173.05555555555554
0_1_0_0_0_0_1_1_1_0_0_1_0_0_0_0_0_0_0_0_1_1_0_1_0_0_0_0_0_0_1_0_0_0_1_1_0_1,1,5.0e-5,8.16496580927726e-6,0.2716049382716049,142.05555555555554
1_1_1_1_1_1_1_0_1_0_1_1_1_1_0_1_0_0_0_1_0_0_0_1_1_0_1_1_0_1_0_1_1_0_0_0_1_0,1,5.0e-5,8.16496580927726e-6,0.2654320987654321,131.44444444444446
0_0_0_0_0_0_0_1_1_0_0_0_1_0_1_1_1_1_1_0_1_1_0_0_0_1_0_0_1_0_0_0_0_0_1_1_0_1,1,5.0e-5,2.160246899469287e-5,0.30246913580246915,204.30555555555554
0_1_0_0_0_0_1_1_1_0_0_1_0_0_0_1_0_0_0_0_0_0_0_1_0_0_0_0_0_0_0_0_0_0_1_1_0_1,1,5.0e-5,0.0,0.30864197530864196,216.66666666666666
1_1_1_1_1_0_1_0_1_0_1_1_0_1_0_0_0_0_1_1_1_1_0_0_0_1_1_1_1_1_0_1_0_0_0_0_1_0,1,5.0e-5,2.4494897427831785e-5,0.3271604938271605,186.16666666666666
1_1_1_1_1_1_1_0_1_1_1_0_1_1_1_0_1_0_0_1_0_0_0_1_1_0_1_1_0_1_0_1_0_1_0_0_1_0,1,5.0e-5,8.16496580927726e-6,0.2962962962962963,150.83333333333334
0_0_0_0_0_0_0_1_1_0_0_0_0_0_0_1_0_1_1_0_1_1_1_0_0_1_0_0_1_0_1_0_0_0_1_1_0_1,1,5.0e-5,3.559026084010437e-5,0.2962962962962963,191.44444444444446
0_0_0_0_0_0_0_1_1_0_0_0_0_0_1_0_1_1_0_0_0_0_0_0_0_1_0_0_1_0_0_0_0_0_1_1_0_1,1,5.0e-5,2.160246899469287e-5,0.2654320987654321,190.83333333333334
1_1_1_1_1_0_1_0_1_0_1_1_0_1_0_1_0_0_0_1_0_0_0_1_0_0_1_1_0_1_0_1_0_0_0_0_1_1,1,5.0e-5,1.4142135623730946e-5,0.32098765432098764,156.42857142857142
1_0_1_1_1_1_0_0_0_1_1_0_1_1_1_1_1_1_0_1_1_1_1_1_1_0_1_1_0_1_0_1_1_1_0_0_1_0,1,5.0e-5,3.559026084010437e-5,0.2716049382716049,132.0
1_1_1_1_1_1_1_0_1_0_1_1_0_1_0_1_0_0_0_1_0_0_0_1_1_0_1_1_0_1_1_1_0_1_0_0_1_1,1,5.0e-5,1.4142135623730946e-5,0.2654320987654321,144.46428571428572
1_1_1_0_1_0_0_0_0_1_0_1_1_1_0_0_0_1_0_0_1_1_1_1_0_0_0_0_0_1_1_1_1_1_0_0_0_0,1,5.0e-5,1.6329931618554516e-5,0.30864197530864196,189.26984126984124
1_1_1_1_1_0_1_0_1_0_1_1_1_1_0_0_0_0_0_1_0_0_0_1_0_0_1_1_0_1_1_1_0_0_0_0_1_0,1,5.0e-5,8.16496580927726e-6,0.30246913580246915,158.88888888888889
1_0_1_0_0_1_0_1_0_1_0_0_0_0_1_1_1_1_1_0_0_0_0_0_1_1_0_0_1_1_0_0_1_1_1_1_0_1,1,5.0e-5,1.4142135623730951e-5,0.2839506172839506,168.8888888888889
1_1_1_1_1_1_1_0_1_1_1_0_0_1_1_0_1_0_0_1_0_0_0_1_0_0_1_1_0_1_0_1_0_1_0_0_1_0,1,5.0e-5,8.16496580927726e-6,0.30864197530864196,166.05555555555554
0_1_0_1_1_1_1_0_1_0_1_1_0_1_0_1_0_0_0_1_0_0_0_1_0_0_1_1_0_0_1_1_0_1_0_0_1_1,1,5.0e-5,1.4142135623730951e-5,0.25308641975308643,127.77777777777779
0_1_0_1_1_1_1_0_1_1_1_0_1_1_1_0_1_0_0_1_0_0_0_1_1_0_1_1_0_0_0_1_0_1_0_0_1_0,1,5.0e-5,8.16496580927726e-6,0.2654320987654321,166.11111111111111
0_0_0_0_0_0_0_1_0_1_0_0_1_0_1_0_1_1_0_0_0_0_1_1_1_0_0_0_0_0_1_0_1_1_1_1_0_0,1,5.0e-5,8.16496580927726e-6,0.30864197530864196,174.11111111111111
0_0_0_0_0_0_0_1_0_1_0_0_1_0_1_1_1_1_0_0_0_0_1_1_1_0_0_0_0_0_0_0_0_0_1_1_0_1,1,5.0e-5,0.0,0.29012345679012347,150.0
0_0_0_1_0_0_0_1_1_0_0_0_0_0_0_1_0_0_1_0_1_1_1_1_0_0_0_0_0_0_1_0_0_0_1_1_1_1,1,5.0e-5,1.6329931618554516e-5,0.29012345679012347,280.5714285714286
0_0_0_0_0_0_0_1_1_0_0_1_0_0_1_0_1_0_0_0_0_0_1_0_0_1_0_0_1_0_0_0_0_0_1_1_0_1,1,5.0e-5,2.943920288775949e-5,0.29012345679012347,197.5925925925926
1_1_1_0_1_1_1_0_0_1_1_1_1_1_1_0_1_1_1_1_0_0_0_0_0_1_1_1_1_1_0_1_1_1_0_0_0_0,1,5.0e-5,8.16496580927726e-6,0.2962962962962963,290.5555555555556
0_1_0_1_1_0_1_0_1_0_1_1_1_1_0_0_0_0_1_1_0_0_1_0_0_1_1_1_1_0_1_1_0_0_0_0_1_0,1,5.0e-5,2.1602468994692868e-5,0.2839506172839506,179.7222222222222
1_1_1_1_1_1_1_0_1_1_1_0_0_0_1_1_1_0_1_1_1_1_0_0_1_1_1_1_1_1_0_1_0_1_1_1_1_1,1,4.9999999999999996e-5,1.4142135623730946e-5,0.30864197530864196,147.61904761904762
0_1_0_1_1_1_1_0_1_0_1_1_0_0_0_1_0_0_1_1_1_1_0_0_1_1_1_1_1_0_0_1_0_0_1_1_1_1,1,4.9999999999999996e-5,1.4142135623730946e-5,0.2716049382716049,187.14285714285714
0_0_0_0_0_0_0_1_0_1_0_0_0_0_1_1_1_1_0_0_0_0_1_0_1_1_0_0_1_0_0_0_1_0_1_1_0_1,1,4.9999999999999996e-5,1.4142135623730946e-5,0.29012345679012347,219.04761904761904
0_1_0_1_1_1_1_0_1_0_1_1_0_1_0_0_0_0_0_1_0_0_0_1_0_0_1_1_0_0_1_1_0_0_0_0_1_0,1,4.9999999999999996e-5,1.4142135623730946e-5,0.2654320987654321,196.7857142857143
1_0_1_0_0_0_0_1_0_0_0_1_0_0_0_1_0_1_1_0_1_1_1_0_1_1_0_0_1_1_1_0_1_0_1_1_0_1,1,4.9999999999999996e-5,1.4142135623730946e-5,0.2716049382716049,157.38095238095238
0_1_0_0_0_0_1_1_1_0_0_0_0_0_0_0_0_0_0_0_1_1_1_1_0_0_0_0_0_0_1_0_0_1_1_1_0_1,1,4.9999999999999996e-5,2.1602468994692865e-5,0.25925925925925924,198.65079365079364
1_0_1_0_0_0_0_1_0_1_1_0_1_0_1_1_1_1_1_0_1_1_0_1_1_0_0_0_0_1_0_0_1_0_1_1_0_0,1,4.9999999999999996e-5,1.6329931618554516e-5,0.25308641975308643,163.17460317460316
1_1_1_1_1_1_1_0_1_0_1_1_1_1_0_1_0_0_1_1_1_1_0_1_1_0_1_1_0_1_1_1_1_1_0_0_1_0,1,4.9999999999999996e-5,2.1602468994692865e-5,0.24691358024691357,179.68253968253967
0_1_0_1_1_1_1_0_1_1_1_0_1_1_1_0_1_0_1_1_1_1_0_0_0_1_1_1_1_0_0_1_0_1_0_0_1_0,1,4.9999999999999996e-5,1.6329931618554516e-5,0.2716049382716049,170.12698412698413
0_0_0_0_0_0_0_1_0_1_0_0_1_0_1_1_1_1_0_0_0_0_1_1_1_0_0_0_0_0_0_0_1_1_1_1_0_1,1,4.9999999999999996e-5,1.4142135623730946e-5,0.2962962962962963,175.11904761904762
1_0_1_0_0_0_0_1_0_1_0_0_0_0_1_1_1_1_0_0_0_0_0_0_1_1_0_0_1_1_0_0_1_1_1_1_0_1,1,4.9999999999999996e-5,1.6329931618554516e-5,0.2716049382716049,193.80952380952382
0_0_0_0_0_0_1_1_1_0_0_1_0_0_1_0_1_0_1_0_0_0_0_0_0_1_0_0_1_0_0_0_0_0_1_1_0_1,1,4.666666666666667e-5,9.428090415820634e-6,0.29012345679012347,175.0
1_1_1_1_1_1_1_0_1_0_1_1_0_1_0_0_0_0_0_1_0_0_0_0_0_1_1_1_1_1_1_1_0_1_0_0_1_0,1,4.666666666666667e-5,9.428090415820634e-6,0.2962962962962963,169.44444444444446
0_0_0_0_0_0_0_1_0_1_0_0_0_0_1_0_1_1_0_0_1_1_0_1_0_0_0_0_0_0_0_0_0_0_1_1_0_1,1,4.666666666666667e-5,2.867441755680876e-5,0.25308641975308643,229.0
0_1_0_0_0_0_0_1_0_0_0_1_0_0_0_1_0_0_1_0_1_1_1_0_0_1_0_0_1_0_1_0_1_1_1_1_0_1,1,4.666666666666667e-5,4.714045207910317e-6,0.2962962962962963,168.66666666666666
0_0_0_0_0_0_0_1_0_1_0_0_1_0_1_1_1_1_1_0_1_1_1_1_1_0_0_0_0_0_0_0_1_0_1_1_0_1,1,4.666666666666667e-5,2.4944382578492944e-5,0.2962962962962963,153.33333333333334
0_1_0_1_1_1_1_0_1_1_1_0_0_0_0_1_0_0_1_1_1_1_0_0_1_1_1_1_1_0_1_1_0_1_1_1_1_1,1,4.666666666666667e-5,1.2472191289246472e-5,0.2839506172839506,175.0
0_1_0_1_1_1_1_0_1_0_1_1_1_1_0_0_0_0_0_1_1_1_1_1_0_0_1_1_0_0_1_1_0_0_0_0_1_0,1,4.666666666666667e-5,1.2472191289246472e-5,0.2716049382716049,187.8888888888889
1_0_1_1_1_1_0_0_0_1_1_0_1_0_1_1_1_1_1_1_1_1_1_0_1_1_1_1_1_1_1_1_1_1_1_1_1_0,1,4.666666666666667e-5,3.681787005729087e-5,0.30864197530864196,187.0
0_1_0_1_1_1_1_0_1_0_1_1_1_1_0_0_0_0_1_1_0_0_1_0_0_1_1_1_1_0_1_1_0_1_0_0_1_0,1,4.666666666666667e-5,4.714045207910317e-6,0.25308641975308643,182.16666666666666
1_1_1_1_1_1_1_0_1_0_1_1_1_1_0_0_0_0_1_1_1_1_1_0_0_1_1_1_1_1_1_1_1_1_0_0_1_0,1,4.666666666666667e-5,4.714045207910317e-6,0.29012345679012347,164.5
0_0_0_0_0_0_0_1_1_0_0_1_0_0_1_0_1_0_0_0_1_1_1_1_0_0_0_0_0_0_0_0_0_0_1_1_0_1,1,4.666666666666667e-5,1.2472191289246472e-5,0.29012345679012347,186.55555555555557
1_1_1_1_1_1_1_0_1_0_1_1_1_1_0_0_0_0_1_1_1_1_0_1_0_0_1_1_0_1_1_1_0_1_0_0_1_0,1,4.666666666666667e-5,1.2472191289246472e-5,0.29012345679012347,163.00000000000003
1_0_1_1_1_1_0_0_0_1_1_1_1_1_1_1_1_1_0_1_1_1_0_1_1_0_1_1_0_1_0_1_1_0_0_0_1_0,1,4.666666666666667e-5,1.2472191289246472e-5,0.25925925925925924,171.0
0_0_0_0_0_0_0_1_0_1_0_0_0_0_1_0_1_1_0_0_0_0_0_0_0_1_0_0_1_0_0_0_0_0_1_1_0_1,1,4.666666666666667e-5,1.2472191289246472e-5,0.25308641975308643,137.55555555555554
1_0_1_1_1_1_1_0_0_1_1_0_1_1_1_1_1_1_0_1_0_0_1_0_1_1_1_1_1_1_1_1_1_1_0_0_1_0,1,4.666666666666667e-5,1.8856180831641267e-5,0.2839506172839506,258.88888888888886
0_1_0_1_1_0_1_0_1_0_1_1_0_0_0_1_0_0_1_1_1_1_0_0_1_1_1_1_1_0_0_1_0_0_1_1_1_1,1,4.666666666666667e-5,1.8856180831641267e-5,0.2839506172839506,172.77777777777774
1_1_1_1_1_1_0_0_0_1_1_0_1_1_0_1_0_1_0_1_1_1_1_1_1_0_1_1_0_1_1_1_1_1_0_0_1_0,1,4.666666666666667e-5,9.428090415820634e-6,0.29012345679012347,213.33333333333334
1_0_1_0_0_0_0_1_0_1_0_0_1_0_1_1_1_1_0_0_0_0_0_0_1_1_0_0_1_1_0_0_1_0_1_1_0_1,1,4.666666666666667e-5,4.714045207910317e-6,0.2716049382716049,177.16666666666666
0_1_0_1_0_0_1_1_1_0_0_0_0_0_0_0_0_0_1_0_1_1_0_0_0_1_0_0_1_0_1_0_0_1_1_1_0_1,1,4.666666666666667e-5,4.714045207910317e-6,0.25308641975308643,157.66666666666666
1_1_1_1_1_1_1_0_1_0_1_1_0_1_0_0_0_0_1_1_0_0_1_0_0_1_1_1_1_1_1_1_0_1_0_0_1_0,1,4.666666666666667e-5,9.428090415820634e-6,0.30246913580246915,203.88888888888889
1_0_1_0_0_1_0_1_0_1_0_0_1_1_1_0_1_1_0_0_0_0_1_1_0_0_0_0_0_1_1_0_1_1_0_0_0_0,1,4.666666666666667e-5,1.2472191289246472e-5,0.2839506172839506,143.88888888888889
0_0_0_0_0_0_0_1_0_0_0_1_0_0_0_1_0_0_1_0_1_1_1_0_1_1_0_0_1_0_1_0_1_0_1_1_0_1,1,4.666666666666667e-5,2.4944382578492947e-5,0.2962962962962963,198.33333333333334
0_1_0_0_0_0_0_1_0_0_0_1_0_0_0_1_0_0_1_0_0_0_1_0_1_1_0_0_1_0_1_0_1_1_1_1_0_1,1,4.666666666666667e-5,4.714045207910317e-6,0.32098765432098764,353.5
0_0_0_0_0_0_0_1_0_0_0_1_0_0_0_1_0_0_0_0_0_0_1_1_0_0_0_0_0_0_1_0_1_0_1_1_0_1,1,4.666666666666667e-5,1.2472191289246472e-5,0.29012345679012347,163.44444444444446
0_0_0_1_0_0_0_1_1_0_0_0_1_1_1_0_1_1_0_0_1_1_0_1_0_0_0_0_0_0_0_0_0_0_0_0_1_0,1,4.666666666666667e-5,4.714045207910317e-6,0.2962962962962963,224.83333333333334
1_0_1_0_1_0_0_0_0_1_1_1_1_1_1_1_1_1_0_1_0_0_1_1_1_0_1_1_0_1_0_1_0_0_0_0_1_0,1,4.666666666666667e-5,4.714045207910317e-6,0.25308641975308643,157.83333333333334
0_0_0_0_0_0_0_1_1_0_0_0_1_0_0_1_0_1_1_0_1_1_1_0_0_1_0_0_1_0_1_0_0_0_1_1_0_1,1,4.666666666666667e-5,9.428090415820634e-6,0.3148148148148148,175.2777777777778
1_1_1_1_1_1_1_0_1_1_1_0_1_1_1_0_1_0_1_1_1_1_0_0_0_1_1_1_1_1_0_1_0_1_0_0_1_0,1,4.666666666666667e-5,1.2472191289246472e-5,0.30246913580246915,141.66666666666666
1_1_1_1_1_1_1_0_0_1_1_1_0_1_1_0_1_1_0_1_0_0_0_1_1_0_1_1_0_1_0_1_1_1_0_0_1_0,1,4.666666666666667e-5,9.428090415820634e-6,0.30864197530864196,148.88888888888889
1_1_1_1_1_1_1_0_1_0_1_1_0_1_0_1_0_0_1_1_1_1_0_0_1_1_1_1_1_1_1_1_0_1_0_0_1_1,1,4.666666666666667e-5,4.714045207910317e-6,0.2654320987654321,188.83333333333334
0_1_0_0_0_0_0_1_0_0_0_1_1_0_0_1_0_0_0_0_0_0_1_1_1_0_0_0_0_0_1_0_1_1_1_1_0_1,1,4.666666666666667e-5,3.8586123009300757e-5,0.30864197530864196,303.22222222222223
1_0_1_1_1_1_0_0_0_1_1_0_1_1_1_1_1_1_0_1_0_0_1_0_1_1_1_1_1_1_0_1_1_0_0_0_1_0,1,4.666666666666667e-5,9.428090415820634e-6,0.2654320987654321,179.7222222222222
1_0_1_1_1_1_0_0_0_1_1_0_1_1_1_0_1_1_0_1_0_0_1_1_1_0_1_1_0_1_1_1_1_1_0_0_1_0,1,4.666666666666667e-5,9.428090415820634e-6,0.30864197530864196,181.94444444444446
0_0_0_0_0_0_0_1_1_0_0_0_0_0_1_1_1_1_1_0_0_0_1_0_0_1_0_0_1_0_0_0_0_0_1_1_0_1,1,4.666666666666667e-5,9.428090415820634e-6,0.2962962962962963,206.11111111111111
1_0_1_1_1_1_1_0_0_1_1_1_1_1_1_1_1_1_1_1_1_1_0_0_1_1_1_1_1_1_0_1_1_0_0_0_1_0,1,4.666666666666667e-5,2.4944382578492947e-5,0.24691358024691357,142.5
1_1_1_0_1_1_1_0_0_1_1_1_1_1_1_0_1_1_0_1_1_1_0_1_0_0_1_1_0_1_0_1_1_1_0_0_0_0,1,4.666666666666667e-5,9.428090415820634e-6,0.2962962962962963,255.55555555555554
1_1_1_1_1_0_1_0_1_0_1_1_0_0_0_1_0_0_0_1_0_0_1_1_1_0_1_1_0_1_1_1_0_0_1_1_1_1,1,4.666666666666667e-5,2.867441755680876e-5,0.29012345679012347,154.91666666666666
1_1_1_0_1_1_1_0_0_1_1_1_0_1_0_0_0_0_1_1_1_1_1_1_0_0_1_1_0_1_1_1_1_1_0_0_0_0,1,4.666666666666667e-5,3.681787005729087e-5,0.2962962962962963,195.77777777777777
0_1_0_0_0_0_0_1_0_0_0_1_0_0_0_1_0_0_0_0_0_0_1_1_0_0_0_0_0_0_1_0_1_1_1_1_0_1,1,4.666666666666667e-5,3.681787005729087e-5,0.2962962962962963,227.22222222222223
1_1_1_0_1_1_1_0_0_1_1_1_1_1_0_0_0_0_1_1_1_1_1_1_0_0_1_1_0_1_1_1_1_1_0_0_0_0,1,4.6666666666666665e-5,1.6996731711975947e-5,0.29012345679012347,205.0
0_0_0_0_0_0_0_1_0_1_0_0_1_0_1_0_1_1_1_0_1_1_1_0_0_1_0_0_1_0_0_0_1_0_1_1_0_0,1,4.6666666666666665e-5,2.0548046676563253e-5,0.2654320987654321,202.47619047619048
0_0_0_0_0_0_0_1_0_1_0_0_0_0_1_1_1_1_0_0_0_0_1_1_1_0_0_0_0_0_0_0_0_0_1_1_0_1,1,4.6666666666666665e-5,1.6996731711975947e-5,0.2839506172839506,144.2063492063492
1_0_1_0_0_1_0_1_0_1_0_0_1_1_1_0_1_1_0_0_0_0_1_1_0_0_0_0_0_1_0_0_1_1_0_0_0_0,1,4.6666666666666665e-5,1.6996731711975947e-5,0.2654320987654321,140.515873015873
0_0_0_1_0_0_0_1_1_0_0_0_0_0_1_1_1_1_1_0_0_0_0_0_1_1_0_0_1_0_0_0_0_0_1_1_1_1,1,4.6666666666666665e-5,2.0548046676563253e-5,0.29012345679012347,239.80952380952382
0_0_0_1_0_0_0_1_1_0_0_0_1_0_1_1_1_1_0_0_1_1_0_1_0_0_0_0_0_0_0_0_0_0_1_1_1_1,1,4.6666666666666665e-5,2.0548046676563253e-5,0.30246913580246915,189.42857142857142
0_0_0_0_0_0_0_1_1_0_0_0_0_0_0_1_0_0_1_0_1_1_1_0_0_1_0_0_1_0_1_0_0_0_1_1_0_1,1,4.6666666666666665e-5,2.0548046676563253e-5,0.29012345679012347,172.14285714285714
1_1_1_1_1_1_1_0_1_1_1_1_0_0_0_0_0_0_0_1_0_0_0_0_1_1_1_1_1_1_1_1_0_1_1_0_1_0,1,4.6666666666666665e-5,2.0548046676563253e-5,0.25925925925925924,172.52380952380952
0_0_0_0_0_0_0_1_1_0_0_0_1_1_1_0_1_1_1_0_1_1_1_1_0_0_0_0_0_0_0_0_0_0_0_0_0_0,1,4.333333333333334e-5,1.6996731711975947e-5,0.30864197530864196,232.2222222222222
1_1_1_1_1_1_1_0_1_0_1_1_1_1_0_1_0_0_1_1_0_0_0_0_1_1_1_1_1_1_1_1_1_1_0_0_1_0,1,4.333333333333334e-5,1.6996731711975947e-5,0.24691358024691357,172.2222222222222
0_1_0_0_0_0_0_1_0_0_0_1_1_0_0_1_0_0_1_0_1_1_1_0_1_1_0_0_1_0_1_0_1_1_1_1_0_1,1,4.333333333333334e-5,9.428090415820635e-6,0.30864197530864196,232.0
1_1_1_1_1_1_1_0_0_1_1_1_1_0_0_0_0_0_0_1_0_0_0_1_1_0_1_1_0_1_1_1_1_1_1_0_1_0,1,4.333333333333334e-5,4.714045207910317e-6,0.30864197530864196,237.16666666666666
1_0_1_1_1_1_1_0_0_1_1_0_1_1_1_1_1_1_1_1_0_0_1_0_1_1_1_1_1_1_1_1_1_1_0_0_1_0,1,4.333333333333334e-5,9.428090415820635e-6,0.2839506172839506,181.11111111111111
0_1_0_1_1_1_1_0_1_0_1_1_1_1_0_0_0_0_1_1_1_1_0_1_0_0_1_1_0_0_1_1_0_0_0_0_1_0,1,4.333333333333334e-5,9.428090415820635e-6,0.2654320987654321,172.66666666666666
0_1_0_1_1_1_1_0_1_0_1_1_1_1_0_0_0_0_0_1_1_1_0_1_0_0_1_1_0_0_1_1_0_1_0_0_1_0,1,4.333333333333334e-5,2.867441755680876e-5,0.24691358024691357,230.0
1_1_1_0_1_1_1_0_0_1_1_1_0_1_0_0_0_0_1_1_0_0_1_0_0_1_1_1_1_1_1_1_1_1_0_0_0_0,1,4.333333333333334e-5,1.2472191289246472e-5,0.2962962962962963,188.33333333333334
0_0_0_0_0_0_0_1_0_1_0_0_0_0_1_1_1_1_1_0_1_1_1_0_1_1_0_0_1_0_1_0_1_1_1_1_0_1,1,4.333333333333334e-5,9.428090415820635e-6,0.30864197530864196,153.77777777777777
0_0_0_0_0_1_1_1_0_1_0_0_0_0_1_0_1_1_0_0_0_0_0_0_0_1_0_0_1_0_0_0_1_1_1_1_0_1,1,4.333333333333334e-5,1.247219128924647e-5,0.2777777777777778,150.0
1_1_1_1_1_1_1_0_1_0_1_1_1_1_0_1_0_0_1_1_0_0_1_0_1_1_1_1_1_1_1_1_1_1_0_0_1_0,1,4.333333333333334e-5,1.6996731711975947e-5,0.25308641975308643,149.44444444444446
0_1_0_0_0_1_1_1_1_0_0_1_0_0_0_0_0_0_0_0_0_0_0_0_0_1_0_0_1_0_1_0_0_1_1_1_0_1,1,4.333333333333334e-5,1.247219128924647e-5,0.2654320987654321,186.11111111111111
0_0_0_0_0_1_0_1_0_1_0_0_0_0_1_0_1_1_1_0_1_1_1_0_0_1_0_0_1_0_1_0_0_1_1_1_0_1,1,4.333333333333334e-5,1.2472191289246472e-5,0.2777777777777778,135.83333333333334
1_0_1_0_0_0_0_1_0_1_0_0_0_0_1_1_1_1_1_0_0_0_1_0_1_1_0_0_1_1_0_0_1_0_1_1_0_1,1,4.333333333333334e-5,9.428090415820635e-6,0.24691358024691357,169.33333333333334
1_0_1_1_1_1_1_0_0_1_1_0_1_1_1_1_1_1_1_1_1_1_1_1_1_0_1_1_0_1_1_1_1_1_0_0_1_0,1,4.333333333333334e-5,1.247219128924647e-5,0.2839506172839506,226.66666666666666
1_1_1_1_1_1_1_0_1_0_1_1_0_1_0_0_0_0_1_1_1_1_0_0_0_1_1_1_1_1_0_1_0_0_0_0_1_0,1,4.333333333333334e-5,4.714045207910317e-6,0.3148148148148148,166.33333333333334
1_1_1_1_1_1_1_0_1_0_1_1_0_0_0_1_0_0_0_1_0_0_1_1_0_0_1_1_0_1_1_1_0_0_1_1_1_1,1,4.333333333333334e-5,1.2472191289246472e-5,0.2839506172839506,197.7777777777778
0_1_0_1_1_1_1_0_1_0_1_1_0_0_0_1_0_0_0_1_0_0_0_1_0_0_1_1_0_0_1_1_0_0_1_1_1_1,1,4.333333333333334e-5,9.428090415820635e-6,0.25925925925925924,173.33333333333334
1_0_1_1_1_1_0_0_0_1_1_0_1_1_1_1_1_1_0_1_0_0_1_0_1_1_1_1_1_1_0_1_1_1_0_0_1_0,1,4.333333333333334e-5,1.6996731711975947e-5,0.2716049382716049,176.55555555555554
0_1_0_0_0_1_1_1_1_0_0_0_0_0_0_0_0_0_1_0_0_0_1_0_0_1_0_0_1_0_1_0_0_1_1_1_0_1,1,4.333333333333334e-5,9.428090415820635e-6,0.25925925925925924,170.66666666666666
0_1_0_1_1_0_1_0_1_0_1_1_0_1_0_0_0_0_0_1_0_0_0_1_0_0_1_1_0_0_1_1_0_0_0_0_1_0,1,4.333333333333334e-5,4.714045207910317e-6,0.2777777777777778,176.0
0_0_0_1_1_1_1_1_1_0_1_0_1_1_1_0_1_0_1_1_1_1_1_1_0_0_1_1_0_0_1_0_0_0_0_0_1_0,1,4.333333333333334e-5,1.2472191289246472e-5,0.3395061728395062,276.3888888888889
1_0_1_0_1_0_0_0_0_1_1_1_1_1_1_1_1_1_1_1_1_1_1_0_1_1_1_1_1_1_0_1_0_0_0_0_1_0,1,4.333333333333334e-5,9.428090415820635e-6,0.25308641975308643,140.22222222222223
1_0_1_1_1_1_0_0_0_1_1_0_1_1_1_0_1_1_0_1_0_0_0_1_1_0_1_1_0_1_0_1_1_1_0_0_1_0,1,4.333333333333334e-5,2.0548046676563253e-5,0.2962962962962963,156.7857142857143
0_1_0_1_1_1_1_0_1_1_1_0_0_1_1_0_1_0_0_1_0_0_0_1_0_0_1_1_0_0_0_1_0_1_0_0_1_0,1,4.333333333333334e-5,1.6996731711975947e-5,0.29012345679012347,148.44444444444446
1_1_1_1_1_1_1_0_1_0_1_1_0_1_0_0_0_0_1_1_1_1_0_1_0_0_1_1_0_1_1_1_0_1_0_0_1_0,1,4.333333333333334e-5,1.247219128924647e-5,0.2962962962962963,168.61111111111111
0_0_0_0_0_1_0_1_0_1_0_0_1_0_1_0_1_1_0_0_0_0_1_1_1_0_0_0_0_0_0_0_1_1_1_1_0_0,1,4.333333333333334e-5,1.2472191289246472e-5,0.30246913580246915,181.66666666666666
0_1_0_1_1_1_1_0_1_0_1_1_0_0_0_1_0_0_0_1_0_0_0_1_0_0_1_1_0_0_0_1_0_0_1_1_1_1,1,4.333333333333334e-5,2.0548046676563253e-5,0.2777777777777778,163.92857142857142
1_1_1_1_1_1_1_0_0_1_1_0_1_1_0_1_0_1_1_1_0_0_0_0_1_1_1_1_1_1_1_1_1_1_0_0_1_0,1,4.333333333333334e-5,1.6996731711975947e-5,0.29012345679012347,197.2222222222222
0_1_0_0_0_1_1_1_1_0_0_1_0_0_0_0_0_0_1_0_1_1_0_1_0_0_0_0_0_0_1_0_0_1_1_1_0_1,1,4.333333333333334e-5,9.428090415820635e-6,0.2654320987654321,194.0
0_1_0_0_0_0_1_1_1_0_0_0_0_0_0_0_0_0_1_0_1_1_1_0_0_1_0_0_1_0_1_0_1_1_1_1_0_1,1,4.333333333333334e-5,1.2472191289246472e-5,0.24074074074074073,150.83333333333334
1_1_1_1_1_1_1_0_1_0_1_1_1_1_0_0_0_0_1_1_1_1_0_0_0_1_1_1_1_1_1_1_0_0_0_0_1_0,1,4.333333333333334e-5,1.6996731711975947e-5,0.29012345679012347,141.2222222222222
1_0_1_0_0_0_0_1_0_0_0_1_1_1_0_0_0_1_1_0_1_1_1_0_0_1_0_0_1_1_1_0_1_0_0_0_0_0,1,4.333333333333334e-5,9.428090415820635e-6,0.30246913580246915,202.44444444444443
0_1_0_1_0_1_1_1_1_0_0_0_0_0_0_0_0_0_0_0_0_0_0_1_0_0_0_0_0_0_1_0_1_1_1_1_0_1,1,4.333333333333334e-5,9.428090415820635e-6,0.25308641975308643,111.33333333333333
0_0_0_0_0_0_0_1_0_1_0_0_0_0_1_1_1_1_1_0_1_1_0_1_1_0_0_0_0_0_0_0_1_0_1_1_0_1,1,4.333333333333334e-5,4.714045207910317e-6,0.2962962962962963,200.83333333333334
1_0_1_0_0_0_0_1_0_1_0_0_1_0_1_0_1_1_1_0_1_1_1_0_1_1_0_0_1_1_0_0_1_0_1_1_0_0,1,4.333333333333334e-5,4.714045207910317e-6,0.25308641975308643,119.16666666666667
0_1_0_1_1_0_1_0_1_0_1_1_0_0_0_1_0_0_1_1_1_1_0_0_1_1_1_1_1_0_1_1_0_0_1_1_1_1,1,4.333333333333334e-5,1.247219128924647e-5,0.2654320987654321,143.05555555555557
0_1_0_1_1_1_1_0_1_0_1_1_0_1_0_1_0_0_1_1_1_1_1_0_0_1_1_1_1_0_1_1_0_1_0_0_1_1,1,4.333333333333334e-5,1.2472191289246472e-5,0.25925925925925924,165.0
1_1_1_0_1_0_0_0_0_1_0_1_0_1_0_0_0_1_1_0_1_1_0_0_0_1_0_0_1_1_1_1_1_1_0_0_0_0,1,4.333333333333334e-5,2.6246692913372705e-5,0.30246913580246915,207.5
0_0_0_0_0_1_0_1_0_1_0_0_1_0_1_0_1_1_1_0_1_1_0_0_0_1_0_0_1_0_0_0_1_1_1_1_0_0,1,4.333333333333334e-5,3.299831645537222e-5,0.30246913580246915,127.4074074074074
1_1_1_1_1_1_1_0_0_1_1_1_0_0_0_1_0_0_1_1_1_1_0_1_1_0_1_1_0_1_1_1_1_1_1_1_1_1,1,4.333333333333334e-5,1.6996731711975947e-5,0.30864197530864196,166.7777777777778
0_1_0_0_0_0_1_1_1_0_0_0_0_0_0_0_0_0_0_0_0_0_1_0_0_1_0_0_1_0_1_0_0_1_1_1_0_1,1,4.333333333333334e-5,1.6996731711975947e-5,0.25925925925925924,231.33333333333334
1_1_1_1_1_1_1_0_1_0_1_1_1_1_0_1_0_0_1_1_1_1_0_0_1_1_1_1_1_1_0_1_1_0_0_0_1_0,1,4.333333333333334e-5,1.2472191289246472e-5,0.2654320987654321,133.33333333333334
0_1_0_0_0_0_0_1_1_0_0_1_0_0_0_0_0_0_0_0_0_0_0_0_0_1_0_0_1_0_0_0_0_0_1_1_0_1,1,4.333333333333334e-5,4.714045207910317e-6,0.2839506172839506,147.16666666666666
0_0_0_1_0_1_1_1_1_0_1_0_0_0_1_1_1_0_1_1_1_1_1_0_1_1_1_1_1_0_0_0_0_0_1_1_1_1,1,4.333333333333334e-5,9.428090415820635e-6,0.2962962962962963,210.0
1_0_1_0_0_0_0_1_0_1_0_0_1_0_1_1_1_1_1_0_1_1_1_1_1_0_0_0_0_1_0_0_1_0_1_1_0_1,1,4.333333333333334e-5,4.714045207910317e-6,0.2654320987654321,157.83333333333334
0_0_0_0_0_0_0_1_1_0_0_0_0_0_0_1_0_1_1_0_1_1_1_0_1_1_0_0_1_0_1_0_0_0_1_1_0_1,1,4.333333333333334e-5,4.714045207910317e-6,0.30246913580246915,172.66666666666666
1_0_1_0_0_1_0_1_0_1_0_0_1_1_1_0_1_1_1_0_1_1_1_0_0_1_0_0_1_1_0_0_1_1_0_0_0_0,1,4.333333333333334e-5,1.6996731711975947e-5,0.2654320987654321,109.77777777777777
1_1_1_1_1_1_1_0_1_0_1_1_1_1_0_0_0_0_0_1_0_0_0_1_0_0_1_1_0_1_0_1_0_0_0_0_1_0,1,4.333333333333334e-5,3.299831645537222e-5,0.30864197530864196,140.0
1_0_1_1_1_0_0_0_0_1_1_1_1_1_1_1_1_1_1_1_0_0_0_0_1_1_1_1_1_1_0_1_1_0_0_0_1_0,1,4.333333333333333e-5,2.0548046676563253e-5,0.25925925925925924,166.30952380952382
1_1_1_1_1_1_1_0_1_0_1_1_0_1_0_0_0_0_1_1_1_1_1_0_0_1_1_1_1_1_1_1_1_1_0_0_1_0,1,4.333333333333333e-5,2.0548046676563253e-5,0.2962962962962963,155.5952380952381
1_1_1_1_1_1_1_0_1_0_1_1_1_1_0_0_0_0_1_1_1_1_0_0_0_1_1_1_1_1_1_1_1_1_0_0_1_0,1,4.333333333333333e-5,2.0548046676563253e-5,0.2839506172839506,160.0
0_0_0_0_0_1_1_1_0_1_0_0_0_0_1_0_1_1_1_0_0_0_0_0_0_1_0_0_1_0_0_0_1_1_1_1_0_1,1,4.333333333333333e-5,2.0548046676563253e-5,0.2777777777777778,124.16666666666667
0_0_0_0_0_0_0_1_0_1_0_0_0_0_1_1_1_1_0_0_1_1_0_1_1_0_0_0_0_0_0_0_1_0_1_1_0_1,1,4.333333333333333e-5,2.0548046676563253e-5,0.2962962962962963,194.40476190476193
0_0_0_0_0_0_0_1_0_1_0_0_0_0_1_0_1_1_0_0_0_0_1_1_0_0_0_0_0_0_1_0_0_1_1_1_0_1,1,4.333333333333333e-5,1.8856180831641264e-5,0.2654320987654321,143.015873015873
0_0_0_0_0_0_0_1_1_0_0_0_0_1_1_1_1_1_0_0_0_0_0_1_0_0_0_0_0_0_0_0_0_0_0_1_0_1,1,4.333333333333333e-5,1.8856180831641264e-5,0.3148148148148148,254.44444444444443
1_1_1_0_1_1_1_0_0_1_1_1_0_1_1_0_1_1_0_1_0_0_0_0_1_1_1_1_1_1_0_1_1_1_0_0_0_0,1,4.333333333333333e-5,2.494438257849294e-5,0.30864197530864196,219.42857142857142
1_1_1_1_1_1_1_0_1_1_1_0_0_1_0_0_0_0_1_1_0_0_0_0_0_1_1_1_1_1_1_1_0_1_0_0_1_0,1,4.0e-5,2.8284271247461902e-5,0.30864197530864196,165.0
1_0_1_1_1_1_0_0_0_1_1_1_1_1_1_1_1_1_1_1_1_1_0_1_1_0_1_1_0_1_0_1_1_0_0_0_1_0,1,4.0e-5,1.4142135623730951e-5,0.25925925925925924,193.8888888888889
1_1_1_1_1_1_1_0_1_1_1_0_1_1_1_0_1_0_1_1_1_1_0_0_1_1_1_1_1_1_0_1_0_1_0_0_1_0,1,4.0e-5,8.164965809277262e-6,0.2962962962962963,146.05555555555554
0_1_0_1_0_0_1_1_1_0_0_0_0_0_0_0_0_0_0_0_0_0_0_1_0_0_0_0_0_0_1_0_0_1_1_1_0_1,1,4.0e-5,2.1602468994692868e-5,0.25308641975308643,162.7777777777778
0_1_0_1_1_1_1_0_1_0_0_1_0_1_0_0_0_0_0_1_1_1_0_1_0_0_1_1_0_0_1_1_0_0_0_0_1_1,1,4.0e-5,1.632993161855452e-5,0.2654320987654321,184.16666666666666
0_0_0_1_0_0_0_1_1_0_0_0_0_0_0_1_0_0_1_0_0_0_1_0_1_1_0_0_1_0_1_0_0_0_1_1_1_1,1,4.0e-5,1.4142135623730951e-5,0.2962962962962963,313.6666666666667
0_0_0_0_0_0_0_1_0_1_0_0_1_0_1_0_1_1_1_0_1_1_0_0_0_1_0_0_1_0_0_0_1_1_1_1_0_0,1,4.0e-5,0.0,0.29012345679012347,143.33333333333334
1_1_1_1_1_1_1_0_1_1_1_0_1_1_1_0_1_0_0_1_0_0_0_1_0_0_1_1_0_1_0_1_0_1_0_0_1_0,1,4.0e-5,1.632993161855452e-5,0.30246913580246915,140.0
0_0_0_0_0_0_0_1_1_0_0_1_0_0_1_0_1_0_1_0_0_0_1_0_0_1_0_0_1_0_0_0_0_0_1_1_0_1,1,4.0e-5,8.164965809277262e-6,0.29012345679012347,162.05555555555554
1_0_1_1_1_1_0_0_0_1_1_0_1_0_1_1_1_1_1_1_1_1_0_0_1_1_1_1_1_1_0_1_1_1_1_1_1_0,1,4.0e-5,1.4142135623730951e-5,0.2962962962962963,133.88888888888889
0_1_0_1_1_1_1_0_1_0_1_1_0_1_0_0_0_0_0_1_0_0_1_0_0_1_1_1_1_0_1_1_0_1_0_0_1_0,1,4.0e-5,8.164965809277262e-6,0.2716049382716049,188.2777777777778
0_0_0_0_0_0_0_1_1_0_0_0_1_1_1_0_1_1_0_0_1_1_1_1_0_0_0_0_0_0_0_0_0_0_0_0_0_0,1,4.0e-5,1.4142135623730951e-5,0.30864197530864196,146.66666666666666
0_0_0_0_0_0_0_1_1_0_0_0_0_0_0_1_0_0_0_0_0_0_1_1_1_0_0_0_0_0_1_0_0_0_1_1_0_1,1,4.0e-5,0.0,0.2962962962962963,185.83333333333334
0_0_0_1_0_1_1_1_1_0_1_0_0_0_1_1_1_0_0_1_0_0_0_0_1_1_1_1_1_0_0_0_0_0_1_1_1_1,1,4.0e-5,2.1602468994692868e-5,0.30864197530864196,196.44444444444446
1_1_1_1_1_1_1_0_0_1_1_1_0_0_0_1_0_0_1_1_0_0_1_0_1_1_1_1_1_1_1_1_1_1_1_1_1_1,1,4.0e-5,8.164965809277262e-6,0.3148148148148148,186.2222222222222
0_1_0_1_1_0_1_0_1_0_1_1_0_0_0_1_0_0_0_1_0_0_0_1_1_0_1_1_0_0_0_1_0_0_1_1_1_1,1,4.0e-5,1.632993161855452e-5,0.2839506172839506,155.55555555555554
1_1_1_1_1_1_1_0_0_1_1_1_1_0_0_0_0_0_0_1_0_0_1_1_1_0_1_1_0_1_1_1_1_1_1_0_1_0,1,4.0e-5,8.164965809277262e-6,0.3148148148148148,182.44444444444446
1_0_1_0_0_0_0_1_0_0_0_1_0_0_1_1_1_1_0_0_0_0_1_0_0_1_0_0_1_1_0_0_1_0_1_1_0_1,1,4.0e-5,8.164965809277262e-6,0.2654320987654321,209.33333333333334
0_0_0_0_0_0_0_1_0_0_0_1_1_1_0_0_0_1_0_0_0_0_1_1_0_0_0_0_0_0_1_0_1_0_0_0_0_0,1,4.0e-5,2.1602468994692868e-5,0.30864197530864196,164.33333333333334
1_1_1_0_1_1_1_0_0_1_1_1_0_1_0_0_0_0_0_1_0_0_1_0_0_1_1_1_1_1_1_1_1_1_0_0_0_0,1,4.0e-5,0.0,0.2962962962962963,210.0
0_0_0_1_0_0_0_1_1_0_0_0_1_0_0_1_0_0_0_0_1_1_1_1_1_0_0_0_0_0_1_0_0_0_1_1_1_1,1,4.0e-5,8.164965809277262e-6,0.30246913580246915,232.5
0_0_0_0_0_0_0_1_1_0_0_0_0_0_1_0_1_1_0_0_1_1_0_1_0_0_0_0_0_0_0_0_0_0_1_1_0_1,1,4.0e-5,1.632993161855452e-5,0.2654320987654321,164.7222222222222
1_1_1_0_1_0_0_0_0_1_0_1_1_1_0_0_0_1_1_0_1_1_1_1_0_0_0_0_0_1_1_1_1_1_0_0_0_0,1,4.0e-5,2.1602468994692868e-5,0.30864197530864196,183.44444444444446
0_0_0_0_0_0_0_1_0_1_0_0_1_0_1_1_1_1_1_0_0_0_1_0_1_1_0_0_1_0_0_0_1_0_1_1_0_1,1,4.0e-5,1.4142135623730951e-5,0.2962962962962963,156.11111111111111
1_1_1_0_1_0_0_0_0_1_0_1_1_1_0_0_0_1_1_0_1_1_0_0_0_1_0_0_1_1_1_1_1_1_0_0_0_0,1,4.0e-5,8.164965809277262e-6,0.2962962962962963,177.33333333333334
0_1_0_0_0_0_1_1_1_0_0_1_0_0_0_1_0_0_0_0_0_0_1_1_1_0_0_0_0_0_1_0_0_0_1_1_0_1,1,4.0e-5,8.164965809277262e-6,0.30246913580246915,208.72222222222226
0_0_0_0_0_0_0_1_0_1_0_0_1_0_1_0_1_1_1_0_1_1_0_0_0_1_0_0_1_0_0_0_1_0_1_1_0_0,1,4.0e-5,8.164965809277262e-6,0.2716049382716049,151.66666666666666
0_0_0_0_0_0_0_1_0_0_0_1_0_0_1_1_1_1_1_0_0_0_0_0_1_1_0_0_1_0_0_0_1_0_1_1_0_1,1,4.0e-5,1.4142135623730951e-5,0.30864197530864196,189.44444444444443
1_0_1_1_1_1_1_0_0_1_1_1_1_1_1_1_1_1_0_1_0_0_0_1_1_0_1_1_0_1_0_1_1_0_0_0_1_0,1,4.0e-5,8.164965809277262e-6,0.24691358024691357,118.27777777777777
1_0_1_0_0_0_0_1_0_1_0_0_0_0_1_1_1_1_1_0_0_0_1_0_1_1_0_0_1_1_0_0_1_1_1_1_0_1,1,4.0e-5,1.4142135623730951e-5,0.2654320987654321,233.33333333333334
0_1_0_1_1_1_1_0_1_0_1_1_0_0_0_1_0_0_0_1_0_0_0_1_0_0_1_1_0_0_1_1_0_1_1_1_1_1,1,4.0e-5,1.632993161855452e-5,0.24074074074074073,144.16666666666669
1_0_1_1_1_1_0_0_0_1_1_0_1_1_1_0_1_1_1_1_1_1_1_0_1_1_1_1_1_1_1_1_1_1_0_0_1_0,1,4.0e-5,8.164965809277262e-6,0.30864197530864196,214.11111111111111
0_1_0_0_0_0_0_1_1_0_0_1_0_0_0_0_0_0_1_0_1_1_0_1_0_0_0_0_0_0_0_0_0_0_1_1_0_1,1,4.0e-5,1.4142135623730951e-5,0.2839506172839506,226.66666666666666
1_1_1_1_1_1_1_0_1_1_1_0_1_1_1_0_1_1_1_1_1_1_0_0_1_1_1_1_1_1_0_1_0_1_0_0_1_0,1,4.0e-5,8.164965809277262e-6,0.29012345679012347,175.7777777777778
0_1_0_1_1_1_1_0_1_1_1_0_0_1_1_0_1_0_1_1_1_1_0_0_0_1_1_1_1_0_0_1_0_1_0_0_1_0,1,4.0e-5,8.164965809277262e-6,0.29012345679012347,172.2777777777778
1_1_1_1_1_1_1_0_1_0_1_1_0_1_0_1_0_0_1_1_1_1_1_0_1_1_1_1_1_1_1_1_1_1_0_0_1_1,1,4.0e-5,8.164965809277262e-6,0.2839506172839506,141.33333333333334
0_0_0_0_0_0_0_1_0_0_0_1_0_0_0_1_0_1_0_0_0_0_1_1_1_0_0_0_0_0_1_0_1_0_1_1_0_1,1,4.0e-5,8.164965809277262e-6,0.30246913580246915,181.83333333333334
0_0_0_1_0_1_1_1_1_0_1_0_0_0_1_1_1_0_0_1_1_1_0_1_1_0_1_1_0_0_0_0_0_0_1_1_1_1,1,4.0e-5,0.0,0.30864197530864196,195.83333333333334
1_1_1_1_1_1_1_0_0_1_1_1_0_0_0_1_0_0_0_1_1_1_0_1_1_0_1_1_0_1_1_1_1_1_1_1_1_1,1,4.0e-5,1.4142135623730951e-5,0.30864197530864196,231.11111111111111
1_0_1_1_1_1_1_0_1_1_1_0_1_1_1_0_1_1_0_1_1_1_0_1_0_0_1_1_0_1_0_1_0_0_0_0_1_0,1,4.0e-5,0.0,0.32098765432098764,318.3333333333333
0_0_0_0_0_0_0_1_0_1_0_0_0_0_1_1_1_1_1_0_1_1_1_1_1_0_0_0_0_0_0_0_1_0_1_1_0_1,1,4.0e-5,1.632993161855452e-5,0.29012345679012347,209.44444444444446
0_1_0_0_0_0_1_1_1_0_0_1_0_0_0_1_0_0_1_0_1_1_0_0_1_1_0_0_1_0_0_0_0_0_1_1_0_1,1,4.0e-5,1.632993161855452e-5,0.3148148148148148,277.77777777777777
0_0_0_0_0_0_0_1_0_1_0_0_0_0_1_1_1_1_1_0_1_1_0_0_1_1_0_0_1_0_0_0_0_0_1_1_0_1,1,4.0e-5,8.164965809277262e-6,0.29012345679012347,159.61111111111111
1_1_1_1_1_1_1_0_0_1_1_1_1_1_1_0_1_0_0_1_0_0_0_1_1_0_1_1_0_1_0_1_1_1_0_0_1_0,1,4.0e-5,1.4142135623730951e-5,0.2962962962962963,168.0
1_1_1_0_1_1_1_0_0_1_1_1_1_1_0_0_0_0_0_1_0_0_1_0_0_1_1_1_1_1_1_1_1_1_0_0_0_0,1,4.0e-5,8.164965809277262e-6,0.29012345679012347,284.0
0_0_0_0_0_0_0_1_0_1_0_0_1_0_1_0_1_1_0_0_0_0_1_1_1_0_0_0_0_0_0_0_0_0_1_1_0_0,1,4.0e-5,1.4142135623730951e-5,0.2839506172839506,127.77777777777779
1_1_1_0_1_1_1_0_1_1_1_1_0_0_0_0_0_0_1_1_0_0_1_0_1_1_1_1_1_1_1_1_0_1_1_0_1_0,1,4.0e-5,1.4142135623730951e-5,0.25925925925925924,194.44444444444446
0_1_0_0_0_0_1_1_1_0_0_1_0_0_0_0_0_0_1_0_0_0_0_0_0_1_0_0_1_0_1_0_0_0_1_1_0_1,1,4.0e-5,2.1602468994692868e-5,0.2716049382716049,159.0
1_1_1_1_1_0_1_0_1_0_1_1_0_1_0_1_0_0_1_1_1_1_1_0_1_1_1_1_1_1_1_1_0_0_0_0_1_1,1,4.0e-5,3.559026084010437e-5,0.30246913580246915,156.11111111111111
1_0_1_0_0_1_0_1_0_1_0_0_1_0_1_1_1_1_1_0_1_1_1_0_1_1_0_0_1_1_0_0_1_1_1_1_0_1,1,4.0e-5,1.632993161855452e-5,0.2777777777777778,161.94444444444446
1_0_1_0_0_0_0_1_0_1_0_0_1_1_1_0_1_1_0_0_0_0_1_1_1_0_0_0_0_1_0_0_1_0_0_0_0_0,1,4.0e-5,1.632993161855452e-5,0.24074074074074073,140.2777777777778
0_0_0_1_0_1_1_1_1_0_1_0_1_0_1_1_1_0_0_1_1_1_0_1_1_0_1_1_0_0_0_0_0_0_1_1_1_1,1,4.0e-5,2.8284271247461902e-5,0.3148148148148148,165.0
1_1_1_0_1_0_0_0_0_1_0_1_1_1_0_0_0_1_0_0_0_0_0_1_0_0_0_0_0_1_1_1_1_1_0_0_0_0,1,4.0e-5,8.164965809277262e-6,0.2962962962962963,217.0
1_1_1_0_0_0_0_0_0_1_0_1_0_0_0_1_0_1_1_0_1_1_0_1_1_0_0_0_0_1_0_1_1_1_1_1_0_1,1,4.0e-5,8.164965809277262e-6,0.3395061728395062,227.44444444444446
0_0_0_0_0_0_0_1_0_1_0_0_0_0_1_0_1_1_1_0_1_1_0_1_0_0_0_0_0_0_0_0_0_0_1_1_0_1,1,4.0e-5,8.164965809277262e-6,0.25308641975308643,184.2777777777778
1_1_1_1_1_1_1_0_1_1_1_0_1_0_0_0_0_0_1_1_1_1_1_0_1_1_1_1_1_1_1_1_0_1_1_0_1_0,1,4.0e-5,1.632993161855452e-5,0.3148148148148148,181.11111111111111
0_1_0_1_1_1_1_0_1_1_1_0_1_1_1_0_1_0_0_1_0_0_0_1_0_0_1_1_0_0_0_1_0_1_0_0_1_0,1,4.0e-5,3.559026084010437e-5,0.2716049382716049,214.62962962962965
1_1_1_1_1_1_1_0_0_1_1_0_1_1_0_1_0_1_1_1_1_1_1_1_1_0_1_1_0_1_1_1_1_1_0_0_1_0,1,3.9999999999999996e-5,2.1602468994692865e-5,0.2962962962962963,181.03174603174602
0_0_0_0_0_1_0_1_0_1_0_0_0_0_1_1_1_1_1_0_1_1_1_0_1_1_0_0_1_0_0_0_1_1_1_1_0_1,1,3.9999999999999996e-5,2.1602468994692865e-5,0.30246913580246915,152.61904761904762
1_1_1_1_1_1_1_0_0_1_1_1_1_1_1_0_1_1_0_1_0_0_0_1_1_0_1_1_0_1_0_1_1_1_0_0_1_0,1,3.9999999999999996e-5,2.9439202887759487e-5,0.29012345679012347,153.71428571428572
1_1_1_0_1_1_1_0_0_1_1_1_0_1_1_0_1_1_0_1_1_1_0_1_0_0_1_1_0_1_0_1_1_1_0_0_0_0,1,3.9999999999999996e-5,2.4494897427831778e-5,0.30246913580246915,272.38095238095235
1_1_1_1_1_0_1_0_1_0_1_1_0_1_0_1_0_0_0_1_0_0_1_1_1_0_1_1_0_1_1_1_0_0_0_0_1_1,1,3.9999999999999996e-5,2.1602468994692865e-5,0.30246913580246915,137.3015873015873
1_1_1_0_1_0_0_0_0_1_0_1_1_1_0_0_0_1_1_0_1_1_0_1_0_0_0_0_0_1_0_1_1_1_0_0_0_0,1,3.9999999999999996e-5,2.1602468994692865e-5,0.32098765432098764,197.7777777777778
0_1_0_1_1_1_1_0_1_0_1_1_0_1_0_0_0_0_1_1_1_1_0_1_0_0_1_1_0_0_1_1_0_1_0_0_1_0,1,3.9999999999999996e-5,2.4494897427831778e-5,0.2654320987654321,157.38095238095238
0_1_0_1_1_1_1_0_1_0_1_1_0_1_0_0_0_0_0_1_1_1_1_1_0_0_1_1_0_0_1_1_0_1_0_0_1_0,1,3.9999999999999996e-5,2.1602468994692865e-5,0.2716049382716049,168.96825396825398
1_1_1_1_1_1_1_0_1_0_1_1_0_0_0_1_0_0_0_1_0_0_0_1_0_0_1_1_0_1_1_1_1_1_1_1_1_1,1,3.9999999999999996e-5,2.1602468994692865e-5,0.2716049382716049,144.92063492063494
1_0_1_0_0_0_0_1_0_0_0_1_0_0_0_1_0_0_1_0_1_1_1_0_1_1_0_0_1_1_1_0_1_0_1_1_0_1,1,3.9999999999999996e-5,2.1602468994692865e-5,0.2654320987654321,210.3968253968254
0_0_0_1_0_0_0_1_0_0_0_0_0_1_1_1_1_1_0_0_0_0_0_0_0_1_0_0_1_0_0_0_1_0_0_1_0_1,1,3.9999999999999996e-5,2.1602468994692865e-5,0.25308641975308643,210.31746031746033
0_1_0_1_1_0_1_0_1_0_1_1_1_1_0_0_0_0_0_1_0_0_0_0_0_1_1_1_1_0_0_1_0_0_0_0_1_0,1,3.9999999999999996e-5,2.1602468994692865e-5,0.2962962962962963,194.36507936507937
1_1_1_1_1_1_1_0_1_0_1_1_0_1_0_1_0_0_1_1_1_1_1_0_1_1_1_1_1_1_1_1_0_0_0_0_1_1,1,3.9999999999999996e-5,2.1602468994692865e-5,0.29012345679012347,178.015873015873
1_0_1_1_1_1_0_0_0_1_1_1_1_1_1_1_1_1_1_1_1_1_0_0_1_1_1_1_1_1_0_1_0_0_0_0_1_0,1,3.9999999999999996e-5,2.4494897427831778e-5,0.24074074074074073,142.97619047619048
0_0_0_0_0_1_1_1_0_1_0_0_0_0_1_0_1_1_0_0_1_1_0_1_0_0_0_0_0_0_0_0_1_1_1_1_0_1,1,3.9999999999999996e-5,2.1602468994692865e-5,0.2777777777777778,167.14285714285714
1_1_1_0_1_0_0_0_0_1_0_1_1_1_0_0_0_1_1_0_0_0_0_0_0_1_0_0_1_1_0_1_1_1_0_0_0_0,1,3.9999999999999996e-5,2.4494897427831778e-5,0.32098765432098764,200.35714285714286
0_0_0_0_0_0_0_1_0_1_0_0_1_0_1_0_1_1_0_0_0_0_1_1_0_0_0_0_0_0_0_0_1_0_1_1_0_0,1,3.666666666666667e-5,2.0548046676563257e-5,0.2654320987654321,154.16666666666666
0_0_0_0_0_1_0_1_0_1_0_0_1_1_1_0_1_1_1_0_1_1_0_0_0_1_0_0_1_0_0_0_1_1_0_0_0_0,1,3.666666666666667e-5,1.2472191289246472e-5,0.29012345679012347,178.5
0_0_0_1_0_0_0_1_1_0_0_0_1_0_0_1_0_0_1_0_1_1_1_1_0_0_0_0_0_0_1_0_0_0_1_1_1_1,1,3.666666666666667e-5,4.7140452079103185e-6,0.30864197530864196,223.8888888888889
0_0_0_0_0_0_0_1_0_1_0_0_1_1_1_0_1_1_0_0_0_0_0_1_1_0_0_0_0_0_0_0_1_1_0_0_0_0,1,3.666666666666667e-5,4.7140452079103185e-6,0.2839506172839506,157.2222222222222
0_0_0_0_0_1_1_1_0_1_0_0_0_0_1_0_1_1_1_0_1_1_0_1_0_0_0_0_0_0_0_0_1_1_1_1_0_1,1,3.666666666666667e-5,2.0548046676563257e-5,0.2777777777777778,121.3888888888889
1_0_1_0_0_0_0_1_0_1_1_0_1_0_1_1_1_1_0_0_1_1_0_1_1_0_0_0_0_1_0_0_1_1_1_1_0_0,1,3.666666666666667e-5,1.2472191289246472e-5,0.2716049382716049,188.33333333333334
0_1_0_0_0_1_1_1_1_0_0_1_0_0_0_0_0_0_1_0_0_0_0_0_0_1_0_0_1_0_1_0_0_1_1_1_0_1,1,3.666666666666667e-5,4.7140452079103185e-6,0.2654320987654321,178.33333333333334
0_0_0_0_0_0_1_1_1_0_0_1_0_0_1_0_1_0_1_0_0_0_1_0_0_1_0_0_1_0_0_0_0_0_1_1_0_1,1,3.666666666666667e-5,4.7140452079103185e-6,0.2839506172839506,178.05555555555554
0_0_0_0_0_0_0_1_0_0_0_1_1_1_0_0_0_1_1_0_1_1_1_0_0_1_0_0_1_0_1_0_1_0_0_0_0_0,1,3.666666666666667e-5,1.2472191289246472e-5,0.30864197530864196,166.66666666666666
1_1_1_1_1_1_1_0_1_0_1_1_0_0_0_1_0_0_1_1_1_1_0_0_0_1_1_1_1_1_1_1_1_1_1_1_1_1,1,3.666666666666667e-5,1.2472191289246472e-5,0.2716049382716049,132.0
0_1_0_1_1_0_1_0_1_0_1_1_1_1_0_0_0_0_1_1_1_1_1_1_0_0_1_1_0_0_1_1_0_0_0_0_1_0,1,3.666666666666667e-5,4.7140452079103185e-6,0.2839506172839506,146.94444444444446
1_0_1_0_0_0_0_1_0_1_0_0_0_0_1_1_1_1_0_0_0_0_0_0_1_1_0_0_1_1_0_0_1_0_1_1_0_1,1,3.666666666666667e-5,1.2472191289246472e-5,0.25308641975308643,245.5
0_0_0_0_0_0_0_1_0_0_0_1_1_0_0_1_0_1_0_0_0_0_1_1_1_0_0_0_0_0_1_0_1_0_1_1_0_1,1,3.666666666666667e-5,1.2472191289246472e-5,0.30864197530864196,142.16666666666666
1_0_1_0_0_0_0_1_0_1_0_0_1_0_1_1_1_1_0_0_1_1_1_1_1_0_0_0_0_1_0_0_1_0_1_1_0_1,1,3.666666666666667e-5,4.7140452079103185e-6,0.2654320987654321,195.83333333333334
1_1_1_1_1_0_0_0_1_0_1_1_1_1_0_1_0_0_0_1_0_0_1_0_1_1_1_1_1_1_1_1_0_0_0_0_1_0,1,3.666666666666667e-5,1.2472191289246472e-5,0.2777777777777778,170.83333333333334
0_1_0_1_1_1_1_0_1_1_1_0_1_1_1_0_1_1_1_1_1_1_0_0_1_1_1_1_1_0_0_1_0_1_0_0_1_0,1,3.666666666666667e-5,4.7140452079103185e-6,0.25925925925925924,139.72222222222223
0_1_0_1_1_1_1_0_1_1_1_0_1_1_0_0_0_0_1_1_0_0_1_0_1_1_1_1_1_0_1_1_0_1_0_0_1_0,1,3.666666666666667e-5,4.7140452079103185e-6,0.2716049382716049,218.05555555555554
0_1_0_1_1_1_1_0_1_1_1_0_1_1_1_0_1_0_1_1_1_1_0_0_1_1_1_1_1_0_0_1_0_1_0_0_1_0,1,3.666666666666667e-5,4.7140452079103185e-6,0.2654320987654321,200.2777777777778
0_0_0_0_0_1_0_1_0_1_0_0_1_1_1_0_1_1_0_0_0_0_1_1_0_0_0_0_0_0_1_0_1_1_0_0_0_0,1,3.666666666666667e-5,1.2472191289246472e-5,0.30246913580246915,194.0
0_1_0_0_0_0_1_1_1_0_0_1_0_0_0_1_0_0_1_0_1_1_1_0_0_1_0_0_1_0_1_0_0_0_1_1_0_1,1,3.666666666666667e-5,1.2472191289246472e-5,0.2962962962962963,185.0
1_1_1_1_1_1_1_0_1_0_1_1_1_1_0_0_0_0_0_1_0_0_0_1_0_0_1_1_0_1_1_1_0_0_0_0_1_0,1,3.666666666666667e-5,4.7140452079103185e-6,0.29012345679012347,146.94444444444443
1_1_1_1_1_0_0_0_1_0_1_1_1_1_0_1_0_0_0_1_1_1_0_1_1_0_1_1_0_1_0_1_0_0_0_0_1_0,1,3.666666666666667e-5,2.0548046676563257e-5,0.29012345679012347,217.5
1_1_1_1_1_0_0_0_1_0_1_1_1_1_0_1_0_0_0_1_0_0_0_0_1_1_1_1_1_1_1_1_0_0_0_0_1_0,1,3.666666666666667e-5,1.2472191289246472e-5,0.2716049382716049,173.66666666666666
1_1_1_1_1_1_1_0_1_1_1_0_0_1_1_0_1_1_0_1_0_0_0_1_0_0_1_1_0_1_0_1_0_1_0_0_1_0,1,3.666666666666667e-5,1.2472191289246472e-5,0.30246913580246915,203.5
1_0_1_1_1_1_1_0_0_1_1_0_1_1_1_1_1_1_1_1_1_1_1_1_1_0_1_1_0_1_0_1_1_1_0_0_1_0,1,3.6666666666666666e-5,4.7140452079103185e-6,0.2777777777777778,160.0
1_1_1_1_1_1_1_0_1_1_1_0_1_0_0_0_0_0_1_1_1_1_0_0_1_1_1_1_1_1_1_1_0_1_1_0_1_0,1,3.6666666666666666e-5,4.7140452079103185e-6,0.30864197530864196,142.2222222222222
0_1_0_1_1_0_1_0_1_0_1_1_0_1_0_0_0_0_0_1_1_1_1_1_0_0_1_1_0_0_1_1_0_0_0_0_1_0,1,3.6666666666666666e-5,9.428090415820635e-6,0.30246913580246915,161.7777777777778
0_0_0_0_0_0_0_1_0_0_0_1_0_0_0_1_0_1_0_0_0_0_1_1_0_0_0_0_0_0_1_0_1_0_1_1_0_1,1,3.6666666666666666e-5,2.0548046676563257e-5,0.2962962962962963,169.7222222222222
1_1_1_1_1_0_1_0_1_0_1_1_0_0_0_1_0_0_1_1_1_1_1_0_1_1_1_1_1_1_1_1_0_0_1_1_1_1,1,3.6666666666666666e-5,1.699673171197595e-5,0.29012345679012347,136.66666666666666
0_0_0_0_0_1_0_1_0_1_0_0_1_0_1_1_1_1_0_0_0_0_1_1_1_0_0_0_0_0_1_0_1_1_1_1_0_1,1,3.6666666666666666e-5,2.6246692913372705e-5,0.3271604938271605,194.5
1_0_1_0_0_0_0_1_0_1_0_0_1_1_1_0_1_1_0_0_1_1_0_1_1_0_0_0_0_1_0_0_1_1_0_0_0_0,1,3.6666666666666666e-5,1.2472191289246472e-5,0.2839506172839506,166.5
0_1_0_1_1_1_1_0_1_1_1_0_1_1_1_0_1_1_0_1_0_0_0_1_1_0_1_1_0_0_0_1_0_1_0_0_1_0,1,3.6666666666666666e-5,2.357022603955158e-5,0.25925925925925924,167.85714285714286
0_0_0_0_0_0_0_1_0_0_0_1_1_0_1_1_1_1_1_0_1_1_0_0_0_1_0_0_1_0_0_0_1_0_1_1_0_1,1,3.6666666666666666e-5,9.428090415820635e-6,0.30246913580246915,165.33333333333334
1_0_1_1_1_1_0_0_0_1_1_0_1_1_1_1_1_1_1_1_0_0_1_0_1_1_1_1_1_1_0_1_1_1_0_0_1_0,1,3.6666666666666666e-5,4.7140452079103185e-6,0.2716049382716049,153.33333333333334
0_1_0_1_1_1_1_0_1_0_0_1_0_1_0_0_0_0_1_1_0_0_1_0_0_1_1_1_1_0_1_1_0_0_0_0_1_1,1,3.6666666666666666e-5,1.2472191289246472e-5,0.2716049382716049,165.33333333333334
1_0_1_1_1_1_1_0_0_1_1_0_1_1_1_0_1_1_0_1_0_0_0_1_0_0_1_1_0_1_0_1_1_1_0_0_1_0,1,3.6666666666666666e-5,1.885618083164127e-5,0.30864197530864196,234.66666666666666
1_1_1_1_1_0_1_0_1_0_1_1_1_1_0_0_0_0_1_1_1_1_0_0_0_1_1_1_1_1_1_1_0_0_0_0_1_0,1,3.6666666666666666e-5,1.699673171197595e-5,0.30246913580246915,173.33333333333334
1_1_1_0_1_1_1_0_0_1_1_1_0_1_0_0_0_0_0_1_1_1_1_1_0_0_1_1_0_1_1_1_1_1_0_0_0_0,1,3.6666666666666666e-5,9.428090415820635e-6,0.2962962962962963,160.44444444444443
0_1_0_0_0_1_1_1_1_0_0_0_0_0_0_0_0_0_0_0_0_0_1_0_0_1_0_0_1_0_1_0_0_1_1_1_0_1,1,3.6666666666666666e-5,9.428090415820635e-6,0.25925925925925924,180.88888888888889
0_1_0_1_1_1_1_0_1_0_1_1_0_1_0_0_0_0_1_1_0_0_0_0_0_1_1_1_1_0_1_1_0_1_0_0_1_0,1,3.6666666666666666e-5,1.699673171197595e-5,0.2654320987654321,167.7777777777778
1_0_1_0_0_0_0_1_0_1_1_0_1_0_1_1_1_1_1_0_1_1_0_1_1_0_0_0_0_1_0_0_1_1_1_1_0_0,1,3.6666666666666666e-5,2.357022603955158e-5,0.2716049382716049,190.47619047619048
0_1_0_1_1_1_1_0_1_0_1_1_1_1_0_0_0_0_1_1_1_1_0_1_0_0_1_1_0_0_0_1_0_0_0_0_1_0,1,3.6666666666666666e-5,9.428090415820635e-6,0.2839506172839506,186.66666666666666
1_0_1_0_0_0_0_1_0_1_0_0_1_1_1_0_1_1_1_0_1_1_1_0_1_1_0_0_1_1_0_0_1_1_0_0_0_0,1,3.6666666666666666e-5,1.885618083164127e-5,0.25925925925925924,136.66666666666666
0_1_0_1_1_0_1_0_1_0_1_1_0_0_0_1_0_0_0_1_0_0_0_1_1_0_1_1_0_0_1_1_0_0_1_1_1_1,1,3.6666666666666666e-5,4.7140452079103185e-6,0.2654320987654321,165.55555555555554
0_1_0_0_0_0_0_1_1_0_0_1_0_0_0_0_0_0_1_0_1_1_0_1_0_0_0_0_0_0_1_0_0_0_1_1_0_1,1,3.6666666666666666e-5,2.0548046676563257e-5,0.2777777777777778,146.66666666666666
1_0_1_0_0_0_0_1_0_1_1_0_1_0_1_1_1_1_1_0_0_0_0_0_1_1_0_0_1_1_0_0_1_1_1_1_0_0,1,3.6666666666666666e-5,2.0548046676563257e-5,0.2716049382716049,184.44444444444446
1_0_1_0_0_1_0_1_0_1_0_0_0_0_1_1_1_1_0_0_1_1_1_1_1_0_0_0_0_1_0_0_1_1_1_1_0_1,1,3.6666666666666666e-5,1.699673171197595e-5,0.2777777777777778,126.66666666666667
1_1_1_1_1_1_1_0_0_1_1_0_1_1_0_1_0_1_0_1_0_0_1_0_1_1_1_1_1_1_1_1_1_1_0_0_1_0,1,3.6666666666666666e-5,3.091206165165235e-5,0.2962962962962963,197.5
1_1_1_1_1_1_1_0_0_1_1_1_0_1_1_0_1_0_0_1_0_0_0_1_1_0_1_1_0_1_0_1_1_1_0_0_1_0,1,3.6666666666666666e-5,1.699673171197595e-5,0.3148148148148148,208.33333333333331
0_1_0_0_0_0_1_1_1_0_0_1_0_0_0_1_0_0_0_0_0_0_1_1_0_0_0_0_0_0_1_0_0_0_1_1_0_1,1,3.6666666666666666e-5,2.6246692913372705e-5,0.2962962962962963,188.83333333333331
0_0_0_1_0_0_0_1_1_0_0_0_1_0_0_1_0_0_1_0_0_0_1_0_1_1_0_0_1_0_1_0_0_0_1_1_1_1,1,3.6666666666666666e-5,1.699673171197595e-5,0.30246913580246915,265.0
0_0_0_1_0_1_1_1_1_0_1_0_0_0_1_1_1_0_1_1_0_0_0_0_1_1_1_1_1_0_0_0_0_0_1_1_1_1,1,3.6666666666666666e-5,1.2472191289246472e-5,0.30864197530864196,173.0
1_1_1_1_1_1_1_0_1_1_1_0_0_1_1_0_1_0_1_1_1_1_0_0_0_1_1_1_1_1_0_1_0_1_0_0_1_0,1,3.6666666666666666e-5,1.699673171197595e-5,0.30864197530864196,135.0
0_0_0_0_0_0_0_1_0_1_0_0_1_1_1_0_1_1_0_0_0_0_0_1_0_0_0_0_0_0_0_0_1_1_0_0_0_0,1,3.6666666666666666e-5,9.428090415820635e-6,0.2777777777777778,141.11111111111111
0_1_0_1_1_1_1_0_1_0_1_1_1_1_0_0_0_0_0_1_0_0_1_0_0_1_1_1_1_0_1_1_0_0_0_0_1_0,1,3.6666666666666666e-5,2.0548046676563257e-5,0.2716049382716049,174.44444444444446
0_0_0_0_0_0_0_1_0_1_0_0_0_0_1_1_1_1_0_0_0_0_0_1_1_0_0_0_0_0_0_0_0_0_1_1_0_1,1,3.6666666666666666e-5,9.428090415820635e-6,0.29012345679012347,190.8888888888889
1_1_1_1_1_1_1_0_0_1_1_1_1_1_1_0_1_1_0_1_0_0_0_1_0_0_1_1_0_1_0_1_1_1_0_0_1_0,1,3.6666666666666666e-5,1.699673171197595e-5,0.2962962962962963,173.33333333333334
1_1_1_1_1_0_0_0_1_0_1_1_1_1_0_1_0_0_0_1_1_1_1_1_1_0_1_1_0_1_1_1_0_0_0_0_1_0,1,3.6666666666666666e-5,2.6246692913372705e-5,0.2777777777777778,110.33333333333334
1_1_1_1_1_1_0_0_0_1_1_0_1_1_0_1_0_1_1_1_0_0_0_0_1_1_1_1_1_1_1_1_1_1_0_0_1_0,1,3.6666666666666666e-5,2.8674417556808754e-5,0.2839506172839506,203.57142857142856
0_1_0_1_1_1_1_0_1_1_1_0_0_1_1_0_1_1_0_1_0_0_0_1_0_0_1_1_0_0_0_1_0_1_0_0_1_0,1,3.6666666666666666e-5,2.494438257849294e-5,0.2839506172839506,134.60317460317458
1_1_1_1_1_1_1_0_1_0_1_1_1_1_0_1_0_0_0_1_1_1_0_1_1_0_1_1_0_1_1_1_1_1_0_0_1_0,1,3.6666666666666666e-5,1.885618083164127e-5,0.24691358024691357,150.66666666666666
0_0_0_1_0_0_0_1_0_0_0_0_1_1_1_1_1_1_1_0_0_0_0_0_0_1_0_0_1_0_0_0_1_0_0_1_0_1,1,3.6666666666666666e-5,2.0548046676563257e-5,0.25925925925925924,198.05555555555554
1_1_1_1_1_0_1_0_1_0_1_1_0_0_0_1_0_0_1_1_1_1_0_0_1_1_1_1_1_1_0_1_0_0_1_1_1_1,1,3.6666666666666666e-5,9.428090415820635e-6,0.30246913580246915,173.33333333333334
0_1_0_1_1_1_1_0_1_0_1_1_1_1_0_0_0_0_0_1_0_0_0_0_0_1_1_1_1_0_1_1_0_1_0_0_1_0,1,3.6666666666666666e-5,4.7140452079103185e-6,0.24691358024691357,189.44444444444446
1_0_1_0_0_0_0_1_0_0_0_1_0_0_0_1_0_0_0_0_0_0_1_1_0_0_0_0_0_1_1_0_1_0_1_1_0_1,1,3.6666666666666666e-5,2.357022603955158e-5,0.25925925925925924,161.9047619047619
1_0_1_0_0_0_0_1_0_1_0_0_1_0_1_1_1_1_1_0_0_0_1_0_1_1_0_0_1_1_0_0_1_0_1_1_0_1,1,3.6666666666666666e-5,2.494438257849294e-5,0.2654320987654321,123.33333333333333
0_1_0_1_0_1_1_1_1_0_0_0_0_0_0_0_0_0_1_0_1_1_0_1_0_0_0_0_0_0_1_0_0_1_1_1_0_1,1,3.6666666666666666e-5,1.699673171197595e-5,0.2716049382716049,182.7777777777778
0_0_0_1_0_0_0_1_1_0_0_0_1_0_0_1_0_0_0_0_0_0_1_0_1_1_0_0_1_0_1_0_0_0_1_1_1_1,1,3.6666666666666666e-5,9.428090415820635e-6,0.30246913580246915,245.33333333333334
0_0_0_0_0_0_0_1_0_1_0_0_1_1_1_0_1_1_0_0_0_0_1_1_0_0_0_0_0_0_0_0_0_0_0_0_0_0,1,3.6666666666666666e-5,9.428090415820635e-6,0.2654320987654321,170.44444444444443
1_1_1_0_1_0_0_0_0_1_0_1_1_1_0_0_0_1_0_0_0_0_0_0_0_1_0_0_1_1_0_1_1_1_0_0_0_0,1,3.6666666666666666e-5,2.357022603955158e-5,0.32098765432098764,204.2857142857143
1_1_1_1_1_1_1_0_0_1_1_1_0_1_0_0_0_0_1_1_1_1_1_0_1_1_1_1_1_1_1_1_1_1_0_0_1_0,1,3.6666666666666666e-5,2.0548046676563257e-5,0.30246913580246915,157.2222222222222
0_0_0_0_0_0_0_1_0_0_0_0_1_1_1_1_1_1_0_0_1_1_1_1_0_0_0_0_0_0_0_0_1_0_0_1_0_1,1,3.333333333333334e-5,9.428090415820635e-6,0.25925925925925924,154.16666666666666
1_1_1_1_1_1_1_0_1_1_1_0_1_1_0_0_0_0_0_1_0_0_1_0_1_1_1_1_1_1_1_1_0_1_0_0_1_0,1,3.333333333333334e-5,9.428090415820635e-6,0.30246913580246915,190.0
1_1_1_1_1_1_0_0_0_1_1_0_1_1_0_1_0_1_1_1_1_1_0_1_1_0_1_1_0_1_1_1_1_1_0_0_1_0,1,3.333333333333334e-5,9.428090415820635e-6,0.2839506172839506,122.5
1_1_1_0_1_0_0_0_0_1_0_1_0_1_0_0_0_1_1_0_1_1_1_1_0_0_0_0_0_1_1_1_1_1_0_0_0_0,1,3.333333333333334e-5,9.428090415820635e-6,0.3148148148148148,207.5
0_1_0_1_1_1_1_0_1_1_1_0_0_1_1_0_1_1_1_1_1_1_0_0_0_1_1_1_1_0_0_1_0_1_0_0_1_0,1,3.333333333333334e-5,9.428090415820635e-6,0.2839506172839506,145.83333333333334
0_0_0_0_0_0_0_1_0_1_0_0_1_1_1_0_1_1_1_0_1_1_0_0_0_1_0_0_1_0_0_0_0_0_0_0_0_0,1,3.333333333333334e-5,9.428090415820635e-6,0.2716049382716049,170.83333333333334
0_0_0_1_0_0_0_1_1_0_0_0_0_0_0_1_0_0_0_0_0_0_1_0_1_1_0_0_1_0_1_0_0_0_1_1_1_1,1,3.333333333333334e-5,9.428090415820635e-6,0.2962962962962963,259.1666666666667
0_0_0_0_0_1_0_1_0_1_0_0_1_0_1_1_1_1_0_0_0_0_1_1_1_0_0_0_0_0_0_0_1_1_1_1_0_1,1,3.333333333333334e-5,9.428090415820635e-6,0.30864197530864196,167.5
1_1_1_1_1_1_1_0_1_1_1_0_1_1_0_0_0_0_1_1_0_0_1_0_1_1_1_1_1_1_1_1_0_1_0_0_1_0,1,3.333333333333334e-5,9.428090415820635e-6,0.30246913580246915,203.33333333333334
1_0_1_0_0_0_0_1_0_0_0_1_1_0_0_1_0_0_1_0_1_1_1_0_1_1_0_0_1_1_1_0_1_0_1_1_0_1,1,3.333333333333334e-5,9.428090415820635e-6,0.2839506172839506,163.33333333333334
1_1_1_0_1_1_1_0_0_1_1_1_0_1_1_0_1_1_0_1_0_0_0_0_0_1_1_1_1_1_0_1_1_1_0_0_0_0,1,3.333333333333334e-5,9.428090415820635e-6,0.30246913580246915,248.33333333333334
1_0_1_1_1_1_0_0_0_1_1_0_1_1_1_0_1_1_1_1_1_1_0_0_0_1_1_1_1_1_0_1_1_1_0_0_1_0,1,3.333333333333334e-5,9.428090415820635e-6,0.30246913580246915,198.33333333333334
1_0_1_0_0_0_0_1_0_1_1_0_1_0_1_1_1_1_1_0_0_0_1_0_1_1_0_0_1_1_0_0_1_0_1_1_0_0,1,3.3333333333333335e-5,4.7140452079103185e-6,0.24691358024691357,127.22222222222221
1_1_1_1_1_0_1_0_1_0_1_1_0_1_0_1_0_0_0_1_0_0_0_1_1_0_1_1_0_1_0_1_0_0_0_0_1_1,1,3.3333333333333335e-5,1.2472191289246472e-5,0.3148148148148148,126.0
0_1_0_0_0_0_1_1_1_0_0_1_0_0_0_1_0_0_0_0_0_0_1_1_1_0_0_0_0_0_1_0_0_1_1_1_0_1,1,3.3333333333333335e-5,2.0548046676563257e-5,0.2962962962962963,171.66666666666666
1_1_1_1_1_0_1_0_1_0_1_1_1_1_0_1_0_0_0_1_0_0_0_1_1_0_1_1_0_1_1_1_1_0_0_0_1_0,1,3.3333333333333335e-5,2.3570226039551588e-5,0.25925925925925924,166.0
1_1_1_1_1_1_1_0_1_0_1_1_0_1_0_0_0_0_0_1_0_0_0_1_0_0_1_1_0_1_0_1_0_0_0_0_1_0,1,3.3333333333333335e-5,1.2472191289246472e-5,0.3148148148148148,186.7777777777778
0_1_0_0_0_0_0_1_1_0_0_1_0_0_0_1_0_0_0_0_0_0_1_1_1_0_0_0_0_0_1_0_0_0_1_1_0_1,1,3.3333333333333335e-5,2.0548046676563257e-5,0.30864197530864196,161.66666666666666
1_0_1_0_0_0_0_1_0_1_0_0_1_0_1_1_1_1_1_0_1_1_0_1_1_0_0_0_0_1_0_0_1_0_1_1_0_1,1,3.3333333333333335e-5,1.2472191289246472e-5,0.2716049382716049,196.8888888888889
0_0_0_0_0_0_0_1_0_1_0_0_0_0_1_1_1_1_0_0_1_1_1_1_1_0_0_0_0_0_0_0_1_0_1_1_0_1,1,3.3333333333333335e-5,1.2472191289246472e-5,0.29012345679012347,183.66666666666666
0_1_0_1_1_1_1_0_1_1_1_0_1_1_0_0_0_0_0_1_1_1_1_1_1_0_1_1_0_0_1_1_0_1_0_0_1_0,1,3.3333333333333335e-5,1.2472191289246472e-5,0.2716049382716049,211.11111111111111
1_0_1_1_1_0_0_0_0_1_1_1_0_1_1_0_1_1_1_1_1_1_0_0_0_1_1_1_1_1_0_1_0_0_0_0_1_0,1,3.3333333333333335e-5,2.0548046676563257e-5,0.30246913580246915,130.0
1_0_1_1_1_1_0_0_0_1_1_0_1_1_1_0_1_1_0_1_0_0_0_1_1_0_1_1_0_1_0_1_1_0_0_0_1_0,1,3.3333333333333335e-5,9.428090415820635e-6,0.29012345679012347,164.16666666666666
1_0_1_0_0_0_0_1_0_1_0_0_1_0_1_1_1_1_1_0_0_0_0_0_1_1_0_0_1_1_0_0_1_0_1_1_0_1,1,3.3333333333333335e-5,1.2472191289246472e-5,0.2716049382716049,198.0
0_1_0_1_1_1_1_0_1_1_1_0_1_1_0_0_0_0_1_1_0_0_0_0_0_1_1_1_1_0_1_1_0_1_0_0_1_0,1,3.3333333333333335e-5,1.2472191289246472e-5,0.2716049382716049,167.33333333333334
0_0_0_0_0_0_0_1_1_0_0_0_1_0_0_1_0_1_0_0_0_0_1_1_0_0_0_0_0_0_1_0_0_0_1_1_0_1,1,3.3333333333333335e-5,1.2472191289246472e-5,0.3148148148148148,166.66666666666666
0_0_0_0_0_0_0_1_0_1_0_0_1_0_1_1_1_1_1_0_1_1_1_0_1_1_0_0_1_0_1_0_1_1_1_1_0_1,1,3.3333333333333335e-5,9.428090415820635e-6,0.3148148148148148,165.0
0_0_0_0_0_0_0_1_0_0_0_1_0_0_0_1_0_1_1_0_1_1_1_0_1_1_0_0_1_0_1_0_1_0_1_1_0_1,1,3.3333333333333335e-5,1.2472191289246472e-5,0.30246913580246915,178.55555555555554
0_0_0_0_0_0_0_1_0_1_0_0_0_0_1_0_1_1_1_0_1_1_0_1_0_0_0_0_0_0_0_0_0_1_1_1_0_1,1,3.3333333333333335e-5,4.7140452079103185e-6,0.2716049382716049,112.5
1_1_1_0_1_0_0_0_0_1_0_1_0_1_0_0_0_1_0_0_0_0_0_1_0_0_0_0_0_1_1_1_1_1_0_0_0_0,1,3.3333333333333335e-5,4.7140452079103185e-6,0.30246913580246915,148.05555555555554
0_1_0_1_1_1_1_0_1_0_1_1_1_1_0_0_0_0_0_1_1_1_0_1_0_0_1_1_0_0_1_1_0_0_0_0_1_0,1,3.3333333333333335e-5,2.3570226039551585e-5,0.2654320987654321,197.0
0_0_0_0_0_0_0_1_1_0_0_0_0_0_1_1_1_1_1_0_1_1_1_1_0_0_0_0_0_0_0_0_0_0_1_1_0_1,1,3.3333333333333335e-5,4.7140452079103185e-6,0.2962962962962963,206.94444444444446
1_1_1_1_1_1_1_0_0_1_1_1_1_0_1_0_1_0_0_1_1_1_0_1_1_0_1_1_0_1_0_1_1_1_1_0_1_0,1,3.3333333333333335e-5,2.0548046676563257e-5,0.345679012345679,206.66666666666666
1_1_1_1_1_1_1_0_0_1_1_1_1_1_0_0_0_0_0_1_0_0_0_0_1_1_1_1_1_1_1_1_1_1_0_0_1_0,1,3.3333333333333335e-5,2.0548046676563257e-5,0.2962962962962963,245.55555555555557
1_0_1_1_1_1_1_0_0_1_1_0_1_1_1_0_1_1_1_1_1_1_1_0_0_1_1_1_1_1_1_1_1_1_0_0_1_0,1,3.3333333333333335e-5,2.0548046676563257e-5,0.32098765432098764,128.33333333333334
0_1_0_0_0_0_1_1_1_0_0_1_0_0_0_1_0_0_0_0_0_0_0_1_1_0_0_0_0_0_0_0_0_0_1_1_0_1,1,3.3333333333333335e-5,1.699673171197595e-5,0.3148148148148148,176.0
0_0_0_0_0_0_0_1_1_0_0_0_0_0_1_1_1_1_0_0_1_1_1_1_0_0_0_0_0_0_0_0_0_0_1_1_0_1,1,3.3333333333333335e-5,2.0548046676563257e-5,0.2962962962962963,194.44444444444446
0_1_0_1_1_0_1_0_1_0_0_1_0_1_0_0_0_0_0_1_0_0_1_0_0_1_1_1_1_0_1_1_0_0_0_0_1_1,1,3.3333333333333335e-5,1.2472191289246472e-5,0.2839506172839506,141.11111111111111
0_1_0_0_0_1_1_1_1_0_0_1_0_0_0_0_0_0_0_0_1_1_0_1_0_0_0_0_0_0_1_0_0_1_1_1_0_1,1,3.3333333333333335e-5,1.2472191289246472e-5,0.2654320987654321,190.88888888888889
1_1_1_0_1_1_1_0_0_1_1_1_0_1_0_0_0_0_1_1_1_1_1_1_1_0_1_1_0_1_1_1_1_1_0_0_0_0,1,3.3333333333333335e-5,4.7140452079103185e-6,0.30246913580246915,188.61111111111111
1_1_1_0_1_1_1_0_0_1_1_1_1_1_1_0_1_1_0_1_0_0_0_0_0_1_1_1_1_1_0_1_1_1_0_0_0_0,1,3.3333333333333335e-5,1.2472191289246472e-5,0.2962962962962963,285.5555555555556
0_0_0_1_0_1_1_1_1_0_1_0_0_0_1_1_1_0_1_1_1_1_0_1_1_0_1_1_0_0_0_0_0_0_1_1_1_1,1,3.3333333333333335e-5,1.699673171197595e-5,0.30864197530864196,200.33333333333334
0_1_0_0_0_0_1_1_1_0_0_1_0_0_0_0_0_0_1_0_1_1_0_1_0_0_0_0_0_0_1_0_0_0_1_1_0_1,1,3.3333333333333335e-5,1.2472191289246472e-5,0.2716049382716049,203.11111111111111
0_0_0_0_0_0_0_1_0_1_0_0_0_0_1_0_1_1_0_0_0_0_1_0_0_1_0_0_1_0_0_0_0_0_1_1_0_1,1,3.3333333333333335e-5,1.8856180831641267e-5,0.24691358024691357,140.55555555555554
1_0_1_0_0_1_0_1_0_1_0_0_0_0_1_1_1_1_1_0_1_1_1_1_1_0_0_0_0_1_1_0_1_1_1_1_0_1,1,3.3333333333333335e-5,4.7140452079103185e-6,0.2962962962962963,178.33333333333334
1_1_1_1_1_1_1_0_1_0_1_1_1_1_0_1_0_0_0_1_1_1_1_1_1_0_1_1_0_1_1_1_1_0_0_0_1_0,1,3.3333333333333335e-5,4.7140452079103185e-6,0.2716049382716049,133.05555555555554
0_0_0_1_0_0_0_1_1_0_0_0_0_0_1_1_1_1_0_0_0_0_0_0_1_1_0_0_1_0_0_0_0_0_1_1_1_1,1,3.3333333333333335e-5,4.7140452079103185e-6,0.29012345679012347,223.05555555555554
1_1_1_0_0_1_1_1_0_1_1_1_0_0_1_1_1_0_1_1_1_1_0_0_1_1_1_1_1_1_0_0_1_1_1_1_0_1,1,3.3333333333333335e-5,1.699673171197595e-5,0.3333333333333333,167.33333333333334
1_1_1_1_1_1_1_0_1_0_1_1_0_0_0_1_0_0_0_1_1_1_1_1_1_0_1_1_0_1_1_1_0_1_1_1_1_1,1,3.3333333333333335e-5,1.2472191289246472e-5,0.2777777777777778,130.0
1_1_1_1_1_1_1_0_0_1_1_1_0_0_0_1_0_0_1_1_1_1_1_1_1_0_1_1_0_1_1_1_1_1_1_1_1_1,1,3.3333333333333335e-5,4.7140452079103185e-6,0.3148148148148148,201.94444444444446
0_1_0_1_1_1_1_0_1_0_0_1_0_1_0_0_0_0_0_1_0_0_1_0_0_1_1_1_1_0_1_1_0_0_0_0_1_1,1,3.3333333333333335e-5,1.2472191289246472e-5,0.2716049382716049,209.44444444444446
0_0_0_0_0_0_1_1_1_0_0_1_0_0_1_0_1_0_1_0_1_1_1_1_0_0_0_0_0_0_0_0_0_0_1_1_0_1,1,3.3333333333333335e-5,1.699673171197595e-5,0.2839506172839506,168.66666666666666
1_0_1_0_0_1_0_1_0_1_0_0_1_1_1_0_1_1_1_0_1_1_1_0_0_1_0_0_1_1_1_0_1_1_0_0_0_0,1,3.3333333333333335e-5,1.699673171197595e-5,0.2839506172839506,127.5
1_0_1_1_1_1_1_0_0_1_1_0_1_1_1_1_1_1_1_1_0_0_1_0_1_1_1_1_1_1_0_1_1_1_0_0_1_0,1,3.3333333333333335e-5,1.2472191289246472e-5,0.2777777777777778,160.55555555555554
1_0_1_1_1_0_0_0_0_1_1_0_1_1_1_0_1_1_1_1_1_1_1_0_1_1_1_1_1_1_0_1_1_0_0_0_1_0,1,3.3333333333333335e-5,1.2472191289246472e-5,0.2962962962962963,138.88888888888889
1_1_1_1_1_1_1_0_1_0_1_1_0_1_0_1_0_0_0_1_0_0_0_1_1_0_1_1_0_1_1_1_0_0_0_0_1_1,1,3.3333333333333335e-5,1.2472191289246472e-5,0.2839506172839506,183.11111111111111
0_0_0_0_0_0_0_1_0_1_0_0_1_1_1_0_1_1_1_0_1_1_0_0_1_1_0_0_1_0_0_0_0_0_0_0_0_0,1,3.3333333333333335e-5,2.4944382578492944e-5,0.2777777777777778,146.25
0_0_0_0_0_1_0_1_0_1_0_0_0_0_1_1_1_1_0_0_0_0_1_1_1_0_0_0_0_0_0_0_1_1_1_1_0_1,1,3.3333333333333335e-5,1.2472191289246472e-5,0.30246913580246915,155.77777777777777
0_0_0_0_0_0_0_1_1_0_0_1_0_0_1_0_1_0_1_0_1_1_0_1_0_0_0_0_0_0_0_0_0_0_1_1_0_1,1,3.3333333333333335e-5,1.699673171197595e-5,0.2962962962962963,189.66666666666666
1_1_1_1_1_1_1_0_1_1_1_0_1_1_0_0_0_0_0_1_1_1_0_1_1_0_1_1_0_1_1_1_0_1_0_0_1_0,1,3.3333333333333335e-5,1.2472191289246472e-5,0.2962962962962963,213.1111111111111
1_0_1_0_0_0_0_1_0_1_0_0_0_0_1_1_1_1_0_0_1_1_1_1_1_0_0_0_0_1_0_0_1_1_1_1_0_1,1,3.3333333333333335e-5,1.2472191289246472e-5,0.2654320987654321,204.0
1_1_1_1_1_0_1_0_1_0_1_1_1_1_0_0_0_0_1_1_0_0_1_0_0_1_1_1_1_1_1_1_0_0_0_0_1_0,1,3.3333333333333335e-5,1.2472191289246472e-5,0.3271604938271605,234.44444444444443
0_0_0_0_0_1_0_1_0_1_0_0_1_1_1_0_1_1_0_0_0_0_1_1_0_0_0_0_0_0_0_0_1_1_0_0_0_0,1,3.3333333333333335e-5,1.2472191289246472e-5,0.2839506172839506,173.55555555555554
1_1_1_1_1_1_1_0_1_0_1_1_1_0_0_1_0_0_0_1_0_0_1_1_1_0_1_1_0_1_1_1_1_1_1_0_1_1,1,3.3333333333333335e-5,2.0548046676563257e-5,0.2962962962962963,163.88888888888889
1_1_1_1_1_1_1_0_1_1_1_1_0_0_0_0_0_0_0_1_1_1_0_1_1_0_1_1_0_1_1_1_0_1_1_0_1_0,1,3.3333333333333335e-5,9.428090415820635e-6,0.25925925925925924,185.0
1_1_1_1_1_1_1_0_1_1_1_0_1_1_0_0_0_0_1_1_0_0_0_0_1_1_1_1_1_1_1_1_0_1_0_0_1_0,1,3.3333333333333335e-5,4.7140452079103185e-6,0.2962962962962963,167.5
1_1_1_1_1_1_1_0_1_1_1_0_1_1_0_0_0_0_1_1_1_1_0_1_0_0_1_1_0_1_1_1_0_1_0_0_1_0,1,3.3333333333333335e-5,4.7140452079103185e-6,0.30246913580246915,183.8888888888889
1_0_1_0_0_0_0_1_0_1_0_0_0_0_1_1_1_1_1_0_1_1_0_1_1_0_0_0_0_1_0_0_1_1_1_1_0_1,1,3.3333333333333335e-5,4.7140452079103185e-6,0.2716049382716049,151.11111111111111
1_1_1_1_1_1_1_0_0_1_1_1_1_1_1_0_1_0_1_1_1_1_0_0_0_1_1_1_1_1_0_1_1_1_0_0_1_0,1,3.3333333333333335e-5,1.2472191289246472e-5,0.30246913580246915,172.11111111111111
1_1_1_0_1_1_1_0_0_1_1_1_0_1_1_0_1_1_1_1_0_0_0_0_0_1_1_1_1_1_0_1_1_1_0_0_0_0,1,3.3333333333333335e-5,4.7140452079103185e-6,0.30246913580246915,221.94444444444446
1_1_1_1_1_0_1_0_1_0_1_1_0_1_0_1_0_0_0_1_0_0_0_1_0_0_1_1_0_1_1_1_0_0_0_0_1_1,1,3.3333333333333335e-5,1.2472191289246472e-5,0.30246913580246915,179.88888888888889
0_0_0_1_0_0_0_1_1_0_0_0_1_0_1_1_1_1_0_0_0_0_0_0_0_1_0_0_1_0_0_0_0_0_1_1_1_1,1,3.3333333333333335e-5,4.7140452079103185e-6,0.30246913580246915,200.55555555555554
1_1_1_1_1_1_1_0_0_1_1_1_0_1_1_0_1_1_1_1_1_1_0_0_0_1_1_1_1_1_0_1_1_1_0_0_1_0,1,3.3333333333333335e-5,1.699673171197595e-5,0.30246913580246915,168.33333333333334
0_1_0_1_1_1_1_0_1_0_1_1_1_1_0_0_0_0_0_1_0_0_0_0_0_1_1_1_1_0_1_1_0_0_0_0_1_0,1,3.3333333333333335e-5,9.428090415820635e-6,0.2654320987654321,165.83333333333334
0_0_0_0_0_0_0_1_1_0_0_0_1_0_0_1_0_0_1_0_1_1_1_0_1_1_0_0_1_0_1_0_0_0_1_1_0_1,1,3.3333333333333335e-5,1.8856180831641267e-5,0.30246913580246915,139.44444444444446
0_1_0_0_0_0_1_1_1_0_0_0_1_1_0_0_0_0_0_0_0_0_1_1_0_0_0_0_0_0_1_0_0_1_0_0_0_0,1,3.3333333333333335e-5,4.7140452079103185e-6,0.3148148148148148,144.7222222222222
1_1_1_0_1_1_1_0_0_1_1_1_0_1_1_0_1_1_1_1_1_1_0_1_0_0_1_1_0_1_0_1_1_1_0_0_0_0,1,3.3333333333333335e-5,2.0548046676563257e-5,0.30246913580246915,182.22222222222226
0_0_0_0_0_0_0_1_0_0_0_1_1_0_1_1_1_1_1_0_0_0_1_0_1_1_0_0_1_0_0_0_1_0_1_1_0_1,1,3.3333333333333335e-5,1.2472191289246472e-5,0.30864197530864196,201.0
0_1_0_1_1_1_1_0_1_0_1_1_0_0_0_1_0_0_0_1_0_0_1_0_1_1_1_1_1_0_1_1_0_0_1_1_1_1,1,3.3333333333333335e-5,1.2472191289246472e-5,0.2777777777777778,177.0
0_0_0_0_0_0_0_1_0_1_0_0_1_1_1_0_1_1_1_0_1_1_0_0_1_1_0_0_1_0_0_0_1_1_0_0_0_0,1,3.3333333333333335e-5,4.7140452079103185e-6,0.2839506172839506,128.33333333333334
0_0_0_0_0_0_0_1_0_1_0_0_0_0_1_0_1_1_0_0_1_1_0_1_0_0_0_0_0_0_0_0_0_1_1_1_0_1,1,3.3333333333333335e-5,2.3570226039551588e-5,0.2716049382716049,142.0
0_0_0_0_0_0_0_1_0_1_0_0_1_0_1_1_1_1_1_0_1_1_1_0_1_1_0_0_1_0_0_0_0_0_1_1_0_1,1,3.333333333333333e-5,2.62466929133727e-5,0.29012345679012347,166.66666666666666
0_1_0_0_0_0_0_1_1_0_0_0_0_0_0_0_0_0_1_0_1_1_1_0_0_1_0_0_1_0_1_0_0_1_1_1_0_1,1,3.333333333333333e-5,2.8674417556808754e-5,0.24691358024691357,160.47619047619048
0_0_0_0_0_1_0_1_0_1_0_0_1_0_1_0_1_1_0_0_0_0_1_1_0_0_0_0_0_0_0_0_1_1_1_1_0_0,1,3.333333333333333e-5,2.62466929133727e-5,0.2962962962962963,146.9047619047619
1_0_1_0_0_0_0_1_0_1_0_0_1_1_1_0_1_1_1_0_1_1_0_1_1_0_0_0_0_1_0_0_1_1_0_0_0_0,1,3.333333333333333e-5,2.8674417556808754e-5,0.2839506172839506,208.8095238095238
0_1_0_1_1_1_1_0_1_0_1_1_0_0_0_1_0_0_1_1_1_1_0_0_0_1_1_1_1_0_1_1_0_1_1_1_1_1,1,3.333333333333333e-5,2.8674417556808754e-5,0.24074074074074073,155.23809523809524
1_0_1_1_1_0_0_0_0_1_1_0_1_1_1_1_1_1_1_1_0_0_1_0_1_1_1_1_1_1_0_1_1_0_0_0_1_0,1,3.333333333333333e-5,2.62466929133727e-5,0.2654320987654321,208.33333333333334
1_1_1_1_1_1_1_0_1_0_1_1_0_1_0_0_0_0_0_1_0_0_0_1_0_0_1_1_0_1_1_1_1_1_0_0_1_0,1,3.333333333333333e-5,2.62466929133727e-5,0.29012345679012347,135.95238095238096
0_0_0_0_0_0_0_1_0_0_0_1_0_0_1_1_1_1_1_0_0_0_0_0_0_1_0_0_1_0_0_0_1_0_1_1_0_1,1,3.333333333333333e-5,2.8674417556808754e-5,0.30246913580246915,185.0
1_1_1_0_1_0_0_0_0_1_0_1_0_1_0_0_0_1_0_0_0_0_0_0_0_1_0_0_1_1_0_1_1_1_0_0_0_0,1,3.333333333333333e-5,2.62466929133727e-5,0.3271604938271605,214.76190476190473
1_1_1_1_1_1_1_0_1_1_1_0_1_1_1_0_1_1_0_1_0_0_0_1_0_0_1_1_0_1_0_1_0_1_0_0_1_0,1,3.333333333333333e-5,2.62466929133727e-5,0.2962962962962963,209.04761904761904
1_1_1_1_1_1_1_0_1_0_1_1_1_1_0_0_0_0_0_1_0_0_1_1_0_0_1_1_0_1_1_1_1_1_0_0_1_0,1,3.0e-5,1.4142135623730951e-5,0.29012345679012347,211.33333333333334
0_0_0_0_0_0_0_1_0_1_0_0_1_1_1_0_1_1_1_0_1_1_1_0_1_1_0_0_1_0_0_0_0_0_0_0_0_0,1,3.0e-5,8.164965809277262e-6,0.2716049382716049,215.2777777777778
0_0_0_0_0_0_0_1_0_1_0_0_1_1_1_0_1_1_0_0_0_0_0_1_0_0_0_0_0_0_0_0_0_0_0_0_0_0,1,3.0e-5,0.0,0.2716049382716049,138.88888888888889
0_1_0_0_0_0_0_1_0_0_0_1_0_0_0_1_0_0_0_0_0_0_1_0_1_1_0_0_1_0_1_0_1_1_1_1_0_1,1,3.0e-5,8.164965809277262e-6,0.32098765432098764,347.22222222222223
0_0_0_0_0_0_0_1_1_0_0_0_0_1_0_1_0_1_0_0_0_0_1_0_0_1_0_0_1_0_1_0_0_0_0_1_0_1,1,3.0e-5,8.164965809277262e-6,0.345679012345679,250.0
0_1_0_0_0_1_1_1_1_0_0_0_0_0_0_0_0_0_1_0_1_1_1_1_0_0_0_0_0_0_1_0_0_1_1_1_0_1,1,3.0e-5,0.0,0.25925925925925924,144.44444444444446
0_0_0_0_0_0_0_1_0_1_0_0_1_1_1_0_1_1_1_0_0_0_0_0_0_1_0_0_1_0_0_0_1_0_0_0_0_0,1,3.0e-5,8.164965809277262e-6,0.2777777777777778,198.88888888888889
0_1_0_1_0_0_1_1_1_0_0_0_0_0_0_0_0_0_0_0_0_0_0_1_0_0_0_0_0_0_1_0_1_1_1_1_0_1,1,3.0e-5,8.164965809277262e-6,0.25308641975308643,133.88888888888889
0_0_0_0_0_0_0_1_0_1_0_0_1_1_1_0_1_1_0_0_0_0_1_1_0_0_0_0_0_0_1_0_1_1_0_0_0_0,1,3.0e-5,8.164965809277262e-6,0.29012345679012347,156.66666666666666
1_1_1_0_1_1_1_0_0_1_1_1_0_1_0_0_0_0_0_1_1_1_1_1_1_0_1_1_0_1_1_1_1_1_0_0_0_0,1,3.0e-5,1.632993161855452e-5,0.30246913580246915,166.2222222222222
0_0_0_0_0_0_0_1_0_0_0_1_0_0_0_1_0_0_1_0_1_1_1_0_0_1_0_0_1_0_1_0_1_0_1_1_0_1,1,3.0e-5,8.164965809277262e-6,0.29012345679012347,148.88888888888889
1_0_1_0_0_0_0_1_0_1_0_0_1_1_1_0_1_1_1_0_0_0_0_0_0_1_0_0_1_1_0_0_1_0_0_0_0_0,1,3.0e-5,1.4142135623730951e-5,0.25925925925925924,201.66666666666666
0_0_0_0_0_0_0_1_1_0_0_0_0_0_1_1_1_1_0_0_0_0_1_0_1_1_0_0_1_0_0_0_0_0_1_1_0_1,1,3.0e-5,8.164965809277262e-6,0.30246913580246915,189.44444444444446
0_0_0_0_0_0_0_1_0_1_0_0_1_0_1_0_1_1_0_0_0_0_0_1_0_0_0_0_0_0_0_0_0_0_1_1_0_0,1,3.0e-5,1.632993161855452e-5,0.2839506172839506,139.7777777777778
1_0_1_0_0_1_0_1_0_1_1_0_1_0_1_1_1_1_0_0_0_0_0_0_1_1_0_0_1_1_0_0_1_1_1_1_0_0,1,3.0e-5,1.632993161855452e-5,0.2839506172839506,258.0
0_0_0_1_0_0_0_1_1_0_0_0_1_0_0_1_0_0_0_0_1_1_1_1_0_0_0_0_0_0_1_0_0_0_1_1_1_1,1,3.0e-5,1.632993161855452e-5,0.30864197530864196,166.44444444444443
1_0_1_0_0_0_0_1_0_1_0_0_1_0_1_1_1_1_0_0_0_0_1_0_1_1_0_0_1_1_0_0_1_0_1_1_0_1,1,3.0e-5,1.632993161855452e-5,0.2654320987654321,211.11111111111111
1_1_1_1_1_1_1_0_0_1_1_1_1_1_1_0_1_1_1_1_1_1_0_0_1_1_1_1_1_1_0_1_1_1_0_0_1_0,1,3.0e-5,8.164965809277262e-6,0.29012345679012347,150.2777777777778
0_0_0_0_0_1_0_1_0_1_0_0_1_0_1_1_1_1_1_0_1_1_1_0_1_1_0_0_1_0_0_0_1_1_1_1_0_1,1,3.0e-5,8.164965809277262e-6,0.30864197530864196,170.55555555555554
1_0_1_0_0_0_0_1_0_0_0_1_0_0_1_1_1_1_1_0_1_1_0_1_0_0_0_0_0_1_0_0_1_0_1_1_0_1,1,3.0e-5,0.0,0.2716049382716049,239.99999999999997
0_0_0_0_0_0_0_1_1_0_0_0_1_0_1_1_1_1_0_0_1_1_1_1_1_0_0_0_0_0_0_0_0_0_1_1_0_1,1,3.0e-5,1.632993161855452e-5,0.30864197530864196,159.55555555555557
1_0_1_0_0_0_0_1_0_1_0_0_1_1_1_0_1_1_0_0_0_0_1_1_1_0_0_0_0_1_1_0_1_1_0_0_0_0,1,3.0e-5,1.632993161855452e-5,0.2777777777777778,151.11111111111111
0_0_0_0_0_0_0_1_0_1_0_0_1_1_1_0_1_1_1_0_1_1_1_1_0_0_0_0_0_0_0_0_1_0_0_0_0_0,1,3.0e-5,2.1602468994692865e-5,0.2716049382716049,136.11111111111111
0_0_0_0_0_0_0_1_0_1_0_0_0_0_1_0_1_1_0_0_0_0_0_0_0_1_0_0_1_0_0_0_0_1_1_1_0_1,1,3.0e-5,2.449489742783178e-5,0.2716049382716049,175.83333333333331
0_1_0_1_1_1_1_0_1_1_1_0_1_1_0_0_0_0_1_1_1_1_0_1_0_0_1_1_0_0_1_1_0_1_0_0_1_0,1,3.0e-5,8.164965809277262e-6,0.2716049382716049,214.7222222222222
1_0_1_0_0_0_0_1_0_1_0_0_1_1_1_0_1_1_1_0_1_1_0_1_0_0_0_0_0_1_0_0_1_1_0_0_0_0,1,3.0e-5,8.164965809277262e-6,0.2777777777777778,151.94444444444446
0_0_0_0_0_0_0_1_0_1_0_0_0_0_1_1_1_1_0_0_0_0_1_1_1_0_0_0_0_0_0_0_1_1_1_1_0_1,1,3.0e-5,1.4142135623730951e-5,0.29012345679012347,147.33333333333334
0_1_0_1_1_1_1_0_1_0_1_1_0_0_0_1_0_0_0_1_0_0_1_1_0_0_1_1_0_0_1_1_0_1_1_1_1_1,1,3.0e-5,2.449489742783178e-5,0.24691358024691357,131.66666666666669
0_1_0_0_0_1_1_1_1_0_0_0_1_0_0_1_0_0_0_0_0_0_1_1_1_0_0_0_0_0_1_0_0_1_1_1_0_1,1,3.0e-5,8.164965809277262e-6,0.30246913580246915,144.16666666666666
0_0_0_1_0_1_1_1_1_0_1_0_1_0_1_1_1_0_0_1_0_0_1_1_1_0_1_1_0_0_0_0_0_0_1_1_1_1,1,3.0e-5,1.632993161855452e-5,0.30246913580246915,178.33333333333331
1_1_1_0_1_0_0_0_0_1_0_1_1_1_0_0_0_1_1_0_0_0_1_0_0_1_0_0_1_1_1_1_1_1_0_0_0_0,1,3.0e-5,1.4142135623730951e-5,0.30864197530864196,190.83333333333334
0_0_0_1_0_0_0_1_1_0_0_0_0_1_1_1_1_1_0_0_1_1_0_1_0_0_0_0_0_0_0_0_0_0_0_1_1_1,1,3.0e-5,8.164965809277262e-6,0.3148148148148148,186.66666666666666
0_0_0_0_0_0_1_1_1_0_0_1_0_0_1_0_1_0_0_0_1_1_1_1_0_0_0_0_0_0_0_0_0_0_1_1_0_1,1,3.0e-5,1.4142135623730951e-5,0.2839506172839506,184.16666666666666
1_0_1_0_0_0_0_1_0_1_0_0_1_1_1_0_1_1_0_0_0_0_0_0_0_1_0_0_1_1_0_0_1_1_0_0_0_0,1,3.0e-5,8.164965809277262e-6,0.2777777777777778,227.7777777777778
1_1_1_1_1_1_1_0_1_1_1_0_0_1_1_0_1_1_1_1_1_1_0_0_0_1_1_1_1_1_0_1_0_1_0_0_1_0,1,3.0e-5,2.1602468994692865e-5,0.30246913580246915,171.11111111111111
0_1_0_0_0_0_1_1_1_0_0_1_0_1_0_0_0_0_0_0_0_0_0_1_0_0_0_0_0_0_0_0_0_0_0_0_0_1,1,3.0e-5,8.164965809277262e-6,0.30864197530864196,159.44444444444443
0_0_0_0_0_0_0_1_0_0_0_1_0_0_1_1_1_1_0_0_1_1_0_1_1_0_0_0_0_0_0_0_1_0_1_1_0_1,1,3.0e-5,0.0,0.30864197530864196,171.1111111111111
0_1_0_0_0_0_0_1_1_0_0_1_0_0_0_1_0_0_1_0_1_1_1_0_0_1_0_0_1_0_1_0_0_0_1_1_0_1,1,3.0e-5,1.4142135623730951e-5,0.30246913580246915,153.33333333333334
1_1_1_1_1_0_0_0_1_0_1_1_1_1_0_1_0_0_1_1_1_1_1_1_1_0_1_1_0_1_1_1_0_0_0_0_1_0,1,3.0e-5,8.164965809277262e-6,0.2777777777777778,151.38888888888889
1_1_1_1_1_1_1_0_0_1_1_1_1_1_1_0_1_0_0_1_0_0_0_1_0_0_1_1_0_1_0_1_1_1_0_0_1_0,1,3.0e-5,1.4142135623730951e-5,0.30246913580246915,229.16666666666666
1_1_1_0_1_0_0_0_0_1_0_1_0_1_0_0_0_0_0_0_0_0_1_1_0_0_0_0_0_1_1_1_1_1_0_0_0_0,1,3.0e-5,1.4142135623730951e-5,0.3148148148148148,142.5
0_0_0_0_0_0_0_1_0_0_0_1_0_0_0_1_0_1_1_0_1_1_1_0_0_1_0_0_1_0_1_0_1_0_1_1_0_1,1,3.0e-5,2.1602468994692865e-5,0.2962962962962963,146.11111111111111
1_1_1_1_1_1_1_0_1_0_1_1_1_0_0_1_0_0_0_1_0_0_0_1_1_0_1_1_0_1_1_1_1_1_1_0_1_1,1,3.0e-5,8.164965809277262e-6,0.29012345679012347,163.33333333333334
0_0_0_1_0_0_0_1_1_0_0_0_1_1_1_0_1_1_0_0_0_0_0_0_0_1_0_0_1_0_0_0_0_0_0_0_1_0,1,3.0e-5,1.4142135623730951e-5,0.2962962962962963,185.0
0_0_0_0_0_0_0_1_1_0_0_1_0_0_1_0_1_0_1_0_0_0_0_0_0_1_0_0_1_0_0_0_0_0_1_1_0_1,1,3.0e-5,0.0,0.2962962962962963,171.1111111111111
1_1_1_1_1_1_1_0_1_0_1_1_0_1_0_1_0_0_1_1_1_1_1_1_0_0_1_1_0_1_1_1_0_0_0_0_1_1,1,3.0e-5,8.164965809277262e-6,0.3148148148148148,174.7222222222222
1_1_1_1_1_1_1_0_1_0_1_1_0_0_0_1_0_0_0_1_0_0_1_0_1_1_1_1_1_1_1_1_0_1_1_1_1_1,1,3.0e-5,1.4142135623730951e-5,0.2777777777777778,215.83333333333334
1_1_1_1_1_0_0_0_1_0_1_1_1_1_0_1_0_0_1_1_0_0_1_0_1_1_1_1_1_1_1_1_0_0_0_0_1_0,1,3.0e-5,8.164965809277262e-6,0.2777777777777778,117.77777777777779
0_1_0_1_1_1_1_0_1_1_1_0_1_1_0_0_0_0_1_1_0_0_0_0_1_1_1_1_1_0_1_1_0_1_0_0_1_0,1,3.0e-5,0.0,0.2654320987654321,168.88888888888889
1_0_1_0_0_0_0_1_0_1_1_0_1_0_1_1_1_1_0_0_0_0_0_0_1_1_0_0_1_1_0_0_1_0_1_1_0_0,1,3.0e-5,8.164965809277262e-6,0.25308641975308643,126.11111111111113
0_0_0_0_0_0_0_1_0_0_0_1_0_0_1_1_1_1_1_0_1_1_1_1_0_0_0_0_0_0_0_0_1_0_1_1_0_1,1,3.0e-5,1.4142135623730951e-5,0.2962962962962963,183.33333333333334
1_1_1_1_1_1_1_0_0_1_1_1_1_1_0_0_0_0_1_1_1_1_0_1_0_0_1_1_0_1_1_1_1_1_0_0_1_0,1,3.0e-5,8.164965809277262e-6,0.30246913580246915,277.5
0_0_0_1_0_1_1_1_1_0_1_0_1_0_1_1_1_0_1_1_1_1_1_0_1_1_1_1_1_0_0_0_0_0_1_1_1_1,1,3.0e-5,1.4142135623730951e-5,0.30246913580246915,181.66666666666666
1_1_1_1_1_1_1_0_1_0_1_1_1_1_0_1_0_0_1_1_0_0_0_0_1_1_1_1_1_1_1_1_1_0_0_0_1_0,1,3.0e-5,1.4142135623730951e-5,0.2654320987654321,109.16666666666667
1_0_1_0_0_1_0_1_0_1_1_0_1_0_1_1_1_1_0_0_1_1_0_1_1_0_0_0_0_1_0_0_1_1_1_1_0_0,1,3.0e-5,1.632993161855452e-5,0.2839506172839506,154.44444444444446
0_1_0_0_0_0_1_1_1_0_0_1_0_0_0_0_0_0_0_0_0_0_0_0_0_1_0_0_1_0_1_0_0_0_1_1_0_1,1,3.0e-5,8.164965809277262e-6,0.2716049382716049,197.7777777777778
1_0_1_0_0_0_0_1_0_0_0_1_1_1_1_0_1_1_1_0_1_1_0_0_0_1_0_0_1_1_0_0_1_0_0_0_0_0,1,3.0e-5,8.164965809277262e-6,0.29012345679012347,242.22222222222226
1_0_1_0_0_0_0_1_0_1_1_0_1_0_1_1_1_1_0_0_0_0_1_0_1_1_0_0_1_1_1_0_1_1_1_1_0_0,1,3.0e-5,0.0,0.2839506172839506,175.55555555555557
1_1_1_1_1_1_1_0_1_1_1_0_0_1_0_0_0_0_0_1_1_1_0_1_0_0_1_1_0_1_1_1_0_1_0_0_1_0,1,3.0e-5,8.164965809277262e-6,0.30864197530864196,173.88888888888889
1_1_1_1_1_1_1_0_1_1_1_1_0_0_0_0_0_0_1_1_0_0_0_0_1_1_1_1_1_1_1_1_0_1_1_0_1_0,1,3.0e-5,8.164965809277262e-6,0.25925925925925924,149.7222222222222
1_1_1_1_1_1_1_0_1_0_1_1_0_1_0_1_0_0_0_1_0_0_1_1_1_0_1_1_0_1_1_1_0_1_0_0_1_1,1,3.0e-5,2.1602468994692865e-5,0.2716049382716049,173.88888888888889
0_0_0_0_0_0_0_1_0_1_0_0_1_0_1_0_1_1_1_0_1_1_0_0_0_1_0_0_1_0_0_0_0_0_1_1_0_0,1,3.0e-5,8.164965809277262e-6,0.2839506172839506,162.5
0_0_0_0_0_0_0_1_0_1_0_0_1_0_1_1_1_1_0_0_0_0_0_1_1_0_0_0_0_0_0_0_0_0_1_1_0_1,1,3.0e-5,8.164965809277262e-6,0.2962962962962963,163.88888888888889
0_0_0_0_0_0_0_1_0_0_0_1_0_1_1_1_1_1_0_0_0_0_0_1_0_0_0_0_0_0_0_0_1_0_0_1_0_1,1,3.0e-5,8.164965809277262e-6,0.3148148148148148,134.16666666666666
1_0_1_0_0_0_0_1_0_1_0_0_1_0_1_1_1_1_0_0_0_0_0_0_1_1_0_0_1_1_0_0_1_1_1_1_0_1,1,3.0e-5,2.1602468994692865e-5,0.29012345679012347,183.33333333333334
0_1_0_0_0_0_1_1_1_0_0_1_0_1_0_0_0_0_1_0_1_1_0_0_0_1_0_0_1_0_0_0_0_0_0_0_0_1,1,3.0e-5,0.0,0.30864197530864196,215.55555555555557
0_1_0_0_0_0_0_1_0_0_0_1_0_0_0_1_0_0_1_0_1_1_1_1_1_0_0_0_0_0_1_0_1_1_1_1_0_1,1,3.0e-5,8.164965809277262e-6,0.32098765432098764,319.72222222222223
0_0_0_0_0_1_0_1_0_1_0_0_1_0_1_0_1_1_1_0_1_1_1_0_0_1_0_0_1_0_0_0_1_1_1_1_0_0,1,3.0e-5,2.1602468994692865e-5,0.2962962962962963,113.33333333333333
0_1_0_0_0_0_0_1_0_0_0_1_0_0_0_1_0_0_0_0_1_1_1_1_1_0_0_0_0_0_1_0_1_1_1_1_0_1,1,3.0e-5,2.1602468994692868e-5,0.32098765432098764,366.25
1_0_1_0_0_1_0_1_0_1_0_0_1_1_1_0_1_1_1_0_1_1_0_1_0_0_0_0_0_1_0_0_1_1_0_0_0_0,1,3.0e-5,0.0,0.29012345679012347,111.1111111111111
1_1_1_0_0_1_0_0_0_1_0_1_0_0_0_1_0_1_1_0_1_1_0_0_1_1_0_0_1_1_0_1_1_1_1_1_0_1,1,3.0e-5,8.164965809277262e-6,0.3333333333333333,204.7222222222222
0_0_0_0_0_0_0_1_0_1_0_0_0_1_1_0_1_1_1_0_1_1_1_1_0_0_0_0_0_0_0_0_1_0_0_1_0_0,1,3.0e-5,8.164965809277262e-6,0.2962962962962963,157.7777777777778
1_0_1_1_1_1_1_0_0_1_1_0_1_1_1_0_1_1_1_1_1_1_0_0_1_1_1_1_1_1_0_1_1_1_0_0_1_0,1,3.0e-5,8.164965809277262e-6,0.30246913580246915,160.27777777777777
1_0_1_1_1_1_0_0_0_1_1_0_1_0_1_1_1_1_0_1_0_0_0_1_1_0_1_1_0_1_0_1_1_1_1_1_1_0,1,3.0e-5,8.164965809277262e-6,0.2962962962962963,149.44444444444446
1_0_1_0_0_1_0_1_0_1_0_0_1_1_1_0_1_1_1_0_1_1_0_0_1_1_0_0_1_1_0_0_1_1_0_0_0_0,1,3.0e-5,0.0,0.2777777777777778,162.2222222222222
1_1_1_1_1_0_1_0_1_0_1_1_1_1_0_1_0_0_0_1_0_0_0_1_1_0_1_1_0_1_0_1_1_0_0_0_1_0,1,3.0e-5,8.164965809277262e-6,0.2777777777777778,128.75
1_1_1_1_1_1_1_0_1_0_1_1_0_0_0_1_0_0_1_1_1_1_1_0_0_1_1_1_1_1_1_1_1_1_1_1_1_1,1,3.0e-5,1.4142135623730951e-5,0.2777777777777778,156.66666666666666
1_1_1_1_1_1_1_0_0_1_1_1_0_0_0_1_0_0_0_1_0_0_1_0_1_1_1_1_1_1_1_1_1_1_1_1_1_1,1,3.0e-5,2.1602468994692865e-5,0.3148148148148148,259.44444444444446
1_1_1_0_1_1_1_0_0_1_1_1_0_1_1_0_1_1_1_1_0_0_0_0_1_1_1_1_1_1_0_1_1_1_0_0_0_0,1,3.0e-5,8.164965809277262e-6,0.30864197530864196,189.16666666666666
0_0_0_0_0_0_0_1_1_0_0_0_0_0_1_1_1_1_0_0_0_0_0_0_0_1_0_0_1_0_0_0_0_0_1_1_0_1,1,3.0e-5,2.1602468994692868e-5,0.30246913580246915,235.5
0_1_0_1_1_1_1_0_1_0_1_1_0_1_0_1_0_0_0_1_0_0_1_1_0_0_1_1_0_0_1_1_0_1_0_0_1_1,1,3.0e-5,1.4142135623730951e-5,0.25925925925925924,123.33333333333333
1_1_1_0_0_0_0_0_0_1_0_1_0_0_0_1_0_1_0_0_1_1_0_1_1_0_0_0_0_1_0_1_1_1_1_1_0_1,1,3.0e-5,8.164965809277262e-6,0.3395061728395062,179.7222222222222
0_0_0_0_0_1_1_1_1_0_0_1_0_0_1_0_1_0_0_1_0_0_1_0_0_1_1_1_1_0_0_0_0_0_1_1_1_1,1,3.0e-5,1.632993161855452e-5,0.2777777777777778,135.33333333333334
1_1_1_1_1_0_0_0_1_0_1_1_0_1_0_1_0_0_1_1_1_1_1_0_0_1_1_1_1_1_1_1_0_0_0_0_1_1,1,3.0e-5,1.4142135623730951e-5,0.3148148148148148,143.33333333333334
1_1_1_1_1_1_1_0_1_1_1_0_0_1_0_0_0_0_1_1_1_1_1_0_1_1_1_1_1_1_1_1_0_1_0_0_1_0,1,3.0e-5,8.164965809277262e-6,0.30246913580246915,147.22222222222223
1_0_1_0_0_0_0_1_0_1_0_0_1_1_1_0_1_1_0_0_1_1_0_1_0_0_0_0_0_1_0_0_1_1_0_0_0_0,1,3.0e-5,1.632993161855452e-5,0.2777777777777778,185.55555555555554
1_1_1_1_1_1_1_0_0_1_1_1_1_0_0_0_0_0_0_1_0_0_1_0_1_1_1_1_1_1_1_1_1_1_1_0_1_0,1,3.0e-5,8.164965809277262e-6,0.3333333333333333,180.2777777777778
1_1_1_0_0_1_1_1_0_1_1_1_0_0_1_1_1_0_0_1_0_0_0_1_1_0_1_1_0_1_0_0_1_1_1_1_0_1,1,3.0e-5,8.164965809277262e-6,0.3333333333333333,173.05555555555554
1_0_1_0_0_1_0_1_0_1_1_0_1_0_1_1_1_1_0_0_1_1_1_1_1_0_0_0_0_1_0_0_1_1_1_1_0_0,1,3.0e-5,1.632993161855452e-5,0.2777777777777778,168.0
1_1_1_1_1_1_1_0_0_1_1_0_1_1_0_1_0_1_1_1_0_0_1_0_1_1_1_1_1_1_1_1_1_1_0_0_1_0,1,3.0e-5,8.164965809277262e-6,0.2962962962962963,188.05555555555557
1_1_1_1_1_1_1_0_0_1_1_1_0_1_1_0_1_0_1_1_1_1_0_0_1_1_1_1_1_1_0_1_1_1_0_0_1_0,1,3.0e-5,1.4142135623730951e-5,0.3148148148148148,280.0
0_1_0_1_1_0_1_0_1_0_1_1_0_1_0_0_0_0_0_1_0_0_1_0_0_1_1_1_1_0_1_1_0_0_0_0_1_0,1,3.0e-5,8.164965809277262e-6,0.30246913580246915,153.88888888888889
1_1_1_1_1_1_1_0_1_0_1_1_1_0_0_1_0_0_1_1_1_1_1_0_1_1_1_1_1_1_1_1_1_1_1_0_1_1,1,2.9999999999999997e-5,2.9439202887759487e-5,0.2962962962962963,119.28571428571428
1_0_1_0_0_1_0_1_0_1_1_0_1_0_1_1_1_1_1_0_0_0_0_0_1_1_0_0_1_1_0_0_1_1_1_1_0_0,1,2.9999999999999997e-5,2.82842712474619e-5,0.2839506172839506,143.57142857142856
0_1_0_0_0_0_1_1_1_0_0_1_0_0_0_1_0_0_1_0_1_1_0_0_0_1_0_0_1_0_0_0_0_0_1_1_0_1,1,2.9999999999999997e-5,2.82842712474619e-5,0.30864197530864196,348.5714285714286
1_0_1_0_0_0_0_1_0_1_1_0_1_0_1_1_1_1_1_0_1_1_1_1_1_0_0_0_0_1_0_0_1_0_1_1_0_0,1,2.9999999999999997e-5,2.9439202887759487e-5,0.24691358024691357,118.21428571428571
0_0_0_0_0_0_0_1_0_0_0_1_0_0_1_1_1_1_1_0_1_1_1_1_1_0_0_0_0_0_0_0_1_0_1_1_0_1,1,2.666666666666667e-5,2.0548046676563257e-5,0.30246913580246915,216.33333333333331
1_1_1_1_1_1_1_0_1_0_1_1_0_0_0_1_0_0_0_1_0_0_1_1_1_0_1_1_0_1_1_1_1_1_1_1_1_1,1,2.666666666666667e-5,4.714045207910317e-6,0.2716049382716049,134.44444444444446
0_0_0_0_0_0_0_1_0_1_0_0_1_0_1_0_1_1_1_0_0_0_0_0_1_1_0_0_1_0_0_0_1_1_1_1_0_0,1,2.666666666666667e-5,1.699673171197595e-5,0.3148148148148148,230.0
1_0_1_0_0_0_0_1_0_0_0_1_0_0_1_1_1_1_1_0_0_0_1_0_1_1_0_0_1_1_0_0_1_0_1_1_0_1,1,2.666666666666667e-5,1.699673171197595e-5,0.2716049382716049,199.66666666666666
1_0_1_1_1_1_0_0_0_1_1_1_1_1_1_1_1_1_0_1_0_0_0_0_1_1_1_1_1_1_0_1_1_0_0_0_1_0,1,2.666666666666667e-5,9.428090415820635e-6,0.25925925925925924,222.5
0_0_0_0_0_1_0_1_0_1_0_0_0_0_1_1_1_1_1_0_0_0_0_0_1_1_0_0_1_0_0_0_1_1_1_1_0_1,1,2.666666666666667e-5,9.428090415820635e-6,0.3271604938271605,180.83333333333334
1_1_1_1_1_1_1_0_1_0_1_1_0_1_0_0_0_0_0_1_0_0_1_1_0_0_1_1_0_1_1_1_1_1_0_0_1_0,1,2.666666666666667e-5,2.4944382578492947e-5,0.2962962962962963,144.16666666666669
1_1_1_1_1_1_1_0_1_1_1_0_1_1_0_0_0_0_1_1_1_1_1_1_1_0_1_1_0_1_1_1_0_1_0_0_1_0,1,2.666666666666667e-5,9.428090415820635e-6,0.30246913580246915,170.83333333333334
1_1_1_1_1_1_1_0_1_1_1_0_0_1_0_0_0_0_0_1_1_1_1_1_0_0_1_1_0_1_1_1_0_1_0_0_1_0,1,2.666666666666667e-5,2.0548046676563257e-5,0.3148148148148148,195.66666666666669
1_1_1_1_1_1_1_0_1_0_1_1_0_1_0_1_0_0_0_1_0_0_1_1_1_0_1_1_0_1_1_1_0_0_0_0_1_1,1,2.666666666666667e-5,1.2472191289246472e-5,0.29012345679012347,182.7777777777778
1_1_1_1_1_1_0_0_0_1_1_0_1_1_0_1_0_1_1_1_0_0_1_0_1_1_1_1_1_1_1_1_1_1_0_0_1_0,1,2.666666666666667e-5,1.2472191289246472e-5,0.29012345679012347,145.0
1_1_1_1_1_1_1_0_1_1_1_0_1_1_0_0_0_0_1_1_1_1_0_1_1_0_1_1_0_1_1_1_0_1_0_0_1_0,1,2.666666666666667e-5,4.714045207910317e-6,0.2962962962962963,178.8888888888889
0_0_0_0_0_0_0_1_0_1_0_0_1_0_1_1_1_1_1_0_1_1_1_0_1_1_0_0_1_0_0_0_1_1_1_1_0_1,1,2.666666666666667e-5,9.428090415820635e-6,0.2962962962962963,169.16666666666666
0_0_0_0_0_0_0_1_0_1_0_0_0_0_1_1_1_1_0_0_1_1_0_1_1_0_0_0_0_0_0_0_1_1_1_1_0_1,1,2.666666666666667e-5,4.714045207910317e-6,0.3148148148148148,171.66666666666666
0_0_0_0_0_0_0_1_1_0_0_0_0_0_1_1_1_1_1_0_0_0_0_0_1_1_0_0_1_0_0_0_0_0_1_1_0_1,1,2.666666666666667e-5,2.4944382578492947e-5,0.30864197530864196,199.16666666666669
0_0_0_0_0_0_0_1_1_0_0_0_1_0_1_1_1_1_1_0_0_0_0_0_1_1_0_0_1_0_0_0_0_0_1_1_0_1,1,2.666666666666667e-5,1.2472191289246472e-5,0.3148148148148148,228.05555555555554
0_1_0_0_0_0_0_1_1_0_0_0_0_0_0_0_0_0_1_0_0_0_1_0_0_1_0_0_1_0_1_0_0_1_1_1_0_1,1,2.666666666666667e-5,1.2472191289246472e-5,0.2654320987654321,120.55555555555556
0_0_0_0_0_0_0_1_0_1_0_0_0_1_1_0_1_1_1_0_1_1_0_0_0_1_0_0_1_0_0_0_0_0_0_1_0_0,1,2.666666666666667e-5,9.428090415820635e-6,0.2962962962962963,119.16666666666667
1_0_1_1_1_1_0_0_0_1_1_0_1_1_1_0_1_1_0_1_0_0_0_1_0_0_1_1_0_1_0_1_1_1_0_0_1_0,1,2.666666666666667e-5,2.3570226039551588e-5,0.30246913580246915,183.88888888888889
0_0_0_1_0_1_1_1_1_0_1_0_1_0_1_1_1_0_0_1_0_0_0_0_1_1_1_1_1_0_0_0_0_0_1_1_1_1,1,2.666666666666667e-5,4.714045207910317e-6,0.3148148148148148,145.55555555555554
0_0_0_0_0_0_0_1_0_1_0_0_1_1_1_0_1_1_1_0_1_1_0_0_0_1_0_0_1_0_0_0_1_1_0_0_0_0,1,2.666666666666667e-5,1.885618083164127e-5,0.2777777777777778,132.5
1_0_1_0_0_1_0_1_0_1_0_0_1_0_1_1_1_1_0_0_1_1_0_1_1_0_0_0_0_1_0_0_1_1_1_1_0_1,1,2.666666666666667e-5,1.699673171197595e-5,0.30246913580246915,255.0
1_1_1_1_1_1_1_0_1_0_1_1_0_0_0_1_0_0_1_1_1_1_1_0_0_1_1_1_1_1_1_1_1_0_1_1_1_1,1,2.666666666666667e-5,1.885618083164127e-5,0.2962962962962963,128.75
0_0_0_0_0_1_1_1_0_1_0_0_0_0_1_0_1_1_0_0_1_1_1_1_0_0_0_0_0_0_0_0_1_1_1_1_0_1,1,2.666666666666667e-5,9.428090415820635e-6,0.2716049382716049,107.5
1_1_1_1_1_1_1_0_1_0_1_1_1_1_0_1_0_0_0_1_1_1_0_1_1_0_1_1_0_1_1_1_1_0_0_0_1_0,1,2.666666666666667e-5,4.714045207910317e-6,0.2654320987654321,140.0
0_0_0_1_0_1_1_1_1_0_1_0_0_0_1_1_1_0_0_1_1_1_1_1_1_0_1_1_0_0_1_0_0_0_1_1_1_1,1,2.666666666666667e-5,4.714045207910317e-6,0.32098765432098764,209.44444444444446
0_0_0_1_0_1_1_1_1_0_1_0_1_0_1_1_1_0_1_1_1_1_1_1_1_0_1_1_0_0_1_0_0_0_1_1_1_1,1,2.666666666666667e-5,4.714045207910317e-6,0.3271604938271605,156.66666666666669
0_0_0_0_0_1_1_1_1_0_0_1_0_0_1_0_1_0_1_1_0_0_1_0_0_1_1_1_1_0_0_0_0_0_1_1_1_1,1,2.666666666666667e-5,2.3570226039551588e-5,0.2777777777777778,152.2222222222222
1_0_1_0_0_1_0_1_0_1_0_0_0_0_1_1_1_1_1_0_1_1_1_1_1_0_0_0_0_1_0_0_1_1_1_1_0_1,1,2.666666666666667e-5,1.699673171197595e-5,0.2777777777777778,170.33333333333334
0_1_0_0_0_0_1_1_1_0_0_1_0_0_0_0_0_0_1_0_0_0_0_0_0_1_0_0_1_0_1_0_0_1_1_1_0_1,1,2.666666666666667e-5,1.2472191289246472e-5,0.2654320987654321,141.66666666666666
1_0_1_0_0_1_0_1_0_1_0_0_1_1_1_0_1_1_0_0_0_0_1_1_1_0_0_0_0_1_1_0_1_1_0_0_0_0,1,2.666666666666667e-5,1.2472191289246472e-5,0.29012345679012347,109.16666666666667
0_0_0_0_0_0_0_1_0_1_0_0_1_1_1_0_1_1_0_0_0_0_1_0_0_1_0_0_1_0_0_0_1_0_0_0_0_0,1,2.666666666666667e-5,1.2472191289246472e-5,0.2716049382716049,128.33333333333334
1_1_1_1_1_1_1_0_0_1_1_1_0_1_0_0_0_0_0_1_0_0_0_0_0_1_1_1_1_1_1_1_1_1_0_0_1_0,1,2.666666666666667e-5,4.714045207910317e-6,0.30864197530864196,214.44444444444443
1_0_1_1_1_1_1_0_0_1_1_0_1_1_1_0_1_1_0_1_0_0_0_1_1_0_1_1_0_1_0_1_1_1_0_0_1_0,1,2.666666666666667e-5,1.2472191289246472e-5,0.30246913580246915,140.55555555555554
1_1_1_1_1_1_1_0_1_0_1_1_1_1_0_1_0_0_1_1_1_1_1_1_1_0_1_1_0_1_1_1_1_0_0_0_1_0,1,2.666666666666667e-5,1.2472191289246472e-5,0.2716049382716049,132.7777777777778
0_1_0_0_0_0_1_1_1_0_0_1_0_0_0_0_0_0_0_0_0_0_0_0_0_1_0_0_1_0_1_0_0_1_1_1_0_1,1,2.666666666666667e-5,4.714045207910317e-6,0.2654320987654321,210.0
1_1_1_1_1_1_1_0_0_1_1_1_0_1_0_0_0_0_0_1_1_1_1_1_1_0_1_1_0_1_1_1_1_1_0_0_1_0,1,2.666666666666667e-5,4.714045207910317e-6,0.32098765432098764,202.77777777777774
0_0_0_0_0_0_0_1_0_0_0_1_1_0_1_1_1_1_1_0_1_1_1_1_1_0_0_0_0_0_0_0_1_0_1_1_0_1,1,2.666666666666667e-5,1.699673171197595e-5,0.30864197530864196,175.66666666666666
1_1_1_1_1_1_1_0_1_1_1_0_0_1_0_0_0_0_1_1_1_1_0_1_0_0_1_1_0_1_1_1_0_1_0_0_1_0,1,2.666666666666667e-5,4.714045207910317e-6,0.30864197530864196,143.88888888888889
0_0_0_0_0_0_0_1_1_0_0_1_0_0_1_0_1_0_0_0_0_0_0_0_0_1_0_0_1_0_0_0_0_0_1_1_0_1,1,2.666666666666667e-5,1.2472191289246472e-5,0.2962962962962963,159.16666666666666
1_0_1_0_0_0_0_1_0_0_0_1_1_0_0_1_0_1_0_0_0_0_1_1_1_0_0_0_0_1_1_0_1_0_1_1_0_1,1,2.666666666666667e-5,9.428090415820635e-6,0.29012345679012347,152.5
0_1_0_0_0_1_1_1_1_0_0_0_1_1_0_0_0_0_1_0_1_1_1_0_0_1_0_0_1_0_1_0_0_1_0_0_0_0,1,2.666666666666667e-5,1.699673171197595e-5,0.3148148148148148,159.33333333333334
0_0_0_0_0_0_0_1_0_0_0_1_1_1_1_0_1_1_0_0_1_1_0_1_0_0_0_0_0_0_0_0_1_0_0_0_0_0,1,2.666666666666667e-5,1.699673171197595e-5,0.3148148148148148,214.66666666666666
0_0_0_0_0_0_0_1_0_1_0_0_1_1_1_0_1_1_1_0_0_0_1_0_0_1_0_0_1_0_0_0_1_0_0_0_0_0,1,2.666666666666667e-5,4.714045207910317e-6,0.2716049382716049,185.55555555555554
0_0_0_0_0_0_0_1_0_1_0_0_1_0_1_0_1_1_1_0_1_1_1_0_1_1_0_0_1_0_0_0_0_0_1_1_0_0,1,2.666666666666667e-5,4.714045207910317e-6,0.2839506172839506,157.2222222222222
1_0_1_0_0_0_0_1_0_0_0_1_0_0_1_1_1_1_1_0_0_0_0_0_0_1_0_0_1_1_0_0_1_0_1_1_0_1,1,2.666666666666667e-5,1.699673171197595e-5,0.2716049382716049,152.33333333333334
0_1_0_1_1_1_1_0_1_0_1_1_0_1_0_0_0_0_1_1_1_1_1_1_0_0_1_1_0_0_1_1_0_0_0_0_1_0,1,2.666666666666667e-5,1.2472191289246472e-5,0.29012345679012347,158.61111111111111
1_0_1_0_0_0_0_1_0_0_0_1_1_0_1_1_1_1_1_0_1_1_1_1_1_0_0_0_0_1_0_0_1_0_1_1_0_1,1,2.666666666666667e-5,1.2472191289246472e-5,0.29012345679012347,193.61111111111111
1_1_1_1_1_1_1_0_0_1_1_1_1_1_0_0_0_0_1_1_1_1_0_1_1_0_1_1_0_1_1_1_1_1_0_0_1_0,1,2.666666666666667e-5,1.2472191289246472e-5,0.2962962962962963,225.0
1_0_1_0_0_1_0_1_0_1_1_0_1_0_1_1_1_1_0_0_0_0_1_0_1_1_0_0_1_1_1_0_1_1_1_1_0_0,1,2.666666666666667e-5,4.714045207910317e-6,0.2962962962962963,177.22222222222226
1_1_1_1_1_1_1_0_1_0_1_1_0_1_0_1_0_0_0_1_0_0_0_0_0_1_1_1_1_1_1_1_0_1_0_0_1_1,1,2.666666666666667e-5,4.714045207910317e-6,0.29012345679012347,183.33333333333334
1_0_1_0_1_1_1_0_0_1_1_1_1_1_1_1_1_1_1_1_1_1_1_0_1_1_1_1_1_1_0_1_1_0_0_0_1_0,1,2.666666666666667e-5,1.699673171197595e-5,0.25925925925925924,129.33333333333334
1_0_1_0_0_1_0_1_0_1_0_0_1_1_1_0_1_1_1_0_1_1_1_0_1_1_0_0_1_1_0_0_1_1_0_0_0_0,1,2.666666666666667e-5,4.714045207910317e-6,0.2716049382716049,120.55555555555556
1_0_1_0_0_1_0_1_0_1_0_0_0_0_1_1_1_1_1_0_0_0_1_0_1_1_0_0_1_1_0_0_1_1_1_1_0_1,1,2.666666666666667e-5,1.699673171197595e-5,0.2777777777777778,182.33333333333334
1_0_1_1_1_0_0_0_0_1_1_0_1_1_1_1_1_1_0_1_1_1_1_1_1_0_1_1_0_1_0_1_1_0_0_0_1_0,1,2.666666666666667e-5,4.714045207910317e-6,0.2654320987654321,159.44444444444446
1_0_1_0_0_0_0_1_0_0_0_1_1_0_0_1_0_1_1_0_1_1_1_0_1_1_0_0_1_1_1_0_1_0_1_1_0_1,1,2.666666666666667e-5,4.714045207910317e-6,0.29012345679012347,110.55555555555554
0_1_0_1_1_1_1_0_1_0_0_1_0_1_0_0_0_0_1_1_0_0_0_0_0_1_1_1_1_0_1_1_0_0_0_0_1_1,1,2.666666666666667e-5,9.428090415820635e-6,0.2654320987654321,182.5
0_1_0_0_0_1_1_1_1_0_0_1_0_0_0_1_0_0_0_0_1_1_1_1_1_0_0_0_0_0_1_0_0_1_1_1_0_1,1,2.666666666666667e-5,4.714045207910317e-6,0.3148148148148148,237.22222222222226
0_0_0_0_0_0_0_1_1_0_0_0_1_0_1_1_1_1_1_0_1_1_1_1_1_0_0_0_0_0_0_0_0_0_1_1_0_1,1,2.666666666666667e-5,9.428090415820635e-6,0.30864197530864196,176.66666666666666
0_0_0_0_0_0_0_1_0_1_0_0_0_1_1_0_1_1_0_0_0_0_0_1_0_0_0_0_0_0_0_0_0_1_0_1_0_0,1,2.666666666666667e-5,4.714045207910317e-6,0.3148148148148148,178.33333333333334
1_1_1_1_1_1_1_0_1_1_1_0_0_1_0_0_0_0_1_1_1_1_0_0_1_1_1_1_1_1_1_1_0_1_0_0_1_0,1,2.666666666666667e-5,4.714045207910317e-6,0.2962962962962963,178.33333333333334
1_1_1_1_1_1_1_0_0_1_1_1_1_0_1_0_1_0_0_1_0_0_0_0_1_1_1_1_1_1_0_1_1_1_1_0_1_0,1,2.666666666666667e-5,1.2472191289246472e-5,0.345679012345679,300.55555555555554
0_0_0_1_1_1_1_1_1_0_1_0_1_1_1_0_1_0_0_1_0_0_1_0_0_1_1_1_1_0_1_0_0_0_0_0_1_0,1,2.666666666666667e-5,4.714045207910317e-6,0.3395061728395062,170.0
1_1_1_1_1_1_1_0_0_1_1_1_0_1_0_0_0_0_1_1_1_1_0_1_0_0_1_1_0_1_1_1_1_1_0_0_1_0,1,2.666666666666667e-5,1.2472191289246472e-5,0.30864197530864196,251.94444444444446
1_1_1_1_1_1_1_0_0_1_1_1_1_0_1_0_1_0_1_1_1_1_0_1_1_0_1_1_0_1_0_1_1_1_1_0_1_0,1,2.666666666666667e-5,4.714045207910317e-6,0.345679012345679,258.3333333333333
0_1_0_1_1_1_1_0_1_0_0_1_0_1_0_0_0_0_1_1_1_1_1_1_0_0_1_1_0_0_1_1_0_1_0_0_1_1,1,2.666666666666667e-5,1.699673171197595e-5,0.25308641975308643,170.33333333333334
0_0_0_0_0_1_0_1_0_1_0_0_0_0_1_0_1_1_0_0_0_0_1_1_0_0_0_0_0_0_0_0_0_1_1_1_0_1,1,2.666666666666667e-5,1.699673171197595e-5,0.25925925925925924,158.0
1_0_1_1_1_0_0_0_0_1_1_0_1_1_1_1_1_1_1_1_1_1_1_1_1_0_1_1_0_1_0_1_1_0_0_0_1_0,1,2.666666666666667e-5,9.428090415820635e-6,0.2654320987654321,195.0
0_0_0_0_0_1_0_1_0_1_0_0_1_1_1_0_1_1_1_0_1_1_1_0_0_1_0_0_1_0_0_0_1_1_0_0_0_0,1,2.666666666666667e-5,4.714045207910317e-6,0.2839506172839506,106.1111111111111
0_0_0_0_0_0_0_1_0_0_0_1_1_0_0_1_0_0_0_0_0_0_1_1_1_0_0_0_0_0_1_0_1_0_1_1_0_1,1,2.666666666666667e-5,9.428090415820635e-6,0.30246913580246915,138.33333333333334
1_0_1_0_0_1_0_1_0_1_0_0_0_0_1_1_1_1_0_0_1_1_0_1_1_0_0_0_0_1_0_0_1_1_1_1_0_1,1,2.666666666666667e-5,9.428090415820635e-6,0.2839506172839506,182.5
0_1_0_1_1_0_1_0_1_0_0_1_0_1_0_0_0_0_0_1_1_1_1_1_0_0_1_1_0_0_1_1_0_0_0_0_1_1,1,2.666666666666667e-5,4.714045207910317e-6,0.2839506172839506,159.44444444444446
1_0_1_1_1_1_1_0_1_1_1_0_0_0_1_1_1_1_1_1_1_1_0_0_1_1_1_1_1_1_0_1_0_0_1_1_1_1,1,2.666666666666667e-5,4.714045207910317e-6,0.32098765432098764,210.0
0_0_0_0_0_0_0_1_0_1_0_0_1_1_1_0_1_1_0_0_0_0_0_1_1_0_0_0_0_0_0_0_0_0_0_0_0_0,1,2.666666666666667e-5,1.2472191289246472e-5,0.2777777777777778,146.38888888888889
0_1_0_1_1_1_1_0_1_1_1_0_0_0_1_1_1_0_0_1_0_0_0_1_1_0_1_1_0_0_0_1_0_1_1_1_1_1,1,2.666666666666667e-5,2.0548046676563257e-5,0.30246913580246915,164.0
1_1_1_1_1_0_1_0_1_0_1_1_0_1_0_1_0_0_1_1_1_1_0_0_1_1_1_1_1_1_0_1_0_0_0_0_1_1,1,2.666666666666667e-5,4.714045207910317e-6,0.3148148148148148,205.55555555555554
0_0_0_0_0_0_0_1_1_0_0_1_0_0_1_0_1_0_1_0_1_1_1_1_0_0_0_0_0_0_0_0_0_0_1_1_0_1,1,2.666666666666667e-5,4.714045207910317e-6,0.29012345679012347,201.11111111111111
1_0_1_0_0_0_0_1_0_1_1_0_1_0_1_1_1_1_0_0_0_0_1_0_1_1_0_0_1_1_0_0_1_1_1_1_0_0,1,2.666666666666667e-5,4.714045207910317e-6,0.2654320987654321,143.88888888888889
1_1_1_0_1_1_1_0_0_1_1_1_0_1_1_0_1_1_0_1_1_1_0_1_1_0_1_1_0_1_0_1_1_1_0_0_0_0,1,2.666666666666667e-5,4.714045207910317e-6,0.30864197530864196,205.0
1_1_1_1_1_1_1_0_0_1_1_1_1_1_0_1_0_0_1_1_1_1_1_1_1_0_1_1_0_1_1_1_1_1_0_0_1_0,1,2.666666666666667e-5,2.4944382578492947e-5,0.2654320987654321,194.16666666666669
1_0_1_1_1_0_0_0_0_1_1_0_1_1_1_0_1_1_0_1_1_1_0_1_0_0_1_1_0_1_0_1_1_0_0_0_1_0,1,2.666666666666667e-5,1.699673171197595e-5,0.3148148148148148,449.3333333333333
1_1_1_0_1_0_0_0_0_1_0_1_1_1_0_0_0_1_0_0_0_0_1_0_0_1_0_0_1_1_1_1_1_1_0_0_0_0,1,2.666666666666667e-5,4.714045207910317e-6,0.30864197530864196,155.0
0_0_0_0_0_0_0_1_0_1_0_0_0_1_1_0_1_1_0_0_0_0_1_1_0_0_0_0_0_0_0_0_0_0_0_1_0_0,1,2.666666666666667e-5,1.2472191289246472e-5,0.29012345679012347,112.22222222222223
0_0_0_1_0_0_0_1_0_0_0_0_1_1_1_1_1_1_1_0_1_1_0_1_0_0_0_0_0_0_0_0_1_0_0_1_0_1,1,2.666666666666667e-5,4.714045207910317e-6,0.25925925925925924,172.7777777777778
0_0_0_0_0_0_0_1_0_0_0_0_1_1_1_1_1_1_1_0_1_1_1_1_0_0_0_0_0_0_0_0_1_0_0_1_0_1,1,2.666666666666667e-5,9.428090415820635e-6,0.25925925925925924,120.83333333333333
0_0_0_0_0_0_1_1_1_0_0_1_0_0_1_0_1_0_0_0_0_0_1_0_0_1_0_0_1_0_0_0_0_0_1_1_0_1,1,2.666666666666667e-5,1.2472191289246472e-5,0.2839506172839506,226.94444444444446
0_0_0_0_0_0_0_1_0_1_0_0_0_1_1_0_1_1_0_0_0_0_0_0_0_1_0_0_1_0_0_0_1_0_0_1_0_0,1,2.666666666666667e-5,9.428090415820635e-6,0.30246913580246915,153.33333333333334
0_0_0_0_0_0_1_1_1_0_0_1_0_0_1_0_1_0_1_0_1_1_0_1_0_0_0_0_0_0_0_0_0_0_1_1_0_1,1,2.666666666666667e-5,1.2472191289246472e-5,0.29012345679012347,187.7777777777778
1_1_1_0_0_0_0_0_0_1_0_1_0_0_0_1_0_1_0_0_0_0_0_0_1_1_0_0_1_1_0_1_1_1_1_1_0_1,1,2.666666666666667e-5,4.714045207910317e-6,0.3395061728395062,310.0
1_1_1_1_1_1_1_0_1_0_1_1_0_1_0_0_0_0_1_1_1_1_0_0_0_1_1_1_1_1_1_1_1_1_0_0_1_0,1,2.666666666666667e-5,4.714045207910317e-6,0.29012345679012347,169.44444444444446
0_0_0_0_0_0_0_1_1_0_0_0_1_0_0_1_0_1_1_0_1_1_1_1_1_0_0_0_0_0_1_0_0_0_1_1_0_1,1,2.666666666666667e-5,4.714045207910317e-6,0.3271604938271605,202.7777777777778
1_1_1_1_1_1_1_0_1_0_1_1_0_1_0_0_0_0_0_1_0_0_0_1_0_0_1_1_0_1_1_1_0_0_0_0_1_0,1,2.666666666666667e-5,9.428090415820635e-6,0.2962962962962963,169.16666666666666
1_1_1_1_1_0_0_0_0_1_1_0_1_1_0_1_0_1_0_0_1_1_0_1_1_0_0_0_0_1_1_1_1_1_0_0_0_0,1,2.666666666666667e-5,1.699673171197595e-5,0.2777777777777778,133.33333333333334
1_1_1_1_1_0_0_0_0_1_1_0_1_1_0_1_0_1_1_0_1_1_0_1_1_0_0_0_0_1_1_1_1_1_0_0_0_0,1,2.666666666666667e-5,1.2472191289246472e-5,0.2777777777777778,146.11111111111111
1_0_1_0_0_0_0_1_0_1_0_0_1_1_1_0_1_1_1_0_0_0_0_0_0_1_0_0_1_1_0_0_1_1_0_0_0_0,1,2.666666666666667e-5,4.714045207910317e-6,0.2777777777777778,163.88888888888889
0_1_0_1_1_1_1_0_1_0_1_1_0_0_0_1_0_0_1_1_1_1_0_0_0_1_1_1_1_0_0_1_0_0_1_1_1_1,1,2.666666666666667e-5,4.714045207910317e-6,0.2777777777777778,133.88888888888889
1_1_1_1_1_0_0_0_1_0_1_1_0_1_0_0_0_0_1_1_1_1_0_0_0_1_1_1_1_1_0_1_0_0_0_0_1_0,1,2.666666666666667e-5,1.2472191289246472e-5,0.3333333333333333,192.77777777777774
0_0_0_0_0_1_0_1_0_1_0_0_1_1_1_0_1_1_0_0_0_0_0_1_0_0_0_0_0_0_0_0_1_1_0_0_0_0,1,2.666666666666667e-5,1.699673171197595e-5,0.29012345679012347,152.5
1_1_1_0_0_0_0_0_0_1_0_1_0_0_0_1_0_1_1_0_0_0_0_0_1_1_0_0_1_1_0_1_1_1_1_1_0_1,1,2.666666666666667e-5,1.699673171197595e-5,0.3395061728395062,185.33333333333334
1_1_1_1_1_1_0_0_0_1_1_0_1_1_0_1_0_1_0_1_1_1_0_1_1_0_1_1_0_1_1_1_1_1_0_0_1_0,1,2.666666666666667e-5,1.699673171197595e-5,0.2839506172839506,170.66666666666666
1_0_1_0_0_0_0_1_0_1_0_0_1_0_1_1_1_1_1_0_1_1_1_1_1_0_0_0_0_1_1_0_1_1_1_1_0_1,1,2.666666666666667e-5,9.428090415820635e-6,0.30246913580246915,154.16666666666666
0_0_0_0_0_0_0_1_1_0_0_0_0_1_0_1_0_1_0_0_1_1_1_1_0_0_0_0_0_0_1_0_0_0_0_1_0_1,1,2.666666666666667e-5,1.2472191289246472e-5,0.345679012345679,243.61111111111111
1_1_1_1_1_1_0_0_0_1_1_0_1_1_0_1_0_1_0_1_0_0_0_0_1_1_1_1_1_1_1_1_1_1_0_0_1_0,1,2.666666666666667e-5,4.714045207910317e-6,0.2839506172839506,181.66666666666666
1_1_1_1_1_0_1_0_1_0_1_1_0_1_0_0_0_0_1_1_1_1_0_0_0_1_1_1_1_1_1_1_0_0_0_0_1_0,1,2.666666666666667e-5,1.2472191289246472e-5,0.30864197530864196,158.05555555555557
1_1_1_1_1_0_1_0_1_0_1_1_0_0_0_1_0_0_0_1_0_0_0_1_1_0_1_1_0_1_1_1_0_0_1_1_1_1,1,2.666666666666667e-5,1.699673171197595e-5,0.2839506172839506,147.66666666666666
1_1_1_0_1_0_0_0_0_1_0_1_0_1_0_0_0_1_1_0_1_1_0_1_0_0_0_0_0_1_0_1_1_1_0_0_0_0,1,2.666666666666667e-5,1.699673171197595e-5,0.3271604938271605,162.0
0_1_0_1_1_1_1_0_1_0_1_1_0_1_0_0_0_0_0_1_0_0_1_0_0_1_1_1_1_0_1_1_0_0_0_0_1_0,1,2.666666666666667e-5,9.428090415820635e-6,0.29012345679012347,202.5
1_0_1_0_0_0_0_1_0_1_1_0_1_0_1_1_1_1_1_0_1_1_1_1_1_0_0_0_0_1_0_0_1_1_1_1_0_0,1,2.666666666666667e-5,1.2472191289246472e-5,0.2654320987654321,105.55555555555556
1_0_1_1_1_1_0_0_0_1_1_0_1_1_1_1_1_1_1_1_1_1_1_1_1_0_1_1_0_1_0_1_1_0_0_0_1_0,1,2.666666666666667e-5,1.2472191289246472e-5,0.2654320987654321,179.44444444444446
1_1_1_1_1_0_1_0_1_0_1_1_0_1_0_1_0_0_0_1_0_0_0_1_1_0_1_1_0_1_1_1_0_0_0_0_1_1,1,2.666666666666667e-5,1.2472191289246472e-5,0.2962962962962963,93.8888888888889
1_1_1_1_1_1_1_0_0_1_1_1_1_0_1_0_1_0_1_1_0_0_0_0_1_1_1_1_1_1_0_1_1_1_1_0_1_0,1,2.666666666666667e-5,1.885618083164127e-5,0.345679012345679,225.0
1_0_1_0_0_0_0_1_0_0_0_1_1_1_0_0_0_1_0_0_0_0_1_1_0_0_0_0_0_1_1_0_1_0_0_0_0_0,1,2.666666666666667e-5,2.4944382578492944e-5,0.30246913580246915,125.83333333333334
1_1_1_1_1_1_1_0_1_1_1_0_0_1_0_0_0_0_0_1_0_0_0_1_1_0_1_1_0_1_1_1_0_1_0_0_1_0,1,2.666666666666667e-5,2.4944382578492947e-5,0.2962962962962963,115.0
0_0_0_0_0_0_0_1_1_0_0_0_1_1_1_0_1_1_1_0_0_0_1_0_0_1_0_0_1_0_0_0_0_0_0_0_0_0,1,2.6666666666666663e-5,3.091206165165234e-5,0.30864197530864196,221.42857142857144
0_1_0_1_0_0_0_1_1_0_0_0_0_0_0_0_0_0_0_0_0_0_0_1_0_0_0_0_0_0_1_0_0_1_1_1_0_1,1,2.3333333333333336e-5,9.428090415820634e-6,0.25925925925925924,150.0
0_1_0_1_1_1_1_0_1_0_1_1_1_1_0_0_0_0_0_1_0_0_0_0_0_1_1_1_1_0_0_1_0_0_0_0_1_0,1,2.3333333333333336e-5,1.699673171197595e-5,0.2839506172839506,155.83333333333331
0_1_0_1_1_1_1_0_1_0_0_1_0_1_0_0_0_0_1_1_0_0_0_0_0_1_1_1_1_0_0_1_0_0_0_0_1_1,1,2.3333333333333336e-5,4.714045207910317e-6,0.2839506172839506,172.2222222222222
0_1_0_0_0_0_0_1_1_0_0_1_0_0_0_1_0_0_0_0_0_0_0_1_1_0_0_0_0_0_0_0_0_0_1_1_0_1,1,2.3333333333333336e-5,1.2472191289246472e-5,0.32098765432098764,125.83333333333333
1_1_1_1_1_1_1_0_1_1_1_0_1_1_1_0_1_1_1_1_1_1_0_0_0_1_1_1_1_1_0_1_0_1_0_0_1_0,1,2.3333333333333336e-5,1.2472191289246472e-5,0.2962962962962963,136.66666666666666
1_1_1_1_1_1_1_0_1_1_1_0_0_1_0_0_0_0_1_1_0_0_1_0_0_1_1_1_1_1_1_1_0_1_0_0_1_0,1,2.3333333333333336e-5,1.699673171197595e-5,0.3148148148148148,188.75
0_0_0_0_0_0_0_1_0_1_0_0_1_0_1_0_1_1_1_0_1_1_1_1_1_0_0_0_0_0_0_0_1_0_1_1_0_0,1,2.3333333333333336e-5,1.2472191289246474e-5,0.29012345679012347,149.16666666666666
0_1_0_1_1_0_1_0_1_0_1_1_1_1_0_0_0_0_0_1_1_1_0_1_0_0_1_1_0_0_1_1_0_0_0_0_1_0,1,2.3333333333333336e-5,9.428090415820634e-6,0.2777777777777778,192.2222222222222
0_1_0_1_1_0_1_0_1_0_1_1_0_0_0_1_0_0_0_1_0_0_1_1_0_0_1_1_0_0_1_1_0_0_1_1_1_1,1,2.3333333333333336e-5,1.2472191289246474e-5,0.2777777777777778,145.0
1_1_1_1_1_1_1_0_1_0_1_1_0_0_0_1_0_0_1_1_1_1_0_0_0_1_1_1_1_1_0_1_0_0_1_1_1_1,1,2.3333333333333336e-5,1.2472191289246474e-5,0.2962962962962963,136.25
1_1_1_1_1_1_1_0_1_0_1_1_0_1_0_1_0_0_1_1_1_1_1_0_0_1_1_1_1_1_1_1_1_1_0_0_1_1,1,2.3333333333333336e-5,4.714045207910317e-6,0.29012345679012347,206.66666666666666
0_0_0_0_0_0_0_1_0_0_0_1_0_1_1_1_1_1_0_0_0_0_1_1_0_0_0_0_0_0_0_0_1_0_0_1_0_1,1,2.3333333333333336e-5,9.428090415820634e-6,0.30864197530864196,138.88888888888889
1_0_1_0_0_0_0_1_0_1_0_0_1_0_1_1_1_1_1_0_0_0_1_0_1_1_0_0_1_1_0_0_1_1_1_1_0_1,1,2.3333333333333336e-5,4.714045207910317e-6,0.2839506172839506,145.55555555555557
1_1_1_1_1_1_1_0_0_1_1_1_1_1_0_0_0_0_0_1_1_1_0_1_0_0_1_1_0_1_1_1_1_1_0_0_1_0,1,2.3333333333333336e-5,4.714045207910317e-6,0.30246913580246915,190.0
1_0_1_0_0_1_0_1_0_1_0_0_1_1_1_0_1_1_0_0_1_1_0_1_0_0_0_0_0_1_0_0_1_1_0_0_0_0,1,2.3333333333333336e-5,9.428090415820634e-6,0.29012345679012347,163.33333333333334
1_1_1_1_1_1_1_0_1_0_1_1_0_0_0_1_0_0_1_1_1_1_1_0_0_1_1_1_1_1_1_1_0_0_1_1_1_1,1,2.3333333333333336e-5,9.428090415820634e-6,0.2839506172839506,123.33333333333333
1_0_1_0_0_1_0_1_0_1_0_0_1_0_1_1_1_1_0_0_0_0_0_0_1_1_0_0_1_1_0_0_1_1_1_1_0_1,1,2.3333333333333336e-5,9.428090415820634e-6,0.30246913580246915,125.55555555555554
0_1_0_1_1_0_1_0_1_0_1_1_0_1_0_0_0_0_1_1_1_1_0_1_0_0_1_1_0_0_0_1_0_0_0_0_1_0,1,2.3333333333333336e-5,4.714045207910317e-6,0.3148148148148148,139.44444444444446
0_0_0_1_1_1_1_1_1_0_1_0_1_1_1_0_1_0_1_1_0_0_1_0_0_1_1_1_1_0_1_0_0_0_0_0_1_0,1,2.3333333333333336e-5,1.2472191289246474e-5,0.3395061728395062,220.0
0_1_0_1_1_0_1_0_1_0_1_1_0_0_0_1_0_0_0_1_0_0_0_1_0_0_1_1_0_0_1_1_0_0_1_1_1_1,1,2.3333333333333336e-5,9.428090415820634e-6,0.2716049382716049,116.66666666666667
0_0_0_0_0_0_0_1_0_0_0_1_1_0_1_1_1_1_1_0_1_1_1_0_0_1_0_0_1_0_0_0_1_0_1_1_0_1,1,2.3333333333333336e-5,9.428090415820634e-6,0.2962962962962963,163.33333333333334
1_1_1_1_1_1_1_0_1_0_1_1_0_1_0_0_0_0_1_1_0_0_1_0_0_1_1_1_1_1_1_1_0_0_0_0_1_0,1,2.3333333333333336e-5,1.699673171197595e-5,0.32098765432098764,162.08333333333331
0_1_0_0_0_0_1_1_1_0_0_1_0_0_0_1_0_0_0_0_0_0_0_1_0_0_0_0_0_0_1_0_0_0_1_1_0_1,1,2.3333333333333336e-5,4.714045207910317e-6,0.30246913580246915,152.2222222222222
0_0_0_0_0_0_0_1_0_0_0_1_1_0_1_1_1_1_0_0_0_0_1_0_1_1_0_0_1_0_0_0_1_0_1_1_0_1,1,2.3333333333333336e-5,1.2472191289246474e-5,0.30864197530864196,186.66666666666666
1_1_1_1_1_1_1_0_1_1_1_0_1_1_0_0_0_0_1_1_0_0_0_0_0_1_1_1_1_1_1_1_0_1_0_0_1_0,1,2.3333333333333336e-5,1.2472191289246472e-5,0.30246913580246915,177.5
1_1_1_1_1_0_0_0_1_0_1_1_1_1_0_1_0_0_1_1_0_0_0_0_1_1_1_1_1_1_0_1_0_0_0_0_1_0,1,2.3333333333333336e-5,2.0548046676563257e-5,0.29012345679012347,117.5
1_1_1_1_1_1_1_0_1_1_1_0_1_1_0_0_0_0_0_1_0_0_0_0_0_1_1_1_1_1_1_1_0_1_0_0_1_0,1,2.3333333333333336e-5,4.714045207910317e-6,0.30246913580246915,148.88888888888889
1_0_1_0_0_0_0_1_0_1_0_0_0_0_1_1_1_1_1_0_1_1_1_1_1_0_0_0_0_1_0_0_1_1_1_1_0_1,1,2.3333333333333336e-5,9.428090415820634e-6,0.2654320987654321,215.55555555555557
0_0_0_0_0_0_0_1_0_1_0_0_1_1_1_0_1_1_0_0_0_0_0_1_0_0_0_0_0_0_0_0_0_1_0_0_0_0,1,2.3333333333333336e-5,1.8856180831641267e-5,0.29012345679012347,135.0
0_0_0_0_0_0_0_1_0_1_0_0_0_1_1_0_1_1_1_0_1_1_1_0_0_1_0_0_1_0_0_0_0_0_0_1_0_0,1,2.3333333333333336e-5,1.699673171197595e-5,0.29012345679012347,153.33333333333331
1_0_1_1_1_1_0_0_0_1_1_0_1_1_1_0_1_1_1_1_1_1_0_0_0_1_1_1_1_1_0_1_1_0_0_0_1_0,1,2.3333333333333336e-5,4.714045207910317e-6,0.2962962962962963,222.7777777777778
1_1_1_1_1_0_1_0_1_0_1_1_1_1_0_0_0_0_0_1_0_0_1_0_0_1_1_1_1_1_1_1_0_0_0_0_1_0,1,2.3333333333333336e-5,9.428090415820634e-6,0.3271604938271605,184.44444444444446
0_1_0_1_1_1_1_0_1_0_1_1_0_1_0_0_0_0_1_1_0_0_0_0_0_1_1_1_1_0_1_1_0_0_0_0_1_0,1,2.3333333333333336e-5,1.2472191289246472e-5,0.2839506172839506,237.5
0_0_0_0_0_0_0_1_0_1_0_0_1_0_1_1_1_1_0_0_0_0_1_1_1_0_0_0_0_0_1_0_1_1_1_1_0_1,1,2.3333333333333336e-5,1.2472191289246472e-5,0.3148148148148148,154.16666666666666
0_1_0_1_1_1_1_0_1_0_1_1_1_1_0_0_0_0_0_1_1_1_0_1_0_0_1_1_0_0_0_1_0_0_0_0_1_0,1,2.3333333333333336e-5,4.714045207910317e-6,0.2839506172839506,143.88888888888889
1_0_1_0_0_1_0_1_0_1_0_0_1_0_1_1_1_1_1_0_1_1_0_1_1_0_0_0_0_1_0_0_1_1_1_1_0_1,1,2.3333333333333336e-5,2.0548046676563257e-5,0.30246913580246915,118.5
1_0_1_0_0_0_0_1_0_1_0_0_1_1_1_0_1_1_0_0_0_0_0_0_0_1_0_0_1_1_0_0_1_0_0_0_0_0,1,2.3333333333333336e-5,2.0548046676563257e-5,0.25925925925925924,218.5
0_0_0_0_0_0_0_1_1_0_0_0_0_0_1_1_1_1_1_0_1_1_1_1_1_0_0_0_0_0_0_0_0_0_1_1_0_1,1,2.3333333333333336e-5,1.2472191289246472e-5,0.30246913580246915,222.5
0_1_0_1_1_0_1_0_1_0_1_1_0_0_0_1_0_0_1_1_1_1_0_0_0_1_1_1_1_0_0_1_0_0_1_1_1_1,1,2.3333333333333336e-5,9.428090415820634e-6,0.29012345679012347,154.44444444444443
1_0_1_1_1_1_0_0_0_1_1_1_1_1_1_1_1_1_1_1_0_0_0_0_1_1_1_1_1_1_0_1_1_0_0_0_1_0,1,2.3333333333333336e-5,4.714045207910317e-6,0.25925925925925924,148.88888888888889
0_1_0_0_0_0_1_1_1_0_0_1_0_0_0_0_0_0_1_0_0_0_1_0_0_1_0_0_1_0_1_0_0_1_1_1_0_1,1,2.3333333333333336e-5,4.714045207910317e-6,0.25925925925925924,235.0
0_1_0_1_1_0_1_0_1_0_1_1_1_1_0_0_0_0_1_1_0_0_0_0_0_1_1_1_1_0_1_1_0_0_0_0_1_0,1,2.3333333333333336e-5,9.428090415820634e-6,0.2777777777777778,256.6666666666667
1_1_1_1_1_0_0_0_1_0_1_1_0_1_0_0_0_0_1_1_1_1_1_0_0_1_1_1_1_1_1_1_0_0_0_0_1_0,1,2.3333333333333336e-5,4.714045207910317e-6,0.32098765432098764,146.11111111111111
0_0_0_0_0_1_0_1_0_1_0_0_1_1_1_0_1_1_0_0_0_0_0_1_1_0_0_0_0_0_0_0_1_1_0_0_0_0,1,2.3333333333333336e-5,4.714045207910317e-6,0.2962962962962963,177.7777777777778
0_0_0_0_0_0_0_1_0_1_0_0_0_1_1_0_1_1_0_0_0_0_0_1_0_0_0_0_0_0_0_0_1_0_0_1_0_0,1,2.3333333333333336e-5,4.714045207910317e-6,0.2839506172839506,167.2222222222222
1_1_1_1_1_0_0_0_1_0_1_1_1_1_0_0_0_0_1_1_1_1_1_0_0_1_1_1_1_1_1_1_0_0_0_0_1_0,1,2.3333333333333336e-5,2.6246692913372705e-5,0.3148148148148148,142.5
0_1_0_1_1_1_1_0_1_0_1_1_0_1_0_0_0_0_0_1_0_0_0_0_0_1_1_1_1_0_1_1_0_1_0_0_1_0,1,2.3333333333333336e-5,4.714045207910317e-6,0.2654320987654321,163.33333333333331
1_1_1_1_1_1_0_0_0_1_1_0_1_1_0_1_0_1_0_1_0_0_1_0_1_1_1_1_1_1_1_1_1_1_0_0_1_0,1,2.3333333333333336e-5,4.714045207910317e-6,0.29012345679012347,192.7777777777778
1_1_1_1_1_0_1_0_1_0_1_1_1_1_0_0_0_0_1_1_1_1_1_1_0_0_1_1_0_1_1_1_0_0_0_0_1_0,1,2.3333333333333336e-5,1.2472191289246474e-5,0.3271604938271605,169.16666666666666
1_0_1_1_1_0_0_0_0_1_1_0_1_1_1_0_1_1_1_1_0_0_0_0_0_1_1_1_1_1_0_1_1_0_0_0_1_0,1,2.3333333333333336e-5,4.714045207910317e-6,0.3148148148148148,237.77777777777774
1_1_1_1_1_1_1_0_1_1_1_0_1_1_0_0_0_0_0_1_0_0_1_0_0_1_1_1_1_1_1_1_0_1_0_0_1_0,1,2.3333333333333336e-5,1.8856180831641267e-5,0.30864197530864196,181.33333333333334
1_1_1_1_1_1_1_0_1_0_1_1_0_0_0_1_0_0_1_1_1_1_0_1_0_0_1_1_0_1_1_1_0_1_1_1_1_1,1,2.3333333333333336e-5,1.2472191289246474e-5,0.2777777777777778,142.5
0_0_0_1_1_1_1_1_1_0_1_0_1_1_1_0_1_0_0_1_1_1_1_1_0_0_1_1_0_0_1_0_0_0_0_0_1_0,1,2.3333333333333336e-5,4.714045207910317e-6,0.3395061728395062,249.44444444444446
1_1_1_1_1_1_1_0_0_1_1_0_1_1_0_1_0_1_0_1_1_1_0_1_1_0_1_1_0_1_1_1_1_1_0_0_1_0,1,2.3333333333333336e-5,4.714045207910317e-6,0.29012345679012347,138.33333333333334
0_0_0_0_0_0_0_1_0_1_0_0_1_1_1_0_1_1_0_0_0_0_1_1_1_0_0_0_0_0_0_0_0_0_0_0_0_0,1,2.3333333333333336e-5,9.428090415820634e-6,0.2716049382716049,162.22222222222226
0_1_0_0_0_0_1_1_1_0_0_0_1_1_0_0_0_0_0_0_0_0_1_1_0_0_0_0_0_0_1_0_1_1_0_0_0_0,1,2.3333333333333336e-5,4.714045207910317e-6,0.3148148148148148,127.77777777777777
0_1_0_0_0_0_1_1_1_0_0_0_0_0_0_0_0_0_1_0_0_0_1_0_0_1_0_0_1_0_1_0_0_1_1_1_0_1,1,2.3333333333333336e-5,1.2472191289246474e-5,0.25925925925925924,214.16666666666666
1_1_1_1_1_1_1_0_1_0_1_1_0_0_0_1_0_0_1_1_1_1_0_0_1_1_1_1_1_1_0_1_0_0_1_1_1_1,1,2.3333333333333336e-5,4.714045207910317e-6,0.29012345679012347,140.55555555555554
1_1_1_0_1_0_0_0_0_1_0_1_1_1_0_0_0_0_0_0_0_0_1_1_0_0_0_0_0_1_1_1_1_1_0_0_0_0,1,2.3333333333333336e-5,9.428090415820634e-6,0.30864197530864196,161.11111111111111
0_0_0_1_0_1_1_1_1_0_1_0_1_0_1_1_1_1_1_1_1_1_0_0_1_1_1_1_1_0_0_0_0_0_1_1_1_1,1,2.3333333333333336e-5,9.428090415820634e-6,0.3148148148148148,160.0
0_0_0_0_0_0_0_1_1_0_0_0_1_1_1_0_1_1_1_0_1_1_0_1_0_0_0_0_0_0_0_0_0_0_0_0_0_0,1,2.3333333333333336e-5,1.2472191289246472e-5,0.3148148148148148,211.66666666666666
0_0_0_0_0_0_0_1_0_1_0_0_1_1_1_0_1_1_1_0_1_1_0_1_0_0_0_0_0_0_0_0_1_0_0_0_0_0,1,2.3333333333333336e-5,4.714045207910317e-6,0.2777777777777778,155.55555555555554
1_1_1_1_1_1_1_0_0_1_1_1_1_1_0_0_0_0_0_1_1_1_0_1_1_0_1_1_0_1_1_1_1_1_0_0_1_0,1,2.3333333333333336e-5,2.0548046676563257e-5,0.2962962962962963,285.5
1_1_1_1_1_1_1_0_0_1_1_1_0_0_0_1_0_0_0_1_1_1_1_1_1_0_1_1_0_1_1_1_1_1_1_1_1_1,1,2.3333333333333336e-5,9.428090415820634e-6,0.3148148148148148,177.77777777777774
0_1_0_0_0_1_1_1_1_0_0_0_0_0_0_0_0_0_0_0_1_1_1_1_0_0_0_0_0_0_1_0_1_1_1_1_0_1,1,2.3333333333333336e-5,4.714045207910317e-6,0.25925925925925924,137.2222222222222
1_0_1_0_0_0_0_1_0_1_0_0_1_1_1_0_1_1_1_0_1_1_1_0_1_1_0_0_1_1_0_0_1_0_0_0_0_0,1,2.3333333333333336e-5,4.714045207910317e-6,0.24074074074074073,130.55555555555554
1_0_1_1_1_0_0_0_0_1_1_0_1_1_1_0_1_1_1_1_1_1_1_0_0_1_1_1_1_1_0_1_1_0_0_0_1_0,1,2.3333333333333336e-5,4.714045207910317e-6,0.30246913580246915,181.11111111111111
0_1_0_1_1_1_1_0_1_0_0_1_0_1_0_0_0_0_1_1_0_0_1_0_0_1_1_1_1_0_1_1_0_1_0_0_1_1,1,2.3333333333333336e-5,9.428090415820634e-6,0.25308641975308643,141.66666666666666
1_1_1_1_1_1_1_0_1_1_1_0_1_1_0_0_0_0_0_1_1_1_1_1_1_0_1_1_0_1_1_1_0_1_0_0_1_0,1,2.3333333333333336e-5,4.714045207910317e-6,0.30246913580246915,280.55555555555554
0_1_0_1_1_1_1_0_1_1_1_0_1_1_0_0_0_0_0_1_1_1_0_1_0_0_1_1_0_0_1_1_0_1_0_0_1_0,1,2.3333333333333336e-5,9.428090415820634e-6,0.2716049382716049,170.0
1_1_1_1_1_1_1_0_1_0_1_1_0_0_0_1_0_0_0_1_1_1_0_1_1_0_1_1_0_1_1_1_0_1_1_1_1_1,1,2.3333333333333336e-5,9.428090415820634e-6,0.2716049382716049,178.88888888888889
0_1_0_1_1_1_1_0_1_0_1_1_0_1_0_0_0_0_0_1_0_0_0_0_0_1_1_1_1_0_1_1_0_0_0_0_1_0,1,2.3333333333333336e-5,1.2472191289246474e-5,0.2839506172839506,170.83333333333334
0_0_0_0_0_0_0_1_0_1_0_0_1_0_1_1_1_1_0_0_0_0_0_1_1_0_0_0_0_0_0_0_0_1_1_1_0_1,1,2.3333333333333336e-5,9.428090415820634e-6,0.3148148148148148,125.55555555555554
1_1_1_1_1_0_1_0_1_0_1_1_0_1_0_0_0_0_0_1_0_0_0_1_0_0_1_1_0_1_1_1_0_0_0_0_1_0,1,2.3333333333333336e-5,4.714045207910317e-6,0.30864197530864196,128.88888888888889
0_0_0_0_0_0_0_1_1_0_0_0_1_1_1_0_1_1_0_0_0_0_0_0_0_1_0_0_1_0_0_0_0_0_0_0_0_0,1,2.3333333333333336e-5,1.2472191289246474e-5,0.3148148148148148,214.16666666666666
0_0_0_0_0_0_0_1_0_1_0_0_1_0_1_0_1_1_0_0_0_0_1_1_0_0_0_0_0_0_0_0_1_1_1_1_0_0,1,2.3333333333333336e-5,9.428090415820634e-6,0.2839506172839506,185.55555555555554
0_0_0_0_0_0_0_1_0_1_0_0_1_1_1_0_1_1_0_0_0_0_1_1_1_0_0_0_0_0_0_0_1_1_0_0_0_0,1,2.3333333333333336e-5,1.699673171197595e-5,0.2777777777777778,185.83333333333331
0_0_0_0_0_0_0_1_1_0_0_0_1_0_0_1_0_0_0_0_0_0_1_1_1_0_0_0_0_0_1_0_0_0_1_1_0_1,1,2.3333333333333336e-5,4.714045207910317e-6,0.30246913580246915,200.55555555555554
1_1_1_1_1_1_1_0_0_1_1_0_1_1_0_1_0_1_1_1_1_1_0_1_1_0_1_1_0_1_1_1_1_1_0_0_1_0,1,2.3333333333333336e-5,1.2472191289246474e-5,0.29012345679012347,211.66666666666666
0_0_0_1_0_1_1_1_1_0_1_0_1_0_1_1_1_1_0_1_0_0_0_1_1_0_1_1_0_0_0_0_0_0_1_1_1_1,1,2.3333333333333336e-5,4.714045207910317e-6,0.3148148148148148,144.44444444444446
0_1_0_1_1_1_1_0_1_1_1_0_1_1_0_0_0_0_0_1_1_1_0_1_1_0_1_1_0_0_1_1_0_1_0_0_1_0,1,2.3333333333333336e-5,9.428090415820634e-6,0.2654320987654321,204.44444444444446
0_0_0_0_0_0_0_1_1_0_0_1_0_0_1_0_1_0_0_0_1_1_0_1_0_0_0_0_0_0_0_0_0_0_1_1_0_1,1,2.3333333333333336e-5,4.714045207910317e-6,0.2962962962962963,154.44444444444446
0_0_0_0_0_0_0_1_0_0_0_1_0_1_1_1_1_1_1_0_1_1_1_0_0_1_0_0_1_0_0_0_1_0_0_1_0_1,1,2.3333333333333336e-5,9.428090415820634e-6,0.30864197530864196,193.33333333333334
0_0_0_0_0_1_1_1_0_1_0_0_1_0_1_0_1_1_0_0_0_0_0_1_1_0_0_0_0_0_0_0_1_1_1_1_0_0,1,2.3333333333333336e-5,9.428090415820634e-6,0.3148148148148148,155.55555555555557
0_0_0_0_0_0_0_1_0_0_0_1_0_0_1_1_1_1_0_0_1_1_0_1_0_0_0_0_0_0_0_0_1_0_1_1_0_1,1,2.3333333333333336e-5,1.2472191289246472e-5,0.30246913580246915,130.83333333333334
0_0_0_1_0_0_0_1_1_0_0_0_1_0_1_1_1_1_1_0_0_0_0_0_0_1_0_0_1_0_0_0_0_0_1_1_1_1,1,2.3333333333333336e-5,4.714045207910317e-6,0.30246913580246915,238.88888888888889
0_1_0_0_0_0_1_1_1_0_0_1_0_1_0_0_0_0_0_0_0_0_1_1_0_0_0_0_0_0_1_0_0_0_0_0_0_1,1,2.3333333333333336e-5,9.428090415820634e-6,0.2962962962962963,167.7777777777778
1_0_1_0_0_0_0_1_0_1_1_0_1_0_1_1_1_1_1_0_0_0_0_0_1_1_0_0_1_1_0_0_1_0_1_1_0_0,1,2.3333333333333336e-5,4.714045207910317e-6,0.25308641975308643,132.2222222222222
1_0_1_0_0_0_0_1_0_1_0_0_0_0_1_1_1_1_1_0_0_0_1_0_1_1_0_0_1_1_1_0_1_1_1_1_0_1,1,2.3333333333333336e-5,1.8856180831641267e-5,0.2839506172839506,124.0
1_0_1_1_1_0_0_0_0_1_1_0_1_1_1_1_1_1_0_1_0_0_1_0_1_1_1_1_1_1_0_1_1_0_0_0_1_0,1,2.3333333333333336e-5,1.2472191289246474e-5,0.2654320987654321,177.5
0_0_0_0_0_0_0_1_0_1_0_0_1_0_1_0_1_1_1_0_1_1_1_0_0_1_0_0_1_0_0_0_1_1_1_1_0_0,1,2.3333333333333336e-5,9.428090415820634e-6,0.2839506172839506,134.44444444444443
1_1_1_0_1_0_0_0_0_1_0_1_0_1_0_0_0_1_1_0_0_0_0_0_0_1_0_0_1_1_0_1_1_1_0_0_0_0,1,2.3333333333333336e-5,9.428090415820634e-6,0.3271604938271605,152.2222222222222
1_0_1_0_0_0_0_1_0_1_1_0_1_0_1_1_1_1_0_0_0_0_1_0_1_1_0_0_1_1_0_0_1_0_1_1_0_0,1,2.3333333333333336e-5,9.428090415820634e-6,0.24691358024691357,144.44444444444443
1_1_1_1_1_1_1_0_1_0_1_1_1_0_0_1_0_0_1_1_0_0_1_0_1_1_1_1_1_1_1_1_0_1_1_0_1_1,1,2.3333333333333336e-5,4.714045207910317e-6,0.30246913580246915,134.44444444444446
0_1_0_0_0_0_0_1_1_0_0_1_0_0_0_0_0_0_0_0_0_0_0_0_0_1_0_0_1_0_1_0_0_0_1_1_0_1,1,2.3333333333333336e-5,1.2472191289246474e-5,0.2777777777777778,150.0
1_0_1_0_0_0_0_1_0_0_0_1_0_0_1_1_1_1_0_0_0_0_0_0_0_1_0_0_1_1_0_0_1_0_1_1_0_1,1,2.3333333333333336e-5,9.428090415820634e-6,0.2716049382716049,224.44444444444446
0_0_0_0_0_0_0_1_1_0_0_0_1_1_1_0_1_1_0_0_0_0_1_0_0_1_0_0_1_0_0_0_0_0_0_0_0_0,1,2.3333333333333336e-5,1.2472191289246474e-5,0.30864197530864196,250.0
1_0_1_0_0_0_0_1_0_1_0_0_1_1_1_0_1_1_1_0_0_0_1_0_0_1_0_0_1_1_0_0_1_0_0_0_0_0,1,2.3333333333333336e-5,9.428090415820634e-6,0.25308641975308643,136.66666666666666
1_0_1_1_1_1_1_0_0_1_1_0_1_1_1_0_1_1_0_1_0_0_1_1_1_0_1_1_0_1_1_1_1_1_0_0_1_0,1,2.3333333333333336e-5,1.2472191289246472e-5,0.3148148148148148,120.0
0_1_0_1_1_0_1_0_1_0_1_1_0_0_0_1_0_0_1_1_0_0_1_0_1_1_1_1_1_0_1_1_0_0_1_1_1_1,1,2.3333333333333336e-5,9.428090415820634e-6,0.29012345679012347,120.0
0_0_0_0_0_1_1_1_0_1_0_0_1_0_1_1_1_1_1_0_1_1_0_0_1_1_0_0_1_0_0_0_1_1_1_1_0_1,1,2.3333333333333336e-5,1.2472191289246474e-5,0.32098765432098764,120.0
0_0_0_0_0_0_0_1_0_1_0_0_1_0_1_0_1_1_0_0_1_1_0_1_0_0_0_0_0_0_0_0_1_1_1_1_0_0,1,2.3333333333333336e-5,4.714045207910317e-6,0.30864197530864196,112.22222222222223
1_1_1_1_1_1_1_0_1_0_1_1_0_0_0_1_0_0_0_1_0_0_0_1_0_0_1_1_0_1_0_1_0_0_1_1_1_1,1,2.3333333333333336e-5,1.2472191289246474e-5,0.2962962962962963,175.83333333333334
0_0_0_0_0_0_0_1_0_0_0_1_0_0_1_1_1_1_1_0_1_1_0_1_0_0_0_0_0_0_0_0_1_0_1_1_0_1,1,2.3333333333333336e-5,2.6246692913372705e-5,0.30246913580246915,144.16666666666669
1_0_1_0_0_0_0_1_0_0_0_1_0_0_1_1_1_1_0_0_1_1_0_1_1_0_0_0_0_1_0_0_1_0_1_1_0_1,1,2.3333333333333336e-5,1.8856180831641267e-5,0.2777777777777778,216.0
1_0_1_0_0_0_0_1_0_1_0_0_1_0_1_1_1_1_1_0_1_1_0_1_1_0_0_0_0_1_0_0_1_1_1_1_0_1,1,2.3333333333333336e-5,1.2472191289246472e-5,0.29012345679012347,140.83333333333334
0_1_0_1_1_1_1_0_1_1_1_0_1_1_0_0_0_0_0_1_1_1_1_1_0_0_1_1_0_0_1_1_0_1_0_0_1_0,1,2.3333333333333336e-5,4.714045207910317e-6,0.2777777777777778,230.0
1_1_1_1_1_0_0_0_0_1_1_0_1_1_0_1_0_1_1_0_0_0_0_0_1_1_0_0_1_1_1_1_1_1_0_0_0_0,1,2.3333333333333336e-5,4.714045207910317e-6,0.2777777777777778,175.55555555555554
0_1_0_1_1_0_1_0_1_0_0_1_0_1_0_0_0_0_1_1_1_1_1_1_0_0_1_1_0_0_1_1_0_0_0_0_1_1,1,2.3333333333333336e-5,1.2472191289246474e-5,0.2839506172839506,145.0
1_1_1_1_1_1_1_0_1_1_1_0_1_1_0_0_0_0_0_1_1_1_1_1_0_0_1_1_0_1_1_1_0_1_0_0_1_0,1,2.3333333333333336e-5,4.714045207910317e-6,0.30864197530864196,185.0
1_1_1_1_1_1_1_0_0_1_1_1_1_1_0_0_0_0_1_1_0_0_0_0_1_1_1_1_1_1_1_1_1_1_0_0_1_0,1,2.3333333333333336e-5,1.2472191289246474e-5,0.2962962962962963,196.66666666666666
0_0_0_0_0_0_0_1_0_1_0_0_1_0_1_0_1_1_0_0_0_0_0_1_0_0_0_0_0_0_0_0_1_1_1_1_0_0,1,2.3333333333333336e-5,1.8856180831641267e-5,0.29012345679012347,161.33333333333334
1_1_1_1_1_1_1_0_1_0_1_1_0_1_0_1_0_0_0_1_1_1_1_1_0_0_1_1_0_1_1_1_0_0_0_0_1_1,1,2.3333333333333336e-5,9.428090415820634e-6,0.3148148148148148,233.33333333333334
0_1_0_1_1_1_1_0_1_0_1_1_0_1_0_0_0_0_0_1_1_1_1_1_0_0_1_1_0_0_1_1_0_0_0_0_1_0,1,2.3333333333333336e-5,1.2472191289246474e-5,0.29012345679012347,188.33333333333334
1_1_1_0_1_1_1_0_1_1_1_1_0_0_0_0_0_0_0_1_1_1_1_1_1_0_1_1_0_1_1_1_0_1_1_0_1_0,1,2.3333333333333336e-5,4.714045207910317e-6,0.25925925925925924,155.55555555555554
0_1_0_1_1_1_1_0_1_0_1_1_0_0_0_1_0_0_1_1_0_0_1_0_0_1_1_1_1_0_1_1_0_0_1_1_1_1,1,2.3333333333333336e-5,4.714045207910317e-6,0.2839506172839506,187.2222222222222
0_0_0_1_0_0_0_1_1_0_0_0_1_0_0_1_0_0_1_0_0_0_1_0_0_1_0_0_1_0_1_0_0_0_1_1_1_1,1,2.3333333333333336e-5,4.714045207910317e-6,0.30864197530864196,220.0
0_1_0_1_1_0_1_0_1_0_1_1_0_1_0_0_0_0_1_1_1_1_1_1_0_0_1_1_0_0_1_1_0_0_0_0_1_0,1,2.3333333333333336e-5,1.2472191289246472e-5,0.30246913580246915,216.66666666666666
0_0_0_0_0_0_0_1_1_0_0_0_0_1_0_1_0_1_1_0_0_0_1_0_0_1_0_0_1_0_1_0_0_0_0_1_0_1,1,2.3333333333333336e-5,9.428090415820634e-6,0.345679012345679,234.44444444444446
0_0_0_0_0_0_0_1_0_1_0_0_1_0_1_0_1_1_1_0_1_1_1_0_0_1_0_0_1_0_1_0_1_1_1_1_0_0,1,2.3333333333333336e-5,9.428090415820634e-6,0.30246913580246915,136.66666666666666
0_0_0_0_0_1_1_1_0_1_0_0_0_0_1_0_1_1_0_0_0_0_1_0_0_1_0_0_1_0_1_0_1_1_1_1_0_1,1,2.3333333333333336e-5,1.2472191289246472e-5,0.29012345679012347,149.16666666666666
0_0_0_0_0_0_0_1_0_0_0_1_0_0_1_1_1_1_1_0_0_0_1_0_1_1_0_0_1_0_0_0_1_0_1_1_0_1,1,2.3333333333333336e-5,1.8856180831641267e-5,0.30246913580246915,214.66666666666666
0_1_0_1_1_1_1_0_1_1_1_0_0_1_0_0_0_0_1_1_0_0_0_0_0_1_1_1_1_0_1_1_0_1_0_0_1_0,1,2.3333333333333336e-5,1.699673171197595e-5,0.29012345679012347,191.66666666666669
1_1_1_1_1_0_1_0_1_0_1_1_1_1_0_1_0_0_0_1_1_1_1_1_1_0_1_1_0_1_1_1_1_0_0_0_1_0,1,2.3333333333333336e-5,2.0548046676563257e-5,0.2839506172839506,191.5
1_1_1_1_1_1_1_0_1_0_1_1_0_1_0_1_0_0_1_1_1_1_0_0_1_1_1_1_1_1_0_1_0_0_0_0_1_1,1,2.3333333333333336e-5,1.699673171197595e-5,0.30246913580246915,145.41666666666666
0_0_0_0_0_0_0_1_0_0_0_0_1_1_1_1_1_1_0_0_0_0_1_0_0_1_0_0_1_0_0_0_1_0_0_1_0_1,1,2.3333333333333336e-5,1.699673171197595e-5,0.25925925925925924,167.08333333333331
1_0_1_0_0_0_0_1_0_1_1_0_1_0_1_1_1_1_0_0_1_1_1_1_1_0_0_0_0_1_1_0_1_1_1_1_0_0,1,2.0e-5,8.16496580927726e-6,0.2839506172839506,152.2222222222222
0_0_0_0_0_0_0_1_0_0_0_1_1_0_0_1_0_1_1_0_1_1_1_0_0_1_0_0_1_0_1_0_1_0_1_1_0_1,1,2.0e-5,1.4142135623730951e-5,0.3148148148148148,123.33333333333333
1_1_1_1_1_1_1_0_0_1_1_1_1_1_0_0_0_0_0_1_1_1_1_1_0_0_1_1_0_1_1_1_1_1_0_0_1_0,1,2.0e-5,1.6329931618554523e-5,0.30864197530864196,275.0
0_0_0_0_0_0_0_1_1_0_0_0_1_0_1_1_1_1_0_0_1_1_1_1_0_0_0_0_0_0_0_0_0_0_1_1_0_1,1,2.0e-5,2.1602468994692868e-5,0.3148148148148148,174.0
1_1_1_1_1_1_1_0_1_0_1_1_0_0_0_1_0_0_1_1_1_1_0_1_1_0_1_1_0_1_1_1_0_1_1_1_1_1,1,2.0e-5,1.4142135623730953e-5,0.2716049382716049,200.0
1_1_1_1_1_1_1_0_1_0_1_1_0_1_0_0_0_0_1_1_1_1_0_0_0_1_1_1_1_1_1_1_0_0_0_0_1_0,1,2.0e-5,0.0,0.2962962962962963,155.0
0_1_0_0_0_0_1_1_1_0_0_1_0_1_0_0_0_0_1_0_1_1_1_0_0_1_0_0_1_0_1_0_0_0_0_0_0_1,1,2.0e-5,1.6329931618554523e-5,0.2962962962962963,140.0
0_1_0_0_0_0_0_1_1_0_0_1_0_0_0_1_0_0_1_0_0_0_1_0_1_1_0_0_1_0_1_0_0_0_1_1_0_1,1,2.0e-5,8.16496580927726e-6,0.3271604938271605,186.66666666666669
0_1_0_1_1_1_1_0_1_0_1_1_0_1_0_0_0_0_1_1_0_0_0_0_0_1_1_1_1_0_0_1_0_0_0_0_1_0,1,2.0e-5,8.16496580927726e-6,0.30246913580246915,124.44444444444446
1_1_1_1_1_0_0_0_1_0_1_1_0_0_0_1_0_0_1_1_1_1_1_0_1_1_1_1_1_1_1_1_0_0_1_1_1_1,1,2.0e-5,8.16496580927726e-6,0.2962962962962963,145.0
1_1_1_1_1_1_1_0_1_0_1_1_0_1_0_1_0_0_0_1_0_0_0_0_1_1_1_1_1_1_1_1_0_1_0_0_1_1,1,2.0e-5,1.6329931618554523e-5,0.2839506172839506,172.5
0_0_0_0_0_0_0_1_1_0_0_0_0_0_1_1_1_1_0_0_1_1_1_1_1_0_0_0_0_0_0_0_0_0_1_1_0_1,1,2.0e-5,8.16496580927726e-6,0.30246913580246915,269.4444444444444
0_0_0_0_0_0_0_1_0_1_0_0_1_0_1_0_1_1_0_0_0_0_1_1_0_0_0_0_0_0_1_0_1_1_1_1_0_0,1,2.0e-5,8.16496580927726e-6,0.30246913580246915,167.77777777777777
1_1_1_1_1_1_1_0_1_0_1_1_0_0_0_1_0_0_1_1_1_1_1_0_1_1_1_1_1_1_1_1_1_0_1_1_1_1,1,2.0e-5,8.16496580927726e-6,0.29012345679012347,156.11111111111111
0_1_0_0_0_1_1_1_1_0_0_0_0_0_0_0_0_0_0_0_0_0_1_0_0_1_0_0_1_0_1_0_1_1_1_1_0_1,1,2.0e-5,8.16496580927726e-6,0.25925925925925924,136.11111111111111
1_1_1_1_1_1_1_0_1_0_1_1_0_1_0_1_0_0_0_1_0_0_1_0_0_1_1_1_1_1_1_1_0_0_0_0_1_1,1,2.0e-5,8.16496580927726e-6,0.3148148148148148,231.66666666666666
1_1_1_1_1_1_1_0_1_0_1_1_0_1_0_1_0_0_0_1_0_0_1_1_1_0_1_1_0_1_1_1_1_0_0_0_1_1,1,2.0e-5,2.1602468994692868e-5,0.30246913580246915,103.0
0_0_0_0_0_0_0_1_0_0_0_1_1_0_1_1_1_1_1_0_0_0_0_0_1_1_0_0_1_0_0_0_1_0_1_1_0_1,1,2.0e-5,1.6329931618554523e-5,0.3148148148148148,251.25
1_1_1_0_0_1_1_1_1_0_1_1_1_0_0_1_0_0_1_1_1_1_1_0_1_1_1_1_1_1_1_0_0_0_1_0_1_1,1,2.0e-5,1.6329931618554523e-5,0.3395061728395062,165.0
1_1_1_1_1_1_1_0_1_0_1_1_0_0_0_1_0_0_0_1_0_0_0_1_1_0_1_1_0_1_0_1_0_0_1_1_1_1,1,2.0e-5,8.16496580927726e-6,0.29012345679012347,138.33333333333334
0_1_0_1_1_0_1_0_1_0_0_1_0_1_0_0_0_0_0_1_1_1_0_1_0_0_1_1_0_0_0_1_0_0_0_0_1_1,1,2.0e-5,8.16496580927726e-6,0.2962962962962963,205.55555555555554
1_1_1_1_1_1_1_0_1_0_1_1_0_0_0_1_0_0_0_1_0_0_1_0_0_1_1_1_1_1_1_1_0_1_1_1_1_1,1,2.0e-5,8.16496580927726e-6,0.2839506172839506,152.7777777777778
0_1_0_1_1_0_1_0_1_0_1_1_0_0_0_1_0_0_1_1_1_1_1_1_1_0_1_1_0_0_1_1_0_0_1_1_1_1,1,2.0e-5,0.0,0.29012345679012347,183.33333333333334
1_1_1_1_1_1_1_0_1_1_1_0_1_0_1_0_1_0_1_1_1_1_0_0_1_1_1_1_1_1_0_1_0_1_1_0_1_0,1,2.0e-5,1.6329931618554523e-5,0.3271604938271605,106.25
1_1_1_1_1_0_0_0_1_0_1_1_1_1_0_0_0_0_1_1_1_1_0_0_0_1_1_1_1_1_1_1_0_0_0_0_1_0,1,2.0e-5,1.4142135623730951e-5,0.30864197530864196,125.83333333333333
1_1_1_0_1_1_1_0_0_1_1_1_0_1_0_0_0_0_0_1_0_0_1_0_1_1_1_1_1_1_1_1_1_1_0_0_0_0,1,2.0e-5,8.16496580927726e-6,0.30246913580246915,219.44444444444446
1_1_1_1_1_1_1_0_1_0_1_1_0_0_0_1_0_0_1_1_1_1_1_1_1_0_1_1_0_1_1_1_0_1_1_1_1_1,1,2.0e-5,8.16496580927726e-6,0.2777777777777778,173.88888888888889
1_0_1_0_1_0_0_0_0_1_1_1_1_1_1_1_1_1_1_1_0_0_1_0_1_1_1_1_1_1_0_1_1_0_0_0_1_0,1,2.0e-5,2.1602468994692868e-5,0.2716049382716049,136.0
1_0_1_0_0_0_0_1_0_0_0_1_1_0_1_1_1_1_0_0_0_0_1_0_1_1_0_0_1_1_0_0_1_0_1_1_0_1,1,2.0e-5,8.16496580927726e-6,0.29012345679012347,107.22222222222223
1_1_1_1_1_1_1_0_1_0_1_1_1_0_0_1_0_0_1_1_1_1_0_0_1_1_1_1_1_1_1_1_1_1_1_0_1_1,1,2.0e-5,1.4142135623730953e-5,0.29012345679012347,145.0
0_1_0_1_1_0_1_0_1_0_1_1_0_0_0_1_0_0_0_1_1_1_1_1_1_0_1_1_0_0_1_1_0_0_1_1_1_1,1,2.0e-5,8.16496580927726e-6,0.29012345679012347,215.55555555555554
1_1_1_0_1_1_1_0_1_1_1_1_0_0_0_0_0_0_0_1_0_0_1_0_1_1_1_1_1_1_1_1_0_1_1_0_1_0,1,2.0e-5,0.0,0.25925925925925924,158.33333333333334
1_0_1_1_1_0_0_0_0_1_1_1_1_1_1_0_1_1_1_1_1_1_0_0_1_1_1_1_1_1_0_1_0_0_0_0_1_0,1,2.0e-5,2.1602468994692868e-5,0.29012345679012347,169.0
0_1_0_0_0_1_1_1_1_0_0_0_1_0_0_1_0_0_1_0_1_1_1_0_1_1_0_0_1_0_1_0_0_1_1_1_0_1,1,2.0e-5,1.4142135623730951e-5,0.30246913580246915,188.33333333333334
0_1_0_0_0_0_1_1_1_0_0_0_0_0_0_1_0_0_1_0_1_1_1_0_1_1_0_0_1_0_1_0_0_1_1_1_0_1,1,2.0e-5,1.4142135623730953e-5,0.2962962962962963,169.16666666666666
1_0_1_0_0_0_0_1_0_1_0_0_1_0_1_1_1_1_1_0_1_1_1_1_1_0_0_0_0_1_0_0_1_1_1_1_0_1,1,2.0e-5,8.16496580927726e-6,0.2839506172839506,140.55555555555554
0_0_0_0_0_0_0_1_0_1_0_0_1_1_1_0_1_1_1_0_1_1_1_1_1_0_0_0_0_0_0_0_1_0_0_0_0_0,1,2.0e-5,8.16496580927726e-6,0.2777777777777778,130.0
1_1_1_1_1_1_1_0_1_1_1_0_1_1_0_0_0_0_1_1_0_0_1_0_0_1_1_1_1_1_1_1_0_1_0_0_1_0,1,2.0e-5,8.16496580927726e-6,0.30864197530864196,137.2222222222222
1_0_1_0_0_1_0_1_0_1_1_0_1_0_1_1_1_1_1_0_1_1_1_1_1_0_0_0_0_1_0_0_1_1_1_1_0_0,1,2.0e-5,1.4142135623730951e-5,0.2777777777777778,138.33333333333331
0_0_0_0_0_0_0_1_0_1_0_0_1_1_1_0_1_1_0_0_1_1_0_1_1_0_0_0_0_0_0_0_1_0_0_0_0_0,1,2.0e-5,8.16496580927726e-6,0.2839506172839506,147.7777777777778
0_1_0_1_1_1_1_0_1_0_1_1_1_1_0_0_0_0_1_1_0_0_0_0_0_1_1_1_1_0_1_1_0_0_0_0_1_0,1,2.0e-5,8.16496580927726e-6,0.2654320987654321,159.44444444444446
1_1_1_1_1_1_1_0_1_0_1_1_1_1_0_0_0_0_0_1_1_1_0_1_0_0_1_1_0_1_0_1_0_0_0_0_1_0,1,2.0e-5,1.4142135623730953e-5,0.3271604938271605,158.33333333333334
0_0_0_0_0_1_0_1_0_1_0_0_0_1_1_0_1_1_0_0_0_0_1_1_0_0_0_0_0_0_1_0_1_1_0_1_0_0,1,2.0e-5,1.6329931618554523e-5,0.3271604938271605,116.25
0_0_0_0_0_0_0_1_1_0_0_0_0_0_0_1_0_1_0_0_0_0_1_1_1_0_0_0_0_0_1_0_0_0_1_1_0_1,1,2.0e-5,8.16496580927726e-6,0.30246913580246915,223.88888888888889
0_0_0_1_0_1_1_1_1_0_1_0_0_0_1_1_1_0_0_1_0_0_1_1_1_0_1_1_0_0_0_0_0_0_1_1_1_1,1,2.0e-5,1.6329931618554523e-5,0.2962962962962963,131.25
0_0_0_0_0_0_0_1_0_1_0_0_1_0_1_0_1_1_0_0_0_0_0_0_1_1_0_0_1_0_0_0_1_1_1_1_0_0,1,2.0e-5,1.4142135623730953e-5,0.3148148148148148,168.33333333333334
0_1_0_0_0_1_1_1_1_0_0_1_0_0_0_1_0_0_0_0_0_0_1_0_1_1_0_0_1_0_1_0_0_1_1_1_0_1,1,2.0e-5,1.6329931618554523e-5,0.3148148148148148,298.75
0_1_0_1_1_0_1_0_1_0_0_1_0_1_0_0_0_0_1_1_0_0_0_0_0_1_1_1_1_0_0_1_0_0_0_0_1_1,1,2.0e-5,8.16496580927726e-6,0.2962962962962963,165.55555555555557
0_0_0_0_0_1_0_1_0_1_0_0_1_1_1_0_1_1_1_0_1_1_0_0_1_1_0_0_1_0_0_0_1_1_0_0_0_0,1,2.0e-5,8.16496580927726e-6,0.2962962962962963,152.5
0_1_0_1_1_0_1_0_1_0_0_1_0_1_0_0_0_0_1_1_0_0_1_0_0_1_1_1_1_0_1_1_0_0_0_0_1_1,1,2.0e-5,1.4142135623730951e-5,0.2839506172839506,148.33333333333334
0_1_0_1_1_0_1_0_1_0_1_1_0_0_0_1_0_0_0_1_0_0_1_0_1_1_1_1_1_0_1_1_0_0_1_1_1_1,1,2.0e-5,8.16496580927726e-6,0.29012345679012347,177.2222222222222
1_0_1_0_0_0_0_1_0_1_0_0_0_0_1_1_1_1_1_0_1_1_1_1_1_0_0_0_0_1_1_0_1_1_1_1_0_1,1,2.0e-5,8.16496580927726e-6,0.2839506172839506,112.77777777777777
0_1_0_0_0_0_0_1_1_0_0_1_0_0_0_1_0_0_1_0_1_1_0_0_1_1_0_0_1_0_0_0_0_0_1_1_0_1,1,2.0e-5,8.16496580927726e-6,0.32098765432098764,218.33333333333334
1_0_1_0_0_0_0_1_0_1_0_0_1_0_1_1_1_1_1_0_0_0_0_0_1_1_0_0_1_1_0_0_1_1_1_1_0_1,1,2.0e-5,0.0,0.29012345679012347,206.66666666666666
1_1_1_1_1_1_1_0_0_1_1_1_0_0_0_1_0_0_0_1_0_0_0_0_1_1_1_1_1_1_1_1_1_1_1_1_1_1,1,2.0e-5,1.6329931618554523e-5,0.30864197530864196,250.0
1_0_1_1_1_1_1_0_0_1_1_0_1_1_1_1_1_1_0_1_1_1_1_1_1_0_1_1_0_1_0_1_1_1_0_0_1_0,1,2.0e-5,1.6329931618554523e-5,0.2777777777777778,156.25
1_1_1_1_1_1_1_0_1_0_1_1_1_0_0_1_0_0_0_1_0_0_1_1_1_0_1_1_0_1_1_1_1_0_1_0_1_1,1,2.0e-5,0.0,0.3148148148148148,135.0
1_0_1_1_1_0_0_0_0_1_1_1_1_1_1_1_1_1_1_1_1_1_0_1_1_0_1_1_0_1_0_1_0_0_0_0_1_0,1,2.0e-5,8.16496580927726e-6,0.25925925925925924,115.0
1_1_1_1_1_0_0_0_0_1_1_0_1_1_0_1_0_1_0_0_0_0_0_0_1_1_0_0_1_1_1_1_1_1_0_0_0_0,1,2.0e-5,1.6329931618554523e-5,0.2777777777777778,128.75
0_0_0_0_0_0_0_1_0_1_0_0_1_0_1_0_1_1_0_0_0_0_0_1_1_0_0_0_0_0_0_0_0_0_1_1_0_0,1,2.0e-5,8.16496580927726e-6,0.29012345679012347,125.0
0_1_0_1_1_1_1_0_1_0_0_1_0_1_0_0_0_0_1_1_1_1_0_1_0_0_1_1_0_0_0_1_0_0_0_0_1_1,1,2.0e-5,8.16496580927726e-6,0.2839506172839506,148.33333333333334
0_0_0_0_0_0_0_1_0_0_0_0_1_1_1_1_1_1_1_0_0_0_1_0_0_1_0_0_1_0_0_0_1_0_0_1_0_1,1,2.0e-5,8.16496580927726e-6,0.25925925925925924,195.0
1_1_1_0_1_1_1_0_1_1_1_1_0_0_0_0_0_0_1_1_1_1_1_1_1_0_1_1_0_1_1_1_0_1_1_0_1_0,1,2.0e-5,1.4142135623730953e-5,0.25925925925925924,112.5
1_0_1_1_1_1_1_0_0_1_1_0_1_1_1_1_1_1_0_1_0_0_1_0_1_1_1_1_1_1_0_1_1_1_0_0_1_0,1,2.0e-5,8.16496580927726e-6,0.2777777777777778,123.8888888888889
1_0_1_0_0_0_0_1_0_1_0_0_1_1_1_0_1_1_0_0_0_0_0_0_1_1_0_0_1_1_0_0_1_1_0_0_0_0,1,2.0e-5,2.1602468994692868e-5,0.2839506172839506,121.0
1_0_1_0_0_0_0_1_0_0_0_1_0_0_1_1_1_1_0_0_0_0_0_0_1_1_0_0_1_1_0_0_1_0_1_1_0_1,1,2.0e-5,1.4142135623730951e-5,0.2777777777777778,119.16666666666667
0_1_0_0_0_0_0_1_1_0_0_1_0_1_0_0_0_0_1_0_1_1_1_0_0_1_0_0_1_0_1_0_0_0_0_0_0_1,1,2.0e-5,8.16496580927726e-6,0.30246913580246915,140.0
0_0_0_0_0_0_0_1_0_0_0_1_1_0_1_1_1_1_0_0_0_0_0_0_1_1_0_0_1_0_0_0_1_0_1_1_0_1,1,2.0e-5,8.16496580927726e-6,0.3148148148148148,176.11111111111111
0_0_0_1_1_0_1_1_1_0_1_0_1_1_1_0_1_0_1_1_1_1_1_0_0_1_1_1_1_0_1_0_0_0_0_0_1_0,1,2.0e-5,2.1602468994692868e-5,0.3333333333333333,237.0
0_0_0_0_0_0_0_1_0_1_0_0_1_1_1_0_1_1_0_0_1_1_0_1_0_0_0_0_0_0_0_0_0_0_0_0_0_0,1,2.0e-5,8.16496580927726e-6,0.29012345679012347,135.0
0_0_0_0_0_0_0_1_0_0_0_1_0_0_1_1_1_1_1_0_0_0_1_0_0_1_0_0_1_0_0_0_1_0_1_1_0_1,1,2.0e-5,8.16496580927726e-6,0.2962962962962963,243.33333333333334
0_0_0_1_1_0_1_1_1_0_1_0_1_1_1_0_1_0_0_1_0_0_1_1_0_0_1_1_0_0_1_0_0_0_0_0_1_0,1,2.0e-5,8.16496580927726e-6,0.3333333333333333,153.88888888888889
0_0_0_1_0_1_1_1_1_0_1_0_1_0_1_1_1_0_0_1_1_1_1_1_1_0_1_1_0_0_1_0_0_0_1_1_1_1,1,2.0e-5,1.4142135623730951e-5,0.3271604938271605,195.0
1_1_1_1_1_0_0_0_0_1_0_1_0_1_0_0_0_0_1_0_1_1_0_0_0_1_0_0_1_1_1_1_1_1_0_0_0_0,1,2.0e-5,1.4142135623730951e-5,0.3271604938271605,163.33333333333334
0_0_0_0_0_0_0_1_1_0_0_0_1_0_0_1_0_1_0_0_1_1_1_1_1_0_0_0_0_0_1_0_0_0_1_1_0_1,1,2.0e-5,1.4142135623730953e-5,0.3271604938271605,152.5
1_0_1_0_0_0_0_1_0_0_0_1_0_0_1_1_1_1_1_0_0_0_0_0_1_1_0_0_1_1_0_0_1_0_1_1_0_1,1,2.0e-5,0.0,0.2777777777777778,253.33333333333334
0_0_0_0_0_1_1_1_0_1_0_0_0_0_1_0_1_1_0_0_0_0_1_0_0_1_0_0_1_0_0_0_1_1_1_1_0_1,1,2.0e-5,8.16496580927726e-6,0.2716049382716049,139.44444444444443
1_0_1_1_1_1_0_0_0_1_1_0_1_1_1_0_1_1_1_1_1_1_0_0_1_1_1_1_1_1_0_1_1_0_0_0_1_0,1,2.0e-5,0.0,0.29012345679012347,198.33333333333334
0_1_0_1_1_1_1_0_1_0_1_1_1_1_0_0_0_0_1_1_0_0_0_0_0_1_1_1_1_0_0_1_0_0_0_0_1_0,1,2.0e-5,1.4142135623730951e-5,0.2839506172839506,153.33333333333334
1_0_1_0_0_0_0_1_0_0_0_1_0_0_1_1_1_1_1_0_1_1_1_1_0_0_0_0_0_1_0_0_1_0_1_1_0_1,1,2.0e-5,8.16496580927726e-6,0.2654320987654321,147.2222222222222
1_0_1_0_0_0_0_1_0_0_0_1_1_0_0_1_0_0_0_0_0_0_1_1_1_0_0_0_0_1_1_0_1_0_1_1_0_1,1,2.0e-5,0.0,0.2839506172839506,133.33333333333334
1_0_1_1_1_1_1_0_0_1_1_0_1_1_1_0_1_1_1_1_1_1_0_0_0_1_1_1_1_1_0_1_1_1_0_0_1_0,1,2.0e-5,1.6329931618554523e-5,0.30864197530864196,168.75
0_1_0_0_0_1_1_1_1_0_0_0_0_0_0_1_0_0_0_0_0_0_1_1_1_0_0_0_0_0_1_0_1_1_1_1_0_1,1,2.0e-5,8.16496580927726e-6,0.2962962962962963,102.77777777777777
0_0_0_0_0_0_0_1_0_1_0_0_1_0_1_0_1_1_0_0_0_0_0_0_1_1_0_0_1_0_0_0_1_0_1_1_0_0,1,2.0e-5,0.0,0.2962962962962963,123.33333333333333
0_0_0_0_0_1_0_1_0_1_0_0_0_1_1_0_1_1_1_0_1_1_0_0_0_1_0_0_1_0_0_0_1_1_0_1_0_0,1,2.0e-5,8.16496580927726e-6,0.3148148148148148,112.22222222222223
0_0_0_0_0_0_0_1_1_0_0_0_1_0_1_1_1_1_0_0_0_0_1_0_1_1_0_0_1_0_0_0_0_0_1_1_0_1,1,2.0e-5,0.0,0.30864197530864196,192.5
0_0_0_1_0_1_1_1_1_0_1_0_1_0_1_1_1_0_1_1_0_0_0_0_1_1_1_1_1_0_0_0_0_0_1_1_1_1,1,2.0e-5,1.4142135623730953e-5,0.3148148148148148,215.0
1_0_1_1_1_1_0_0_0_1_1_0_1_1_1_0_1_1_0_1_0_0_1_1_0_0_1_1_0_1_1_1_1_1_0_0_1_0,1,2.0e-5,8.16496580927726e-6,0.3148148148148148,245.55555555555554
0_1_0_0_0_0_1_1_1_0_0_0_0_0_0_0_0_0_1_0_1_1_1_1_0_0_0_0_0_0_1_0_0_1_1_1_0_1,1,2.0e-5,8.16496580927726e-6,0.25925925925925924,221.66666666666666
0_0_0_0_0_0_0_1_0_1_0_0_0_1_1_0_1_1_0_0_0_0_0_1_0_0_0_0_0_0_0_0_1_1_0_1_0_0,1,2.0e-5,8.16496580927726e-6,0.30246913580246915,118.88888888888887
1_1_1_1_1_1_1_0_0_1_1_1_0_1_0_0_0_0_0_1_1_1_0_1_1_0_1_1_0_1_1_1_1_1_0_0_1_0,1,2.0e-5,8.16496580927726e-6,0.3148148148148148,253.88888888888889
1_1_1_1_1_1_1_0_1_0_1_1_0_1_0_0_0_0_1_1_0_0_0_0_0_1_1_1_1_1_0_1_0_0_0_0_1_0,1,2.0e-5,1.4142135623730951e-5,0.3333333333333333,135.0
1_1_1_1_1_1_1_0_0_1_1_1_1_1_0_0_0_0_1_1_0_0_0_0_0_1_1_1_1_1_1_1_1_1_0_0_1_0,1,2.0e-5,0.0,0.30246913580246915,201.66666666666666
0_1_0_1_0_1_1_1_1_0_0_0_0_0_0_0_0_0_0_0_0_0_0_0_0_1_0_0_1_0_1_0_1_1_1_1_0_1,1,2.0e-5,8.16496580927726e-6,0.2716049382716049,188.33333333333334
0_1_0_1_1_1_1_0_1_0_0_1_0_1_0_0_0_0_0_1_0_0_1_0_0_1_1_1_1_0_1_1_0_1_0_0_1_1,1,2.0e-5,1.6329931618554523e-5,0.25308641975308643,183.75
1_0_1_1_1_1_0_0_0_1_1_0_1_1_1_1_1_1_1_1_0_0_1_0_1_1_1_1_1_1_0_1_1_0_0_0_1_0,1,2.0e-5,1.6329931618554523e-5,0.2654320987654321,167.5
0_0_0_0_0_0_0_1_1_0_0_0_0_0_0_1_0_1_0_0_0_0_1_0_0_1_0_0_1_0_1_0_0_0_1_1_0_1,1,2.0e-5,8.16496580927726e-6,0.3148148148148148,206.11111111111111
1_1_1_1_1_0_1_0_1_0_1_1_0_0_0_1_0_0_1_1_1_1_0_0_0_1_1_1_1_1_0_1_0_0_1_1_1_1,1,2.0e-5,1.4142135623730951e-5,0.30864197530864196,115.0
0_1_0_1_1_1_1_0_1_0_1_1_0_1_0_1_0_0_1_1_0_0_0_0_0_1_1_1_1_0_1_1_0_1_0_0_1_1,1,2.0e-5,8.16496580927726e-6,0.2716049382716049,125.0
1_1_1_1_1_0_1_0_1_0_1_1_1_1_0_1_0_0_0_1_1_1_0_1_1_0_1_1_0_1_1_1_1_0_0_0_1_0,1,2.0e-5,8.16496580927726e-6,0.2777777777777778,147.2222222222222
0_0_0_0_0_0_0_1_0_0_0_1_1_0_0_1_0_0_1_0_1_1_1_0_1_1_0_0_1_0_1_0_1_0_1_1_0_1,1,2.0e-5,1.4142135623730951e-5,0.30246913580246915,92.5
0_0_0_0_0_1_1_1_0_1_0_0_1_0_1_1_1_1_0_0_0_0_0_1_1_0_0_0_0_0_0_0_1_1_1_1_0_1,1,2.0e-5,8.16496580927726e-6,0.32098765432098764,157.7777777777778
0_0_0_0_0_0_0_1_0_0_0_1_0_0_1_1_1_1_0_0_0_0_0_0_1_1_0_0_1_0_0_0_1_0_1_1_0_1,1,2.0e-5,8.16496580927726e-6,0.30864197530864196,150.55555555555557
0_1_0_1_0_1_1_1_1_0_0_0_0_0_0_0_0_0_1_0_0_0_0_0_0_1_0_0_1_0_1_0_0_1_1_1_0_1,1,2.0e-5,1.4142135623730951e-5,0.2716049382716049,246.66666666666666
0_1_0_1_1_1_1_0_1_0_0_1_0_1_0_0_0_0_0_1_1_1_1_1_0_0_1_1_0_0_1_1_0_1_0_0_1_1,1,2.0e-5,8.16496580927726e-6,0.25308641975308643,140.55555555555557
0_1_0_0_0_0_0_1_1_0_0_1_0_0_0_0_0_0_1_0_0_0_0_0_0_1_0_0_1_0_1_0_0_0_1_1_0_1,1,2.0e-5,8.16496580927726e-6,0.2777777777777778,209.44444444444446
0_0_0_0_0_0_0_1_0_0_0_1_1_1_1_0_1_1_1_0_1_1_0_1_0_0_0_0_0_0_0_0_1_0_0_0_0_0,1,2.0e-5,0.0,0.3148148148148148,188.33333333333334
1_1_1_1_1_1_1_0_0_1_1_1_1_0_0_0_0_0_1_1_0_0_0_0_1_1_1_1_1_1_1_1_1_1_1_0_1_0,1,2.0e-5,8.16496580927726e-6,0.3271604938271605,182.2222222222222
1_1_1_0_0_1_1_1_0_1_1_1_0_0_1_1_1_0_0_1_0_0_1_1_1_0_1_1_0_1_1_0_1_1_1_1_0_1,1,2.0e-5,1.4142135623730953e-5,0.3333333333333333,130.0
1_1_1_1_1_1_1_0_1_0_1_1_0_0_0_1_0_0_1_1_0_0_0_0_1_1_1_1_1_1_1_1_0_1_1_1_1_1,1,2.0e-5,1.4142135623730953e-5,0.2716049382716049,200.0
0_1_0_1_1_1_1_0_1_0_0_1_0_1_0_0_0_0_0_1_1_1_0_1_0_0_1_1_0_0_0_1_0_0_0_0_1_1,1,2.0e-5,8.16496580927726e-6,0.2839506172839506,151.11111111111111
0_0_0_0_0_1_0_1_0_1_0_0_1_0_1_1_1_1_1_0_1_1_0_1_1_0_0_0_0_0_0_0_1_1_1_1_0_1,1,2.0e-5,1.6329931618554523e-5,0.3333333333333333,236.25
0_1_0_1_1_1_1_0_1_0_1_1_0_0_0_1_0_0_1_1_0_0_0_0_1_1_1_1_1_0_1_1_0_0_1_1_1_1,1,2.0e-5,8.16496580927726e-6,0.2716049382716049,134.44444444444443
0_0_0_0_0_0_0_1_0_1_0_0_1_1_1_0_1_1_1_0_1_1_1_0_0_1_0_0_1_0_0_0_0_0_0_0_0_0,1,2.0e-5,1.6329931618554523e-5,0.2654320987654321,115.0
1_0_1_1_1_0_0_0_0_1_1_1_0_1_1_0_1_1_0_1_0_0_0_1_0_0_1_1_0_1_0_1_0_0_0_0_1_0,1,2.0e-5,8.16496580927726e-6,0.30246913580246915,274.44444444444446
1_1_1_1_1_1_1_0_1_0_1_1_1_0_0_1_0_0_1_1_1_1_1_0_1_1_1_1_1_1_1_1_0_0_1_0_1_1,1,2.0e-5,8.16496580927726e-6,0.30246913580246915,134.44444444444446
1_0_1_0_0_0_0_1_0_1_0_0_1_1_1_0_1_1_1_0_1_1_0_1_0_0_0_0_0_1_0_0_1_0_0_0_0_0,1,2.0e-5,8.16496580927726e-6,0.25925925925925924,196.66666666666666
1_1_1_1_1_0_1_0_1_0_1_1_1_0_0_1_0_0_0_1_0_0_0_1_1_0_1_1_0_1_0_1_0_0_1_0_1_1,1,2.0e-5,8.16496580927726e-6,0.3271604938271605,148.33333333333334
0_0_0_1_0_1_1_1_1_0_1_0_0_0_1_1_1_1_0_1_0_0_0_1_1_0_1_1_0_0_0_0_0_0_1_1_1_1,1,2.0e-5,1.4142135623730953e-5,0.30864197530864196,162.5
0_1_0_1_1_1_1_0_1_1_1_0_0_1_0_0_0_0_0_1_0_0_1_0_0_1_1_1_1_0_1_1_0_1_0_0_1_0,1,2.0e-5,8.16496580927726e-6,0.2962962962962963,177.2222222222222
1_0_1_0_0_0_0_1_0_1_1_0_1_0_1_1_1_1_1_0_0_0_1_0_1_1_0_0_1_1_0_0_1_1_1_1_0_0,1,2.0e-5,1.4142135623730951e-5,0.2654320987654321,207.5
0_0_0_0_0_0_0_1_0_0_0_1_0_0_1_1_1_1_1_0_1_1_0_1_1_0_0_0_0_0_0_0_1_0_1_1_0_1,1,2.0e-5,0.0,0.30864197530864196,141.66666666666666
0_1_0_1_0_0_0_1_1_0_0_0_0_0_0_0_0_0_1_0_1_1_0_0_0_1_0_0_1_0_1_0_0_1_1_1_0_1,1,2.0e-5,8.16496580927726e-6,0.25925925925925924,170.55555555555557
0_1_0_0_0_0_1_1_1_0_0_1_0_0_0_1_0_0_1_0_1_1_1_0_0_1_0_0_1_0_1_0_0_1_1_1_0_1,1,2.0e-5,1.4142135623730951e-5,0.29012345679012347,155.83333333333334
0_0_0_0_0_1_1_1_0_1_0_0_1_1_1_0_1_1_0_0_0_0_0_1_0_0_0_0_0_0_0_0_1_1_0_0_0_0,1,2.0e-5,1.6329931618554523e-5,0.2962962962962963,155.0
0_0_0_0_0_1_0_1_0_1_0_0_1_0_1_0_1_1_0_0_0_0_1_1_0_0_0_0_0_0_1_0_1_1_1_1_0_0,1,2.0e-5,8.16496580927726e-6,0.3148148148148148,160.55555555555554
1_1_1_1_1_0_0_0_1_0_1_1_1_1_0_0_0_0_0_1_0_0_1_1_0_0_1_1_0_1_1_1_0_0_0_0_1_0,1,2.0e-5,8.16496580927726e-6,0.3148148148148148,195.0
0_0_0_1_0_1_1_1_1_0_1_0_1_0_1_1_1_0_0_1_0_0_1_0_1_1_1_1_1_0_1_0_0_0_1_1_1_1,1,2.0e-5,8.16496580927726e-6,0.3271604938271605,218.33333333333334
0_0_0_0_0_0_0_1_0_1_0_0_0_0_1_0_1_1_0_0_1_1_1_1_0_0_0_0_0_0_1_0_0_1_1_1_0_1,1,2.0e-5,8.16496580927726e-6,0.2839506172839506,143.33333333333334
1_1_1_1_1_0_1_0_1_0_1_1_0_0_0_1_0_0_1_1_1_1_1_0_0_1_1_1_1_1_1_1_0_0_1_1_1_1,1,2.0e-5,8.16496580927726e-6,0.2962962962962963,142.7777777777778
0_0_0_0_0_0_0_1_0_1_0_0_1_0_1_1_1_1_0_0_1_1_0_1_1_0_0_0_0_0_0_0_1_1_1_1_0_1,1,2.0e-5,0.0,0.32098765432098764,175.0
0_0_0_0_0_0_0_1_0_1_0_0_1_1_1_0_1_1_0_0_1_1_0_1_0_0_0_0_0_0_0_0_1_0_0_0_0_0,1,2.0e-5,0.0,0.2777777777777778,121.66666666666667
1_1_1_1_1_1_1_0_0_1_1_1_1_1_0_0_0_0_1_1_1_1_1_1_0_0_1_1_0_1_1_1_1_1_0_0_1_0,1,2.0e-5,8.16496580927726e-6,0.30864197530864196,208.33333333333334
0_1_0_0_0_0_1_1_1_0_0_1_0_0_0_0_0_0_1_0_1_1_0_1_0_0_0_0_0_0_1_0_0_1_1_1_0_1,1,2.0e-5,2.1602468994692868e-5,0.2654320987654321,320.0
1_1_1_0_1_0_0_0_0_1_0_1_0_1_0_0_0_1_0_0_1_1_1_1_0_0_0_0_0_1_1_1_1_1_0_0_0_0,1,2.0e-5,8.16496580927726e-6,0.3148148148148148,230.0
0_0_0_0_0_1_0_1_0_1_0_0_0_1_1_0_1_1_1_0_1_1_1_0_0_1_0_0_1_0_0_0_1_1_0_1_0_0,1,2.0e-5,1.4142135623730951e-5,0.30864197530864196,175.83333333333334
1_1_1_1_1_1_1_0_0_1_1_1_1_1_0_0_0_0_0_1_1_1_1_1_1_0_1_1_0_1_1_1_1_1_0_0_1_0,1,2.0e-5,1.4142135623730953e-5,0.30246913580246915,180.0
0_1_0_1_1_1_1_0_1_1_1_0_1_1_0_0_0_0_0_1_0_0_1_0_0_1_1_1_1_0_1_1_0_1_0_0_1_0,1,2.0e-5,8.16496580927726e-6,0.2777777777777778,152.2222222222222
0_0_0_0_0_0_0_1_0_1_0_0_0_1_1_0_1_1_1_0_1_1_1_0_0_1_0_0_1_0_1_0_0_1_0_1_0_0,1,2.0e-5,1.4142135623730951e-5,0.3271604938271605,114.16666666666667
1_1_1_0_1_0_0_0_0_1_0_1_0_1_0_0_0_1_1_0_0_0_1_0_0_1_0_0_1_1_1_1_1_1_0_0_0_0,1,2.0e-5,0.0,0.3148148148148148,216.66666666666666
1_1_1_1_1_1_1_0_1_0_1_1_1_1_0_0_0_0_0_1_0_0_0_0_0_1_1_1_1_1_1_1_0_0_0_0_1_0,1,2.0e-5,0.0,0.30864197530864196,141.66666666666666
1_1_1_1_1_0_0_0_1_0_1_1_1_1_0_1_0_0_1_1_1_1_0_1_1_0_1_1_0_1_1_1_0_0_0_0_1_0,1,2.0e-5,1.4142135623730951e-5,0.2716049382716049,135.0
0_1_0_1_1_0_1_0_1_0_1_1_1_1_0_0_0_0_0_1_1_1_0_1_0_0_1_1_0_0_0_1_0_0_0_0_1_0,1,2.0e-5,1.4142135623730953e-5,0.2962962962962963,147.5
1_0_1_1_1_1_1_0_0_1_1_0_1_1_1_0_1_1_0_1_0_0_1_1_0_0_1_1_0_1_1_1_1_1_0_0_1_0,1,2.0e-5,8.16496580927726e-6,0.32098765432098764,165.0
1_1_1_1_1_0_1_0_1_0_1_1_0_1_0_1_0_0_1_1_1_1_0_0_0_1_1_1_1_1_1_1_0_0_0_0_1_1,1,2.0e-5,1.4142135623730951e-5,0.30246913580246915,155.0
0_1_0_0_0_1_1_1_1_0_0_1_0_0_0_1_0_0_1_0_1_1_1_1_1_0_0_0_0_0_1_0_0_1_1_1_0_1,1,2.0e-5,8.16496580927726e-6,0.3148148148148148,422.22222222222223
1_0_1_0_1_0_0_0_0_1_1_1_1_1_1_1_1_1_0_1_0_0_1_0_1_1_1_1_1_1_0_1_1_0_0_0_1_0,1,2.0e-5,8.16496580927726e-6,0.2716049382716049,161.66666666666666
0_0_0_0_0_0_0_1_1_0_0_0_1_0_1_1_1_1_0_0_0_0_1_0_0_1_0_0_1_0_0_0_0_0_1_1_0_1,1,2.0e-5,8.16496580927726e-6,0.3148148148148148,188.88888888888889
0_0_0_0_0_0_0_1_0_1_0_0_1_1_1_0_1_1_0_0_0_0_0_0_0_1_0_0_1_0_0_0_1_0_0_0_0_0,1,2.0e-5,1.4142135623730953e-5,0.2777777777777778,195.0
0_0_0_0_0_0_0_1_0_1_0_0_1_1_1_0_1_1_0_0_0_0_0_0_1_1_0_0_1_0_0_0_1_0_0_0_0_0,1,2.0e-5,1.4142135623730951e-5,0.2839506172839506,188.33333333333331
0_0_0_0_0_1_1_1_1_0_1_0_1_0_1_1_1_1_1_1_1_1_1_0_1_1_1_1_1_0_0_0_0_0_1_1_1_1,1,2.0e-5,2.1602468994692868e-5,0.3271604938271605,198.0
1_1_1_1_1_0_1_0_1_0_1_1_1_1_0_0_0_0_0_1_0_0_0_0_0_1_1_1_1_1_0_1_0_0_0_0_1_0,1,2.0e-5,1.4142135623730951e-5,0.3395061728395062,136.66666666666669
1_1_1_1_1_1_1_0_1_0_1_1_0_1_0_1_0_0_0_1_0_0_0_1_1_0_1_1_0_1_1_1_1_1_0_0_1_1,1,2.0e-5,1.4142135623730951e-5,0.2777777777777778,138.33333333333334
1_0_1_0_1_1_0_0_0_1_1_1_1_1_1_1_1_1_0_1_0_0_1_1_1_0_1_1_0_1_0_1_0_0_0_0_1_0,1,2.0e-5,1.4142135623730951e-5,0.25308641975308643,115.0
0_0_0_1_0_1_1_1_1_0_1_0_1_0_1_1_1_0_1_1_0_0_1_0_1_1_1_1_1_0_1_0_0_0_1_1_1_1,1,2.0e-5,1.6329931618554523e-5,0.3271604938271605,155.0
1_0_1_1_1_1_1_0_1_1_1_0_1_1_1_0_1_1_1_1_1_1_0_1_1_0_1_1_0_1_0_1_0_0_0_0_1_0,1,2.0e-5,1.6329931618554523e-5,0.3148148148148148,176.25
0_0_0_0_0_0_0_1_0_0_0_1_1_0_1_1_1_1_0_0_0_0_1_1_0_0_0_0_0_0_0_0_1_0_1_1_0_1,1,2.0e-5,1.4142135623730951e-5,0.2962962962962963,210.0
0_1_0_1_1_1_1_0_1_1_1_0_1_1_0_0_0_0_1_1_1_1_0_1_1_0_1_1_0_0_1_1_0_1_0_0_1_0,1,2.0e-5,1.6329931618554523e-5,0.2654320987654321,136.25
1_0_1_1_1_0_0_0_0_1_1_1_1_1_1_0_1_1_0_1_0_0_0_1_0_0_1_1_0_1_0_1_1_0_0_0_1_0,1,2.0e-5,2.1602468994692868e-5,0.2962962962962963,239.0
0_1_0_1_0_1_1_1_1_0_0_0_0_0_0_0_0_0_0_0_1_1_0_1_0_0_0_0_0_0_1_0_0_1_1_1_0_1,1,2.0e-5,2.1602468994692868e-5,0.2716049382716049,155.0
1_1_1_1_1_1_1_0_1_0_1_1_1_0_0_1_0_0_1_1_1_1_0_0_1_1_1_1_1_1_0_1_0_0_1_0_1_1,1,2.0e-5,2.1602468994692868e-5,0.3148148148148148,105.0
0_0_0_1_0_1_1_1_1_0_1_0_0_0_1_1_1_0_1_1_0_0_1_0_1_1_1_1_1_0_1_0_0_0_1_1_1_1,1,2.0e-5,1.4142135623730951e-5,0.32098765432098764,143.33333333333334
1_0_1_0_0_0_0_1_0_1_0_0_1_1_1_0_1_1_0_0_0_0_1_0_0_1_0_0_1_1_0_0_1_0_0_0_0_0,1,2.0e-5,1.6329931618554523e-5,0.25308641975308643,180.0
0_0_0_0_0_0_0_1_0_0_0_1_0_1_1_1_1_1_1_0_1_1_0_0_0_1_0_0_1_0_0_0_1_0_0_1_0_1,1,2.0e-5,1.6329931618554523e-5,0.3148148148148148,181.25
1_1_1_1_1_1_1_0_1_0_1_1_0_1_0_0_0_0_1_1_1_1_1_0_0_1_1_1_1_1_1_1_1_0_0_0_1_0,1,1.666666666666667e-5,4.714045207910318e-6,0.3148148148148148,210.0
0_0_0_0_0_1_0_1_0_1_0_0_0_0_1_0_1_1_0_0_0_0_0_0_0_1_0_0_1_0_0_0_0_1_1_1_0_1,1,1.666666666666667e-5,4.714045207910318e-6,0.2839506172839506,118.33333333333333
1_1_1_1_1_1_1_0_1_0_1_1_0_1_0_0_0_0_0_1_1_1_0_1_0_0_1_1_0_1_0_1_0_0_0_0_1_0,1,1.666666666666667e-5,4.714045207910318e-6,0.3333333333333333,171.66666666666666
1_0_1_0_0_0_0_1_0_1_1_0_1_0_1_1_1_1_0_0_1_1_1_1_1_0_0_0_0_1_0_0_1_1_1_1_0_0,1,1.666666666666667e-5,4.714045207910318e-6,0.2654320987654321,161.66666666666666
1_1_1_1_1_1_1_0_1_0_1_1_0_0_0_1_0_0_1_1_0_0_1_0_1_1_1_1_1_1_1_1_0_1_1_1_1_1,1,1.666666666666667e-5,4.714045207910318e-6,0.2777777777777778,135.0
0_1_0_0_0_0_0_1_1_0_0_1_0_0_0_1_0_0_1_0_1_1_0_0_0_1_0_0_1_0_0_0_0_0_1_1_0_1,1,1.666666666666667e-5,4.714045207910318e-6,0.3148148148148148,163.33333333333334
0_1_0_0_0_0_1_1_1_0_0_1_0_0_0_1_0_0_1_0_1_1_0_0_0_1_0_0_1_0_1_0_0_0_1_1_0_1,1,1.666666666666667e-5,4.714045207910318e-6,0.30246913580246915,131.66666666666666
0_1_0_0_0_1_1_1_1_0_0_0_0_0_0_0_0_0_1_0_0_0_1_0_0_1_0_0_1_0_1_0_1_1_1_1_0_1,1,1.666666666666667e-5,4.714045207910318e-6,0.25925925925925924,150.0
1_1_1_0_0_1_0_0_0_1_0_1_0_0_0_1_0_1_0_0_0_0_0_1_1_0_0_0_0_1_0_1_1_1_1_1_0_1,1,1.666666666666667e-5,4.714045207910318e-6,0.3333333333333333,111.66666666666667
0_1_0_1_1_1_1_0_1_0_1_1_0_1_0_0_0_0_1_1_0_0_1_0_0_1_1_1_1_0_1_1_0_0_0_0_1_0,1,1.666666666666667e-5,4.714045207910318e-6,0.29012345679012347,206.66666666666666
1_1_1_1_1_1_1_0_1_0_1_1_0_1_0_1_0_0_0_1_1_1_0_1_0_0_1_1_0_1_0_1_0_0_0_0_1_1,1,1.666666666666667e-5,4.714045207910318e-6,0.3271604938271605,145.0
0_1_0_1_1_1_1_0_1_1_1_0_0_1_0_0_0_0_1_1_1_1_0_1_0_0_1_1_0_0_1_1_0_1_0_0_1_0,1,1.666666666666667e-5,4.714045207910318e-6,0.29012345679012347,193.33333333333334
0_0_0_0_0_0_0_1_0_1_0_0_1_0_1_0_1_1_1_0_1_1_0_1_1_0_0_0_0_0_0_0_1_1_1_1_0_0,1,1.666666666666667e-5,4.714045207910318e-6,0.3148148148148148,180.0
0_1_0_0_0_1_1_1_1_0_0_0_0_0_0_1_0_0_1_0_1_1_1_0_0_1_0_0_1_0_1_0_0_1_1_1_0_1,1,1.666666666666667e-5,4.714045207910318e-6,0.29012345679012347,113.33333333333333
0_0_0_0_0_1_0_1_0_1_0_0_0_0_1_1_1_1_0_0_1_1_1_1_1_0_0_0_0_0_1_0_1_1_1_1_0_1,1,1.666666666666667e-5,4.714045207910318e-6,0.3395061728395062,135.0
0_1_0_1_1_0_1_0_1_0_0_1_0_1_0_0_0_0_1_1_0_0_0_0_0_1_1_1_1_0_1_1_0_0_0_0_1_1,1,1.666666666666667e-5,4.714045207910318e-6,0.2777777777777778,111.66666666666667
1_1_1_1_1_1_1_0_1_0_1_1_0_1_0_0_0_0_0_1_0_0_1_0_0_1_1_1_1_1_1_1_1_1_0_0_1_0,1,1.666666666666667e-5,4.714045207910318e-6,0.3148148148148148,175.0
0_1_0_1_1_1_1_0_1_0_1_1_0_0_0_1_0_0_0_1_0_0_1_0_1_1_1_1_1_0_1_1_0_1_1_1_1_1,1,1.666666666666667e-5,4.714045207910318e-6,0.25925925925925924,121.66666666666667
1_0_1_0_0_1_0_1_0_1_0_0_1_1_1_0_1_1_1_0_0_0_1_0_0_1_0_0_1_1_1_0_1_1_0_0_0_0,1,1.666666666666667e-5,4.714045207910318e-6,0.30246913580246915,133.33333333333334
1_1_1_1_1_1_1_0_1_1_1_0_0_1_1_0_1_1_1_1_1_1_0_0_1_1_1_1_1_1_0_1_0_1_0_0_1_0,1,1.666666666666667e-5,4.714045207910318e-6,0.30864197530864196,166.66666666666666
1_1_1_1_1_0_0_0_1_0_1_1_1_1_0_1_0_0_0_1_0_0_0_0_1_1_1_1_1_1_0_1_0_0_0_0_1_0,1,1.666666666666667e-5,4.714045207910318e-6,0.29012345679012347,191.66666666666666
0_1_0_1_1_0_1_0_1_0_1_1_1_1_0_0_0_0_1_1_1_1_0_1_0_0_1_1_0_0_1_1_0_0_0_0_1_0,1,1.666666666666667e-5,4.714045207910318e-6,0.2777777777777778,135.0
1_1_1_1_1_1_1_0_1_0_1_1_1_0_0_1_0_0_1_1_1_1_0_1_1_0_1_1_0_1_1_1_0_1_1_0_1_1,1,1.666666666666667e-5,4.714045207910318e-6,0.2962962962962963,153.33333333333334
1_1_1_1_1_0_1_0_1_0_1_1_0_1_0_0_0_0_1_1_1_1_0_1_0_0_1_1_0_1_0_1_0_0_0_0_1_0,1,1.666666666666667e-5,4.714045207910318e-6,0.345679012345679,213.33333333333334
1_1_1_1_1_1_1_0_1_0_1_1_1_1_0_0_0_0_1_1_1_1_0_1_0_0_1_1_0_1_1_1_0_0_0_0_1_0,1,1.666666666666667e-5,4.714045207910318e-6,0.30864197530864196,180.0
1_0_1_0_0_1_0_1_0_1_1_0_1_0_1_1_1_1_1_0_1_1_0_1_1_0_0_0_0_1_0_0_1_1_1_1_0_0,1,1.666666666666667e-5,4.714045207910318e-6,0.2839506172839506,98.33333333333333
0_0_0_0_0_0_0_1_0_1_0_0_1_0_1_0_1_1_0_0_0_0_0_1_0_0_0_0_0_0_0_0_0_1_1_1_0_0,1,1.666666666666667e-5,4.714045207910318e-6,0.30246913580246915,113.33333333333333
0_0_0_0_0_1_0_1_0_1_0_0_1_0_1_1_1_1_0_0_0_0_0_0_1_1_0_0_1_0_0_0_1_1_1_1_0_1,1,1.666666666666667e-5,4.714045207910318e-6,0.3333333333333333,196.66666666666666
1_0_1_0_0_0_0_1_0_0_0_1_1_0_0_1_0_1_0_0_1_1_1_1_1_0_0_0_0_1_1_0_1_0_1_1_0_1,1,1.666666666666667e-5,4.714045207910318e-6,0.30864197530864196,123.33333333333333
1_1_1_1_1_1_1_0_1_0_1_1_0_1_0_0_0_0_0_1_0_0_1_1_0_0_1_1_0_1_1_1_1_0_0_0_1_0,1,1.666666666666667e-5,4.714045207910318e-6,0.3148148148148148,135.0
0_0_0_0_0_0_0_1_0_0_0_1_0_0_0_1_0_0_0_0_0_0_1_1_1_0_0_0_0_0_1_0_1_0_1_1_0_1,1,1.666666666666667e-5,4.714045207910318e-6,0.2962962962962963,198.33333333333334
1_0_1_0_0_0_0_1_0_0_0_1_0_0_1_1_1_1_1_0_1_1_1_1_1_0_0_0_0_1_0_0_1_0_1_1_0_1,1,1.666666666666667e-5,4.714045207910318e-6,0.2716049382716049,183.33333333333334
0_0_0_0_0_0_0_1_0_1_0_0_0_0_1_0_1_1_1_0_1_1_1_1_0_0_0_0_0_0_0_0_0_1_1_1_0_1,1,1.666666666666667e-5,4.714045207910318e-6,0.2654320987654321,153.33333333333334
0_1_0_1_1_1_1_0_1_0_0_1_0_1_0_0_0_0_1_1_1_1_0_1_0_0_1_1_0_0_1_1_0_1_0_0_1_1,1,1.666666666666667e-5,4.714045207910318e-6,0.24691358024691357,100.0
1_1_1_1_1_1_1_0_1_0_1_1_0_0_0_1_0_0_0_1_1_1_1_1_0_0_1_1_0_1_1_1_0_1_1_1_1_1,1,1.666666666666667e-5,4.714045207910318e-6,0.2839506172839506,115.0
1_1_1_1_1_0_1_0_1_0_1_1_1_1_0_0_0_0_0_1_1_1_1_1_0_0_1_1_0_1_1_1_0_0_0_0_1_0,1,1.666666666666667e-5,4.714045207910318e-6,0.3271604938271605,186.66666666666666
0_0_0_0_0_1_0_1_0_1_0_0_1_0_1_0_1_1_1_0_0_0_1_0_1_1_0_0_1_0_1_0_1_1_1_1_0_0,1,1.666666666666667e-5,4.714045207910318e-6,0.3395061728395062,148.33333333333334
1_0_1_0_0_1_0_1_0_1_0_0_1_1_1_0_1_1_0_0_0_0_1_1_1_0_0_0_0_1_0_0_1_1_0_0_0_0,1,1.666666666666667e-5,4.714045207910318e-6,0.2716049382716049,145.0
1_0_1_0_0_1_0_1_0_1_0_0_1_1_1_0_1_1_0_0_0_0_0_0_0_1_0_0_1_1_0_0_1_1_0_0_0_0,1,1.666666666666667e-5,4.714045207910318e-6,0.29012345679012347,175.0
1_1_1_1_1_1_1_0_1_0_1_1_0_1_0_1_0_0_0_1_0_0_0_1_0_0_1_1_0_1_1_1_1_1_0_0_1_1,1,1.666666666666667e-5,4.714045207910318e-6,0.2839506172839506,173.33333333333334
0_0_0_0_0_0_0_1_1_0_0_0_1_0_0_1_0_0_0_0_0_0_1_1_0_0_0_0_0_0_1_0_0_0_1_1_0_1,1,1.666666666666667e-5,4.714045207910318e-6,0.30864197530864196,201.66666666666666
0_1_0_0_0_0_1_1_1_0_0_1_0_0_0_0_0_0_0_0_1_1_0_1_0_0_0_0_0_0_1_0_0_1_1_1_0_1,1,1.666666666666667e-5,4.714045207910318e-6,0.2654320987654321,215.0
1_1_1_1_1_1_1_0_0_1_1_1_0_1_1_0_1_0_0_1_0_0_0_0_1_1_1_1_1_1_0_1_1_1_0_0_1_0,1,1.6666666666666667e-5,1.699673171197595e-5,0.3333333333333333,161.25
1_1_1_1_1_1_1_0_1_1_1_0_1_1_0_0_0_0_0_1_0_0_0_0_1_1_1_1_1_1_1_1_0_1_0_0_1_0,1,1.6666666666666667e-5,9.428090415820634e-6,0.2962962962962963,203.33333333333334
1_0_1_0_0_0_0_1_0_1_1_0_1_0_1_1_1_1_0_0_1_1_1_1_1_0_0_0_0_1_0_0_1_0_1_1_0_0,1,1.6666666666666667e-5,1.2472191289246472e-5,0.24691358024691357,100.83333333333334
0_0_0_0_0_1_0_1_0_1_0_0_1_0_1_0_1_1_0_0_1_1_0_1_1_0_0_0_0_0_0_0_1_1_1_1_0_0,1,1.6666666666666667e-5,9.428090415820634e-6,0.3271604938271605,263.3333333333333
0_0_0_0_0_0_0_1_0_1_0_0_1_1_1_0_1_1_0_0_0_0_1_0_1_1_0_0_1_0_0_0_1_0_0_0_0_0,1,1.6666666666666667e-5,4.714045207910318e-6,0.2777777777777778,135.0
0_0_0_0_0_0_0_1_1_0_0_0_1_0_1_1_1_1_1_0_0_0_1_0_1_1_0_0_1_0_0_0_0_0_1_1_0_1,1,1.6666666666666667e-5,1.2472191289246472e-5,0.30864197530864196,237.5
1_0_1_1_1_0_0_0_0_1_1_1_1_1_1_1_1_1_0_1_1_1_0_1_1_0_1_1_0_1_0_1_0_0_0_0_1_0,1,1.6666666666666667e-5,1.2472191289246472e-5,0.25925925925925924,118.33333333333333
0_1_0_0_0_0_0_1_0_0_0_1_1_0_0_1_0_0_1_0_0_0_1_0_1_1_0_0_1_0_1_0_1_1_1_1_0_1,1,1.6666666666666667e-5,1.699673171197595e-5,0.3271604938271605,157.5
1_0_1_0_0_1_0_1_0_1_0_0_0_0_1_1_1_1_0_0_0_0_1_0_1_1_0_0_1_1_1_0_1_1_1_1_0_1,1,1.6666666666666667e-5,9.428090415820634e-6,0.2962962962962963,194.44444444444446
1_0_1_1_1_1_1_0_0_1_1_0_1_0_1_1_1_1_0_1_0_0_0_1_1_0_1_1_0_1_0_1_1_1_1_1_1_0,1,1.6666666666666667e-5,1.699673171197595e-5,0.30246913580246915,126.25
0_0_0_0_0_0_0_1_0_1_0_0_0_0_1_1_1_1_0_0_0_0_1_1_1_0_0_0_0_0_1_0_0_1_1_1_0_1,1,1.6666666666666667e-5,9.428090415820634e-6,0.32098765432098764,155.55555555555554
1_0_1_1_1_1_1_0_0_1_1_0_1_1_1_0_1_1_1_1_1_1_1_0_1_1_1_1_1_1_1_1_1_1_0_0_1_0,1,1.6666666666666667e-5,9.428090415820634e-6,0.3148148148148148,150.0
1_1_1_1_1_1_1_0_0_1_1_1_0_1_0_0_0_0_0_1_1_1_1_1_0_0_1_1_0_1_1_1_1_1_0_0_1_0,1,1.6666666666666667e-5,9.428090415820634e-6,0.3148148148148148,174.44444444444446
1_1_1_1_1_1_1_0_1_0_1_1_0_0_0_1_0_0_0_1_0_0_0_1_1_0_1_1_0_1_1_1_1_0_1_1_1_1,1,1.6666666666666667e-5,4.714045207910318e-6,0.2839506172839506,158.33333333333334
1_0_1_0_0_0_0_1_0_0_0_1_1_0_1_1_1_1_1_0_0_0_0_0_1_1_0_0_1_1_0_0_1_0_1_1_0_1,1,1.6666666666666667e-5,9.428090415820634e-6,0.2962962962962963,105.55555555555556
0_1_0_1_1_1_1_0_1_0_0_1_0_1_0_0_0_0_0_1_0_0_0_0_0_1_1_1_1_0_0_1_0_0_0_0_1_1,1,1.6666666666666667e-5,9.428090415820634e-6,0.2839506172839506,133.33333333333334
1_0_1_0_0_0_0_1_0_1_0_0_1_1_1_0_1_1_1_0_0_0_1_0_0_1_0_0_1_1_0_0_1_1_0_0_0_0,1,1.6666666666666667e-5,1.699673171197595e-5,0.2716049382716049,113.75
1_0_1_0_0_0_0_1_0_0_0_1_0_0_1_1_1_1_0_0_1_1_0_1_0_0_0_0_0_1_0_0_1_0_1_1_0_1,1,1.6666666666666667e-5,4.714045207910318e-6,0.2716049382716049,146.66666666666666
0_1_0_1_1_0_1_0_1_0_1_1_0_0_0_1_0_0_1_1_1_1_1_0_0_1_1_1_1_0_1_1_0_0_1_1_1_1,1,1.6666666666666667e-5,9.428090415820634e-6,0.2777777777777778,164.44444444444446
0_1_0_0_0_1_1_1_1_0_0_0_1_0_0_1_0_0_1_0_1_1_1_0_1_1_0_0_1_0_1_0_1_1_1_1_0_1,1,1.6666666666666667e-5,1.699673171197595e-5,0.30246913580246915,142.5
1_0_1_1_1_0_0_0_0_1_1_1_1_1_1_0_1_1_0_1_0_0_0_1_1_0_1_1_0_1_0_1_0_0_0_0_1_0,1,1.6666666666666667e-5,9.428090415820634e-6,0.29012345679012347,243.33333333333334
1_1_1_1_1_0_0_0_0_1_0_1_0_1_0_0_0_0_0_0_0_0_0_1_0_0_0_0_0_1_1_1_1_1_0_0_0_0,1,1.6666666666666667e-5,1.2472191289246472e-5,0.3271604938271605,135.0
1_0_1_1_1_1_0_0_0_1_1_0_1_1_1_1_1_1_0_1_1_1_1_1_1_0_1_1_0_1_0_1_1_0_0_0_1_0,1,1.6666666666666667e-5,4.714045207910318e-6,0.2654320987654321,148.33333333333334
1_1_1_1_1_0_0_0_1_0_1_1_0_0_0_1_0_0_1_1_1_1_0_0_1_1_1_1_1_1_0_1_0_0_1_1_1_1,1,1.6666666666666667e-5,4.714045207910318e-6,0.30864197530864196,128.33333333333334
0_1_0_1_1_1_1_0_1_0_1_1_0_0_0_1_0_0_1_1_0_0_1_0_1_1_1_1_1_0_1_1_0_1_1_1_1_1,1,1.6666666666666667e-5,9.428090415820634e-6,0.25925925925925924,196.66666666666666
1_0_1_0_0_0_0_1_0_0_0_1_0_0_1_1_1_1_0_0_1_1_1_1_0_0_0_0_0_1_0_0_1_0_1_1_0_1,1,1.6666666666666667e-5,4.714045207910318e-6,0.2654320987654321,186.66666666666666
1_1_1_1_1_0_0_0_1_0_1_1_1_1_0_1_0_0_1_1_0_0_0_0_1_1_1_1_1_1_1_1_0_0_0_0_1_0,1,1.6666666666666667e-5,9.428090415820634e-6,0.2716049382716049,132.22222222222223
0_0_0_0_0_0_0_1_0_1_0_0_1_1_1_0_1_1_1_0_1_1_0_0_0_1_0_0_1_0_0_0_0_1_0_0_0_0,1,1.6666666666666667e-5,1.2472191289246472e-5,0.29012345679012347,179.16666666666669
1_1_1_0_1_0_0_0_0_1_0_1_1_1_0_0_0_1_0_0_1_1_0_1_0_0_0_0_0_1_0_1_1_1_0_0_0_0,1,1.6666666666666667e-5,4.714045207910318e-6,0.32098765432098764,200.0
1_1_1_1_1_0_1_0_1_0_1_1_0_1_0_1_0_0_1_1_0_0_1_0_0_1_1_1_1_1_1_1_0_0_0_0_1_1,1,1.6666666666666667e-5,4.714045207910318e-6,0.3271604938271605,158.33333333333334
1_1_1_1_1_1_1_0_1_1_1_0_0_0_0_1_0_0_1_1_0_0_0_0_1_1_1_1_1_1_1_1_0_1_1_1_1_1,1,1.6666666666666667e-5,1.2472191289246472e-5,0.30864197530864196,170.83333333333334
1_1_1_1_1_0_0_0_1_0_1_1_1_1_0_0_0_0_0_1_0_0_0_1_0_0_1_1_0_1_1_1_0_0_0_0_1_0,1,1.6666666666666667e-5,9.428090415820634e-6,0.30864197530864196,163.33333333333334
1_1_1_1_1_1_1_0_1_0_1_1_0_0_0_1_0_0_0_1_0_0_0_1_0_0_1_1_0_1_1_1_0_0_1_1_1_1,1,1.6666666666666667e-5,1.2472191289246472e-5,0.2777777777777778,115.0
1_1_1_0_1_1_1_0_0_1_1_1_0_1_0_0_0_0_1_1_0_0_1_0_1_1_1_1_1_1_1_1_1_1_0_0_0_0,1,1.6666666666666667e-5,1.2472191289246472e-5,0.30246913580246915,215.83333333333331
0_0_0_0_0_1_0_1_0_1_0_0_1_1_1_0_1_1_1_0_1_1_1_0_0_1_0_0_1_0_1_0_1_1_0_0_0_0,1,1.6666666666666667e-5,1.2472191289246472e-5,0.30246913580246915,163.33333333333331
0_0_0_1_1_0_0_0_0_1_0_0_0_1_1_0_1_1_0_0_0_0_0_1_0_0_0_0_0_0_0_1_1_1_0_1_0_0,1,1.6666666666666667e-5,1.2472191289246472e-5,0.3395061728395062,136.66666666666669
0_0_0_0_0_0_0_1_0_1_0_0_1_0_1_0_1_1_0_0_1_1_1_1_1_0_0_0_0_0_0_0_1_1_1_1_0_0,1,1.6666666666666667e-5,4.714045207910318e-6,0.30864197530864196,148.33333333333334
1_0_1_0_0_0_0_1_0_0_0_1_1_0_0_1_0_1_1_0_1_1_1_1_1_0_0_0_0_1_1_0_1_0_1_1_0_1,1,1.6666666666666667e-5,1.2472191289246472e-5,0.30864197530864196,161.66666666666669
0_1_0_1_1_1_1_0_1_0_1_1_0_0_0_1_0_0_1_1_1_1_1_1_1_0_1_1_0_0_1_1_0_0_1_1_1_1,1,1.6666666666666667e-5,1.699673171197595e-5,0.2777777777777778,128.75
1_1_1_1_1_1_1_0_0_1_1_1_1_1_0_0_0_0_1_1_0_0_1_0_1_1_1_1_1_1_1_1_1_1_0_0_1_0,1,1.6666666666666667e-5,9.428090415820634e-6,0.30246913580246915,224.44444444444443
1_0_1_1_1_1_0_0_0_1_1_0_1_1_1_0_1_1_0_1_0_0_0_1_0_0_1_1_0_1_0_1_1_0_0_0_1_0,1,1.6666666666666667e-5,1.699673171197595e-5,0.2962962962962963,153.75
1_0_1_0_1_1_0_0_0_1_1_1_1_1_1_1_1_1_0_1_0_0_1_0_1_1_1_1_1_1_0_1_1_0_0_0_1_0,1,1.6666666666666667e-5,4.714045207910318e-6,0.2716049382716049,160.0
1_1_1_1_1_1_1_0_1_0_1_1_0_1_0_0_0_0_0_1_0_0_1_0_0_1_1_1_1_1_1_1_0_0_0_0_1_0,1,1.6666666666666667e-5,1.2472191289246472e-5,0.32098765432098764,135.0
0_0_0_0_0_0_0_1_0_1_0_0_1_1_1_0_1_1_0_0_0_0_1_0_0_1_0_0_1_0_0_0_0_0_0_0_0_0,1,1.6666666666666667e-5,9.428090415820634e-6,0.2839506172839506,96.66666666666667
1_0_1_0_0_0_0_1_0_0_0_1_0_0_0_1_0_1_0_0_0_0_1_0_0_1_0_0_1_1_1_0_1_0_1_1_0_1,1,1.6666666666666667e-5,1.2472191289246472e-5,0.2839506172839506,169.16666666666666
1_1_1_1_1_0_0_0_1_0_1_1_0_1_0_0_0_0_0_1_0_0_1_1_0_0_1_1_0_1_1_1_0_0_0_0_1_0,1,1.6666666666666667e-5,1.699673171197595e-5,0.32098765432098764,177.5
1_1_1_0_1_0_0_0_0_1_0_1_0_1_0_0_0_0_1_0_1_1_1_0_0_1_0_0_1_1_1_1_1_1_0_0_0_0,1,1.6666666666666667e-5,1.699673171197595e-5,0.3148148148148148,187.5
0_1_0_1_1_0_1_0_1_0_1_1_1_1_0_0_0_0_0_1_0_0_0_0_0_1_1_1_1_0_1_1_0_0_0_0_1_0,1,1.6666666666666667e-5,9.428090415820634e-6,0.2777777777777778,154.44444444444446
1_1_1_1_1_1_1_0_1_0_1_1_1_0_0_1_0_0_1_1_1_1_0_0_1_1_1_1_1_1_1_1_0_0_1_0_1_1,1,1.6666666666666667e-5,1.699673171197595e-5,0.2962962962962963,148.75
0_0_0_0_0_0_0_1_0_1_0_0_1_0_1_0_1_1_0_0_0_0_1_1_0_0_0_0_0_0_0_0_0_1_1_1_0_0,1,1.6666666666666667e-5,9.428090415820634e-6,0.2962962962962963,130.0
1_0_1_1_1_1_0_0_0_1_1_0_1_1_1_0_1_1_1_1_1_1_0_1_1_0_1_1_0_1_0_1_1_1_0_0_1_0,1,1.6666666666666667e-5,4.714045207910318e-6,0.3148148148148148,158.33333333333334
1_0_1_0_0_0_0_1_0_1_0_0_1_0_1_1_1_1_0_0_1_1_1_1_1_0_0_0_0_1_0_0_1_1_1_1_0_1,1,1.6666666666666667e-5,1.2472191289246472e-5,0.2839506172839506,192.5
0_0_0_0_0_0_0_1_0_1_0_0_0_0_1_0_1_1_0_0_0_0_1_0_0_1_0_0_1_0_0_0_0_1_1_1_0_1,1,1.6666666666666667e-5,1.699673171197595e-5,0.2654320987654321,98.75
1_1_1_0_0_1_1_1_1_0_1_1_0_0_0_1_0_0_0_1_0_0_1_1_0_0_1_1_0_1_1_0_0_0_1_1_1_1,1,1.6666666666666667e-5,1.2472191289246472e-5,0.32098765432098764,142.5
1_1_1_1_1_0_1_0_1_0_1_1_1_1_0_0_0_0_1_1_1_1_0_1_0_0_1_1_0_1_0_1_0_0_0_0_1_0,1,1.6666666666666667e-5,4.714045207910318e-6,0.3395061728395062,230.0
0_0_0_1_1_0_1_0_1_0_0_0_1_1_0_0_0_1_0_0_0_0_0_1_0_0_1_0_0_0_0_1_0_0_0_0_1_0,1,1.6666666666666667e-5,9.428090415820634e-6,0.345679012345679,147.7777777777778
0_0_0_0_0_0_0_1_0_0_0_1_0_0_1_1_1_1_0_0_1_1_1_1_0_0_0_0_0_0_0_0_1_0_1_1_0_1,1,1.6666666666666667e-5,1.2472191289246472e-5,0.2962962962962963,131.66666666666666
0_1_0_0_0_1_1_1_1_0_0_0_1_0_0_1_0_0_0_0_0_0_1_1_1_0_0_0_0_0_1_0_1_1_1_1_0_1,1,1.6666666666666667e-5,1.699673171197595e-5,0.30246913580246915,132.5
0_1_0_1_1_1_1_0_1_0_1_1_0_0_0_1_0_0_1_1_1_1_1_1_0_0_1_1_0_0_1_1_0_0_1_1_1_1,1,1.6666666666666667e-5,1.699673171197595e-5,0.2839506172839506,157.5
1_1_1_1_1_1_0_0_0_1_1_0_1_1_0_1_0_1_1_1_1_1_1_1_1_0_1_1_0_1_1_1_1_1_0_0_1_0,1,1.6666666666666667e-5,1.699673171197595e-5,0.29012345679012347,151.25
1_1_1_1_1_1_1_0_1_0_1_1_0_1_0_1_0_0_1_1_0_0_0_0_1_1_1_1_1_1_1_1_0_0_0_0_1_1,1,1.6666666666666667e-5,9.428090415820634e-6,0.30246913580246915,201.11111111111111
0_1_0_1_1_1_1_0_1_0_0_1_0_1_0_0_0_0_0_1_0_0_0_0_0_1_1_1_1_0_1_1_0_1_0_0_1_1,1,1.6666666666666667e-5,1.2472191289246472e-5,0.24691358024691357,161.66666666666669
1_1_1_1_1_1_1_0_1_1_1_0_1_1_1_0_1_1_0_1_0_0_0_1_1_0_1_1_0_1_0_1_0_1_0_0_1_0,1,1.6666666666666667e-5,1.2472191289246472e-5,0.29012345679012347,190.0
0_0_0_0_0_0_0_1_0_0_0_1_1_0_1_1_1_1_0_0_1_1_1_1_1_0_0_0_0_0_0_0_1_0_1_1_0_1,1,1.6666666666666667e-5,9.428090415820634e-6,0.30864197530864196,161.11111111111111
1_0_1_0_0_0_0_1_0_0_0_1_0_0_1_1_1_1_1_0_1_1_0_1_1_0_0_0_0_1_0_0_1_0_1_1_0_1,1,1.6666666666666667e-5,9.428090415820634e-6,0.2777777777777778,316.6666666666667
1_0_1_0_0_0_0_1_0_1_1_0_1_0_1_1_1_1_0_0_1_1_0_1_1_0_0_0_0_1_0_0_1_0_1_1_0_0,1,1.6666666666666667e-5,1.699673171197595e-5,0.25308641975308643,125.0
0_0_0_1_1_0_0_0_1_0_0_0_1_1_0_0_0_1_0_0_0_0_0_1_0_0_0_0_0_0_0_1_0_0_0_0_1_0,1,1.6666666666666667e-5,9.428090415820634e-6,0.3333333333333333,177.7777777777778
1_1_1_1_1_1_1_0_1_1_1_1_0_0_0_0_0_0_1_1_1_1_0_1_1_0_1_1_0_1_1_1_0_1_1_0_1_0,1,1.6666666666666667e-5,4.714045207910318e-6,0.25925925925925924,220.0
1_1_1_1_1_1_1_0_1_0_1_1_0_1_0_1_0_0_0_1_1_1_0_1_1_0_1_1_0_1_1_1_0_1_0_0_1_1,1,1.6666666666666667e-5,9.428090415820634e-6,0.2839506172839506,190.0
0_0_0_0_0_1_1_1_0_1_0_0_0_1_1_0_1_1_0_0_0_0_1_1_0_0_0_0_0_0_1_0_1_1_0_1_0_0,1,1.6666666666666667e-5,1.2472191289246472e-5,0.3333333333333333,144.16666666666666
1_0_1_0_0_1_0_1_0_1_0_0_0_0_1_1_1_1_0_0_1_1_1_1_1_0_0_0_0_1_1_0_1_1_1_1_0_1,1,1.6666666666666667e-5,1.2472191289246472e-5,0.2962962962962963,193.33333333333331
0_1_0_1_1_1_1_0_1_1_1_0_1_1_0_0_0_0_1_1_0_0_1_0_0_1_1_1_1_0_1_1_0_1_0_0_1_0,1,1.6666666666666667e-5,1.2472191289246472e-5,0.2777777777777778,229.16666666666669
0_1_0_1_1_1_1_0_1_0_0_1_0_1_0_0_0_0_0_1_1_1_0_1_0_0_1_1_0_0_1_1_0_1_0_0_1_1,1,1.6666666666666667e-5,1.2472191289246472e-5,0.24691358024691357,164.16666666666669
1_1_1_1_1_0_1_0_1_0_1_1_0_1_0_1_0_0_1_1_1_1_0_0_1_1_1_1_1_1_1_1_0_0_0_0_1_1,1,1.6666666666666667e-5,4.714045207910318e-6,0.2962962962962963,181.66666666666666
1_0_1_0_0_0_0_1_0_1_0_0_1_1_1_0_1_1_0_0_1_1_1_1_0_0_0_0_0_1_0_0_1_0_0_0_0_0,1,1.6666666666666667e-5,4.714045207910318e-6,0.25308641975308643,141.66666666666666
1_1_1_1_1_1_1_0_1_0_1_1_0_0_0_1_0_0_1_1_1_1_0_0_1_1_1_1_1_1_1_1_1_0_1_1_1_1,1,1.6666666666666667e-5,1.2472191289246472e-5,0.2839506172839506,134.16666666666666
0_0_0_0_0_1_1_1_1_0_1_0_1_0_1_1_1_1_0_1_0_0_1_1_1_0_1_1_0_0_0_0_0_0_1_1_1_1,1,1.6666666666666667e-5,9.428090415820634e-6,0.3271604938271605,168.88888888888889
0_1_0_0_0_1_1_1_1_0_0_0_0_0_0_1_0_0_0_0_0_0_1_1_0_0_0_0_0_0_1_0_1_1_1_1_0_1,1,1.6666666666666667e-5,4.714045207910318e-6,0.29012345679012347,178.33333333333334
0_0_0_0_0_0_0_1_0_0_0_1_0_1_0_1_0_1_1_0_1_1_1_0_0_1_0_0_1_0_1_0_1_0_0_1_0_1,1,1.6666666666666667e-5,4.714045207910318e-6,0.3271604938271605,125.0
1_0_1_1_1_0_0_0_0_1_1_1_1_1_1_0_1_1_0_1_0_0_0_1_1_0_1_1_0_1_0_1_1_0_0_0_1_0,1,1.6666666666666667e-5,1.2472191289246472e-5,0.29012345679012347,174.16666666666669
1_1_1_0_1_0_0_0_0_1_0_1_0_1_0_0_0_1_0_0_1_1_0_1_0_0_0_0_0_1_0_1_1_1_0_0_0_0,1,1.6666666666666667e-5,1.2472191289246472e-5,0.3271604938271605,180.83333333333331
0_0_0_0_0_0_0_1_0_1_0_0_1_1_1_0_1_1_0_0_0_0_1_1_0_0_0_0_0_0_0_0_1_1_0_0_0_0,1,1.6666666666666667e-5,1.2472191289246472e-5,0.2716049382716049,165.0
0_0_0_0_0_0_0_1_0_0_0_1_0_0_1_1_1_1_0_0_1_1_1_1_1_0_0_0_0_0_0_0_1_0_1_1_0_1,1,1.6666666666666667e-5,4.714045207910318e-6,0.30246913580246915,160.0
1_1_1_1_1_1_1_0_0_1_1_1_1_1_0_0_0_0_0_1_0_0_1_0_1_1_1_1_1_1_1_1_1_1_0_0_1_0,1,1.6666666666666667e-5,1.2472191289246472e-5,0.30246913580246915,284.16666666666663
0_0_0_0_0_0_0_1_0_0_0_1_1_0_1_1_1_1_1_0_1_1_0_1_1_0_0_0_0_0_0_0_1_0_1_1_0_1,1,1.6666666666666667e-5,9.428090415820634e-6,0.3148148148148148,251.11111111111111
0_1_0_0_0_1_1_1_1_0_0_0_1_1_0_0_0_0_0_0_0_0_1_1_0_0_0_0_0_0_1_0_0_1_0_0_0_0,1,1.6666666666666667e-5,1.699673171197595e-5,0.3148148148148148,132.5
1_1_1_0_1_1_1_0_0_1_1_1_1_0_0_0_0_0_1_1_1_1_1_1_1_0_1_1_0_1_1_1_1_1_1_0_0_0,1,1.6666666666666667e-5,9.428090415820634e-6,0.3148148148148148,195.55555555555554
1_0_1_0_0_0_0_1_0_1_1_0_1_0_1_1_1_1_1_0_1_1_1_1_1_0_0_0_0_1_1_0_1_1_1_1_0_0,1,1.6666666666666667e-5,1.699673171197595e-5,0.2839506172839506,160.0
0_0_0_0_0_1_1_1_0_1_0_0_0_0_1_1_1_1_0_0_0_0_0_1_1_0_0_0_0_0_0_0_1_1_1_1_0_1,1,1.6666666666666667e-5,4.714045207910318e-6,0.3148148148148148,196.66666666666666
0_0_0_0_0_0_0_1_1_0_0_0_1_0_1_1_1_1_1_0_1_1_1_1_0_0_0_0_0_0_0_0_0_0_1_1_0_1,1,1.6666666666666667e-5,1.2472191289246472e-5,0.3148148148148148,162.5
1_0_1_0_0_1_0_1_0_1_0_0_1_1_1_0_1_1_1_0_1_1_1_0_1_1_0_0_1_1_1_0_1_1_0_0_0_0,1,1.6666666666666667e-5,1.2472191289246472e-5,0.29012345679012347,100.0
1_1_1_1_1_1_1_0_1_0_1_1_0_1_0_0_0_0_0_1_0_0_0_0_0_1_1_1_1_1_1_1_1_1_0_0_1_0,1,1.6666666666666667e-5,1.2472191289246472e-5,0.30864197530864196,147.5
0_0_0_0_0_1_1_1_0_1_0_0_1_0_1_0_1_1_0_0_0_0_1_1_1_0_0_0_0_0_1_0_1_1_1_1_0_0,1,1.6666666666666667e-5,1.2472191289246472e-5,0.3271604938271605,135.83333333333331
1_0_1_0_0_0_0_1_0_0_0_1_0_0_0_1_0_1_0_0_1_1_1_1_0_0_0_0_0_1_1_0_1_0_1_1_0_1,1,1.6666666666666667e-5,4.714045207910318e-6,0.2839506172839506,165.0
1_0_1_0_1_0_0_0_0_1_1_1_1_1_1_1_1_1_0_1_1_1_1_1_1_0_1_1_0_1_0_1_0_0_0_0_1_0,1,1.6666666666666667e-5,4.714045207910318e-6,0.2716049382716049,171.66666666666666
1_1_1_1_1_1_1_0_1_0_1_1_0_1_0_1_0_0_1_1_1_1_0_0_1_1_1_1_1_1_1_1_0_0_0_0_1_1,1,1.6666666666666667e-5,9.428090415820634e-6,0.2839506172839506,140.0
1_1_1_1_1_1_1_0_1_0_1_1_0_1_0_1_0_0_0_1_0_0_1_0_0_1_1_1_1_1_1_1_0_1_0_0_1_1,1,1.6666666666666667e-5,9.428090415820634e-6,0.2962962962962963,168.88888888888889
0_0_0_0_0_1_1_1_0_1_0_0_1_0_1_1_1_1_1_0_1_1_1_0_1_1_0_0_1_0_1_0_1_1_1_1_0_1,1,1.6666666666666667e-5,9.428090415820634e-6,0.3333333333333333,140.0
0_1_0_1_1_1_1_0_1_1_1_0_1_1_1_0_1_0_0_1_1_1_0_1_0_0_1_1_0_0_0_1_0_1_0_0_1_0,1,1.6666666666666667e-5,4.714045207910318e-6,0.29012345679012347,191.66666666666666
0_1_0_1_1_1_1_0_1_0_1_1_0_1_0_1_0_0_0_1_1_1_1_1_0_0_1_1_0_0_1_1_0_1_0_0_1_1,1,1.6666666666666667e-5,9.428090415820634e-6,0.2777777777777778,154.44444444444443
0_0_0_0_0_0_0_1_0_1_0_0_0_0_1_0_1_1_1_0_1_1_1_1_0_0_0_0_0_0_1_0_0_1_1_1_0_1,1,1.6666666666666667e-5,4.714045207910318e-6,0.2839506172839506,146.66666666666666
1_0_1_0_0_0_0_1_0_1_0_0_1_1_1_0_1_1_0_0_1_1_1_1_0_0_0_0_0_1_0_0_1_1_0_0_0_0,1,1.6666666666666667e-5,9.428090415820634e-6,0.2716049382716049,133.33333333333334
0_1_0_1_1_1_1_0_1_0_1_1_0_0_0_1_0_0_1_1_0_0_0_0_1_1_1_1_1_0_0_1_0_0_1_1_1_1,1,1.6666666666666667e-5,1.699673171197595e-5,0.29012345679012347,156.25
1_0_1_0_1_1_1_0_0_1_1_1_1_1_1_1_1_1_0_1_0_0_1_1_1_0_1_1_0_1_0_1_1_0_0_0_1_0,1,1.6666666666666667e-5,4.714045207910318e-6,0.25925925925925924,170.0
1_1_1_1_1_1_1_0_0_1_1_1_1_1_1_0_1_0_0_1_1_1_0_1_1_0_1_1_0_1_0_1_1_1_0_0_1_0,1,1.6666666666666667e-5,9.428090415820634e-6,0.3148148148148148,120.0
1_0_1_0_0_0_0_1_0_1_0_0_1_1_1_0_1_1_1_0_1_1_1_1_1_0_0_0_0_1_0_0_1_1_0_0_0_0,1,1.6666666666666667e-5,9.428090415820634e-6,0.2777777777777778,102.22222222222223
1_1_1_1_1_1_1_0_1_0_1_1_1_1_0_0_0_0_1_1_1_1_1_1_0_0_1_1_0_1_1_1_0_0_0_0_1_0,1,1.6666666666666667e-5,9.428090415820634e-6,0.3148148148148148,153.33333333333334
1_1_1_1_1_1_1_0_1_0_1_1_0_1_0_1_0_0_1_1_0_0_1_0_0_1_1_1_1_1_1_1_0_0_0_0_1_1,1,1.6666666666666667e-5,9.428090415820634e-6,0.3148148148148148,225.0
1_1_1_1_1_1_1_0_1_0_1_1_1_0_0_1_0_0_0_1_0_0_0_1_1_0_1_1_0_1_1_1_0_0_1_0_1_1,1,1.6666666666666667e-5,9.428090415820634e-6,0.2962962962962963,157.7777777777778
1_1_1_1_1_0_1_0_1_0_1_1_1_1_0_1_0_0_1_1_0_0_0_0_1_1_1_1_1_1_0_1_1_0_0_0_1_0,1,1.6666666666666667e-5,9.428090415820634e-6,0.2962962962962963,113.33333333333333
1_1_1_1_1_1_1_0_1_1_1_0_0_0_0_1_0_0_0_1_1_1_1_1_1_0_1_1_0_1_1_1_0_1_1_1_1_1,1,1.6666666666666667e-5,4.714045207910318e-6,0.3148148148148148,195.0
1_1_1_1_1_0_1_0_1_0_1_1_0_1_0_0_0_0_0_1_0_0_1_0_0_1_1_1_1_1_1_1_0_0_0_0_1_0,1,1.6666666666666667e-5,9.428090415820634e-6,0.3333333333333333,221.11111111111111
1_0_1_0_0_0_0_1_0_1_0_0_1_1_1_0_1_1_0_0_0_0_1_0_0_1_0_0_1_1_0_0_1_1_0_0_0_0,1,1.6666666666666667e-5,4.714045207910318e-6,0.2716049382716049,121.66666666666667
0_0_0_0_0_1_1_1_0_1_0_0_0_0_1_0_1_1_1_0_1_1_1_1_0_0_0_0_0_0_1_0_1_1_1_1_0_1,1,1.6666666666666667e-5,1.699673171197595e-5,0.29012345679012347,133.75
0_1_0_1_1_0_1_0_1_0_1_1_0_1_0_0_0_0_1_1_0_0_0_0_0_1_1_1_1_0_1_1_0_0_0_0_1_0,1,1.6666666666666667e-5,9.428090415820634e-6,0.2962962962962963,163.33333333333334
1_1_1_1_1_1_1_0_0_1_1_1_0_1_0_0_0_0_1_1_0_0_1_0_0_1_1_1_1_1_1_1_1_1_0_0_1_0,1,1.6666666666666667e-5,9.428090415820634e-6,0.3148148148148148,255.55555555555554
1_1_1_1_1_0_1_0_1_0_1_1_0_1_0_1_0_0_0_1_0_0_1_0_0_1_1_1_1_1_1_1_0_0_0_0_1_1,1,1.6666666666666667e-5,9.428090415820634e-6,0.3271604938271605,156.66666666666666
1_1_1_1_1_1_1_0_1_1_1_0_0_1_0_0_0_0_1_1_1_1_1_1_0_0_1_1_0_1_1_1_0_1_0_0_1_0,1,1.6666666666666667e-5,4.714045207910318e-6,0.3148148148148148,273.3333333333333
0_1_0_1_1_1_1_0_1_1_1_0_0_1_0_0_0_0_0_1_1_1_0_1_0_0_1_1_0_0_1_1_0_1_0_0_1_0,1,1.6666666666666667e-5,9.428090415820634e-6,0.29012345679012347,214.44444444444446
1_0_1_1_1_0_0_0_0_1_1_1_0_1_1_0_1_1_0_1_0_0_0_1_0_0_1_1_0_1_0_1_1_0_0_0_1_0,1,1.6666666666666667e-5,1.2472191289246472e-5,0.30246913580246915,193.33333333333331
1_1_1_1_1_1_1_0_1_0_1_1_0_1_0_1_0_0_1_1_1_1_1_1_1_0_1_1_0_1_1_1_0_0_0_0_1_1,1,1.6666666666666667e-5,9.428090415820634e-6,0.30864197530864196,203.33333333333334
0_0_0_0_0_0_0_1_0_1_0_0_1_1_1_0_1_1_0_0_0_0_0_1_1_0_0_0_0_0_0_0_0_1_0_0_0_0,1,1.6666666666666667e-5,9.428090415820634e-6,0.2962962962962963,115.55555555555556
0_1_0_0_0_0_1_1_1_0_0_1_0_0_0_1_0_0_0_0_0_0_1_1_0_0_0_0_0_0_1_0_0_1_1_1_0_1,1,1.6666666666666667e-5,4.714045207910318e-6,0.29012345679012347,108.33333333333333
0_0_0_0_0_0_1_1_1_0_0_1_0_0_1_0_1_0_0_0_0_0_0_0_0_1_0_0_1_0_0_0_0_0_1_1_0_1,1,1.6666666666666667e-5,9.428090415820634e-6,0.29012345679012347,234.44444444444443
1_1_1_0_1_0_0_0_0_1_0_1_0_1_0_0_0_1_0_0_0_0_1_0_0_1_0_0_1_1_1_1_1_1_0_0_0_0,1,1.6666666666666667e-5,1.699673171197595e-5,0.3148148148148148,180.0
0_0_0_0_0_0_0_1_0_1_0_0_1_0_1_1_1_1_1_0_1_1_0_1_1_0_0_0_0_0_0_0_1_1_1_1_0_1,1,1.6666666666666667e-5,9.428090415820634e-6,0.32098765432098764,186.66666666666666
0_1_0_1_1_1_1_0_1_0_0_1_0_1_0_0_0_0_0_1_0_0_0_0_0_1_1_1_1_0_1_1_0_0_0_0_1_1,1,1.6666666666666667e-5,9.428090415820634e-6,0.2654320987654321,80.0
1_1_1_1_1_1_1_0_0_1_1_1_1_1_1_0_1_1_1_1_0_0_0_0_1_1_1_1_1_1_0_1_1_1_0_0_1_0,1,1.6666666666666667e-5,9.428090415820634e-6,0.30864197530864196,100.0
0_0_0_0_0_1_1_1_0_1_0_0_1_0_1_0_1_1_1_0_1_1_1_0_1_1_0_0_1_0_1_0_1_1_1_1_0_0,1,1.6666666666666667e-5,1.699673171197595e-5,0.3271604938271605,111.25
1_1_1_1_1_1_1_0_1_1_1_0_0_1_1_0_1_0_1_1_1_1_0_0_1_1_1_1_1_1_0_1_0_1_0_0_1_0,1,1.6666666666666667e-5,1.2472191289246472e-5,0.3148148148148148,109.16666666666666
1_1_1_1_1_1_1_0_1_1_1_0_1_0_0_0_0_0_0_1_0_0_0_1_1_0_1_1_0_1_1_1_0_1_1_0_1_0,1,1.6666666666666667e-5,9.428090415820634e-6,0.30864197530864196,123.33333333333333
1_1_1_1_1_0_0_0_1_0_1_1_1_1_0_1_0_0_1_1_1_1_0_1_1_0_1_1_0_1_0_1_0_0_0_0_1_0,1,1.6666666666666667e-5,1.2472191289246472e-5,0.29012345679012347,166.66666666666669
1_1_1_1_1_1_1_0_1_0_1_1_0_0_0_1_0_0_1_1_1_1_1_1_1_0_1_1_0_1_1_1_0_0_1_1_1_1,1,1.6666666666666667e-5,9.428090415820634e-6,0.2962962962962963,158.88888888888889
1_1_1_1_1_1_1_0_1_0_1_1_0_1_0_1_0_0_0_1_0_0_0_1_1_0_1_1_0_1_0_1_0_0_0_0_1_1,1,1.6666666666666667e-5,9.428090415820634e-6,0.30246913580246915,146.66666666666666
1_0_1_0_0_0_0_1_0_1_0_0_1_1_1_0_1_1_0_0_0_0_1_0_0_1_0_0_1_1_1_0_1_1_0_0_0_0,1,1.6666666666666667e-5,9.428090415820634e-6,0.29012345679012347,91.66666666666666
1_1_1_1_1_1_1_0_1_0_1_1_0_1_0_1_0_0_1_1_1_1_1_0_0_1_1_1_1_1_1_1_1_0_0_0_1_1,1,1.6666666666666667e-5,1.699673171197595e-5,0.30864197530864196,150.0
1_0_1_0_0_0_0_1_0_0_0_1_0_0_0_1_0_1_1_0_0_0_1_0_0_1_0_0_1_1_1_0_1_0_1_1_0_1,1,1.6666666666666667e-5,9.428090415820634e-6,0.2839506172839506,195.55555555555554
0_1_0_0_0_1_1_1_1_0_0_1_0_0_0_1_0_0_0_0_1_1_1_1_0_0_0_0_0_0_1_0_0_1_1_1_0_1,1,1.6666666666666667e-5,1.699673171197595e-5,0.30864197530864196,260.0
1_0_1_1_1_0_0_0_0_1_1_0_1_1_1_0_1_1_1_1_0_0_0_0_1_1_1_1_1_1_0_1_1_0_0_0_1_0,1,1.6666666666666667e-5,9.428090415820634e-6,0.30864197530864196,227.77777777777774
1_1_1_1_1_1_1_0_1_0_1_1_1_0_0_1_0_0_0_1_0_0_0_1_1_0_1_1_0_1_0_1_0_0_1_0_1_1,1,1.6666666666666667e-5,1.699673171197595e-5,0.3148148148148148,182.5
1_0_1_0_1_0_0_0_0_1_1_1_1_1_1_1_1_1_1_1_1_1_1_1_1_0_1_1_0_1_0_1_0_0_0_0_1_0,1,1.6666666666666667e-5,9.428090415820634e-6,0.2716049382716049,185.0
0_1_0_1_1_1_1_0_1_0_1_1_0_0_0_1_0_0_0_1_0_0_1_0_0_1_1_1_1_0_1_1_0_0_1_1_1_1,1,1.6666666666666667e-5,1.2472191289246472e-5,0.2839506172839506,158.33333333333331
0_0_0_0_0_0_0_1_0_1_0_0_1_0_1_1_1_1_1_0_1_1_0_0_1_1_0_0_1_0_0_0_0_0_1_1_0_1,1,1.6666666666666667e-5,1.2472191289246472e-5,0.2962962962962963,131.66666666666666
1_1_1_0_1_1_1_0_0_1_1_1_1_0_0_0_0_0_1_1_0_0_1_0_1_1_1_1_1_1_1_1_1_1_1_0_0_0,1,1.6666666666666667e-5,1.2472191289246472e-5,0.3148148148148148,295.0
1_0_1_0_0_0_0_1_0_1_0_0_0_0_1_1_1_1_0_0_1_1_1_1_1_0_0_0_0_1_1_0_1_1_1_1_0_1,1,1.6666666666666667e-5,2.3570226039551588e-5,0.2839506172839506,172.0
0_0_0_0_0_1_0_1_0_1_0_0_0_0_1_1_1_1_1_0_1_1_0_1_1_0_0_0_0_0_0_0_1_1_1_1_0_1,1,1.6666666666666667e-5,1.2472191289246472e-5,0.3271604938271605,116.66666666666667
1_0_1_0_1_0_0_0_0_1_1_1_0_1_1_0_1_1_0_1_0_0_1_1_0_0_1_1_0_1_0_1_1_0_0_0_1_0,1,1.6666666666666667e-5,2.3570226039551588e-5,0.3148148148148148,164.0
0_0_0_0_0_0_0_1_0_1_0_0_1_1_1_0_1_1_0_0_0_0_1_1_1_0_0_0_0_0_1_0_1_1_0_0_0_0,1,1.6666666666666667e-5,1.2472191289246472e-5,0.2962962962962963,136.66666666666669
0_0_0_0_0_0_0_1_0_1_0_0_1_1_1_0_1_1_1_0_1_1_0_0_1_1_0_0_1_0_0_0_0_1_0_0_0_0,1,1.6666666666666667e-5,1.2472191289246472e-5,0.2962962962962963,152.5
0_1_0_0_0_0_1_1_1_0_0_1_0_1_0_0_0_0_1_0_1_1_0_0_0_1_0_0_1_0_1_0_0_0_0_0_0_1,1,1.6666666666666667e-5,1.699673171197595e-5,0.30246913580246915,126.25
0_1_0_1_1_1_1_0_1_0_1_1_0_1_0_0_0_0_0_1_1_1_0_1_0_0_1_1_0_0_1_1_0_1_0_0_1_0,1,1.6666666666666667e-5,1.699673171197595e-5,0.2654320987654321,168.75
1_0_1_0_0_1_0_1_0_1_0_0_1_0_1_1_1_1_1_0_0_0_0_0_1_1_0_0_1_1_0_0_1_1_1_1_0_1,1,1.6666666666666667e-5,1.699673171197595e-5,0.30246913580246915,302.5
0_0_0_0_0_0_0_1_0_1_0_0_1_1_1_0_1_1_0_0_1_1_1_1_0_0_0_0_0_0_0_0_1_0_0_0_0_0,1,1.6666666666666667e-5,1.699673171197595e-5,0.2716049382716049,188.75
0_1_0_1_1_1_1_0_1_1_1_0_0_1_0_0_0_0_0_1_1_1_1_1_0_0_1_1_0_0_1_1_0_1_0_0_1_0,1,1.6666666666666667e-5,1.2472191289246472e-5,0.2962962962962963,226.66666666666669
0_0_0_0_0_1_1_1_1_0_1_0_0_0_1_1_1_1_1_1_1_1_1_0_1_1_1_1_1_0_0_0_0_0_1_1_1_1,1,1.6666666666666667e-5,1.2472191289246472e-5,0.32098765432098764,98.33333333333334
1_0_1_1_1_1_1_0_0_1_1_0_1_0_1_1_1_1_1_1_1_1_0_0_1_1_1_1_1_1_0_1_1_1_1_1_1_0,1,1.6666666666666667e-5,1.699673171197595e-5,0.30246913580246915,116.25
1_0_1_0_0_1_0_1_0_1_0_0_1_1_1_0_1_1_1_0_0_0_0_0_0_1_0_0_1_1_0_0_1_1_0_0_0_0,1,1.6666666666666667e-5,1.2472191289246472e-5,0.29012345679012347,166.66666666666669
0_0_0_0_0_1_1_1_0_1_0_0_0_0_1_0_1_1_1_0_0_0_1_0_0_1_0_0_1_0_0_0_1_1_1_1_0_1,1,1.6666666666666667e-5,1.2472191289246472e-5,0.2716049382716049,116.66666666666667
1_1_1_1_1_1_1_0_1_0_1_1_0_0_0_1_0_0_0_1_0_0_1_1_0_0_1_1_0_1_1_1_1_0_1_1_1_1,1,1.6666666666666667e-5,1.2472191289246472e-5,0.2962962962962963,184.16666666666666
1_0_1_0_0_0_0_1_0_1_0_0_1_1_1_0_1_1_0_0_1_1_0_1_0_0_0_0_0_1_0_0_1_0_0_0_0_0,1,1.6666666666666667e-5,1.2472191289246472e-5,0.25925925925925924,110.0
0_0_0_0_0_0_0_1_1_0_0_0_1_1_1_0_1_1_1_0_0_0_0_0_0_1_0_0_1_0_0_0_0_0_0_0_0_0,1,1.6666666666666667e-5,1.699673171197595e-5,0.3148148148148148,197.5
0_0_0_0_0_1_0_1_0_1_0_0_1_0_1_0_1_1_0_0_0_0_0_1_0_0_0_0_0_0_0_0_1_1_1_1_0_0,1,1.6666666666666667e-5,1.699673171197595e-5,0.30246913580246915,145.0
0_1_0_1_1_1_1_0_1_1_1_0_1_1_0_0_0_0_1_1_1_1_1_1_1_0_1_1_0_0_1_1_0_1_0_0_1_0,1,1.6666666666666667e-5,1.2472191289246472e-5,0.2716049382716049,132.5
0_0_0_0_0_0_0_1_0_0_0_1_1_1_1_0_1_1_1_0_0_0_1_0_0_1_0_0_1_0_0_0_1_0_0_0_0_0,1,1.6666666666666667e-5,1.699673171197595e-5,0.30864197530864196,155.0
0_0_0_0_0_1_1_1_0_1_0_0_1_0_1_1_1_1_0_0_0_0_1_1_1_0_0_0_0_0_1_0_1_1_1_1_0_1,1,1.6666666666666667e-5,1.2472191289246472e-5,0.3333333333333333,125.83333333333333
1_0_1_0_1_0_0_0_0_1_1_1_1_1_1_1_1_1_1_1_1_1_1_1_1_0_1_1_0_1_0_1_1_0_0_0_1_0,1,1.6666666666666667e-5,1.2472191289246472e-5,0.2716049382716049,122.5
0_0_0_0_0_0_0_1_1_0_0_0_0_0_1_1_1_1_1_0_0_0_1_0_1_1_0_0_1_0_0_0_0_0_1_1_0_1,1,1.3333333333333335e-5,1.8856180831641267e-5,0.30246913580246915,235.0
0_1_0_1_1_1_1_0_1_1_1_0_1_1_0_0_0_0_0_1_0_0_1_0_1_1_1_1_1_0_1_1_0_1_0_0_1_0,1,1.3333333333333335e-5,9.428090415820635e-6,0.2716049382716049,177.5
0_0_0_0_0_0_0_1_0_0_0_1_0_0_1_1_1_1_0_0_0_0_1_0_1_1_0_0_1_0_0_0_1_0_1_1_0_1,1,1.3333333333333335e-5,1.2472191289246472e-5,0.30246913580246915,161.66666666666669
1_0_1_1_1_0_0_0_0_1_1_0_1_1_1_0_1_1_0_1_0_0_1_1_1_0_1_1_0_1_0_1_1_0_0_0_1_0,1,1.3333333333333335e-5,4.714045207910318e-6,0.2962962962962963,115.0
0_0_0_0_0_1_1_1_0_1_0_0_0_0_1_1_1_1_0_0_0_0_1_1_1_0_0_0_0_0_1_0_1_1_1_1_0_1,1,1.3333333333333335e-5,1.2472191289246474e-5,0.3271604938271605,163.33333333333331
1_1_1_1_1_1_1_0_1_0_1_1_0_0_0_1_0_0_1_1_1_1_1_1_0_0_1_1_0_1_1_1_0_0_1_1_1_1,1,1.3333333333333335e-5,4.714045207910318e-6,0.30246913580246915,130.0
1_0_1_0_0_0_0_1_0_0_0_1_1_1_1_0_1_1_1_0_0_0_0_0_0_1_0_0_1_1_0_0_1_0_0_0_0_0,1,1.3333333333333335e-5,9.428090415820635e-6,0.30864197530864196,195.0
0_1_0_0_0_0_1_1_1_0_0_1_0_0_0_1_0_0_0_0_0_0_0_1_0_0_0_0_0_0_1_0_0_1_1_1_0_1,1,1.3333333333333335e-5,1.2472191289246474e-5,0.2962962962962963,191.66666666666669
1_0_1_0_0_0_0_1_0_1_0_0_1_0_1_0_1_1_0_0_1_1_1_1_1_0_0_0_0_1_0_0_1_0_1_1_0_0,1,1.3333333333333335e-5,4.714045207910318e-6,0.2716049382716049,146.66666666666666
0_1_0_1_1_1_1_0_1_0_1_1_0_0_0_1_0_0_0_1_1_1_0_1_0_0_1_1_0_0_1_1_0_0_1_1_1_1,1,1.3333333333333335e-5,4.714045207910318e-6,0.2777777777777778,173.33333333333334
0_0_0_0_0_0_0_1_0_1_0_0_1_0_1_0_1_1_1_0_1_1_0_0_1_1_0_0_1_0_0_0_0_0_1_1_0_0,1,1.3333333333333335e-5,4.714045207910318e-6,0.29012345679012347,126.66666666666667
1_1_1_1_1_0_0_0_1_0_1_1_0_1_0_0_0_0_0_1_0_0_0_1_0_0_1_1_0_1_0_1_0_0_0_0_1_0,1,1.3333333333333335e-5,1.2472191289246474e-5,0.3333333333333333,161.66666666666669
0_1_0_1_1_1_1_0_1_1_1_0_0_1_0_0_0_0_1_1_0_0_1_0_0_1_1_1_1_0_1_1_0_1_0_0_1_0,1,1.3333333333333335e-5,1.2472191289246474e-5,0.2962962962962963,136.66666666666669
1_1_1_1_1_1_1_0_1_0_1_1_1_1_0_0_0_0_0_1_1_1_1_1_0_0_1_1_0_1_1_1_0_0_0_0_1_0,1,1.3333333333333335e-5,1.2472191289246474e-5,0.3148148148148148,118.33333333333334
0_1_0_1_1_1_1_0_1_1_1_0_0_0_0_1_0_0_1_1_0_0_1_0_1_1_1_1_1_0_1_1_0_1_1_1_1_1,1,1.3333333333333335e-5,1.8856180831641267e-5,0.30864197530864196,232.5
0_0_0_0_0_1_1_1_1_0_0_1_0_0_1_0_1_0_0_1_1_1_1_1_0_0_1_1_0_0_0_0_0_0_1_1_1_1,1,1.3333333333333335e-5,1.2472191289246474e-5,0.2777777777777778,120.0
0_0_0_0_0_0_0_1_0_1_0_0_1_0_1_0_1_1_0_0_1_1_1_1_1_0_0_0_0_0_0_0_1_0_1_1_0_0,1,1.3333333333333335e-5,1.2472191289246474e-5,0.29012345679012347,148.33333333333331
1_1_1_1_1_1_1_0_0_1_1_1_0_1_0_0_0_0_0_1_1_1_0_1_0_0_1_1_0_1_1_1_1_1_0_0_1_0,1,1.3333333333333335e-5,9.428090415820635e-6,0.30864197530864196,162.5
1_0_1_1_1_0_0_0_0_1_1_1_1_1_1_0_1_1_1_1_1_1_0_0_0_1_1_1_1_1_0_1_1_0_0_0_1_0,1,1.3333333333333335e-5,4.714045207910318e-6,0.2962962962962963,158.33333333333334
1_1_1_1_1_1_1_0_1_0_1_1_0_1_0_1_0_0_1_1_0_0_0_0_0_1_1_1_1_1_0_1_0_0_0_0_1_1,1,1.3333333333333335e-5,4.714045207910318e-6,0.3271604938271605,158.33333333333334
0_0_0_0_0_0_0_1_0_1_0_0_1_0_1_0_1_1_1_0_1_1_0_0_1_1_0_0_1_0_0_0_0_1_1_1_0_0,1,1.3333333333333335e-5,4.714045207910318e-6,0.30864197530864196,173.33333333333334
1_1_1_1_1_0_1_0_1_0_1_1_1_0_0_1_0_0_0_1_0_0_1_1_1_0_1_1_0_1_1_1_0_0_1_0_1_1,1,1.3333333333333335e-5,4.714045207910318e-6,0.3148148148148148,145.0
0_1_0_0_0_1_1_1_1_0_0_0_0_0_0_1_0_0_1_0_1_1_1_1_1_0_0_0_0_0_1_0_0_1_1_1_0_1,1,1.3333333333333335e-5,9.428090415820635e-6,0.3148148148148148,137.5
1_1_1_1_1_1_1_0_1_1_1_0_1_1_1_0_1_0_1_1_0_0_0_0_1_1_1_1_1_1_0_1_0_1_0_0_1_0,1,1.3333333333333335e-5,9.428090415820635e-6,0.3148148148148148,152.5
0_1_0_0_0_1_1_1_1_0_0_1_0_0_0_1_0_0_1_0_1_1_0_0_0_1_0_0_1_0_1_0_0_1_1_1_0_1,1,1.3333333333333335e-5,9.428090415820635e-6,0.2962962962962963,117.5
0_1_0_0_0_1_1_1_1_0_0_1_0_0_0_1_0_0_1_0_0_0_1_0_1_1_0_0_1_0_1_0_0_1_1_1_0_1,1,1.3333333333333335e-5,1.2472191289246474e-5,0.3148148148148148,303.33333333333337
0_0_0_0_0_0_1_1_1_0_0_1_0_0_1_0_1_0_0_0_1_1_0_1_0_0_0_0_0_0_0_0_0_0_1_1_0_1,1,1.3333333333333335e-5,4.714045207910318e-6,0.29012345679012347,168.33333333333334
1_0_1_0_0_0_0_1_0_0_0_1_0_0_0_1_0_0_0_0_0_0_1_1_1_0_0_0_0_1_1_0_1_0_1_1_0_1,1,1.3333333333333335e-5,4.714045207910318e-6,0.2654320987654321,191.66666666666666
1_0_1_1_1_1_0_0_0_1_1_1_1_1_1_0_1_1_1_1_1_1_0_0_0_1_1_1_1_1_0_1_1_0_0_0_1_0,1,1.3333333333333335e-5,1.2472191289246474e-5,0.2962962962962963,80.0
1_1_1_1_1_0_1_0_1_0_1_1_1_0_0_1_0_0_0_1_0_0_0_1_1_0_1_1_0_1_1_1_0_0_1_0_1_1,1,1.3333333333333335e-5,4.714045207910318e-6,0.30864197530864196,175.0
1_1_1_1_1_0_1_0_1_0_1_1_0_1_0_1_0_0_1_1_1_1_1_1_0_0_1_1_0_1_1_1_0_0_0_0_1_1,1,1.3333333333333335e-5,9.428090415820635e-6,0.3271604938271605,227.5
1_1_1_1_1_1_1_0_0_1_1_1_1_1_0_0_0_0_0_1_0_0_0_0_0_1_1_1_1_1_1_1_1_1_0_0_1_0,1,1.3333333333333335e-5,1.2472191289246474e-5,0.30246913580246915,243.33333333333334
1_1_1_1_1_0_1_0_1_0_1_1_0_1_0_0_0_0_1_1_1_1_1_0_0_1_1_1_1_1_1_1_1_0_0_0_1_0,1,1.3333333333333335e-5,4.714045207910318e-6,0.3271604938271605,198.33333333333334
0_0_0_1_0_0_0_1_1_0_0_0_0_1_1_1_1_1_1_0_1_1_0_1_0_0_0_0_0_0_0_0_0_0_0_1_1_1,1,1.3333333333333335e-5,4.714045207910318e-6,0.3148148148148148,183.33333333333334
1_0_1_0_0_0_0_1_0_0_0_1_0_0_1_1_1_1_0_0_1_1_1_1_1_0_0_0_0_1_0_0_1_0_1_1_0_1,1,1.3333333333333335e-5,9.428090415820635e-6,0.2716049382716049,270.0
1_1_1_1_1_1_1_0_0_1_1_1_0_1_1_0_1_0_1_1_1_1_0_1_0_0_1_1_0_1_0_1_1_1_0_0_1_0,1,1.3333333333333335e-5,4.714045207910318e-6,0.3271604938271605,245.0
0_0_0_0_0_0_0_1_0_1_0_0_0_1_1_0_1_1_0_0_0_0_0_1_0_0_0_0_0_0_0_0_0_0_0_1_0_0,1,1.3333333333333335e-5,1.2472191289246474e-5,0.2962962962962963,116.66666666666666
0_1_0_1_1_1_1_0_1_0_1_1_0_0_0_1_0_0_1_1_0_0_0_0_0_1_1_1_1_0_0_1_0_0_1_1_1_1,1,1.3333333333333335e-5,1.2472191289246474e-5,0.2962962962962963,111.66666666666667
0_0_0_0_0_0_0_1_0_1_0_0_1_0_1_1_1_1_1_0_0_0_1_0_1_1_0_0_1_0_1_0_1_1_1_1_0_1,1,1.3333333333333335e-5,4.714045207910318e-6,0.3333333333333333,165.0
1_0_1_0_0_0_0_1_0_0_0_1_1_1_1_0_1_1_0_0_1_1_0_1_0_0_0_0_0_1_0_0_1_0_0_0_0_0,1,1.3333333333333335e-5,4.714045207910318e-6,0.30864197530864196,146.66666666666666
0_1_0_1_1_0_1_0_1_0_1_1_0_0_0_1_0_0_1_1_0_0_0_0_1_1_1_1_1_0_0_1_0_0_1_1_1_1,1,1.3333333333333335e-5,9.428090415820635e-6,0.30246913580246915,160.0
0_0_0_0_0_0_0_1_0_1_0_0_1_0_1_0_1_1_0_0_1_1_0_1_1_0_0_0_0_0_0_0_0_1_1_1_0_0,1,1.3333333333333335e-5,4.714045207910318e-6,0.3271604938271605,150.0
0_0_0_0_0_1_0_1_0_1_0_0_1_0_1_0_1_1_0_0_0_0_1_1_0_0_0_0_0_0_1_0_0_1_1_1_0_0,1,1.3333333333333335e-5,4.714045207910318e-6,0.3271604938271605,113.33333333333333
0_1_0_1_0_0_1_1_1_0_0_0_0_0_0_0_0_0_1_0_0_0_0_0_0_1_0_0_1_0_1_0_0_1_1_1_0_1,1,1.3333333333333335e-5,1.2472191289246472e-5,0.2716049382716049,135.0
1_1_1_1_1_0_1_0_1_0_1_1_0_0_0_1_0_0_0_1_0_0_0_0_1_1_1_1_1_1_0_1_0_0_1_1_1_1,1,1.3333333333333335e-5,1.2472191289246474e-5,0.32098765432098764,143.33333333333331
1_0_1_1_1_1_0_0_0_1_1_1_0_0_1_1_1_1_1_1_1_1_0_0_1_1_1_1_1_1_0_1_1_0_1_1_1_1,1,1.3333333333333335e-5,4.714045207910318e-6,0.3148148148148148,108.33333333333333
1_0_1_0_1_0_0_0_0_1_1_1_0_0_1_1_1_1_0_1_0_0_1_1_1_0_1_1_0_1_0_1_1_0_1_1_1_1,1,1.3333333333333335e-5,4.714045207910318e-6,0.3271604938271605,91.66666666666667
1_1_1_0_1_1_1_0_0_1_1_1_0_1_1_0_1_1_1_1_1_1_0_1_1_0_1_1_0_1_0_1_1_1_0_0_0_0,1,1.3333333333333335e-5,4.714045207910318e-6,0.30864197530864196,285.0
1_1_1_1_1_0_1_0_1_0_1_1_0_1_0_0_0_0_0_1_1_1_0_1_0_0_1_1_0_1_1_1_0_0_0_0_1_0,1,1.3333333333333335e-5,4.714045207910318e-6,0.3271604938271605,166.66666666666666
0_0_0_0_0_0_0_1_0_1_0_0_1_0_1_0_1_1_0_0_0_0_1_0_1_1_0_0_1_0_0_0_1_0_1_1_0_0,1,1.3333333333333335e-5,4.714045207910318e-6,0.29012345679012347,148.33333333333334
1_1_1_1_1_1_1_0_1_0_1_1_0_0_0_1_0_0_1_1_1_1_1_1_0_0_1_1_0_1_1_1_0_1_1_1_1_1,1,1.3333333333333335e-5,1.2472191289246474e-5,0.2839506172839506,288.3333333333333
1_0_1_0_0_1_0_1_0_1_1_0_1_0_1_1_1_1_0_0_1_1_1_1_1_0_0_0_0_1_1_0_1_1_1_1_0_0,1,1.3333333333333335e-5,1.2472191289246474e-5,0.2962962962962963,136.66666666666669
0_0_0_0_0_0_0_1_0_1_0_0_1_1_1_0_1_1_0_0_1_1_1_1_0_0_0_0_0_0_0_0_0_0_0_0_0_0,1,1.3333333333333335e-5,9.428090415820635e-6,0.2839506172839506,177.5
0_1_0_1_1_0_1_0_1_0_1_1_0_0_0_1_0_0_1_1_0_0_0_0_1_1_1_1_1_0_1_1_0_0_1_1_1_1,1,1.3333333333333335e-5,9.428090415820635e-6,0.2839506172839506,160.0
0_0_0_0_0_0_0_1_1_0_0_0_0_1_1_1_1_1_1_0_1_1_1_1_0_0_0_0_0_0_0_0_0_0_0_1_0_1,1,1.3333333333333335e-5,4.714045207910318e-6,0.3271604938271605,180.0
0_0_0_0_0_1_0_1_0_1_0_0_0_0_1_1_1_1_0_0_0_0_0_0_1_1_0_0_1_0_0_0_1_1_1_1_0_1,1,1.3333333333333335e-5,4.714045207910318e-6,0.3271604938271605,218.33333333333334
1_0_1_0_0_1_0_1_0_1_0_0_1_1_1_0_1_1_1_0_0_0_1_0_0_1_0_0_1_1_0_0_1_1_0_0_0_0,1,1.3333333333333335e-5,9.428090415820635e-6,0.2839506172839506,152.5
1_1_1_1_1_0_0_0_1_0_1_1_0_1_0_0_0_0_0_1_0_0_0_1_0_0_1_1_0_1_1_1_0_0_0_0_1_0,1,1.3333333333333335e-5,4.714045207910318e-6,0.3148148148148148,91.66666666666667
1_1_1_1_1_1_1_0_0_1_1_1_1_1_1_0_1_0_1_1_1_1_0_1_1_0_1_1_0_1_0_1_1_1_0_0_1_0,1,1.3333333333333335e-5,4.714045207910318e-6,0.3148148148148148,150.0
1_1_1_1_1_0_1_0_1_0_1_1_0_1_0_0_0_0_1_1_0_0_0_0_0_1_1_1_1_1_0_1_0_0_0_0_1_0,1,1.3333333333333335e-5,9.428090415820635e-6,0.345679012345679,167.5
0_0_0_0_0_1_0_1_0_1_0_0_1_0_1_0_1_1_1_0_1_1_0_1_0_0_0_0_0_0_0_0_1_1_1_1_0_0,1,1.3333333333333335e-5,9.428090415820635e-6,0.32098765432098764,187.5
1_0_1_0_1_0_0_0_0_1_1_1_1_1_1_0_1_1_0_1_0_0_1_1_0_0_1_1_0_1_0_1_0_0_0_0_1_0,1,1.3333333333333335e-5,4.714045207910318e-6,0.30864197530864196,106.66666666666667
1_1_1_1_1_1_1_0_1_0_1_1_0_1_0_1_0_0_1_1_0_0_0_0_0_1_1_1_1_1_1_1_0_1_0_0_1_1,1,1.3333333333333335e-5,1.2472191289246474e-5,0.29012345679012347,110.0
1_1_1_1_1_0_0_0_1_0_1_1_1_1_0_0_0_0_1_1_1_1_0_0_0_1_1_1_1_1_0_1_0_0_0_0_1_0,1,1.3333333333333335e-5,4.714045207910318e-6,0.3271604938271605,186.66666666666666
1_0_1_1_1_1_0_0_0_1_1_0_1_1_1_0_1_1_0_1_0_0_1_1_0_0_1_1_0_1_0_1_1_0_0_0_1_0,1,1.3333333333333335e-5,4.714045207910318e-6,0.30246913580246915,85.0
0_1_0_1_0_1_1_1_1_0_0_0_1_0_0_1_0_0_1_0_1_1_0_0_1_1_0_0_1_0_1_0_1_1_1_1_0_1,1,1.3333333333333335e-5,4.714045207910318e-6,0.3148148148148148,133.33333333333334
0_0_0_0_0_1_0_1_0_1_0_0_1_0_1_0_1_1_1_0_1_1_1_1_1_0_0_0_0_0_0_0_1_1_1_1_0_0,1,1.3333333333333335e-5,1.2472191289246474e-5,0.32098765432098764,153.33333333333331
0_1_0_1_1_1_1_0_1_0_1_1_0_1_0_0_0_0_1_1_1_1_0_1_0_0_1_1_0_0_1_1_0_0_0_0_1_0,1,1.3333333333333335e-5,4.714045207910318e-6,0.2839506172839506,205.0
0_0_0_0_0_0_0_1_0_1_0_0_0_1_1_0_1_1_1_0_1_1_1_1_0_0_0_0_0_0_1_0_1_1_0_1_0_0,1,1.3333333333333335e-5,4.714045207910318e-6,0.3333333333333333,95.0
0_0_0_0_0_0_0_1_1_0_0_0_0_0_1_1_1_1_0_0_0_0_0_0_1_1_0_0_1_0_0_0_0_0_1_1_0_1,1,1.3333333333333335e-5,9.428090415820635e-6,0.30864197530864196,230.0
1_0_1_1_1_0_0_0_0_1_1_1_1_1_1_0_1_1_1_1_1_1_0_0_0_1_1_1_1_1_0_1_0_0_0_0_1_0,1,1.3333333333333335e-5,1.2472191289246474e-5,0.2962962962962963,133.33333333333331
0_0_0_0_0_0_0_1_0_1_0_0_1_0_1_1_1_1_0_0_0_0_0_0_1_1_0_0_1_0_0_0_0_0_1_1_0_1,1,1.3333333333333335e-5,4.714045207910318e-6,0.3148148148148148,135.0
1_1_1_1_1_0_1_0_1_0_1_1_0_0_0_1_0_0_0_1_0_0_0_1_1_0_1_1_0_1_0_1_0_0_1_1_1_1,1,1.3333333333333335e-5,4.714045207910318e-6,0.30246913580246915,140.0
1_1_1_1_1_1_1_0_0_1_1_1_1_1_0_0_0_0_1_1_1_1_1_1_1_0_1_1_0_1_1_1_1_1_0_0_1_0,1,1.3333333333333335e-5,4.714045207910318e-6,0.30246913580246915,313.3333333333333
0_0_0_1_0_1_1_1_1_0_1_0_1_0_1_1_1_0_1_1_1_1_0_1_1_0_1_1_0_0_0_0_0_0_1_1_1_1,1,1.3333333333333335e-5,4.714045207910318e-6,0.3148148148148148,165.0
1_1_1_1_1_0_1_0_1_0_1_1_1_1_0_1_0_0_1_1_0_0_1_0_1_1_1_1_1_1_1_1_1_0_0_0_1_0,1,1.3333333333333335e-5,4.714045207910318e-6,0.2839506172839506,121.66666666666667
1_1_1_1_1_1_1_0_0_1_1_1_1_1_1_0_1_0_0_1_0_0_0_0_0_1_1_1_1_1_0_1_1_1_0_0_1_0,1,1.3333333333333335e-5,1.2472191289246474e-5,0.32098765432098764,166.66666666666669
0_0_0_1_1_0_0_0_0_1_0_0_1_1_1_0_1_1_1_0_1_1_0_0_1_1_0_0_1_0_0_1_1_1_0_0_0_0,1,1.3333333333333335e-5,4.714045207910318e-6,0.32098765432098764,115.0
0_0_0_1_0_0_0_1_1_0_0_0_0_1_1_1_1_1_0_0_0_0_0_0_0_1_0_0_1_0_0_0_0_0_0_1_1_1,1,1.3333333333333335e-5,4.714045207910318e-6,0.3148148148148148,206.66666666666666
1_1_1_1_1_1_1_0_1_0_1_1_1_1_0_0_0_0_1_1_0_0_1_0_0_1_1_1_1_1_1_1_0_0_0_0_1_0,1,1.3333333333333335e-5,1.2472191289246474e-5,0.3148148148148148,131.66666666666669
1_1_1_1_1_1_1_0_1_0_1_1_1_1_0_1_0_0_0_1_0_0_1_0_1_1_1_1_1_1_1_1_1_0_0_0_1_0,1,1.3333333333333335e-5,1.2472191289246474e-5,0.2716049382716049,150.0
1_1_1_1_1_1_1_0_1_0_1_1_1_1_0_1_0_0_1_1_0_0_1_0_1_1_1_1_1_1_1_1_1_0_0_0_1_0,1,1.3333333333333335e-5,1.2472191289246474e-5,0.2716049382716049,256.6666666666667
0_0_0_0_0_1_1_1_0_1_0_0_0_0_1_0_1_1_0_0_1_1_1_1_0_0_0_0_0_0_1_0_1_1_1_1_0_1,1,1.3333333333333335e-5,4.714045207910318e-6,0.29012345679012347,158.33333333333334
1_1_1_1_1_1_1_0_0_1_1_1_1_1_0_0_0_0_1_1_0_0_1_0_0_1_1_1_1_1_1_1_1_1_0_0_1_0,1,1.3333333333333335e-5,4.714045207910318e-6,0.30864197530864196,191.66666666666666
0_0_0_0_0_0_0_1_0_1_0_0_1_0_1_0_1_1_0_0_0_0_1_1_1_0_0_0_0_0_0_0_0_1_1_1_0_0,1,1.3333333333333335e-5,4.714045207910318e-6,0.30246913580246915,155.0
0_0_0_0_0_0_0_1_0_1_0_0_0_0_1_0_1_1_1_0_0_0_0_0_0_1_0_0_1_0_0_0_0_1_1_1_0_1,1,1.3333333333333335e-5,1.2472191289246474e-5,0.2716049382716049,131.66666666666669
1_0_1_0_1_0_0_0_0_1_1_1_1_1_1_0_1_1_1_1_1_1_1_0_1_1_1_1_1_1_0_1_0_0_0_0_1_0,1,1.3333333333333335e-5,4.714045207910318e-6,0.30246913580246915,141.66666666666666
0_0_0_1_1_1_0_0_0_1_0_0_0_1_1_0_1_1_1_0_1_1_0_0_0_1_0_0_1_0_0_1_1_1_0_1_0_0,1,1.3333333333333335e-5,4.714045207910318e-6,0.35185185185185186,113.33333333333333
0_1_0_1_1_1_1_0_1_1_1_0_1_1_1_0_1_0_1_1_1_1_0_1_0_0_1_1_0_0_0_1_0_1_0_0_1_0,1,1.3333333333333335e-5,9.428090415820635e-6,0.29012345679012347,152.5
1_0_1_0_1_0_0_0_0_1_1_1_1_1_1_0_1_1_1_1_1_1_1_0_0_1_1_1_1_1_0_1_1_0_0_0_1_0,1,1.3333333333333335e-5,1.2472191289246474e-5,0.30864197530864196,140.0
0_0_0_0_0_0_0_1_0_1_0_0_1_0_1_0_1_1_0_0_1_1_0_1_0_0_0_0_0_0_0_0_1_0_1_1_0_0,1,1.3333333333333335e-5,4.714045207910318e-6,0.29012345679012347,111.66666666666667
1_0_1_0_1_0_0_0_0_1_1_1_1_1_1_1_1_1_0_1_1_1_1_1_1_0_1_1_0_1_0_1_1_0_0_0_1_0,1,1.3333333333333335e-5,9.428090415820635e-6,0.2716049382716049,227.5
1_1_1_1_1_1_1_0_1_0_1_1_0_1_0_1_0_0_1_1_1_1_1_0_1_1_1_1_1_1_1_1_1_0_0_0_1_1,1,1.3333333333333335e-5,9.428090415820635e-6,0.30246913580246915,180.0
1_1_1_1_1_1_1_0_0_1_1_1_1_0_0_0_0_0_1_1_1_1_0_1_1_0_1_1_0_1_1_1_1_1_1_0_1_0,1,1.3333333333333335e-5,4.714045207910318e-6,0.3271604938271605,173.33333333333334
1_1_1_1_1_1_1_0_1_1_1_0_1_0_0_0_0_0_0_1_0_0_1_1_1_0_1_1_0_1_1_1_0_1_1_0_1_0,1,1.3333333333333335e-5,4.714045207910318e-6,0.3148148148148148,153.33333333333334
1_1_1_1_1_1_1_0_1_0_1_1_0_0_0_1_0_0_1_1_0_0_1_0_1_1_1_1_1_1_1_1_0_0_1_1_1_1,1,1.3333333333333335e-5,4.714045207910318e-6,0.2962962962962963,136.66666666666666
1_1_1_1_1_1_1_0_1_0_1_1_0_1_0_1_0_0_1_1_1_1_0_0_1_1_1_1_1_1_0_1_1_0_0_0_1_1,1,1.3333333333333335e-5,1.2472191289246472e-5,0.3148148148148148,141.66666666666666
0_0_0_0_0_0_0_1_0_1_0_0_0_1_1_0_1_1_0_0_0_0_1_0_0_1_0_0_1_0_0_0_1_0_0_1_0_0,1,1.3333333333333335e-5,4.714045207910318e-6,0.2962962962962963,121.66666666666667
1_0_1_1_1_1_0_0_0_1_1_0_1_1_1_0_1_1_0_1_0_0_1_1_1_0_1_1_0_1_0_1_1_1_0_0_1_0,1,1.3333333333333335e-5,9.428090415820635e-6,0.30246913580246915,172.5
1_1_1_1_1_1_1_0_1_0_1_1_0_0_0_1_0_0_0_1_0_0_1_0_0_1_1_1_1_1_1_1_0_0_1_1_1_1,1,1.3333333333333335e-5,4.714045207910318e-6,0.30246913580246915,128.33333333333334
0_1_0_1_1_1_1_0_1_1_1_0_1_1_0_0_0_0_1_1_1_1_1_1_0_0_1_1_0_0_1_1_0_1_0_0_1_0,1,1.3333333333333335e-5,4.714045207910318e-6,0.2777777777777778,115.0
0_1_0_1_1_0_1_0_1_0_1_1_0_0_0_1_0_0_0_1_0_0_0_0_1_1_1_1_1_0_1_1_0_0_1_1_1_1,1,1.3333333333333335e-5,4.714045207910318e-6,0.2839506172839506,176.66666666666666
1_0_1_0_0_1_0_1_0_1_0_0_0_0_1_1_1_1_0_0_0_0_1_0_1_1_0_0_1_1_0_0_1_1_1_1_0_1,1,1.3333333333333335e-5,4.714045207910318e-6,0.2777777777777778,115.0
0_1_0_1_1_1_1_0_1_0_1_1_0_0_0_1_0_0_0_1_0_0_0_0_1_1_1_1_1_0_1_1_0_1_1_1_1_1,1,1.3333333333333335e-5,4.714045207910318e-6,0.25308641975308643,138.33333333333334
1_0_1_1_1_0_0_0_0_1_1_1_1_1_1_1_1_1_1_1_0_0_0_0_1_1_1_1_1_1_0_1_0_0_0_0_1_0,1,1.3333333333333335e-5,9.428090415820635e-6,0.25925925925925924,167.5
0_0_0_0_0_0_0_1_1_0_0_0_1_0_1_1_1_1_1_0_1_1_0_1_1_0_0_0_0_0_0_0_0_0_1_1_0_1,1,1.3333333333333335e-5,9.428090415820635e-6,0.3148148148148148,180.0
0_0_0_0_0_0_0_1_1_0_0_0_0_0_0_1_0_1_1_0_1_1_1_1_0_0_0_0_0_0_1_0_0_0_1_1_0_1,1,1.3333333333333335e-5,4.714045207910318e-6,0.3148148148148148,205.0
0_1_0_0_0_1_1_1_1_0_0_1_0_0_0_1_0_0_1_0_1_1_1_1_0_0_0_0_0_0_1_0_0_1_1_1_0_1,1,1.3333333333333335e-5,4.714045207910318e-6,0.30864197530864196,266.6666666666667
1_0_1_1_1_0_0_0_0_1_1_0_1_1_1_0_1_1_1_1_1_1_0_1_1_0_1_1_0_1_0_1_1_0_0_0_1_0,1,1.3333333333333335e-5,4.714045207910318e-6,0.30864197530864196,203.33333333333334
1_1_1_1_1_1_1_0_1_0_1_1_1_1_0_1_0_0_0_1_0_0_0_0_1_1_1_1_1_1_1_1_1_0_0_0_1_0,1,1.3333333333333335e-5,1.8856180831641267e-5,0.2654320987654321,180.0
0_0_0_0_0_1_0_1_0_1_0_0_0_0_1_1_1_1_0_0_1_1_0_1_1_0_0_0_0_0_0_0_1_1_1_1_0_1,1,1.3333333333333335e-5,4.714045207910318e-6,0.3271604938271605,261.6666666666667
0_1_0_0_0_0_0_1_0_0_0_1_1_1_0_0_0_1_1_0_1_1_1_0_0_1_0_0_1_0_1_0_1_1_0_0_0_0,1,1.3333333333333335e-5,1.2472191289246474e-5,0.3271604938271605,140.0
1_1_1_1_1_1_1_0_1_0_1_1_1_0_0_1_0_0_1_1_0_0_0_0_1_1_1_1_1_1_1_1_1_1_1_0_1_1,1,1.3333333333333335e-5,9.428090415820635e-6,0.30864197530864196,132.5
1_1_1_1_1_0_1_0_1_0_1_1_1_1_0_1_0_0_0_1_0_0_0_0_1_1_1_1_1_1_1_1_1_0_0_0_1_0,1,1.3333333333333335e-5,1.2472191289246474e-5,0.2777777777777778,120.0
0_1_0_0_0_0_0_1_1_0_0_1_0_1_0_0_0_0_0_0_0_0_1_1_0_0_0_0_0_0_1_0_0_0_0_0_0_1,1,1.3333333333333335e-5,4.714045207910318e-6,0.30246913580246915,133.33333333333334
0_0_0_0_0_1_0_1_0_1_0_0_1_1_1_0_1_1_0_0_0_0_1_1_1_0_0_0_0_0_1_0_1_1_0_0_0_0,1,1.3333333333333335e-5,1.2472191289246474e-5,0.30864197530864196,183.33333333333331
1_0_1_0_0_0_0_1_0_1_0_0_1_1_1_0_1_1_1_0_0_0_1_0_1_1_0_0_1_1_1_0_1_1_0_0_0_0,1,1.3333333333333335e-5,9.428090415820635e-6,0.2962962962962963,95.0
0_0_0_0_0_0_0_1_0_1_0_0_0_0_1_1_1_1_1_0_0_0_0_0_1_1_0_0_1_0_0_0_0_0_1_1_0_1,1,1.3333333333333335e-5,9.428090415820635e-6,0.30864197530864196,185.0
0_0_0_0_0_1_0_1_0_1_0_0_0_0_1_1_1_1_1_0_0_0_1_0_1_1_0_0_1_0_1_0_1_1_1_1_0_1,1,1.3333333333333335e-5,1.2472191289246474e-5,0.3395061728395062,220.0
1_1_1_1_1_1_1_0_1_0_1_1_0_0_0_1_0_0_0_1_0_0_0_1_1_0_1_1_0_1_1_1_0_0_1_1_1_1,1,1.3333333333333335e-5,9.428090415820635e-6,0.2716049382716049,107.5
1_1_1_1_1_1_1_0_1_0_1_1_0_1_0_1_0_0_0_1_0_0_0_0_0_1_1_1_1_1_1_1_0_0_0_0_1_1,1,1.3333333333333335e-5,4.714045207910318e-6,0.30864197530864196,143.33333333333334
0_0_0_0_0_0_0_1_1_0_0_0_0_0_0_1_0_1_1_0_0_0_1_0_0_1_0_0_1_0_1_0_0_0_1_1_0_1,1,1.3333333333333335e-5,9.428090415820635e-6,0.3148148148148148,257.5
0_1_0_1_1_1_1_0_1_1_1_0_1_1_1_0_1_0_0_1_1_1_0_1_1_0_1_1_0_0_0_1_0_1_0_0_1_0,1,1.3333333333333335e-5,1.2472191289246474e-5,0.2839506172839506,121.66666666666667
1_1_1_1_1_1_1_0_1_0_1_1_0_1_0_1_0_0_1_1_1_1_0_0_0_1_1_1_1_1_1_1_1_1_0_0_1_1,1,1.3333333333333335e-5,4.714045207910318e-6,0.2839506172839506,118.33333333333333
0_1_0_1_1_1_1_0_1_1_1_0_1_1_1_0_1_0_1_1_0_0_0_0_1_1_1_1_1_0_0_1_0_1_0_0_1_0,1,1.3333333333333335e-5,4.714045207910318e-6,0.2839506172839506,238.33333333333334
0_0_0_0_0_0_0_1_0_0_0_1_0_1_0_1_0_1_0_0_0_0_1_1_0_0_0_0_0_0_1_0_1_0_0_1_0_1,1,1.3333333333333335e-5,4.714045207910318e-6,0.3271604938271605,125.0
0_1_0_0_0_0_0_1_1_0_0_1_0_0_0_1_0_0_0_0_0_0_0_1_0_0_0_0_0_0_0_0_0_0_1_1_0_1,1,1.3333333333333335e-5,4.714045207910318e-6,0.3148148148148148,166.66666666666666
1_0_1_1_1_1_0_0_0_1_1_0_1_0_1_1_1_1_0_1_0_0_1_1_1_0_1_1_0_1_1_1_1_1_1_1_1_0,1,1.3333333333333335e-5,9.428090415820635e-6,0.30864197530864196,245.0
1_0_1_0_0_0_0_1_0_1_0_0_1_1_1_0_1_1_1_0_0_0_0_0_1_1_0_0_1_1_0_0_1_1_0_0_0_0,1,1.3333333333333335e-5,1.2472191289246474e-5,0.2839506172839506,118.33333333333334
0_0_0_0_0_1_0_1_0_1_0_0_0_0_1_0_1_1_1_0_1_1_0_1_0_0_0_0_0_0_0_0_0_1_1_1_0_1,1,1.3333333333333335e-5,4.714045207910318e-6,0.2839506172839506,115.0
0_1_0_0_0_1_1_1_1_0_0_0_0_0_0_0_0_0_1_0_1_1_1_1_0_0_0_0_0_0_1_0_1_1_1_1_0_1,1,1.3333333333333335e-5,4.714045207910318e-6,0.25925925925925924,117.5
0_1_0_0_0_0_1_1_1_0_0_1_0_0_0_1_0_0_1_0_1_1_0_1_1_0_0_0_0_0_0_0_0_0_1_1_0_1,1,1.3333333333333335e-5,9.428090415820635e-6,0.3333333333333333,202.5
0_0_0_0_0_1_0_1_0_1_0_0_1_0_1_1_1_1_1_0_0_0_0_0_1_1_0_0_1_0_0_0_1_1_1_1_0_1,1,1.3333333333333335e-5,9.428090415820635e-6,0.3333333333333333,177.5
1_0_1_0_0_0_0_1_0_1_0_0_1_0_1_1_1_1_0_0_1_1_1_1_1_0_0_0_0_1_1_0_1_1_1_1_0_1,1,1.3333333333333335e-5,1.2472191289246474e-5,0.30246913580246915,161.66666666666669
1_0_1_0_0_1_0_1_0_1_0_0_1_0_1_1_1_1_0_0_0_0_1_0_1_1_0_0_1_1_1_0_1_1_1_1_0_1,1,1.3333333333333335e-5,1.2472191289246472e-5,0.3148148148148148,283.3333333333333
1_1_1_1_1_0_1_0_1_0_1_1_0_0_0_1_0_0_0_1_0_0_0_1_0_0_1_1_0_1_0_1_0_0_1_1_1_1,1,1.3333333333333335e-5,4.714045207910318e-6,0.30864197530864196,150.0
1_1_1_1_1_1_1_0_1_1_1_0_0_0_0_1_0_0_0_1_0_0_1_0_1_1_1_1_1_1_1_1_0_1_1_1_1_1,1,1.3333333333333335e-5,1.2472191289246474e-5,0.3148148148148148,248.33333333333334
1_0_1_1_1_1_0_0_0_1_1_0_1_1_1_0_1_1_1_1_1_1_1_0_1_1_1_1_1_1_0_1_1_1_0_0_1_0,1,1.3333333333333335e-5,4.714045207910318e-6,0.30246913580246915,250.0
1_1_1_1_1_1_1_0_1_0_1_1_0_1_0_0_0_0_1_1_1_1_0_1_0_0_1_1_0_1_1_1_1_1_0_0_1_0,1,1.3333333333333335e-5,9.428090415820635e-6,0.30864197530864196,135.0
1_0_1_0_0_1_0_1_0_1_0_0_1_0_1_1_1_1_0_0_1_1_1_1_1_0_0_0_0_1_1_0_1_1_1_1_0_1,1,1.3333333333333335e-5,4.714045207910318e-6,0.3148148148148148,220.0
0_0_0_0_0_1_0_1_0_1_0_0_1_0_1_0_1_1_0_0_0_0_1_0_1_1_0_0_1_0_0_0_1_1_1_1_0_0,1,1.3333333333333335e-5,4.714045207910318e-6,0.32098765432098764,143.33333333333334
0_0_0_0_0_0_0_1_1_0_0_0_0_1_1_1_1_1_0_0_0_0_1_0_0_1_0_0_1_0_0_0_0_0_0_1_0_1,1,1.3333333333333335e-5,4.714045207910318e-6,0.3271604938271605,173.33333333333334
0_0_0_0_0_0_0_1_0_1_0_0_1_1_1_0_1_1_1_0_1_1_0_1_1_0_0_0_0_0_0_0_1_0_0_0_0_0,1,1.3333333333333335e-5,1.2472191289246474e-5,0.2839506172839506,70.0
0_1_0_0_0_0_1_1_1_0_0_1_0_0_0_1_0_0_0_0_0_0_0_1_1_0_0_0_0_0_1_0_0_0_1_1_0_1,1,1.3333333333333335e-5,9.428090415820635e-6,0.30864197530864196,152.5
1_1_1_1_1_1_1_0_0_1_1_1_0_1_0_0_0_0_1_1_0_0_0_0_0_1_1_1_1_1_1_1_1_1_0_0_1_0,1,1.3333333333333335e-5,4.714045207910318e-6,0.30864197530864196,155.0
1_1_1_1_1_0_0_0_1_0_1_1_0_0_0_1_0_0_1_1_1_1_0_0_1_1_1_1_1_1_1_1_0_0_1_1_1_1,1,1.3333333333333335e-5,4.714045207910318e-6,0.29012345679012347,185.0
0_0_0_0_0_1_1_1_0_1_0_0_0_0_1_1_1_1_0_0_0_0_1_1_1_0_0_0_0_0_0_0_1_1_1_1_0_1,1,1.3333333333333335e-5,4.714045207910318e-6,0.30864197530864196,183.33333333333334
1_1_1_1_1_1_1_0_1_0_1_1_1_0_0_1_0_0_0_1_0_0_0_0_1_1_1_1_1_1_1_1_0_1_1_0_1_1,1,1.3333333333333335e-5,4.714045207910318e-6,0.2962962962962963,156.66666666666666
1_1_1_1_1_1_1_0_1_0_1_1_1_0_0_1_0_0_0_1_0_0_0_1_1_0_1_1_0_1_1_1_1_0_1_0_1_1,1,1.3333333333333335e-5,4.714045207910318e-6,0.30864197530864196,157.5
1_1_1_1_1_1_1_0_1_0_1_1_0_1_0_1_0_0_0_1_0_0_1_0_1_1_1_1_1_1_1_1_0_0_0_0_1_1,1,1.3333333333333335e-5,4.714045207910318e-6,0.30864197530864196,108.33333333333333
1_1_1_1_1_1_1_0_1_0_1_1_0_0_0_1_0_0_0_1_0_0_0_0_0_1_1_1_1_1_1_1_0_1_1_1_1_1,1,1.3333333333333335e-5,4.714045207910318e-6,0.2777777777777778,141.66666666666666
0_0_0_0_0_0_0_1_0_1_0_0_1_1_1_0_1_1_1_0_1_1_1_0_1_1_0_0_1_0_0_0_0_1_0_0_0_0,1,1.3333333333333335e-5,4.714045207910318e-6,0.29012345679012347,153.33333333333334
1_1_1_1_1_1_1_0_0_1_1_1_1_1_0_0_0_0_0_1_0_0_1_0_0_1_1_1_1_1_1_1_1_1_0_0_1_0,1,1.3333333333333335e-5,1.2472191289246472e-5,0.30864197530864196,160.0
0_0_0_1_0_0_0_1_1_0_0_0_0_1_1_1_1_1_1_0_0_0_0_0_0_1_0_0_1_0_0_0_0_0_0_1_1_1,1,1.3333333333333335e-5,1.2472191289246474e-5,0.3148148148148148,150.0
0_0_0_0_0_0_0_1_0_0_0_1_0_0_1_1_1_1_0_0_0_0_0_0_0_1_0_0_1_0_0_0_1_0_1_1_0_1,1,1.3333333333333335e-5,1.2472191289246472e-5,0.30246913580246915,186.66666666666669
0_0_0_0_0_1_1_1_1_0_1_0_0_0_1_1_1_1_0_1_0_0_1_1_1_0_1_1_0_0_0_0_0_0_1_1_1_1,1,1.3333333333333335e-5,4.714045207910318e-6,0.32098765432098764,198.33333333333334
1_0_1_0_0_0_0_1_0_1_0_0_1_0_1_0_1_1_1_0_1_1_0_1_1_0_0_0_0_1_0_0_1_0_1_1_0_0,1,1.3333333333333335e-5,1.2472191289246472e-5,0.2777777777777778,186.66666666666669
1_0_1_0_0_0_0_1_0_1_0_0_1_0_1_0_1_1_1_0_1_1_1_1_1_0_0_0_0_1_0_0_1_0_1_1_0_0,1,1.3333333333333335e-5,1.2472191289246472e-5,0.2716049382716049,145.0
1_0_1_0_0_0_0_1_0_1_0_0_1_1_1_0_1_1_1_0_0_0_1_0_1_1_0_0_1_1_0_0_1_1_0_0_0_0,1,1.3333333333333335e-5,9.428090415820635e-6,0.2777777777777778,182.5
0_0_0_0_0_1_1_1_0_1_0_0_1_0_1_1_1_1_1_0_1_1_1_0_1_1_0_0_1_0_0_0_1_1_1_1_0_1,1,1.3333333333333335e-5,4.714045207910318e-6,0.3148148148148148,158.33333333333334
1_0_1_0_1_1_0_0_0_1_1_1_1_1_1_1_1_1_1_1_0_0_1_0_1_1_1_1_1_1_0_1_1_0_0_0_1_0,1,1.3333333333333335e-5,1.8856180831641267e-5,0.2716049382716049,237.5
0_0_0_0_0_0_0_1_0_1_0_0_1_1_1_0_1_1_1_0_1_1_1_0_1_1_0_0_1_0_1_0_1_1_0_0_0_0,1,1.3333333333333335e-5,1.2472191289246474e-5,0.2962962962962963,156.66666666666669
0_0_0_0_0_1_0_1_0_1_0_0_1_0_1_1_1_1_1_0_1_1_1_1_1_0_0_0_0_0_1_0_1_1_1_1_0_1,1,1.3333333333333335e-5,1.2472191289246472e-5,0.345679012345679,148.33333333333331
0_0_0_1_1_0_0_0_1_0_0_0_1_1_0_0_0_1_1_0_1_1_0_0_0_1_0_0_1_0_0_1_0_0_0_0_1_0,1,1.3333333333333335e-5,1.2472191289246472e-5,0.3333333333333333,158.33333333333334
1_0_1_0_0_0_0_1_0_1_0_0_1_1_1_0_1_1_1_0_0_0_0_0_1_1_0_0_1_1_0_0_1_0_0_0_0_0,1,1.3333333333333335e-5,1.2472191289246474e-5,0.2654320987654321,116.66666666666666
1_1_1_0_1_1_1_0_0_1_1_1_1_0_0_0_0_0_0_1_1_1_1_1_1_0_1_1_0_1_1_1_1_1_1_0_0_0,1,1.3333333333333335e-5,4.714045207910318e-6,0.3148148148148148,211.66666666666666
0_0_0_0_0_0_0_1_0_1_0_0_1_1_1_0_1_1_1_0_0_0_1_0_1_1_0_0_1_0_0_0_1_1_0_0_0_0,1,1.3333333333333335e-5,4.714045207910318e-6,0.2962962962962963,175.0
1_1_1_1_1_1_1_0_1_0_1_1_1_0_0_1_0_0_0_1_0_0_1_1_1_0_1_1_0_1_1_1_0_0_1_0_1_1,1,1.3333333333333335e-5,4.714045207910318e-6,0.30246913580246915,147.5
1_1_1_1_1_1_1_0_0_1_1_1_0_0_0_1_0_0_1_1_0_0_0_0_1_1_1_1_1_1_1_1_1_1_1_1_1_1,1,1.3333333333333335e-5,4.714045207910318e-6,0.30864197530864196,240.0
1_1_1_1_1_1_1_0_0_1_1_1_0_1_1_0_1_1_1_1_0_0_0_0_1_1_1_1_1_1_0_1_1_1_0_0_1_0,1,1.3333333333333335e-5,4.714045207910318e-6,0.3271604938271605,148.33333333333334
1_1_1_1_1_1_1_0_1_0_1_1_0_1_0_0_0_0_1_1_1_1_1_1_0_0_1_1_0_1_1_1_0_0_0_0_1_0,1,1.3333333333333335e-5,4.714045207910318e-6,0.32098765432098764,135.0
1_1_1_1_1_1_1_0_0_1_1_1_1_0_0_0_0_0_0_1_1_1_0_1_1_0_1_1_0_1_1_1_1_1_1_0_1_0,1,1.3333333333333335e-5,4.714045207910318e-6,0.3271604938271605,160.0
1_1_1_1_1_1_1_0_1_0_1_1_0_1_0_1_0_0_0_1_0_0_1_1_0_0_1_1_0_1_1_1_1_0_0_0_1_1,1,1.3333333333333335e-5,9.428090415820635e-6,0.30864197530864196,132.5
1_1_1_1_1_1_1_0_1_0_1_1_0_1_0_1_0_0_1_1_0_0_0_0_0_1_1_1_1_1_1_1_0_0_0_0_1_1,1,1.3333333333333335e-5,1.2472191289246472e-5,0.30864197530864196,211.66666666666669
0_1_0_0_0_0_0_1_1_0_0_0_0_0_0_0_0_0_0_0_0_0_1_0_0_1_0_0_1_0_1_0_0_1_1_1_0_1,1,1.3333333333333335e-5,1.2472191289246474e-5,0.2654320987654321,80.0
0_1_0_1_1_0_1_0_1_0_1_1_0_1_0_0_0_0_0_1_0_0_0_0_0_1_1_1_1_0_0_1_0_0_0_0_1_0,1,1.3333333333333335e-5,4.714045207910318e-6,0.3148148148148148,118.33333333333333
0_1_0_1_1_1_1_0_1_1_1_0_1_1_0_0_0_0_0_1_0_0_0_0_1_1_1_1_1_0_1_1_0_1_0_0_1_0,1,1.3333333333333335e-5,9.428090415820635e-6,0.2654320987654321,167.5
1_1_1_1_1_0_1_0_1_0_1_1_0_0_0_1_0_0_1_1_1_1_1_1_1_0_1_1_0_1_1_1_0_0_1_1_1_1,1,1.3333333333333335e-5,1.2472191289246472e-5,0.30864197530864196,106.66666666666666
0_0_0_0_0_1_1_1_0_1_0_0_0_1_1_0_1_1_1_0_1_1_0_0_0_1_0_0_1_0_0_0_1_1_0_1_0_0,1,1.3333333333333335e-5,4.714045207910318e-6,0.32098765432098764,168.33333333333334
0_0_0_0_0_1_1_1_0_1_0_0_1_1_1_0_1_1_1_0_1_1_1_0_1_1_0_0_1_0_1_0_1_1_0_0_0_0,1,1.3333333333333335e-5,4.714045207910318e-6,0.3148148148148148,196.66666666666666
1_1_1_1_1_1_1_0_1_0_1_1_0_1_0_1_0_0_0_1_1_1_0_1_0_0_1_1_0_1_1_1_0_1_0_0_1_1,1,1.3333333333333335e-5,4.714045207910318e-6,0.29012345679012347,128.33333333333334
1_1_1_1_1_1_1_0_1_1_1_0_0_0_0_1_0_0_1_1_1_1_1_1_1_0_1_1_0_1_1_1_0_1_1_1_1_1,1,1.3333333333333335e-5,4.714045207910318e-6,0.3148148148148148,155.0
0_1_0_1_1_1_1_0_1_1_1_0_0_0_0_1_0_0_1_1_1_1_1_1_1_0_1_1_0_0_1_1_0_1_1_1_1_1,1,1.3333333333333335e-5,4.714045207910318e-6,0.30864197530864196,260.0
1_0_1_1_1_1_0_0_0_1_1_0_1_0_1_1_1_1_1_1_1_1_0_0_1_1_1_1_1_1_0_1_1_0_1_1_1_0,1,1.3333333333333335e-5,4.714045207910318e-6,0.29012345679012347,131.66666666666666
1_0_1_0_0_0_0_1_0_0_0_1_0_0_1_1_1_1_0_0_0_0_1_0_1_1_0_0_1_1_0_0_1_0_1_1_0_1,1,1.3333333333333335e-5,1.2472191289246472e-5,0.2716049382716049,158.33333333333331
1_1_1_1_1_1_1_0_1_0_1_1_1_1_0_0_0_0_0_1_0_0_1_0_0_1_1_1_1_1_1_1_0_0_0_0_1_0,1,1.3333333333333335e-5,9.428090415820635e-6,0.3148148148148148,140.0
0_0_0_0_0_0_0_1_1_0_0_0_0_0_1_1_1_1_1_0_1_1_0_1_0_0_0_0_0_0_0_0_0_0_1_1_0_1,1,1.3333333333333335e-5,9.428090415820635e-6,0.30246913580246915,160.0
0_0_0_0_0_0_0_1_0_1_0_0_1_0_1_1_1_1_1_0_0_0_0_0_1_1_0_0_1_0_0_0_0_0_1_1_0_1,1,1.3333333333333335e-5,9.428090415820635e-6,0.3148148148148148,120.0
1_0_1_1_1_1_0_0_0_1_1_1_0_0_1_1_1_1_0_1_0_0_0_1_1_0_1_1_0_1_0_1_1_0_1_1_1_1,1,1.3333333333333335e-5,9.428090415820635e-6,0.3148148148148148,155.0
0_0_0_0_0_0_0_1_0_1_0_0_1_0_1_0_1_1_0_0_0_0_1_1_0_0_0_0_0_0_0_0_0_0_1_1_0_0,1,1.3333333333333335e-5,9.428090415820635e-6,0.2777777777777778,157.5
0_1_0_1_1_1_1_0_1_1_1_0_0_0_1_1_1_0_1_1_1_1_0_0_1_1_1_1_1_0_0_1_0_1_1_1_1_1,1,1.3333333333333335e-5,9.428090415820635e-6,0.30246913580246915,207.5
1_0_1_0_0_1_0_1_0_1_0_0_0_0_1_1_1_1_1_0_0_0_1_0_1_1_0_0_1_1_1_0_1_1_1_1_0_1,1,1.3333333333333335e-5,1.2472191289246474e-5,0.2962962962962963,160.0
0_0_0_0_0_1_1_1_0_1_0_0_0_0_1_0_1_1_1_0_1_1_1_1_0_0_0_0_0_0_0_0_1_1_1_1_0_1,1,1.3333333333333335e-5,9.428090415820635e-6,0.2716049382716049,147.5
0_0_0_0_0_0_0_1_1_0_0_0_1_1_1_0_1_1_0_0_1_1_0_1_0_0_0_0_0_0_0_0_0_0_0_0_0_0,1,1.3333333333333335e-5,1.2472191289246472e-5,0.3148148148148148,118.33333333333333
0_1_0_0_0_1_1_1_1_0_0_1_0_0_0_1_0_0_1_0_0_0_1_0_0_1_0_0_1_0_1_0_0_1_1_1_0_1,1,1.3333333333333335e-5,9.428090415820635e-6,0.30864197530864196,272.5
0_0_0_0_0_0_0_1_0_1_0_0_0_0_1_1_1_1_1_0_1_1_1_1_1_0_0_0_0_0_0_0_0_0_1_1_0_1,1,1.3333333333333335e-5,1.2472191289246472e-5,0.30246913580246915,176.66666666666669
1_1_1_1_1_0_1_0_1_0_1_1_0_0_0_1_0_0_0_1_0_0_0_1_0_0_1_1_0_1_1_1_0_0_1_1_1_1,1,1.3333333333333335e-5,1.8856180831641267e-5,0.29012345679012347,137.5
0_1_0_0_0_0_1_1_1_0_0_0_1_0_0_1_0_0_1_0_1_1_1_0_1_1_0_0_1_0_1_0_0_1_1_1_0_1,1,1.3333333333333335e-5,1.2472191289246472e-5,0.30246913580246915,145.0
0_0_0_0_0_1_0_1_0_1_0_0_0_1_1_0_1_1_0_0_0_0_0_1_0_0_0_0_0_0_0_0_0_1_0_1_0_0,1,1.3333333333333335e-5,9.428090415820635e-6,0.3271604938271605,107.5
0_1_0_1_1_1_1_0_1_0_0_1_0_1_0_0_0_0_1_1_1_1_0_1_0_0_1_1_0_0_1_1_0_0_0_0_1_1,1,1.3333333333333335e-5,1.2472191289246472e-5,0.2654320987654321,211.66666666666669
0_1_0_0_0_1_1_1_1_0_0_0_1_1_0_0_0_1_0_0_0_0_1_1_0_0_0_0_0_0_1_0_0_1_0_0_0_0,1,1.3333333333333335e-5,9.428090415820635e-6,0.32098765432098764,247.5
1_0_1_0_0_0_0_1_0_1_0_0_0_0_1_1_1_1_0_0_0_0_1_0_1_1_0_0_1_1_0_0_1_1_1_1_0_1,1,1.3333333333333335e-5,1.8856180831641267e-5,0.2654320987654321,125.0
1_1_1_1_1_1_1_0_0_1_1_1_0_1_1_0_1_1_0_1_0_0_0_1_0_0_1_1_0_1_0_1_1_1_0_0_1_0,1,1.3333333333333335e-5,1.2472191289246472e-5,0.30246913580246915,153.33333333333331
1_1_1_1_1_1_1_0_1_0_1_1_0_1_0_1_0_0_0_1_0_0_1_1_1_0_1_1_0_1_1_1_1_1_0_0_1_1,1,1.3333333333333335e-5,9.428090415820635e-6,0.2839506172839506,115.0
1_0_1_0_0_0_0_1_0_0_0_1_0_0_1_1_1_1_1_0_0_0_1_0_0_1_0_0_1_1_0_0_1_0_1_1_0_1,1,1.3333333333333335e-5,1.2472191289246474e-5,0.2654320987654321,98.33333333333334
0_0_0_0_0_1_0_1_0_1_0_0_1_0_1_0_1_1_1_0_1_1_0_1_1_0_0_0_0_0_0_0_1_1_1_1_0_0,1,1.3333333333333335e-5,1.2472191289246472e-5,0.3271604938271605,180.0
1_1_1_1_1_1_1_0_1_0_1_1_1_0_0_1_0_0_0_1_1_1_0_1_1_0_1_1_0_1_1_1_0_1_1_0_1_1,1,1.3333333333333335e-5,9.428090415820635e-6,0.2962962962962963,152.5
0_0_0_1_0_0_0_1_0_0_0_0_1_1_1_1_1_1_0_0_0_0_0_0_0_1_0_0_1_0_0_0_1_0_0_1_0_1,1,1.3333333333333335e-5,1.2472191289246474e-5,0.25925925925925924,143.33333333333334
0_0_0_1_0_1_1_1_1_0_1_0_0_0_1_1_1_0_0_1_0_0_1_0_1_1_1_1_1_0_0_0_0_0_1_1_1_1,1,1.3333333333333335e-5,9.428090415820635e-6,0.3148148148148148,185.0
1_1_1_1_1_1_1_0_0_1_1_1_0_1_0_0_0_0_1_1_1_1_1_1_0_0_1_1_0_1_1_1_1_1_0_0_1_0,1,1.3333333333333335e-5,1.2472191289246472e-5,0.3148148148148148,135.0
0_1_0_0_0_0_1_1_1_0_0_0_1_0_0_1_0_0_1_0_1_1_1_0_1_1_0_0_1_0_1_0_1_1_1_1_0_1,1,1.3333333333333335e-5,1.2472191289246472e-5,0.30246913580246915,160.0
0_0_0_0_0_0_0_1_0_1_0_0_1_1_1_0_1_1_0_0_0_0_0_0_0_1_0_0_1_0_0_0_1_1_0_0_0_0,1,1.3333333333333335e-5,9.428090415820635e-6,0.2962962962962963,130.0
0_1_0_0_0_0_1_1_1_0_0_1_0_1_0_0_0_0_0_0_1_1_0_1_0_0_0_0_0_0_0_0_0_0_0_0_0_1,1,1.3333333333333335e-5,1.2472191289246472e-5,0.3271604938271605,98.33333333333334
0_0_0_1_1_0_0_0_1_0_0_0_1_1_0_0_0_1_1_0_1_1_1_0_0_1_0_0_1_0_1_1_0_0_0_0_1_0,1,1.3333333333333335e-5,9.428090415820635e-6,0.3333333333333333,140.0
0_0_0_0_0_0_0_1_0_0_0_1_1_1_0_0_0_1_0_0_0_0_1_0_0_1_0_0_1_0_1_0_1_0_0_0_0_0,1,1.3333333333333335e-5,1.2472191289246474e-5,0.3271604938271605,161.66666666666669
0_1_0_1_0_1_1_1_1_0_0_0_0_0_0_1_0_0_1_0_1_1_0_0_0_1_0_0_1_0_1_0_0_1_1_1_0_1,1,1.3333333333333335e-5,1.2472191289246472e-5,0.30246913580246915,110.0
1_0_1_0_0_0_0_1_0_1_0_0_1_1_1_0_1_1_0_0_0_0_1_0_1_1_0_0_1_1_0_0_1_0_0_0_0_0,1,1.3333333333333335e-5,9.428090415820635e-6,0.25925925925925924,112.5
1_1_1_1_1_0_1_0_1_0_1_1_0_1_0_1_0_0_1_1_1_1_0_1_0_0_1_1_0_1_0_1_0_0_0_0_1_1,1,1.3333333333333335e-5,1.2472191289246474e-5,0.3395061728395062,180.0
1_1_1_1_1_1_1_0_1_0_1_1_1_0_0_1_0_0_1_1_1_1_1_0_1_1_1_1_1_1_1_1_1_0_1_0_1_1,1,1.3333333333333335e-5,1.2472191289246472e-5,0.3148148148148148,83.33333333333334
1_0_1_0_0_0_0_1_0_0_0_1_0_0_0_1_0_0_1_0_1_1_1_1_0_0_0_0_0_1_1_0_1_0_1_1_0_1,1,1.3333333333333335e-5,9.428090415820635e-6,0.2777777777777778,167.5
1_0_1_1_1_0_0_0_0_1_1_1_0_0_1_1_1_1_1_1_1_1_0_0_1_1_1_1_1_1_0_1_1_0_1_1_1_1,1,1.3333333333333335e-5,9.428090415820635e-6,0.3148148148148148,112.5
0_0_0_0_0_0_0_1_0_0_0_1_0_0_1_1_1_1_0_0_0_0_1_0_0_1_0_0_1_0_0_0_1_0_1_1_0_1,1,1.3333333333333335e-5,1.8856180831641267e-5,0.2962962962962963,232.5
1_0_1_1_1_1_0_0_0_1_1_0_1_0_1_1_1_1_0_1_0_0_0_1_1_0_1_1_0_1_0_1_1_0_1_1_1_0,1,1.3333333333333335e-5,1.8856180831641267e-5,0.29012345679012347,137.5
0_1_0_0_0_0_1_1_1_0_0_1_0_0_0_1_0_0_0_0_0_0_1_0_1_1_0_0_1_0_1_0_0_1_1_1_0_1,1,1.0e-5,0.0,0.3148148148148148,123.33333333333333
0_1_0_0_0_0_0_1_1_0_0_0_0_0_0_0_0_0_1_0_1_1_1_1_0_0_0_0_0_0_1_0_0_1_1_1_0_1,1,1.0e-5,8.164965809277262e-6,0.2654320987654321,155.0
0_0_0_0_0_1_1_1_0_1_0_0_0_0_1_1_1_1_1_0_1_1_1_0_1_1_0_0_1_0_1_0_1_1_1_1_0_1,1,1.0e-5,8.164965809277262e-6,0.3271604938271605,247.5
1_1_1_1_1_1_1_0_1_1_1_0_0_1_1_0_1_0_0_1_0_0_0_1_1_0_1_1_0_1_0_1_0_1_0_0_1_0,1,1.0e-5,8.164965809277262e-6,0.3148148148148148,145.0
0_1_0_1_1_1_1_0_1_1_1_0_1_1_1_0_1_1_0_1_1_1_0_1_0_0_1_1_0_0_0_1_0_1_0_0_1_0,1,1.0e-5,8.164965809277262e-6,0.2839506172839506,225.0
1_0_1_0_0_0_0_1_0_0_0_1_0_0_0_1_0_1_1_0_0_0_1_0_1_1_0_0_1_1_1_0_1_0_1_1_0_1,1,1.0e-5,8.164965809277262e-6,0.29012345679012347,252.5
0_1_0_1_1_1_1_0_1_1_1_0_1_1_1_0_1_1_0_1_0_0_0_0_0_1_1_1_1_0_0_1_0_1_0_0_1_0,1,1.0e-5,8.164965809277262e-6,0.2839506172839506,95.0
1_0_1_1_1_1_1_0_0_1_1_0_1_1_1_0_1_1_1_1_1_1_1_0_0_1_1_1_1_1_0_1_1_1_0_0_1_0,1,1.0e-5,8.164965809277262e-6,0.3148148148148148,112.5
0_1_0_1_1_1_1_0_1_0_1_1_0_0_0_1_0_0_0_1_1_1_0_1_0_0_1_1_0_0_0_1_0_0_1_1_1_1,1,1.0e-5,8.164965809277262e-6,0.2962962962962963,145.0
1_0_1_0_0_1_0_1_0_1_0_0_1_1_1_0_1_1_0_0_0_0_1_0_0_1_0_0_1_1_1_0_1_1_0_0_0_0,1,1.0e-5,8.164965809277262e-6,0.30246913580246915,165.0
0_0_0_0_0_0_0_1_0_1_0_0_0_1_1_0_1_1_1_0_1_1_1_0_0_1_0_0_1_0_1_0_1_1_0_1_0_0,1,1.0e-5,8.164965809277262e-6,0.3148148148148148,182.5
1_1_1_0_1_0_0_0_0_1_0_1_0_1_0_0_0_0_1_0_1_1_1_1_0_0_0_0_0_1_1_1_1_1_0_0_0_0,1,1.0e-5,8.164965809277262e-6,0.3333333333333333,167.5
0_0_0_1_0_1_1_1_1_0_1_0_0_0_1_1_1_0_0_1_0_0_1_0_1_1_1_1_1_0_1_0_0_0_1_1_1_1,1,1.0e-5,8.164965809277262e-6,0.32098765432098764,230.0
0_0_0_0_0_0_0_1_0_1_0_0_1_1_1_0_1_1_1_0_1_1_1_0_0_1_0_0_1_0_1_0_1_1_0_0_0_0,1,1.0e-5,8.164965809277262e-6,0.29012345679012347,120.0
0_0_0_0_0_0_0_1_0_1_0_0_1_0_1_0_1_1_1_0_1_1_0_0_0_1_0_0_1_0_0_0_0_1_1_1_0_0,1,1.0e-5,8.164965809277262e-6,0.30246913580246915,155.0
1_0_1_1_1_1_0_0_0_1_1_0_1_1_1_0_1_1_1_1_1_1_1_0_0_1_1_1_1_1_0_1_1_0_0_0_1_0,1,1.0e-5,0.0,0.30246913580246915,145.0
0_0_0_1_0_1_1_1_1_0_1_0_0_0_1_1_1_0_1_1_1_1_1_1_1_0_1_1_0_0_1_0_0_0_1_1_1_1,1,1.0e-5,8.164965809277262e-6,0.32098765432098764,95.0
1_1_1_0_0_1_1_1_1_0_1_1_0_0_0_1_0_0_1_1_1_1_1_0_0_1_1_1_1_1_1_0_0_0_1_1_1_1,1,1.0e-5,8.164965809277262e-6,0.32098765432098764,115.0
0_1_0_1_1_1_1_0_1_0_1_1_0_1_0_0_0_0_0_1_1_1_0_1_0_0_1_1_0_0_1_1_0_0_0_0_1_0,1,1.0e-5,8.164965809277262e-6,0.2839506172839506,140.0
0_0_0_0_0_0_0_1_0_1_0_0_1_0_1_0_1_1_1_0_1_1_1_0_0_1_0_0_1_0_0_0_0_0_1_1_0_0,1,1.0e-5,8.164965809277262e-6,0.2777777777777778,157.5
0_1_0_0_0_0_1_1_1_0_0_0_0_0_0_0_0_0_1_0_1_1_1_1_0_0_0_0_0_0_1_0_1_1_1_1_0_1,1,1.0e-5,1.4142135623730951e-5,0.25925925925925924,93.33333333333333
0_0_0_1_1_1_1_0_0_1_0_0_1_1_1_0_1_1_0_0_0_0_0_1_0_0_0_0_0_0_0_1_1_1_0_0_0_0,1,1.0e-5,1.4142135623730951e-5,0.3333333333333333,93.33333333333333
0_0_0_0_0_0_0_1_0_1_0_0_1_1_1_0_1_1_1_0_0_0_1_0_1_1_0_0_1_0_0_0_1_0_0_0_0_0,1,1.0e-5,0.0,0.2777777777777778,166.66666666666666
1_0_1_0_0_1_0_1_0_1_0_0_1_0_1_1_1_1_1_0_0_0_1_0_1_1_0_0_1_1_0_0_1_1_1_1_0_1,1,1.0e-5,8.164965809277262e-6,0.2962962962962963,160.0
0_0_0_0_0_0_0_1_0_1_0_0_1_1_1_0_1_1_0_0_0_0_1_1_0_0_0_0_0_0_0_0_0_1_0_0_0_0,1,1.0e-5,1.4142135623730951e-5,0.2839506172839506,196.66666666666666
1_1_1_0_0_1_1_0_0_1_0_1_0_0_0_1_0_1_0_0_0_0_0_1_1_0_0_0_0_1_0_1_1_1_1_1_0_1,1,1.0e-5,8.164965809277262e-6,0.3395061728395062,235.0
0_0_0_0_0_0_0_1_0_1_0_0_1_1_1_0_1_1_1_0_0_0_0_0_1_1_0_0_1_0_0_0_1_1_0_0_0_0,1,1.0e-5,0.0,0.30246913580246915,200.0
0_0_0_0_0_1_0_1_0_1_0_0_0_1_1_0_1_1_1_0_1_1_0_0_0_1_0_0_1_0_0_0_0_1_0_1_0_0,1,1.0e-5,0.0,0.3271604938271605,155.0
1_0_1_0_0_1_0_1_0_1_0_0_1_0_1_1_1_1_0_0_0_0_1_0_1_1_0_0_1_1_0_0_1_1_1_1_0_1,1,1.0e-5,1.4142135623730951e-5,0.2962962962962963,150.0
1_1_1_1_1_1_1_0_1_1_1_0_1_1_1_0_1_0_0_1_0_0_0_0_0_1_1_1_1_1_0_1_0_1_0_0_1_0,1,1.0e-5,8.164965809277262e-6,0.32098765432098764,102.5
0_1_0_0_0_0_1_1_1_0_0_1_0_0_0_1_0_0_0_0_0_0_0_1_1_0_0_0_0_0_1_0_0_1_1_1_0_1,1,1.0e-5,8.164965809277262e-6,0.30246913580246915,227.5
1_1_1_1_1_0_1_0_1_0_1_1_0_0_0_1_0_0_1_1_1_1_0_0_1_1_1_1_1_1_1_1_0_0_1_1_1_1,1,1.0e-5,8.164965809277262e-6,0.2839506172839506,130.0
0_1_0_1_1_1_1_0_1_1_1_0_0_1_0_0_0_0_1_1_1_1_1_1_0_0_1_1_0_0_1_1_0_1_0_0_1_0,1,1.0e-5,8.164965809277262e-6,0.2962962962962963,162.5
0_0_0_0_0_0_0_1_0_0_0_1_1_0_0_1_0_0_1_0_1_1_1_0_0_1_0_0_1_0_1_0_1_0_1_1_0_1,1,1.0e-5,8.164965809277262e-6,0.30864197530864196,167.5
1_1_1_1_1_1_1_0_0_1_1_1_0_1_1_0_1_1_1_1_1_1_0_0_1_1_1_1_1_1_0_1_1_1_0_0_1_0,1,1.0e-5,8.164965809277262e-6,0.30864197530864196,130.0
1_1_1_1_1_1_1_0_1_1_1_0_1_0_0_0_0_0_1_1_1_1_0_1_1_0_1_1_0_1_1_1_0_1_1_0_1_0,1,1.0e-5,8.164965809277262e-6,0.3271604938271605,137.5
0_1_0_1_1_1_1_0_1_1_1_0_1_1_0_0_0_0_0_1_0_0_0_0_0_1_1_1_1_0_1_1_0_1_0_0_1_0,1,1.0e-5,8.164965809277262e-6,0.2716049382716049,132.5
1_0_1_0_1_0_0_0_0_1_1_1_1_1_1_0_1_1_0_1_0_0_1_1_1_0_1_1_0_1_0_1_1_0_0_0_1_0,1,1.0e-5,8.164965809277262e-6,0.30246913580246915,157.5
0_1_0_1_1_1_1_0_1_0_1_1_0_0_0_1_0_0_1_1_1_1_1_1_1_0_1_1_0_0_1_1_0_1_1_1_1_1,1,1.0e-5,8.164965809277262e-6,0.25925925925925924,212.5
1_1_1_1_1_1_1_0_1_0_1_1_0_0_0_1_0_0_0_1_0_0_0_0_1_1_1_1_1_1_1_1_0_1_1_1_1_1,1,1.0e-5,8.164965809277262e-6,0.2716049382716049,162.5
1_0_1_0_1_1_1_0_0_1_1_1_1_1_1_1_1_1_0_1_0_0_1_0_1_1_1_1_1_1_0_1_1_0_0_0_1_0,1,1.0e-5,8.164965809277262e-6,0.2777777777777778,130.0
0_1_0_0_0_0_0_1_0_0_0_1_0_0_0_1_0_0_0_0_1_1_1_1_0_0_0_0_0_0_1_0_1_1_1_1_0_1,1,1.0e-5,0.0,0.3148148148148148,163.33333333333334
0_1_0_0_0_0_1_1_1_0_0_1_0_0_0_1_0_0_1_0_0_0_1_0_0_1_0_0_1_0_1_0_0_1_1_1_0_1,1,1.0e-5,0.0,0.30864197530864196,176.66666666666666
0_0_0_0_0_0_0_1_0_1_0_0_0_1_1_0_1_1_0_0_0_0_1_1_0_0_0_0_0_0_0_0_1_1_0_1_0_0,1,1.0e-5,1.4142135623730951e-5,0.2962962962962963,130.0
0_0_0_0_0_1_0_1_0_1_0_0_1_0_1_1_1_1_0_0_1_1_1_1_1_0_0_0_0_0_1_0_1_1_1_1_0_1,1,1.0e-5,8.164965809277262e-6,0.345679012345679,202.5
0_0_0_0_0_1_0_1_0_1_0_0_1_0_1_0_1_1_1_0_0_0_0_0_1_1_0_0_1_0_0_0_1_1_1_1_0_0,1,1.0e-5,8.164965809277262e-6,0.3271604938271605,140.0
0_1_0_1_1_1_1_0_1_1_1_0_1_1_1_0_1_0_1_1_1_1_0_1_1_0_1_1_0_0_0_1_0_1_0_0_1_0,1,1.0e-5,8.164965809277262e-6,0.2839506172839506,137.5
0_0_0_0_0_0_0_1_0_1_0_0_1_0_1_0_1_1_1_0_0_0_1_0_1_1_0_0_1_0_0_0_1_1_1_1_0_0,1,1.0e-5,8.164965809277262e-6,0.30864197530864196,115.0
0_1_0_1_0_1_1_1_1_0_0_0_0_0_0_1_0_0_1_0_1_1_0_0_1_1_0_0_1_0_1_0_1_1_1_1_0_1,1,1.0e-5,8.164965809277262e-6,0.30864197530864196,125.0
0_0_0_0_0_1_0_1_0_1_0_0_0_0_1_0_1_1_1_0_0_0_1_0_0_1_0_0_1_0_0_0_0_1_1_1_0_1,1,1.0e-5,0.0,0.2777777777777778,116.66666666666667
1_1_1_0_0_1_1_1_0_1_1_1_0_0_1_1_1_0_1_1_1_1_1_0_1_1_1_1_1_1_1_0_1_1_1_1_0_1,1,1.0e-5,1.4142135623730951e-5,0.3333333333333333,306.6666666666667
1_0_1_0_0_0_0_1_0_0_0_1_1_0_1_1_1_1_1_0_0_0_1_0_1_1_0_0_1_1_0_0_1_0_1_1_0_1,1,1.0e-5,8.164965809277262e-6,0.29012345679012347,147.5
1_0_1_0_0_0_0_1_0_0_0_1_1_1_0_0_0_1_0_0_0_0_1_0_0_1_0_0_1_1_1_0_1_0_0_0_0_0,1,1.0e-5,8.164965809277262e-6,0.32098765432098764,170.0
0_0_0_0_0_0_0_1_0_1_0_0_0_0_1_1_1_1_0_0_0_0_1_0_1_1_0_0_1_0_0_0_0_0_1_1_0_1,1,1.0e-5,8.164965809277262e-6,0.30246913580246915,135.0
0_1_0_0_0_0_0_1_0_0_0_1_0_0_0_1_0_0_1_0_1_1_1_1_0_0_0_0_0_0_1_0_1_1_1_1_0_1,1,1.0e-5,8.164965809277262e-6,0.3148148148148148,157.5
1_1_1_1_1_1_1_0_1_0_1_1_1_1_0_0_0_0_0_1_0_0_1_0_0_1_1_1_1_1_1_1_1_1_0_0_1_0,1,1.0e-5,8.164965809277262e-6,0.30864197530864196,152.5
0_1_0_0_0_1_1_1_1_0_0_0_0_0_0_1_0_0_0_0_0_0_1_1_0_0_0_0_0_0_1_0_0_1_1_1_0_1,1,1.0e-5,8.164965809277262e-6,0.29012345679012347,140.0
1_0_1_1_1_0_0_0_0_1_1_0_1_1_1_0_1_1_0_1_0_0_0_0_1_1_1_1_1_1_0_1_1_0_0_0_1_0,1,1.0e-5,8.164965809277262e-6,0.30864197530864196,247.5
0_1_0_1_1_0_1_0_1_0_1_1_0_1_0_0_0_0_1_1_0_0_0_0_0_1_1_1_1_0_0_1_0_0_0_0_1_0,1,1.0e-5,8.164965809277262e-6,0.3148148148148148,127.5
1_0_1_1_1_1_0_0_0_1_1_0_1_1_1_0_1_1_1_1_1_1_1_0_0_1_1_1_1_1_0_1_1_1_0_0_1_0,1,1.0e-5,8.164965809277262e-6,0.30864197530864196,130.0
1_0_1_1_1_0_0_0_0_1_1_1_0_0_1_1_1_0_0_1_0_0_0_1_1_0_1_1_0_1_0_1_1_0_1_1_1_1,1,1.0e-5,0.0,0.32098765432098764,273.3333333333333
0_0_0_0_0_0_0_1_0_1_0_0_0_1_1_0_1_1_0_0_0_0_1_0_0_1_0_0_1_0_0_0_1_1_0_1_0_0,1,1.0e-5,0.0,0.3148148148148148,113.33333333333333
0_0_0_0_0_0_0_1_1_0_0_0_0_0_0_1_0_0_0_0_0_0_1_0_0_1_0_0_1_0_1_0_0_0_1_1_0_1,1,1.0e-5,0.0,0.30864197530864196,140.0
1_1_1_1_1_1_1_0_1_1_1_0_0_1_0_0_0_0_1_1_1_1_0_1_1_0_1_1_0_1_1_1_0_1_0_0_1_0,1,1.0e-5,0.0,0.3148148148148148,150.0
1_1_1_0_0_0_1_1_1_0_1_1_1_0_0_1_0_0_0_1_0_0_1_1_1_0_1_1_0_1_1_0_0_0_1_0_1_1,1,1.0e-5,8.164965809277262e-6,0.35185185185185186,110.0
1_1_1_1_1_0_1_0_1_0_1_1_0_0_0_1_0_0_1_1_1_1_0_0_0_1_1_1_1_1_1_1_0_0_1_1_1_1,1,1.0e-5,8.164965809277262e-6,0.29012345679012347,200.0
0_0_0_0_0_1_0_1_0_1_0_0_1_1_1_0_1_1_1_0_1_1_1_0_1_1_0_0_1_0_1_0_1_1_0_0_0_0,1,1.0e-5,0.0,0.30864197530864196,156.66666666666666
0_1_0_0_0_0_0_1_1_0_0_1_0_0_0_1_0_0_1_0_0_0_0_0_1_1_0_0_1_0_0_0_0_0_1_1_0_1,1,1.0e-5,8.164965809277262e-6,0.3395061728395062,155.0
1_0_1_0_0_1_0_1_0_1_1_0_1_0_1_1_1_1_1_0_0_0_1_0_1_1_0_0_1_1_0_0_1_1_1_1_0_0,1,1.0e-5,0.0,0.2777777777777778,120.0
1_1_1_0_0_1_0_1_0_1_1_1_0_0_0_1_0_0_0_1_0_0_1_1_1_0_0_0_0_1_1_0_1_1_1_1_0_1,1,1.0e-5,8.164965809277262e-6,0.3333333333333333,187.5
1_0_1_0_1_0_0_0_0_1_1_1_0_0_1_1_1_1_1_1_1_1_1_0_1_1_1_1_1_1_0_1_0_0_1_1_1_1,1,1.0e-5,1.4142135623730951e-5,0.3271604938271605,86.66666666666667
0_0_0_0_0_1_0_1_0_1_0_0_0_1_1_0_1_1_1_0_0_0_1_0_0_1_0_0_1_0_1_0_1_1_0_1_0_0,1,1.0e-5,8.164965809277262e-6,0.345679012345679,117.5
1_1_1_1_1_1_1_0_1_1_1_0_0_0_0_1_0_0_1_1_1_1_0_1_1_0_1_1_0_1_1_1_0_1_1_1_1_1,1,1.0e-5,8.164965809277262e-6,0.30864197530864196,110.0
1_0_1_1_1_1_1_0_1_1_1_0_0_0_1_1_1_0_1_1_1_1_0_0_1_1_1_1_1_1_0_1_0_0_1_1_1_1,1,1.0e-5,8.164965809277262e-6,0.3271604938271605,190.0
1_0_1_1_1_0_0_0_0_1_1_1_0_1_1_0_1_1_0_1_0_0_0_1_1_0_1_1_0_1_0_1_1_0_0_0_1_0,1,1.0e-5,8.164965809277262e-6,0.30864197530864196,210.0
0_0_0_0_0_0_0_1_0_0_0_1_1_1_1_0_1_1_0_0_1_1_1_1_0_0_0_0_0_0_0_0_1_0_0_0_0_0,1,1.0e-5,8.164965809277262e-6,0.30864197530864196,210.0
1_1_1_0_0_1_1_1_0_1_1_1_0_0_1_1_1_0_1_1_1_1_0_0_1_1_1_1_1_1_1_0_1_1_1_1_0_1,1,1.0e-5,8.164965809277262e-6,0.3395061728395062,227.5
0_0_0_0_0_0_0_1_0_1_0_0_0_0_1_1_1_1_1_0_0_0_1_0_1_1_0_0_1_0_1_0_1_1_1_1_0_1,1,1.0e-5,8.164965809277262e-6,0.3271604938271605,210.0
0_1_0_1_1_1_1_0_1_1_1_0_0_0_0_1_0_0_1_1_1_1_0_1_1_0_1_1_0_0_1_1_0_1_1_1_1_1,1,1.0e-5,8.164965809277262e-6,0.30246913580246915,270.0
0_0_0_0_0_0_0_1_0_1_0_0_1_1_1_0_1_1_0_0_0_0_1_1_0_0_0_0_0_0_1_0_0_1_0_0_0_0,1,1.0e-5,8.164965809277262e-6,0.30246913580246915,107.5
0_0_0_0_0_0_0_1_0_1_0_0_1_0_1_0_1_1_0_0_0_0_0_0_0_1_0_0_1_0_0_0_1_1_1_1_0_0,1,1.0e-5,8.164965809277262e-6,0.30864197530864196,130.0
0_1_0_1_0_0_1_1_1_0_0_0_0_0_0_0_0_0_1_0_0_0_0_0_0_1_0_0_1_0_1_0_1_1_1_1_0_1,1,1.0e-5,8.164965809277262e-6,0.2716049382716049,75.0
1_1_1_1_1_1_1_0_0_1_1_1_0_1_0_0_0_0_0_1_0_0_1_0_0_1_1_1_1_1_1_1_1_1_0_0_1_0,1,1.0e-5,8.164965809277262e-6,0.3148148148148148,185.0
1_1_1_1_1_1_1_0_0_1_1_0_1_1_0_1_0_1_0_1_0_0_0_0_1_1_1_1_1_1_1_1_1_1_0_0_1_0,1,1.0e-5,0.0,0.29012345679012347,175.0
1_0_1_1_1_0_0_0_0_1_1_1_1_1_1_0_1_1_1_1_1_1_0_0_1_1_1_1_1_1_0_1_1_0_0_0_1_0,1,1.0e-5,8.164965809277262e-6,0.29012345679012347,145.0
1_1_1_1_1_1_1_0_1_0_1_1_0_0_0_1_0_0_1_1_1_1_0_0_0_1_1_1_1_1_1_1_1_0_1_1_1_1,1,1.0e-5,8.164965809277262e-6,0.29012345679012347,105.0
0_1_0_0_0_0_0_1_1_0_0_1_0_1_0_0_0_0_0_0_0_0_0_1_0_0_0_0_0_0_1_0_0_0_0_0_0_1,1,1.0e-5,8.164965809277262e-6,0.30864197530864196,117.5
0_0_0_0_0_0_0_1_0_1_0_0_0_0_1_0_1_1_1_0_0_0_1_0_0_1_0_0_1_0_1_0_0_1_1_1_0_1,1,1.0e-5,0.0,0.2839506172839506,166.66666666666666
0_0_0_0_0_0_0_1_1_0_0_0_1_0_1_1_1_1_1_0_0_0_0_0_0_1_0_0_1_0_0_0_0_0_1_1_0_1,1,1.0e-5,8.164965809277262e-6,0.32098765432098764,227.5
1_1_1_1_1_1_1_0_1_0_1_1_0_0_0_1_0_0_0_1_1_1_1_1_1_0_1_1_0_1_1_1_0_0_1_1_1_1,1,1.0e-5,8.164965809277262e-6,0.2962962962962963,155.0
0_1_0_1_1_1_1_0_1_0_0_1_0_1_0_0_0_0_1_1_0_0_0_0_0_1_1_1_1_0_1_1_0_1_0_0_1_1,1,1.0e-5,8.164965809277262e-6,0.24691358024691357,120.0
1_1_1_0_0_0_1_1_1_0_1_1_1_0_0_1_0_0_1_1_1_1_1_0_1_1_1_1_1_1_1_0_0_0_1_0_1_1,1,1.0e-5,8.164965809277262e-6,0.35185185185185186,152.5
0_1_0_0_0_0_1_1_1_0_0_0_0_0_0_1_0_0_0_0_0_0_1_1_0_0_0_0_0_0_1_0_0_1_1_1_0_1,1,1.0e-5,8.164965809277262e-6,0.29012345679012347,215.0
0_0_0_0_0_0_0_1_0_1_0_0_0_0_1_1_1_1_0_0_0_0_1_0_1_1_0_0_1_0_0_0_1_1_1_1_0_1,1,1.0e-5,8.164965809277262e-6,0.30864197530864196,92.5
0_0_0_0_0_0_0_1_0_1_0_0_1_1_1_0_1_1_1_0_1_1_1_0_1_1_0_0_1_0_0_0_1_1_0_0_0_0,1,1.0e-5,8.164965809277262e-6,0.2777777777777778,90.0
0_1_0_1_1_1_1_0_1_0_1_1_0_0_0_1_0_0_1_1_1_1_0_1_1_0_1_1_0_0_0_1_0_0_1_1_1_1,1,1.0e-5,0.0,0.29012345679012347,170.0
0_0_0_0_0_1_0_1_0_1_0_0_1_0_1_0_1_1_0_0_1_1_0_1_0_0_0_0_0_0_0_0_1_1_1_1_0_0,1,1.0e-5,1.4142135623730951e-5,0.32098765432098764,116.66666666666667
1_1_1_1_1_0_1_0_1_0_1_1_1_1_0_0_0_0_0_1_0_0_0_1_0_0_1_1_0_1_0_1_1_0_0_0_1_0,1,1.0e-5,0.0,0.3333333333333333,150.0
0_1_0_0_0_0_1_1_1_0_0_1_0_0_0_1_0_0_1_0_1_1_1_0_1_1_0_0_1_0_1_0_0_1_1_1_0_1,1,1.0e-5,8.164965809277262e-6,0.2962962962962963,172.5
1_0_1_0_1_1_1_0_0_1_1_1_1_1_1_1_1_1_0_1_1_1_1_1_1_0_1_1_0_1_0_1_1_0_0_0_1_0,1,1.0e-5,8.164965809277262e-6,0.2777777777777778,160.0
1_0_1_1_1_1_0_0_0_1_1_1_1_1_1_0_1_1_1_1_1_1_0_1_0_0_1_1_0_1_0_1_1_0_0_0_1_0,1,1.0e-5,0.0,0.3148148148148148,156.66666666666666
0_0_0_0_0_0_0_1_0_1_0_0_1_0_1_1_1_1_1_0_1_1_0_0_1_1_0_0_1_0_0_0_0_1_1_1_0_1,1,1.0e-5,8.164965809277262e-6,0.3148148148148148,70.0
0_0_0_0_0_0_0_1_1_0_0_0_0_0_0_1_0_1_0_0_1_1_1_1_0_0_0_0_0_0_1_0_0_0_1_1_0_1,1,1.0e-5,1.4142135623730951e-5,0.3148148148148148,193.33333333333334
1_0_1_0_0_0_0_1_0_1_0_0_1_1_1_0_1_1_1_0_1_1_1_1_0_0_0_0_0_1_0_0_1_1_0_0_0_0,1,1.0e-5,0.0,0.2716049382716049,200.0
1_1_1_1_1_0_1_0_1_0_1_1_1_1_0_0_0_0_1_1_0_0_0_0_0_1_1_1_1_1_0_1_0_0_0_0_1_0,1,1.0e-5,8.164965809277262e-6,0.3395061728395062,230.0
1_1_1_1_1_0_0_0_1_0_1_1_1_1_0_1_0_0_0_1_1_1_0_1_1_0_1_1_0_1_1_1_0_0_0_0_1_0,1,1.0e-5,1.4142135623730951e-5,0.2716049382716049,136.66666666666666
0_0_0_0_0_0_0_1_0_1_0_0_0_1_1_0_1_1_1_0_1_1_1_0_0_1_0_0_1_0_0_0_1_1_0_1_0_0,1,1.0e-5,0.0,0.2962962962962963,180.0
1_0_1_0_0_0_0_1_0_0_0_1_1_0_1_1_1_1_0_0_1_1_1_1_1_0_0_0_0_1_0_0_1_0_1_1_0_1,1,1.0e-5,8.164965809277262e-6,0.29012345679012347,215.0
1_0_1_0_0_0_0_1_0_0_0_1_1_1_0_0_0_1_1_0_0_0_1_0_0_1_0_0_1_1_1_0_1_0_0_0_0_0,1,1.0e-5,8.164965809277262e-6,0.32098765432098764,137.5
1_0_1_1_1_0_0_0_0_1_1_0_1_1_1_0_1_1_0_1_0_0_0_0_0_1_1_1_1_1_0_1_1_0_0_0_1_0,1,1.0e-5,8.164965809277262e-6,0.3148148148148148,295.0
0_0_0_0_0_0_0_1_0_0_0_1_1_0_1_1_1_1_0_0_0_0_0_1_0_0_0_0_0_0_0_0_1_0_1_1_0_1,1,1.0e-5,8.164965809277262e-6,0.30246913580246915,117.5
0_0_0_0_0_1_0_1_0_1_0_0_0_0_1_0_1_1_1_0_1_1_1_1_0_0_0_0_0_0_0_0_0_1_1_1_0_1,1,1.0e-5,8.164965809277262e-6,0.2777777777777778,145.0
0_1_0_0_0_0_0_1_1_0_0_1_0_1_0_0_0_0_0_0_0_0_0_1_0_0_0_0_0_0_0_0_0_0_0_0_0_1,1,1.0e-5,8.164965809277262e-6,0.3148148148148148,77.5
1_1_1_1_1_1_1_0_1_1_1_0_0_1_0_0_0_0_0_1_0_0_1_0_0_1_1_1_1_1_1_1_0_1_0_0_1_0,1,1.0e-5,0.0,0.3148148148148148,93.33333333333333
0_0_0_0_0_0_0_1_0_1_0_0_1_1_1_0_1_1_1_0_0_0_0_0_1_1_0_0_1_0_0_0_0_1_0_0_0_0,1,1.0e-5,0.0,0.3148148148148148,146.66666666666666
0_0_0_0_0_1_0_1_0_1_0_0_0_0_1_1_1_1_1_0_1_1_0_0_1_1_0_0_1_0_0_0_0_1_1_1_0_1,1,1.0e-5,8.164965809277262e-6,0.32098765432098764,140.0
0_0_0_0_0_0_0_1_0_1_0_0_0_1_1_0_1_1_1_0_0_0_1_0_0_1_0_0_1_0_0_0_1_1_0_1_0_0,1,1.0e-5,8.164965809277262e-6,0.3148148148148148,150.0
1_0_1_1_1_1_0_0_0_1_1_0_1_1_1_0_1_1_0_1_0_0_1_1_1_0_1_1_0_1_0_1_1_0_0_0_1_0,1,1.0e-5,8.164965809277262e-6,0.2962962962962963,200.0
0_0_0_0_0_1_0_1_0_1_0_0_0_0_1_1_1_1_0_0_0_0_1_0_1_1_0_0_1_0_1_0_1_1_1_1_0_1,1,1.0e-5,0.0,0.3395061728395062,170.0
0_0_0_0_0_0_0_1_0_1_0_0_0_0_1_1_1_1_1_0_1_1_0_1_1_0_0_0_0_0_0_0_0_0_1_1_0_1,1,1.0e-5,8.164965809277262e-6,0.30864197530864196,115.0
0_1_0_1_1_0_1_0_1_0_1_1_0_0_0_1_0_0_1_1_1_1_0_0_0_1_1_1_1_0_1_1_0_0_1_1_1_1,1,1.0e-5,8.164965809277262e-6,0.2716049382716049,130.0
0_1_0_0_0_1_1_1_1_0_0_0_1_0_0_1_0_0_1_0_1_1_1_0_0_1_0_0_1_0_1_0_1_1_1_1_0_1,1,1.0e-5,8.164965809277262e-6,0.30864197530864196,110.0
1_1_1_1_1_1_1_0_1_1_1_0_0_0_1_1_1_0_0_1_0_0_0_1_1_0_1_1_0_1_0_1_0_1_1_1_1_1,1,1.0e-5,0.0,0.30864197530864196,140.0
0_0_0_0_0_0_0_1_0_1_0_0_1_1_1_0_1_1_1_0_1_1_0_1_0_0_0_0_0_0_0_0_1_1_0_0_0_0,1,1.0e-5,0.0,0.2962962962962963,160.0
1_1_1_1_1_0_1_0_1_0_1_1_0_1_0_1_0_0_1_1_1_1_0_1_0_0_1_1_0_1_1_1_0_0_0_0_1_1,1,1.0e-5,0.0,0.32098765432098764,176.66666666666666
1_1_1_1_1_1_1_0_1_0_1_1_0_0_0_1_0_0_1_1_0_0_0_0_0_1_1_1_1_1_1_1_0_1_1_1_1_1,1,1.0e-5,1.4142135623730951e-5,0.2777777777777778,113.33333333333333
1_1_1_0_0_0_0_1_1_0_1_1_1_0_0_1_0_0_0_1_0_0_1_0_1_1_1_1_1_1_1_0_0_0_1_0_1_1,1,1.0e-5,1.4142135623730951e-5,0.3765432098765432,176.66666666666666
1_1_1_0_1_1_1_0_0_1_1_1_1_0_0_0_0_0_0_1_0_0_1_0_1_1_1_1_1_1_1_1_1_1_1_0_0_0,1,1.0e-5,8.164965809277262e-6,0.3148148148148148,202.5
0_1_0_1_1_1_1_0_1_1_1_0_0_0_1_1_1_0_1_1_1_1_0_1_1_0_1_1_0_0_0_1_0_1_1_1_1_1,1,1.0e-5,8.164965809277262e-6,0.32098765432098764,122.5
1_1_1_1_1_0_1_0_1_0_1_1_0_0_0_1_0_0_1_1_1_1_0_0_0_1_1_1_1_1_0_1_1_0_1_1_1_1,1,1.0e-5,8.164965809277262e-6,0.32098765432098764,180.0
1_1_1_1_1_1_1_0_1_0_1_1_0_1_0_1_0_0_1_1_0_0_1_0_0_1_1_1_1_1_1_1_0_1_0_0_1_1,1,1.0e-5,8.164965809277262e-6,0.2962962962962963,95.0
0_0_0_0_0_1_1_1_0_1_0_0_1_1_1_0_1_1_1_0_1_1_1_0_1_1_0_0_1_0_0_0_1_1_0_0_0_0,1,1.0e-5,8.164965809277262e-6,0.2962962962962963,85.0
0_1_0_0_0_1_1_1_1_0_0_1_0_0_0_1_0_0_0_0_0_0_0_1_0_0_0_0_0_0_1_0_0_1_1_1_0_1,1,1.0e-5,8.164965809277262e-6,0.2962962962962963,147.5
0_0_0_0_0_1_0_1_0_1_0_0_1_1_1_0_1_1_1_0_1_1_1_0_0_1_0_0_1_0_0_0_0_1_0_0_0_0,1,1.0e-5,8.164965809277262e-6,0.2962962962962963,125.0
1_1_1_1_1_1_1_0_1_0_1_1_0_1_0_1_0_0_1_1_1_1_0_0_1_1_1_1_1_1_1_1_1_0_0_0_1_1,1,1.0e-5,8.164965809277262e-6,0.2962962962962963,140.0
0_0_0_0_0_1_0_1_0_1_0_0_1_1_1_0_1_1_1_0_1_1_1_1_0_0_0_0_0_0_1_0_0_1_0_0_0_0,1,1.0e-5,8.164965809277262e-6,0.3333333333333333,100.0
1_1_1_1_1_0_1_0_1_0_1_1_0_1_0_1_0_0_1_1_1_1_1_1_1_0_1_1_0_1_1_1_0_0_0_0_1_1,1,1.0e-5,8.164965809277262e-6,0.32098765432098764,177.5
1_0_1_0_1_1_0_0_0_1_1_1_1_1_1_1_1_1_1_1_1_1_1_1_1_0_1_1_0_1_0_1_0_0_0_0_1_0,1,1.0e-5,8.164965809277262e-6,0.2716049382716049,122.5
1_1_1_1_1_1_1_0_0_1_1_1_0_1_1_0_1_0_0_1_1_1_0_1_0_0_1_1_0_1_0_1_1_1_0_0_1_0,1,1.0e-5,1.4142135623730951e-5,0.3271604938271605,183.33333333333334
1_1_1_1_1_0_1_0_1_0_1_1_1_1_0_0_0_0_0_1_1_1_0_1_0_0_1_1_0_1_0_1_0_0_0_0_1_0,1,1.0e-5,8.164965809277262e-6,0.3395061728395062,190.0
1_1_1_1_1_1_1_0_1_1_1_0_0_1_1_0_1_0_1_1_1_1_0_1_0_0_1_1_0_1_0_1_0_1_0_0_1_0,1,1.0e-5,8.164965809277262e-6,0.3271604938271605,120.0
0_0_0_0_0_0_0_1_0_0_0_1_1_0_1_1_1_1_0_0_1_1_0_1_1_0_0_0_0_0_0_0_1_0_1_1_0_1,1,1.0e-5,8.164965809277262e-6,0.3148148148148148,212.5
0_1_0_1_1_1_1_0_1_0_1_1_0_1_0_1_0_0_0_1_0_0_1_0_0_1_1_1_1_0_1_1_0_1_0_0_1_1,1,1.0e-5,0.0,0.2777777777777778,110.0
0_1_0_1_1_0_1_0_1_0_1_1_0_1_0_0_0_0_1_1_0_0_1_0_0_1_1_1_1_0_1_1_0_0_0_0_1_0,1,1.0e-5,8.164965809277262e-6,0.30246913580246915,212.5
0_0_0_0_0_0_0_1_0_0_0_1_1_0_0_1_0_1_1_0_0_0_1_0_1_1_0_0_1_0_1_0_1_0_1_1_0_1,1,1.0e-5,8.164965809277262e-6,0.3271604938271605,95.0
1_0_1_0_0_0_0_1_0_1_0_0_1_0_1_0_1_1_1_0_0_0_0_0_1_1_0_0_1_1_0_0_1_0_1_1_0_0,1,1.0e-5,8.164965809277262e-6,0.2777777777777778,167.5
0_0_0_0_0_1_0_1_0_1_0_0_1_1_1_0_1_1_1_0_1_1_1_0_0_1_0_0_1_0_1_0_0_1_0_0_0_0,1,1.0e-5,8.164965809277262e-6,0.3148148148148148,85.0
0_1_0_1_1_0_1_0_1_0_0_1_0_1_0_0_0_0_0_1_0_0_0_0_0_1_1_1_1_0_1_1_0_0_0_0_1_1,1,1.0e-5,0.0,0.2777777777777778,115.0
1_1_1_1_1_0_1_0_1_0_1_1_1_0_0_1_0_0_1_1_1_1_1_0_1_1_1_1_1_1_1_1_0_0_1_0_1_1,1,1.0e-5,0.0,0.3148148148148148,166.66666666666666
1_1_1_1_1_1_1_0_1_0_1_1_1_1_0_0_0_0_0_1_0_0_0_0_0_1_1_1_1_1_1_1_1_1_0_0_1_0,1,1.0e-5,0.0,0.30246913580246915,156.66666666666666
1_1_1_0_1_0_0_0_0_1_0_1_0_1_0_0_0_1_0_0_0_0_0_0_0_1_0_0_1_1_1_1_1_1_0_0_0_0,1,1.0e-5,8.164965809277262e-6,0.32098765432098764,242.5
0_1_0_1_1_1_1_0_1_1_1_0_1_1_1_0_1_0_1_1_0_0_0_0_0_1_1_1_1_0_0_1_0_1_0_0_1_0,1,1.0e-5,0.0,0.29012345679012347,190.0
1_1_1_1_1_1_1_0_1_0_1_1_1_0_0_1_0_0_1_1_1_1_1_1_1_0_1_1_0_1_1_1_1_1_1_0_1_1,1,1.0e-5,0.0,0.3148148148148148,123.33333333333333
0_0_0_0_0_0_0_1_0_1_0_0_1_0_1_0_1_1_1_0_0_0_1_0_1_1_0_0_1_0_0_0_1_0_1_1_0_0,1,1.0e-5,8.164965809277262e-6,0.29012345679012347,145.0
0_1_0_0_0_0_1_1_1_0_0_1_0_1_0_0_0_0_0_0_0_0_0_0_0_1_0_0_1_0_1_0_0_0_0_0_0_1,1,1.0e-5,8.164965809277262e-6,0.32098765432098764,80.0
1_1_1_1_1_0_0_0_1_0_1_1_1_1_0_0_0_0_0_1_0_0_0_1_0_0_1_1_0_1_0_1_0_0_0_0_1_0,1,1.0e-5,0.0,0.3271604938271605,166.66666666666666
1_0_1_1_1_1_1_0_0_1_1_0_1_1_1_0_1_1_0_1_0_0_1_1_1_0_1_1_0_1_0_1_1_1_0_0_1_0,1,1.0e-5,8.164965809277262e-6,0.30864197530864196,182.5
1_0_1_1_1_1_0_0_0_1_1_0_1_1_1_0_1_1_1_1_0_0_0_0_1_1_1_1_1_1_0_1_1_1_0_0_1_0,1,1.0e-5,8.164965809277262e-6,0.3148148148148148,160.0
1_1_1_1_1_1_1_0_0_1_1_1_0_1_1_0_1_1_0_1_0_0_0_0_0_1_1_1_1_1_0_1_1_1_0_0_1_0,1,1.0e-5,0.0,0.32098765432098764,246.66666666666666
1_0_1_0_0_1_1_1_1_0_1_1_0_0_1_1_1_0_1_1_1_1_1_0_1_1_1_1_1_1_0_0_0_0_1_1_1_1,1,1.0e-5,0.0,0.32098765432098764,106.66666666666667
1_1_1_1_1_1_1_0_1_0_1_1_0_1_0_1_0_0_0_1_0_0_1_0_1_1_1_1_1_1_1_1_1_1_0_0_1_1,1,1.0e-5,8.164965809277262e-6,0.30246913580246915,207.5
1_0_1_1_1_0_0_0_0_1_1_0_1_0_1_1_1_1_0_1_0_0_0_1_1_0_1_1_0_1_0_1_1_0_1_1_1_0,1,1.0e-5,8.164965809277262e-6,0.29012345679012347,110.0
0_1_0_0_0_0_1_1_1_0_0_1_0_0_0_1_0_0_0_0_0_0_1_0_1_1_0_0_1_0_1_0_0_0_1_1_0_1,1,1.0e-5,8.164965809277262e-6,0.32098765432098764,195.0
1_0_1_0_0_0_0_1_0_0_0_1_1_1_1_0_1_1_0_0_0_0_0_0_0_1_0_0_1_1_0_0_1_0_0_0_0_0,1,1.0e-5,8.164965809277262e-6,0.30864197530864196,220.0
1_0_1_0_0_0_0_1_0_1_0_0_1_0_1_0_1_1_0_0_0_0_0_0_1_1_0_0_1_1_0_0_1_0_1_1_0_0,1,1.0e-5,8.164965809277262e-6,0.2777777777777778,222.5
1_1_1_1_1_1_1_0_1_0_1_1_0_0_0_1_0_0_1_1_1_1_0_0_1_1_1_1_1_1_1_1_0_0_1_1_1_1,1,1.0e-5,8.164965809277262e-6,0.2716049382716049,85.0
1_1_1_0_1_0_0_0_0_1_0_1_0_1_0_0_0_0_0_0_0_0_1_0_0_1_0_0_1_1_1_1_1_1_0_0_0_0,1,1.0e-5,8.164965809277262e-6,0.3333333333333333,122.5
1_1_1_1_1_0_0_0_1_0_1_1_0_0_0_1_0_0_1_1_1_1_1_1_1_0_1_1_0_1_1_1_0_0_1_1_1_1,1,1.0e-5,0.0,0.3148148148148148,116.66666666666667
1_0_1_1_1_0_0_0_0_1_1_1_0_0_1_1_1_0_1_1_1_1_0_0_1_1_1_1_1_1_0_1_1_0_1_1_1_1,1,1.0e-5,8.164965809277262e-6,0.32098765432098764,117.5
1_1_1_1_1_1_1_0_1_0_1_1_1_1_0_1_0_0_1_1_1_1_0_1_1_0_1_1_0_1_0_1_1_0_0_0_1_0,1,1.0e-5,0.0,0.2839506172839506,166.66666666666666
1_0_1_1_1_1_1_0_1_1_1_0_0_1_1_0_1_1_0_1_1_1_0_1_0_0_1_1_0_1_0_1_0_0_0_0_1_0,1,1.0e-5,8.164965809277262e-6,0.3271604938271605,210.0
0_0_0_0_0_1_0_1_0_1_0_0_0_0_1_0_1_1_0_0_0_0_1_0_0_1_0_0_1_0_0_0_0_1_1_1_0_1,1,1.0e-5,0.0,0.2777777777777778,103.33333333333333
1_0_1_0_0_1_0_1_0_1_0_0_1_0_1_1_1_1_1_0_1_1_1_1_1_0_0_0_0_1_1_0_1_1_1_1_0_1,1,1.0e-5,8.164965809277262e-6,0.3148148148148148,235.0
1_1_1_1_1_1_0_0_0_1_1_0_1_1_0_0_0_1_1_1_1_1_0_0_0_1_1_1_1_1_1_1_1_1_0_0_1_0,1,1.0e-5,8.164965809277262e-6,0.32098765432098764,147.5
0_0_0_0_0_0_0_1_0_1_0_0_1_1_1_0_1_1_0_0_0_0_0_0_0_1_0_0_1_0_0_0_0_0_0_0_0_0,1,1.0e-5,8.164965809277262e-6,0.29012345679012347,110.0
0_0_0_0_0_0_0_1_0_0_0_1_1_1_1_0_1_1_0_0_0_0_1_0_0_1_0_0_1_0_0_0_1_0_0_0_0_0,1,1.0e-5,8.164965809277262e-6,0.30864197530864196,152.5
0_0_0_0_0_0_0_1_1_0_0_0_0_0_0_1_0_0_1_0_0_0_1_0_1_1_0_0_1_0_1_0_0_0_1_1_0_1,1,1.0e-5,8.164965809277262e-6,0.3148148148148148,255.0
0_0_0_0_0_1_0_1_0_1_0_0_1_1_1_0_1_1_1_0_1_1_1_0_1_1_0_0_1_0_0_0_0_1_0_0_0_0,1,1.0e-5,0.0,0.30246913580246915,126.66666666666667
0_0_0_0_0_1_1_1_0_1_0_0_0_0_1_0_1_1_1_0_0_0_1_0_0_1_0_0_1_0_1_0_1_1_1_1_0_1,1,1.0e-5,8.164965809277262e-6,0.29012345679012347,110.0
1_0_1_1_1_1_0_0_0_1_1_1_0_0_1_1_1_0_1_1_1_1_0_0_1_1_1_1_1_1_0_1_1_0_1_1_1_1,1,1.0e-5,8.164965809277262e-6,0.32098765432098764,410.0
1_1_1_1_1_0_1_0_1_0_1_1_0_1_0_0_0_0_1_1_0_0_0_0_0_1_1_1_1_1_1_1_0_0_0_0_1_0,1,1.0e-5,8.164965809277262e-6,0.3271604938271605,130.0
1_1_1_1_1_1_1_0_0_1_1_1_1_0_0_0_0_0_0_1_1_1_1_1_1_0_1_1_0_1_1_1_1_1_1_0_1_0,1,1.0e-5,8.164965809277262e-6,0.3333333333333333,175.0
0_1_0_0_0_0_1_1_1_0_0_1_0_0_0_1_0_0_1_0_1_1_0_0_0_1_0_0_1_0_1_0_0_1_1_1_0_1,1,1.0e-5,0.0,0.2962962962962963,163.33333333333334
0_1_0_0_0_0_0_1_0_0_0_1_1_0_0_1_0_0_0_0_0_0_1_1_0_0_0_0_0_0_1_0_1_1_1_1_0_1,1,1.0e-5,0.0,0.3148148148148148,130.0
0_0_0_0_0_0_0_1_0_1_0_0_1_0_1_0_1_1_1_0_1_1_1_1_1_0_0_0_0_0_0_0_0_1_1_1_0_0,1,1.0e-5,8.164965809277262e-6,0.32098765432098764,110.0
0_1_0_0_0_1_1_1_1_0_0_1_0_0_0_1_0_0_1_0_1_1_0_0_1_1_0_0_1_0_1_0_0_1_1_1_0_1,1,1.0e-5,8.164965809277262e-6,0.30246913580246915,312.5
0_0_0_0_0_0_0_1_1_0_0_0_1_0_1_1_1_1_0_0_0_0_0_0_1_1_0_0_1_0_0_0_0_0_1_1_0_1,1,1.0e-5,8.164965809277262e-6,0.3148148148148148,237.5
1_1_1_1_1_1_1_0_1_0_1_1_0_1_0_1_0_0_0_1_0_0_1_1_0_0_1_1_0_1_1_1_1_1_0_0_1_1,1,1.0e-5,8.164965809277262e-6,0.29012345679012347,145.0
0_1_0_1_0_1_1_1_1_0_0_0_0_0_0_1_0_0_0_0_0_0_0_1_0_0_0_0_0_0_1_0_0_1_1_1_0_1,1,1.0e-5,8.164965809277262e-6,0.30246913580246915,150.0
1_1_1_1_1_1_1_0_1_0_1_1_1_1_0_0_0_0_1_1_1_1_0_1_0_0_1_1_0_1_1_1_1_1_0_0_1_0,1,1.0e-5,0.0,0.30246913580246915,196.66666666666666
1_0_1_0_1_0_0_0_0_1_1_1_0_1_1_0_1_1_1_1_1_1_1_0_0_1_1_1_1_1_0_1_0_0_0_0_1_0,1,1.0e-5,8.164965809277262e-6,0.3148148148148148,217.5
0_0_0_1_1_0_1_0_1_0_0_0_1_1_0_0_0_1_0_0_0_0_1_1_0_0_0_0_0_0_1_1_0_1_0_0_1_0,1,1.0e-5,0.0,0.345679012345679,126.66666666666667
0_1_0_1_1_0_1_0_1_0_1_1_0_0_0_1_0_0_0_1_0_0_0_1_0_0_1_1_0_0_0_1_0_0_1_1_1_1,1,1.0e-5,8.164965809277262e-6,0.29012345679012347,115.0
0_0_0_0_0_1_0_1_0_1_0_0_1_0_1_0_1_1_0_0_0_0_1_1_1_0_0_0_0_0_1_0_0_1_1_1_0_0,1,1.0e-5,0.0,0.3333333333333333,156.66666666666666
1_1_1_1_1_0_1_0_1_0_1_1_0_1_0_1_0_0_0_1_0_0_0_0_0_1_1_1_1_1_1_1_1_0_0_0_1_1,1,1.0e-5,0.0,0.3333333333333333,86.66666666666667
1_1_1_0_0_1_1_1_1_0_1_1_0_0_0_1_0_0_1_1_1_1_1_0_1_1_1_1_1_1_1_0_1_0_1_1_1_1,1,1.0e-5,8.164965809277262e-6,0.3271604938271605,142.5
1_0_1_1_1_0_0_0_0_1_1_0_1_1_1_0_1_1_0_1_1_1_0_1_1_0_1_1_0_1_0_1_1_0_0_0_1_0,1,1.0e-5,8.164965809277262e-6,0.30864197530864196,282.5
1_1_1_1_1_1_1_0_1_1_1_0_1_1_0_0_0_0_1_1_1_1_1_1_0_0_1_1_0_1_1_1_0_1_0_0_1_0,1,1.0e-5,8.164965809277262e-6,0.30864197530864196,322.5
0_0_0_0_0_0_0_1_1_0_0_0_0_0_1_1_1_1_0_0_1_1_0_1_0_0_0_0_0_0_0_0_0_0_1_1_0_1,1,1.0e-5,8.164965809277262e-6,0.30246913580246915,190.0
1_0_1_0_0_0_0_1_0_1_0_0_1_1_1_0_1_1_1_0_1_1_0_1_1_0_0_0_0_1_0_0_1_0_0_0_0_0,1,1.0e-5,8.164965809277262e-6,0.2654320987654321,217.5
0_1_0_1_1_1_1_0_1_1_1_0_1_1_1_0_1_0_0_1_0_0_0_0_1_1_1_1_1_0_0_1_0_1_0_0_1_0,1,1.0e-5,8.164965809277262e-6,0.2839506172839506,165.0
1_1_1_1_1_1_1_0_1_0_1_1_0_0_0_1_0_0_1_1_1_1_0_0_0_1_1_1_1_1_0_1_1_0_1_1_1_1,1,1.0e-5,0.0,0.30864197530864196,213.33333333333334
0_0_0_0_0_0_0_1_0_0_0_1_0_0_0_1_0_0_1_0_1_1_1_1_0_0_0_0_0_0_1_0_1_0_1_1_0_1,1,1.0e-5,0.0,0.30864197530864196,140.0
1_1_1_1_1_1_1_0_1_0_1_1_1_0_0_1_0_0_0_1_0_0_1_0_1_1_1_1_1_1_1_1_0_0_1_0_1_1,1,1.0e-5,0.0,0.32098765432098764,190.0
0_0_0_0_0_0_0_1_0_1_0_0_0_0_1_0_1_1_0_0_1_1_1_1_0_0_0_0_0_0_0_0_0_1_1_1_0_1,1,1.0e-5,8.164965809277262e-6,0.2654320987654321,180.0
1_1_1_1_1_1_1_0_0_1_1_1_0_1_1_0_1_1_1_1_1_1_0_1_0_0_1_1_0_1_0_1_1_1_0_0_1_0,1,1.0e-5,8.164965809277262e-6,0.32098765432098764,95.0
0_1_0_1_1_1_1_0_1_0_1_1_0_0_0_1_0_0_0_1_1_1_0_1_1_0_1_1_0_0_1_1_0_0_1_1_1_1,1,1.0e-5,8.164965809277262e-6,0.2716049382716049,130.0
1_1_1_1_1_0_1_0_1_0_1_1_0_0_0_1_0_0_0_1_0_0_1_1_0_0_1_1_0_1_1_1_0_0_1_1_1_1,1,1.0e-5,8.164965809277262e-6,0.2962962962962963,162.5
1_1_1_1_1_1_1_0_1_0_1_1_0_1_0_1_0_0_1_1_1_1_1_1_1_0_1_1_0_1_1_1_0_1_0_0_1_1,1,1.0e-5,8.164965809277262e-6,0.29012345679012347,177.5
0_0_0_1_1_0_0_0_0_1_0_0_1_1_1_0_1_1_0_0_0_0_0_1_0_0_0_0_0_0_0_1_1_1_0_0_0_0,1,1.0e-5,0.0,0.3148148148148148,163.33333333333334
0_0_0_0_0_0_0_1_0_0_0_1_0_1_1_1_1_1_1_0_0_0_0_0_0_1_0_0_1_0_0_0_1_0_0_1_0_1,1,1.0e-5,8.164965809277262e-6,0.3333333333333333,105.0
1_1_1_1_1_1_1_0_1_0_1_1_0_0_0_1_0_0_1_1_1_1_1_1_0_0_1_1_0_1_1_1_1_1_1_1_1_1,1,1.0e-5,8.164965809277262e-6,0.2962962962962963,122.5
1_0_1_1_1_1_0_0_0_1_1_0_1_1_1_0_1_1_0_1_1_1_0_1_0_0_1_1_0_1_0_1_1_1_0_0_1_0,1,1.0e-5,8.164965809277262e-6,0.32098765432098764,205.0
0_1_0_0_0_0_0_1_1_0_0_1_0_0_0_1_0_0_1_0_1_1_1_0_1_1_0_0_1_0_1_0_0_0_1_1_0_1,1,1.0e-5,0.0,0.30864197530864196,206.66666666666666
1_1_1_1_1_1_1_0_1_1_1_0_0_1_0_0_0_0_0_1_0_0_0_0_0_1_1_1_1_1_1_1_0_1_0_0_1_0,1,1.0e-5,8.164965809277262e-6,0.30864197530864196,200.0
1_0_1_0_0_1_0_1_0_1_0_0_1_1_1_0_1_1_0_0_0_0_0_1_1_0_0_0_0_1_0_0_1_1_0_0_0_0,1,1.0e-5,8.164965809277262e-6,0.2777777777777778,100.0
1_0_1_1_1_1_1_0_0_1_1_1_1_1_1_1_1_1_0_1_0_0_0_0_1_1_1_1_1_1_0_1_1_0_0_0_1_0,1,1.0e-5,8.164965809277262e-6,0.2654320987654321,225.0
1_0_1_1_1_1_0_0_0_1_1_0_1_1_1_0_1_1_0_1_1_1_0_1_1_0_1_1_0_1_0_1_1_1_0_0_1_0,1,1.0e-5,0.0,0.3148148148148148,120.0
1_1_1_1_1_1_1_0_0_1_1_1_0_1_0_0_0_0_1_1_1_1_0_1_1_0_1_1_0_1_1_1_1_1_0_0_1_0,1,1.0e-5,0.0,0.3148148148148148,176.66666666666666
0_0_0_0_0_0_0_1_0_1_0_0_1_0_1_0_1_1_0_0_1_1_0_1_1_0_0_0_0_0_0_0_1_1_1_1_0_0,1,1.0e-5,8.164965809277262e-6,0.3148148148148148,182.5
1_1_1_1_1_1_1_0_1_1_1_0_0_0_0_1_0_0_0_1_0_0_0_0_1_1_1_1_1_1_1_1_0_1_1_1_1_1,1,1.0e-5,8.164965809277262e-6,0.30864197530864196,115.0
1_0_1_1_1_1_1_0_1_1_1_0_0_1_1_0_1_1_1_1_0_0_0_0_0_1_1_1_1_1_0_1_0_0_0_0_1_0,1,1.0e-5,0.0,0.3271604938271605,203.33333333333334
1_1_1_1_1_1_1_0_0_1_1_1_0_1_1_0_1_0_0_1_0_0_0_0_0_1_1_1_1_1_0_1_1_1_0_0_1_0,1,1.0e-5,8.164965809277262e-6,0.3271604938271605,177.5
0_0_0_0_0_1_0_1_0_1_0_0_1_1_1_0_1_1_1_0_1_1_0_0_1_1_0_0_1_0_0_0_0_1_0_0_0_0,1,1.0e-5,8.164965809277262e-6,0.30864197530864196,120.0
0_1_0_1_1_1_1_0_1_0_1_1_0_0_0_1_0_0_0_1_1_1_0_1_1_0_1_1_0_0_1_1_0_1_1_1_1_1,1,1.0e-5,0.0,0.25308641975308643,73.33333333333333
1_1_1_1_1_1_1_0_1_0_1_1_0_1_0_1_0_0_0_1_0_0_0_1_1_0_1_1_0_1_1_1_1_0_0_0_1_1,1,1.0e-5,0.0,0.2962962962962963,140.0
0_0_0_1_0_0_0_1_0_0_0_0_1_1_1_1_1_1_0_0_1_1_0_1_0_0_0_0_0_0_0_0_1_0_0_1_0_1,1,1.0e-5,8.164965809277262e-6,0.25925925925925924,147.5
1_1_1_1_1_0_0_0_1_0_1_1_1_0_0_1_0_0_0_1_0_0_1_1_1_0_1_1_0_1_1_1_0_0_1_0_1_1,1,1.0e-5,8.164965809277262e-6,0.32098765432098764,130.0
1_1_1_1_1_0_1_0_1_0_1_1_0_1_0_1_0_0_1_1_0_0_0_0_0_1_1_1_1_1_0_1_0_0_0_0_1_1,1,1.0e-5,0.0,0.3395061728395062,166.66666666666666
1_0_1_1_1_1_0_0_0_1_1_1_0_1_1_0_1_1_0_1_0_0_0_0_0_1_1_1_1_1_0_1_1_0_0_0_1_0,1,1.0e-5,8.164965809277262e-6,0.32098765432098764,190.0
1_0_1_0_0_0_0_1_0_1_0_0_1_0_1_1_1_1_0_0_1_1_0_1_1_0_0_0_0_1_0_0_1_1_1_1_0_1,1,1.0e-5,0.0,0.29012345679012347,96.66666666666667
1_1_1_1_1_0_1_0_1_0_1_1_1_1_0_1_0_0_0_1_0_0_1_0_1_1_1_1_1_1_1_1_1_0_0_0_1_0,1,1.0e-5,0.0,0.2839506172839506,113.33333333333333
0_0_0_0_0_0_0_1_0_0_0_1_0_0_0_1_0_0_0_0_0_0_1_0_1_1_0_0_1_0_1_0_1_0_1_1_0_1,1,1.0e-5,8.164965809277262e-6,0.3148148148148148,157.5
0_0_0_0_0_1_1_1_1_0_0_1_0_0_1_0_1_0_1_1_1_1_1_1_0_0_1_1_0_0_0_0_0_0_1_1_1_1,1,1.0e-5,0.0,0.2777777777777778,83.33333333333333
1_1_1_1_1_1_1_0_1_1_1_0_1_1_1_0_1_1_1_1_0_0_0_0_0_1_1_1_1_1_0_1_0_1_0_0_1_0,1,1.0e-5,8.164965809277262e-6,0.3148148148148148,207.5
1_1_1_1_1_0_0_0_1_0_1_1_0_1_0_1_0_0_1_1_1_1_0_0_1_1_1_1_1_1_0_1_0_0_0_0_1_1,1,1.0e-5,8.164965809277262e-6,0.32098765432098764,135.0
0_0_0_0_0_1_0_1_0_1_0_0_0_1_1_0_1_1_0_0_0_0_0_1_0_0_0_0_0_0_0_0_1_1_0_1_0_0,1,1.0e-5,8.164965809277262e-6,0.3148148148148148,145.0
0_0_0_0_0_0_0_1_0_1_0_0_0_0_1_1_1_1_1_0_1_1_1_0_1_1_0_0_1_0_0_0_0_1_1_1_0_1,1,1.0e-5,0.0,0.30246913580246915,173.33333333333334
0_1_0_0_0_0_1_1_1_0_0_1_0_0_0_1_0_0_0_0_1_1_0_1_1_0_0_0_0_0_0_0_0_0_1_1_0_1,1,1.0e-5,0.0,0.3333333333333333,183.33333333333334
0_0_0_0_0_0_0_1_0_1_0_0_0_0_1_1_1_1_1_0_1_1_0_0_1_1_0_0_1_0_0_0_0_1_1_1_0_1,1,1.0e-5,0.0,0.30864197530864196,205.0
0_0_0_0_0_0_0_1_0_1_0_0_1_0_1_0_1_1_0_0_0_0_1_0_0_1_0_0_1_0_0_0_1_0_1_1_0_0,1,1.0e-5,0.0,0.2839506172839506,116.66666666666667
1_1_1_1_1_0_1_0_1_0_1_1_1_0_0_1_0_0_1_1_1_1_0_0_1_1_1_1_1_1_0_1_0_0_1_0_1_1,1,1.0e-5,8.164965809277262e-6,0.3271604938271605,160.0
0_0_0_0_0_1_0_1_0_1_0_0_0_0_1_1_1_1_0_0_0_0_0_1_1_0_0_0_0_0_0_0_0_1_1_1_0_1,1,1.0e-5,0.0,0.32098765432098764,250.0
0_1_0_0_0_0_1_1_1_0_0_1_0_1_0_0_0_0_0_0_0_0_1_1_0_0_0_0_0_0_1_0_0_1_0_0_0_1,1,1.0e-5,0.0,0.29012345679012347,85.0
1_0_1_1_1_1_0_0_0_1_1_0_1_0_1_1_1_1_0_1_0_0_1_1_1_0_1_1_0_1_0_1_1_1_1_1_1_0,1,1.0e-5,0.0,0.30246913580246915,170.0
1_1_1_1_1_1_1_0_1_0_1_1_1_1_0_1_0_0_1_1_1_1_0_1_1_0_1_1_0_1_1_1_1_0_0_0_1_0,1,1.0e-5,8.164965809277262e-6,0.2654320987654321,115.0
1_0_1_1_1_1_1_0_1_1_1_0_0_0_1_1_1_1_0_1_0_0_0_1_1_0_1_1_0_1_0_1_0_0_1_1_1_1,1,1.0e-5,8.164965809277262e-6,0.32098765432098764,187.5
0_0_0_0_0_0_0_1_0_0_0_1_1_1_1_0_1_1_1_0_1_1_1_1_0_0_0_0_0_0_0_0_1_0_0_0_0_0,1,1.0e-5,8.164965809277262e-6,0.30864197530864196,147.5
0_0_0_0_0_1_0_1_0_1_0_0_1_0_1_0_1_1_0_0_0_0_0_1_1_0_0_0_0_0_0_0_0_1_1_1_0_0,1,1.0e-5,8.164965809277262e-6,0.32098765432098764,140.0
0_1_0_1_1_1_1_0_1_0_1_1_0_0_0_1_0_0_0_1_1_1_1_1_1_0_1_1_0_0_1_1_0_1_1_1_1_1,1,1.0e-5,8.164965809277262e-6,0.25925925925925924,117.5
0_0_0_0_0_0_0_1_0_1_0_0_1_0_1_0_1_1_1_0_0_0_1_0_1_1_0_0_1_0_1_0_1_1_1_1_0_0,1,1.0e-5,1.4142135623730951e-5,0.3271604938271605,163.33333333333334
0_0_0_0_0_0_0_1_0_1_0_0_0_0_1_1_1_1_0_0_0_0_0_0_1_1_0_0_1_0_0_0_1_1_1_1_0_1,1,1.0e-5,8.164965809277262e-6,0.3148148148148148,120.0
0_0_0_0_0_0_0_1_0_1_0_0_1_1_1_0_1_1_1_0_1_1_1_0_0_1_0_0_1_0_0_0_1_1_0_0_0_0,1,1.0e-5,8.164965809277262e-6,0.2716049382716049,132.5
0_1_0_0_0_0_1_1_1_0_0_1_0_0_0_1_0_0_0_0_1_1_1_1_0_0_0_0_0_0_1_0_0_0_1_1_0_1,1,1.0e-5,8.164965809277262e-6,0.3148148148148148,232.5
1_1_1_1_1_0_0_0_1_0_1_1_0_0_0_1_0_0_0_1_0_0_1_1_1_0_1_1_0_1_1_1_0_0_1_1_1_1,1,1.0e-5,8.164965809277262e-6,0.2962962962962963,137.5
1_1_1_1_1_1_1_0_1_0_1_1_0_0_0_1_0_0_1_1_1_1_0_1_1_0_1_1_0_1_0_1_0_0_1_1_1_1,1,1.0e-5,8.164965809277262e-6,0.30864197530864196,185.0
0_0_0_0_0_0_0_1_1_0_0_0_1_0_0_1_0_0_1_0_1_1_1_0_0_1_0_0_1_0_1_0_0_0_1_1_0_1,1,1.0e-5,1.4142135623730951e-5,0.30864197530864196,200.0
0_1_0_0_0_0_1_1_1_0_0_0_0_0_0_1_0_0_1_0_1_1_1_0_0_1_0_0_1_0_1_0_1_1_1_1_0_1,1,1.0e-5,8.164965809277262e-6,0.29012345679012347,162.5
1_1_1_1_1_0_1_0_1_0_1_1_0_1_0_1_0_0_1_1_1_1_0_0_1_1_1_1_1_1_1_1_1_0_0_0_1_1,1,1.0e-5,1.4142135623730951e-5,0.30864197530864196,216.66666666666666
1_1_1_1_1_0_0_0_1_0_1_1_0_1_0_0_0_0_1_1_1_1_1_1_0_0_1_1_0_1_1_1_0_0_0_0_1_0,1,1.0e-5,1.4142135623730951e-5,0.3395061728395062,186.66666666666666
1_1_1_1_1_0_1_0_1_0_1_1_0_1_0_0_0_0_0_1_0_0_0_1_0_0_1_1_0_1_0_1_1_0_0_0_1_0,1,1.0e-5,8.164965809277262e-6,0.3395061728395062,95.0
0_0_0_0_0_0_0_1_0_1_0_0_1_0_1_0_1_1_0_0_1_1_1_1_1_0_0_0_0_0_1_0_1_1_1_1_0_0,1,1.0e-5,8.164965809277262e-6,0.3271604938271605,137.5
0_0_0_0_0_0_0_1_0_1_0_0_0_0_1_1_1_1_0_0_0_0_0_1_1_0_0_0_0_0_0_0_0_1_1_1_0_1,1,1.0e-5,8.164965809277262e-6,0.30864197530864196,132.5
1_1_1_1_1_1_1_0_1_0_1_1_1_0_0_1_0_0_1_1_1_1_1_1_1_0_1_1_0_1_1_1_1_0_1_0_1_1,1,1.0e-5,8.164965809277262e-6,0.3333333333333333,192.5
1_1_1_1_1_1_1_0_1_0_1_1_0_1_0_1_0_0_0_1_1_1_1_1_1_0_1_1_0_1_1_1_0_1_0_0_1_1,1,1.0e-5,8.164965809277262e-6,0.29012345679012347,145.0
0_0_0_0_0_0_0_1_0_1_0_0_1_0_1_0_1_1_1_0_0_0_0_0_0_1_0_0_1_0_0_0_1_0_1_1_0_0,1,1.0e-5,8.164965809277262e-6,0.29012345679012347,110.0
0_0_0_0_0_1_0_1_0_1_0_0_0_0_1_0_1_1_1_0_0_0_1_0_0_1_0_0_1_0_1_0_0_1_1_1_0_1,1,1.0e-5,8.164965809277262e-6,0.2962962962962963,162.5
0_1_0_0_0_0_1_1_1_0_0_0_1_1_0_0_0_0_1_0_1_1_1_0_0_1_0_0_1_0_1_0_0_1_0_0_0_0,1,1.0e-5,8.164965809277262e-6,0.3148148148148148,97.5
1_1_1_0_0_1_1_1_0_1_1_1_0_0_1_1_1_0_0_1_1_1_0_1_1_0_1_1_0_1_0_0_1_1_1_1_0_1,1,1.0e-5,1.4142135623730951e-5,0.35185185185185186,110.0
0_0_0_0_0_0_0_1_1_0_0_0_0_0_1_1_1_1_1_0_0_0_0_0_0_1_0_0_1_0_0_0_0_0_1_1_0_1,1,1.0e-5,8.164965809277262e-6,0.30246913580246915,210.0
0_0_0_0_0_1_0_1_0_1_0_0_0_0_1_1_1_1_0_0_0_0_1_0_1_1_0_0_1_0_0_0_1_1_1_1_0_1,1,1.0e-5,8.164965809277262e-6,0.32098765432098764,155.0
0_1_0_1_1_1_1_0_1_0_1_1_0_0_0_1_0_0_0_1_0_0_0_0_0_1_1_1_1_0_0_1_0_0_1_1_1_1,1,1.0e-5,8.164965809277262e-6,0.2962962962962963,185.0
0_1_0_1_0_1_1_1_1_0_0_0_0_0_0_0_0_0_0_0_1_1_0_1_0_0_0_0_0_0_1_0_1_1_1_1_0_1,1,1.0e-5,8.164965809277262e-6,0.2716049382716049,130.0
1_0_1_0_0_0_0_1_0_1_0_0_1_1_1_0_1_1_1_0_1_1_1_1_0_0_0_0_0_1_0_0_1_0_0_0_0_0,1,1.0e-5,8.164965809277262e-6,0.25308641975308643,95.0
0_1_0_1_1_0_1_0_1_0_1_1_0_1_0_0_0_0_1_1_1_1_0_1_0_0_1_1_0_0_1_1_0_0_0_0_1_0,1,1.0e-5,1.4142135623730951e-5,0.2962962962962963,83.33333333333333
1_0_1_0_0_0_0_1_0_1_0_0_1_0_1_0_1_1_0_0_1_1_0_1_1_0_0_0_0_1_0_0_1_0_1_1_0_0,1,1.0e-5,8.164965809277262e-6,0.2777777777777778,147.5
1_1_1_1_1_1_1_0_0_1_1_1_0_1_0_0_0_0_1_1_1_1_1_1_1_0_1_1_0_1_1_1_1_1_0_0_1_0,1,1.0e-5,8.164965809277262e-6,0.32098765432098764,312.5
0_1_0_1_1_0_1_0_1_0_1_1_0_0_0_1_0_0_0_1_0_0_0_0_1_1_1_1_1_0_0_1_0_0_1_1_1_1,1,1.0e-5,1.4142135623730951e-5,0.30246913580246915,140.0
1_1_1_1_1_1_1_0_1_0_1_1_0_0_0_1_0_0_1_1_0_0_0_0_0_1_1_1_1_1_1_1_1_1_1_1_1_1,1,1.0e-5,8.164965809277262e-6,0.29012345679012347,117.5
0_0_0_0_0_0_0_1_0_1_0_0_0_1_1_0_1_1_0_0_0_0_0_0_0_1_0_0_1_0_0_0_1_1_0_1_0_0,1,1.0e-5,8.164965809277262e-6,0.32098765432098764,117.5
1_0_1_0_0_0_0_1_0_1_0_0_0_0_1_1_1_1_0_0_0_0_1_0_1_1_0_0_1_1_1_0_1_1_1_1_0_1,1,1.0e-5,8.164965809277262e-6,0.2839506172839506,137.5
0_0_0_0_0_0_0_1_1_0_0_0_0_0_0_1_0_0_1_0_0_0_1_0_0_1_0_0_1_0_1_0_0_0_1_1_0_1,1,1.0e-5,1.4142135623730951e-5,0.30864197530864196,200.0
0_0_0_0_0_0_0_1_0_0_0_1_1_0_1_1_1_1_1_0_1_1_1_1_0_0_0_0_0_0_0_0_1_0_1_1_0_1,1,1.0e-5,8.164965809277262e-6,0.3148148148148148,147.5
0_0_0_0_0_1_0_1_0_1_0_0_1_0_1_0_1_1_0_0_0_0_1_0_1_1_0_0_1_0_1_0_1_1_1_1_0_0,1,1.0e-5,8.164965809277262e-6,0.3395061728395062,260.0
0_0_0_0_0_0_0_1_0_1_0_0_1_0_1_0_1_1_0_0_0_0_1_0_1_1_0_0_1_0_1_0_1_1_1_1_0_0,1,1.0e-5,1.4142135623730951e-5,0.3271604938271605,150.0
1_0_1_0_0_0_0_1_0_1_1_0_1_0_1_1_1_1_1_0_0_0_1_0_1_1_0_0_1_1_1_0_1_1_1_1_0_0,1,1.0e-5,8.164965809277262e-6,0.2839506172839506,100.0
0_0_0_0_0_1_0_1_0_1_0_0_0_1_1_0_1_1_1_0_1_1_1_0_0_1_0_0_1_0_1_0_1_1_0_1_0_0,1,1.0e-5,8.164965809277262e-6,0.3271604938271605,127.5
1_1_1_1_1_1_1_0_1_0_1_1_1_1_0_0_0_0_0_1_0_0_0_0_0_1_1_1_1_1_0_1_0_0_0_0_1_0,1,1.0e-5,1.4142135623730951e-5,0.3271604938271605,190.0
0_0_0_1_1_0_0_0_0_1_0_0_1_1_1_0_1_1_1_0_1_1_0_0_0_1_0_0_1_0_0_1_1_1_0_0_0_0,1,1.0e-5,8.164965809277262e-6,0.3148148148148148,105.0
0_1_0_1_0_0_1_1_1_0_0_0_0_0_0_0_0_0_1_0_1_1_0_0_0_1_0_0_1_0_1_0_1_1_1_1_0_1,1,1.0e-5,1.4142135623730951e-5,0.25308641975308643,193.33333333333334
1_1_1_1_1_1_1_0_1_0_1_1_1_1_0_0_0_0_0_1_0_0_1_1_0_0_1_1_0_1_1_1_1_0_0_0_1_0,1,1.0e-5,8.164965809277262e-6,0.30864197530864196,135.0
1_1_1_1_1_1_1_0_1_0_1_1_0_0_0_1_0_0_1_1_1_1_0_0_1_1_1_1_1_1_0_1_1_0_1_1_1_1,1,1.0e-5,8.164965809277262e-6,0.30246913580246915,105.0
1_0_1_1_1_1_0_0_0_1_1_0_1_1_1_0_1_1_0_1_0_0_0_0_0_1_1_1_1_1_0_1_1_1_0_0_1_0,1,1.0e-5,8.164965809277262e-6,0.32098765432098764,157.5
0_0_0_0_0_1_1_1_0_1_0_0_0_0_1_1_1_1_0_0_1_1_0_1_1_0_0_0_0_0_0_0_1_1_1_1_0_1,1,1.0e-5,8.164965809277262e-6,0.3333333333333333,200.0
0_0_0_0_0_0_0_1_0_1_0_0_0_0_1_1_1_1_1_0_1_1_0_1_1_0_0_0_0_0_0_0_1_1_1_1_0_1,1,1.0e-5,8.164965809277262e-6,0.3148148148148148,112.5
0_0_0_0_0_1_0_1_0_1_0_0_1_0_1_0_1_1_1_0_1_1_1_0_0_1_0_0_1_0_1_0_1_1_1_1_0_0,1,1.0e-5,8.164965809277262e-6,0.3148148148148148,92.5
0_1_0_1_1_1_1_0_1_0_1_1_0_0_0_1_0_0_0_1_1_1_1_1_0_0_1_1_0_0_1_1_0_0_1_1_1_1,1,1.0e-5,8.164965809277262e-6,0.2839506172839506,112.5
0_1_0_0_0_1_1_1_1_0_0_1_0_1_0_0_0_0_1_0_1_1_1_0_0_1_0_0_1_0_1_0_0_1_0_0_0_1,1,1.0e-5,1.4142135623730951e-5,0.29012345679012347,200.0
0_1_0_1_1_1_1_0_1_0_1_1_0_0_0_1_0_0_0_1_1_1_0_1_0_0_1_1_0_0_1_1_0_1_1_1_1_1,1,1.0e-5,8.164965809277262e-6,0.25925925925925924,155.0
1_0_1_1_1_0_0_0_0_1_1_0_1_1_1_0_1_1_0_1_1_1_1_1_0_0_1_1_0_1_0_1_1_0_0_0_1_0,1,1.0e-5,8.164965809277262e-6,0.32098765432098764,115.0
0_0_0_0_0_0_0_1_1_0_0_0_0_1_1_1_1_1_0_0_1_1_1_1_0_0_0_0_0_0_0_0_0_0_0_1_0_1,1,1.0e-5,1.4142135623730951e-5,0.3271604938271605,206.66666666666666
1_1_1_1_1_0_1_0_1_0_1_1_1_1_0_1_0_0_1_1_0_0_0_0_1_1_1_1_1_1_1_1_1_0_0_0_1_0,1,1.0e-5,8.164965809277262e-6,0.2777777777777778,147.5
0_0_0_1_0_0_0_1_1_0_0_0_1_0_0_1_0_0_0_0_0_0_1_0_0_1_0_0_1_0_1_0_0_0_1_1_1_1,1,1.0e-5,8.164965809277262e-6,0.30864197530864196,285.0
1_1_1_1_1_1_1_0_1_0_1_1_1_1_0_1_0_0_1_1_0_0_0_0_1_1_1_1_1_1_0_1_1_0_0_0_1_0,1,1.0e-5,8.164965809277262e-6,0.2839506172839506,170.0
1_0_1_0_0_0_0_1_0_1_0_0_1_1_1_0_1_1_1_0_0_0_1_0_0_1_0_0_1_1_1_0_1_1_0_0_0_0,1,1.0e-5,8.164965809277262e-6,0.29012345679012347,122.5
0_0_0_0_0_0_0_1_0_1_0_0_1_0_1_0_1_1_0_0_0_0_0_1_1_0_0_0_0_0_0_0_0_1_1_1_0_0,1,1.0e-5,8.164965809277262e-6,0.30864197530864196,140.0
1_1_1_0_0_0_1_1_1_0_1_1_0_0_0_1_0_0_1_1_1_1_1_0_1_1_1_1_1_1_1_0_0_0_1_1_1_1,1,1.0e-5,8.164965809277262e-6,0.3271604938271605,90.0
1_0_1_1_1_1_0_0_0_1_1_0_1_0_1_1_1_1_0_1_1_1_1_1_1_0_1_1_0_1_1_1_1_1_1_1_1_0,1,1.0e-5,8.164965809277262e-6,0.3271604938271605,317.5
0_0_0_0_0_1_0_1_0_1_0_0_1_0_1_0_1_1_0_0_1_1_1_1_0_0_0_0_0_0_1_0_1_1_1_1_0_0,1,1.0e-5,8.164965809277262e-6,0.3333333333333333,142.5
0_0_0_0_0_1_1_1_0_1_0_0_1_0_1_0_1_1_0_0_0_0_1_1_1_0_0_0_0_0_0_0_1_1_1_1_0_0,1,1.0e-5,8.164965809277262e-6,0.30864197530864196,142.5
1_0_1_1_1_1_1_0_0_1_1_0_1_1_1_0_1_1_0_1_0_0_0_0_0_1_1_1_1_1_0_1_1_1_0_0_1_0,1,1.0e-5,1.4142135623730951e-5,0.3271604938271605,140.0
1_0_1_1_1_1_0_0_0_1_1_0_1_1_1_0_1_1_0_1_1_1_1_1_1_0_1_1_0_1_1_1_1_1_0_0_1_0,1,1.0e-5,8.164965809277262e-6,0.3271604938271605,175.0
1_1_1_1_1_1_1_0_1_0_1_1_1_1_0_0_0_0_1_1_0_0_0_0_0_1_1_1_1_1_0_1_0_0_0_0_1_0,1,1.0e-5,8.164965809277262e-6,0.3271604938271605,147.5
1_0_1_0_0_1_0_1_0_1_0_0_1_0_1_1_1_1_0_0_1_1_1_1_1_0_0_0_0_1_0_0_1_1_1_1_0_1,1,1.0e-5,8.164965809277262e-6,0.2962962962962963,140.0
1_0_1_1_1_1_0_0_0_1_1_1_1_1_1_0_1_1_0_1_0_0_0_1_0_0_1_1_0_1_0_1_1_0_0_0_1_0,1,1.0e-5,8.164965809277262e-6,0.2962962962962963,107.5
0_0_0_0_0_0_0_1_0_1_0_0_0_0_1_1_1_1_0_0_0_0_0_0_1_1_0_0_1_0_0_0_0_0_1_1_0_1,1,1.0e-5,8.164965809277262e-6,0.30864197530864196,170.0
1_1_1_1_1_1_1_0_1_1_1_0_1_1_1_0_1_0_1_1_1_1_0_1_1_0_1_1_0_1_0_1_0_1_0_0_1_0,1,1.0e-5,8.164965809277262e-6,0.3148148148148148,132.5
0_0_0_1_0_1_1_1_1_0_1_0_1_0_1_1_1_1_1_1_0_0_0_0_1_1_1_1_1_0_0_0_0_0_1_1_1_1,1,1.0e-5,8.164965809277262e-6,0.3333333333333333,142.5
0_1_0_1_0_0_1_1_1_0_0_0_0_0_0_0_0_0_1_0_1_1_0_1_0_0_0_0_0_0_1_0_0_1_1_1_0_1,1,1.0e-5,8.164965809277262e-6,0.2716049382716049,217.5
1_1_1_0_1_0_0_0_0_1_0_1_1_1_0_0_0_1_0_0_1_1_0_1_0_0_0_0_0_1_1_1_1_1_0_0_0_0,1,1.0e-5,8.164965809277262e-6,0.3148148148148148,135.0
0_1_0_1_1_1_1_0_1_0_1_1_0_1_0_1_0_0_0_1_1_1_0_1_0_0_1_1_0_0_1_1_0_1_0_0_1_1,1,1.0e-5,8.164965809277262e-6,0.2716049382716049,132.5
0_0_0_0_0_0_0_1_0_1_0_0_1_0_1_1_1_1_1_0_1_1_0_1_1_0_0_0_0_0_0_0_0_0_1_1_0_1,1,1.0e-5,8.164965809277262e-6,0.3148148148148148,150.0
0_1_0_1_1_1_1_0_1_1_1_0_0_1_1_0_1_0_1_1_0_0_0_0_0_1_1_1_1_0_0_1_0_1_0_0_1_0,1,1.0e-5,8.164965809277262e-6,0.30864197530864196,97.5
0_1_0_1_1_1_1_0_1_1_1_0_0_1_0_0_0_0_0_1_0_0_0_0_0_1_1_1_1_0_1_1_0_1_0_0_1_0,1,1.0e-5,8.164965809277262e-6,0.29012345679012347,147.5
0_1_0_0_0_0_0_1_1_0_0_0_1_1_0_0_0_0_1_0_1_1_1_0_0_1_0_0_1_0_1_0_0_1_0_0_0_0,1,1.0e-5,8.164965809277262e-6,0.32098765432098764,107.5
0_0_0_0_0_0_0_1_0_1_0_0_0_1_1_0_1_1_0_0_1_1_1_1_0_0_0_0_0_0_0_0_1_0_0_1_0_0,1,1.0e-5,8.164965809277262e-6,0.2962962962962963,92.5
1_1_1_1_1_0_1_0_1_0_1_1_0_1_0_0_0_0_0_1_0_0_0_0_0_1_1_1_1_1_0_1_0_0_0_0_1_0,1,1.0e-5,8.164965809277262e-6,0.345679012345679,180.0
0_0_0_0_0_0_0_1_0_1_0_0_1_1_1_0_1_1_0_0_0_0_0_0_1_1_0_0_1_0_0_0_1_1_0_0_0_0,1,1.0e-5,8.164965809277262e-6,0.30246913580246915,102.5
0_0_0_1_0_1_1_1_1_0_1_0_0_0_1_1_1_0_0_1_1_1_1_1_1_0_1_1_0_0_0_0_0_0_1_1_1_1,1,1.0e-5,8.164965809277262e-6,0.3148148148148148,260.0
0_1_0_1_1_1_1_0_1_0_1_1_0_1_0_1_0_0_0_1_0_0_0_0_0_1_1_1_1_0_1_1_0_1_0_0_1_1,1,1.0e-5,8.164965809277262e-6,0.2716049382716049,92.5
0_0_0_0_0_0_0_1_1_0_0_0_1_0_1_1_1_1_1_0_0_0_1_0_0_1_0_0_1_0_0_0_0_0_1_1_0_1,1,1.0e-5,8.164965809277262e-6,0.3148148148148148,137.5
1_1_1_1_1_0_0_0_1_0_1_1_0_1_0_1_0_0_0_1_0_0_1_1_1_0_1_1_0_1_1_1_0_0_0_0_1_1,1,1.0e-5,8.164965809277262e-6,0.30864197530864196,145.0
1_0_1_1_1_0_0_0_0_1_1_0_1_1_1_0_1_1_0_1_0_0_1_1_0_0_1_1_0_1_0_1_1_0_0_0_1_0,1,1.0e-5,8.164965809277262e-6,0.30246913580246915,107.5
1_1_1_1_1_1_1_0_1_0_1_1_0_0_0_1_0_0_0_1_1_1_1_1_1_0_1_1_0_1_1_1_1_1_1_1_1_1,1,1.0e-5,8.164965809277262e-6,0.29012345679012347,202.5
1_1_1_1_1_1_1_0_0_1_1_1_1_0_0_0_0_0_0_1_0_0_0_0_1_1_1_1_1_1_1_1_1_1_1_0_1_0,1,1.0e-5,1.4142135623730951e-5,0.3271604938271605,173.33333333333334
0_1_0_1_1_0_1_0_1_0_1_1_1_1_0_0_0_0_1_1_1_1_0_1_0_0_1_1_0_0_0_1_0_0_0_0_1_0,1,1.0e-5,1.4142135623730951e-5,0.2962962962962963,240.0
0_0_0_0_0_1_0_1_0_1_0_0_1_1_1_0_1_1_0_0_0_0_1_1_1_0_0_0_0_0_0_0_1_1_0_0_0_0,1,1.0e-5,1.4142135623730951e-5,0.29012345679012347,110.0
1_1_1_1_1_1_1_0_1_0_1_1_0_1_0_1_0_0_1_1_1_1_1_1_0_0_1_1_0_1_1_1_0_1_0_0_1_1,1,1.0e-5,1.4142135623730951e-5,0.2962962962962963,160.0
1_1_1_1_1_1_1_0_1_0_1_1_0_1_0_1_0_0_1_1_0_0_1_0_1_1_1_1_1_1_1_1_0_1_0_0_1_1,1,1.0e-5,1.4142135623730951e-5,0.29012345679012347,126.66666666666667
1_0_1_1_1_1_1_0_0_1_1_0_1_1_1_0_1_1_1_1_0_0_0_0_1_1_1_1_1_1_0_1_1_1_0_0_1_0,1,1.0e-5,1.4142135623730951e-5,0.32098765432098764,143.33333333333334
0_0_0_0_0_0_0_1_0_1_0_0_1_1_1_0_1_1_1_0_1_1_1_0_0_1_0_0_1_0_0_0_0_1_0_0_0_0,1,1.0e-5,1.4142135623730951e-5,0.2839506172839506,190.0
0_0_0_0_0_0_0_1_1_0_0_1_0_0_1_1_1_0_1_0_1_1_0_0_1_1_0_0_1_0_0_0_0_0_1_1_0_1,1,1.0e-5,1.4142135623730951e-5,0.3333333333333333,133.33333333333334
1_1_1_1_1_1_1_0_1_1_1_0_1_1_1_0_1_1_1_1_1_1_0_1_0_0_1_1_0_1_0_1_0_1_0_0_1_0,1,1.0e-5,1.4142135623730951e-5,0.3148148148148148,146.66666666666666
0_0_0_0_0_0_0_1_0_1_0_0_1_0_1_0_1_1_1_0_1_1_1_1_0_0_0_0_0_0_0_0_1_0_1_1_0_0,1,6.6666666666666675e-6,9.428090415820634e-6,0.2839506172839506,165.0
0_0_0_0_0_1_0_1_0_1_0_0_0_1_1_0_1_1_1_0_0_0_0_0_0_1_0_0_1_0_0_0_1_1_0_1_0_0,1,6.6666666666666675e-6,4.714045207910318e-6,0.3333333333333333,165.0
0_0_0_0_0_1_0_1_0_1_0_0_1_0_1_0_1_1_0_0_1_1_1_1_0_0_0_0_0_0_0_0_1_1_1_1_0_0,1,6.6666666666666675e-6,4.714045207910318e-6,0.3148148148148148,115.0
1_1_1_0_0_1_1_1_1_0_1_1_1_0_0_1_0_0_1_1_1_1_1_1_1_0_1_1_0_1_1_0_0_0_1_0_1_1,1,6.6666666666666675e-6,9.428090415820634e-6,0.35802469135802467,140.0
0_1_0_0_0_1_1_1_1_0_0_0_0_0_0_1_0_0_0_0_0_0_1_1_1_0_0_0_0_0_1_0_0_1_1_1_0_1,1,6.6666666666666675e-6,4.714045207910318e-6,0.2962962962962963,180.0
1_1_1_1_1_1_1_0_1_0_1_1_0_0_0_1_0_0_0_1_1_1_0_1_0_0_1_1_0_1_0_1_0_0_1_1_1_1,1,6.6666666666666675e-6,9.428090415820634e-6,0.3148148148148148,125.0
1_0_1_1_1_1_0_0_0_1_1_1_1_1_1_0_1_1_0_1_0_0_0_1_1_0_1_1_0_1_0_1_1_0_0_0_1_0,1,6.6666666666666675e-6,4.714045207910318e-6,0.29012345679012347,175.0
0_0_0_0_0_1_0_1_0_1_0_0_1_0_1_0_1_1_1_0_1_1_1_0_0_1_0_0_1_0_0_0_0_1_1_1_0_0,1,6.6666666666666675e-6,4.714045207910318e-6,0.30864197530864196,130.0
1_0_1_1_1_1_1_0_0_1_1_1_0_1_1_0_1_1_0_1_0_0_0_1_0_0_1_1_0_1_0_1_1_0_0_0_1_0,1,6.6666666666666675e-6,4.714045207910318e-6,0.30864197530864196,130.0
1_1_1_1_1_0_1_0_1_0_1_1_1_0_0_1_0_0_1_1_1_1_0_0_1_1_1_1_1_1_1_1_1_0_1_0_1_1,1,6.6666666666666675e-6,4.714045207910318e-6,0.32098765432098764,90.0
0_1_0_0_0_0_1_1_1_0_0_0_1_1_0_0_0_0_1_0_1_1_1_0_0_1_0_0_1_0_1_0_1_1_0_0_0_0,1,6.6666666666666675e-6,9.428090415820634e-6,0.3148148148148148,75.0
0_0_0_0_0_0_0_1_0_0_0_1_0_0_0_1_0_1_0_0_0_0_1_0_1_1_0_0_1_0_1_0_1_0_1_1_0_1,1,6.6666666666666675e-6,4.714045207910318e-6,0.32098765432098764,145.0
0_1_0_1_1_1_1_0_1_0_1_1_0_1_0_0_0_0_0_1_0_0_0_0_0_1_1_1_1_0_0_1_0_0_0_0_1_0,1,6.6666666666666675e-6,9.428090415820634e-6,0.30246913580246915,165.0
1_0_1_1_1_1_1_0_0_1_1_0_1_1_1_0_1_1_1_1_0_0_0_0_0_1_1_1_1_1_0_1_1_1_0_0_1_0,1,6.6666666666666675e-6,4.714045207910318e-6,0.3271604938271605,105.0
0_1_0_1_0_0_1_1_1_0_0_0_1_1_0_0_0_0_1_0_0_0_0_0_0_1_0_0_1_0_1_0_1_1_0_0_0_0,1,6.6666666666666675e-6,9.428090415820634e-6,0.345679012345679,75.0
1_1_1_1_1_1_1_0_1_0_1_1_0_1_0_0_0_0_1_1_0_0_0_0_0_1_1_1_1_1_1_1_1_1_0_0_1_0,1,6.6666666666666675e-6,4.714045207910318e-6,0.30864197530864196,235.0
1_0_1_0_1_0_0_0_0_1_1_1_1_1_1_0_1_1_1_1_1_1_1_0_0_1_1_1_1_1_0_1_0_0_0_0_1_0,1,6.6666666666666675e-6,4.714045207910318e-6,0.30864197530864196,115.0
0_0_0_0_0_0_0_1_0_1_0_0_1_1_1_0_1_1_1_0_1_1_1_1_0_0_0_0_0_0_0_0_0_0_0_0_0_0,1,6.6666666666666675e-6,4.714045207910318e-6,0.2839506172839506,110.0
1_1_1_1_1_0_1_0_1_0_1_1_0_0_0_1_0_0_1_1_0_0_1_0_1_1_1_1_1_1_1_1_0_0_1_1_1_1,1,6.6666666666666675e-6,9.428090415820634e-6,0.30864197530864196,90.0
1_1_1_1_1_1_1_0_1_0_1_1_1_1_0_0_0_0_1_1_1_1_0_0_0_1_1_1_1_1_0_1_1_0_0_0_1_0,1,6.6666666666666675e-6,4.714045207910318e-6,0.32098765432098764,75.0
0_0_0_0_0_1_0_1_0_1_0_0_1_0_1_0_1_1_0_0_0_0_1_1_0_0_0_0_0_0_0_0_0_1_1_1_0_0,1,6.6666666666666675e-6,9.428090415820634e-6,0.30864197530864196,95.0
0_1_0_1_1_0_1_0_1_0_1_1_0_0_0_1_0_0_0_1_1_1_0_1_1_0_1_1_0_0_1_1_0_0_1_1_1_1,1,6.6666666666666675e-6,4.714045207910318e-6,0.2839506172839506,105.0
0_1_0_0_0_0_0_1_1_0_0_1_0_0_0_1_0_0_1_0_1_1_0_0_0_1_0_0_1_0_1_0_0_0_1_1_0_1,1,6.6666666666666675e-6,4.714045207910318e-6,0.30864197530864196,140.0
0_1_0_0_0_0_0_1_0_0_0_1_1_0_0_1_0_0_0_0_0_0_1_0_1_1_0_0_1_0_1_0_1_1_1_1_0_1,1,6.6666666666666675e-6,4.714045207910318e-6,0.3271604938271605,150.0
0_1_0_0_0_0_0_1_0_0_0_1_1_1_0_0_0_0_1_0_1_1_1_1_0_0_0_0_0_0_1_0_1_1_0_0_0_0,1,6.6666666666666675e-6,4.714045207910318e-6,0.3395061728395062,160.0
1_1_1_1_1_1_1_0_1_0_1_1_1_1_0_0_0_0_1_1_1_1_1_1_0_0_1_1_0_1_1_1_1_1_0_0_1_0,1,6.6666666666666675e-6,4.714045207910318e-6,0.30864197530864196,160.0
0_0_0_0_0_0_0_1_1_0_0_0_0_0_0_1_0_0_0_0_0_0_1_0_1_1_0_0_1_0_1_0_0_0_1_1_0_1,1,6.6666666666666675e-6,4.714045207910318e-6,0.3148148148148148,180.0
0_1_0_1_1_1_1_0_1_0_1_1_0_1_0_1_0_0_1_1_0_0_1_0_0_1_1_1_1_0_1_1_0_1_0_0_1_1,1,6.6666666666666675e-6,9.428090415820634e-6,0.2777777777777778,165.0
1_1_1_1_1_1_1_0_1_1_1_0_1_1_1_0_1_1_0_1_0_0_0_0_1_1_1_1_1_1_0_1_0_1_0_0_1_0,1,6.6666666666666675e-6,4.714045207910318e-6,0.30864197530864196,205.0
1_1_1_0_0_1_0_1_0_1_1_1_0_0_0_1_0_0_1_1_1_1_1_0_1_1_0_0_1_1_1_0_1_1_1_1_0_1,1,6.6666666666666675e-6,4.714045207910318e-6,0.3333333333333333,115.0
0_0_0_0_0_1_0_1_0_1_0_0_0_0_1_0_1_1_1_0_0_0_0_0_0_1_0_0_1_0_0_0_0_1_1_1_0_1,1,6.6666666666666675e-6,4.714045207910318e-6,0.2839506172839506,130.0
1_1_1_1_1_0_1_0_1_0_1_1_1_1_0_0_0_0_0_1_0_0_0_1_0_0_1_1_0_1_1_1_1_0_0_0_1_0,1,6.6666666666666675e-6,4.714045207910318e-6,0.3148148148148148,105.0
1_1_1_1_1_0_1_0_1_0_1_1_0_0_0_1_0_0_0_1_1_1_1_1_1_0_1_1_0_1_1_1_0_0_1_1_1_1,1,6.6666666666666675e-6,9.428090415820634e-6,0.30864197530864196,155.0
0_0_0_0_0_1_0_1_0_1_0_0_1_0_1_0_1_1_0_0_0_0_0_0_0_1_0_0_1_0_0_0_1_1_1_1_0_0,1,6.6666666666666675e-6,4.714045207910318e-6,0.32098765432098764,175.0
1_0_1_1_1_0_0_0_0_1_1_1_1_1_1_0_1_1_0_1_0_0_0_1_0_0_1_1_0_1_0_1_0_0_0_0_1_0,1,6.6666666666666675e-6,4.714045207910318e-6,0.2962962962962963,205.0
0_1_0_1_1_1_1_0_1_0_1_1_0_0_0_1_0_0_0_1_1_1_1_1_1_0_1_1_0_0_1_1_0_0_1_1_1_1,1,6.6666666666666675e-6,4.714045207910318e-6,0.2777777777777778,160.0
1_0_1_1_1_1_0_0_0_1_1_1_1_1_1_1_1_1_1_1_0_0_0_0_1_1_1_1_1_1_0_1_0_0_0_0_1_0,1,6.6666666666666675e-6,9.428090415820634e-6,0.25925925925925924,120.0
1_1_1_1_1_1_1_0_1_0_1_1_0_0_0_1_0_0_0_1_0_0_0_1_1_0_1_1_0_1_0_1_1_0_1_1_1_1,1,6.6666666666666675e-6,4.714045207910318e-6,0.30246913580246915,95.0
0_0_0_0_0_0_0_1_0_1_0_0_1_0_1_1_1_1_1_0_0_0_0_0_1_1_0_0_1_0_0_0_1_1_1_1_0_1,1,6.6666666666666675e-6,4.714045207910318e-6,0.32098765432098764,230.0
1_1_1_1_1_0_1_0_1_0_1_1_0_1_0_0_0_0_0_1_0_0_0_1_0_0_1_1_0_1_1_1_1_0_0_0_1_0,1,6.6666666666666675e-6,4.714045207910318e-6,0.32098765432098764,280.0
0_0_0_0_0_0_0_1_0_1_0_0_1_1_1_0_1_1_1_0_1_1_1_1_0_0_0_0_0_0_1_0_1_1_0_0_0_0,1,6.6666666666666675e-6,4.714045207910318e-6,0.30864197530864196,105.0
0_0_0_1_1_0_0_1_1_0_1_0_1_1_1_0_1_0_0_1_0_0_1_1_0_0_1_1_0_0_1_0_0_0_0_0_1_0,1,6.6666666666666675e-6,4.714045207910318e-6,0.3395061728395062,170.0
1_0_1_1_1_1_0_0_0_1_1_1_1_0_1_0_1_0_1_1_1_1_0_1_1_0_1_1_0_1_0_1_1_0_1_0_1_0,1,6.6666666666666675e-6,4.714045207910318e-6,0.35802469135802467,305.0
1_1_1_1_1_1_1_0_1_0_1_1_1_1_0_0_0_0_0_1_1_1_1_1_0_0_1_1_0_1_1_1_1_1_0_0_1_0,1,6.6666666666666675e-6,4.714045207910318e-6,0.30864197530864196,110.0
1_0_1_1_1_0_0_0_0_1_1_1_0_1_1_0_1_1_1_1_1_1_0_0_0_1_1_1_1_1_0_1_1_0_0_0_1_0,1,6.6666666666666675e-6,4.714045207910318e-6,0.30246913580246915,170.0
1_0_1_1_1_1_0_0_0_1_1_0_1_0_1_1_1_1_1_1_0_0_1_0_1_1_1_1_1_1_1_1_1_1_1_1_1_0,1,6.6666666666666675e-6,4.714045207910318e-6,0.3271604938271605,290.0
0_0_0_1_0_1_1_1_1_0_1_0_0_0_1_1_1_0_1_1_1_1_1_1_1_0_1_1_0_0_0_0_0_0_1_1_1_1,1,6.6666666666666675e-6,4.714045207910318e-6,0.3148148148148148,130.0
0_0_0_0_0_1_0_1_0_1_0_0_1_1_1_0_1_1_0_0_0_0_0_0_0_1_0_0_1_0_0_0_1_1_0_0_0_0,1,6.6666666666666675e-6,4.714045207910318e-6,0.30864197530864196,160.0
0_1_0_0_0_0_0_1_1_0_0_1_0_0_0_1_0_0_0_0_0_0_0_1_0_0_0_0_0_0_1_0_0_0_1_1_0_1,1,6.6666666666666675e-6,9.428090415820634e-6,0.30864197530864196,180.0
1_1_1_1_1_1_1_0_1_0_1_1_0_0_0_1_0_0_0_1_0_0_1_1_0_0_1_1_0_1_1_1_1_1_1_1_1_1,1,6.6666666666666675e-6,4.714045207910318e-6,0.2777777777777778,190.0
1_0_1_1_1_0_0_0_0_1_1_1_0_0_1_1_1_1_0_1_0_0_0_1_1_0_1_1_0_1_0_1_0_0_1_1_1_1,1,6.6666666666666675e-6,4.714045207910318e-6,0.3148148148148148,100.0
1_0_1_0_1_1_0_0_0_1_1_1_1_1_1_1_1_1_0_1_1_1_1_1_1_0_1_1_0_1_0_1_0_0_0_0_1_0,1,6.6666666666666675e-6,9.428090415820634e-6,0.2716049382716049,95.0
1_0_1_1_1_1_0_0_0_1_1_1_0_0_1_1_1_0_1_1_1_1_0_1_1_0_1_1_0_1_0_1_0_0_1_1_1_1,1,6.6666666666666675e-6,9.428090415820634e-6,0.3395061728395062,215.0
0_0_0_1_1_1_1_0_0_1_0_0_1_1_1_0_1_1_1_0_1_1_0_0_0_1_0_0_1_0_0_1_1_1_0_0_0_0,1,6.6666666666666675e-6,9.428090415820634e-6,0.3333333333333333,155.0
1_1_1_1_1_1_1_0_1_0_1_1_1_0_0_1_0_0_0_1_1_1_1_1_1_0_1_1_0_1_1_1_0_1_1_0_1_1,1,6.6666666666666675e-6,4.714045207910318e-6,0.30246913580246915,130.0
1_0_1_1_1_1_0_0_0_1_1_0_1_1_1_0_1_1_0_1_0_0_0_0_1_1_1_1_1_1_0_1_1_0_0_0_1_0,1,6.6666666666666675e-6,4.714045207910318e-6,0.30864197530864196,190.0
1_1_1_1_1_1_1_0_1_0_1_1_0_1_0_0_0_0_0_1_0_0_0_1_0_0_1_1_0_1_1_1_1_0_0_0_1_0,1,6.6666666666666675e-6,4.714045207910318e-6,0.30864197530864196,185.0
1_0_1_0_0_0_0_1_0_0_0_1_1_1_1_0_1_1_0_0_0_0_1_0_0_1_0_0_1_1_0_0_1_0_0_0_0_0,1,6.6666666666666675e-6,4.714045207910318e-6,0.30246913580246915,230.0
0_0_0_0_0_0_0_1_0_1_0_0_0_1_1_0_1_1_0_0_0_0_1_1_0_0_0_0_0_0_1_0_1_1_0_1_0_0,1,6.6666666666666675e-6,4.714045207910318e-6,0.3148148148148148,190.0
0_0_0_0_0_0_0_1_0_1_0_0_1_0_1_0_1_1_0_0_0_0_0_0_0_1_0_0_1_0_0_0_0_0_1_1_0_0,1,6.6666666666666675e-6,9.428090415820634e-6,0.30246913580246915,165.0
1_1_1_1_1_0_0_0_1_0_1_1_0_1_0_1_0_0_1_1_1_1_0_1_1_0_1_1_0_1_0_1_0_0_0_0_1_1,1,6.6666666666666675e-6,4.714045207910318e-6,0.3395061728395062,90.0
0_1_0_0_0_0_0_1_1_0_0_1_0_0_0_1_0_0_0_0_0_0_1_0_0_1_0_0_1_0_1_0_0_0_1_1_0_1,1,6.6666666666666675e-6,9.428090415820634e-6,0.32098765432098764,115.0
0_0_0_0_0_1_0_1_0_1_0_0_1_0_1_0_1_1_0_0_0_0_0_0_1_1_0_0_1_0_0_0_1_1_1_1_0_0,1,6.6666666666666675e-6,4.714045207910318e-6,0.3271604938271605,130.0
0_1_0_0_0_0_0_1_1_0_0_0_0_0_0_1_0_0_1_0_1_1_1_0_1_1_0_0_1_0_1_0_0_1_1_1_0_1,1,6.6666666666666675e-6,4.714045207910318e-6,0.30246913580246915,155.0
0_1_0_0_0_1_1_1_1_0_0_0_0_0_0_1_0_0_1_0_0_0_1_0_0_1_0_0_1_0_1_0_0_1_1_1_0_1,1,6.6666666666666675e-6,4.714045207910318e-6,0.30864197530864196,155.0
1_1_1_1_1_0_0_0_1_0_1_1_1_0_0_1_0_0_1_1_1_1_0_0_1_1_1_1_1_1_1_1_0_0_1_0_1_1,1,6.6666666666666675e-6,9.428090415820634e-6,0.3148148148148148,110.0
0_0_0_0_0_1_1_1_0_1_0_0_1_1_1_0_1_1_1_0_1_1_0_0_0_1_0_0_1_0_0_0_1_1_0_0_0_0,1,6.6666666666666675e-6,9.428090415820634e-6,0.2962962962962963,190.0
0_0_0_1_1_0_0_0_0_1_0_0_1_1_1_0_1_1_0_0_0_0_0_1_1_0_0_0_0_0_0_1_1_1_0_0_0_0,1,6.6666666666666675e-6,9.428090415820634e-6,0.32098765432098764,195.0
0_1_0_0_0_1_1_1_1_0_0_0_1_1_0_0_0_0_1_0_1_1_1_0_0_1_0_0_1_0_1_0_1_1_0_0_0_0,1,6.6666666666666675e-6,4.714045207910318e-6,0.3148148148148148,170.0
1_0_1_0_0_1_0_1_0_1_0_0_1_0_1_1_1_1_1_0_0_0_1_0_1_1_0_0_1_1_1_0_1_1_1_1_0_1,1,6.6666666666666675e-6,4.714045207910318e-6,0.3148148148148148,220.0
0_1_0_0_0_0_1_1_1_0_0_0_0_0_0_1_0_0_0_0_1_1_1_1_0_0_0_0_0_0_1_0_0_1_1_1_0_1,1,6.6666666666666675e-6,9.428090415820634e-6,0.30864197530864196,135.0
0_0_0_0_0_1_0_1_0_1_0_0_1_1_1_0_1_1_1_0_1_1_1_0_1_1_0_0_1_0_0_0_1_1_0_0_0_0,1,6.6666666666666675e-6,4.714045207910318e-6,0.29012345679012347,110.0
0_1_0_1_1_0_1_0_1_0_1_1_0_1_0_0_0_0_0_1_1_1_0_1_0_0_1_1_0_0_0_1_0_0_0_0_1_0,1,6.6666666666666675e-6,4.714045207910318e-6,0.3148148148148148,205.0
1_1_1_1_1_1_1_0_0_1_1_1_0_1_0_0_0_0_0_1_0_0_0_0_1_1_1_1_1_1_1_1_1_1_0_0_1_0,1,6.6666666666666675e-6,4.714045207910318e-6,0.3148148148148148,145.0
0_0_0_0_0_0_0_1_0_0_0_1_1_1_0_0_0_1_1_0_0_0_1_0_0_1_0_0_1_0_1_0_1_0_0_0_0_0,1,6.6666666666666675e-6,4.714045207910318e-6,0.3271604938271605,155.0
1_0_1_1_1_1_0_0_0_1_1_1_1_1_1_1_1_1_1_1_1_1_0_1_1_0_1_1_0_1_0_1_0_0_0_0_1_0,1,6.6666666666666675e-6,9.428090415820634e-6,0.25925925925925924,95.0
0_1_0_0_0_0_1_1_1_0_0_1_0_0_0_1_0_0_1_0_1_1_0_1_0_0_0_0_0_0_0_0_0_0_1_1_0_1,1,6.6666666666666675e-6,9.428090415820634e-6,0.3271604938271605,240.0
0_0_0_0_0_1_1_1_0_1_0_0_0_1_1_0_1_1_0_0_0_0_0_1_0_0_0_0_0_0_0_0_1_1_0_1_0_0,1,6.6666666666666675e-6,4.714045207910318e-6,0.32098765432098764,135.0
1_0_1_1_1_1_1_0_0_1_1_1_0_0_1_1_1_0_0_1_0_0_0_1_1_0_1_1_0_1_0_1_1_0_1_1_1_1,1,6.6666666666666675e-6,4.714045207910318e-6,0.3271604938271605,90.0
0_0_0_0_0_0_0_1_1_0_0_0_0_1_1_1_1_1_1_0_1_1_0_1_0_0_0_0_0_0_0_0_0_0_0_1_0_1,1,6.6666666666666675e-6,9.428090415820634e-6,0.3333333333333333,175.0
1_1_1_1_1_1_1_0_1_1_1_0_1_0_0_0_0_0_0_1_0_0_0_0_1_1_1_1_1_1_1_1_0_1_1_0_1_0,1,6.6666666666666675e-6,4.714045207910318e-6,0.3271604938271605,120.0
1_1_1_0_0_0_1_1_1_0_0_1_0_1_1_1_1_0_0_0_0_0_0_1_1_0_0_0_0_1_0_0_1_1_0_0_0_1,1,6.6666666666666675e-6,4.714045207910318e-6,0.36419753086419754,170.0
1_0_1_1_1_1_1_0_0_1_1_0_1_0_1_1_1_1_0_1_1_1_0_1_1_0_1_1_0_1_0_1_1_1_1_1_1_0,1,6.6666666666666675e-6,4.714045207910318e-6,0.32098765432098764,100.0
0_0_0_0_0_0_0_1_0_1_0_0_1_0_1_1_1_1_1_0_1_1_1_0_1_1_0_0_1_0_0_0_0_1_1_1_0_1,1,6.6666666666666675e-6,9.428090415820634e-6,0.30864197530864196,90.0
0_1_0_0_0_1_1_1_1_0_0_1_0_1_0_0_0_0_1_0_1_1_1_1_0_0_0_0_0_0_1_0_0_1_0_0_0_1,1,6.6666666666666675e-6,4.714045207910318e-6,0.30864197530864196,95.0
0_0_0_1_1_0_0_0_0_1_0_0_1_1_1_0_1_1_0_0_0_0_0_0_0_1_0_0_1_0_0_1_1_1_0_0_0_0,1,6.6666666666666675e-6,4.714045207910318e-6,0.3333333333333333,165.0
1_1_1_1_1_0_1_0_1_0_1_1_0_1_0_1_0_0_1_1_0_0_0_0_0_1_1_1_1_1_1_1_0_0_0_0_1_1,1,6.6666666666666675e-6,4.714045207910318e-6,0.32098765432098764,160.0
0_0_0_0_0_1_1_1_0_1_0_0_1_1_1_0_1_1_0_0_1_1_0_1_1_0_0_0_0_0_0_0_1_1_0_0_0_0,1,6.6666666666666675e-6,4.714045207910318e-6,0.32098765432098764,130.0
1_1_1_1_1_1_1_0_1_0_1_1_0_1_0_1_0_0_1_1_1_1_0_1_1_0_1_1_0_1_1_1_0_0_0_0_1_1,1,6.6666666666666675e-6,9.428090415820634e-6,0.30246913580246915,125.0
0_0_0_0_0_1_0_1_0_1_0_0_0_0_1_0_1_1_0_0_1_1_0_1_0_0_0_0_0_0_0_0_0_1_1_1_0_1,1,6.6666666666666675e-6,4.714045207910318e-6,0.2839506172839506,205.0
0_0_0_1_1_0_0_0_0_1_0_0_0_1_1_0_1_1_0_0_1_1_0_1_0_0_0_0_0_0_0_1_1_1_0_1_0_0,1,6.6666666666666675e-6,4.714045207910318e-6,0.35802469135802467,70.0
1_0_1_1_1_0_0_0_0_1_1_1_0_1_1_0_1_1_1_1_1_1_0_1_1_0_1_1_0_1_0_1_1_0_0_0_1_0,1,6.6666666666666675e-6,4.714045207910318e-6,0.3271604938271605,145.0
0_0_0_0_0_1_1_1_0_1_0_0_1_0_1_1_1_1_1_0_1_1_0_1_1_0_0_0_0_0_0_0_1_1_1_1_0_1,1,6.6666666666666675e-6,4.714045207910318e-6,0.3395061728395062,150.0
1_1_1_1_1_0_1_0_1_0_1_1_0_1_0_0_0_0_1_1_1_1_0_0_0_1_1_1_1_1_1_1_1_0_0_0_1_0,1,6.6666666666666675e-6,9.428090415820634e-6,0.32098765432098764,80.0
0_0_0_0_0_0_0_1_0_0_0_1_1_0_0_1_0_1_0_0_1_1_1_1_1_0_0_0_0_0_1_0_1_0_1_1_0_1,1,6.6666666666666675e-6,4.714045207910318e-6,0.3271604938271605,295.0
1_0_1_0_1_1_0_0_0_1_1_1_0_0_1_1_1_1_0_1_0_0_1_1_1_0_1_1_0_1_0_1_1_0_1_1_1_1,1,6.6666666666666675e-6,4.714045207910318e-6,0.3271604938271605,105.0
1_0_1_1_1_1_0_0_0_1_1_1_1_1_1_0_1_1_0_1_0_0_0_1_1_0_1_1_0_1_0_1_0_0_0_0_1_0,1,6.6666666666666675e-6,4.714045207910318e-6,0.29012345679012347,105.0
0_0_0_0_0_1_1_1_0_1_0_0_1_0_1_1_1_1_1_0_1_1_1_1_1_0_0_0_0_0_1_0_1_1_1_1_0_1,1,6.6666666666666675e-6,4.714045207910318e-6,0.35185185185185186,170.0
0_0_0_1_1_0_1_0_1_0_0_0_1_1_1_0_1_1_0_0_0_0_0_1_0_0_1_1_0_0_0_1_0_0_0_0_1_0,1,6.6666666666666675e-6,4.714045207910318e-6,0.3333333333333333,150.0
1_1_1_1_1_1_1_0_1_0_1_1_1_0_0_1_0_0_0_1_0_0_1_0_1_1_1_1_1_1_1_1_0_1_1_0_1_1,1,6.6666666666666675e-6,4.714045207910318e-6,0.30246913580246915,115.0
0_1_0_0_0_0_1_1_1_0_0_1_0_1_0_0_0_0_0_0_0_0_0_0_0_1_0_0_1_0_0_0_0_0_0_0_0_1,1,6.6666666666666675e-6,4.714045207910318e-6,0.3271604938271605,110.0
0_1_0_1_1_1_1_0_1_0_1_1_0_0_0_1_0_0_0_1_0_0_0_0_0_1_1_1_1_0_1_1_0_1_1_1_1_1,1,6.6666666666666675e-6,9.428090415820634e-6,0.25925925925925924,90.0
0_0_0_0_0_1_0_1_0_1_0_0_1_0_1_1_1_1_1_0_1_1_1_0_1_1_0_0_1_0_1_0_0_1_1_1_0_1,1,6.6666666666666675e-6,4.714045207910318e-6,0.3395061728395062,145.0
0_1_0_0_0_0_1_1_1_0_0_0_1_1_0_0_0_1_0_0_0_0_1_1_0_0_0_0_0_0_1_0_0_1_0_0_0_0,1,6.6666666666666675e-6,4.714045207910318e-6,0.32098765432098764,180.0
0_1_0_1_0_1_1_1_1_0_0_0_1_0_0_1_0_0_0_0_0_0_0_1_1_0_0_0_0_0_1_0_1_1_1_1_0_1,1,6.6666666666666675e-6,4.714045207910318e-6,0.3148148148148148,115.0
0_1_0_1_0_1_1_1_1_0_0_0_0_0_0_0_0_0_1_0_1_1_0_1_0_0_0_0_0_0_1_0_1_1_1_1_0_1,1,6.6666666666666675e-6,9.428090415820634e-6,0.2716049382716049,125.0
0_0_0_0_0_1_1_1_0_1_0_0_1_0_1_0_1_1_1_0_1_1_0_0_0_1_0_0_1_0_0_0_1_1_1_1_0_0,1,6.6666666666666675e-6,9.428090415820634e-6,0.30864197530864196,185.0
1_1_1_1_1_1_1_0_1_0_1_1_0_0_0_1_0_0_0_1_1_1_0_1_0_0_1_1_0_1_1_1_0_1_1_1_1_1,1,6.6666666666666675e-6,4.714045207910318e-6,0.2777777777777778,100.0
0_1_0_1_1_1_1_0_1_0_1_1_0_1_0_0_0_0_0_1_1_1_0_1_0_0_1_1_0_0_0_1_0_0_0_0_1_0,1,6.6666666666666675e-6,4.714045207910318e-6,0.30246913580246915,130.0
0_0_0_0_0_1_1_1_0_1_0_0_0_0_1_1_1_1_1_0_0_0_0_0_1_1_0_0_1_0_0_0_1_1_1_1_0_1,1,6.6666666666666675e-6,4.714045207910318e-6,0.3333333333333333,180.0
0_1_0_0_0_1_1_1_1_0_0_0_0_1_0_1_0_0_0_0_0_0_1_1_0_0_0_0_0_0_1_0_0_1_0_1_0_1,1,6.6666666666666675e-6,4.714045207910318e-6,0.3333333333333333,185.0
1_1_1_0_0_1_0_0_0_1_0_1_0_0_0_1_0_1_1_0_1_1_0_1_1_0_0_0_0_1_0_1_1_1_1_1_0_1,1,6.6666666666666675e-6,4.714045207910318e-6,0.35185185185185186,165.0
1_1_1_0_0_1_1_1_1_0_1_1_1_0_0_1_0_0_1_1_1_1_0_0_1_1_0_0_1_1_0_0_1_0_1_0_0_1,1,6.6666666666666675e-6,9.428090415820634e-6,0.37037037037037035,130.0
1_1_1_0_1_0_0_0_0_1_0_1_1_1_0_0_0_1_1_0_0_0_0_0_0_1_0_0_1_1_1_1_1_1_0_0_0_0,1,6.6666666666666675e-6,4.714045207910318e-6,0.3148148148148148,100.0
0_1_0_1_1_1_1_0_1_0_1_1_0_0_0_1_0_0_1_1_1_1_0_1_1_0_1_1_0_0_1_1_0_0_1_1_1_1,1,6.6666666666666675e-6,9.428090415820634e-6,0.2716049382716049,255.0
1_0_1_1_1_0_0_0_0_1_1_1_1_0_1_0_1_1_1_1_1_1_0_0_1_1_1_1_1_1_0_1_1_0_1_0_1_0,1,6.6666666666666675e-6,9.428090415820634e-6,0.3333333333333333,100.0
0_1_0_1_0_1_1_1_1_0_0_0_1_1_0_0_0_0_1_0_1_1_0_0_0_1_0_0_1_0_1_0_1_1_0_0_0_0,1,6.6666666666666675e-6,4.714045207910318e-6,0.3271604938271605,130.0
1_0_1_1_1_0_0_0_0_1_1_0_1_0_1_1_1_1_1_1_1_1_0_0_1_1_1_1_1_1_0_1_1_0_1_1_1_0,1,6.6666666666666675e-6,4.714045207910318e-6,0.29012345679012347,115.0
0_0_0_0_0_0_0_1_0_1_0_0_0_0_1_1_1_1_1_0_0_0_1_0_1_1_0_0_1_0_1_0_0_1_1_1_0_1,1,6.6666666666666675e-6,4.714045207910318e-6,0.3395061728395062,145.0
1_1_1_1_1_1_1_0_1_1_1_0_0_1_1_0_1_0_0_1_0_0_0_0_0_1_1_1_1_1_0_1_0_1_0_0_1_0,1,6.6666666666666675e-6,4.714045207910318e-6,0.3271604938271605,100.0
0_1_0_0_0_0_1_1_1_0_0_1_0_0_0_1_0_0_1_0_0_0_0_0_0_1_0_0_1_0_0_0_0_0_1_1_0_1,1,6.6666666666666675e-6,4.714045207910318e-6,0.3271604938271605,240.0
1_1_1_1_1_1_1_0_1_0_1_1_0_1_0_1_0_0_0_1_0_0_0_1_0_0_1_1_0_1_0_1_1_0_0_0_1_1,1,6.6666666666666675e-6,4.714045207910318e-6,0.32098765432098764,115.0
1_0_1_0_1_0_0_0_0_1_1_1_1_1_1_1_1_1_0_1_0_0_1_0_1_1_1_1_1_1_0_1_0_0_0_0_1_0,1,6.6666666666666675e-6,4.714045207910318e-6,0.2716049382716049,160.0
0_0_0_0_0_1_0_1_0_1_0_0_1_0_1_1_1_1_1_0_1_1_1_1_1_0_0_0_0_0_0_0_1_1_1_1_0_1,1,6.6666666666666675e-6,9.428090415820634e-6,0.3271604938271605,195.0
0_0_0_0_0_1_0_1_0_1_0_0_1_0_1_0_1_1_1_0_0_0_1_0_1_1_0_0_1_0_0_0_1_1_1_1_0_0,1,6.6666666666666675e-6,4.714045207910318e-6,0.32098765432098764,230.0
0_1_0_0_0_0_1_1_1_0_0_1_0_0_0_1_0_0_1_0_0_0_1_0_0_1_0_0_1_0_1_0_0_0_1_1_0_1,1,6.6666666666666675e-6,4.714045207910318e-6,0.3148148148148148,110.0
1_0_1_0_0_0_0_1_0_1_0_0_1_1_1_0_1_1_0_0_0_0_1_0_1_1_0_0_1_1_0_0_1_1_0_0_0_0,1,6.6666666666666675e-6,4.714045207910318e-6,0.2777777777777778,80.0
0_0_0_0_0_0_1_1_1_0_0_1_0_0_1_1_1_0_0_0_0_0_0_1_1_0_0_0_0_0_0_0_0_0_1_1_0_1,1,6.6666666666666675e-6,4.714045207910318e-6,0.3271604938271605,240.0
0_1_0_1_1_0_0_0_0_1_0_0_1_1_0_0_0_1_0_0_0_0_0_1_1_0_0_0_0_0_1_1_1_1_0_0_0_0,1,6.6666666666666675e-6,4.714045207910318e-6,0.3271604938271605,125.0
0_0_0_0_0_0_0_1_0_1_0_0_1_0_1_0_1_1_1_0_1_1_1_0_1_1_0_0_1_0_0_0_0_1_1_1_0_0,1,6.6666666666666675e-6,9.428090415820634e-6,0.30246913580246915,245.0
0_1_0_1_1_1_1_0_1_1_1_0_0_1_1_0_1_0_0_1_1_1_0_1_0_0_1_1_0_0_0_1_0_1_0_0_1_0,1,6.6666666666666675e-6,4.714045207910318e-6,0.30864197530864196,145.0
0_0_0_1_1_1_0_0_0_1_1_0_1_0_1_0_1_1_1_1_1_1_0_0_1_1_1_1_1_0_0_1_0_0_1_1_1_0,1,6.6666666666666675e-6,4.714045207910318e-6,0.3333333333333333,110.0
1_1_1_1_1_0_1_0_1_0_1_1_0_1_0_1_0_0_0_1_1_1_1_1_1_0_1_1_0_1_1_1_1_0_0_0_1_1,1,6.6666666666666675e-6,9.428090415820634e-6,0.3333333333333333,100.0
1_1_1_1_1_1_1_0_1_1_1_0_0_0_0_1_0_0_1_1_0_0_1_0_1_1_1_1_1_1_1_1_0_1_1_1_1_1,1,6.6666666666666675e-6,4.714045207910318e-6,0.3148148148148148,175.0
1_1_1_1_1_1_1_0_0_1_1_1_1_1_1_0_1_0_1_1_0_0_0_0_0_1_1_1_1_1_0_1_1_1_0_0_1_0,1,6.6666666666666675e-6,4.714045207910318e-6,0.32098765432098764,165.0
1_0_1_0_0_0_0_1_0_1_0_0_1_0_1_1_1_1_0_0_0_0_1_0_1_1_0_0_1_1_0_0_1_1_1_1_0_1,1,6.6666666666666675e-6,4.714045207910318e-6,0.2839506172839506,145.0
0_1_0_0_0_0_1_1_1_0_0_1_0_0_0_1_0_0_1_0_1_1_1_1_0_0_0_0_0_0_1_0_0_0_1_1_0_1,1,6.6666666666666675e-6,9.428090415820634e-6,0.3148148148148148,405.0
0_0_0_0_0_0_0_1_1_0_0_0_1_0_1_1_1_1_0_0_0_0_0_0_0_1_0_0_1_0_0_0_0_0_1_1_0_1,1,6.6666666666666675e-6,9.428090415820634e-6,0.32098765432098764,230.0
0_0_0_0_0_1_0_1_0_1_0_0_0_0_1_0_1_1_0_0_1_1_1_1_0_0_0_0_0_0_0_0_0_1_1_1_0_1,1,6.6666666666666675e-6,4.714045207910318e-6,0.2777777777777778,110.0
1_1_1_1_1_1_1_0_0_1_1_1_0_1_1_0_1_0_1_1_0_0_0_0_0_1_1_1_1_1_0_1_1_1_0_0_1_0,1,6.6666666666666675e-6,4.714045207910318e-6,0.3271604938271605,160.0
0_0_0_0_0_0_0_1_0_1_0_0_1_1_1_0_1_1_0_0_1_1_1_1_1_0_0_0_0_0_0_0_1_1_0_0_0_0,1,6.6666666666666675e-6,4.714045207910318e-6,0.2962962962962963,165.0
1_0_1_0_0_1_0_1_0_1_0_0_1_1_1_0_1_1_0_0_1_1_0_1_1_0_0_0_0_1_0_0_1_1_0_0_0_0,1,6.6666666666666675e-6,9.428090415820634e-6,0.2962962962962963,145.0
1_1_1_1_1_0_0_0_1_0_1_1_0_0_0_1_0_0_1_1_0_0_1_0_1_1_1_1_1_1_1_1_0_0_1_1_1_1,1,6.6666666666666675e-6,9.428090415820634e-6,0.3148148148148148,135.0
0_1_0_0_0_0_1_1_1_0_0_1_0_0_0_1_0_0_1_0_1_1_0_0_1_1_0_0_1_0_1_0_0_1_1_1_0_1,1,6.6666666666666675e-6,4.714045207910318e-6,0.30246913580246915,175.0
0_0_0_0_0_0_0_1_0_0_0_1_0_0_0_1_0_1_0_0_1_1_1_1_0_0_0_0_0_0_1_0_1_0_1_1_0_1,1,6.6666666666666675e-6,4.714045207910318e-6,0.3148148148148148,60.0
0_0_0_0_0_0_0_1_0_0_0_1_0_0_0_1_0_1_1_0_1_1_1_1_0_0_0_0_0_0_1_0_1_0_1_1_0_1,1,6.6666666666666675e-6,4.714045207910318e-6,0.3148148148148148,115.0
1_0_1_0_1_1_0_0_0_1_1_1_1_1_1_0_1_1_1_1_1_1_1_0_0_1_1_1_1_1_0_1_0_0_0_0_1_0,1,6.6666666666666675e-6,4.714045207910318e-6,0.30864197530864196,145.0
1_1_1_1_1_0_1_0_1_0_1_1_0_1_0_1_0_0_0_1_1_1_1_1_1_0_1_1_0_1_1_1_0_0_0_0_1_1,1,6.6666666666666675e-6,4.714045207910318e-6,0.32098765432098764,175.0
0_0_0_0_0_1_0_1_0_1_0_0_1_1_1_0_1_1_1_0_1_1_1_1_0_0_0_0_0_0_1_0_1_1_0_0_0_0,1,6.6666666666666675e-6,4.714045207910318e-6,0.32098765432098764,110.0
1_1_1_1_1_0_1_0_1_0_1_1_0_0_0_1_0_0_1_1_1_1_0_0_1_1_1_1_1_1_0_1_1_0_1_1_1_1,1,6.6666666666666675e-6,4.714045207910318e-6,0.3148148148148148,235.0
1_0_1_1_1_1_1_0_1_1_1_0_0_0_1_1_1_0_0_1_0_0_1_1_1_0_1_1_0_1_0_1_0_0_1_1_1_1,1,6.6666666666666675e-6,4.714045207910318e-6,0.3333333333333333,170.0
0_1_0_1_1_1_1_0_1_1_1_0_0_1_1_0_1_0_0_1_0_0_0_0_0_1_1_1_1_0_0_1_0_1_0_0_1_0,1,6.6666666666666675e-6,4.714045207910318e-6,0.30864197530864196,130.0
1_0_1_0_0_0_0_1_0_0_0_1_0_0_0_1_0_1_0_0_1_1_1_1_1_0_0_0_0_1_1_0_1_0_1_1_0_1,1,6.6666666666666675e-6,4.714045207910318e-6,0.29012345679012347,240.0
1_1_1_1_1_1_1_0_1_0_1_1_0_0_0_1_0_0_1_1_0_0_1_0_0_1_1_1_1_1_1_1_0_1_1_1_1_1,1,6.6666666666666675e-6,9.428090415820634e-6,0.2839506172839506,125.0
0_0_0_0_0_0_0_1_0_1_0_0_1_1_1_0_1_1_0_0_0_0_1_1_1_0_0_0_0_0_0_0_0_1_0_0_0_0,1,6.6666666666666675e-6,4.714045207910318e-6,0.29012345679012347,120.0
1_1_1_0_0_1_1_1_0_1_1_1_0_0_0_1_0_0_1_1_1_1_1_0_1_1_0_0_1_1_1_0_1_1_1_1_0_1,1,6.6666666666666675e-6,4.714045207910318e-6,0.3395061728395062,170.0
0_1_0_0_0_0_1_1_1_0_0_1_0_0_0_1_0_0_1_0_1_1_0_0_1_1_0_0_1_0_1_0_0_0_1_1_0_1,1,6.6666666666666675e-6,9.428090415820634e-6,0.30864197530864196,170.0
1_0_1_1_1_1_1_0_0_1_1_1_1_1_1_1_1_1_1_1_1_1_0_1_1_0_1_1_0_1_0_1_1_0_0_0_1_0,1,6.6666666666666675e-6,4.714045207910318e-6,0.2654320987654321,110.0
1_0_1_1_1_1_1_0_0_1_1_0_1_1_1_0_1_1_1_1_1_1_1_0_1_1_1_1_1_1_0_1_1_1_0_0_1_0,1,6.6666666666666675e-6,4.714045207910318e-6,0.30864197530864196,200.0
0_1_0_0_0_0_1_1_1_0_0_0_0_0_0_1_0_0_1_0_1_1_1_0_0_1_0_0_1_0_1_0_0_1_1_1_0_1,1,6.6666666666666675e-6,4.714045207910318e-6,0.29012345679012347,135.0
0_0_0_0_0_1_0_1_0_1_0_0_1_1_1_0_1_1_0_0_1_1_0_1_1_0_0_0_0_0_0_0_1_1_0_0_0_0,1,6.6666666666666675e-6,4.714045207910318e-6,0.3148148148148148,95.0
1_1_1_1_1_0_1_0_1_0_1_1_0_1_0_1_0_0_1_1_0_0_1_0_1_1_1_1_1_1_1_1_0_0_0_0_1_1,1,6.6666666666666675e-6,4.714045207910318e-6,0.32098765432098764,145.0
1_1_1_1_1_0_1_0_1_0_1_1_1_0_0_1_0_0_1_1_1_1_1_0_1_1_1_1_1_1_1_1_1_0_1_0_1_1,1,6.6666666666666675e-6,9.428090415820634e-6,0.3271604938271605,100.0
0_0_0_0_0_0_0_1_1_0_0_0_1_0_0_1_0_0_1_0_1_1_1_1_0_0_0_0_0_0_1_0_0_0_1_1_0_1,1,6.6666666666666675e-6,4.714045207910318e-6,0.3271604938271605,190.0
1_1_1_0_0_1_1_1_1_0_1_1_1_0_0_1_0_0_0_1_0_0_1_0_1_1_1_1_1_1_1_0_0_0_1_0_1_1,1,6.6666666666666675e-6,4.714045207910318e-6,0.35802469135802467,150.0
0_1_0_0_0_0_0_1_1_0_0_0_1_1_0_0_0_0_0_0_0_0_1_1_0_0_0_0_0_0_1_0_0_1_0_0_0_0,1,6.6666666666666675e-6,4.714045207910318e-6,0.32098765432098764,165.0
1_0_1_0_0_0_0_1_0_0_0_1_0_0_0_1_0_1_0_0_0_0_1_0_1_1_0_0_1_1_1_0_1_0_1_1_0_1,1,6.6666666666666675e-6,4.714045207910318e-6,0.29012345679012347,225.0
0_1_0_1_0_1_1_1_1_0_0_0_0_0_0_1_0_0_0_0_0_0_0_1_1_0_0_0_0_0_1_0_0_1_1_1_0_1,1,6.6666666666666675e-6,9.428090415820634e-6,0.30864197530864196,70.0
0_0_0_1_1_0_1_0_1_0_0_0_1_1_0_0_0_1_1_0_1_1_0_0_0_1_1_0_1_0_0_1_0_0_0_0_1_0,1,6.6666666666666675e-6,4.714045207910318e-6,0.345679012345679,160.0
1_0_1_0_0_0_0_1_0_0_0_1_1_0_1_1_1_1_1_0_1_1_0_1_1_0_0_0_0_1_0_0_1_0_1_1_0_1,1,6.6666666666666675e-6,9.428090415820634e-6,0.2962962962962963,230.0
0_0_0_0_0_1_1_1_0_1_0_0_1_1_1_0_1_1_0_0_0_0_0_1_1_0_0_0_0_0_0_0_1_1_0_0_0_0,1,6.6666666666666675e-6,4.714045207910318e-6,0.30246913580246915,125.0
1_1_1_0_0_1_1_1_1_0_1_1_0_0_0_1_0_0_0_1_0_0_1_1_1_0_0_0_0_1_1_0_1_0_1_1_0_1,1,6.6666666666666675e-6,4.714045207910318e-6,0.3333333333333333,150.0
0_0_0_0_0_1_0_1_0_1_0_0_0_1_1_0_1_1_1_0_1_1_1_0_0_1_0_0_1_0_1_0_0_1_0_1_0_0,1,6.6666666666666675e-6,4.714045207910318e-6,0.3395061728395062,95.0
1_0_1_1_1_1_0_0_0_1_1_1_1_1_1_0_1_1_1_1_1_1_0_0_1_1_1_1_1_1_0_1_1_0_0_0_1_0,1,6.6666666666666675e-6,4.714045207910318e-6,0.29012345679012347,105.0
0_0_0_0_0_1_1_1_0_1_0_0_1_1_1_0_1_1_0_0_0_0_1_1_1_0_0_0_0_0_1_0_1_1_0_0_0_0,1,6.6666666666666675e-6,4.714045207910318e-6,0.3148148148148148,80.0
1_1_1_1_1_0_1_0_1_0_1_1_0_1_0_0_0_0_1_1_0_0_1_0_0_1_1_1_1_1_1_1_0_0_0_0_1_0,1,6.6666666666666675e-6,4.714045207910318e-6,0.3333333333333333,175.0
0_1_0_0_0_0_0_1_0_0_0_1_0_0_0_1_0_0_1_0_0_0_1_0_0_1_0_0_1_0_1_0_1_1_1_1_0_1,1,6.6666666666666675e-6,9.428090415820634e-6,0.3148148148148148,160.0
0_0_0_0_0_1_0_1_0_1_0_0_1_1_1_0_1_1_0_0_1_1_1_1_1_0_0_0_0_0_1_0_1_1_0_0_0_0,1,6.6666666666666675e-6,4.714045207910318e-6,0.3271604938271605,135.0
1_1_1_1_1_1_1_0_1_0_1_1_0_1_0_1_0_0_0_1_1_1_0_1_1_0_1_1_0_1_1_1_1_1_0_0_1_1,1,6.6666666666666675e-6,4.714045207910318e-6,0.2962962962962963,105.0
0_0_0_0_0_1_0_1_0_1_0_0_1_0_1_1_1_1_0_0_1_1_0_1_1_0_0_0_0_0_0_0_1_1_1_1_0_1,1,6.6666666666666675e-6,9.428090415820634e-6,0.3333333333333333,100.0
1_0_1_1_1_1_1_0_0_1_1_0_1_0_1_1_1_1_0_1_0_0_1_1_1_0_1_1_0_1_0_1_1_1_1_1_1_0,1,6.6666666666666675e-6,4.714045207910318e-6,0.30864197530864196,220.0
1_1_1_1_1_0_1_0_1_0_1_1_1_1_0_1_0_0_1_1_1_1_1_1_1_0_1_1_0_1_1_1_1_0_0_0_1_0,1,6.6666666666666675e-6,4.714045207910318e-6,0.2839506172839506,130.0
1_0_1_0_1_1_0_0_0_1_1_1_1_0_1_0_1_1_0_1_0_0_1_1_1_0_1_1_0_1_0_1_1_0_1_0_1_0,1,6.6666666666666675e-6,4.714045207910318e-6,0.345679012345679,135.0
1_1_1_1_1_0_1_0_1_0_1_1_0_1_0_0_0_0_0_1_1_1_1_1_0_0_1_1_0_1_1_1_0_0_0_0_1_0,1,6.6666666666666675e-6,4.714045207910318e-6,0.3333333333333333,150.0
1_1_1_1_1_1_1_0_0_1_1_0_1_0_0_1_0_1_1_1_1_1_1_0_1_1_1_1_1_1_1_1_1_1_1_1_1_0,1,6.6666666666666675e-6,9.428090415820634e-6,0.3271604938271605,90.0
0_0_0_0_0_0_0_1_0_1_0_0_1_1_1_0_1_1_0_0_1_1_1_1_1_0_0_0_0_0_0_0_1_0_0_0_0_0,1,6.6666666666666675e-6,4.714045207910318e-6,0.2777777777777778,135.0
0_1_0_0_0_1_1_1_1_0_0_1_0_1_0_0_0_0_1_0_1_1_0_0_0_1_0_0_1_0_1_0_0_1_0_0_0_1,1,6.6666666666666675e-6,4.714045207910318e-6,0.2962962962962963,85.0
0_1_0_0_0_0_1_1_1_0_0_1_0_0_0_1_0_0_1_0_0_0_1_0_1_1_0_0_1_0_1_0_0_0_1_1_0_1,1,6.6666666666666675e-6,4.714045207910318e-6,0.32098765432098764,285.0
0_0_0_0_0_0_0_1_1_0_0_0_1_0_0_1_0_1_1_0_0_0_1_0_1_1_0_0_1_0_1_0_0_0_1_1_0_1,1,6.6666666666666675e-6,4.714045207910318e-6,0.3271604938271605,260.0
1_1_1_1_1_0_1_0_1_0_1_1_1_0_0_1_0_0_1_1_1_1_0_1_1_0_1_1_0_1_1_1_0_0_1_0_1_1,1,6.6666666666666675e-6,4.714045207910318e-6,0.3271604938271605,125.0
0_0_0_0_0_0_1_1_1_0_0_1_0_0_1_1_1_0_1_0_0_0_0_0_0_1_0_0_1_0_0_0_0_0_1_1_0_1,1,6.6666666666666675e-6,4.714045207910318e-6,0.3395061728395062,180.0
0_0_0_0_0_0_0_1_0_1_0_0_0_1_1_0_1_1_0_0_1_1_0_1_0_0_0_0_0_0_0_0_1_0_0_1_0_0,1,6.6666666666666675e-6,9.428090415820634e-6,0.30246913580246915,95.0
0_0_0_0_0_0_0_1_0_1_0_0_1_0_1_0_1_1_0_0_1_1_1_1_0_0_0_0_0_0_0_0_1_0_1_1_0_0,1,6.6666666666666675e-6,4.714045207910318e-6,0.2839506172839506,110.0
0_0_0_0_0_0_0_1_0_1_0_0_0_1_1_0_1_1_1_0_1_1_0_0_0_1_0_0_1_0_0_0_1_1_0_1_0_0,1,6.6666666666666675e-6,4.714045207910318e-6,0.30246913580246915,160.0
0_0_0_0_0_0_0_1_0_1_0_0_1_1_1_0_1_1_1_0_0_0_1_0_0_1_0_0_1_0_0_0_0_0_0_0_0_0,1,6.6666666666666675e-6,9.428090415820634e-6,0.2839506172839506,140.0
0_1_0_0_0_1_1_1_1_0_0_0_1_0_0_1_0_0_1_0_1_1_1_0_0_1_0_0_1_0_1_0_0_1_1_1_0_1,1,6.6666666666666675e-6,4.714045207910318e-6,0.30864197530864196,120.0
1_1_1_1_1_0_1_0_1_0_1_1_1_1_0_1_0_0_1_1_1_1_0_1_1_0_1_1_0_1_1_1_1_0_0_0_1_0,1,6.6666666666666675e-6,4.714045207910318e-6,0.2777777777777778,105.0
1_0_1_0_0_1_0_1_0_1_0_0_1_1_1_0_1_1_1_0_0_0_0_0_1_1_0_0_1_1_0_0_1_1_0_0_0_0,1,6.6666666666666675e-6,4.714045207910318e-6,0.2962962962962963,140.0
0_0_0_0_0_0_0_1_0_1_0_0_1_0_1_0_1_1_1_0_0_0_1_0_1_1_0_0_1_0_0_0_0_0_1_1_0_0,1,6.6666666666666675e-6,4.714045207910318e-6,0.30246913580246915,100.0
1_1_1_1_1_0_0_0_1_0_1_1_0_0_0_1_0_0_0_1_1_1_1_1_1_0_1_1_0_1_1_1_0_0_1_1_1_1,1,6.6666666666666675e-6,9.428090415820634e-6,0.3148148148148148,185.0
1_0_1_1_1_1_0_0_0_1_1_1_1_1_1_1_1_1_0_1_1_1_0_1_1_0_1_1_0_1_0_1_0_0_0_0_1_0,1,6.6666666666666675e-6,4.714045207910318e-6,0.25925925925925924,100.0
1_1_1_1_1_0_0_0_0_1_0_1_1_1_0_0_0_0_0_0_0_0_0_1_0_0_0_0_0_1_1_1_1_1_0_0_0_0,1,6.6666666666666675e-6,4.714045207910318e-6,0.32098765432098764,130.0
1_1_1_1_1_0_1_0_1_0_1_1_0_0_0_1_0_0_0_1_0_0_0_1_1_0_1_1_0_1_0_1_1_0_1_1_1_1,1,6.6666666666666675e-6,4.714045207910318e-6,0.3148148148148148,145.0
1_1_1_1_1_1_1_0_1_1_1_0_0_1_1_0_1_1_1_1_1_1_0_1_0_0_1_1_0_1_0_1_0_1_0_0_1_0,1,6.6666666666666675e-6,4.714045207910318e-6,0.32098765432098764,155.0
0_0_0_0_0_0_0_1_1_0_0_0_0_1_0_1_0_1_1_0_1_1_1_1_0_0_0_0_0_0_1_0_0_0_0_1_0_1,1,6.6666666666666675e-6,4.714045207910318e-6,0.345679012345679,160.0
1_1_1_1_1_1_1_0_1_0_1_1_0_1_0_1_0_0_1_1_1_1_0_1_1_0_1_1_0_1_0_1_0_0_0_0_1_1,1,6.6666666666666675e-6,4.714045207910318e-6,0.32098765432098764,190.0
1_0_1_0_0_1_1_1_1_0_1_1_0_0_1_1_1_0_1_1_1_1_1_1_0_0_1_1_0_1_0_0_1_0_1_1_1_1,1,6.6666666666666675e-6,4.714045207910318e-6,0.35802469135802467,75.0
0_1_0_0_0_0_1_1_1_0_0_1_0_0_0_1_0_0_1_0_0_0_0_0_1_1_0_0_1_0_1_0_0_0_1_1_0_1,1,6.6666666666666675e-6,4.714045207910318e-6,0.3271604938271605,80.0
1_1_1_1_1_0_1_0_1_0_1_1_0_1_0_1_0_0_0_1_0_0_0_0_0_1_1_1_1_1_1_1_0_0_0_0_1_1,1,6.6666666666666675e-6,4.714045207910318e-6,0.32098765432098764,225.0
1_0_1_1_1_1_0_0_0_1_1_1_0_0_1_1_1_0_0_1_0_0_0_1_1_0_1_1_0_1_0_1_1_0_1_1_1_1,1,6.6666666666666675e-6,4.714045207910318e-6,0.32098765432098764,595.0
1_1_1_1_1_0_1_0_1_0_1_1_0_0_0_1_0_0_0_1_0_0_1_1_0_0_1_1_0_1_1_1_1_0_1_1_1_1,1,6.6666666666666675e-6,4.714045207910318e-6,0.30864197530864196,105.0
0_1_0_1_0_1_1_1_1_0_0_0_1_0_0_1_0_0_0_0_0_0_0_1_0_0_0_0_0_0_1_0_1_1_1_1_0_1,1,6.6666666666666675e-6,4.714045207910318e-6,0.32098765432098764,100.0
1_0_1_1_1_1_1_0_0_1_1_0_1_1_1_0_1_1_1_1_1_1_0_1_0_0_1_1_0_1_0_1_1_1_0_0_1_0,1,6.6666666666666675e-6,4.714045207910318e-6,0.3271604938271605,150.0
1_1_1_1_1_1_1_0_1_0_1_1_0_1_0_1_0_0_1_1_1_1_0_0_0_1_1_1_1_1_0_1_1_0_0_0_1_1,1,6.6666666666666675e-6,4.714045207910318e-6,0.32098765432098764,120.0
0_0_0_0_0_1_1_1_0_1_0_0_1_1_1_0_1_1_0_0_0_0_1_0_0_1_0_0_1_0_0_0_1_1_0_0_0_0,1,6.6666666666666675e-6,4.714045207910318e-6,0.30864197530864196,90.0
1_0_1_0_0_0_0_1_0_1_0_0_1_1_1_0_1_1_1_0_0_0_1_0_1_1_0_0_1_1_0_0_1_0_0_0_0_0,1,6.6666666666666675e-6,4.714045207910318e-6,0.25925925925925924,160.0
1_0_1_0_0_0_0_1_0_1_0_0_1_1_1_0_1_1_0_0_1_1_0_1_1_0_0_0_0_1_0_0_1_0_0_0_0_0,1,6.6666666666666675e-6,4.714045207910318e-6,0.2654320987654321,255.0
0_0_0_0_0_0_0_1_0_0_0_1_1_0_1_1_1_1_0_0_1_1_1_1_0_0_0_0_0_0_0_0_1_0_1_1_0_1,1,6.6666666666666675e-6,9.428090415820634e-6,0.3148148148148148,150.0
1_1_1_1_1_1_1_0_0_1_1_0_1_1_0_0_0_1_0_1_0_0_1_1_0_0_1_1_0_1_1_1_1_1_0_0_1_0,1,6.6666666666666675e-6,4.714045207910318e-6,0.3333333333333333,80.0
0_0_0_0_0_0_0_1_0_0_0_1_0_0_0_1_0_0_0_0_1_1_1_1_0_0_0_0_0_0_1_0_1_0_1_1_0_1,1,6.6666666666666675e-6,4.714045207910318e-6,0.30864197530864196,120.0
1_1_1_1_1_0_1_0_1_0_1_1_1_1_0_0_0_0_0_1_0_0_1_0_0_1_1_1_1_1_1_1_1_0_0_0_1_0,1,6.6666666666666675e-6,4.714045207910318e-6,0.3395061728395062,125.0
0_1_0_0_0_1_1_1_1_0_0_0_1_0_0_1_0_0_0_0_0_0_1_1_0_0_0_0_0_0_1_0_0_1_1_1_0_1,1,6.6666666666666675e-6,4.714045207910318e-6,0.30864197530864196,215.0
1_1_1_1_1_0_1_0_1_0_1_1_0_0_0_1_0_0_0_1_1_1_0_1_0_0_1_1_0_1_0_1_1_0_1_1_1_1,1,6.6666666666666675e-6,4.714045207910318e-6,0.3395061728395062,95.0
1_1_1_1_1_0_1_0_1_0_1_1_0_1_0_0_0_0_0_1_1_1_0_1_0_0_1_1_0_1_0_1_0_0_0_0_1_0,1,6.6666666666666675e-6,4.714045207910318e-6,0.345679012345679,195.0
0_0_0_0_0_0_0_1_1_0_0_1_0_0_1_1_1_0_1_0_1_1_1_0_1_1_0_0_1_0_0_0_0_0_1_1_0_1,1,6.6666666666666675e-6,4.714045207910318e-6,0.3271604938271605,120.0
1_1_1_1_1_1_1_0_1_0_1_1_0_0_0_1_0_0_0_1_0_0_1_0_1_1_1_1_1_1_1_1_0_0_1_1_1_1,1,6.6666666666666675e-6,4.714045207910318e-6,0.2962962962962963,125.0
1_0_1_0_0_1_0_1_0_1_0_0_1_1_1_0_1_1_0_0_1_1_1_1_0_0_0_0_0_1_1_0_1_1_0_0_0_0,1,6.6666666666666675e-6,4.714045207910318e-6,0.30246913580246915,240.0
0_1_0_1_1_1_1_0_1_1_1_0_0_0_0_1_0_0_1_1_0_0_0_0_1_1_1_1_1_0_1_1_0_1_1_1_1_1,1,6.6666666666666675e-6,4.714045207910318e-6,0.30246913580246915,140.0
0_0_0_0_0_0_0_1_0_1_0_0_1_0_1_0_1_1_1_0_0_0_1_0_1_1_0_0_1_0_1_0_0_1_1_1_0_0,1,6.6666666666666675e-6,4.714045207910318e-6,0.3395061728395062,220.0
0_0_0_0_0_0_0_1_0_0_0_1_1_0_0_1_0_1_0_0_0_0_1_1_0_0_0_0_0_0_1_0_1_0_1_1_0_1,1,6.6666666666666675e-6,4.714045207910318e-6,0.3148148148148148,165.0
1_1_1_1_1_1_1_0_1_0_1_1_0_1_0_0_0_0_0_1_0_0_0_0_0_1_1_1_1_1_0_1_0_0_0_0_1_0,1,6.6666666666666675e-6,4.714045207910318e-6,0.3333333333333333,140.0
0_0_0_0_0_0_0_1_1_0_0_0_1_0_1_1_1_1_0_0_1_1_0_1_1_0_0_0_0_0_0_0_0_0_1_1_0_1,1,6.6666666666666675e-6,4.714045207910318e-6,0.3148148148148148,185.0
0_0_0_0_0_0_0_1_1_0_0_0_0_1_1_1_1_1_0_0_1_1_0_1_0_0_0_0_0_0_0_0_0_0_0_1_0_1,1,6.6666666666666675e-6,4.714045207910318e-6,0.3333333333333333,125.0
1_0_1_0_0_0_0_1_0_1_0_0_1_1_1_0_1_1_1_0_1_1_1_1_1_0_0_0_0_1_0_0_1_0_0_0_0_0,1,6.6666666666666675e-6,4.714045207910318e-6,0.25925925925925924,120.0
0_0_0_0_0_1_1_1_0_1_0_0_0_0_1_1_1_1_1_0_1_1_0_0_1_1_0_0_1_0_0_0_1_1_1_1_0_1,1,6.6666666666666675e-6,9.428090415820634e-6,0.3148148148148148,220.0
1_1_1_1_1_1_1_0_1_0_1_1_0_1_0_0_0_0_1_1_0_0_0_0_0_1_1_1_1_1_1_1_0_0_0_0_1_0,1,6.6666666666666675e-6,9.428090415820634e-6,0.3148148148148148,140.0
1_1_1_1_1_1_1_0_1_0_1_1_1_1_0_0_0_0_0_1_0_0_0_1_0_0_1_1_0_1_0_1_1_0_0_0_1_0,1,6.6666666666666675e-6,4.714045207910318e-6,0.32098765432098764,155.0
0_0_0_0_0_0_0_1_0_1_0_0_0_0_1_0_1_1_1_0_0_0_1_0_0_1_0_0_1_0_0_0_0_1_1_1_0_1,1,6.6666666666666675e-6,4.714045207910318e-6,0.2654320987654321,80.0
0_0_0_0_0_0_0_1_0_1_0_0_1_0_1_1_1_1_1_0_1_1_1_0_1_1_0_0_1_0_1_0_0_1_1_1_0_1,1,6.6666666666666675e-6,4.714045207910318e-6,0.3271604938271605,120.0
0_1_0_0_0_0_1_1_1_0_0_1_0_0_0_1_0_0_1_0_0_0_0_0_1_1_0_0_1_0_1_0_0_1_1_1_0_1,1,6.6666666666666675e-6,4.714045207910318e-6,0.32098765432098764,215.0
0_1_0_1_1_1_1_0_1_1_1_0_1_1_1_0_1_1_0_1_0_0_0_0_1_1_1_1_1_0_0_1_0_1_0_0_1_0,1,6.6666666666666675e-6,9.428090415820634e-6,0.2777777777777778,175.0
0_0_0_0_0_0_0_1_1_0_0_0_0_1_1_1_1_1_1_0_0_0_0_0_0_1_0_0_1_0_0_0_0_0_0_1_0_1,1,6.6666666666666675e-6,4.714045207910318e-6,0.3333333333333333,165.0
0_1_0_1_1_1_1_0_1_0_1_1_0_0_0_1_0_0_1_1_0_0_0_0_1_1_1_1_1_0_1_1_0_1_1_1_1_1,1,6.6666666666666675e-6,4.714045207910318e-6,0.25308641975308643,110.0
0_1_0_1_1_1_1_0_1_0_1_1_0_1_0_1_0_0_1_1_1_1_1_1_0_0_1_1_0_0_1_1_0_1_0_0_1_1,1,6.6666666666666675e-6,4.714045207910318e-6,0.2777777777777778,225.0
0_1_0_1_1_0_0_0_0_1_0_0_0_1_1_0_1_1_0_0_0_0_0_1_0_0_1_1_0_0_0_1_0_1_0_1_0_0,1,6.6666666666666675e-6,4.714045207910318e-6,0.37037037037037035,80.0
0_1_0_1_1_0_1_0_1_0_0_1_0_1_0_0_0_0_1_1_1_1_0_1_0_0_1_1_0_0_1_1_0_0_0_0_1_1,1,6.6666666666666675e-6,4.714045207910318e-6,0.2777777777777778,110.0
0_0_0_0_0_0_0_1_0_0_0_1_0_1_1_1_1_1_0_0_1_1_1_1_0_0_0_0_0_0_0_0_1_0_0_1_0_1,1,6.6666666666666675e-6,4.714045207910318e-6,0.3271604938271605,90.0
1_1_1_0_0_1_1_1_1_0_1_1_0_0_0_1_0_0_0_1_0_0_1_1_1_0_1_1_0_1_1_0_0_0_1_1_1_1,1,6.6666666666666675e-6,4.714045207910318e-6,0.3148148148148148,150.0
1_0_1_1_1_1_0_0_0_1_1_0_1_1_1_0_1_1_0_1_0_0_1_1_0_0_1_1_0_1_0_1_1_1_0_0_1_0,1,6.6666666666666675e-6,4.714045207910318e-6,0.30864197530864196,250.0
0_0_0_0_0_1_1_1_0_1_0_0_1_0_1_0_1_1_0_0_0_0_0_0_0_1_0_0_1_0_0_0_1_1_1_1_0_0,1,6.6666666666666675e-6,4.714045207910318e-6,0.3271604938271605,95.0
1_0_1_1_1_1_0_0_0_1_1_1_1_0_1_0_1_1_0_1_0_0_0_1_1_0_1_1_0_1_0_1_0_0_1_0_1_0,1,6.6666666666666675e-6,4.714045207910318e-6,0.3333333333333333,170.0
0_1_0_1_1_1_1_0_1_0_1_1_0_0_0_1_0_0_0_1_0_0_0_0_0_1_1_1_1_0_1_1_0_0_1_1_1_1,1,6.6666666666666675e-6,4.714045207910318e-6,0.2777777777777778,210.0
1_0_1_1_1_1_1_0_0_1_1_1_1_1_1_0_1_1_1_1_1_1_0_0_0_1_1_1_1_1_0_1_1_0_0_0_1_0,1,6.6666666666666675e-6,4.714045207910318e-6,0.30246913580246915,125.0
1_1_1_1_1_0_1_0_1_0_1_1_1_1_0_0_0_0_0_1_1_1_0_1_0_0_1_1_0_1_1_1_0_0_0_0_1_0,1,6.6666666666666675e-6,4.714045207910318e-6,0.32098765432098764,180.0
1_1_1_1_1_1_1_0_1_0_1_1_0_0_0_1_0_0_0_1_0_0_0_1_0_0_1_1_0_1_1_1_1_0_1_1_1_1,1,6.6666666666666675e-6,4.714045207910318e-6,0.29012345679012347,200.0
0_0_0_0_0_0_0_1_0_1_0_0_1_0_1_1_1_1_0_0_1_1_1_1_1_0_0_0_0_0_0_0_1_1_1_1_0_1,1,6.6666666666666675e-6,9.428090415820634e-6,0.3148148148148148,125.0
0_1_0_1_1_1_1_0_1_0_1_1_0_0_0_1_0_0_1_1_1_1_0_1_0_0_1_1_0_0_0_1_0_0_1_1_1_1,1,6.6666666666666675e-6,4.714045207910318e-6,0.2962962962962963,100.0
1_0_1_1_1_0_0_0_0_1_1_1_1_0_1_0_1_0_1_1_1_1_0_0_1_1_1_1_1_1_0_1_1_0_1_0_1_0,1,6.6666666666666675e-6,4.714045207910318e-6,0.3395061728395062,180.0
1_1_1_1_1_0_1_0_1_0_1_1_0_1_0_1_0_0_0_1_0_0_0_1_0_0_1_1_0_1_0_1_1_0_0_0_1_1,1,6.6666666666666675e-6,4.714045207910318e-6,0.3333333333333333,125.0
0_0_0_0_0_0_1_1_1_0_0_1_0_1_1_0_1_0_0_0_0_0_0_0_0_1_0_0_1_0_0_0_0_0_0_0_0_1,1,6.6666666666666675e-6,4.714045207910318e-6,0.3395061728395062,235.0
1_0_1_1_1_1_1_0_1_1_1_0_0_1_1_0_1_1_1_1_1_1_0_0_1_1_1_1_1_1_0_1_0_0_0_0_1_0,1,6.6666666666666675e-6,9.428090415820634e-6,0.3148148148148148,105.0
0_1_0_0_0_1_1_1_1_0_0_0_0_0_0_1_0_0_1_0_1_1_1_0_1_1_0_0_1_0_1_0_1_1_1_1_0_1,1,6.6666666666666675e-6,4.714045207910318e-6,0.2962962962962963,165.0
1_1_1_0_0_1_1_1_1_0_1_1_0_0_0_1_0_0_1_1_1_1_1_0_0_1_1_1_1_1_1_0_1_0_1_1_1_1,1,6.6666666666666675e-6,4.714045207910318e-6,0.3333333333333333,125.0
1_1_1_0_0_1_1_1_1_0_1_1_0_0_0_1_0_0_1_1_1_1_1_0_1_1_1_1_1_1_1_0_0_0_1_1_1_1,1,6.6666666666666675e-6,4.714045207910318e-6,0.3148148148148148,190.0
0_1_0_1_1_1_1_0_1_0_1_1_0_0_0_1_0_0_1_1_0_0_1_0_0_1_1_1_1_0_1_1_0_1_1_1_1_1,1,6.6666666666666675e-6,4.714045207910318e-6,0.2654320987654321,155.0
0_0_0_0_0_0_0_1_1_0_0_0_1_0_0_1_0_1_0_0_0_0_1_0_0_1_0_0_1_0_1_0_0_0_1_1_0_1,1,6.6666666666666675e-6,4.714045207910318e-6,0.3333333333333333,160.0
0_0_0_1_1_0_0_0_1_0_0_0_1_1_0_0_0_1_0_0_0_0_1_1_0_0_0_0_0_0_1_1_0_0_0_0_1_0,1,6.6666666666666675e-6,4.714045207910318e-6,0.3333333333333333,80.0
0_0_0_0_0_0_0_1_0_1_0_0_1_0_1_1_1_1_0_0_0_0_1_0_1_1_0_0_1_0_0_0_0_0_1_1_0_1,1,6.6666666666666675e-6,4.714045207910318e-6,0.30864197530864196,130.0
0_1_0_1_1_1_1_0_1_1_1_0_0_1_1_0_1_1_1_1_1_1_0_1_0_0_1_1_0_0_0_1_0_1_0_0_1_0,1,6.6666666666666675e-6,4.714045207910318e-6,0.30246913580246915,195.0
0_1_0_0_0_0_0_1_0_0_0_1_1_1_0_0_0_0_1_0_1_1_1_0_0_1_0_0_1_0_1_0_1_1_0_0_0_0,1,6.6666666666666675e-6,4.714045207910318e-6,0.32098765432098764,230.0
0_0_0_1_1_1_0_0_0_1_1_0_1_0_1_0_1_1_0_1_0_0_1_1_1_0_1_1_0_0_0_1_0_0_1_1_1_0,1,6.6666666666666675e-6,4.714045207910318e-6,0.3395061728395062,110.0
0_0_0_0_0_1_1_1_0_1_0_0_1_0_1_0_1_1_1_0_1_1_0_0_1_1_0_0_1_0_0_0_1_1_1_1_0_0,1,6.6666666666666675e-6,4.714045207910318e-6,0.3148148148148148,175.0
0_1_0_0_0_0_1_1_1_0_0_0_1_1_0_0_0_1_0_0_0_0_1_0_0_1_0_0_1_0_1_0_0_1_0_0_0_0,1,6.6666666666666675e-6,9.428090415820634e-6,0.3395061728395062,250.0
1_0_1_1_1_1_0_0_0_1_1_0_1_1_1_0_1_1_1_1_1_1_1_1_1_0_1_1_0_1_1_1_1_1_0_0_1_0,1,6.6666666666666675e-6,4.714045207910318e-6,0.3271604938271605,275.0
1_1_1_1_1_1_0_0_0_1_1_0_1_0_0_1_0_1_1_1_1_1_0_0_1_1_1_1_1_1_1_1_1_1_1_1_1_0,1,6.6666666666666675e-6,4.714045207910318e-6,0.3148148148148148,175.0
0_0_0_0_0_0_0_1_0_1_0_0_1_0_1_0_1_1_1_0_1_1_1_1_1_0_0_0_0_0_1_0_1_1_1_1_0_0,1,6.6666666666666675e-6,4.714045207910318e-6,0.3271604938271605,265.0
1_1_1_1_1_1_1_0_1_0_1_1_1_0_0_1_0_0_0_1_1_1_1_1_1_0_1_1_0_1_1_1_1_0_1_0_1_1,1,6.6666666666666675e-6,4.714045207910318e-6,0.3333333333333333,145.0
0_0_0_0_0_0_0_1_1_0_0_0_1_0_0_1_0_1_1_0_1_1_1_1_0_0_0_0_0_0_1_0_0_0_1_1_0_1,1,6.6666666666666675e-6,4.714045207910318e-6,0.3333333333333333,125.0
1_1_1_0_0_1_1_1_1_0_1_1_0_0_0_1_0_0_1_1_0_0_1_0_1_1_1_1_1_1_1_0_0_0_1_1_1_1,1,6.6666666666666675e-6,4.714045207910318e-6,0.3333333333333333,145.0
1_1_1_1_1_0_1_0_1_0_1_1_0_0_0_1_0_0_0_1_1_1_1_1_0_0_1_1_0_1_1_1_0_0_1_1_1_1,1,6.6666666666666675e-6,4.714045207910318e-6,0.3148148148148148,125.0
0_0_0_0_0_0_0_1_0_1_0_0_0_1_1_0_1_1_0_0_0_0_1_1_0_0_0_0_0_0_1_0_0_1_0_1_0_0,1,6.6666666666666675e-6,4.714045207910318e-6,0.3271604938271605,150.0
1_1_1_1_1_0_1_0_1_0_1_1_0_0_0_1_0_0_0_1_0_0_1_0_1_1_1_1_1_1_1_1_0_0_1_1_1_1,1,6.6666666666666675e-6,4.714045207910318e-6,0.30864197530864196,180.0
1_1_1_0_0_1_0_1_0_1_1_1_0_0_1_1_1_0_0_1_0_0_0_1_1_0_1_1_0_1_0_0_1_0_1_1_0_1,1,6.6666666666666675e-6,4.714045207910318e-6,0.345679012345679,175.0
0_1_0_0_0_0_0_1_0_0_0_1_1_0_0_1_0_0_0_0_1_1_1_1_1_0_0_0_0_0_1_0_1_1_1_1_0_1,1,6.6666666666666675e-6,4.714045207910318e-6,0.3271604938271605,245.0
0_1_0_1_1_1_1_0_1_0_1_1_0_0_0_1_0_0_1_1_0_0_0_0_0_1_1_1_1_0_1_1_0_0_1_1_1_1,1,6.6666666666666675e-6,4.714045207910318e-6,0.2777777777777778,120.0
1_1_1_1_1_1_1_0_1_0_1_1_0_1_0_0_0_0_1_1_1_1_0_0_0_1_1_1_1_1_1_1_1_0_0_0_1_0,1,6.6666666666666675e-6,4.714045207910318e-6,0.30864197530864196,80.0
0_1_0_1_1_1_1_0_1_0_1_1_0_0_0_1_0_0_1_1_1_1_1_1_0_0_1_1_0_0_1_1_0_1_1_1_1_1,1,6.6666666666666675e-6,4.714045207910318e-6,0.2654320987654321,205.0
0_0_0_0_0_1_0_1_0_1_0_0_1_1_1_0_1_1_0_0_0_0_1_0_0_1_0_0_1_0_1_0_1_1_0_0_0_0,1,6.6666666666666675e-6,4.714045207910318e-6,0.32098765432098764,180.0
1_1_1_1_1_0_0_0_1_0_1_1_0_1_0_1_0_0_1_1_1_1_1_0_1_1_1_1_1_1_1_1_0_0_0_0_1_1,1,6.6666666666666675e-6,4.714045207910318e-6,0.30864197530864196,155.0
0_0_0_1_1_0_0_0_0_1_0_0_1_1_1_0_1_1_1_0_1_1_0_0_0_1_0_0_1_0_0_1_0_1_0_0_0_0,1,6.6666666666666675e-6,4.714045207910318e-6,0.3271604938271605,120.0
0_0_0_0_0_1_1_1_0_1_0_0_0_0_1_1_1_1_1_0_1_1_1_1_1_0_0_0_0_0_0_0_1_1_1_1_0_1,1,6.6666666666666675e-6,4.714045207910318e-6,0.3271604938271605,80.0
0_0_0_0_0_0_0_1_0_1_0_0_1_0_1_0_1_1_1_0_1_1_0_1_1_0_0_0_0_0_0_0_0_1_1_1_0_0,1,6.6666666666666675e-6,4.714045207910318e-6,0.3271604938271605,105.0
1_1_1_1_1_1_1_0_1_0_1_1_0_0_0_1_0_0_0_1_1_1_0_1_1_0_1_1_0_1_1_1_0_0_1_1_1_1,1,6.6666666666666675e-6,4.714045207910318e-6,0.29012345679012347,105.0
0_0_0_0_0_0_0_1_0_1_0_0_1_0_1_0_1_1_1_0_1_1_0_1_0_0_0_0_0_0_0_0_1_1_1_1_0_0,1,6.6666666666666675e-6,4.714045207910318e-6,0.30864197530864196,170.0
1_0_1_0_1_0_0_0_0_1_1_1_1_1_1_0_1_1_1_1_1_1_1_0_1_1_1_1_1_1_0_1_1_0_0_0_1_0,1,6.6666666666666675e-6,4.714045207910318e-6,0.30246913580246915,125.0
1_0_1_0_0_0_0_1_0_1_0_0_1_0_1_0_1_1_1_0_0_0_1_0_1_1_0_0_1_1_0_0_1_0_1_1_0_0,1,6.6666666666666675e-6,4.714045207910318e-6,0.2716049382716049,115.0
0_1_0_0_0_0_1_1_1_0_0_0_0_0_0_0_0_0_0_0_1_1_1_1_0_0_0_0_0_0_1_0_1_1_1_1_0_1,1,6.6666666666666675e-6,9.428090415820634e-6,0.25925925925925924,80.0
1_1_1_0_0_1_1_1_1_0_1_1_0_0_0_1_0_0_0_1_0_0_1_1_1_0_0_1_0_1_1_0_1_0_1_1_0_1,1,6.6666666666666675e-6,9.428090415820634e-6,0.345679012345679,115.0
0_0_0_0_0_1_0_1_0_1_0_0_1_1_1_0_1_1_0_0_0_0_1_1_0_0_0_0_0_0_0_0_0_1_0_0_0_0,1,6.6666666666666675e-6,9.428090415820634e-6,0.2962962962962963,115.0
0_0_0_0_0_0_0_1_0_1_0_0_1_1_1_0_1_1_1_0_1_1_0_1_0_0_0_0_0_0_0_0_0_0_0_0_0_0,1,6.6666666666666675e-6,9.428090415820634e-6,0.29012345679012347,115.0
1_0_1_0_0_0_0_1_0_0_0_1_1_0_0_1_0_0_1_0_0_0_1_0_1_1_0_0_1_1_1_0_1_0_1_1_0_1,1,6.6666666666666675e-6,9.428090415820634e-6,0.30246913580246915,135.0
0_0_0_0_0_0_0_1_0_1_0_0_1_0_1_0_1_1_1_0_1_1_1_1_1_0_0_0_0_0_0_0_1_1_1_1_0_0,1,6.6666666666666675e-6,9.428090415820634e-6,0.30864197530864196,140.0
1_0_1_1_1_1_1_0_1_1_1_0_0_1_1_0_1_1_1_1_1_1_0_1_0_0_1_1_0_1_0_1_0_0_0_0_1_0,1,6.6666666666666675e-6,9.428090415820634e-6,0.3271604938271605,150.0
1_0_1_0_0_1_0_1_0_1_0_0_1_1_1_0_1_1_1_0_1_1_1_1_0_0_0_0_0_1_1_0_1_1_0_0_0_0,1,6.6666666666666675e-6,9.428090415820634e-6,0.30246913580246915,140.0
1_1_1_0_0_0_1_1_1_0_0_1_0_1_0_1_0_0_1_0_1_1_1_0_0_1_0_0_1_1_1_0_1_1_0_0_0_1,1,6.6666666666666675e-6,9.428090415820634e-6,0.3333333333333333,200.0
1_1_1_1_1_1_1_0_1_1_1_0_1_0_0_0_0_0_0_1_0_0_1_0_1_1_1_1_1_1_1_1_0_1_1_0_1_0,1,6.6666666666666675e-6,9.428090415820634e-6,0.3333333333333333,230.0
1_1_1_1_1_1_1_0_0_1_1_1_1_1_1_0_1_0_1_1_1_1_0_1_0_0_1_1_0_1_0_1_1_1_0_0_1_0,1,6.6666666666666675e-6,9.428090415820634e-6,0.32098765432098764,140.0
0_1_0_1_1_0_1_0_1_0_1_1_0_0_0_1_0_0_0_1_0_0_0_0_0_1_1_1_1_0_1_1_0_0_1_1_1_1,1,6.6666666666666675e-6,9.428090415820634e-6,0.29012345679012347,245.0
0_0_0_0_0_1_0_1_0_1_0_0_1_1_1_0_1_1_0_0_0_0_0_1_1_0_0_0_0_0_0_0_0_1_0_0_0_0,1,6.6666666666666675e-6,9.428090415820634e-6,0.30864197530864196,150.0
0_1_0_1_1_1_1_0_1_1_1_0_0_0_0_1_0_0_0_1_0_0_1_0_1_1_1_1_1_0_1_1_0_1_1_1_1_1,1,6.6666666666666675e-6,4.714045207910318e-6,0.30864197530864196,60.0
0_0_0_0_0_0_0_1_0_0_0_1_0_1_1_1_1_1_1_0_0_0_1_0_0_1_0_0_1_0_0_0_1_0_0_1_0_1,1,6.6666666666666675e-6,4.714045207910318e-6,0.3271604938271605,215.0
0_1_0_0_0_1_1_1_1_0_0_1_0_1_0_0_0_0_1_0_0_0_1_0_0_1_0_0_1_0_1_0_0_1_0_0_0_1,1,6.6666666666666675e-6,4.714045207910318e-6,0.30864197530864196,80.0
0_0_0_0_0_0_0_1_0_1_0_0_1_1_1_0_1_1_0_0_1_1_0_1_1_0_0_0_0_0_0_0_0_1_0_0_0_0,1,6.6666666666666675e-6,9.428090415820634e-6,0.3148148148148148,85.0
1_0_1_1_1_1_1_0_0_1_1_0_1_1_1_0_1_1_1_1_1_1_1_1_1_0_1_1_0_1_1_1_1_1_0_0_1_0,1,6.6666666666666675e-6,9.428090415820634e-6,0.3333333333333333,165.0
0_0_0_0_0_1_1_1_0_1_0_0_1_1_1_0_1_1_1_0_1_1_0_0_1_1_0_0_1_0_0_0_1_1_0_0_0_0,1,6.6666666666666675e-6,9.428090415820634e-6,0.30246913580246915,115.0
0_1_0_0_0_0_1_1_1_0_0_0_1_1_0_0_0_1_0_0_1_1_1_1_0_0_0_0_0_0_1_0_0_1_0_0_0_0,1,6.6666666666666675e-6,4.714045207910318e-6,0.3395061728395062,315.0
1_0_1_0_0_0_0_1_0_1_0_0_1_1_1_0_1_1_0_0_0_0_1_0_1_1_0_0_1_1_1_0_1_1_0_0_0_0,1,6.6666666666666675e-6,4.714045207910318e-6,0.2962962962962963,80.0
1_1_1_1_1_0_1_0_1_0_1_1_0_1_0_1_0_0_0_1_1_1_0_1_1_0_1_1_0_1_1_1_0_0_0_0_1_1,1,6.6666666666666675e-6,4.714045207910318e-6,0.3148148148148148,120.0
0_0_0_0_0_0_0_1_0_1_0_0_0_1_1_0_1_1_0_0_1_1_0_1_0_0_0_0_0_0_0_0_0_0_0_1_0_0,1,6.6666666666666675e-6,9.428090415820634e-6,0.3148148148148148,110.0
1_0_1_0_0_0_0_1_0_0_0_1_1_0_0_1_0_1_0_0_0_0_1_0_1_1_0_0_1_1_1_0_1_0_1_1_0_1,1,6.6666666666666675e-6,9.428090415820634e-6,0.30864197530864196,140.0
1_1_1_1_1_0_1_0_1_0_1_1_1_1_0_0_0_0_1_1_0_0_0_0_0_1_1_1_1_1_1_1_0_0_0_0_1_0,1,6.6666666666666675e-6,4.714045207910318e-6,0.32098765432098764,180.0
0_0_0_0_0_0_0_1_0_1_0_0_1_1_1_0_1_1_0_0_0_0_1_0_0_1_0_0_1_0_1_0_1_1_0_0_0_0,1,6.6666666666666675e-6,9.428090415820634e-6,0.30864197530864196,150.0
0_0_0_0_0_0_0_1_0_0_0_1_1_1_0_0_0_1_1_0_1_1_1_1_0_0_0_0_0_0_1_0_1_0_0_0_0_0,1,6.6666666666666675e-6,9.428090415820634e-6,0.3271604938271605,185.0
1_1_1_1_1_0_1_0_1_0_1_1_1_0_0_1_0_0_0_1_0_0_1_1_1_0_1_1_0_1_1_1_1_0_1_0_1_1,1,6.6666666666666675e-6,4.714045207910318e-6,0.3271604938271605,210.0
1_1_1_1_1_1_1_0_1_0_1_1_0_1_0_0_0_0_0_1_0_0_0_1_0_0_1_1_0_1_0_1_1_0_0_0_1_0,1,6.6666666666666675e-6,9.428090415820634e-6,0.3271604938271605,170.0
0_1_0_1_0_0_1_1_1_0_0_0_1_0_0_1_0_0_1_0_1_1_0_0_0_1_0_0_1_0_1_0_0_1_1_1_0_1,1,6.6666666666666675e-6,4.714045207910318e-6,0.32098765432098764,80.0
1_1_1_1_1_0_1_0_1_0_1_1_0_1_0_1_0_0_1_1_1_1_0_1_1_0_1_1_0_1_0_1_0_0_0_0_1_1,1,6.6666666666666675e-6,9.428090415820634e-6,0.3333333333333333,205.0
1_1_1_1_1_1_1_0_1_0_1_1_0_1_0_1_0_0_0_1_1_1_0_1_0_0_1_1_0_1_1_1_0_0_0_0_1_1,1,6.6666666666666675e-6,4.714045207910318e-6,0.30864197530864196,120.0
0_0_0_0_0_0_0_1_0_1_0_0_1_0_1_0_1_1_0_0_0_0_1_0_1_1_0_0_1_0_0_0_1_1_1_1_0_0,1,6.6666666666666675e-6,9.428090415820634e-6,0.30864197530864196,130.0
1_0_1_1_1_0_0_0_0_1_1_1_0_1_1_0_1_1_1_1_0_0_0_0_0_1_1_1_1_1_0_1_1_0_0_0_1_0,1,6.6666666666666675e-6,4.714045207910318e-6,0.32098765432098764,120.0
0_0_0_0_0_0_0_1_0_0_0_1_1_1_1_0_1_1_1_0_0_0_0_0_0_1_0_0_1_0_0_0_1_0_0_0_0_0,1,6.6666666666666675e-6,4.714045207910318e-6,0.3148148148148148,140.0
0_0_0_0_0_0_0_1_1_0_0_0_1_0_1_1_1_1_0_0_1_1_0_1_0_0_0_0_0_0_0_0_0_0_1_1_0_1,1,6.6666666666666675e-6,4.714045207910318e-6,0.32098765432098764,380.0
1_1_1_0_1_0_0_0_0_1_0_1_0_1_0_0_0_1_0_0_1_1_0_1_0_0_0_0_0_1_1_1_1_1_0_0_0_0,1,6.6666666666666675e-6,9.428090415820634e-6,0.32098765432098764,155.0
1_1_1_1_1_0_1_0_1_0_1_1_1_1_0_1_0_0_0_1_0_0_0_0_1_1_1_1_1_1_0_1_1_0_0_0_1_0,1,6.6666666666666675e-6,4.714045207910318e-6,0.2962962962962963,110.0
1_0_1_1_1_0_0_0_0_1_1_1_1_1_1_1_1_1_0_1_0_0_0_0_1_1_1_1_1_1_0_1_0_0_0_0_1_0,1,6.6666666666666675e-6,9.428090415820634e-6,0.25925925925925924,140.0
0_1_0_0_0_0_0_1_0_0_0_1_1_0_0_1_0_0_1_0_1_1_1_1_1_0_0_0_0_0_1_0_1_1_1_1_0_1,1,6.6666666666666675e-6,4.714045207910318e-6,0.3271604938271605,135.0
0_1_0_1_1_0_1_0_1_0_0_1_0_1_0_0_0_0_0_1_0_0_0_0_0_1_1_1_1_0_0_1_0_0_0_0_1_1,1,6.6666666666666675e-6,4.714045207910318e-6,0.2962962962962963,85.0
0_1_0_0_0_0_1_1_1_0_0_1_0_0_0_1_0_0_0_0_1_1_1_1_1_0_0_0_0_0_1_0_0_1_1_1_0_1,1,6.6666666666666675e-6,4.714045207910318e-6,0.3148148148148148,185.0
0_1_0_0_0_1_1_1_1_0_0_1_0_1_0_0_0_0_0_0_0_0_0_1_0_0_0_0_0_0_1_0_0_1_0_0_0_1,1,6.6666666666666675e-6,4.714045207910318e-6,0.2962962962962963,180.0
0_0_0_0_0_0_0_1_0_0_0_1_1_0_0_1_0_1_0_0_0_0_1_0_1_1_0_0_1_0_1_0_1_0_1_1_0_1,1,6.6666666666666675e-6,9.428090415820634e-6,0.3271604938271605,220.0
1_1_1_1_1_1_1_0_1_1_1_0_1_1_0_0_0_0_0_1_1_1_0_1_0_0_1_1_0_1_1_1_0_1_0_0_1_0,1,6.6666666666666675e-6,4.714045207910318e-6,0.30246913580246915,245.0
0_1_0_0_0_0_1_1_1_0_0_0_1_0_0_1_0_0_1_0_1_1_1_0_0_1_0_0_1_0_1_0_0_1_1_1_0_1,1,6.6666666666666675e-6,4.714045207910318e-6,0.30864197530864196,110.0
0_1_0_0_0_0_0_1_1_0_0_1_0_0_0_1_0_0_0_0_0_0_1_0_1_1_0_0_1_0_1_0_0_0_1_1_0_1,1,6.6666666666666675e-6,4.714045207910318e-6,0.3271604938271605,190.0
0_1_0_0_0_1_1_1_1_0_0_0_0_0_0_1_0_0_1_0_1_1_1_0_0_1_0_0_1_0_1_0_1_1_1_1_0_1,1,6.6666666666666675e-6,9.428090415820634e-6,0.29012345679012347,140.0
1_0_1_1_1_1_1_0_0_1_1_0_1_0_1_1_1_1_0_1_0_0_1_1_1_0_1_1_0_1_1_1_1_1_1_1_1_0,1,6.6666666666666675e-6,4.714045207910318e-6,0.3148148148148148,195.0
0_0_0_0_0_0_0_1_0_1_0_0_1_0_1_0_1_1_1_0_1_1_1_1_0_0_0_0_0_0_0_0_1_1_1_1_0_0,1,6.6666666666666675e-6,9.428090415820634e-6,0.30246913580246915,100.0
1_1_1_0_0_1_1_0_0_1_0_1_0_0_0_1_0_1_1_0_1_1_0_0_1_1_0_0_1_1_0_1_1_1_1_1_0_1,1,6.6666666666666675e-6,9.428090415820634e-6,0.3395061728395062,140.0
1_1_1_1_1_1_1_0_1_1_1_0_0_1_0_0_0_0_0_1_1_1_0_1_1_0_1_1_0_1_1_1_0_1_0_0_1_0,1,6.6666666666666675e-6,4.714045207910318e-6,0.3148148148148148,135.0
1_1_1_1_1_1_1_0_1_0_1_1_1_1_0_1_0_0_0_1_0_0_0_0_1_1_1_1_1_1_0_1_1_0_0_0_1_0,1,6.6666666666666675e-6,4.714045207910318e-6,0.2839506172839506,150.0
0_0_0_0_0_0_0_1_0_1_0_0_0_1_1_0_1_1_1_0_1_1_1_0_0_1_0_0_1_0_0_0_0_1_0_1_0_0,1,6.6666666666666675e-6,9.428090415820634e-6,0.30864197530864196,180.0
1_1_1_1_1_0_1_0_1_0_1_1_0_0_0_1_0_0_1_1_0_0_0_0_1_1_1_1_1_1_0_1_0_0_1_1_1_1,1,6.6666666666666675e-6,9.428090415820634e-6,0.32098765432098764,115.0
1_1_1_1_1_1_1_0_1_0_1_1_0_1_0_0_0_0_1_1_0_0_1_0_0_1_1_1_1_1_1_1_1_0_0_0_1_0,1,6.6666666666666675e-6,9.428090415820634e-6,0.3333333333333333,185.0
0_0_0_0_0_0_0_1_0_1_0_0_1_0_1_0_1_1_0_0_1_1_1_1_1_0_0_0_0_0_0_0_0_0_1_1_0_0,1,6.6666666666666675e-6,4.714045207910318e-6,0.30246913580246915,85.0
1_0_1_0_0_0_0_1_0_0_0_1_1_0_1_1_1_1_0_0_1_1_0_1_1_0_0_0_0_1_0_0_1_0_1_1_0_1,1,6.6666666666666675e-6,4.714045207910318e-6,0.2962962962962963,155.0
1_0_1_1_1_1_1_0_0_1_1_0_1_1_1_0_1_1_0_1_0_0_1_0_0_1_1_1_1_1_1_1_1_1_0_0_1_0,1,6.6666666666666675e-6,4.714045207910318e-6,0.3395061728395062,205.0
0_1_0_0_0_0_1_1_1_0_0_1_0_1_0_0_0_0_1_0_0_0_1_0_0_1_0_0_1_0_1_0_0_1_0_0_0_1,1,6.6666666666666675e-6,4.714045207910318e-6,0.30864197530864196,95.0
0_0_0_1_1_0_0_1_1_0_1_0_1_1_1_0_1_0_1_1_0_0_1_0_0_1_1_1_1_0_1_0_0_0_0_0_1_0,1,6.6666666666666675e-6,9.428090415820634e-6,0.35802469135802467,235.0
0_0_0_0_0_1_0_1_0_1_0_0_1_0_1_1_1_1_1_0_0_0_1_0_1_1_0_0_1_0_0_0_1_1_1_1_0_1,1,6.6666666666666675e-6,9.428090415820634e-6,0.3271604938271605,145.0
0_1_0_0_0_1_1_1_1_0_0_0_1_0_0_1_0_0_1_0_0_0_1_0_1_1_0_0_1_0_1_0_1_1_1_1_0_1,1,6.6666666666666675e-6,4.714045207910318e-6,0.32098765432098764,220.0
1_0_1_0_0_1_0_1_0_1_1_0_1_0_1_1_1_1_0_0_0_0_1_0_1_1_0_0_1_1_0_0_1_1_1_1_0_0,1,6.6666666666666675e-6,9.428090415820634e-6,0.2777777777777778,70.0
0_0_0_0_0_0_0_1_0_1_0_0_1_0_1_0_1_1_1_0_0_0_0_0_1_1_0_0_1_0_0_0_0_0_1_1_0_0,1,6.6666666666666675e-6,4.714045207910318e-6,0.30864197530864196,160.0
1_1_1_1_1_0_1_0_1_0_1_1_0_0_0_1_0_0_1_1_1_1_1_1_0_0_1_1_0_1_1_1_0_0_1_1_1_1,1,6.6666666666666675e-6,4.714045207910318e-6,0.3148148148148148,120.0
1_1_1_0_0_1_1_1_1_0_1_1_0_0_0_1_0_0_1_1_1_1_1_0_1_1_0_0_1_1_1_0_1_0_1_1_1_1,1,6.6666666666666675e-6,9.428090415820634e-6,0.345679012345679,190.0
1_1_1_1_1_1_1_0_1_0_1_1_1_0_0_1_0_0_0_1_0_0_1_0_1_1_1_1_1_1_1_1_1_0_1_0_1_1,1,6.6666666666666675e-6,4.714045207910318e-6,0.3333333333333333,135.0
1_1_1_1_1_1_1_0_1_1_1_0_1_0_1_0_1_0_0_1_0_0_0_1_1_0_1_1_0_1_0_1_0_1_1_0_1_0,1,6.6666666666666675e-6,4.714045207910318e-6,0.3271604938271605,135.0
1_0_1_1_1_1_0_0_0_1_1_0_1_1_1_0_1_1_0_1_0_0_0_0_1_1_1_1_1_1_0_1_1_1_0_0_1_0,1,6.6666666666666675e-6,4.714045207910318e-6,0.3148148148148148,185.0
0_1_0_1_1_0_1_0_1_0_0_1_0_1_0_0_0_0_0_1_1_1_0_1_0_0_1_1_0_0_1_1_0_0_0_0_1_1,1,6.6666666666666675e-6,4.714045207910318e-6,0.2777777777777778,150.0
1_1_1_1_1_1_1_0_1_0_1_1_0_0_0_1_0_0_0_1_1_1_1_1_0_0_1_1_0_1_1_1_1_1_1_1_1_1,1,6.6666666666666675e-6,4.714045207910318e-6,0.2962962962962963,85.0
0_0_0_1_0_1_0_1_0_1_1_0_1_0_1_1_1_1_0_1_0_0_0_1_1_0_1_1_0_0_0_0_0_0_1_1_1_1,1,6.6666666666666675e-6,4.714045207910318e-6,0.345679012345679,85.0
1_0_1_1_1_1_0_0_0_1_1_1_1_1_1_0_1_1_1_1_1_1_0_0_0_1_1_1_1_1_0_1_0_0_0_0_1_0,1,6.6666666666666675e-6,4.714045207910318e-6,0.2962962962962963,85.0
0_0_0_0_0_0_0_1_0_1_0_0_0_1_1_0_1_1_1_0_1_1_0_0_0_1_0_0_1_0_0_0_0_1_0_1_0_0,1,6.6666666666666675e-6,9.428090415820634e-6,0.3148148148148148,125.0
1_1_1_0_0_1_1_1_1_0_0_1_0_1_0_1_0_0_1_0_1_1_0_0_0_1_0_0_1_1_1_0_1_1_0_0_0_1,1,6.6666666666666675e-6,4.714045207910318e-6,0.3395061728395062,170.0
1_0_1_1_1_1_0_0_0_1_1_0_1_1_1_0_1_1_0_1_0_0_1_0_1_1_1_1_1_1_0_1_1_1_0_0_1_0,1,6.6666666666666675e-6,9.428090415820634e-6,0.32098765432098764,190.0
0_1_0_1_1_1_1_0_1_1_1_0_0_1_1_0_1_1_1_1_0_0_0_0_0_1_1_1_1_0_0_1_0_1_0_0_1_0,1,6.6666666666666675e-6,9.428090415820634e-6,0.30246913580246915,145.0
0_0_0_1_0_0_0_1_1_0_0_0_1_0_1_1_1_1_1_0_1_1_0_1_0_0_0_0_0_0_0_0_0_0_1_1_1_1,1,6.6666666666666675e-6,4.714045207910318e-6,0.30246913580246915,135.0
0_1_0_0_0_1_1_1_1_0_0_0_0_0_0_1_0_0_1_0_1_1_1_0_1_1_0_0_1_0_1_0_0_1_1_1_0_1,1,6.6666666666666675e-6,4.714045207910318e-6,0.2962962962962963,150.0
1_1_1_1_1_1_1_0_0_1_1_1_1_0_0_0_0_0_1_1_0_0_1_0_1_1_1_1_1_1_1_1_1_1_1_0_1_0,1,6.6666666666666675e-6,9.428090415820634e-6,0.3333333333333333,135.0
1_1_1_1_1_0_0_0_1_0_1_1_0_1_0_1_0_0_1_1_0_0_1_0_1_1_1_1_1_1_1_1_0_0_0_0_1_1,1,6.6666666666666675e-6,4.714045207910318e-6,0.3271604938271605,180.0
1_0_1_1_1_1_0_0_0_1_1_0_1_1_1_0_1_1_0_1_1_1_1_1_0_0_1_1_0_1_1_1_1_1_0_0_1_0,1,6.6666666666666675e-6,9.428090415820634e-6,0.3333333333333333,175.0
1_1_1_1_1_0_1_0_1_0_1_1_0_1_0_1_0_0_1_1_1_1_1_0_0_1_1_1_1_1_1_1_1_0_0_0_1_1,1,6.6666666666666675e-6,4.714045207910318e-6,0.32098765432098764,80.0
0_0_0_0_0_0_0_1_0_1_0_0_1_0_1_0_1_1_1_0_1_1_1_0_1_1_0_0_1_0_1_0_0_1_1_1_0_0,1,6.6666666666666675e-6,4.714045207910318e-6,0.32098765432098764,145.0
0_0_0_1_1_0_0_0_1_0_0_0_1_1_0_0_0_1_0_0_1_1_1_1_0_0_0_0_0_0_1_1_0_0_0_0_1_0,1,6.6666666666666675e-6,4.714045207910318e-6,0.35185185185185186,140.0
0_1_0_0_0_0_1_1_1_0_0_1_0_1_0_0_0_0_0_0_1_1_1_1_0_0_0_0_0_0_1_0_0_0_0_0_0_1,1,6.6666666666666675e-6,4.714045207910318e-6,0.3148148148148148,120.0
1_0_1_1_1_1_0_0_0_1_1_0_1_1_1_0_1_1_1_1_1_1_1_0_1_1_1_1_1_1_0_1_1_0_0_0_1_0,1,6.6666666666666675e-6,4.714045207910318e-6,0.2962962962962963,130.0
1_0_1_1_1_1_1_0_0_1_1_0_1_1_1_0_1_1_1_1_1_1_1_1_0_0_1_1_0_1_1_1_1_1_0_0_1_0,1,6.6666666666666675e-6,4.714045207910318e-6,0.3395061728395062,205.0
0_0_0_0_0_0_0_1_0_1_0_0_0_1_1_0_1_1_0_0_1_1_1_1_0_0_0_0_0_0_0_0_0_1_0_1_0_0,1,6.6666666666666675e-6,4.714045207910318e-6,0.3271604938271605,225.0
1_0_1_0_0_1_0_1_0_1_1_0_1_0_1_1_1_1_1_0_1_1_1_1_1_0_0_0_0_1_1_0_1_1_1_1_0_0,1,6.6666666666666675e-6,4.714045207910318e-6,0.2962962962962963,130.0
0_0_0_1_1_0_0_0_0_1_1_0_1_0_1_0_1_1_1_1_1_1_0_0_1_1_1_1_1_0_0_1_0_0_1_1_1_0,1,6.6666666666666675e-6,4.714045207910318e-6,0.3333333333333333,120.0
1_1_1_1_1_0_1_0_1_0_1_1_0_0_0_1_0_0_0_1_0_0_0_0_0_1_1_1_1_1_1_1_0_0_1_1_1_1,1,6.6666666666666675e-6,4.714045207910318e-6,0.30864197530864196,45.0
0_0_0_0_0_1_0_1_0_1_0_0_1_0_1_0_1_1_1_0_1_1_1_0_1_1_0_0_1_0_1_0_0_1_1_1_0_0,1,6.6666666666666675e-6,4.714045207910318e-6,0.3333333333333333,170.0
1_0_1_1_1_1_0_0_0_1_1_1_0_1_1_0_1_1_1_1_1_1_0_0_1_1_1_1_1_1_0_1_0_0_0_0_1_0,1,6.6666666666666675e-6,9.428090415820634e-6,0.30864197530864196,55.0
0_0_0_0_0_0_0_1_0_0_0_1_1_0_0_1_0_0_0_0_0_0_1_0_1_1_0_0_1_0_1_0_1_0_1_1_0_1,1,6.6666666666666675e-6,4.714045207910318e-6,0.32098765432098764,225.0
1_1_1_0_0_1_1_1_1_0_1_1_0_0_0_1_0_0_0_1_0_0_1_1_1_0_1_1_0_1_1_0_1_0_1_1_1_1,1,6.6666666666666675e-6,4.714045207910318e-6,0.3271604938271605,110.0
1_1_1_1_1_0_0_0_1_0_1_1_0_0_0_1_0_0_0_1_0_0_0_1_0_0_1_1_0_1_0_1_0_0_1_1_1_1,1,6.6666666666666675e-6,4.714045207910318e-6,0.3148148148148148,140.0
1_1_1_1_1_1_1_0_1_0_1_1_1_1_0_0_0_0_1_1_1_1_0_1_0_0_1_1_0_1_0_1_0_0_0_0_1_0,1,6.6666666666666675e-6,4.714045207910318e-6,0.3271604938271605,190.0
1_1_1_1_1_1_1_0_1_0_1_1_0_0_0_1_0_0_0_1_0_0_1_1_1_0_1_1_0_1_1_1_1_0_1_1_1_1,1,6.6666666666666675e-6,9.428090415820634e-6,0.29012345679012347,275.0
0_0_0_0_0_0_0_1_0_1_0_0_1_0_1_0_1_1_1_0_0_0_0_0_0_1_0_0_1_0_0_0_0_1_1_1_0_0,1,6.6666666666666675e-6,9.428090415820634e-6,0.32098765432098764,135.0
0_0_0_0_0_1_0_1_0_1_0_0_0_0_1_1_1_1_1_0_1_1_1_0_1_1_0_0_1_0_1_0_0_1_1_1_0_1,1,6.6666666666666675e-6,4.714045207910318e-6,0.3333333333333333,130.0
0_1_0_0_0_0_1_1_1_0_0_0_1_1_0_0_0_1_1_0_1_1_1_1_0_0_0_0_0_0_1_0_0_1_0_0_0_0,1,6.6666666666666675e-6,4.714045207910318e-6,0.3395061728395062,320.0
1_1_1_1_1_1_1_0_1_0_1_1_0_1_0_1_0_0_0_1_0_0_0_0_1_1_1_1_1_1_1_1_0_0_0_0_1_1,1,6.6666666666666675e-6,4.714045207910318e-6,0.30246913580246915,130.0
0_0_0_0_0_1_1_1_0_1_0_0_0_0_1_1_1_1_0_0_0_0_1_0_1_1_0_0_1_0_0_0_1_1_1_1_0_1,1,6.6666666666666675e-6,9.428090415820634e-6,0.3271604938271605,120.0
0_0_0_0_0_1_0_1_0_1_0_0_1_0_1_1_1_1_0_0_1_1_0_1_1_0_0_0_0_0_0_0_0_1_1_1_0_1,1,6.6666666666666675e-6,4.714045207910318e-6,0.345679012345679,135.0
1_1_1_1_1_0_0_0_1_0_1_1_0_0_0_1_0_0_0_1_1_1_0_1_1_0_1_1_0_1_1_1_0_0_1_1_1_1,1,6.6666666666666675e-6,9.428090415820634e-6,0.30864197530864196,65.0
1_0_1_0_0_0_0_1_0_0_0_1_1_0_0_1_0_1_1_0_0_0_1_0_1_1_0_0_1_1_1_0_1_0_1_1_0_1,1,6.6666666666666675e-6,4.714045207910318e-6,0.30864197530864196,195.0
1_0_1_1_1_1_1_0_0_1_1_1_1_1_1_1_1_1_1_1_0_0_0_0_1_1_1_1_1_1_0_1_1_0_0_0_1_0,1,6.6666666666666675e-6,4.714045207910318e-6,0.2654320987654321,145.0
0_1_0_1_0_0_1_1_1_0_0_0_1_1_0_0_0_0_0_0_0_0_0_0_0_1_0_0_1_0_1_0_1_1_0_0_0_0,1,6.6666666666666675e-6,4.714045207910318e-6,0.345679012345679,90.0
0_1_0_1_1_1_1_0_1_0_1_1_0_0_0_1_0_0_1_1_1_1_0_1_0_0_1_1_0_0_1_1_0_0_1_1_1_1,1,6.6666666666666675e-6,4.714045207910318e-6,0.2777777777777778,160.0
1_1_1_1_1_1_1_0_1_1_1_0_0_1_1_0_1_1_0_1_0_0_0_0_0_1_1_1_1_1_0_1_0_1_0_0_1_0,1,6.6666666666666675e-6,4.714045207910318e-6,0.32098765432098764,85.0
0_0_0_0_0_0_0_1_1_0_0_0_0_0_0_1_0_0_1_0_1_1_1_1_1_0_0_0_0_0_1_0_0_0_1_1_0_1,1,6.6666666666666675e-6,4.714045207910318e-6,0.3148148148148148,140.0
1_0_1_0_0_0_0_1_0_0_0_1_1_1_1_0_1_1_1_0_0_0_1_0_0_1_0_0_1_1_0_0_1_0_0_0_0_0,1,6.6666666666666675e-6,4.714045207910318e-6,0.30246913580246915,165.0
1_1_1_1_1_0_1_0_1_0_1_1_0_0_0_1_0_0_1_1_1_1_0_1_1_0_1_1_0_1_1_1_0_0_1_1_1_1,1,6.6666666666666675e-6,9.428090415820634e-6,0.30246913580246915,195.0
1_1_1_1_1_1_1_0_1_1_1_0_0_0_0_1_0_0_0_1_1_1_0_1_1_0_1_1_0_1_1_1_0_1_1_1_1_1,1,6.6666666666666675e-6,9.428090415820634e-6,0.30864197530864196,135.0
1_0_1_1_1_1_0_0_0_1_1_0_1_0_1_1_1_1_1_1_1_1_0_1_1_0_1_1_0_1_0_1_1_1_1_1_1_0,1,6.6666666666666675e-6,9.428090415820634e-6,0.3148148148148148,125.0
0_1_0_0_0_1_1_1_1_0_0_0_1_1_0_0_0_1_1_0_1_1_0_0_0_1_0_0_1_0_1_0_0_1_0_0_0_0,1,6.6666666666666675e-6,4.714045207910318e-6,0.3271604938271605,90.0
1_1_1_1_1_0_0_0_1_0_1_1_0_0_0_1_0_0_1_1_1_1_0_1_1_0_1_1_0_1_1_1_0_0_1_1_1_1,1,6.6666666666666675e-6,4.714045207910318e-6,0.30864197530864196,155.0
0_0_0_1_1_0_0_0_0_1_0_0_1_1_1_0_1_1_0_0_0_0_0_1_0_0_1_1_0_0_0_1_0_1_0_0_1_0,1,6.6666666666666675e-6,4.714045207910318e-6,0.3333333333333333,100.0
0_1_0_0_0_0_1_1_1_0_0_1_0_1_0_0_0_0_1_0_1_1_0_1_0_0_0_0_0_0_0_0_0_0_0_0_0_1,1,6.6666666666666675e-6,4.714045207910318e-6,0.3271604938271605,180.0
1_0_1_1_1_1_0_0_0_1_1_0_1_1_1_0_1_1_0_1_0_0_1_0_0_1_1_1_1_1_0_1_1_0_0_0_1_0,1,6.6666666666666675e-6,4.714045207910318e-6,0.32098765432098764,160.0
1_0_1_0_0_0_0_1_0_0_0_1_0_0_0_1_0_1_1_0_1_1_1_1_1_0_0_0_0_1_1_0_1_0_1_1_0_1,1,6.6666666666666675e-6,4.714045207910318e-6,0.29012345679012347,145.0
0_1_0_1_0_1_1_1_1_0_0_0_1_0_0_1_0_0_1_0_1_1_0_0_1_1_0_0_1_0_1_0_0_1_1_1_0_1,1,6.6666666666666675e-6,4.714045207910318e-6,0.3148148148148148,135.0
0_0_0_0_0_1_1_1_0_1_0_0_1_0_1_0_1_1_0_0_0_0_0_0_1_1_0_0_1_0_0_0_1_1_1_1_0_0,1,6.6666666666666675e-6,4.714045207910318e-6,0.3333333333333333,95.0
0_0_0_0_0_1_1_1_0_1_0_0_1_1_1_0_1_1_0_0_0_0_1_1_0_0_0_0_0_0_1_0_1_1_0_0_0_0,1,6.6666666666666675e-6,4.714045207910318e-6,0.30864197530864196,140.0
1_1_1_1_1_1_1_0_1_0_1_1_0_0_0_1_0_0_1_1_0_0_1_0_0_1_1_1_1_1_1_1_1_0_1_1_1_1,1,6.6666666666666675e-6,4.714045207910318e-6,0.3148148148148148,100.0
0_0_0_0_0_0_0_1_0_1_0_0_0_1_1_0_1_1_1_0_1_1_1_1_0_0_0_0_0_0_0_0_1_1_0_1_0_0,1,6.6666666666666675e-6,4.714045207910318e-6,0.3148148148148148,75.0
0_0_0_0_0_0_0_1_0_1_0_0_1_0_1_1_1_1_0_0_0_0_1_0_1_1_0_0_1_0_0_0_1_1_1_1_0_1,1,6.6666666666666675e-6,9.428090415820634e-6,0.3148148148148148,135.0
1_0_1_1_1_0_0_0_0_1_1_0_1_1_1_0_1_1_1_1_1_1_0_1_0_0_1_1_0_1_0_1_1_0_0_0_1_0,1,6.6666666666666675e-6,4.714045207910318e-6,0.3148148148148148,290.0
0_1_0_1_0_0_0_1_1_0_0_0_0_0_0_0_0_0_1_0_1_1_0_1_0_0_0_0_0_0_1_0_0_1_1_1_0_1,1,6.6666666666666675e-6,4.714045207910318e-6,0.2777777777777778,140.0
0_0_0_0_0_0_0_1_0_1_0_0_1_0_1_0_1_1_1_0_1_1_0_1_1_0_0_0_0_0_0_0_1_0_1_1_0_0,1,6.6666666666666675e-6,4.714045207910318e-6,0.2962962962962963,300.0
1_1_1_1_1_1_1_0_1_0_1_1_1_0_0_1_0_0_1_1_1_1_0_0_1_1_1_1_1_1_0_1_1_0_1_0_1_1,1,6.6666666666666675e-6,4.714045207910318e-6,0.3271604938271605,155.0
0_0_0_0_0_0_0_1_0_1_0_0_0_1_1_0_1_1_1_0_0_0_1_0_0_1_0_0_1_0_0_0_1_0_0_1_0_0,1,6.6666666666666675e-6,9.428090415820634e-6,0.2962962962962963,155.0
0_0_0_0_0_1_1_1_0_1_0_0_1_0_1_0_1_1_0_0_0_0_0_1_0_0_0_0_0_0_0_0_1_1_1_1_0_0,1,6.6666666666666675e-6,4.714045207910318e-6,0.30864197530864196,130.0
1_0_1_0_0_0_0_1_0_0_0_1_0_0_0_1_0_0_1_0_0_0_1_0_1_1_0_0_1_1_1_0_1_0_1_1_0_1,1,6.6666666666666675e-6,4.714045207910318e-6,0.2839506172839506,200.0
0_0_0_0_0_0_0_1_0_1_0_0_0_0_1_0_1_1_0_0_0_0_1_0_0_1_0_0_1_0_1_0_0_1_1_1_0_1,1,6.6666666666666675e-6,4.714045207910318e-6,0.2839506172839506,90.0
1_0_1_1_1_1_0_0_0_1_1_0_1_1_1_0_1_1_1_1_0_0_0_0_0_1_1_1_1_1_0_1_1_1_0_0_1_0,1,6.6666666666666675e-6,9.428090415820634e-6,0.32098765432098764,305.0
0_1_0_0_0_0_1_1_1_0_0_0_0_0_0_1_0_0_0_0_0_0_1_1_1_0_0_0_0_0_1_0_0_1_1_1_0_1,1,6.6666666666666675e-6,4.714045207910318e-6,0.2962962962962963,225.0
0_1_0_1_1_0_1_0_1_0_1_1_0_0_0_1_0_0_1_1_1_1_0_1_1_0_1_1_0_0_1_1_0_0_1_1_1_1,1,6.6666666666666675e-6,4.714045207910318e-6,0.2839506172839506,120.0
0_0_0_0_0_0_0_1_0_1_0_0_1_1_1_0_1_1_1_0_0_0_1_0_1_1_0_0_1_0_0_0_0_0_0_0_0_0,1,6.6666666666666675e-6,4.714045207910318e-6,0.29012345679012347,175.0
1_1_1_1_1_1_1_0_0_1_1_0_1_1_0_0_0_1_1_1_1_1_0_0_1_1_1_1_1_1_1_1_1_1_0_0_1_0,1,6.6666666666666675e-6,4.714045207910318e-6,0.32098765432098764,95.0
0_0_0_0_0_0_1_1_1_0_0_1_0_0_1_1_1_0_1_0_1_1_1_0_1_1_0_0_1_0_0_0_0_0_1_1_0_1,1,6.6666666666666675e-6,4.714045207910318e-6,0.32098765432098764,130.0
1_1_1_1_1_1_1_0_1_0_1_1_0_0_0_1_0_0_1_1_0_0_0_0_0_1_1_1_1_1_0_1_1_0_1_1_1_1,1,6.6666666666666675e-6,9.428090415820634e-6,0.3271604938271605,190.0
0_1_0_1_1_1_1_0_1_0_1_1_0_1_0_0_0_0_1_1_1_1_0_1_0_0_1_1_0_0_0_1_0_0_0_0_1_0,1,6.6666666666666675e-6,4.714045207910318e-6,0.30246913580246915,155.0
1_1_1_1_1_1_1_0_1_0_1_1_0_0_0_1_0_0_1_1_0_0_0_0_1_1_1_1_1_1_1_1_1_1_1_1_1_1,1,6.6666666666666675e-6,4.714045207910318e-6,0.2839506172839506,105.0
0_0_0_0_0_1_0_1_0_1_0_0_1_1_1_0_1_1_0_0_1_1_0_1_0_0_0_0_0_0_0_0_1_1_0_0_0_0,1,6.6666666666666675e-6,4.714045207910318e-6,0.30864197530864196,270.0
0_0_0_0_0_0_0_1_0_0_0_1_1_1_1_0_1_1_0_0_0_0_0_0_0_1_0_0_1_0_0_0_1_0_0_0_0_0,1,6.6666666666666675e-6,4.714045207910318e-6,0.3148148148148148,210.0
0_1_0_0_0_1_1_1_1_0_0_0_0_1_0_1_0_1_0_0_0_0_1_1_0_0_0_0_0_0_1_0_0_1_0_1_0_1,1,6.6666666666666675e-6,4.714045207910318e-6,0.3395061728395062,135.0
0_0_0_0_0_1_1_1_0_1_0_0_0_1_1_0_1_1_1_0_1_1_0_1_0_0_0_0_0_0_0_0_1_1_0_1_0_0,1,6.6666666666666675e-6,4.714045207910318e-6,0.3395061728395062,165.0
1_0_1_1_1_1_0_0_0_1_1_0_1_1_1_0_1_1_0_1_1_1_0_1_0_0_1_1_0_1_0_1_1_0_0_0_1_0,1,6.6666666666666675e-6,4.714045207910318e-6,0.3148148148148148,140.0
0_0_0_0_0_0_0_1_1_0_0_1_0_0_1_1_1_0_0_0_0_0_0_1_0_0_0_0_0_0_0_0_0_0_1_1_0_1,1,6.6666666666666675e-6,4.714045207910318e-6,0.3271604938271605,210.0
0_0_0_0_0_1_1_1_1_0_1_0_1_0_1_1_1_1_1_1_1_1_1_1_1_0_1_1_0_0_0_0_0_0_1_1_1_1,1,6.6666666666666675e-6,4.714045207910318e-6,0.345679012345679,145.0
0_0_0_0_0_0_0_1_0_1_0_0_1_1_1_0_1_1_1_0_1_1_0_1_1_0_0_0_0_0_0_0_1_1_0_0_0_0,1,6.6666666666666675e-6,4.714045207910318e-6,0.30246913580246915,135.0
0_0_0_0_0_1_0_1_0_1_0_0_0_0_1_1_1_1_1_0_1_1_1_1_1_0_0_0_0_0_1_0_1_1_1_1_0_1,1,6.6666666666666675e-6,4.714045207910318e-6,0.3395061728395062,165.0
0_1_0_1_1_1_1_0_1_0_1_1_0_0_0_1_0_0_0_1_0_0_1_0_0_1_1_1_1_0_1_1_0_1_1_1_1_1,1,6.6666666666666675e-6,4.714045207910318e-6,0.2654320987654321,270.0
1_1_1_1_1_1_1_0_0_1_1_1_0_1_1_0_1_1_0_1_1_1_0_1_1_0_1_1_0_1_0_1_1_1_0_0_1_0,1,6.6666666666666675e-6,4.714045207910318e-6,0.3271604938271605,90.0
1_1_1_0_0_1_0_1_0_1_1_1_0_0_1_1_1_0_1_1_1_1_1_0_1_1_0_1_1_1_1_0_1_1_1_1_0_1,1,6.6666666666666675e-6,9.428090415820634e-6,0.345679012345679,195.0
0_0_0_0_0_1_0_1_0_1_0_0_1_0_1_0_1_1_0_0_0_0_0_0_0_1_0_0_1_0_0_0_0_1_1_1_0_0,1,6.6666666666666675e-6,9.428090415820634e-6,0.3333333333333333,110.0
0_0_0_0_0_0_0_1_0_0_0_1_1_0_1_1_1_1_0_0_1_1_0_1_0_0_0_0_0_0_0_0_1_0_1_1_0_1,1,6.6666666666666675e-6,9.428090415820634e-6,0.32098765432098764,85.0
0_0_0_0_0_1_0_1_0_1_0_0_1_1_1_0_1_1_0_0_0_0_1_0_0_1_0_0_1_0_0_0_1_1_0_0_0_0,1,6.6666666666666675e-6,9.428090415820634e-6,0.30246913580246915,80.0
1_0_1_1_1_1_1_0_0_1_1_1_1_0_1_0_1_1_0_1_0_0_0_1_1_0_1_1_0_1_0_1_1_0_1_0_1_0,1,6.6666666666666675e-6,9.428090415820634e-6,0.3395061728395062,160.0
0_0_0_0_0_0_0_1_0_1_0_0_1_0_1_0_1_1_1_0_0_0_0_0_1_1_0_0_1_0_0_0_0_1_1_1_0_0,1,6.6666666666666675e-6,9.428090415820634e-6,0.3271604938271605,100.0
1_1_1_1_1_0_0_0_1_0_1_1_1_1_0_0_0_0_1_1_1_1_1_1_0_0_1_1_0_1_1_1_0_0_0_0_1_0,1,6.6666666666666675e-6,9.428090415820634e-6,0.3333333333333333,115.0
1_0_1_0_0_0_0_1_0_0_0_1_0_0_0_1_0_1_1_0_1_1_1_1_0_0_0_0_0_1_1_0_1_0_1_1_0_1,1,6.6666666666666675e-6,9.428090415820634e-6,0.2839506172839506,235.0
0_0_0_0_0_1_1_1_0_1_0_0_1_0_1_0_1_1_0_0_0_0_1_1_0_0_0_0_0_0_1_0_1_1_1_1_0_0,1,6.6666666666666675e-6,9.428090415820634e-6,0.32098765432098764,75.0
1_1_1_1_1_1_1_0_1_0_1_1_0_1_0_1_0_0_0_1_1_1_1_1_1_0_1_1_0_1_1_1_0_0_0_0_1_1,1,6.6666666666666675e-6,9.428090415820634e-6,0.30864197530864196,120.0
0_0_0_0_0_1_0_1_0_1_0_0_1_0_1_1_1_1_0_0_0_0_1_0_1_1_0_0_1_0_0_0_1_1_1_1_0_1,1,6.6666666666666675e-6,9.428090415820634e-6,0.3271604938271605,185.0
1_1_1_0_1_0_0_0_0_1_0_1_0_1_0_0_0_0_0_0_1_1_1_1_0_0_0_0_0_1_1_1_1_1_0_0_0_0,1,6.6666666666666675e-6,9.428090415820634e-6,0.3333333333333333,105.0
0_0_0_0_0_1_1_1_0_1_0_0_1_1_1_0_1_1_1_0_1_1_1_0_0_1_0_0_1_0_1_0_1_1_0_0_0_0,1,6.6666666666666675e-6,9.428090415820634e-6,0.30864197530864196,135.0
0_0_0_0_0_0_0_1_1_0_0_0_0_0_0_1_0_0_0_0_1_1_1_1_1_0_0_0_0_0_1_0_0_0_1_1_0_1,1,6.6666666666666675e-6,9.428090415820634e-6,0.3148148148148148,160.0
1_0_1_0_0_0_0_1_0_1_0_0_1_0_1_1_1_1_1_0_0_0_1_0_1_1_0_0_1_1_1_0_1_1_1_1_0_1,1,6.6666666666666675e-6,9.428090415820634e-6,0.30246913580246915,230.0
1_0_1_1_1_1_0_0_0_1_1_1_0_0_1_1_1_0_1_1_0_0_0_0_1_1_1_1_1_1_0_1_1_0_1_1_1_1,1,6.6666666666666675e-6,9.428090415820634e-6,0.3395061728395062,335.0
1_1_1_1_1_0_1_0_1_0_1_1_1_1_0_0_0_0_0_1_0_0_1_1_0_0_1_1_0_1_1_1_1_0_0_0_1_0,1,6.6666666666666675e-6,9.428090415820634e-6,0.32098765432098764,95.0
1_1_1_1_1_0_1_0_1_0_1_1_1_1_0_1_0_0_1_1_1_1_0_1_1_0_1_1_0_1_0_1_1_0_0_0_1_0,1,6.6666666666666675e-6,9.428090415820634e-6,0.2962962962962963,125.0
1_1_1_1_1_0_1_0_1_0_1_1_0_1_0_0_0_0_1_1_1_1_1_1_0_0_1_1_0_1_1_1_0_0_0_0_1_0,1,6.6666666666666675e-6,9.428090415820634e-6,0.3333333333333333,180.0
1_1_1_0_1_0_0_0_0_1_0_1_1_1_0_0_0_1_0_0_0_0_0_0_0_1_0_0_1_1_1_1_1_1_0_0_0_0,1,6.6666666666666675e-6,9.428090415820634e-6,0.3148148148148148,110.0
1_0_1_1_1_1_1_0_0_1_1_0_1_1_1_0_1_1_1_1_1_1_0_1_1_0_1_1_0_1_0_1_1_1_0_0_1_0,1,6.6666666666666675e-6,9.428090415820634e-6,0.32098765432098764,225.0
0_0_0_0_0_0_0_1_0_1_0_0_0_1_1_0_1_1_0_0_0_0_1_1_0_0_0_0_0_0_0_0_0_1_0_1_0_0,1,6.6666666666666675e-6,9.428090415820634e-6,0.30864197530864196,145.0
1_0_1_1_1_1_1_0_0_1_1_0_1_0_1_1_1_1_1_1_1_1_1_0_1_1_1_1_1_1_1_1_1_1_1_1_1_0,1,6.6666666666666675e-6,9.428090415820634e-6,0.3148148148148148,180.0
0_0_0_0_0_0_0_1_0_0_0_1_1_0_1_1_1_1_0_0_0_0_1_0_0_1_0_0_1_0_0_0_1_0_1_1_0_1,1,6.6666666666666675e-6,9.428090415820634e-6,0.3148148148148148,105.0
1_1_1_1_1_1_1_0_1_0_1_1_1_0_0_1_0_0_0_1_1_1_0_1_1_0_1_1_0_1_1_1_1_1_1_0_1_1,1,6.6666666666666675e-6,9.428090415820634e-6,0.30864197530864196,165.0
0_1_0_0_0_0_0_1_1_0_0_1_0_0_0_1_0_0_0_0_1_1_0_1_1_0_0_0_0_0_0_0_0_0_1_1_0_1,1,6.6666666666666675e-6,9.428090415820634e-6,0.3395061728395062,130.0
1_1_1_1_1_1_1_0_1_1_1_0_1_0_0_0_0_0_0_1_1_1_1_1_1_0_1_1_0_1_1_1_0_1_1_0_1_0,1,6.6666666666666675e-6,9.428090415820634e-6,0.3333333333333333,230.0
1_0_1_0_1_0_0_0_0_1_1_1_1_0_1_0_1_1_0_1_0_0_1_1_1_0_1_1_0_1_0_1_1_0_1_0_1_0,1,6.6666666666666675e-6,9.428090415820634e-6,0.345679012345679,155.0
1_0_1_0_1_0_0_0_0_1_1_1_0_1_1_0_1_1_1_1_1_1_1_0_1_1_1_1_1_1_0_1_0_0_0_0_1_0,1,6.6666666666666675e-6,9.428090415820634e-6,0.32098765432098764,125.0
0_1_0_0_0_0_0_1_1_0_0_0_0_0_0_0_0_0_0_0_1_1_1_1_0_0_0_0_0_0_1_0_0_1_1_1_0_1,1,6.6666666666666675e-6,9.428090415820634e-6,0.2654320987654321,180.0
0_1_0_1_1_0_0_0_0_1_0_0_1_1_0_0_0_1_0_0_0_0_0_0_0_1_0_0_1_0_1_1_1_1_0_0_0_0,1,6.6666666666666675e-6,9.428090415820634e-6,0.3395061728395062,110.0
1_1_1_1_1_0_0_0_1_0_1_1_0_1_0_0_0_0_1_1_1_1_0_0_0_1_1_1_1_1_1_1_0_0_0_0_1_0,1,6.6666666666666675e-6,9.428090415820634e-6,0.3148148148148148,160.0
1_0_1_0_0_0_0_1_0_0_0_1_1_0_0_1_0_0_0_0_0_0_1_0_1_1_0_0_1_1_1_0_1_0_1_1_0_1,1,6.6666666666666675e-6,9.428090415820634e-6,0.30246913580246915,145.0
0_1_0_0_0_1_1_1_1_0_0_1_0_0_0_1_0_0_0_0_1_1_0_1_0_0_0_0_0_0_1_0_0_1_1_1_0_1,1,6.6666666666666675e-6,9.428090415820634e-6,0.3148148148148148,100.0
1_1_1_1_1_1_1_0_1_0_1_1_1_1_0_1_0_0_0_1_1_1_0_1_1_0_1_1_0_1_0_1_1_0_0_0_1_0,1,6.6666666666666675e-6,9.428090415820634e-6,0.2839506172839506,185.0
1_0_1_0_1_1_0_0_0_1_1_1_1_1_1_0_1_1_0_1_0_0_1_1_0_0_1_1_0_1_0_1_1_0_0_0_1_0,1,6.6666666666666675e-6,9.428090415820634e-6,0.30864197530864196,135.0
0_1_0_0_0_1_1_1_1_0_0_0_0_0_0_1_0_0_1_0_1_1_1_1_1_0_0_0_0_0_1_0_1_1_1_1_0_1,1,6.6666666666666675e-6,9.428090415820634e-6,0.3148148148148148,205.0
0_0_0_0_0_0_0_1_0_1_0_0_1_1_1_0_1_1_1_0_0_0_0_0_0_1_0_0_1_0_0_0_1_1_0_0_0_0,1,6.6666666666666675e-6,9.428090415820634e-6,0.2962962962962963,250.0
1_0_1_1_1_0_0_0_0_1_1_1_0_0_1_1_1_1_1_1_1_1_0_0_1_1_1_1_1_1_0_1_0_0_1_1_1_1,1,6.6666666666666675e-6,9.428090415820634e-6,0.3148148148148148,155.0
1_0_1_0_1_0_0_0_0_1_1_1_0_1_1_0_1_1_1_1_1_1_1_0_0_1_1_1_1_1_0_1_1_0_0_0_1_0,1,6.6666666666666675e-6,9.428090415820634e-6,0.3148148148148148,110.0
0_1_0_1_1_0_1_0_1_0_0_1_0_1_0_0_0_0_1_1_1_1_0_1_0_0_1_1_0_0_0_1_0_0_0_0_1_1,1,6.6666666666666675e-6,9.428090415820634e-6,0.2962962962962963,155.0
1_0_1_1_1_0_0_0_0_1_1_1_1_0_1_0_1_0_1_1_0_0_0_0_1_1_1_1_1_1_0_1_1_0_1_0_1_0,1,6.6666666666666675e-6,9.428090415820634e-6,0.35802469135802467,195.0
1_1_1_1_1_0_0_0_1_0_1_1_0_1_0_1_0_0_0_1_0_0_0_1_0_0_1_1_0_1_1_1_0_0_0_0_1_1,1,6.6666666666666675e-6,9.428090415820634e-6,0.30864197530864196,105.0
0_1_0_0_0_0_0_1_1_0_0_1_0_1_0_0_0_0_1_0_1_1_0_0_0_1_0_0_1_0_0_0_0_0_0_0_0_1,1,6.6666666666666675e-6,9.428090415820634e-6,0.3148148148148148,185.0
0_0_0_0_0_1_0_1_0_1_0_0_1_0_1_0_1_1_0_0_1_1_1_1_1_0_0_0_0_0_0_0_1_1_1_1_0_0,1,6.6666666666666675e-6,9.428090415820634e-6,0.32098765432098764,185.0
0_0_0_0_0_1_1_1_0_1_0_0_0_1_1_0_1_1_0_0_0_0_1_0_0_1_0_0_1_0_1_0_1_1_0_1_0_0,1,6.6666666666666675e-6,9.428090415820634e-6,0.35185185185185186,95.0
0_0_0_0_0_0_0_1_1_0_0_0_1_0_0_1_0_1_0_0_0_0_1_0_1_1_0_0_1_0_1_0_0_0_1_1_0_1,1,6.6666666666666675e-6,9.428090415820634e-6,0.3271604938271605,90.0
0_0_0_0_0_0_0_1_0_1_0_0_0_1_1_0_1_1_1_0_1_1_0_1_0_0_0_0_0_0_0_0_1_0_0_1_0_0,1,6.6666666666666675e-6,9.428090415820634e-6,0.30246913580246915,150.0
1_1_1_1_1_1_1_0_0_1_1_1_0_1_0_0_0_0_1_1_0_0_0_0_1_1_1_1_1_1_1_1_1_1_0_0_1_0,1,6.6666666666666675e-6,9.428090415820634e-6,0.3148148148148148,205.0
1_1_1_1_1_1_1_0_1_0_1_1_0_1_0_1_0_0_1_1_0_0_0_0_1_1_1_1_1_1_1_1_0_1_0_0_1_1,1,6.6666666666666675e-6,9.428090415820634e-6,0.2839506172839506,130.0
1_1_1_1_1_1_1_0_1_1_1_0_1_1_1_0_1_1_0_1_1_1_0_1_0_0_1_1_0_1_0_1_0_1_0_0_1_0,1,6.6666666666666675e-6,9.428090415820634e-6,0.3148148148148148,320.0
0_1_0_0_0_1_1_1_1_0_0_0_0_0_0_1_0_0_0_0_0_0_1_0_0_1_0_0_1_0_1_0_1_1_1_1_0_1,1,6.6666666666666675e-6,9.428090415820634e-6,0.30864197530864196,105.0
0_1_0_1_1_1_1_0_1_0_1_1_0_0_0_1_0_0_0_1_0_0_0_0_1_1_1_1_1_0_0_1_0_0_1_1_1_1,1,6.6666666666666675e-6,9.428090415820634e-6,0.29012345679012347,140.0
1_1_1_1_1_1_1_0_1_0_1_1_0_0_0_1_0_0_0_1_0_0_0_0_0_1_1_1_1_1_1_1_1_1_1_1_1_1,1,6.6666666666666675e-6,9.428090415820634e-6,0.29012345679012347,150.0
0_0_0_0_0_0_0_1_0_1_0_0_1_0_1_1_1_1_0_0_0_0_1_1_1_0_0_0_0_0_0_0_0_1_1_1_0_1,1,6.6666666666666675e-6,9.428090415820634e-6,0.30864197530864196,170.0
0_0_0_0_0_1_1_1_0_1_0_0_0_0_1_1_1_1_0_0_0_0_0_0_1_1_0_0_1_0_0_0_1_1_1_1_0_1,1,6.6666666666666675e-6,9.428090415820634e-6,0.3333333333333333,240.0
0_0_0_0_0_0_0_1_0_1_0_0_1_1_1_0_1_1_1_0_1_1_1_1_1_0_0_0_0_0_0_0_1_1_0_0_0_0,1,6.6666666666666675e-6,9.428090415820634e-6,0.2962962962962963,140.0
1_0_1_1_1_1_0_0_0_1_1_0_1_1_1_0_1_1_1_1_1_1_0_1_1_0_1_1_0_1_0_1_1_0_0_0_1_0,1,6.6666666666666675e-6,9.428090415820634e-6,0.30864197530864196,65.0
1_1_1_1_1_1_1_0_1_0_1_1_0_0_0_1_0_0_1_1_1_1_0_1_1_0_1_1_0_1_0_1_1_0_1_1_1_1,1,6.6666666666666675e-6,9.428090415820634e-6,0.32098765432098764,230.0
1_1_1_1_1_1_1_0_1_1_1_0_0_0_1_1_1_0_1_1_0_0_0_0_1_1_1_1_1_1_0_1_0_1_1_1_1_1,1,6.6666666666666675e-6,9.428090415820634e-6,0.3271604938271605,125.0
0_1_0_0_0_0_0_1_1_0_0_0_0_0_0_1_0_0_0_0_0_0_1_1_1_0_0_0_0_0_1_0_0_1_1_1_0_1,1,6.6666666666666675e-6,9.428090415820634e-6,0.30246913580246915,130.0
1_0_1_0_1_1_0_0_0_1_1_1_1_1_1_1_1_1_0_1_1_1_1_1_1_0_1_1_0_1_0_1_1_0_0_0_1_0,1,6.6666666666666675e-6,9.428090415820634e-6,0.2716049382716049,170.0
1_0_1_0_0_1_0_1_0_1_0_0_1_1_1_0_1_1_0_0_0_0_1_0_0_1_0_0_1_1_0_0_1_1_0_0_0_0,1,6.6666666666666675e-6,9.428090415820634e-6,0.2839506172839506,170.0
1_1_1_1_1_1_1_0_1_0_1_1_0_0_0_1_0_0_1_1_1_1_0_1_1_0_1_1_0_1_1_1_1_1_1_1_1_1,1,6.6666666666666675e-6,9.428090415820634e-6,0.2839506172839506,175.0
0_0_0_0_0_0_0_1_1_0_0_0_0_0_0_1_0_0_1_0_1_1_1_1_0_0_0_0_0_0_1_0_0_0_1_1_0_1,1,6.6666666666666675e-6,9.428090415820634e-6,0.30864197530864196,110.0
0_0_0_0_0_1_0_1_0_1_0_0_1_0_1_1_1_1_0_0_0_0_1_0_1_1_0_0_1_0_1_0_1_1_1_1_0_1,1,6.6666666666666675e-6,9.428090415820634e-6,0.345679012345679,260.0
1_1_1_1_1_1_0_0_0_1_1_0_1_1_0_0_0_1_0_1_0_0_1_1_1_0_1_1_0_1_1_1_1_1_0_0_1_0,1,6.6666666666666675e-6,9.428090415820634e-6,0.32098765432098764,140.0
1_1_1_1_1_0_1_0_1_0_1_1_0_0_0_1_0_0_1_1_1_1_0_1_0_0_1_1_0_1_0_1_0_0_1_1_1_1,1,3.3333333333333337e-6,4.714045207910317e-6,0.3271604938271605,140.0
1_1_1_1_1_1_1_0_1_0_1_1_0_0_0_1_0_0_0_1_1_1_0_1_1_0_1_1_0_1_1_1_1_1_1_1_1_1,1,3.3333333333333337e-6,4.714045207910317e-6,0.2839506172839506,160.0
1_0_1_1_1_1_1_0_1_1_1_0_1_1_1_0_1_1_0_1_0_0_0_0_1_1_1_1_1_1_0_1_0_0_0_0_1_0,1,3.3333333333333337e-6,4.714045207910317e-6,0.3148148148148148,180.0
1_1_1_1_1_0_0_0_0_1_0_1_0_1_0_0_0_0_1_0_0_0_0_0_0_1_0_0_1_1_1_1_1_1_0_0_0_0,1,3.3333333333333337e-6,4.714045207910317e-6,0.345679012345679,90.0
1_1_1_1_1_0_0_0_1_0_1_1_1_0_0_1_0_0_1_1_1_1_0_1_1_0_1_1_0_1_0_1_0_0_1_0_1_1,1,3.3333333333333337e-6,4.714045207910317e-6,0.35185185185185186,80.0
0_0_0_1_0_0_0_1_0_0_0_0_0_0_1_0_1_0_0_0_0_0_1_1_0_0_0_0_0_0_0_0_1_0_1_1_0_1,0,3.3333333333333337e-6,4.714045207910317e-6,0.16666666666666666,1001.0
0_1_0_1_1_0_1_0_1_0_0_0_1_1_0_0_0_1_0_0_1_1_0_1_0_0_1_0_0_0_0_1_0_1_0_0_1_0,1,3.3333333333333337e-6,4.714045207910317e-6,0.37037037037037035,90.0
1_1_1_1_1_1_1_0_1_0_1_1_0_0_0_1_0_0_1_1_1_1_1_1_0_0_1_1_0_1_1_1_1_0_1_1_1_1,1,3.3333333333333337e-6,4.714045207910317e-6,0.3148148148148148,330.0
1_1_1_1_1_1_1_0_1_0_1_1_0_0_0_1_0_0_0_1_1_1_1_1_0_0_1_1_0_1_1_1_0_0_1_1_1_1,1,3.3333333333333337e-6,4.714045207910317e-6,0.30246913580246915,120.0
0_1_0_1_1_0_1_0_1_0_1_1_0_0_0_1_0_0_0_1_1_1_0_1_0_0_1_1_0_0_1_1_0_0_1_1_1_1,1,3.3333333333333337e-6,4.714045207910317e-6,0.29012345679012347,110.0
0_0_0_1_1_0_0_0_1_0_0_0_1_1_0_0_0_1_1_0_1_1_1_0_0_1_1_1_1_0_1_1_0_0_0_0_1_0,1,3.3333333333333337e-6,4.714045207910317e-6,0.35185185185185186,110.0
0_1_0_1_0_1_1_1_1_0_0_0_0_0_0_1_0_0_1_0_1_1_0_1_0_0_0_0_0_0_1_0_0_1_1_1_0_1,1,3.3333333333333337e-6,4.714045207910317e-6,0.32098765432098764,90.0
1_0_1_0_1_0_0_0_0_1_1_1_0_1_1_0_1_1_0_1_1_1_1_1_1_0_1_1_0_1_0_1_1_0_0_0_1_0,1,3.3333333333333337e-6,4.714045207910317e-6,0.3395061728395062,350.0
0_1_0_0_0_1_1_1_1_0_0_0_1_1_0_0_0_0_1_0_0_0_1_0_0_1_0_0_1_0_1_0_1_1_0_0_0_0,1,3.3333333333333337e-6,4.714045207910317e-6,0.3333333333333333,130.0
1_0_1_1_1_1_1_0_1_1_1_0_0_1_1_0_1_1_0_1_0_0_0_0_1_1_1_1_1_1_0_1_0_0_0_0_1_0,1,3.3333333333333337e-6,4.714045207910317e-6,0.3333333333333333,320.0
1_1_1_1_1_1_1_0_1_0_1_1_0_1_0_0_0_0_1_1_0_0_1_0_0_1_1_1_1_1_1_1_1_1_0_0_1_0,1,3.3333333333333337e-6,4.714045207910317e-6,0.3148148148148148,100.0
1_1_1_1_1_1_1_0_1_0_1_1_0_1_0_1_0_0_1_1_1_1_0_0_1_1_1_1_1_1_1_1_1_1_0_0_1_1,1,3.3333333333333337e-6,4.714045207910317e-6,0.2777777777777778,150.0
1_1_1_1_1_0_1_0_1_0_1_1_0_0_0_1_0_0_1_1_1_1_0_0_0_1_1_1_1_1_1_1_1_0_1_1_1_1,1,3.3333333333333337e-6,4.714045207910317e-6,0.30246913580246915,80.0
1_1_1_1_1_0_0_0_1_0_1_1_1_0_0_1_0_0_1_1_0_0_1_0_1_1_1_1_1_1_1_1_0_0_1_0_1_1,1,3.3333333333333337e-6,4.714045207910317e-6,0.3395061728395062,110.0
0_0_0_0_0_1_0_1_0_1_0_0_1_0_1_0_1_1_1_0_1_1_1_1_1_0_0_0_0_0_1_0_1_1_1_1_0_0,1,3.3333333333333337e-6,4.714045207910317e-6,0.3395061728395062,140.0
1_1_1_1_1_1_1_0_0_1_1_1_0_1_0_0_0_0_1_1_0_0_1_0_1_1_1_1_1_1_1_1_1_1_0_0_1_0,1,3.3333333333333337e-6,4.714045207910317e-6,0.32098765432098764,90.0
0_1_0_1_1_1_1_0_1_0_1_1_0_1_0_1_0_0_1_1_1_1_0_1_0_0_1_1_0_0_1_1_0_1_0_0_1_1,1,3.3333333333333337e-6,4.714045207910317e-6,0.2716049382716049,110.0
1_0_1_0_0_0_0_1_0_0_0_1_0_0_0_1_0_0_1_0_1_1_1_1_1_0_0_0_0_1_1_0_1_0_1_1_0_1,1,3.3333333333333337e-6,4.714045207910317e-6,0.2839506172839506,120.0
0_0_0_0_0_1_0_1_0_1_0_0_1_0_1_0_1_1_1_0_1_1_1_0_0_1_0_0_1_0_1_0_0_1_1_1_0_0,1,3.3333333333333337e-6,4.714045207910317e-6,0.3271604938271605,230.0
0_1_0_1_0_0_1_1_1_0_0_0_0_0_0_1_0_0_0_0_0_0_0_0_0_1_0_0_1_0_1_0_0_1_1_1_0_1,1,3.3333333333333337e-6,4.714045207910317e-6,0.32098765432098764,160.0
0_0_0_0_0_1_0_1_0_1_0_0_0_0_1_1_1_1_1_0_0_0_1_0_1_1_0_0_1_0_0_0_1_1_1_1_0_1,1,3.3333333333333337e-6,4.714045207910317e-6,0.32098765432098764,130.0
0_1_0_0_0_1_1_1_1_0_0_0_0_0_0_1_0_0_1_0_0_0_1_0_1_1_0_0_1_0_1_0_0_1_1_1_0_1,1,3.3333333333333337e-6,4.714045207910317e-6,0.3148148148148148,90.0
1_0_1_0_1_0_0_0_0_1_1_1_0_1_1_0_1_1_1_1_1_1_1_0_1_1_1_1_1_1_0_1_1_0_0_0_1_0,1,3.3333333333333337e-6,4.714045207910317e-6,0.32098765432098764,50.0
1_0_1_0_0_0_0_1_0_1_0_0_1_0_1_1_1_1_0_0_0_0_1_0_1_1_0_0_1_1_1_0_1_1_1_1_0_1,1,3.3333333333333337e-6,4.714045207910317e-6,0.30246913580246915,150.0
1_1_1_1_1_0_0_0_1_0_1_1_0_1_0_1_0_0_1_1_1_1_1_1_1_0_1_1_0_1_1_1_0_0_0_0_1_1,1,3.3333333333333337e-6,4.714045207910317e-6,0.3271604938271605,130.0
0_1_0_1_0_0_1_1_1_0_0_0_1_1_0_0_0_0_0_0_0_0_0_1_0_0_0_0_0_0_1_0_1_1_0_0_0_0,1,3.3333333333333337e-6,4.714045207910317e-6,0.3271604938271605,70.0
1_1_1_1_1_1_1_0_1_0_1_1_0_1_0_0_0_0_0_1_1_1_0_1_0_0_1_1_0_1_1_1_1_0_0_0_1_0,1,3.3333333333333337e-6,4.714045207910317e-6,0.3271604938271605,220.0
1_1_1_1_1_0_1_0_1_0_1_1_0_1_0_1_0_0_1_1_0_0_0_0_1_1_1_1_1_1_0_1_0_0_0_0_1_1,1,3.3333333333333337e-6,4.714045207910317e-6,0.3333333333333333,90.0
1_0_1_1_1_0_0_0_0_1_1_1_1_1_1_0_1_1_0_1_1_1_0_1_0_0_1_1_0_1_0_1_1_0_0_0_1_0,1,3.3333333333333337e-6,4.714045207910317e-6,0.3148148148148148,120.0
1_1_1_1_1_1_1_0_1_0_1_1_1_0_0_1_0_0_1_1_1_1_0_0_1_1_1_1_1_1_1_1_1_0_1_0_1_1,1,3.3333333333333337e-6,4.714045207910317e-6,0.30864197530864196,140.0
0_1_0_0_0_0_0_1_0_0_0_1_1_1_0_0_0_1_1_0_0_0_0_0_0_1_0_0_1_0_1_0_1_1_0_0_0_0,1,3.3333333333333337e-6,4.714045207910317e-6,0.35185185185185186,60.0
0_0_0_0_0_0_0_1_0_1_0_0_1_0_1_0_1_1_1_0_0_0_1_0_0_1_0_0_1_0_0_0_1_0_1_1_0_0,1,3.3333333333333337e-6,4.714045207910317e-6,0.2839506172839506,200.0
1_0_1_0_0_1_1_1_1_0_1_1_1_0_1_1_1_0_1_1_1_1_1_0_1_1_0_0_1_1_0_0_1_0_1_0_1_1,1,3.3333333333333337e-6,4.714045207910317e-6,0.3765432098765432,140.0
0_0_0_0_0_0_0_1_0_0_0_1_0_1_1_1_1_1_0_0_0_0_0_0_0_1_0_0_1_0_0_0_1_0_0_1_0_1,1,3.3333333333333337e-6,4.714045207910317e-6,0.3333333333333333,270.0
1_1_1_0_0_1_0_1_0_1_1_1_0_0_0_1_0_0_1_1_1_1_1_1_1_0_0_0_0_1_1_0_1_1_1_1_0_1,1,3.3333333333333337e-6,4.714045207910317e-6,0.35185185185185186,290.0
0_1_0_1_0_1_1_1_1_0_0_0_1_1_0_0_0_0_0_0_0_0_0_1_0_0_0_0_0_0_1_0_0_1_0_0_0_0,1,3.3333333333333337e-6,4.714045207910317e-6,0.3271604938271605,100.0
1_1_1_1_1_0_1_0_1_0_1_1_0_1_0_0_0_0_1_1_1_1_0_1_0_0_1_1_0_1_1_1_1_0_0_0_1_0,1,3.3333333333333337e-6,4.714045207910317e-6,0.3395061728395062,170.0
0_0_0_0_0_0_0_1_0_1_0_0_0_1_1_0_1_1_1_0_1_1_0_1_0_0_0_0_0_0_0_0_0_0_0_1_0_0,1,3.3333333333333337e-6,4.714045207910317e-6,0.3148148148148148,130.0
1_1_1_1_1_0_0_0_0_1_0_1_1_1_0_0_0_0_0_0_1_1_0_1_0_0_0_0_0_1_1_1_1_1_0_0_0_0,1,3.3333333333333337e-6,4.714045207910317e-6,0.3395061728395062,110.0
1_1_1_0_0_1_1_1_1_0_1_1_0_0_0_1_0_0_1_1_1_1_1_1_0_0_1_1_0_1_1_0_1_0_1_1_1_1,1,3.3333333333333337e-6,4.714045207910317e-6,0.35185185185185186,140.0
1_1_1_1_1_1_1_0_1_1_1_0_1_1_1_0_1_0_0_1_1_1_0_1_1_0_1_1_0_1_0_1_0_1_0_0_1_0,1,3.3333333333333337e-6,4.714045207910317e-6,0.3148148148148148,140.0
1_1_1_1_1_0_0_0_1_0_1_1_0_0_0_1_0_0_1_1_0_0_0_0_1_1_1_1_1_1_0_1_0_0_1_1_1_1,1,3.3333333333333337e-6,4.714045207910317e-6,0.3271604938271605,130.0
0_0_0_0_0_0_0_1_0_1_0_0_1_0_1_0_1_1_0_0_1_1_1_1_0_0_0_0_0_0_0_0_0_0_1_1_0_0,1,3.3333333333333337e-6,4.714045207910317e-6,0.2962962962962963,200.0
0_0_0_0_0_0_0_1_0_1_0_0_1_0_1_0_1_1_1_0_1_1_0_1_0_0_0_0_0_0_0_0_0_0_1_1_0_0,1,3.3333333333333337e-6,4.714045207910317e-6,0.30246913580246915,50.0
1_0_1_1_1_0_0_0_0_1_1_1_1_0_1_0_1_1_1_1_0_0_0_0_1_1_1_1_1_1_0_1_1_0_1_0_1_0,1,3.3333333333333337e-6,4.714045207910317e-6,0.35185185185185186,60.0
0_1_0_0_0_0_0_1_0_0_0_1_0_0_0_1_0_0_0_0_0_0_1_0_0_1_0_0_1_0_1_0_1_1_1_1_0_1,1,3.3333333333333337e-6,4.714045207910317e-6,0.3148148148148148,320.0
1_0_1_0_0_0_0_1_0_1_0_0_1_1_1_0_1_1_0_0_1_1_1_1_1_0_0_0_0_1_0_0_1_1_0_0_0_0,1,3.3333333333333337e-6,4.714045207910317e-6,0.2777777777777778,180.0
1_1_1_1_1_1_1_0_1_0_1_1_1_1_0_0_0_0_1_1_0_0_1_0_0_1_1_1_1_1_1_1_1_1_0_0_1_0,1,3.3333333333333337e-6,4.714045207910317e-6,0.30864197530864196,60.0
0_0_0_0_0_1_1_1_0_1_0_0_0_0_1_1_1_1_0_0_1_1_1_1_1_0_0_0_0_0_1_0_1_1_1_1_0_1,1,3.3333333333333337e-6,4.714045207910317e-6,0.345679012345679,180.0
1_0_1_1_1_1_0_0_0_1_1_0_1_0_1_1_1_1_0_1_0_0_0_0_1_1_1_1_1_1_0_1_1_0_1_1_1_0,1,3.3333333333333337e-6,4.714045207910317e-6,0.30864197530864196,40.0
1_1_1_1_1_1_1_0_0_1_1_1_1_1_1_0_1_0_1_1_0_0_0_0_1_1_1_1_1_1_0_1_1_1_0_0_1_0,1,3.3333333333333337e-6,4.714045207910317e-6,0.3148148148148148,200.0
1_1_1_1_1_0_0_0_1_0_1_1_0_1_0_1_0_0_0_1_0_0_0_1_1_0_1_1_0_1_0_1_0_0_0_0_1_1,1,3.3333333333333337e-6,4.714045207910317e-6,0.32098765432098764,190.0
0_0_0_0_0_0_0_1_0_1_0_0_1_1_1_0_1_1_1_0_1_1_0_1_1_0_0_0_0_0_0_0_0_0_0_0_0_0,1,3.3333333333333337e-6,4.714045207910317e-6,0.2962962962962963,190.0
0_1_0_0_0_0_0_1_1_0_0_1_0_1_0_0_0_0_0_0_1_1_1_1_0_0_0_0_0_0_1_0_0_0_0_0_0_1,1,3.3333333333333337e-6,4.714045207910317e-6,0.32098765432098764,140.0
0_1_0_1_1_0_0_0_0_1_0_0_0_1_0_0_0_1_1_0_1_1_0_0_0_1_0_0_1_0_1_1_1_1_0_1_0_0,1,3.3333333333333337e-6,4.714045207910317e-6,0.345679012345679,110.0
1_0_1_1_1_0_0_0_0_1_1_1_1_0_1_0_1_0_0_1_0_0_1_1_1_0_1_1_0_1_0_1_1_0_1_0_1_0,1,3.3333333333333337e-6,4.714045207910317e-6,0.345679012345679,70.0
1_1_1_1_1_0_1_0_1_0_1_1_0_0_0_1_0_0_1_1_1_1_1_0_1_1_1_1_1_1_1_1_1_0_1_1_1_1,1,3.3333333333333337e-6,4.714045207910317e-6,0.30246913580246915,140.0
1_1_1_1_1_0_1_0_1_0_1_1_0_1_0_1_0_0_0_1_0_0_0_0_0_1_1_1_1_1_0_1_0_0_0_0_1_1,1,3.3333333333333337e-6,4.714045207910317e-6,0.3395061728395062,120.0
0_1_0_0_0_0_0_1_1_0_0_1_0_1_0_0_0_0_1_0_1_1_0_1_0_0_0_0_0_0_0_0_0_0_0_0_0_1,1,3.3333333333333337e-6,4.714045207910317e-6,0.3333333333333333,180.0
0_0_0_0_0_0_0_1_0_1_0_0_0_0_1_1_1_1_1_0_1_1_1_1_1_0_0_0_0_0_1_0_1_1_1_1_0_1,1,3.3333333333333337e-6,4.714045207910317e-6,0.3271604938271605,150.0
0_1_0_0_0_0_0_1_1_0_0_0_0_0_0_1_0_0_1_0_1_1_1_0_0_1_0_0_1_0_1_0_0_1_1_1_0_1,1,3.3333333333333337e-6,4.714045207910317e-6,0.2962962962962963,130.0
1_1_1_1_1_1_1_0_0_1_1_0_1_1_0_0_0_1_0_1_1_1_1_1_1_0_1_1_0_1_1_1_1_1_0_0_1_0,1,3.3333333333333337e-6,4.714045207910317e-6,0.345679012345679,220.0
0_0_0_0_0_1_1_1_0_1_0_0_0_0_1_1_1_1_1_0_0_0_1_0_1_1_0_0_1_0_0_0_1_1_1_1_0_1,1,3.3333333333333337e-6,4.714045207910317e-6,0.3271604938271605,260.0
1_0_1_0_1_1_0_0_0_1_1_1_0_1_1_0_1_1_1_1_1_1_1_1_0_0_1_1_0_1_0_1_0_0_0_0_1_0,1,3.3333333333333337e-6,4.714045207910317e-6,0.3333333333333333,70.0
0_0_0_0_0_1_0_1_0_1_0_0_1_0_1_1_1_1_1_0_1_1_0_0_1_1_0_0_1_0_0_0_0_1_1_1_0_1,1,3.3333333333333337e-6,4.714045207910317e-6,0.3271604938271605,200.0
0_0_0_0_0_1_0_1_0_1_0_0_1_0_1_0_1_1_0_0_1_1_1_1_1_0_0_0_0_0_1_0_1_1_1_1_0_0,1,3.3333333333333337e-6,4.714045207910317e-6,0.3395061728395062,240.0
0_0_0_0_0_1_0_1_0_1_0_0_1_0_1_1_1_1_1_0_0_0_0_0_1_1_0_0_1_0_0_0_0_1_1_1_0_1,1,3.3333333333333337e-6,4.714045207910317e-6,0.345679012345679,100.0
0_0_0_1_1_1_1_0_1_0_0_0_1_1_0_0_0_1_0_0_1_1_1_1_0_0_0_0_0_0_1_1_1_1_0_0_1_0,1,3.3333333333333337e-6,4.714045207910317e-6,0.36419753086419754,60.0
1_1_1_1_1_1_1_0_0_1_1_0_1_1_0_0_0_1_0_1_1_1_0_1_0_0_1_1_0_1_1_1_1_1_0_0_1_0,1,3.3333333333333337e-6,4.714045207910317e-6,0.345679012345679,80.0
1_0_1_0_0_1_1_1_1_0_1_1_1_0_1_1_1_0_0_1_0_0_1_0_1_1_0_0_1_1_0_0_1_0_1_0_1_1,1,3.3333333333333337e-6,4.714045207910317e-6,0.3950617283950617,70.0
1_1_1_0_0_0_1_1_1_0_1_1_1_0_0_1_0_0_1_1_1_1_1_1_1_0_1_1_0_1_1_0_1_0_1_0_1_1,1,3.3333333333333337e-6,4.714045207910317e-6,0.38271604938271603,90.0
1_1_1_0_0_0_1_1_1_0_0_1_0_1_0_1_0_0_1_0_1_1_1_0_1_1_0_0_1_1_1_0_1_1_0_0_0_1,1,3.3333333333333337e-6,4.714045207910317e-6,0.3395061728395062,140.0
0_0_0_1_1_1_1_0_0_1_0_0_0_1_1_0_1_1_1_0_1_1_0_0_0_1_0_0_1_0_0_1_1_1_0_1_0_0,1,3.3333333333333337e-6,4.714045207910317e-6,0.35802469135802467,90.0
0_1_0_1_0_1_1_1_1_0_0_0_1_1_0_0_0_0_1_0_0_0_0_0_0_1_0_0_1_0_1_0_0_1_0_0_0_0,1,3.3333333333333337e-6,4.714045207910317e-6,0.345679012345679,220.0
1_1_1_1_1_1_1_0_0_1_1_0_1_1_0_0_0_1_1_1_1_1_0_1_0_0_1_1_0_1_1_1_1_1_0_0_1_0,1,3.3333333333333337e-6,4.714045207910317e-6,0.345679012345679,180.0
1_1_1_1_1_1_1_0_1_0_1_1_1_1_0_0_0_0_1_1_0_0_0_0_0_1_1_1_1_1_1_1_0_0_0_0_1_0,1,3.3333333333333337e-6,4.714045207910317e-6,0.30864197530864196,90.0
1_1_1_1_1_1_1_0_1_0_1_1_1_0_0_1_0_0_0_1_0_0_0_0_1_1_1_1_1_1_1_1_0_0_1_0_1_1,1,3.3333333333333337e-6,4.714045207910317e-6,0.3148148148148148,150.0
1_0_1_1_1_1_0_0_0_1_1_1_0_0_1_1_1_1_1_1_0_0_0_0_1_1_1_1_1_1_0_1_0_0_1_1_1_1,1,3.3333333333333337e-6,4.714045207910317e-6,0.3333333333333333,110.0
0_0_0_0_0_0_0_1_0_0_0_1_0_0_0_1_0_1_0_0_1_1_1_1_1_0_0_0_0_0_1_0_1_0_1_1_0_1,1,3.3333333333333337e-6,4.714045207910317e-6,0.32098765432098764,200.0
0_1_0_0_0_0_1_1_1_0_0_0_1_1_0_0_0_1_1_0_1_1_1_1_0_0_0_0_0_0_1_0_1_1_0_0_0_0,1,3.3333333333333337e-6,4.714045207910317e-6,0.3395061728395062,80.0
1_1_1_1_1_0_1_0_1_0_1_1_0_1_0_1_0_0_0_1_1_1_0_1_0_0_1_1_0_1_1_1_0_0_0_0_1_1,1,3.3333333333333337e-6,4.714045207910317e-6,0.32098765432098764,200.0
1_1_1_0_1_1_1_0_1_1_1_1_1_1_0_1_0_0_1_1_1_1_0_0_1_1_1_1_1_1_1_1_0_1_0_0_1_0,0,3.3333333333333337e-6,4.714045207910317e-6,0.1728395061728395,1001.0
0_1_0_1_0_0_1_1_1_0_0_0_0_0_0_0_0_0_0_0_0_0_0_0_0_1_0_0_1_0_1_0_0_1_1_1_0_1,1,3.3333333333333337e-6,4.714045207910317e-6,0.2716049382716049,280.0
0_0_0_1_1_1_0_0_0_1_0_0_1_1_1_0_1_1_0_0_0_0_0_1_0_0_0_0_0_0_0_1_1_1_0_0_0_0,1,3.3333333333333337e-6,4.714045207910317e-6,0.3271604938271605,110.0
1_0_1_0_0_0_0_1_0_1_1_1_0_0_1_1_1_0_1_1_1_1_0_0_1_1_1_1_1_1_0_0_0_0_1_1_0_1,1,3.3333333333333337e-6,4.714045207910317e-6,0.35802469135802467,150.0
1_0_1_1_1_1_1_0_0_1_1_1_1_0_1_0_1_0_1_1_1_1_1_0_1_1_1_1_1_1_0_1_1_0_1_0_1_0,1,3.3333333333333337e-6,4.714045207910317e-6,0.35185185185185186,60.0
0_0_0_1_0_1_1_1_1_0_1_0_1_0_1_1_1_1_0_1_0_0_0_0_1_1_1_1_1_0_0_0_0_0_1_1_1_1,1,3.3333333333333337e-6,4.714045207910317e-6,0.3333333333333333,180.0
1_0_1_1_1_0_0_0_0_1_1_1_0_1_1_0_1_1_1_1_1_1_0_0_1_1_1_1_1_1_0_1_1_0_0_0_1_0,1,3.3333333333333337e-6,4.714045207910317e-6,0.30864197530864196,160.0
1_0_1_0_0_1_0_1_0_1_0_0_1_1_1_0_1_1_0_0_1_1_1_1_1_0_0_0_0_1_0_0_1_1_0_0_0_0,1,3.3333333333333337e-6,4.714045207910317e-6,0.29012345679012347,80.0
0_1_0_0_0_0_0_1_1_0_0_1_0_1_0_0_0_0_0_0_0_0_0_0_0_1_0_0_1_0_1_0_0_0_0_0_0_1,1,3.3333333333333337e-6,4.714045207910317e-6,0.3271604938271605,210.0
0_0_0_0_0_0_0_1_0_1_0_0_1_1_1_0_1_1_0_0_1_1_1_1_1_0_0_0_0_0_1_0_1_1_0_0_0_0,1,3.3333333333333337e-6,4.714045207910317e-6,0.3148148148148148,80.0
1_1_1_1_1_0_1_0_1_0_1_1_0_0_0_1_0_0_1_1_0_0_1_0_1_1_1_1_1_1_1_1_1_0_1_1_1_1,1,3.3333333333333337e-6,4.714045207910317e-6,0.32098765432098764,110.0
1_1_1_0_1_0_1_0_1_0_0_1_1_1_0_0_0_0_1_0_1_1_1_0_0_1_0_0_1_1_1_1_1_1_0_0_0_0,1,3.3333333333333337e-6,4.714045207910317e-6,0.3395061728395062,160.0
0_0_0_1_1_0_0_0_1_0_0_0_1_1_1_0_1_1_1_0_1_1_0_1_0_0_1_1_0_0_0_1_0_0_0_0_1_0,1,3.3333333333333337e-6,4.714045207910317e-6,0.35802469135802467,100.0
1_1_1_1_1_1_1_0_0_1_1_1_0_1_0_0_0_0_0_1_0_0_1_0_1_1_1_1_1_1_1_1_1_1_0_0_1_0,1,3.3333333333333337e-6,4.714045207910317e-6,0.32098765432098764,220.0
1_0_1_0_0_0_0_1_0_1_0_0_1_1_1_0_1_1_0_0_1_1_1_1_1_0_0_0_0_1_1_0_1_1_0_0_0_0,1,3.3333333333333337e-6,4.714045207910317e-6,0.2962962962962963,120.0
0_0_0_0_0_0_1_1_1_0_0_1_0_1_1_0_1_0_1_0_1_1_1_0_0_1_0_0_1_0_0_0_0_0_0_0_0_1,1,3.3333333333333337e-6,4.714045207910317e-6,0.3148148148148148,130.0
0_0_0_1_1_0_0_0_0_1_0_0_1_1_1_0_1_1_1_0_1_1_0_0_1_1_0_0_1_0_0_1_0_1_0_0_0_0,1,3.3333333333333337e-6,4.714045207910317e-6,0.3333333333333333,90.0
1_1_1_0_0_1_0_0_0_1_0_1_0_0_0_1_0_1_0_0_1_1_0_1_1_0_0_0_0_1_0_1_1_1_1_1_0_1,1,3.3333333333333337e-6,4.714045207910317e-6,0.35185185185185186,260.0
1_0_1_1_1_1_0_0_0_1_1_1_1_0_1_0_1_1_1_1_1_1_0_0_1_1_1_1_1_1_0_1_1_0_1_0_1_0,1,3.3333333333333337e-6,4.714045207910317e-6,0.3333333333333333,120.0
0_0_0_0_0_0_0_1_1_0_0_0_1_0_0_1_0_1_0_0_1_1_1_1_0_0_0_0_0_0_1_0_0_0_1_1_0_1,1,3.3333333333333337e-6,4.714045207910317e-6,0.3333333333333333,100.0
1_1_1_1_1_0_0_0_0_1_0_1_0_1_0_0_0_0_0_0_0_0_0_0_0_1_0_0_1_1_1_1_1_1_0_0_0_0,1,3.3333333333333337e-6,4.714045207910317e-6,0.345679012345679,90.0
1_0_1_1_1_1_1_0_1_1_1_0_1_0_1_0_1_0_0_1_0_0_0_1_1_0_1_1_0_1_0_1_0_0_1_0_1_0,1,3.3333333333333337e-6,4.714045207910317e-6,0.345679012345679,120.0
1_1_1_0_0_1_0_1_0_1_1_1_0_0_1_1_1_0_1_1_0_0_0_0_1_1_0_1_1_1_1_0_1_1_1_1_0_1,1,3.3333333333333337e-6,4.714045207910317e-6,0.37037037037037035,350.0
0_0_0_0_0_0_0_1_0_1_0_0_1_0_1_0_1_1_0_0_1_1_0_1_1_0_0_0_0_0_0_0_1_0_1_1_0_0,1,3.3333333333333337e-6,4.714045207910317e-6,0.2962962962962963,80.0
0_0_0_0_0_1_1_1_1_0_1_0_1_0_1_1_1_1_0_1_1_1_1_1_1_0_1_1_0_0_0_0_0_0_1_1_1_1,1,3.3333333333333337e-6,4.714045207910317e-6,0.345679012345679,110.0
1_0_1_0_1_1_0_0_0_1_1_1_1_1_1_1_1_1_0_1_0_0_1_0_1_1_1_1_1_1_0_1_0_0_0_0_1_0,1,3.3333333333333337e-6,4.714045207910317e-6,0.2716049382716049,100.0
1_1_1_1_1_1_1_0_1_0_1_1_0_0_0_1_0_0_0_1_1_1_0_1_0_0_1_1_0_1_1_1_1_1_1_1_1_1,1,3.3333333333333337e-6,4.714045207910317e-6,0.29012345679012347,100.0
0_0_0_0_0_1_0_1_0_1_0_0_0_0_1_1_1_1_0_0_0_0_1_1_1_0_0_0_0_0_1_0_0_1_1_1_0_1,1,3.3333333333333337e-6,4.714045207910317e-6,0.3333333333333333,170.0
0_1_0_1_0_1_1_1_1_0_0_0_1_0_0_1_0_0_1_0_1_1_0_0_0_1_0_0_1_0_1_0_0_1_1_1_0_1,1,3.3333333333333337e-6,4.714045207910317e-6,0.32098765432098764,190.0
0_1_0_0_0_0_1_1_1_0_0_1_0_0_0_1_0_0_1_0_1_1_1_1_1_0_0_0_0_0_1_0_0_0_1_1_0_1,1,3.3333333333333337e-6,4.714045207910317e-6,0.32098765432098764,160.0
0_1_0_0_0_0_0_1_1_0_0_0_0_0_0_1_0_0_0_0_0_0_1_1_0_0_0_0_0_0_1_0_0_1_1_1_0_1,1,3.3333333333333337e-6,4.714045207910317e-6,0.2962962962962963,160.0
1_1_1_1_1_1_1_0_1_0_1_1_0_0_0_1_0_0_0_1_1_1_0_1_1_0_1_1_0_1_0_1_1_0_1_1_1_1,1,3.3333333333333337e-6,4.714045207910317e-6,0.32098765432098764,80.0
0_1_0_1_0_0_1_1_1_0_0_0_0_0_0_1_0_0_1_0_1_1_0_0_0_1_0_0_1_0_1_0_1_1_1_1_0_1,1,3.3333333333333337e-6,4.714045207910317e-6,0.30246913580246915,260.0
0_1_0_0_0_0_1_1_1_0_0_0_1_1_0_0_0_1_1_0_1_1_1_0_0_1_0_0_1_0_1_0_1_1_0_0_0_0,1,3.3333333333333337e-6,4.714045207910317e-6,0.32098765432098764,150.0
0_0_0_1_1_1_1_0_1_0_0_0_0_1_0_1_0_1_0_0_0_0_1_1_0_0_0_0_0_0_1_1_0_1_0_1_1_1,1,3.3333333333333337e-6,4.714045207910317e-6,0.36419753086419754,90.0
1_1_1_0_0_1_1_1_1_0_1_1_1_0_0_1_0_0_1_1_0_0_1_0_1_1_0_1_1_1_1_0_1_0_1_0_0_1,1,3.3333333333333337e-6,4.714045207910317e-6,0.3888888888888889,130.0
1_0_1_0_1_0_0_0_0_1_1_1_0_0_1_1_1_1_0_1_1_1_1_1_1_0_1_1_0_1_0_1_0_0_1_1_1_1,1,3.3333333333333337e-6,4.714045207910317e-6,0.345679012345679,50.0
0_1_0_0_0_0_1_1_1_0_0_1_0_0_0_1_0_0_0_0_1_1_0_1_0_0_0_0_0_0_1_0_0_0_1_1_0_1,1,3.3333333333333337e-6,4.714045207910317e-6,0.32098765432098764,110.0
0_1_0_1_0_1_1_1_1_0_0_0_0_0_0_1_0_0_1_0_1_1_0_1_0_0_0_0_0_0_1_0_1_1_1_1_0_1,1,3.3333333333333337e-6,4.714045207910317e-6,0.32098765432098764,170.0
1_0_1_0_1_1_0_0_0_1_1_1_0_0_1_1_1_1_1_1_1_1_1_0_1_1_1_1_1_1_0_1_1_0_1_1_1_1,1,3.3333333333333337e-6,4.714045207910317e-6,0.3271604938271605,100.0
1_0_1_1_1_1_1_0_1_1_1_0_1_1_1_0_1_1_0_1_1_1_0_1_1_0_1_1_0_1_0_1_0_0_0_0_1_0,1,3.3333333333333337e-6,4.714045207910317e-6,0.3148148148148148,160.0
0_0_0_1_1_0_0_0_0_1_0_0_0_1_1_0_1_1_1_0_1_1_0_0_0_1_0_0_1_0_0_1_1_1_0_1_0_0,1,3.3333333333333337e-6,4.714045207910317e-6,0.3395061728395062,110.0
1_1_1_0_1_1_1_0_0_1_1_1_1_1_0_1_1_1_0_1_0_0_0_0_1_1_1_1_1_1_0_1_1_1_0_0_0_0,0,3.3333333333333337e-6,4.714045207910317e-6,0.24074074074074073,1001.0
0_0_0_0_0_1_1_1_0_1_0_0_1_1_1_0_1_1_0_0_1_1_1_1_1_0_0_0_0_0_1_0_1_1_0_0_0_0,1,3.3333333333333337e-6,4.714045207910317e-6,0.3333333333333333,60.0
0_1_0_1_1_0_1_0_1_0_1_1_0_0_0_1_0_0_0_1_1_1_0_1_1_0_1_1_0_0_0_1_0_0_1_1_1_1,1,3.3333333333333337e-6,4.714045207910317e-6,0.30246913580246915,100.0
1_1_1_0_0_1_1_1_0_1_1_1_1_0_1_0_1_0_0_1_0_0_0_0_1_1_1_1_1_1_0_0_1_0_1_0_0_0,1,3.3333333333333337e-6,4.714045207910317e-6,0.3888888888888889,90.0
0_0_0_1_1_0_0_0_0_1_0_0_1_1_1_0_1_1_1_0_1_1_0_1_0_0_1_1_0_0_0_1_0_1_0_0_0_0,1,3.3333333333333337e-6,4.714045207910317e-6,0.36419753086419754,140.0
0_1_0_0_0_0_0_1_1_0_0_1_0_1_0_0_0_0_1_0_0_0_1_0_0_1_0_0_1_0_1_0_0_0_0_0_0_1,1,3.3333333333333337e-6,4.714045207910317e-6,0.32098765432098764,150.0
0_1_0_0_0_1_1_1_1_0_0_1_0_0_0_1_0_0_0_0_0_0_0_0_0_1_0_0_1_0_1_0_0_1_1_1_0_1,1,3.3333333333333337e-6,4.714045207910317e-6,0.3148148148148148,90.0
1_1_1_1_1_1_1_0_1_0_1_1_1_1_0_0_0_0_1_1_1_1_0_0_0_1_1_1_1_1_1_1_1_0_0_0_1_0,1,3.3333333333333337e-6,4.714045207910317e-6,0.30246913580246915,170.0
1_1_1_1_1_0_0_0_1_0_1_1_0_1_0_1_0_0_1_1_0_0_0_0_0_1_1_1_1_1_0_1_0_0_0_0_1_1,1,3.3333333333333337e-6,4.714045207910317e-6,0.345679012345679,60.0
1_0_1_1_1_1_0_0_0_1_1_1_1_1_1_0_1_1_0_1_0_0_0_1_0_0_1_1_0_1_0_1_0_0_0_0_1_0,1,3.3333333333333337e-6,4.714045207910317e-6,0.2962962962962963,110.0
1_1_1_1_1_0_0_0_1_0_1_1_0_1_0_1_0_0_1_1_1_1_0_0_1_1_1_1_1_1_1_1_0_0_0_0_1_1,1,3.3333333333333337e-6,4.714045207910317e-6,0.30246913580246915,210.0
0_0_0_0_0_0_0_1_0_1_0_0_0_0_1_1_1_1_1_0_0_0_1_0_1_1_0_0_1_0_0_0_1_1_1_1_0_1,1,3.3333333333333337e-6,4.714045207910317e-6,0.30864197530864196,90.0
1_1_1_1_1_0_1_0_1_0_1_1_0_1_0_1_0_0_1_1_1_1_1_1_1_0_1_1_0_1_1_1_1_0_0_0_1_1,1,3.3333333333333337e-6,4.714045207910317e-6,0.3333333333333333,80.0
1_0_1_0_1_0_0_0_0_1_1_1_1_1_1_0_1_1_0_1_0_0_1_1_1_0_1_1_0_1_0_1_0_0_0_0_1_0,1,3.3333333333333337e-6,4.714045207910317e-6,0.30246913580246915,150.0
1_1_1_1_1_0_1_0_1_0_1_1_0_0_0_1_0_0_0_1_0_0_1_1_1_0_1_1_0_1_1_1_1_0_1_1_1_1,1,3.3333333333333337e-6,4.714045207910317e-6,0.30246913580246915,70.0
1_0_1_1_1_1_1_0_0_1_1_0_1_1_1_0_1_1_0_1_1_1_0_1_1_0_1_1_0_1_0_1_1_1_0_0_1_0,1,3.3333333333333337e-6,4.714045207910317e-6,0.32098765432098764,260.0
0_0_0_0_0_0_0_1_0_1_0_0_1_1_1_0_1_1_0_0_1_1_1_1_1_0_0_0_0_0_0_0_0_0_0_0_0_0,1,3.3333333333333337e-6,4.714045207910317e-6,0.29012345679012347,90.0
1_1_1_1_1_1_1_0_1_0_1_1_1_0_0_1_0_0_1_1_1_1_1_1_1_0_1_1_0_1_1_1_0_1_1_0_1_1,1,3.3333333333333337e-6,4.714045207910317e-6,0.30246913580246915,140.0
0_1_0_0_0_1_1_1_1_0_0_1_0_0_0_1_0_0_1_0_0_0_0_0_1_1_0_0_1_0_1_0_0_1_1_1_0_1,1,3.3333333333333337e-6,4.714045207910317e-6,0.32098765432098764,320.0
1_0_1_1_1_0_0_0_0_1_1_1_0_1_1_0_1_1_0_1_0_0_0_0_0_1_1_1_1_1_0_1_1_0_0_0_1_0,1,3.3333333333333337e-6,4.714045207910317e-6,0.32098765432098764,210.0
1_1_1_1_1_1_1_0_1_0_1_1_1_1_0_0_0_0_1_1_1_1_1_0_0_1_1_1_1_1_1_1_1_0_0_0_1_0,1,3.3333333333333337e-6,4.714045207910317e-6,0.30864197530864196,180.0
1_1_1_1_1_1_1_0_1_0_1_1_0_0_0_1_0_0_1_1_1_1_0_1_1_0_1_1_0_1_1_1_0_0_1_1_1_1,1,3.3333333333333337e-6,4.714045207910317e-6,0.29012345679012347,130.0
1_1_1_1_1_0_1_0_1_0_1_1_0_0_0_1_0_0_1_1_1_1_0_1_1_0_1_1_0_1_0_1_0_0_1_1_1_1,1,3.3333333333333337e-6,4.714045207910317e-6,0.32098765432098764,80.0
1_1_1_1_1_1_1_0_1_0_1_1_1_0_0_1_0_0_0_1_1_1_0_1_1_0_1_1_0_1_1_1_0_0_1_0_1_1,1,3.3333333333333337e-6,4.714045207910317e-6,0.3148148148148148,300.0
1_0_1_1_1_1_0_0_0_1_1_0_1_0_1_1_1_1_1_1_0_0_0_0_1_1_1_1_1_1_0_1_1_1_1_1_1_0,1,3.3333333333333337e-6,4.714045207910317e-6,0.3148148148148148,120.0
1_1_1_1_1_1_0_0_0_1_1_0_1_1_0_0_0_1_1_1_1_1_0_0_1_1_1_1_1_1_1_1_1_1_0_0_1_0,1,3.3333333333333337e-6,4.714045207910317e-6,0.3148148148148148,70.0
0_0_0_0_0_1_1_1_0_1_0_0_1_0_1_0_1_1_1_0_0_0_1_0_1_1_0_0_1_0_1_0_1_1_1_1_0_0,1,3.3333333333333337e-6,4.714045207910317e-6,0.345679012345679,200.0
0_0_0_0_0_0_0_1_0_1_0_0_1_0_1_0_1_1_1_0_0_0_1_0_1_1_0_0_1_0_0_0_0_1_1_1_0_0,1,3.3333333333333337e-6,4.714045207910317e-6,0.32098765432098764,100.0
0_0_0_0_0_1_0_1_0_1_0_0_1_1_1_0_1_1_0_0_0_0_1_1_0_0_0_0_0_0_1_0_0_1_0_0_0_0,1,3.3333333333333337e-6,4.714045207910317e-6,0.3148148148148148,80.0
0_1_0_0_0_0_1_1_1_0_0_0_1_0_0_1_0_0_1_0_1_1_1_1_1_0_0_0_0_0_1_0_0_1_1_1_0_1,1,3.3333333333333337e-6,4.714045207910317e-6,0.32098765432098764,100.0
1_1_1_1_1_1_1_0_1_1_1_0_0_1_1_0_1_1_0_1_0_0_0_0_1_1_1_1_1_1_0_1_0_1_0_0_1_0,1,3.3333333333333337e-6,4.714045207910317e-6,0.3271604938271605,210.0
0_1_0_0_0_0_1_1_1_0_0_1_0_0_0_1_0_0_0_0_1_1_0_1_1_0_0_0_0_0_1_0_0_1_1_1_0_1,1,3.3333333333333337e-6,4.714045207910317e-6,0.32098765432098764,40.0
1_1_1_1_1_0_0_0_1_0_1_1_1_1_0_0_0_0_0_1_0_0_1_0_0_1_1_1_1_1_1_1_0_0_0_0_1_0,1,3.3333333333333337e-6,4.714045207910317e-6,0.3333333333333333,200.0
0_1_0_1_1_1_1_0_1_1_1_0_1_1_1_0_1_1_1_1_0_0_0_0_0_1_1_1_1_0_0_1_0_1_0_0_1_0,1,3.3333333333333337e-6,4.714045207910317e-6,0.2839506172839506,100.0
0_0_0_0_0_0_0_1_0_0_0_1_1_0_0_1_0_1_1_0_1_1_1_1_0_0_0_0_0_0_1_0_1_0_1_1_0_1,1,3.3333333333333337e-6,4.714045207910317e-6,0.3333333333333333,50.0
1_1_1_1_1_0_0_0_1_0_1_1_0_0_0_1_0_0_0_1_0_0_0_1_0_0_1_1_0_1_1_1_0_0_1_1_1_1,1,3.3333333333333337e-6,4.714045207910317e-6,0.2962962962962963,110.0
0_1_0_0_0_1_1_1_1_0_0_0_1_1_0_0_0_1_0_0_0_0_1_0_0_1_0_0_1_0_1_0_1_1_0_0_0_0,1,3.3333333333333337e-6,4.714045207910317e-6,0.3395061728395062,260.0
1_1_1_1_1_1_1_0_1_0_1_1_0_1_0_0_0_0_0_1_1_1_0_1_0_0_1_1_0_1_0_1_1_0_0_0_1_0,1,3.3333333333333337e-6,4.714045207910317e-6,0.345679012345679,220.0
1_0_1_1_1_1_1_0_0_1_1_0_1_1_1_0_1_1_0_1_1_1_1_1_0_0_1_1_0_1_0_1_1_1_0_0_1_0,1,3.3333333333333337e-6,4.714045207910317e-6,0.3333333333333333,180.0
1_1_1_1_1_0_0_0_1_0_1_1_0_1_0_0_0_0_1_1_1_1_0_1_0_0_1_1_0_1_1_1_0_0_0_0_1_0,1,3.3333333333333337e-6,4.714045207910317e-6,0.3333333333333333,380.0
1_0_1_0_0_1_1_1_1_0_1_1_0_0_0_1_0_0_1_1_1_1_1_0_1_1_0_0_1_1_1_0_1_0_1_1_1_1,1,3.3333333333333337e-6,4.714045207910317e-6,0.345679012345679,140.0
0_0_0_0_0_0_0_1_0_1_0_0_1_0_1_1_1_1_0_0_0_0_0_0_1_1_0_0_1_0_0_0_1_1_1_1_0_1,1,3.3333333333333337e-6,4.714045207910317e-6,0.32098765432098764,240.0
1_0_1_1_1_1_0_0_0_1_1_1_0_0_1_1_1_1_0_1_1_1_0_1_1_0_1_1_0_1_0_1_1_0_1_1_1_1,1,3.3333333333333337e-6,4.714045207910317e-6,0.3333333333333333,70.0
1_1_1_0_1_0_0_0_0_1_0_1_1_1_0_0_0_1_1_0_1_1_0_1_0_0_0_0_0_1_1_1_1_1_0_0_0_0,1,3.3333333333333337e-6,4.714045207910317e-6,0.3148148148148148,150.0
1_1_1_1_1_0_1_0_1_0_1_1_0_1_0_1_0_0_0_1_0_0_1_1_1_0_1_1_0_1_1_1_1_0_0_0_1_1,1,3.3333333333333337e-6,4.714045207910317e-6,0.3148148148148148,140.0
1_1_1_1_1_1_1_0_1_1_1_0_1_1_1_0_1_0_0_1_1_1_0_1_0_0_1_1_0_1_0_1_0_1_0_0_1_0,1,3.3333333333333337e-6,4.714045207910317e-6,0.32098765432098764,150.0
1_0_1_1_1_1_0_0_0_1_1_0_1_1_1_0_1_1_0_1_0_0_1_0_0_1_1_1_1_1_1_1_1_1_0_0_1_0,1,3.3333333333333337e-6,4.714045207910317e-6,0.3333333333333333,170.0
0_1_0_0_0_1_1_1_1_0_0_0_0_0_0_1_0_0_0_0_1_1_1_1_0_0_0_0_0_0_1_0_1_1_1_1_0_1,1,3.3333333333333337e-6,4.714045207910317e-6,0.30864197530864196,160.0
1_1_1_1_1_0_1_0_1_0_1_1_0_1_0_1_0_0_0_1_0_0_1_0_1_1_1_1_1_1_1_1_0_0_0_0_1_1,1,3.3333333333333337e-6,4.714045207910317e-6,0.32098765432098764,110.0
0_0_0_0_0_1_1_1_0_1_0_0_1_0_1_1_1_1_0_0_0_0_0_0_1_1_0_0_1_0_0_0_1_1_1_1_0_1,1,3.3333333333333337e-6,4.714045207910317e-6,0.3395061728395062,210.0
1_1_1_1_1_0_1_0_1_0_1_1_1_0_0_1_0_0_1_1_1_1_0_0_1_1_1_1_1_1_1_1_0_0_1_0_1_1,1,3.3333333333333337e-6,4.714045207910317e-6,0.30864197530864196,130.0
0_0_0_0_0_1_1_1_0_1_0_0_1_0_1_0_1_1_0_0_1_1_0_1_1_0_0_0_0_0_0_0_1_1_1_1_0_0,1,3.3333333333333337e-6,4.714045207910317e-6,0.3333333333333333,140.0
1_1_1_0_0_1_0_1_0_1_1_1_0_0_1_1_1_0_1_1_1_1_0_1_1_0_0_0_0_1_0_0_1_1_1_1_0_1,1,3.3333333333333337e-6,4.714045207910317e-6,0.36419753086419754,60.0
0_0_0_0_0_0_0_1_0_1_0_0_1_0_1_0_1_1_0_0_0_0_1_0_0_1_0_0_1_0_1_0_1_1_1_1_0_0,1,3.3333333333333337e-6,4.714045207910317e-6,0.32098765432098764,280.0
0_1_0_0_0_0_0_1_1_0_0_1_0_0_0_1_0_0_0_0_0_0_0_1_1_0_0_0_0_0_1_0_0_0_1_1_0_1,1,3.3333333333333337e-6,4.714045207910317e-6,0.3148148148148148,60.0
0_0_0_0_0_0_0_1_0_1_0_0_1_0_1_0_1_1_0_0_0_0_1_1_1_0_0_0_0_0_1_0_0_1_1_1_0_0,1,3.3333333333333337e-6,4.714045207910317e-6,0.32098765432098764,80.0
0_0_0_0_0_0_0_1_0_1_0_0_1_0_1_0_1_1_1_0_0_0_0_0_0_1_0_0_1_0_0_0_1_1_1_1_0_0,1,3.3333333333333337e-6,4.714045207910317e-6,0.30864197530864196,70.0
0_1_0_1_1_1_1_0_1_0_1_1_0_0_0_1_0_0_1_1_1_1_0_1_0_0_1_1_0_0_1_1_0_1_1_1_1_1,1,3.3333333333333337e-6,4.714045207910317e-6,0.25925925925925924,80.0
1_0_1_0_1_0_0_0_0_1_1_1_1_1_1_0_1_1_1_1_1_1_1_1_0_0_1_1_0_1_0_1_1_0_0_0_1_0,1,3.3333333333333337e-6,4.714045207910317e-6,0.3271604938271605,360.0
0_1_0_1_1_1_1_0_1_0_1_1_0_0_0_1_0_0_0_1_0_0_0_0_1_1_1_1_1_0_1_1_0_0_1_1_1_1,1,3.3333333333333337e-6,4.714045207910317e-6,0.2716049382716049,270.0
1_1_1_1_1_1_1_0_1_0_1_1_0_0_0_1_0_0_1_1_0_0_1_0_1_1_1_1_1_1_1_1_1_0_1_1_1_1,1,3.3333333333333337e-6,4.714045207910317e-6,0.30864197530864196,130.0
1_0_1_1_1_0_0_0_0_1_1_0_1_0_1_1_1_1_0_1_1_1_1_1_1_0_1_1_0_1_0_1_1_0_1_1_1_0,1,3.3333333333333337e-6,4.714045207910317e-6,0.3148148148148148,80.0
1_0_1_0_1_1_1_0_0_1_1_1_1_1_1_1_1_1_1_1_0_0_1_0_1_1_1_1_1_1_0_1_1_0_0_0_1_0,1,3.3333333333333337e-6,4.714045207910317e-6,0.2777777777777778,150.0
1_1_1_1_1_1_0_0_0_1_1_0_1_1_0_0_0_1_1_1_1_1_1_0_1_1_1_1_1_1_1_1_1_1_0_0_1_0,1,3.3333333333333337e-6,4.714045207910317e-6,0.32098765432098764,150.0
0_0_0_1_1_1_0_0_0_1_1_0_1_0_0_0_0_1_1_1_1_1_1_0_0_1_1_1_1_0_1_1_0_0_1_1_1_0,1,3.3333333333333337e-6,4.714045207910317e-6,0.36419753086419754,270.0
1_1_1_1_1_1_1_0_1_1_1_0_0_1_1_0_1_0_0_1_1_1_0_1_1_0_1_1_0_1_0_1_0_1_0_0_1_0,1,3.3333333333333337e-6,4.714045207910317e-6,0.3333333333333333,90.0
1_1_1_1_1_1_1_0_1_0_1_1_0_0_0_1_0_0_0_1_0_0_0_0_0_1_1_1_1_1_0_1_0_0_1_1_1_1,1,3.3333333333333337e-6,4.714045207910317e-6,0.3148148148148148,260.0
1_1_1_1_1_0_0_0_0_1_0_1_1_1_0_0_0_0_1_0_0_0_0_0_0_1_0_0_1_1_1_1_1_1_0_0_0_0,1,3.3333333333333337e-6,4.714045207910317e-6,0.3395061728395062,150.0
1_0_1_1_1_1_0_0_0_1_1_1_0_1_1_0_1_1_1_1_1_1_0_1_0_0_1_1_0_1_0_1_1_0_0_0_1_0,1,3.3333333333333337e-6,4.714045207910317e-6,0.32098765432098764,80.0
0_1_0_0_0_0_0_1_1_0_0_1_0_0_0_0_0_0_0_0_1_1_0_1_0_0_0_0_0_0_1_0_0_0_1_1_0_1,1,3.3333333333333337e-6,4.714045207910317e-6,0.2777777777777778,140.0
1_0_1_1_1_1_1_0_1_1_1_0_1_1_1_0_1_1_1_1_0_0_0_0_1_1_1_1_1_1_0_1_0_0_0_0_1_0,1,3.3333333333333337e-6,4.714045207910317e-6,0.3148148148148148,210.0
1_0_1_0_0_1_1_1_1_0_1_1_1_0_0_1_0_0_0_1_0_0_1_1_1_0_0_0_0_1_1_0_1_0_1_0_1_1,1,3.3333333333333337e-6,4.714045207910317e-6,0.37037037037037035,160.0
1_1_1_1_1_1_1_0_1_0_1_1_1_1_0_0_0_0_0_1_0_0_0_0_0_1_1_1_1_1_0_1_1_0_0_0_1_0,1,3.3333333333333337e-6,4.714045207910317e-6,0.3395061728395062,110.0
0_0_0_0_0_0_0_1_0_1_0_0_0_0_1_1_1_1_1_0_1_1_1_1_1_0_0_0_0_0_0_0_1_1_1_1_0_1,1,3.3333333333333337e-6,4.714045207910317e-6,0.30864197530864196,40.0
0_0_0_0_0_1_0_1_0_1_0_0_1_0_1_0_1_1_1_0_1_1_1_1_0_0_0_0_0_0_0_0_0_1_1_1_0_0,1,3.3333333333333337e-6,4.714045207910317e-6,0.3271604938271605,130.0
0_1_0_1_0_1_1_1_1_0_0_0_0_0_0_1_0_0_1_0_0_0_0_0_1_1_0_0_1_0_1_0_1_1_1_1_0_1,1,3.3333333333333337e-6,4.714045207910317e-6,0.3271604938271605,190.0
1_0_1_0_0_0_0_1_0_0_0_1_1_1_0_0_0_1_1_0_1_1_1_1_0_0_0_0_0_1_1_0_1_0_0_0_0_0,1,3.3333333333333337e-6,4.714045207910317e-6,0.32098765432098764,60.0
0_0_0_1_1_0_0_1_1_0_1_0_1_1_1_0_1_0_0_1_0_0_1_0_0_1_1_1_1_0_1_0_0_0_0_0_1_0,1,3.3333333333333337e-6,4.714045207910317e-6,0.35802469135802467,140.0
1_1_1_1_1_1_1_0_1_1_1_1_1_1_1_1_1_0_1_1_1_1_0_0_1_1_1_1_1_1_1_1_0_1_0_0_1_0,0,3.3333333333333337e-6,4.714045207910317e-6,0.17901234567901234,1001.0
0_0_0_0_0_0_1_1_1_0_0_1_0_0_1_1_1_0_0_0_0_0_1_1_1_0_0_0_0_0_0_0_0_0_1_1_0_1,1,3.3333333333333337e-6,4.714045207910317e-6,0.32098765432098764,260.0
0_0_0_0_0_1_0_1_0_1_0_0_1_1_1_0_1_1_1_0_0_0_0_0_1_1_0_0_1_0_0_0_0_1_0_0_0_0,1,3.3333333333333337e-6,4.714045207910317e-6,0.3271604938271605,180.0
0_0_0_0_0_0_0_1_0_1_0_0_0_1_1_0_1_1_0_0_0_0_0_0_0_1_0_0_1_0_0_0_0_1_0_1_0_0,1,3.3333333333333337e-6,4.714045207910317e-6,0.3333333333333333,170.0
1_0_1_0_1_0_0_0_0_1_1_1_0_1_1_0_1_1_1_1_1_1_1_1_0_0_1_1_0_1_0_1_1_0_0_0_1_0,1,3.3333333333333337e-6,4.714045207910317e-6,0.3333333333333333,60.0
1_1_1_1_1_1_1_0_1_1_1_0_0_1_0_0_0_0_0_1_0_0_0_0_1_1_1_1_1_1_1_1_0_1_0_0_1_0,1,3.3333333333333337e-6,4.714045207910317e-6,0.3148148148148148,60.0
1_0_1_1_1_0_0_0_0_1_1_1_1_1_1_0_1_1_0_1_1_1_0_1_1_0_1_1_0_1_0_1_1_0_0_0_1_0,1,3.3333333333333337e-6,4.714045207910317e-6,0.30864197530864196,110.0
1_0_1_1_1_0_0_0_0_1_1_0_1_1_1_0_1_1_0_1_0_0_1_0_1_1_1_1_1_1_0_1_1_0_0_0_1_0,1,3.3333333333333337e-6,4.714045207910317e-6,0.3148148148148148,110.0
0_0_0_0_0_1_1_1_0_1_0_0_1_0_1_1_1_1_0_0_1_1_1_1_1_0_0_0_0_0_0_0_1_1_1_1_0_1,1,3.3333333333333337e-6,4.714045207910317e-6,0.3333333333333333,100.0
0_0_0_0_0_0_0_1_1_0_0_0_1_0_0_1_0_0_0_0_0_0_1_0_1_1_0_0_1_0_1_0_0_0_1_1_0_1,1,3.3333333333333337e-6,4.714045207910317e-6,0.32098765432098764,170.0
1_0_1_0_0_1_0_1_0_1_1_1_0_0_1_1_1_0_0_1_0_0_1_1_1_0_1_1_0_1_0_0_1_0_1_1_0_1,1,3.3333333333333337e-6,4.714045207910317e-6,0.35185185185185186,100.0
1_0_1_0_1_1_1_0_0_1_1_1_0_1_1_0_1_1_0_1_0_0_1_1_0_0_1_1_0_1_0_1_1_0_0_0_1_0,1,3.3333333333333337e-6,4.714045207910317e-6,0.32098765432098764,220.0
1_0_1_1_1_1_1_0_0_1_1_1_1_0_1_0_1_0_0_1_0_0_0_1_1_0_1_1_0_1_0_1_1_0_1_0_1_0,1,3.3333333333333337e-6,4.714045207910317e-6,0.345679012345679,50.0
1_1_1_1_1_0_1_0_1_0_1_1_1_1_0_0_0_0_1_1_0_0_0_0_0_1_1_1_1_1_1_1_1_0_0_0_1_0,1,3.3333333333333337e-6,4.714045207910317e-6,0.3333333333333333,90.0
1_1_1_0_1_0_0_0_0_1_1_1_1_1_1_1_0_1_0_1_0_0_0_1_1_0_1_1_0_1_0_1_1_0_0_0_0_0,0,3.3333333333333337e-6,4.714045207910317e-6,0.2345679012345679,1001.0
0_1_0_1_0_0_1_1_1_0_0_0_0_0_0_1_0_0_1_0_1_1_0_1_0_0_0_0_0_0_1_0_0_1_1_1_0_1,1,3.3333333333333337e-6,4.714045207910317e-6,0.32098765432098764,40.0
0_1_0_0_0_0_0_1_0_0_0_1_1_1_0_0_0_0_0_0_1_1_1_1_0_0_0_0_0_0_1_0_1_1_0_0_0_0,1,3.3333333333333337e-6,4.714045207910317e-6,0.3395061728395062,340.0
0_0_0_0_0_0_0_1_0_1_0_0_1_0_1_0_1_1_0_0_1_1_0_1_1_0_0_0_0_0_0_0_0_0_1_1_0_0,1,3.3333333333333337e-6,4.714045207910317e-6,0.30864197530864196,100.0
0_1_0_0_0_1_1_1_1_0_0_0_1_1_0_0_0_1_0_0_0_0_0_1_0_0_0_0_0_0_1_0_1_1_0_0_0_0,1,3.3333333333333337e-6,4.714045207910317e-6,0.3271604938271605,110.0
0_1_0_0_0_1_1_1_1_0_0_0_1_1_0_0_0_1_0_0_1_1_1_1_0_0_0_0_0_0_1_0_0_1_0_0_0_0,1,3.3333333333333337e-6,4.714045207910317e-6,0.3395061728395062,70.0
0_0_0_0_0_0_0_1_0_1_0_0_0_0_1_1_1_1_1_0_0_0_1_0_1_1_0_0_1_0_0_0_0_1_1_1_0_1,1,3.3333333333333337e-6,4.714045207910317e-6,0.32098765432098764,120.0
0_0_0_0_0_0_0_1_0_1_0_0_1_1_1_0_1_1_1_0_0_0_0_0_1_1_0_0_1_0_0_0_0_0_0_0_0_0,1,3.3333333333333337e-6,4.714045207910317e-6,0.2962962962962963,80.0
0_0_0_0_0_0_0_1_0_1_0_0_1_1_1_0_1_1_1_0_1_1_1_0_1_1_0_0_1_0_1_0_0_1_0_0_0_0,1,3.3333333333333337e-6,4.714045207910317e-6,0.30864197530864196,130.0
0_0_0_1_1_1_1_0_0_1_0_0_1_1_1_0_1_1_1_0_0_0_0_0_0_1_0_0_1_0_0_1_1_1_0_0_0_0,1,3.3333333333333337e-6,4.714045207910317e-6,0.35185185185185186,80.0
0_1_0_0_0_1_1_1_1_0_0_1_0_1_0_0_0_0_1_0_1_1_0_1_0_0_0_0_0_0_1_0_0_1_0_0_0_1,1,3.3333333333333337e-6,4.714045207910317e-6,0.3148148148148148,110.0
1_1_1_0_1_0_1_0_1_0_0_1_0_1_0_0_0_0_1_0_1_1_1_0_0_1_0_0_1_1_1_1_1_1_0_0_0_0,1,3.3333333333333337e-6,4.714045207910317e-6,0.345679012345679,70.0
0_1_0_1_1_0_0_0_0_1_0_0_1_1_1_0_1_1_1_0_1_1_0_0_0_1_1_1_1_0_0_1_0_1_0_0_0_0,1,3.3333333333333337e-6,4.714045207910317e-6,0.345679012345679,140.0
0_0_0_0_0_0_0_1_0_1_0_0_1_0_1_0_1_1_0_0_0_0_1_0_0_1_0_0_1_0_0_0_0_0_1_1_0_0,1,3.3333333333333337e-6,4.714045207910317e-6,0.2962962962962963,160.0
0_0_0_1_0_1_0_1_0_1_1_0_0_0_1_1_1_1_1_1_1_1_0_1_1_0_1_1_0_0_0_0_0_0_1_1_1_1,1,3.3333333333333337e-6,4.714045207910317e-6,0.35802469135802467,130.0
0_1_0_0_0_0_1_1_1_0_0_0_0_0_0_1_0_0_1_0_0_0_1_0_0_1_0_0_1_0_1_0_0_1_1_1_0_1,1,3.3333333333333337e-6,4.714045207910317e-6,0.30864197530864196,190.0
1_1_1_1_1_1_1_0_1_0_1_1_0_0_0_1_0_0_1_1_0_0_0_0_1_1_1_1_1_1_1_1_0_0_1_1_1_1,1,3.3333333333333337e-6,4.714045207910317e-6,0.29012345679012347,160.0
1_1_1_1_1_0_0_0_1_0_1_1_1_1_0_0_0_0_1_1_0_0_1_0_0_1_1_1_1_1_1_1_0_0_0_0_1_0,1,3.3333333333333337e-6,4.714045207910317e-6,0.3333333333333333,130.0
1_0_1_0_0_0_0_1_0_0_0_1_1_1_1_0_1_1_0_0_1_1_1_1_0_0_0_0_0_1_0_0_1_0_0_0_0_0,1,3.3333333333333337e-6,4.714045207910317e-6,0.30246913580246915,90.0
1_1_1_1_1_1_1_0_1_0_1_1_0_0_0_1_0_0_0_1_1_1_0_1_0_0_1_1_0_1_1_1_0_0_1_1_1_1,1,3.3333333333333337e-6,4.714045207910317e-6,0.2962962962962963,40.0
0_0_0_0_0_1_0_1_0_1_0_0_1_0_1_1_1_1_1_0_1_1_0_1_1_0_0_0_0_0_0_0_0_1_1_1_0_1,1,3.3333333333333337e-6,4.714045207910317e-6,0.345679012345679,70.0
1_1_1_1_1_1_1_0_1_0_1_1_0_0_0_1_0_0_0_1_1_1_1_1_0_0_1_1_0_1_1_1_1_0_1_1_1_1,1,3.3333333333333337e-6,4.714045207910317e-6,0.3148148148148148,80.0
1_1_1_1_1_1_1_0_0_1_1_1_1_1_1_0_1_1_0_1_0_0_0_0_0_1_1_1_1_1_0_1_1_1_0_0_1_0,1,3.3333333333333337e-6,4.714045207910317e-6,0.3148148148148148,140.0
0_0_0_1_0_1_1_1_1_0_1_0_1_0_1_1_1_0_1_1_1_1_1_1_1_0_1_1_0_0_0_0_0_0_1_1_1_1,1,3.3333333333333337e-6,4.714045207910317e-6,0.32098765432098764,200.0
1_1_1_1_1_0_1_0_1_0_1_1_0_1_0_1_0_0_0_1_0_0_1_0_1_1_1_1_1_1_1_1_1_0_0_0_1_1,1,3.3333333333333337e-6,4.714045207910317e-6,0.3333333333333333,90.0
1_1_1_0_1_0_0_0_0_1_0_1_0_1_0_0_0_0_1_0_0_0_1_0_0_1_0_0_1_1_1_1_1_1_0_0_0_0,1,3.3333333333333337e-6,4.714045207910317e-6,0.3333333333333333,90.0
1_0_1_1_1_1_0_0_0_1_1_0_1_0_1_1_1_1_0_1_0_0_1_0_1_1_1_1_1_1_1_1_1_1_1_1_1_0,1,3.3333333333333337e-6,4.714045207910317e-6,0.3271604938271605,80.0
1_1_1_1_1_1_1_0_1_1_1_0_0_1_1_0_1_1_0_1_0_0_0_1_1_0_1_1_0_1_0_1_0_1_0_0_1_0,1,3.3333333333333337e-6,4.714045207910317e-6,0.30864197530864196,90.0
0_0_0_0_0_1_0_1_0_1_0_0_1_1_1_0_1_1_0_0_0_0_0_1_0_0_0_0_0_0_0_0_0_1_0_0_0_0,1,3.3333333333333337e-6,4.714045207910317e-6,0.30246913580246915,130.0
0_1_0_1_1_1_1_0_1_1_1_0_0_0_0_1_0_0_0_1_1_1_0_1_1_0_1_1_0_0_1_1_0_1_1_1_1_1,1,3.3333333333333337e-6,4.714045207910317e-6,0.30246913580246915,320.0
0_1_0_1_1_1_1_0_1_1_1_0_0_1_1_0_1_1_0_1_0_0_0_0_0_1_1_1_1_0_0_1_0_1_0_0_1_0,1,3.3333333333333337e-6,4.714045207910317e-6,0.30246913580246915,160.0
0_0_0_0_0_0_0_1_0_1_0_0_0_1_1_0_1_1_0_0_1_1_1_1_0_0_0_0_0_0_1_0_1_1_0_1_0_0,1,3.3333333333333337e-6,4.714045207910317e-6,0.3333333333333333,100.0
0_0_0_0_0_0_0_1_0_1_0_0_1_1_1_0_1_1_1_0_0_0_1_0_1_1_0_0_1_0_0_0_0_1_0_0_0_0,1,3.3333333333333337e-6,4.714045207910317e-6,0.30864197530864196,130.0
1_0_1_0_1_1_0_0_0_1_1_1_1_1_1_0_1_1_1_1_1_1_1_0_0_1_1_1_1_1_0_1_1_0_0_0_1_0,1,3.3333333333333337e-6,4.714045207910317e-6,0.30864197530864196,80.0
1_1_1_1_1_1_1_0_1_0_1_1_0_1_0_0_0_0_1_1_0_0_0_0_0_1_1_1_1_1_0_1_1_0_0_0_1_0,1,3.3333333333333337e-6,4.714045207910317e-6,0.345679012345679,130.0
0_0_0_0_0_0_0_1_0_1_0_0_0_0_1_1_1_1_0_0_1_1_1_1_1_0_0_0_0_0_1_0_1_1_1_1_0_1,1,3.3333333333333337e-6,4.714045207910317e-6,0.3271604938271605,230.0
1_1_1_1_1_1_1_0_1_0_1_1_0_1_0_1_0_0_0_1_0_0_0_0_0_1_1_1_1_1_0_1_0_0_0_0_1_1,1,3.3333333333333337e-6,4.714045207910317e-6,0.3271604938271605,160.0
0_0_0_1_1_1_1_0_1_0_0_0_1_1_0_0_0_1_0_0_0_0_1_1_0_0_0_0_0_0_1_1_0_1_0_0_1_0,1,3.3333333333333337e-6,4.714045207910317e-6,0.345679012345679,130.0
0_1_0_0_0_0_1_1_1_0_0_1_0_0_0_1_0_0_1_0_1_1_0_1_0_0_0_0_0_0_1_0_0_1_1_1_0_1,1,3.3333333333333337e-6,4.714045207910317e-6,0.3148148148148148,230.0
0_0_0_0_0_0_0_1_0_1_0_0_1_0_1_1_1_1_0_0_0_0_0_0_1_1_0_0_1_0_0_0_0_1_1_1_0_1,1,3.3333333333333337e-6,4.714045207910317e-6,0.3333333333333333,220.0
0_1_0_1_1_0_1_0_1_0_1_1_0_0_0_1_0_0_0_1_0_0_1_0_0_1_1_1_1_0_1_1_0_0_1_1_1_1,1,3.3333333333333337e-6,4.714045207910317e-6,0.2962962962962963,240.0
0_0_0_0_0_0_0_1_0_1_0_0_1_1_1_0_1_1_1_0_1_1_1_1_1_0_0_0_0_0_1_0_1_1_0_0_0_0,1,3.3333333333333337e-6,4.714045207910317e-6,0.3148148148148148,90.0
0_1_0_1_0_0_1_1_1_0_0_0_0_0_0_0_0_0_0_0_0_0_0_0_0_1_0_0_1_0_1_0_1_1_1_1_0_1,1,3.3333333333333337e-6,4.714045207910317e-6,0.2716049382716049,210.0
1_0_1_1_1_1_0_0_0_1_1_0_1_0_1_1_1_1_0_1_0_0_1_1_1_0_1_1_0_1_0_1_1_0_1_1_1_0,1,3.3333333333333337e-6,4.714045207910317e-6,0.2962962962962963,140.0
1_0_1_1_1_1_1_0_0_1_1_0_1_0_1_1_1_1_0_1_0_0_0_0_1_1_1_1_1_1_0_1_1_1_1_1_1_0,1,3.3333333333333337e-6,4.714045207910317e-6,0.32098765432098764,170.0
0_1_0_1_0_1_1_1_1_0_0_0_0_0_0_0_0_0_0_0_0_0_0_0_0_1_0_0_1_0_1_0_0_1_1_1_0_1,1,3.3333333333333337e-6,4.714045207910317e-6,0.2716049382716049,70.0
1_0_1_0_1_1_0_0_0_1_1_1_0_1_1_0_1_1_0_1_0_0_1_1_0_0_1_1_0_1_0_1_0_0_0_0_1_0,1,3.3333333333333337e-6,4.714045207910317e-6,0.3148148148148148,180.0
0_1_0_1_0_0_1_1_1_0_0_0_1_1_0_0_0_0_0_0_0_0_0_1_0_0_0_0_0_0_1_0_0_1_0_0_0_0,1,3.3333333333333337e-6,4.714045207910317e-6,0.3271604938271605,60.0
1_1_1_1_1_1_1_0_1_0_1_1_0_0_0_1_0_0_0_1_0_0_0_0_0_1_1_1_1_1_1_1_0_0_1_1_1_1,1,3.3333333333333337e-6,4.714045207910317e-6,0.2962962962962963,190.0
1_1_1_0_0_1_1_1_1_0_1_1_1_0_0_1_0_0_0_1_0_0_1_1_1_0_1_1_0_1_1_0_1_0_1_0_1_1,1,3.3333333333333337e-6,4.714045207910317e-6,0.35185185185185186,100.0
1_0_1_0_1_1_0_0_0_1_1_1_0_0_1_1_1_1_0_1_0_0_1_0_1_1_1_1_1_1_0_1_1_0_1_1_1_1,1,3.3333333333333337e-6,4.714045207910317e-6,0.345679012345679,100.0
1_1_1_1_1_1_1_0_1_0_1_1_1_1_0_0_0_0_0_1_1_1_0_1_0_0_1_1_0_1_1_1_1_1_0_0_1_0,1,3.3333333333333337e-6,4.714045207910317e-6,0.30246913580246915,290.0
1_1_1_0_0_0_1_1_1_0_1_1_0_0_0_1_0_0_0_1_0_0_1_1_1_0_1_1_0_1_1_0_0_0_1_1_1_1,1,3.3333333333333337e-6,4.714045207910317e-6,0.3271604938271605,180.0
0_0_0_0_0_0_0_1_0_0_0_1_0_1_1_1_1_1_1_0_1_1_1_1_0_0_0_0_0_0_0_0_1_0_0_1_0_1,1,3.3333333333333337e-6,4.714045207910317e-6,0.3271604938271605,110.0
0_0_0_0_0_1_0_1_0_1_0_0_0_0_1_1_1_1_0_0_1_1_1_1_1_0_0_0_0_0_0_0_1_1_1_1_0_1,1,3.3333333333333337e-6,4.714045207910317e-6,0.32098765432098764,110.0
0_0_0_1_1_0_0_0_0_1_0_0_0_1_1_0_1_1_0_0_0_0_0_1_0_0_1_1_0_0_0_1_0_1_0_1_1_0,1,3.3333333333333337e-6,4.714045207910317e-6,0.35802469135802467,120.0
1_0_1_0_0_0_0_1_0_0_0_1_1_0_0_1_0_0_1_0_1_1_1_1_1_0_0_0_0_1_1_0_1_0_1_1_0_1,1,3.3333333333333337e-6,4.714045207910317e-6,0.30246913580246915,40.0
1_0_1_0_0_1_0_1_0_1_0_0_1_1_1_0_1_1_1_0_1_1_1_1_0_0_0_0_0_1_0_0_1_1_0_0_0_0,1,3.3333333333333337e-6,4.714045207910317e-6,0.2839506172839506,140.0
0_1_0_1_1_0_1_0_1_0_1_1_0_0_0_1_0_0_1_1_0_0_1_0_0_1_1_1_1_0_1_1_0_0_1_1_1_1,1,3.3333333333333337e-6,4.714045207910317e-6,0.2962962962962963,70.0
0_0_0_0_0_1_0_1_0_1_0_0_0_0_1_0_1_1_0_0_0_0_1_0_0_1_0_0_1_0_1_0_0_1_1_1_0_1,1,3.3333333333333337e-6,4.714045207910317e-6,0.2962962962962963,130.0
1_0_1_1_1_1_0_0_0_1_1_1_0_1_1_0_1_1_1_1_1_1_0_1_1_0_1_1_0_1_0_1_1_0_0_0_1_0,1,3.3333333333333337e-6,4.714045207910317e-6,0.3271604938271605,90.0
0_0_0_1_0_1_1_1_1_0_1_0_0_0_1_1_1_1_1_1_0_0_0_0_1_1_1_1_1_0_0_0_0_0_1_1_1_1,1,3.3333333333333337e-6,4.714045207910317e-6,0.3271604938271605,110.0
0_0_0_1_0_1_1_1_1_0_1_0_0_0_1_1_1_1_1_1_1_1_0_0_1_1_1_1_1_0_0_0_0_0_1_1_1_1,1,3.3333333333333337e-6,4.714045207910317e-6,0.30864197530864196,140.0
0_1_0_1_1_0_0_0_0_1_0_0_1_1_0_0_0_1_0_0_0_0_0_1_0_0_1_1_0_0_1_1_0_1_0_0_1_0,1,3.3333333333333337e-6,4.714045207910317e-6,0.35185185185185186,190.0
1_1_1_1_1_1_1_0_0_1_1_0_1_1_0_0_0_1_1_1_1_1_1_0_0_1_1_1_1_1_1_1_1_1_0_0_1_0,1,3.3333333333333337e-6,4.714045207910317e-6,0.3333333333333333,100.0
1_0_1_1_1_0_0_0_0_1_1_0_1_1_1_0_1_1_0_1_1_1_1_1_1_0_1_1_0_1_0_1_1_0_0_0_1_0,1,3.3333333333333337e-6,4.714045207910317e-6,0.3148148148148148,100.0
0_1_0_1_1_1_1_0_1_0_1_1_0_0_0_1_0_0_1_1_1_1_0_1_1_0_1_1_0_0_1_1_0_1_1_1_1_1,1,3.3333333333333337e-6,4.714045207910317e-6,0.25308641975308643,240.0
1_1_1_0_1_1_1_0_1_1_1_1_1_1_1_1_1_0_0_1_0_0_0_0_1_1_1_1_1_1_1_1_0_1_0_0_0_0,0,3.3333333333333337e-6,4.714045207910317e-6,0.19135802469135801,1001.0
0_1_0_0_0_0_0_1_1_0_0_0_0_1_0_1_0_0_1_0_0_0_1_0_0_1_0_0_1_0_1_0_0_1_0_1_0_1,1,3.3333333333333337e-6,4.714045207910317e-6,0.35802469135802467,20.0
1_1_1_1_1_1_1_0_1_1_1_0_1_1_1_0_1_1_1_1_1_1_0_1_1_0_1_1_0_1_0_1_0_1_0_0_1_0,1,3.3333333333333337e-6,4.714045207910317e-6,0.30864197530864196,180.0
0_0_0_1_1_0_0_0_1_0_0_0_1_1_0_0_0_1_1_0_0_0_0_0_0_1_0_0_1_0_0_1_0_0_0_0_1_0,1,3.3333333333333337e-6,4.714045207910317e-6,0.35185185185185186,150.0
0_0_0_1_1_0_0_0_0_1_0_0_1_1_1_0_1_1_0_0_1_1_0_1_1_0_0_0_0_0_0_1_1_1_0_0_0_0,1,3.3333333333333337e-6,4.714045207910317e-6,0.3395061728395062,140.0
0_0_0_0_0_0_0_1_0_1_0_0_0_1_1_0_1_1_1_0_0_0_0_0_0_1_0_0_1_0_0_0_1_0_0_1_0_0,1,3.3333333333333337e-6,4.714045207910317e-6,0.30246913580246915,30.0
0_0_0_0_0_1_1_1_0_1_0_0_1_1_1_0_1_1_1_0_0_0_0_0_0_1_0_0_1_0_0_0_1_1_0_0_0_0,1,3.3333333333333337e-6,4.714045207910317e-6,0.3148148148148148,160.0
1_1_1_1_1_0_1_0_1_0_1_1_0_1_0_1_0_0_0_1_1_1_1_1_0_0_1_1_0_1_1_1_0_0_0_0_1_1,1,3.3333333333333337e-6,4.714045207910317e-6,0.3271604938271605,140.0
0_0_0_0_0_0_0_1_0_1_0_0_1_0_1_1_1_1_1_0_0_0_0_0_1_1_0_0_1_0_0_0_0_1_1_1_0_1,1,3.3333333333333337e-6,4.714045207910317e-6,0.3333333333333333,120.0
0_1_0_1_1_0_0_0_0_1_0_0_0_1_0_0_0_1_0_0_0_0_1_1_0_0_1_1_0_0_1_1_0_1_0_1_1_0,1,3.3333333333333337e-6,4.714045207910317e-6,0.38271604938271603,260.0
1_0_1_1_1_1_0_0_0_1_1_1_0_0_1_1_1_1_0_1_0_0_0_1_1_0_1_1_0_1_0_1_0_0_1_1_1_1,1,3.3333333333333337e-6,4.714045207910317e-6,0.3148148148148148,30.0
1_1_1_1_1_0_1_0_1_0_1_1_0_1_0_0_0_0_1_1_1_1_0_0_0_1_1_1_1_1_0_1_1_0_0_0_1_0,1,3.3333333333333337e-6,4.714045207910317e-6,0.3395061728395062,90.0
1_0_1_1_1_1_1_0_0_1_1_1_1_1_1_0_1_1_0_1_0_0_0_1_1_0_1_1_0_1_0_1_1_0_0_0_1_0,1,3.3333333333333337e-6,4.714045207910317e-6,0.2962962962962963,110.0
1_1_1_1_1_0_0_0_1_0_1_1_0_0_0_1_0_0_1_1_1_1_0_0_0_1_1_1_1_1_0_1_0_0_1_1_1_1,1,3.3333333333333337e-6,4.714045207910317e-6,0.3148148148148148,110.0
1_0_1_1_1_0_0_0_0_1_1_0_1_1_1_0_1_1_1_1_0_0_1_0_1_1_1_1_1_1_0_1_1_0_0_0_1_0,1,3.3333333333333337e-6,4.714045207910317e-6,0.3148148148148148,90.0
0_1_0_1_1_0_0_0_0_1_0_0_1_1_0_0_0_1_1_0_1_1_0_0_0_1_1_1_1_0_1_1_0_1_0_0_0_0,1,3.3333333333333337e-6,4.714045207910317e-6,0.35185185185185186,120.0
0_0_0_0_0_0_1_1_1_0_0_1_0_1_1_0_1_0_0_0_1_1_0_1_0_0_0_0_0_0_0_0_0_0_0_0_0_1,1,3.3333333333333337e-6,4.714045207910317e-6,0.3395061728395062,90.0
1_1_1_1_1_0_1_0_1_0_1_1_0_1_0_1_0_0_0_1_1_1_0_1_0_0_1_1_0_1_0_1_0_0_0_0_1_1,1,3.3333333333333337e-6,4.714045207910317e-6,0.3395061728395062,30.0
1_1_1_1_1_0_1_0_1_0_1_1_0_1_0_0_0_0_0_1_1_1_0_1_0_0_1_1_0_1_0_1_1_0_0_0_1_0,1,3.3333333333333337e-6,4.714045207910317e-6,0.35802469135802467,160.0
1_0_1_1_1_1_0_0_0_1_1_1_1_0_1_0_1_0_1_1_1_1_0_0_1_1_1_1_1_1_0_1_1_0_1_0_1_0,1,3.3333333333333337e-6,4.714045207910317e-6,0.3395061728395062,290.0
1_0_1_0_1_1_0_0_0_1_1_1_0_1_1_0_1_1_0_1_0_0_1_1_1_0_1_1_0_1_0_1_0_0_0_0_1_0,1,3.3333333333333337e-6,4.714045207910317e-6,0.32098765432098764,130.0
0_0_0_0_0_0_0_1_1_0_0_0_0_1_1_1_1_1_0_0_0_0_0_0_0_1_0_0_1_0_0_0_0_0_0_1_0_1,1,3.3333333333333337e-6,4.714045207910317e-6,0.3333333333333333,280.0
1_1_1_0_1_0_0_0_0_1_1_1_1_1_1_1_1_1_0_1_0_0_0_1_1_0_1_1_0_1_0_1_1_1_0_0_0_0,0,3.3333333333333337e-6,4.714045207910317e-6,0.24074074074074073,1001.0
1_1_1_0_0_1_0_1_0_1_1_1_1_0_1_0_1_0_1_1_1_1_0_0_1_1_1_1_1_1_0_0_0_0_1_0_0_0,1,3.3333333333333337e-6,4.714045207910317e-6,0.36419753086419754,90.0
0_1_0_0_0_1_1_1_1_0_0_0_1_1_0_0_0_1_0_0_0_0_1_1_0_0_0_0_0_0_1_0_1_1_0_0_0_0,1,3.3333333333333337e-6,4.714045207910317e-6,0.32098765432098764,280.0
1_0_1_1_1_1_1_0_0_1_1_1_1_1_1_1_1_1_0_1_1_1_0_1_1_0_1_1_0_1_0_1_1_0_0_0_1_0,1,3.3333333333333337e-6,4.714045207910317e-6,0.2654320987654321,90.0
1_0_1_1_1_1_0_0_0_1_1_1_1_1_1_0_1_1_1_1_1_1_0_1_1_0_1_1_0_1_0_1_0_0_0_0_1_0,1,3.3333333333333337e-6,4.714045207910317e-6,0.30864197530864196,160.0
1_0_1_1_1_1_1_0_0_1_1_0_1_1_1_0_1_1_1_1_0_0_1_0_0_1_1_1_1_1_1_1_1_1_0_0_1_0,1,3.3333333333333337e-6,4.714045207910317e-6,0.3395061728395062,200.0
0_0_0_0_0_0_0_1_0_0_0_1_0_0_0_1_0_1_1_0_0_0_1_0_1_1_0_0_1_0_1_0_1_0_1_1_0_1,1,3.3333333333333337e-6,4.714045207910317e-6,0.32098765432098764,150.0
0_0_0_1_0_1_1_1_1_0_1_0_1_0_1_1_1_1_0_1_1_1_0_1_1_0_1_1_0_0_0_0_0_0_1_1_1_1,1,3.3333333333333337e-6,4.714045207910317e-6,0.3333333333333333,330.0
0_0_0_0_0_0_0_1_0_0_0_1_0_0_0_1_0_1_1_0_0_0_1_0_0_1_0_0_1_0_1_0_1_0_1_1_0_1,1,3.3333333333333337e-6,4.714045207910317e-6,0.3148148148148148,140.0
0_0_0_1_1_0_1_0_1_0_0_0_1_1_1_0_1_1_0_0_1_1_0_1_0_0_1_1_0_0_0_1_0_0_0_0_1_0,1,3.3333333333333337e-6,4.714045207910317e-6,0.35185185185185186,70.0
0_1_0_0_0_1_1_1_1_0_0_1_0_0_0_1_0_0_0_0_1_1_0_1_1_0_0_0_0_0_1_0_0_1_1_1_0_1,1,3.3333333333333337e-6,4.714045207910317e-6,0.32098765432098764,160.0
1_1_1_1_1_0_1_0_1_0_1_1_0_1_0_1_0_0_1_1_0_0_0_0_1_1_1_1_1_1_1_1_0_0_0_0_1_1,1,3.3333333333333337e-6,4.714045207910317e-6,0.3148148148148148,60.0
0_0_0_0_0_1_0_1_0_1_0_0_0_0_1_1_1_1_0_0_0_0_1_1_1_0_0_0_0_0_0_0_0_1_1_1_0_1,1,3.3333333333333337e-6,4.714045207910317e-6,0.3148148148148148,60.0
0_0_0_1_1_0_0_0_0_1_0_0_1_1_1_0_1_1_0_0_0_0_0_1_0_0_0_0_0_0_0_1_0_1_0_0_0_0,1,3.3333333333333337e-6,4.714045207910317e-6,0.3271604938271605,160.0
0_1_0_0_0_0_0_1_1_0_0_1_0_0_0_1_0_0_0_0_1_1_0_1_0_0_0_0_0_0_0_0_0_0_1_1_0_1,1,3.3333333333333337e-6,4.714045207910317e-6,0.3333333333333333,140.0
0_0_0_0_0_1_1_1_0_1_0_0_1_0_1_0_1_1_1_0_1_1_0_1_0_0_0_0_0_0_0_0_1_1_1_1_0_0,1,3.3333333333333337e-6,4.714045207910317e-6,0.3271604938271605,110.0
1_0_1_0_1_1_1_0_0_1_1_1_0_0_1_1_1_1_1_1_1_1_1_0_1_1_1_1_1_1_0_1_1_0_1_1_1_1,1,3.3333333333333337e-6,4.714045207910317e-6,0.3333333333333333,110.0
1_0_1_1_1_1_0_0_0_1_1_0_1_1_1_0_1_1_1_1_1_1_1_1_0_0_1_1_0_1_1_1_1_1_0_0_1_0,1,3.3333333333333337e-6,4.714045207910317e-6,0.3333333333333333,100.0
0_1_0_0_0_0_0_1_1_0_0_1_0_0_0_1_0_0_1_0_0_0_0_0_1_1_0_0_1_0_1_0_0_0_1_1_0_1,1,3.3333333333333337e-6,4.714045207910317e-6,0.3333333333333333,130.0
0_0_0_0_0_0_0_1_0_1_0_0_1_1_1_0_1_1_1_0_0_0_1_0_0_1_0_0_1_0_1_0_1_1_0_0_0_0,1,3.3333333333333337e-6,4.714045207910317e-6,0.30864197530864196,120.0
0_1_0_0_0_0_1_1_1_0_0_0_1_1_0_0_0_1_0_0_0_0_1_1_0_0_0_0_0_0_1_0_1_1_0_0_0_0,1,3.3333333333333337e-6,4.714045207910317e-6,0.32098765432098764,150.0
1_1_1_1_1_1_1_0_0_1_1_0_1_0_0_1_0_1_0_1_0_0_0_1_1_0_1_1_0_1_1_1_1_1_1_1_1_0,1,3.3333333333333337e-6,4.714045207910317e-6,0.32098765432098764,90.0
1_1_1_1_1_1_1_0_0_1_1_1_0_1_1_0_1_1_0_1_0_0_0_0_1_1_1_1_1_1_0_1_1_1_0_0_1_0,1,3.3333333333333337e-6,4.714045207910317e-6,0.3271604938271605,90.0
1_1_1_1_1_1_1_0_1_0_1_1_1_1_0_0_0_0_0_1_0_0_0_1_0_0_1_1_0_1_1_1_1_0_0_0_1_0,1,3.3333333333333337e-6,4.714045207910317e-6,0.30246913580246915,160.0
1_1_1_0_0_0_1_1_1_0_1_1_1_0_0_1_0_0_0_1_0_0_1_0_1_1_1_1_1_1_1_0_0_0_1_0_1_1,1,3.3333333333333337e-6,4.714045207910317e-6,0.37037037037037035,140.0
0_1_0_1_0_0_1_1_1_0_0_0_0_0_0_1_0_0_0_0_0_0_0_1_1_0_0_0_0_0_1_0_0_1_1_1_0_1,1,3.3333333333333337e-6,4.714045207910317e-6,0.30864197530864196,100.0
0_1_0_0_0_1_1_1_1_0_0_0_0_1_0_1_0_1_0_0_0_0_0_0_0_1_0_0_1_0_1_0_0_1_0_1_0_1,1,3.3333333333333337e-6,4.714045207910317e-6,0.36419753086419754,80.0
0_0_0_0_0_1_0_1_0_1_0_0_0_0_1_0_1_1_1_0_1_1_1_1_0_0_0_0_0_0_1_0_0_1_1_1_0_1,1,3.3333333333333337e-6,4.714045207910317e-6,0.2962962962962963,300.0
0_1_0_1_1_0_1_0_1_0_1_1_0_1_0_0_0_0_0_1_0_0_0_0_0_1_1_1_1_0_1_1_0_0_0_0_1_0,1,3.3333333333333337e-6,4.714045207910317e-6,0.2962962962962963,200.0
1_1_1_1_1_0_1_0_1_0_1_1_1_1_0_1_0_0_0_1_1_1_0_1_1_0_1_1_0_1_0_1_1_0_0_0_1_0,1,3.3333333333333337e-6,4.714045207910317e-6,0.2962962962962963,150.0
0_0_0_0_0_0_0_1_1_0_0_0_0_0_0_1_0_1_0_0_0_0_1_0_1_1_0_0_1_0_1_0_0_0_1_1_0_1,1,3.3333333333333337e-6,4.714045207910317e-6,0.32098765432098764,300.0
0_1_0_0_0_1_1_1_1_0_0_0_1_0_0_1_0_0_0_0_0_0_1_1_0_0_0_0_0_0_1_0_1_1_1_1_0_1,1,3.3333333333333337e-6,4.714045207910317e-6,0.30864197530864196,130.0
0_0_0_1_1_0_1_0_1_0_0_0_1_1_0_0_0_1_1_0_1_1_1_0_0_1_1_1_1_0_1_1_0_0_0_0_1_0,1,3.3333333333333337e-6,4.714045207910317e-6,0.345679012345679,100.0
0_1_0_0_0_0_1_1_1_0_0_0_1_0_0_1_0_0_0_0_0_0_1_1_1_0_0_0_0_0_1_0_0_1_1_1_0_1,1,3.3333333333333337e-6,4.714045207910317e-6,0.30246913580246915,110.0
0_0_0_0_0_1_1_1_0_1_0_0_1_0_1_1_1_1_1_0_0_0_0_0_1_1_0_0_1_0_0_0_1_1_1_1_0_1,1,3.3333333333333337e-6,4.714045207910317e-6,0.3395061728395062,240.0
0_1_0_0_0_1_1_1_1_0_0_0_0_0_0_1_0_0_0_0_1_1_1_1_1_0_0_0_0_0_1_0_0_1_1_1_0_1,1,3.3333333333333337e-6,4.714045207910317e-6,0.3148148148148148,50.0
1_1_1_0_0_1_1_1_0_1_1_1_0_0_1_1_1_0_1_1_0_0_1_0_1_1_1_1_1_1_1_0_1_1_1_1_0_1,1,3.3333333333333337e-6,4.714045207910317e-6,0.35185185185185186,100.0
1_1_1_1_1_0_0_0_1_0_1_1_0_0_0_1_0_0_0_1_0_0_1_0_1_1_1_1_1_1_1_1_0_0_1_1_1_1,1,3.3333333333333337e-6,4.714045207910317e-6,0.3148148148148148,100.0
1_0_1_1_1_1_1_0_0_1_1_1_0_0_1_1_1_1_1_1_1_1_0_0_1_1_1_1_1_1_0_1_1_0_1_1_1_1,1,3.3333333333333337e-6,4.714045207910317e-6,0.32098765432098764,90.0
0_1_0_0_0_0_0_1_1_0_0_0_1_0_0_1_0_0_0_0_0_0_1_1_1_0_0_0_0_0_1_0_0_1_1_1_0_1,1,3.3333333333333337e-6,4.714045207910317e-6,0.30864197530864196,260.0
1_0_1_1_1_0_0_0_0_1_1_1_1_1_1_0_1_1_1_1_0_0_0_0_1_1_1_1_1_1_0_1_0_0_0_0_1_0,1,3.3333333333333337e-6,4.714045207910317e-6,0.30864197530864196,110.0
0_1_0_0_0_0_1_1_1_0_0_0_0_1_0_1_0_1_1_0_1_1_1_0_0_1_0_0_1_0_1_0_0_1_0_1_0_1,1,3.3333333333333337e-6,4.714045207910317e-6,0.3395061728395062,90.0
1_1_1_1_1_1_1_0_1_0_1_1_0_1_0_1_0_0_0_1_0_0_1_0_1_1_1_1_1_1_1_1_0_1_0_0_1_1,1,3.3333333333333337e-6,4.714045207910317e-6,0.29012345679012347,200.0
0_0_0_0_0_0_0_1_0_1_0_0_0_1_1_0_1_1_0_0_1_1_0_1_0_0_0_0_0_0_0_0_0_1_0_1_0_0,1,3.3333333333333337e-6,4.714045207910317e-6,0.3333333333333333,90.0
1_1_1_1_1_0_0_0_1_0_1_1_1_1_0_0_0_0_0_1_0_0_0_0_0_1_1_1_1_1_1_1_0_0_0_0_1_0,1,3.3333333333333337e-6,4.714045207910317e-6,0.3271604938271605,130.0
1_0_1_0_0_1_1_1_1_0_1_1_1_0_1_1_1_0_1_1_1_1_1_0_1_1_0_1_1_1_1_0_1_0_1_0_1_1,1,3.3333333333333337e-6,4.714045207910317e-6,0.37037037037037035,130.0
1_1_1_1_1_1_1_0_1_1_1_0_0_1_1_0_1_0_0_1_1_1_0_1_0_0_1_1_0_1_0_1_0_1_0_0_1_0,1,3.3333333333333337e-6,4.714045207910317e-6,0.3271604938271605,110.0
0_1_0_0_0_0_0_1_0_0_0_1_0_1_0_1_0_1_0_0_0_0_1_1_0_0_0_0_0_0_1_0_1_1_0_1_0_1,1,3.3333333333333337e-6,4.714045207910317e-6,0.345679012345679,120.0
1_0_1_1_1_1_0_0_0_1_1_0_1_1_1_0_1_1_1_1_0_0_0_0_0_1_1_1_1_1_0_1_1_0_0_0_1_0,1,3.3333333333333337e-6,4.714045207910317e-6,0.3148148148148148,50.0
1_0_1_0_0_1_1_1_1_0_1_1_0_0_1_1_1_0_0_1_0_0_1_1_1_0_1_1_0_1_0_0_1_0_1_1_1_1,1,3.3333333333333337e-6,4.714045207910317e-6,0.3333333333333333,50.0
1_1_1_0_0_0_1_1_1_0_1_1_0_0_0_1_0_0_1_1_1_1_1_0_1_1_1_1_1_1_1_0_1_0_1_1_1_1,1,3.3333333333333337e-6,4.714045207910317e-6,0.3395061728395062,230.0
1_0_1_1_1_1_0_0_0_1_1_1_0_1_1_0_1_1_0_1_0_0_0_1_1_0_1_1_0_1_0_1_1_0_0_0_1_0,1,3.3333333333333337e-6,4.714045207910317e-6,0.30864197530864196,110.0
1_0_1_1_1_1_0_0_0_1_1_1_0_0_1_1_1_0_0_1_1_1_0_1_1_0_1_1_0_1_0_1_1_0_1_1_1_1,1,3.3333333333333337e-6,4.714045207910317e-6,0.3395061728395062,130.0
0_0_0_1_0_0_1_1_1_0_0_0_0_0_0_0_0_0_1_0_1_1_1_0_0_1_0_0_1_0_1_0_0_0_1_1_1_1,0,3.3333333333333337e-6,4.714045207910317e-6,0.22839506172839505,1001.0
1_1_1_1_1_0_1_0_1_0_1_1_0_0_0_1_0_0_0_1_0_0_0_1_0_0_1_1_0_1_0_1_1_0_1_1_1_1,1,3.3333333333333337e-6,4.714045207910317e-6,0.32098765432098764,40.0
0_0_0_0_0_0_0_1_0_0_0_1_0_1_1_1_1_1_0_0_0_0_1_0_0_1_0_0_1_0_0_0_1_0_0_1_0_1,1,3.3333333333333337e-6,4.714045207910317e-6,0.3271604938271605,160.0
0_0_0_0_0_0_0_1_1_0_0_0_1_0_0_1_0_0_0_0_1_1_1_1_0_0_0_0_0_0_1_0_0_0_1_1_0_1,1,3.3333333333333337e-6,4.714045207910317e-6,0.3271604938271605,430.0
0_0_0_0_0_1_0_1_0_1_0_0_1_1_1_0_1_1_1_0_1_1_0_1_0_0_0_0_0_0_0_0_1_1_0_0_0_0,1,3.3333333333333337e-6,4.714045207910317e-6,0.30864197530864196,90.0
0_0_0_1_1_0_0_0_0_1_0_0_1_1_1_0_1_1_1_0_0_0_0_0_1_1_0_0_1_0_0_1_0_1_0_0_0_0,1,3.3333333333333337e-6,4.714045207910317e-6,0.35185185185185186,130.0
1_0_1_0_1_1_0_0_0_1_1_1_0_1_1_0_1_1_0_1_0_0_1_1_0_0_1_1_0_1_0_1_1_0_0_0_1_0,1,3.3333333333333337e-6,4.714045207910317e-6,0.3148148148148148,200.0
0_0_0_0_0_1_1_1_0_1_0_0_0_1_1_0_1_1_0_0_0_0_1_1_0_0_0_0_0_0_0_0_1_1_0_1_0_0,1,3.3333333333333337e-6,4.714045207910317e-6,0.3148148148148148,260.0
0_0_0_1_1_0_0_0_1_0_0_0_1_1_0_0_0_1_0_0_0_0_1_0_0_1_0_0_1_0_0_1_0_0_0_0_1_0,1,3.3333333333333337e-6,4.714045207910317e-6,0.35802469135802467,80.0
0_0_0_0_0_0_0_1_0_0_0_1_1_0_0_1_0_1_1_0_1_1_1_1_1_0_0_0_0_0_1_0_1_0_1_1_0_1,1,3.3333333333333337e-6,4.714045207910317e-6,0.3271604938271605,160.0
0_0_0_0_0_0_0_1_1_0_0_1_0_0_1_1_1_0_1_0_0_0_1_0_0_1_0_0_1_0_0_0_0_0_1_1_0_1,1,3.3333333333333337e-6,4.714045207910317e-6,0.3395061728395062,190.0
1_0_1_0_0_1_1_1_1_0_1_1_0_0_0_1_0_0_1_1_0_0_1_0_1_1_0_0_1_1_1_0_1_0_1_1_1_1,1,3.3333333333333337e-6,4.714045207910317e-6,0.36419753086419754,90.0
0_0_0_0_0_1_0_1_0_1_0_0_1_1_1_0_1_1_0_0_0_0_0_0_1_1_0_0_1_0_0_0_1_1_0_0_0_0,1,3.3333333333333337e-6,4.714045207910317e-6,0.3148148148148148,120.0
1_1_1_0_0_0_1_1_1_0_0_1_0_1_0_1_0_0_1_0_1_1_0_0_0_1_0_0_1_1_1_0_1_1_0_0_0_1,1,3.3333333333333337e-6,4.714045207910317e-6,0.3395061728395062,100.0
1_1_1_1_1_1_1_0_1_0_1_1_0_1_0_1_0_0_0_1_1_1_0_1_0_0_1_1_0_1_1_1_1_0_0_0_1_1,1,3.3333333333333337e-6,4.714045207910317e-6,0.32098765432098764,240.0
1_0_1_0_0_1_1_1_1_0_1_1_0_0_1_1_1_0_0_1_0_0_1_1_1_0_0_1_0_1_0_0_1_0_1_1_1_1,1,3.3333333333333337e-6,4.714045207910317e-6,0.35185185185185186,120.0
1_1_1_0_0_1_1_1_0_1_1_1_0_0_1_1_1_0_0_1_1_1_0_1_1_0_1_1_0_1_1_0_1_1_1_1_0_1,1,3.3333333333333337e-6,4.714045207910317e-6,0.35802469135802467,90.0
0_1_0_1_0_1_1_1_1_0_0_0_1_0_0_1_0_0_0_0_1_1_0_1_0_0_0_0_0_0_1_0_0_1_1_1_0_1,1,3.3333333333333337e-6,4.714045207910317e-6,0.3395061728395062,90.0
0_1_0_1_1_1_1_0_1_0_1_1_0_0_0_1_0_0_0_1_1_1_1_1_0_0_1_1_0_0_1_1_0_1_1_1_1_1,1,3.3333333333333337e-6,4.714045207910317e-6,0.2654320987654321,190.0
0_0_0_0_0_0_0_1_0_1_0_0_0_0_1_1_1_1_1_0_0_0_1_0_1_1_0_0_1_0_0_0_0_0_1_1_0_1,1,3.3333333333333337e-6,4.714045207910317e-6,0.30246913580246915,360.0
0_0_0_1_1_0_0_0_0_1_0_0_1_1_1_0_1_1_1_0_1_1_0_1_0_0_0_0_0_0_0_1_0_1_0_0_0_0,1,3.3333333333333337e-6,4.714045207910317e-6,0.345679012345679,60.0
1_0_1_0_1_1_0_0_0_1_1_1_1_1_1_0_1_1_0_1_0_0_1_0_0_1_1_1_1_1_0_1_0_0_0_0_1_0,1,3.3333333333333337e-6,4.714045207910317e-6,0.3271604938271605,90.0
1_0_1_0_0_0_0_1_0_0_0_1_1_1_1_0_1_1_1_0_1_1_1_1_0_0_0_0_0_1_0_0_1_0_0_0_0_0,1,3.3333333333333337e-6,4.714045207910317e-6,0.30246913580246915,170.0
0_0_0_0_0_1_0_1_0_1_0_0_1_1_1_0_1_1_1_0_0_0_1_0_0_1_0_0_1_0_0_0_1_1_0_0_0_0,1,3.3333333333333337e-6,4.714045207910317e-6,0.30246913580246915,200.0
1_1_1_1_1_0_0_0_1_0_1_1_1_1_0_0_0_0_1_1_0_0_0_0_0_1_1_1_1_1_1_1_0_0_0_0_1_0,1,3.3333333333333337e-6,4.714045207910317e-6,0.3271604938271605,290.0
0_0_0_1_1_0_0_0_0_1_0_0_0_1_1_0_1_1_1_0_1_1_0_1_0_0_0_0_0_0_0_1_1_1_0_1_0_0,1,3.3333333333333337e-6,4.714045207910317e-6,0.35802469135802467,100.0
0_0_0_0_0_1_1_1_0_1_0_0_1_0_1_0_1_1_1_0_1_1_0_1_1_0_0_0_0_0_0_0_1_1_1_1_0_0,1,3.3333333333333337e-6,4.714045207910317e-6,0.3333333333333333,90.0
1_1_1_1_1_0_0_0_1_0_1_1_1_0_0_1_0_0_1_1_1_1_1_0_1_1_1_1_1_1_1_1_0_0_1_0_1_1,1,3.3333333333333337e-6,4.714045207910317e-6,0.32098765432098764,210.0
1_0_1_1_1_1_0_0_0_1_1_1_1_0_1_0_1_0_0_1_1_1_0_1_1_0_1_1_0_1_0_1_1_0_1_0_1_0,1,3.3333333333333337e-6,4.714045207910317e-6,0.35802469135802467,70.0
1_0_1_1_1_0_0_0_0_1_1_1_1_0_1_0_1_0_0_1_0_0_0_1_1_0_1_1_0_1_0_1_0_0_1_0_1_0,1,3.3333333333333337e-6,4.714045207910317e-6,0.3395061728395062,230.0
1_1_1_1_1_1_1_0_1_0_1_1_0_0_0_1_0_0_1_1_0_0_1_0_1_1_1_1_1_1_1_1_1_1_1_1_1_1,1,3.3333333333333337e-6,4.714045207910317e-6,0.29012345679012347,290.0
1_0_1_1_1_0_0_0_0_1_1_1_0_1_1_0_1_1_1_1_1_1_0_1_1_0_1_1_0_1_0_1_0_0_0_0_1_0,1,3.3333333333333337e-6,4.714045207910317e-6,0.3271604938271605,150.0
0_0_0_0_0_0_0_1_0_1_0_0_1_1_1_0_1_1_1_0_1_1_1_1_0_0_0_0_0_0_1_0_0_1_0_0_0_0,1,3.3333333333333337e-6,4.714045207910317e-6,0.32098765432098764,120.0
1_0_1_1_1_0_0_0_0_1_1_1_1_1_1_0_1_1_1_1_0_0_0_0_0_1_1_1_1_1_0_1_1_0_0_0_1_0,1,3.3333333333333337e-6,4.714045207910317e-6,0.3148148148148148,70.0
1_0_1_0_0_1_1_1_1_0_1_1_1_0_0_1_0_0_1_1_1_1_1_0_1_1_0_0_1_1_1_0_1_0_1_0_1_1,1,3.3333333333333337e-6,4.714045207910317e-6,0.37037037037037035,100.0
1_0_1_0_0_0_1_1_1_0_1_1_1_0_1_1_1_0_1_1_1_1_1_0_1_1_1_1_1_1_0_0_0_0_1_0_1_1,1,3.3333333333333337e-6,4.714045207910317e-6,0.35802469135802467,70.0
1_0_1_1_1_0_0_0_0_1_1_1_1_0_1_0_1_1_0_1_0_0_0_1_1_0_1_1_0_1_0_1_1_0_1_0_1_0,1,3.3333333333333337e-6,4.714045207910317e-6,0.3333333333333333,130.0
1_1_1_1_1_0_1_0_1_0_1_1_1_1_0_0_0_0_1_1_1_1_1_0_0_1_1_1_1_1_1_1_1_0_0_0_1_0,1,3.3333333333333337e-6,4.714045207910317e-6,0.32098765432098764,100.0
1_0_1_0_0_1_1_1_1_0_1_1_0_0_1_1_1_0_0_1_0_0_1_1_0_0_1_1_0_1_0_0_0_0_1_1_1_1,1,3.3333333333333337e-6,4.714045207910317e-6,0.3271604938271605,200.0
1_0_1_1_1_1_0_0_0_1_1_1_0_1_1_0_1_1_0_1_0_0_0_1_0_0_1_1_0_1_0_1_1_0_0_0_1_0,1,3.3333333333333337e-6,4.714045207910317e-6,0.30246913580246915,160.0
0_1_0_1_0_1_1_1_1_0_0_0_1_0_0_1_0_0_1_0_1_1_0_1_1_0_0_0_0_0_1_0_0_1_1_1_0_1,1,3.3333333333333337e-6,4.714045207910317e-6,0.3333333333333333,200.0
0_1_0_0_0_0_0_1_1_0_0_0_0_1_0_1_0_1_0_0_0_0_1_1_0_0_0_0_0_0_1_0_0_1_0_1_0_1,1,3.3333333333333337e-6,4.714045207910317e-6,0.345679012345679,270.0
1_0_1_1_1_0_0_0_0_1_1_1_1_0_1_0_1_1_1_1_1_1_0_0_1_1_1_1_1_1_0_1_0_0_1_0_1_0,1,3.3333333333333337e-6,4.714045207910317e-6,0.3333333333333333,120.0
0_1_0_1_0_0_1_1_1_0_0_0_0_0_0_0_0_0_0_0_1_1_0_1_0_0_0_0_0_0_1_0_0_1_1_1_0_1,1,3.3333333333333337e-6,4.714045207910317e-6,0.2716049382716049,170.0
1_1_1_1_1_1_1_0_0_1_1_1_1_1_1_0_1_1_1_1_1_1_0_1_0_0_1_1_0_1_0_1_1_1_0_0_1_0,1,3.3333333333333337e-6,4.714045207910317e-6,0.3148148148148148,210.0
1_1_1_0_0_1_0_1_0_1_1_1_0_0_1_1_1_0_0_1_0_0_0_1_1_0_0_0_0_1_0_0_1_1_1_1_0_1,1,3.3333333333333337e-6,4.714045207910317e-6,0.345679012345679,90.0
0_1_0_1_0_1_1_1_1_0_0_0_1_0_0_1_0_0_0_0_1_1_0_1_1_0_0_0_0_0_1_0_1_1_1_1_0_1,1,3.3333333333333337e-6,4.714045207910317e-6,0.3333333333333333,120.0
1_1_1_1_1_0_0_0_1_0_1_1_1_0_0_1_0_0_0_1_1_1_0_1_1_0_1_1_0_1_1_1_0_0_1_0_1_1,1,3.3333333333333337e-6,4.714045207910317e-6,0.3333333333333333,190.0
0_1_0_0_0_0_1_1_1_0_0_1_0_0_0_1_0_0_0_0_1_1_0_1_0_0_0_0_0_0_0_0_0_0_1_1_0_1,1,3.3333333333333337e-6,4.714045207910317e-6,0.3271604938271605,140.0
0_0_0_1_1_0_0_0_0_1_0_0_0_1_1_0_1_1_1_0_1_1_0_0_0_1_1_1_1_0_0_1_0_1_0_1_1_0,1,3.3333333333333337e-6,4.714045207910317e-6,0.35802469135802467,270.0
1_0_1_1_1_1_0_0_0_1_1_0_1_0_1_1_1_1_1_1_1_1_1_1_1_0_1_1_0_1_0_1_1_1_1_1_1_0,1,3.3333333333333337e-6,4.714045207910317e-6,0.32098765432098764,50.0
0_1_0_0_0_0_1_1_1_0_0_1_0_0_0_1_0_0_1_0_1_1_0_1_1_0_0_0_0_0_1_0_0_0_1_1_0_1,1,3.3333333333333337e-6,4.714045207910317e-6,0.3271604938271605,120.0
0_1_0_0_0_0_0_1_1_0_0_1_0_0_0_1_0_0_1_0_0_0_1_0_0_1_0_0_1_0_1_0_0_0_1_1_0_1,1,3.3333333333333337e-6,4.714045207910317e-6,0.32098765432098764,210.0
0_0_0_1_1_1_0_0_0_1_1_0_1_0_1_0_1_1_1_1_1_1_1_0_1_1_1_1_1_0_0_1_0_0_1_1_1_0,1,3.3333333333333337e-6,4.714045207910317e-6,0.3395061728395062,80.0
0_0_0_0_0_0_0_1_0_1_0_0_1_0_1_1_1_1_1_0_1_1_1_1_1_0_0_0_0_0_1_0_1_1_1_1_0_1,1,3.3333333333333337e-6,4.714045207910317e-6,0.3333333333333333,90.0
1_1_1_1_1_1_1_0_1_1_1_0_0_1_1_0_1_1_1_1_0_0_0_0_0_1_1_1_1_1_0_1_0_1_0_0_1_0,1,3.3333333333333337e-6,4.714045207910317e-6,0.32098765432098764,170.0
1_1_1_1_1_1_0_0_0_1_1_0_1_0_0_1_0_1_1_1_1_1_1_0_1_1_1_1_1_1_1_1_1_1_1_1_1_0,1,3.3333333333333337e-6,4.714045207910317e-6,0.32098765432098764,40.0
0_0_0_0_0_0_0_1_0_1_0_0_1_1_1_0_1_1_0_0_0_0_1_0_0_1_0_0_1_0_0_0_0_1_0_0_0_0,1,3.3333333333333337e-6,4.714045207910317e-6,0.30246913580246915,100.0
0_0_0_0_0_1_1_1_0_1_0_0_1_1_1_0_1_1_1_0_0_0_0_0_1_1_0_0_1_0_0_0_1_1_0_0_0_0,1,3.3333333333333337e-6,4.714045207910317e-6,0.32098765432098764,140.0
0_1_0_1_1_0_0_0_0_1_0_0_0_1_0_0_0_1_0_0_0_0_0_1_0_0_0_0_0_0_1_1_0_1_0_1_0_0,1,3.3333333333333337e-6,4.714045207910317e-6,0.35802469135802467,190.0
0_0_0_0_0_0_0_1_0_1_0_0_1_0_1_1_1_1_0_0_1_1_0_1_1_0_0_0_0_0_0_0_0_0_1_1_0_1,1,3.3333333333333337e-6,4.714045207910317e-6,0.3148148148148148,180.0
1_1_1_1_1_0_1_0_1_0_1_1_1_1_0_0_0_0_1_1_0_0_0_0_0_1_1_1_1_1_0_1_1_0_0_0_1_0,1,3.3333333333333337e-6,4.714045207910317e-6,0.35185185185185186,250.0
0_1_0_0_0_1_1_1_1_0_0_0_0_0_0_1_0_0_0_0_0_0_1_0_0_1_0_0_1_0_1_0_0_1_1_1_0_1,1,3.3333333333333337e-6,4.714045207910317e-6,0.30864197530864196,280.0
0_0_0_0_0_0_0_1_0_1_0_0_0_0_1_1_1_1_1_0_0_0_0_0_1_1_0_0_1_0_0_0_0_1_1_1_0_1,1,3.3333333333333337e-6,4.714045207910317e-6,0.3271604938271605,50.0
0_1_0_0_0_0_1_1_1_0_0_0_0_1_0_1_0_1_0_0_1_1_1_1_0_0_0_0_0_0_1_0_0_1_0_1_0_1,1,3.3333333333333337e-6,4.714045207910317e-6,0.35802469135802467,230.0
0_0_0_0_0_1_0_1_0_1_0_0_0_1_1_0_1_1_0_0_1_1_0_1_0_0_0_0_0_0_0_0_1_1_0_1_0_0,1,3.3333333333333337e-6,4.714045207910317e-6,0.3333333333333333,120.0
1_0_1_0_1_1_1_0_0_1_1_1_1_1_1_0_1_1_1_1_1_1_1_0_0_1_1_1_1_1_0_1_1_0_0_0_1_0,1,3.3333333333333337e-6,4.714045207910317e-6,0.3148148148148148,120.0
1_1_1_0_0_0_1_1_1_0_0_1_0_1_0_1_0_0_1_0_1_1_0_1_0_0_0_0_0_1_1_0_1_1_0_0_0_1,1,3.3333333333333337e-6,4.714045207910317e-6,0.35802469135802467,70.0
1_1_1_0_0_1_1_1_1_0_0_1_0_1_0_1_0_0_0_0_0_0_0_1_0_0_0_0_0_1_1_0_1_1_0_0_0_1,1,3.3333333333333337e-6,4.714045207910317e-6,0.3395061728395062,100.0
1_0_1_1_1_0_0_0_0_1_1_1_1_0_1_0_1_1_0_1_0_0_0_0_1_1_1_1_1_1_0_1_1_0_1_0_1_0,1,3.3333333333333337e-6,4.714045207910317e-6,0.35185185185185186,40.0
1_1_1_1_1_1_1_0_1_0_1_1_0_1_0_0_0_0_1_1_1_1_0_1_0_0_1_1_0_1_0_1_0_0_0_0_1_0,1,3.3333333333333337e-6,4.714045207910317e-6,0.3333333333333333,310.0
0_0_0_1_1_1_0_0_0_1_0_0_0_1_1_0_1_1_0_0_0_0_0_1_0_0_0_0_0_0_0_1_0_1_0_1_0_0,1,3.3333333333333337e-6,4.714045207910317e-6,0.36419753086419754,60.0
0_1_0_0_0_0_1_1_1_0_0_0_0_1_0_1_0_1_1_0_1_1_1_0_0_1_0_0_1_0_1_0_1_1_0_1_0_1,1,3.3333333333333337e-6,4.714045207910317e-6,0.3395061728395062,340.0
0_1_0_0_0_0_1_1_1_0_0_1_0_0_0_1_0_0_0_0_0_0_0_0_1_1_0_0_1_0_0_0_0_0_1_1_0_1,1,3.3333333333333337e-6,4.714045207910317e-6,0.3333333333333333,410.0
1_1_1_1_1_0_0_0_1_0_1_1_0_1_0_0_0_0_0_1_0_0_1_0_0_1_1_1_1_1_1_1_0_0_0_0_1_0,1,3.3333333333333337e-6,4.714045207910317e-6,0.3395061728395062,150.0
0_1_0_0_0_0_0_1_0_0_0_1_1_0_0_1_0_0_0_0_0_0_1_0_0_1_0_0_1_0_1_0_1_1_1_1_0_1,1,3.3333333333333337e-6,4.714045207910317e-6,0.3333333333333333,200.0
0_0_0_0_0_0_0_1_1_0_0_1_0_1_1_0_1_0_0_0_0_0_0_1_0_0_0_0_0_0_0_0_0_0_0_0_0_1,1,3.3333333333333337e-6,4.714045207910317e-6,0.3271604938271605,120.0
0_0_0_0_0_1_1_1_0_1_0_0_1_0_1_0_1_1_1_0_1_1_1_1_0_0_0_0_0_0_1_0_1_1_1_1_0_0,1,3.3333333333333337e-6,4.714045207910317e-6,0.3395061728395062,90.0
0_0_0_0_0_1_0_1_0_1_0_0_0_1_1_0_1_1_0_0_1_1_0_1_0_0_0_0_0_0_0_0_0_1_0_1_0_0,1,3.3333333333333337e-6,4.714045207910317e-6,0.345679012345679,110.0
1_1_1_1_1_0_1_0_1_0_1_1_1_0_0_1_0_0_0_1_1_1_1_1_1_0_1_1_0_1_1_1_0_0_1_0_1_1,1,3.3333333333333337e-6,4.714045207910317e-6,0.3333333333333333,110.0
0_0_0_1_1_0_0_0_1_0_0_0_1_1_0_0_0_1_1_0_1_1_0_1_0_0_0_0_0_0_0_1_0_0_0_0_1_0,1,3.3333333333333337e-6,4.714045207910317e-6,0.35185185185185186,120.0
0_0_0_1_1_1_0_0_0_1_1_0_1_0_1_0_1_1_0_1_0_0_0_1_1_0_1_1_0_0_0_1_0_0_1_1_1_0,1,3.3333333333333337e-6,4.714045207910317e-6,0.3333333333333333,70.0
0_0_0_1_1_0_1_1_1_0_1_0_1_1_1_0_1_0_1_1_1_1_1_1_0_0_1_1_0_0_1_0_0_0_0_0_1_0,1,3.3333333333333337e-6,4.714045207910317e-6,0.35185185185185186,110.0
1_1_1_1_1_0_1_0_1_0_1_1_1_0_0_1_0_0_0_1_0_0_0_0_1_1_1_1_1_1_0_1_0_0_1_0_1_1,1,3.3333333333333337e-6,4.714045207910317e-6,0.345679012345679,120.0
1_0_1_1_1_1_0_0_0_1_1_1_1_1_1_0_1_1_0_1_0_0_0_0_1_1_1_1_1_1_0_1_1_0_0_0_1_0,1,3.3333333333333337e-6,4.714045207910317e-6,0.30864197530864196,210.0
0_1_0_1_0_1_1_1_1_0_0_0_0_0_0_0_0_0_1_0_0_0_0_0_0_1_0_0_1_0_1_0_1_1_1_1_0_1,1,3.3333333333333337e-6,4.714045207910317e-6,0.2716049382716049,190.0
1_0_1_0_0_1_1_1_1_0_1_1_1_0_1_1_1_0_1_1_0_0_1_0_1_1_0_0_1_1_0_0_1_0_1_0_0_1,1,3.3333333333333337e-6,4.714045207910317e-6,0.3950617283950617,70.0
1_1_1_1_1_1_1_0_0_1_1_0_1_0_0_1_0_1_1_1_1_1_0_0_1_1_1_1_1_1_1_1_1_1_1_1_1_0,1,3.3333333333333337e-6,4.714045207910317e-6,0.32098765432098764,130.0
0_1_0_0_0_0_1_1_1_0_0_1_0_0_0_1_0_0_1_0_1_1_1_1_0_0_0_0_0_0_1_0_0_1_1_1_0_1,1,3.3333333333333337e-6,4.714045207910317e-6,0.30864197530864196,90.0
0_0_0_0_0_1_1_1_0_1_0_0_1_0_1_0_1_1_1_0_1_1_1_0_0_1_0_0_1_0_1_0_1_1_1_1_0_0,1,3.3333333333333337e-6,4.714045207910317e-6,0.32098765432098764,160.0
1_1_1_1_1_1_1_0_1_1_1_0_1_0_0_0_0_0_1_1_1_1_1_1_1_0_1_1_0_1_1_1_0_1_1_0_1_0,1,3.3333333333333337e-6,4.714045207910317e-6,0.3333333333333333,90.0
0_0_0_0_0_0_0_1_0_1_0_0_1_1_1_0_1_1_1_0_1_1_1_1_0_0_0_0_0_0_0_0_1_1_0_0_0_0,1,3.3333333333333337e-6,4.714045207910317e-6,0.29012345679012347,80.0
0_1_0_0_0_0_1_1_1_0_0_0_1_1_0_0_0_1_1_0_1_1_1_0_0_1_0_0_1_0_1_0_0_1_0_0_0_0,1,3.3333333333333337e-6,4.714045207910317e-6,0.32098765432098764,390.0
0_0_0_0_0_0_0_1_0_1_0_0_0_0_1_1_1_1_0_0_1_1_0_1_1_0_0_0_0_0_0_0_0_0_1_1_0_1,1,3.3333333333333337e-6,4.714045207910317e-6,0.30864197530864196,100.0
1_1_1_1_1_0_1_0_1_0_1_1_0_0_0_1_0_0_1_1_0_0_0_0_0_1_1_1_1_1_1_1_0_0_1_1_1_1,1,3.3333333333333337e-6,4.714045207910317e-6,0.30864197530864196,170.0
0_1_0_0_0_0_1_1_1_0_0_0_1_1_0_0_0_0_0_0_0_0_1_0_0_1_0_0_1_0_1_0_1_1_0_0_0_0,1,3.3333333333333337e-6,4.714045207910317e-6,0.3333333333333333,100.0
1_1_1_1_1_0_1_0_1_0_1_1_0_1_0_1_0_0_1_1_1_1_0_1_1_0_1_1_0_1_1_1_0_0_0_0_1_1,1,3.3333333333333337e-6,4.714045207910317e-6,0.3148148148148148,40.0
0_0_0_0_0_0_1_1_1_0_0_1_0_0_1_1_1_0_1_0_0_0_1_0_0_1_0_0_1_0_0_0_0_0_1_1_0_1,1,3.3333333333333337e-6,4.714045207910317e-6,0.3333333333333333,80.0
0_0_0_0_0_0_0_1_1_0_0_0_0_0_0_1_0_1_0_0_1_1_1_1_1_0_0_0_0_0_1_0_0_0_1_1_0_1,1,3.3333333333333337e-6,4.714045207910317e-6,0.32098765432098764,280.0
0_0_0_0_0_0_0_1_0_1_0_0_1_1_1_0_1_1_0_0_1_1_1_1_1_0_0_0_0_0_1_0_0_1_0_0_0_0,1,3.3333333333333337e-6,4.714045207910317e-6,0.3271604938271605,100.0
0_0_0_0_0_0_1_1_1_0_0_1_0_0_1_1_1_0_1_0_1_1_1_0_0_1_0_0_1_0_0_0_0_0_1_1_0_1,1,3.3333333333333337e-6,4.714045207910317e-6,0.3148148148148148,140.0
0_1_0_1_1_0_0_0_0_1_0_0_0_1_0_0_0_1_0_0_0_0_0_1_0_0_0_0_0_0_1_1_1_1_0_1_0_0,1,3.3333333333333337e-6,4.714045207910317e-6,0.345679012345679,110.0
0_1_0_0_0_0_1_1_1_0_0_0_1_0_0_1_0_0_1_0_1_1_1_1_1_0_0_0_0_0_1_0_1_1_1_1_0_1,1,3.3333333333333337e-6,4.714045207910317e-6,0.32098765432098764,140.0
0_0_0_0_0_1_0_1_0_1_0_0_0_0_1_0_1_1_0_0_1_1_1_1_0_0_0_0_0_0_1_0_0_1_1_1_0_1,1,3.3333333333333337e-6,4.714045207910317e-6,0.2962962962962963,80.0
1_1_1_1_1_1_1_0_1_0_1_1_0_1_0_0_0_0_0_1_1_1_1_1_0_0_1_1_0_1_1_1_1_1_0_0_1_0,1,3.3333333333333337e-6,4.714045207910317e-6,0.3148148148148148,110.0
0_1_0_0_0_1_1_1_1_0_0_0_0_0_0_1_0_0_1_0_0_0_1_0_0_1_0_0_1_0_1_0_1_1_1_1_0_1,1,3.3333333333333337e-6,4.714045207910317e-6,0.30864197530864196,80.0
0_0_0_0_0_1_1_1_0_1_0_0_0_1_1_0_1_1_0_0_0_0_0_0_0_1_0_0_1_0_0_0_1_1_0_1_0_0,1,3.3333333333333337e-6,4.714045207910317e-6,0.3395061728395062,90.0
0_0_0_0_0_1_1_1_0_1_0_0_1_0_1_0_1_1_0_0_1_1_1_1_1_0_0_0_0_0_0_0_1_1_1_1_0_0,1,3.3333333333333337e-6,4.714045207910317e-6,0.3271604938271605,90.0
1_1_1_1_1_1_1_0_0_1_1_0_1_1_0_0_0_1_1_1_1_1_1_1_1_0_1_1_0_1_1_1_1_1_0_0_1_0,1,3.3333333333333337e-6,4.714045207910317e-6,0.345679012345679,160.0
0_0_0_1_1_1_0_0_0_1_1_0_1_0_1_0_1_1_0_1_0_0_1_1_0_0_1_1_0_0_0_1_0_0_1_1_1_0,1,3.3333333333333337e-6,4.714045207910317e-6,0.345679012345679,200.0
1_0_1_0_0_0_0_1_0_0_0_1_1_0_1_1_1_1_0_0_0_0_0_0_1_1_0_0_1_1_0_0_1_0_1_1_0_1,1,3.3333333333333337e-6,4.714045207910317e-6,0.2962962962962963,90.0
1_1_1_1_1_1_1_0_1_0_1_1_0_1_0_1_0_0_1_1_0_0_1_0_0_1_1_1_1_1_1_1_1_1_0_0_1_1,1,3.3333333333333337e-6,4.714045207910317e-6,0.30864197530864196,160.0
1_1_1_1_1_0_1_0_1_0_1_1_1_0_0_1_0_0_1_1_0_0_0_0_1_1_1_1_1_1_1_1_1_0_1_0_1_1,1,3.3333333333333337e-6,4.714045207910317e-6,0.3395061728395062,140.0
1_0_1_1_1_0_0_0_0_1_1_1_0_1_1_0_1_1_0_1_0_0_0_0_0_1_1_1_1_1_0_1_0_0_0_0_1_0,1,3.3333333333333337e-6,4.714045207910317e-6,0.32098765432098764,100.0
0_0_0_1_1_1_0_0_0_1_1_0_1_0_1_0_1_1_1_1_1_1_0_1_0_0_1_1_0_0_0_1_0_0_1_1_1_0,1,3.3333333333333337e-6,4.714045207910317e-6,0.35802469135802467,140.0
1_0_1_0_1_1_0_0_0_1_1_1_1_1_1_0_1_1_1_1_1_1_1_0_1_1_1_1_1_1_0_1_1_0_0_0_1_0,1,3.3333333333333337e-6,4.714045207910317e-6,0.30246913580246915,120.0
1_0_1_0_0_1_0_1_0_1_0_0_1_0_1_1_1_1_1_0_1_1_1_1_1_0_0_0_0_1_0_0_1_1_1_1_0_1,1,3.3333333333333337e-6,4.714045207910317e-6,0.2962962962962963,100.0
0_0_0_0_0_1_1_1_0_1_0_0_1_1_1_0_1_1_0_0_0_0_1_1_0_0_0_0_0_0_0_0_1_1_0_0_0_0,1,3.3333333333333337e-6,4.714045207910317e-6,0.29012345679012347,120.0
1_1_1_1_1_1_1_0_1_0_1_1_0_1_0_1_0_0_0_1_0_0_0_0_1_1_1_1_1_1_1_1_1_1_0_0_1_1,1,3.3333333333333337e-6,4.714045207910317e-6,0.2962962962962963,130.0
1_0_1_0_0_0_0_1_0_1_0_0_1_1_1_0_1_1_1_0_1_1_1_1_0_0_0_0_0_1_1_0_1_1_0_0_0_0,1,3.3333333333333337e-6,4.714045207910317e-6,0.29012345679012347,100.0
0_0_0_0_0_0_0_1_0_1_0_0_1_0_1_0_1_1_1_0_1_1_0_1_0_0_0_0_0_0_0_0_1_0_1_1_0_0,1,3.3333333333333337e-6,4.714045207910317e-6,0.29012345679012347,160.0
1_0_1_1_1_1_0_0_0_1_1_1_0_0_1_1_1_0_0_1_0_0_0_1_1_0_1_1_0_1_0_1_0_0_1_1_1_1,1,3.3333333333333337e-6,4.714045207910317e-6,0.32098765432098764,110.0
0_1_0_0_0_1_1_1_1_0_0_0_1_1_0_0_0_0_0_0_1_1_1_1_0_0_0_0_0_0_1_0_0_1_0_0_0_0,1,3.3333333333333337e-6,4.714045207910317e-6,0.3333333333333333,110.0
0_0_0_1_1_0_0_0_0_1_0_0_0_1_0_0_0_1_0_0_0_0_1_1_0_0_1_0_0_0_1_1_0_1_0_1_1_0,1,3.3333333333333337e-6,4.714045207910317e-6,0.37037037037037035,120.0
1_1_1_1_1_1_1_0_1_1_1_0_1_0_1_0_1_0_1_1_1_1_0_1_1_0_1_1_0_1_0_1_0_1_1_0_1_0,1,3.3333333333333337e-6,4.714045207910317e-6,0.345679012345679,100.0
0_1_0_0_0_0_1_1_1_0_0_0_0_1_0_1_0_0_0_0_0_0_1_1_0_0_0_0_0_0_1_0_0_1_0_1_0_1,1,3.3333333333333337e-6,4.714045207910317e-6,0.3333333333333333,70.0
0_0_0_0_0_1_0_1_0_1_0_0_1_0_1_1_1_1_0_0_1_1_1_1_1_0_0_0_0_0_1_0_0_1_1_1_0_1,1,3.3333333333333337e-6,4.714045207910317e-6,0.35802469135802467,220.0
0_1_0_0_0_0_0_1_1_0_0_1_0_0_0_1_0_0_1_0_1_1_0_1_0_0_0_0_0_0_1_0_0_0_1_1_0_1,1,3.3333333333333337e-6,4.714045207910317e-6,0.3271604938271605,160.0
0_0_0_0_0_0_0_1_0_0_0_1_0_0_0_1_0_0_1_0_0_0_1_0_1_1_0_0_1_0_1_0_1_0_1_1_0_1,1,3.3333333333333337e-6,4.714045207910317e-6,0.3148148148148148,160.0
0_1_0_1_0_0_0_1_1_0_0_0_0_0_0_1_0_0_1_0_1_1_0_0_0_1_0_0_1_0_1_0_0_1_1_1_0_1,1,3.3333333333333337e-6,4.714045207910317e-6,0.30864197530864196,230.0
0_0_0_1_1_0_1_0_1_0_0_0_1_1_0_0_0_1_0_0_0_0_1_0_0_1_0_0_1_0_1_1_0_1_0_0_1_0,1,3.3333333333333337e-6,4.714045207910317e-6,0.36419753086419754,150.0
1_1_1_1_1_1_1_0_1_0_1_1_0_1_0_1_0_0_0_1_0_0_0_0_0_1_1_1_1_1_1_1_1_0_0_0_1_1,1,3.3333333333333337e-6,4.714045207910317e-6,0.32098765432098764,190.0
0_0_0_1_1_0_0_0_1_0_0_0_1_1_0_0_0_1_0_0_0_0_1_1_0_0_0_0_0_0_0_1_0_0_0_0_1_0,1,3.3333333333333337e-6,4.714045207910317e-6,0.3395061728395062,90.0
0_0_0_1_0_0_1_1_1_0_0_0_0_0_0_0_0_0_0_0_0_0_1_0_0_1_0_0_1_0_1_0_0_0_1_1_1_1,0,3.3333333333333337e-6,4.714045207910317e-6,0.24691358024691357,1001.0
0_1_0_1_0_1_1_1_1_0_0_0_0_0_0_1_0_0_1_0_1_1_0_0_0_1_0_0_1_0_1_0_1_1_1_1_0_1,1,3.3333333333333337e-6,4.714045207910317e-6,0.30246913580246915,60.0
1_1_1_1_1_0_1_0_1_0_1_1_0_1_0_1_0_0_1_1_1_1_1_0_1_1_1_1_1_1_1_1_1_0_0_0_1_1,1,3.3333333333333337e-6,4.714045207910317e-6,0.3148148148148148,90.0
1_1_1_1_1_0_0_0_1_0_1_1_0_1_0_1_0_0_0_1_0_0_1_0_0_1_1_1_1_1_1_1_0_0_0_0_1_1,1,3.3333333333333337e-6,4.714045207910317e-6,0.3333333333333333,160.0
0_0_0_1_1_0_1_1_1_0_1_0_1_1_1_0_1_0_0_1_1_1_1_1_0_0_1_1_0_0_1_0_0_0_0_0_1_0,1,3.3333333333333337e-6,4.714045207910317e-6,0.35185185185185186,140.0
0_0_0_0_0_0_0_1_0_1_0_0_1_1_1_0_1_1_0_0_1_1_0_1_1_0_0_0_0_0_0_0_1_1_0_0_0_0,1,3.3333333333333337e-6,4.714045207910317e-6,0.30246913580246915,210.0
1_1_1_1_1_1_1_0_0_1_1_1_0_1_1_0_1_0_1_1_1_1_0_1_1_0_1_1_0_1_0_1_1_1_0_0_1_0,1,3.3333333333333337e-6,4.714045207910317e-6,0.3333333333333333,280.0
0_0_0_1_1_0_0_0_1_0_0_0_1_1_0_0_0_1_0_0_0_0_0_1_0_0_1_0_0_0_0_1_0_0_0_0_1_0,1,3.3333333333333337e-6,4.714045207910317e-6,0.35185185185185186,220.0
0_0_0_0_0_0_0_1_0_1_0_0_1_1_1_0_1_1_1_0_1_1_1_0_0_1_0_0_1_0_1_0_0_1_0_0_0_0,1,3.3333333333333337e-6,4.714045207910317e-6,0.30246913580246915,240.0
0_0_0_0_0_0_0_1_1_0_0_1_0_0_1_1_1_0_1_0_1_1_0_1_1_0_0_0_0_0_0_0_0_0_1_1_0_1,1,3.3333333333333337e-6,4.714045207910317e-6,0.35185185185185186,180.0
1_0_1_0_0_1_0_1_0_1_0_0_1_1_1_0_1_1_1_0_1_1_0_1_1_0_0_0_0_1_0_0_1_1_0_0_0_0,1,3.3333333333333337e-6,4.714045207910317e-6,0.2962962962962963,130.0
1_1_1_1_1_1_1_0_1_0_1_1_1_1_0_0_0_0_0_1_1_1_0_1_0_0_1_1_0_1_0_1_1_0_0_0_1_0,1,3.3333333333333337e-6,4.714045207910317e-6,0.3395061728395062,120.0
1_1_1_1_1_1_1_0_1_0_1_1_0_0_0_1_0_0_0_1_0_0_0_0_1_1_1_1_1_1_0_1_1_0_1_1_1_1,1,3.3333333333333337e-6,4.714045207910317e-6,0.32098765432098764,180.0
0_1_0_1_0_0_0_1_1_0_0_0_1_0_0_1_0_0_1_0_1_1_0_0_0_1_0_0_1_0_1_0_0_1_1_1_0_1,1,3.3333333333333337e-6,4.714045207910317e-6,0.3271604938271605,140.0
1_0_1_0_1_0_0_0_0_1_1_1_1_1_1_1_1_1_1_1_0_0_1_0_1_1_1_1_1_1_0_1_0_0_0_0_1_0,1,3.3333333333333337e-6,4.714045207910317e-6,0.2716049382716049,170.0
0_0_0_1_1_0_0_0_0_1_0_0_1_1_1_0_1_1_1_0_0_0_0_0_0_1_0_0_1_0_0_1_1_1_0_0_0_0,1,3.3333333333333337e-6,4.714045207910317e-6,0.3333333333333333,150.0
1_0_1_1_1_1_0_0_0_1_1_1_0_1_1_0_1_1_0_1_0_0_0_0_1_1_1_1_1_1_0_1_1_0_0_0_1_0,1,3.3333333333333337e-6,4.714045207910317e-6,0.3271604938271605,180.0
0_0_0_0_0_0_0_1_0_1_0_0_1_1_1_0_1_1_0_0_0_0_1_0_0_1_0_0_1_0_1_0_0_1_0_0_0_0,1,3.3333333333333337e-6,4.714045207910317e-6,0.32098765432098764,90.0
1_1_1_0_0_1_1_1_0_1_1_1_0_0_1_1_1_0_0_1_1_1_1_1_1_0_1_1_0_1_1_0_1_1_1_1_0_1,1,3.3333333333333337e-6,4.714045207910317e-6,0.35185185185185186,170.0
1_0_1_1_1_1_0_0_0_1_1_1_1_0_1_0_1_1_0_1_0_0_0_1_1_0_1_1_0_1_0_1_1_0_1_0_1_0,1,3.3333333333333337e-6,4.714045207910317e-6,0.3333333333333333,90.0
0_0_0_0_0_1_0_1_0_1_0_0_1_1_1_0_1_1_1_0_0_0_0_0_0_1_0_0_1_0_0_0_1_1_0_0_0_0,1,3.3333333333333337e-6,4.714045207910317e-6,0.30864197530864196,150.0
0_0_0_0_0_0_1_1_1_0_0_1_0_0_1_1_1_0_1_0_1_1_0_0_1_1_0_0_1_0_0_0_0_0_1_1_0_1,1,3.3333333333333337e-6,4.714045207910317e-6,0.3271604938271605,240.0
1_1_1_1_1_1_1_0_1_0_1_1_0_1_0_1_0_0_0_1_1_1_0_1_0_0_1_1_0_1_0_1_1_0_0_0_1_1,1,3.3333333333333337e-6,4.714045207910317e-6,0.3395061728395062,170.0
1_0_1_1_1_1_0_0_0_1_1_1_1_0_1_0_1_0_0_1_0_0_0_0_1_1_1_1_1_1_0_1_1_0_1_0_1_0,1,3.3333333333333337e-6,4.714045207910317e-6,0.35802469135802467,240.0
1_0_1_1_1_1_1_0_1_1_1_0_0_1_1_0_1_1_0_1_0_0_0_1_1_0_1_1_0_1_0_1_0_0_0_0_1_0,1,3.3333333333333337e-6,4.714045207910317e-6,0.3148148148148148,90.0
0_0_0_0_0_0_0_1_0_1_0_0_0_1_1_0_1_1_0_0_0_0_0_0_0_1_0_0_1_0_0_0_0_0_0_1_0_0,1,3.3333333333333337e-6,4.714045207910317e-6,0.3148148148148148,90.0
0_0_0_0_0_1_0_1_0_1_0_0_1_0_1_0_1_1_1_0_1_1_1_0_1_1_0_0_1_0_0_0_0_1_1_1_0_0,1,3.3333333333333337e-6,4.714045207910317e-6,0.3148148148148148,190.0
0_1_0_1_1_1_0_0_0_1_0_0_1_1_0_0_0_1_0_0_0_0_0_1_0_0_0_0_0_0_1_1_0_1_0_0_0_0,1,3.3333333333333337e-6,4.714045207910317e-6,0.345679012345679,90.0
1_0_1_0_0_1_1_1_0_1_1_1_0_0_1_1_1_0_0_1_0_0_0_1_1_0_1_1_0_1_0_0_1_0_1_1_0_1,1,3.3333333333333337e-6,4.714045207910317e-6,0.36419753086419754,80.0
0_1_0_1_0_0_1_1_1_0_0_0_1_0_0_1_0_0_1_0_1_1_0_0_1_1_0_0_1_0_1_0_0_1_1_1_0_1,1,3.3333333333333337e-6,4.714045207910317e-6,0.3148148148148148,100.0
0_0_0_0_0_0_0_1_0_1_0_0_1_0_1_1_1_1_1_0_1_1_1_1_1_0_0_0_0_0_0_0_1_1_1_1_0_1,1,3.3333333333333337e-6,4.714045207910317e-6,0.3148148148148148,180.0
0_0_0_1_1_0_0_1_1_0_1_0_1_1_1_0_1_0_1_1_1_1_1_1_0_0_1_1_0_0_1_0_0_0_0_0_1_0,1,3.3333333333333337e-6,4.714045207910317e-6,0.35802469135802467,190.0
0_1_0_1_1_1_1_0_1_1_1_0_0_0_1_1_1_0_0_1_0_0_0_0_1_1_1_1_1_0_0_1_0_1_1_1_1_1,1,3.3333333333333337e-6,4.714045207910317e-6,0.32098765432098764,50.0
1_1_1_1_1_1_1_0_1_0_1_1_0_1_0_1_0_0_0_1_0_0_0_1_0_0_1_1_0_1_1_1_1_0_0_0_1_1,1,3.3333333333333337e-6,4.714045207910317e-6,0.30246913580246915,180.0
0_0_0_1_0_1_1_1_1_0_1_0_0_0_1_1_1_1_0_1_0_0_0_0_1_1_1_1_1_0_0_0_0_0_1_1_1_1,1,3.3333333333333337e-6,4.714045207910317e-6,0.3271604938271605,170.0
0_0_0_1_1_0_0_1_1_0_1_0_1_1_1_0_1_0_1_1_1_1_1_0_0_1_1_1_1_0_1_0_0_0_0_0_1_0,1,3.3333333333333337e-6,4.714045207910317e-6,0.3395061728395062,130.0
0_0_0_0_0_0_0_1_0_1_0_0_0_0_1_1_1_1_1_0_0_0_0_0_1_1_0_0_1_0_0_0_1_1_1_1_0_1,1,3.3333333333333337e-6,4.714045207910317e-6,0.3148148148148148,170.0
0_0_0_0_0_1_1_1_0_1_0_0_1_0_1_1_1_1_0_0_1_1_0_1_1_0_0_0_0_0_0_0_1_1_1_1_0_1,1,3.3333333333333337e-6,4.714045207910317e-6,0.3395061728395062,220.0
1_0_1_0_0_0_0_1_0_1_0_0_1_1_1_0_1_1_1_0_1_1_1_1_1_0_0_0_0_1_1_0_1_1_0_0_0_0,1,3.3333333333333337e-6,4.714045207910317e-6,0.2962962962962963,70.0
1_1_1_1_1_0_1_0_1_0_1_1_0_1_0_1_0_0_0_1_0_0_0_0_1_1_1_1_1_1_0_1_0_0_0_0_1_1,1,3.3333333333333337e-6,4.714045207910317e-6,0.3333333333333333,90.0
0_0_0_0_0_0_0_1_0_1_0_0_1_0_1_1_1_1_1_0_1_1_1_1_1_0_0_0_0_0_0_0_0_0_1_1_0_1,1,3.3333333333333337e-6,4.714045207910317e-6,0.30864197530864196,90.0
0_0_0_0_0_0_0_1_0_1_0_0_1_0_1_1_1_1_0_0_0_0_1_0_1_1_0_0_1_0_0_0_0_1_1_1_0_1,1,3.3333333333333337e-6,4.714045207910317e-6,0.3271604938271605,100.0
0_0_0_1_1_0_0_0_1_0_0_0_0_1_0_1_0_1_1_0_1_1_1_0_0_1_0_0_1_0_1_1_0_1_0_1_1_1,1,3.3333333333333337e-6,4.714045207910317e-6,0.37037037037037035,90.0
0_1_0_0_0_0_1_1_1_0_0_1_0_0_0_1_0_0_0_0_0_0_1_0_0_1_0_0_1_0_1_0_0_1_1_1_0_1,1,3.3333333333333337e-6,4.714045207910317e-6,0.30864197530864196,200.0
1_0_1_1_1_1_0_0_0_1_1_1_1_0_1_0_1_0_1_1_1_1_0_0_1_1_1_1_1_1_0_1_0_0_1_0_1_0,1,3.3333333333333337e-6,4.714045207910317e-6,0.3395061728395062,190.0
0_0_0_1_1_1_0_0_0_1_1_0_1_0_1_0_1_1_0_1_0_0_0_1_0_0_1_1_0_0_0_1_0_0_1_1_1_0,1,3.3333333333333337e-6,4.714045207910317e-6,0.3395061728395062,50.0
0_0_0_0_0_1_1_1_0_1_0_0_0_0_1_1_1_1_1_0_1_1_1_0_1_1_0_0_1_0_0_0_1_1_1_1_0_1,1,3.3333333333333337e-6,4.714045207910317e-6,0.30864197530864196,200.0
0_0_0_0_0_1_1_1_0_1_0_0_1_0_1_0_1_1_1_0_1_1_1_1_1_0_0_0_0_0_0_0_1_1_1_1_0_0,1,3.3333333333333337e-6,4.714045207910317e-6,0.3271604938271605,120.0
1_0_1_0_0_1_0_1_0_1_1_1_0_0_1_1_1_0_1_1_1_1_1_0_1_1_1_1_1_1_0_0_1_0_1_1_0_1,1,3.3333333333333337e-6,4.714045207910317e-6,0.35185185185185186,190.0
0_1_0_0_0_1_1_1_1_0_0_0_0_1_0_1_0_1_1_0_1_1_1_0_0_1_0_0_1_0_1_0_0_1_0_1_0_1,1,3.3333333333333337e-6,4.714045207910317e-6,0.3395061728395062,150.0
0_1_0_1_0_0_0_1_1_0_0_0_0_0_0_1_0_0_1_0_1_1_0_0_1_1_0_0_1_0_1_0_0_1_1_1_0_1,1,3.3333333333333337e-6,4.714045207910317e-6,0.3148148148148148,120.0
1_0_1_0_1_1_1_0_0_1_1_1_0_1_1_0_1_1_0_1_0_0_1_1_1_0_1_1_0_1_0_1_1_0_0_0_1_0,1,3.3333333333333337e-6,4.714045207910317e-6,0.3271604938271605,70.0
1_0_1_1_1_1_1_0_0_1_1_1_0_0_1_1_1_0_0_1_1_1_0_1_1_0_1_1_0_1_0_1_1_0_1_1_1_1,1,3.3333333333333337e-6,4.714045207910317e-6,0.345679012345679,150.0
1_0_1_0_0_1_1_1_1_0_1_1_0_0_1_1_1_0_1_1_1_1_1_0_1_1_0_0_1_1_0_0_1_0_1_1_1_1,1,3.3333333333333337e-6,4.714045207910317e-6,0.35185185185185186,140.0
1_0_1_1_1_0_0_0_0_1_1_1_0_1_1_0_1_1_1_1_1_1_0_1_0_0_1_1_0_1_0_1_1_0_0_0_1_0,1,3.3333333333333337e-6,4.714045207910317e-6,0.32098765432098764,80.0
0_1_0_0_0_0_1_1_1_0_0_0_0_0_0_0_0_0_1_0_0_0_1_0_0_1_0_0_1_0_1_0_1_1_1_1_0_1,1,3.3333333333333337e-6,4.714045207910317e-6,0.25925925925925924,190.0
0_1_0_1_1_0_0_0_0_1_0_0_1_1_0_0_0_1_1_0_1_1_0_1_0_0_0_0_0_0_1_1_1_1_0_0_0_0,1,3.3333333333333337e-6,4.714045207910317e-6,0.3395061728395062,230.0
0_0_0_0_0_1_1_1_0_1_0_0_0_0_1_1_1_1_0_0_1_1_1_1_1_0_0_0_0_0_0_0_1_1_1_1_0_1,1,3.3333333333333337e-6,4.714045207910317e-6,0.3271604938271605,110.0
0_1_0_0_0_1_1_1_1_0_0_0_0_1_0_1_0_1_1_0_0_0_1_0_0_1_0_0_1_0_1_0_0_1_0_1_0_1,1,3.3333333333333337e-6,4.714045207910317e-6,0.35802469135802467,230.0
0_0_0_1_0_0_0_1_0_0_0_0_0_0_1_0_1_1_0_0_0_0_1_1_0_0_0_0_0_0_0_0_1_0_1_1_0_1,0,3.3333333333333337e-6,4.714045207910317e-6,0.1728395061728395,1001.0
0_1_0_0_0_0_1_1_1_0_0_0_1_0_0_1_0_0_0_0_0_0_1_0_1_1_0_0_1_0_1_0_0_1_1_1_0_1,1,3.3333333333333337e-6,4.714045207910317e-6,0.32098765432098764,120.0
1_1_1_1_1_1_1_0_0_1_1_1_0_0_1_1_0_0_0_1_0_0_1_1_1_0_1_1_0_1_1_1_1_1_1_1_1_1,0,3.3333333333333337e-6,4.714045207910317e-6,0.30864197530864196,1001.0
1_0_1_0_0_0_0_1_0_1_0_0_1_1_1_0_1_1_0_0_1_1_1_1_1_0_0_0_0_1_0_0_1_0_0_0_0_0,1,3.3333333333333337e-6,4.714045207910317e-6,0.25925925925925924,100.0
1_1_1_1_1_0_1_0_1_0_1_1_1_0_0_1_0_0_1_1_0_0_1_0_1_1_1_1_1_1_1_1_1_0_1_0_1_1,1,3.3333333333333337e-6,4.714045207910317e-6,0.345679012345679,70.0
0_0_0_0_0_1_1_1_0_1_0_0_1_1_1_0_1_1_0_0_1_1_0_1_0_0_0_0_0_0_0_0_1_1_0_0_0_0,1,3.3333333333333337e-6,4.714045207910317e-6,0.3148148148148148,120.0
1_1_1_1_1_1_1_0_1_0_1_1_0_0_0_1_0_0_0_1_0_0_1_0_1_1_1_1_1_1_1_1_1_0_1_1_1_1,1,3.3333333333333337e-6,4.714045207910317e-6,0.30864197530864196,150.0
1_0_1_0_1_1_0_0_0_1_1_1_0_1_1_0_1_1_1_1_0_0_1_0_0_1_1_1_1_1_0_1_0_0_0_0_1_0,1,3.3333333333333337e-6,4.714045207910317e-6,0.3333333333333333,110.0
1_0_1_0_1_0_0_0_0_1_1_1_1_1_1_0_1_1_1_1_1_1_1_1_1_0_1_1_0_1_0_1_1_0_0_0_1_0,1,3.3333333333333337e-6,4.714045207910317e-6,0.32098765432098764,160.0
0_0_0_0_0_0_0_1_0_1_0_0_1_1_1_0_1_1_0_0_1_1_0_1_1_0_0_0_0_0_0_0_0_0_0_0_0_0,1,3.3333333333333337e-6,4.714045207910317e-6,0.2962962962962963,90.0
0_0_0_0_0_0_0_1_0_0_0_1_0_0_0_1_0_0_0_0_1_1_1_1_1_0_0_0_0_0_1_0_1_0_1_1_0_1,1,3.3333333333333337e-6,4.714045207910317e-6,0.3148148148148148,70.0
1_1_1_1_1_1_1_0_1_0_1_1_0_0_0_1_0_0_0_1_0_0_1_0_0_1_1_1_1_1_1_1_1_0_1_1_1_1,1,3.3333333333333337e-6,4.714045207910317e-6,0.3148148148148148,160.0
1_0_1_1_1_1_0_0_0_1_1_0_1_1_1_0_1_1_0_1_1_1_0_1_1_0_1_1_0_1_0_1_1_0_0_0_1_0,1,3.3333333333333337e-6,4.714045207910317e-6,0.30864197530864196,160.0
0_0_0_0_0_0_0_1_0_1_0_0_0_0_1_1_1_1_0_0_1_1_1_1_1_0_0_0_0_0_0_0_0_1_1_1_0_1,1,3.3333333333333337e-6,4.714045207910317e-6,0.32098765432098764,90.0
1_0_1_0_0_1_1_1_1_0_1_1_1_0_1_1_1_0_1_1_0_0_1_0_1_1_0_1_1_1_1_0_1_0_1_0_1_1,1,3.3333333333333337e-6,4.714045207910317e-6,0.3888888888888889,30.0
0_1_0_0_0_0_1_1_1_0_0_0_1_1_0_0_0_1_1_0_1_1_0_1_0_0_0_0_0_0_1_0_0_1_0_0_0_0,1,3.3333333333333337e-6,4.714045207910317e-6,0.345679012345679,90.0
1_1_1_1_1_1_1_0_1_0_1_1_0_0_0_1_0_0_0_1_0_0_0_0_1_1_1_1_1_1_1_1_1_1_1_1_1_1,1,3.3333333333333337e-6,4.714045207910317e-6,0.2839506172839506,130.0
0_1_0_0_0_1_1_1_1_0_0_0_0_1_0_1_0_0_0_0_0_0_1_1_0_0_0_0_0_0_1_0_1_1_0_1_0_1,1,3.3333333333333337e-6,4.714045207910317e-6,0.3333333333333333,100.0
0_1_0_1_0_0_1_1_1_0_0_0_1_1_0_0_0_0_0_0_0_0_0_0_0_1_0_0_1_0_1_0_0_1_0_0_0_0,1,3.3333333333333337e-6,4.714045207910317e-6,0.345679012345679,80.0
0_1_0_1_1_0_1_0_1_0_1_1_0_0_0_1_0_0_1_1_1_1_0_1_1_0_1_1_0_0_0_1_0_0_1_1_1_1,1,3.3333333333333337e-6,4.714045207910317e-6,0.30246913580246915,200.0
0_0_0_0_0_1_1_1_0_1_0_0_1_0_1_1_1_1_0_0_0_0_1_0_1_1_0_0_1_0_1_0_1_1_1_1_0_1,1,3.3333333333333337e-6,4.714045207910317e-6,0.35185185185185186,290.0
1_0_1_1_1_1_1_0_0_1_1_1_0_1_1_0_1_1_0_1_1_1_0_1_1_0_1_1_0_1_0_1_1_0_0_0_1_0,1,3.3333333333333337e-6,4.714045207910317e-6,0.3333333333333333,110.0
1_1_1_1_1_1_1_0_1_0_1_1_0_0_0_1_0_0_0_1_0_0_1_0_1_1_1_1_1_1_1_1_1_1_1_1_1_1,1,3.3333333333333337e-6,4.714045207910317e-6,0.29012345679012347,120.0
0_1_0_0_0_0_0_1_0_0_0_1_1_1_0_0_0_0_0_0_0_0_1_1_0_0_0_0_0_0_1_0_1_1_0_0_0_0,1,3.3333333333333337e-6,4.714045207910317e-6,0.32098765432098764,210.0
1_1_1_0_1_0_0_0_0_1_0_1_1_1_0_0_0_0_0_0_0_0_1_0_0_1_0_0_1_1_1_1_1_1_0_0_0_0,1,3.3333333333333337e-6,4.714045207910317e-6,0.3271604938271605,120.0
1_0_1_0_1_1_1_0_0_1_1_1_0_1_1_0_1_1_1_1_1_1_1_0_1_1_1_1_1_1_0_1_1_0_0_0_1_0,1,3.3333333333333337e-6,4.714045207910317e-6,0.3271604938271605,150.0
0_0_0_0_0_0_0_1_1_0_0_0_1_0_0_1_0_0_1_0_1_1_1_1_1_0_0_0_0_0_1_0_0_0_1_1_0_1,1,3.3333333333333337e-6,4.714045207910317e-6,0.32098765432098764,170.0
1_0_1_1_1_0_0_0_0_1_1_1_1_0_1_0_1_0_1_1_1_1_0_0_1_1_1_1_1_1_0_1_0_0_1_0_1_0,1,3.3333333333333337e-6,4.714045207910317e-6,0.3395061728395062,30.0
1_1_1_1_1_0_1_0_1_0_1_1_1_1_0_0_0_0_1_1_1_1_0_0_0_1_1_1_1_1_0_1_1_0_0_0_1_0,1,3.3333333333333337e-6,4.714045207910317e-6,0.3333333333333333,190.0
1_1_1_1_1_1_1_0_1_1_1_0_0_1_0_0_0_0_0_1_1_1_1_1_1_0_1_1_0_1_1_1_0_1_0_0_1_0,1,3.3333333333333337e-6,4.714045207910317e-6,0.32098765432098764,190.0
1_1_1_1_1_1_1_0_1_0_1_1_0_0_0_1_0_0_1_1_1_1_0_1_0_0_1_1_0_1_1_1_0_0_1_1_1_1,1,3.3333333333333337e-6,4.714045207910317e-6,0.2962962962962963,90.0
1_1_1_0_0_0_0_1_0_1_1_1_0_0_1_1_1_0_1_1_1_1_0_0_1_1_1_1_1_1_0_0_1_0_1_1_0_1,1,3.3333333333333337e-6,4.714045207910317e-6,0.345679012345679,100.0
0_1_0_0_0_0_1_1_1_0_0_1_0_0_0_1_0_0_0_0_0_0_0_0_1_1_0_0_1_0_1_0_0_1_1_1_0_1,1,3.3333333333333337e-6,4.714045207910317e-6,0.32098765432098764,390.0
1_1_1_1_1_1_1_0_1_0_1_1_1_0_0_1_0_0_0_1_0_0_0_1_1_0_1_1_0_1_0_1_1_0_1_0_1_1,1,3.3333333333333337e-6,4.714045207910317e-6,0.3271604938271605,70.0
0_0_0_0_0_0_0_1_0_0_0_1_1_0_1_1_1_1_1_0_0_0_1_0_0_1_0_0_1_0_0_0_1_0_1_1_0_1,1,3.3333333333333337e-6,4.714045207910317e-6,0.3148148148148148,290.0
1_0_1_0_0_0_0_1_0_0_0_1_0_0_0_1_0_0_0_0_0_0_1_0_0_1_0_0_1_1_1_0_1_0_1_1_0_1,1,3.3333333333333337e-6,4.714045207910317e-6,0.2777777777777778,150.0
0_0_0_0_0_0_0_1_0_0_0_1_1_0_1_1_1_1_1_0_0_0_0_0_0_1_0_0_1_0_0_0_1_0_1_1_0_1,1,3.3333333333333337e-6,4.714045207910317e-6,0.32098765432098764,110.0
0_1_0_0_0_0_1_1_1_0_0_0_1_1_0_0_0_0_1_0_1_1_1_1_0_0_0_0_0_0_1_0_0_1_0_0_0_0,1,3.3333333333333337e-6,4.714045207910317e-6,0.3333333333333333,180.0
0_1_0_1_1_0_0_0_0_1_0_0_1_1_0_0_0_1_1_0_1_1_0_0_0_1_1_0_1_0_0_1_0_1_0_0_0_0,1,3.3333333333333337e-6,4.714045207910317e-6,0.345679012345679,90.0
1_0_1_0_0_0_0_1_0_1_0_0_1_0_1_0_1_1_0_0_0_0_1_0_1_1_0_0_1_1_0_0_1_0_1_1_0_0,1,3.3333333333333337e-6,4.714045207910317e-6,0.2716049382716049,130.0
1_1_1_1_1_1_1_0_1_0_1_1_0_0_0_1_0_0_0_1_0_0_1_0_0_1_1_1_1_1_1_1_1_1_1_1_1_1,1,3.3333333333333337e-6,4.714045207910317e-6,0.2962962962962963,150.0
1_1_1_0_1_1_0_0_0_1_1_1_1_1_1_1_0_1_0_1_0_0_0_1_1_0_1_1_0_1_0_1_1_0_0_0_0_0,0,3.3333333333333337e-6,4.714045207910317e-6,0.2345679012345679,1001.0
0_1_0_0_0_0_1_1_1_0_0_1_0_0_0_1_0_0_1_0_1_1_1_1_1_0_0_0_0_0_1_0_0_1_1_1_0_1,1,3.3333333333333337e-6,4.714045207910317e-6,0.3148148148148148,190.0
1_0_1_1_1_1_0_0_0_1_1_1_0_1_1_0_1_1_0_1_1_1_0_1_1_0_1_1_0_1_0_1_1_0_0_0_1_0,1,3.3333333333333337e-6,4.714045207910317e-6,0.3271604938271605,160.0
0_0_0_0_0_0_0_1_0_1_0_0_0_1_1_0_1_1_0_0_0_0_1_0_0_1_0_0_1_0_0_0_0_1_0_1_0_0,1,3.3333333333333337e-6,4.714045207910317e-6,0.3271604938271605,120.0
1_1_1_1_1_0_1_0_1_0_1_1_0_1_0_1_0_0_0_1_0_0_0_1_0_0_1_1_0_1_1_1_1_0_0_0_1_1,1,3.3333333333333337e-6,4.714045207910317e-6,0.3148148148148148,140.0
1_1_1_0_0_1_0_1_0_1_1_1_0_0_1_1_1_0_1_1_1_1_0_1_1_0_0_1_0_1_0_0_1_1_1_1_0_1,1,3.3333333333333337e-6,4.714045207910317e-6,0.36419753086419754,110.0
1_1_1_1_1_0_1_0_1_0_1_1_0_0_0_1_0_0_0_1_1_1_0_1_0_0_1_1_0_1_1_1_0_0_1_1_1_1,1,3.3333333333333337e-6,4.714045207910317e-6,0.30864197530864196,110.0
0_0_0_0_0_0_0_1_0_0_0_1_0_0_0_1_0_0_0_0_0_0_1_0_0_1_0_0_1_0_1_0_1_0_1_1_0_1,1,3.3333333333333337e-6,4.714045207910317e-6,0.30864197530864196,130.0
0_0_0_1_1_0_0_0_0_1_0_0_0_1_1_0_1_1_0_0_0_0_0_0_0_1_0_0_1_0_0_1_1_1_0_1_0_0,1,3.3333333333333337e-6,4.714045207910317e-6,0.35802469135802467,120.0
0_1_0_1_0_0_1_1_1_0_0_0_0_0_0_0_0_0_0_0_1_1_0_1_0_0_0_0_0_0_1_0_1_1_1_1_0_1,1,3.3333333333333337e-6,4.714045207910317e-6,0.2716049382716049,130.0
0_0_0_1_1_1_0_0_0_1_1_0_1_0_1_0_1_1_1_1_0_0_0_0_0_1_1_1_1_0_0_1_0_0_1_1_1_0,1,3.3333333333333337e-6,4.714045207910317e-6,0.35802469135802467,110.0
0_0_0_0_0_1_0_1_0_1_0_0_1_1_1_0_1_1_1_0_1_1_1_1_0_0_0_0_0_0_0_0_1_1_0_0_0_0,1,3.3333333333333337e-6,4.714045207910317e-6,0.30246913580246915,140.0
0_1_0_0_0_0_1_1_1_0_0_1_0_0_0_1_0_0_1_0_0_0_0_0_0_1_0_0_1_0_1_0_0_0_1_1_0_1,1,3.3333333333333337e-6,4.714045207910317e-6,0.32098765432098764,130.0
0_0_0_0_0_1_1_1_0_1_0_0_1_0_1_0_1_1_0_0_1_1_1_1_1_0_0_0_0_0_1_0_1_1_1_1_0_0,1,3.3333333333333337e-6,4.714045207910317e-6,0.345679012345679,200.0
0_1_0_0_0_0_0_1_1_0_0_0_1_1_0_0_0_1_0_0_0_0_1_1_0_0_0_0_0_0_1_0_0_1_0_0_0_0,1,3.3333333333333337e-6,4.714045207910317e-6,0.3271604938271605,250.0
1_0_1_1_1_1_0_0_0_1_1_0_1_0_1_1_1_1_0_1_0_0_1_0_1_1_1_1_1_1_0_1_1_1_1_1_1_0,1,3.3333333333333337e-6,4.714045207910317e-6,0.32098765432098764,120.0
1_1_1_1_1_1_1_0_1_0_1_1_0_1_0_0_0_0_1_1_0_0_0_0_0_1_1_1_1_1_1_1_1_0_0_0_1_0,1,3.3333333333333337e-6,4.714045207910317e-6,0.3271604938271605,230.0
0_1_0_0_0_1_1_1_1_0_0_0_0_0_0_1_0_0_1_0_1_1_1_1_0_0_0_0_0_0_1_0_1_1_1_1_0_1,1,3.3333333333333337e-6,4.714045207910317e-6,0.30864197530864196,160.0
1_0_1_0_1_0_0_0_0_1_1_1_0_0_1_1_1_1_1_1_1_1_1_0_1_1_1_1_1_1_0_1_1_0_1_1_1_1,1,3.3333333333333337e-6,4.714045207910317e-6,0.3271604938271605,90.0
0_1_0_0_0_1_1_1_1_0_0_0_1_1_0_0_0_1_1_0_1_1_1_1_0_0_0_0_0_0_1_0_0_1_0_0_0_0,1,3.3333333333333337e-6,4.714045207910317e-6,0.3395061728395062,300.0
1_1_1_0_0_0_0_1_1_0_1_1_0_0_0_1_0_0_1_1_1_1_1_0_1_1_1_1_1_1_1_0_0_0_1_1_1_1,1,3.3333333333333337e-6,4.714045207910317e-6,0.3333333333333333,300.0
0_1_0_1_1_1_1_0_1_1_1_0_1_1_1_0_1_1_1_1_1_1_0_1_0_0_1_1_0_0_0_1_0_1_0_0_1_0,1,3.3333333333333337e-6,4.714045207910317e-6,0.2839506172839506,150.0
0_1_0_1_1_1_1_0_1_1_1_0_0_0_0_1_0_0_0_1_0_0_0_0_1_1_1_1_1_0_1_1_0_1_1_1_1_1,1,3.3333333333333337e-6,4.714045207910317e-6,0.30246913580246915,390.0
1_1_1_0_1_0_0_0_0_1_0_1_1_1_0_0_0_0_1_0_1_1_1_0_0_1_0_0_1_1_1_1_1_1_0_0_0_0,1,3.3333333333333337e-6,4.714045207910317e-6,0.30864197530864196,260.0
0_1_0_1_1_0_1_0_1_0_1_1_0_0_0_1_0_0_1_1_1_1_0_1_0_0_1_1_0_0_1_1_0_0_1_1_1_1,1,3.3333333333333337e-6,4.714045207910317e-6,0.29012345679012347,170.0
0_1_0_1_0_1_1_1_1_0_0_0_1_1_0_0_0_0_1_0_1_1_0_0_0_1_0_0_1_0_1_0_0_1_0_0_0_0,1,3.3333333333333337e-6,4.714045207910317e-6,0.3271604938271605,110.0
0_1_0_1_1_0_1_0_1_0_1_1_0_0_0_1_0_0_0_1_1_1_1_1_0_0_1_1_0_0_1_1_0_0_1_1_1_1,1,3.3333333333333337e-6,4.714045207910317e-6,0.2962962962962963,180.0
0_0_0_0_0_1_0_1_0_1_0_0_1_1_1_0_1_1_0_0_1_1_1_1_0_0_0_0_0_0_0_0_1_1_0_0_0_0,1,3.3333333333333337e-6,4.714045207910317e-6,0.30246913580246915,190.0
0_0_0_0_0_0_1_1_1_0_0_1_0_1_1_0_1_0_1_0_1_1_0_0_0_1_0_0_1_0_0_0_0_0_0_0_0_1,1,3.3333333333333337e-6,4.714045207910317e-6,0.32098765432098764,70.0
0_0_0_1_0_1_1_1_1_0_1_0_0_0_1_1_1_1_0_1_1_1_0_1_1_0_1_1_0_0_0_0_0_0_1_1_1_1,1,3.3333333333333337e-6,4.714045207910317e-6,0.3271604938271605,150.0
0_1_0_0_0_1_1_1_1_0_0_0_1_0_0_1_0_0_1_0_1_1_1_1_0_0_0_0_0_0_1_0_0_1_1_1_0_1,1,3.3333333333333337e-6,4.714045207910317e-6,0.3271604938271605,80.0
0_0_0_0_0_1_0_1_0_1_0_0_1_0_1_1_1_1_0_0_1_1_1_1_1_0_0_0_0_0_0_0_0_1_1_1_0_1,1,3.3333333333333337e-6,4.714045207910317e-6,0.3395061728395062,200.0
0_1_0_1_1_0_0_0_0_1_0_0_1_1_0_0_0_1_1_0_1_1_0_0_0_1_0_0_1_0_1_1_1_1_0_0_0_0,1,3.3333333333333337e-6,4.714045207910317e-6,0.32098765432098764,50.0
1_1_1_1_1_0_1_0_1_0_1_1_1_0_0_1_0_0_0_1_0_0_0_1_1_0_1_1_0_1_1_1_1_0_1_0_1_1,1,3.3333333333333337e-6,4.714045207910317e-6,0.32098765432098764,180.0
0_1_0_0_0_0_1_1_1_0_0_0_0_1_0_1_0_0_1_0_1_1_1_1_0_0_0_0_0_0_1_0_1_1_0_1_0_1,1,3.3333333333333337e-6,4.714045207910317e-6,0.35185185185185186,140.0
1_1_1_1_1_1_1_0_0_1_1_0_1_1_0_0_0_1_0_1_0_0_0_1_1_0_1_1_0_1_1_1_1_1_0_0_1_0,1,3.3333333333333337e-6,4.714045207910317e-6,0.32098765432098764,100.0
0_1_0_1_0_0_0_1_1_0_0_0_1_1_0_0_0_0_0_0_0_0_0_1_0_0_0_0_0_0_1_0_0_1_0_0_0_0,1,3.3333333333333337e-6,4.714045207910317e-6,0.3333333333333333,290.0
1_1_1_0_0_1_1_1_1_0_0_1_0_1_1_1_1_0_1_0_1_1_0_0_0_1_0_0_1_1_0_0_1_1_0_0_0_1,1,3.3333333333333337e-6,4.714045207910317e-6,0.35802469135802467,70.0
0_0_0_0_0_0_1_1_1_0_0_1_0_1_1_0_1_0_0_0_0_0_0_1_0_0_0_0_0_0_0_0_0_0_0_0_0_1,1,3.3333333333333337e-6,4.714045207910317e-6,0.32098765432098764,80.0
1_0_1_1_1_1_0_0_0_1_1_0_1_1_1_0_1_1_1_1_1_1_0_1_0_0_1_1_0_1_0_1_1_1_0_0_1_0,1,3.3333333333333337e-6,4.714045207910317e-6,0.32098765432098764,350.0
1_0_1_0_0_1_0_1_0_1_1_1_1_0_1_0_1_0_0_1_0_0_1_1_1_0_0_1_0_1_1_0_1_0_1_0_0_0,1,3.3333333333333337e-6,4.714045207910317e-6,0.37037037037037035,60.0
0_1_0_0_0_0_0_1_1_0_0_1_0_0_0_1_0_0_1_0_1_1_1_1_0_0_0_0_0_0_1_0_0_0_1_1_0_1,1,3.3333333333333337e-6,4.714045207910317e-6,0.32098765432098764,190.0
1_1_1_1_1_0_1_0_1_0_1_1_1_0_0_1_0_0_0_1_0_0_1_0_1_1_1_1_1_1_1_1_0_0_1_0_1_1,1,3.3333333333333337e-6,4.714045207910317e-6,0.3333333333333333,190.0
0_0_0_1_1_1_0_0_0_1_1_0_1_0_0_0_0_1_0_1_0_0_1_1_1_0_1_1_0_0_1_1_0_0_1_1_1_0,1,3.3333333333333337e-6,4.714045207910317e-6,0.35802469135802467,120.0
0_0_0_0_0_1_1_1_0_1_0_0_1_0_1_1_1_1_0_0_0_0_1_1_1_0_0_0_0_0_0_0_1_1_1_1_0_1,1,3.3333333333333337e-6,4.714045207910317e-6,0.3148148148148148,50.0
1_0_1_1_1_1_0_0_0_1_1_0_1_0_1_1_1_1_0_1_1_1_0_1_1_0_1_1_0_1_0_1_1_0_1_1_1_0,1,3.3333333333333337e-6,4.714045207910317e-6,0.30864197530864196,140.0
0_1_0_1_1_1_1_0_1_1_1_0_0_0_0_1_0_0_0_1_1_1_1_1_1_0_1_1_0_0_1_1_0_1_1_1_1_1,1,3.3333333333333337e-6,4.714045207910317e-6,0.30864197530864196,110.0
1_1_1_1_1_1_1_0_1_0_1_1_1_1_0_0_0_0_0_1_0_0_1_0_0_1_1_1_1_1_1_1_1_0_0_0_1_0,1,3.3333333333333337e-6,4.714045207910317e-6,0.3271604938271605,230.0
0_1_0_1_1_1_0_0_0_1_0_0_1_1_0_0_0_1_0_0_0_0_0_1_0_0_0_0_0_0_1_1_1_1_0_0_0_0,1,3.3333333333333337e-6,4.714045207910317e-6,0.3333333333333333,110.0
1_0_1_1_1_0_0_0_0_1_1_1_0_1_1_0_1_1_0_1_1_1_0_1_0_0_1_1_0_1_0_1_0_0_0_0_1_0,1,3.3333333333333337e-6,4.714045207910317e-6,0.32098765432098764,200.0
0_0_0_0_0_1_0_1_0_1_0_0_1_0_1_1_1_1_0_0_0_0_0_1_1_0_0_0_0_0_0_0_0_1_1_1_0_1,1,3.3333333333333337e-6,4.714045207910317e-6,0.3271604938271605,190.0
0_0_0_0_0_0_0_1_0_0_0_1_1_0_0_1_0_0_1_0_0_0_1_0_1_1_0_0_1_0_1_0_1_0_1_1_0_1,1,3.3333333333333337e-6,4.714045207910317e-6,0.32098765432098764,130.0
1_1_1_1_1_1_1_0_1_0_1_1_0_0_0_1_0_0_1_1_1_1_0_1_0_0_1_1_0_1_1_1_1_1_1_1_1_1,1,3.3333333333333337e-6,4.714045207910317e-6,0.29012345679012347,110.0
1_1_1_0_0_1_1_1_1_0_1_1_0_0_0_1_0_0_0_1_0_0_1_0_1_1_1_1_1_1_1_0_1_0_1_1_1_1,1,3.3333333333333337e-6,4.714045207910317e-6,0.345679012345679,170.0
1_1_1_1_1_0_0_0_1_0_1_1_0_1_0_1_0_0_1_1_0_0_1_0_0_1_1_1_1_1_1_1_0_0_0_0_1_1,1,3.3333333333333337e-6,4.714045207910317e-6,0.3333333333333333,220.0
0_0_0_0_0_1_1_1_0_1_0_0_0_1_1_0_1_1_1_0_1_1_1_0_0_1_0_0_1_0_1_0_1_1_0_1_0_0,1,3.3333333333333337e-6,4.714045207910317e-6,0.3333333333333333,100.0
1_1_1_0_0_1_1_1_0_1_1_1_0_0_1_1_1_0_1_1_0_0_0_0_1_1_1_1_1_1_0_0_1_1_1_1_0_1,1,3.3333333333333337e-6,4.714045207910317e-6,0.35185185185185186,150.0
0_0_0_1_1_0_0_0_0_1_0_0_1_1_1_0_1_1_0_0_0_0_0_1_1_0_0_0_0_0_0_1_0_1_0_0_0_0,1,3.3333333333333337e-6,4.714045207910317e-6,0.3333333333333333,80.0
0_1_0_0_0_1_1_1_1_0_0_0_1_1_0_0_0_0_1_0_1_1_1_1_0_0_0_0_0_0_1_0_1_1_0_0_0_0,1,3.3333333333333337e-6,4.714045207910317e-6,0.3333333333333333,70.0
0_0_0_0_0_1_0_1_0_1_0_0_1_0_1_0_1_1_1_0_0_0_1_0_0_1_0_0_1_0_1_0_1_1_1_1_0_0,1,3.3333333333333337e-6,4.714045207910317e-6,0.3333333333333333,180.0
0_1_0_1_0_0_1_1_1_0_0_0_1_1_0_0_0_0_1_0_1_1_0_0_0_1_0_0_1_0_1_0_0_1_0_0_0_0,1,3.3333333333333337e-6,4.714045207910317e-6,0.3271604938271605,200.0
0_1_0_0_0_1_1_1_1_0_0_1_0_0_0_1_0_0_1_0_0_0_0_0_0_1_0_0_1_0_1_0_0_1_1_1_0_1,1,3.3333333333333337e-6,4.714045207910317e-6,0.3148148148148148,270.0
1_1_1_1_1_1_1_0_0_1_1_1_1_0_0_0_0_0_1_1_1_1_1_1_1_0_1_1_0_1_1_1_1_1_1_0_1_0,1,3.3333333333333337e-6,4.714045207910317e-6,0.3333333333333333,70.0
1_0_1_0_0_1_0_1_0_1_1_0_1_0_1_1_1_1_1_0_0_0_1_0_1_1_0_0_1_1_1_0_1_1_1_1_0_0,1,3.3333333333333337e-6,4.714045207910317e-6,0.2962962962962963,90.0
0_1_0_0_0_1_1_1_1_0_0_0_1_1_0_0_0_1_0_0_1_1_1_1_0_0_0_0_0_0_1_0_1_1_0_0_0_0,1,3.3333333333333337e-6,4.714045207910317e-6,0.3395061728395062,160.0
1_1_1_1_1_1_1_0_1_0_1_1_0_0_0_1_0_0_1_1_0_0_1_0_0_1_1_1_1_1_1_1_1_1_1_1_1_1,1,3.3333333333333337e-6,4.714045207910317e-6,0.2962962962962963,130.0
0_0_0_0_0_0_0_1_0_1_0_0_1_0_1_0_1_1_0_0_1_1_0_1_0_0_0_0_0_0_0_0_0_1_1_1_0_0,1,3.3333333333333337e-6,4.714045207910317e-6,0.32098765432098764,90.0
0_0_0_0_0_1_1_1_0_1_0_0_1_0_1_1_1_1_0_0_1_1_1_1_1_0_0_0_0_0_1_0_1_1_1_1_0_1,1,3.3333333333333337e-6,4.714045207910317e-6,0.35185185185185186,110.0
0_1_0_1_0_0_1_1_1_0_0_0_0_0_0_1_0_0_1_0_1_1_0_0_1_1_0_0_1_0_1_0_0_1_1_1_0_1,1,3.3333333333333337e-6,4.714045207910317e-6,0.30864197530864196,180.0
0_1_0_0_0_1_1_1_1_0_0_1_0_0_0_1_0_0_0_0_0_0_0_1_1_0_0_0_0_0_1_0_0_1_1_1_0_1,1,3.3333333333333337e-6,4.714045207910317e-6,0.30246913580246915,260.0
0_1_0_0_0_0_0_1_1_0_0_1_0_0_0_1_0_0_1_0_1_1_0_1_1_0_0_0_0_0_0_0_0_0_1_1_0_1,1,3.3333333333333337e-6,4.714045207910317e-6,0.3395061728395062,470.0
1_0_1_1_1_1_1_0_1_1_1_0_0_0_1_1_1_1_1_1_1_1_0_1_1_0_1_1_0_1_0_1_0_0_1_1_1_1,1,3.3333333333333337e-6,4.714045207910317e-6,0.3395061728395062,300.0
1_0_1_0_1_1_0_0_0_1_1_1_0_1_1_0_1_1_1_1_1_1_1_0_1_1_1_1_1_1_0_1_0_0_0_0_1_0,1,3.3333333333333337e-6,4.714045207910317e-6,0.32098765432098764,170.0
0_1_0_0_0_0_0_1_0_0_0_1_1_0_0_1_0_0_0_0_1_1_1_1_0_0_0_0_0_0_1_0_1_1_1_1_0_1,1,3.3333333333333337e-6,4.714045207910317e-6,0.3333333333333333,60.0
1_0_1_1_1_1_0_0_0_1_1_0_1_1_1_0_1_1_1_1_0_0_1_0_1_1_1_1_1_1_0_1_1_1_0_0_1_0,1,3.3333333333333337e-6,4.714045207910317e-6,0.32098765432098764,70.0
1_0_1_1_1_1_0_0_0_1_1_0_1_0_1_1_1_1_1_1_1_1_1_0_1_1_1_1_1_1_0_1_1_1_1_1_1_0,1,3.3333333333333337e-6,4.714045207910317e-6,0.30246913580246915,100.0
1_1_1_1_1_0_1_0_1_0_1_1_1_0_0_1_0_0_1_1_0_0_0_0_1_1_1_1_1_1_0_1_0_0_1_0_1_1,1,3.3333333333333337e-6,4.714045207910317e-6,0.345679012345679,90.0
1_1_1_1_1_1_1_0_1_0_1_1_1_0_0_1_0_0_1_1_1_1_0_1_1_0_1_1_0_1_1_1_1_0_1_0_1_1,1,3.3333333333333337e-6,4.714045207910317e-6,0.3271604938271605,100.0
1_1_1_1_1_0_0_0_1_0_1_1_0_0_0_1_0_0_1_1_1_1_0_1_1_0_1_1_0_1_0_1_0_0_1_1_1_1,1,3.3333333333333337e-6,4.714045207910317e-6,0.3271604938271605,110.0
1_1_1_1_1_0_0_0_1_0_1_1_1_1_0_0_0_0_0_1_1_1_0_1_0_0_1_1_0_1_1_1_0_0_0_0_1_0,1,3.3333333333333337e-6,4.714045207910317e-6,0.3271604938271605,240.0
0_1_0_0_0_0_0_1_1_0_0_1_0_0_0_1_0_0_1_0_1_1_0_0_1_1_0_0_1_0_1_0_0_0_1_1_0_1,1,3.3333333333333337e-6,4.714045207910317e-6,0.3148148148148148,230.0
0_0_0_0_0_0_0_1_0_1_0_0_1_0_1_1_1_1_1_0_1_1_0_1_1_0_0_0_0_0_0_0_0_1_1_1_0_1,1,3.3333333333333337e-6,4.714045207910317e-6,0.3333333333333333,340.0
0_1_0_0_0_0_1_1_1_0_0_0_0_0_0_1_0_0_0_0_0_0_1_1_0_0_0_0_0_0_1_0_1_1_1_1_0_1,1,3.3333333333333337e-6,4.714045207910317e-6,0.29012345679012347,70.0
1_1_1_1_1_1_1_0_1_0_1_1_0_0_0_1_0_0_1_1_0_0_1_0_0_1_1_1_1_1_1_1_0_0_1_1_1_1,1,3.3333333333333337e-6,4.714045207910317e-6,0.30246913580246915,200.0
0_0_0_0_0_1_0_1_0_1_0_0_1_0_1_0_1_1_0_0_1_1_1_1_1_0_0_0_0_0_1_0_0_1_1_1_0_0,1,3.3333333333333337e-6,4.714045207910317e-6,0.35185185185185186,120.0
0_1_0_0_0_0_1_1_1_0_0_0_0_0_0_1_0_0_1_0_0_0_1_0_0_1_0_0_1_0_1_0_1_1_1_1_0_1,1,3.3333333333333337e-6,4.714045207910317e-6,0.30864197530864196,100.0
1_1_1_0_0_0_0_1_0_1_1_1_0_0_1_1_1_0_0_1_0_0_0_1_1_0_1_1_0_1_0_0_0_0_1_1_0_1,1,3.3333333333333337e-6,4.714045207910317e-6,0.345679012345679,80.0
1_1_1_1_1_0_0_0_1_0_1_1_0_1_0_1_0_0_1_1_1_1_0_1_1_0_1_1_0_1_1_1_0_0_0_0_1_1,1,3.3333333333333337e-6,4.714045207910317e-6,0.32098765432098764,140.0
0_0_0_0_0_0_0_1_0_1_0_0_1_0_1_0_1_1_1_0_0_0_0_0_1_1_0_0_1_0_0_0_1_0_1_1_0_0,1,3.3333333333333337e-6,4.714045207910317e-6,0.2962962962962963,120.0
1_1_1_1_1_1_1_0_1_1_1_0_0_1_0_0_0_0_1_1_1_1_1_1_1_0_1_1_0_1_1_1_0_1_0_0_1_0,1,3.3333333333333337e-6,4.714045207910317e-6,0.32098765432098764,140.0
0_0_0_1_1_1_0_0_0_1_0_0_0_1_1_0_1_1_0_0_0_0_0_0_0_1_0_0_1_0_0_1_1_1_0_1_0_0,1,3.3333333333333337e-6,4.714045207910317e-6,0.37037037037037035,70.0
0_0_0_0_0_0_0_1_0_1_0_0_1_1_1_0_1_1_0_0_1_1_1_1_0_0_0_0_0_0_1_0_0_1_0_0_0_0,1,3.3333333333333337e-6,4.714045207910317e-6,0.32098765432098764,450.0
1_1_1_1_1_0_0_0_1_0_1_1_0_1_0_1_0_0_1_1_1_1_0_0_0_1_1_1_1_1_0_1_0_0_0_0_1_1,1,3.3333333333333337e-6,4.714045207910317e-6,0.3271604938271605,140.0
1_1_1_1_1_1_1_0_1_0_1_1_0_0_0_1_0_0_1_1_0_0_0_0_1_1_1_1_1_1_0_1_1_0_1_1_1_1,1,3.3333333333333337e-6,4.714045207910317e-6,0.32098765432098764,70.0
1_1_1_1_1_1_1_0_0_1_1_1_1_1_1_0_1_1_0_1_1_1_0_1_0_0_1_1_0_1_0_1_1_1_0_0_1_0,1,3.3333333333333337e-6,4.714045207910317e-6,0.3148148148148148,290.0
1_0_1_0_1_0_0_0_0_1_1_1_1_1_1_0_1_1_1_1_0_0_1_0_0_1_1_1_1_1_0_1_1_0_0_0_1_0,1,3.3333333333333337e-6,4.714045207910317e-6,0.3271604938271605,140.0
1_1_1_1_1_1_1_0_1_0_1_1_1_1_0_0_0_0_1_1_0_0_0_0_0_1_1_1_1_1_1_1_1_1_0_0_1_0,1,3.3333333333333337e-6,4.714045207910317e-6,0.30246913580246915,90.0
0_0_0_0_0_1_0_1_0_1_0_0_0_1_1_0_1_1_0_0_0_0_0_0_0_1_0_0_1_0_0_0_1_1_0_1_0_0,1,3.3333333333333337e-6,4.714045207910317e-6,0.3333333333333333,100.0
1_1_1_1_1_0_1_0_1_0_1_1_1_0_0_1_0_0_0_1_0_0_1_0_1_1_1_1_1_1_1_1_1_0_1_0_1_1,1,3.3333333333333337e-6,4.714045207910317e-6,0.345679012345679,80.0
0_0_0_0_0_0_0_1_1_0_0_1_0_0_1_1_1_0_1_0_1_1_0_0_0_1_0_0_1_0_0_0_0_0_1_1_0_1,1,3.3333333333333337e-6,4.714045207910317e-6,0.3271604938271605,170.0
0_0_0_1_1_0_0_0_1_0_0_0_1_1_0_0_0_1_1_0_1_1_1_0_0_1_0_0_1_0_1_1_0_1_0_0_1_0,1,3.3333333333333337e-6,4.714045207910317e-6,0.35185185185185186,140.0
0_0_0_1_1_0_1_0_1_0_0_0_1_1_0_0_0_1_1_0_1_1_1_0_0_1_0_0_1_0_1_1_0_1_0_0_1_0,1,3.3333333333333337e-6,4.714045207910317e-6,0.345679012345679,180.0
1_0_1_0_0_1_1_1_1_0_1_1_1_0_1_1_1_0_1_1_0_0_1_0_1_1_1_1_1_1_0_0_0_0_1_0_1_1,1,3.3333333333333337e-6,4.714045207910317e-6,0.36419753086419754,130.0
1_1_1_0_0_1_1_1_1_0_0_1_0_1_0_1_0_0_1_0_1_1_1_0_0_1_0_0_1_1_1_0_1_1_0_0_0_1,1,3.3333333333333337e-6,4.714045207910317e-6,0.3333333333333333,130.0
0_1_0_0_0_0_1_1_1_0_0_1_0_1_0_0_0_0_0_0_0_0_0_1_0_0_0_0_0_0_1_0_0_0_0_0_0_1,1,3.3333333333333337e-6,4.714045207910317e-6,0.30246913580246915,150.0
0_0_0_0_0_0_1_1_1_0_0_1_0_0_1_1_1_0_0_0_1_1_1_1_1_0_0_0_0_0_0_0_0_0_1_1_0_1,1,3.3333333333333337e-6,4.714045207910317e-6,0.3395061728395062,160.0
1_1_1_1_1_1_1_0_1_0_1_1_0_1_0_0_0_0_1_1_1_1_0_1_0_0_1_1_0_1_0_1_1_0_0_0_1_0,1,3.3333333333333337e-6,4.714045207910317e-6,0.345679012345679,150.0
0_0_0_0_0_0_0_1_0_1_0_0_1_1_1_0_1_1_1_0_1_1_1_1_1_0_0_0_0_0_0_0_0_0_0_0_0_0,1,3.3333333333333337e-6,4.714045207910317e-6,0.29012345679012347,120.0
0_0_0_0_0_0_0_1_0_1_0_0_0_0_1_1_1_1_0_0_1_1_0_1_1_0_0_0_0_0_0_0_0_1_1_1_0_1,1,3.3333333333333337e-6,4.714045207910317e-6,0.3271604938271605,210.0
1_1_1_1_1_1_1_0_1_1_1_1_1_1_1_1_1_0_0_1_0_0_0_1_1_0_1_1_0_1_1_1_0_1_0_0_1_0,0,3.3333333333333337e-6,4.714045207910317e-6,0.17901234567901234,1001.0
1_1_1_1_1_1_1_0_1_1_1_0_1_1_1_0_1_0_0_1_0_0_0_0_1_1_1_1_1_1_0_1_0_1_0_0_1_0,1,3.3333333333333337e-6,4.714045207910317e-6,0.3148148148148148,200.0
1_0_1_1_1_1_0_0_0_1_1_0_1_1_1_0_1_1_1_1_1_1_1_1_0_0_1_1_0_1_0_1_1_1_0_0_1_0,1,3.3333333333333337e-6,4.714045207910317e-6,0.3271604938271605,70.0
0_0_0_1_0_1_1_1_1_0_1_0_1_0_1_1_1_0_1_1_0_0_1_0_1_1_1_1_1_0_0_0_0_0_1_1_1_1,1,3.3333333333333337e-6,4.714045207910317e-6,0.32098765432098764,50.0
1_1_1_0_0_1_0_1_0_1_1_1_0_0_1_1_1_0_0_1_0_0_1_1_1_0_0_1_0_1_1_0_1_1_1_1_0_1,1,3.3333333333333337e-6,4.714045207910317e-6,0.345679012345679,140.0
0_0_0_0_0_0_0_1_0_1_0_0_1_0_1_1_1_1_0_0_1_1_1_1_1_0_0_0_0_0_0_0_0_0_1_1_0_1,1,3.3333333333333337e-6,4.714045207910317e-6,0.30864197530864196,80.0
0_0_0_0_0_0_0_1_0_1_0_0_0_1_1_0_1_1_1_0_1_1_1_1_0_0_0_0_0_0_0_0_0_1_0_1_0_0,1,3.3333333333333337e-6,4.714045207910317e-6,0.3271604938271605,90.0
1_1_1_1_1_1_1_0_1_1_1_0_0_0_1_1_1_0_0_1_1_1_0_1_1_0_1_1_0_1_0_1_0_1_1_1_1_1,1,3.3333333333333337e-6,4.714045207910317e-6,0.3271604938271605,160.0
1_1_1_0_0_0_1_1_1_0_0_1_0_1_0_1_0_0_0_0_0_0_0_1_0_0_0_0_0_1_1_0_1_1_0_0_0_1,1,3.3333333333333337e-6,4.714045207910317e-6,0.3395061728395062,220.0
0_0_0_0_0_0_0_1_1_0_0_0_0_0_1_1_1_1_0_0_1_1_0_1_1_0_0_0_0_0_0_0_0_0_1_1_0_1,1,3.3333333333333337e-6,4.714045207910317e-6,0.30864197530864196,190.0
0_1_0_1_0_1_1_1_1_0_0_0_1_0_0_1_0_0_1_0_1_1_0_0_0_1_0_0_1_0_1_0_1_1_1_1_0_1,1,3.3333333333333337e-6,4.714045207910317e-6,0.32098765432098764,160.0
1_1_1_1_1_1_1_0_1_0_1_1_0_1_0_0_0_0_0_1_1_1_1_1_0_0_1_1_0_1_1_1_0_0_0_0_1_0,1,3.3333333333333337e-6,4.714045207910317e-6,0.32098765432098764,220.0
1_1_1_1_1_0_1_0_1_0_1_1_0_1_0_1_0_0_0_1_1_1_1_1_0_0_1_1_0_1_1_1_1_0_0_0_1_1,1,3.3333333333333337e-6,4.714045207910317e-6,0.3395061728395062,210.0
1_0_1_1_1_1_0_0_0_1_1_0_1_1_1_0_1_1_1_1_1_1_0_1_0_0_1_1_0_1_0_1_1_0_0_0_1_0,1,3.3333333333333337e-6,4.714045207910317e-6,0.3148148148148148,200.0
1_1_1_1_1_0_1_0_1_0_1_1_0_0_0_1_0_0_0_1_1_1_0_1_1_0_1_1_0_1_1_1_1_0_1_1_1_1,1,3.3333333333333337e-6,4.714045207910317e-6,0.3148148148148148,140.0
1_0_1_1_1_1_1_0_0_1_1_1_0_1_1_0_1_1_1_1_0_0_0_0_0_1_1_1_1_1_0_1_1_0_0_0_1_0,1,3.3333333333333337e-6,4.714045207910317e-6,0.3271604938271605,140.0
0_1_0_0_0_1_1_1_1_0_0_1_0_1_0_0_0_0_0_0_0_0_1_1_0_0_0_0_0_0_1_0_0_1_0_0_0_1,1,3.3333333333333337e-6,4.714045207910317e-6,0.29012345679012347,120.0
1_1_1_1_1_1_1_0_0_1_1_1_1_1_1_0_1_1_0_1_1_1_0_1_1_0_1_1_0_1_0_1_1_1_0_0_1_0,1,3.3333333333333337e-6,4.714045207910317e-6,0.30864197530864196,150.0
0_0_0_1_1_1_0_0_0_1_1_0_1_0_0_0_0_1_1_1_1_1_1_0_1_1_1_1_1_0_1_1_0_0_1_1_1_0,1,3.3333333333333337e-6,4.714045207910317e-6,0.35802469135802467,170.0
0_0_0_1_1_0_0_0_1_0_0_0_1_1_0_0_0_1_0_0_1_1_0_1_0_0_0_0_0_0_0_1_0_0_0_0_1_0,1,3.3333333333333337e-6,4.714045207910317e-6,0.35185185185185186,80.0
0_1_0_0_0_0_1_1_1_0_0_1_0_1_0_0_0_0_1_0_1_1_1_0_0_1_0_0_1_0_1_0_0_1_0_0_0_1,1,3.3333333333333337e-6,4.714045207910317e-6,0.29012345679012347,40.0
1_1_1_1_1_1_1_0_1_0_1_1_0_0_0_1_0_0_0_1_0_0_0_0_0_1_1_1_1_1_0_1_1_0_1_1_1_1,1,3.3333333333333337e-6,4.714045207910317e-6,0.3271604938271605,80.0
1_1_1_1_1_1_1_0_1_0_1_1_0_0_0_1_0_0_1_1_1_1_1_1_1_0_1_1_0_1_1_1_1_1_1_1_1_1,1,3.3333333333333337e-6,4.714045207910317e-6,0.29012345679012347,100.0
0_1_0_1_0_1_1_1_1_0_0_0_0_0_0_1_0_0_0_0_0_0_0_0_0_1_0_0_1_0_1_0_1_1_1_1_0_1,1,3.3333333333333337e-6,4.714045207910317e-6,0.32098765432098764,110.0
1_0_1_0_0_0_1_1_1_0_1_1_1_0_1_1_1_0_0_1_0_0_1_1_1_0_1_1_0_1_0_0_0_0_1_0_1_1,1,3.3333333333333337e-6,4.714045207910317e-6,0.35802469135802467,130.0
0_1_0_1_0_0_0_1_1_0_0_0_0_0_0_0_0_0_1_0_0_0_0_0_0_1_0_0_1_0_1_0_0_1_1_1_0_1,1,3.3333333333333337e-6,4.714045207910317e-6,0.2777777777777778,140.0
0_0_0_0_0_1_0_1_0_1_0_0_0_1_1_0_1_1_0_0_0_0_1_1_0_0_0_0_0_0_0_0_1_1_0_1_0_0,1,3.3333333333333337e-6,4.714045207910317e-6,0.30864197530864196,100.0
1_1_1_1_1_0_1_0_1_0_1_1_1_0_0_1_0_0_0_1_1_1_0_1_1_0_1_1_0_1_1_1_0_0_1_0_1_1,1,3.3333333333333337e-6,4.714045207910317e-6,0.3271604938271605,140.0
0_0_0_1_1_0_0_0_0_1_1_0_1_0_1_0_1_1_0_1_0_0_0_1_1_0_1_1_0_0_0_1_0_0_1_1_1_0,1,3.3333333333333337e-6,4.714045207910317e-6,0.3333333333333333,130.0
1_1_1_0_0_0_1_1_1_0_0_1_0_1_1_1_1_0_1_0_1_1_0_0_0_1_0_0_1_1_0_0_1_1_0_0_0_1,1,3.3333333333333337e-6,4.714045207910317e-6,0.35802469135802467,90.0
0_1_0_0_0_0_1_1_1_0_0_1_0_0_0_1_0_0_0_0_0_0_1_0_0_1_0_0_1_0_1_0_0_0_1_1_0_1,1,3.3333333333333337e-6,4.714045207910317e-6,0.3148148148148148,260.0
1_0_1_0_0_0_0_1_0_0_0_1_0_0_0_1_0_0_0_0_0_0_1_0_1_1_0_0_1_1_1_0_1_0_1_1_0_1,1,3.3333333333333337e-6,4.714045207910317e-6,0.2839506172839506,350.0
1_1_1_1_1_0_1_0_1_0_1_1_1_0_0_1_0_0_0_1_0_0_0_1_1_0_1_1_0_1_0_1_1_0_1_0_1_1,1,3.3333333333333337e-6,4.714045207910317e-6,0.3395061728395062,270.0
1_1_1_1_1_0_1_0_1_0_1_1_0_1_0_0_0_0_0_1_0_0_0_0_0_1_1_1_1_1_1_1_0_0_0_0_1_0,1,3.3333333333333337e-6,4.714045207910317e-6,0.3271604938271605,190.0
1_1_1_1_1_0_1_0_1_0_1_1_0_1_0_1_0_0_1_1_1_1_0_0_0_1_1_1_1_1_1_1_1_0_0_0_1_1,1,3.3333333333333337e-6,4.714045207910317e-6,0.3148148148148148,110.0
0_1_0_1_1_0_0_0_0_1_0_0_0_1_0_0_0_1_0_0_0_0_1_1_0_0_1_0_0_0_1_1_0_1_0_1_1_0,1,3.3333333333333337e-6,4.714045207910317e-6,0.38271604938271603,160.0
0_1_0_0_0_1_1_1_1_0_0_0_1_0_0_1_0_0_1_0_0_0_1_0_0_1_0_0_1_0_1_0_0_1_1_1_0_1,1,3.3333333333333337e-6,4.714045207910317e-6,0.3271604938271605,180.0
0_1_0_0_0_0_1_1_1_0_0_0_0_1_0_1_0_1_1_0_0_0_1_0_0_1_0_0_1_0_1_0_0_1_0_1_0_1,1,3.3333333333333337e-6,4.714045207910317e-6,0.35802469135802467,130.0
0_0_0_0_0_1_1_1_1_0_1_0_0_0_1_1_1_1_0_1_1_1_1_1_1_0_1_1_0_0_0_0_0_0_1_1_1_1,1,3.3333333333333337e-6,4.714045207910317e-6,0.3395061728395062,100.0
1_0_1_1_1_1_0_0_0_1_1_0_1_1_1_0_1_1_1_1_0_0_1_0_1_1_1_1_1_1_0_1_1_0_0_0_1_0,1,3.3333333333333337e-6,4.714045207910317e-6,0.3148148148148148,190.0
1_1_1_1_1_1_1_0_1_0_1_1_0_0_0_1_0_0_1_1_0_0_0_0_0_1_1_1_1_1_0_1_0_0_1_1_1_1,1,3.3333333333333337e-6,4.714045207910317e-6,0.3148148148148148,120.0
0_0_0_1_1_0_0_0_1_0_0_0_1_1_0_0_0_1_0_0_0_0_1_1_0_0_0_0_0_0_1_1_0_1_0_0_1_0,1,3.3333333333333337e-6,4.714045207910317e-6,0.35185185185185186,120.0
1_0_1_0_1_1_0_0_0_1_1_1_0_1_1_0_1_1_0_1_0_0_1_1_1_0_1_1_0_1_0_1_1_0_0_0_1_0,1,3.3333333333333337e-6,4.714045207910317e-6,0.32098765432098764,90.0
1_1_1_1_1_0_0_0_1_0_1_1_0_0_0_1_0_0_0_1_0_0_0_1_1_0_1_1_0_1_0_1_0_0_1_1_1_1,1,3.3333333333333337e-6,4.714045207910317e-6,0.30864197530864196,90.0
1_1_1_1_1_1_1_0_1_0_1_1_0_1_0_0_0_0_0_1_1_1_0_1_0_0_1_1_0_1_1_1_1_1_0_0_1_0,1,3.3333333333333337e-6,4.714045207910317e-6,0.30864197530864196,90.0
0_0_0_1_0_0_0_1_0_0_0_0_0_0_0_0_0_0_0_0_0_0_1_1_0_0_0_0_0_0_1_0_1_0_1_1_0_1,0,3.3333333333333337e-6,4.714045207910317e-6,0.18518518518518517,1001.0
0_1_0_1_1_1_1_0_1_1_1_0_1_1_1_0_1_0_0_1_0_0_0_0_0_1_1_1_1_0_0_1_0_1_0_0_1_0,1,3.3333333333333337e-6,4.714045207910317e-6,0.29012345679012347,80.0
1_0_1_1_1_0_0_0_0_1_1_1_0_0_1_1_1_0_0_1_0_0_0_1_1_0_1_1_0_1_0_1_0_0_1_1_1_1,1,3.3333333333333337e-6,4.714045207910317e-6,0.32098765432098764,140.0
0_0_0_0_0_0_0_1_0_1_0_0_1_1_1_0_1_1_0_0_1_1_1_1_1_0_0_0_0_0_0_0_0_1_0_0_0_0,1,3.3333333333333337e-6,4.714045207910317e-6,0.30864197530864196,70.0
1_1_1_0_0_1_0_1_0_1_1_1_0_0_1_1_1_0_1_1_1_1_0_0_1_1_0_1_1_1_0_0_1_1_1_1_0_1,1,3.3333333333333337e-6,4.714045207910317e-6,0.345679012345679,130.0
0_1_0_0_0_0_0_1_1_0_0_0_0_0_0_1_0_0_0_0_0_0_1_0_1_1_0_0_1_0_1_0_0_1_1_1_0_1,1,3.3333333333333337e-6,4.714045207910317e-6,0.32098765432098764,70.0
0_0_0_0_0_1_1_1_0_1_0_0_1_1_1_0_1_1_1_0_0_0_1_0_0_1_0_0_1_0_0_0_1_1_0_0_0_0,1,3.3333333333333337e-6,4.714045207910317e-6,0.30864197530864196,180.0
1_1_1_1_1_0_0_0_1_0_1_1_0_1_0_1_0_0_0_1_0_0_0_1_0_0_1_1_0_1_0_1_0_0_0_0_1_1,1,3.3333333333333337e-6,4.714045207910317e-6,0.3271604938271605,50.0
1_1_1_1_1_1_1_0_0_1_1_0_1_0_0_1_0_1_0_1_0_0_1_1_1_0_1_1_0_1_1_1_1_1_1_1_1_0,1,3.3333333333333337e-6,4.714045207910317e-6,0.3271604938271605,80.0
1_0_1_1_1_1_1_0_0_1_1_0_1_0_1_1_1_1_1_1_1_1_1_0_1_1_1_1_1_1_0_1_1_1_1_1_1_0,1,3.3333333333333337e-6,4.714045207910317e-6,0.30864197530864196,120.0
1_0_1_1_1_1_0_0_0_1_1_1_1_0_1_0_1_0_1_1_1_1_1_0_1_1_1_1_1_1_0_1_1_0_1_0_1_0,1,3.3333333333333337e-6,4.714045207910317e-6,0.345679012345679,170.0
0_0_0_0_0_1_0_1_0_1_0_0_1_0_1_1_1_1_0_0_0_0_1_1_1_0_0_0_0_0_1_0_0_1_1_1_0_1,1,3.3333333333333337e-6,4.714045207910317e-6,0.3395061728395062,90.0
1_1_1_1_1_1_0_0_0_1_1_0_1_1_0_0_0_1_0_1_0_0_0_1_0_0_1_1_0_1_1_1_1_1_0_0_1_0,1,3.3333333333333337e-6,4.714045207910317e-6,0.32098765432098764,90.0
0_1_0_1_0_1_1_1_1_0_0_0_1_0_0_1_0_0_0_0_1_1_0_1_0_0_0_0_0_0_1_0_1_1_1_1_0_1,1,3.3333333333333337e-6,4.714045207910317e-6,0.3395061728395062,80.0
1_1_1_0_0_0_1_1_1_0_0_1_0_1_0_1_0_0_0_0_0_0_1_1_1_0_0_0_0_1_1_0_1_1_0_0_0_1,1,3.3333333333333337e-6,4.714045207910317e-6,0.3395061728395062,90.0
1_1_1_1_1_1_1_0_1_0_1_1_0_1_0_0_0_0_0_1_0_0_0_0_0_1_1_1_1_1_1_1_0_0_0_0_1_0,1,3.3333333333333337e-6,4.714045207910317e-6,0.3148148148148148,150.0
0_1_0_0_0_0_1_1_1_0_0_0_0_0_0_1_0_0_1_0_1_1_1_0_1_1_0_0_1_0_1_0_1_1_1_1_0_1,1,3.3333333333333337e-6,4.714045207910317e-6,0.2962962962962963,120.0
0_1_0_1_0_1_1_1_1_0_0_0_1_1_0_0_0_0_0_0_1_1_0_1_0_0_0_0_0_0_1_0_0_1_0_0_0_0,1,3.3333333333333337e-6,4.714045207910317e-6,0.345679012345679,110.0
0_0_0_0_0_1_1_1_0_1_0_0_1_1_1_0_1_1_1_0_0_0_1_0_1_1_0_0_1_0_0_0_1_1_0_0_0_0,1,3.3333333333333337e-6,4.714045207910317e-6,0.3148148148148148,110.0
1_0_1_0_0_1_0_1_0_1_0_0_1_1_1_0_1_1_0_0_1_1_1_1_0_0_0_0_0_1_0_0_1_1_0_0_0_0,1,3.3333333333333337e-6,4.714045207910317e-6,0.2839506172839506,170.0
0_1_0_0_0_1_1_1_1_0_0_0_1_0_0_1_0_0_1_0_1_1_1_1_1_0_0_0_0_0_1_0_1_1_1_1_0_1,1,3.3333333333333337e-6,4.714045207910317e-6,0.32098765432098764,50.0
0_1_0_0_0_0_1_1_1_0_0_0_1_1_0_0_0_0_0_0_1_1_1_1_0_0_0_0_0_0_1_0_0_1_0_0_0_0,1,3.3333333333333337e-6,4.714045207910317e-6,0.3333333333333333,140.0
1_1_1_1_1_1_0_0_0_1_1_0_1_1_0_0_0_1_1_1_0_0_1_0_1_1_1_1_1_1_1_1_1_1_0_0_1_0,1,3.3333333333333337e-6,4.714045207910317e-6,0.3395061728395062,340.0
0_0_0_0_0_0_0_1_0_1_0_0_1_1_1_0_1_1_1_0_1_1_0_1_1_0_0_0_0_0_0_0_0_1_0_0_0_0,1,3.3333333333333337e-6,4.714045207910317e-6,0.3148148148148148,330.0
1_1_1_1_1_0_1_0_1_0_1_1_0_1_0_0_0_0_0_1_0_0_1_1_0_0_1_1_0_1_1_1_1_0_0_0_1_0,1,3.3333333333333337e-6,4.714045207910317e-6,0.3271604938271605,60.0
0_0_0_0_0_0_0_1_0_1_0_0_0_1_1_0_1_1_0_0_1_1_1_1_0_0_0_0_0_0_0_0_0_0_0_1_0_0,1,3.3333333333333337e-6,4.714045207910317e-6,0.30864197530864196,60.0
1_1_1_1_1_0_1_0_1_0_1_1_0_1_0_1_0_0_0_1_0_0_0_1_1_0_1_1_0_1_1_1_1_0_0_0_1_1,1,3.3333333333333337e-6,4.714045207910317e-6,0.30864197530864196,40.0
0_1_0_0_0_0_0_1_1_0_0_0_1_1_0_0_0_1_1_0_1_1_1_0_0_1_0_0_1_0_1_0_0_1_0_0_0_0,1,3.3333333333333337e-6,4.714045207910317e-6,0.3271604938271605,240.0
0_0_0_0_0_0_0_1_0_1_0_0_0_0_1_1_1_1_0_0_1_1_1_1_1_0_0_0_0_0_0_0_0_0_1_1_0_1,1,3.3333333333333337e-6,4.714045207910317e-6,0.30246913580246915,100.0
0_1_0_0_0_0_1_1_1_0_0_0_0_1_0_1_0_1_0_0_0_0_1_1_0_0_0_0_0_0_1_0_0_1_0_1_0_1,1,3.3333333333333337e-6,4.714045207910317e-6,0.3395061728395062,470.0
0_1_0_1_0_0_1_1_1_0_0_0_0_1_0_1_0_0_1_0_1_1_0_0_0_1_0_0_1_0_1_0_1_1_0_1_0_1,1,3.3333333333333337e-6,4.714045207910317e-6,0.345679012345679,180.0
1_0_1_1_1_1_0_0_0_1_1_0_1_1_1_0_1_1_0_1_0_0_1_0_1_1_1_1_1_1_1_1_1_1_0_0_1_0,1,3.3333333333333337e-6,4.714045207910317e-6,0.3271604938271605,290.0
0_1_0_0_0_0_1_1_1_0_0_0_1_0_0_1_0_0_0_0_0_0_1_1_0_0_0_0_0_0_1_0_0_1_1_1_0_1,1,3.3333333333333337e-6,4.714045207910317e-6,0.30864197530864196,170.0
1_1_1_1_1_1_1_0_1_0_1_1_0_0_0_1_0_0_0_1_0_0_0_1_0_0_1_1_0_1_0_1_1_0_1_1_1_1,1,3.3333333333333337e-6,4.714045207910317e-6,0.30864197530864196,150.0
1_0_1_1_1_1_0_0_0_1_1_1_0_1_1_0_1_1_0_1_0_0_0_1_1_0_1_1_0_1_0_1_0_0_0_0_1_0,1,3.3333333333333337e-6,4.714045207910317e-6,0.30864197530864196,180.0
0_1_0_0_0_0_1_1_1_0_0_1_0_1_0_0_0_0_0_0_0_0_1_0_0_1_0_0_1_0_1_0_0_0_0_0_0_1,1,3.3333333333333337e-6,4.714045207910317e-6,0.3148148148148148,170.0
0_0_0_1_1_1_0_0_0_1_0_0_1_1_1_0_1_1_1_0_1_1_0_0_0_1_0_0_1_0_0_1_0_1_0_0_0_0,1,3.3333333333333337e-6,4.714045207910317e-6,0.3395061728395062,190.0
0_0_0_0_0_1_0_1_0_1_0_0_1_1_1_0_1_1_0_0_1_1_1_1_0_0_0_0_0_0_1_0_0_1_0_0_0_0,1,3.3333333333333337e-6,4.714045207910317e-6,0.3333333333333333,90.0
0_0_0_0_0_0_0_1_0_1_0_0_1_0_1_0_1_1_0_0_0_0_1_0_0_1_0_0_1_0_0_0_1_1_1_1_0_0,1,3.3333333333333337e-6,4.714045207910317e-6,0.30246913580246915,200.0
1_0_1_1_1_0_0_0_0_1_1_1_0_1_1_0_1_1_0_1_1_1_0_1_0_0_1_1_0_1_0_1_1_0_0_0_1_0,1,3.3333333333333337e-6,4.714045207910317e-6,0.32098765432098764,290.0
1_1_1_1_1_1_1_0_1_1_1_0_1_1_1_0_1_1_0_1_1_1_0_1_1_0_1_1_0_1_0_1_0_1_0_0_1_0,1,3.3333333333333337e-6,4.714045207910317e-6,0.30864197530864196,170.0
1_1_1_1_1_0_0_0_1_0_1_1_0_1_0_1_0_0_0_1_0_0_0_1_1_0_1_1_0_1_1_1_0_0_0_0_1_1,1,3.3333333333333337e-6,4.714045207910317e-6,0.30246913580246915,70.0
1_1_1_1_1_0_1_0_1_0_1_1_0_0_0_1_0_0_0_1_1_1_0_1_1_0_1_1_0_1_0_1_0_0_1_1_1_1,1,3.3333333333333337e-6,4.714045207910317e-6,0.32098765432098764,190.0
1_0_1_1_1_0_0_0_0_1_1_1_0_0_1_1_1_0_1_1_1_1_0_1_1_0_1_1_0_1_0_1_0_0_1_1_1_1,1,3.3333333333333337e-6,4.714045207910317e-6,0.3395061728395062,160.0
0_0_0_0_0_0_0_1_1_0_0_1_0_0_1_1_1_0_0_0_1_1_1_1_0_0_0_0_0_0_0_0_0_0_1_1_0_1,1,3.3333333333333337e-6,4.714045207910317e-6,0.3395061728395062,110.0
0_1_0_1_1_0_0_0_0_1_0_0_1_1_0_0_0_1_1_0_1_1_0_0_1_1_0_0_1_0_1_1_1_1_0_0_0_0,1,3.3333333333333337e-6,4.714045207910317e-6,0.3271604938271605,140.0
0_0_0_0_0_0_0_1_0_1_0_0_1_0_1_0_1_1_1_0_1_1_1_1_1_0_0_0_0_0_0_0_0_0_1_1_0_0,1,3.3333333333333337e-6,4.714045207910317e-6,0.30246913580246915,60.0
0_0_0_1_1_0_0_0_1_0_0_0_1_1_1_0_1_1_1_0_1_1_0_0_0_1_1_1_1_0_0_1_0_0_0_0_1_0,1,3.3333333333333337e-6,4.714045207910317e-6,0.3395061728395062,220.0
0_1_0_0_0_1_1_1_1_0_0_1_0_0_0_1_0_0_0_0_0_0_1_0_0_1_0_0_1_0_1_0_0_1_1_1_0_1,1,3.3333333333333337e-6,4.714045207910317e-6,0.30864197530864196,160.0
1_1_1_1_1_1_1_0_1_0_1_1_0_0_0_1_0_0_1_1_1_1_1_1_1_0_1_1_0_1_1_1_1_0_1_1_1_1,1,3.3333333333333337e-6,4.714045207910317e-6,0.30864197530864196,190.0
0_1_0_1_0_0_0_1_1_0_0_0_1_0_0_1_0_0_1_0_0_0_0_0_0_1_0_0_1_0_1_0_0_1_1_1_0_1,1,3.3333333333333337e-6,4.714045207910317e-6,0.345679012345679,60.0
0_0_0_0_0_0_0_1_0_0_0_1_1_1_0_0_0_1_0_0_1_1_1_1_0_0_0_0_0_0_1_0_1_0_0_0_0_0,1,3.3333333333333337e-6,4.714045207910317e-6,0.3271604938271605,50.0
0_1_0_1_0_1_1_1_1_0_0_0_0_1_0_1_0_0_0_0_0_0_0_1_0_0_0_0_0_0_1_0_1_1_0_1_0_1,1,3.3333333333333337e-6,4.714045207910317e-6,0.345679012345679,100.0
0_1_0_0_0_0_1_1_1_0_0_1_0_1_0_0_0_0_1_0_0_0_0_0_0_1_0_0_1_0_0_0_0_0_0_0_0_1,1,3.3333333333333337e-6,4.714045207910317e-6,0.3271604938271605,150.0
1_0_1_1_1_1_1_0_1_1_1_0_0_0_1_1_1_0_0_1_0_0_0_1_1_0_1_1_0_1_0_1_0_0_1_1_1_1,1,3.3333333333333337e-6,4.714045207910317e-6,0.3271604938271605,250.0
0_0_0_0_0_1_0_1_0_1_0_0_1_1_1_0_1_1_0_0_0_0_1_0_1_1_0_0_1_0_1_0_1_1_0_0_0_0,1,3.3333333333333337e-6,4.714045207910317e-6,0.3271604938271605,50.0
1_1_1_1_1_1_1_0_0_1_1_1_1_1_1_0_1_1_1_1_0_0_0_0_0_1_1_1_1_1_0_1_1_1_0_0_1_0,1,3.3333333333333337e-6,4.714045207910317e-6,0.3148148148148148,300.0
0_1_0_1_0_0_1_1_1_0_0_0_1_0_0_1_0_0_0_0_0_0_0_1_1_0_0_0_0_0_1_0_0_1_1_1_0_1,1,3.3333333333333337e-6,4.714045207910317e-6,0.3148148148148148,50.0
1_1_1_1_1_1_1_0_1_0_1_1_0_1_0_1_0_0_0_1_0_0_0_0_0_1_1_1_1_1_1_1_1_1_0_0_1_1,1,3.3333333333333337e-6,4.714045207910317e-6,0.30246913580246915,50.0
1_0_1_0_1_1_1_0_0_1_1_1_1_1_1_1_1_1_1_1_1_1_1_1_1_0_1_1_0_1_0_1_1_0_0_0_1_0,1,3.3333333333333337e-6,4.714045207910317e-6,0.2777777777777778,270.0
0_0_0_1_1_1_1_0_1_0_0_0_1_1_0_0_0_1_1_0_1_1_1_0_0_1_0_0_1_0_1_1_1_1_0_0_1_0,1,3.3333333333333337e-6,4.714045207910317e-6,0.345679012345679,70.0
1_0_1_0_1_1_0_0_0_1_1_1_0_0_1_1_1_1_0_1_0_0_1_0_1_1_1_1_1_1_0_1_0_0_1_1_1_1,1,3.3333333333333337e-6,4.714045207910317e-6,0.345679012345679,80.0
0_1_0_0_0_1_1_1_1_0_0_1_0_0_0_1_0_0_1_0_1_1_0_1_1_0_0_0_0_0_1_0_0_1_1_1_0_1,1,3.3333333333333337e-6,4.714045207910317e-6,0.32098765432098764,120.0
1_0_1_1_1_1_0_0_0_1_1_0_1_1_1_0_1_1_0_1_0_0_1_0_1_1_1_1_1_1_0_1_1_0_0_0_1_0,1,3.3333333333333337e-6,4.714045207910317e-6,0.3148148148148148,80.0
1_1_1_1_1_0_1_0_1_0_1_1_0_0_0_1_0_0_1_1_1_1_0_1_1_0_1_1_0_1_1_1_1_0_1_1_1_1,1,3.3333333333333337e-6,4.714045207910317e-6,0.3148148148148148,90.0
1_1_1_1_1_1_1_0_1_0_1_1_1_0_0_1_0_0_0_1_1_1_1_1_1_0_1_1_0_1_1_1_1_1_1_0_1_1,1,3.3333333333333337e-6,4.714045207910317e-6,0.3148148148148148,70.0
1_0_1_0_1_1_0_0_0_1_1_1_1_1_1_0_1_1_0_1_0_0_1_1_1_0_1_1_0_1_0_1_1_0_0_0_1_0,1,3.3333333333333337e-6,4.714045207910317e-6,0.30246913580246915,80.0
1_1_1_0_0_1_1_1_0_1_1_1_0_0_1_1_1_0_0_1_0_0_1_0_1_1_1_1_1_1_1_0_1_1_1_1_0_1,1,3.3333333333333337e-6,4.714045207910317e-6,0.35185185185185186,120.0
0_0_0_0_0_0_0_1_0_1_0_0_1_0_1_1_1_1_0_0_0_0_1_1_1_0_0_0_0_0_1_0_0_1_1_1_0_1,1,3.3333333333333337e-6,4.714045207910317e-6,0.3271604938271605,120.0
1_1_1_1_1_1_1_0_1_0_1_1_0_1_0_0_0_0_0_1_0_0_1_0_0_1_1_1_1_1_1_1_1_0_0_0_1_0,1,3.3333333333333337e-6,4.714045207910317e-6,0.3333333333333333,130.0
1_1_1_1_1_0_0_0_1_0_1_1_0_1_0_1_0_0_0_1_1_1_0_1_0_0_1_1_0_1_0_1_0_0_0_0_1_1,1,3.3333333333333337e-6,4.714045207910317e-6,0.345679012345679,150.0
1_1_1_1_1_1_1_0_1_0_1_1_1_0_0_1_0_0_0_1_0_0_1_0_1_1_1_1_1_1_1_1_1_1_1_0_1_1,1,3.3333333333333337e-6,4.714045207910317e-6,0.3148148148148148,160.0
0_1_0_1_1_0_0_0_0_1_0_0_1_1_0_0_0_1_0_0_0_0_0_1_0_0_1_0_0_0_0_1_0_1_0_0_0_0,1,3.3333333333333337e-6,4.714045207910317e-6,0.345679012345679,200.0
1_0_1_0_0_1_0_1_0_1_0_0_1_1_1_0_1_1_0_0_0_0_0_0_1_1_0_0_1_1_0_0_1_1_0_0_0_0,1,3.3333333333333337e-6,4.714045207910317e-6,0.2962962962962963,130.0
0_0_0_1_1_0_0_0_0_1_0_0_0_1_1_0_1_1_1_0_1_1_0_0_0_1_0_0_1_0_0_1_0_1_0_1_0_0,1,3.3333333333333337e-6,4.714045207910317e-6,0.35185185185185186,220.0
0_0_0_0_0_0_0_1_0_1_0_0_1_0_1_0_1_1_0_0_0_0_1_1_0_0_0_0_0_0_1_0_0_1_1_1_0_0,1,3.3333333333333337e-6,4.714045207910317e-6,0.3148148148148148,130.0
1_1_1_0_0_1_1_0_0_1_0_1_0_0_0_1_0_1_0_0_0_0_0_0_1_1_0_0_1_1_0_1_1_1_1_1_0_1,1,3.3333333333333337e-6,4.714045207910317e-6,0.35802469135802467,70.0
1_1_1_0_0_1_1_1_1_0_1_1_0_0_0_1_0_0_1_1_1_1_1_1_1_0_1_1_0_1_1_0_0_0_1_1_1_1,1,3.3333333333333337e-6,4.714045207910317e-6,0.3333333333333333,260.0
1_1_1_1_1_0_0_0_1_0_1_1_1_1_0_0_0_0_1_1_1_1_0_1_0_0_1_1_0_1_0_1_0_0_0_0_1_0,1,3.3333333333333337e-6,4.714045207910317e-6,0.345679012345679,210.0
0_1_0_1_1_0_1_0_1_0_1_1_0_1_0_0_0_0_0_1_1_1_0_1_0_0_1_1_0_0_1_1_0_0_0_0_1_0,1,3.3333333333333337e-6,4.714045207910317e-6,0.2962962962962963,110.0
0_0_0_1_1_1_1_0_1_0_0_0_0_1_0_1_0_1_1_0_0_0_1_0_0_1_0_0_1_0_1_1_1_1_0_1_1_1,1,3.3333333333333337e-6,4.714045207910317e-6,0.38271604938271603,100.0
1_1_1_1_1_1_1_0_1_1_1_0_0_0_1_1_1_0_0_1_0_0_0_0_1_1_1_1_1_1_0_1_0_1_1_1_1_1,1,3.3333333333333337e-6,4.714045207910317e-6,0.3271604938271605,170.0
0_0_0_0_0_0_0_1_0_1_0_0_1_1_1_0_1_1_0_0_1_1_0_1_0_0_0_0_0_0_0_0_1_1_0_0_0_0,1,3.3333333333333337e-6,4.714045207910317e-6,0.2962962962962963,190.0
1_1_1_1_1_1_1_0_0_1_1_0_1_1_0_0_0_1_0_1_0_0_0_0_0_1_1_1_1_1_1_1_1_1_0_0_1_0,1,3.3333333333333337e-6,4.714045207910317e-6,0.345679012345679,100.0
1_1_1_0_1_1_1_0_1_1_1_1_1_1_0_0_0_0_1_1_1_1_0_0_0_1_1_1_1_1_1_1_0_1_0_0_1_0,0,3.3333333333333337e-6,4.714045207910317e-6,0.21604938271604937,1001.0
0_0_0_1_0_1_1_1_1_0_1_0_1_0_1_1_1_1_1_1_1_1_0_1_1_0_1_1_0_0_0_0_0_0_1_1_1_1,1,3.3333333333333337e-6,4.714045207910317e-6,0.3333333333333333,130.0
1_1_1_0_0_1_0_1_0_1_1_1_0_0_1_1_1_0_1_1_1_1_0_0_1_1_0_0_1_1_0_0_1_1_1_1_0_1,1,3.3333333333333337e-6,4.714045207910317e-6,0.345679012345679,80.0
0_1_0_0_0_0_1_1_1_0_0_1_0_0_0_1_0_0_0_0_0_0_0_0_0_1_0_0_1_0_1_0_0_1_1_1_0_1,1,3.3333333333333337e-6,4.714045207910317e-6,0.3148148148148148,350.0
1_1_1_0_0_1_0_1_0_1_1_1_0_0_1_1_1_0_1_1_1_1_0_0_1_1_1_1_1_1_0_0_1_0_1_1_0_1,1,3.3333333333333337e-6,4.714045207910317e-6,0.345679012345679,80.0
0_0_0_0_0_0_0_1_0_1_0_0_1_1_1_0_1_1_0_0_0_0_1_0_0_1_0_0_1_0_0_0_1_1_0_0_0_0,1,3.3333333333333337e-6,4.714045207910317e-6,0.29012345679012347,170.0
1_1_1_1_1_1_1_0_1_0_1_1_1_1_0_0_0_0_1_1_1_1_0_1_0_0_1_1_0_1_1_1_1_0_0_0_1_0,1,3.3333333333333337e-6,4.714045207910317e-6,0.32098765432098764,60.0
1_1_1_1_1_1_1_0_1_0_1_1_0_1_0_0_0_0_1_1_1_1_0_0_0_1_1_1_1_1_0_1_1_0_0_0_1_0,1,3.3333333333333337e-6,4.714045207910317e-6,0.3271604938271605,180.0
1_0_1_0_0_1_1_1_1_0_1_1_1_0_1_1_1_0_0_1_0_0_1_1_1_0_1_1_0_1_0_0_0_0_1_0_1_1,1,3.3333333333333337e-6,4.714045207910317e-6,0.345679012345679,50.0
1_1_1_1_1_0_0_0_1_0_1_1_0_1_0_1_0_0_1_1_1_1_1_1_0_0_1_1_0_1_1_1_0_0_0_0_1_1,1,3.3333333333333337e-6,4.714045207910317e-6,0.3333333333333333,280.0
0_0_0_1_1_0_0_0_0_1_1_0_1_0_0_0_0_1_1_1_1_1_1_0_1_1_1_1_1_0_1_1_0_0_1_1_1_0,1,3.3333333333333337e-6,4.714045207910317e-6,0.35802469135802467,90.0
1_0_1_0_1_0_0_0_0_1_1_1_0_1_1_0_1_1_0_1_0_0_1_1_1_0_1_1_0_1_0_1_1_0_0_0_1_0,1,3.3333333333333337e-6,4.714045207910317e-6,0.32098765432098764,60.0
1_1_1_0_0_1_1_1_1_0_1_1_0_0_0_1_0_0_1_1_1_1_1_1_0_0_1_1_0_1_1_0_0_0_1_1_1_1,1,3.3333333333333337e-6,4.714045207910317e-6,0.3395061728395062,80.0
1_1_1_1_1_1_1_0_1_0_1_1_1_0_0_1_0_0_1_1_0_0_1_0_1_1_1_1_1_1_1_1_0_0_1_0_1_1,1,3.3333333333333337e-6,4.714045207910317e-6,0.32098765432098764,220.0
0_0_0_0_0_1_0_1_0_1_0_0_1_0_1_0_1_1_0_0_0_0_0_1_0_0_0_0_0_0_0_0_0_1_1_1_0_0,1,3.3333333333333337e-6,4.714045207910317e-6,0.3148148148148148,170.0
0_1_0_1_0_0_0_1_1_0_0_0_0_0_0_0_0_0_0_0_1_1_0_1_0_0_0_0_0_0_1_0_0_1_1_1_0_1,1,3.3333333333333337e-6,4.714045207910317e-6,0.2777777777777778,50.0
0_1_0_0_0_0_0_1_1_0_0_1_0_0_0_1_0_0_0_0_0_0_0_0_0_1_0_0_1_0_0_0_0_0_1_1_0_1,1,3.3333333333333337e-6,4.714045207910317e-6,0.3333333333333333,160.0
0_0_0_0_0_1_0_1_0_1_0_0_1_0_1_0_1_1_0_0_0_0_1_1_1_0_0_0_0_0_0_0_0_1_1_1_0_0,1,3.3333333333333337e-6,4.714045207910317e-6,0.3148148148148148,170.0
1_1_1_1_1_0_0_0_0_1_0_1_1_1_0_0_0_0_1_0_1_1_0_0_0_1_0_0_1_1_1_1_1_1_0_0_0_0,1,3.3333333333333337e-6,4.714045207910317e-6,0.32098765432098764,70.0
1_0_1_1_1_1_1_0_0_1_1_0_1_0_1_1_1_1_1_1_0_0_1_0_1_1_1_1_1_1_1_1_1_1_1_1_1_0,1,3.3333333333333337e-6,4.714045207910317e-6,0.3333333333333333,150.0
0_1_0_0_0_0_0_1_1_0_0_1_0_0_0_1_0_0_1_0_1_1_0_1_0_0_0_0_0_0_0_0_0_0_1_1_0_1,1,3.3333333333333337e-6,4.714045207910317e-6,0.3333333333333333,90.0
0_1_0_0_0_0_0_1_1_0_0_1_0_1_0_0_0_0_1_0_0_0_0_0_0_1_0_0_1_0_0_0_0_0_0_0_0_1,1,3.3333333333333337e-6,4.714045207910317e-6,0.3333333333333333,100.0
1_1_1_0_0_0_0_1_0_1_1_1_0_0_1_1_1_0_0_1_1_1_0_1_1_0_1_1_0_1_0_0_0_0_1_1_0_1,1,3.3333333333333337e-6,4.714045207910317e-6,0.36419753086419754,40.0
1_1_1_1_1_0_0_0_1_0_1_1_0_1_0_1_0_0_0_1_0_0_1_1_0_0_1_1_0_1_1_1_0_0_0_0_1_1,1,3.3333333333333337e-6,4.714045207910317e-6,0.3148148148148148,160.0
1_1_1_1_1_1_1_0_1_1_1_0_0_1_1_0_1_0_0_1_0_0_0_0_1_1_1_1_1_1_0_1_0_1_0_0_1_0,1,3.3333333333333337e-6,4.714045207910317e-6,0.3333333333333333,100.0
0_0_0_0_0_0_0_1_0_1_0_0_1_0_1_0_1_1_1_0_1_1_1_1_0_0_0_0_0_0_0_0_0_1_1_1_0_0,1,3.3333333333333337e-6,4.714045207910317e-6,0.3148148148148148,180.0
0_1_0_0_0_1_1_1_1_0_0_0_1_1_0_0_0_1_0_0_0_0_0_0_0_1_0_0_1_0_1_0_1_1_0_0_0_0,1,3.3333333333333337e-6,4.714045207910317e-6,0.345679012345679,90.0
1_1_1_1_1_0_0_0_1_0_1_1_1_0_0_1_0_0_0_1_1_1_0_1_1_0_1_1_0_1_0_1_0_0_1_0_1_1,1,3.3333333333333337e-6,4.714045207910317e-6,0.35185185185185186,160.0
0_0_0_0_0_0_0_1_0_1_0_0_1_0_1_0_1_1_1_0_1_1_1_0_0_1_0_0_1_0_1_0_0_1_1_1_0_0,1,3.3333333333333337e-6,4.714045207910317e-6,0.3148148148148148,80.0
1_1_1_1_1_1_1_0_1_0_1_1_1_0_0_1_0_0_1_1_1_1_0_1_1_0_1_1_0_1_0_1_1_0_1_0_1_1,1,3.3333333333333337e-6,4.714045207910317e-6,0.345679012345679,180.0
1_1_1_0_0_1_1_1_0_1_1_1_0_0_1_1_1_0_0_1_0_0_0_1_1_0_0_1_0_1_0_0_1_1_1_1_0_1,1,3.3333333333333337e-6,4.714045207910317e-6,0.35185185185185186,90.0
1_0_1_1_1_1_0_0_0_1_1_1_0_1_1_0_1_1_0_1_0_0_0_1_0_0_1_1_0_1_0_1_0_0_0_0_1_0,1,3.3333333333333337e-6,4.714045207910317e-6,0.30246913580246915,90.0
0_0_0_0_0_1_0_1_0_1_0_0_0_0_1_1_1_1_1_0_1_1_1_1_1_0_0_0_0_0_0_0_1_1_1_1_0_1,1,3.3333333333333337e-6,4.714045207910317e-6,0.32098765432098764,280.0
1_1_1_1_1_1_1_0_0_1_1_0_1_1_0_0_0_1_0_1_0_0_1_0_1_1_1_1_1_1_1_1_1_1_0_0_1_0,1,3.3333333333333337e-6,4.714045207910317e-6,0.345679012345679,70.0
1_1_1_1_1_1_1_0_1_0_1_1_0_1_0_1_0_0_1_1_0_0_0_0_1_1_1_1_1_1_1_1_1_1_0_0_1_1,1,3.3333333333333337e-6,4.714045207910317e-6,0.2962962962962963,130.0
0_0_0_0_0_1_0_1_0_1_0_0_1_0_1_0_1_1_1_0_1_1_0_0_0_1_0_0_1_0_0_0_0_1_1_1_0_0,1,3.3333333333333337e-6,4.714045207910317e-6,0.3148148148148148,100.0
0_1_0_1_0_1_1_1_1_0_0_0_1_1_0_0_0_0_0_0_0_0_0_1_0_0_0_0_0_0_1_0_1_1_0_0_0_0,1,3.3333333333333337e-6,4.714045207910317e-6,0.3271604938271605,110.0
0_0_0_0_0_0_0_1_0_1_0_0_0_0_1_1_1_1_0_0_1_1_1_1_1_0_0_0_0_0_0_0_1_1_1_1_0_1,1,3.3333333333333337e-6,4.714045207910317e-6,0.30864197530864196,120.0
1_1_1_1_1_1_1_0_1_0_1_1_0_0_0_1_0_0_0_1_1_1_0_1_1_0_1_1_0_1_0_1_0_0_1_1_1_1,1,3.3333333333333337e-6,4.714045207910317e-6,0.30864197530864196,90.0
1_0_1_1_1_1_1_0_1_1_1_0_0_0_1_1_1_0_1_1_1_1_1_0_1_1_1_1_1_1_0_1_0_0_1_1_1_1,1,3.3333333333333337e-6,4.714045207910317e-6,0.3333333333333333,120.0
0_0_0_0_0_0_0_1_0_1_0_0_0_1_1_0_1_1_1_0_1_1_0_1_0_0_0_0_0_0_0_0_0_1_0_1_0_0,1,3.3333333333333337e-6,4.714045207910317e-6,0.3333333333333333,100.0
0_1_0_0_0_0_0_1_0_0_0_1_1_1_0_0_0_0_1_0_0_0_1_0_0_1_0_0_1_0_1_0_1_1_0_0_0_0,1,3.3333333333333337e-6,4.714045207910317e-6,0.3395061728395062,320.0
0_0_0_0_0_1_0_1_0_1_0_0_1_1_1_0_1_1_1_0_0_0_0_0_1_1_0_0_1_0_0_0_1_1_0_0_0_0,1,3.3333333333333337e-6,4.714045207910317e-6,0.3148148148148148,120.0
1_1_1_1_1_0_1_0_1_0_1_1_0_0_0_1_0_0_0_1_0_0_0_1_1_0_1_1_0_1_1_1_1_0_1_1_1_1,1,3.3333333333333337e-6,4.714045207910317e-6,0.2962962962962963,80.0
1_0_1_1_1_0_0_0_0_1_1_1_0_1_1_0_1_1_1_1_1_1_0_0_1_1_1_1_1_1_0_1_0_0_0_0_1_0,1,3.3333333333333337e-6,4.714045207910317e-6,0.30864197530864196,170.0
1_1_1_0_0_1_1_1_1_0_1_1_1_0_0_1_0_0_0_1_0_0_1_1_1_0_0_0_0_1_1_0_1_0_1_0_0_1,1,3.3333333333333337e-6,4.714045207910317e-6,0.35802469135802467,110.0
0_1_0_0_0_1_1_1_1_0_0_0_0_0_0_1_0_0_0_0_0_0_1_0_1_1_0_0_1_0_1_0_0_1_1_1_0_1,1,3.3333333333333337e-6,4.714045207910317e-6,0.3148148148148148,120.0
0_0_0_0_0_0_0_1_1_0_0_1_0_1_1_0_1_0_0_0_0_0_1_1_0_0_0_0_0_0_0_0_0_0_0_0_0_1,1,3.3333333333333337e-6,4.714045207910317e-6,0.32098765432098764,180.0
1_1_1_1_1_0_0_0_1_0_1_1_1_0_0_1_0_0_1_1_1_1_0_0_1_1_1_1_1_1_0_1_0_0_1_0_1_1,1,3.3333333333333337e-6,4.714045207910317e-6,0.3333333333333333,100.0
1_0_1_0_1_0_0_0_0_1_1_1_1_1_1_0_1_1_0_1_0_0_1_0_0_1_1_1_1_1_0_1_1_0_0_0_1_0,1,3.3333333333333337e-6,4.714045207910317e-6,0.3271604938271605,310.0
1_1_1_1_1_0_1_0_1_0_1_1_0_1_0_0_0_0_1_1_0_0_0_0_0_1_1_1_1_1_1_1_1_0_0_0_1_0,1,3.3333333333333337e-6,4.714045207910317e-6,0.3395061728395062,90.0
0_0_0_1_1_0_0_0_0_1_0_0_1_1_0_0_0_1_0_0_0_0_1_1_0_0_1_0_0_0_1_1_0_1_0_0_1_0,1,3.3333333333333337e-6,4.714045207910317e-6,0.345679012345679,140.0
0_1_0_0_0_0_1_1_1_0_0_1_0_1_0_0_0_0_1_0_1_1_0_0_0_1_0_0_1_0_1_0_0_1_0_0_0_1,1,3.3333333333333337e-6,4.714045207910317e-6,0.2962962962962963,90.0
0_0_0_0_0_0_0_1_0_0_0_1_1_0_0_1_0_0_1_0_1_1_1_1_1_0_0_0_0_0_1_0_1_0_1_1_0_1,1,3.3333333333333337e-6,4.714045207910317e-6,0.32098765432098764,40.0
0_0_0_0_0_0_0_1_0_1_0_0_1_1_1_0_1_1_1_0_1_1_1_1_0_0_0_0_0_0_0_0_0_1_0_0_0_0,1,3.3333333333333337e-6,4.714045207910317e-6,0.30246913580246915,250.0
1_1_1_0_0_0_1_1_1_0_1_1_1_0_0_1_0_0_1_1_1_1_1_0_1_1_1_1_1_1_1_0_1_0_1_0_1_1,1,3.3333333333333337e-6,4.714045207910317e-6,0.36419753086419754,170.0
1_0_1_0_0_1_1_1_1_0_1_1_0_0_1_1_1_0_0_1_0_0_1_1_1_0_1_1_0_1_0_0_0_0_1_1_1_1,1,3.3333333333333337e-6,4.714045207910317e-6,0.32098765432098764,60.0
1_0_1_0_0_1_0_1_0_1_0_0_1_1_1_0_1_1_0_0_1_1_1_1_1_0_0_0_0_1_1_0_1_1_0_0_0_0,1,3.3333333333333337e-6,4.714045207910317e-6,0.30864197530864196,120.0
0_0_0_0_0_1_0_1_0_1_0_0_1_1_1_0_1_1_0_0_1_1_0_1_0_0_0_0_0_0_0_0_0_1_0_0_0_0,1,3.3333333333333337e-6,4.714045207910317e-6,0.32098765432098764,80.0
1_0_1_1_1_0_0_0_0_1_1_0_1_0_1_1_1_1_0_1_0_0_1_1_1_0_1_1_0_1_0_1_1_0_1_1_1_0,1,3.3333333333333337e-6,4.714045207910317e-6,0.2962962962962963,50.0
1_1_1_1_1_0_1_0_1_0_1_1_0_0_0_1_0_0_0_1_1_1_1_1_0_0_1_1_0_1_1_1_1_0_1_1_1_1,1,3.3333333333333337e-6,4.714045207910317e-6,0.3271604938271605,100.0
1_0_1_1_1_0_0_0_0_1_1_0_1_0_1_1_1_1_0_1_0_0_0_0_1_1_1_1_1_1_0_1_1_0_1_1_1_0,1,3.3333333333333337e-6,4.714045207910317e-6,0.30864197530864196,150.0
0_0_0_1_1_0_0_0_1_0_0_0_1_1_0_0_0_1_1_0_1_1_1_0_0_1_0_0_1_0_0_1_0_0_0_0_1_0,1,3.3333333333333337e-6,4.714045207910317e-6,0.3395061728395062,120.0
0_1_0_0_0_0_1_1_1_0_0_1_0_0_0_1_0_0_0_0_1_1_0_1_1_0_0_0_0_0_1_0_0_0_1_1_0_1,1,3.3333333333333337e-6,4.714045207910317e-6,0.3271604938271605,80.0
0_1_0_1_1_1_1_0_1_0_1_1_0_0_0_1_0_0_0_1_1_1_0_1_1_0_1_1_0_0_0_1_0_0_1_1_1_1,1,3.3333333333333337e-6,4.714045207910317e-6,0.29012345679012347,70.0
0_0_0_1_1_0_0_0_0_1_0_0_1_1_1_0_1_1_0_0_1_1_0_1_0_0_0_0_0_0_0_1_1_1_0_0_0_0,1,3.3333333333333337e-6,4.714045207910317e-6,0.3333333333333333,180.0
0_0_0_0_0_0_0_1_1_0_0_0_0_0_0_1_0_0_0_0_1_1_1_1_0_0_0_0_0_0_1_0_0_0_1_1_0_1,1,3.3333333333333337e-6,4.714045207910317e-6,0.30864197530864196,100.0
0_0_0_1_1_1_1_0_0_1_0_0_0_1_1_0_1_1_0_0_0_0_0_1_0_0_0_0_0_0_0_1_1_1_0_1_0_0,1,3.3333333333333337e-6,4.714045207910317e-6,0.35802469135802467,100.0
1_1_1_1_1_1_1_0_1_0_1_1_0_1_0_1_0_0_0_1_1_1_1_1_0_0_1_1_0_1_1_1_1_1_0_0_1_1,1,3.3333333333333337e-6,4.714045207910317e-6,0.30864197530864196,180.0
1_0_1_0_1_0_0_0_0_1_1_1_1_1_1_0_1_1_0_1_1_1_1_1_0_0_1_1_0_1_0_1_0_0_0_0_1_0,1,3.3333333333333337e-6,4.714045207910317e-6,0.3271604938271605,50.0
1_1_1_0_0_0_1_1_1_0_1_1_1_0_0_1_0_0_0_1_0_0_1_1_1_0_1_1_0_1_1_0_1_0_1_0_1_1,1,3.3333333333333337e-6,4.714045207910317e-6,0.36419753086419754,150.0
1_0_1_1_1_0_0_0_0_1_1_1_0_0_1_1_1_0_1_1_0_0_0_0_1_1_1_1_1_1_0_1_1_0_1_1_1_1,1,3.3333333333333337e-6,4.714045207910317e-6,0.3395061728395062,130.0
1_1_1_1_1_1_1_0_1_0_1_1_0_1_0_1_0_0_1_1_0_0_0_0_0_1_1_1_1_1_1_1_1_1_0_0_1_1,1,3.3333333333333337e-6,4.714045207910317e-6,0.30246913580246915,180.0
0_1_0_1_0_0_1_1_1_0_0_0_1_1_0_0_0_0_0_0_1_1_0_1_0_0_0_0_0_0_1_0_0_1_0_0_0_0,1,3.3333333333333337e-6,4.714045207910317e-6,0.345679012345679,140.0
1_1_1_0_1_1_0_0_0_1_1_1_1_1_0_1_0_1_0_1_0_0_0_1_1_0_0_0_0_1_0_1_1_1_0_0_0_0,0,3.3333333333333337e-6,4.714045207910317e-6,0.2345679012345679,1001.0
1_1_1_1_1_1_1_0_1_0_1_1_1_1_0_0_0_0_1_1_0_0_1_0_0_1_1_1_1_1_1_1_1_0_0_0_1_0,1,3.3333333333333337e-6,4.714045207910317e-6,0.3271604938271605,70.0
1_0_1_0_0_1_1_1_1_0_1_1_0_0_1_1_1_0_0_1_0_0_1_1_0_0_1_1_0_1_0_0_1_0_1_1_1_1,1,3.3333333333333337e-6,4.714045207910317e-6,0.3395061728395062,240.0
1_0_1_0_1_1_0_0_0_1_1_1_1_1_1_1_1_1_1_1_1_1_1_1_1_0_1_1_0_1_0_1_1_0_0_0_1_0,1,3.3333333333333337e-6,4.714045207910317e-6,0.2716049382716049,140.0
1_1_1_1_1_1_1_0_1_1_1_0_0_1_1_0_1_1_0_1_1_1_0_1_0_0_1_1_0_1_0_1_0_1_0_0_1_0,1,3.3333333333333337e-6,4.714045207910317e-6,0.32098765432098764,270.0
1_1_1_0_0_1_1_1_1_0_1_1_1_0_0_1_0_0_1_1_1_1_1_0_1_1_0_0_1_1_1_0_1_0_1_0_0_1,1,3.3333333333333337e-6,4.714045207910317e-6,0.35802469135802467,130.0
0_0_0_0_0_1_0_1_0_1_0_0_1_0_1_0_1_1_1_0_1_1_1_1_0_0_0_0_0_0_1_0_1_1_1_1_0_0,1,3.3333333333333337e-6,4.714045207910317e-6,0.3333333333333333,100.0
1_1_1_0_1_0_1_0_1_0_0_1_0_1_0_1_0_0_1_0_1_1_1_0_0_1_0_0_1_1_1_1_1_1_0_0_0_1,1,3.3333333333333337e-6,4.714045207910317e-6,0.3395061728395062,150.0
1_1_1_1_1_1_1_0_1_0_1_1_1_0_0_1_0_0_0_1_0_0_0_0_1_1_1_1_1_1_0_1_1_0_1_0_1_1,1,3.3333333333333337e-6,4.714045207910317e-6,0.345679012345679,90.0
1_0_1_1_1_1_0_0_0_1_1_1_0_1_1_0_1_1_1_1_1_1_0_0_0_1_1_1_1_1_0_1_1_0_0_0_1_0,1,3.3333333333333337e-6,4.714045207910317e-6,0.30246913580246915,60.0
0_0_0_0_0_0_0_1_0_1_0_0_0_0_1_1_1_1_1_0_1_1_1_0_1_1_0_0_1_0_1_0_0_1_1_1_0_1,1,3.3333333333333337e-6,4.714045207910317e-6,0.32098765432098764,140.0
0_0_0_1_1_1_0_0_0_1_0_0_1_1_1_0_1_1_0_0_1_1_0_1_0_0_0_0_0_0_0_1_0_1_0_0_0_0,1,3.3333333333333337e-6,4.714045207910317e-6,0.35802469135802467,100.0
1_1_1_1_1_0_1_0_1_0_1_1_1_1_0_0_0_0_1_1_1_1_0_0_0_1_1_1_1_1_1_1_1_0_0_0_1_0,1,3.3333333333333337e-6,4.714045207910317e-6,0.3148148148148148,70.0
1_1_1_0_0_1_0_1_0_1_1_1_0_0_1_1_1_0_1_1_0_0_1_0_1_1_0_1_1_1_1_0_1_1_1_1_0_1,1,3.3333333333333337e-6,4.714045207910317e-6,0.36419753086419754,90.0
1_1_1_1_1_0_1_0_1_0_1_1_1_1_0_0_0_0_0_1_1_1_0_1_0_0_1_1_0_1_1_1_1_0_0_0_1_0,1,3.3333333333333337e-6,4.714045207910317e-6,0.3333333333333333,150.0
0_0_0_1_1_0_1_0_1_0_0_0_1_1_1_0_1_1_1_0_1_1_0_0_0_1_1_1_1_0_0_1_0_0_0_0_1_0,1,3.3333333333333337e-6,4.714045207910317e-6,0.3333333333333333,130.0
0_0_0_1_1_0_0_0_0_1_1_0_1_0_1_0_1_1_1_1_0_0_1_0_1_1_1_1_1_0_0_1_0_0_1_1_1_0,1,3.3333333333333337e-6,4.714045207910317e-6,0.35802469135802467,180.0
1_1_1_1_1_1_1_0_1_1_1_1_1_1_1_1_0_0_1_1_1_1_0_0_1_1_1_1_1_1_1_1_0_1_0_0_1_0,0,3.3333333333333337e-6,4.714045207910317e-6,0.17901234567901234,1001.0
1_0_1_0_0_0_1_1_1_0_1_1_1_0_1_1_1_0_1_1_1_1_1_1_1_0_1_1_0_1_0_0_1_0_1_0_1_1,1,3.3333333333333337e-6,4.714045207910317e-6,0.3888888888888889,80.0
0_1_0_0_0_0_1_1_1_0_0_0_1_0_0_1_0_0_0_0_1_1_1_1_0_0_0_0_0_0_1_0_0_1_1_1_0_1,1,3.3333333333333337e-6,4.714045207910317e-6,0.3271604938271605,160.0
0_1_0_0_0_1_1_1_1_0_0_0_1_1_0_0_0_1_1_0_1_1_1_0_0_1_0_0_1_0_1_0_0_1_0_0_0_0,1,3.3333333333333337e-6,4.714045207910317e-6,0.32098765432098764,290.0
0_0_0_0_0_0_0_1_0_1_0_0_0_0_1_1_1_1_0_0_0_0_1_0_1_1_0_0_1_0_1_0_1_1_1_1_0_1,1,3.3333333333333337e-6,4.714045207910317e-6,0.3271604938271605,60.0
1_0_1_0_1_1_0_0_0_1_1_1_0_1_1_0_1_1_1_1_0_0_1_0_1_1_1_1_1_1_0_1_1_0_0_0_1_0,1,3.3333333333333337e-6,4.714045207910317e-6,0.3395061728395062,50.0
0_1_0_0_0_0_1_1_1_0_0_0_0_0_0_1_0_0_1_0_1_1_1_1_1_0_0_0_0_0_1_0_0_1_1_1_0_1,1,3.3333333333333337e-6,4.714045207910317e-6,0.3148148148148148,170.0
0_0_0_0_0_0_0_1_0_1_0_0_0_1_1_0_1_1_1_0_1_1_1_1_0_0_0_0_0_0_0_0_0_0_0_1_0_0,1,3.3333333333333337e-6,4.714045207910317e-6,0.30864197530864196,160.0
0_0_0_0_0_1_0_1_0_1_0_0_0_1_1_0_1_1_1_0_1_1_1_1_0_0_0_0_0_0_1_0_1_1_0_1_0_0,1,3.3333333333333337e-6,4.714045207910317e-6,0.345679012345679,140.0
1_1_1_1_1_1_1_0_1_1_1_0_1_0_1_0_1_0_0_1_1_1_0_1_1_0_1_1_0_1_0_1_0_1_1_0_1_0,1,3.3333333333333337e-6,4.714045207910317e-6,0.345679012345679,110.0
1_1_1_1_1_0_0_0_1_0_1_1_0_0_0_1_0_0_1_1_1_1_0_0_0_1_1_1_1_1_1_1_0_0_1_1_1_1,1,3.3333333333333337e-6,4.714045207910317e-6,0.2962962962962963,100.0
0_1_0_0_0_0_0_1_1_0_0_1_0_0_0_1_0_0_1_0_1_1_1_1_1_0_0_0_0_0_1_0_0_0_1_1_0_1,1,3.3333333333333337e-6,4.714045207910317e-6,0.3271604938271605,120.0
1_1_1_1_1_0_0_0_1_0_1_1_0_1_0_0_0_0_1_1_0_0_0_0_0_1_1_1_1_1_0_1_0_0_0_0_1_0,1,3.3333333333333337e-6,4.714045207910317e-6,0.35185185185185186,150.0
0_0_0_0_0_0_0_1_0_0_0_1_1_0_1_1_1_1_1_0_1_1_0_1_0_0_0_0_0_0_0_0_1_0_1_1_0_1,1,3.3333333333333337e-6,4.714045207910317e-6,0.32098765432098764,240.0
0_1_0_1_1_0_1_0_1_0_0_0_0_1_0_1_0_1_0_0_0_0_0_0_0_1_1_0_1_0_0_1_0_1_0_1_1_1,1,3.3333333333333337e-6,4.714045207910317e-6,0.3888888888888889,50.0
0_1_0_0_0_0_1_1_1_0_0_0_0_1_0_1_0_1_0_0_0_0_0_1_0_0_0_0_0_0_1_0_0_1_0_1_0_1,1,3.3333333333333337e-6,4.714045207910317e-6,0.345679012345679,70.0
1_1_1_1_1_1_1_0_1_1_1_0_1_0_0_0_0_0_1_1_0_0_1_0_1_1_1_1_1_1_1_1_0_1_1_0_1_0,1,3.3333333333333337e-6,4.714045207910317e-6,0.3333333333333333,360.0
1_0_1_1_1_1_1_0_0_1_1_1_1_0_1_0_1_0_1_1_0_0_1_0_1_1_1_1_1_1_0_1_1_0_1_0_1_0,1,3.3333333333333337e-6,4.714045207910317e-6,0.37037037037037035,40.0
0_0_0_1_1_0_1_1_1_0_1_0_1_1_1_0_1_0_0_1_0_0_1_0_0_1_1_1_1_0_1_0_0_0_0_0_1_0,1,3.3333333333333337e-6,4.714045207910317e-6,0.35185185185185186,90.0
0_1_0_1_0_0_1_1_1_0_0_0_0_1_0_1_0_0_0_0_0_0_0_1_0_0_0_0_0_0_1_0_0_1_0_1_0_1,1,3.3333333333333337e-6,4.714045207910317e-6,0.345679012345679,90.0
1_1_1_0_0_1_1_1_0_1_1_1_0_0_1_1_1_0_1_1_1_1_1_0_1_1_0_1_1_1_1_0_1_1_1_1_0_1,1,3.3333333333333337e-6,4.714045207910317e-6,0.35185185185185186,230.0
1_1_1_0_0_1_0_1_0_1_1_1_0_0_1_1_1_0_0_1_0_0_0_1_1_0_1_1_0_1_0_0_0_0_1_1_0_1,1,3.3333333333333337e-6,4.714045207910317e-6,0.345679012345679,120.0
0_0_0_1_1_0_1_0_1_0_0_0_1_1_0_0_0_1_1_0_1_1_0_1_0_0_1_0_0_0_0_1_0_0_0_0_1_0,1,3.3333333333333337e-6,4.714045207910317e-6,0.36419753086419754,190.0
1_0_1_0_0_0_0_1_0_0_0_1_0_0_0_1_0_0_0_0_1_1_1_1_1_0_0_0_0_1_1_0_1_0_1_1_0_1,1,3.3333333333333337e-6,4.714045207910317e-6,0.2839506172839506,200.0
0_0_0_1_1_0_0_0_0_1_0_0_0_1_1_0_1_1_1_0_1_1_0_0_0_1_1_0_1_0_0_1_0_1_0_1_1_0,1,3.3333333333333337e-6,4.714045207910317e-6,0.37037037037037035,140.0
1_0_1_0_0_1_1_1_1_0_1_1_0_0_1_1_1_0_1_1_1_1_1_1_1_0_1_1_0_1_0_0_0_0_1_1_1_1,1,3.3333333333333337e-6,4.714045207910317e-6,0.3395061728395062,70.0
1_1_1_1_1_1_1_0_0_1_1_0_1_1_0_0_0_1_0_1_1_1_0_1_1_0_1_1_0_1_1_1_1_1_0_0_1_0,1,3.3333333333333337e-6,4.714045207910317e-6,0.3395061728395062,110.0
1_0_1_0_1_1_1_0_0_1_1_1_1_0_1_0_1_1_1_1_1_1_1_0_1_1_1_1_1_1_0_1_1_0_1_0_1_0,1,3.3333333333333337e-6,4.714045207910317e-6,0.35185185185185186,270.0
1_1_1_1_1_1_1_0_0_1_1_1_0_1_1_0_1_0_1_1_0_0_0_0_1_1_1_1_1_1_0_1_1_1_0_0_1_0,1,3.3333333333333337e-6,4.714045207910317e-6,0.3333333333333333,220.0
1_0_1_0_1_1_0_0_0_1_1_1_1_1_1_0_1_1_0_1_0_0_1_1_0_0_1_1_0_1_0_1_0_0_0_0_1_0,1,3.3333333333333337e-6,4.714045207910317e-6,0.30864197530864196,190.0
0_1_0_0_0_1_1_1_1_0_0_0_1_1_0_0_0_1_0_0_0_0_1_0_0_1_0_0_1_0_1_0_0_1_0_0_0_0,1,3.3333333333333337e-6,4.714045207910317e-6,0.3395061728395062,150.0
0_0_0_0_0_0_0_1_0_1_0_0_1_0_1_1_1_1_1_0_0_0_1_0_1_1_0_0_1_0_0_0_0_0_1_1_0_1,1,3.3333333333333337e-6,4.714045207910317e-6,0.30864197530864196,60.0
1_1_1_1_1_1_1_0_1_0_1_1_0_1_0_1_0_0_1_1_1_1_0_1_0_0_1_1_0_1_0_1_0_0_0_0_1_1,1,3.3333333333333337e-6,4.714045207910317e-6,0.3271604938271605,50.0
0_0_0_0_0_1_1_1_0_1_0_0_1_1_1_0_1_1_1_0_1_1_1_0_0_1_0_0_1_0_0_0_1_1_0_0_0_0,1,3.3333333333333337e-6,4.714045207910317e-6,0.29012345679012347,110.0
0_1_0_0_0_0_1_1_1_0_0_0_1_0_0_1_0_0_0_0_1_1_1_1_1_0_0_0_0_0_1_0_0_1_1_1_0_1,1,3.3333333333333337e-6,4.714045207910317e-6,0.32098765432098764,130.0
1_1_1_1_1_1_1_0_1_0_1_1_0_0_0_1_0_0_1_1_1_1_0_0_0_1_1_1_1_1_1_1_0_0_1_1_1_1,1,3.3333333333333337e-6,4.714045207910317e-6,0.2777777777777778,110.0
1_0_1_1_1_1_0_0_0_1_1_0_1_1_1_0_1_1_1_1_0_0_1_0_1_1_1_1_1_1_1_1_1_1_0_0_1_0,1,3.3333333333333337e-6,4.714045207910317e-6,0.3271604938271605,120.0
