states,flag,Avg0,SD0,frust0,time
0_0_0_0_0_0_0_1_0_0_0_0_1_0_1_1_1_0_1_1_1_1_0_1_1_0_0_1_0_1_1_1_1_0_0_1_1_1_1_0_0_0_0,1,0.030263333333333337,0.00020949675149960903,0.125,277.9408498549721
1_1_1_1_1_1_1_0_1_1_1_1_0_1_0_0_0_1_0_0_0_0_1_0_0_1_1_0_1_0_0_0_0_1_1_0_0_0_0_1_1_1_1,1,0.030103333333333333,0.0003946587837050572,0.125,277.4005993828159
0_0_0_1_0_0_0_1_0_0_0_0_1_0_1_1_1_0_1_1_1_0_0_1_1_0_0_1_0_1_1_1_1_0_0_1_1_1_1_0_0_0_0,1,0.028903333333333333,0.00029318177903061345,0.125,254.66206848088714
1_1_1_0_1_1_1_0_1_1_1_1_0_1_0_0_0_1_0_0_0_1_1_0_0_1_1_0_1_0_0_0_0_1_1_0_0_0_0_1_1_1_1,1,0.02832,0.00040653003169097764,0.125,255.19309364295978
1_1_1_1_1_1_1_0_1_1_1_1_0_0_0_0_1_1_1_1_1_0_0_1_1_1_1_1_1_1_1_1_1_1_1_0_1_1_1_1_0_0_1,1,0.028,0.0001451436070471816,0.13095238095238096,280.8115427093779
0_0_0_0_0_0_0_1_0_0_0_0_1_1_1_1_0_0_0_0_0_1_1_0_0_0_0_0_0_0_0_0_0_0_0_1_0_0_0_0_1_1_0,1,0.027800000000000002,0.00012027745701779232,0.13095238095238096,279.8191554517955
0_0_0_1_0_0_0_1_0_0_0_0_1_1_1_1_0_0_0_0_0_0_1_0_0_0_0_0_0_0_0_0_0_0_0_1_0_0_0_0_1_1_0,1,0.027276666666666668,0.00010842303978193777,0.13095238095238096,258.03563303739287
1_1_1_0_1_1_1_0_1_1_1_1_0_0_0_0_1_1_1_1_1_1_0_1_1_1_1_1_1_1_1_1_1_1_1_0_1_1_1_1_0_0_1,1,0.02631333333333333,0.00021746008573733547,0.13095238095238096,258.08003760040754
0_0_0_0_0_0_0_1_0_0_0_0_1_0_1_1_0_0_0_0_1_1_1_1_0_0_0_0_0_1_1_1_1_0_0_1_1_1_1_0_0_0_0,1,0.013576666666666667,0.00011115554667022022,0.14285714285714285,271.6694202692236
1_1_1_1_1_1_1_0_1_1_1_1_0_1_0_0_1_1_1_1_0_0_0_0_1_1_1_1_1_0_0_0_0_1_1_0_0_0_0_1_1_1_1,1,0.01328,0.00032383123176535437,0.14285714285714285,272.49928556123996
0_0_0_1_0_0_0_1_0_0_0_0_1_0_1_1_0_0_0_0_1_0_1_1_0_0_0_0_0_1_1_1_1_0_0_1_1_1_1_0_0_0_0,1,0.013083333333333334,3.6817870057290784e-5,0.14285714285714285,247.88328192912115
1_1_1_0_1_1_1_0_1_1_1_1_0_1_0_0_1_1_1_1_0_1_0_0_1_1_1_1_1_0_0_0_0_1_1_0_0_0_0_1_1_1_1,1,0.012569999999999998,9.41629792788368e-5,0.14285714285714285,251.01363093846248
0_1_0_0_1_1_1_0_1_1_1_1_0_1_0_0_0_1_0_0_0_1_1_0_0_1_1_0_0_0_0_0_0_1_1_0_0_0_0_1_1_1_1,1,0.012346666666666667,0.0006703398806244158,0.10714285714285714,232.29797922429074
1_0_1_1_0_0_0_1_0_0_0_0_1_0_1_1_1_0_1_1_1_0_0_1_1_0_0_1_1_1_1_1_1_0_0_1_1_1_1_0_0_0_0,1,0.012183333333333332,0.0001407914138796193,0.10714285714285714,233.53114124111494
0_0_0_0_0_0_0_1_0_0_0_0_1_1_1_1_1_0_1_1_0_1_0_0_1_0_0_1_0_0_0_0_0_0_0_1_0_0_0_0_1_1_0,1,0.012146666666666667,0.00014337208778404434,0.1488095238095238,277.5972608332043
1_1_1_1_1_1_1_0_1_1_1_1_0_0_0_0_0_1_0_0_1_0_1_1_0_1_1_0_1_1_1_1_1_1_1_0_1_1_1_1_0_0_1,1,0.011716666666666667,0.0001302134998974972,0.1488095238095238,279.1197734510663
0_0_0_1_0_0_0_1_0_0_0_0_1_1_1_1_1_0_1_1_0_0_0_0_1_0_0_1_0_0_0_0_0_0_0_1_0_0_0_0_1_1_0,1,0.01133,0.00019096247449869961,0.1488095238095238,253.66794242840456
0_1_0_1_1_1_1_0_1_1_1_1_0_1_0_0_0_1_0_0_0_0_1_0_0_1_1_0_0_0_0_0_0_1_1_0_0_0_0_1_1_1_1,1,0.011226666666666668,0.0002229100466306732,0.10714285714285714,248.44628474831552
1_0_1_0_0_0_0_1_0_0_0_0_1_0_1_1_1_0_1_1_1_1_0_1_1_0_0_1_1_1_1_1_1_0_0_1_1_1_1_0_0_0_0,1,0.011196666666666667,0.00013888444437333105,0.10714285714285714,248.11045902655363
1_1_1_0_1_1_1_0_1_1_1_1_0_0_0_0_0_1_0_0_1_1_1_1_0_1_1_0_1_1_1_1_1_1_1_0_1_1_1_1_0_0_1,1,0.01119,0.00028083209693100745,0.1488095238095238,259.7855243832602
1_0_1_1_0_0_0_1_0_0_0_0_1_1_1_1_0_0_0_0_0_0_1_0_0_0_0_0_1_0_0_0_0_0_0_1_0_0_0_0_1_1_0,1,0.011133333333333334,0.0001268419839362698,0.1130952380952381,235.55722965127586
0_1_0_0_1_1_1_0_1_1_1_1_0_0_0_0_1_1_1_1_1_1_0_1_1_1_1_1_0_1_1_1_1_1_1_0_1_1_1_1_0_0_1,1,0.01092,6.377042156569694e-5,0.1130952380952381,235.60966154310765
0_1_0_1_1_1_1_0_1_1_1_1_0_0_0_0_1_1_1_1_1_0_0_1_1_1_1_1_0_1_1_1_1_1_1_0_1_1_1_1_0_0_1,1,0.010843333333333335,0.00013719410418171148,0.1130952380952381,246.47073389336492
1_0_1_0_0_0_0_1_0_0_0_0_1_1_1_1_0_0_0_0_0_1_1_0_0_0_0_0_1_0_0_0_0_0_0_1_0_0_0_0_1_1_0,1,0.010320000000000001,0.00019252705437591554,0.1130952380952381,244.1517352049135
1_1_1_1_1_1_1_0_1_1_1_1_0_0_0_0_0_1_0_0_1_0_0_1_1_1_1_1_1_1_1_1_1_1_1_0_1_1_1_1_0_0_1,1,0.008086666666666666,0.00016858891488535734,0.1488095238095238,271.0159653949391
0_0_0_1_0_0_0_1_0_0_0_0_1_0_1_1_0_0_0_0_1_0_0_1_1_0_0_1_0_1_1_1_1_0_0_1_1_1_1_0_0_0_0,1,0.007956666666666666,0.0002666249967442831,0.14285714285714285,249.87848601774897
0_0_0_0_0_0_0_1_0_0_0_0_1_0_1_1_0_0_0_0_1_1_0_1_1_0_0_1_0_1_1_1_1_0_0_1_1_1_1_0_0_0_0,1,0.007953333333333333,0.00016418147141366354,0.14285714285714285,272.15911675416976
1_1_1_1_1_1_1_0_1_1_1_1_0_1_0_0_1_1_1_1_0_0_1_0_0_1_1_0_1_0_0_0_0_1_1_0_0_0_0_1_1_1_1,1,0.00774,0.00012754084313139339,0.14285714285714285,272.62500974624953
0_0_0_0_0_0_0_1_0_0_0_0_1_1_1_1_1_0_1_1_0_1_1_0_0_0_0_0_0_0_0_0_0_0_0_1_0_0_0_0_1_1_0,1,0.007736666666666666,0.0001327487183449326,0.1488095238095238,275.4212566836787
1_1_1_0_1_1_1_0_1_1_1_1_0_0_0_0_0_1_0_0_1_1_0_1_1_1_1_1_1_1_1_1_1_1_1_0_1_1_1_1_0_0_1,1,0.0077333333333333325,0.0001562761089297473,0.1488095238095238,249.97757571178192
1_1_1_0_1_1_1_0_1_1_1_1_0_1_0_0_1_1_1_1_0_1_1_0_0_1_1_0_1_0_0_0_0_1_1_0_0_0_0_1_1_1_1,1,0.007613333333333333,0.00018979521127315696,0.14285714285714285,247.95765281644614
0_0_0_1_0_0_0_1_0_0_0_0_1_1_1_1_1_0_1_1_0_0_1_0_0_0_0_0_0_0_0_0_0_0_0_1_0_0_0_0_1_1_0,1,0.00734,6.976149845485448e-5,0.1488095238095238,247.27790863905747
1_1_1_1_1_1_1_0_1_1_1_1_0_1_0_0_0_1_1_1_0_0_1_0_0_1_1_0_1_0_0_0_0_1_1_0_0_0_0_1_1_1_1,1,0.005946666666666666,9.568466729604908e-5,0.14285714285714285,265.49173581659073
0_0_0_0_0_0_0_1_0_0_0_0_1_0_1_1_1_0_0_0_1_1_0_1_1_0_0_1_0_1_1_1_1_0_0_1_1_1_1_0_0_0_0,1,0.00587,0.000360647565729573,0.14285714285714285,270.334445346392
0_0_0_1_0_0_0_1_0_0_0_0_1_0_1_1_1_0_0_0_1_0_0_1_1_0_0_1_0_1_1_1_1_0_0_1_1_1_1_0_0_0_0,1,0.005713333333333333,0.000154560308258262,0.14285714285714285,244.22684666424416
0_0_0_0_0_0_0_1_0_0_0_0_1_1_1_1_0_0_1_1_0_1_1_0_0_0_0_0_0_0_0_0_0_0_0_1_0_0_0_0_1_1_0,1,0.0056833333333333345,0.00018372685039360923,0.1488095238095238,266.7565927475129
1_1_1_1_1_1_1_0_1_1_1_1_0_0_0_0_1_1_0_0_1_0_0_1_1_1_1_1_1_1_1_1_1_1_1_0_1_1_1_1_0_0_1,1,0.005586666666666666,7.586537784494028e-5,0.1488095238095238,272.40443942265944
1_1_1_0_1_1_1_0_1_1_1_1_0_1_0_0_0_1_1_1_0_1_1_0_0_1_1_0_1_0_0_0_0_1_1_0_0_0_0_1_1_1_1,1,0.00552,0.0003797367509209506,0.14285714285714285,243.42581528862365
0_0_0_1_0_0_0_1_0_0_0_0_1_1_1_1_0_0_1_1_0_0_1_0_0_0_0_0_0_0_0_0_0_0_0_1_0_0_0_0_1_1_0,1,0.0055000000000000005,0.00010708252269472664,0.1488095238095238,246.23690402236073
1_0_1_1_0_0_0_1_0_0_0_0_1_0_1_1_0_0_0_0_1_0_1_1_0_0_0_0_1_1_1_1_1_0_0_1_1_1_1_0_0_0_0,1,0.00547,9.41629792788368e-5,0.125,229.3504768441227
1_1_1_0_1_1_1_0_1_1_1_1_0_0_0_0_1_1_0_0_1_1_0_1_1_1_1_1_1_1_1_1_1_1_1_0_1_1_1_1_0_0_1,1,0.005323333333333333,0.00022866763848189984,0.1488095238095238,249.325394343687
1_0_1_0_0_0_0_1_0_0_0_0_1_0_1_1_0_0_0_0_1_1_1_1_0_0_0_0_1_1_1_1_1_0_0_1_1_1_1_0_0_0_0,1,0.0052766666666666665,0.00019154343864744852,0.125,240.06253688353686
0_1_0_0_1_1_1_0_1_1_1_1_0_1_0_0_1_1_1_1_0_1_0_0_1_1_1_1_0_0_0_0_0_1_1_0_0_0_0_1_1_1_1,1,0.005153333333333333,0.00015107025591499569,0.125,229.73316180368883
0_1_0_1_1_1_1_0_1_1_1_1_0_1_0_0_1_1_1_1_0_0_0_0_1_1_1_1_0_0_0_0_0_1_1_0_0_0_0_1_1_1_1,1,0.005076666666666667,0.00018372685039360888,0.125,239.80835121489994
0_0_0_0_0_0_0_1_1_0_0_0_0_0_0_1_1_0_1_1_1_1_0_1_1_0_0_1_0_1_1_1_1_1_0_0_1_1_1_0_0_0_0,1,0.004803333333333333,0.00012657891697365032,0.20833333333333334,312.86402329749103
0_1_0_0_1_1_1_0_1_1_1_1_0_0_0_0_0_1_0_0_1_1_1_1_0_1_1_0_0_1_1_1_1_1_1_0_1_1_1_1_0_0_1,1,0.00469,0.00016391054470859002,0.13095238095238096,230.76680051987486
1_1_1_1_1_1_1_0_0_1_1_1_1_1_1_0_0_1_0_0_0_0_1_0_0_1_1_0_1_0_0_0_0_0_1_1_0_0_0_1_1_1_1,1,0.00468,0.0001451436070471817,0.20833333333333334,306.5740435046859
1_0_1_1_0_0_0_1_0_0_0_0_1_1_1_1_1_0_1_1_0_0_0_0_1_0_0_1_1_0_0_0_0_0_0_1_0_0_0_0_1_1_0,1,0.00467,0.0001283225103661342,0.13095238095238096,229.79665515312146
0_0_0_0_0_0_0_1_1_0_0_0_0_1_0_1_0_0_0_0_0_1_1_0_0_0_0_0_0_0_0_0_0_1_0_0_0_0_0_0_1_1_0,1,0.0045000000000000005,8.64098759787713e-5,0.21428571428571427,308.19226230469735
1_1_1_1_1_1_1_0_0_1_1_1_1_0_1_0_1_1_1_1_1_0_0_1_1_1_1_1_1_1_1_1_1_0_1_1_1_1_1_1_0_0_1,1,0.00437,3.741657386773967e-5,0.21428571428571427,308.07980851481244
0_1_0_1_1_1_1_0_1_1_1_1_0_0_0_0_0_1_0_0_1_0_1_1_0_1_1_0_0_1_1_1_1_1_1_0_1_1_1_1_0_0_1,1,0.0043033333333333335,0.0002007209228976613,0.13095238095238096,240.95300641347146
1_0_1_0_0_0_0_1_0_0_0_0_1_1_1_1_1_0_1_1_0_1_0_0_1_0_0_1_1_0_0_0_0_0_0_1_0_0_0_0_1_1_0,1,0.004206666666666667,4.642796092394733e-5,0.13095238095238096,244.44225622408942
0_0_0_1_0_0_0_1_1_0_0_0_1_0_1_1_1_0_1_1_1_0_0_1_1_0_0_1_0_1_1_1_1_0_0_0_1_1_1_0_0_0_1,1,0.00382,0.00013490737563232042,0.17857142857142858,249.3656712452183
1_1_1_0_1_1_1_0_0_1_1_1_0_1_0_0_0_1_0_0_0_1_1_0_0_1_1_0_1_0_0_0_0_1_1_1_0_0_0_1_1_1_0,1,0.00369,0.00019200694431886222,0.17857142857142858,252.73555254455877
0_0_0_1_0_0_0_1_1_0_0_0_1_1_1_1_0_0_0_0_0_0_1_0_0_0_0_0_0_0_0_0_0_0_0_0_0_0_0_0_1_1_1,1,0.0034666666666666665,0.0001396026106091462,0.18452380952380953,256.57738738766915
1_1_1_0_1_1_1_0_0_1_1_1_0_0_0_0_1_1_1_1_1_1_0_1_1_1_1_1_1_1_1_1_1_1_1_1_1_1_1_1_0_0_0,1,0.003446666666666667,9.428090415820618e-5,0.18452380952380953,261.5059557259815
0_1_0_0_1_1_1_0_1_1_1_1_0_1_0_0_1_1_1_1_0_1_1_0_0_1_1_0_0_0_0_0_0_1_1_0_0_0_0_1_1_1_1,1,0.0032999999999999995,0.0001745470328211474,0.125,220.67436248510228
1_0_1_1_0_0_0_1_0_0_0_0_1_0_1_1_0_0_0_0_1_0_0_1_1_0_0_1_1_1_1_1_1_0_0_1_1_1_1_0_0_0_0,1,0.003246666666666667,1.6996731711975994e-5,0.125,225.6629708294308
0_1_0_1_1_1_1_0_1_1_1_1_0_1_0_0_1_1_1_1_0_0_1_0_0_1_1_0_0_0_0_0_0_1_1_0_0_0_0_1_1_1_1,1,0.0031366666666666665,2.8674417556808832e-5,0.125,233.94387640792937
1_0_1_0_0_0_0_1_0_0_0_0_1_0_1_1_0_0_0_0_1_1_0_1_1_0_0_1_1_1_1_1_1_0_0_1_1_1_1_0_0_0_0,1,0.0030266666666666667,0.0002923848301278451,0.125,235.81418683220406
1_0_1_1_0_0_0_1_0_0_0_0_1_1_1_1_1_0_1_1_0_0_1_0_0_0_0_0_1_0_0_0_0_0_0_1_0_0_0_0_1_1_0,1,0.003023333333333333,0.00011440668201153671,0.13095238095238096,226.74697585792333
1_0_1_0_0_0_0_1_0_0_0_0_1_1_1_1_1_0_1_1_0_1_1_0_0_0_0_0_1_0_0_0_0_0_0_1_0_0_0_0_1_1_0,1,0.003023333333333333,0.00024526629518862876,0.13095238095238096,233.18752683351258
0_1_0_0_1_1_1_0_1_1_1_1_0_0_0_0_0_1_0_0_1_1_0_1_1_1_1_1_0_1_1_1_1_1_1_0_1_1_1_1_0_0_1,1,0.00302,0.0001275408431313934,0.13095238095238096,217.5274360885907
1_0_1_0_0_0_0_1_0_1_0_0_1_1_1_1_0_0_0_0_0_0_1_0_0_0_0_0_1_0_0_0_0_0_0_1_0_0_0_1_1_1_0,1,0.0027633333333333334,4.784233364802441e-5,0.16071428571428573,231.8421961456941
1_1_1_1_1_1_1_0_1_0_1_1_0_0_0_0_1_1_1_1_1_1_0_1_1_1_1_1_1_1_1_1_1_1_1_0_1_1_1_1_0_0_1,1,0.0027433333333333333,1.8856180831641318e-5,0.17261904761904762,231.80024948978016
0_1_0_1_1_1_1_0_1_1_1_1_0_0_0_0_0_1_0_0_1_0_0_1_1_1_1_1_0_1_1_1_1_1_1_0_1_1_1_1_0_0_1,1,0.0027366666666666663,0.00016418147141366337,0.13095238095238096,239.04558145752466
0_1_0_1_1_1_1_0_1_0_1_1_0_0_0_0_1_1_1_1_1_1_0_1_1_1_1_1_0_1_1_1_1_1_1_0_1_1_1_0_0_0_1,1,0.0027133333333333332,3.2998316455372105e-5,0.16071428571428573,225.93035576387766
1_1_1_1_1_1_1_0_1_0_1_1_0_1_0_0_0_1_0_0_0_1_1_0_0_1_1_0_1_0_0_0_0_1_1_0_0_0_0_1_1_1_1,1,0.002676666666666666,0.00010143416036468632,0.17857142857142858,236.94935547319994
0_0_0_0_0_0_0_1_0_1_0_0_1_0_1_1_1_0_1_1_1_0_0_1_1_0_0_1_0_1_1_1_1_0_0_1_1_1_1_0_0_0_0,1,0.0026333333333333334,6.12825877028341e-5,0.17857142857142858,234.94277231121885
1_0_1_1_0_0_0_1_0_0_0_0_1_0_1_1_1_0_0_0_1_0_0_1_1_0_0_1_1_1_1_1_1_0_0_1_1_1_1_0_0_0_0,1,0.0026233333333333334,8.730533902472533e-5,0.125,220.6896239989643
0_1_0_1_1_1_1_0_1_0_1_1_0_1_0_0_0_1_0_0_0_1_1_0_0_1_1_0_0_0_0_0_0_1_1_0_0_0_0_0_1_1_1,1,0.0026233333333333334,0.0002007209228976613,0.16666666666666666,234.2812019454279
0_0_0_0_0_0_0_1_0_1_0_0_1_1_1_1_0_0_0_0_0_0_1_0_0_0_0_0_0_0_0_0_0_0_0_1_0_0_0_0_1_1_0,1,0.0026199999999999995,0.0002060744202143164,0.17261904761904762,235.34374706803672
1_1_1_1_1_1_1_0_1_0_1_1_0_0_0_0_1_1_1_1_1_0_0_1_1_1_1_1_1_1_1_1_1_1_1_0_1_1_1_1_0_0_1,1,0.0025466666666666663,0.00016858891488535726,0.16666666666666666,226.8171357762436
1_0_1_0_0_0_0_1_0_1_0_0_1_0_1_1_1_0_1_1_1_0_0_1_1_0_0_1_1_1_1_1_1_0_0_1_1_1_1_1_0_0_0,1,0.0025233333333333336,0.00011897712198383156,0.16666666666666666,231.503964161832
0_0_0_0_0_0_0_1_0_1_0_0_1_0_1_1_1_0_1_1_1_1_0_1_1_0_0_1_0_1_1_1_1_0_0_1_1_1_1_0_0_0_0,1,0.0025233333333333336,0.00011671427600007741,0.17261904761904762,230.7670482926732
0_1_0_0_1_1_1_0_1_1_1_1_0_1_0_0_0_1_1_1_0_1_1_0_0_1_1_0_0_0_0_0_0_1_1_0_0_0_0_1_1_1_1,1,0.0024966666666666666,0.00015282524515130208,0.125,213.66985773793863
0_0_0_0_0_0_0_1_0_1_0_0_1_1_1_1_0_0_0_0_0_1_1_0_0_0_0_0_0_0_0_0_0_0_0_1_0_0_0_0_1_1_0,1,0.002473333333333333,4.714045207910329e-5,0.16666666666666666,228.55288068499635
1_1_1_1_1_1_1_0_1_0_1_1_0_1_0_0_0_1_0_0_0_0_1_0_0_1_1_0_1_0_0_0_0_1_1_0_0_0_0_1_1_1_1,1,0.002436666666666667,5.906681715556454e-5,0.17261904761904762,229.98763033804872
1_0_1_0_0_0_0_1_0_0_0_0_1_0_1_1_1_0_0_0_1_1_0_1_1_0_0_1_1_1_1_1_1_0_0_1_1_1_1_0_0_0_0,1,0.0023833333333333332,4.4969125210773386e-5,0.125,232.34201856754828
1_0_1_1_0_0_0_1_0_0_0_0_1_1_1_1_0_0_1_1_0_0_1_0_0_0_0_0_1_0_0_0_0_0_0_1_0_0_0_0_1_1_0,1,0.00226,0.0001283225103661344,0.13095238095238096,219.9647343928831
0_1_0_1_1_1_1_0_1_1_1_1_0_1_0_0_0_1_1_1_0_0_1_0_0_1_1_0_0_0_0_0_0_1_1_0_0_0_0_1_1_1_1,1,0.0022366666666666663,4.0276819911981806e-5,0.125,233.08071935246548
0_0_0_0_0_0_0_1_1_0_0_0_1_0_1_1_1_0_1_1_1_1_0_1_1_0_0_1_0_1_1_1_1_0_0_0_1_1_1_0_0_0_0,1,0.0022333333333333333,0.00013912424503139472,0.19047619047619047,261.51170654688605
0_1_0_0_1_1_1_0_1_1_1_1_0_0_0_0_1_1_0_0_1_1_0_1_1_1_1_1_0_1_1_1_1_1_1_0_1_1_1_1_0_0_1,1,0.0022233333333333337,5.792715732327585e-5,0.13095238095238096,218.17349285806236
0_0_0_0_0_0_0_1_1_0_0_0_0_0_0_1_0_0_0_0_1_1_1_1_0_0_0_0_0_1_1_1_1_1_0_0_1_1_1_0_0_0_0,1,0.0022,0.00011343133018115713,0.2261904761904762,302.71525287963624
0_1_0_1_1_1_1_0_1_0_1_1_0_0_0_0_1_1_1_1_1_1_0_1_1_1_1_1_0_1_1_1_1_1_1_0_1_1_1_1_0_0_1,1,0.0021366666666666665,7.845734863959866e-5,0.14285714285714285,233.95609126071045
1_0_1_0_0_0_0_1_0_1_0_0_1_1_1_1_0_0_0_0_0_0_1_0_0_0_0_0_1_0_0_0_0_0_0_1_0_0_0_0_1_1_0,1,0.0021,4.320493798938565e-5,0.14285714285714285,230.98826675794635
1_0_1_0_0_0_0_1_0_1_0_0_1_0_1_1_1_0_1_1_1_0_0_1_1_0_0_1_1_1_1_1_1_0_0_1_1_1_1_0_0_0_0,1,0.002093333333333333,0.00010208928554075711,0.1488095238095238,227.8022602788833
0_1_0_1_1_1_1_0_1_0_1_1_0_1_0_0_0_1_0_0_0_1_1_0_0_1_1_0_0_0_0_0_0_1_1_0_0_0_0_1_1_1_1,1,0.0020666666666666667,5.3124591501697376e-5,0.1488095238095238,229.35199927422832
0_1_0_1_1_1_1_0_1_1_1_1_0_0_0_0_1_1_0_0_1_0_0_1_1_1_1_1_0_1_1_1_1_1_1_0_1_1_1_1_0_0_1,1,0.0020599999999999998,5.715476066494077e-5,0.13095238095238096,234.17687356230218
1_1_1_1_1_1_1_0_0_1_1_1_0_1_0_0_0_1_0_0_0_0_1_0_0_1_1_0_1_0_0_0_0_1_1_1_0_0_0_1_1_1_1,1,0.0020566666666666667,0.00022983085567917597,0.19047619047619047,265.6488203266788
1_0_1_0_0_0_0_1_0_1_0_0_1_0_1_1_1_0_1_1_1_1_0_1_1_0_0_1_1_1_1_1_1_0_0_1_1_1_1_0_0_0_0,1,0.0019666666666666665,0.000213124898175277,0.14285714285714285,211.69648257190622
1_1_1_1_1_1_1_0_0_1_1_1_1_1_1_0_1_1_1_1_0_0_0_0_1_1_1_1_1_0_0_0_0_0_1_1_0_0_0_1_1_1_1,1,0.0019666666666666665,0.0001376791761870892,0.2261904761904762,301.929643929644
1_0_1_0_0_0_0_1_0_0_0_0_1_1_1_1_0_0_1_1_0_1_1_0_0_0_0_0_1_0_0_0_0_0_0_1_0_0_0_0_1_1_0,1,0.0019366666666666666,0.0001040299102288483,0.13095238095238096,231.7341418220034
0_1_0_1_1_1_1_0_1_0_1_1_0_0_0_0_1_1_1_1_1_0_0_1_1_1_1_1_0_1_1_1_1_1_1_0_1_1_1_1_0_0_1,1,0.0018766666666666669,4.109609335312653e-5,0.13690476190476192,212.53628717007032
0_1_0_1_1_0_1_0_1_0_1_1_0_0_0_0_1_1_1_1_1_1_0_1_1_1_1_1_0_1_1_1_1_1_1_0_1_1_1_0_0_0_1,1,0.0018733333333333334,2.8674417556808747e-5,0.17261904761904762,227.18898624574095
1_1_1_1_1_1_1_0_0_1_1_1_0_0_0_0_1_1_1_1_1_0_0_1_1_1_1_1_1_1_1_1_1_1_1_1_1_1_1_1_0_0_1,1,0.0018599999999999999,5.354126134736341e-5,0.19642857142857142,260.99504897396577
1_0_1_0_0_1_0_1_0_1_0_0_1_1_1_1_0_0_0_0_0_0_1_0_0_0_0_0_1_0_0_0_0_0_0_1_0_0_0_1_1_1_0,1,0.0018566666666666664,0.00020949675149960892,0.17261904761904762,229.63104444781197
0_1_0_1_1_1_1_0_1_0_1_1_0_1_0_0_0_1_0_0_0_0_1_0_0_1_1_0_0_0_0_0_0_1_1_0_0_0_0_1_1_1_1,1,0.0018533333333333334,9.104333522498438e-5,0.14285714285714285,215.25847323628014
1_0_1_0_0_0_0_1_0_1_0_0_1_1_1_1_0_0_0_0_0_1_1_0_0_0_0_0_1_0_0_0_0_0_0_1_0_0_0_0_1_1_0,1,0.0018333333333333333,7.03957069398096e-5,0.13690476190476192,211.04768642988537
1_1_1_1_1_1_1_0_0_1_1_1_1_0_1_0_0_1_0_0_1_0_1_1_0_1_1_0_1_1_1_1_1_0_1_1_1_1_1_1_0_0_1,1,0.00183,0.000139522996909709,0.23214285714285715,308.9897289613072
0_0_0_0_0_0_0_1_1_0_0_0_0_1_0_1_1_0_1_1_0_1_0_0_1_0_0_1_0_0_0_0_0_1_0_0_0_0_0_0_1_1_0,1,0.0018233333333333333,8.178562764256869e-5,0.23214285714285715,304.4275201741009
1_1_1_1_1_1_1_0_0_1_1_1_0_1_0_0_0_1_0_0_0_1_1_0_0_1_1_0_1_0_0_0_0_1_1_1_0_0_0_1_1_1_1,1,0.0018000000000000002,0.0001485485330343813,0.19642857142857142,272.6456105595702
0_0_0_0_0_0_0_1_1_0_0_0_1_1_1_1_0_0_0_0_0_1_1_0_0_0_0_0_0_0_0_0_0_0_0_0_0_0_0_0_1_1_0,1,0.0017766666666666666,0.00023456816114345578,0.19642857142857142,260.4140498148469
0_0_0_0_0_0_0_1_1_0_0_0_1_0_1_1_1_0_1_1_1_0_0_1_1_0_0_1_0_1_1_1_1_0_0_0_1_1_1_0_0_0_0,1,0.00175,0.00010677078252031308,0.19642857142857142,269.8827611911364
1_0_1_0_0_1_0_1_0_1_0_0_1_0_1_1_1_0_1_1_1_0_0_1_1_0_0_1_1_1_1_1_1_0_0_1_1_1_1_1_0_0_0,1,0.0017166666666666667,7.03957069398096e-5,0.17857142857142858,231.67687352531632
0_0_0_1_0_1_1_1_1_0_1_0_1_0_1_1_1_1_1_1_1_0_0_1_1_1_1_1_0_1_1_1_1_0_0_0_1_1_1_0_0_0_1,1,0.0017033333333333334,0.00012283683848458854,0.21428571428571427,252.91924310298404
1_1_1_0_1_1_1_0_0_1_1_1_0_1_0_0_1_1_1_1_0_1_0_0_1_1_1_1_1_0_0_0_0_1_1_1_0_0_0_1_1_1_0,1,0.0016700000000000003,5.0990195135927814e-5,0.19642857142857142,246.9938190908674
0_0_0_1_0_0_0_1_1_0_0_0_1_0_1_1_0_0_0_0_1_0_1_1_0_0_0_0_0_1_1_1_1_0_0_0_1_1_1_0_0_0_1,1,0.00166,0.00017281975195754292,0.19642857142857142,254.64145912907452
1_1_1_0_1_0_0_0_0_1_0_1_0_1_0_0_0_0_0_0_0_1_1_0_0_0_0_0_1_0_0_0_0_1_1_1_0_0_0_1_1_1_0,1,0.00162,0.0002060744202143164,0.21428571428571427,251.05404605389427
0_0_0_0_0_0_0_1_0_0_0_1_1_0_1_1_1_0_1_1_1_0_0_1_1_0_0_1_0_1_1_1_1_0_0_1_1_1_1_0_0_0_0,1,0.0016133333333333332,0.00012552113589175148,0.19642857142857142,247.79789832917956
0_0_0_1_0_1_1_1_1_0_1_0_1_1_1_1_0_1_0_0_0_0_1_0_0_1_1_0_0_0_0_0_0_0_0_0_0_0_0_0_1_1_1,1,0.0016066666666666666,3.299831645537221e-5,0.22023809523809523,256.2031501318922
0_0_0_1_0_0_0_1_1_0_0_0_1_1_1_1_1_0_1_1_0_0_0_0_1_0_0_1_0_0_0_0_0_0_0_0_0_0_0_0_1_1_1,1,0.0016033333333333333,6.34209919681349e-5,0.20238095238095238,249.83612946611973
1_1_1_0_1_0_0_0_0_1_0_1_0_0_0_0_1_0_1_1_1_1_0_1_1_0_0_1_1_1_1_1_1_1_1_1_1_1_1_1_0_0_0,1,0.0015966666666666666,3.299831645537221e-5,0.22023809523809523,247.89026946873244
1_1_1_1_1_1_1_0_0_1_1_1_0_0_0_0_1_1_1_1_1_1_0_1_1_1_1_1_1_1_1_1_1_1_1_1_1_1_1_1_0_0_1,1,0.0015866666666666668,1.6996731711975994e-5,0.20238095238095238,268.7062086261438
0_0_0_0_0_0_0_1_1_0_0_0_1_1_1_1_0_0_0_0_0_0_1_0_0_0_0_0_0_0_0_0_0_0_0_0_0_0_0_0_1_1_0,1,0.00158,2.1602468994692922e-5,0.20238095238095238,271.2102375762027
1_0_1_0_0_0_0_1_0_1_0_0_1_1_1_1_0_0_0_0_0_1_1_0_0_0_0_0_1_0_0_0_0_0_0_1_0_0_0_1_1_1_0,1,0.0015766666666666665,8.219218670625307e-5,0.15476190476190477,220.69615614106146
1_1_1_1_1_1_1_0_1_1_1_0_0_1_0_0_0_1_0_0_0_1_1_0_0_1_1_0_1_0_0_0_0_1_1_0_0_0_0_1_1_1_1,1,0.0015633333333333332,6.84754619472471e-5,0.19642857142857142,252.62613017423473
0_1_0_1_1_0_1_0_1_0_1_1_0_1_0_0_0_1_0_0_0_1_1_0_0_1_1_0_0_0_0_0_0_1_1_0_0_0_0_0_1_1_1,1,0.0015333333333333334,0.00013888444437333105,0.17857142857142858,228.2958175987532
1_1_1_0_1_1_1_0_0_1_1_1_0_0_0_0_0_1_0_0_1_1_1_1_0_1_1_0_1_1_1_1_1_1_1_1_1_1_1_1_0_0_0,1,0.0014866666666666667,4.7140452079103295e-6,0.20238095238095238,254.63525606143057
0_0_0_0_0_0_0_1_0_0_0_1_1_1_1_1_0_0_0_0_0_0_1_0_0_0_0_0_0_0_0_0_0_0_0_1_0_0_0_0_1_1_0,1,0.0014799999999999998,0.0002060744202143164,0.20238095238095238,266.007506790595
0_1_0_1_1_1_1_0_1_0_1_1_0_0_0_0_1_1_1_1_1_0_0_1_1_1_1_1_0_1_1_1_1_1_1_0_1_1_1_0_0_0_1,1,0.0014600000000000001,0.00017378147196982766,0.15476190476190477,214.3585532827648
1_0_1_1_1_1_1_0_1_1_1_0_1_0_1_1_1_1_1_1_1_0_0_1_1_1_1_1_1_1_1_1_1_0_1_0_1_1_1_0_0_0_1,1,0.0014566666666666669,0.00017820088539498215,0.22023809523809523,369.37297565822155
0_1_0_0_0_0_0_1_0_0_0_1_0_0_0_0_1_0_1_1_1_1_0_1_1_0_0_1_0_1_1_1_1_1_0_1_1_1_1_1_0_0_0,1,0.0014366666666666668,9.392668535736912e-5,0.21428571428571427,365.0533832953188
0_1_0_0_0_0_0_1_0_0_0_1_0_1_0_0_0_0_0_0_0_1_1_0_0_0_0_0_0_0_0_0_0_1_0_1_0_0_0_1_1_1_0,1,0.0013966666666666665,9.177266598624143e-5,0.22023809523809523,363.08948993764596
1_0_1_0_0_0_0_1_0_1_0_0_1_0_1_1_1_0_1_1_1_1_0_1_1_0_0_1_1_1_1_1_1_0_0_1_1_1_1_1_0_0_0,1,0.0013466666666666668,0.0001291854825005074,0.16071428571428573,216.5724892004157
1_0_1_1_1_1_1_0_1_1_1_0_1_1_1_1_0_1_0_0_0_0_1_0_0_1_1_0_1_0_0_0_0_0_1_0_0_0_0_0_1_1_1,1,0.0013466666666666668,5.557777333511017e-5,0.21428571428571427,375.33628916823346
0_1_0_1_1_1_1_0_1_0_1_1_0_1_0_0_0_1_0_0_0_0_1_0_0_1_1_0_0_0_0_0_0_1_1_0_0_0_0_0_1_1_1,1,0.00134,0.00015895492023421814,0.16071428571428573,223.5787523165939
1_1_1_1_1_1_1_0_1_1_1_0_0_0_0_0_1_1_1_1_1_1_0_1_1_1_1_1_1_1_1_1_1_1_1_0_1_1_1_1_0_0_1,1,0.0013099999999999997,2.1602468994692922e-5,0.20238095238095238,255.63919519872312
0_0_0_0_0_0_0_1_1_0_0_0_0_0_0_1_0_0_0_0_1_1_0_1_1_0_0_1_0_1_1_1_1_1_0_0_1_1_1_0_0_0_0,1,0.0012766666666666666,0.0001327487183449325,0.2261904761904762,304.1080561555779
0_0_0_0_0_0_0_1_1_0_0_0_0_1_0_1_1_0_1_1_0_1_1_0_0_0_0_0_0_0_0_0_0_1_0_0_0_0_0_0_1_1_0,1,0.0012566666666666666,3.7712361663282534e-5,0.23214285714285715,305.3915058234552
0_0_0_0_0_0_0_1_0_1_0_0_1_0_1_1_0_0_0_0_1_0_1_1_0_0_0_0_0_1_1_1_1_0_0_1_1_1_1_0_0_0_0,1,0.0012433333333333333,2.624669291337277e-5,0.19642857142857142,230.07551840374958
1_1_1_1_1_1_1_0_0_1_1_1_1_1_1_0_1_1_1_1_0_0_1_0_0_1_1_0_1_0_0_0_0_0_1_1_0_0_0_1_1_1_1,1,0.00124,6.97614984548545e-5,0.2261904761904762,304.1210662625164
1_0_1_0_0_0_0_1_0_0_0_1_1_0_1_1_1_0_1_1_1_0_0_1_1_0_0_1_1_1_1_1_1_0_0_1_1_1_1_0_0_0_0,1,0.00124,0.0001489966442575134,0.17857142857142858,253.07912485382505
0_0_0_0_0_0_0_1_0_1_0_0_1_1_1_1_1_0_1_1_0_0_0_0_1_0_0_1_0_0_0_0_0_0_0_1_0_0_0_0_1_1_0,1,0.0011933333333333334,8.730533902472533e-5,0.19047619047619047,233.2010047965188
1_1_1_1_1_1_1_0_0_1_1_1_1_0_1_0_0_1_0_0_1_0_0_1_1_1_1_1_1_1_1_1_1_0_1_1_1_1_1_1_0_0_1,1,0.0011933333333333334,3.7712361663282534e-5,0.23214285714285715,295.85178793979486
0_1_0_1_1_1_1_0_1_1_1_0_0_1_0_0_0_1_0_0_0_1_1_0_0_1_1_0_0_0_0_0_0_1_1_0_0_0_0_1_1_1_1,1,0.0011933333333333334,0.00014383632673594271,0.17857142857142858,246.43767009533155
1_0_1_0_0_0_0_1_0_1_0_0_1_0_1_1_1_0_1_1_1_1_0_1_1_0_0_1_1_1_1_1_1_1_0_1_1_1_1_1_0_0_0,1,0.0011866666666666666,0.0001040299102288483,0.17857142857142858,217.97930749040984
0_1_0_1_1_1_1_0_1_0_1_1_0_0_0_0_0_1_0_0_1_1_1_1_0_1_1_0_0_1_1_1_1_1_1_0_1_1_1_0_0_0_1,1,0.0011733333333333333,4.1899350299921794e-5,0.17857142857142858,226.9159031535387
0_0_0_0_0_0_0_1_0_0_0_1_1_0_1_1_1_0_1_1_1_1_0_1_1_0_0_1_0_1_1_1_1_0_0_1_1_1_1_0_0_0_0,1,0.0011733333333333333,3.7712361663282534e-5,0.19047619047619047,232.48015873015876
1_1_1_1_1_1_1_0_1_0_1_1_0_0_0_0_0_1_0_0_1_1_1_1_0_1_1_0_1_1_1_1_1_1_1_0_1_1_1_1_0_0_1,1,0.0011633333333333333,2.494438257849301e-5,0.19047619047619047,231.8169527851985
1_1_1_1_1_1_1_0_1_1_1_0_0_1_0_0_0_1_0_0_0_0_1_0_0_1_1_0_1_0_0_0_0_1_1_0_0_0_0_1_1_1_1,1,0.0011600000000000002,0.00010614455552060435,0.19047619047619047,245.96666389993416
1_1_1_1_1_1_1_0_1_0_1_1_0_1_0_0_1_1_1_1_0_1_0_0_1_1_1_1_1_0_0_0_0_1_1_0_0_0_0_1_1_1_1,1,0.00116,4.320493798938575e-5,0.19642857142857142,228.40450682717724
1_1_1_1_1_1_1_0_1_0_1_1_0_0_0_0_0_1_0_0_1_0_1_1_0_1_1_0_1_1_1_1_1_1_1_0_1_1_1_1_0_0_1,1,0.00116,2.943920288775957e-5,0.18452380952380953,222.04198987287222
1_0_1_0_0_0_0_1_0_1_0_0_1_1_1_1_0_0_0_0_0_1_1_0_0_0_0_0_1_0_0_0_0_1_0_1_0_0_0_1_1_1_0,1,0.0011400000000000002,4.966554808583773e-5,0.17261904761904762,210.31432258704987
1_0_1_0_0_0_0_1_0_1_0_0_1_1_1_1_1_0_1_1_0_0_0_0_1_0_0_1_1_0_0_0_0_0_0_1_0_0_0_1_1_1_0,1,0.0011200000000000001,7.118052168020872e-5,0.17857142857142858,216.0466779737416
0_0_0_1_0_1_1_1_1_0_1_0_1_0_1_0_1_1_1_1_1_1_0_1_1_1_1_1_0_1_1_1_1_1_0_0_1_1_1_0_0_0_1,1,0.0011166666666666668,3.8586123009300757e-5,0.21428571428571427,249.24704308037644
0_0_0_0_0_0_0_1_0_1_0_0_1_1_1_1_1_0_1_1_0_1_0_0_1_0_0_1_0_0_0_0_0_0_0_1_0_0_0_0_1_1_0,1,0.00111,4.5460605656619544e-5,0.18452380952380953,224.88512588943627
0_1_0_1_1_1_1_0_1_0_1_1_0_1_0_0_1_1_1_1_0_1_0_0_1_1_1_1_0_0_0_0_0_1_1_0_0_0_0_0_1_1_1,1,0.0011099999999999999,9.93310961716756e-5,0.18452380952380953,226.71774387424873
1_1_1_1_1_1_1_0_1_0_1_1_0_1_0_0_1_1_1_1_0_0_0_0_1_1_1_1_1_0_0_0_0_1_1_0_0_0_0_1_1_1_1,1,0.0011066666666666666,6.236095644623243e-5,0.19047619047619047,221.84922875289848
0_1_0_1_1_1_1_0_1_1_1_0_0_0_0_0_1_1_1_1_1_1_0_1_1_1_1_1_0_1_1_1_1_1_1_0_1_1_1_1_0_0_1,1,0.0011033333333333336,0.00011440668201153679,0.18452380952380953,246.68626970513765
0_1_0_1_1_1_1_0_1_0_1_1_0_0_0_0_1_1_1_1_1_0_0_1_1_1_1_1_0_1_1_1_1_0_1_0_1_1_1_0_0_0_1,1,0.00109,3.559026084010437e-5,0.17261904761904762,220.09946470243085
0_0_0_1_0_0_0_1_1_0_0_0_1_0_1_1_0_0_0_0_1_0_0_1_1_0_0_1_0_1_1_1_1_0_0_0_1_1_1_0_0_0_1,1,0.00108,0.00013366625103842277,0.19642857142857142,234.0885267586087
0_0_0_0_0_0_0_1_0_1_0_0_1_0_1_1_0_0_0_0_1_1_1_1_0_0_0_0_0_1_1_1_1_0_0_1_1_1_1_0_0_0_0,1,0.0010766666666666667,9.463379711052255e-5,0.19047619047619047,227.8708799222168
1_1_1_0_1_1_1_0_0_1_1_1_0_1_0_0_1_1_1_1_0_1_1_0_0_1_1_0_1_0_0_0_0_1_1_1_0_0_0_1_1_1_0,1,0.0010766666666666665,4.921607686744462e-5,0.19642857142857142,249.82308253683502
1_0_1_0_0_0_0_1_0_1_0_0_1_0_1_1_0_0_0_0_1_0_1_1_0_0_0_0_1_1_1_1_1_0_0_1_1_1_1_1_0_0_0,1,0.0010733333333333333,9.392668535736916e-5,0.18452380952380953,217.811968245242
1_1_1_1_1_1_1_0_1_1_1_0_0_0_0_0_1_1_1_1_1_0_0_1_1_1_1_1_1_1_1_1_1_1_1_0_1_1_1_1_0_0_1,1,0.00107,7.483314773547886e-5,0.19642857142857142,243.3639693639694
0_0_0_0_0_0_0_1_0_0_0_1_1_1_1_1_0_0_0_0_0_1_1_0_0_0_0_0_0_0_0_0_0_0_0_1_0_0_0_0_1_1_0,1,0.0010666666666666665,6.342099196813483e-5,0.19642857142857142,234.52698802992822
1_0_1_0_0_0_0_1_0_0_0_1_1_1_1_1_0_0_0_0_0_0_1_0_0_0_0_0_1_0_0_0_0_0_0_1_0_0_0_0_1_1_0,1,0.0010633333333333334,8.993825042154698e-5,0.18452380952380953,255.36318617856182
0_1_0_1_1_1_1_0_1_0_1_1_0_1_0_0_0_1_0_0_0_0_1_0_0_1_1_0_0_0_0_0_0_0_1_0_0_0_0_0_1_1_1,1,0.0010166666666666668,4.9888765156985895e-5,0.17857142857142858,220.13474117195722
1_0_1_1_1_0_0_0_0_1_1_0_1_0_1_1_1_1_1_1_1_0_0_1_1_1_1_1_1_1_1_1_1_0_1_1_1_1_1_0_0_0_1,1,0.00101,9.2736184954957e-5,0.20833333333333334,328.66858847387283
1_0_1_0_0_1_0_1_0_1_0_0_1_0_1_1_1_0_1_1_1_1_0_1_1_0_0_1_1_1_1_1_1_1_0_1_1_1_1_1_0_0_0,1,0.0010033333333333333,0.00010077477638553981,0.19047619047619047,229.4257752054822
0_1_0_1_1_0_1_0_1_0_1_1_0_0_0_0_1_1_1_1_1_0_0_1_1_1_1_1_0_1_1_1_1_0_1_0_1_1_1_0_0_0_1,1,0.0009966666666666668,0.00015434449203720297,0.18452380952380953,218.06413627389995
0_0_0_1_0_1_1_1_1_0_1_0_1_1_1_0_0_1_0_0_0_1_1_0_0_1_1_0_0_0_0_0_0_1_0_0_0_0_0_0_1_1_1,1,0.00099,2.44948974278318e-5,0.22023809523809523,266.92470043572985
0_1_0_0_0_1_1_1_1_0_0_1_0_0_0_0_1_0_1_1_1_1_0_1_1_0_0_1_0_1_1_1_1_1_0_0_1_1_1_1_0_0_0,1,0.0009733333333333333,6.944222218666553e-5,0.20238095238095238,322.697038495408
1_1_1_0_1_1_1_0_0_1_1_1_0_0_0_0_0_1_0_0_1_1_0_1_1_1_1_1_1_1_1_1_1_1_1_1_1_1_1_1_0_0_0,1,0.0009733333333333333,8.806563209081939e-5,0.20238095238095238,248.91970121381885
0_1_0_1_1_1_1_0_1_1_1_0_0_1_0_0_0_1_0_0_0_0_1_0_0_1_1_0_0_0_0_0_0_1_1_0_0_0_0_1_1_1_1,1,0.0009699999999999999,5.354126134736333e-5,0.17261904761904762,245.9126984126984
1_0_1_0_0_0_0_1_0_1_0_0_1_1_1_1_1_0_1_1_0_0_0_0_1_0_0_1_1_0_0_0_0_0_0_1_0_0_0_0_1_1_0,1,0.0009633333333333334,8.013876853447544e-5,0.16071428571428573,233.1830065359477
0_1_0_1_1_1_1_0_1_0_1_1_0_0_0_0_0_1_0_0_1_1_1_1_0_1_1_0_0_1_1_1_1_1_1_0_1_1_1_1_0_0_1,1,0.00096,4.546060565661955e-5,0.16071428571428573,222.01476164014866
1_1_1_0_1_0_0_0_0_1_0_1_0_1_0_1_0_0_0_0_0_0_1_0_0_0_0_0_1_0_0_0_0_0_1_1_0_0_0_1_1_1_0,1,0.0009566666666666665,9.741092797468305e-5,0.21428571428571427,237.80371705087956
1_0_1_0_0_0_0_1_0_1_0_0_1_0_1_1_0_0_0_0_1_0_1_1_0_0_0_0_1_1_1_1_1_0_0_1_1_1_1_0_0_0_0,1,0.0009533333333333334,0.00011145502331533665,0.16666666666666666,223.684375517404
1_1_1_0_1_0_0_0_0_1_0_1_0_0_0_1_1_0_1_1_1_0_0_1_1_0_0_1_1_1_1_1_1_0_1_1_1_1_1_1_0_0_0,1,0.0009466666666666667,3.8586123009300757e-5,0.22023809523809523,247.7093741384064
1_0_1_1_1_0_0_0_0_1_1_0_1_1_1_1_0_1_0_0_0_0_1_0_0_1_1_0_1_0_0_0_0_0_1_1_0_0_0_0_1_1_1,1,0.0009466666666666667,0.000114697670227235,0.20238095238095238,330.3333333333333
1_1_1_1_1_1_1_0_0_1_1_1_1_0_1_0_1_1_0_0_1_0_0_1_1_1_1_1_1_1_1_1_1_0_1_1_1_1_1_1_0_0_1,1,0.0009433333333333334,3.681787005729088e-5,0.23214285714285715,286.56014041120426
1_0_1_0_0_0_0_1_0_0_0_1_1_0_1_1_1_0_1_1_1_1_0_1_1_0_0_1_1_1_1_1_1_0_0_1_1_1_1_0_0_0_0,1,0.0009333333333333333,7.039570693980958e-5,0.17261904761904762,242.80117372639518
0_0_0_1_0_0_0_1_1_0_0_0_1_1_1_1_1_0_1_1_0_0_1_0_0_0_0_0_0_0_0_0_0_0_0_0_0_0_0_0_1_1_1,1,0.0009299999999999999,9.626352718795765e-5,0.20238095238095238,245.42190565195793
0_1_0_0_0_1_1_1_1_0_0_1_0_1_0_0_0_0_0_0_0_1_1_0_0_0_0_0_0_0_0_0_0_1_0_0_0_0_0_1_1_1_0,1,0.0009266666666666668,4.496912521077346e-5,0.20833333333333334,327.37623562587805
0_0_0_0_0_0_0_1_1_0_0_0_0_0_0_1_1_0_0_0_1_1_0_1_1_0_0_1_0_1_1_1_1_1_0_0_1_1_1_0_0_0_0,1,0.0009166666666666668,3.681787005729088e-5,0.2261904761904762,297.73779776778275
1_1_1_1_1_1_1_0_0_1_1_1_1_1_1_0_0_1_1_1_0_0_1_0_0_1_1_0_1_0_0_0_0_0_1_1_0_0_0_1_1_1_1,1,0.0009166666666666666,8.498365855987973e-5,0.2261904761904762,293.4372807017544
0_1_0_1_1_1_1_0_1_0_1_1_0_1_0_0_1_1_1_1_0_1_0_0_1_1_1_1_0_0_0_0_0_1_1_0_0_0_0_1_1_1_1,1,0.0009100000000000001,0.00010984838035522718,0.16666666666666666,220.5273892141979
1_0_1_0_0_1_0_1_0_1_0_0_1_1_1_1_0_0_0_0_0_1_1_0_0_0_0_0_1_0_0_0_0_1_0_1_0_0_0_1_1_1_0,1,0.0008900000000000001,4.242640687119286e-5,0.18452380952380953,218.6907384740922
1_0_1_0_0_0_0_1_0_0_0_1_1_1_1_1_0_0_0_0_0_1_1_0_0_0_0_0_1_0_0_0_0_0_0_1_0_0_0_0_1_1_0,1,0.0008899999999999998,2.8284271247461923e-5,0.17857142857142858,240.78991596638653
1_1_1_1_1_1_1_0_0_1_1_1_0_1_0_0_1_1_1_1_0_0_0_0_1_1_1_1_1_0_0_0_0_1_1_1_0_0_0_1_1_1_1,1,0.0008866666666666667,7.133644853010899e-5,0.20833333333333334,243.1566697191697
0_0_0_1_1_1_1_1_1_0_1_0_1_0_1_0_1_1_1_1_1_1_0_1_1_1_1_1_0_1_1_1_1_1_0_0_1_1_1_0_0_0_1,1,0.00088,8.831760866327846e-5,0.22023809523809523,258.90577454739145
0_0_0_0_0_0_0_1_1_0_0_0_0_1_0_1_0_0_1_1_0_1_1_0_0_0_0_0_0_0_0_0_0_1_0_0_0_0_0_0_1_1_0,1,0.0008766666666666668,0.0001376791761870892,0.23214285714285715,283.5201057550418
0_0_0_1_1_1_1_1_1_0_1_0_1_1_1_0_0_1_0_0_0_1_1_0_0_1_1_0_0_0_0_0_0_1_0_0_0_0_0_0_1_1_1,1,0.0008666666666666666,7.586537784494028e-5,0.2261904761904762,260.44647910097825
0_1_0_1_1_0_1_0_1_0_1_1_0_1_0_0_0_1_0_0_0_0_1_0_0_1_1_0_0_0_0_0_0_0_1_0_0_0_0_0_1_1_1,1,0.0008633333333333335,9.428090415820638e-5,0.19047619047619047,223.27343251337948
0_1_0_1_1_1_1_0_1_0_1_1_0_0_0_0_0_1_0_0_1_0_1_1_0_1_1_0_0_1_1_1_1_1_1_0_1_1_1_1_0_0_1,1,0.00086,8.041558721209882e-5,0.15476190476190477,199.3998515871575
1_1_1_0_0_0_0_0_0_1_0_1_0_0_0_1_1_0_1_1_1_0_0_1_1_0_0_1_1_1_1_1_1_0_1_1_1_1_1_1_0_0_0,1,0.0008533333333333332,0.00011115554667022046,0.2261904761904762,273.16765873015873
1_1_1_1_1_0_1_0_1_0_1_1_0_0_0_0_1_1_1_1_1_1_0_1_1_1_1_1_1_1_1_1_1_1_1_0_1_1_1_0_0_0_1,1,0.0008500000000000001,2.1602468994692875e-5,0.20238095238095238,227.08757106347468
1_1_1_0_0_0_0_0_0_1_0_1_0_1_0_1_0_0_0_0_0_0_1_0_0_0_0_0_1_0_0_0_0_0_1_1_0_0_0_1_1_1_0,1,0.0008500000000000001,6.37704215656966e-5,0.22023809523809523,269.31899818209695
0_0_0_0_0_1_0_1_0_1_0_0_1_1_1_1_0_0_0_0_0_0_1_0_0_0_0_0_0_0_0_0_0_0_0_1_0_0_0_1_1_1_0,1,0.0008433333333333334,0.0001342468704373485,0.20238095238095238,230.1232608635521
1_1_1_1_1_0_1_0_1_0_1_1_0_1_0_0_0_1_0_0_0_1_1_0_0_1_1_0_1_0_0_0_0_1_1_0_0_0_0_0_1_1_1,1,0.0008433333333333334,0.00010143416036468627,0.20833333333333334,227.06792482879442
1_0_1_0_0_0_0_1_0_1_0_0_1_0_1_1_0_0_0_0_1_1_1_1_0_0_0_0_1_1_1_1_1_0_0_1_1_1_1_0_0_0_0,1,0.0008366666666666667,7.717224601860151e-5,0.16071428571428573,222.6633283789637
0_1_0_1_1_0_1_0_1_0_1_1_0_0_0_0_0_1_0_0_1_1_1_1_0_1_1_0_0_1_1_1_1_1_1_0_1_1_1_0_0_0_1,1,0.00083,7.257180352359081e-5,0.19047619047619047,212.3191273465246
0_1_0_1_1_0_1_0_1_0_1_1_0_1_0_0_0_1_0_0_0_0_1_0_0_1_1_0_0_0_0_0_0_1_1_0_0_0_0_0_1_1_1,1,0.00082,0.00011343133018115701,0.17261904761904762,211.7840027335135
0_0_0_0_0_0_0_1_1_0_0_0_1_0_1_1_0_0_0_0_1_1_1_1_0_0_0_0_0_1_1_1_1_0_0_0_1_1_1_0_0_0_0,1,0.0008133333333333333,4.714045207910319e-5,0.20833333333333334,255.48853923853926
0_0_0_0_0_0_0_1_0_1_0_0_1_0_1_1_0_0_0_0_1_0_0_1_1_0_0_1_0_1_1_1_1_0_0_1_1_1_1_0_0_0_0,1,0.00081,5.3541261347363375e-5,0.19642857142857142,226.21969696969697
1_1_1_1_1_1_1_0_0_1_1_1_0_1_0_0_1_1_1_1_0_1_0_0_1_1_1_1_1_0_0_0_0_1_1_1_0_0_0_1_1_1_1,1,0.0008066666666666666,4.921607686744466e-5,0.21428571428571427,267.6094827586207
0_0_0_1_0_1_1_1_1_0_1_0_1_0_1_1_0_1_0_0_1_0_1_1_0_1_1_0_0_1_1_1_1_0_0_0_1_1_1_0_0_0_1,1,0.0008033333333333334,7.586537784494029e-5,0.23214285714285715,245.04943149220261
1_0_1_0_0_1_0_1_0_1_0_0_1_0_1_1_1_0_1_1_1_1_0_1_1_0_0_1_1_1_1_1_1_0_0_1_1_1_1_1_0_0_0,1,0.0007966666666666666,9.428090415820608e-6,0.17261904761904762,205.79778090326613
0_0_0_0_0_0_0_1_1_0_0_0_1_0_1_1_0_0_0_0_1_0_1_1_0_0_0_0_0_1_1_1_1_0_0_0_1_1_1_0_0_0_0,1,0.0007933333333333333,4.189935029992175e-5,0.21428571428571427,279.4162895927602
0_1_0_1_1_0_1_0_1_0_1_1_0_0_0_0_1_1_1_1_1_0_0_1_1_1_1_1_0_1_1_1_1_1_1_0_1_1_1_0_0_0_1,1,0.0007899999999999999,2.8284271247461872e-5,0.16666666666666666,211.26748971193413
0_0_0_0_0_0_0_1_1_0_0_0_1_1_1_1_1_0_1_1_0_1_0_0_1_0_0_1_0_0_0_0_0_0_0_0_0_0_0_0_1_1_0,1,0.0007899999999999999,2.8284271247461872e-5,0.21428571428571427,259.19670781893007
0_1_0_1_1_1_1_0_1_0_1_1_0_1_0_0_1_1_1_1_0_0_0_0_1_1_1_1_0_0_0_0_0_1_1_0_0_0_0_1_1_1_1,1,0.0007866666666666667,5.906681715556451e-5,0.16071428571428573,218.9706327016672
1_0_1_0_0_0_0_1_0_1_0_0_1_1_1_1_1_0_1_1_0_1_0_0_1_0_0_1_1_0_0_0_0_0_0_1_0_0_0_0_1_1_0,1,0.00078,2.8284271247461923e-5,0.15476190476190477,206.39977477477478
0_1_0_1_1_1_1_0_1_0_1_1_0_1_0_0_1_1_1_1_0_1_1_0_0_1_1_0_0_0_0_0_0_1_1_0_0_0_0_0_1_1_1,1,0.0007766666666666667,5.734883511361749e-5,0.18452380952380953,212.51543485512002
1_1_1_1_1_1_1_0_1_0_1_1_0_1_0_0_1_1_1_1_0_1_1_0_0_1_1_0_1_0_0_0_0_1_1_0_0_0_0_1_1_1_1,1,0.0007766666666666667,6.12825877028341e-5,0.19642857142857142,225.51289233642174
0_0_0_0_0_0_0_1_0_0_0_1_1_0_1_1_0_0_0_0_1_0_1_1_0_0_0_0_0_1_1_1_1_0_0_1_1_1_1_0_0_0_0,1,0.0007666666666666667,6.599663291074443e-5,0.21428571428571427,236.77099044746103
1_1_1_1_1_1_1_0_1_0_1_1_0_0_0_0_0_1_0_0_1_1_0_1_1_1_1_1_1_1_1_1_1_1_1_0_1_1_1_1_0_0_1,1,0.0007666666666666667,6.64997911442e-5,0.19047619047619047,221.87723879648283
1_0_1_0_0_1_0_1_0_1_0_0_1_1_1_1_0_0_0_0_0_1_1_0_0_0_0_0_1_0_0_0_0_0_0_1_0_0_0_1_1_1_0,1,0.0007666666666666667,4.4969125210773454e-5,0.16666666666666666,211.37551844697157
0_0_0_0_0_1_0_1_0_1_0_0_1_0_1_1_1_0_1_1_1_0_0_1_1_0_0_1_0_1_1_1_1_0_0_1_1_1_1_1_0_0_0,1,0.0007633333333333333,5.906681715556448e-5,0.20833333333333334,221.4048353909465
1_0_1_0_0_0_0_1_0_1_0_0_1_1_1_1_1_0_1_1_0_0_1_0_0_0_0_0_1_0_0_0_0_0_0_1_0_0_0_1_1_1_0,1,0.0007633333333333333,1.6996731711975944e-5,0.17857142857142858,224.86909486909485
1_1_1_1_1_1_1_0_0_1_1_1_0_0_0_0_0_1_0_0_1_0_1_1_0_1_1_0_1_1_1_1_1_1_1_1_1_1_1_1_0_0_1,1,0.0007633333333333333,3.8586123009300757e-5,0.21428571428571427,252.43943361020828
0_0_0_0_0_0_0_1_0_1_0_0_1_1_1_1_1_0_1_1_0_0_1_0_0_0_0_0_0_0_0_0_0_0_0_1_0_0_0_0_1_1_0,1,0.0007566666666666667,7.318166133366715e-5,0.19047619047619047,220.56445650648075
1_1_1_1_1_1_1_0_1_1_1_0_0_1_0_0_1_1_1_1_0_1_0_0_1_1_1_1_1_0_0_0_0_1_1_0_0_0_0_1_1_1_1,1,0.0007533333333333333,0.00010873004286866723,0.21428571428571427,236.65162037037035
0_1_0_1_1_1_1_0_1_1_1_0_0_0_0_0_1_1_1_1_1_0_0_1_1_1_1_1_0_1_1_1_1_1_1_0_1_1_1_1_0_0_1,1,0.0007533333333333333,1.8856180831641267e-5,0.17857142857142858,228.7964887964888
1_0_1_0_0_1_0_1_0_1_0_0_1_1_1_1_1_0_1_1_0_0_0_0_1_0_0_1_1_0_0_0_0_0_0_1_0_0_0_1_1_1_0,1,0.0007533333333333333,3.091206165165233e-5,0.19047619047619047,221.2806442383907
1_1_1_1_1_1_1_0_1_1_1_0_1_1_1_0_0_1_0_0_0_0_1_0_0_1_1_0_1_0_0_0_0_0_1_0_0_0_0_1_1_1_1,1,0.0007533333333333333,4.189935029992175e-5,0.20833333333333334,220.69602466316078
1_0_1_0_0_1_0_1_0_1_0_0_1_0_1_1_0_0_0_0_1_0_1_1_0_0_0_0_1_1_1_1_1_0_0_1_1_1_1_1_0_0_0,1,0.0007499999999999999,3.265986323710904e-5,0.19642857142857142,228.94830926487194
1_1_1_0_1_1_1_0_0_1_1_1_0_0_0_0_1_1_0_0_1_1_0_1_1_1_1_1_1_1_1_1_1_1_1_1_1_1_1_1_0_0_0,1,0.0007466666666666666,4.784233364802439e-5,0.20238095238095238,247.44390506490285
1_1_1_0_1_1_1_0_0_1_1_1_0_1_0_0_0_1_1_1_0_1_1_0_0_1_1_0_1_0_0_0_0_1_1_1_0_0_0_1_1_1_0,1,0.0007399999999999999,0.00013140268896284684,0.19642857142857142,254.51997290986813
0_1_0_1_1_1_1_0_1_0_1_1_0_0_0_0_0_1_0_0_1_1_0_1_1_1_1_1_0_1_1_1_1_1_1_0_1_1_1_0_0_0_1,1,0.0007366666666666667,8.055363982396379e-5,0.17857142857142858,207.38115051341757
0_0_0_1_0_0_0_1_1_0_0_0_1_1_1_1_0_0_1_1_0_0_1_0_0_0_0_0_0_0_0_0_0_0_0_0_0_0_0_0_1_1_1,1,0.0007133333333333333,4.496912521077349e-5,0.20238095238095238,250.03788403788406
0_0_0_1_0_0_0_1_1_0_0_0_1_0_1_1_1_0_0_0_1_0_0_1_1_0_0_1_0_1_1_1_1_0_0_0_1_1_1_0_0_0_1,1,0.0007066666666666666,8.806563209081937e-5,0.19642857142857142,248.72975306710245
0_1_0_1_1_0_1_0_1_0_1_1_0_1_0_0_1_1_1_1_0_1_0_0_1_1_1_1_0_0_0_0_0_1_1_0_0_0_0_0_1_1_1,1,0.0007,5.354126134736333e-5,0.19642857142857142,219.9197918627266
0_0_0_0_0_0_0_1_0_0_0_1_0_0_0_1_1_0_1_1_1_1_0_1_1_0_0_1_0_1_1_1_1_1_0_1_1_1_1_0_0_0_0,1,0.0006933333333333335,5.436502143433364e-5,0.20833333333333334,220.30576000807716
1_1_1_0_1_0_0_0_0_1_0_1_0_1_0_0_1_0_1_1_0_1_0_0_1_0_0_1_1_0_0_0_0_1_1_1_0_0_0_1_1_1_0,1,0.00069,5.099019513592785e-5,0.23214285714285715,245.78136064278726
0_0_0_0_0_0_0_1_0_1_0_0_1_1_1_1_0_0_0_0_0_0_1_0_0_0_0_0_0_0_0_0_0_0_0_1_0_0_0_1_1_1_0,1,0.0006866666666666667,2.8674417556808784e-5,0.19047619047619047,209.52390684999378
0_1_0_1_1_1_1_0_1_0_1_1_0_0_0_0_0_1_0_0_1_0_1_1_0_1_1_0_0_1_1_1_1_1_1_0_1_1_1_0_0_0_1,1,0.0006833333333333332,4.988876515698588e-5,0.17261904761904762,210.6826186527679
0_0_0_0_0_0_0_1_0_1_0_0_1_0_1_1_0_0_0_0_1_1_0_1_1_0_0_1_0_1_1_1_1_0_0_1_1_1_1_0_0_0_0,1,0.0006833333333333332,7.36357401145817e-5,0.19047619047619047,218.43421051232403
0_0_0_0_0_0_0_1_1_0_0_0_1_1_1_1_1_0_1_1_0_0_0_0_1_0_0_1_0_0_0_0_0_0_0_0_0_0_0_0_1_1_0,1,0.0006766666666666667,2.8674417556808744e-5,0.22023809523809523,254.79973591549296
1_1_1_1_1_1_1_0_1_0_1_1_0_0_0_0_0_1_0_0_1_0_0_1_1_1_1_1_1_1_1_1_1_1_1_0_1_1_1_1_0_0_1,1,0.0006733333333333334,5.906681715556451e-5,0.18452380952380953,220.47446796283035
1_1_1_1_1_1_1_0_1_0_1_1_0_1_0_0_1_1_1_1_0_0_1_0_0_1_1_0_1_0_0_0_0_1_1_0_0_0_0_1_1_1_1,1,0.00067,9.62635271879577e-5,0.19047619047619047,223.51370614035088
0_0_0_0_0_0_0_1_0_1_0_0_1_1_1_1_1_0_1_1_0_1_1_0_0_0_0_0_0_0_0_0_0_0_0_1_0_0_0_0_1_1_0,1,0.0006666666666666666,5.436502143433364e-5,0.18452380952380953,221.29981936539312
0_0_0_1_0_1_1_1_1_0_1_0_1_1_1_1_1_1_1_1_0_0_0_0_1_1_1_1_0_0_0_0_0_0_0_0_0_0_0_0_1_1_1,1,0.0006666666666666666,7.133644853010899e-5,0.23809523809523808,259.59143353880194
1_1_1_1_1_1_1_0_0_1_1_1_0_0_0_0_0_1_0_0_1_1_1_1_0_1_1_0_1_1_1_1_1_1_1_1_1_1_1_1_0_0_1,1,0.0006633333333333334,5.906681715556451e-5,0.22023809523809523,287.98510603853003
1_1_1_0_1_0_0_0_0_1_0_1_0_0_0_0_0_0_0_0_1_1_1_1_0_0_0_0_1_1_1_1_1_1_1_1_1_1_1_1_0_0_0,1,0.00066,1.632993161855452e-5,0.23809523809523808,256.15539587046936
1_0_1_0_0_0_0_1_0_1_0_0_1_0_1_1_0_0_0_0_1_0_0_1_1_0_0_1_1_1_1_1_1_0_0_1_1_1_1_1_0_0_0,1,0.0006566666666666666,3.2998316455372254e-5,0.18452380952380953,232.09819993571196
0_1_0_0_0_0_0_1_0_0_0_1_0_1_0_0_1_0_1_1_0_1_0_0_1_0_0_1_0_0_0_0_0_1_0_1_0_0_0_1_1_1_0,1,0.0006366666666666667,1.2472191289246465e-5,0.23809523809523808,348.81642886683204
1_1_1_1_1_1_1_0_0_1_1_1_0_0_0_0_0_1_0_0_1_0_0_1_1_1_1_1_1_1_1_1_1_1_1_1_1_1_1_1_0_0_1,1,0.0006366666666666666,2.494438257849296e-5,0.21428571428571427,236.66915228696487
0_0_0_0_0_0_0_1_0_0_0_1_1_1_1_1_1_0_1_1_0_0_0_0_1_0_0_1_0_0_0_0_0_0_0_1_0_0_0_0_1_1_0,1,0.0006333333333333333,6.342099196813486e-5,0.22023809523809523,249.3639152526124
0_1_0_1_1_1_1_0_1_0_1_1_0_0_0_0_1_1_0_0_1_1_0_1_1_1_1_1_0_1_1_1_1_1_1_0_1_1_1_0_0_0_1,1,0.00062,4.082482904638632e-5,0.17857142857142858,213.1376225831792
0_1_0_1_1_1_1_0_1_0_1_1_0_1_0_0_1_1_1_1_0_1_1_0_0_1_1_0_0_0_0_0_0_1_1_0_0_0_0_1_1_1_1,1,0.00062,0.00013589211407093006,0.16666666666666666,210.7823445285528
1_1_1_1_1_1_1_0_1_0_1_1_0_0_0_0_1_1_1_1_1_1_0_1_1_1_1_1_1_1_1_1_1_1_1_0_1_1_1_0_0_0_1,1,0.00062,3.265986323710904e-5,0.19047619047619047,201.02071886832732
0_1_0_1_1_1_1_0_1_0_1_1_0_0_0_0_0_1_0_0_1_1_0_1_1_1_1_1_0_1_1_1_1_1_1_0_1_1_1_1_0_0_1,1,0.0006166666666666667,9.030811456096045e-5,0.16071428571428573,209.83544973544974
0_1_0_1_1_1_1_0_1_1_1_0_1_1_1_0_0_1_0_0_0_0_1_0_0_1_1_0_0_0_0_0_0_0_1_0_0_0_0_1_1_1_1,1,0.0006166666666666666,4.6427960923947104e-5,0.19047619047619047,207.6358789129687
0_1_0_0_0_0_0_1_0_0_0_1_0_0_0_0_0_0_0_0_1_1_1_1_0_0_0_0_0_1_1_1_1_1_0_1_1_1_1_1_0_0_0,1,0.00061,6.683312551921144e-5,0.23214285714285715,391.65385812444634
0_0_0_0_0_0_0_1_0_1_0_0_1_0_1_1_1_0_1_1_1_0_0_1_1_0_0_1_0_1_1_1_1_0_0_1_1_1_1_1_0_0_0,1,0.0006033333333333333,6.798692684790379e-5,0.19642857142857142,202.97852474323062
1_0_1_1_1_1_1_0_1_1_1_0_1_1_1_1_1_1_1_1_0_0_0_0_1_1_1_1_1_0_0_0_0_0_1_0_0_0_0_0_1_1_1,1,0.0006033333333333333,4.027681991198191e-5,0.23214285714285715,396.3071733670645
1_1_1_1_1_1_1_0_1_1_1_0_1_0_1_0_1_1_1_1_1_0_0_1_1_1_1_1_1_1_1_1_1_0_1_0_1_1_1_1_0_0_1,1,0.0006033333333333333,2.0548046676563267e-5,0.21428571428571427,218.34309432585295
1_0_1_0_0_0_0_1_0_1_0_0_1_0_1_1_0_0_0_0_1_0_0_1_1_0_0_1_1_1_1_1_1_0_0_1_1_1_1_0_0_0_0,1,0.0005866666666666667,9.533566430716725e-5,0.16666666666666666,219.61629840817295
0_0_0_0_0_1_0_1_0_1_0_0_1_0_1_1_1_0_1_1_1_1_0_1_1_0_0_1_0_1_1_1_1_1_0_1_1_1_1_1_0_0_0,1,0.0005866666666666667,9.030811456096044e-5,0.22023809523809523,227.15798129304142
0_0_0_0_0_0_0_1_0_1_0_0_1_0_1_1_1_0_1_1_1_1_0_1_1_0_0_1_0_1_1_1_1_0_0_0_1_1_1_0_0_0_0,1,0.00058,1.632993161855452e-5,0.18452380952380953,206.93664477285168
1_0_1_0_0_0_0_1_0_0_0_1_0_0_0_1_1_0_1_1_1_1_0_1_1_0_0_1_1_1_1_1_1_1_0_1_1_1_1_0_0_0_0,1,0.0005766666666666666,9.428090415820659e-6,0.19047619047619047,212.33819010803845
0_1_0_1_1_1_1_0_1_1_1_0_0_1_0_0_1_1_1_1_0_1_0_0_1_1_1_1_0_0_0_0_0_1_1_0_0_0_0_1_1_1_1,1,0.0005766666666666666,8.178562764256866e-5,0.19642857142857142,252.37895596835224
1_1_1_1_1_0_1_0_1_0_1_1_0_1_0_0_0_1_0_0_0_0_1_0_0_1_1_0_1_0_0_0_0_0_1_0_0_0_0_0_1_1_1,1,0.0005733333333333334,7.760297817881877e-5,0.22023809523809523,226.81482936196213
1_1_1_1_1_0_1_0_1_0_1_1_0_0_0_0_1_1_1_1_1_0_0_1_1_1_1_1_1_1_1_1_1_0_1_0_1_1_1_0_0_0_1,1,0.0005733333333333332,3.681787005729088e-5,0.21428571428571427,233.75876036205344
0_0_0_0_0_0_0_1_0_1_0_0_1_1_1_1_0_0_1_1_0_1_1_0_0_0_0_0_0_0_0_0_0_0_0_1_0_0_0_0_1_1_0,1,0.00057,8.602325267042629e-5,0.18452380952380953,203.93840514929377
0_1_0_1_1_0_1_0_1_0_1_1_0_0_0_0_0_1_0_0_1_1_0_1_1_1_1_1_0_1_1_1_1_1_1_0_1_1_1_0_0_0_1,1,0.0005633333333333333,0.0001027402333828163,0.19047619047619047,214.54129125587687
0_0_0_0_0_0_0_1_0_1_0_0_1_0_1_1_1_0_0_0_1_0_0_1_1_0_0_1_0_1_1_1_1_0_0_1_1_1_1_0_0_0_0,1,0.0005633333333333333,7.408703590297621e-5,0.19642857142857142,212.8421717171717
1_1_1_1_1_1_1_0_1_0_1_1_0_1_0_0_0_1_1_1_0_1_1_0_0_1_1_0_1_0_0_0_0_1_1_0_0_0_0_1_1_1_1,1,0.0005600000000000001,5.099019513592785e-5,0.19642857142857142,219.46571221081024
0_0_0_0_0_0_0_1_0_0_0_1_0_1_0_1_0_0_0_0_0_1_1_0_0_0_0_0_0_0_0_0_0_1_0_1_0_0_0_0_1_1_0,1,0.0005600000000000001,5.3541261347363375e-5,0.21428571428571427,228.11842231842232
1_0_1_1_1_1_1_0_1_1_1_0_1_0_1_1_0_1_0_0_1_0_1_1_0_1_1_0_1_1_1_1_1_0_1_0_1_1_1_0_0_0_1,1,0.0005600000000000001,9.092121131323903e-5,0.23809523809523808,358.4247648902822
1_0_1_1_1_1_0_0_0_1_1_0_1_1_1_1_0_1_0_0_0_1_1_0_0_1_1_0_1_0_0_0_0_1_1_1_0_0_0_1_1_1_1,1,0.0005566666666666667,4.7842333648024404e-5,0.22023809523809523,242.30217374306048
1_0_1_0_0_0_0_1_0_1_0_0_1_1_1_1_1_0_1_1_0_0_1_0_0_0_0_0_1_0_0_0_0_0_0_1_0_0_0_0_1_1_0,1,0.0005533333333333333,6.128258770283413e-5,0.16071428571428573,217.03839869281046
0_0_0_0_0_0_0_1_1_0_0_0_1_0_1_1_0_0_0_0_1_1_0_1_1_0_0_1_0_1_1_1_1_0_0_0_1_1_1_0_0_0_0,1,0.00055,4.082482904638628e-5,0.20833333333333334,237.0636363636364
1_1_1_1_1_1_1_0_1_0_1_1_0_1_0_0_0_1_0_0_0_1_1_0_0_1_1_0_1_0_0_0_0_1_1_0_0_0_0_0_1_1_1,1,0.00055,9.201449161228172e-5,0.19642857142857142,205.20938782705045
1_1_1_1_1_1_1_0_0_1_1_1_0_1_0_0_1_1_1_1_0_0_1_0_0_1_1_0_1_0_0_0_0_1_1_1_0_0_0_1_1_1_1,1,0.00055,0.0001186029791643813,0.20833333333333334,239.20484363573792
1_0_1_0_0_0_0_1_0_1_0_0_1_0_1_1_0_0_0_0_1_1_0_1_1_0_0_1_1_1_1_1_1_0_0_1_1_1_1_0_0_0_0,1,0.0005466666666666668,8.219218670625303e-5,0.16071428571428573,191.7606872294372
0_1_0_0_0_0_1_1_1_0_0_1_0_0_0_0_1_0_1_1_1_0_0_1_1_0_0_1_0_1_1_1_1_0_0_0_1_1_1_0_0_0_0,1,0.0005466666666666667,9.463379711052263e-5,0.22023809523809523,245.47397682477245
0_0_0_0_0_0_0_1_0_1_0_0_1_1_1_1_0_0_1_1_0_0_1_0_0_0_0_0_0_0_0_0_0_0_0_1_0_0_0_0_1_1_0,1,0.0005466666666666667,8.05536398239638e-5,0.19047619047619047,222.9459595959596
1_0_1_0_0_0_0_1_0_1_0_0_1_0_1_1_0_0_0_0_1_1_1_1_0_0_0_0_1_1_1_1_1_0_0_1_1_1_1_1_0_0_0,1,0.0005466666666666667,1.6996731711975944e-5,0.17857142857142858,217.71758186521512
1_1_1_1_1_1_1_0_1_0_1_1_0_0_0_0_1_1_1_1_1_0_0_1_1_1_1_1_1_1_1_1_1_1_1_1_1_1_1_1_0_0_1,1,0.0005466666666666665,1.8856180831641267e-5,0.17857142857142858,209.0659340659341
0_0_0_0_0_1_0_1_0_1_0_0_1_1_1_1_0_0_0_0_0_1_1_0_0_0_0_0_0_0_0_0_0_1_0_1_0_0_0_1_1_1_0,1,0.00054,5.354126134736336e-5,0.21428571428571427,223.0519019987105
1_0_1_0_0_0_0_1_0_1_0_0_1_1_1_1_1_0_1_1_0_1_0_0_1_0_0_1_1_0_0_0_0_0_0_1_0_0_0_1_1_1_0,1,0.00054,2.160246899469284e-5,0.17261904761904762,217.46069943128768
1_0_1_0_0_0_0_1_0_1_0_0_1_1_1_1_1_0_1_1_0_1_1_0_0_0_0_0_1_0_0_0_0_0_0_1_0_0_0_0_1_1_0,1,0.0005366666666666667,8.259674462242576e-5,0.15476190476190477,206.68334678504172
1_1_1_1_1_1_1_0_1_1_1_0_0_0_0_0_0_1_0_0_1_1_1_1_0_1_1_0_1_1_1_1_1_1_1_0_1_1_1_1_0_0_1,1,0.0005366666666666666,7.363574011458176e-5,0.22023809523809523,243.60686832384945
0_1_0_1_1_1_1_0_1_0_1_1_0_1_0_0_1_1_1_1_0_0_1_0_0_1_1_0_0_0_0_0_0_1_1_0_0_0_0_1_1_1_1,1,0.0005333333333333333,6.236095644623235e-5,0.16071428571428573,213.96464646464645
0_1_0_1_1_1_1_0_1_0_1_1_0_0_0_0_0_1_0_0_1_0_0_1_1_1_1_1_0_1_1_1_1_1_1_0_1_1_1_1_0_0_1,1,0.00053,4.2426406871192835e-5,0.15476190476190477,201.84777102330295
0_0_0_0_0_0_0_1_0_1_0_0_1_1_1_1_0_0_0_0_0_0_1_0_0_0_0_0_0_0_0_0_0_0_0_0_0_0_0_0_1_1_0,1,0.00053,6.976149845485448e-5,0.18452380952380953,201.69320711670437
1_0_1_0_0_0_0_1_0_0_0_1_0_1_0_1_0_0_0_0_0_1_1_0_0_0_0_0_1_0_0_0_0_1_0_1_0_0_0_0_1_1_0,1,0.0005266666666666667,8.993825042154692e-5,0.19642857142857142,211.33716475095784
0_1_0_0_0_0_1_1_1_0_0_1_0_0_0_0_1_0_1_1_1_1_0_1_1_0_0_1_0_1_1_1_1_1_0_0_1_1_1_0_0_0_0,1,0.0005266666666666667,4.714045207910314e-5,0.20833333333333334,227.36801242236024
1_1_1_1_1_1_1_0_1_0_1_1_0_0_0_0_1_1_0_0_1_1_0_1_1_1_1_1_1_1_1_1_1_1_1_0_1_1_1_1_0_0_1,1,0.0005200000000000001,1.4142135623730936e-5,0.19047619047619047,218.33207547169812
1_0_1_0_0_0_0_1_0_1_0_0_1_1_1_1_1_0_1_1_0_1_0_0_1_0_0_1_1_0_0_0_0_1_0_1_0_0_0_1_1_1_0,1,0.00052,4.9665548085837796e-5,0.19047619047619047,206.08766233766232
0_1_0_1_1_1_1_0_1_1_1_0_1_0_1_0_1_1_1_1_1_0_0_1_1_1_1_1_0_1_1_1_1_0_1_0_1_1_1_1_0_0_1,1,0.0005166666666666667,8.956685895029605e-5,0.19642857142857142,217.97399870801033
1_0_1_0_0_0_0_1_0_1_0_0_1_1_1_1_0_0_1_1_0_0_1_0_0_0_0_0_1_0_0_0_0_0_0_1_0_0_0_1_1_1_0,1,0.0005166666666666667,6.236095644623233e-5,0.17857142857142858,221.0074074074074
0_0_0_0_0_0_0_1_0_0_0_1_1_0_1_1_0_0_0_0_1_1_1_1_0_0_0_0_0_1_1_1_1_0_0_1_1_1_1_0_0_0_0,1,0.0005166666666666667,4.9216076867444665e-5,0.20833333333333334,231.24599464973394
1_1_1_1_1_1_1_0_1_0_1_1_0_1_0_0_0_1_0_0_0_1_1_0_0_1_1_0_1_0_0_0_0_1_1_1_0_0_0_1_1_1_1,1,0.0005133333333333334,7.586537784494028e-5,0.19047619047619047,217.9692162993467
1_0_1_1_1_1_0_0_0_1_1_0_1_0_1_1_1_1_1_1_1_1_0_1_1_1_1_1_1_1_1_1_1_1_1_1_1_1_1_1_0_0_1,1,0.0005133333333333334,5.7927157323275903e-5,0.2261904761904762,248.8681732580038
1_1_1_0_1_0_0_0_0_1_0_1_0_1_0_0_1_0_1_1_0_1_1_0_0_0_0_0_1_0_0_0_0_1_1_1_0_0_0_1_1_1_0,1,0.0005133333333333333,9.428090415820608e-6,0.23214285714285715,240.82564102564103
0_0_0_0_0_0_0_1_0_1_0_0_1_0_1_1_1_0_1_1_1_0_0_1_1_0_0_1_0_1_1_1_1_0_0_0_1_1_1_0_0_0_0,1,0.0005099999999999999,7.071067811865474e-5,0.19047619047619047,207.49419279907087
1_0_1_0_0_1_0_1_0_1_0_0_1_1_1_1_1_0_1_1_0_0_1_0_0_0_0_0_1_0_0_0_0_0_0_1_0_0_0_1_1_1_0,1,0.0005066666666666667,8.219218670625299e-5,0.19047619047619047,219.14529914529916
0_0_0_0_0_0_0_1_0_1_0_0_1_1_1_1_0_0_0_0_0_1_1_0_0_0_0_0_0_0_0_0_0_0_0_0_0_0_0_0_1_1_0,1,0.0005066666666666667,3.771236166328251e-5,0.17857142857142858,206.20039682539684
1_1_1_1_1_1_1_0_1_0_1_1_0_1_0_0_0_1_0_0_0_0_1_0_0_1_1_0_1_0_0_0_0_1_1_1_0_0_0_1_1_1_1,1,0.0005066666666666667,4.0276819911981915e-5,0.18452380952380953,204.82017237363152
0_1_0_1_1_1_1_0_1_0_1_1_0_1_0_0_1_1_1_1_0_0_0_0_1_1_1_1_0_0_0_0_0_1_1_0_0_0_0_0_1_1_1,1,0.0005033333333333334,1.6996731711975933e-5,0.17857142857142858,212.73944193061843
0_0_0_0_0_0_0_1_0_1_0_0_1_0_1_1_1_0_0_0_1_1_0_1_1_0_0_1_0_1_1_1_1_0_0_1_1_1_1_0_0_0_0,1,0.0005033333333333334,5.249338582674542e-5,0.19047619047619047,225.6449532623293
1_1_1_1_1_1_1_0_1_0_1_1_0_0_0_0_1_1_1_1_1_1_0_1_1_1_1_1_1_1_1_1_1_1_1_1_1_1_1_1_0_0_1,1,0.0005,7.788880963698615e-5,0.18452380952380953,206.7352924852925
0_0_0_0_0_0_0_1_1_0_0_0_1_1_1_1_1_0_1_1_0_1_1_0_0_0_0_0_0_0_0_0_0_0_0_0_0_0_0_0_1_1_0,1,0.00049,6.164414002968976e-5,0.21428571428571427,262.0042973286876
1_1_1_1_1_1_1_0_0_1_1_1_0_0_0_0_0_1_0_0_1_1_0_1_1_1_1_1_1_1_1_1_1_1_1_1_1_1_1_1_0_0_1,1,0.00049,3.559026084010437e-5,0.22023809523809523,244.84896243761492
1_0_1_0_0_0_0_1_0_1_0_0_1_0_1_1_1_0_0_0_1_0_0_1_1_0_0_1_1_1_1_1_1_0_0_1_1_1_1_1_0_0_0,1,0.00049,8.16496580927726e-6,0.18452380952380953,215.53990929705216
1_0_1_1_1_1_0_0_0_1_1_0_1_1_1_1_0_1_0_0_0_0_1_0_0_1_1_0_1_0_0_0_0_0_1_1_0_0_0_1_1_1_1,1,0.00049,4.8989794855663576e-5,0.20833333333333334,222.75106067797097
1_0_1_1_1_1_0_0_0_1_1_0_1_0_1_1_1_1_1_1_1_0_0_1_1_1_1_1_1_1_1_1_1_0_1_1_1_1_1_1_0_0_1,1,0.00048666666666666666,8.498365855987973e-5,0.21428571428571427,225.238538133275
0_0_0_0_0_0_0_1_1_0_0_0_1_0_1_1_0_0_0_0_1_0_0_1_1_0_0_1_0_1_1_1_1_0_0_0_1_1_1_0_0_0_0,1,0.00048666666666666666,6.649979114420001e-5,0.21428571428571427,280.68445751284565
1_1_1_1_1_1_1_0_1_1_1_0_0_0_0_0_0_1_0_0_1_0_1_1_0_1_1_0_1_1_1_1_1_1_1_0_1_1_1_1_0_0_1,1,0.00048666666666666666,4.496912521077348e-5,0.21428571428571427,229.8427346821588
0_0_0_1_0_1_1_1_1_0_1_0_1_1_1_1_1_1_1_1_0_0_1_0_0_1_1_0_0_0_0_0_0_0_0_0_0_0_0_0_1_1_1,1,0.0004833333333333334,3.091206165165235e-5,0.23809523809523808,252.77884729649438
1_0_1_0_0_0_0_1_0_0_0_1_1_0_1_1_0_0_0_0_1_0_1_1_0_0_0_0_1_1_1_1_1_0_0_1_1_1_1_0_0_0_0,1,0.00048,5.354126134736338e-5,0.19642857142857142,240.71032513585706
1_1_1_1_1_1_1_0_1_0_1_1_0_0_0_0_1_1_0_0_1_0_0_1_1_1_1_1_1_1_1_1_1_1_1_0_1_1_1_1_0_0_1,1,0.00047999999999999996,5.3541261347363375e-5,0.18452380952380953,221.31559218086514
1_1_1_1_1_1_1_0_0_1_1_1_0_1_0_0_1_1_1_1_0_1_1_0_0_1_1_0_1_0_0_0_0_1_1_1_0_0_0_1_1_1_1,1,0.00047999999999999996,5.3541261347363375e-5,0.21428571428571427,244.854778790949
0_1_0_0_0_0_1_1_1_0_0_1_0_1_0_0_0_0_0_0_0_0_1_0_0_0_0_0_0_0_0_0_0_0_0_0_0_0_0_0_1_1_0,1,0.00047333333333333336,3.2998316455372233e-5,0.2261904761904762,270.24300805593555
0_0_0_1_0_1_1_1_1_0_1_0_1_0_1_0_0_1_0_0_1_1_1_1_0_1_1_0_0_1_1_1_1_1_0_0_1_1_1_0_0_0_1,1,0.00047333333333333336,3.399346342395187e-5,0.23214285714285715,233.0959258133171
0_0_0_1_0_1_1_1_1_0_1_0_1_0_1_1_0_1_0_0_1_0_0_1_1_1_1_1_0_1_1_1_1_0_0_0_1_1_1_0_0_0_1,1,0.00047,4.242640687119286e-5,0.23214285714285715,256.78373983739834
1_1_1_1_1_1_1_0_0_1_1_1_0_1_0_0_0_1_1_1_0_0_1_0_0_1_1_0_1_0_0_0_0_1_1_1_0_0_0_1_1_1_1,1,0.00046333333333333334,2.494438257849294e-5,0.20833333333333334,262.0399075018429
0_1_0_0_0_0_1_1_1_0_0_1_0_1_0_0_0_0_0_0_0_1_1_0_0_0_0_0_0_0_0_0_0_1_0_0_0_0_0_0_1_1_0,1,0.00046000000000000007,1.632993161855452e-5,0.21428571428571427,230.56763285024158
0_0_0_0_0_0_0_1_0_0_0_1_1_0_1_1_0_0_0_0_1_0_0_1_1_0_0_1_0_1_1_1_1_0_0_1_1_1_1_0_0_0_0,1,0.00046000000000000007,6.68331255192114e-5,0.21428571428571427,235.8467193608703
0_1_0_1_1_1_1_0_1_0_1_1_0_1_0_0_0_1_1_1_0_1_1_0_0_1_1_0_0_0_0_0_0_1_1_0_0_0_0_0_1_1_1,1,0.0004566666666666667,3.8586123009300757e-5,0.18452380952380953,228.93493761140817
0_1_0_1_1_1_1_0_1_1_1_0_0_1_0_0_1_1_1_1_0_0_0_0_1_1_1_1_0_0_0_0_0_1_1_0_0_0_0_1_1_1_1,1,0.0004566666666666667,5.185449728701347e-5,0.19047619047619047,232.97843665768195
1_1_1_0_1_0_0_0_0_1_0_1_0_0_0_0_0_0_0_0_1_1_0_1_1_0_0_1_1_1_1_1_1_1_1_1_1_1_1_1_0_0_0,1,0.00045333333333333337,5.4365021434333636e-5,0.23809523809523808,240.12127732765373
0_1_0_0_0_0_0_1_0_0_0_1_0_0_0_0_0_0_0_0_1_1_0_1_1_0_0_1_0_1_1_1_1_1_0_1_1_1_1_1_0_0_0,1,0.00045000000000000004,6.68331255192114e-5,0.23214285714285715,356.89522039379244
1_1_1_1_1_1_1_0_1_1_1_0_0_1_0_0_1_1_1_1_0_0_0_0_1_1_1_1_1_0_0_0_0_1_1_0_0_0_0_1_1_1_1,1,0.00045000000000000004,5.3541261347363375e-5,0.20833333333333334,225.42064880872258
1_1_1_1_1_1_1_0_1_0_1_1_0_0_0_0_1_1_1_1_1_0_0_1_1_1_1_1_1_1_1_1_1_0_1_0_1_1_1_0_0_0_1,1,0.00045000000000000004,4.8989794855663576e-5,0.20238095238095238,198.05463381933973
1_1_1_1_1_1_1_0_1_1_1_0_0_1_0_0_1_1_1_1_0_1_1_0_0_1_1_0_1_0_0_0_0_1_1_0_0_0_0_1_1_1_1,1,0.00044666666666666666,5.7927157323275903e-5,0.21428571428571427,227.77432163621424
1_0_1_0_0_1_0_1_0_1_0_0_1_1_1_1_1_0_1_1_0_1_0_0_1_0_0_1_1_0_0_0_0_1_0_1_0_0_0_1_1_1_0,1,0.00044666666666666666,8.806563209081937e-5,0.20238095238095238,203.1345029239766
1_1_1_1_1_1_1_0_1_0_1_1_0_1_0_0_0_1_1_1_0_0_1_0_0_1_1_0_1_0_0_0_0_1_1_0_0_0_0_1_1_1_1,1,0.00044333333333333334,1.247219128924648e-5,0.19047619047619047,205.21601250114904
1_0_1_0_0_1_0_1_0_1_0_0_1_0_1_1_0_0_0_0_1_0_0_1_1_0_0_1_1_1_1_1_1_0_0_1_1_1_1_1_0_0_0,1,0.00044333333333333334,1.247219128924648e-5,0.19642857142857142,217.25104942243465
0_1_0_1_1_0_1_0_1_0_1_1_0_1_0_0_1_1_1_1_0_1_1_0_0_1_1_0_0_0_0_0_0_1_1_0_0_0_0_0_1_1_1,1,0.00044,8.16496580927726e-6,0.19642857142857142,216.60046198418294
0_1_0_1_1_0_1_0_1_0_1_1_0_0_0_0_0_1_0_0_1_0_1_1_0_1_1_0_0_1_1_1_1_0_1_0_1_1_1_0_0_0_1,1,0.00044,1.4142135623730961e-5,0.20238095238095238,207.14189416919444
1_0_1_1_1_1_1_0_1_1_1_0_1_0_1_1_0_1_0_0_1_0_0_1_1_1_1_1_1_1_1_1_1_0_1_0_1_1_1_0_0_0_1,1,0.00044,2.82842712474619e-5,0.23809523809523808,372.4305555555556
1_1_1_0_0_0_0_0_0_1_0_1_0_1_0_1_1_0_1_1_0_0_0_0_1_0_0_1_1_0_0_0_0_0_1_1_0_0_0_1_1_1_0,1,0.0004333333333333333,2.0548046676563267e-5,0.23809523809523808,251.8267610380856
0_0_0_0_0_0_0_1_0_0_0_1_1_1_1_1_1_0_1_1_0_1_0_0_1_0_0_1_0_0_0_0_0_0_0_1_0_0_0_0_1_1_0,1,0.0004266666666666667,9.428090415820634e-6,0.21428571428571427,244.64285714285714
1_0_1_0_0_0_0_1_0_1_0_0_1_0_1_1_1_0_0_0_1_1_0_1_1_0_0_1_1_1_1_1_1_0_0_1_1_1_1_0_0_0_0,1,0.0004266666666666667,3.681787005729086e-5,0.16071428571428573,198.19921525734176
1_1_1_0_1_0_0_0_0_1_0_1_0_1_0_1_1_0_1_1_0_0_0_0_1_0_0_1_1_0_0_0_0_0_1_1_0_0_0_1_1_1_0,1,0.0004266666666666666,4.189935029992178e-5,0.23214285714285715,249.29369892135847
0_1_0_1_1_1_1_0_1_1_1_0_0_0_0_0_0_1_0_0_1_1_1_1_0_1_1_0_0_1_1_1_1_1_1_0_1_1_1_1_0_0_1,1,0.0004266666666666666,3.681787005729085e-5,0.20238095238095238,245.19449291214178
0_1_0_1_1_1_1_0_1_0_1_1_0_0_0_0_0_1_0_0_1_0_1_1_0_1_1_0_0_1_1_1_1_0_1_0_1_1_1_0_0_0_1,1,0.0004266666666666666,2.8674417556808764e-5,0.19047619047619047,195.10413695954648
0_0_0_0_0_0_0_1_1_0_0_0_1_1_1_1_1_0_1_1_0_0_1_0_0_0_0_0_0_0_0_0_0_0_0_0_0_0_0_0_1_1_0,1,0.0004266666666666666,0.00011585431464655178,0.22023809523809523,258.78639846743295
0_1_0_1_1_1_1_0_1_0_1_1_0_0_0_0_1_1_0_0_1_1_0_1_1_1_1_1_0_1_1_1_1_1_1_0_1_1_1_1_0_0_1,1,0.00042333333333333334,5.436502143433364e-5,0.16071428571428573,206.7813852813853
1_0_1_0_0_0_0_1_0_1_0_0_1_0_1_1_0_0_0_0_1_1_1_1_0_0_0_0_1_1_1_1_1_1_0_1_1_1_1_1_0_0_0,1,0.0004166666666666667,9.568466729604885e-5,0.19642857142857142,225.33824733824736
1_1_1_1_1_1_1_0_1_1_1_0_0_0_0_0_0_1_0_0_1_1_0_1_1_1_1_1_1_1_1_1_1_1_1_0_1_1_1_1_0_0_1,1,0.0004133333333333333,2.0548046676563267e-5,0.22023809523809523,247.63019500824376
1_0_1_0_0_0_0_1_0_0_0_1_1_1_1_1_1_0_1_1_0_0_0_0_1_0_0_1_1_0_0_0_0_0_0_1_0_0_0_0_1_1_0,1,0.0004133333333333333,6.944222218666554e-5,0.20238095238095238,232.40512441488053
1_1_1_1_1_0_1_0_1_0_1_1_0_0_0_0_1_1_1_1_1_0_0_1_1_1_1_1_1_1_1_1_1_1_1_0_1_1_1_0_0_0_1,1,0.0004133333333333333,4.988876515698588e-5,0.19642857142857142,208.75462962962965
1_0_1_1_1_1_1_0_1_1_1_0_1_1_1_1_1_1_1_1_0_0_1_0_0_1_1_0_1_0_0_0_0_0_1_0_0_0_0_0_1_1_1,1,0.00040666666666666667,4.9216076867444665e-5,0.23214285714285715,356.51849037487335
1_1_1_1_1_1_1_0_0_1_1_1_0_0_0_0_1_1_0_0_1_0_0_1_1_1_1_1_1_1_1_1_1_1_1_1_1_1_1_1_0_0_1,1,0.00040666666666666667,6.649979114420001e-5,0.21428571428571427,257.41647361647364
0_0_0_0_0_0_0_1_0_0_0_1_1_1_1_1_1_0_1_1_0_0_1_0_0_0_0_0_0_0_0_0_0_0_0_1_0_0_0_0_1_1_0,1,0.00040666666666666667,5.792715732327589e-5,0.22023809523809523,255.51303306622455
0_1_0_1_1_1_1_0_1_0_1_1_0_1_0_0_1_1_1_1_0_0_0_0_1_1_1_1_0_0_0_0_0_0_1_0_0_0_0_0_1_1_1,1,0.0004033333333333334,3.299831645537221e-5,0.19642857142857142,217.07625030795762
0_1_0_0_0_0_0_1_0_0_0_1_0_1_0_0_1_0_1_1_0_1_1_0_0_0_0_0_0_0_0_0_0_1_0_1_0_0_0_1_1_1_0,1,0.0004,1.4142135623730961e-5,0.23809523809523808,356.7521367521367
1_0_1_0_0_1_0_1_0_1_0_0_1_1_1_1_1_0_1_1_0_1_0_0_1_0_0_1_1_0_0_0_0_0_0_1_0_0_0_1_1_1_0,1,0.0004,2.94392028877595e-5,0.18452380952380953,187.83374283374283
0_1_0_1_1_1_1_0_1_0_1_1_0_0_0_0_0_1_0_0_1_0_0_1_1_1_1_1_0_1_1_1_1_1_1_0_1_1_1_0_0_0_1,1,0.0004,4.2426406871192835e-5,0.17261904761904762,216.13543091655265
0_0_0_0_0_0_0_1_0_1_0_0_1_0_1_1_1_0_1_1_1_1_0_1_1_0_0_1_0_1_1_1_1_1_0_1_1_1_1_1_0_0_0,1,0.0004,0.00010198039027185572,0.20833333333333334,192.4079254079254
1_0_1_0_0_0_0_1_0_0_0_1_1_1_1_1_1_0_1_1_0_1_0_0_1_0_0_1_1_0_0_0_0_0_0_1_0_0_0_0_1_1_0,1,0.0004,3.7416573867739416e-5,0.19642857142857142,228.76475556963362
1_0_1_0_0_1_0_1_0_1_0_0_1_0_1_1_0_0_0_0_1_1_1_1_0_0_0_0_1_1_1_1_1_0_0_1_1_1_1_1_0_0_0,1,0.00039999999999999996,8.640987597877149e-5,0.19047619047619047,210.51948051948054
1_0_1_1_1_0_0_0_0_1_1_0_1_0_1_1_0_1_0_0_1_0_1_1_0_1_1_0_1_1_1_1_1_0_1_1_1_1_1_0_0_0_1,1,0.0003966666666666667,5.312459150169744e-5,0.2261904761904762,323.4346728151076
1_0_1_0_0_1_0_1_0_1_0_0_1_0_1_1_1_0_0_0_1_0_0_1_1_0_0_1_1_1_1_1_1_0_0_1_1_1_1_1_0_0_0,1,0.0003966666666666667,4.0276819911981894e-5,0.19642857142857142,208.74546717911971
1_0_1_0_0_1_0_1_0_1_0_0_1_1_1_1_0_0_1_1_0_0_1_0_0_0_0_0_1_0_0_0_0_0_0_1_0_0_0_1_1_1_0,1,0.0003966666666666667,1.699673171197595e-5,0.19047619047619047,202.0593149540518
1_0_1_0_0_0_0_1_0_1_0_0_1_1_1_1_0_0_1_1_0_0_1_0_0_0_0_0_1_0_0_0_0_0_0_1_0_0_0_0_1_1_0,1,0.00039666666666666664,7.760297817881878e-5,0.16071428571428573,200.46315192743762
0_0_0_1_1_1_1_1_1_0_1_0_1_0_1_0_0_1_0_0_1_1_1_1_0_1_1_0_0_1_1_1_1_1_0_0_1_1_1_0_0_0_1,1,0.00039333333333333337,4.642796092394707e-5,0.23809523809523808,255.02586844050256
0_1_0_1_1_1_1_0_1_0_1_1_0_1_0_0_0_1_1_1_0_0_1_0_0_1_1_0_0_0_0_0_0_1_1_0_0_0_0_1_1_1_1,1,0.00039333333333333337,5.792715732327588e-5,0.16071428571428573,202.14355198117792
0_1_0_1_1_0_1_0_1_0_1_1_0_0_0_0_1_1_0_0_1_1_0_1_1_1_1_1_0_1_1_1_1_1_1_0_1_1_1_0_0_0_1,1,0.00039,5.099019513592784e-5,0.19047619047619047,203.7439948263119
0_0_0_1_0_1_1_1_1_0_1_0_1_1_1_0_1_1_1_1_0_1_0_0_1_1_1_1_0_0_0_0_0_1_0_0_0_0_0_0_1_1_1,1,0.00039,5.8878405775518974e-5,0.23809523809523808,245.07293761109653
1_0_1_0_0_0_0_1_0_1_0_0_1_1_1_1_1_0_1_1_0_1_1_0_0_0_0_0_1_0_0_0_0_0_0_1_0_0_0_1_1_1_0,1,0.00039,4.320493798938573e-5,0.17261904761904762,206.5272692896062
0_0_0_0_0_0_0_1_1_0_0_0_1_0_1_1_1_0_0_0_1_1_0_1_1_0_0_1_0_1_1_1_1_0_0_0_1_1_1_0_0_0_0,1,0.00038666666666666667,2.8674417556808764e-5,0.20833333333333334,240.46886446886447
1_0_1_0_0_0_0_1_0_0_0_1_1_0_1_1_0_0_0_0_1_1_1_1_0_0_0_0_1_1_1_1_1_0_0_1_1_1_1_0_0_0_0,1,0.00038666666666666667,1.6996731711975944e-5,0.19047619047619047,237.45747030727776
0_1_0_0_0_1_1_1_1_0_0_1_0_1_0_0_1_0_1_1_0_1_0_0_1_0_0_1_0_0_0_0_0_1_0_0_0_0_0_1_1_1_0,1,0.00038666666666666667,3.299831645537221e-5,0.2261904761904762,299.2211342309261
0_0_0_0_0_0_0_1_0_0_0_1_1_0_1_1_0_0_0_0_1_1_0_1_1_0_0_1_0_1_1_1_1_0_0_1_1_1_1_0_0_0_0,1,0.00038333333333333334,3.299831645537221e-5,0.20833333333333334,215.96997773468362
0_1_0_0_0_1_1_1_1_0_0_1_0_0_0_0_0_0_0_0_1_1_1_1_0_0_0_0_0_1_1_1_1_1_0_0_1_1_1_1_0_0_0,1,0.00038333333333333334,0.0001322455628325158,0.22023809523809523,319.1048454469507
0_1_0_1_1_0_1_0_1_0_1_1_0_1_0_0_1_1_1_1_0_0_0_0_1_1_1_1_0_0_0_0_0_0_1_0_0_0_0_0_1_1_1,1,0.00038333333333333334,8.259674462242578e-5,0.20833333333333334,209.53661616161617
1_1_1_0_1_0_0_0_0_1_0_1_0_0_0_1_0_0_0_0_1_0_1_1_0_0_0_0_1_1_1_1_1_0_1_1_1_1_1_1_0_0_0,1,0.00038333333333333334,3.858612300930076e-5,0.23809523809523808,238.85750360750362
0_0_0_0_0_0_0_1_0_1_0_0_1_1_1_1_0_0_0_0_0_1_1_0_0_0_0_0_0_0_0_0_0_1_0_1_0_0_0_1_1_1_0,1,0.00038333333333333334,9.428090415820634e-6,0.20238095238095238,205.77500577500578
1_0_1_0_0_0_0_1_0_1_0_0_1_0_1_1_1_0_0_0_1_0_0_1_1_0_0_1_1_1_1_1_1_0_0_1_1_1_1_0_0_0_0,1,0.00037999999999999997,7.257180352359081e-5,0.16666666666666666,226.19505742676475
1_1_1_1_1_1_1_0_1_0_1_1_0_1_0_0_0_1_0_0_0_0_1_0_0_1_1_0_1_0_0_0_0_0_1_0_0_0_0_0_1_1_1,1,0.00037999999999999997,6.377042156569661e-5,0.20833333333333334,200.44038634151275
0_1_0_1_1_1_1_0_1_1_1_0_0_0_0_0_0_1_0_0_1_0_1_1_0_1_1_0_0_1_1_1_1_1_1_0_1_1_1_1_0_0_1,1,0.0003766666666666667,1.699673171197595e-5,0.19642857142857142,239.783033033033
1_1_1_0_0_0_0_0_0_1_0_1_0_0_0_1_0_0_0_0_1_0_1_1_0_0_0_0_1_1_1_1_1_0_1_1_1_1_1_1_0_0_0,1,0.0003733333333333334,5.557777333511021e-5,0.24404761904761904,271.4404761904762
1_1_1_1_1_0_1_0_1_0_1_1_0_0_0_0_0_1_0_0_1_1_1_1_0_1_1_0_1_1_1_1_1_1_1_0_1_1_1_0_0_0_1,1,0.0003733333333333334,3.7712361663282534e-5,0.22023809523809523,228.16666666666666
1_0_1_1_1_0_0_0_0_1_1_0_1_1_1_1_1_1_1_1_0_0_0_0_1_1_1_1_1_0_0_0_0_0_1_1_0_0_0_0_1_1_1,1,0.0003733333333333333,4.642796092394707e-5,0.22023809523809523,335.2581826775375
1_0_1_0_0_0_0_1_0_1_0_0_1_0_1_1_0_0_0_0_1_1_0_1_1_0_0_1_1_1_1_1_1_0_0_1_1_1_1_1_0_0_0,1,0.0003733333333333333,8.379870059984359e-5,0.17857142857142858,200.01588628762542
0_1_0_1_1_1_1_0_1_0_1_1_0_1_0_0_0_1_1_1_0_1_1_0_0_1_1_0_0_0_0_0_0_1_1_0_0_0_0_1_1_1_1,1,0.0003733333333333333,6.342099196813483e-5,0.16666666666666666,214.01729780271157
0_0_0_0_0_0_0_1_1_0_0_0_1_1_1_1_0_0_1_1_0_0_1_0_0_0_0_0_0_0_0_0_0_0_0_0_0_0_0_0_1_1_0,1,0.0003733333333333333,5.185449728701349e-5,0.22023809523809523,270.19783197831975
1_0_1_0_0_0_0_1_0_0_0_1_1_0_1_1_0_0_0_0_1_0_0_1_1_0_0_1_1_1_1_1_1_0_0_1_1_1_1_0_0_0_0,1,0.00037000000000000005,3.559026084010436e-5,0.19642857142857142,235.22275641025644
0_1_0_1_1_0_1_0_1_0_1_1_0_1_0_0_0_1_1_1_0_1_1_0_0_1_1_0_0_0_0_0_0_1_1_0_0_0_0_0_1_1_1,1,0.00036666666666666667,3.2998316455372206e-5,0.19642857142857142,217.73504273504273
1_0_1_0_0_0_0_1_0_1_0_0_1_1_1_1_0_0_1_1_0_1_1_0_0_0_0_0_1_0_0_0_0_0_0_1_0_0_0_0_1_1_0,1,0.0003666666666666666,4.189935029992178e-5,0.15476190476190477,195.18958687040183
0_0_0_1_1_1_1_1_1_0_1_0_1_1_1_0_1_1_1_1_0_1_0_0_1_1_1_1_0_0_0_0_0_1_0_0_0_0_0_0_1_1_1,1,0.0003633333333333333,6.944222218666553e-5,0.24404761904761904,257.5873015873016
0_0_0_0_0_1_0_1_0_1_0_0_1_0_1_1_1_0_1_1_1_1_0_1_1_0_0_1_0_1_1_1_1_0_0_1_1_1_1_1_0_0_0,1,0.00036,2.94392028877595e-5,0.20238095238095238,211.21825396825398
1_1_1_1_1_0_0_0_0_1_0_1_0_1_0_0_0_0_0_0_0_0_1_0_0_0_0_0_1_0_0_0_0_1_1_1_0_0_0_1_1_1_0,1,0.00036,2.4494897427831778e-5,0.2261904761904762,240.85146335146337
1_1_1_1_1_0_1_0_1_0_1_1_0_1_0_0_1_1_1_1_0_1_0_0_1_1_1_1_1_0_0_0_0_1_1_0_0_0_0_0_1_1_1,1,0.00036,2.1602468994692875e-5,0.2261904761904762,211.83930341825078
1_1_1_0_1_0_0_0_0_1_0_1_0_1_0_0_0_0_1_1_0_1_1_0_0_0_0_0_1_0_0_0_0_1_1_1_0_0_0_1_1_1_0,1,0.00035666666666666664,5.436502143433365e-5,0.23214285714285715,254.31105006105008
1_1_1_1_1_1_1_0_0_1_1_1_0_1_0_0_0_1_1_1_0_1_1_0_0_1_1_0_1_0_0_0_0_1_1_1_0_0_0_1_1_1_1,1,0.00035666666666666664,4.9216076867444685e-5,0.21428571428571427,265.8730158730159
1_0_1_1_1_1_1_0_0_1_1_0_1_0_1_1_1_1_1_1_1_0_0_1_1_1_1_1_1_1_1_1_1_0_1_1_1_1_1_1_0_0_1,1,0.0003533333333333333,3.3993463423951894e-5,0.22023809523809523,213.625
0_0_0_0_0_0_0_1_0_1_0_0_1_1_1_1_0_0_0_0_0_1_1_0_0_0_0_0_0_0_0_0_0_0_0_1_0_0_0_1_1_1_0,1,0.0003533333333333333,1.247219128924646e-5,0.18452380952380953,207.18600953895074
1_1_1_1_1_0_1_0_1_0_1_1_0_1_0_0_0_1_0_0_0_0_1_0_0_1_1_0_1_0_0_0_0_1_1_0_0_0_0_0_1_1_1,1,0.00035000000000000005,6.48074069840786e-5,0.20238095238095238,198.54231974921632
1_0_1_0_0_1_0_1_0_1_0_0_1_0_1_1_0_0_0_0_1_1_1_1_0_0_0_0_1_1_1_1_1_1_0_1_1_1_1_1_0_0_0,1,0.0003466666666666667,4.714045207910319e-5,0.20833333333333334,218.25814536340852
0_0_0_0_0_1_0_1_0_1_0_0_1_1_1_1_0_0_0_0_0_1_1_0_0_0_0_0_0_0_0_0_0_0_0_1_0_0_0_1_1_1_0,1,0.0003466666666666666,5.185449728701349e-5,0.19642857142857142,201.82283666154635
1_1_1_1_1_1_1_0_1_0_1_1_0_0_0_0_1_1_1_1_1_0_0_1_1_1_1_1_1_1_1_1_1_1_1_0_1_1_1_0_0_0_1,1,0.00034,4.242640687119286e-5,0.18452380952380953,198.58108108108107
0_1_0_0_0_0_1_1_1_0_0_0_0_0_0_0_1_0_1_1_1_1_0_1_1_0_0_1_0_1_1_1_1_1_0_0_1_1_1_1_0_0_0,1,0.00034,4.08248290463863e-5,0.20833333333333334,262.8029160382102
0_1_0_1_1_1_1_0_1_1_1_0_0_0_0_0_0_1_0_0_1_1_0_1_1_1_1_1_0_1_1_1_1_1_1_0_1_1_1_1_0_0_1,1,0.00034,4.3204937989385757e-5,0.20238095238095238,242.0460874408243
0_0_0_0_0_1_0_1_0_1_0_0_1_1_1_1_1_0_1_1_0_0_0_0_1_0_0_1_0_0_0_0_0_0_0_1_0_0_0_1_1_1_0,1,0.0003366666666666667,3.3993463423951894e-5,0.22023809523809523,217.88630009319664
0_0_0_1_0_1_1_1_1_0_1_0_1_0_1_1_1_1_0_0_1_0_0_1_1_1_1_1_0_1_1_1_1_0_0_0_1_1_1_0_0_0_1,1,0.0003366666666666667,2.0548046676563267e-5,0.23214285714285715,224.34008011806873
0_0_0_0_0_0_0_1_1_0_0_0_1_0_1_1_1_0_0_0_1_0_0_1_1_0_0_1_0_1_1_1_1_0_0_0_1_1_1_0_0_0_0,1,0.0003366666666666667,5.312459150169744e-5,0.21428571428571427,241.17683369644155
0_1_0_1_1_1_1_0_1_0_1_1_0_1_0_0_1_1_1_1_0_0_1_0_0_1_1_0_0_0_0_0_0_1_1_0_0_0_0_0_1_1_1,1,0.0003366666666666667,3.7712361663282534e-5,0.17857142857142858,219.78770333609043
0_1_0_0_0_0_1_1_1_0_0_1_0_0_0_0_1_0_1_1_1_1_0_1_1_0_0_1_0_1_1_1_1_1_0_0_1_1_1_1_0_0_0,1,0.0003366666666666667,1.699673171197595e-5,0.20238095238095238,218.7510521885522
0_1_0_0_0_0_0_1_1_0_0_1_0_0_0_0_1_0_1_1_1_1_0_1_1_0_0_1_0_1_1_1_1_1_0_0_1_1_1_0_0_0_0,1,0.0003266666666666667,9.428090415820634e-6,0.21428571428571427,213.72549019607845
1_1_1_1_1_1_1_0_1_1_1_0_0_0_0_0_0_1_0_0_1_0_0_1_1_1_1_1_1_1_1_1_1_1_1_0_1_1_1_1_0_0_1,1,0.0003266666666666667,6.0184900284225965e-5,0.21428571428571427,221.25022583559166
1_0_1_1_1_1_1_0_0_1_1_0_1_1_1_1_0_1_0_0_0_0_1_0_0_1_1_0_1_0_0_0_0_0_1_1_0_0_0_1_1_1_1,1,0.0003266666666666667,3.8586123009300757e-5,0.21428571428571427,220.425326386043
0_0_0_0_0_0_0_1_0_0_0_1_0_0_0_1_0_0_0_0_1_1_1_1_0_0_0_0_0_1_1_1_1_1_0_1_1_1_1_0_0_0_0,1,0.0003266666666666667,2.6246692913372705e-5,0.2261904761904762,208.91277890466532
0_0_0_0_0_1_0_1_0_1_0_0_1_0_1_1_0_0_0_0_1_0_1_1_0_0_0_0_0_1_1_1_1_0_0_1_1_1_1_1_0_0_0,1,0.00032333333333333335,7.84573486395988e-5,0.2261904761904762,228.29224816312333
1_1_1_1_1_1_1_0_1_0_1_1_0_1_0_0_1_1_1_1_0_1_0_0_1_1_1_1_1_0_0_0_0_1_1_0_0_0_0_0_1_1_1,1,0.0003233333333333333,2.494438257849294e-5,0.21428571428571427,203.01487784246407
0_0_0_0_0_0_0_1_1_0_0_0_1_1_1_1_0_0_1_1_0_1_1_0_0_0_0_0_0_0_0_0_0_0_0_0_0_0_0_0_1_1_0,1,0.0003233333333333333,3.7712361663282534e-5,0.21428571428571427,238.86067019400355
0_0_0_1_0_1_1_1_1_0_1_0_1_1_1_1_0_1_1_1_0_0_1_0_0_1_1_0_0_0_0_0_0_0_0_0_0_0_0_0_1_1_1,1,0.0003233333333333333,6.236095644623235e-5,0.23809523809523808,238.5187280040221
0_1_0_0_0_0_0_1_0_0_0_1_0_1_0_0_0_0_1_1_0_1_1_0_0_0_0_0_0_0_0_0_0_1_0_1_0_0_0_1_1_1_0,1,0.0003233333333333333,1.247219128924648e-5,0.23809523809523808,346.3318311195446
1_1_1_1_1_1_1_0_0_1_1_1_0_0_0_0_1_1_0_0_1_1_0_1_1_1_1_1_1_1_1_1_1_1_1_1_1_1_1_1_0_0_1,1,0.0003233333333333333,5.734883511361751e-5,0.22023809523809523,249.3078477078477
0_0_0_0_0_1_1_1_1_0_1_0_1_0_1_1_1_1_1_1_1_1_0_1_1_1_1_1_0_1_1_1_1_0_0_0_1_1_1_0_0_0_1,1,0.0003233333333333333,1.699673171197597e-5,0.2261904761904762,224.86690433749257
0_0_0_0_0_0_0_1_0_0_0_1_1_0_1_1_1_0_0_0_1_0_0_1_1_0_0_1_0_1_1_1_1_0_0_1_1_1_1_0_0_0_0,1,0.0003233333333333333,6.128258770283413e-5,0.21428571428571427,233.92566782810684
0_1_0_1_1_0_1_0_1_0_1_1_0_0_0_0_0_1_0_0_1_0_0_1_1_1_1_1_0_1_1_1_1_0_1_0_1_1_1_0_0_0_1,1,0.00032,4.3204937989385757e-5,0.20238095238095238,216.08429696664993
0_1_0_1_1_0_1_0_1_0_1_1_0_0_0_0_0_1_0_0_1_0_1_1_0_1_1_0_0_1_1_1_1_1_1_0_1_1_1_0_0_0_1,1,0.00032,2.1602468994692875e-5,0.18452380952380953,201.18814924088758
0_1_0_0_0_1_1_1_1_0_0_0_0_0_0_0_1_0_1_1_1_1_0_1_1_0_0_1_0_1_1_1_1_1_0_0_1_1_1_1_0_0_0,1,0.00032,3.559026084010437e-5,0.20833333333333334,241.8950098557942
0_1_0_1_1_1_1_0_1_1_1_0_0_1_0_0_1_1_1_1_0_0_1_0_0_1_1_0_0_0_0_0_0_1_1_0_0_0_0_1_1_1_1,1,0.00031999999999999997,4.08248290463863e-5,0.19047619047619047,219.54318902235568
1_0_1_0_0_0_0_1_0_1_0_0_1_0_1_1_0_0_0_0_1_1_0_1_1_0_0_1_1_1_1_1_1_1_0_1_1_1_1_1_0_0_0,1,0.00031999999999999997,5.715476066494082e-5,0.19642857142857142,193.58066239316238
0_0_0_0_0_0_0_1_0_0_0_1_1_1_1_1_0_0_1_1_0_0_1_0_0_0_0_0_0_0_0_0_0_0_0_1_0_0_0_0_1_1_0,1,0.0003166666666666667,4.784233364802442e-5,0.22023809523809523,244.4433551198257
0_0_0_0_0_0_0_1_0_1_0_0_1_0_1_1_1_0_1_1_1_1_0_1_1_0_0_1_0_1_1_1_1_0_0_1_1_1_1_1_0_0_0,1,0.0003166666666666667,4.496912521077348e-5,0.19047619047619047,220.36599099099098
1_1_1_1_1_1_1_0_1_1_1_0_0_1_0_0_0_1_1_1_0_1_1_0_0_1_1_0_1_0_0_0_0_1_1_0_0_0_0_1_1_1_1,1,0.00031666666666666665,3.299831645537224e-5,0.21428571428571427,262.1774193548387
1_0_1_0_0_0_0_1_0_0_0_1_0_0_0_1_0_0_0_0_1_1_1_1_0_0_0_0_1_1_1_1_1_1_0_1_1_1_1_0_0_0_0,1,0.0003133333333333334,4.7140452079103295e-6,0.20833333333333334,190.66532258064515
0_1_0_0_0_0_0_1_1_0_0_1_0_1_0_0_0_0_0_0_0_1_1_0_0_0_0_0_0_0_0_0_0_1_0_0_0_0_0_0_1_1_0,1,0.0003133333333333333,4.98887651569859e-5,0.22023809523809523,210.67926225820963
1_1_1_0_1_0_0_0_0_1_0_1_0_0_0_0_1_0_0_0_1_1_0_1_1_0_0_1_1_1_1_1_1_1_1_1_1_1_1_1_0_0_0,1,0.0003133333333333333,4.0276819911981915e-5,0.23809523809523808,236.97510318199974
1_0_1_1_1_1_0_0_0_1_1_0_1_1_1_1_1_1_1_1_0_0_0_0_1_1_1_1_1_0_0_0_0_0_1_1_0_0_0_1_1_1_1,1,0.00031333333333333327,4.189935029992178e-5,0.2261904761904762,219.04104104104104
0_0_0_0_0_1_1_1_1_0_1_0_1_1_1_1_0_1_0_0_0_1_1_0_0_1_1_0_0_0_0_0_0_0_0_0_0_0_0_0_1_1_1,1,0.00031333333333333327,2.6246692913372705e-5,0.23214285714285715,232.4198139025725
0_0_0_1_0_1_1_1_1_0_1_0_1_1_1_0_1_1_1_1_0_1_1_0_0_1_1_0_0_0_0_0_0_1_0_0_0_0_0_0_1_1_1,1,0.00031,8.164965809277282e-6,0.23809523809523808,225.434811827957
0_0_0_1_0_1_1_1_1_0_1_0_1_0_1_0_0_1_0_0_1_1_0_1_1_1_1_1_0_1_1_1_1_1_0_0_1_1_1_0_0_0_1,1,0.0003066666666666667,2.4944382578492968e-5,0.23214285714285715,229.68207282913167
0_1_0_1_1_1_1_0_1_0_1_1_0_0_0_0_1_1_0_0_1_0_0_1_1_1_1_1_0_1_1_1_1_1_1_0_1_1_1_1_0_0_1,1,0.00030333333333333335,1.6996731711975967e-5,0.15476190476190477,198.23396697388634
0_1_0_0_0_0_0_1_0_0_0_1_0_0_0_0_1_0_0_0_1_1_0_1_1_0_0_1_0_1_1_1_1_1_0_1_1_1_1_1_0_0_0,1,0.00030333333333333335,6.182412330330468e-5,0.23214285714285715,332.82469135802467
1_1_1_1_1_0_0_0_0_1_0_1_0_0_0_0_1_0_1_1_1_0_0_1_1_0_0_1_1_1_1_1_1_1_1_1_1_1_1_1_0_0_0,1,0.00030000000000000003,6.164414002968977e-5,0.23214285714285715,249.30442673400145
1_1_1_1_1_1_1_0_1_1_1_0_0_0_0_0_1_1_0_0_1_1_0_1_1_1_1_1_1_1_1_1_1_1_1_0_1_1_1_1_0_0_1,1,0.0003,0.0,0.22023809523809523,228.11111111111111
1_1_1_1_1_1_1_0_1_1_1_0_0_1_0_0_1_1_1_1_0_0_1_0_0_1_1_0_1_0_0_0_0_1_1_0_0_0_0_1_1_1_1,1,0.0003,2.4494897427831778e-5,0.20833333333333334,222.57687991021325
1_1_1_1_1_1_1_0_1_0_1_1_0_0_0_0_0_1_0_0_1_1_1_1_0_1_1_0_1_1_1_1_1_1_1_0_1_1_1_0_0_0_1,1,0.0003,8.16496580927726e-6,0.20833333333333334,197.65467803732543
1_0_1_0_0_0_0_1_0_0_0_1_1_1_1_1_1_0_1_1_0_0_1_0_0_0_0_0_1_0_0_0_0_0_0_1_0_0_0_0_1_1_0,1,0.0002966666666666667,9.428090415820634e-6,0.20238095238095238,229.9962921764924
0_1_0_1_1_1_1_0_1_1_1_0_0_1_0_0_1_1_1_1_0_1_1_0_0_1_1_0_0_0_0_0_0_1_1_0_0_0_0_1_1_1_1,1,0.0002966666666666667,9.428090415820634e-6,0.19642857142857142,242.23581757508342
0_1_0_1_1_0_1_0_1_0_1_1_0_1_0_0_1_1_1_1_0_0_0_0_1_1_1_1_0_0_0_0_0_1_1_0_0_0_0_0_1_1_1,1,0.0002933333333333333,2.8674417556808764e-5,0.19047619047619047,203.24585376309514
1_0_1_1_1_0_0_0_0_1_1_0_1_0_1_1_0_1_0_0_1_0_0_1_1_1_1_1_1_1_1_1_1_0_1_1_1_1_1_0_0_0_1,1,0.00029,5.715476066494083e-5,0.2261904761904762,320.23365842331356
0_1_0_0_0_1_1_1_1_0_0_1_0_0_0_0_0_0_0_0_1_1_0_1_1_0_0_1_0_1_1_1_1_1_0_0_1_1_1_1_0_0_0,1,0.00029,3.741657386773943e-5,0.22023809523809523,311.18291316526614
1_0_1_0_0_0_0_1_0_1_0_0_1_1_1_1_1_0_1_1_0_1_1_0_0_0_0_0_1_0_0_0_0_1_0_1_0_0_0_1_1_1_0,1,0.0002866666666666667,6.128258770283413e-5,0.19047619047619047,216.93988323298666
0_0_0_0_0_1_0_1_0_1_0_0_1_1_1_1_1_0_1_1_0_1_0_0_1_0_0_1_0_0_0_0_0_1_0_1_0_0_0_1_1_1_0,1,0.0002866666666666667,3.299831645537221e-5,0.23214285714285715,213.27532467532467
0_0_0_0_0_0_0_1_0_0_0_1_1_1_1_1_1_0_1_1_0_1_1_0_0_0_0_0_0_0_0_0_0_0_0_1_0_0_0_0_1_1_0,1,0.00028000000000000003,2.94392028877595e-5,0.21428571428571427,232.04243827160494
1_0_1_1_1_0_0_0_0_1_1_0_1_1_1_1_1_1_1_1_0_0_1_0_0_1_1_0_1_0_0_0_0_0_1_1_0_0_0_0_1_1_1,1,0.00028000000000000003,2.1602468994692875e-5,0.22023809523809523,308.31066384829825
1_0_1_1_1_0_0_0_0_1_1_1_1_1_1_1_0_1_0_0_0_0_1_0_0_1_1_0_1_0_0_0_0_0_1_1_0_0_0_0_1_1_1,1,0.00028000000000000003,8.16496580927726e-6,0.20833333333333334,220.38268564130632
1_0_1_1_1_1_0_0_0_1_1_0_1_1_1_1_0_1_0_0_0_0_1_0_0_1_1_0_1_0_0_0_0_0_1_1_0_0_0_0_1_1_1,1,0.00028,8.16496580927726e-6,0.20238095238095238,222.9004743659916
0_0_0_0_0_0_0_1_0_1_0_0_1_1_1_1_1_0_1_1_0_0_0_0_1_0_0_1_0_0_0_0_0_0_0_0_0_0_0_0_1_1_0,1,0.00027666666666666665,4.496912521077348e-5,0.20238095238095238,207.1800653594771
0_1_0_1_1_1_1_0_1_0_1_1_0_1_0_0_1_1_1_1_0_0_1_0_0_1_1_0_0_0_0_0_0_0_1_0_0_0_0_0_1_1_1,1,0.00027666666666666665,4.0276819911981894e-5,0.19642857142857142,193.29423264907135
1_0_1_1_1_0_0_0_0_1_1_1_1_0_1_1_1_1_1_1_1_0_0_1_1_1_1_1_1_1_1_1_1_0_1_1_1_1_1_0_0_0_1,1,0.00027666666666666665,8.013876853447538e-5,0.21428571428571427,226.94638694638695
0_1_0_1_1_1_1_0_1_0_1_1_0_1_0_0_0_1_1_1_0_0_1_0_0_1_1_0_0_0_0_0_0_1_1_0_0_0_0_0_1_1_1,1,0.00027333333333333333,1.8856180831641267e-5,0.17857142857142858,218.05128205128207
1_0_1_1_1_1_1_0_1_1_1_0_1_0_1_1_1_1_0_0_1_0_0_1_1_1_1_1_1_1_1_1_1_0_1_0_1_1_1_0_0_0_1,1,0.00027333333333333333,4.7140452079103176e-5,0.23809523809523808,358.60294117647055
0_1_0_0_0_0_0_1_1_0_0_1_0_0_0_0_1_0_1_1_1_0_0_1_1_0_0_1_0_1_1_1_1_0_0_0_1_1_1_0_0_0_0,1,0.00027333333333333333,1.8856180831641267e-5,0.2261904761904762,211.46153846153845
0_0_0_0_0_1_0_1_0_1_0_0_1_1_1_1_1_0_1_1_0_0_1_0_0_0_0_0_0_0_0_0_0_0_0_1_0_0_0_1_1_1_0,1,0.00027333333333333333,2.0548046676563243e-5,0.22023809523809523,227.6246913580247
0_0_0_0_0_0_0_1_0_1_0_0_1_1_1_1_1_0_1_1_0_0_0_0_1_0_0_1_0_0_0_0_0_0_0_1_0_0_0_1_1_1_0,1,0.00027333333333333333,4.496912521077346e-5,0.20833333333333334,209.0721966205837
1_0_1_1_1_1_0_0_0_1_1_1_1_0_1_1_1_1_1_1_1_0_0_1_1_1_1_1_1_1_1_1_1_0_1_1_1_1_1_0_0_0_1,1,0.00027333333333333333,6.128258770283411e-5,0.21428571428571427,279.85273368606704
0_0_0_0_0_0_0_1_0_1_0_0_1_0_1_1_0_0_0_0_1_1_1_1_0_0_0_0_0_1_1_1_1_0_0_0_1_1_1_0_0_0_0,1,0.00027,8.16496580927726e-5,0.20238095238095238,199.2441461068912
1_0_1_1_1_1_0_0_0_1_1_1_1_1_1_1_0_1_0_0_0_0_1_0_0_1_1_0_1_0_0_0_0_0_1_1_0_0_0_0_1_1_1,1,0.0002666666666666667,2.0548046676563253e-5,0.20833333333333334,251.26170710940823
1_1_1_1_1_1_1_0_1_0_1_1_0_1_0_0_0_1_0_0_0_0_1_0_0_1_1_0_1_0_0_0_0_1_1_0_0_0_0_0_1_1_1,1,0.0002666666666666666,2.357022603955157e-5,0.19047619047619047,196.7111111111111
1_0_1_1_1_1_1_0_1_1_1_0_1_1_1_1_0_1_1_1_0_0_1_0_0_1_1_0_1_0_0_0_0_0_1_0_0_0_0_0_1_1_1,1,0.0002666666666666666,1.247219128924646e-5,0.23214285714285715,364.7241622574956
0_1_0_0_0_0_1_1_1_0_0_1_0_0_0_0_0_0_0_0_1_1_1_1_0_0_0_0_0_1_1_1_1_1_0_0_1_1_1_0_0_0_0,1,0.00026333333333333336,4.988876515698588e-5,0.2261904761904762,212.23145743145741
1_0_1_0_0_0_0_1_0_1_0_0_1_0_1_1_1_0_0_0_1_1_0_1_1_0_0_1_1_1_1_1_1_0_0_1_1_1_1_1_0_0_0,1,0.00026333333333333336,1.6996731711975937e-5,0.17857142857142858,198.07760141093476
1_1_1_1_1_1_1_0_1_1_1_0_1_1_1_0_1_1_1_1_0_0_0_0_1_1_1_1_1_0_0_0_0_0_1_0_0_0_0_1_1_1_1,1,0.00026333333333333336,5.79271573232759e-5,0.2261904761904762,207.18039215686272
0_0_0_0_0_0_0_1_0_1_0_0_1_0_1_1_0_0_0_0_1_0_1_1_0_0_0_0_0_1_1_1_1_0_0_1_1_1_1_1_0_0_0,1,0.00026333333333333336,1.8856180831641267e-5,0.21428571428571427,207.3609195402299
1_0_1_0_0_0_0_1_0_0_0_1_1_0_1_1_0_0_0_0_1_1_0_1_1_0_0_1_1_1_1_1_1_0_0_1_1_1_1_0_0_0_0,1,0.00026333333333333336,4.921607686744468e-5,0.19047619047619047,230.6195987654321
0_1_0_1_1_1_1_0_1_0_1_1_0_0_0_0_1_1_0_0_1_0_0_1_1_1_1_1_0_1_1_1_1_1_1_0_1_1_1_0_0_0_1,1,0.00026333333333333336,0.000112644968324772,0.17261904761904762,211.67658730158732
0_1_0_0_0_0_1_1_1_0_0_1_0_1_0_0_0_0_0_0_0_1_1_0_0_0_0_0_0_0_0_0_0_1_0_0_0_0_0_1_1_1_0,1,0.0002633333333333333,1.6996731711975937e-5,0.20833333333333334,210.9016754850088
1_0_1_0_0_0_0_1_0_0_0_1_1_1_1_1_0_0_1_1_0_0_1_0_0_0_0_0_1_0_0_0_0_0_0_1_0_0_0_0_1_1_0,1,0.00026000000000000003,3.7416573867739416e-5,0.20238095238095238,239.84418377321603
0_0_0_1_0_1_1_1_1_0_1_0_1_0_1_0_1_1_0_0_1_1_0_1_1_1_1_1_0_1_1_1_1_1_0_0_1_1_1_0_0_0_1,1,0.00026,7.348469228349533e-5,0.23214285714285715,232.65287653522947
1_0_1_0_0_1_0_1_0_1_0_0_1_1_1_1_1_0_1_1_0_1_1_0_0_0_0_0_1_0_0_0_0_1_0_1_0_0_0_1_1_1_0,1,0.00026,3.559026084010437e-5,0.20238095238095238,202.95893719806762
0_0_0_1_1_1_1_1_1_0_1_0_1_0_1_0_0_1_0_0_1_1_0_1_1_1_1_1_0_1_1_1_1_1_0_0_1_1_1_0_0_0_1,1,0.00026,8.602325267042626e-5,0.23809523809523808,280.49009009009006
1_0_1_0_0_0_0_1_0_1_0_0_1_1_1_1_0_0_1_1_0_1_1_0_0_0_0_0_1_0_0_0_0_0_0_1_0_0_0_1_1_1_0,1,0.0002566666666666667,7.760297817881877e-5,0.17261904761904762,197.21108058608058
1_1_1_0_1_0_0_0_0_1_0_1_0_0_0_1_0_0_0_0_1_0_0_1_1_0_0_1_1_1_1_1_1_0_1_1_1_1_1_1_0_0_0,1,0.00025666666666666665,4.02768199119819e-5,0.23809523809523808,252.43678160919544
1_1_1_1_1_0_0_0_1_0_1_1_0_0_0_0_1_1_1_1_1_1_0_1_1_1_1_1_1_1_1_1_1_1_1_0_1_1_1_0_0_0_1,1,0.00025666666666666665,1.6996731711975937e-5,0.20833333333333334,207.80079365079368
0_1_0_0_0_0_1_1_1_0_0_1_0_0_0_0_0_0_0_0_1_0_1_1_0_0_0_0_0_1_1_1_1_0_0_0_1_1_1_0_0_0_0,1,0.00025666666666666665,1.6996731711975937e-5,0.23809523809523808,245.20793650793647
0_0_0_0_0_0_0_1_0_0_0_1_1_0_1_1_1_0_0_0_1_1_0_1_1_0_0_1_0_1_1_1_1_0_0_1_1_1_1_0_0_0_0,1,0.00025333333333333333,2.0548046676563243e-5,0.20833333333333334,199.54037267080744
1_1_1_1_1_0_1_0_1_0_1_1_0_0_0_0_0_1_0_0_1_0_1_1_0_1_1_0_1_1_1_1_1_0_1_0_1_1_1_0_0_0_1,1,0.00025333333333333333,3.299831645537221e-5,0.23214285714285715,237.68914993052923
0_1_0_1_1_0_1_0_1_0_1_1_0_1_0_0_1_1_1_1_0_0_1_0_0_1_1_0_0_0_0_0_0_0_1_0_0_0_0_0_1_1_1,1,0.00025333333333333333,3.858612300930075e-5,0.20833333333333334,205.34035759897827
1_0_1_1_1_1_0_0_0_1_1_0_1_0_1_1_1_1_1_1_1_0_0_1_1_1_1_1_1_1_1_1_1_0_1_1_1_1_1_0_0_0_1,1,0.00025333333333333333,1.247219128924647e-5,0.20833333333333334,224.17839506172837
1_1_1_1_1_1_1_0_1_0_1_1_0_0_0_0_1_1_1_1_1_1_0_1_1_1_1_1_1_1_1_1_1_1_1_1_1_1_1_0_0_0_1,1,0.00025,3.265986323710904e-5,0.20238095238095238,205.55073891625617
0_1_0_1_1_1_1_0_1_1_1_0_0_0_0_0_1_1_0_0_1_1_0_1_1_1_1_1_0_1_1_1_1_1_1_0_1_1_1_1_0_0_1,1,0.00025,5.65685424949238e-5,0.20238095238095238,233.31304935767412
0_1_0_1_1_1_1_0_1_1_1_0_0_1_0_0_0_1_1_1_0_1_1_0_0_1_1_0_0_0_0_0_0_1_1_0_0_0_0_1_1_1_1,1,0.00025,3.5590260840104354e-5,0.19642857142857142,248.42072902942468
0_1_0_1_1_1_1_0_1_0_1_1_0_0_0_0_0_1_0_0_1_0_0_1_1_1_1_1_0_1_1_1_1_0_1_0_1_1_1_0_0_0_1,1,0.00025,4.546060565661952e-5,0.19047619047619047,207.21684587813618
1_1_1_1_1_0_1_0_1_0_1_1_0_1_0_0_1_1_1_1_0_1_1_0_0_1_1_0_1_0_0_0_0_1_1_0_0_0_0_0_1_1_1,1,0.0002466666666666667,4.0276819911981894e-5,0.2261904761904762,237.4271326464309
1_1_1_1_1_1_1_0_1_0_1_1_0_0_0_0_0_1_0_0_1_1_1_1_0_1_1_0_1_1_1_1_1_1_1_1_1_1_1_1_0_0_1,1,0.0002466666666666667,9.42809041582062e-6,0.20238095238095238,207.78846153846155
0_1_0_1_1_0_1_0_1_0_1_1_0_1_0_0_0_1_1_1_0_0_1_0_0_1_1_0_0_0_0_0_0_0_1_0_0_0_0_0_1_1_1,1,0.00024333333333333336,4.714045207910316e-5,0.20833333333333334,204.79774705581158
1_1_1_1_1_0_1_0_1_0_1_1_0_1_0_0_1_1_1_1_0_0_0_0_1_1_1_1_1_0_0_0_0_0_1_0_0_0_0_0_1_1_1,1,0.00024333333333333336,4.714045207910316e-5,0.23809523809523808,224.87455197132616
0_0_0_0_0_0_0_1_0_0_0_1_0_1_0_1_1_0_1_1_0_1_0_0_1_0_0_1_0_0_0_0_0_1_0_1_0_0_0_0_1_1_0,1,0.00024333333333333333,4.189935029992177e-5,0.23214285714285715,215.3840579710145
1_0_1_0_0_1_0_1_0_1_0_0_1_1_1_1_1_0_1_1_0_1_1_0_0_0_0_0_1_0_0_0_0_0_0_1_0_0_0_1_1_1_0,1,0.00024333333333333333,4.496912521077346e-5,0.18452380952380953,176.0687134502924
1_1_1_1_1_1_1_0_1_0_1_1_0_1_0_0_0_1_0_0_0_1_1_0_0_1_1_0_1_0_0_0_0_1_1_1_0_0_0_0_1_1_1,1,0.00024333333333333333,8.259674462242579e-5,0.20833333333333334,221.2962962962963
0_0_0_0_0_0_0_1_0_1_0_0_1_1_1_1_1_0_1_1_0_0_1_0_0_0_0_0_0_0_0_0_0_0_0_1_0_0_0_1_1_1_0,1,0.00023999999999999998,5.099019513592785e-5,0.20833333333333334,191.50460462005455
0_1_0_1_1_1_1_0_1_1_1_0_1_0_1_0_0_1_0_0_1_0_1_1_0_1_1_0_0_1_1_1_1_0_1_0_1_1_1_1_0_0_1,1,0.00023999999999999998,2.1602468994692865e-5,0.21428571428571427,203.18450202508174
1_0_1_0_0_0_0_1_0_0_0_1_1_1_1_1_1_0_1_1_0_1_1_0_0_0_0_0_1_0_0_0_0_0_0_1_0_0_0_0_1_1_0,1,0.00023999999999999998,3.741657386773941e-5,0.19642857142857142,249.51924037981007
1_1_1_0_0_0_0_0_0_1_0_1_0_0_0_1_0_0_0_0_1_0_0_1_1_0_0_1_1_1_1_1_1_0_1_1_1_1_1_1_0_0_0,1,0.00023666666666666668,1.8856180831641267e-5,0.24404761904761904,261.00952380952384
1_0_1_0_0_0_0_1_0_1_0_0_1_1_1_1_0_0_1_1_0_1_1_0_0_0_0_0_1_0_0_0_0_1_0_1_0_0_0_1_1_1_0,1,0.00023666666666666668,1.247219128924647e-5,0.19047619047619047,211.79242424242423
1_1_1_1_1_1_1_0_1_1_1_0_1_0_1_0_0_1_0_0_1_0_1_1_0_1_1_0_1_1_1_1_1_0_1_0_1_1_1_1_0_0_1,1,0.00023666666666666663,2.6246692913372692e-5,0.23214285714285715,199.84871794871796
1_0_1_0_0_1_0_1_0_1_0_0_1_0_1_1_0_0_0_0_1_1_0_1_1_0_0_1_1_1_1_1_1_1_0_1_1_1_1_1_0_0_0,1,0.00023333333333333336,4.496912521077347e-5,0.20833333333333334,207.282469876173
0_0_0_0_0_1_1_1_0_1_0_0_1_0_1_1_1_0_1_1_1_0_0_1_1_0_0_1_0_1_1_1_1_0_0_1_1_1_1_1_0_0_0,1,0.00023333333333333333,7.318166133366717e-5,0.21428571428571427,202.86156372363268
1_1_1_1_1_1_1_0_1_0_1_1_0_0_0_0_0_1_0_0_1_0_1_1_0_1_1_0_1_1_1_1_1_1_1_1_1_1_1_1_0_0_1,1,0.00023333333333333333,4.714045207910315e-5,0.19642857142857142,208.44444444444446
0_0_0_0_0_0_0_1_0_1_0_0_1_0_1_1_0_0_0_0_1_0_1_1_0_0_0_0_0_1_1_1_1_0_0_0_1_1_1_0_0_0_0,1,0.00023333333333333333,5.734883511361749e-5,0.20833333333333334,217.36111111111111
0_1_0_1_1_1_1_0_1_0_1_1_0_1_0_0_0_1_1_1_0_0_1_0_0_1_1_0_0_0_0_0_0_0_1_0_0_0_0_0_1_1_1,1,0.00023333333333333333,4.714045207910317e-6,0.19642857142857142,196.19565217391303
1_1_1_1_1_0_0_0_1_0_1_1_0_1_0_0_0_1_0_0_0_1_1_0_0_1_1_0_1_0_0_0_0_1_1_0_0_0_0_0_1_1_1,1,0.0002333333333333333,5.249338582674539e-5,0.21428571428571427,226.66437728937728
1_1_1_0_0_0_0_0_0_1_0_1_0_1_0_1_1_0_1_1_0_0_1_0_0_0_0_0_1_0_0_0_0_0_1_1_0_0_0_1_1_1_0,1,0.00023000000000000003,2.9439202887759477e-5,0.23809523809523808,248.18207377417903
1_1_1_1_1_1_1_0_1_1_1_0_0_0_0_0_1_1_0_0_1_0_0_1_1_1_1_1_1_1_1_1_1_1_1_0_1_1_1_1_0_0_1,1,0.00023000000000000003,8.16496580927726e-6,0.21428571428571427,250.73616600790513
1_1_1_1_1_0_1_0_1_0_1_1_0_0_0_0_0_1_0_0_1_1_0_1_1_1_1_1_1_1_1_1_1_1_1_0_1_1_1_0_0_0_1,1,0.00023000000000000003,4.320493798938573e-5,0.22023809523809523,214.99985475671747
1_0_1_1_1_1_1_0_0_1_1_0_1_0_1_1_1_1_1_1_1_1_0_1_1_1_1_1_1_1_1_1_1_1_1_1_1_1_1_1_0_0_1,1,0.00022999999999999998,2.943920288775948e-5,0.23214285714285715,207.2958839406208
1_0_1_0_0_0_0_1_0_0_0_1_1_0_1_1_1_0_0_0_1_0_0_1_1_0_0_1_1_1_1_1_1_0_0_1_1_1_1_0_0_0_0,1,0.00022999999999999998,3.5590260840104354e-5,0.19642857142857142,227.54761904761904
1_1_1_1_1_1_1_0_1_0_1_1_0_1_0_0_1_1_1_1_0_0_0_0_1_1_1_1_1_0_0_0_0_1_1_1_0_0_0_1_1_1_1,1,0.00022666666666666668,4.9216076867444665e-5,0.20238095238095238,191.41557563464258
1_1_1_0_0_0_0_0_0_1_0_1_0_0_0_1_1_0_0_0_1_0_0_1_1_0_0_1_1_1_1_1_1_0_1_1_1_1_1_1_0_0_0,1,0.00022666666666666668,6.599663291074444e-5,0.24404761904761904,248.72685185185185
1_0_1_1_1_1_0_0_0_1_1_0_1_1_1_1_1_1_1_1_0_1_0_0_1_1_1_1_1_0_0_0_0_1_1_1_0_0_0_1_1_1_1,1,0.00022666666666666668,4.0276819911981894e-5,0.23809523809523808,244.49381598793363
0_0_0_0_0_1_0_1_0_1_0_0_1_0_1_1_0_0_0_0_1_0_0_1_1_0_0_1_0_1_1_1_1_0_0_1_1_1_1_1_0_0_0,1,0.00022666666666666668,2.357022603955157e-5,0.2261904761904762,206.44688644688645
0_0_0_0_0_0_0_1_0_0_0_1_1_1_1_1_0_0_1_1_0_1_1_0_0_0_0_0_0_0_0_0_0_0_0_1_0_0_0_0_1_1_0,1,0.00022666666666666668,2.8674417556808744e-5,0.21428571428571427,241.82010209470164
1_0_1_0_0_1_0_1_0_1_0_0_1_0_1_1_0_0_0_0_1_1_0_1_1_0_0_1_1_1_1_1_1_0_0_1_1_1_1_1_0_0_0,1,0.00022333333333333333,3.2998316455372206e-5,0.19047619047619047,189.70333209463647
1_0_1_0_0_0_0_1_0_1_0_0_1_0_1_1_1_0_0_0_1_1_0_1_1_0_0_1_1_1_1_1_1_1_0_1_1_1_1_1_0_0_0,1,0.00022333333333333333,2.0548046676563253e-5,0.19642857142857142,208.5969696969697
1_0_1_1_1_0_0_0_0_1_1_0_1_1_1_1_0_1_1_1_0_0_1_0_0_1_1_0_1_0_0_0_0_0_1_1_0_0_0_0_1_1_1,1,0.00022333333333333333,2.8674417556808744e-5,0.22023809523809523,341.43233959023433
0_0_0_0_0_1_1_1_1_0_1_0_1_0_1_1_0_1_0_0_1_1_1_1_0_1_1_0_0_1_1_1_1_0_0_0_1_1_1_0_0_0_1,1,0.00022333333333333333,6.182412330330468e-5,0.24404761904761904,244.2604614001798
0_1_0_0_0_0_0_1_1_0_0_1_0_1_0_0_0_0_0_0_0_0_1_0_0_0_0_0_0_0_0_0_0_0_0_0_0_0_0_0_1_1_0,1,0.00022,3.559026084010437e-5,0.23214285714285715,233.40490196078431
0_1_0_1_1_1_1_0_1_1_1_0_1_1_1_0_1_1_1_1_0_0_0_0_1_1_1_1_0_0_0_0_0_0_1_0_0_0_0_1_1_1_1,1,0.00022,4.898979485566355e-5,0.20833333333333334,202.1672077922078
0_1_0_1_1_1_1_0_1_1_1_0_0_0_0_0_0_1_0_0_1_0_0_1_1_1_1_1_0_1_1_1_1_1_1_0_1_1_1_1_0_0_1,1,0.00022,7.483314773547882e-5,0.19642857142857142,224.0277777777778
0_1_0_0_0_0_1_1_1_0_0_0_0_1_0_0_0_0_0_0_0_1_1_0_0_0_0_0_0_0_0_0_0_1_0_0_0_0_0_1_1_1_0,1,0.00021666666666666666,6.649979114420001e-5,0.21428571428571427,235.41666666666666
1_1_1_0_1_0_0_0_0_1_0_1_0_0_0_1_1_0_0_0_1_0_0_1_1_0_0_1_1_1_1_1_1_0_1_1_1_1_1_1_0_0_0,1,0.00021666666666666666,1.247219128924647e-5,0.23809523809523808,242.11330698287222
0_1_0_0_0_1_1_1_1_0_0_0_0_1_0_0_0_0_0_0_0_1_1_0_0_0_0_0_0_0_0_0_0_1_0_0_0_0_0_1_1_1_0,1,0.00021666666666666666,4.9888765156985895e-5,0.21428571428571427,237.3569511540526
1_1_1_1_1_1_1_0_1_1_1_0_0_1_0_0_0_1_1_1_0_0_1_0_0_1_1_0_1_0_0_0_0_1_1_0_0_0_0_1_1_1_1,1,0.00021666666666666666,2.6246692913372702e-5,0.20833333333333334,222.62479871175523
1_1_1_1_1_1_1_0_1_0_1_1_0_0_0_0_0_1_0_0_1_1_0_1_1_1_1_1_1_1_1_1_1_1_1_0_1_1_1_0_0_0_1,1,0.00021666666666666666,2.494438257849294e-5,0.20833333333333334,192.6439431913116
1_0_1_0_0_0_0_1_0_0_0_1_0_1_0_1_1_0_1_1_0_1_0_0_1_0_0_1_1_0_0_0_0_1_0_1_0_0_0_0_1_1_0,1,0.00021666666666666666,3.0912061651652335e-5,0.21428571428571427,203.98987854251013
0_0_0_0_0_1_0_1_0_1_0_0_1_0_1_1_0_0_0_0_1_1_1_1_0_0_0_0_0_1_1_1_1_1_0_1_1_1_1_1_0_0_0,1,0.00021666666666666666,5.24933858267454e-5,0.23809523809523808,221.8419273335468
0_0_0_0_0_1_1_1_0_1_0_0_1_1_1_1_0_0_0_0_0_0_1_0_0_0_0_0_0_0_0_0_0_0_0_1_0_0_0_1_1_1_0,1,0.00021333333333333336,2.494438257849294e-5,0.20833333333333334,211.92340067340066
0_1_0_0_0_1_1_1_1_0_0_1_0_1_0_0_1_0_1_1_0_1_1_0_0_0_0_0_0_0_0_0_0_1_0_0_0_0_0_1_1_1_0,1,0.0002133333333333333,6.342099196813482e-5,0.2261904761904762,287.96491228070175
1_0_1_0_0_1_0_1_0_1_0_0_1_0_1_1_1_0_0_0_1_1_0_1_1_0_0_1_1_1_1_1_1_1_0_1_1_1_1_1_0_0_0,1,0.0002133333333333333,2.0548046676563253e-5,0.20833333333333334,213.249791144528
0_1_0_1_1_1_1_0_1_1_1_0_0_1_0_0_0_1_1_1_0_0_1_0_0_1_1_0_0_0_0_0_0_1_1_0_0_0_0_1_1_1_1,1,0.00021,2.1602468994692865e-5,0.19047619047619047,229.03674425413556
1_0_1_1_1_0_0_0_0_1_1_1_1_1_1_1_0_1_0_0_0_0_1_0_0_1_1_0_1_0_0_0_0_0_1_0_0_0_0_0_1_1_1,1,0.00021,8.16496580927726e-6,0.20833333333333334,205.6096681096681
0_1_0_1_1_1_1_0_1_0_1_1_0_0_0_0_1_1_0_0_1_0_0_1_1_1_1_1_0_1_1_1_1_0_1_0_1_1_1_0_0_0_1,1,0.00021,8.16496580927726e-6,0.19047619047619047,190.88455988455988
1_0_1_1_1_1_1_0_0_1_1_0_1_1_1_1_0_1_0_0_0_1_1_0_0_1_1_0_1_0_0_0_0_1_1_1_0_0_0_1_1_1_1,1,0.00021,1.632993161855452e-5,0.2261904761904762,209.30877919436273
0_0_0_0_0_0_0_1_0_1_0_0_1_1_1_1_1_0_1_1_0_1_0_0_1_0_0_1_0_0_0_0_0_0_0_0_0_0_0_0_1_1_0,1,0.00021,2.4494897427831778e-5,0.19642857142857142,213.0224867724868
0_0_0_1_1_1_1_1_1_0_1_0_1_1_1_0_1_1_1_1_0_1_1_0_0_1_1_0_0_0_0_0_0_1_0_0_0_0_0_0_1_1_1,1,0.00021,2.1602468994692865e-5,0.24404761904761904,271.7288830332309
0_1_0_0_0_0_1_1_1_0_0_1_0_1_0_0_1_0_1_1_0_1_0_0_1_0_0_1_0_0_0_0_0_1_0_0_0_0_0_0_1_1_0,1,0.00021,8.16496580927726e-6,0.23214285714285715,228.90404040404042
0_0_0_0_0_0_0_1_0_1_0_0_1_0_1_1_1_0_1_1_1_0_0_1_1_0_0_1_0_1_1_1_1_0_0_0_1_1_1_1_0_0_0,1,0.00021,2.9439202887759487e-5,0.20833333333333334,221.51069518716577
0_0_0_1_1_1_1_1_1_0_1_0_1_1_1_0_0_1_1_1_0_1_1_0_0_1_1_0_0_0_0_0_0_1_0_0_0_0_0_0_1_1_1,1,0.00020666666666666666,5.249338582674539e-5,0.24404761904761904,252.38756613756615
1_0_1_0_0_1_0_1_0_1_0_0_1_1_1_1_0_0_1_1_0_1_1_0_0_0_0_0_1_0_0_0_0_1_0_1_0_0_0_1_1_1_0,1,0.00020333333333333336,1.6996731711975947e-5,0.20238095238095238,195.30543530543528
0_1_0_1_1_0_1_0_1_0_1_1_0_0_0_0_1_1_0_0_1_0_0_1_1_1_1_1_0_1_1_1_1_0_1_0_1_1_1_0_0_0_1,1,0.00020333333333333336,9.428090415820634e-6,0.20238095238095238,204.95405179615705
0_1_0_0_0_0_1_1_1_0_0_1_0_1_0_0_1_0_1_1_0_0_0_0_1_0_0_1_0_0_0_0_0_0_0_0_0_0_0_0_1_1_0,1,0.00020333333333333333,2.0548046676563253e-5,0.24404761904761904,257.2431561996779
0_1_0_0_0_0_0_1_1_0_0_1_0_1_0_0_1_0_1_1_0_1_0_0_1_0_0_1_0_0_0_0_0_1_0_0_0_0_0_0_1_1_0,1,0.00020333333333333333,7.93025150224688e-5,0.23809523809523808,215.95878136200716
0_0_0_0_0_0_0_1_0_1_0_0_1_1_1_1_0_0_0_0_0_0_1_0_0_0_0_0_0_0_0_0_0_0_0_0_0_0_0_1_1_1_0,1,0.0002,4.8989794855663556e-5,0.20238095238095238,197.43223443223442
1_1_1_0_1_0_0_0_0_1_0_1_0_1_0_1_0_0_1_1_0_0_1_0_0_0_0_0_1_0_0_0_0_0_1_1_0_0_0_1_1_1_0,1,0.0002,3.7416573867739416e-5,0.23214285714285715,248.49517543859648
0_1_0_0_0_1_1_1_1_0_0_0_0_0_0_0_1_0_1_1_1_1_0_1_1_0_0_1_0_1_1_1_1_1_0_1_1_1_1_1_0_0_0,1,0.00019999999999999998,4.082482904638631e-5,0.20833333333333334,221.17777777777778
1_1_1_0_1_0_0_0_0_1_0_1_0_1_0_1_1_0_1_1_0_0_1_0_0_0_0_0_1_0_0_0_0_0_1_1_0_0_0_1_1_1_0,1,0.00019999999999999998,5.0990195135927854e-5,0.23214285714285715,228.59259259259258
0_0_0_0_0_1_0_1_0_1_0_0_1_1_1_1_1_0_1_1_0_1_0_0_1_0_0_1_0_0_0_0_0_0_0_1_0_0_0_1_1_1_0,1,0.00019666666666666669,3.681787005729088e-5,0.21428571428571427,212.55555555555554
0_1_0_1_1_0_1_0_1_0_1_1_0_0_0_0_0_1_0_0_1_0_0_1_1_1_1_1_0_1_1_1_1_1_1_0_1_1_1_0_0_0_1,1,0.00019666666666666669,2.494438257849294e-5,0.18452380952380953,185.60461255440393
1_1_1_1_1_1_1_0_1_0_1_1_0_1_0_0_1_1_1_1_0_0_0_0_1_1_1_1_1_0_0_0_0_0_1_0_0_0_0_0_1_1_1,1,0.00019666666666666669,1.247219128924647e-5,0.2261904761904762,203.84391534391534
0_1_0_1_1_0_1_0_1_0_1_1_0_1_0_0_1_1_1_1_0_0_1_0_0_1_1_0_0_0_0_0_0_1_1_0_0_0_0_0_1_1_1,1,0.00019666666666666669,4.496912521077348e-5,0.19047619047619047,216.36190476190475
1_0_1_1_1_1_1_0_0_1_1_0_1_1_1_1_1_1_1_1_0_0_0_0_1_1_1_1_1_0_0_0_0_0_1_1_0_0_0_1_1_1_1,1,0.00019333333333333333,3.3993463423951894e-5,0.23214285714285715,211.4814814814815
0_0_0_0_0_0_0_1_0_1_0_0_1_1_1_1_1_0_1_1_0_1_0_0_1_0_0_1_0_0_0_0_0_1_0_1_0_0_0_1_1_1_0,1,0.00019333333333333333,3.299831645537221e-5,0.22023809523809523,188.562091503268
0_0_0_0_0_1_1_1_0_1_0_0_1_1_1_1_0_0_0_0_0_1_1_0_0_0_0_0_0_0_0_0_0_1_0_1_0_0_0_1_1_1_0,1,0.00019333333333333333,2.62466929133727e-5,0.22023809523809523,222.72567964383822
1_0_1_1_1_1_0_0_0_1_1_0_1_0_1_1_0_1_0_0_1_0_1_1_0_1_1_0_1_1_1_1_1_0_1_1_1_1_1_1_0_0_1,1,0.00019333333333333333,3.681787005729088e-5,0.23214285714285715,208.53216374269007
1_0_1_1_1_1_0_0_0_1_1_0_1_0_1_1_0_1_0_0_1_0_0_1_1_1_1_1_1_1_1_1_1_0_1_1_1_1_1_1_0_0_1,1,0.00019000000000000004,8.16496580927726e-6,0.23214285714285715,233.79337231968807
0_0_0_0_0_0_0_1_0_0_0_1_0_1_0_1_1_0_1_1_0_1_1_0_0_0_0_0_0_0_0_0_0_1_0_1_0_0_0_0_1_1_0,1,0.00019000000000000004,2.9439202887759487e-5,0.23214285714285715,183.73590982286635
1_1_1_1_1_0_1_0_1_0_1_1_0_1_0_0_1_1_1_1_0_0_1_0_0_1_1_0_1_0_0_0_0_0_1_0_0_0_0_0_1_1_1,1,0.00018999999999999998,2.1602468994692865e-5,0.23809523809523808,221.2698412698413
0_1_0_1_1_1_1_0_1_1_1_0_1_1_1_0_1_1_1_1_0_0_1_0_0_1_1_0_0_0_0_0_0_0_1_0_0_0_0_1_1_1_1,1,0.0001866666666666667,6.548960901462833e-5,0.20833333333333334,207.04264870931536
0_0_0_1_1_1_1_1_1_0_1_0_1_0_1_0_1_1_0_0_1_1_0_1_1_1_1_1_0_1_1_1_1_1_0_0_1_1_1_0_0_0_1,1,0.0001866666666666667,2.494438257849294e-5,0.23809523809523808,273.9267676767677
0_1_0_0_0_1_1_1_1_0_0_1_0_1_0_0_0_0_1_1_0_1_1_0_0_0_0_0_0_0_0_0_0_1_0_0_0_0_0_1_1_1_0,1,0.00018333333333333334,1.6996731711975947e-5,0.2261904761904762,307.69736842105266
0_0_0_0_0_0_0_1_0_0_0_1_0_0_0_1_0_0_0_0_1_1_0_1_1_0_0_1_0_1_1_1_1_1_0_1_1_1_1_0_0_0_0,1,0.00018333333333333334,7.363574011458174e-5,0.2261904761904762,215.47108512020793
0_0_0_0_0_1_0_1_0_1_0_0_1_1_1_1_0_0_1_1_0_0_1_0_0_0_0_0_0_0_0_0_0_0_0_1_0_0_0_1_1_1_0,1,0.00018333333333333334,2.62466929133727e-5,0.22023809523809523,212.40530303030303
1_1_1_1_1_1_1_0_1_1_1_0_1_0_1_0_0_1_0_0_1_0_0_1_1_1_1_1_1_1_1_1_1_0_1_0_1_1_1_1_0_0_1,1,0.00018,2.94392028877595e-5,0.23214285714285715,214.32748538011697
1_0_1_0_0_0_0_1_0_0_0_1_1_0_1_1_1_0_0_0_1_1_0_1_1_0_0_1_1_1_1_1_1_0_0_1_1_1_1_0_0_0_0,1,0.00018,3.741657386773942e-5,0.19047619047619047,222.0457612562876
0_0_0_1_0_1_1_1_1_0_1_0_1_1_1_0_0_1_1_1_0_1_1_0_0_1_1_0_0_0_0_0_0_1_0_0_0_0_0_0_1_1_1,1,0.00018,2.9439202887759494e-5,0.23809523809523808,206.74093879976235
1_1_1_1_1_1_1_0_1_0_1_1_0_0_0_0_0_1_0_0_1_0_1_1_0_1_1_0_1_1_1_1_1_0_1_0_1_1_1_0_0_0_1,1,0.00018,1.414213562373095e-5,0.22023809523809523,172.90196078431373
1_1_1_1_1_1_1_0_1_1_1_0_1_1_1_0_1_1_1_1_0_0_1_0_0_1_1_0_1_0_0_0_0_0_1_0_0_0_0_1_1_1_1,1,0.0001766666666666667,9.428090415820634e-6,0.2261904761904762,214.499484004128
0_0_0_1_1_0_0_0_0_1_0_0_1_0_1_1_1_0_1_1_1_0_0_1_1_0_0_1_0_1_1_1_1_0_1_1_1_1_1_1_0_0_0,1,0.0001766666666666667,4.027681991198191e-5,0.23809523809523808,221.40476190476193
0_0_0_0_0_0_0_1_0_1_0_0_1_0_1_1_0_0_0_0_1_0_0_1_1_0_0_1_0_1_1_1_1_0_0_1_1_1_1_1_0_0_0,1,0.00017666666666666666,3.091206165165235e-5,0.21428571428571427,180.75
1_0_1_1_1_1_0_0_0_1_1_0_1_0_1_1_0_1_0_0_1_1_1_1_0_1_1_0_1_1_1_1_1_1_1_1_1_1_1_1_0_0_1,1,0.00017333333333333336,9.428090415820634e-6,0.24404761904761904,231.27314814814815
0_1_0_0_0_1_1_1_1_0_0_1_0_0_0_0_1_0_0_0_1_1_0_1_1_0_0_1_0_1_1_1_1_1_0_0_1_1_1_1_0_0_0,1,0.00017,2.1602468994692875e-5,0.22023809523809523,323.4166666666667
0_0_0_0_0_0_0_1_0_1_0_0_1_0_1_1_0_0_0_0_1_1_1_1_0_0_0_0_0_1_1_1_1_1_0_1_1_1_1_1_0_0_0,1,0.00016666666666666666,3.771236166328255e-5,0.2261904761904762,200.43290043290042
1_1_1_1_1_1_1_0_1_0_1_1_0_1_0_0_1_1_1_1_0_1_1_0_0_1_1_0_1_0_0_0_0_1_1_1_0_0_0_1_1_1_1,1,0.00016666666666666666,3.0912061651652355e-5,0.20833333333333334,203.4126984126984
1_1_1_1_1_1_1_0_1_0_1_1_0_1_0_0_1_1_1_1_0_1_1_0_0_1_1_0_1_0_0_0_0_1_1_0_0_0_0_0_1_1_1,1,0.00016666666666666666,2.3570226039551595e-5,0.21428571428571427,192.5
1_1_1_1_1_0_0_0_0_1_0_1_0_0_0_0_0_0_0_0_1_0_1_1_0_0_0_0_1_1_1_1_1_1_1_1_1_1_1_1_0_0_0,1,0.00016666666666666666,1.6996731711975957e-5,0.25,236.27046783625732
0_1_0_0_0_0_1_1_1_0_0_1_0_0_0_0_1_0_1_1_1_0_0_1_1_0_0_1_0_1_1_1_1_1_0_0_1_1_1_0_0_0_0,1,0.00016666666666666666,3.299831645537222e-5,0.21428571428571427,200.07309941520467
0_0_0_0_0_1_1_1_0_1_0_0_1_0_1_1_1_0_1_1_1_1_0_1_1_0_0_1_0_1_1_1_1_1_0_1_1_1_1_1_0_0_0,1,0.00016666666666666666,1.2472191289246484e-5,0.2261904761904762,214.86056644880173
0_0_0_0_0_0_0_1_0_1_0_0_1_1_1_1_1_0_1_1_0_1_0_0_1_0_0_1_0_0_0_0_0_0_0_1_0_0_0_1_1_1_0,1,0.00016333333333333334,1.699673171197596e-5,0.20238095238095238,184.81014628073453
0_0_0_0_0_0_0_1_0_1_0_0_1_1_1_1_1_0_1_1_0_1_1_0_0_0_0_0_0_0_0_0_0_0_0_0_0_0_0_0_1_1_0,1,0.00016333333333333334,4.496912521077347e-5,0.19642857142857142,186.04166666666666
1_0_1_1_1_1_0_0_0_1_1_0_1_1_1_1_0_1_0_0_0_1_1_0_0_1_1_0_1_0_0_0_0_0_1_1_0_0_0_1_1_1_1,1,0.00016333333333333334,2.0548046676563263e-5,0.21428571428571427,212.3245614035088
1_1_1_1_1_0_0_0_1_0_1_1_0_0_0_0_1_1_1_1_1_0_0_1_1_1_1_1_1_1_1_1_1_0_1_0_1_1_1_0_0_0_1,1,0.00016333333333333334,3.8586123009300757e-5,0.22023809523809523,210.32154882154882
1_1_1_0_0_1_1_1_1_0_1_1_0_0_0_0_1_1_1_1_1_1_0_1_1_1_1_1_1_1_1_1_1_1_0_0_1_1_1_0_0_0_1,1,0.00016,6.164414002968977e-5,0.23214285714285715,205.74074074074073
1_1_1_1_1_0_1_0_1_0_1_1_0_0_0_0_1_1_0_0_1_1_0_1_1_1_1_1_1_1_1_1_1_1_1_0_1_1_1_0_0_0_1,1,0.00016,1.632993161855453e-5,0.22023809523809523,188.85582010582013
0_0_0_0_0_1_0_1_0_1_0_0_1_0_1_1_1_0_0_0_1_0_0_1_1_0_0_1_0_1_1_1_1_0_0_1_1_1_1_1_0_0_0,1,0.00016,2.1602468994692878e-5,0.2261904761904762,212.41520467836256
0_1_0_1_1_0_1_0_1_0_1_1_0_1_0_0_0_1_1_1_0_0_1_0_0_1_1_0_0_0_0_0_0_1_1_0_0_0_0_0_1_1_1,1,0.00016,3.5590260840104375e-5,0.19047619047619047,195.26847421584264
1_1_1_1_1_0_1_0_1_0_1_1_0_0_0_0_0_1_0_0_1_0_0_1_1_1_1_1_1_1_1_1_1_0_1_0_1_1_1_0_0_0_1,1,0.00016,1.4142135623730961e-5,0.23214285714285715,224.04761904761904
1_0_1_1_1_0_0_0_0_1_1_0_1_0_1_1_1_1_0_0_1_0_0_1_1_1_1_1_1_1_1_1_1_0_1_1_1_1_1_0_0_0_1,1,0.00016,2.4494897427831788e-5,0.2261904761904762,341.11504723346826
1_1_1_1_1_1_1_0_1_0_1_1_0_1_0_0_1_1_1_1_0_1_0_0_1_1_1_1_1_0_0_0_0_1_1_1_0_0_0_1_1_1_1,1,0.00015999999999999999,1.4142135623730961e-5,0.20833333333333334,177.70370370370372
0_0_0_0_0_1_1_1_0_1_0_0_1_1_1_1_1_0_1_1_0_0_0_0_1_0_0_1_0_0_0_0_0_0_0_1_0_0_0_1_1_1_0,1,0.0001566666666666667,1.8856180831641277e-5,0.2261904761904762,209.6983408748115
0_1_0_0_0_0_0_1_1_0_0_1_0_0_0_0_0_0_0_0_1_1_1_1_0_0_0_0_0_1_1_1_1_1_0_0_1_1_1_0_0_0_0,1,0.00015666666666666666,2.357022603955159e-5,0.23214285714285715,194.97493734335842
0_1_0_1_1_1_1_0_1_1_1_0_1_0_1_0_0_1_0_0_1_0_0_1_1_1_1_1_0_1_1_1_1_0_1_0_1_1_1_1_0_0_1,1,0.00015666666666666666,3.8586123009300757e-5,0.21428571428571427,194.68253968253967
0_1_0_0_0_0_1_1_1_0_0_1_0_0_0_0_0_0_0_0_1_1_0_1_1_0_0_1_0_1_1_1_1_1_0_0_1_1_1_0_0_0_0,1,0.00015333333333333334,1.699673171197596e-5,0.2261904761904762,206.17647058823528
0_0_0_0_0_1_0_1_0_1_0_0_1_0_1_1_0_0_0_0_1_1_0_1_1_0_0_1_0_1_1_1_1_1_0_1_1_1_1_1_0_0_0,1,0.00015333333333333334,3.299831645537223e-5,0.23809523809523808,208.33333333333334
1_0_1_0_0_1_0_1_0_1_0_0_1_1_1_1_0_0_1_1_0_1_1_0_0_0_0_0_1_0_0_0_0_0_0_1_0_0_0_1_1_1_0,1,0.00015333333333333334,9.428090415820645e-6,0.18452380952380953,180.5357142857143
0_1_0_1_1_0_1_0_1_0_1_1_0_0_0_0_1_1_0_0_1_0_0_1_1_1_1_1_0_1_1_1_1_1_1_0_1_1_1_0_0_0_1,1,0.00015333333333333334,1.699673171197596e-5,0.18452380952380953,206.4489064856712
0_0_0_0_0_1_0_1_0_1_0_0_1_0_1_1_0_0_0_0_1_1_1_1_0_0_0_0_0_1_1_1_1_0_0_1_1_1_1_1_0_0_0,1,0.0001533333333333333,1.8856180831641277e-5,0.22023809523809523,214.89417989417993
1_0_1_0_0_1_0_1_0_1_0_0_1_0_1_1_1_0_0_0_1_1_0_1_1_0_0_1_1_1_1_1_1_0_0_1_1_1_1_1_0_0_0,1,0.00015,6.48074069840786e-5,0.19047619047619047,201.1111111111111
1_1_1_1_1_0_0_0_0_1_0_1_0_1_0_0_1_0_1_1_0_0_0_0_1_0_0_1_1_0_0_0_0_1_1_1_0_0_0_1_1_1_0,1,0.00015,3.7416573867739416e-5,0.24404761904761904,229.92857142857142
0_0_0_0_0_1_0_1_0_1_0_0_1_1_1_1_1_0_1_1_0_1_1_0_0_0_0_0_0_0_0_0_0_1_0_1_0_0_0_1_1_1_0,1,0.00015,1.632993161855453e-5,0.23214285714285715,223.77878330819507
0_1_0_0_0_0_1_1_1_0_0_1_0_1_0_0_0_0_0_0_0_0_1_0_0_0_0_0_0_0_0_0_0_1_0_0_0_0_0_0_1_1_0,1,0.00015,2.4494897427831785e-5,0.22023809523809523,201.42592592592595
1_0_1_0_0_0_0_1_0_0_0_1_0_1_0_1_0_0_1_1_0_1_1_0_0_0_0_0_1_0_0_0_0_1_0_1_0_0_0_0_1_1_0,1,0.00015,2.9439202887759494e-5,0.21428571428571427,181.986531986532
1_0_1_1_1_1_0_0_0_1_1_0_1_1_1_1_0_1_0_0_0_1_1_0_0_1_1_0_1_0_0_0_0_0_1_1_0_0_0_0_1_1_1,1,0.00015,8.16496580927727e-6,0.20833333333333334,208.07142857142858
0_0_0_0_0_0_0_1_0_1_0_0_1_1_1_1_1_0_1_1_0_0_1_0_0_0_0_0_0_0_0_0_0_0_0_0_0_0_0_0_1_1_0,1,0.0001466666666666667,3.39934634239519e-5,0.20238095238095238,205.04166666666666
0_0_0_1_1_0_0_0_0_1_0_0_1_1_1_1_0_0_0_0_0_0_1_0_0_0_0_0_0_0_0_0_0_0_1_1_0_0_0_1_1_1_0,1,0.00014666666666666666,4.4969125210773474e-5,0.23214285714285715,201.64814814814812
1_0_1_0_0_0_0_1_0_0_0_1_1_1_1_1_0_0_1_1_0_1_1_0_0_0_0_0_1_0_0_0_0_0_0_1_0_0_0_0_1_1_0,1,0.00014666666666666666,5.249338582674541e-5,0.19642857142857142,184.88383838383837
0_0_0_0_0_0_0_1_0_1_0_0_1_0_1_1_0_0_0_0_1_1_1_1_0_0_0_0_0_1_1_1_1_0_0_1_1_1_1_1_0_0_0,1,0.00014666666666666666,2.0548046676563257e-5,0.20833333333333334,202.09803921568627
0_0_0_0_0_1_1_1_1_0_1_0_1_1_1_1_0_1_1_1_0_1_1_0_0_1_1_0_0_0_0_0_0_0_0_0_0_0_0_0_1_1_1,1,0.00014333333333333334,3.8586123009300757e-5,0.25,214.97685185185185
1_0_1_1_1_0_0_0_0_1_1_1_1_0_1_1_1_1_1_1_1_0_0_1_1_1_1_1_1_1_1_1_1_0_1_0_1_1_1_0_0_0_1,1,0.00014333333333333334,2.3570226039551588e-5,0.21428571428571427,212.61363636363637
1_1_1_1_1_0_1_0_1_0_1_1_0_1_0_0_0_1_1_1_0_1_1_0_0_1_1_0_1_0_0_0_0_1_1_0_0_0_0_0_1_1_1,1,0.00014333333333333334,6.599663291074444e-5,0.2261904761904762,205.0
0_1_0_0_0_1_1_1_1_0_0_0_0_1_0_0_1_0_1_1_0_1_0_0_1_0_0_1_0_0_0_0_0_1_0_0_0_0_0_1_1_1_0,1,0.00014333333333333334,2.054804667656326e-5,0.23214285714285715,230.0676937441643
0_0_0_0_0_0_0_1_0_1_0_0_1_1_1_1_0_0_0_0_0_1_1_0_0_0_0_0_0_0_0_0_0_0_0_0_0_0_0_1_1_1_0,1,0.00014000000000000001,1.4142135623730961e-5,0.19642857142857142,184.8076923076923
1_0_1_0_0_0_0_1_0_0_0_1_0_1_0_1_1_0_1_1_0_1_1_0_0_0_0_0_1_0_0_0_0_1_0_1_0_0_0_0_1_1_0,1,0.00014000000000000001,2.9439202887759494e-5,0.21428571428571427,177.18337218337217
0_1_0_0_0_1_1_1_1_0_0_0_0_0_0_0_0_0_0_0_1_1_1_1_0_0_0_0_0_1_1_1_1_1_0_0_1_1_1_1_0_0_0,1,0.00014000000000000001,2.8284271247461906e-5,0.2261904761904762,222.87037037037035
1_1_1_1_1_1_1_0_1_0_1_1_0_0_0_0_0_1_0_0_1_0_0_1_1_1_1_1_1_1_1_1_1_1_1_1_1_1_1_1_0_0_1,1,0.00014000000000000001,2.1602468994692875e-5,0.19642857142857142,205.333081950729
1_1_1_1_1_0_1_0_1_0_1_1_0_0_0_0_0_1_0_0_1_0_1_1_0_1_1_0_1_1_1_1_1_1_1_0_1_1_1_0_0_0_1,1,0.00013666666666666666,1.885618083164126e-5,0.21428571428571427,200.18181818181816
0_0_0_1_1_0_1_1_1_0_1_0_1_0_1_0_1_1_1_1_1_1_0_1_1_1_1_1_0_1_1_1_1_1_0_0_1_1_1_0_0_0_1,1,0.00013666666666666666,4.7842333648024424e-5,0.23214285714285715,233.3730158730159
0_1_0_1_1_1_1_0_1_1_1_0_1_1_1_0_0_1_1_1_0_0_1_0_0_1_1_0_0_0_0_0_0_0_1_0_0_0_0_1_1_1_1,1,0.00013666666666666666,3.299831645537222e-5,0.20833333333333334,176.04558404558406
1_1_1_1_1_0_1_0_1_0_1_1_0_0_0_0_1_1_1_1_1_1_0_1_1_1_1_1_1_1_1_1_1_1_1_1_1_1_1_0_0_0_1,1,0.00013666666666666666,1.6996731711975957e-5,0.21428571428571427,182.54273504273502
0_1_0_1_1_1_1_0_1_1_1_0_0_0_0_0_1_1_0_0_1_0_0_1_1_1_1_1_0_1_1_1_1_1_1_0_1_1_1_1_0_0_1,1,0.00013666666666666666,1.6996731711975957e-5,0.19642857142857142,228.80341880341882
1_0_1_1_1_1_1_0_0_1_1_0_1_1_1_1_1_1_1_1_0_1_0_0_1_1_1_1_1_0_0_0_0_1_1_1_0_0_0_1_1_1_1,1,0.00013666666666666666,2.0548046676563257e-5,0.24404761904761904,194.17207792207793
1_0_1_0_0_0_0_1_0_0_0_1_0_0_0_1_1_0_0_0_1_1_0_1_1_0_0_1_1_1_1_1_1_1_0_1_1_1_1_0_0_0_0,1,0.00013666666666666666,1.2472191289246464e-5,0.20833333333333334,180.44444444444443
1_1_1_1_1_0_0_0_1_0_1_1_0_0_0_0_0_1_0_0_1_1_1_1_0_1_1_0_1_1_1_1_1_1_1_0_1_1_1_0_0_0_1,1,0.00013666666666666666,3.091206165165235e-5,0.2261904761904762,189.73905723905725
1_0_1_1_1_1_0_0_0_1_1_1_1_1_1_1_1_1_1_1_0_0_0_0_1_1_1_1_1_0_0_0_0_0_1_1_0_0_0_0_1_1_1,1,0.00013666666666666666,1.2472191289246464e-5,0.2261904761904762,252.69841269841268
0_0_0_1_1_0_1_1_1_0_1_0_1_1_1_0_0_1_0_0_0_1_1_0_0_1_1_0_0_0_0_0_0_1_0_0_0_0_0_0_1_1_1,1,0.00013666666666666666,4.9888765156985895e-5,0.23809523809523808,242.2857142857143
0_0_0_0_0_0_0_1_0_1_0_0_1_0_1_1_0_0_0_0_1_0_0_1_1_0_0_1_0_1_1_1_1_0_0_0_1_1_1_0_0_0_0,1,0.00013666666666666666,9.428090415820634e-6,0.20833333333333334,224.47863247863248
0_0_0_0_0_0_0_1_0_1_0_0_1_1_1_1_0_0_1_1_0_0_1_0_0_0_0_0_0_0_0_0_0_0_0_1_0_0_0_1_1_1_0,1,0.00013666666666666666,3.39934634239519e-5,0.20833333333333334,205.01525054466228
0_1_0_0_0_1_1_1_1_0_0_0_0_1_0_0_0_0_0_0_0_1_1_0_0_0_0_0_0_0_0_0_0_1_0_1_0_0_0_1_1_1_0,1,0.00013666666666666666,2.494438257849295e-5,0.21428571428571427,226.74756615933086
1_0_1_1_1_1_1_0_0_1_1_0_1_0_1_1_0_1_0_0_1_0_1_1_0_1_1_0_1_1_1_1_1_0_1_1_1_1_1_1_0_0_1,1,0.00013666666666666664,4.714045207910317e-6,0.23809523809523808,200.34798534798531
1_0_1_1_1_1_0_0_0_1_1_0_1_0_1_1_1_1_1_1_1_1_0_1_1_1_1_1_1_1_1_1_1_0_1_1_1_1_1_1_0_0_1,1,0.00013333333333333334,4.988876515698589e-5,0.22023809523809523,205.63888888888889
1_0_1_1_1_1_0_0_0_1_1_1_1_0_1_1_0_1_0_0_1_0_1_1_0_1_1_0_1_1_1_1_1_0_1_1_1_1_1_0_0_0_1,1,0.00013333333333333334,4.189935029992179e-5,0.23214285714285715,269.9317738791423
1_1_1_1_1_0_0_0_1_0_1_1_0_1_0_0_0_1_0_0_0_0_1_0_0_1_1_0_1_0_0_0_0_0_1_0_0_0_0_0_1_1_1,1,0.00013333333333333334,2.054804667656326e-5,0.2261904761904762,230.94114219114218
1_0_1_1_1_0_0_0_0_1_1_1_1_1_1_1_1_1_1_1_0_0_0_0_1_1_1_1_1_0_0_0_0_0_1_1_0_0_0_0_1_1_1,1,0.0001333333333333333,3.091206165165234e-5,0.2261904761904762,236.94444444444446
1_0_1_0_0_0_0_1_0_0_0_1_0_0_0_1_0_0_0_0_1_1_0_1_1_0_0_1_1_1_1_1_1_1_0_1_1_1_1_0_0_0_0,1,0.0001333333333333333,1.2472191289246465e-5,0.20833333333333334,201.26068376068375
1_1_1_1_1_0_1_0_1_0_1_1_0_1_0_0_0_1_1_1_0_0_1_0_0_1_1_0_1_0_0_0_0_0_1_0_0_0_0_0_1_1_1,1,0.00013000000000000002,2.943920288775949e-5,0.23809523809523808,201.09788359788362
0_1_0_0_0_0_1_1_1_0_0_0_0_0_0_0_0_0_0_0_1_1_1_1_0_0_0_0_0_1_1_1_1_1_0_0_1_1_1_1_0_0_0,1,0.00013,8.164965809277253e-6,0.2261904761904762,286.36446886446885
1_1_1_1_1_1_1_0_1_0_1_1_0_0_0_0_0_1_0_0_1_0_0_1_1_1_1_1_1_1_1_1_1_0_1_0_1_1_1_0_0_0_1,1,0.00013,2.8284271247461892e-5,0.22023809523809523,177.55555555555557
1_0_1_1_1_1_0_0_0_1_1_0_1_0_1_1_0_1_0_0_1_1_0_1_1_1_1_1_1_1_1_1_1_1_1_1_1_1_1_1_0_0_1,1,0.00013,2.160246899469287e-5,0.24404761904761904,246.1237373737374
1_0_1_1_1_0_0_0_0_1_1_0_1_1_1_1_0_1_0_0_0_1_1_0_0_1_1_0_1_0_0_0_0_0_1_1_0_0_0_0_1_1_1,1,0.00013,2.4494897427831785e-5,0.20833333333333334,223.64102564102564
0_1_0_0_0_0_0_1_1_0_0_1_0_0_0_0_0_0_0_0_1_1_0_1_1_0_0_1_0_1_1_1_1_1_0_0_1_1_1_0_0_0_0,1,0.00012666666666666666,1.885618083164126e-5,0.23214285714285715,194.95238095238096
1_1_1_1_1_1_1_0_1_0_1_1_0_1_0_0_1_1_1_1_0_0_1_0_0_1_1_0_1_0_0_0_0_0_1_0_0_0_0_0_1_1_1,1,0.00012666666666666666,3.8586123009300757e-5,0.2261904761904762,225.40404040404042
0_1_0_0_0_0_1_1_1_0_0_1_0_0_0_0_1_0_1_1_1_0_0_1_1_0_0_1_0_1_1_1_1_1_0_0_1_1_1_1_0_0_0,1,0.00012666666666666666,2.0548046676563246e-5,0.20833333333333334,210.05128205128207
1_1_1_1_1_1_1_0_1_1_1_0_1_1_1_0_0_1_1_1_0_0_1_0_0_1_1_0_1_0_0_0_0_0_1_0_0_0_0_1_1_1_1,1,0.00012666666666666666,2.867441755680876e-5,0.2261904761904762,197.232905982906
1_1_1_1_1_0_0_0_1_0_1_1_0_1_0_0_1_1_1_1_0_1_0_0_1_1_1_1_1_0_0_0_0_1_1_0_0_0_0_0_1_1_1,1,0.00012666666666666666,2.0548046676563246e-5,0.23214285714285715,214.982905982906
0_0_0_0_0_0_0_1_0_1_0_0_1_1_1_1_1_0_1_1_0_1_1_0_0_0_0_0_0_0_0_0_0_1_0_1_0_0_0_1_1_1_0,1,0.00012666666666666666,3.39934634239519e-5,0.22023809523809523,197.52976190476193
0_0_0_0_0_1_0_1_0_1_0_0_1_0_1_1_0_0_0_0_1_1_0_1_1_0_0_1_0_1_1_1_1_0_0_1_1_1_1_1_0_0_0,1,0.00012666666666666666,3.299831645537221e-5,0.22023809523809523,234.58333333333334
1_0_1_1_1_1_1_0_0_1_1_0_1_1_1_1_0_1_0_0_0_1_1_0_0_1_1_0_1_0_0_0_0_0_1_1_0_0_0_1_1_1_1,1,0.00012666666666666666,3.39934634239519e-5,0.22023809523809523,205.05952380952382
0_1_0_0_0_0_1_1_1_0_0_1_0_1_0_0_1_0_1_1_0_1_0_0_1_0_0_1_0_0_0_0_0_1_0_0_0_0_0_1_1_1_0,1,0.00012666666666666666,1.885618083164126e-5,0.2261904761904762,181.14285714285714
1_1_1_0_0_0_0_0_0_1_0_1_0_1_0_1_0_0_1_1_0_0_1_0_0_0_0_0_1_0_0_0_0_0_1_1_0_0_0_1_1_1_0,1,0.00012333333333333334,2.4944382578492934e-5,0.23809523809523808,252.43874643874642
1_1_1_0_0_1_0_0_0_1_0_1_0_1_0_1_0_0_0_0_0_0_1_0_0_0_0_0_1_0_0_0_0_0_1_1_0_0_0_1_1_1_0,1,0.00012333333333333334,2.0548046676563246e-5,0.23214285714285715,213.33333333333334
1_0_1_1_1_1_0_0_0_1_1_0_1_1_1_1_0_1_1_1_0_1_1_0_0_1_1_0_1_0_0_0_0_1_1_1_0_0_0_1_1_1_1,1,0.00012333333333333334,3.681787005729087e-5,0.23809523809523808,246.16013071895426
0_0_0_0_0_1_0_1_0_1_0_0_1_1_1_1_0_0_0_0_0_0_1_0_0_0_0_0_0_0_0_0_0_0_0_0_0_0_0_1_1_1_0,1,0.00012333333333333334,3.39934634239519e-5,0.21428571428571427,192.33313527431176
1_1_1_0_0_1_1_1_1_0_1_1_0_1_0_0_0_1_0_0_0_1_1_0_0_1_1_0_1_0_0_0_0_1_0_0_0_0_0_0_1_1_1,1,0.00012333333333333334,3.39934634239519e-5,0.23809523809523808,191.24381065557534
1_0_1_1_1_0_0_0_0_1_1_0_1_0_1_1_1_1_1_1_1_1_0_1_1_1_1_1_1_1_1_1_1_0_1_1_1_1_1_0_0_0_1,1,0.00012333333333333334,2.867441755680876e-5,0.21428571428571427,197.15277777777774
1_0_1_1_1_1_0_0_0_1_1_0_1_1_1_1_1_1_1_1_0_0_0_0_1_1_1_1_1_0_0_0_0_0_1_1_0_0_0_0_1_1_1,1,0.00012333333333333334,2.3570226039551575e-5,0.22023809523809523,207.8042328042328
0_1_0_0_0_0_1_1_1_0_0_0_0_1_0_0_1_0_1_1_0_1_0_0_1_0_0_1_0_0_0_0_0_1_0_0_0_0_0_1_1_1_0,1,0.00012333333333333334,2.4944382578492934e-5,0.23214285714285715,278.67806267806264
1_1_1_1_1_1_1_0_1_0_1_1_0_1_0_0_0_1_0_0_0_0_1_0_0_1_1_0_1_0_0_0_0_1_1_1_0_0_0_0_1_1_1,1,0.00012333333333333334,4.71404520791031e-6,0.20238095238095238,195.68376068376065
0_1_0_0_0_0_1_1_1_0_0_1_0_1_0_0_1_0_1_1_0_1_1_0_0_0_0_0_0_0_0_0_0_1_0_0_0_0_0_0_1_1_0,1,0.00012333333333333334,1.6996731711975944e-5,0.23214285714285715,196.1941391941392
0_0_0_0_0_0_0_1_0_1_0_0_1_1_1_1_0_0_1_1_0_1_1_0_0_0_0_0_0_0_0_0_0_0_0_0_0_0_0_0_1_1_0,1,0.00012,3.7416573867739416e-5,0.19642857142857142,174.8885918003565
1_1_1_1_1_1_1_0_1_0_1_1_0_1_0_0_1_1_1_1_0_0_1_0_0_1_1_0_1_0_0_0_0_1_1_1_0_0_0_1_1_1_1,1,0.00012,3.2659863237109046e-5,0.20238095238095238,192.43055555555554
1_1_1_1_1_0_1_0_1_0_1_1_0_0_0_0_1_1_0_0_1_0_0_1_1_1_1_1_1_1_1_1_1_0_1_0_1_1_1_0_0_0_1,1,0.00012,3.2659863237109046e-5,0.23214285714285715,214.51388888888889
0_0_0_0_0_0_0_1_0_1_0_0_1_0_1_1_0_0_0_0_1_1_0_1_1_0_0_1_0_1_1_1_1_0_0_0_1_1_1_0_0_0_0,1,0.00011999999999999999,2.1602468994692858e-5,0.20238095238095238,193.43711843711844
0_0_0_0_0_0_0_1_0_1_0_0_1_0_1_1_0_0_0_0_1_1_0_1_1_0_0_1_0_1_1_1_1_0_0_1_1_1_1_1_0_0_0,1,0.00011999999999999999,3.559026084010437e-5,0.20833333333333334,202.28571428571428
1_1_1_1_1_1_1_0_1_0_1_1_0_0_0_0_1_1_0_0_1_1_0_1_1_1_1_1_1_1_1_1_1_1_1_1_1_1_1_1_0_0_1,1,0.00011999999999999999,4.546060565661953e-5,0.20238095238095238,200.55796055796054
1_1_1_1_1_0_1_0_1_0_1_1_0_1_0_0_0_1_0_0_0_1_1_0_0_1_1_0_1_0_0_0_0_1_1_1_0_0_0_0_1_1_1,1,0.00011999999999999999,3.7416573867739416e-5,0.22023809523809523,186.24771062271066
1_1_1_1_1_1_1_0_1_0_1_1_0_0_0_0_0_1_0_0_1_1_0_1_1_1_1_1_1_1_1_1_1_1_1_1_1_1_1_1_0_0_1,1,0.00011999999999999999,8.164965809277253e-6,0.20238095238095238,202.5815850815851
1_1_1_1_1_1_1_0_1_1_1_0_1_0_1_0_1_1_0_0_1_0_0_1_1_1_1_1_1_1_1_1_1_0_1_0_1_1_1_1_0_0_1,1,0.00011999999999999999,1.4142135623730943e-5,0.23214285714285715,232.3076923076923
0_1_0_0_0_0_1_1_1_0_0_1_0_0_0_0_0_0_0_0_1_0_0_1_1_0_0_1_0_1_1_1_1_0_0_0_1_1_1_0_0_0_0,1,0.00011999999999999999,1.4142135623730943e-5,0.23809523809523808,242.82051282051282
0_1_0_0_0_0_1_1_1_0_0_1_0_0_0_0_0_0_0_0_1_1_1_1_0_0_0_0_0_1_1_1_1_1_0_0_1_1_1_1_0_0_0,1,0.00011666666666666667,2.4944382578492934e-5,0.22023809523809523,193.9057239057239
1_1_1_1_1_1_1_0_1_0_1_1_0_1_0_0_1_1_1_1_0_0_0_0_1_1_1_1_1_0_0_0_0_1_1_0_0_0_0_0_1_1_1,1,0.00011666666666666667,1.6996731711975944e-5,0.20833333333333334,202.08658008658008
0_1_0_0_0_1_1_1_1_0_0_1_0_0_0_0_1_0_1_1_1_0_0_1_1_0_0_1_0_1_1_1_1_1_0_0_1_1_1_1_0_0_0,1,0.00011666666666666667,1.2472191289246465e-5,0.20833333333333334,230.3846153846154
1_1_1_1_1_1_1_0_1_0_1_1_0_1_0_0_0_1_1_1_0_1_1_0_0_1_1_0_1_0_0_0_0_1_1_0_0_0_0_0_1_1_1,1,0.00011666666666666665,3.3993463423951894e-5,0.21428571428571427,202.984126984127
1_1_1_0_0_1_1_1_0_1_1_1_1_1_1_0_0_1_0_0_0_0_1_0_0_1_1_0_1_0_0_0_0_0_0_1_0_0_0_1_1_1_0,1,0.00011666666666666665,4.02768199119819e-5,0.23809523809523808,240.47619047619048
0_1_0_1_0_1_1_1_1_0_0_0_0_1_0_0_0_0_0_0_0_0_1_0_0_0_0_0_0_0_0_0_0_1_0_0_0_0_0_1_1_1_0,1,0.00011333333333333334,5.79271573232759e-5,0.2261904761904762,189.66666666666666
1_1_1_1_1_1_1_0_1_0_1_1_0_0_0_0_0_1_0_0_1_1_1_1_0_1_1_0_1_1_1_1_1_1_1_1_1_1_1_0_0_0_1,1,0.00011333333333333334,1.885618083164126e-5,0.22023809523809523,185.95238095238096
0_1_0_0_0_0_0_1_1_0_0_1_0_0_0_0_1_0_1_1_1_0_0_1_1_0_0_1_0_1_1_1_1_1_0_0_1_1_1_0_0_0_0,1,0.00011333333333333334,2.6246692913372695e-5,0.22023809523809523,191.14814814814815
0_0_0_0_0_0_0_1_0_1_0_0_1_0_1_1_1_0_0_0_1_0_0_1_1_0_0_1_0_1_1_1_1_0_0_1_1_1_1_1_0_0_0,1,0.00011333333333333334,1.2472191289246465e-5,0.21428571428571427,188.4941724941725
1_0_1_1_1_1_0_0_0_1_1_0_1_1_1_1_1_1_1_1_0_1_1_0_0_1_1_0_1_0_0_0_0_1_1_1_0_0_0_1_1_1_1,1,0.00011333333333333334,1.6996731711975944e-5,0.23809523809523808,244.62250712250707
0_0_0_0_0_0_0_1_0_0_0_1_0_0_0_1_1_0_0_0_1_1_0_1_1_0_0_1_0_1_1_1_1_1_0_1_1_1_1_0_0_0_0,1,0.00011333333333333334,1.2472191289246465e-5,0.2261904761904762,195.40093240093242
1_1_1_0_0_1_0_0_0_1_0_1_0_0_0_1_1_0_1_1_1_0_0_1_1_0_0_1_1_1_1_1_1_0_1_1_1_1_1_1_0_0_0,1,0.00011333333333333334,9.428090415820634e-6,0.23809523809523808,216.77777777777774
1_1_1_1_1_1_1_0_1_0_1_1_0_0_0_0_1_1_1_1_1_0_0_1_1_1_1_1_1_1_1_1_1_0_1_1_1_1_1_0_0_0_1,1,0.00011333333333333334,9.428090415820634e-6,0.21428571428571427,191.44444444444443
1_0_1_1_1_0_0_0_0_1_1_1_1_0_1_1_0_1_0_0_1_0_1_1_0_1_1_0_1_1_1_1_1_0_1_1_1_1_1_0_0_0_1,1,0.00011333333333333333,2.3570226039551575e-5,0.23214285714285715,213.91025641025644
1_1_1_1_1_1_1_0_1_0_1_1_0_0_0_0_0_1_0_0_1_0_1_1_0_1_1_0_1_1_1_1_1_1_1_0_1_1_1_0_0_0_1,1,0.00011333333333333333,2.3570226039551575e-5,0.20238095238095238,207.6282051282051
1_0_1_0_1_0_0_0_0_1_1_1_1_0_1_1_1_1_1_1_1_1_0_1_1_1_1_1_1_1_1_1_1_0_1_1_1_1_1_0_0_0_1,1,0.00011333333333333333,3.299831645537221e-5,0.2261904761904762,182.17460317460316
0_1_0_0_0_0_1_1_1_0_0_1_0_1_0_0_1_0_1_1_0_0_1_0_0_0_0_0_0_0_0_0_0_0_0_0_0_0_0_0_1_1_0,1,0.00011333333333333333,1.2472191289246464e-5,0.24404761904761904,271.0932400932401
0_0_0_0_0_0_0_1_0_1_0_0_1_0_1_1_1_0_0_0_1_0_0_1_1_0_0_1_0_1_1_1_1_0_0_0_1_1_1_0_0_0_0,1,0.00011,2.1602468994692858e-5,0.20833333333333334,186.95238095238096
0_0_0_0_0_1_0_1_0_1_0_0_1_1_1_1_1_0_1_1_0_1_1_0_0_0_0_0_0_0_0_0_0_0_0_1_0_0_0_1_1_1_0,1,0.00011,1.414213562373095e-5,0.21428571428571427,183.05555555555554
0_0_0_0_0_0_0_1_0_1_0_0_1_1_1_1_1_0_1_1_0_0_0_0_1_0_0_1_0_0_0_0_0_0_0_0_0_0_0_1_1_1_0,1,0.00011,3.741657386773941e-5,0.22023809523809523,189.7777777777778
1_1_1_1_1_1_1_0_1_0_1_1_0_0_0_0_1_1_0_0_1_1_0_1_1_1_1_1_1_1_1_1_1_1_1_0_1_1_1_0_0_0_1,1,0.00011,2.160246899469286e-5,0.20833333333333334,208.10897435897436
1_1_1_1_1_1_1_0_1_0_1_1_0_1_0_0_1_1_1_1_0_1_0_0_1_1_1_1_1_0_0_0_0_1_1_1_0_0_0_0_1_1_1,1,0.00011,2.1602468994692858e-5,0.2261904761904762,217.4973544973545
0_0_0_0_0_1_0_1_0_1_0_0_1_0_1_1_1_0_0_0_1_1_0_1_1_0_0_1_0_1_1_1_1_1_0_1_1_1_1_1_0_0_0,1,0.00011,1.6329931618554513e-5,0.23809523809523808,204.6956746956747
0_0_0_0_0_1_1_1_0_1_0_0_1_1_1_1_0_0_0_0_0_1_1_0_0_0_0_0_0_0_0_0_0_0_0_1_0_0_0_1_1_1_0,1,0.00011,1.6329931618554513e-5,0.20238095238095238,209.67106967106966
0_0_0_0_0_1_0_1_0_1_0_0_1_0_1_1_1_0_1_1_1_0_0_1_1_0_0_1_0_1_1_1_1_0_0_0_1_1_1_1_0_0_0,1,0.00011,1.4142135623730943e-5,0.22023809523809523,206.25641025641025
1_0_1_1_1_1_0_0_0_1_1_0_1_1_1_1_0_1_1_1_0_0_1_0_0_1_1_0_1_0_0_0_0_0_1_1_0_0_0_1_1_1_1,1,0.00011,2.943920288775949e-5,0.2261904761904762,195.59523809523807
1_1_1_1_1_1_1_0_1_0_1_1_0_0_0_0_1_1_1_1_1_0_0_1_1_1_1_1_1_1_1_1_1_1_1_1_1_1_1_0_0_0_1,1,0.00011,4.0824829046386304e-5,0.19642857142857142,189.82954545454547
0_1_0_0_0_0_0_1_1_0_0_1_0_0_0_0_0_0_0_0_1_0_1_1_0_0_0_0_0_1_1_1_1_0_0_0_1_1_1_0_0_0_0,1,0.00010666666666666668,4.714045207910317e-6,0.24404761904761904,209.33333333333334
0_0_0_0_0_0_0_1_0_1_0_0_1_1_1_1_0_0_0_0_0_1_1_0_0_0_0_0_0_0_0_0_0_1_0_0_0_0_0_1_1_1_0,1,0.00010666666666666668,1.247219128924647e-5,0.21428571428571427,183.36700336700335
0_1_0_0_0_0_1_1_1_0_0_1_0_1_0_0_0_0_1_1_0_1_1_0_0_0_0_0_0_0_0_0_0_1_0_0_0_0_0_0_1_1_0,1,0.00010666666666666668,1.247219128924647e-5,0.23214285714285715,204.05723905723903
1_1_1_1_1_1_1_0_1_0_1_1_0_1_0_0_0_1_1_1_0_0_1_0_0_1_1_0_1_0_0_0_0_1_1_1_0_0_0_1_1_1_1,1,0.00010666666666666668,5.312459150169742e-5,0.20238095238095238,189.77272727272725
1_0_1_1_1_1_1_0_0_1_1_0_1_0_1_1_0_1_0_0_1_0_0_1_1_1_1_1_1_1_1_1_1_0_1_1_1_1_1_1_0_0_1,1,0.00010666666666666665,2.6246692913372702e-5,0.23809523809523808,229.0018315018315
0_0_0_0_0_1_1_1_0_1_0_0_1_0_1_1_1_0_1_1_1_1_0_1_1_0_0_1_0_1_1_1_1_0_0_1_1_1_1_1_0_0_0,1,0.00010666666666666665,3.299831645537221e-5,0.20833333333333334,216.984126984127
0_0_0_0_0_0_0_1_0_0_0_1_0_1_0_1_0_0_1_1_0_1_1_0_0_0_0_0_0_0_0_0_0_1_0_1_0_0_0_0_1_1_0,1,0.00010333333333333333,9.428090415820634e-6,0.23214285714285715,182.3905723905724
0_1_0_0_0_1_1_1_1_0_0_0_0_0_0_0_0_0_0_0_1_1_1_1_0_0_0_0_0_1_1_1_1_1_0_1_1_1_1_1_0_0_0,1,0.00010333333333333333,1.247219128924647e-5,0.2261904761904762,213.4814814814815
1_1_1_1_1_0_1_0_1_0_1_1_0_1_0_0_1_1_1_1_0_0_0_0_1_1_1_1_1_0_0_0_0_1_1_0_0_0_0_0_1_1_1,1,0.00010333333333333333,1.6996731711975947e-5,0.22023809523809523,198.64898989898992
0_1_0_0_0_0_0_1_1_0_0_1_0_1_0_0_0_0_0_0_0_0_1_0_0_0_0_0_0_0_0_0_0_1_0_0_0_0_0_0_1_1_0,1,0.00010333333333333333,1.247219128924647e-5,0.2261904761904762,171.16666666666666
1_0_1_1_1_1_0_0_0_1_1_1_1_1_1_1_0_1_0_0_0_0_1_0_0_1_1_0_1_0_0_0_0_0_1_0_0_0_0_0_1_1_1,1,0.00010333333333333333,2.6246692913372695e-5,0.20833333333333334,219.68915343915344
1_1_1_1_1_0_0_0_1_0_1_1_0_0_0_0_1_1_1_1_1_0_0_1_1_1_1_1_1_1_1_1_1_1_1_0_1_1_1_0_0_0_1,1,0.00010333333333333333,4.6427960923947056e-5,0.20238095238095238,180.38888888888889
1_0_1_1_1_1_0_0_0_1_1_0_1_0_1_1_0_1_0_0_1_0_1_1_0_1_1_0_1_1_1_1_1_0_1_1_1_1_1_0_0_0_1,1,0.00010333333333333333,1.6996731711975947e-5,0.2261904761904762,212.28535353535355
0_1_0_0_0_1_1_1_1_0_0_1_0_1_0_0_0_0_0_0_0_0_1_0_0_0_0_0_0_0_0_0_0_1_0_0_0_0_0_1_1_1_0,1,0.00010333333333333333,9.428090415820634e-6,0.21428571428571427,227.003367003367
1_0_1_1_1_1_0_0_0_1_1_0_1_1_1_1_1_1_1_1_0_0_1_0_0_1_1_0_1_0_0_0_0_0_1_1_0_0_0_1_1_1_1,1,0.00010333333333333333,3.299831645537221e-5,0.2261904761904762,209.3001443001443
0_0_0_0_0_0_0_1_0_1_0_0_1_0_1_1_1_0_1_1_1_1_0_1_1_0_0_1_0_1_1_1_1_1_0_0_1_1_1_1_0_0_0,1,0.0001,1.414213562373095e-5,0.22023809523809523,182.34848484848487
1_0_1_1_1_1_0_0_0_1_1_0_1_0_1_1_1_1_0_0_1_0_0_1_1_1_1_1_1_1_1_1_1_0_1_1_1_1_1_1_0_0_1,1,0.0001,8.16496580927726e-6,0.23214285714285715,218.35353535353536
0_0_0_1_1_0_0_0_1_0_0_0_0_0_0_1_1_0_1_1_1_1_0_1_1_0_0_1_0_1_1_1_1_1_1_0_1_1_1_0_0_0_1,1,0.0001,8.16496580927726e-6,0.23809523809523808,197.74747474747474
0_1_0_0_0_0_1_1_1_0_0_0_0_1_0_0_0_0_0_0_0_1_1_0_0_0_0_0_0_0_0_0_0_1_0_1_0_0_0_1_1_1_0,1,9.999999999999999e-5,3.741657386773941e-5,0.21428571428571427,211.92592592592595
0_0_0_0_0_0_0_1_0_1_0_0_1_1_1_1_0_0_1_1_0_0_1_0_0_0_0_0_0_0_0_0_0_0_0_0_0_0_0_0_1_1_0,1,9.666666666666667e-5,3.3993463423951894e-5,0.20238095238095238,198.3916083916084
1_1_1_1_1_0_0_0_1_0_1_1_0_1_0_0_0_1_0_0_0_0_1_0_0_1_1_0_1_0_0_0_0_1_1_0_0_0_0_0_1_1_1,1,9.666666666666667e-5,9.428090415820634e-6,0.20833333333333334,194.9158249158249
0_1_0_0_0_0_1_1_1_0_0_0_0_0_0_0_1_0_1_1_1_1_0_1_1_0_0_1_0_1_1_1_1_1_0_1_1_1_1_1_0_0_0,1,9.666666666666667e-5,3.091206165165234e-5,0.20833333333333334,209.76190476190473
0_1_0_0_0_0_1_1_1_0_0_1_0_1_0_0_0_0_0_0_0_0_1_0_0_0_0_0_0_0_0_0_0_1_0_0_0_0_0_1_1_1_0,1,9.666666666666667e-5,1.247219128924647e-5,0.21428571428571427,193.81818181818184
0_1_0_0_0_0_1_1_1_0_0_1_0_0_0_0_1_0_0_0_1_0_0_1_1_0_0_1_0_1_1_1_1_0_0_0_1_1_1_0_0_0_0,1,9.666666666666667e-5,4.714045207910317e-6,0.23809523809523808,239.14814814814815
0_1_0_0_0_0_1_1_1_0_0_1_0_1_0_0_0_0_1_1_0_0_1_0_0_0_0_0_0_0_0_0_0_0_0_0_0_0_0_0_1_1_0,1,9.666666666666667e-5,3.681787005729086e-5,0.24404761904761904,254.14285714285714
1_1_1_1_1_1_1_0_1_0_1_1_0_1_0_0_0_1_1_1_0_0_1_0_0_1_1_0_1_0_0_0_0_0_1_0_0_0_0_0_1_1_1,1,9.666666666666667e-5,4.1899350299921774e-5,0.2261904761904762,187.39177489177487
1_1_1_1_1_1_1_0_1_0_1_1_0_1_0_0_1_1_1_1_0_0_1_0_0_1_1_0_1_0_0_0_0_1_1_0_0_0_0_0_1_1_1,1,9.666666666666667e-5,1.6996731711975947e-5,0.20833333333333334,171.0648148148148
0_0_0_0_0_1_0_1_0_1_0_0_1_1_1_1_0_0_1_1_0_1_1_0_0_0_0_0_0_0_0_0_0_1_0_1_0_0_0_1_1_1_0,1,9.666666666666667e-5,1.6996731711975947e-5,0.23214285714285715,233.37962962962965
1_0_1_1_1_1_1_0_0_1_1_1_1_1_1_1_0_1_0_0_0_0_1_0_0_1_1_0_1_0_0_0_0_0_1_1_0_0_0_0_1_1_1,1,9.666666666666667e-5,4.496912521077348e-5,0.21428571428571427,208.125
0_1_0_1_0_1_1_1_1_0_0_0_0_0_0_0_1_0_1_1_1_0_0_1_1_0_0_1_0_1_1_1_1_1_0_1_1_1_1_1_0_0_0,1,9.666666666666667e-5,4.1096093353126506e-5,0.22023809523809523,173.62962962962965
0_0_0_0_0_1_1_1_0_1_0_0_1_0_1_1_0_0_0_0_1_0_1_1_0_0_0_0_0_1_1_1_1_0_0_1_1_1_1_1_0_0_0,1,9.666666666666667e-5,3.3993463423951894e-5,0.23214285714285715,211.17948717948718
1_1_1_0_0_1_1_0_0_1_0_1_0_1_0_1_0_0_0_0_0_0_1_0_0_0_0_0_1_0_0_0_0_0_1_1_0_0_0_1_1_1_0,1,9.333333333333334e-5,2.0548046676563257e-5,0.23809523809523808,219.973544973545
0_1_0_1_1_1_1_0_1_1_1_0_1_0_1_0_1_1_0_0_1_0_0_1_1_1_1_1_0_1_1_1_1_0_1_0_1_1_1_1_0_0_1,1,9.333333333333334e-5,4.714045207910317e-6,0.21428571428571427,207.25925925925924
1_1_1_1_1_1_1_0_1_0_1_1_0_0_0_0_1_1_0_0_1_0_0_1_1_1_1_1_1_1_1_1_1_0_1_0_1_1_1_0_0_0_1,1,9.333333333333334e-5,1.6996731711975954e-5,0.22023809523809523,171.54112554112555
0_0_0_0_0_1_0_1_0_1_0_0_1_0_1_1_1_0_0_0_1_1_0_1_1_0_0_1_0_1_1_1_1_0_0_1_1_1_1_1_0_0_0,1,9.333333333333334e-5,2.4944382578492944e-5,0.22023809523809523,213.0
1_0_1_1_1_1_0_0_0_1_1_1_1_0_1_1_1_1_1_1_1_0_0_1_1_1_1_1_1_1_1_1_1_0_1_0_1_1_1_0_0_0_1,1,9.333333333333333e-5,2.054804667656326e-5,0.21428571428571427,240.026455026455
1_0_1_1_1_1_0_0_0_1_1_0_1_0_1_1_1_1_0_0_1_1_0_1_1_1_1_1_1_1_1_1_1_1_1_1_1_1_1_1_0_0_1,1,9.333333333333333e-5,1.6996731711975954e-5,0.24404761904761904,238.64935064935068
1_1_1_1_1_0_0_0_1_0_1_1_0_0_0_0_0_1_0_0_1_0_1_1_0_1_1_0_1_1_1_1_1_0_1_0_1_1_1_0_0_0_1,1,9.0e-5,2.160246899469287e-5,0.23809523809523808,188.43253968253967
0_0_0_0_0_1_1_1_1_0_1_0_1_1_1_1_1_1_1_1_0_1_0_0_1_1_1_1_0_0_0_0_0_0_0_0_0_0_0_0_1_1_1,1,9.0e-5,2.449489742783178e-5,0.25,258.2407407407407
1_0_1_1_1_1_0_0_0_1_1_0_1_0_1_1_1_1_1_1_1_1_0_1_1_1_1_1_1_1_1_1_1_0_1_1_1_1_1_0_0_0_1,1,9.0e-5,4.242640687119285e-5,0.21428571428571427,210.0
0_0_0_0_0_0_0_1_0_1_0_0_1_1_1_1_0_0_1_1_0_1_1_0_0_0_0_0_0_0_0_0_0_1_0_1_0_0_0_1_1_1_0,1,9.0e-5,2.160246899469287e-5,0.22023809523809523,182.30158730158732
1_0_1_1_1_1_1_0_0_1_1_0_1_0_1_1_0_1_0_0_1_1_1_1_0_1_1_0_1_1_1_1_1_1_1_1_1_1_1_1_0_0_1,1,9.0e-5,1.6329931618554523e-5,0.25,225.69504569504568
0_0_0_1_1_0_0_0_1_0_0_0_0_1_0_1_0_0_0_0_0_1_1_0_0_0_0_0_0_0_0_0_0_1_1_0_0_0_0_0_1_1_1,1,9.0e-5,8.16496580927726e-6,0.24404761904761904,209.12037037037035
1_0_1_1_1_1_0_0_0_1_1_0_1_1_1_1_1_1_1_1_0_1_0_0_1_1_1_1_1_0_0_0_0_0_1_1_0_0_0_1_1_1_1,1,9.0e-5,2.1602468994692868e-5,0.23214285714285715,221.03030303030303
1_1_1_1_1_0_1_0_1_0_1_1_0_0_0_0_0_1_0_0_1_0_0_1_1_1_1_1_1_1_1_1_1_1_1_0_1_1_1_0_0_0_1,1,9.0e-5,1.6329931618554523e-5,0.21428571428571427,203.80471380471377
0_0_0_0_0_0_0_1_0_1_0_0_1_0_1_1_1_0_0_0_1_1_0_1_1_0_0_1_0_1_1_1_1_0_0_0_1_1_1_0_0_0_0,1,9.0e-5,1.4142135623730955e-5,0.20238095238095238,170.66666666666666
0_1_0_0_0_0_1_1_1_0_0_1_0_0_0_0_1_0_0_0_1_1_0_1_1_0_0_1_0_1_1_1_1_1_0_0_1_1_1_0_0_0_0,1,9.0e-5,1.414213562373095e-5,0.2261904761904762,183.86363636363637
0_0_0_1_1_0_0_0_1_0_0_0_0_1_0_1_0_0_0_0_0_0_1_0_0_0_0_0_0_0_0_0_0_0_1_0_0_0_0_0_1_1_1,1,8.999999999999998e-5,2.82842712474619e-5,0.24404761904761904,230.03663003663004
0_0_0_0_0_0_0_1_0_1_0_0_1_0_1_1_0_0_0_0_1_0_1_1_0_0_0_0_0_1_1_1_1_0_0_0_1_1_1_1_0_0_0,1,8.666666666666668e-5,2.0548046676563257e-5,0.2261904761904762,201.38047138047136
0_0_0_0_0_0_0_1_0_1_0_0_1_1_1_1_1_0_1_1_0_1_1_0_0_0_0_0_0_0_0_0_0_0_0_1_0_0_0_1_1_1_0,1,8.666666666666668e-5,1.885618083164127e-5,0.20238095238095238,202.66666666666666
1_0_1_1_1_1_1_0_0_1_1_0_1_0_1_1_1_1_1_1_1_1_0_1_1_1_1_1_1_1_1_1_1_0_1_1_1_1_1_1_0_0_1,1,8.666666666666668e-5,2.8674417556808754e-5,0.2261904761904762,165.48148148148147
1_1_1_1_1_0_0_0_1_0_1_1_0_1_0_0_1_1_1_1_0_1_1_0_0_1_1_0_1_0_0_0_0_1_1_0_0_0_0_0_1_1_1,1,8.666666666666668e-5,2.0548046676563257e-5,0.23214285714285715,203.9057239057239
1_1_1_1_1_1_1_0_1_0_1_1_0_1_0_0_0_1_0_0_0_0_1_0_0_1_1_0_1_0_0_0_0_0_1_1_0_0_0_0_1_1_1,1,8.666666666666668e-5,2.494438257849294e-5,0.22023809523809523,175.0
1_1_1_1_1_0_0_0_0_1_0_1_0_0_0_0_0_0_0_0_1_0_0_1_1_0_0_1_1_1_1_1_1_1_1_1_1_1_1_1_0_0_0,1,8.666666666666668e-5,1.6996731711975954e-5,0.25,217.42965367965368
1_1_1_1_1_0_0_0_0_1_0_1_0_1_0_0_1_0_1_1_0_0_1_0_0_0_0_0_1_0_0_0_0_1_1_1_0_0_0_1_1_1_0,1,8.666666666666665e-5,4.1096093353126506e-5,0.24404761904761904,207.32142857142858
1_1_1_1_1_1_1_0_1_0_1_1_0_0_0_0_0_1_0_0_1_1_0_1_1_1_1_1_1_1_1_1_1_1_1_1_1_1_1_0_0_0_1,1,8.666666666666665e-5,2.3570226039551588e-5,0.22023809523809523,178.69047619047618
0_1_0_0_0_0_0_1_1_0_0_0_0_1_0_0_0_0_0_0_0_1_1_0_0_0_0_0_0_0_0_0_0_1_0_0_0_0_0_1_1_1_0,1,8.666666666666665e-5,3.681787005729086e-5,0.22023809523809523,218.3903133903134
1_0_1_1_1_1_1_0_0_1_1_0_1_1_1_1_1_1_1_1_0_0_1_0_0_1_1_0_1_0_0_0_0_0_1_1_0_0_0_1_1_1_1,1,8.666666666666665e-5,3.091206165165234e-5,0.23214285714285715,194.52991452991452
0_1_0_0_0_1_1_1_1_0_0_0_0_0_0_0_0_0_0_0_1_1_0_1_1_0_0_1_0_1_1_1_1_1_0_0_1_1_1_1_0_0_0,1,8.666666666666665e-5,4.496912521077347e-5,0.2261904761904762,263.968253968254
0_0_0_0_0_0_0_1_0_1_0_0_1_0_1_1_0_0_0_0_1_1_0_1_1_0_0_1_0_1_1_1_1_1_0_1_1_1_1_1_0_0_0,1,8.666666666666665e-5,4.496912521077347e-5,0.2261904761904762,213.33333333333334
0_1_0_1_0_1_1_1_1_0_0_0_0_0_0_0_1_0_1_1_1_0_0_1_1_0_0_1_0_1_1_1_1_1_0_0_1_1_1_1_0_0_0,1,8.333333333333333e-5,1.699673171197595e-5,0.22023809523809523,188.44444444444446
0_1_0_0_0_0_0_1_1_0_0_1_0_1_0_0_1_0_1_1_0_0_0_0_1_0_0_1_0_0_0_0_0_0_0_0_0_0_0_0_1_1_0,1,8.333333333333333e-5,1.699673171197595e-5,0.25,230.66666666666666
1_0_1_1_1_0_0_0_0_1_1_1_1_1_1_1_1_1_1_1_0_0_0_0_1_1_1_1_1_0_0_0_0_0_1_0_0_0_0_0_1_1_1,1,8.333333333333333e-5,1.2472191289246475e-5,0.2261904761904762,180.05952380952382
1_0_1_1_1_1_0_0_0_1_1_0_1_0_1_1_0_1_0_0_1_1_1_1_0_1_1_0_1_1_1_1_1_0_1_1_1_1_1_1_0_0_1,1,8.333333333333333e-5,2.0548046676563257e-5,0.23809523809523808,200.05050505050508
0_0_0_0_0_0_0_1_0_1_0_0_1_0_1_1_1_0_0_0_1_1_0_1_1_0_0_1_0_1_1_1_1_1_0_1_1_1_1_1_0_0_0,1,8.333333333333333e-5,2.0548046676563257e-5,0.2261904761904762,207.18434343434342
1_1_1_1_1_0_0_0_0_1_0_1_0_1_0_0_0_0_1_1_0_0_1_0_0_0_0_0_1_0_0_0_0_1_1_1_0_0_0_1_1_1_0,1,8.333333333333333e-5,1.2472191289246475e-5,0.24404761904761904,222.5357142857143
1_1_1_1_1_1_1_0_1_0_1_1_0_1_0_0_0_1_1_1_0_1_1_0_0_1_1_0_1_0_0_0_0_1_1_1_0_0_0_1_1_1_1,1,8.333333333333333e-5,5.436502143433363e-5,0.20833333333333334,172.33333333333334
0_0_0_0_0_0_0_1_0_1_0_0_1_0_1_1_0_0_0_0_1_0_0_1_1_0_0_1_0_1_1_1_1_0_0_0_1_1_1_1_0_0_0,1,8.0e-5,8.164965809277265e-6,0.2261904761904762,198.0357142857143
1_0_1_1_1_1_0_0_0_1_1_1_1_1_1_1_1_1_1_1_0_0_1_0_0_1_1_0_1_0_0_0_0_0_1_1_0_0_0_0_1_1_1,1,8.0e-5,1.6329931618554523e-5,0.2261904761904762,265.6388888888889
0_1_0_0_0_0_1_1_1_0_0_1_0_1_0_0_1_0_1_1_0_0_0_0_1_0_0_1_0_0_0_0_0_1_0_0_0_0_0_0_1_1_0,1,8.0e-5,2.943920288775949e-5,0.23809523809523808,175.0
1_1_1_1_1_1_1_0_1_0_1_1_0_0_0_0_1_1_0_0_1_0_0_1_1_1_1_1_1_1_1_1_1_1_1_1_1_1_1_1_0_0_1,1,8.0e-5,3.265986323710904e-5,0.19642857142857142,169.30555555555554
1_0_1_1_1_0_0_0_0_1_1_1_1_1_1_1_1_1_1_1_0_0_1_0_0_1_1_0_1_0_0_0_0_0_1_1_0_0_0_0_1_1_1,1,8.0e-5,2.449489742783178e-5,0.2261904761904762,196.2651515151515
0_0_0_0_0_1_1_1_1_0_1_0_1_0_1_1_0_1_0_0_1_1_0_1_1_1_1_1_0_1_1_1_1_0_0_0_1_1_1_0_0_0_1,1,8.0e-5,2.449489742783178e-5,0.24404761904761904,240.75757575757575
0_0_0_0_0_1_0_1_0_1_0_0_1_1_1_1_1_0_1_1_0_0_0_0_1_0_0_1_0_0_0_0_0_0_0_0_0_0_0_1_1_1_0,1,8.0e-5,8.164965809277265e-6,0.23214285714285715,193.65079365079364
0_0_0_1_1_0_0_1_1_0_1_0_1_0_1_0_1_1_1_1_1_1_0_1_1_1_1_1_0_1_1_1_1_1_0_0_1_1_1_0_0_0_1,1,7.999999999999999e-5,8.164965809277265e-6,0.23809523809523808,187.7314814814815
1_1_1_1_1_0_1_0_1_0_1_1_0_1_0_0_1_1_1_1_0_0_1_0_0_1_1_0_1_0_0_0_0_1_1_0_0_0_0_0_1_1_1,1,7.999999999999999e-5,4.242640687119285e-5,0.22023809523809523,189.23809523809527
0_1_0_0_0_0_1_1_1_0_0_1_0_0_0_0_0_0_0_0_1_1_0_1_1_0_0_1_0_1_1_1_1_1_0_0_1_1_1_1_0_0_0,1,7.666666666666667e-5,9.428090415820639e-6,0.22023809523809523,211.05820105820104
0_1_0_1_0_1_1_1_1_0_0_0_0_1_0_0_0_0_0_0_0_0_1_0_0_0_0_0_0_0_0_0_0_1_0_1_0_0_0_1_1_1_0,1,7.666666666666667e-5,4.714045207910323e-6,0.2261904761904762,186.54761904761904
1_1_1_1_1_0_0_0_1_0_1_1_0_1_0_0_1_1_1_1_0_0_0_0_1_1_1_1_1_0_0_0_0_0_1_0_0_0_0_0_1_1_1,1,7.666666666666667e-5,2.3570226039551585e-5,0.24404761904761904,202.02020202020205
1_0_1_1_1_1_0_0_0_1_1_0_1_1_1_1_1_1_1_1_0_0_1_0_0_1_1_0_1_0_0_0_0_0_1_1_0_0_0_0_1_1_1,1,7.666666666666667e-5,1.2472191289246474e-5,0.22023809523809523,198.28703703703704
0_1_0_0_0_0_0_1_1_0_0_1_0_1_0_0_1_0_1_1_0_0_1_0_0_0_0_0_0_0_0_0_0_0_0_0_0_0_0_0_1_1_0,1,7.333333333333334e-5,9.428090415820637e-6,0.25,189.58333333333334
0_0_0_0_0_1_0_1_0_1_0_0_1_0_1_1_1_0_1_1_1_1_0_1_1_0_0_1_0_1_1_1_1_1_0_0_1_1_1_1_0_0_0,1,7.333333333333334e-5,9.428090415820637e-6,0.23214285714285715,188.88888888888889
0_1_0_0_0_0_0_1_1_0_0_1_0_1_0_0_1_0_1_1_0_1_1_0_0_0_0_0_0_0_0_0_0_1_0_0_0_0_0_0_1_1_0,1,7.333333333333334e-5,2.3570226039551585e-5,0.23809523809523808,182.5
0_1_0_0_0_0_0_1_1_0_0_0_0_0_0_0_1_0_1_1_1_1_0_1_1_0_0_1_0_1_1_1_1_1_0_0_1_1_1_1_0_0_0,1,7.333333333333334e-5,1.699673171197595e-5,0.21428571428571427,198.125
1_1_1_0_0_1_0_0_0_1_0_1_0_1_0_1_1_0_1_1_0_0_0_0_1_0_0_1_1_0_0_0_0_0_1_1_0_0_0_1_1_1_0,1,7.333333333333334e-5,9.428090415820637e-6,0.25,186.80555555555554
0_1_0_1_0_0_1_1_1_0_0_0_0_0_0_0_1_0_1_1_1_0_0_1_1_0_0_1_0_1_1_1_1_1_0_0_1_1_1_1_0_0_0,1,7.333333333333334e-5,1.699673171197595e-5,0.22023809523809523,213.2962962962963
0_0_0_0_0_0_0_1_0_1_0_0_1_0_1_1_1_0_1_1_1_1_0_1_1_0_0_1_0_1_1_1_1_0_0_0_1_1_1_1_0_0_0,1,7.333333333333333e-5,4.714045207910323e-6,0.20238095238095238,175.47619047619048
0_0_0_0_0_1_1_1_0_1_0_0_1_1_1_1_1_0_1_1_0_1_0_0_1_0_0_1_0_0_0_0_0_1_0_1_0_0_0_1_1_1_0,1,7.333333333333333e-5,9.428090415820637e-6,0.23809523809523808,177.63888888888889
0_1_0_0_0_0_0_1_1_0_0_1_0_1_0_0_0_0_1_1_0_0_1_0_0_0_0_0_0_0_0_0_0_0_0_0_0_0_0_0_1_1_0,1,7.333333333333333e-5,4.714045207910323e-6,0.25,208.1547619047619
1_1_1_1_1_0_1_0_1_0_1_1_0_1_0_0_0_1_1_1_0_0_1_0_0_1_1_0_1_0_0_0_0_1_1_0_0_0_0_0_1_1_1,1,7.333333333333333e-5,3.681787005729087e-5,0.22023809523809523,195.9126984126984
0_1_0_0_0_1_1_1_1_0_0_0_0_1_0_0_0_0_1_1_0_1_1_0_0_0_0_0_0_0_0_0_0_1_0_0_0_0_0_1_1_1_0,1,7.333333333333333e-5,3.299831645537222e-5,0.23214285714285715,224.16666666666666
0_1_0_0_0_0_0_1_1_0_0_1_0_0_0_0_1_0_0_0_1_1_0_1_1_0_0_1_0_1_1_1_1_1_0_0_1_1_1_0_0_0_0,1,7.333333333333333e-5,4.714045207910323e-6,0.23214285714285715,197.20238095238096
0_0_0_1_1_0_0_0_0_1_0_0_1_1_1_1_1_0_1_1_0_0_0_0_1_0_0_1_0_0_0_0_0_0_1_1_0_0_0_1_1_1_0,1,7.333333333333333e-5,3.39934634239519e-5,0.25,198.88888888888889
1_0_1_1_1_1_0_0_0_1_1_0_1_0_1_1_0_1_0_0_1_1_1_1_0_1_1_0_1_1_1_1_1_0_1_1_1_1_1_0_0_0_1,1,7.000000000000001e-5,2.8284271247461902e-5,0.23214285714285715,188.4242424242424
0_1_0_0_0_1_1_1_1_0_0_0_0_1_0_0_1_0_1_1_0_1_1_0_0_0_0_0_0_0_0_0_0_1_0_0_0_0_0_1_1_1_0,1,7.000000000000001e-5,1.6329931618554523e-5,0.23214285714285715,233.74603174603172
1_0_1_0_1_1_0_0_0_1_1_1_1_0_1_1_1_1_1_1_1_1_0_1_1_1_1_1_1_1_1_1_1_0_1_1_1_1_1_0_0_0_1,1,7.000000000000001e-5,8.164965809277262e-6,0.2261904761904762,194.04761904761904
0_0_0_1_1_0_1_1_1_0_1_0_1_1_1_0_1_1_1_1_0_1_0_0_1_1_1_1_0_0_0_0_0_1_0_0_0_0_0_0_1_1_1,1,7.000000000000001e-5,1.4142135623730953e-5,0.25595238095238093,194.25925925925927
0_0_0_0_0_1_1_1_0_1_0_0_1_0_1_1_0_0_0_0_1_0_0_1_1_0_0_1_0_1_1_1_1_0_0_1_1_1_1_1_0_0_0,1,7.000000000000001e-5,3.7416573867739416e-5,0.23214285714285715,215.83333333333334
1_0_1_1_1_0_0_0_0_1_1_1_1_0_1_1_0_1_0_0_1_0_0_1_1_1_1_1_1_1_1_1_1_0_1_1_1_1_1_0_0_0_1,1,7.000000000000001e-5,1.4142135623730953e-5,0.23214285714285715,227.96296296296293
1_1_1_0_0_1_1_1_1_0_1_1_0_1_0_0_1_1_1_1_0_1_0_0_1_1_1_1_1_0_0_0_0_1_0_0_0_0_0_0_1_1_1,1,7.000000000000001e-5,1.6329931618554523e-5,0.25595238095238093,192.8042328042328
1_1_1_0_0_1_1_1_0_1_1_1_1_0_1_0_1_1_1_1_1_0_0_1_1_1_1_1_1_1_1_1_1_0_0_1_1_1_1_1_0_0_0,1,7.0e-5,1.6329931618554523e-5,0.24404761904761904,192.5079365079365
0_0_0_0_0_0_0_1_0_1_0_0_1_1_1_1_0_0_1_1_0_1_1_0_0_0_0_0_0_0_0_0_0_0_0_1_0_0_0_1_1_1_0,1,7.0e-5,5.099019513592785e-5,0.20238095238095238,168.52380952380952
1_1_1_0_0_0_1_1_1_0_1_1_0_1_0_0_0_1_0_0_0_1_1_0_0_1_1_0_1_0_0_0_0_1_0_0_0_0_0_0_1_1_1,1,6.666666666666667e-5,6.649979114420001e-5,0.25,207.08333333333334
0_0_0_0_0_1_1_1_1_0_1_0_1_1_1_1_1_1_1_1_0_1_1_0_0_1_1_0_0_0_0_0_0_0_0_0_0_0_0_0_1_1_1,1,6.666666666666667e-5,2.4944382578492944e-5,0.25,245.33333333333334
0_0_0_0_0_1_1_1_0_1_0_0_1_1_1_1_1_0_1_1_0_1_0_0_1_0_0_1_0_0_0_0_0_0_0_1_0_0_0_1_1_1_0,1,6.666666666666667e-5,3.8586123009300757e-5,0.22023809523809523,199.44444444444446
1_1_1_0_0_1_1_0_0_1_0_1_0_0_0_1_1_0_1_1_1_0_0_1_1_0_0_1_1_1_1_1_1_0_1_1_1_1_1_1_0_0_0,1,6.666666666666667e-5,2.0548046676563257e-5,0.24404761904761904,230.67460317460316
1_0_1_1_1_0_0_0_0_1_1_1_1_0_1_1_0_1_0_0_1_0_1_1_0_1_1_0_1_1_1_1_1_0_1_0_1_1_1_0_0_0_1,1,6.666666666666667e-5,3.299831645537222e-5,0.23214285714285715,184.0909090909091
0_1_0_0_0_0_1_1_1_0_0_1_0_0_0_0_0_0_0_0_1_0_1_1_0_0_0_0_0_1_1_1_1_1_0_0_1_1_1_0_0_0_0,1,6.666666666666667e-5,1.2472191289246472e-5,0.23214285714285715,184.27380952380952
0_0_0_0_0_1_1_1_0_1_0_0_1_1_1_1_1_0_1_1_0_0_1_0_0_0_0_0_0_0_0_0_0_0_0_1_0_0_0_1_1_1_0,1,6.666666666666666e-5,4.714045207910313e-6,0.2261904761904762,204.44444444444446
0_1_0_0_0_0_1_1_1_0_0_0_0_0_0_0_0_0_0_0_1_1_0_1_1_0_0_1_0_1_1_1_1_1_0_0_1_1_1_1_0_0_0,1,6.666666666666666e-5,2.0548046676563257e-5,0.2261904761904762,245.76719576719574
1_1_1_0_0_0_1_1_1_0_1_1_0_0_0_0_1_1_1_1_1_1_0_1_1_1_1_1_1_1_1_1_1_1_0_0_1_1_1_0_0_0_1,1,6.666666666666666e-5,2.0548046676563257e-5,0.24404761904761904,183.34656084656083
1_1_1_1_1_1_1_0_1_0_1_1_0_0_0_0_0_1_0_0_1_0_1_1_0_1_1_0_1_1_1_1_1_1_1_1_1_1_1_0_0_0_1,1,6.333333333333333e-5,1.2472191289246474e-5,0.21428571428571427,195.94444444444446
1_0_1_1_1_1_1_0_0_1_1_0_1_0_1_1_1_1_0_0_1_0_0_1_1_1_1_1_1_1_1_1_1_0_1_1_1_1_1_1_0_0_1,1,6.333333333333333e-5,2.867441755680876e-5,0.23809523809523808,184.55555555555557
1_1_1_1_1_0_1_0_1_0_1_1_0_0_0_0_1_1_1_1_1_0_0_1_1_1_1_1_1_1_1_1_1_1_1_1_1_1_1_0_0_0_1,1,6.333333333333333e-5,1.699673171197595e-5,0.20833333333333334,198.0357142857143
1_0_1_0_1_0_0_0_0_1_1_1_1_1_1_1_0_1_0_0_0_1_1_0_0_1_1_0_1_0_0_0_0_0_1_0_0_0_0_0_1_1_1,1,6.333333333333333e-5,4.714045207910313e-6,0.22023809523809523,205.95238095238096
1_1_1_1_1_0_0_0_0_1_0_1_0_0_0_0_1_0_0_0_1_0_0_1_1_0_0_1_1_1_1_1_1_1_1_1_1_1_1_1_0_0_0,1,6.333333333333333e-5,4.714045207910313e-6,0.25,210.87301587301587
0_0_0_0_0_1_0_1_0_1_0_0_1_1_1_1_0_0_1_1_0_1_1_0_0_0_0_0_0_0_0_0_0_0_0_1_0_0_0_1_1_1_0,1,6.333333333333333e-5,2.4944382578492947e-5,0.21428571428571427,173.7037037037037
1_0_1_1_1_1_1_0_0_1_1_0_1_1_1_1_1_1_1_1_0_1_1_0_0_1_1_0_1_0_0_0_0_1_1_1_0_0_0_1_1_1_1,1,6.333333333333333e-5,1.699673171197595e-5,0.24404761904761904,208.63095238095238
1_0_1_1_1_1_0_0_0_1_1_0_1_1_1_1_1_1_1_1_0_1_1_0_0_1_1_0_1_0_0_0_0_0_1_1_0_0_0_1_1_1_1,1,6.333333333333333e-5,9.42809041582063e-6,0.23214285714285715,187.90476190476193
0_1_0_0_0_0_1_1_1_0_0_1_0_1_0_0_1_0_1_1_0_1_1_0_0_0_0_0_0_0_0_0_0_1_0_0_0_0_0_1_1_1_0,1,6.333333333333333e-5,1.699673171197595e-5,0.2261904761904762,259.76190476190476
1_0_1_1_1_1_1_0_0_1_1_0_1_0_1_1_0_1_0_0_1_1_0_1_1_1_1_1_1_1_1_1_1_1_1_1_1_1_1_1_0_0_1,1,6.333333333333333e-5,9.42809041582063e-6,0.25,216.2857142857143
0_0_0_0_0_1_0_1_0_1_0_0_1_0_1_1_1_0_1_1_1_1_0_1_1_0_0_1_0_1_1_1_1_0_0_0_1_1_1_1_0_0_0,1,6.333333333333333e-5,9.42809041582063e-6,0.21428571428571427,188.19047619047623
0_1_0_0_0_0_0_1_1_0_0_1_0_0_0_0_0_0_0_0_1_0_0_1_1_0_0_1_0_1_1_1_1_0_0_0_1_1_1_0_0_0_0,1,6.333333333333333e-5,1.699673171197595e-5,0.24404761904761904,207.61904761904762
1_1_1_1_1_0_1_0_1_0_1_1_0_0_0_0_1_1_0_0_1_0_0_1_1_1_1_1_1_1_1_1_1_1_1_0_1_1_1_0_0_0_1,1,6.333333333333333e-5,3.681787005729087e-5,0.21428571428571427,207.5757575757576
0_0_0_0_0_0_0_1_0_1_0_0_1_0_1_1_1_0_0_0_1_1_0_1_1_0_0_1_0_1_1_1_1_0_0_1_1_1_1_1_0_0_0,1,6.333333333333333e-5,1.2472191289246474e-5,0.20833333333333334,187.2222222222222
1_0_1_1_1_0_0_0_0_1_1_0_1_1_1_1_1_1_1_1_0_1_0_0_1_1_1_1_1_0_0_0_0_0_1_1_0_0_0_0_1_1_1,1,6.333333333333333e-5,4.714045207910313e-6,0.2261904761904762,218.4126984126984
1_0_1_1_1_1_0_0_0_1_1_1_1_0_1_1_1_1_0_0_1_0_0_1_1_1_1_1_1_1_1_1_1_0_1_1_1_1_1_0_0_0_1,1,6.333333333333333e-5,2.4944382578492947e-5,0.23214285714285715,241.37566137566137
0_0_0_0_0_0_0_1_0_1_0_0_1_1_1_1_1_0_1_1_0_0_1_0_0_0_0_0_0_0_0_0_0_0_0_0_0_0_0_1_1_1_0,1,6.333333333333333e-5,1.885618083164127e-5,0.22023809523809523,180.0
0_0_0_1_1_1_0_0_0_1_0_0_1_1_1_1_0_0_0_0_0_0_1_0_0_0_0_0_0_0_0_0_0_0_1_1_0_0_0_1_1_1_0,1,6.333333333333333e-5,2.867441755680876e-5,0.24404761904761904,188.7777777777778
1_1_1_1_1_0_0_0_1_0_1_1_0_1_0_0_1_1_1_1_0_0_1_0_0_1_1_0_1_0_0_0_0_0_1_0_0_0_0_0_1_1_1,1,6.0e-5,2.8284271247461902e-5,0.24404761904761904,181.66666666666666
0_0_0_0_0_1_1_1_0_1_0_0_1_1_1_1_1_0_1_1_0_1_1_0_0_0_0_0_0_0_0_0_0_1_0_1_0_0_0_1_1_1_0,1,6.0e-5,2.4494897427831785e-5,0.23809523809523808,209.25925925925924
0_1_0_0_0_1_1_1_1_0_0_1_0_1_0_0_1_0_1_1_0_0_0_0_1_0_0_1_0_0_0_0_0_1_0_0_0_0_0_1_1_1_0,1,6.0e-5,2.1602468994692868e-5,0.23214285714285715,200.42592592592595
0_0_0_0_0_1_1_1_0_1_0_0_1_0_1_1_1_0_0_0_1_0_0_1_1_0_0_1_0_1_1_1_1_0_0_1_1_1_1_1_0_0_0,1,6.0e-5,2.1602468994692868e-5,0.23214285714285715,170.83333333333334
0_1_0_0_0_0_1_1_1_0_0_0_0_1_0_0_1_0_1_1_0_1_1_0_0_0_0_0_0_0_0_0_0_1_0_0_0_0_0_1_1_1_0,1,6.0e-5,2.4494897427831785e-5,0.23214285714285715,208.88888888888889
0_0_0_0_0_1_0_1_0_1_0_0_1_1_1_1_0_0_0_0_0_1_1_0_0_0_0_0_0_0_0_0_0_1_0_0_0_0_0_1_1_1_0,1,6.0e-5,0.0,0.2261904761904762,148.88888888888889
1_1_1_1_1_1_1_0_1_0_1_1_0_0_0_0_1_1_0_0_1_0_0_1_1_1_1_1_1_1_1_1_1_1_1_0_1_1_1_0_0_0_1,1,6.0e-5,1.6329931618554523e-5,0.20238095238095238,181.25
0_1_0_0_0_1_1_1_1_0_0_0_0_0_0_0_0_0_0_0_1_1_0_1_1_0_0_1_0_1_1_1_1_1_0_1_1_1_1_1_0_0_0,1,5.9999999999999995e-5,8.164965809277256e-6,0.2261904761904762,199.23809523809527
1_1_1_1_1_1_1_0_1_0_1_1_0_1_0_0_1_1_1_1_0_1_1_0_0_1_1_0_1_0_0_0_0_1_1_1_0_0_0_0_1_1_1,1,5.9999999999999995e-5,8.164965809277256e-6,0.2261904761904762,198.65079365079364
1_0_1_1_1_1_1_0_0_1_1_0_1_1_1_1_0_1_1_1_0_1_1_0_0_1_1_0_1_0_0_0_0_1_1_1_0_0_0_1_1_1_1,1,5.9999999999999995e-5,8.164965809277256e-6,0.24404761904761904,192.74603174603172
1_1_1_1_1_0_1_0_1_0_1_1_0_0_0_0_1_1_1_1_1_0_0_1_1_1_1_1_1_1_1_1_1_0_1_1_1_1_1_0_0_0_1,1,5.9999999999999995e-5,2.943920288775949e-5,0.2261904761904762,180.39682539682542
1_1_1_1_1_0_0_0_1_0_1_1_0_0_0_0_0_1_0_0_1_1_0_1_1_1_1_1_1_1_1_1_1_1_1_0_1_1_1_0_0_0_1,1,5.9999999999999995e-5,8.164965809277256e-6,0.2261904761904762,215.2698412698413
1_0_1_0_1_0_0_0_0_1_1_1_1_1_1_1_0_1_0_0_0_1_1_0_0_1_1_0_1_0_0_0_0_0_1_1_0_0_0_0_1_1_1,1,5.9999999999999995e-5,8.164965809277256e-6,0.22023809523809523,195.23809523809527
1_0_1_1_1_1_0_0_0_1_1_1_1_1_1_1_1_1_1_1_0_0_0_0_1_1_1_1_1_0_0_0_0_0_1_0_0_0_0_0_1_1_1,1,5.666666666666667e-5,3.091206165165235e-5,0.2261904761904762,211.66666666666666
1_0_1_1_1_1_1_0_0_1_1_0_1_1_1_1_0_1_1_1_0_0_1_0_0_1_1_0_1_0_0_0_0_0_1_1_0_0_0_1_1_1_1,1,5.666666666666667e-5,1.699673171197595e-5,0.23214285714285715,193.75
1_1_1_1_1_1_1_0_1_0_1_1_0_0_0_0_0_1_0_0_1_0_0_1_1_1_1_1_1_1_1_1_1_1_1_0_1_1_1_0_0_0_1,1,5.666666666666667e-5,1.699673171197595e-5,0.20238095238095238,203.66666666666666
1_1_1_1_1_0_1_0_1_0_1_1_0_1_0_0_0_1_0_0_0_0_1_0_0_1_1_0_1_0_0_0_0_1_1_1_0_0_0_0_1_1_1,1,5.666666666666667e-5,2.867441755680876e-5,0.21428571428571427,186.11111111111111
0_0_0_0_0_1_1_1_1_0_1_0_1_0_1_1_1_1_0_0_1_1_0_1_1_1_1_1_0_1_1_1_1_0_0_0_1_1_1_0_0_0_1,1,5.666666666666667e-5,9.42809041582063e-6,0.24404761904761904,187.52380952380952
0_0_0_1_1_0_1_1_1_0_1_0_1_0_1_0_0_1_0_0_1_1_1_1_0_1_1_0_0_1_1_1_1_1_0_0_1_1_1_0_0_0_1,1,5.666666666666667e-5,2.4944382578492947e-5,0.25,245.4814814814815
1_0_1_1_1_1_1_0_0_1_1_1_1_0_1_1_0_1_0_0_1_0_1_1_0_1_1_0_1_1_1_1_1_0_1_1_1_1_1_0_0_0_1,1,5.666666666666667e-5,3.091206165165235e-5,0.23809523809523808,238.66666666666666
1_1_1_1_1_0_0_0_1_0_1_1_0_0_0_0_1_1_0_0_1_1_0_1_1_1_1_1_1_1_1_1_1_1_1_0_1_1_1_0_0_0_1,1,5.666666666666667e-5,2.3570226039551588e-5,0.2261904761904762,169.07407407407408
1_1_1_0_0_1_0_0_0_1_0_1_0_0_0_1_0_0_0_0_1_0_1_1_0_0_0_0_1_1_1_1_1_0_1_1_1_1_1_1_0_0_0,1,5.6666666666666664e-5,1.2472191289246467e-5,0.25595238095238093,226.62698412698413
0_0_0_0_0_1_0_1_0_1_0_0_1_0_1_1_0_0_0_0_1_0_1_1_0_0_0_0_0_1_1_1_1_0_0_0_1_1_1_1_0_0_0,1,5.6666666666666664e-5,9.42809041582063e-6,0.23809523809523808,216.57142857142858
1_0_1_1_1_1_0_0_0_1_1_1_1_1_1_1_0_1_1_1_0_0_1_0_0_1_1_0_1_0_0_0_0_0_1_1_0_0_0_0_1_1_1,1,5.333333333333334e-5,3.091206165165235e-5,0.2261904761904762,287.0238095238095
0_1_0_1_0_1_1_1_1_0_0_0_0_0_0_0_0_0_0_0_1_0_1_1_0_0_0_0_0_1_1_1_1_1_0_1_1_1_1_1_0_0_0,1,5.333333333333334e-5,2.0548046676563257e-5,0.23809523809523808,187.7777777777778
1_1_1_1_1_0_1_0_1_0_1_1_0_0_0_0_0_1_0_0_1_1_1_1_0_1_1_0_1_1_1_1_1_1_1_1_1_1_1_0_0_0_1,1,5.333333333333334e-5,1.885618083164127e-5,0.23214285714285715,171.66666666666666
1_0_1_1_1_0_0_0_0_1_1_1_1_1_1_1_1_1_1_1_0_0_1_0_0_1_1_0_1_0_0_0_0_0_1_0_0_0_0_0_1_1_1,1,5.333333333333334e-5,4.714045207910317e-6,0.2261904761904762,215.55555555555554
1_0_1_1_1_1_1_0_0_1_1_0_1_0_1_1_1_1_0_0_1_1_0_1_1_1_1_1_1_1_1_1_1_1_1_1_1_1_1_1_0_0_1,1,5.333333333333334e-5,4.714045207910317e-6,0.25,187.66666666666666
1_1_1_0_0_1_0_0_0_1_0_1_0_0_0_1_0_0_0_0_1_0_0_1_1_0_0_1_1_1_1_1_1_0_1_1_1_1_1_1_0_0_0,1,5.333333333333334e-5,2.0548046676563257e-5,0.25595238095238093,182.94444444444446
0_0_0_1_1_0_0_0_0_1_0_0_1_1_1_1_0_0_0_0_0_0_1_0_0_0_0_0_0_0_0_0_0_0_1_0_0_0_0_1_1_1_0,1,5.333333333333334e-5,4.027681991198191e-5,0.24404761904761904,194.44444444444446
1_0_1_1_1_1_1_0_0_1_1_0_1_0_1_1_0_1_0_0_1_1_1_1_0_1_1_0_1_1_1_1_1_0_1_1_1_1_1_1_0_0_1,1,5.333333333333334e-5,3.39934634239519e-5,0.24404761904761904,188.5
1_0_1_0_1_0_0_0_0_1_1_1_1_0_1_1_1_1_1_1_1_1_0_1_1_1_1_1_1_1_1_1_1_0_1_0_1_1_1_0_0_0_1,1,5.333333333333334e-5,2.0548046676563257e-5,0.2261904761904762,204.47222222222226
0_1_0_0_0_0_1_1_1_0_0_0_0_0_0_0_1_0_0_0_1_1_0_1_1_0_0_1_0_1_1_1_1_1_0_0_1_1_1_1_0_0_0,1,5.333333333333334e-5,2.0548046676563257e-5,0.2261904761904762,235.86111111111111
1_0_1_1_1_0_0_0_0_1_1_1_1_0_1_1_1_1_0_0_1_0_0_1_1_1_1_1_1_1_1_1_1_0_1_1_1_1_1_0_0_0_1,1,5.333333333333334e-5,3.681787005729087e-5,0.23214285714285715,264.6666666666667
0_1_0_1_0_0_1_1_1_0_0_0_0_1_0_0_0_0_0_0_0_0_1_0_0_0_0_0_0_0_0_0_0_1_0_0_0_0_0_1_1_1_0,1,5.333333333333334e-5,2.6246692913372705e-5,0.2261904761904762,196.94444444444446
0_0_0_0_0_1_0_1_0_1_0_0_1_1_1_1_0_0_0_0_0_1_1_0_0_0_0_0_0_0_0_0_0_0_0_0_0_0_0_1_1_1_0,1,5.333333333333334e-5,2.0548046676563257e-5,0.20833333333333334,194.80555555555554
0_1_0_0_0_1_1_1_1_0_0_0_0_1_0_0_1_0_1_1_0_1_1_0_0_0_0_0_0_0_0_0_0_1_0_1_0_0_0_1_1_1_0,1,5.333333333333334e-5,2.0548046676563257e-5,0.23214285714285715,187.19444444444446
0_1_0_0_0_1_1_1_1_0_0_0_0_1_0_0_1_0_1_1_0_1_0_0_1_0_0_1_0_0_0_0_0_1_0_1_0_0_0_1_1_1_0,1,5.333333333333334e-5,4.714045207910317e-6,0.23214285714285715,175.7777777777778
1_0_1_1_1_1_0_0_0_1_1_0_1_1_1_1_0_1_1_1_0_0_1_0_0_1_1_0_1_0_0_0_0_0_1_1_0_0_0_0_1_1_1,1,5.333333333333334e-5,2.4944382578492944e-5,0.22023809523809523,230.2777777777778
0_0_0_1_1_1_0_0_0_1_0_0_1_0_1_1_1_0_1_1_1_0_0_1_1_0_0_1_0_1_1_1_1_0_1_1_1_1_1_1_0_0_0,1,5.3333333333333326e-5,1.6996731711975947e-5,0.25,194.76190476190473
1_0_1_1_1_1_0_0_0_1_1_0_1_1_1_1_1_1_1_1_0_1_0_0_1_1_1_1_1_0_0_0_0_0_1_1_0_0_0_0_1_1_1,1,5.3333333333333326e-5,1.2472191289246467e-5,0.2261904761904762,203.0
0_0_0_1_1_0_0_0_1_0_0_0_0_0_0_1_1_0_1_1_1_0_0_1_1_0_0_1_0_1_1_1_1_0_1_0_1_1_1_0_0_0_1,1,5.3333333333333326e-5,1.6996731711975947e-5,0.23809523809523808,190.95238095238096
0_1_0_0_0_0_1_1_1_0_0_0_0_1_0_0_0_0_1_1_0_1_1_0_0_0_0_0_0_0_0_0_0_1_0_0_0_0_0_1_1_1_0,1,5.3333333333333326e-5,1.6996731711975947e-5,0.23214285714285715,281.6666666666667
0_0_0_1_1_0_1_0_1_0_0_0_1_0_1_1_1_0_1_1_1_0_0_1_1_1_1_1_0_1_1_1_1_0_1_0_1_1_1_0_0_0_1,1,5.3333333333333326e-5,1.2472191289246467e-5,0.23809523809523808,252.14285714285714
0_1_0_0_0_0_1_1_1_0_0_1_0_0_0_0_1_0_0_0_1_1_0_1_1_0_0_1_0_1_1_1_1_1_0_0_1_1_1_1_0_0_0,1,5.3333333333333326e-5,1.6996731711975947e-5,0.22023809523809523,206.90476190476193
1_0_1_0_1_1_1_0_0_1_1_1_1_1_1_1_0_1_0_0_0_1_1_0_0_1_1_0_1_0_0_0_0_0_1_1_0_0_0_0_1_1_1,1,5.0e-5,1.4142135623730951e-5,0.2261904761904762,198.33333333333334
1_1_1_1_1_0_1_0_1_0_1_1_0_1_0_0_0_1_0_0_0_0_1_0_0_1_1_0_1_0_0_0_0_0_1_1_0_0_0_0_1_1_1,1,5.0e-5,8.16496580927726e-6,0.23214285714285715,196.05555555555554
1_1_1_0_0_1_1_1_0_1_1_1_1_1_1_0_0_1_0_0_0_1_1_0_0_1_1_0_1_0_0_0_0_1_0_1_0_0_0_1_1_1_0,1,5.0e-5,8.16496580927726e-6,0.23809523809523808,238.55555555555557
1_0_1_1_1_1_1_0_0_1_1_1_1_0_1_1_1_1_1_1_1_0_0_1_1_1_1_1_1_1_1_1_1_0_1_1_1_1_1_0_0_0_1,1,5.0e-5,0.0,0.22023809523809523,242.66666666666666
1_1_1_0_0_1_1_1_0_1_1_1_1_0_1_0_1_1_1_1_1_1_0_1_1_1_1_1_1_1_1_1_1_1_0_1_1_1_1_1_0_0_0,1,5.0e-5,0.0,0.24404761904761904,216.66666666666666
0_1_0_0_0_0_0_1_1_0_0_1_0_1_0_0_1_0_1_1_0_0_0_0_1_0_0_1_0_0_0_0_0_1_0_0_0_0_0_0_1_1_0,1,5.0e-5,8.16496580927726e-6,0.24404761904761904,163.2777777777778
1_0_1_0_1_0_0_0_0_1_1_1_1_1_1_1_1_1_1_1_0_1_0_0_1_1_1_1_1_0_0_0_0_0_1_0_0_0_0_0_1_1_1,1,5.0e-5,2.160246899469287e-5,0.23809523809523808,193.05555555555557
1_1_1_1_1_1_1_0_1_0_1_1_0_0_0_0_1_1_0_0_1_1_0_1_1_1_1_1_1_1_1_1_1_1_1_1_1_1_1_0_0_0_1,1,5.0e-5,3.2659863237109046e-5,0.22023809523809523,174.66666666666666
0_0_0_0_0_0_0_1_0_1_0_0_1_1_1_1_1_0_1_1_0_1_0_0_1_0_0_1_0_0_0_0_0_0_0_0_0_0_0_1_1_1_0,1,4.9999999999999996e-5,1.4142135623730946e-5,0.21428571428571427,158.57142857142858
0_0_0_0_0_1_1_1_0_1_0_0_1_0_1_1_0_0_0_0_1_1_1_1_0_0_0_0_0_1_1_1_1_1_0_1_1_1_1_1_0_0_0,1,4.9999999999999996e-5,2.82842712474619e-5,0.24404761904761904,185.23809523809527
1_1_1_1_1_1_1_0_1_0_1_1_0_1_0_0_0_1_1_1_0_1_1_0_0_1_1_0_1_0_0_0_0_1_1_1_0_0_0_0_1_1_1,1,4.9999999999999996e-5,1.4142135623730946e-5,0.2261904761904762,178.92857142857142
1_0_1_0_1_1_0_0_0_1_1_1_1_1_1_1_0_1_0_0_0_1_1_0_0_1_1_0_1_0_0_0_0_0_1_1_0_0_0_0_1_1_1,1,4.666666666666667e-5,1.8856180831641267e-5,0.22023809523809523,221.66666666666666
1_0_1_0_1_0_0_0_0_1_1_1_1_1_1_1_1_1_1_1_0_1_0_0_1_1_1_1_1_0_0_0_0_0_1_1_0_0_0_0_1_1_1,1,4.666666666666667e-5,9.428090415820634e-6,0.23809523809523808,201.94444444444446
1_1_1_0_0_1_1_1_0_1_1_1_1_1_1_0_1_1_1_1_0_0_0_0_1_1_1_1_1_0_0_0_0_0_0_1_0_0_0_1_1_1_0,1,4.666666666666667e-5,9.428090415820634e-6,0.25595238095238093,206.94444444444446
1_1_1_1_1_0_1_0_1_0_1_1_0_0_0_0_0_1_0_0_1_1_0_1_1_1_1_1_1_1_1_1_1_1_1_1_1_1_1_0_0_0_1,1,4.666666666666667e-5,1.2472191289246472e-5,0.23214285714285715,195.55555555555554
0_1_0_0_0_0_0_1_1_0_0_1_0_0_0_0_0_0_0_0_1_0_1_1_0_0_0_0_0_1_1_1_1_1_0_0_1_1_1_0_0_0_0,1,4.666666666666667e-5,2.3570226039551588e-5,0.23809523809523808,183.88888888888889
0_1_0_0_0_1_1_1_1_0_0_1_0_0_0_0_0_0_0_0_1_0_1_1_0_0_0_0_0_1_1_1_1_1_0_0_1_1_1_1_0_0_0,1,4.666666666666667e-5,9.428090415820634e-6,0.2261904761904762,205.83333333333334
0_0_0_0_0_0_0_1_0_1_0_0_1_1_1_1_0_0_1_1_0_0_1_0_0_0_0_0_0_0_0_0_0_0_0_0_0_0_0_1_1_1_0,1,4.666666666666667e-5,1.8856180831641267e-5,0.22023809523809523,180.55555555555554
0_1_0_0_0_0_0_1_1_0_0_1_0_1_0_0_0_0_1_1_0_1_1_0_0_0_0_0_0_0_0_0_0_1_0_0_0_0_0_0_1_1_0,1,4.6666666666666665e-5,1.6996731711975947e-5,0.23809523809523808,223.33333333333334
0_1_0_0_0_0_1_1_1_0_0_0_0_0_0_0_0_0_0_0_1_1_1_1_0_0_0_0_0_1_1_1_1_1_0_1_1_1_1_1_0_0_0,1,4.6666666666666665e-5,2.0548046676563253e-5,0.2261904761904762,220.33333333333334
0_1_0_0_0_0_0_1_1_0_0_1_0_0_0_0_1_0_0_0_1_0_0_1_1_0_0_1_0_1_1_1_1_0_0_0_1_1_1_0_0_0_0,1,4.6666666666666665e-5,1.6996731711975947e-5,0.24404761904761904,167.46031746031747
0_0_0_0_0_1_0_1_0_1_0_0_1_1_1_1_1_0_1_1_0_1_0_0_1_0_0_1_0_0_0_0_0_1_0_0_0_0_0_1_1_1_0,1,4.6666666666666665e-5,2.0548046676563253e-5,0.24404761904761904,160.42857142857142
1_0_1_1_1_0_0_0_0_1_1_1_1_1_1_1_0_1_1_1_0_0_1_0_0_1_1_0_1_0_0_0_0_0_1_1_0_0_0_0_1_1_1,1,4.6666666666666665e-5,2.0548046676563253e-5,0.2261904761904762,192.90476190476193
0_1_0_0_0_1_1_1_1_0_0_1_0_1_0_0_1_0_1_1_0_0_1_0_0_0_0_0_0_0_0_0_0_1_0_0_0_0_0_1_1_1_0,1,4.6666666666666665e-5,1.6996731711975947e-5,0.23214285714285715,199.32539682539684
0_1_0_0_0_1_1_1_1_0_0_0_0_0_0_0_1_0_0_0_1_1_0_1_1_0_0_1_0_1_1_1_1_1_0_1_1_1_1_1_0_0_0,1,4.6666666666666665e-5,2.0548046676563253e-5,0.2261904761904762,180.90476190476193
0_1_0_1_0_0_0_1_1_0_0_0_0_0_0_0_1_0_1_1_1_0_0_1_1_0_0_1_0_1_1_1_1_1_0_0_1_1_1_1_0_0_0,1,4.6666666666666665e-5,1.6996731711975947e-5,0.2261904761904762,206.5079365079365
1_0_1_1_1_1_0_0_0_1_1_0_1_0_1_1_0_1_0_0_1_1_0_1_1_1_1_1_1_1_1_1_1_0_1_1_1_1_1_1_0_0_1,1,4.333333333333334e-5,1.2472191289246472e-5,0.23809523809523808,174.16666666666666
1_1_1_0_0_1_1_1_1_0_1_1_0_0_0_0_1_1_1_1_1_1_0_1_1_1_1_1_1_1_1_1_1_1_0_1_1_1_1_0_0_0_1,1,4.333333333333334e-5,1.2472191289246472e-5,0.24404761904761904,180.55555555555554
0_0_0_1_1_0_1_1_1_0_1_0_1_1_1_0_1_1_1_1_0_1_1_0_0_1_1_0_0_0_0_0_0_1_0_0_0_0_0_0_1_1_1,1,4.333333333333334e-5,2.6246692913372705e-5,0.25595238095238093,174.86111111111111
0_0_0_0_0_0_0_1_0_1_0_0_1_1_1_1_1_0_1_1_0_1_0_0_1_0_0_1_0_0_0_0_0_1_0_0_0_0_0_1_1_1_0,1,4.333333333333334e-5,4.714045207910317e-6,0.23214285714285715,172.5
1_1_1_1_1_0_1_0_1_0_1_1_0_0_0_0_0_1_0_0_1_0_1_1_0_1_1_0_1_1_1_1_1_1_1_1_1_1_1_0_0_0_1,1,4.333333333333334e-5,1.2472191289246472e-5,0.2261904761904762,180.0
1_1_1_0_0_1_1_1_1_0_1_1_0_0_0_0_0_1_0_0_1_1_1_1_0_1_1_0_1_1_1_1_1_1_0_0_1_1_1_0_0_0_1,1,4.333333333333334e-5,1.6996731711975947e-5,0.25,194.44444444444446
0_1_0_0_0_0_1_1_1_0_0_1_0_1_0_0_1_0_1_1_0_0_0_0_1_0_0_1_0_0_0_0_0_1_0_0_0_0_0_1_1_1_0,1,4.333333333333334e-5,1.6996731711975947e-5,0.23214285714285715,228.44444444444443
0_0_0_1_1_0_0_0_0_1_0_0_1_0_1_1_0_0_0_0_1_0_1_1_0_0_0_0_0_1_1_1_1_0_1_1_1_1_1_1_0_0_0,1,4.333333333333334e-5,2.0548046676563253e-5,0.25595238095238093,152.73809523809524
0_0_0_0_0_1_1_1_0_1_0_0_1_1_1_1_0_0_1_1_0_0_1_0_0_0_0_0_0_0_0_0_0_0_0_1_0_0_0_1_1_1_0,1,4.333333333333334e-5,1.2472191289246472e-5,0.2261904761904762,164.16666666666666
0_1_0_0_0_0_1_1_1_0_0_1_0_0_0_0_0_0_0_0_1_0_0_1_1_0_0_1_0_1_1_1_1_1_0_0_1_1_1_0_0_0_0,1,4.0e-5,2.1602468994692868e-5,0.23214285714285715,207.44444444444446
1_0_1_1_1_0_0_0_0_1_1_0_1_0_1_1_0_1_0_0_1_1_1_1_0_1_1_0_1_1_1_1_1_0_1_1_1_1_1_0_0_0_1,1,4.0e-5,2.1602468994692868e-5,0.23214285714285715,236.2222222222222
0_0_0_0_0_0_0_1_0_1_0_0_1_1_1_1_0_0_1_1_0_1_1_0_0_0_0_0_0_0_0_0_0_1_0_0_0_0_0_1_1_1_0,1,4.0e-5,1.4142135623730951e-5,0.23214285714285715,168.33333333333334
1_0_1_1_1_1_0_0_0_1_1_1_1_0_1_1_0_1_0_0_1_0_0_1_1_1_1_1_1_1_1_1_1_0_1_1_1_1_1_0_0_0_1,1,4.0e-5,2.1602468994692868e-5,0.23214285714285715,231.33333333333334
1_1_1_1_1_1_1_0_1_0_1_1_0_0_0_0_0_1_0_0_1_0_0_1_1_1_1_1_1_1_1_1_1_0_1_1_1_1_1_0_0_0_1,1,4.0e-5,1.632993161855452e-5,0.23214285714285715,158.61111111111111
1_0_1_1_1_1_0_0_0_1_1_0_1_1_1_1_1_1_1_1_0_1_1_0_0_1_1_0_1_0_0_0_0_0_1_1_0_0_0_0_1_1_1,1,4.0e-5,8.164965809277262e-6,0.2261904761904762,231.55555555555557
0_0_0_1_1_0_0_1_1_0_1_0_1_1_1_0_0_1_0_0_0_1_1_0_0_1_1_0_0_0_0_0_0_1_0_0_0_0_0_0_1_1_1,1,4.0e-5,1.4142135623730951e-5,0.24404761904761904,182.2222222222222
1_1_1_0_0_1_1_0_0_1_0_1_0_0_0_1_0_0_0_0_1_0_1_1_0_0_0_0_1_1_1_1_1_0_1_1_1_1_1_1_0_0_0,1,4.0e-5,1.4142135623730951e-5,0.2619047619047619,265.3333333333333
0_0_0_1_1_0_0_0_0_1_0_0_1_0_1_1_1_0_1_1_1_0_0_1_1_0_0_1_0_1_1_1_1_0_1_0_1_1_1_1_0_0_0,1,4.0e-5,1.632993161855452e-5,0.25,191.38888888888889
0_1_0_1_0_1_1_1_1_0_0_0_0_0_0_0_0_0_0_0_1_0_1_1_0_0_0_0_0_1_1_1_1_1_0_0_1_1_1_1_0_0_0,1,4.0e-5,8.164965809277262e-6,0.23809523809523808,199.6111111111111
1_0_1_0_1_0_0_0_0_1_1_1_1_1_1_1_1_1_1_1_0_1_1_0_0_1_1_0_1_0_0_0_0_0_1_1_0_0_0_0_1_1_1,1,4.0e-5,8.164965809277262e-6,0.23809523809523808,169.44444444444446
1_1_1_1_1_1_1_0_1_0_1_1_0_1_0_0_1_1_1_1_0_0_0_0_1_1_1_1_1_0_0_0_0_1_1_1_0_0_0_0_1_1_1,1,4.0e-5,0.0,0.22023809523809523,241.25
1_0_1_1_1_1_0_0_0_1_1_0_1_0_1_1_0_1_0_0_1_0_0_1_1_1_1_1_1_1_1_1_1_0_1_1_1_1_1_0_0_0_1,1,4.0e-5,8.164965809277262e-6,0.2261904761904762,209.55555555555554
0_0_0_0_0_1_0_1_0_1_0_0_1_1_1_1_0_0_1_1_0_0_1_0_0_0_0_0_0_0_0_0_0_0_0_0_0_0_0_1_1_1_0,1,4.0e-5,8.164965809277262e-6,0.23214285714285715,157.05555555555554
1_1_1_1_1_0_1_0_1_0_1_1_0_1_0_0_1_1_1_1_0_1_0_0_1_1_1_1_1_0_0_0_0_1_1_1_0_0_0_0_1_1_1,1,3.9999999999999996e-5,2.4494897427831778e-5,0.23809523809523808,250.0
1_1_1_0_0_0_0_1_1_0_1_1_0_1_0_0_0_1_0_0_0_1_1_0_0_1_1_0_1_0_0_0_0_1_0_0_0_0_0_0_1_1_1,1,3.9999999999999996e-5,2.1602468994692865e-5,0.25595238095238093,192.85714285714286
1_0_1_0_1_1_1_0_0_1_1_1_1_0_1_1_1_1_1_1_1_1_0_1_1_1_1_1_1_1_1_1_1_0_1_1_1_1_1_0_0_0_1,1,3.9999999999999996e-5,2.1602468994692865e-5,0.23214285714285715,230.39682539682542
1_1_1_0_0_1_1_0_0_1_0_1_0_1_0_1_1_0_1_1_0_0_0_0_1_0_0_1_1_0_0_0_0_0_1_1_0_0_0_1_1_1_0,1,3.9999999999999996e-5,2.1602468994692865e-5,0.25595238095238093,178.96825396825398
1_1_1_1_1_0_0_0_1_0_1_1_0_1_0_0_0_1_1_1_0_1_1_0_0_1_1_0_1_0_0_0_0_1_1_0_0_0_0_0_1_1_1,1,3.9999999999999996e-5,2.1602468994692865e-5,0.23214285714285715,197.61904761904762
0_0_0_0_0_1_1_1_0_1_0_0_1_1_1_1_1_0_1_1_0_1_1_0_0_0_0_0_0_0_0_0_0_0_0_1_0_0_0_1_1_1_0,1,3.9999999999999996e-5,2.1602468994692865e-5,0.22023809523809523,192.69841269841268
1_0_1_1_1_1_1_0_0_1_1_0_1_1_1_1_1_1_1_1_0_1_0_0_1_1_1_1_1_0_0_0_0_0_1_1_0_0_0_1_1_1_1,1,3.666666666666667e-5,4.7140452079103185e-6,0.23809523809523808,233.33333333333334
1_1_1_0_0_1_0_1_0_1_1_1_1_1_1_0_0_1_0_0_0_1_1_0_0_0_1_0_1_0_0_0_0_1_0_1_0_0_0_1_1_1_0,1,3.666666666666667e-5,1.2472191289246472e-5,0.25,200.0
1_0_1_1_1_1_0_0_0_1_1_0_1_0_1_1_1_1_0_0_1_0_0_1_1_1_1_1_1_1_1_1_1_0_1_1_1_1_1_0_0_0_1,1,3.666666666666667e-5,2.0548046676563257e-5,0.2261904761904762,188.88888888888889
0_0_0_0_0_1_1_1_0_1_0_0_1_0_1_1_0_0_0_0_1_1_1_1_0_0_0_0_0_1_1_1_1_0_0_1_1_1_1_1_0_0_0,1,3.666666666666667e-5,4.7140452079103185e-6,0.2261904761904762,188.33333333333334
1_0_1_1_1_1_0_0_0_1_1_1_1_1_1_1_1_1_1_1_0_0_1_0_0_1_1_0_1_0_0_0_0_0_1_0_0_0_0_0_1_1_1,1,3.666666666666667e-5,1.2472191289246472e-5,0.2261904761904762,222.83333333333334
1_0_1_0_1_1_0_0_0_1_1_1_1_1_1_1_1_1_1_1_0_1_0_0_1_1_1_1_1_0_0_0_0_0_1_0_0_0_0_0_1_1_1,1,3.666666666666667e-5,1.2472191289246472e-5,0.23809523809523808,166.33333333333334
0_1_0_0_0_0_1_1_1_0_0_1_0_1_0_0_0_0_1_1_0_1_1_0_0_0_0_0_0_0_0_0_0_1_0_0_0_0_0_1_1_1_0,1,3.666666666666667e-5,1.2472191289246472e-5,0.2261904761904762,213.0
0_0_0_1_1_1_0_0_0_1_0_0_1_1_1_1_1_0_1_1_0_0_0_0_1_0_0_1_0_0_0_0_0_0_1_1_0_0_0_1_1_1_0,1,3.6666666666666666e-5,1.699673171197595e-5,0.2619047619047619,175.55555555555554
1_0_1_1_1_0_0_0_0_1_1_1_1_0_1_1_1_1_0_0_1_0_0_1_1_1_1_1_1_1_1_1_1_0_1_0_1_1_1_0_0_0_1,1,3.6666666666666666e-5,1.699673171197595e-5,0.23214285714285715,191.66666666666666
1_1_1_0_0_1_0_0_0_1_0_1_0_1_0_1_1_0_1_1_0_0_1_0_0_0_0_0_1_0_0_0_0_0_1_1_0_0_0_1_1_1_0,1,3.6666666666666666e-5,9.428090415820635e-6,0.25,195.33333333333334
1_0_1_0_0_1_1_1_1_0_1_1_1_0_1_0_1_1_1_1_1_1_0_1_1_1_1_1_1_1_1_1_1_0_0_0_1_1_1_0_0_0_1,1,3.6666666666666666e-5,9.428090415820635e-6,0.23809523809523808,173.11111111111111
1_1_1_1_1_0_0_0_1_0_1_1_0_1_0_0_0_1_1_1_0_0_1_0_0_1_1_0_1_0_0_0_0_0_1_0_0_0_0_0_1_1_1,1,3.6666666666666666e-5,1.885618083164127e-5,0.24404761904761904,182.66666666666666
1_1_1_0_0_1_1_1_1_0_1_1_0_0_0_0_0_1_0_0_1_1_0_1_1_1_1_1_1_1_1_1_1_1_0_0_1_1_1_0_0_0_1,1,3.6666666666666666e-5,9.428090415820635e-6,0.25,175.7777777777778
0_1_0_1_0_0_1_1_1_0_0_0_0_0_0_0_1_0_1_1_1_0_0_1_1_0_0_1_0_1_1_1_1_1_0_1_1_1_1_1_0_0_0,1,3.6666666666666666e-5,1.2472191289246472e-5,0.22023809523809523,167.5
0_1_0_0_0_1_1_1_1_0_0_0_0_0_0_0_1_0_0_0_1_1_0_1_1_0_0_1_0_1_1_1_1_1_0_0_1_1_1_1_0_0_0,1,3.6666666666666666e-5,9.428090415820635e-6,0.2261904761904762,222.44444444444446
1_0_1_0_0_1_1_1_1_0_1_1_1_1_1_0_0_1_0_0_0_1_1_0_0_1_1_0_1_0_0_0_0_0_0_0_0_0_0_0_1_1_1,1,3.6666666666666666e-5,4.7140452079103185e-6,0.24404761904761904,171.11111111111111
0_1_0_1_0_1_1_1_1_0_0_0_0_1_0_0_1_0_1_1_0_0_0_0_1_0_0_1_0_0_0_0_0_1_0_1_0_0_0_1_1_1_0,1,3.6666666666666666e-5,1.699673171197595e-5,0.24404761904761904,146.66666666666666
1_0_1_1_1_0_0_0_0_1_1_1_1_0_1_1_0_1_0_0_1_0_0_1_1_1_1_1_1_1_1_1_1_0_1_0_1_1_1_0_0_0_1,1,3.6666666666666666e-5,9.428090415820635e-6,0.23214285714285715,199.7777777777778
0_0_0_1_1_0_0_0_1_0_0_0_0_1_0_1_1_0_1_1_0_1_0_0_1_0_0_1_0_0_0_0_0_1_1_0_0_0_0_0_1_1_1,1,3.6666666666666666e-5,1.699673171197595e-5,0.2619047619047619,187.7777777777778
1_0_1_0_1_0_0_0_0_1_1_1_1_0_1_1_0_1_0_0_1_1_1_1_0_1_1_0_1_1_1_1_1_0_1_1_1_1_1_0_0_0_1,1,3.6666666666666666e-5,9.428090415820635e-6,0.24404761904761904,202.2222222222222
1_0_1_0_1_1_0_0_0_1_1_1_1_1_1_1_1_1_1_1_0_1_0_0_1_1_1_1_1_0_0_0_0_0_1_1_0_0_0_0_1_1_1,1,3.333333333333334e-5,9.428090415820635e-6,0.23809523809523808,188.33333333333334
1_1_1_0_0_1_0_1_0_1_1_1_0_1_0_0_0_1_0_0_0_1_1_0_0_0_0_0_1_0_0_0_0_1_0_1_0_0_0_1_1_1_0,1,3.333333333333334e-5,9.428090415820635e-6,0.23809523809523808,196.66666666666666
0_0_0_0_0_1_1_1_0_1_0_0_1_0_1_1_1_0_0_0_1_1_0_1_1_0_0_1_0_1_1_1_1_1_0_1_1_1_1_1_0_0_0,1,3.3333333333333335e-5,4.7140452079103185e-6,0.24404761904761904,249.16666666666666
1_0_1_1_1_0_0_0_0_1_1_1_1_1_1_1_0_1_1_1_0_0_1_0_0_1_1_0_1_0_0_0_0_0_1_0_0_0_0_0_1_1_1,1,3.3333333333333335e-5,2.3570226039551585e-5,0.2261904761904762,145.0
0_1_0_1_0_0_1_1_1_0_0_0_0_1_0_0_0_0_0_0_0_0_1_0_0_0_0_0_0_0_0_0_0_1_0_1_0_0_0_1_1_1_0,1,3.3333333333333335e-5,4.7140452079103185e-6,0.2261904761904762,186.94444444444446
0_0_0_0_0_1_0_1_0_1_0_0_1_1_1_1_1_0_1_1_0_1_0_0_1_0_0_1_0_0_0_0_0_0_0_0_0_0_0_1_1_1_0,1,3.3333333333333335e-5,2.4944382578492944e-5,0.2261904761904762,221.66666666666669
0_0_0_1_1_0_0_0_1_0_0_0_0_0_0_1_0_0_0_0_1_1_1_1_0_0_0_0_0_1_1_1_1_1_1_0_1_1_1_0_0_0_1,1,3.3333333333333335e-5,2.3570226039551585e-5,0.25595238095238093,214.0
0_0_0_1_1_0_1_1_1_0_1_0_1_0_1_0_1_1_0_0_1_1_0_1_1_1_1_1_0_1_1_1_1_1_0_0_1_1_1_0_0_0_1,1,3.3333333333333335e-5,1.2472191289246472e-5,0.25,204.88888888888889
1_0_1_0_1_1_0_0_0_1_1_1_1_0_1_1_1_1_1_1_1_1_0_1_1_1_1_1_1_1_1_1_1_0_1_0_1_1_1_0_0_0_1,1,3.3333333333333335e-5,1.699673171197595e-5,0.2261904761904762,239.83333333333334
1_1_1_0_0_0_0_1_1_0_1_1_0_0_0_0_1_1_1_1_1_1_0_1_1_1_1_1_1_1_1_1_1_1_0_0_1_1_1_0_0_0_1,1,3.3333333333333335e-5,4.7140452079103185e-6,0.25,170.83333333333334
1_0_1_1_1_1_1_0_0_1_1_1_1_0_1_1_1_1_0_0_1_0_0_1_1_1_1_1_1_1_1_1_1_0_1_1_1_1_1_0_0_0_1,1,3.3333333333333335e-5,1.8856180831641267e-5,0.23809523809523808,178.88888888888889
1_1_1_1_1_0_0_0_1_0_1_1_0_1_0_0_1_1_1_1_0_0_1_0_0_1_1_0_1_0_0_0_0_1_1_0_0_0_0_0_1_1_1,1,3.3333333333333335e-5,1.2472191289246472e-5,0.2261904761904762,195.0
0_0_0_0_0_0_0_1_0_1_0_0_1_0_1_1_0_0_0_0_1_1_1_1_0_0_0_0_0_1_1_1_1_1_0_0_1_1_1_1_0_0_0,1,3.3333333333333335e-5,1.699673171197595e-5,0.23809523809523808,174.5
1_1_1_1_1_0_0_0_1_0_1_1_0_1_0_0_1_1_1_1_0_0_0_0_1_1_1_1_1_0_0_0_0_1_1_0_0_0_0_0_1_1_1,1,3.3333333333333335e-5,1.699673171197595e-5,0.2261904761904762,239.0
0_1_0_0_0_0_0_1_1_0_0_0_0_0_0_0_0_0_0_0_1_1_1_1_0_0_0_0_0_1_1_1_1_1_0_0_1_1_1_1_0_0_0,1,3.3333333333333335e-5,2.0548046676563257e-5,0.23214285714285715,268.8888888888889
1_1_1_1_1_0_0_0_1_0_1_1_0_0_0_0_0_1_0_0_1_0_0_1_1_1_1_1_1_1_1_1_1_0_1_0_1_1_1_0_0_0_1,1,3.3333333333333335e-5,2.3570226039551588e-5,0.23809523809523808,232.0
1_1_1_0_0_1_1_1_1_0_1_1_0_1_0_0_0_1_1_1_0_1_1_0_0_1_1_0_1_0_0_0_0_1_0_0_0_0_0_0_1_1_1,1,3.333333333333333e-5,2.62466929133727e-5,0.25595238095238093,174.04761904761904
1_0_1_1_1_1_0_0_0_1_1_1_1_0_1_1_0_1_0_0_1_0_1_1_0_1_1_0_1_1_1_1_1_0_1_0_1_1_1_0_0_0_1,1,3.333333333333333e-5,2.62466929133727e-5,0.23214285714285715,159.04761904761904
0_0_0_0_0_1_1_1_0_1_0_0_1_1_1_1_0_0_1_1_0_1_1_0_0_0_0_0_0_0_0_0_0_1_0_1_0_0_0_1_1_1_0,1,3.0e-5,8.164965809277262e-6,0.23809523809523808,268.0555555555556
0_0_0_0_0_0_0_1_0_1_0_0_1_1_1_1_1_0_1_1_0_1_1_0_0_0_0_0_0_0_0_0_0_0_0_0_0_0_0_1_1_1_0,1,3.0e-5,1.632993161855452e-5,0.21428571428571427,153.77777777777777
1_0_1_1_1_1_1_0_0_1_1_0_1_0_1_1_0_1_0_0_1_1_0_1_1_1_1_1_1_1_1_1_1_0_1_1_1_1_1_1_0_0_1,1,3.0e-5,8.164965809277262e-6,0.24404761904761904,161.66666666666666
0_0_0_0_0_1_1_1_0_1_0_0_1_0_1_1_0_0_0_0_1_1_0_1_1_0_0_1_0_1_1_1_1_1_0_1_1_1_1_1_0_0_0,1,3.0e-5,8.164965809277262e-6,0.24404761904761904,199.16666666666666
0_0_0_0_0_1_0_1_0_1_0_0_1_1_1_1_1_0_1_1_0_1_1_0_0_0_0_0_0_0_0_0_0_0_0_0_0_0_0_1_1_1_0,1,3.0e-5,8.164965809277262e-6,0.2261904761904762,167.5
0_0_0_1_1_0_0_0_1_0_0_0_0_1_0_1_1_0_1_1_0_1_1_0_0_0_0_0_0_0_0_0_0_1_1_0_0_0_0_0_1_1_1,1,3.0e-5,8.164965809277262e-6,0.2619047619047619,174.16666666666666
1_0_1_1_1_1_0_0_0_1_1_0_1_1_1_1_0_1_1_1_0_1_1_0_0_1_1_0_1_0_0_0_0_0_1_1_0_0_0_1_1_1_1,1,3.0e-5,0.0,0.23214285714285715,227.77777777777774
1_0_1_0_1_0_0_0_0_1_1_1_1_0_1_1_1_1_0_0_1_1_0_1_1_1_1_1_1_1_1_1_1_0_1_1_1_1_1_0_0_0_1,1,3.0e-5,1.4142135623730951e-5,0.24404761904761904,137.5
1_0_1_0_1_0_0_0_0_1_1_1_1_0_1_1_0_1_0_0_1_1_0_1_1_1_1_1_1_1_1_1_1_0_1_0_1_1_1_0_0_0_1,1,3.0e-5,0.0,0.24404761904761904,161.11111111111111
1_1_1_1_1_0_1_0_1_0_1_1_0_1_0_0_1_1_1_1_0_0_0_0_1_1_1_1_1_0_0_0_0_0_1_1_0_0_0_0_1_1_1,1,3.0e-5,0.0,0.25,168.8888888888889
1_1_1_1_1_0_1_0_1_0_1_1_0_0_0_0_0_1_0_0_1_0_1_1_0_1_1_0_1_1_1_1_1_0_1_1_1_1_1_0_0_0_1,1,3.0e-5,8.164965809277262e-6,0.24404761904761904,173.61111111111111
0_0_0_1_1_0_1_1_1_0_1_0_1_1_1_0_0_1_1_1_0_1_1_0_0_1_1_0_0_0_0_0_0_1_0_0_0_0_0_0_1_1_1,1,3.0e-5,1.4142135623730951e-5,0.25595238095238093,212.0
1_1_1_1_1_0_1_0_1_0_1_1_0_0_0_0_0_1_0_0_1_0_0_1_1_1_1_1_1_1_1_1_1_0_1_1_1_1_1_0_0_0_1,1,3.0e-5,1.632993161855452e-5,0.24404761904761904,206.2222222222222
1_1_1_1_1_0_0_0_1_0_1_1_0_0_0_0_0_1_0_0_1_0_0_1_1_1_1_1_1_1_1_1_1_1_1_0_1_1_1_0_0_0_1,1,3.0e-5,0.0,0.22023809523809523,157.77777777777777
0_0_0_0_0_0_0_1_0_1_0_0_1_0_1_1_1_0_0_0_1_0_0_1_1_0_0_1_0_1_1_1_1_0_0_0_1_1_1_1_0_0_0,1,3.0e-5,0.0,0.2261904761904762,196.66666666666666
1_1_1_1_1_1_1_0_1_0_1_1_0_1_0_0_0_1_1_1_0_0_1_0_0_1_1_0_1_0_0_0_0_1_1_0_0_0_0_0_1_1_1,1,3.0e-5,1.632993161855452e-5,0.20833333333333334,189.55555555555554
0_1_0_0_0_0_0_1_1_0_0_0_0_1_0_0_1_0_1_1_0_1_0_0_1_0_0_1_0_0_0_0_0_1_0_0_0_0_0_1_1_1_0,1,3.0e-5,1.4142135623730951e-5,0.23809523809523808,234.16666666666666
0_0_0_1_1_0_0_1_1_0_1_0_1_0_1_0_0_1_0_0_1_1_1_1_0_1_1_0_0_1_1_1_1_1_0_0_1_1_1_0_0_0_1,1,3.0e-5,0.0,0.25595238095238093,202.22222222222226
0_1_0_1_0_1_1_1_1_0_0_0_0_1_0_0_1_0_1_1_0_0_0_0_1_0_0_1_0_0_0_0_0_1_0_0_0_0_0_1_1_1_0,1,3.0e-5,8.164965809277262e-6,0.24404761904761904,166.11111111111111
1_1_1_0_0_1_0_0_0_1_0_1_0_1_0_1_0_0_1_1_0_0_1_0_0_0_0_0_1_0_0_0_0_0_1_1_0_0_0_1_1_1_0,1,3.0e-5,2.1602468994692868e-5,0.25,192.5
0_0_0_0_0_1_1_1_0_1_0_0_1_0_1_1_0_0_0_0_1_1_0_1_1_0_0_1_0_1_1_1_1_0_0_1_1_1_1_1_0_0_0,1,3.0e-5,8.164965809277262e-6,0.2261904761904762,184.7222222222222
1_0_1_0_1_1_0_0_0_1_1_1_1_1_1_1_0_1_0_0_0_1_1_0_0_1_1_0_1_0_0_0_0_0_1_0_0_0_0_0_1_1_1,1,3.0e-5,8.164965809277262e-6,0.22023809523809523,142.77777777777777
0_0_0_1_1_0_0_0_1_0_0_0_0_0_0_1_1_0_0_0_1_1_0_1_1_0_0_1_0_1_1_1_1_1_1_0_1_1_1_0_0_0_1,1,3.0e-5,1.632993161855452e-5,0.25595238095238093,181.11111111111111
0_0_0_1_1_0_0_1_1_0_1_0_1_1_1_0_1_1_1_1_0_1_0_0_1_1_1_1_0_0_0_0_0_1_0_0_0_0_0_0_1_1_1,1,3.0e-5,1.4142135623730951e-5,0.2619047619047619,188.33333333333334
0_0_0_0_0_1_0_1_0_1_0_0_1_0_1_1_0_0_0_0_1_1_0_1_1_0_0_1_0_1_1_1_1_1_0_0_1_1_1_1_0_0_0,1,3.0e-5,1.632993161855452e-5,0.25,205.77777777777774
0_0_0_1_1_0_1_0_1_0_0_0_0_1_0_1_0_0_0_0_0_0_1_0_0_1_0_0_0_0_0_0_0_0_1_0_0_0_0_0_1_1_1,1,3.0e-5,1.4142135623730951e-5,0.25595238095238093,157.0
1_1_1_1_1_0_1_0_1_0_1_1_0_1_0_0_1_1_1_1_0_1_1_0_0_1_1_0_1_0_0_0_0_1_1_1_0_0_0_0_1_1_1,1,3.0e-5,0.0,0.23809523809523808,188.88888888888889
0_1_0_0_0_0_1_1_1_0_0_1_0_1_0_0_0_0_1_1_0_0_1_0_0_0_0_0_0_0_0_0_0_1_0_0_0_0_0_0_1_1_0,1,3.0e-5,1.4142135623730951e-5,0.23809523809523808,190.83333333333334
0_0_0_0_0_1_0_1_0_1_0_0_1_0_1_1_1_0_0_0_1_0_0_1_1_0_0_1_0_1_1_1_1_0_0_0_1_1_1_1_0_0_0,1,3.0e-5,0.0,0.23809523809523808,193.33333333333334
1_0_1_0_1_0_0_0_0_1_1_1_1_1_1_1_0_1_1_1_0_1_1_0_0_1_1_0_1_0_0_0_0_0_1_1_0_0_0_0_1_1_1,1,3.0e-5,8.164965809277262e-6,0.23809523809523808,173.61111111111111
0_0_0_0_0_0_0_1_0_1_0_0_1_0_1_1_0_0_0_0_1_1_1_1_0_0_0_0_0_1_1_1_1_0_0_0_1_1_1_1_0_0_0,1,3.0e-5,1.632993161855452e-5,0.22023809523809523,195.11111111111111
1_1_1_0_0_1_0_1_0_1_1_1_0_0_0_0_1_1_1_1_1_1_0_1_1_0_0_1_1_1_1_1_1_1_0_1_1_1_1_1_0_0_0,1,3.0e-5,2.1602468994692868e-5,0.24404761904761904,192.0
1_1_1_0_0_1_0_1_0_1_1_1_0_1_0_0_1_1_1_1_0_1_0_0_1_0_0_1_1_0_0_0_0_1_0_1_0_0_0_1_1_1_0,1,2.666666666666667e-5,1.885618083164127e-5,0.25595238095238093,173.75
1_1_1_1_1_0_0_0_1_0_1_1_0_0_0_0_1_1_0_0_1_0_0_1_1_1_1_1_1_1_1_1_1_1_1_0_1_1_1_0_0_0_1,1,2.666666666666667e-5,9.428090415820635e-6,0.22023809523809523,183.33333333333334
1_0_1_1_1_1_1_0_0_1_1_1_1_1_1_1_1_1_1_1_0_0_0_0_1_1_1_1_1_0_0_0_0_0_1_1_0_0_0_0_1_1_1,1,2.666666666666667e-5,1.2472191289246472e-5,0.23214285714285715,189.16666666666666
0_0_0_1_1_0_0_0_1_0_0_0_0_1_0_1_1_0_1_1_0_0_0_0_1_0_0_1_0_0_0_0_0_0_1_0_0_0_0_0_1_1_1,1,2.666666666666667e-5,1.2472191289246472e-5,0.2619047619047619,315.0
0_1_0_0_0_0_1_1_1_0_0_1_0_0_0_0_0_0_0_0_1_0_0_1_1_0_0_1_0_1_1_1_1_1_0_0_1_1_1_1_0_0_0,1,2.666666666666667e-5,2.3570226039551588e-5,0.2261904761904762,137.7777777777778
0_1_0_0_0_0_0_1_1_0_0_1_0_0_0_0_0_0_0_0_1_0_0_1_1_0_0_1_0_1_1_1_1_1_0_0_1_1_1_0_0_0_0,1,2.666666666666667e-5,9.428090415820635e-6,0.23809523809523808,164.16666666666666
0_0_0_0_0_0_0_1_0_1_0_0_1_1_1_1_1_0_1_1_0_1_1_0_0_0_0_0_0_0_0_0_0_1_0_0_0_0_0_1_1_1_0,1,2.666666666666667e-5,1.2472191289246472e-5,0.23214285714285715,200.0
1_0_1_1_1_1_0_0_0_1_1_0_1_0_1_1_0_1_0_0_1_1_0_1_1_1_1_1_1_1_1_1_1_0_1_1_1_1_1_0_0_0_1,1,2.666666666666667e-5,1.885618083164127e-5,0.23214285714285715,188.75
1_1_1_0_0_1_1_1_0_1_1_1_1_1_1_0_1_1_1_1_0_0_1_0_0_1_1_0_1_0_0_0_0_0_0_1_0_0_0_1_1_1_0,1,2.666666666666667e-5,4.714045207910317e-6,0.25595238095238093,190.55555555555554
0_1_0_0_0_0_0_1_1_0_0_1_0_0_0_0_1_0_0_0_1_0_0_1_1_0_0_1_0_1_1_1_1_1_0_0_1_1_1_0_0_0_0,1,2.666666666666667e-5,1.699673171197595e-5,0.23809523809523808,165.66666666666666
1_0_1_0_1_0_0_0_0_1_1_1_1_0_1_1_0_1_0_0_1_1_1_1_0_1_1_0_1_1_1_1_1_0_1_0_1_1_1_0_0_0_1,1,2.666666666666667e-5,1.2472191289246472e-5,0.24404761904761904,186.11111111111111
1_1_1_0_0_1_1_1_1_0_1_1_0_1_0_0_1_1_1_1_0_1_1_0_0_1_1_0_1_0_0_0_0_1_0_0_0_0_0_0_1_1_1,1,2.666666666666667e-5,1.699673171197595e-5,0.25595238095238093,180.0
1_1_1_1_1_1_1_0_1_0_1_1_0_1_0_0_0_1_1_1_0_0_1_0_0_1_1_0_1_0_0_0_0_0_1_1_0_0_0_0_1_1_1,1,2.666666666666667e-5,1.2472191289246472e-5,0.23809523809523808,145.0
0_0_0_1_1_0_0_0_0_1_0_0_1_0_1_1_1_0_0_0_1_0_0_1_1_0_0_1_0_1_1_1_1_0_1_1_1_1_1_1_0_0_0,1,2.666666666666667e-5,4.714045207910317e-6,0.25595238095238093,181.66666666666666
0_0_0_1_1_0_0_0_1_0_0_0_0_0_0_1_0_0_0_0_1_1_0_1_1_0_0_1_0_1_1_1_1_1_1_0_1_1_1_0_0_0_1,1,2.666666666666667e-5,4.714045207910317e-6,0.25595238095238093,204.44444444444443
1_1_1_1_1_1_1_0_1_0_1_1_0_0_0_0_0_1_0_0_1_0_0_1_1_1_1_1_1_1_1_1_1_1_1_1_1_1_1_0_0_0_1,1,2.666666666666667e-5,4.714045207910317e-6,0.21428571428571427,217.7777777777778
0_0_0_1_1_0_1_1_1_0_1_0_1_0_1_0_0_1_0_0_1_1_0_1_1_1_1_1_0_1_1_1_1_1_0_0_1_1_1_0_0_0_1,1,2.666666666666667e-5,4.714045207910317e-6,0.25,215.0
0_0_0_1_1_0_1_0_1_0_0_0_0_0_0_1_1_0_1_1_1_0_0_1_1_1_0_1_0_1_1_1_1_0_1_0_1_1_1_0_0_0_1,1,2.666666666666667e-5,4.714045207910317e-6,0.25,239.44444444444446
1_0_1_1_1_1_0_0_0_1_1_0_1_0_1_1_1_1_0_0_1_1_0_1_1_1_1_1_1_1_1_1_1_0_1_1_1_1_1_1_0_0_1,1,2.666666666666667e-5,9.428090415820635e-6,0.23809523809523808,195.83333333333334
0_1_0_0_0_0_0_1_1_0_0_0_0_1_0_0_0_0_1_1_0_1_1_0_0_0_0_0_0_0_0_0_0_1_0_0_0_0_0_1_1_1_0,1,2.666666666666667e-5,1.2472191289246472e-5,0.23809523809523808,274.1666666666667
0_0_0_1_1_0_1_0_1_0_0_0_0_0_0_1_0_0_0_0_1_0_1_1_0_1_0_0_0_1_1_1_1_0_1_0_1_1_1_0_0_0_1,1,2.666666666666667e-5,1.699673171197595e-5,0.26785714285714285,175.0
0_1_0_0_0_1_1_1_1_0_0_1_0_1_0_0_0_0_1_1_0_0_1_0_0_0_0_0_0_0_0_0_0_1_0_0_0_0_0_1_1_1_0,1,2.666666666666667e-5,9.428090415820635e-6,0.23214285714285715,195.83333333333334
1_1_1_0_0_1_1_1_0_1_1_1_1_0_1_0_0_1_0_0_1_0_0_1_1_1_1_1_1_1_1_1_1_0_0_1_1_1_1_1_0_0_0,1,2.666666666666667e-5,9.428090415820635e-6,0.2619047619047619,195.83333333333334
0_0_0_1_1_0_0_0_1_0_0_0_1_1_1_1_0_0_0_0_0_0_1_0_0_1_1_0_0_0_0_0_0_0_1_0_0_0_0_0_1_1_1,1,2.666666666666667e-5,4.714045207910317e-6,0.25,151.66666666666666
1_1_1_1_1_1_1_0_1_0_1_1_0_1_0_0_1_1_1_1_0_0_1_0_0_1_1_0_1_0_0_0_0_0_1_1_0_0_0_0_1_1_1,1,2.666666666666667e-5,1.699673171197595e-5,0.23809523809523808,191.0
1_1_1_0_0_1_1_1_0_1_1_1_1_1_1_0_1_1_1_1_0_1_0_0_1_1_1_1_1_0_0_0_0_1_0_1_0_0_0_1_1_1_0,1,2.666666666666667e-5,1.699673171197595e-5,0.25595238095238093,197.66666666666666
0_0_0_1_1_0_0_1_1_0_1_0_1_0_1_0_0_1_0_0_1_1_0_1_1_1_1_1_0_1_1_1_1_1_0_0_1_1_1_0_0_0_1,1,2.666666666666667e-5,4.714045207910317e-6,0.25595238095238093,165.55555555555557
1_1_1_0_0_1_1_1_0_1_1_1_1_0_1_0_0_1_0_0_1_0_1_1_0_1_1_0_1_1_1_1_1_0_0_1_1_1_1_1_0_0_0,1,2.666666666666667e-5,4.714045207910317e-6,0.2619047619047619,220.55555555555557
0_0_0_1_1_0_0_0_1_0_0_0_0_1_0_1_0_0_1_1_0_0_1_0_0_0_0_0_0_0_0_0_0_0_1_0_0_0_0_0_1_1_1,1,2.666666666666667e-5,1.2472191289246472e-5,0.2619047619047619,223.88888888888889
1_0_1_1_1_0_0_0_0_1_1_0_1_1_1_1_1_1_1_1_0_1_1_0_0_1_1_0_1_0_0_0_0_0_1_1_0_0_0_0_1_1_1,1,2.666666666666667e-5,1.699673171197595e-5,0.2261904761904762,193.33333333333334
0_0_0_0_0_1_0_1_0_1_0_0_1_1_1_1_1_0_1_1_0_0_1_0_0_0_0_0_0_0_0_0_0_0_0_0_0_0_0_1_1_1_0,1,2.666666666666667e-5,1.2472191289246472e-5,0.23214285714285715,217.2222222222222
0_1_0_0_0_0_1_1_1_0_0_0_0_0_0_0_0_0_0_0_1_1_0_1_1_0_0_1_0_1_1_1_1_1_0_1_1_1_1_1_0_0_0,1,2.3333333333333336e-5,1.2472191289246474e-5,0.2261904761904762,263.3333333333333
0_0_0_1_1_0_0_0_0_1_0_0_1_1_1_1_0_0_0_0_0_0_1_0_0_1_1_0_0_0_0_0_0_0_1_0_0_0_0_1_1_1_1,1,2.3333333333333336e-5,9.428090415820634e-6,0.25,144.44444444444446
0_0_0_1_1_1_1_0_0_1_0_0_1_0_1_1_1_0_1_1_1_0_0_1_1_0_0_1_0_1_1_1_1_0_1_1_1_1_1_1_0_0_0,1,2.3333333333333336e-5,1.8856180831641267e-5,0.25595238095238093,169.33333333333334
1_1_1_0_1_0_1_0_1_0_0_1_0_1_0_0_0_0_0_0_0_1_1_0_0_0_0_0_1_0_0_0_0_1_1_1_0_0_0_1_1_1_0,1,2.3333333333333336e-5,1.8856180831641267e-5,0.23809523809523808,203.33333333333334
0_1_0_0_0_0_1_1_1_0_0_1_0_1_0_0_1_0_1_1_0_0_1_0_0_0_0_0_0_0_0_0_0_1_0_0_0_0_0_1_1_1_0,1,2.3333333333333336e-5,1.699673171197595e-5,0.23214285714285715,170.41666666666669
0_0_0_0_0_1_0_1_0_1_0_0_1_0_1_1_0_0_0_0_1_1_1_1_0_0_0_0_0_1_1_1_1_0_0_0_1_1_1_1_0_0_0,1,2.3333333333333336e-5,9.428090415820634e-6,0.23214285714285715,154.44444444444446
0_0_0_1_1_1_1_0_0_1_0_0_1_1_1_1_0_0_0_0_0_0_1_0_0_0_0_0_0_0_0_0_0_0_1_1_0_0_0_1_1_1_0,1,2.3333333333333336e-5,1.8856180831641267e-5,0.25,174.0
0_0_0_1_1_0_0_0_0_1_0_0_1_0_1_1_0_0_0_0_1_0_0_1_1_0_0_1_0_1_1_1_1_0_1_1_1_1_1_1_0_0_0,1,2.3333333333333336e-5,1.2472191289246474e-5,0.25595238095238093,196.66666666666666
1_1_1_0_0_1_1_1_1_0_1_1_0_1_0_0_0_1_0_0_0_1_1_0_0_1_1_0_1_0_0_0_0_1_0_1_0_0_0_0_1_1_1,1,2.3333333333333336e-5,1.2472191289246474e-5,0.25,208.33333333333334
1_1_1_0_0_0_1_1_1_0_1_1_0_0_0_0_0_1_0_0_1_1_0_1_1_1_1_1_1_1_1_1_1_1_0_0_1_1_1_0_0_0_1,1,2.3333333333333336e-5,1.2472191289246474e-5,0.2619047619047619,178.33333333333334
1_1_1_1_1_1_1_0_1_0_1_1_0_0_0_0_0_1_0_0_1_0_1_1_0_1_1_0_1_1_1_1_1_0_1_1_1_1_1_0_0_0_1,1,2.3333333333333336e-5,1.2472191289246472e-5,0.23214285714285715,131.66666666666666
1_0_1_0_0_1_1_1_1_0_1_1_0_1_0_0_0_1_0_0_0_1_1_0_0_0_0_0_1_0_0_0_0_1_0_1_0_0_0_0_1_1_1,1,2.3333333333333336e-5,9.428090415820634e-6,0.26785714285714285,177.7777777777778
1_0_1_0_1_0_0_0_0_1_1_1_1_0_1_1_0_1_0_0_1_1_0_1_1_1_1_1_1_1_1_1_1_0_1_1_1_1_1_0_0_0_1,1,2.3333333333333336e-5,2.0548046676563257e-5,0.24404761904761904,175.5
1_0_1_1_1_0_0_0_0_1_1_0_1_0_1_1_1_1_0_0_1_1_0_1_1_1_1_1_1_1_1_1_1_0_1_1_1_1_1_0_0_0_1,1,2.3333333333333336e-5,4.714045207910317e-6,0.23214285714285715,197.7777777777778
0_1_0_1_0_0_1_1_1_0_0_0_0_0_0_0_0_0_0_0_1_0_1_1_0_0_0_0_0_1_1_1_1_1_0_0_1_1_1_1_0_0_0,1,2.3333333333333336e-5,1.699673171197595e-5,0.23809523809523808,200.41666666666669
1_1_1_1_1_0_0_0_1_0_1_1_0_0_0_0_0_1_0_0_1_0_1_1_0_1_1_0_1_1_1_1_1_1_1_0_1_1_1_0_0_0_1,1,2.3333333333333336e-5,4.714045207910317e-6,0.22023809523809523,178.88888888888889
1_1_1_1_1_0_1_0_1_0_1_1_0_0_0_0_1_1_0_0_1_0_0_1_1_1_1_1_1_1_1_1_1_1_1_1_1_1_1_0_0_0_1,1,2.3333333333333336e-5,2.0548046676563257e-5,0.2261904761904762,148.0
1_0_1_0_1_0_0_0_0_1_1_1_1_1_1_1_1_1_1_1_0_1_1_0_0_1_1_0_1_0_0_0_0_0_1_0_0_0_0_0_1_1_1,1,2.3333333333333336e-5,4.714045207910317e-6,0.23809523809523808,152.5
0_0_0_0_0_1_0_1_0_1_0_0_1_0_1_1_0_0_0_0_1_1_1_1_0_0_0_0_0_1_1_1_1_1_0_0_1_1_1_1_0_0_0,1,2.3333333333333336e-5,1.2472191289246474e-5,0.25,243.33333333333334
1_1_1_0_0_1_1_1_0_1_1_1_1_0_1_0_0_1_0_0_1_1_0_1_1_1_1_1_1_1_1_1_1_1_0_1_1_1_1_1_0_0_0,1,2.3333333333333336e-5,4.714045207910317e-6,0.2619047619047619,218.88888888888889
1_1_1_1_1_0_1_0_1_0_1_1_0_1_0_0_0_1_1_1_0_0_1_0_0_1_1_0_1_0_0_0_0_1_1_1_0_0_0_0_1_1_1,1,2.3333333333333336e-5,4.714045207910317e-6,0.23214285714285715,236.11111111111111
0_0_0_0_0_1_0_1_0_1_0_0_1_0_1_1_0_0_0_0_1_0_0_1_1_0_0_1_0_1_1_1_1_0_0_0_1_1_1_1_0_0_0,1,2.3333333333333336e-5,9.428090415820634e-6,0.23809523809523808,166.66666666666669
0_1_0_0_0_1_1_1_1_0_0_0_0_1_0_0_0_0_1_1_0_1_1_0_0_0_0_0_0_0_0_0_0_1_0_1_0_0_0_1_1_1_0,1,2.3333333333333336e-5,2.0548046676563257e-5,0.23214285714285715,166.5
0_0_0_1_1_0_0_1_1_0_1_0_1_1_1_0_0_1_1_1_0_1_1_0_0_1_1_0_0_0_0_0_0_1_0_0_0_0_0_0_1_1_1,1,2.3333333333333336e-5,9.428090415820634e-6,0.2619047619047619,181.1111111111111
1_0_1_1_1_1_1_0_0_1_1_0_1_1_1_1_1_1_1_1_0_1_1_0_0_1_1_0_1_0_0_0_0_0_1_1_0_0_0_1_1_1_1,1,2.3333333333333336e-5,9.428090415820634e-6,0.23809523809523808,213.33333333333334
1_1_1_1_1_0_0_0_1_0_1_1_0_0_0_0_1_1_0_0_1_0_0_1_1_1_1_1_1_1_1_1_1_0_1_0_1_1_1_0_0_0_1,1,2.3333333333333336e-5,4.714045207910317e-6,0.23809523809523808,225.0
0_0_0_1_1_0_0_0_0_1_0_0_1_1_1_1_1_0_1_1_0_0_1_0_0_0_0_0_0_0_0_0_0_0_1_1_0_0_0_1_1_1_0,1,2.3333333333333336e-5,1.2472191289246474e-5,0.25,130.0
0_1_0_0_0_0_0_1_1_0_0_1_0_1_0_0_0_0_1_1_0_0_1_0_0_0_0_0_0_0_0_0_0_1_0_0_0_0_0_0_1_1_0,1,2.3333333333333336e-5,1.2472191289246472e-5,0.24404761904761904,175.0
1_1_1_1_1_0_1_0_1_0_1_1_0_1_0_0_0_1_1_1_0_1_1_0_0_1_1_0_1_0_0_0_0_1_1_1_0_0_0_0_1_1_1,1,2.3333333333333336e-5,1.8856180831641267e-5,0.23809523809523808,163.33333333333334
0_0_0_1_1_1_0_0_0_1_0_0_1_0_1_1_0_0_0_0_1_0_1_1_0_0_0_0_0_1_1_1_1_0_1_1_1_1_1_1_0_0_0,1,2.3333333333333336e-5,4.714045207910317e-6,0.26785714285714285,200.55555555555554
1_1_1_0_0_1_1_1_0_1_1_1_1_1_1_0_0_1_0_0_0_1_1_0_0_0_1_0_1_0_0_0_0_1_0_1_0_0_0_1_1_1_0,1,2.3333333333333336e-5,1.2472191289246474e-5,0.25595238095238093,198.33333333333334
0_1_0_0_0_0_0_1_1_0_0_0_0_0_0_0_0_0_0_0_1_1_0_1_1_0_0_1_0_1_1_1_1_1_0_0_1_1_1_1_0_0_0,1,2.3333333333333336e-5,4.714045207910317e-6,0.23214285714285715,203.33333333333334
1_0_1_1_1_1_1_0_0_1_1_0_1_1_1_1_0_1_1_1_0_1_1_0_0_1_1_0_1_0_0_0_0_0_1_1_0_0_0_1_1_1_1,1,2.3333333333333336e-5,2.6246692913372705e-5,0.23809523809523808,113.33333333333333
1_1_1_1_1_0_1_0_1_0_1_1_0_1_0_0_1_1_1_1_0_0_1_0_0_1_1_0_1_0_0_0_0_1_1_1_0_0_0_0_1_1_1,1,2.3333333333333336e-5,2.0548046676563257e-5,0.23214285714285715,143.5
0_0_0_0_0_1_1_1_0_1_0_0_1_0_1_1_1_0_0_0_1_1_0_1_1_0_0_1_0_1_1_1_1_0_0_1_1_1_1_1_0_0_0,1,2.3333333333333336e-5,1.699673171197595e-5,0.2261904761904762,195.83333333333331
1_1_1_0_0_0_1_1_1_0_1_1_0_0_0_0_1_1_1_1_1_1_0_1_1_1_1_1_1_1_1_1_1_1_0_1_1_1_1_0_0_0_1,1,2.3333333333333336e-5,2.6246692913372705e-5,0.25595238095238093,238.33333333333331
1_1_1_0_0_1_0_1_0_1_1_1_1_0_1_0_1_1_1_1_1_1_0_1_1_0_1_1_1_1_1_1_1_1_0_1_1_1_1_1_0_0_0,1,2.0e-5,8.16496580927726e-6,0.25595238095238093,208.33333333333334
0_1_0_1_0_0_1_1_1_0_0_0_0_0_0_0_1_0_0_0_1_0_0_1_1_0_0_1_0_1_1_1_1_1_0_0_1_1_1_1_0_0_0,1,2.0e-5,1.6329931618554523e-5,0.23809523809523808,200.0
0_1_0_1_0_0_0_1_1_0_0_0_0_1_0_0_0_0_0_0_0_0_1_0_0_0_0_0_0_0_0_0_0_1_0_0_0_0_0_1_1_1_0,1,2.0e-5,1.6329931618554523e-5,0.23214285714285715,198.75
1_1_1_0_0_1_0_0_0_1_0_1_0_0_0_1_1_0_0_0_1_0_0_1_1_0_0_1_1_1_1_1_1_0_1_1_1_1_1_1_0_0_0,1,2.0e-5,8.16496580927726e-6,0.25595238095238093,268.88888888888886
0_1_0_1_0_1_1_1_1_0_0_0_0_0_0_0_1_0_0_0_1_0_0_1_1_0_0_1_0_1_1_1_1_1_0_1_1_1_1_1_0_0_0,1,2.0e-5,8.16496580927726e-6,0.23809523809523808,144.44444444444446
0_1_0_0_0_0_1_1_1_0_0_1_0_0_0_0_0_0_0_0_1_0_1_1_0_0_0_0_0_1_1_1_1_1_0_0_1_1_1_1_0_0_0,1,2.0e-5,0.0,0.2261904761904762,191.66666666666666
0_0_0_0_0_0_0_1_0_1_0_0_1_0_1_1_1_0_0_0_1_1_0_1_1_0_0_1_0_1_1_1_1_0_0_0_1_1_1_1_0_0_0,1,2.0e-5,8.16496580927726e-6,0.22023809523809523,169.44444444444446
0_0_0_0_0_1_0_1_0_1_0_0_1_0_1_1_0_0_0_0_1_1_0_1_1_0_0_1_0_1_1_1_1_0_0_0_1_1_1_1_0_0_0,1,2.0e-5,1.4142135623730953e-5,0.23214285714285715,211.66666666666666
0_1_0_1_0_1_1_1_1_0_0_0_0_1_0_0_1_0_1_1_0_0_1_0_0_0_0_0_0_0_0_0_0_1_0_1_0_0_0_1_1_1_0,1,2.0e-5,0.0,0.24404761904761904,150.0
1_1_1_1_1_0_1_0_1_0_1_1_0_0_0_0_1_1_0_0_1_1_0_1_1_1_1_1_1_1_1_1_1_1_1_1_1_1_1_0_0_0_1,1,2.0e-5,1.6329931618554523e-5,0.23214285714285715,171.25
1_1_1_1_1_1_1_0_1_0_1_1_0_1_0_0_1_1_1_1_0_0_1_0_0_1_1_0_1_0_0_0_0_1_1_1_0_0_0_0_1_1_1,1,2.0e-5,1.6329931618554523e-5,0.22023809523809523,182.5
0_1_0_1_0_1_1_1_1_0_0_0_0_0_0_0_0_0_0_0_1_0_0_1_1_0_0_1_0_1_1_1_1_1_0_0_1_1_1_1_0_0_0,1,2.0e-5,1.4142135623730951e-5,0.23809523809523808,223.33333333333331
1_0_1_0_1_0_0_0_0_1_1_1_1_1_1_1_0_1_1_1_0_1_1_0_0_1_1_0_1_0_0_0_0_0_1_0_0_0_0_0_1_1_1,1,2.0e-5,1.4142135623730953e-5,0.23809523809523808,168.33333333333334
1_0_1_0_0_1_1_1_1_0_1_1_0_0_0_0_0_1_0_0_1_1_1_1_0_0_0_0_1_1_1_1_1_1_0_1_1_1_1_0_0_0_1,1,2.0e-5,0.0,0.27976190476190477,165.0
0_0_0_1_1_0_1_0_1_0_0_0_0_0_0_1_0_0_0_0_1_0_0_1_1_1_0_1_0_1_1_1_1_0_1_0_1_1_1_0_0_0_1,1,2.0e-5,8.16496580927726e-6,0.26785714285714285,159.44444444444446
0_0_0_1_1_0_0_0_0_1_0_0_1_0_1_1_0_0_0_0_1_0_1_1_0_0_0_0_0_1_1_1_1_0_1_0_1_1_1_1_0_0_0,1,2.0e-5,8.16496580927726e-6,0.26785714285714285,147.2222222222222
1_1_1_0_0_1_1_1_0_1_1_1_1_1_1_0_0_1_0_0_0_0_1_0_0_1_1_0_1_0_0_0_0_1_0_1_0_0_0_1_1_1_0,1,2.0e-5,0.0,0.24404761904761904,202.5
1_1_1_0_0_1_1_1_1_0_1_1_0_0_0_0_1_1_1_1_1_0_0_1_1_0_0_1_1_1_1_1_1_0_0_1_1_1_1_0_0_0_0,1,2.0e-5,1.4142135623730951e-5,0.2619047619047619,188.33333333333331
0_1_0_0_0_0_1_1_1_0_0_0_0_1_0_0_0_0_1_1_0_1_1_0_0_0_0_0_0_0_0_0_0_1_0_1_0_0_0_1_1_1_0,1,2.0e-5,8.16496580927726e-6,0.23214285714285715,284.44444444444446
0_0_0_1_1_0_0_1_1_0_1_0_1_1_1_0_1_1_1_1_0_1_1_0_0_1_1_0_0_0_0_0_0_1_0_0_0_0_0_0_1_1_1,1,2.0e-5,0.0,0.2619047619047619,166.66666666666666
0_1_0_0_0_0_1_1_1_0_0_1_0_1_0_0_0_0_1_1_0_0_1_0_0_0_0_0_0_0_0_0_0_1_0_0_0_0_0_1_1_1_0,1,2.0e-5,8.16496580927726e-6,0.23214285714285715,153.33333333333334
0_0_0_0_0_1_1_1_0_1_0_0_1_1_1_1_0_0_1_1_0_1_1_0_0_0_0_0_0_0_0_0_0_0_0_1_0_0_0_1_1_1_0,1,2.0e-5,8.16496580927726e-6,0.22023809523809523,185.0
1_1_1_1_1_0_1_0_1_0_1_1_0_1_0_0_1_1_1_1_0_0_1_0_0_1_1_0_1_0_0_0_0_0_1_1_0_0_0_0_1_1_1,1,2.0e-5,2.1602468994692868e-5,0.25,104.0
0_0_0_0_0_0_0_1_0_1_0_0_1_1_1_1_0_0_1_1_0_1_1_0_0_0_0_0_0_0_0_0_0_0_0_0_0_0_0_1_1_1_0,1,2.0e-5,2.1602468994692868e-5,0.21428571428571427,266.0
1_1_1_0_0_1_0_1_0_1_1_1_0_0_0_0_0_1_0_0_1_1_1_1_0_0_0_0_1_1_1_1_1_1_0_1_1_1_1_1_0_0_0,1,2.0e-5,8.16496580927726e-6,0.2619047619047619,186.66666666666666
1_0_1_0_1_1_0_0_0_1_1_1_1_0_1_1_0_1_0_0_1_1_0_1_1_1_1_1_1_1_1_1_1_0_1_1_1_1_1_0_0_0_1,1,2.0e-5,1.4142135623730951e-5,0.24404761904761904,186.66666666666669
1_0_1_0_0_1_1_1_1_0_1_1_0_0_0_0_1_1_1_1_1_1_0_1_1_0_0_1_1_1_1_1_1_1_0_1_1_1_1_0_0_0_1,1,1.666666666666667e-5,4.714045207910318e-6,0.2619047619047619,131.66666666666666
1_1_1_1_1_0_1_0_1_0_1_1_0_0_0_0_0_1_0_0_1_0_0_1_1_1_1_1_1_1_1_1_1_1_1_1_1_1_1_0_0_0_1,1,1.666666666666667e-5,4.714045207910318e-6,0.2261904761904762,193.33333333333334
0_1_0_0_0_0_1_1_1_0_0_0_0_0_0_0_1_0_0_0_1_1_0_1_1_0_0_1_0_1_1_1_1_1_0_1_1_1_1_1_0_0_0,1,1.666666666666667e-5,4.714045207910318e-6,0.2261904761904762,238.33333333333334
1_1_1_0_0_0_0_1_1_0_1_1_0_0_0_0_0_1_0_0_1_1_1_1_0_1_1_0_1_1_1_1_1_1_0_0_1_1_1_0_0_0_1,1,1.666666666666667e-5,4.714045207910318e-6,0.26785714285714285,131.66666666666666
1_1_1_0_0_1_0_1_0_1_1_1_1_1_1_0_1_1_1_1_0_1_0_0_1_0_1_1_1_0_0_0_0_1_0_1_0_0_0_1_1_1_0,1,1.666666666666667e-5,4.714045207910318e-6,0.26785714285714285,190.0
1_1_1_0_0_1_1_1_0_1_1_1_1_1_1_0_1_1_1_1_0_1_1_0_0_1_1_0_1_0_0_0_0_1_0_1_0_0_0_1_1_1_0,1,1.666666666666667e-5,4.714045207910318e-6,0.25595238095238093,200.0
1_0_1_0_1_1_1_0_0_1_1_1_1_0_1_1_1_1_0_0_1_1_0_1_1_1_1_1_1_1_1_1_1_0_1_1_1_1_1_0_0_0_1,1,1.666666666666667e-5,4.714045207910318e-6,0.25,238.33333333333334
0_0_0_1_1_0_1_0_1_0_0_0_0_0_0_1_1_0_0_0_1_0_0_1_1_1_0_1_0_1_1_1_1_0_1_0_1_1_1_0_0_0_1,1,1.666666666666667e-5,4.714045207910318e-6,0.26785714285714285,201.66666666666666
0_0_0_1_1_0_0_0_1_0_0_0_0_1_0_1_0_0_1_1_0_1_1_0_0_0_0_0_0_0_0_0_0_1_1_0_0_0_0_0_1_1_1,1,1.666666666666667e-5,4.714045207910318e-6,0.2619047619047619,128.33333333333334
0_0_0_1_1_0_0_0_1_0_0_0_0_0_0_1_1_0_1_1_1_1_0_1_1_0_0_1_0_1_1_1_1_0_1_0_1_1_1_0_0_0_1,1,1.666666666666667e-5,4.714045207910318e-6,0.24404761904761904,135.0
1_1_1_0_0_1_0_1_0_1_1_1_1_1_1_0_0_1_0_0_0_0_1_0_0_0_1_0_1_0_0_0_0_1_0_1_0_0_0_1_1_1_0,1,1.666666666666667e-5,4.714045207910318e-6,0.25595238095238093,201.66666666666666
1_0_1_0_0_0_0_1_1_0_1_1_1_0_1_0_1_1_1_1_1_1_0_1_1_1_1_1_1_1_1_1_1_0_0_0_1_1_1_0_0_0_1,1,1.6666666666666667e-5,9.428090415820634e-6,0.25595238095238093,178.88888888888889
1_0_1_0_1_1_0_0_0_1_1_1_1_1_1_1_0_1_1_1_0_1_1_0_0_1_1_0_1_0_0_0_0_0_1_1_0_0_0_0_1_1_1,1,1.6666666666666667e-5,1.699673171197595e-5,0.23809523809523808,165.0
0_1_0_1_0_0_1_1_1_0_0_0_0_1_0_0_1_0_1_1_0_0_1_0_0_0_0_0_0_0_0_0_0_1_0_1_0_0_0_1_1_1_0,1,1.6666666666666667e-5,1.2472191289246472e-5,0.24404761904761904,178.33333333333331
0_1_0_0_0_0_0_1_1_0_0_1_0_1_0_0_1_0_1_1_0_0_1_0_0_0_0_0_0_0_0_0_0_1_0_0_0_0_0_0_1_1_0,1,1.6666666666666667e-5,4.714045207910318e-6,0.24404761904761904,138.33333333333334
0_0_0_0_0_1_0_1_0_1_0_0_1_0_1_1_1_0_0_0_1_1_0_1_1_0_0_1_0_1_1_1_1_0_0_0_1_1_1_1_0_0_0,1,1.6666666666666667e-5,1.2472191289246472e-5,0.23214285714285715,159.16666666666669
1_1_1_0_0_1_1_1_1_0_1_1_0_0_0_0_0_1_0_0_1_1_1_1_0_1_1_0_1_1_1_1_1_1_0_1_1_1_1_0_0_0_1,1,1.6666666666666667e-5,1.2472191289246472e-5,0.2619047619047619,132.5
0_1_0_0_0_1_1_1_1_0_0_1_0_0_0_0_1_0_0_0_1_0_0_1_1_0_0_1_0_1_1_1_1_1_0_0_1_1_1_1_0_0_0,1,1.6666666666666667e-5,9.428090415820634e-6,0.2261904761904762,136.66666666666666
0_1_0_1_0_0_1_1_1_0_0_0_0_0_0_0_0_0_0_0_1_0_0_1_1_0_0_1_0_1_1_1_1_1_0_1_1_1_1_1_0_0_0,1,1.6666666666666667e-5,1.699673171197595e-5,0.23809523809523808,197.5
1_1_1_0_0_0_1_1_1_0_1_1_0_1_0_0_1_1_1_1_0_1_0_0_1_1_1_1_1_0_0_0_0_1_0_0_0_0_0_0_1_1_1,1,1.6666666666666667e-5,1.699673171197595e-5,0.26785714285714285,162.5
0_0_0_1_1_0_0_0_0_1_0_0_1_0_1_1_1_0_1_1_1_0_0_1_1_1_1_1_0_1_1_1_1_0_1_0_1_1_1_1_0_0_1,1,1.6666666666666667e-5,9.428090415820634e-6,0.25595238095238093,190.0
0_1_0_1_0_1_1_1_1_0_0_0_0_0_0_0_0_0_0_0_1_0_0_1_1_0_0_1_0_1_1_1_1_1_0_1_1_1_1_1_0_0_0,1,1.6666666666666667e-5,1.2472191289246472e-5,0.23809523809523808,154.16666666666669
1_0_1_1_1_1_0_0_0_1_1_1_1_1_1_1_0_1_1_1_0_0_1_0_0_1_1_0_1_0_0_0_0_0_1_0_0_0_0_0_1_1_1,1,1.6666666666666667e-5,4.714045207910318e-6,0.2261904761904762,153.33333333333334
1_0_1_1_1_1_0_0_0_1_1_1_1_0_1_1_0_1_0_0_1_0_0_1_1_1_1_1_1_1_1_1_1_0_1_0_1_1_1_0_0_0_1,1,1.6666666666666667e-5,4.714045207910318e-6,0.23214285714285715,190.0
0_1_0_0_0_0_0_1_1_0_0_0_0_0_0_0_1_0_0_0_1_1_0_1_1_0_0_1_0_1_1_1_1_1_0_0_1_1_1_1_0_0_0,1,1.6666666666666667e-5,9.428090415820634e-6,0.23214285714285715,153.33333333333334
1_1_1_1_1_1_1_0_1_0_1_1_0_1_0_0_1_1_1_1_0_0_0_0_1_1_1_1_1_0_0_0_0_0_1_1_0_0_0_0_1_1_1,1,1.6666666666666667e-5,4.714045207910318e-6,0.23809523809523808,176.66666666666666
1_1_1_0_0_1_1_1_0_1_1_1_1_1_1_0_0_1_1_1_0_0_1_0_0_1_1_0_1_0_0_0_0_0_0_1_0_0_0_1_1_1_0,1,1.6666666666666667e-5,1.699673171197595e-5,0.25595238095238093,196.25
1_1_1_0_0_1_1_1_1_0_1_1_0_1_0_0_0_1_0_0_0_0_1_0_0_0_0_0_1_0_0_0_0_1_0_1_0_0_0_0_1_1_0,1,1.6666666666666667e-5,9.428090415820634e-6,0.2619047619047619,238.88888888888889
1_0_1_1_1_1_0_0_0_1_1_0_1_0_1_1_1_1_0_0_1_1_0_1_1_1_1_1_1_1_1_1_1_0_1_1_1_1_1_0_0_0_1,1,1.6666666666666667e-5,1.2472191289246472e-5,0.23214285714285715,178.33333333333331
1_0_1_1_1_1_1_0_0_1_1_1_1_1_1_1_1_1_1_1_0_0_1_0_0_1_1_0_1_0_0_0_0_0_1_1_0_0_0_0_1_1_1,1,1.6666666666666667e-5,9.428090415820634e-6,0.23214285714285715,185.55555555555554
1_0_1_1_1_0_0_0_0_1_1_0_1_0_1_1_0_1_0_0_1_1_0_1_1_1_1_1_1_1_1_1_1_0_1_1_1_1_1_0_0_0_1,1,1.6666666666666667e-5,4.714045207910318e-6,0.23214285714285715,168.33333333333334
0_1_0_1_0_0_1_1_1_0_0_0_0_0_0_0_0_0_0_0_1_0_0_1_1_0_0_1_0_1_1_1_1_1_0_0_1_1_1_1_0_0_0,1,1.6666666666666667e-5,1.2472191289246472e-5,0.23809523809523808,152.5
1_0_1_0_1_1_0_0_0_1_1_1_1_0_1_1_0_1_0_0_1_1_1_1_0_1_1_0_1_1_1_1_1_0_1_1_1_1_1_0_0_0_1,1,1.6666666666666667e-5,9.428090415820634e-6,0.24404761904761904,132.22222222222223
1_1_1_0_0_1_1_0_0_1_0_1_0_1_0_1_1_0_1_1_0_0_1_0_0_0_0_0_1_0_0_0_0_0_1_1_0_0_0_1_1_1_0,1,1.6666666666666667e-5,1.2472191289246472e-5,0.25595238095238093,165.83333333333331
1_1_1_1_1_1_1_0_1_0_1_1_0_0_0_0_1_1_0_0_1_0_0_1_1_1_1_1_1_1_1_1_1_1_1_1_1_1_1_0_0_0_1,1,1.6666666666666667e-5,9.428090415820634e-6,0.21428571428571427,134.44444444444446
1_1_1_0_0_1_1_1_0_1_1_1_1_0_1_0_0_1_0_0_1_1_1_1_0_1_1_0_1_1_1_1_1_1_0_1_1_1_1_1_0_0_0,1,1.6666666666666667e-5,1.2472191289246472e-5,0.2619047619047619,197.5
0_1_0_1_0_1_1_1_1_0_0_0_0_0_0_0_1_0_0_0_1_0_0_1_1_0_0_1_0_1_1_1_1_1_0_0_1_1_1_1_0_0_0,1,1.6666666666666667e-5,9.428090415820634e-6,0.23809523809523808,203.33333333333334
1_0_1_0_1_1_1_0_0_1_1_1_1_1_1_1_1_1_1_1_0_1_1_0_0_1_1_0_1_0_0_0_0_0_1_1_0_0_0_0_1_1_1,1,1.6666666666666667e-5,9.428090415820634e-6,0.24404761904761904,175.55555555555554
0_1_0_0_0_0_1_1_1_0_0_1_0_0_0_0_1_0_0_0_1_0_0_1_1_0_0_1_0_1_1_1_1_1_0_0_1_1_1_0_0_0_0,1,1.6666666666666667e-5,9.428090415820634e-6,0.23214285714285715,211.11111111111111
1_1_1_0_0_1_1_1_0_1_1_1_1_1_1_0_0_1_1_1_0_1_1_0_0_1_1_0_1_0_0_0_0_1_0_1_0_0_0_1_1_1_0,1,1.6666666666666667e-5,4.714045207910318e-6,0.25595238095238093,205.0
1_1_1_0_0_1_0_1_0_1_1_1_1_0_1_0_1_1_1_1_1_0_0_1_1_1_1_1_1_1_1_1_1_0_0_1_1_1_1_0_0_0_0,1,1.6666666666666667e-5,9.428090415820634e-6,0.25595238095238093,173.33333333333334
0_1_0_1_1_0_0_0_0_1_0_0_0_0_0_1_1_0_1_1_1_0_0_1_1_0_0_1_0_1_1_1_1_1_1_1_1_1_1_1_0_0_0,1,1.6666666666666667e-5,9.428090415820634e-6,0.24404761904761904,168.88888888888889
1_1_1_0_0_1_1_1_1_0_1_1_0_0_0_0_1_1_1_1_1_0_0_1_1_0_0_1_1_1_1_1_1_1_0_1_1_1_1_0_0_0_0,1,1.6666666666666667e-5,9.428090415820634e-6,0.25595238095238093,193.33333333333334
0_0_0_1_1_1_0_0_0_1_0_0_1_0_1_1_1_0_1_1_1_0_0_1_1_0_0_1_0_1_1_1_1_0_1_0_1_1_1_1_0_0_0,1,1.6666666666666667e-5,9.428090415820634e-6,0.2619047619047619,154.44444444444446
1_1_1_0_0_1_1_1_1_0_1_1_0_1_0_0_0_1_0_0_0_1_1_0_0_0_1_0_1_0_0_0_0_1_0_1_0_0_0_0_1_1_0,1,1.6666666666666667e-5,1.2472191289246472e-5,0.26785714285714285,140.0
0_1_0_0_0_1_1_1_1_0_0_1_0_0_0_0_0_0_0_0_1_0_0_1_1_0_0_1_0_1_1_1_1_1_0_0_1_1_1_1_0_0_0,1,1.6666666666666667e-5,1.699673171197595e-5,0.2261904761904762,262.5
0_1_0_0_0_0_1_1_1_0_0_0_0_1_0_0_1_0_1_1_0_1_0_0_1_0_0_1_0_0_0_0_0_1_0_1_0_0_0_1_1_1_0,1,1.6666666666666667e-5,1.2472191289246472e-5,0.23214285714285715,176.66666666666669
1_0_1_1_1_1_1_0_0_1_1_0_1_0_1_1_1_1_0_0_1_1_0_1_1_1_1_1_1_1_1_1_1_0_1_1_1_1_1_1_0_0_1,1,1.6666666666666667e-5,1.699673171197595e-5,0.24404761904761904,223.75
0_1_0_1_1_0_0_0_0_1_0_0_0_1_0_1_0_0_0_0_0_0_1_0_0_0_0_0_0_0_0_0_0_1_1_0_0_0_0_1_1_1_0,1,1.6666666666666667e-5,1.2472191289246472e-5,0.25,149.16666666666666
0_1_0_0_0_0_1_1_1_0_0_1_0_0_0_0_1_0_0_0_1_0_0_1_1_0_0_1_0_1_1_1_1_1_0_0_1_1_1_1_0_0_0,1,1.6666666666666667e-5,2.3570226039551585e-5,0.2261904761904762,200.0
1_1_1_1_1_0_1_0_1_0_1_1_0_1_0_0_1_1_1_1_0_0_0_0_1_1_1_1_1_0_0_0_0_1_1_1_0_0_0_0_1_1_1,1,1.3333333333333335e-5,4.714045207910318e-6,0.23214285714285715,180.0
0_1_0_1_1_0_0_0_0_1_0_0_0_0_0_1_0_0_0_0_1_0_0_1_1_0_0_1_0_1_1_1_1_1_1_1_1_1_1_1_0_0_0,1,1.3333333333333335e-5,4.714045207910318e-6,0.2619047619047619,130.0
1_0_1_0_1_1_0_0_0_1_1_1_1_0_1_1_0_1_0_0_1_1_1_1_0_1_1_0_1_1_1_1_1_0_1_0_1_1_1_0_0_0_1,1,1.3333333333333335e-5,9.428090415820635e-6,0.24404761904761904,92.5
1_1_1_0_0_1_1_1_1_0_1_1_0_0_0_0_0_1_0_0_1_0_0_1_1_0_0_1_1_1_1_1_1_0_0_1_1_1_1_0_0_0_0,1,1.3333333333333335e-5,9.428090415820635e-6,0.27976190476190477,167.5
0_0_0_1_1_0_1_0_1_0_0_0_1_1_1_1_0_0_0_0_0_0_1_0_0_1_1_0_0_0_0_0_0_0_1_0_0_0_0_0_1_1_1,1,1.3333333333333335e-5,4.714045207910318e-6,0.24404761904761904,201.66666666666666
0_1_0_1_1_0_0_0_0_1_0_0_0_1_0_1_1_0_1_1_0_0_0_0_1_1_0_1_0_0_0_0_0_0_1_0_0_0_0_1_1_1_0,1,1.3333333333333335e-5,4.714045207910318e-6,0.27976190476190477,213.33333333333334
0_0_0_1_1_0_1_0_1_0_0_0_0_0_0_1_1_0_1_1_1_1_0_1_1_0_0_1_0_1_1_1_1_1_1_1_1_1_1_1_0_0_1,1,1.3333333333333335e-5,9.428090415820635e-6,0.25,207.5
0_0_0_1_1_0_1_0_1_0_0_0_1_0_1_1_0_0_0_0_1_0_1_1_0_1_1_0_0_1_1_1_1_0_1_0_1_1_1_0_0_0_1,1,1.3333333333333335e-5,4.714045207910318e-6,0.25595238095238093,170.0
1_0_1_0_1_1_1_0_0_1_1_1_1_1_1_1_1_1_1_1_0_1_0_0_1_1_1_1_1_0_0_0_0_0_1_1_0_0_0_0_1_1_1,1,1.3333333333333335e-5,1.2472191289246474e-5,0.24404761904761904,185.0
1_1_1_0_0_0_0_1_1_0_1_1_0_1_0_0_0_1_1_1_0_1_1_0_0_1_1_0_1_0_0_0_0_1_0_0_0_0_0_0_1_1_1,1,1.3333333333333335e-5,1.2472191289246474e-5,0.27380952380952384,213.33333333333331
0_0_0_1_1_0_0_0_0_1_0_0_1_1_1_1_0_0_0_0_0_0_1_0_0_1_0_0_0_0_0_0_0_0_1_0_0_0_0_1_1_1_1,1,1.3333333333333335e-5,1.2472191289246474e-5,0.2619047619047619,196.66666666666669
1_1_1_0_0_0_0_1_1_0_1_1_0_1_0_0_1_1_1_1_0_1_0_0_1_1_1_1_1_0_0_0_0_1_0_0_0_0_0_0_1_1_1,1,1.3333333333333335e-5,9.428090415820635e-6,0.27380952380952384,265.0
1_1_1_0_0_1_0_1_0_1_1_1_1_0_1_0_1_1_0_0_1_1_0_1_1_0_1_1_1_1_1_1_1_1_0_1_1_1_1_1_0_0_0,1,1.3333333333333335e-5,4.714045207910318e-6,0.27380952380952384,126.66666666666667
1_1_1_0_0_1_0_1_0_1_1_1_1_0_1_0_1_1_1_1_1_0_0_1_1_1_1_1_1_1_1_1_1_0_0_0_1_1_1_0_0_0_0,1,1.3333333333333335e-5,4.714045207910318e-6,0.25595238095238093,190.0
0_0_0_1_1_1_0_0_0_1_0_0_1_1_1_1_1_0_1_1_0_0_1_0_0_0_0_0_0_0_0_0_0_0_1_1_0_0_0_1_1_1_0,1,1.3333333333333335e-5,1.2472191289246474e-5,0.2619047619047619,161.66666666666669
1_1_1_0_0_1_0_1_0_1_1_1_0_1_0_0_1_1_1_1_0_0_0_0_1_0_0_1_1_0_0_0_0_1_0_1_0_0_0_1_1_1_0,1,1.3333333333333335e-5,4.714045207910318e-6,0.2619047619047619,271.6666666666667
0_0_0_1_1_0_0_0_1_0_0_0_0_0_0_1_1_0_0_0_1_0_0_1_1_0_0_1_0_1_1_1_1_0_1_0_1_1_1_0_0_0_1,1,1.3333333333333335e-5,4.714045207910318e-6,0.25595238095238093,220.0
1_0_1_0_1_1_0_0_0_1_1_1_1_0_1_1_0_1_0_0_1_1_0_1_1_1_1_1_1_1_1_1_1_0_1_0_1_1_1_0_0_0_1,1,1.3333333333333335e-5,9.428090415820635e-6,0.24404761904761904,115.0
0_1_0_1_0_0_0_1_1_0_0_0_0_0_0_0_0_0_0_0_1_0_1_1_0_0_0_0_0_1_1_1_1_1_0_0_1_1_1_1_0_0_0,1,1.3333333333333335e-5,4.714045207910318e-6,0.24404761904761904,181.66666666666666
0_0_0_1_1_0_0_0_1_0_0_0_0_1_0_1_0_0_0_0_0_1_1_0_0_0_0_0_0_0_0_0_0_0_1_0_0_0_0_0_1_1_1,1,1.3333333333333335e-5,4.714045207910318e-6,0.25,231.66666666666666
1_1_1_1_1_0_1_0_1_0_1_1_0_1_0_0_0_1_1_1_0_0_1_0_0_1_1_0_1_0_0_0_0_0_1_1_0_0_0_0_1_1_1,1,1.3333333333333335e-5,9.428090415820635e-6,0.25,192.5
1_1_1_0_0_1_0_1_0_1_1_1_0_1_0_0_1_1_1_1_0_1_1_0_0_0_0_0_1_0_0_0_0_1_0_1_0_0_0_1_1_1_0,1,1.3333333333333335e-5,4.714045207910318e-6,0.25595238095238093,166.66666666666666
0_0_0_0_0_0_0_1_0_1_0_0_1_0_1_1_0_0_0_0_1_1_0_1_1_0_0_1_0_1_1_1_1_0_0_0_1_1_1_1_0_0_0,1,1.3333333333333335e-5,4.714045207910318e-6,0.22023809523809523,148.33333333333334
1_1_1_0_0_1_1_1_1_0_1_1_0_1_0_0_0_1_0_0_0_1_1_0_0_0_0_0_1_0_0_0_0_1_0_1_0_0_0_0_1_1_0,1,1.3333333333333335e-5,4.714045207910318e-6,0.25595238095238093,220.0
0_0_0_1_0_1_0_1_0_1_1_0_1_0_1_1_1_1_1_1_1_0_0_1_1_1_1_1_0_1_1_1_1_0_0_0_1_1_1_0_0_0_1,1,1.3333333333333335e-5,4.714045207910318e-6,0.23809523809523808,161.66666666666666
0_0_0_1_1_0_1_0_1_0_0_0_1_0_1_1_0_0_0_0_1_0_0_1_1_1_1_1_0_1_1_1_1_0_1_0_1_1_1_0_0_0_1,1,1.3333333333333335e-5,4.714045207910318e-6,0.25595238095238093,155.0
0_0_0_0_0_1_0_1_0_1_0_0_1_1_1_1_1_0_1_1_0_1_1_0_0_0_0_0_0_0_0_0_0_1_0_0_0_0_0_1_1_1_0,1,1.3333333333333335e-5,1.2472191289246474e-5,0.24404761904761904,178.33333333333331
1_1_1_0_0_1_1_0_0_1_0_1_0_0_0_1_0_0_0_0_1_0_0_1_1_0_0_1_1_1_1_1_1_0_1_1_1_1_1_1_0_0_0,1,1.3333333333333335e-5,9.428090415820635e-6,0.2619047619047619,185.0
0_1_0_1_0_0_0_1_1_0_0_0_0_1_0_0_1_0_1_1_0_0_1_0_0_0_0_0_0_0_0_0_0_1_0_0_0_0_0_1_1_1_0,1,1.3333333333333335e-5,9.428090415820635e-6,0.25,235.0
1_1_1_0_1_0_1_0_1_0_0_1_0_0_0_0_1_0_1_1_1_1_0_1_1_0_0_1_1_1_1_1_1_1_1_1_1_1_1_1_0_0_0,1,1.3333333333333335e-5,4.714045207910318e-6,0.23214285714285715,165.0
0_0_0_1_1_1_1_0_1_0_0_0_0_0_0_1_1_0_1_1_1_1_0_1_1_0_0_1_0_1_1_1_1_1_1_0_1_1_1_1_0_0_1,1,1.3333333333333335e-5,1.2472191289246472e-5,0.25,166.66666666666669
1_1_1_1_1_0_1_0_1_0_1_1_0_0_0_0_1_1_0_0_1_0_0_1_1_1_1_1_1_1_1_1_1_0_1_1_1_1_1_0_0_0_1,1,1.3333333333333335e-5,4.714045207910318e-6,0.24404761904761904,200.0
1_0_1_0_1_0_0_0_0_1_1_1_1_0_1_1_1_1_0_0_1_1_0_1_1_1_1_1_1_1_1_1_1_0_1_0_1_1_1_0_0_0_1,1,1.3333333333333335e-5,4.714045207910318e-6,0.24404761904761904,170.0
0_1_0_0_0_0_0_1_1_0_0_0_0_1_0_0_1_0_1_1_0_1_1_0_0_0_0_0_0_0_0_0_0_1_0_0_0_0_0_1_1_1_0,1,1.3333333333333335e-5,4.714045207910318e-6,0.23809523809523808,273.3333333333333
0_0_0_1_1_0_0_0_0_1_0_0_1_1_1_1_0_0_0_0_0_0_1_0_0_1_1_0_0_0_0_0_0_0_1_0_0_0_0_1_1_1_0,1,1.3333333333333335e-5,9.428090415820635e-6,0.2619047619047619,190.0
0_0_0_1_0_1_0_1_0_1_1_0_1_1_1_1_0_1_0_0_0_0_1_0_0_1_1_0_0_0_0_0_0_0_0_0_0_0_0_0_1_1_1,1,1.3333333333333335e-5,4.714045207910318e-6,0.23214285714285715,175.0
1_1_1_1_1_1_1_0_1_0_1_1_0_0_0_0_1_1_0_0_1_0_0_1_1_1_1_1_1_1_1_1_1_0_1_1_1_1_1_0_0_0_1,1,1.3333333333333335e-5,4.714045207910318e-6,0.23214285714285715,198.33333333333334
1_1_1_0_0_1_1_1_0_1_1_1_1_0_1_0_1_1_0_0_1_0_0_1_1_1_1_1_1_1_1_1_1_0_0_1_1_1_1_1_0_0_0,1,1.3333333333333335e-5,4.714045207910318e-6,0.2619047619047619,201.66666666666666
0_0_0_1_1_0_0_0_0_1_0_0_1_0_1_1_0_0_0_0_1_0_0_1_1_0_0_1_0_1_1_1_1_0_1_0_1_1_1_1_0_0_0,1,1.3333333333333335e-5,1.2472191289246474e-5,0.26785714285714285,186.66666666666669
1_0_1_1_1_1_0_0_0_1_1_1_1_0_1_1_1_1_0_0_1_0_0_1_1_1_1_1_1_1_1_1_1_0_1_0_1_1_1_0_0_0_1,1,1.3333333333333335e-5,4.714045207910318e-6,0.23214285714285715,213.33333333333334
0_0_0_1_1_0_0_0_0_1_0_0_1_0_1_1_0_0_0_0_1_0_1_1_0_1_1_0_0_1_1_1_1_0_1_0_1_1_1_1_0_0_1,1,1.3333333333333335e-5,4.714045207910318e-6,0.27380952380952384,135.0
1_0_1_0_0_0_1_1_1_0_1_1_1_0_1_0_1_1_1_1_1_1_0_1_1_1_1_1_1_1_1_1_1_0_0_0_1_1_1_0_0_0_1,1,1.3333333333333335e-5,4.714045207910318e-6,0.25,183.33333333333334
1_0_1_1_1_1_1_0_0_1_1_1_1_1_1_1_0_1_1_1_0_0_1_0_0_1_1_0_1_0_0_0_0_0_1_1_0_0_0_0_1_1_1,1,1.3333333333333335e-5,9.428090415820635e-6,0.23214285714285715,250.0
1_1_1_0_0_1_1_1_0_1_1_1_0_1_0_0_1_1_1_1_0_1_0_0_1_0_0_1_1_0_0_0_0_1_0_1_0_0_0_1_1_1_0,1,1.3333333333333335e-5,4.714045207910318e-6,0.2619047619047619,190.0
0_0_0_1_1_0_0_0_1_0_0_0_0_1_0_1_1_0_1_1_0_0_1_0_0_0_0_0_0_0_0_0_0_0_1_0_0_0_0_0_1_1_1,1,1.3333333333333335e-5,4.714045207910318e-6,0.2619047619047619,191.66666666666666
0_1_0_1_0_0_1_1_1_0_0_0_0_0_0_0_0_0_0_0_1_0_1_1_0_0_0_0_0_1_1_1_1_1_0_1_1_1_1_1_0_0_0,1,1.3333333333333335e-5,4.714045207910318e-6,0.23809523809523808,143.33333333333334
0_0_0_0_0_0_0_1_0_1_0_0_1_0_1_1_1_0_0_0_1_1_0_1_1_0_0_1_0_1_1_1_1_1_0_0_1_1_1_1_0_0_0,1,1.3333333333333335e-5,4.714045207910318e-6,0.23809523809523808,188.33333333333334
1_1_1_0_0_1_0_1_0_1_1_1_1_0_1_0_0_1_0_0_1_1_1_1_0_0_1_0_1_1_1_1_1_1_0_1_1_1_1_1_0_0_0,1,1.3333333333333335e-5,1.2472191289246472e-5,0.27380952380952384,181.66666666666669
1_1_1_0_0_1_0_1_0_1_1_1_1_1_1_0_1_1_1_1_0_0_0_0_1_1_1_1_1_0_0_0_0_0_0_1_0_0_0_0_1_1_0,1,1.3333333333333335e-5,1.2472191289246474e-5,0.26785714285714285,191.66666666666669
1_0_1_0_0_1_1_1_1_0_1_1_1_1_1_0_0_1_0_0_0_1_1_0_0_1_1_0_1_0_0_0_0_0_0_1_0_0_0_0_1_1_1,1,1.3333333333333335e-5,4.714045207910318e-6,0.25595238095238093,131.66666666666666
0_1_0_0_0_0_1_1_1_0_0_1_0_1_0_0_1_0_1_1_0_0_1_0_0_0_0_0_0_0_0_0_0_1_0_0_0_0_0_0_1_1_0,1,1.3333333333333335e-5,4.714045207910318e-6,0.23809523809523808,206.66666666666666
1_0_1_1_1_0_0_0_0_1_1_0_1_1_1_1_0_1_1_1_0_1_1_0_0_1_1_0_1_0_0_0_0_0_1_1_0_0_0_0_1_1_1,1,1.3333333333333335e-5,1.2472191289246472e-5,0.2261904761904762,198.33333333333331
0_1_0_1_0_1_1_1_1_0_0_0_0_1_0_0_0_0_1_1_0_0_1_0_0_0_0_0_0_0_0_0_0_1_0_0_0_0_0_1_1_1_0,1,1.3333333333333335e-5,4.714045207910318e-6,0.24404761904761904,185.0
0_1_0_1_0_1_1_1_1_0_0_0_0_1_0_0_1_0_1_1_0_0_1_0_0_0_0_0_0_0_0_0_0_1_0_0_0_0_0_1_1_1_0,1,1.3333333333333335e-5,4.714045207910318e-6,0.24404761904761904,171.66666666666666
1_0_1_1_1_1_0_0_0_1_1_0_1_1_1_1_0_1_1_1_0_1_1_0_0_1_1_0_1_0_0_0_0_0_1_1_0_0_0_0_1_1_1,1,1.3333333333333335e-5,4.714045207910318e-6,0.2261904761904762,270.0
1_1_1_0_0_1_1_1_1_0_1_1_0_0_0_0_0_1_0_0_1_1_1_1_0_0_0_0_1_1_1_1_1_1_0_1_1_1_1_0_0_0_1,1,1.3333333333333335e-5,1.8856180831641267e-5,0.27976190476190477,160.0
0_1_0_1_0_0_0_1_1_0_0_0_0_1_0_0_1_0_1_1_0_0_0_0_1_0_0_1_0_0_0_0_0_1_0_0_0_0_0_1_1_1_0,1,1.3333333333333335e-5,1.8856180831641267e-5,0.25,157.5
1_0_1_0_1_1_0_0_0_1_1_1_1_0_1_1_1_1_0_0_1_1_0_1_1_1_1_1_1_1_1_1_1_0_1_0_1_1_1_0_0_0_1,1,1.3333333333333335e-5,9.428090415820635e-6,0.24404761904761904,177.5
0_1_0_1_1_0_0_0_0_1_0_0_0_1_0_1_1_0_1_1_0_0_0_0_1_0_0_1_0_0_0_0_0_1_1_1_0_0_0_1_1_1_0,1,1.3333333333333335e-5,9.428090415820635e-6,0.25595238095238093,120.0
1_1_1_0_0_1_1_1_1_0_1_1_0_0_0_0_1_1_0_0_1_1_0_1_1_1_1_1_1_1_1_1_1_1_0_0_1_1_1_0_0_0_1,1,1.3333333333333335e-5,9.428090415820635e-6,0.25,137.5
0_0_0_1_1_0_0_0_0_1_0_0_1_0_1_1_1_0_1_1_1_0_0_1_1_1_1_1_0_1_1_1_1_0_1_0_1_1_1_1_0_0_0,1,1.3333333333333335e-5,9.428090415820635e-6,0.26785714285714285,297.5
0_0_0_1_1_1_0_0_0_1_0_0_1_0_1_1_1_0_0_0_1_0_0_1_1_0_0_1_0_1_1_1_1_0_1_1_1_1_1_1_0_0_0,1,1.3333333333333335e-5,1.2472191289246472e-5,0.26785714285714285,151.66666666666669
1_1_1_0_0_1_1_1_0_1_1_1_1_0_1_0_1_1_1_1_1_0_0_1_1_1_1_1_1_1_1_1_1_1_0_1_1_1_1_1_0_0_0,1,1.3333333333333335e-5,9.428090415820635e-6,0.25,150.0
1_0_1_0_0_0_1_1_1_0_1_1_1_1_1_0_0_1_0_0_0_1_1_0_0_1_1_0_1_0_0_0_0_0_0_0_0_0_0_0_1_1_1,1,1.3333333333333335e-5,1.2472191289246474e-5,0.25595238095238093,150.0
0_0_0_1_1_1_0_0_0_1_0_0_1_0_1_1_0_0_0_0_1_0_0_1_1_0_0_1_0_1_1_1_1_0_1_1_1_1_1_1_0_0_0,1,1.3333333333333335e-5,1.2472191289246472e-5,0.26785714285714285,223.33333333333331
0_0_0_1_1_1_0_0_0_1_0_0_1_1_1_1_0_0_1_1_0_0_1_0_0_0_0_0_0_0_0_0_0_0_1_1_0_0_0_1_1_1_0,1,1.3333333333333335e-5,9.428090415820635e-6,0.2619047619047619,155.0
0_1_0_1_0_0_1_1_1_0_0_0_0_1_0_0_1_0_1_1_0_0_1_0_0_0_0_0_0_0_0_0_0_1_0_0_0_0_0_1_1_1_0,1,1.3333333333333335e-5,1.2472191289246472e-5,0.24404761904761904,200.0
1_0_1_0_1_1_0_0_0_1_1_1_1_1_1_1_1_1_1_1_0_1_1_0_0_1_1_0_1_0_0_0_0_0_1_0_0_0_0_0_1_1_1,1,1.3333333333333335e-5,1.2472191289246472e-5,0.23809523809523808,165.0
0_0_0_1_1_1_1_0_0_1_0_0_1_0_1_1_0_0_0_0_1_0_1_1_0_0_0_0_0_1_1_1_1_0_1_1_1_1_1_1_0_0_0,1,1.3333333333333335e-5,1.2472191289246472e-5,0.27380952380952384,210.0
0_0_0_1_1_1_1_0_0_1_0_0_1_1_1_1_1_0_1_1_0_0_1_0_0_0_0_0_0_0_0_0_0_0_1_1_0_0_0_1_1_1_0,1,1.0e-5,0.0,0.26785714285714285,140.0
1_1_1_0_0_1_1_1_0_1_1_1_1_1_1_0_1_1_1_1_0_1_0_0_1_0_1_1_1_0_0_0_0_1_0_1_0_0_0_1_1_1_0,1,1.0e-5,8.164965809277262e-6,0.27380952380952384,205.0
1_0_1_0_0_1_1_1_1_0_1_1_1_1_1_0_0_1_0_0_0_1_1_0_0_0_1_0_1_0_0_0_0_1_0_1_0_0_0_0_1_1_1,1,1.0e-5,1.4142135623730951e-5,0.26785714285714285,116.66666666666667
0_0_0_0_0_0_0_1_0_1_0_0_1_0_1_1_0_0_0_0_1_1_0_1_1_0_0_1_0_1_1_1_1_1_0_0_1_1_1_1_0_0_0,1,1.0e-5,8.164965809277262e-6,0.23809523809523808,157.5
1_1_1_0_0_1_1_1_0_1_1_1_1_0_1_0_1_1_0_0_1_1_0_1_1_1_1_1_1_1_1_1_1_1_0_1_1_1_1_1_0_0_0,1,1.0e-5,8.164965809277262e-6,0.2619047619047619,205.0
0_0_0_1_1_0_0_0_0_1_0_0_1_1_1_1_1_0_1_1_0_0_0_0_1_0_0_1_0_0_0_0_0_0_1_0_0_0_0_1_1_1_0,1,1.0e-5,1.4142135623730951e-5,0.2619047619047619,233.33333333333334
1_1_1_0_0_1_1_1_1_0_1_1_0_0_0_0_1_1_1_1_1_1_0_1_1_0_0_1_1_1_1_1_1_1_0_1_1_1_1_0_0_0_0,1,1.0e-5,8.164965809277262e-6,0.25,175.0
1_0_1_0_1_1_0_0_0_1_1_1_1_1_1_1_1_1_1_1_0_1_1_0_0_1_1_0_1_0_0_0_0_0_1_1_0_0_0_0_1_1_1,1,1.0e-5,0.0,0.23809523809523808,186.66666666666666
1_1_1_0_0_1_1_1_1_0_1_1_0_1_0_0_1_1_1_1_0_1_1_0_0_0_1_0_1_0_0_0_0_1_0_1_0_0_0_0_1_1_0,1,1.0e-5,8.164965809277262e-6,0.2857142857142857,267.5
0_0_0_1_1_0_0_0_0_1_0_0_1_1_1_1_1_0_1_1_0_0_0_0_1_1_0_1_0_0_0_0_0_0_1_0_0_0_0_1_1_1_1,1,1.0e-5,8.164965809277262e-6,0.27976190476190477,170.0
0_1_0_1_0_0_1_1_1_0_0_0_0_1_0_0_1_0_1_1_0_0_0_0_1_0_0_1_0_0_0_0_0_1_0_0_0_0_0_1_1_1_0,1,1.0e-5,8.164965809277262e-6,0.24404761904761904,165.0
0_0_0_1_1_1_1_0_0_1_0_0_1_1_1_1_1_0_1_1_0_0_0_0_1_0_0_1_0_0_0_0_0_0_1_1_0_0_0_1_1_1_0,1,1.0e-5,8.164965809277262e-6,0.26785714285714285,162.5
1_1_1_0_0_1_1_1_1_0_1_1_0_0_0_0_0_1_0_0_1_1_1_1_0_0_0_0_1_1_1_1_1_1_0_1_1_1_1_0_0_0_0,1,1.0e-5,8.164965809277262e-6,0.26785714285714285,275.0
1_0_1_0_0_1_1_1_1_0_1_1_1_0_1_0_0_1_0_0_1_1_1_1_0_1_1_0_1_1_1_1_1_0_0_0_1_1_1_0_0_0_1,1,1.0e-5,8.164965809277262e-6,0.25595238095238093,197.5
0_0_0_1_1_0_0_0_0_1_0_0_1_1_1_1_0_0_0_0_0_1_1_0_0_1_1_0_0_0_0_0_0_1_1_0_0_0_0_1_1_1_1,1,1.0e-5,8.164965809277262e-6,0.2619047619047619,97.5
1_0_1_0_0_1_1_1_1_0_1_1_0_1_0_0_0_1_1_1_0_1_1_0_0_0_0_0_1_0_0_0_0_1_0_1_0_0_0_0_1_1_1,1,1.0e-5,0.0,0.2857142857142857,75.0
0_0_0_1_1_0_0_0_0_1_0_0_1_1_1_1_0_0_1_1_0_0_1_0_0_0_0_0_0_0_0_0_0_0_1_1_0_0_0_1_1_1_0,1,1.0e-5,8.164965809277262e-6,0.25,167.5
0_1_0_1_0_0_0_1_1_0_0_0_0_0_0_0_1_0_0_0_1_0_0_1_1_0_0_1_0_1_1_1_1_1_0_0_1_1_1_1_0_0_0,1,1.0e-5,0.0,0.24404761904761904,140.0
0_0_0_1_1_0_0_0_0_1_0_0_1_0_1_1_1_0_1_1_1_0_0_1_1_1_0_1_0_1_1_1_1_0_1_0_1_1_1_1_0_0_1,1,1.0e-5,8.164965809277262e-6,0.26785714285714285,230.0
1_1_1_0_0_1_1_1_0_1_1_1_1_0_1_0_1_1_0_0_1_1_0_1_1_0_1_1_1_1_1_1_1_1_0_1_1_1_1_1_0_0_0,1,1.0e-5,8.164965809277262e-6,0.27976190476190477,170.0
0_1_0_1_1_1_0_0_0_1_0_0_0_1_0_1_1_0_1_1_0_0_0_0_1_0_0_1_0_0_0_0_0_1_1_1_0_0_0_1_1_1_0,1,1.0e-5,8.164965809277262e-6,0.26785714285714285,180.0
0_1_0_1_1_1_0_0_0_1_0_0_0_1_0_1_0_0_0_0_0_0_1_0_0_0_0_0_0_0_0_0_0_1_1_1_0_0_0_1_1_1_0,1,1.0e-5,0.0,0.25,130.0
1_1_1_0_0_1_1_1_0_1_1_1_1_0_1_0_1_1_1_1_1_1_0_1_1_0_1_1_1_1_1_1_1_1_0_1_1_1_1_1_0_0_0,1,1.0e-5,1.4142135623730951e-5,0.2619047619047619,280.0
1_1_1_0_0_1_1_0_0_1_0_1_0_0_0_1_1_0_0_0_1_0_0_1_1_0_0_1_1_1_1_1_1_0_1_1_1_1_1_1_0_0_0,1,1.0e-5,8.164965809277262e-6,0.2619047619047619,140.0
0_0_0_1_1_0_0_0_0_1_0_0_1_0_1_1_1_0_1_1_1_1_0_1_1_1_1_1_0_1_1_1_1_0_1_0_1_1_1_1_0_0_1,1,1.0e-5,1.4142135623730951e-5,0.2619047619047619,386.6666666666667
0_0_0_1_1_0_0_0_1_0_0_0_0_0_0_1_0_0_0_0_1_0_1_1_0_1_0_0_0_1_1_1_1_0_1_0_1_1_1_0_0_0_1,1,1.0e-5,0.0,0.27380952380952384,213.33333333333334
1_1_1_0_0_1_1_1_0_1_1_1_1_1_1_0_1_1_1_1_0_0_0_0_1_1_1_1_1_0_0_0_0_1_0_1_0_0_0_1_1_1_0,1,1.0e-5,0.0,0.2619047619047619,170.0
0_0_0_1_1_0_0_0_1_0_0_0_0_0_0_1_1_0_1_1_1_0_0_1_1_1_0_1_0_1_1_1_1_0_1_0_1_1_1_0_0_0_1,1,1.0e-5,8.164965809277262e-6,0.25595238095238093,127.5
1_0_1_0_1_1_1_0_0_1_1_1_1_0_1_1_0_1_0_0_1_1_1_1_0_1_1_0_1_1_1_1_1_0_1_1_1_1_1_0_0_0_1,1,1.0e-5,8.164965809277262e-6,0.25,105.0
1_1_1_0_0_1_1_1_0_1_1_1_1_0_1_0_1_1_1_1_1_0_0_1_1_1_1_1_1_1_1_1_1_0_0_1_1_1_1_0_0_0_0,1,1.0e-5,8.164965809277262e-6,0.2619047619047619,105.0
0_0_0_1_1_0_0_0_1_0_0_0_0_1_0_1_1_0_1_1_0_1_0_0_1_0_0_1_0_0_0_0_0_0_1_0_0_0_0_0_1_1_1,1,1.0e-5,8.164965809277262e-6,0.26785714285714285,130.0
0_0_0_1_1_0_0_0_1_0_0_0_1_1_1_1_1_0_1_1_0_0_0_0_1_1_1_1_0_0_0_0_0_0_1_0_0_0_0_0_1_1_1,1,1.0e-5,0.0,0.26785714285714285,280.0
0_0_0_1_1_0_0_1_1_0_1_0_1_0_1_0_1_1_0_0_1_1_0_1_1_1_1_1_0_1_1_1_1_1_0_0_1_1_1_0_0_0_1,1,1.0e-5,8.164965809277262e-6,0.25595238095238093,207.5
0_0_0_1_1_0_1_0_1_0_0_0_0_1_0_1_1_0_1_1_0_0_0_0_1_1_0_1_0_0_0_0_0_0_1_0_0_0_0_0_1_1_1,1,1.0e-5,1.4142135623730951e-5,0.27380952380952384,150.0
0_0_0_1_1_0_0_0_1_0_0_0_0_1_0_1_0_0_0_0_0_1_1_0_0_1_0_0_0_0_0_0_0_0_1_0_0_0_0_0_1_1_1,1,1.0e-5,0.0,0.26785714285714285,196.66666666666666
0_0_0_0_0_1_0_1_0_1_0_0_1_1_1_1_0_0_1_1_0_1_1_0_0_0_0_0_0_0_0_0_0_1_0_0_0_0_0_1_1_1_0,1,1.0e-5,0.0,0.24404761904761904,180.0
0_0_0_1_1_1_0_0_0_1_0_0_1_1_1_1_0_0_0_0_0_0_1_0_0_0_0_0_0_0_0_0_0_0_1_0_0_0_0_1_1_1_0,1,1.0e-5,0.0,0.25595238095238093,240.0
0_0_0_1_1_0_0_0_0_1_0_0_1_0_1_1_1_0_0_0_1_0_0_1_1_0_0_1_0_1_1_1_1_0_1_0_1_1_1_1_0_0_0,1,1.0e-5,0.0,0.26785714285714285,173.33333333333334
1_0_1_0_0_1_1_1_1_0_1_1_0_1_0_0_1_1_1_1_0_1_1_0_0_0_0_0_1_0_0_0_0_1_0_1_0_0_0_0_1_1_1,1,1.0e-5,0.0,0.2857142857142857,136.66666666666666
1_1_1_0_0_1_0_1_0_1_1_1_0_1_0_0_0_1_1_1_0_1_1_0_0_0_0_0_1_0_0_0_0_1_0_1_0_0_0_1_1_1_0,1,1.0e-5,8.164965809277262e-6,0.25595238095238093,225.0
1_1_1_0_0_1_0_1_0_1_1_1_0_0_0_0_1_1_1_1_1_0_0_1_1_0_0_1_1_1_1_1_1_1_0_1_1_1_1_1_0_0_0,1,1.0e-5,8.164965809277262e-6,0.25,227.5
1_1_1_0_0_0_0_1_0_1_1_1_1_1_1_0_0_1_0_0_0_0_1_0_0_1_1_0_1_0_0_0_0_0_0_1_0_0_0_0_1_1_0,1,1.0e-5,1.4142135623730951e-5,0.25,186.66666666666666
0_1_0_1_1_1_0_0_0_1_0_0_0_0_0_1_1_0_1_1_1_0_0_1_1_0_0_1_0_1_1_1_1_1_1_1_1_1_1_1_0_0_0,1,1.0e-5,8.164965809277262e-6,0.25595238095238093,160.0
0_1_0_1_0_0_1_1_1_0_0_0_0_1_0_0_1_0_1_1_0_0_0_0_1_0_0_1_0_0_0_0_0_1_0_1_0_0_0_1_1_1_0,1,1.0e-5,8.164965809277262e-6,0.24404761904761904,127.5
1_1_1_0_0_0_0_1_0_1_1_1_1_0_1_0_1_1_1_1_1_0_0_1_1_1_1_1_1_1_1_1_1_0_0_1_1_1_1_0_0_0_0,1,1.0e-5,8.164965809277262e-6,0.25595238095238093,100.0
0_0_0_1_1_0_1_0_1_0_0_0_0_1_0_1_0_0_0_0_0_1_1_0_0_0_0_0_0_0_0_0_0_1_1_1_0_0_0_1_1_1_1,1,1.0e-5,8.164965809277262e-6,0.25595238095238093,222.5
0_0_0_1_0_1_0_1_0_1_1_0_1_0_1_1_1_1_0_0_1_0_0_1_1_1_1_1_0_1_1_1_1_0_0_0_1_1_1_0_0_0_1,1,1.0e-5,8.164965809277262e-6,0.25595238095238093,65.0
0_0_0_1_1_0_1_0_1_0_0_0_0_1_0_1_1_0_1_1_0_1_0_0_1_0_0_1_0_0_0_0_0_1_1_0_0_0_0_1_1_1_1,1,1.0e-5,8.164965809277262e-6,0.27380952380952384,237.5
0_0_0_1_1_0_0_0_0_1_0_0_1_0_1_1_0_0_0_0_1_1_1_1_0_1_1_0_0_1_1_1_1_1_1_0_1_1_1_1_0_0_1,1,1.0e-5,8.164965809277262e-6,0.2857142857142857,110.0
1_1_1_0_0_0_1_1_1_0_1_1_0_0_0_0_0_1_0_0_1_1_1_1_0_1_1_0_1_1_1_1_1_1_0_0_1_1_1_0_0_0_1,1,1.0e-5,8.164965809277262e-6,0.2619047619047619,155.0
0_1_0_1_1_0_0_0_0_1_0_0_0_0_0_1_1_0_0_0_1_0_0_1_1_0_0_1_0_1_1_1_1_1_1_1_1_1_1_1_0_0_0,1,1.0e-5,1.4142135623730951e-5,0.2619047619047619,103.33333333333333
1_1_1_1_1_1_1_0_1_0_1_1_0_1_0_0_0_1_1_1_0_0_1_0_0_1_1_0_1_0_0_0_0_1_1_1_0_0_0_0_1_1_1,1,1.0e-5,8.164965809277262e-6,0.22023809523809523,127.5
1_1_1_0_0_1_1_1_0_1_1_1_0_1_0_0_0_1_0_0_0_0_1_0_0_0_0_0_1_0_0_0_0_1_0_1_0_0_0_1_1_1_0,1,1.0e-5,8.164965809277262e-6,0.25,195.0
1_0_1_0_0_0_0_1_1_0_1_1_1_1_1_0_0_1_0_0_0_1_1_0_0_1_1_0_1_0_0_0_0_0_0_0_0_0_0_0_1_1_1,1,1.0e-5,8.164965809277262e-6,0.2619047619047619,115.0
1_1_1_0_0_1_0_1_0_1_1_1_1_1_1_0_0_1_0_0_0_0_1_0_0_1_1_0_1_0_0_0_0_0_0_1_0_0_0_0_1_1_0,1,1.0e-5,1.4142135623730951e-5,0.25,210.0
1_1_1_0_0_1_1_1_0_1_1_1_1_1_1_0_0_1_1_1_0_1_1_0_0_0_1_0_1_0_0_0_0_1_0_1_0_0_0_1_1_1_0,1,1.0e-5,1.4142135623730951e-5,0.27380952380952384,213.33333333333334
0_1_0_1_0_0_1_1_1_0_0_0_0_0_0_0_1_0_0_0_1_0_0_1_1_0_0_1_0_1_1_1_1_1_0_1_1_1_1_1_0_0_0,1,6.6666666666666675e-6,4.714045207910318e-6,0.23809523809523808,175.0
1_1_1_0_0_1_0_1_0_1_1_1_1_0_1_0_0_1_0_0_1_1_0_1_1_0_1_1_1_1_1_1_1_1_0_1_1_1_1_1_0_0_0,1,6.6666666666666675e-6,4.714045207910318e-6,0.27380952380952384,205.0
0_0_0_1_1_0_1_0_1_0_0_0_0_0_0_1_0_0_0_0_1_1_0_1_1_0_0_1_0_1_1_1_1_1_1_1_1_1_1_1_0_0_1,1,6.6666666666666675e-6,4.714045207910318e-6,0.26785714285714285,180.0
0_0_0_1_1_0_0_0_0_1_0_0_1_0_1_1_1_0_1_1_1_0_0_1_1_1_0_1_0_1_1_1_1_0_1_0_1_1_1_1_0_0_0,1,6.6666666666666675e-6,4.714045207910318e-6,0.27976190476190477,165.0
0_0_0_1_1_0_0_0_0_1_0_0_1_1_1_1_0_0_0_0_0_1_1_0_0_1_0_0_0_0_0_0_0_0_1_0_0_0_0_1_1_1_1,1,6.6666666666666675e-6,9.428090415820634e-6,0.26785714285714285,280.0
1_0_1_0_0_0_1_1_1_0_1_1_1_1_1_0_1_1_1_1_0_1_1_0_0_1_1_0_1_0_0_0_0_0_0_0_0_0_0_0_1_1_1,1,6.6666666666666675e-6,4.714045207910318e-6,0.27380952380952384,200.0
0_0_0_1_1_0_0_0_0_1_0_0_1_1_1_1_0_0_1_1_0_0_1_0_0_1_0_0_0_0_0_0_0_0_1_0_0_0_0_1_1_1_1,1,6.6666666666666675e-6,4.714045207910318e-6,0.27976190476190477,125.0
1_1_1_0_0_1_1_1_0_1_1_1_1_0_1_0_0_1_0_0_1_0_1_1_0_1_1_0_1_1_1_1_1_1_0_1_1_1_1_1_0_0_0,1,6.6666666666666675e-6,9.428090415820634e-6,0.26785714285714285,135.0
1_1_1_0_0_1_1_1_1_0_1_1_0_1_0_0_0_1_1_1_0_1_1_0_0_0_0_0_1_0_0_0_0_1_0_1_0_0_0_0_1_1_0,1,6.6666666666666675e-6,4.714045207910318e-6,0.27380952380952384,170.0
1_0_1_0_0_0_1_1_1_0_1_1_1_1_1_0_1_1_1_1_0_1_0_0_1_1_1_1_1_0_0_0_0_0_0_0_0_0_0_0_1_1_1,1,6.6666666666666675e-6,4.714045207910318e-6,0.27380952380952384,190.0
0_0_0_1_1_1_0_0_0_1_0_0_1_0_1_1_0_0_0_0_1_0_0_1_1_0_0_1_0_1_1_1_1_0_1_0_1_1_1_1_0_0_0,1,6.6666666666666675e-6,9.428090415820634e-6,0.27976190476190477,185.0
1_0_1_0_1_1_0_0_0_1_1_1_1_1_1_1_0_1_1_1_0_1_1_0_0_1_1_0_1_0_0_0_0_0_1_0_0_0_0_0_1_1_1,1,6.6666666666666675e-6,9.428090415820634e-6,0.23809523809523808,110.0
1_1_1_0_1_0_1_0_1_0_0_1_0_1_0_0_1_0_1_1_0_1_0_0_1_0_0_1_1_0_0_0_0_1_1_1_0_0_0_1_1_1_0,1,6.6666666666666675e-6,4.714045207910318e-6,0.25595238095238093,200.0
1_1_1_0_0_1_1_1_1_0_1_1_0_0_0_0_0_1_0_0_1_0_0_1_1_0_0_1_1_1_1_1_1_1_0_1_1_1_1_0_0_0_0,1,6.6666666666666675e-6,9.428090415820634e-6,0.27380952380952384,145.0
0_0_0_1_1_0_0_0_0_1_0_0_0_1_0_1_0_0_0_0_0_1_1_0_0_1_0_0_0_0_0_0_0_1_1_0_0_0_0_1_1_1_1,1,6.6666666666666675e-6,4.714045207910318e-6,0.2619047619047619,225.0
1_1_1_0_0_0_1_1_1_0_1_1_0_1_0_0_0_1_0_0_0_1_1_0_0_1_1_0_1_0_0_0_0_1_0_1_0_0_0_0_1_1_1,1,6.6666666666666675e-6,9.428090415820634e-6,0.2619047619047619,315.0
0_1_0_1_1_0_0_0_0_1_0_0_1_0_1_1_0_0_0_0_1_0_1_1_0_1_1_0_0_1_1_1_1_0_1_0_1_1_1_1_0_0_0,1,6.6666666666666675e-6,9.428090415820634e-6,0.2857142857142857,145.0
0_0_0_1_1_0_0_0_1_0_0_0_0_0_0_1_0_0_0_0_1_0_0_1_1_0_0_1_0_1_1_1_1_0_1_0_1_1_1_0_0_0_1,1,6.6666666666666675e-6,4.714045207910318e-6,0.25595238095238093,205.0
0_0_0_0_0_1_0_1_0_1_0_0_1_0_1_1_1_0_0_0_1_1_0_1_1_0_0_1_0_1_1_1_1_1_0_0_1_1_1_1_0_0_0,1,6.6666666666666675e-6,9.428090415820634e-6,0.25,235.0
1_1_1_0_0_1_1_1_1_0_1_1_0_0_0_0_0_1_0_0_1_0_1_1_0_0_0_0_1_1_1_1_1_0_0_1_1_1_1_0_0_0_0,1,6.6666666666666675e-6,4.714045207910318e-6,0.27976190476190477,125.0
1_1_1_0_1_0_1_0_1_0_0_1_0_0_0_0_0_0_0_0_1_1_0_1_1_0_0_1_1_1_1_1_1_1_1_1_1_1_1_1_0_0_0,1,6.6666666666666675e-6,4.714045207910318e-6,0.25,170.0
1_1_1_0_0_1_0_1_0_1_1_1_0_0_0_0_0_1_0_0_1_0_1_1_0_0_0_0_1_1_1_1_1_1_0_1_1_1_1_1_0_0_0,1,6.6666666666666675e-6,9.428090415820634e-6,0.26785714285714285,150.0
1_1_1_0_0_0_1_1_1_0_1_1_0_0_0_0_0_1_0_0_1_1_1_1_0_1_1_0_1_1_1_1_1_1_0_1_1_1_1_0_0_0_1,1,6.6666666666666675e-6,4.714045207910318e-6,0.27380952380952384,210.0
1_1_1_0_0_1_1_1_1_0_1_1_0_0_0_0_1_1_1_1_1_1_0_1_1_0_1_1_1_1_1_1_1_1_0_1_1_1_1_0_0_0_1,1,6.6666666666666675e-6,4.714045207910318e-6,0.27380952380952384,330.0
1_1_1_0_0_1_1_0_0_1_0_1_0_1_0_1_0_0_1_1_0_0_1_0_0_0_0_0_1_0_0_0_0_0_1_1_0_0_0_1_1_1_0,1,6.6666666666666675e-6,4.714045207910318e-6,0.25595238095238093,190.0
0_0_0_1_1_0_0_0_1_0_0_0_1_0_1_1_1_0_1_1_1_0_0_1_1_1_1_1_0_1_1_1_1_0_1_0_1_1_1_0_0_0_1,1,6.6666666666666675e-6,4.714045207910318e-6,0.24404761904761904,165.0
0_1_0_0_0_0_1_1_1_0_0_0_0_1_0_0_1_0_1_1_0_1_1_0_0_0_0_0_0_0_0_0_0_1_0_1_0_0_0_1_1_1_0,1,6.6666666666666675e-6,9.428090415820634e-6,0.23214285714285715,385.0
1_1_1_0_0_1_0_1_0_1_1_1_0_1_0_0_1_1_1_1_0_0_1_0_0_0_0_0_1_0_0_0_0_1_0_1_0_0_0_1_1_1_0,1,6.6666666666666675e-6,4.714045207910318e-6,0.2619047619047619,95.0
1_1_1_0_0_1_1_1_1_0_1_1_0_1_0_0_1_1_1_1_0_1_1_0_0_0_0_0_1_0_0_0_0_1_0_1_0_0_0_0_1_1_0,1,6.6666666666666675e-6,9.428090415820634e-6,0.27380952380952384,165.0
0_0_0_1_1_1_1_0_1_0_0_0_0_0_0_1_0_0_0_0_1_1_1_1_0_0_0_0_0_1_1_1_1_1_1_0_1_1_1_1_0_0_1,1,6.6666666666666675e-6,4.714045207910318e-6,0.26785714285714285,190.0
0_0_0_1_0_1_0_1_0_1_1_0_1_0_1_1_0_1_0_0_1_0_0_1_1_1_1_1_0_1_1_1_1_0_0_0_1_1_1_0_0_0_1,1,6.6666666666666675e-6,4.714045207910318e-6,0.25595238095238093,150.0
1_0_1_0_1_1_1_0_0_1_1_1_1_0_1_1_0_1_0_0_1_1_0_1_1_1_1_1_1_1_1_1_1_0_1_1_1_1_1_0_0_0_1,1,6.6666666666666675e-6,4.714045207910318e-6,0.25,190.0
0_0_0_1_0_1_0_1_0_1_1_0_1_1_1_1_1_1_1_1_0_0_1_0_0_1_1_0_0_0_0_0_0_0_0_0_0_0_0_0_1_1_1,1,6.6666666666666675e-6,4.714045207910318e-6,0.25,205.0
1_1_1_1_1_0_0_0_1_0_1_1_0_1_0_0_0_1_1_1_0_0_1_0_0_1_1_0_1_0_0_0_0_1_1_0_0_0_0_0_1_1_1,1,6.6666666666666675e-6,4.714045207910318e-6,0.2261904761904762,150.0
0_0_0_1_1_1_0_0_0_1_0_0_1_0_1_1_0_0_0_0_1_0_1_1_0_0_0_0_0_1_1_1_1_0_1_0_1_1_1_1_0_0_0,1,6.6666666666666675e-6,4.714045207910318e-6,0.27976190476190477,115.0
1_1_1_0_0_1_1_1_1_0_1_1_0_0_0_0_1_1_1_1_1_1_0_1_1_0_0_1_1_1_1_1_1_1_0_1_1_1_1_0_0_0_1,1,6.6666666666666675e-6,4.714045207910318e-6,0.2619047619047619,195.0
0_1_0_1_1_1_1_0_0_1_0_0_0_1_0_1_1_0_1_1_0_0_1_0_0_0_0_0_0_0_0_0_0_1_1_1_0_0_0_1_1_1_0,1,6.6666666666666675e-6,4.714045207910318e-6,0.27380952380952384,150.0
1_1_1_0_0_1_1_1_1_0_1_1_0_1_0_0_1_1_1_1_0_1_0_0_1_1_1_1_1_0_0_0_0_1_0_1_0_0_0_0_1_1_1,1,6.6666666666666675e-6,4.714045207910318e-6,0.26785714285714285,180.0
1_1_1_0_0_1_0_1_0_1_1_1_0_0_0_0_1_1_0_0_1_1_0_1_1_0_0_1_1_1_1_1_1_1_0_1_1_1_1_1_0_0_0,1,6.6666666666666675e-6,9.428090415820634e-6,0.2619047619047619,250.0
1_1_1_0_0_1_0_1_0_1_1_1_0_0_0_0_0_1_0_0_1_1_0_1_1_0_0_1_1_1_1_1_1_1_0_1_1_1_1_1_0_0_0,1,6.6666666666666675e-6,4.714045207910318e-6,0.2619047619047619,155.0
0_0_0_1_0_1_0_1_0_1_1_0_1_1_1_1_0_1_1_1_0_0_1_0_0_1_1_0_0_0_0_0_0_0_0_0_0_0_0_0_1_1_1,1,6.6666666666666675e-6,9.428090415820634e-6,0.25,280.0
1_1_1_0_0_0_0_1_0_1_1_1_1_1_1_0_0_1_0_0_0_0_1_0_0_1_1_0_1_0_0_0_0_0_0_0_0_0_0_0_1_1_0,1,6.6666666666666675e-6,4.714045207910318e-6,0.25,165.0
0_0_0_1_1_0_0_0_0_1_0_0_1_1_1_1_1_0_1_1_0_0_1_0_0_0_0_0_0_0_0_0_0_0_1_0_0_0_0_1_1_1_0,1,6.6666666666666675e-6,4.714045207910318e-6,0.2619047619047619,315.0
1_0_1_0_0_1_1_1_1_0_1_1_1_0_1_0_1_1_0_0_1_1_0_1_1_1_1_1_1_1_1_1_1_0_0_0_1_1_1_0_0_0_1,1,6.6666666666666675e-6,4.714045207910318e-6,0.25595238095238093,175.0
1_1_1_0_0_0_0_1_1_0_1_1_0_0_0_0_1_1_0_0_1_1_0_1_1_1_1_1_1_1_1_1_1_1_0_0_1_1_1_0_0_0_1,1,6.6666666666666675e-6,9.428090415820634e-6,0.26785714285714285,135.0
1_1_1_0_0_1_0_1_0_1_1_1_1_1_1_0_1_1_1_1_0_0_0_0_1_1_1_1_1_0_0_0_0_0_0_0_0_0_0_0_1_1_0,1,6.6666666666666675e-6,9.428090415820634e-6,0.26785714285714285,125.0
1_1_1_0_0_0_1_1_1_0_1_1_0_1_0_0_1_1_1_1_0_1_1_0_0_1_1_0_1_0_0_0_0_1_0_0_0_0_0_0_1_1_1,1,6.6666666666666675e-6,4.714045207910318e-6,0.26785714285714285,120.0
1_1_1_0_0_1_0_1_0_1_1_1_1_1_1_0_0_1_0_0_0_0_1_0_0_1_1_0_1_0_0_0_0_0_0_0_0_0_0_0_1_1_0,1,6.6666666666666675e-6,9.428090415820634e-6,0.25,130.0
0_0_0_1_0_1_0_1_0_1_1_0_1_0_1_1_0_1_0_0_1_0_1_1_0_1_1_0_0_1_1_1_1_0_0_0_1_1_1_0_0_0_1,1,6.6666666666666675e-6,4.714045207910318e-6,0.25595238095238093,95.0
1_0_1_0_0_0_0_1_1_0_1_1_1_0_1_0_0_1_0_0_1_1_1_1_0_1_1_0_1_1_1_1_1_0_0_0_1_1_1_0_0_0_1,1,6.6666666666666675e-6,9.428090415820634e-6,0.27380952380952384,115.0
1_0_1_0_0_1_1_1_1_0_1_1_1_1_1_0_1_1_1_1_0_1_0_0_1_0_1_1_1_0_0_0_0_1_0_1_0_0_0_0_1_1_1,1,6.6666666666666675e-6,9.428090415820634e-6,0.2857142857142857,170.0
1_1_1_0_0_1_1_1_1_0_1_1_0_1_0_0_1_1_1_1_0_1_1_0_0_1_1_0_1_0_0_0_0_1_0_1_0_0_0_0_1_1_1,1,6.6666666666666675e-6,9.428090415820634e-6,0.26785714285714285,190.0
0_0_0_1_1_0_1_0_1_0_0_0_1_1_1_1_0_0_0_0_0_1_1_0_0_1_1_0_0_0_0_0_0_0_1_0_0_0_0_0_1_1_1,1,6.6666666666666675e-6,9.428090415820634e-6,0.25,110.0
0_0_0_1_1_0_0_0_1_0_0_0_0_1_0_1_1_0_1_1_0_1_1_0_0_0_0_0_0_0_0_0_0_1_1_0_0_0_0_1_1_1_1,1,6.6666666666666675e-6,4.714045207910318e-6,0.27976190476190477,155.0
0_1_0_1_0_0_0_1_1_0_0_0_0_1_0_0_0_0_1_1_0_0_1_0_0_0_0_0_0_0_0_0_0_1_0_0_0_0_0_1_1_1_0,1,6.6666666666666675e-6,4.714045207910318e-6,0.25,210.0
1_1_1_0_0_1_1_1_1_0_1_1_1_1_1_0_0_1_0_0_0_0_1_0_0_0_1_0_1_0_0_0_0_0_0_1_0_0_0_0_1_1_0,1,6.6666666666666675e-6,9.428090415820634e-6,0.26785714285714285,235.0
1_0_1_0_1_1_0_0_0_1_1_1_1_0_1_1_1_1_0_0_1_1_0_1_1_1_1_1_1_1_1_1_1_0_1_1_1_1_1_0_0_0_1,1,6.6666666666666675e-6,9.428090415820634e-6,0.24404761904761904,145.0
1_1_1_0_0_1_1_1_0_1_1_1_0_1_0_0_0_1_0_0_0_1_1_0_0_0_0_0_1_0_0_0_0_1_0_1_0_0_0_1_1_1_0,1,6.6666666666666675e-6,9.428090415820634e-6,0.24404761904761904,85.0
0_1_1_0_0_0_0_1_0_0_0_1_0_0_0_0_1_0_1_1_1_1_0_1_1_0_0_1_0_1_1_1_1_1_0_1_1_1_1_1_0_0_0,0,6.6666666666666675e-6,4.714045207910318e-6,0.19642857142857142,1001.0
0_0_0_1_1_0_0_0_1_0_0_0_0_1_0_1_1_0_1_1_0_0_0_0_1_1_0_1_0_0_0_0_0_0_1_0_0_0_0_0_1_1_1,1,6.6666666666666675e-6,4.714045207910318e-6,0.27976190476190477,140.0
0_1_0_1_1_1_0_0_0_1_0_0_0_1_0_1_1_0_1_1_0_0_0_0_1_0_0_1_0_0_0_0_0_1_1_0_0_0_0_1_1_1_0,1,6.6666666666666675e-6,4.714045207910318e-6,0.27976190476190477,225.0
1_1_1_0_0_1_0_1_0_1_1_1_0_1_0_0_0_1_0_0_0_0_1_0_0_0_0_0_1_0_0_0_0_1_0_1_0_0_0_1_1_1_0,1,6.6666666666666675e-6,9.428090415820634e-6,0.24404761904761904,90.0
1_0_1_1_1_1_1_0_0_1_1_1_1_0_1_1_0_1_0_0_1_0_0_1_1_1_1_1_1_1_1_1_1_0_1_1_1_1_1_0_0_0_1,1,6.6666666666666675e-6,4.714045207910318e-6,0.23809523809523808,235.0
0_0_0_1_1_0_0_0_0_1_0_0_1_0_1_1_0_0_0_0_1_0_1_1_0_1_0_0_0_1_1_1_1_0_1_0_1_1_1_1_0_0_1,1,6.6666666666666675e-6,4.714045207910318e-6,0.2857142857142857,290.0
1_1_1_0_0_1_1_1_1_0_1_1_0_0_0_0_0_1_0_0_1_1_1_1_0_0_1_0_1_1_1_1_1_1_0_1_1_1_1_0_0_0_1,1,6.6666666666666675e-6,4.714045207910318e-6,0.2916666666666667,200.0
0_0_0_1_1_0_1_0_1_0_0_0_1_1_1_1_0_0_1_1_0_0_1_0_0_1_1_0_0_0_0_0_0_0_1_0_0_0_0_0_1_1_1,1,6.6666666666666675e-6,4.714045207910318e-6,0.2619047619047619,165.0
0_0_0_1_1_0_1_0_1_0_0_0_1_0_1_1_1_0_1_1_1_1_0_1_1_1_1_1_0_1_1_1_1_0_1_0_1_1_1_0_0_0_1,1,6.6666666666666675e-6,9.428090415820634e-6,0.24404761904761904,100.0
0_0_0_1_1_0_0_0_0_1_0_0_1_0_1_1_1_0_0_0_1_0_0_1_1_1_1_1_0_1_1_1_1_0_1_0_1_1_1_1_0_0_0,1,6.6666666666666675e-6,9.428090415820634e-6,0.2857142857142857,140.0
0_0_0_1_1_1_1_0_1_0_0_0_0_1_0_1_0_0_0_0_0_1_1_0_0_0_0_0_0_0_0_0_0_1_1_0_0_0_0_1_1_1_1,1,6.6666666666666675e-6,9.428090415820634e-6,0.25595238095238093,315.0
0_0_0_1_1_0_1_0_1_0_0_0_0_0_0_1_1_0_1_1_1_1_0_1_1_0_0_1_0_1_1_1_1_1_1_0_1_1_1_1_0_0_1,1,6.6666666666666675e-6,9.428090415820634e-6,0.25,210.0
1_1_1_0_0_1_0_1_0_1_1_1_1_1_1_0_0_1_1_1_0_0_1_0_0_0_1_0_1_0_0_0_0_1_0_1_0_0_0_1_1_1_0,1,6.6666666666666675e-6,9.428090415820634e-6,0.27380952380952384,130.0
0_0_0_1_1_0_1_0_1_0_0_0_0_0_0_1_1_0_0_0_1_1_0_1_1_1_0_1_0_1_1_1_1_0_1_0_1_1_1_0_0_0_1,1,6.6666666666666675e-6,9.428090415820634e-6,0.27380952380952384,160.0
1_0_1_0_0_1_1_1_1_0_1_1_1_1_1_0_1_1_1_1_0_1_0_0_1_1_1_1_1_0_0_0_0_0_0_0_0_0_0_0_1_1_1,1,6.6666666666666675e-6,9.428090415820634e-6,0.2619047619047619,210.0
1_1_1_0_0_1_1_1_1_0_1_1_0_0_0_0_1_1_1_1_1_1_0_1_1_0_1_1_1_1_1_1_1_1_0_1_1_1_1_0_0_0_0,1,6.6666666666666675e-6,9.428090415820634e-6,0.2619047619047619,185.0
1_1_1_0_0_0_1_1_1_0_1_1_0_1_0_0_0_1_1_1_0_1_1_0_0_1_1_0_1_0_0_0_0_1_0_0_0_0_0_0_1_1_1,1,6.6666666666666675e-6,9.428090415820634e-6,0.26785714285714285,200.0
0_0_0_1_1_1_1_0_1_0_0_0_0_1_0_1_0_0_1_1_0_1_1_0_0_0_0_0_0_0_0_0_0_1_1_0_0_0_0_1_1_1_1,1,3.3333333333333337e-6,4.714045207910317e-6,0.27380952380952384,80.0
1_1_1_0_0_1_1_1_1_0_1_1_0_0_0_0_1_1_1_1_1_0_0_1_1_0_1_1_1_1_1_1_1_1_0_1_1_1_1_0_0_0_0,1,3.3333333333333337e-6,4.714045207910317e-6,0.26785714285714285,140.0
1_1_1_0_0_0_1_1_1_0_1_1_0_0_0_0_1_1_0_0_1_1_0_1_1_1_1_1_1_1_1_1_1_1_0_1_1_1_1_0_0_0_1,1,3.3333333333333337e-6,4.714045207910317e-6,0.27380952380952384,150.0
1_1_1_0_0_1_1_1_0_1_1_1_0_1_0_0_1_1_1_1_0_0_0_0_1_0_0_1_1_0_0_0_0_1_0_1_0_0_0_1_1_1_0,1,3.3333333333333337e-6,4.714045207910317e-6,0.26785714285714285,190.0
0_0_0_1_1_0_0_0_0_1_0_0_1_1_1_1_0_0_1_1_0_0_1_0_0_0_0_0_0_0_0_0_0_0_1_0_0_0_0_1_1_1_0,1,3.3333333333333337e-6,4.714045207910317e-6,0.2619047619047619,130.0
1_1_1_0_1_0_1_0_1_0_0_1_0_0_0_0_1_0_0_0_1_1_0_1_1_0_0_1_1_1_1_1_1_1_1_1_1_1_1_1_0_0_0,1,3.3333333333333337e-6,4.714045207910317e-6,0.25,170.0
0_1_0_1_1_1_1_0_0_1_0_0_0_0_0_1_0_0_0_0_1_0_0_1_1_0_0_1_0_1_1_1_1_1_1_1_1_1_1_1_0_0_0,1,3.3333333333333337e-6,4.714045207910317e-6,0.27976190476190477,210.0
0_0_0_1_1_1_0_0_0_1_0_0_1_1_1_1_0_0_1_1_0_0_1_0_0_0_0_0_0_0_0_0_0_0_1_0_0_0_0_1_1_1_0,1,3.3333333333333337e-6,4.714045207910317e-6,0.27380952380952384,170.0
1_1_1_0_0_1_1_1_0_1_1_1_1_0_1_0_1_1_0_0_1_0_0_1_1_1_1_1_1_1_1_1_1_1_0_1_1_1_1_1_0_0_0,1,3.3333333333333337e-6,4.714045207910317e-6,0.26785714285714285,180.0
1_1_1_0_0_0_1_1_1_0_1_1_0_1_0_0_0_1_1_1_0_1_1_0_0_1_1_0_1_0_0_0_0_1_0_1_0_0_0_0_1_1_1,1,3.3333333333333337e-6,4.714045207910317e-6,0.27976190476190477,140.0
0_0_0_1_1_0_0_0_1_0_0_0_0_1_0_1_0_0_0_0_0_0_1_0_0_1_0_0_0_0_0_0_0_0_1_0_0_0_0_0_1_1_1,1,3.3333333333333337e-6,4.714045207910317e-6,0.2619047619047619,100.0
1_1_1_0_1_1_1_0_1_1_1_1_1_0_0_0_1_1_0_0_1_0_0_1_1_1_1_1_1_1_1_1_1_1_1_0_1_1_1_1_0_0_1,0,3.3333333333333337e-6,4.714045207910317e-6,0.16666666666666666,1001.0
0_0_0_1_1_1_0_0_0_1_0_0_1_1_1_1_1_0_1_1_0_0_1_0_0_0_0_0_0_0_0_0_0_0_1_0_0_0_0_1_1_1_0,1,3.3333333333333337e-6,4.714045207910317e-6,0.27380952380952384,70.0
1_1_1_0_0_1_1_1_0_1_1_1_1_0_1_0_0_1_0_0_1_0_0_1_1_1_1_1_1_1_1_1_1_0_0_1_1_1_1_0_0_0_0,1,3.3333333333333337e-6,4.714045207910317e-6,0.27976190476190477,120.0
1_1_1_0_0_1_1_1_0_1_1_1_0_0_0_0_1_1_1_1_1_0_0_1_1_0_0_1_1_1_1_1_1_1_0_1_1_1_1_1_0_0_0,1,3.3333333333333337e-6,4.714045207910317e-6,0.25595238095238093,190.0
0_0_0_1_1_0_0_0_1_0_0_0_0_0_0_1_1_0_1_1_1_1_0_1_1_0_0_1_0_1_1_1_1_1_1_0_1_1_1_1_0_0_1,1,3.3333333333333337e-6,4.714045207910317e-6,0.25595238095238093,90.0
0_0_0_1_1_0_1_0_1_0_0_0_0_1_0_1_0_0_1_1_0_0_1_0_0_1_0_0_0_0_0_0_0_0_1_0_0_0_0_0_1_1_1,1,3.3333333333333337e-6,4.714045207910317e-6,0.27380952380952384,310.0
1_1_1_0_0_1_0_1_0_1_1_1_1_1_1_0_1_1_1_1_0_0_1_0_0_1_1_0_1_0_0_0_0_0_0_1_0_0_0_0_1_1_0,1,3.3333333333333337e-6,4.714045207910317e-6,0.26785714285714285,210.0
1_0_1_0_0_0_1_1_1_0_1_1_1_0_1_0_1_1_1_1_1_1_0_1_1_1_1_1_1_1_1_1_1_0_0_1_1_1_1_0_0_0_1,1,3.3333333333333337e-6,4.714045207910317e-6,0.2619047619047619,60.0
0_0_0_1_1_0_0_0_0_1_0_0_1_1_1_1_1_0_1_1_0_1_1_0_0_1_1_0_0_0_0_0_0_1_1_0_0_0_0_1_1_1_1,1,3.3333333333333337e-6,4.714045207910317e-6,0.27976190476190477,90.0
0_1_0_1_1_0_0_0_0_1_0_0_0_1_0_1_0_0_1_1_0_0_1_0_0_0_0_0_0_0_0_0_0_1_1_1_0_0_0_1_1_1_0,1,3.3333333333333337e-6,4.714045207910317e-6,0.25595238095238093,150.0
1_1_1_0_0_1_1_1_1_0_1_1_0_0_0_0_0_1_0_0_1_1_0_1_1_0_0_1_1_1_1_1_1_1_0_1_1_1_1_0_0_0_1,1,3.3333333333333337e-6,4.714045207910317e-6,0.27976190476190477,150.0
1_1_1_0_0_1_1_1_0_1_1_1_0_1_0_0_1_1_1_1_0_1_1_0_0_0_0_0_1_0_0_0_0_1_0_1_0_0_0_1_1_1_0,1,3.3333333333333337e-6,4.714045207910317e-6,0.2619047619047619,170.0
0_0_0_1_1_1_1_0_1_0_0_0_0_1_0_1_1_0_1_1_0_1_0_0_1_0_0_1_0_0_0_0_0_1_1_1_0_0_0_1_1_1_1,1,3.3333333333333337e-6,4.714045207910317e-6,0.27380952380952384,230.0
0_1_0_1_1_1_0_0_0_1_0_0_0_1_0_1_0_0_1_1_0_0_1_0_0_0_0_0_0_0_0_0_0_1_1_0_0_0_0_1_1_1_0,1,3.3333333333333337e-6,4.714045207910317e-6,0.27976190476190477,280.0
1_1_1_1_1_1_1_0_0_1_1_1_0_0_1_0_1_1_1_1_1_0_0_1_1_1_1_1_1_1_1_1_1_0_1_1_1_1_1_1_0_0_1,0,3.3333333333333337e-6,4.714045207910317e-6,0.21428571428571427,1001.0
1_1_1_0_0_0_1_1_1_0_1_1_0_0_0_0_1_1_0_0_1_1_0_1_1_1_1_1_1_1_1_1_1_1_0_0_1_1_1_0_0_0_1,1,3.3333333333333337e-6,4.714045207910317e-6,0.2619047619047619,140.0
0_1_0_1_1_0_0_0_0_1_0_0_0_0_0_1_0_0_0_0_1_0_1_1_0_0_0_0_0_1_1_1_1_1_1_1_1_1_1_1_0_0_0,1,3.3333333333333337e-6,4.714045207910317e-6,0.2619047619047619,180.0
1_1_1_0_0_1_1_1_1_0_1_1_0_1_0_0_1_1_1_1_0_0_1_0_0_0_1_0_1_0_0_0_0_1_0_1_0_0_0_0_1_1_0,1,3.3333333333333337e-6,4.714045207910317e-6,0.2916666666666667,240.0
0_0_0_1_1_0_1_0_1_0_0_0_0_1_0_1_0_0_1_1_0_1_1_0_0_1_0_0_0_0_0_0_0_0_1_0_0_0_0_0_1_1_1,1,3.3333333333333337e-6,4.714045207910317e-6,0.27976190476190477,130.0
1_1_1_0_0_1_0_1_0_1_1_1_1_1_1_0_1_1_1_1_0_0_1_0_0_0_1_0_1_0_0_0_0_1_0_1_0_0_0_1_1_1_0,1,3.3333333333333337e-6,4.714045207910317e-6,0.27380952380952384,240.0
1_1_1_0_0_1_1_1_1_0_1_1_0_1_0_0_1_1_1_1_0_0_0_0_1_0_0_1_1_0_0_0_0_0_0_1_0_0_0_0_1_1_0,1,3.3333333333333337e-6,4.714045207910317e-6,0.2857142857142857,230.0
0_0_0_1_1_0_1_0_1_0_0_0_0_0_0_1_1_0_0_0_1_1_0_1_1_0_0_1_0_1_1_1_1_1_1_0_1_1_1_1_0_0_1,1,3.3333333333333337e-6,4.714045207910317e-6,0.26785714285714285,190.0
1_1_1_0_0_1_0_1_0_1_1_1_1_0_1_0_0_1_0_0_1_0_0_1_1_1_1_1_1_1_1_1_1_0_0_1_1_1_1_0_0_0_0,1,3.3333333333333337e-6,4.714045207910317e-6,0.27380952380952384,180.0
0_0_0_1_1_0_0_0_1_0_0_0_1_1_1_1_1_0_1_1_0_0_1_0_0_1_1_0_0_0_0_0_0_0_1_0_0_0_0_0_1_1_1,1,3.3333333333333337e-6,4.714045207910317e-6,0.26785714285714285,110.0
1_1_1_0_0_1_1_1_0_1_1_1_0_0_0_0_0_1_0_0_1_1_1_1_0_0_0_0_1_1_1_1_1_1_0_1_1_1_1_1_0_0_0,1,3.3333333333333337e-6,4.714045207910317e-6,0.26785714285714285,130.0
0_0_0_1_1_0_0_0_1_0_0_0_1_0_1_1_0_0_0_0_1_0_1_1_0_1_1_0_0_1_1_1_1_0_1_0_1_1_1_0_0_0_1,1,3.3333333333333337e-6,4.714045207910317e-6,0.2619047619047619,150.0
1_1_1_0_0_1_1_1_0_1_1_1_1_1_1_0_0_1_1_1_0_0_1_0_0_1_1_0_1_0_0_0_0_1_0_1_0_0_0_1_1_1_0,1,3.3333333333333337e-6,4.714045207910317e-6,0.2619047619047619,150.0
0_1_0_1_0_0_1_1_1_0_0_0_0_1_0_0_0_0_1_1_0_0_1_0_0_0_0_0_0_0_0_0_0_1_0_1_0_0_0_1_1_1_0,1,3.3333333333333337e-6,4.714045207910317e-6,0.24404761904761904,120.0
0_1_0_1_1_0_0_0_0_1_0_0_0_0_0_1_1_0_1_1_1_0_0_1_1_1_0_1_0_1_1_1_1_0_1_0_1_1_1_1_0_0_0,1,3.3333333333333337e-6,4.714045207910317e-6,0.26785714285714285,180.0
0_0_0_1_1_0_0_0_0_1_0_0_1_1_1_1_1_0_1_1_0_0_1_0_0_1_1_0_0_0_0_0_0_0_1_0_0_0_0_1_1_1_1,1,3.3333333333333337e-6,4.714045207910317e-6,0.26785714285714285,280.0
1_0_1_0_0_0_1_1_1_0_1_1_1_1_1_0_0_1_0_0_0_1_1_0_0_1_1_0_1_0_0_0_0_0_0_1_0_0_0_0_1_1_1,1,3.3333333333333337e-6,4.714045207910317e-6,0.26785714285714285,100.0
1_0_1_0_0_0_1_1_1_0_1_1_1_0_1_0_0_1_0_0_1_1_0_1_1_1_1_1_1_1_1_1_1_0_0_0_1_1_1_0_0_0_1,1,3.3333333333333337e-6,4.714045207910317e-6,0.26785714285714285,130.0
0_1_0_1_1_0_0_0_0_1_0_0_0_1_0_1_0_0_1_1_0_0_1_0_0_0_0_0_0_0_0_0_0_1_1_0_0_0_0_1_1_1_0,1,3.3333333333333337e-6,4.714045207910317e-6,0.26785714285714285,210.0
0_0_0_0_0_0_0_1_0_0_0_0_0_0_1_1_1_0_1_1_1_1_0_1_1_0_0_1_0_1_1_1_1_0_0_1_1_1_1_0_0_0_0,0,3.3333333333333337e-6,4.714045207910317e-6,0.13690476190476192,1001.0
0_1_0_1_1_0_0_0_0_1_0_0_0_0_0_1_0_0_0_0_1_0_0_1_1_1_0_1_0_1_1_1_1_0_1_0_1_1_1_1_0_0_0,1,3.3333333333333337e-6,4.714045207910317e-6,0.2857142857142857,130.0
0_0_0_1_1_0_1_0_1_0_0_0_1_0_1_1_0_0_0_0_1_1_0_1_1_1_1_1_0_1_1_1_1_0_1_0_1_1_1_0_0_0_1,1,3.3333333333333337e-6,4.714045207910317e-6,0.2619047619047619,190.0
0_0_0_1_1_0_1_0_1_0_0_0_0_1_0_1_1_0_1_1_0_1_1_0_0_0_0_0_0_0_0_0_0_1_1_0_0_0_0_1_1_1_1,1,3.3333333333333337e-6,4.714045207910317e-6,0.27380952380952384,170.0
1_1_1_0_0_1_1_1_1_0_1_1_0_1_0_0_0_1_0_0_0_1_1_0_0_0_1_0_1_0_0_0_0_1_0_1_0_0_0_0_1_1_1,1,3.3333333333333337e-6,4.714045207910317e-6,0.27976190476190477,160.0
0_0_0_1_1_1_1_0_1_0_0_0_0_1_0_1_1_0_1_1_0_1_1_0_0_0_0_0_0_0_0_0_0_1_1_0_0_0_0_1_1_1_1,1,3.3333333333333337e-6,4.714045207910317e-6,0.27380952380952384,100.0
0_0_0_1_1_0_0_0_0_1_0_0_1_1_1_1_1_0_1_1_0_0_1_0_0_1_0_0_0_0_0_0_0_0_1_0_0_0_0_1_1_1_1,1,3.3333333333333337e-6,4.714045207910317e-6,0.27976190476190477,360.0
1_1_1_0_0_1_1_1_0_1_1_1_1_0_1_0_0_1_0_0_1_1_0_1_1_0_1_1_1_1_1_1_1_1_0_1_1_1_1_1_0_0_0,1,3.3333333333333337e-6,4.714045207910317e-6,0.27976190476190477,220.0
0_0_0_1_1_1_1_0_1_0_0_0_0_0_0_1_0_0_0_0_1_1_0_1_1_0_0_1_0_1_1_1_1_1_1_0_1_1_1_1_0_0_1,1,3.3333333333333337e-6,4.714045207910317e-6,0.26785714285714285,190.0
0_0_0_1_1_0_1_0_1_0_0_0_1_1_1_1_1_0_1_1_0_0_1_0_0_1_1_0_0_0_0_0_0_0_1_0_0_0_0_0_1_1_1,1,3.3333333333333337e-6,4.714045207910317e-6,0.2619047619047619,140.0
0_0_0_1_0_0_0_1_0_0_0_0_0_0_0_1_0_0_0_0_1_0_0_1_1_0_0_1_0_1_1_1_1_1_0_1_1_1_1_1_0_0_0,0,3.3333333333333337e-6,4.714045207910317e-6,0.20238095238095238,1001.0
1_1_1_1_1_1_1_0_1_1_1_1_1_0_1_0_1_1_1_1_1_0_0_1_1_1_1_1_1_1_1_1_1_1_1_0_1_1_1_1_0_0_1,0,3.3333333333333337e-6,4.714045207910317e-6,0.14285714285714285,1001.0
1_1_1_0_0_1_1_1_1_0_1_1_0_1_0_0_1_1_1_1_0_1_1_0_0_0_0_0_1_0_0_0_0_1_0_1_0_0_0_0_1_1_1,1,3.3333333333333337e-6,4.714045207910317e-6,0.2857142857142857,130.0
0_0_0_1_1_0_1_0_1_0_0_0_0_0_0_1_0_0_0_0_1_1_1_1_0_0_0_0_0_1_1_1_1_1_1_0_1_1_1_1_0_0_1,1,3.3333333333333337e-6,4.714045207910317e-6,0.26785714285714285,90.0
0_0_0_0_0_0_0_1_0_0_0_1_0_0_1_1_1_0_1_1_1_0_0_1_1_0_0_1_0_1_1_1_1_0_0_1_1_1_1_0_0_0_0,0,3.3333333333333337e-6,4.714045207910317e-6,0.20833333333333334,1001.0
1_1_1_0_0_1_0_1_0_1_1_1_0_1_0_0_0_1_1_1_0_0_1_0_0_0_0_0_1_0_0_0_0_1_0_1_0_0_0_1_1_1_0,1,3.3333333333333337e-6,4.714045207910317e-6,0.2619047619047619,160.0
1_1_1_0_0_1_1_1_1_0_1_1_1_0_1_0_1_1_1_1_1_0_0_1_1_0_1_1_1_1_1_1_1_0_0_1_1_1_1_0_0_0_0,1,3.3333333333333337e-6,4.714045207910317e-6,0.2619047619047619,150.0
1_1_1_0_0_0_0_1_1_0_1_1_0_1_0_0_1_1_1_1_0_1_1_0_0_1_1_0_1_0_0_0_0_1_0_0_0_0_0_0_1_1_1,1,3.3333333333333337e-6,4.714045207910317e-6,0.27380952380952384,180.0
0_0_0_1_1_1_0_0_0_1_0_0_1_1_1_1_1_0_1_1_0_0_0_0_1_0_0_1_0_0_0_0_0_0_1_0_0_0_0_1_1_1_0,1,3.3333333333333337e-6,4.714045207910317e-6,0.27380952380952384,220.0
1_0_1_0_0_1_1_1_1_0_1_1_0_1_0_0_1_1_1_1_0_1_0_0_1_0_0_1_1_0_0_0_0_1_0_1_0_0_0_0_1_1_1,1,3.3333333333333337e-6,4.714045207910317e-6,0.2857142857142857,130.0
1_1_1_0_1_0_1_0_1_0_0_1_0_0_0_0_0_0_0_0_1_1_1_1_0_0_0_0_1_1_1_1_1_1_1_1_1_1_1_1_0_0_0,1,3.3333333333333337e-6,4.714045207910317e-6,0.25,220.0
0_0_0_1_1_0_1_0_1_0_0_0_0_1_0_1_0_0_0_0_0_1_1_0_0_1_0_0_0_0_0_0_0_0_1_0_0_0_0_0_1_1_1,1,3.3333333333333337e-6,4.714045207910317e-6,0.2619047619047619,120.0
0_0_0_1_1_0_0_0_1_0_0_0_1_0_1_1_0_0_0_0_1_1_1_1_0_1_1_0_0_1_1_1_1_0_1_0_1_1_1_0_0_0_1,1,3.3333333333333337e-6,4.714045207910317e-6,0.26785714285714285,170.0
1_0_1_1_0_0_0_1_0_0_0_0_1_1_1_1_0_0_0_0_0_0_1_0_0_0_0_0_1_0_0_0_0_0_0_1_0_0_0_1_1_1_0,0,3.3333333333333337e-6,4.714045207910317e-6,0.14285714285714285,1001.0
0_0_0_1_1_0_0_0_0_1_0_0_0_1_0_1_0_0_1_1_0_1_1_0_0_1_0_0_0_0_0_0_0_1_1_0_0_0_0_1_1_1_1,1,3.3333333333333337e-6,4.714045207910317e-6,0.27976190476190477,110.0
0_1_0_1_1_0_0_0_0_1_0_0_1_1_1_1_0_0_0_0_0_0_1_0_0_1_1_0_0_0_0_0_0_0_1_0_0_0_0_1_1_1_0,1,3.3333333333333337e-6,4.714045207910317e-6,0.2619047619047619,150.0
0_0_0_1_0_1_0_1_0_1_1_0_1_1_1_1_1_1_1_1_0_0_0_0_1_1_1_1_0_0_0_0_0_0_0_0_0_0_0_0_1_1_1,1,3.3333333333333337e-6,4.714045207910317e-6,0.25,230.0
0_0_0_0_1_1_1_0_1_1_1_0_1_1_1_1_0_1_0_0_0_0_1_0_0_1_1_0_1_0_0_0_0_0_0_0_0_0_0_0_1_1_1,0,3.3333333333333337e-6,4.714045207910317e-6,0.22023809523809523,1001.0
0_0_0_1_1_0_0_0_1_0_0_0_0_0_0_1_1_0_0_0_1_1_0_1_1_0_0_1_0_1_1_1_1_0_1_0_1_1_1_0_0_0_1,1,3.3333333333333337e-6,4.714045207910317e-6,0.2619047619047619,150.0
1_0_1_0_0_0_0_1_0_1_1_0_1_1_1_1_0_0_0_0_0_0_1_0_0_0_0_0_1_0_0_0_0_0_0_1_0_0_0_0_1_1_0,0,3.3333333333333337e-6,4.714045207910317e-6,0.14285714285714285,1001.0
1_0_1_0_0_1_1_1_1_0_1_1_1_1_1_0_1_1_1_1_0_1_1_0_0_1_1_0_1_0_0_0_0_0_0_0_0_0_0_0_1_1_1,1,3.3333333333333337e-6,4.714045207910317e-6,0.2619047619047619,180.0
0_1_0_1_0_0_0_1_1_0_0_0_0_0_0_0_0_0_0_0_1_0_0_1_1_0_0_1_0_1_1_1_1_1_0_0_1_1_1_1_0_0_0,1,3.3333333333333337e-6,4.714045207910317e-6,0.24404761904761904,140.0
1_1_1_0_1_0_1_0_1_0_0_1_0_1_0_0_1_0_1_1_0_1_1_0_0_0_0_0_1_0_0_0_0_1_1_1_0_0_0_1_1_1_0,1,3.3333333333333337e-6,4.714045207910317e-6,0.25595238095238093,180.0
1_1_1_0_0_1_1_1_1_0_1_1_0_0_0_0_1_1_0_0_1_0_0_1_1_0_1_1_1_1_1_1_1_1_0_1_1_1_1_0_0_0_0,1,3.3333333333333337e-6,4.714045207910317e-6,0.2857142857142857,150.0
1_1_1_0_0_1_0_1_0_1_1_1_1_0_1_0_0_1_0_0_1_0_0_1_1_1_1_1_1_1_1_1_1_0_0_0_1_1_1_0_0_0_0,1,3.3333333333333337e-6,4.714045207910317e-6,0.27380952380952384,180.0
0_0_0_1_1_0_0_0_0_1_0_0_1_0_1_1_0_0_0_0_1_0_1_1_0_1_0_0_0_1_1_1_1_0_1_0_1_1_1_1_0_0_0,1,3.3333333333333337e-6,4.714045207910317e-6,0.2976190476190476,260.0
1_1_1_0_0_1_0_1_0_1_1_1_1_1_1_0_1_1_1_1_0_0_0_0_1_0_1_1_1_0_0_0_0_1_0_1_0_0_0_1_1_1_0,1,3.3333333333333337e-6,4.714045207910317e-6,0.27380952380952384,200.0
0_0_0_1_1_0_0_0_0_1_0_0_1_0_1_1_0_0_0_0_1_0_0_1_1_1_1_1_0_1_1_1_1_0_1_0_1_1_1_1_0_0_0,1,3.3333333333333337e-6,4.714045207910317e-6,0.2857142857142857,200.0
0_0_0_1_1_0_0_0_1_0_0_0_0_0_0_1_0_0_0_0_1_0_1_1_0_0_0_0_0_1_1_1_1_0_1_0_1_1_1_0_0_0_1,1,3.3333333333333337e-6,4.714045207910317e-6,0.25595238095238093,260.0
1_0_1_0_0_1_1_1_1_0_1_1_1_0_1_0_1_1_1_1_1_1_0_1_1_0_1_1_1_1_1_1_1_1_0_1_1_1_1_0_0_0_1,1,3.3333333333333337e-6,4.714045207910317e-6,0.2619047619047619,80.0
1_1_1_0_0_0_0_1_1_0_1_1_0_0_0_0_0_1_0_0_1_1_0_1_1_1_1_1_1_1_1_1_1_1_0_0_1_1_1_0_0_0_1,1,3.3333333333333337e-6,4.714045207910317e-6,0.26785714285714285,420.0
0_1_0_1_1_0_0_0_0_1_0_0_1_0_1_1_1_0_0_0_1_0_0_1_1_1_1_1_0_1_1_1_1_0_1_0_1_1_1_1_0_0_0,1,3.3333333333333337e-6,4.714045207910317e-6,0.2857142857142857,120.0
1_1_1_0_0_1_1_1_0_1_1_1_1_1_1_0_1_1_1_1_0_1_1_0_0_0_1_0_1_0_0_0_0_1_0_1_0_0_0_1_1_1_0,1,3.3333333333333337e-6,4.714045207910317e-6,0.27380952380952384,110.0
0_0_0_1_1_0_0_0_1_0_0_0_1_1_1_1_1_0_1_1_0_1_0_0_1_1_1_1_0_0_0_0_0_0_1_0_0_0_0_0_1_1_1,1,3.3333333333333337e-6,4.714045207910317e-6,0.27380952380952384,230.0
0_0_0_1_1_0_0_0_1_0_0_0_0_0_0_1_0_0_0_0_1_1_0_1_1_0_0_1_0_1_1_1_1_0_1_0_1_1_1_0_0_0_1,1,3.3333333333333337e-6,4.714045207910317e-6,0.2619047619047619,180.0
1_1_1_0_0_1_1_1_1_0_1_1_0_0_0_0_0_1_0_0_1_1_1_1_0_0_1_0_1_1_1_1_1_1_0_1_1_1_1_0_0_0_0,1,3.3333333333333337e-6,4.714045207910317e-6,0.27976190476190477,200.0
0_1_0_1_1_1_1_0_0_1_0_0_0_0_0_1_0_0_0_0_1_0_1_1_0_0_0_0_0_1_1_1_1_1_1_1_1_1_1_1_0_0_0,1,3.3333333333333337e-6,4.714045207910317e-6,0.27976190476190477,260.0
0_0_0_1_1_0_0_0_0_1_0_0_1_1_1_1_1_0_1_1_0_1_0_0_1_1_1_1_0_0_0_0_0_1_1_0_0_0_0_1_1_1_1,1,3.3333333333333337e-6,4.714045207910317e-6,0.27976190476190477,150.0
1_1_1_0_0_1_1_1_0_1_1_1_1_0_1_0_0_1_0_0_1_1_1_1_0_0_1_0_1_1_1_1_1_1_0_1_1_1_1_1_0_0_0,1,3.3333333333333337e-6,4.714045207910317e-6,0.27976190476190477,230.0
1_1_1_0_0_1_0_1_0_1_1_1_1_1_1_0_0_1_1_1_0_1_1_0_0_0_1_0_1_0_0_0_0_1_0_1_0_0_0_1_1_1_0,1,3.3333333333333337e-6,4.714045207910317e-6,0.26785714285714285,180.0
1_1_1_0_0_1_1_1_1_0_1_1_0_1_0_0_0_1_1_1_0_1_1_0_0_1_1_0_1_0_0_0_0_1_0_1_0_0_0_0_1_1_1,1,3.3333333333333337e-6,4.714045207910317e-6,0.26785714285714285,100.0
0_0_0_1_1_0_0_0_0_1_0_0_1_0_1_1_0_0_0_0_1_1_1_1_0_1_1_0_0_1_1_1_1_0_1_0_1_1_1_1_0_0_1,1,3.3333333333333337e-6,4.714045207910317e-6,0.27976190476190477,140.0
0_0_0_1_1_0_0_0_0_1_0_0_0_0_0_1_1_0_1_1_1_1_0_1_1_1_0_1_0_1_1_1_1_1_1_0_1_1_1_1_0_0_1,1,3.3333333333333337e-6,4.714045207910317e-6,0.26785714285714285,250.0
1_0_0_1_1_1_1_0_1_1_1_0_1_1_1_1_0_1_0_0_0_0_1_0_0_1_1_0_1_0_0_0_0_0_1_0_0_0_0_0_1_1_1,0,3.3333333333333337e-6,4.714045207910317e-6,0.19642857142857142,1001.0
1_1_1_0_0_0_0_1_0_1_1_1_1_1_1_0_1_1_1_1_0_0_1_0_0_1_1_0_1_0_0_0_0_0_0_0_0_0_0_0_1_1_0,1,3.3333333333333337e-6,4.714045207910317e-6,0.26785714285714285,200.0
1_0_1_0_0_1_1_1_1_0_1_1_1_1_1_0_1_1_1_1_0_1_0_0_1_1_1_1_1_0_0_0_0_0_0_1_0_0_0_0_1_1_1,1,3.3333333333333337e-6,4.714045207910317e-6,0.27380952380952384,290.0
1_1_1_0_0_1_0_1_0_1_1_1_1_1_1_0_1_1_1_1_0_1_1_0_0_0_1_0_1_0_0_0_0_1_0_1_0_0_0_1_1_1_0,1,3.3333333333333337e-6,4.714045207910317e-6,0.26785714285714285,180.0
0_0_0_1_1_0_0_0_0_1_0_0_1_1_1_1_1_0_1_1_0_0_0_0_1_1_0_1_0_0_0_0_0_0_1_0_0_0_0_1_1_1_0,1,3.3333333333333337e-6,4.714045207910317e-6,0.2916666666666667,150.0
0_0_0_1_1_0_0_0_1_0_0_0_1_0_1_1_1_0_0_0_1_0_0_1_1_1_1_1_0_1_1_1_1_0_1_0_1_1_1_0_0_0_1,1,3.3333333333333337e-6,4.714045207910317e-6,0.2619047619047619,160.0
0_1_0_1_1_0_0_0_0_1_0_0_1_1_1_1_1_0_1_1_0_0_0_0_1_1_1_1_0_0_0_0_0_0_1_0_0_0_0_1_1_1_0,1,3.3333333333333337e-6,4.714045207910317e-6,0.27976190476190477,70.0
1_0_1_0_1_1_1_0_0_1_1_1_1_1_1_1_0_1_1_1_0_1_1_0_0_1_1_0_1_0_0_0_0_0_1_1_0_0_0_0_1_1_1,1,3.3333333333333337e-6,4.714045207910317e-6,0.24404761904761904,270.0
1_0_1_0_0_1_1_1_1_0_1_1_1_0_1_0_1_1_1_1_1_1_0_1_1_1_1_1_1_1_1_1_1_0_0_1_1_1_1_0_0_0_1,1,3.3333333333333337e-6,4.714045207910317e-6,0.25,240.0
1_1_1_0_0_1_1_1_0_1_1_1_1_1_1_0_0_1_0_0_0_0_1_0_0_0_1_0_1_0_0_0_0_1_0_1_0_0_0_1_1_1_0,1,3.3333333333333337e-6,4.714045207910317e-6,0.2619047619047619,170.0
0_0_0_1_1_0_0_0_1_0_0_0_0_1_0_1_1_0_1_1_0_1_1_0_0_0_0_0_0_0_0_0_0_0_1_0_0_0_0_0_1_1_1,1,3.3333333333333337e-6,4.714045207910317e-6,0.26785714285714285,150.0
0_0_0_1_1_0_0_0_1_0_0_0_0_0_0_1_1_0_0_0_1_0_0_1_1_1_0_1_0_1_1_1_1_0_1_0_1_1_1_0_0_0_1,1,3.3333333333333337e-6,4.714045207910317e-6,0.27380952380952384,110.0
1_1_1_0_0_1_1_1_1_0_1_1_0_1_0_0_1_1_1_1_0_1_0_0_1_0_0_1_1_0_0_0_0_1_0_1_0_0_0_0_1_1_0,1,3.3333333333333337e-6,4.714045207910317e-6,0.27380952380952384,160.0
0_0_0_1_1_0_0_0_1_0_0_0_1_1_1_1_1_0_1_1_0_1_1_0_0_1_1_0_0_0_0_0_0_0_1_0_0_0_0_0_1_1_1,1,3.3333333333333337e-6,4.714045207910317e-6,0.27380952380952384,210.0
1_1_1_1_1_1_1_0_1_1_1_1_1_0_1_0_1_1_1_1_1_0_0_1_1_1_1_1_1_1_1_1_1_0_1_0_1_1_1_1_0_0_1,0,3.3333333333333337e-6,4.714045207910317e-6,0.16071428571428573,1001.0
0_1_0_1_1_0_0_0_0_1_0_0_0_0_0_1_1_0_0_0_1_0_0_1_1_1_0_1_0_1_1_1_1_0_1_0_1_1_1_1_0_0_0,1,3.3333333333333337e-6,4.714045207910317e-6,0.2857142857142857,340.0
1_1_1_0_0_1_0_1_0_1_1_1_1_0_1_0_0_1_0_0_1_0_1_1_0_1_1_0_1_1_1_1_1_0_0_1_1_1_1_0_0_0_0,1,3.3333333333333337e-6,4.714045207910317e-6,0.27380952380952384,240.0
1_1_1_0_0_0_0_1_0_1_1_1_1_0_1_0_0_1_0_0_1_0_1_1_0_1_1_0_1_1_1_1_1_0_0_0_1_1_1_0_0_0_0,1,3.3333333333333337e-6,4.714045207910317e-6,0.27380952380952384,110.0
1_1_1_0_0_1_1_1_1_0_1_1_0_0_0_0_0_1_0_0_1_0_1_1_0_0_1_0_1_1_1_1_1_1_0_1_1_1_1_0_0_0_0,1,3.3333333333333337e-6,4.714045207910317e-6,0.2857142857142857,170.0
0_0_0_1_1_0_0_0_1_0_0_0_1_0_1_1_1_0_1_1_1_1_0_1_1_1_1_1_0_1_1_1_1_0_1_0_1_1_1_0_0_0_1,1,3.3333333333333337e-6,4.714045207910317e-6,0.25,130.0
1_0_1_0_0_1_1_1_1_0_1_1_1_1_1_0_0_1_1_1_0_1_1_0_0_1_1_0_1_0_0_0_0_0_0_0_0_0_0_0_1_1_1,1,3.3333333333333337e-6,4.714045207910317e-6,0.2619047619047619,170.0
1_1_1_0_0_0_0_1_0_0_0_1_0_0_0_0_1_0_1_1_1_1_0_1_1_0_0_1_0_1_1_1_1_1_0_1_1_1_1_1_0_0_0,0,3.3333333333333337e-6,4.714045207910317e-6,0.19642857142857142,1001.0
0_1_0_1_1_0_0_0_0_1_0_0_0_1_0_1_1_0_1_1_0_0_1_0_0_0_0_0_0_0_0_0_0_1_1_1_0_0_0_1_1_1_0,1,3.3333333333333337e-6,4.714045207910317e-6,0.25595238095238093,140.0
1_1_1_0_0_1_1_1_1_0_1_1_0_1_0_0_0_1_1_1_0_0_1_0_0_0_1_0_1_0_0_0_0_1_0_1_0_0_0_0_1_1_0,1,3.3333333333333337e-6,4.714045207910317e-6,0.2916666666666667,150.0
1_1_1_0_0_1_0_1_0_1_1_1_1_0_1_0_0_1_0_0_1_0_0_1_1_0_1_1_1_1_1_1_1_1_0_1_1_1_1_1_0_0_0,1,3.3333333333333337e-6,4.714045207910317e-6,0.27976190476190477,410.0
1_0_1_0_0_1_1_1_1_0_1_1_1_0_1_0_0_1_0_0_1_1_1_1_0_0_1_0_1_1_1_1_1_1_0_1_1_1_1_0_0_0_1,1,3.3333333333333337e-6,4.714045207910317e-6,0.27976190476190477,120.0
1_1_1_0_1_1_1_0_1_1_1_1_0_0_0_0_1_1_1_1_1_0_0_1_1_1_1_1_1_1_1_1_1_1_0_0_1_1_1_1_0_0_0,0,3.3333333333333337e-6,4.714045207910317e-6,0.13095238095238096,1001.0
1_1_1_0_0_1_1_1_1_0_1_1_0_0_0_0_0_1_0_0_1_0_1_1_0_0_0_0_1_1_1_1_1_1_0_1_1_1_1_0_0_0_0,1,3.3333333333333337e-6,4.714045207910317e-6,0.27380952380952384,220.0
0_1_0_1_1_0_0_0_0_1_0_0_0_1_0_1_0_0_0_0_0_0_1_0_0_0_0_0_0_0_0_0_0_1_1_1_0_0_0_1_1_1_0,1,3.3333333333333337e-6,4.714045207910317e-6,0.23809523809523808,140.0
0_1_0_1_0_1_1_1_1_0_0_0_0_1_0_0_0_0_1_1_0_0_1_0_0_0_0_0_0_0_0_0_0_1_0_1_0_0_0_1_1_1_0,1,3.3333333333333337e-6,4.714045207910317e-6,0.24404761904761904,130.0
0_0_0_1_1_0_1_0_1_0_0_0_0_0_0_1_0_0_0_0_1_1_1_1_0_0_0_0_0_1_1_1_1_1_1_1_1_1_1_1_0_0_1,1,3.3333333333333337e-6,4.714045207910317e-6,0.26785714285714285,110.0
0_1_0_1_1_1_1_0_0_1_0_0_0_1_0_1_0_0_0_0_0_0_1_0_0_0_0_0_0_0_0_0_0_1_1_1_0_0_0_1_1_1_0,1,3.3333333333333337e-6,4.714045207910317e-6,0.25595238095238093,190.0
1_1_1_0_0_0_0_1_0_1_1_1_1_1_1_0_1_1_1_1_0_0_0_0_1_1_1_1_1_0_0_0_0_0_0_1_0_0_0_0_1_1_0,1,3.3333333333333337e-6,4.714045207910317e-6,0.26785714285714285,120.0
0_1_0_1_1_0_0_0_0_1_0_0_0_0_0_1_0_0_0_0_1_0_1_1_0_1_0_0_0_1_1_1_1_0_1_0_1_1_1_1_0_0_0,1,3.3333333333333337e-6,4.714045207910317e-6,0.2857142857142857,160.0
0_1_0_1_0_0_1_1_1_0_0_0_0_1_0_0_0_0_1_1_0_0_1_0_0_0_0_0_0_0_0_0_0_1_0_0_0_0_0_1_1_1_0,1,3.3333333333333337e-6,4.714045207910317e-6,0.24404761904761904,80.0
0_0_0_1_1_1_1_0_1_0_0_0_0_0_0_1_0_0_0_0_1_1_0_1_1_0_0_1_0_1_1_1_1_1_1_1_1_1_1_1_0_0_1,1,3.3333333333333337e-6,4.714045207910317e-6,0.26785714285714285,130.0
0_1_0_1_1_1_1_0_0_1_0_0_0_1_0_1_1_0_1_1_0_0_0_0_1_0_0_1_0_0_0_0_0_1_1_1_0_0_0_1_1_1_0,1,3.3333333333333337e-6,4.714045207910317e-6,0.27380952380952384,140.0
0_0_0_1_1_1_1_0_1_0_0_0_0_0_0_1_0_0_0_0_1_1_1_1_0_0_0_0_0_1_1_1_1_1_1_1_1_1_1_1_0_0_1,1,3.3333333333333337e-6,4.714045207910317e-6,0.26785714285714285,160.0
1_0_1_0_0_0_1_1_1_0_1_1_1_0_1_0_1_1_0_0_1_1_0_1_1_1_1_1_1_1_1_1_1_0_0_1_1_1_1_0_0_0_1,1,3.3333333333333337e-6,4.714045207910317e-6,0.27976190476190477,170.0
0_0_0_1_1_0_1_0_1_0_0_0_1_0_1_1_0_0_0_0_1_1_1_1_0_1_1_0_0_1_1_1_1_0_1_0_1_1_1_0_0_0_1,1,3.3333333333333337e-6,4.714045207910317e-6,0.2619047619047619,170.0
0_0_0_1_1_0_1_0_1_0_0_0_1_1_1_1_1_0_1_1_0_0_0_0_1_1_1_1_0_0_0_0_0_0_1_0_0_0_0_0_1_1_1,1,3.3333333333333337e-6,4.714045207910317e-6,0.2619047619047619,210.0
1_1_1_0_0_1_1_1_0_1_1_1_1_1_1_0_1_1_1_1_0_0_0_0_1_1_1_1_1_0_0_0_0_0_0_1_0_0_0_0_1_1_0,1,3.3333333333333337e-6,4.714045207910317e-6,0.27380952380952384,210.0
0_0_0_0_0_0_0_1_1_0_0_0_0_0_0_1_1_0_1_1_1_1_0_1_1_0_0_1_0_1_1_1_1_0_0_0_1_1_1_0_0_0_0,0,3.3333333333333337e-6,4.714045207910317e-6,0.20238095238095238,1001.0
0_0_0_1_1_0_0_0_0_1_0_0_1_0_1_1_1_0_1_1_1_1_0_1_1_1_1_1_0_1_1_1_1_1_1_0_1_1_1_1_0_0_1,1,3.3333333333333337e-6,4.714045207910317e-6,0.26785714285714285,340.0
0_0_0_1_1_1_1_0_0_1_0_0_1_0_1_1_1_0_0_0_1_0_0_1_1_0_0_1_0_1_1_1_1_0_1_1_1_1_1_1_0_0_0,1,3.3333333333333337e-6,4.714045207910317e-6,0.27380952380952384,290.0
0_0_0_1_1_0_0_0_0_1_0_0_1_1_1_1_1_0_1_1_0_1_1_0_0_1_1_0_0_0_0_0_0_0_1_0_0_0_0_1_1_1_1,1,3.3333333333333337e-6,4.714045207910317e-6,0.27380952380952384,180.0
0_0_0_1_1_0_1_0_1_0_0_0_0_0_0_1_1_0_1_1_1_1_0_1_1_1_0_1_0_1_1_1_1_0_1_0_1_1_1_0_0_0_1,1,3.3333333333333337e-6,4.714045207910317e-6,0.25595238095238093,120.0
0_0_0_1_1_0_0_0_0_1_0_0_0_1_0_1_1_0_1_1_0_1_1_0_0_1_0_0_0_0_0_0_0_1_1_0_0_0_0_1_1_1_1,1,3.3333333333333337e-6,4.714045207910317e-6,0.27976190476190477,90.0
0_0_0_0_0_0_0_1_1_0_0_0_0_1_1_1_0_0_0_0_0_0_1_0_0_0_0_0_0_0_0_0_0_0_0_0_0_0_0_0_1_1_0,0,3.3333333333333337e-6,4.714045207910317e-6,0.21428571428571427,1001.0
1_1_1_0_0_1_1_1_0_1_1_1_1_0_1_0_0_1_0_0_1_0_1_1_0_1_1_0_1_1_1_1_1_0_0_1_1_1_1_0_0_0_0,1,3.3333333333333337e-6,4.714045207910317e-6,0.27976190476190477,130.0
1_1_1_1_1_1_1_0_1_1_1_1_1_0_0_0_0_1_0_0_1_0_1_1_0_1_1_0_1_1_1_1_1_1_1_0_1_1_1_1_0_0_1,0,3.3333333333333337e-6,4.714045207910317e-6,0.16071428571428573,1001.0
1_1_1_0_0_0_1_1_1_0_1_1_0_0_0_0_0_1_0_0_1_1_0_1_1_1_1_1_1_1_1_1_1_1_0_1_1_1_1_0_0_0_1,1,3.3333333333333337e-6,4.714045207910317e-6,0.27380952380952384,60.0
1_1_1_1_1_1_1_0_1_1_1_1_1_1_1_0_1_1_1_1_0_0_1_0_0_1_1_0_1_0_0_0_0_0_1_0_0_0_0_1_1_1_1,0,3.3333333333333337e-6,4.714045207910317e-6,0.17261904761904762,1001.0
1_1_1_1_1_1_1_0_0_1_1_1_1_0_1_0_1_1_1_1_1_0_0_1_1_1_1_1_1_1_1_1_1_1_1_1_1_1_1_1_0_0_1,0,3.3333333333333337e-6,4.714045207910317e-6,0.20833333333333334,1001.0
0_0_0_0_0_0_0_1_0_0_0_0_0_0_0_1_0_0_0_0_1_1_1_1_0_0_0_0_0_1_1_1_1_0_0_1_1_1_1_0_0_0_0,0,3.3333333333333337e-6,4.714045207910317e-6,0.15476190476190477,1001.0
1_1_1_0_0_1_1_1_1_0_1_1_0_1_0_0_1_1_1_1_0_1_0_0_1_0_0_1_1_0_0_0_0_1_0_1_0_0_0_0_1_1_1,1,3.3333333333333337e-6,4.714045207910317e-6,0.2857142857142857,150.0
0_0_0_0_0_1_0_1_0_1_0_0_1_1_1_1_0_0_1_1_0_1_1_0_0_0_0_0_0_0_0_0_0_0_0_0_0_0_0_1_1_1_0,1,3.3333333333333337e-6,4.714045207910317e-6,0.2261904761904762,90.0
1_1_1_0_0_1_0_1_0_1_1_1_1_0_1_0_1_1_1_1_1_0_0_1_1_0_1_1_1_1_1_1_1_1_0_1_1_1_1_1_0_0_0,1,3.3333333333333337e-6,4.714045207910317e-6,0.2619047619047619,130.0
1_1_1_0_0_1_1_1_1_0_1_1_0_1_0_0_0_1_0_0_0_1_1_0_0_0_0_0_1_0_0_0_0_1_0_1_0_0_0_0_1_1_1,1,3.3333333333333337e-6,4.714045207910317e-6,0.26785714285714285,150.0
0_0_0_1_1_0_1_0_1_0_0_0_0_1_0_1_1_0_1_1_0_0_1_0_0_1_0_0_0_0_0_0_0_0_1_0_0_0_0_0_1_1_1,1,3.3333333333333337e-6,4.714045207910317e-6,0.27380952380952384,140.0
0_0_0_1_1_0_0_0_0_1_0_0_1_0_1_1_1_0_1_1_1_1_0_1_1_1_0_1_0_1_1_1_1_0_1_0_1_1_1_1_0_0_1,1,3.3333333333333337e-6,4.714045207910317e-6,0.27380952380952384,130.0
1_0_1_0_0_0_1_1_1_0_1_1_1_1_1_0_1_1_1_1_0_1_1_0_0_1_1_0_1_0_0_0_0_0_0_1_0_0_0_0_1_1_1,1,3.3333333333333337e-6,4.714045207910317e-6,0.2857142857142857,170.0
1_1_1_1_1_1_1_0_1_1_1_1_0_0_0_0_1_1_1_1_1_0_0_1_1_1_1_1_1_1_1_1_1_0_1_0_1_1_1_1_0_0_1,0,3.3333333333333337e-6,4.714045207910317e-6,0.16071428571428573,1001.0
0_1_1_0_0_0_0_1_0_0_0_1_0_1_0_0_0_0_1_1_0_1_1_0_0_0_0_0_0_0_0_0_0_1_0_1_0_0_0_1_1_1_0,0,3.3333333333333337e-6,4.714045207910317e-6,0.22023809523809523,1001.0
0_1_0_1_1_0_0_0_0_1_0_0_0_0_0_1_0_0_0_0_1_0_0_1_1_0_0_1_0_1_1_1_1_1_1_0_1_1_1_1_0_0_0,1,3.3333333333333337e-6,4.714045207910317e-6,0.27380952380952384,160.0
1_1_1_0_0_1_1_1_1_0_1_1_0_1_0_0_1_1_1_1_0_1_0_0_1_0_1_1_1_0_0_0_0_1_0_1_0_0_0_0_1_1_1,1,3.3333333333333337e-6,4.714045207910317e-6,0.2976190476190476,110.0
0_0_0_1_1_1_1_0_0_1_0_0_1_0_1_1_0_0_0_0_1_0_0_1_1_0_0_1_0_1_1_1_1_0_1_1_1_1_1_1_0_0_0,1,3.3333333333333337e-6,4.714045207910317e-6,0.27380952380952384,100.0
0_0_0_1_1_0_1_0_1_0_0_0_0_0_0_1_0_0_0_0_1_1_0_1_1_0_0_1_0_1_1_1_1_1_1_0_1_1_1_1_0_0_1,1,3.3333333333333337e-6,4.714045207910317e-6,0.26785714285714285,220.0
1_1_1_1_1_1_1_0_1_1_1_1_1_1_1_0_0_1_0_0_0_0_1_0_0_1_1_0_1_0_0_0_0_1_1_0_0_0_0_1_1_1_1,0,3.3333333333333337e-6,4.714045207910317e-6,0.13690476190476192,1001.0
1_1_1_0_0_1_1_1_1_0_1_1_0_0_0_0_1_1_0_0_1_1_0_1_1_0_0_1_1_1_1_1_1_1_0_1_1_1_1_0_0_0_1,1,3.3333333333333337e-6,4.714045207910317e-6,0.27976190476190477,210.0
1_1_1_0_0_0_1_1_1_0_1_1_0_1_0_0_1_1_1_1_0_1_0_0_1_1_1_1_1_0_0_0_0_1_0_1_0_0_0_0_1_1_1,1,3.3333333333333337e-6,4.714045207910317e-6,0.27976190476190477,150.0
1_1_1_0_0_1_1_1_1_0_1_1_0_1_0_0_1_1_1_1_0_0_0_0_1_0_1_1_1_0_0_0_0_1_0_1_0_0_0_0_1_1_0,1,3.3333333333333337e-6,4.714045207910317e-6,0.2916666666666667,100.0
1_0_1_0_0_1_1_1_1_0_1_1_0_0_0_0_0_1_0_0_1_1_0_1_1_0_0_1_1_1_1_1_1_1_0_1_1_1_1_0_0_0_1,1,3.3333333333333337e-6,4.714045207910317e-6,0.27976190476190477,160.0
1_0_1_0_0_1_1_1_1_0_1_1_1_1_1_0_1_1_1_1_0_1_1_0_0_0_1_0_1_0_0_0_0_1_0_1_0_0_0_0_1_1_1,1,3.3333333333333337e-6,4.714045207910317e-6,0.2857142857142857,150.0
1_0_1_0_0_1_1_1_1_0_1_1_1_0_1_0_0_1_0_0_1_1_1_1_0_1_1_0_1_1_1_1_1_0_0_1_1_1_1_0_0_0_1,1,3.3333333333333337e-6,4.714045207910317e-6,0.26785714285714285,200.0
0_0_0_1_1_0_0_0_0_1_0_0_1_1_1_1_1_0_1_1_0_0_0_0_1_1_1_1_0_0_0_0_0_0_1_0_0_0_0_1_1_1_0,1,3.3333333333333337e-6,4.714045207910317e-6,0.27976190476190477,100.0
0_0_0_1_1_0_0_0_0_1_0_0_1_0_1_1_1_0_0_0_1_0_0_1_1_1_1_1_0_1_1_1_1_0_1_0_1_1_1_1_0_0_1,1,3.3333333333333337e-6,4.714045207910317e-6,0.27380952380952384,80.0
1_1_1_0_0_1_1_1_0_1_1_1_0_0_0_0_0_1_0_0_1_1_0_1_1_0_0_1_1_1_1_1_1_1_0_1_1_1_1_1_0_0_0,1,3.3333333333333337e-6,4.714045207910317e-6,0.26785714285714285,150.0
0_0_0_1_1_0_0_0_0_1_0_0_1_1_1_1_1_0_1_1_0_1_1_0_0_1_0_0_0_0_0_0_0_0_1_0_0_0_0_1_1_1_1,1,3.3333333333333337e-6,4.714045207910317e-6,0.2857142857142857,150.0
1_1_1_0_0_1_1_1_1_0_1_1_1_1_1_0_1_1_1_1_0_0_0_0_1_0_1_1_1_0_0_0_0_0_0_1_0_0_0_0_1_1_0,1,3.3333333333333337e-6,4.714045207910317e-6,0.2857142857142857,150.0
1_1_1_1_1_1_1_0_1_1_1_1_1_0_0_0_1_1_1_1_1_0_0_1_1_1_1_1_1_1_1_1_1_1_1_0_1_1_1_1_0_0_1,0,3.3333333333333337e-6,4.714045207910317e-6,0.14285714285714285,1001.0
0_0_0_1_1_0_0_0_0_1_0_0_1_1_1_1_0_0_1_1_0_1_1_0_0_1_1_0_0_0_0_0_0_1_1_0_0_0_0_1_1_1_1,1,3.3333333333333337e-6,4.714045207910317e-6,0.27976190476190477,240.0
0_1_0_1_1_1_0_0_0_1_0_0_0_1_0_1_0_0_0_0_0_0_1_0_0_0_0_0_0_0_0_0_0_1_1_0_0_0_0_1_1_1_0,1,3.3333333333333337e-6,4.714045207910317e-6,0.2619047619047619,250.0
0_0_0_1_0_0_0_1_0_0_0_0_0_0_0_1_0_0_0_0_1_1_1_1_0_0_0_0_0_1_1_1_1_1_0_1_1_1_1_1_0_0_0,0,3.3333333333333337e-6,4.714045207910317e-6,0.19642857142857142,1001.0
1_1_1_0_0_1_0_1_0_1_1_1_1_1_1_0_0_1_1_1_0_0_1_0_0_1_1_0_1_0_0_0_0_0_0_0_0_0_0_0_1_1_0,1,3.3333333333333337e-6,4.714045207910317e-6,0.26785714285714285,60.0
1_1_1_0_0_1_0_1_0_1_1_1_1_0_1_0_0_1_0_0_1_0_1_1_0_1_1_0_1_1_1_1_1_0_0_0_1_1_1_0_0_0_0,1,3.3333333333333337e-6,4.714045207910317e-6,0.27380952380952384,90.0
1_1_1_0_0_0_0_1_0_1_1_1_1_0_1_0_1_1_1_1_1_0_0_1_1_1_1_1_1_1_1_1_1_0_0_0_1_1_1_0_0_0_0,1,3.3333333333333337e-6,4.714045207910317e-6,0.25595238095238093,140.0
0_0_0_1_1_0_0_0_1_0_0_0_1_0_1_1_0_0_0_0_1_0_0_1_1_1_1_1_0_1_1_1_1_0_1_0_1_1_1_0_0_0_1,1,3.3333333333333337e-6,4.714045207910317e-6,0.2619047619047619,240.0
0_0_0_1_1_0_0_0_0_1_0_0_1_1_1_1_0_0_0_0_0_1_1_0_0_1_1_0_0_0_0_0_0_0_1_0_0_0_0_1_1_1_1,1,3.3333333333333337e-6,4.714045207910317e-6,0.25595238095238093,150.0
0_1_0_1_1_0_0_0_0_1_0_0_1_0_1_1_1_0_1_1_1_0_0_1_1_1_1_1_0_1_1_1_1_0_1_0_1_1_1_1_0_0_0,1,3.3333333333333337e-6,4.714045207910317e-6,0.26785714285714285,240.0
1_1_1_0_0_1_1_1_0_1_1_1_0_0_0_0_1_1_1_1_1_1_0_1_1_0_0_1_1_1_1_1_1_1_0_1_1_1_1_1_0_0_0,1,3.3333333333333337e-6,4.714045207910317e-6,0.25,230.0
0_0_0_1_1_0_0_0_0_1_0_0_1_1_1_1_1_0_1_1_0_0_0_0_1_1_1_1_0_0_0_0_0_0_1_0_0_0_0_1_1_1_1,1,3.3333333333333337e-6,4.714045207910317e-6,0.26785714285714285,140.0
1_1_1_0_1_1_1_0_1_1_1_1_1_1_0_0_0_1_0_0_0_1_1_0_0_1_1_0_1_0_0_0_0_1_1_0_0_0_0_0_1_1_1,0,3.3333333333333337e-6,4.714045207910317e-6,0.15476190476190477,1001.0
0_0_0_1_1_1_1_0_1_0_0_0_0_0_0_1_1_0_1_1_1_1_0_1_1_0_0_1_0_1_1_1_1_1_1_1_1_1_1_1_0_0_1,1,3.3333333333333337e-6,4.714045207910317e-6,0.25,180.0
1_1_1_0_0_1_1_1_1_0_1_1_0_1_0_0_1_1_1_1_0_0_0_0_1_0_0_1_1_0_0_0_0_1_0_1_0_0_0_0_1_1_0,1,3.3333333333333337e-6,4.714045207910317e-6,0.27976190476190477,100.0
