states,flag,Avg0,SD0,frust0,time
1_0_0_1_0_1_0_0_0_1_0_0_0_0_0_0_1_0_1_1_1_0_0_0_0_0_1_0_1_1_0_0_0_1_0_0_0_0_0_0_0_0_0_0_1_0_0_0_1_1_0_1,1,0.07047666666666667,0.0012432841813340828,0.1330049261083744,362.83828267314317
0_1_1_0_1_0_1_1_1_0_1_1_1_1_1_1_0_1_0_0_0_1_1_1_1_1_0_1_0_0_1_1_1_0_1_1_1_1_1_1_1_1_1_1_0_1_1_1_0_0_1_0,1,0.06979666666666667,0.00017613126418163682,0.1330049261083744,362.44497004966144
0_1_1_0_1_1_1_1_1_0_1_1_1_1_1_1_0_1_0_0_0_1_1_1_1_1_0_0_0_0_1_1_1_0_1_1_1_1_1_1_1_1_1_1_0_1_1_1_0_0_1_0,1,0.06757,0.0004992661280986966,0.1330049261083744,395.0286527688907
1_0_0_1_0_0_0_0_0_1_0_0_0_0_0_0_1_0_1_1_1_0_0_0_0_0_1_1_1_1_0_0_0_1_0_0_0_0_0_0_0_0_0_0_1_0_0_0_1_1_0_1,1,0.06606666666666666,0.0009676891144485506,0.1330049261083744,395.8523022145658
1_1_1_1_1_0_1_1_1_0_1_1_1_1_1_1_0_1_1_0_0_0_0_1_0_0_1_1_1_1_1_0_0_1_1_1_0_1_0_0_0_1_1_0_0_0_1_0_0_0_1_0,1,0.03481,0.00040108187027920674,0.15270935960591134,360.5523231540869
0_0_0_0_0_1_0_0_0_1_0_0_0_0_0_0_1_0_0_1_1_1_1_0_1_1_0_0_0_0_0_1_1_0_0_0_1_0_1_1_1_0_0_1_1_1_0_1_1_1_0_1,1,0.03386,0.00013952299690970897,0.15270935960591134,359.6356003731121
0_0_0_0_0_0_0_0_0_1_0_0_0_0_0_0_1_0_0_1_1_1_1_0_1_1_0_1_0_0_0_1_1_0_0_0_1_0_1_1_1_0_0_1_1_1_0_1_1_1_0_1,1,0.032536666666666665,3.858612300930078e-5,0.15270935960591134,388.9396919198592
1_1_1_1_1_1_1_1_1_0_1_1_1_1_1_1_0_1_1_0_0_0_0_1_0_0_1_0_1_1_1_0_0_1_1_1_0_1_0_0_0_1_1_0_0_0_1_0_0_0_1_0,1,0.031463333333333336,0.00025486379804820464,0.15270935960591134,388.84319842427163
1_0_0_1_0_1_0_0_0_1_1_0_0_0_0_0_0_0_1_0_0_0_0_0_0_0_1_1_1_1_0_0_0_1_0_0_0_0_0_0_0_1_0_0_0_0_0_0_1_1_1_1,1,0.021836666666666667,0.00011145502331533637,0.17733990147783252,503.5096598165267
0_1_1_0_1_0_1_1_1_0_0_1_1_1_1_1_1_1_0_1_1_1_1_1_1_1_0_0_0_0_1_1_1_0_1_1_1_1_1_1_1_0_1_1_1_1_1_1_0_0_0_0,1,0.0213,0.00017720045146669373,0.17733990147783252,496.58320528381347
0_1_1_0_1_0_1_1_1_0_0_1_1_1_1_1_0_1_0_0_1_1_1_1_1_1_0_1_0_0_1_1_1_0_1_1_1_1_1_1_1_1_1_1_1_1_1_1_0_0_0_0,1,0.018103333333333332,4.189935029992164e-5,0.16748768472906403,441.88261308577535
1_0_0_1_0_1_0_0_0_1_1_0_0_0_0_0_1_0_1_1_0_0_0_0_0_0_1_0_1_1_0_0_0_1_0_0_0_0_0_0_0_0_0_0_0_0_0_0_1_1_1_1,1,0.018033333333333335,0.00026144895401503506,0.16748768472906403,438.3328494261919
1_1_1_1_1_1_1_1_1_0_1_1_1_1_0_1_0_0_1_0_0_0_0_1_0_0_1_0_1_1_0_0_0_1_1_1_0_1_0_0_0_1_1_0_0_0_1_0_0_0_1_0,1,0.01316,7.874007874011864e-5,0.17733990147783252,352.3909077352855
0_0_0_0_0_0_0_0_0_1_0_0_0_0_1_0_1_1_0_1_1_1_1_0_1_1_0_1_0_0_1_1_1_0_0_0_1_0_1_1_1_0_0_1_1_1_0_1_1_1_0_1,1,0.012953333333333336,0.0002269116323349005,0.17733990147783252,352.5303481163528
0_0_0_0_0_1_0_0_0_1_0_0_0_0_1_0_1_1_0_1_1_1_1_0_1_1_0_0_0_0_1_1_1_0_0_0_1_0_1_1_1_0_0_1_1_1_0_1_1_1_0_1,1,0.01229,0.00014165686240583846,0.17733990147783252,329.8067764490158
1_1_1_1_1_0_1_1_1_0_1_1_1_1_0_1_0_0_1_0_0_0_0_1_0_0_1_1_1_1_0_0_0_1_1_1_0_1_0_0_0_1_1_0_0_0_1_0_0_0_1_0,1,0.011913333333333333,0.0004308389748179966,0.17733990147783252,328.63857939638933
0_0_0_0_0_1_0_0_0_1_1_0_0_0_0_0_1_0_0_1_0_1_1_0_1_1_0_0_0_0_0_1_1_0_0_0_1_0_1_1_1_0_0_1_0_1_0_1_1_1_1_1,1,0.010113333333333334,0.00025037749277618534,0.18719211822660098,430.24857031448465
1_1_1_1_1_0_1_1_1_0_0_1_1_1_1_1_0_1_1_0_1_0_0_1_0_0_1_1_1_1_1_0_0_1_1_1_0_1_0_0_0_1_1_0_1_0_1_0_0_0_0_0,1,0.010026666666666668,0.0003496982826507573,0.18719211822660098,428.9930512336519
0_0_0_0_0_1_0_0_0_1_1_0_0_0_0_0_0_0_0_0_0_1_1_0_1_1_0_1_0_0_0_1_1_0_0_0_1_0_1_1_1_1_0_1_0_1_0_1_1_1_1_1,1,0.009913333333333335,8.219218670625248e-5,0.19704433497536947,480.94651064880463
1_1_1_1_1_0_1_1_1_0_0_1_1_1_1_1_1_1_1_1_1_0_0_1_0_0_1_0_1_1_1_0_0_1_1_1_0_1_0_0_0_0_1_0_1_0_1_0_0_0_0_0,1,0.0097,0.0001930457631409367,0.19704433497536947,479.38528795769963
0_1_0_0_1_0_0_0_0_1_0_1_1_0_1_1_1_1_0_1_1_1_1_0_1_1_0_0_0_0_1_1_1_0_0_0_1_1_1_1_1_0_0_1_1_1_0_1_0_0_0_0,1,0.005063333333333334,0.0002041785710815138,0.1724137931034483,352.28523485722036
1_0_1_1_0_1_1_1_1_0_1_0_0_1_0_0_0_0_1_0_0_0_0_1_0_0_1_0_1_1_0_0_0_1_1_1_0_0_0_0_0_1_1_0_0_0_1_0_1_1_1_1,1,0.004946666666666666,0.00013224556283251556,0.16748768472906403,345.901903855454
1_0_1_1_0_1_1_1_1_0_1_0_0_1_0_0_0_0_1_0_0_0_0_1_0_0_1_1_1_1_0_0_0_1_1_1_0_0_0_0_0_1_1_0_0_0_1_0_1_1_1_1,1,0.004823333333333333,0.0001621384867602043,0.1724137931034483,359.00920159308606
0_1_0_0_1_0_0_0_0_1_0_1_1_0_1_1_1_1_0_1_1_1_1_0_1_1_0_1_0_0_1_1_1_0_0_0_1_1_1_1_1_0_0_1_1_1_0_1_0_0_0_0,1,0.00472,0.0001283225103661342,0.16748768472906403,347.1385442079399
1_0_0_1_0_1_0_0_0_1_1_0_0_0_0_0_1_0_1_1_0_0_0_0_0_0_1_1_1_1_0_0_0_1_0_0_0_0_0_0_0_0_0_0_0_0_0_0_1_1_1_1,1,0.004383333333333333,0.00010077477638553974,0.1724137931034483,439.0195926421318
0_1_1_0_1_0_1_1_1_0_0_1_1_1_1_1_0_1_0_0_1_1_1_1_1_1_0_0_0_0_1_1_1_0_1_1_1_1_1_1_1_1_1_1_1_1_1_1_0_0_0_0,1,0.00431,0.00012027745701779156,0.1724137931034483,425.5444828321309
0_0_1_0_0_1_1_1_1_0_1_0_0_1_0_0_0_0_0_0_0_1_1_1_1_1_0_1_0_0_0_1_1_0_1_1_1_0_1_1_1_1_1_1_0_1_1_1_1_1_1_1,1,0.00415,7.118052168020893e-5,0.18226600985221675,356.0464520382422
1_1_0_1_1_0_0_0_0_1_0_1_1_0_1_1_1_1_1_1_1_0_0_0_0_0_1_0_1_1_1_0_0_1_0_0_0_1_0_0_0_0_0_0_1_0_0_0_0_0_0_0,1,0.003946666666666667,0.00013960261060914624,0.18226600985221675,350.5254386300882
0_0_1_0_0_0_0_1_1_1_1_0_0_1_0_0_0_0_0_0_0_1_1_1_1_1_0_1_0_0_0_1_1_0_1_1_1_0_1_1_1_1_0_1_0_1_0_1_1_1_1_1,1,0.0038966666666666663,9.463379711052266e-5,0.21674876847290642,438.9722758691559
1_1_0_1_1_0_0_0_0_1_0_1_1_0_1_1_1_1_1_1_1_0_0_0_0_0_1_1_1_1_1_0_0_1_0_0_0_1_0_0_0_0_0_0_1_0_0_0_0_0_0_0,1,0.0038566666666666667,7.760297817881897e-5,0.17733990147783252,332.2836084019784
0_0_1_0_0_1_1_1_1_0_1_0_0_1_0_0_0_0_0_0_0_1_1_1_1_1_0_0_0_0_0_1_1_0_1_1_1_0_1_1_1_1_1_1_0_1_1_1_1_1_1_1,1,0.0038466666666666666,0.00010656244908763829,0.17733990147783252,342.6070628053581
1_1_0_1_1_1_1_0_0_0_0_1_1_0_1_1_1_1_1_1_1_0_0_0_0_0_1_0_1_1_1_0_0_1_0_0_0_1_0_0_0_0_1_0_1_0_1_0_0_0_0_0,1,0.0037333333333333333,0.0002608107018935805,0.21674876847290642,449.1095737312553
1_0_0_1_0_1_0_0_0_1_0_0_0_0_0_0_1_0_1_1_1_1_1_0_1_1_1_0_0_1_0_0_1_1_0_0_1_0_1_0_0_0_0_0_1_0_0_0_1_1_0_1,1,0.0036666666666666666,0.00011264496832477197,0.1921182266009852,339.431498752967
0_1_1_0_1_0_1_1_1_0_1_1_1_1_1_1_0_1_0_0_0_0_0_1_0_0_0_1_1_0_1_1_0_0_1_1_0_1_0_1_1_1_1_1_0_1_1_1_0_0_1_0,1,0.0036033333333333334,0.0001562761089297473,0.1921182266009852,332.5096347786959
1_0_0_1_0_0_0_0_0_1_0_0_0_0_0_0_1_0_1_1_1_1_1_0_1_1_1_1_0_1_0_0_1_1_0_0_1_0_1_0_0_0_0_0_1_0_0_0_1_1_0_1,1,0.0036000000000000003,0.00010801234497346423,0.1921182266009852,362.91217527386544
1_0_1_1_0_0_1_1_1_0_1_1_1_1_0_1_0_0_1_0_0_0_0_1_0_0_1_1_1_1_0_0_0_1_1_1_0_0_0_0_0_1_1_0_0_0_1_0_0_0_1_0,1,0.0035266666666666662,0.00010873004286866735,0.1625615763546798,307.0495026213201
0_1_1_0_1_1_1_1_1_0_1_0_1_1_1_1_0_1_0_0_0_1_1_1_1_1_0_1_0_0_1_1_1_0_1_1_1_1_1_1_1_1_1_1_0_1_0_1_0_0_1_0,1,0.0034833333333333335,0.0002080598204576964,0.1921182266009852,356.26312018630114
0_1_0_0_1_1_0_0_0_1_0_0_0_0_1_0_1_1_0_1_1_1_1_0_1_1_0_0_0_0_1_1_1_0_0_0_1_1_1_1_1_0_0_1_1_1_0_1_1_1_0_1,1,0.003453333333333334,6.128258770283411e-5,0.1625615763546798,301.7908745478075
1_0_1_1_0_1_1_1_1_0_1_1_1_1_0_1_0_0_1_0_0_0_0_1_0_0_1_0_1_1_0_0_0_1_1_1_0_0_0_0_0_1_1_0_0_0_1_0_0_0_1_0,1,0.0034233333333333333,0.0001519502842672198,0.1625615763546798,316.7042057281901
0_1_1_0_1_0_1_1_1_0_0_1_1_1_1_1_0_1_0_0_1_1_1_1_1_1_0_1_0_0_1_1_1_0_1_1_1_1_1_1_1_1_1_1_1_1_1_1_0_0_1_0,1,0.0033933333333333333,4.7140452079103295e-6,0.18719211822660098,408.8216206836717
1_0_0_1_0_0_0_0_0_1_0_1_0_0_0_0_1_0_1_1_1_0_0_0_0_0_1_0_1_1_0_0_0_1_0_0_0_0_0_0_0_0_0_0_1_0_1_0_1_1_0_1,1,0.00335,9.416297927883695e-5,0.1921182266009852,350.4546707780924
0_1_1_0_1_1_1_1_1_0_1_1_1_1_1_1_0_1_0_0_0_0_0_1_0_0_0_0_1_0_1_1_0_0_1_1_0_1_0_1_1_1_1_1_0_1_1_1_0_0_1_0,1,0.00331,4.546060565661964e-5,0.1921182266009852,366.95138282065994
0_1_0_0_1_0_0_0_0_1_0_0_0_0_1_0_1_1_0_1_1_1_1_0_1_1_0_1_0_0_1_1_1_0_0_0_1_1_1_1_1_0_0_1_1_1_0_1_1_1_0_1,1,0.0032333333333333333,0.00011145502331533647,0.1625615763546798,321.56186784517723
1_0_0_1_0_1_0_0_0_1_1_0_0_0_0_0_1_0_1_1_0_0_0_0_0_0_1_0_1_1_0_0_0_1_0_0_0_0_0_0_0_0_0_0_0_0_0_0_1_1_0_1,1,0.0031566666666666666,6.944222218666554e-5,0.18719211822660098,400.76372843612404
1_0_0_1_0_0_0_0_0_1_0_1_0_0_0_0_1_0_1_1_1_0_0_0_0_0_1_1_1_1_0_0_0_1_0_0_0_0_0_0_0_0_0_0_1_0_0_0_1_1_0_1,1,0.003076666666666667,0.00010656244908763862,0.1724137931034483,305.61207787139915
0_1_0_0_1_0_0_0_0_1_0_1_1_0_1_1_1_1_0_1_1_1_1_0_1_1_0_0_0_0_1_1_1_0_0_0_1_1_1_1_1_0_0_1_1_1_1_1_0_0_0_0,1,0.00302,0.00014988884770611398,0.18719211822660098,328.45229526279036
1_0_0_1_0_0_0_0_0_1_0_1_0_0_0_0_1_0_1_1_1_0_0_0_0_0_1_0_1_1_0_0_0_1_0_0_0_0_0_0_0_0_0_0_1_0_0_0_1_1_0_1,1,0.0029533333333333334,0.00021545816814923075,0.17733990147783252,305.63648680774486
0_1_1_0_1_1_1_1_1_0_1_0_1_1_1_1_0_1_0_0_0_1_1_1_1_1_0_1_0_0_1_1_1_0_1_1_1_1_1_1_1_1_1_1_0_1_1_1_0_0_1_0,1,0.002916666666666667,8.01387685344754e-5,0.17733990147783252,299.7448206359097
0_1_1_0_1_1_1_1_1_0_1_0_1_1_1_1_0_1_0_0_0_1_1_1_1_1_0_0_0_0_1_1_1_0_1_1_1_1_1_1_1_1_1_1_0_1_1_1_0_0_1_0,1,0.0027833333333333334,8.178562764256866e-5,0.1724137931034483,309.0907177663094
1_0_1_1_0_1_1_1_1_0_1_0_0_1_0_0_0_0_1_0_0_0_0_1_0_0_1_1_1_1_0_0_0_1_1_1_0_0_0_0_0_1_1_0_0_0_0_0_1_1_1_1,1,0.00272,0.00017663521732655686,0.18719211822660098,327.65218203521147
1_0_0_1_0_0_0_1_0_1_0_1_0_0_0_0_1_0_1_1_1_0_0_0_0_0_1_0_1_1_0_0_0_1_0_0_0_0_0_0_0_0_0_0_1_0_1_0_1_1_0_1,1,0.0026966666666666667,0.00015691469727919762,0.2019704433497537,342.09918204041037
0_1_1_0_1_1_1_0_1_0_1_0_1_1_1_1_0_1_0_0_0_1_1_1_1_1_0_1_0_0_1_1_1_0_1_1_1_1_1_1_1_1_1_1_0_1_0_1_0_0_1_0,1,0.002426666666666667,0.00022065558884580493,0.2019704433497537,341.2987748897629
0_0_1_0_0_1_1_1_1_0_1_0_0_1_0_0_0_0_0_0_0_1_1_1_1_1_0_1_0_0_0_1_1_0_1_1_1_0_1_1_1_1_1_1_0_1_0_1_1_1_1_1,1,0.0024133333333333337,0.00010498677165349089,0.19704433497536947,328.32067778346
1_0_0_1_0_1_0_0_0_1_0_0_0_0_0_0_1_0_1_1_1_1_1_0_0_1_1_0_0_1_0_0_1_1_0_0_1_0_1_0_0_0_0_0_1_0_0_0_1_1_0_1,1,0.002333333333333333,7.133644853010899e-5,0.2019704433497537,340.35497630548434
0_1_1_0_1_0_1_1_1_0_1_1_1_1_1_1_0_1_0_0_0_0_0_1_1_0_0_1_1_0_1_1_0_0_1_1_0_1_0_1_1_1_1_1_0_1_1_1_0_0_1_0,1,0.0023166666666666665,4.027681991198201e-5,0.2019704433497537,336.43971631205676
1_0_0_1_0_0_0_0_0_1_1_0_0_0_0_0_0_0_1_0_0_0_0_0_0_0_1_1_1_1_0_0_0_1_0_0_0_0_0_0_0_1_0_0_0_0_0_0_1_1_0_1,1,0.0022333333333333333,4.642796092394699e-5,0.1921182266009852,341.57751637157406
0_1_0_0_1_1_0_0_0_1_0_0_0_0_0_0_1_1_0_1_1_1_1_0_1_1_0_0_0_0_1_1_1_0_0_0_1_1_1_1_1_0_0_1_1_1_0_1_1_1_0_1,1,0.0022233333333333337,3.399346342395179e-5,0.15270935960591134,300.69226561063823
1_1_0_1_1_0_0_0_0_1_0_1_1_0_1_1_1_1_1_1_1_0_0_0_0_0_1_0_1_1_1_0_0_1_0_0_0_1_0_0_0_0_0_0_1_0_1_0_0_0_0_0,1,0.002206666666666667,2.054804667656331e-5,0.19704433497536947,335.9357172681947
0_1_1_0_1_1_1_1_1_0_1_1_1_1_1_1_0_1_0_0_0_0_0_1_1_0_0_0_1_0_1_1_0_0_1_1_0_1_0_1_1_1_1_1_0_1_1_1_0_0_1_0,1,0.0021966666666666666,0.00013274871834493266,0.2019704433497537,371.8109315151407
0_1_1_0_1_0_1_1_1_0_0_1_1_1_1_1_0_1_0_0_0_1_1_1_1_1_0_1_0_0_1_1_1_0_1_1_1_1_1_1_1_1_1_1_1_1_1_1_0_0_0_0,1,0.002193333333333333,0.00020072092289766128,0.18226600985221675,340.4817862628923
1_0_0_1_0_0_0_0_0_1_0_0_0_0_0_0_1_0_1_1_1_1_1_0_0_1_1_1_0_1_0_0_1_1_0_0_1_0_1_0_0_0_0_0_1_0_0_0_1_1_0_1,1,0.002183333333333333,0.0001020892855407569,0.2019704433497537,374.16763456483915
1_0_1_1_0_0_0_1_1_1_1_0_0_1_0_0_0_0_1_0_0_0_0_0_0_0_1_1_1_1_0_0_0_1_0_0_0_0_0_0_0_1_0_0_0_0_1_0_1_1_0_1,1,0.002173333333333333,0.00016996731711975944,0.1921182266009852,380.28993140784377
1_1_0_1_1_0_0_0_0_1_0_1_0_0_0_0_1_0_1_1_1_0_0_0_0_0_1_0_1_1_0_0_0_1_0_0_0_1_0_0_0_0_0_0_1_0_0_0_1_1_0_1,1,0.002163333333333333,0.00019955506062794353,0.15270935960591134,315.65362786531824
0_0_1_0_0_1_1_1_1_0_1_0_1_1_1_1_0_1_0_0_0_1_1_1_1_1_0_1_0_0_1_1_1_0_1_1_1_0_1_1_1_1_1_1_0_1_1_1_0_0_1_0,1,0.0021566666666666665,6.944222218666554e-5,0.15270935960591134,305.361408250901
1_0_0_1_0_1_0_0_0_1_1_0_0_0_0_0_1_0_1_1_1_0_0_0_0_0_1_0_1_1_0_0_0_1_0_0_0_0_0_0_0_0_0_0_0_0_0_0_1_1_1_1,1,0.0021466666666666665,6.944222218666551e-5,0.18226600985221675,342.9407907060099
0_1_0_0_1_1_1_0_0_0_0_1_1_0_1_1_1_1_0_1_1_1_1_1_1_1_0_0_0_0_1_1_1_0_1_1_1_1_1_1_1_0_1_1_1_1_0_1_0_0_1_0,1,0.0021133333333333334,0.0001189771219838316,0.1921182266009852,385.69467279869696
1_0_1_1_0_0_1_1_1_0_1_1_1_1_1_1_0_0_1_0_0_0_0_1_0_0_1_1_1_1_0_0_0_1_1_1_0_0_0_0_0_1_1_0_0_0_1_0_0_0_1_0,1,0.0020633333333333333,0.00012762793146051105,0.15270935960591134,306.30206959465403
0_1_1_0_1_1_1_1_1_0_0_1_1_1_1_1_1_1_0_1_1_1_1_1_1_1_0_0_0_0_1_1_1_0_1_1_1_1_1_1_1_0_1_1_1_1_1_1_0_0_1_0,1,0.0020633333333333333,4.189935029992169e-5,0.1921182266009852,353.27351200375443
0_0_1_0_0_1_1_1_1_0_1_0_1_1_1_1_0_1_0_0_0_1_1_1_1_1_0_0_0_0_1_1_1_0_1_1_1_0_1_1_1_1_1_1_0_1_1_1_0_0_1_0,1,0.0020599999999999998,0.00010801234497346442,0.1477832512315271,304.2674467414214
1_1_0_1_1_0_0_0_0_1_0_1_0_0_0_0_1_0_1_1_1_0_0_0_0_0_1_1_1_1_0_0_0_1_0_0_0_1_0_0_0_0_0_0_1_0_0_0_1_1_0_1,1,0.002033333333333333,5.7348835113617494e-5,0.1477832512315271,304.1393223956249
1_0_0_1_0_0_0_0_0_1_0_0_0_1_0_0_0_0_1_0_0_0_0_0_0_0_1_1_1_1_0_0_0_1_0_0_0_0_0_0_0_1_0_0_1_0_0_0_1_1_0_1,1,0.0020199999999999997,0.00017907168024751047,0.1921182266009852,330.276061174797
1_1_1_1_1_0_1_1_1_0_0_1_1_1_1_1_0_1_1_0_1_0_0_1_0_0_1_0_1_1_1_0_0_1_1_1_0_1_0_0_0_1_1_0_1_0_1_0_0_0_0_0,1,0.001963333333333333,0.00017745108872274897,0.1921182266009852,382.9439844677642
0_0_0_0_0_1_0_0_0_1_1_0_0_0_0_0_1_0_0_1_0_1_1_0_1_1_0_1_0_0_0_1_1_0_0_0_1_0_1_1_1_0_0_1_0_1_0_1_1_1_1_1,1,0.0019433333333333334,3.399346342395189e-5,0.1921182266009852,395.3026337594527
0_1_1_0_1_1_1_1_1_0_1_1_1_0_1_1_1_1_0_1_1_1_1_1_1_1_0_0_0_0_1_1_1_0_1_1_1_1_1_1_1_0_1_1_0_1_1_1_0_0_1_0,1,0.00193,0.0001557776192739723,0.1921182266009852,333.9808723276432
0_1_1_0_1_1_1_1_1_0_1_0_1_1_1_1_0_1_0_0_0_1_1_1_1_1_0_0_0_0_1_1_1_0_1_1_1_1_1_1_1_1_1_1_0_1_0_1_0_0_1_0,1,0.0019233333333333333,0.0001995550606279436,0.18719211822660098,351.48570826377346
1_0_1_1_0_1_1_1_1_0_1_1_1_1_1_1_0_0_1_0_0_0_0_1_0_0_1_0_1_1_0_0_0_1_1_1_0_0_0_0_0_1_1_0_0_0_1_0_0_0_1_0,1,0.00189,7.348469228349536e-5,0.15270935960591134,320.325797659131
1_0_0_1_0_0_0_0_0_1_0_0_0_1_0_0_1_0_1_1_1_0_0_0_0_0_1_1_1_1_0_0_0_1_0_0_0_0_0_0_0_0_0_0_1_0_0_0_1_1_0_1,1,0.0018833333333333334,7.363574011458176e-5,0.1921182266009852,323.0199622178939
0_1_0_0_1_0_0_0_0_1_0_0_0_0_0_0_1_1_0_1_1_1_1_0_1_1_0_1_0_0_1_1_1_0_0_0_1_1_1_1_1_0_0_1_1_1_0_1_1_1_0_1,1,0.0018833333333333332,6.79869268479038e-5,0.15270935960591134,308.0145555888046
1_0_0_1_0_0_0_0_0_1_0_1_0_0_0_0_1_0_1_1_1_0_0_0_0_0_1_1_1_1_0_0_0_1_0_0_0_0_0_0_0_0_0_0_1_0_1_0_1_1_0_1,1,0.00187,2.9439202887759467e-5,0.18719211822660098,348.39899583279794
1_0_1_1_0_1_1_1_1_0_1_0_0_1_0_0_0_0_1_0_0_0_0_1_0_0_1_0_1_1_0_0_0_1_1_1_0_0_0_0_0_1_1_0_0_0_0_0_1_1_1_1,1,0.0018466666666666666,1.6996731711975896e-5,0.18226600985221675,323.6024054430515
1_0_0_1_0_0_0_0_0_1_0_0_0_1_0_0_1_0_1_1_0_0_0_0_0_0_1_1_1_1_0_0_0_1_0_0_0_0_0_0_0_0_0_0_1_0_0_0_1_1_0_1,1,0.0018366666666666664,0.00018926759422104522,0.18719211822660098,349.5560167870765
0_1_1_0_1_1_1_1_1_0_1_1_1_0_1_1_0_1_0_0_1_1_1_1_1_1_0_0_0_0_1_1_1_0_1_1_1_1_1_1_1_1_1_1_0_1_1_1_0_0_1_0,1,0.0018066666666666665,7.58653778449403e-5,0.18719211822660098,352.8654564402009
0_1_0_0_1_0_0_0_0_1_0_1_1_0_1_1_1_1_0_1_1_1_1_0_1_1_0_1_0_0_1_1_1_0_0_0_1_1_1_1_1_0_0_1_1_1_1_1_0_0_0_0,1,0.00173,9.626352718795775e-5,0.18226600985221675,330.5215137839554
0_1_1_0_1_1_1_1_1_0_1_1_1_0_1_1_0_1_0_0_0_1_1_1_1_1_0_0_0_0_1_1_1_0_1_1_1_1_1_1_1_1_1_1_0_1_1_1_0_0_1_0,1,0.0017066666666666664,0.00010370899457402694,0.1921182266009852,321.93892250072025
0_0_0_0_0_1_0_0_0_1_0_0_0_0_0_0_1_0_0_1_1_0_0_0_0_0_0_0_1_0_0_1_0_0_0_0_0_0_0_1_1_0_0_1_1_1_0_1_1_1_0_1,1,0.0017000000000000001,0.000139522996909709,0.21182266009852216,316.7760431058303
0_1_0_0_1_1_1_1_1_0_1_1_1_0_1_1_1_1_0_1_1_1_1_1_1_1_0_0_0_0_1_1_1_0_1_1_1_1_1_1_1_0_1_1_0_1_0_1_0_0_1_0,1,0.0016933333333333334,2.494438257849291e-5,0.19704433497536947,373.7361676528274
1_0_0_1_0_0_0_0_0_1_1_0_0_0_0_0_1_0_1_1_0_0_0_0_0_0_1_1_1_1_0_0_0_1_0_0_0_0_0_0_0_0_0_0_0_0_0_0_1_1_0_1,1,0.0016866666666666668,0.00013912424503139472,0.18719211822660098,408.90049379336483
1_1_1_1_1_0_1_1_1_0_0_1_1_1_1_1_0_1_1_0_1_0_0_1_0_0_1_1_1_1_1_0_0_1_1_1_0_1_0_0_0_1_1_0_1_0_1_0_0_0_1_0,1,0.0016833333333333333,2.0548046676563216e-5,0.20689655172413793,376.1926066840461
0_0_0_0_0_1_0_0_0_1_0_0_0_0_0_0_1_0_1_1_1_0_0_0_1_0_0_0_1_0_0_1_0_1_0_0_0_0_0_1_0_0_0_0_1_0_0_0_1_1_0_1,1,0.0016700000000000003,4.966554808583783e-5,0.19704433497536947,321.3284349894482
0_1_0_0_1_0_0_0_0_1_0_1_1_0_1_1_1_1_0_1_1_1_1_0_1_1_0_1_0_0_1_1_1_0_0_0_1_1_1_1_1_1_0_1_1_1_1_1_0_0_0_0,1,0.0016500000000000002,9.626352718795766e-5,0.19704433497536947,329.24243943191317
1_1_1_1_1_0_1_1_1_0_1_1_1_1_1_1_0_1_1_0_0_1_1_1_1_1_1_1_0_1_1_0_1_1_1_1_1_1_1_0_0_1_1_0_0_0_1_0_0_0_1_0,1,0.0016266666666666667,6.944222218666553e-5,0.21182266009852216,312.854246293058
0_1_1_0_1_1_1_1_1_0_1_1_1_0_1_1_0_1_0_0_0_1_1_1_1_1_0_1_0_0_1_1_1_0_1_1_1_1_1_1_1_1_1_1_0_1_1_1_0_0_1_0,1,0.0016200000000000001,5.354126134736341e-5,0.19704433497536947,330.68157594913447
0_0_1_0_0_1_1_1_1_0_1_0_0_1_0_0_0_0_0_0_0_1_1_1_1_1_0_0_0_0_0_1_1_0_1_1_1_0_1_1_1_1_1_1_0_1_0_1_1_1_1_1,1,0.0016099999999999997,0.00016512621435334454,0.1921182266009852,332.8162723298571
0_0_0_0_0_1_0_0_0_1_1_0_0_0_0_0_1_0_0_1_0_1_1_0_1_1_0_0_0_0_0_1_1_0_0_0_1_0_1_1_1_0_0_1_0_1_0_1_1_1_0_1,1,0.0016,0.00012328828005937948,0.20689655172413793,374.1956683695189
0_0_1_0_0_1_1_0_1_0_1_0_0_1_0_0_0_0_0_0_0_1_1_1_1_1_0_1_0_0_0_1_1_0_1_1_1_0_1_1_1_1_1_1_0_1_0_1_1_1_1_1,1,0.00159,0.00012027745701779148,0.20689655172413793,364.6611788515898
1_0_1_1_0_0_0_0_0_1_0_0_0_1_0_0_0_0_1_0_0_0_0_0_0_0_1_1_1_1_0_0_0_1_0_0_0_0_0_0_0_1_0_0_1_0_1_0_1_1_0_1,1,0.0015766666666666665,0.00011671427600007727,0.19704433497536947,374.98744212933184
1_0_1_1_0_1_1_1_1_0_1_0_0_1_0_0_0_0_1_0_0_0_0_1_0_0_1_0_1_1_0_0_0_1_1_1_0_0_0_0_0_0_1_0_0_0_0_0_1_1_1_1,1,0.0015633333333333332,5.312459150169739e-5,0.19704433497536947,319.4586702322899
0_0_0_0_0_0_0_0_0_1_0_0_0_0_0_0_1_0_0_1_1_0_0_0_0_0_0_1_1_0_0_1_0_0_0_0_0_0_0_1_1_0_0_1_1_1_0_1_1_1_0_1,1,0.00155,8.041558721209874e-5,0.21182266009852216,359.0623534927333
0_1_1_0_1_1_1_1_1_0_0_1_1_1_1_1_0_1_0_0_1_1_1_1_1_1_0_0_0_0_1_1_1_0_1_1_1_1_1_1_1_1_1_1_1_1_1_1_0_0_1_0,1,0.0015433333333333334,4.1096093353126527e-5,0.18719211822660098,405.0396008102528
1_0_0_1_0_0_0_0_0_1_0_0_0_1_0_0_1_0_1_1_1_0_0_0_0_0_1_0_1_1_0_0_0_1_0_0_0_0_0_0_0_0_0_0_1_0_0_0_1_1_0_1,1,0.0015433333333333332,0.00011323525167642022,0.19704433497536947,325.4834710849591
0_0_0_0_0_0_0_0_0_1_0_1_0_0_0_0_1_0_0_1_1_1_1_0_1_1_0_0_0_0_0_1_1_0_0_0_1_0_1_1_1_0_0_1_1_1_1_1_1_1_0_1,1,0.0015300000000000001,7.874007874011811e-5,0.21182266009852216,337.3068087281958
1_1_1_1_1_1_1_1_1_0_1_0_1_1_1_1_0_1_1_0_0_0_0_1_0_0_1_1_1_1_1_0_0_1_1_1_0_1_0_0_0_1_1_0_0_0_0_0_0_0_1_0,1,0.0015233333333333334,8.5764535535124e-5,0.21182266009852216,332.2548229317786
1_0_1_1_0_0_0_0_1_1_1_0_0_1_0_0_0_0_1_0_0_0_0_0_0_0_1_1_1_1_0_0_0_1_0_0_0_0_0_0_0_1_0_0_0_0_0_0_1_1_0_1,1,0.0014966666666666668,7.408703590297627e-5,0.19704433497536947,334.67604456046234
1_1_0_1_1_0_0_0_0_1_0_1_1_0_1_1_1_1_1_1_1_0_0_0_0_0_1_1_1_1_1_0_0_1_0_0_0_1_0_0_0_0_0_0_1_0_1_0_0_0_0_0,1,0.0014966666666666668,0.00011614167593456231,0.1921182266009852,325.9264731252683
1_1_1_1_1_0_1_1_1_0_1_1_1_1_1_1_0_1_0_0_0_1_1_1_0_1_1_1_0_1_1_0_1_0_1_1_1_1_1_0_1_1_1_1_0_1_1_1_0_0_1_0,1,0.0014933333333333335,9.030811456096051e-5,0.19704433497536947,330.7058751186058
0_0_0_0_0_0_0_0_0_1_0_0_0_0_0_0_1_0_1_1_1_0_0_0_1_0_0_1_1_0_0_1_0_1_0_0_0_0_0_1_0_0_0_0_1_0_0_0_1_1_0_1,1,0.0014666666666666667,0.00010780641085864155,0.19704433497536947,361.1974445978069
1_1_1_1_1_1_1_1_1_0_1_1_1_1_1_1_0_1_1_0_0_1_1_1_1_1_1_0_0_1_1_0_1_1_1_1_1_1_1_0_0_1_1_0_0_0_1_0_0_0_1_0,1,0.0014666666666666667,0.00014613540144521977,0.21182266009852216,347.3379354683927
1_1_1_1_1_1_1_1_1_0_1_0_1_1_1_1_0_1_1_0_0_0_0_1_0_0_1_1_1_1_1_0_0_1_1_1_0_1_0_0_0_1_1_0_0_0_1_0_0_0_1_0,1,0.0014633333333333332,0.0001327487183449325,0.19704433497536947,311.7225728201338
0_0_0_0_0_0_0_0_0_1_0_1_0_0_0_0_1_0_0_1_1_1_1_0_1_1_0_0_0_0_0_1_1_0_0_0_1_0_1_1_1_0_0_1_1_1_0_1_1_1_0_1,1,0.0014433333333333336,6.018490028422592e-5,0.19704433497536947,322.16344537815127
1_0_1_1_0_0_0_0_1_1_1_0_0_1_0_0_0_0_1_0_0_0_0_0_0_0_1_0_1_1_0_0_0_1_0_0_0_0_0_0_0_0_0_0_0_0_0_0_1_1_0_1,1,0.001423333333333333,0.00011671427600007735,0.20689655172413793,359.1363777527151
1_1_0_1_1_0_0_1_0_1_0_1_1_0_1_1_1_1_1_1_1_0_0_0_0_0_1_0_1_1_1_0_0_1_0_0_0_1_0_0_0_0_0_0_1_0_1_0_0_0_0_0,1,0.00142,0.0001131370849898476,0.20689655172413793,363.1470899470899
1_1_1_1_1_1_1_1_1_0_1_1_1_1_1_1_0_1_0_0_0_1_1_1_0_1_1_0_0_1_1_0_1_0_1_1_1_1_1_0_1_1_1_1_0_1_1_1_0_0_1_0,1,0.0014133333333333333,0.00017133463034528528,0.19704433497536947,380.17939996984774
1_1_1_1_1_1_1_1_1_0_1_0_1_1_1_1_0_1_1_0_0_0_0_1_0_0_1_0_1_1_1_0_0_1_1_1_0_1_0_0_0_1_1_0_0_0_1_0_0_0_1_0,1,0.0014066666666666665,5.2493385826745384e-5,0.1921182266009852,319.1842353862814
0_0_0_0_0_0_0_0_0_1_0_1_0_0_0_0_1_0_0_1_1_1_1_0_1_1_0_1_0_0_0_1_1_0_0_0_1_0_1_1_1_0_0_1_1_1_0_1_1_1_0_1,1,0.0014033333333333335,5.43650214343336e-5,0.1921182266009852,311.7189510531103
0_1_0_0_1_1_1_1_0_0_0_1_1_0_1_1_1_1_0_1_1_1_1_1_1_1_0_0_0_0_1_1_1_0_1_1_1_1_1_1_1_0_1_1_1_1_1_1_0_0_1_0,1,0.0013666666666666669,3.399346342395189e-5,0.19704433497536947,318.73178994918123
0_1_1_0_1_1_1_1_1_0_1_0_1_1_1_1_0_1_0_0_0_1_1_1_1_1_0_0_0_0_1_1_1_0_1_1_1_1_1_1_1_0_1_1_0_1_0_1_0_0_1_0,1,0.0013666666666666664,0.00018926759422104524,0.2019704433497537,331.3728149487643
1_0_0_1_0_0_0_0_0_1_0_1_0_0_0_0_1_0_1_1_1_0_0_0_0_0_1_1_1_1_0_0_0_1_0_0_0_0_0_0_0_1_0_0_1_0_1_0_1_1_0_1,1,0.00132,5.887840577551896e-5,0.2019704433497537,338.84756325897393
0_0_0_0_0_0_0_0_0_1_0_0_0_0_1_1_1_1_0_1_1_1_1_0_1_1_0_1_0_0_1_1_1_0_0_0_1_0_1_1_1_0_0_1_1_1_0_1_0_1_0_1,1,0.0013166666666666667,8.9938250421547e-5,0.1921182266009852,303.68269250989584
0_0_1_0_0_1_1_1_1_0_1_0_0_1_0_0_0_0_0_0_0_1_1_1_1_1_0_0_0_0_0_1_1_0_1_1_1_0_1_1_1_0_1_1_0_1_0_1_1_1_1_1,1,0.0013166666666666667,8.956685895029605e-5,0.20689655172413793,326.69179087624207
1_1_1_1_1_0_1_1_1_0_1_1_1_1_0_0_0_0_1_0_0_0_0_1_0_0_1_1_1_1_0_0_0_1_1_1_0_1_0_0_0_1_1_0_0_0_1_0_1_0_1_0,1,0.0013099999999999997,7.257180352359082e-5,0.1921182266009852,278.1959051311892
1_1_1_1_1_1_1_1_1_0_1_1_1_1_0_0_0_0_1_0_0_0_0_1_0_0_1_0_1_1_0_0_0_1_1_1_0_1_0_0_0_1_1_0_0_0_1_0_1_0_1_0,1,0.0013033333333333334,2.8674417556808747e-5,0.1921182266009852,321.6406790999575
0_1_1_0_1_1_1_1_1_0_0_1_1_1_1_1_0_1_0_0_0_1_1_1_1_1_0_0_0_0_1_1_1_0_1_1_1_1_1_1_1_1_1_1_1_1_1_1_0_0_1_0,1,0.0013,0.00011860297916438126,0.1921182266009852,321.9480531052304
0_1_0_0_1_1_1_1_0_0_0_1_1_0_1_1_1_1_0_1_1_1_1_1_1_1_0_1_0_0_1_1_1_0_1_1_1_1_1_1_1_1_1_1_1_1_1_1_0_0_1_0,1,0.0012900000000000001,6.164414002968984e-5,0.20689655172413793,380.5956240728968
1_0_0_1_0_0_0_1_0_1_0_1_0_0_0_0_1_0_1_1_1_0_0_0_0_0_1_1_1_1_0_0_0_1_0_0_0_0_0_0_0_0_0_0_1_0_1_0_1_1_0_1,1,0.0012866666666666666,0.00013424687043734845,0.19704433497536947,323.58019915466724
0_0_1_0_0_1_1_0_1_0_1_0_0_1_0_0_0_0_0_0_0_1_1_1_1_1_0_0_0_0_0_1_1_0_1_1_1_0_1_1_1_0_1_1_0_1_0_1_1_1_1_1,1,0.0012533333333333335,7.717224601860154e-5,0.21674876847290642,364.239698935979
1_0_0_1_0_0_0_0_0_1_1_0_0_0_0_0_1_0_1_1_1_0_0_0_0_0_1_1_1_1_0_0_0_1_0_0_0_0_0_0_0_0_0_0_0_0_0_0_1_1_0_1,1,0.0012433333333333335,7.586537784494032e-5,0.1921182266009852,317.51977401129943
0_0_0_0_0_1_0_0_0_1_0_0_0_0_1_1_1_1_0_1_1_1_1_0_1_1_0_0_0_0_1_1_1_0_0_0_1_0_1_1_1_0_0_1_1_1_0_1_0_1_0_1,1,0.0012366666666666667,4.921607686744462e-5,0.1921182266009852,282.9536998759818
1_1_0_1_1_0_0_0_0_1_0_1_1_0_1_1_1_1_1_1_1_0_0_0_0_0_1_1_1_1_1_0_0_1_0_0_0_1_0_0_0_1_0_0_1_0_1_0_0_0_0_0,1,0.00123,1.6329931618554564e-5,0.20689655172413793,326.2171587269592
1_0_0_1_0_0_0_1_0_1_0_1_0_0_0_0_1_0_1_1_1_0_0_0_0_0_1_1_1_1_0_0_0_1_0_0_0_0_0_0_0_1_0_0_1_0_1_0_1_1_0_1,1,0.0012233333333333334,5.4365021434333575e-5,0.21182266009852216,342.16568974395494
0_1_1_0_1_0_1_1_1_0_0_1_1_1_1_1_1_1_0_1_1_0_0_1_0_0_0_0_1_0_1_1_0_0_1_1_0_1_0_1_1_0_1_1_1_1_1_1_0_0_0_0,1,0.0012166666666666665,1.699673171197599e-5,0.23645320197044334,493.7951657335822
0_1_1_0_1_1_1_0_1_0_1_0_1_1_1_1_0_1_0_0_0_1_1_1_1_1_0_0_0_0_1_1_1_0_1_1_1_1_1_1_1_1_1_1_0_1_0_1_0_0_1_0,1,0.0012066666666666667,0.0001641814714136634,0.19704433497536947,324.93394648829434
0_1_1_0_1_1_1_0_1_0_1_0_1_1_1_1_0_1_0_0_0_1_1_1_1_1_0_0_0_0_1_1_1_0_1_1_1_1_1_1_1_0_1_1_0_1_0_1_0_0_1_0,1,0.0012,2.1602468994692824e-5,0.21182266009852216,333.41926215160174
1_1_1_1_1_1_1_1_1_0_1_0_1_1_0_1_0_0_1_0_0_0_0_1_0_0_1_0_1_1_0_0_0_1_1_1_0_1_0_0_0_1_1_0_0_0_1_0_0_0_1_0,1,0.0011833333333333333,2.0548046676563216e-5,0.22660098522167488,309.22880711906265
1_1_1_1_1_1_1_0_1_0_1_0_1_1_1_1_0_1_1_0_0_0_0_1_0_0_1_1_1_1_1_0_0_1_1_1_0_1_0_0_0_1_1_0_0_0_0_0_0_0_1_0,1,0.00117,8.602325267042632e-5,0.22167487684729065,327.56521600453925
1_1_1_1_1_1_1_1_1_0_1_0_1_1_0_1_0_0_1_0_0_0_0_1_0_0_1_1_1_1_0_0_0_1_1_1_0_1_0_0_0_1_1_0_0_0_1_0_0_0_1_0,1,0.0011666666666666665,3.8586123009300757e-5,0.2315270935960591,319.7636354461678
1_1_0_1_1_0_0_1_0_1_0_1_1_0_1_1_1_1_1_1_1_0_0_0_0_0_1_1_1_1_1_0_0_1_0_0_0_1_0_0_0_1_0_0_1_0_1_0_0_0_0_0,1,0.0011566666666666667,9.39266853573692e-5,0.21674876847290642,350.3775141502538
0_0_0_0_0_1_0_0_0_1_1_0_0_0_1_0_1_1_0_1_1_1_1_0_1_1_0_0_0_0_1_1_1_0_0_0_1_0_1_1_1_0_0_1_0_1_0_1_1_1_1_1,1,0.0011533333333333333,4.988876515698584e-5,0.22660098522167488,322.54525409400304
0_0_0_0_0_0_0_0_0_1_0_0_0_0_0_0_1_0_0_1_1_0_0_0_1_0_0_1_1_0_0_1_0_0_0_0_0_0_0_1_1_0_0_1_1_1_0_1_1_1_0_1,1,0.0011233333333333332,5.734883511361757e-5,0.22167487684729065,359.60153028763125
1_0_0_1_0_1_0_0_0_1_1_0_0_0_0_0_0_0_1_0_0_1_1_0_1_1_1_1_0_1_0_0_1_1_0_0_1_0_1_0_0_1_0_0_0_0_0_0_1_1_1_1,1,0.0011066666666666666,7.845734863959874e-5,0.23645320197044334,475.8546932306929
0_0_0_0_0_0_0_0_0_1_0_0_0_1_0_0_1_0_0_1_0_1_1_0_1_1_0_1_0_0_0_1_1_0_0_0_1_0_1_1_1_0_0_1_1_1_0_1_1_1_0_1,1,0.0010933333333333333,6.12825877028341e-5,0.20689655172413793,349.7548443042237
1_1_0_1_1_1_1_0_0_0_0_1_1_0_1_1_1_1_1_1_1_0_0_1_0_0_1_0_1_1_1_0_0_1_1_1_0_1_0_0_0_0_1_0_1_0_0_0_0_0_1_0,1,0.00109,5.715476066494077e-5,0.21182266009852216,367.6872048107066
0_0_1_0_0_0_0_1_1_1_1_0_0_1_0_0_0_0_0_0_0_1_1_0_1_1_0_1_0_0_0_1_1_0_0_0_1_0_1_1_1_1_0_1_0_1_1_1_1_1_0_1,1,0.0010833333333333333,9.672412085697934e-5,0.21182266009852216,373.60839266183126
1_1_1_1_1_0_1_1_1_0_0_1_1_1_0_1_0_0_1_0_0_0_0_1_0_0_1_1_1_1_0_0_0_1_1_1_0_1_0_0_0_1_1_0_1_0_1_0_0_0_0_0,1,0.0010733333333333335,5.312459150169738e-5,0.22660098522167488,326.7222159992684
1_1_1_1_1_1_1_1_1_0_1_1_1_0_1_1_0_1_1_0_1_0_0_1_0_0_1_0_1_1_1_0_0_1_1_1_0_1_0_0_0_1_1_0_0_0_1_0_0_0_1_0,1,0.0010733333333333335,8.339997335464537e-5,0.20689655172413793,342.29601860161546
0_0_0_0_0_0_0_0_0_1_0_1_0_0_1_0_1_1_0_1_1_1_1_0_1_1_0_1_0_0_1_1_1_0_0_0_1_0_1_1_1_0_0_1_1_1_0_1_1_1_0_1,1,0.0010633333333333334,4.921607686744462e-5,0.22660098522167488,323.4684468179795
0_0_0_0_0_1_0_0_0_1_0_0_0_0_0_0_1_0_0_1_1_0_0_0_1_0_0_0_1_0_0_1_0_0_0_0_0_0_0_1_1_0_0_1_1_1_0_1_1_1_0_1,1,0.00106,1.4142135623730987e-5,0.22167487684729065,323.92253774263116
1_1_1_1_1_0_1_1_1_0_1_1_1_1_1_1_0_1_1_0_0_1_1_1_0_1_1_1_0_1_1_0_1_1_1_1_1_1_1_0_0_1_1_0_0_0_1_0_0_0_1_0,1,0.0010533333333333334,6.944222218666549e-5,0.22167487684729065,319.7599927654187
0_0_0_0_0_0_0_1_0_1_0_1_0_0_0_0_1_0_0_1_1_1_1_0_1_1_0_0_0_0_0_1_1_0_0_0_1_0_1_1_1_0_0_1_1_1_1_1_1_1_0_1,1,0.0010533333333333332,1.2472191289246504e-5,0.22167487684729065,327.881003731471
0_0_0_0_0_0_0_0_0_1_0_1_0_0_1_0_1_1_0_1_1_1_1_0_1_1_0_0_0_0_1_1_1_0_0_0_1_0_1_1_1_0_0_1_1_1_0_1_1_1_0_1,1,0.00103,8.164965809277194e-6,0.2315270935960591,314.07780413634214
1_0_0_1_0_0_0_0_0_1_0_0_0_0_1_1_1_0_1_1_1_0_0_0_0_0_1_1_1_1_0_0_0_1_0_0_0_0_0_0_0_0_0_0_1_0_0_0_0_1_0_0,1,0.00102,0.00016391054470858994,0.1921182266009852,326.50570085218925
1_1_1_1_1_1_1_1_1_0_1_1_1_1_1_1_0_1_1_0_0_1_1_1_0_1_1_0_0_1_1_0_1_1_1_1_1_1_1_0_0_1_1_0_0_0_1_0_0_0_1_0,1,0.0010100000000000003,0.00011313708498984758,0.22167487684729065,357.6472750666299
0_1_1_0_1_1_1_1_1_0_1_1_1_1_0_0_0_1_0_0_0_1_1_1_1_1_0_0_0_0_1_1_1_0_1_1_1_1_1_1_1_1_1_1_0_1_1_1_1_0_1_1,1,0.0010033333333333333,3.399346342395185e-5,0.1921182266009852,325.1232303397252
1_1_1_1_1_1_1_1_1_0_0_1_1_1_1_1_1_1_1_1_1_0_0_1_0_0_1_0_1_1_1_0_0_1_1_1_0_1_0_0_0_0_1_0_1_0_1_0_0_0_1_0,1,0.0009966666666666665,6.128258770283408e-5,0.21182266009852216,328.3608058608059
0_0_0_0_0_0_0_0_0_1_0_0_0_1_0_0_0_0_0_0_0_1_1_0_1_1_0_1_0_0_0_1_1_0_0_0_1_0_1_1_1_1_0_1_1_1_0_1_1_1_0_1,1,0.0009966666666666665,9.104333522498441e-5,0.21182266009852216,323.605175688509
0_0_0_0_0_1_0_0_0_1_1_0_0_0_1_0_0_1_0_0_0_1_1_0_1_1_0_1_0_0_1_1_1_0_0_0_1_0_1_1_1_1_0_1_0_1_0_1_1_1_1_1,1,0.0009433333333333334,1.6996731711975944e-5,0.2315270935960591,366.81656814136795
1_0_0_1_0_1_0_0_0_1_1_0_0_0_0_0_1_0_1_1_0_1_1_0_1_1_1_0_0_1_0_0_1_1_0_0_1_0_1_0_0_0_0_0_0_0_0_0_1_1_1_1,1,0.0009433333333333334,4.784233364802444e-5,0.22660098522167488,428.4948023787886
0_0_0_0_0_0_0_0_0_1_1_0_0_0_0_0_0_0_0_0_0_1_1_0_1_1_0_1_0_0_0_1_1_0_0_0_1_0_1_1_1_1_0_1_0_1_0_1_1_1_0_1,1,0.0009266666666666667,4.496912521077349e-5,0.21182266009852216,335.150531532554
1_1_1_1_1_0_1_1_1_0_0_1_1_1_0_1_1_0_1_1_1_0_0_1_0_0_1_0_1_1_0_0_0_1_1_1_0_1_0_0_0_0_1_0_1_0_1_0_0_0_0_0,1,0.0009233333333333333,6.944222218666553e-5,0.2315270935960591,388.2687274938674
1_1_1_1_1_1_1_1_1_0_1_1_1_0_1_1_1_1_1_1_1_0_0_1_0_0_1_0_1_1_1_0_0_1_1_1_0_1_0_0_0_0_1_0_0_0_1_0_0_0_1_0,1,0.0009133333333333333,0.0001049867716534908,0.21182266009852216,333.4627225605297
1_1_1_1_1_0_1_0_0_0_0_1_0_1_0_1_0_0_1_0_1_0_0_0_0_0_1_1_1_1_0_0_0_1_0_0_0_1_0_0_0_1_1_0_1_0_1_0_0_0_0_0,1,0.0009099999999999999,1.0842021724855044e-19,0.23645320197044334,313.003663003663
0_1_1_0_1_0_1_1_1_0_0_1_1_1_1_1_0_1_0_0_1_0_0_1_0_0_0_1_1_0_1_1_0_0_1_1_0_1_0_1_1_1_1_1_1_1_1_1_0_0_0_0,1,0.0009033333333333332,3.39934634239519e-5,0.22660098522167488,428.38230795897147
0_0_0_0_0_1_0_1_1_1_1_0_1_0_1_0_1_1_0_1_0_1_1_1_1_1_0_0_0_0_1_1_1_0_1_1_1_0_1_1_1_0_0_1_0_1_0_1_1_1_1_1,1,0.0008900000000000001,9.899494936611664e-5,0.23645320197044334,307.26107576633893
0_1_0_0_1_1_1_1_1_0_0_1_1_0_1_1_1_1_0_1_1_1_1_1_1_1_0_0_0_0_1_1_1_0_1_1_1_1_1_1_1_0_1_1_1_1_1_1_0_0_1_0,1,0.0008833333333333333,7.930251502246879e-5,0.2019704433497537,307.530322605904
1_1_1_1_1_1_1_1_1_0_1_0_1_1_1_1_0_1_1_0_0_0_0_1_0_0_1_0_1_1_1_0_0_1_1_1_0_1_0_0_0_1_1_0_0_0_0_0_0_0_1_0,1,0.0008766666666666667,4.109609335312653e-5,0.20689655172413793,340.6948967542398
0_0_1_0_0_0_0_0_1_1_1_0_0_1_0_0_0_0_0_0_0_1_1_0_1_1_0_1_0_0_0_1_1_0_0_0_1_0_1_1_1_1_0_1_0_1_0_1_1_1_0_1,1,0.0008766666666666667,9.428090415820637e-5,0.21674876847290642,337.60013038340867
1_0_0_1_0_1_0_0_0_1_0_0_0_0_1_1_1_0_1_1_1_0_0_0_0_0_1_0_1_1_0_0_0_1_0_0_0_0_0_0_0_0_0_0_1_0_0_0_0_1_0_0,1,0.0008733333333333333,2.0548046676563263e-5,0.1921182266009852,299.2992262038915
0_1_1_0_1_1_1_1_1_0_0_1_1_1_1_1_0_1_0_0_0_1_1_1_1_1_0_1_0_0_1_1_1_0_1_1_1_1_1_1_1_1_1_1_1_1_1_1_0_0_1_0,1,0.0008566666666666667,0.0001347425528760516,0.19704433497536947,306.91944725311765
0_0_1_0_0_0_0_0_1_1_1_0_0_1_0_0_0_0_0_0_0_1_1_0_1_1_0_0_0_0_0_1_1_0_0_0_1_0_1_1_1_0_0_1_0_1_0_1_1_1_0_1,1,0.0008500000000000001,5.7154760664940834e-5,0.22660098522167488,376.8440750939767
0_1_1_0_1_0_1_1_1_0_1_1_1_1_0_0_0_1_0_0_0_1_1_1_1_1_0_1_0_0_1_1_1_0_1_1_1_1_1_1_1_1_1_1_0_1_1_1_1_0_1_1,1,0.0008466666666666667,8.956685895029602e-5,0.1921182266009852,317.55347784632767
0_0_0_0_0_0_0_0_0_1_0_0_0_1_0_0_1_0_0_1_1_1_1_0_1_1_0_1_0_0_0_1_1_0_0_0_1_0_1_1_1_0_0_1_1_1_0_1_1_1_0_1,1,0.0008466666666666666,9.428090415820633e-5,0.21182266009852216,324.2883307169022
1_0_0_1_0_0_0_0_0_1_1_0_0_0_0_0_1_0_1_1_1_0_0_0_0_0_1_0_1_1_0_0_0_1_0_0_0_0_0_0_0_0_0_0_0_0_0_0_1_1_0_1,1,0.0008333333333333334,1.2472191289246455e-5,0.19704433497536947,321.0608402044332
1_1_1_1_1_1_1_1_1_0_1_1_1_0_1_1_0_1_1_0_0_0_0_1_0_0_1_0_1_1_1_0_0_1_1_1_0_1_0_0_0_1_1_0_0_0_1_0_0_0_1_0,1,0.00083,5.3541261347363375e-5,0.21182266009852216,324.14363143631437
1_0_1_1_0_1_1_1_1_0_1_0_1_1_1_1_0_1_1_0_0_0_0_1_0_0_1_0_1_1_1_0_0_1_1_1_0_0_0_0_0_1_1_0_0_0_1_0_0_0_1_0,1,0.00083,1.4142135623730936e-5,0.16748768472906403,306.5471066475371
1_0_1_1_0_0_0_0_0_1_1_0_0_1_0_0_0_0_1_0_0_0_0_0_0_0_1_1_1_1_0_0_0_1_0_0_0_0_0_0_0_1_0_0_0_0_0_0_1_1_0_1,1,0.0008266666666666666,2.8674417556808744e-5,0.2019704433497537,313.7291704350519
1_1_0_1_1_1_1_1_0_0_0_1_1_0_1_1_1_1_1_1_1_0_0_1_0_0_1_1_1_1_1_0_0_1_1_1_0_1_0_0_0_1_1_0_1_0_1_0_0_0_1_0,1,0.0008166666666666666,8.339997335464534e-5,0.22660098522167488,371.0017917802083
1_1_0_1_1_1_1_1_0_0_0_1_1_0_1_1_1_1_1_1_1_0_0_1_0_0_1_0_1_1_1_0_0_1_1_1_0_1_0_0_0_0_1_0_1_0_1_0_0_0_1_0,1,0.0008133333333333333,4.6427960923947056e-5,0.21674876847290642,338.94915475856914
0_1_0_0_1_0_0_0_0_1_0_1_0_0_0_0_1_0_0_1_1_1_1_0_1_1_0_1_0_0_0_1_1_0_0_0_1_1_1_1_1_0_0_1_1_1_0_1_1_1_0_1,1,0.0007899999999999999,7.788880963698615e-5,0.16748768472906403,298.3560683971643
1_0_1_1_0_0_0_0_1_1_1_0_0_1_0_0_0_0_1_0_0_0_0_0_0_0_1_1_1_1_0_0_0_1_0_0_0_0_0_0_0_1_0_0_0_0_1_0_1_1_0_1,1,0.0007766666666666667,6.599663291074443e-5,0.1921182266009852,364.6198394969802
1_0_1_1_0_1_1_1_1_0_1_0_1_1_1_1_0_1_1_0_0_0_0_1_0_0_1_1_1_1_1_0_0_1_1_1_0_0_0_0_0_1_1_0_0_0_1_0_0_0_1_0,1,0.0007766666666666667,3.8586123009300757e-5,0.1724137931034483,311.20836118299655
1_1_1_1_1_0_1_1_1_0_0_1_1_1_1_1_0_1_1_0_0_0_0_1_0_0_1_1_1_1_1_0_0_1_1_1_0_1_0_0_0_1_1_0_1_0_1_0_0_0_0_0,1,0.0007766666666666667,2.6246692913372722e-5,0.2019704433497537,330.1250142547611
0_0_0_0_0_1_0_0_0_1_1_0_0_0_0_0_1_0_0_1_1_1_1_0_1_1_0_0_0_0_0_1_1_0_0_0_1_0_1_1_1_0_0_1_0_1_0_1_1_1_1_1,1,0.00077,6.480740698407859e-5,0.2019704433497537,340.1267841703479
0_1_0_0_1_1_1_1_0_0_0_1_1_0_1_1_1_1_0_1_1_1_1_1_1_1_0_0_0_0_1_1_1_0_1_1_1_1_1_1_1_0_1_1_1_1_0_1_0_0_1_0,1,0.00077,8.164965809277238e-6,0.1921182266009852,363.4484813432182
1_1_0_1_1_1_1_1_1_0_1_1_1_0_1_1_1_1_1_1_1_0_0_1_0_0_1_0_1_1_1_0_0_1_1_1_0_1_0_0_0_0_1_0_0_0_0_0_0_0_1_0,1,0.0007633333333333333,0.0001049867716534908,0.21674876847290642,360.278948855783
1_1_1_1_1_1_1_1_1_0_1_1_1_0_1_1_0_1_1_0_0_0_0_1_0_0_1_1_1_1_1_0_0_1_1_1_0_1_0_0_0_1_1_0_0_0_1_0_0_0_1_0,1,0.0007599999999999999,5.3541261347363375e-5,0.21674876847290642,332.75803023417023
0_1_0_0_1_0_0_0_0_1_0_1_0_0_0_0_1_0_0_1_1_1_1_0_1_1_0_0_0_0_0_1_1_0_0_0_1_1_1_1_1_0_0_1_1_1_0_1_1_1_0_1,1,0.0007599999999999999,7.118052168020874e-5,0.1724137931034483,312.6381497905888
0_0_0_0_0_0_0_0_0_1_1_0_0_0_0_0_1_0_0_1_0_1_1_0_1_1_0_1_0_0_0_1_1_0_0_0_1_0_1_1_1_0_0_1_0_1_0_1_1_1_0_1,1,0.0007566666666666668,8.178562764256865e-5,0.20689655172413793,360.9455485083392
0_0_0_0_0_1_0_0_0_1_0_0_0_0_1_0_1_1_0_1_1_0_0_0_0_0_0_0_1_0_1_1_0_0_0_0_0_0_0_1_1_0_0_1_1_1_0_1_1_1_0_1,1,0.0007566666666666667,4.784233364802444e-5,0.23645320197044334,290.5831939799331
0_1_0_0_1_1_1_0_0_0_0_1_1_1_1_1_1_1_0_1_1_1_1_1_1_1_0_0_0_0_1_1_1_0_1_1_1_1_1_1_1_0_1_1_1_1_0_1_0_0_1_0,1,0.0007566666666666667,4.0276819911981915e-5,0.1921182266009852,328.6443022518972
1_1_1_1_1_1_1_1_1_0_1_1_1_1_0_1_0_0_1_0_0_1_1_1_1_1_1_0_0_1_0_0_1_1_1_1_1_1_1_0_0_1_1_0_0_0_1_0_0_0_1_0,1,0.0007566666666666667,0.00010338708279513882,0.23645320197044334,330.62163087190896
0_0_0_0_0_0_0_0_0_1_0_1_0_0_0_0_1_0_0_1_1_1_1_0_1_1_0_1_0_0_0_1_1_0_0_0_1_0_1_1_1_0_0_1_1_1_1_1_1_1_0_1,1,0.0007433333333333334,1.8856180831641267e-5,0.20689655172413793,328.078633695072
1_0_0_1_0_1_0_0_0_1_1_0_0_0_0_0_0_0_1_0_0_1_1_0_0_1_1_1_0_1_0_0_1_1_0_0_1_0_1_0_0_1_0_0_0_0_0_0_1_1_1_1,1,0.0007366666666666667,0.00014197026292697901,0.24630541871921183,497.92225415070243
1_1_1_1_1_0_1_1_1_0_1_1_1_1_0_1_0_0_1_0_0_1_1_1_1_1_1_1_0_1_0_0_1_1_1_1_1_1_1_0_0_1_1_0_0_0_1_0_0_0_1_0,1,0.0007033333333333333,8.73053390247253e-5,0.23645320197044334,303.7872502573047
0_1_1_0_1_0_1_1_1_0_0_1_1_1_1_1_1_1_0_1_1_0_0_1_1_0_0_0_1_0_1_1_0_0_1_1_0_1_0_1_1_0_1_1_1_1_1_1_0_0_0_0,1,0.0007000000000000001,4.546060565661956e-5,0.24630541871921183,494.0934401220442
1_1_1_1_1_1_1_1_1_0_0_1_1_1_1_1_0_1_1_0_1_0_0_1_0_0_1_0_1_1_1_0_0_1_1_1_0_1_0_0_0_1_1_0_1_0_1_0_0_0_1_0,1,0.00068,2.1602468994692875e-5,0.20689655172413793,359.38850349193007
1_0_1_1_0_0_0_0_0_1_1_0_0_1_0_0_0_0_1_0_0_0_0_0_0_0_1_0_1_1_0_0_0_1_0_0_0_0_0_0_0_0_0_0_0_0_0_0_1_1_0_1,1,0.0006666666666666666,6.236095644623239e-5,0.21182266009852216,330.35042735042737
0_0_0_0_0_0_0_0_0_1_0_0_0_0_1_0_1_1_0_1_1_0_0_0_0_0_0_1_1_0_1_1_0_0_0_0_0_0_0_1_1_0_0_1_1_1_0_1_1_1_0_1,1,0.0006533333333333333,0.00010143416036468624,0.23645320197044334,312.29437132539465
1_0_0_1_0_1_0_0_0_1_1_0_0_0_0_0_1_0_1_1_0_1_1_0_0_1_1_0_0_1_0_0_1_1_0_0_1_0_1_0_0_0_0_0_0_0_0_0_1_1_1_1,1,0.0006500000000000001,6.97614984548545e-5,0.23645320197044334,419.60610281333965
0_0_1_0_0_0_0_0_0_1_0_0_0_1_0_0_0_0_0_0_0_1_1_0_1_1_0_1_0_0_0_1_1_0_0_0_1_0_1_1_1_1_0_1_1_1_1_1_1_1_0_1,1,0.0006433333333333333,6.64997911442e-5,0.21674876847290642,391.2268907563025
1_1_1_1_1_1_1_1_1_0_1_1_1_0_0_1_0_0_1_0_0_0_0_1_0_0_1_1_1_1_0_0_0_1_1_1_0_1_0_0_0_1_1_0_0_0_1_0_0_0_1_0,1,0.0006433333333333333,4.714045207910278e-6,0.2413793103448276,302.87259615384613
1_0_0_1_0_0_0_0_0_1_0_1_0_0_0_0_1_0_1_1_1_0_0_0_0_0_1_1_1_1_0_0_0_1_0_0_0_0_0_0_0_0_0_0_0_0_0_0_1_1_0_1,1,0.0006266666666666668,1.8856180831641318e-5,0.18226600985221675,283.15972222222223
0_0_0_0_0_0_0_0_0_1_0_0_0_1_0_0_1_0_0_1_1_1_1_0_1_1_0_0_0_0_0_1_1_0_0_0_1_0_1_1_1_0_0_1_1_1_0_1_1_1_0_1,1,0.00062,4.9665548085837775e-5,0.21674876847290642,312.0111413219944
0_0_0_0_0_0_0_0_0_1_1_0_0_0_1_0_1_1_0_1_1_1_1_0_1_1_0_1_0_0_1_1_1_0_0_0_1_0_1_1_1_0_0_1_0_1_0_1_1_1_0_1,1,0.0006066666666666667,7.363574011458176e-5,0.23645320197044334,317.65628815628816
0_0_1_0_0_1_1_0_1_0_1_0_0_1_0_0_0_0_0_0_0_1_1_1_1_1_0_0_0_0_0_1_1_0_1_1_1_0_1_1_1_1_1_1_0_1_0_1_1_1_1_1,1,0.0006066666666666667,4.7842333648024404e-5,0.2019704433497537,312.7950074616742
1_0_1_1_0_0_0_1_1_1_1_0_0_0_0_0_0_0_1_0_0_0_0_0_0_0_1_1_1_1_0_0_0_1_0_0_0_0_0_0_0_1_0_0_0_0_1_0_1_1_0_1,1,0.0006033333333333333,1.2472191289246467e-5,0.1921182266009852,313.51385092035724
0_1_0_0_1_0_0_0_0_1_0_1_0_0_1_0_1_1_0_1_1_1_1_0_1_1_0_0_0_0_1_1_1_0_0_0_1_1_1_1_1_0_0_1_1_1_0_1_1_1_0_1,1,0.0006,4.320493798938575e-5,0.20689655172413793,324.04607228195937
0_1_1_0_1_0_1_1_1_0_0_1_1_1_1_1_0_1_0_0_1_0_0_1_1_0_0_1_1_0_1_1_0_0_1_1_0_1_0_1_1_1_1_1_1_1_1_1_0_0_0_0,1,0.0005966666666666667,2.494438257849296e-5,0.23645320197044334,407.90922692796016
1_1_1_1_1_1_1_1_1_0_1_0_1_1_1_1_0_1_1_0_0_0_0_1_0_0_1_0_1_1_1_0_0_1_1_1_0_1_0_0_0_0_1_0_0_0_0_0_0_0_1_0,1,0.0005966666666666667,5.734883511361753e-5,0.22167487684729065,310.7608583243043
0_0_0_0_0_1_0_1_1_1_1_0_1_0_1_0_1_1_0_1_0_1_1_1_1_1_0_1_0_0_1_1_1_0_1_1_1_0_1_1_1_1_0_1_0_1_0_1_1_1_1_1,1,0.0005899999999999999,0.0001098483803552272,0.24630541871921183,316.8595754845755
1_0_0_1_0_0_0_0_0_1_0_1_0_0_0_0_1_0_1_1_1_0_0_0_0_0_1_0_1_1_0_0_0_1_0_0_0_0_0_0_0_0_0_0_0_0_0_0_1_1_0_1,1,0.0005833333333333334,2.0548046676563263e-5,0.18719211822660098,283.298372769119
1_1_0_1_1_0_0_1_0_1_0_1_1_0_1_1_1_1_1_1_1_0_0_0_0_0_1_1_1_1_1_0_0_1_0_0_0_1_0_0_0_0_0_0_1_0_1_0_0_0_0_0,1,0.0005733333333333334,4.496912521077344e-5,0.2019704433497537,316.69543555126967
0_0_0_0_0_0_0_1_0_1_0_1_0_0_0_0_1_0_0_1_1_1_1_0_1_1_0_1_0_0_0_1_1_0_0_0_1_0_1_1_1_0_0_1_1_1_1_1_1_1_0_1,1,0.0005733333333333334,8.055363982396382e-5,0.21674876847290642,323.2858520336606
0_0_0_0_0_0_0_0_0_1_0_1_0_0_0_0_1_0_0_1_1_1_1_0_1_1_0_1_0_0_0_1_1_0_0_0_1_0_1_1_1_1_0_1_1_1_1_1_1_1_0_1,1,0.0005733333333333334,3.681787005729088e-5,0.22167487684729065,332.82137937662173
0_1_0_0_1_0_0_0_0_1_0_1_1_0_1_0_1_1_0_1_1_1_1_0_1_1_0_0_0_0_1_1_1_0_0_0_1_1_1_1_1_0_0_1_1_1_1_1_1_1_0_0,1,0.0005633333333333333,6.649979114420001e-5,0.20689655172413793,317.3186532448715
1_1_1_1_1_0_1_0_0_0_0_1_0_1_0_1_0_0_1_0_1_0_0_0_0_0_1_0_1_1_0_0_0_1_0_0_0_1_0_0_0_0_1_0_1_0_1_0_0_0_0_0,1,0.0005633333333333333,4.714045207910318e-5,0.24630541871921183,315.70729759409005
0_1_1_0_1_0_1_1_1_0_1_1_1_1_1_1_0_1_1_0_0_0_0_1_1_0_0_1_1_0_1_1_0_1_1_1_0_1_0_1_0_1_1_0_0_0_1_0_0_0_1_0,1,0.0005600000000000001,6.976149845485452e-5,0.21674876847290642,316.4250108871469
0_1_1_0_1_1_1_1_1_0_1_0_1_1_1_1_0_1_0_0_0_1_1_1_1_1_0_0_0_0_1_1_1_0_1_1_1_1_1_1_1_1_1_1_1_1_1_1_0_0_1_0,1,0.0005566666666666667,0.0001158543146465518,0.18226600985221675,302.36700883964016
0_1_0_0_1_1_1_1_1_0_0_1_1_0_1_1_1_1_0_1_1_1_1_1_1_1_0_1_0_0_1_1_1_0_1_1_1_1_1_1_1_1_1_1_1_1_1_1_0_0_1_0,1,0.0005533333333333333,1.6996731711975944e-5,0.21182266009852216,326.1014367680207
0_0_0_0_0_0_0_1_0_1_0_1_0_0_0_0_1_0_0_1_1_1_1_0_1_1_0_1_0_0_0_1_1_0_0_0_1_0_1_1_1_1_0_1_1_1_1_1_1_1_0_1,1,0.00055,3.7416573867739416e-5,0.2315270935960591,300.4097659402744
0_0_0_0_0_0_0_0_0_1_0_0_0_1_1_0_1_1_0_1_1_1_1_0_1_1_0_1_0_0_1_1_1_0_0_0_1_0_1_1_1_0_0_1_1_1_0_1_1_1_0_1,1,0.0005466666666666667,4.027681991198191e-5,0.23645320197044334,318.44064183447125
1_1_0_1_1_1_1_1_1_0_0_1_1_0_1_1_1_1_1_1_1_0_0_1_0_0_1_0_1_1_1_0_0_1_1_1_0_1_0_0_0_0_1_0_1_0_1_0_0_0_1_0,1,0.0005466666666666667,3.299831645537221e-5,0.22167487684729065,315.0128011028642
1_1_1_1_1_0_1_1_1_0_0_1_1_1_1_1_0_1_1_0_1_1_1_1_1_1_1_1_0_1_1_0_1_1_1_1_1_1_1_0_0_1_1_0_1_0_1_0_0_0_0_0,1,0.0005433333333333334,2.8674417556808744e-5,0.24630541871921183,405.773044850124
0_0_0_0_0_0_0_0_0_1_0_0_0_1_1_0_1_1_0_1_1_1_1_0_1_1_0_0_0_0_1_1_1_0_0_0_1_0_1_1_1_0_0_1_1_1_0_1_1_1_0_1,1,0.00054,0.00011343133018115704,0.2413793103448276,292.9920072047732
1_1_1_1_1_1_1_0_1_0_1_0_1_1_1_1_0_1_1_0_0_0_0_1_0_0_1_0_1_1_1_0_0_1_1_1_0_1_0_0_0_1_1_0_0_0_0_0_0_0_1_0,1,0.0005333333333333333,3.091206165165234e-5,0.21674876847290642,304.35606060606057
1_1_1_1_1_1_1_1_1_0_0_1_1_1_0_1_0_0_1_0_0_0_0_1_0_0_1_0_1_1_0_0_0_1_1_1_0_1_0_0_0_1_1_0_1_0_1_0_0_0_1_0,1,0.0005266666666666667,4.642796092394708e-5,0.23645320197044334,313.8499778442451
1_0_1_1_0_1_1_1_1_0_1_0_1_1_0_1_0_0_1_0_0_0_0_1_0_0_1_1_1_1_0_0_0_1_1_1_0_0_0_0_0_1_1_0_0_0_1_0_0_0_1_0,1,0.0005233333333333334,1.8856180831641267e-5,0.20689655172413793,315.9679144385027
0_1_1_0_1_1_1_1_1_0_1_0_1_1_1_1_0_1_0_0_0_1_1_1_1_1_0_1_0_0_1_1_1_0_1_1_1_1_1_1_1_1_1_1_1_1_1_1_0_0_1_0,1,0.0005233333333333334,8.178562764256865e-5,0.18719211822660098,292.58228753055295
1_1_1_1_1_1_1_1_1_0_1_1_1_0_0_1_0_0_1_0_0_0_0_1_0_0_1_0_1_1_0_0_0_1_1_1_0_1_0_0_0_1_1_0_0_0_1_0_0_0_1_0,1,0.0005133333333333334,2.6246692913372722e-5,0.23645320197044334,311.35040197897337
1_0_0_1_0_1_0_0_0_1_0_0_0_0_0_0_1_0_0_1_1_1_1_0_0_1_1_0_0_1_0_0_1_0_0_0_1_0_1_0_1_0_0_1_1_1_0_1_1_1_0_1,1,0.00051,6.480740698407858e-5,0.21674876847290642,316.47222222222223
1_1_1_1_1_0_1_1_1_0_0_1_1_1_1_1_1_1_1_1_1_1_1_1_1_1_1_0_0_1_1_0_1_1_1_1_1_1_1_0_0_0_1_0_1_0_1_0_0_0_0_0,1,0.0005099999999999999,8.524474568362947e-5,0.2561576354679803,466.35262725779967
1_0_0_1_0_0_0_0_0_1_0_0_0_0_0_0_1_0_0_1_1_1_1_0_0_1_1_1_0_1_0_0_1_0_0_0_1_0_1_0_1_0_0_1_1_1_0_1_1_1_0_1,1,0.0005066666666666667,1.2472191289246465e-5,0.21674876847290642,346.8399667559331
1_1_1_1_1_0_1_1_1_0_0_1_1_1_1_1_1_1_0_1_1_1_1_1_0_1_1_0_0_1_1_0_1_0_1_1_1_1_1_0_1_0_1_1_1_1_1_1_0_0_0_0,1,0.0005,8.48528137423857e-5,0.2413793103448276,486.9843597262952
1_0_1_1_0_1_1_1_1_0_1_0_0_1_0_1_0_0_1_0_0_0_0_1_0_0_1_1_1_1_0_0_0_1_1_1_0_0_0_0_0_1_1_0_0_0_0_0_0_0_1_1,1,0.0004966666666666666,5.4365021434333616e-5,0.20689655172413793,306.3925438596491
1_1_1_1_1_1_1_1_1_0_0_1_1_1_1_1_0_1_1_0_0_0_0_1_0_0_1_0_1_1_1_0_0_1_1_1_0_1_0_0_0_1_1_0_1_0_1_0_0_0_1_0,1,0.0004966666666666666,2.8674417556808744e-5,0.21182266009852216,328.82138364779877
0_0_1_0_0_0_0_0_0_1_1_0_0_1_0_0_0_0_0_0_0_1_1_0_1_1_0_1_0_0_0_1_1_0_0_0_1_0_1_1_1_1_0_1_0_1_0_1_1_1_0_1,1,0.0004933333333333334,5.436502143433363e-5,0.22167487684729065,317.88532926519196
1_1_1_1_1_1_1_0_1_0_1_0_1_1_1_1_0_1_1_0_0_0_0_1_0_0_1_0_1_1_1_0_0_1_1_1_0_1_0_0_0_0_1_0_0_0_0_0_0_0_1_0,1,0.0004833333333333333,1.247219128924648e-5,0.2315270935960591,313.0418439716312
0_1_0_0_1_0_0_0_0_1_0_1_0_0_1_0_1_1_0_1_1_1_1_0_1_1_0_1_0_0_1_1_1_0_0_0_1_1_1_1_1_0_0_1_1_1_0_1_1_1_0_1,1,0.00047999999999999996,6.164414002968974e-5,0.2019704433497537,308.50893938270684
0_0_0_0_0_0_0_0_0_1_1_0_0_0_0_0_1_0_0_1_1_1_1_0_1_1_0_1_0_0_0_1_1_0_0_0_1_0_1_1_1_0_0_1_0_1_0_1_1_1_0_1,1,0.0004766666666666667,5.4365021434333616e-5,0.21182266009852216,323.600930115636
0_0_0_0_0_0_0_0_0_1_0_0_0_0_1_0_1_1_0_1_1_0_0_0_1_0_0_1_1_0_1_1_0_0_0_0_0_0_0_1_1_0_0_1_1_1_0_1_1_1_0_1,1,0.00046666666666666666,7.542472332656504e-5,0.24630541871921183,313.16239316239313
0_0_0_0_0_1_0_0_0_1_1_0_0_0_0_0_0_0_1_0_0_0_0_0_1_0_0_1_1_0_0_1_0_1_0_0_0_0_0_1_0_1_0_0_0_0_0_0_1_1_1_1,1,0.00046333333333333334,1.6996731711975944e-5,0.2413793103448276,472.9498441865463
0_1_1_0_1_1_1_1_1_0_1_1_1_1_1_1_0_1_1_0_0_0_0_1_1_0_0_0_1_0_1_1_0_1_1_1_0_1_0_1_0_1_1_0_0_0_1_0_0_0_1_0,1,0.00046333333333333334,3.858612300930076e-5,0.21674876847290642,334.1514227642276
1_0_0_1_0_0_0_0_0_1_1_0_0_0_1_1_0_0_1_0_1_0_0_0_0_0_1_1_1_1_0_0_0_1_0_0_0_0_0_0_0_1_0_0_0_0_0_0_0_0_0_0,1,0.00046000000000000007,6.377042156569665e-5,0.2512315270935961,408.10470559251047
1_0_1_1_0_1_1_1_1_0_1_0_1_1_0_1_0_0_1_0_0_0_0_1_0_0_1_0_1_1_0_0_0_1_1_1_0_0_0_0_0_1_1_0_0_0_1_0_0_0_1_0,1,0.0004566666666666667,8.178562764256863e-5,0.2019704433497537,298.4252297410192
0_1_1_0_1_1_1_1_1_0_0_1_1_1_0_0_1_1_0_1_0_1_1_1_1_1_0_0_0_0_1_1_1_0_1_1_1_1_1_1_1_0_1_1_1_1_1_1_1_1_1_1,1,0.00045333333333333337,1.699673171197595e-5,0.2512315270935961,399.48264239973037
0_0_0_0_0_1_0_0_0_1_1_0_0_0_0_0_0_0_0_0_0_0_0_0_0_0_0_1_1_0_0_1_0_0_0_0_0_0_0_1_1_1_0_1_0_1_0_1_1_1_1_1,1,0.00044333333333333334,6.236095644623236e-5,0.2561576354679803,428.00606232831296
0_0_0_0_0_1_0_0_0_1_1_0_0_0_0_0_1_0_1_1_0_0_0_0_1_0_0_0_1_0_0_1_0_1_0_0_0_0_0_1_0_0_0_0_0_0_0_0_1_1_1_1,1,0.00043666666666666664,2.357022603955157e-5,0.2315270935960591,419.7686592367443
0_0_1_0_0_0_0_0_1_1_1_0_0_1_0_0_0_0_0_0_0_1_1_0_1_1_0_1_0_0_0_1_1_0_0_0_1_0_1_1_1_1_0_1_0_1_1_1_1_1_0_1,1,0.00043666666666666664,5.436502143433364e-5,0.21182266009852216,366.4885252346553
1_1_1_1_1_1_1_1_1_0_0_1_1_1_0_1_0_0_1_0_0_0_0_1_0_0_1_1_1_1_0_0_0_1_1_1_0_1_0_0_0_1_1_0_1_0_1_0_0_0_1_0,1,0.00043666666666666664,3.299831645537221e-5,0.2413793103448276,322.28197674418607
1_1_0_1_1_1_1_1_0_0_0_1_1_0_1_1_1_1_1_1_1_0_0_1_0_0_1_0_1_1_1_0_0_1_1_1_0_1_0_0_0_0_1_0_1_0_0_0_0_0_1_0,1,0.00043,4.320493798938573e-5,0.21182266009852216,347.6406597660953
0_0_0_0_0_1_0_0_0_1_1_0_0_0_0_0_1_0_0_1_0_0_0_0_0_0_0_0_1_0_0_1_0_0_0_0_0_0_0_1_1_0_0_1_0_1_0_1_1_1_1_1,1,0.0004166666666666667,4.496912521077346e-5,0.24630541871921183,404.46133063154343
1_0_1_1_0_1_1_1_1_0_1_0_0_1_0_1_0_0_1_0_0_0_0_1_0_0_1_1_1_1_0_0_0_1_1_1_0_0_0_0_0_1_1_0_0_0_1_0_0_0_1_1,1,0.00041,2.4494897427831778e-5,0.1921182266009852,271.8805189248065
1_0_0_1_0_1_0_0_0_1_1_0_0_0_1_1_1_0_1_1_1_0_0_0_0_0_1_0_1_1_0_0_0_1_0_0_0_0_0_0_0_0_0_0_0_0_0_0_0_0_1_0,1,0.0004033333333333333,8.259674462242575e-5,0.22660098522167488,315.0532212885154
0_0_0_0_0_0_0_0_0_1_1_0_0_0_1_0_1_1_0_1_1_1_1_0_1_1_0_0_0_0_1_1_1_0_0_0_1_0_1_1_1_0_0_1_0_1_0_1_1_1_0_1,1,0.0003966666666666667,5.312459150169744e-5,0.2413793103448276,315.00614844093104
1_1_1_1_1_1_1_1_1_0_1_1_1_1_0_1_0_0_1_0_0_1_1_1_0_1_1_0_0_1_0_0_1_1_1_1_1_1_1_0_0_1_1_0_0_0_1_0_0_0_1_0,1,0.00039333333333333337,5.73488351136175e-5,0.24630541871921183,335.11141304347825
1_1_1_1_1_0_1_1_1_0_1_1_1_1_0_1_0_0_1_0_0_1_1_1_0_1_1_1_0_1_0_0_1_1_1_1_1_1_1_0_0_1_1_0_0_0_1_0_0_0_1_0,1,0.00039333333333333337,1.699673171197595e-5,0.24630541871921183,290.2329707756537
0_1_0_0_1_0_0_0_0_1_0_1_1_0_1_0_1_1_0_1_1_1_1_0_1_1_0_0_0_0_1_1_1_0_0_0_1_1_1_1_1_0_0_1_1_1_0_1_1_1_0_0,1,0.00039,2.1602468994692858e-5,0.1921182266009852,304.9322493224932
1_1_1_1_1_0_1_1_1_0_0_1_1_1_1_1_0_1_0_0_1_1_1_1_0_1_1_1_0_1_1_0_1_0_1_1_1_1_1_0_1_1_1_1_1_1_1_1_0_0_0_0,1,0.00038666666666666667,6.236095644623235e-5,0.2315270935960591,406.4295212765957
1_0_1_1_0_1_1_1_1_0_1_0_0_1_0_1_0_0_1_0_0_0_0_1_0_0_1_0_1_1_0_0_0_1_1_1_0_0_0_0_0_1_1_0_0_0_1_0_0_0_1_1,1,0.00038666666666666667,5.9066817155564494e-5,0.18719211822660098,289.3071100780738
0_1_1_0_1_0_1_1_1_0_0_1_1_1_0_0_0_1_0_0_0_1_1_1_1_1_0_1_0_0_1_1_1_0_1_1_1_1_1_1_1_1_1_1_1_1_1_1_1_1_0_1,1,0.00038333333333333334,4.714045207910316e-5,0.22660098522167488,316.44444444444446
0_0_1_0_0_1_1_1_1_0_1_0_0_1_0_1_0_0_0_0_0_1_1_1_1_1_0_1_0_0_0_1_1_0_1_1_1_0_1_1_1_1_1_1_0_1_0_1_0_0_1_1,1,0.00037999999999999997,2.8284271247461896e-5,0.21674876847290642,326.3186274509804
0_0_1_0_0_0_0_0_0_1_1_0_0_1_0_0_0_0_0_0_0_1_1_0_1_1_0_0_0_0_0_1_1_0_0_0_1_0_1_1_1_0_0_1_0_1_0_1_1_1_0_1,1,0.00037666666666666664,2.62466929133727e-5,0.2315270935960591,325.1588738059326
0_1_0_0_1_1_1_1_0_0_0_1_1_1_1_1_1_1_0_1_1_1_1_1_1_1_0_0_0_0_1_1_1_0_1_1_1_1_1_1_1_0_1_1_1_1_0_1_0_0_1_0,1,0.0003733333333333333,8.259674462242578e-5,0.1921182266009852,310.1756226684222
0_0_0_0_0_1_0_0_0_1_1_0_0_0_0_0_0_0_0_0_0_0_0_0_1_0_0_1_1_0_0_1_0_0_0_0_0_0_0_1_1_1_0_1_0_1_0_1_1_1_1_1,1,0.00036666666666666667,4.496912521077346e-5,0.2660098522167488,434.51885475825287
1_0_1_1_0_0_0_0_1_1_1_0_0_0_0_0_0_0_1_0_0_0_0_0_0_0_1_1_1_1_0_0_0_1_0_0_0_0_0_0_0_1_0_0_0_0_1_0_1_1_0_1,1,0.00036333333333333335,1.247219128924648e-5,0.1921182266009852,324.046365914787
1_1_1_1_1_1_1_1_1_0_1_0_1_1_1_1_0_1_1_0_0_0_0_1_0_0_1_1_1_1_1_0_0_1_1_1_0_1_0_0_0_1_1_0_1_0_1_0_0_0_1_0,1,0.00036,3.559026084010437e-5,0.20689655172413793,317.6293297345929
0_0_1_0_0_0_0_0_0_1_0_0_0_1_1_0_0_1_0_0_0_1_1_0_1_1_0_1_0_0_1_1_1_0_0_0_1_0_1_1_1_1_0_1_1_1_1_1_1_1_0_1,1,0.00036,4.546060565661953e-5,0.2512315270935961,413.68080275397347
1_1_0_1_1_1_1_1_1_0_0_1_1_0_1_1_1_1_1_1_1_0_0_1_0_0_1_1_1_1_1_0_0_1_1_1_0_1_0_0_0_1_1_0_1_0_1_0_0_0_1_0,1,0.0003533333333333334,6.599663291074444e-5,0.2315270935960591,306.41711229946526
0_1_1_0_1_1_1_1_1_0_1_1_1_1_0_1_0_0_1_0_0_0_0_1_1_0_0_0_1_0_0_1_0_1_1_1_0_1_0_1_0_1_1_0_0_0_1_0_0_0_1_0,1,0.0003533333333333333,2.0548046676563267e-5,0.2413793103448276,307.4121667805878
1_1_0_1_1_1_1_1_1_0_1_1_1_0_0_1_1_0_1_1_1_0_0_1_0_0_1_0_1_1_0_0_0_1_1_1_0_1_0_0_0_0_1_0_0_0_0_0_0_0_1_0,1,0.00035,4.082482904638632e-5,0.2512315270935961,392.7142857142857
1_0_1_1_0_1_1_1_1_0_1_0_1_1_0_1_0_0_1_0_0_0_0_1_0_0_1_1_1_1_0_0_0_1_1_1_0_0_0_0_0_1_1_0_0_0_0_0_0_0_1_0,1,0.0003366666666666667,4.027681991198192e-5,0.22167487684729065,285.34784784784785
0_1_0_0_1_0_0_0_0_1_0_1_1_0_1_0_1_1_0_1_1_1_1_0_1_1_0_1_0_0_1_1_1_0_0_0_1_1_1_1_1_0_0_1_1_1_0_1_1_1_0_0,1,0.0003366666666666667,3.681787005729088e-5,0.18719211822660098,273.22586384826167
1_0_1_1_0_1_1_1_1_0_1_0_1_1_1_1_0_0_1_0_0_0_0_1_0_0_1_0_1_1_0_0_0_1_1_1_0_0_0_0_0_1_1_0_0_0_1_0_0_0_1_0,1,0.0003333333333333333,4.784233364802442e-5,0.1921182266009852,289.2595476455321
1_0_1_1_0_0_0_0_1_1_1_0_0_1_0_0_0_0_1_0_0_0_0_0_0_0_1_0_1_1_0_0_0_1_0_0_0_0_0_0_0_1_0_0_0_0_0_0_1_1_0_1,1,0.0003333333333333333,6.79869268479038e-5,0.2019704433497537,315.53703703703707
0_0_0_0_0_1_0_0_0_1_0_0_0_0_1_0_1_1_0_1_1_0_0_0_1_0_0_0_1_0_1_1_0_0_0_0_0_0_0_1_1_0_0_1_1_1_0_1_1_1_0_1,1,0.0003266666666666667,3.8586123009300757e-5,0.24630541871921183,300.382979138614
0_1_0_0_1_0_0_0_0_1_0_1_0_0_1_0_1_1_0_1_1_1_1_0_1_1_0_0_0_0_1_1_1_0_0_0_1_1_1_1_1_0_0_1_1_1_1_1_1_1_0_1,1,0.0003266666666666667,6.548960901462833e-5,0.22167487684729065,284.92052845528457
0_0_0_0_0_1_0_0_0_1_1_0_0_0_0_0_1_0_0_1_0_0_0_0_1_0_0_0_1_0_0_1_0_0_0_0_0_0_0_1_1_0_0_1_0_1_0_1_1_1_1_1,1,0.0003266666666666667,6.599663291074444e-5,0.2561576354679803,413.01307189542484
0_0_0_0_0_0_0_0_0_1_0_1_0_0_0_0_1_0_0_1_1_1_1_0_1_1_0_1_0_0_0_1_1_0_0_0_1_0_1_1_1_0_0_1_0_1_0_1_1_1_0_1,1,0.00032333333333333335,4.1096093353126506e-5,0.2019704433497537,301.1790578457245
1_0_0_1_0_0_0_0_0_1_0_0_0_0_1_0_1_1_0_1_1_1_1_0_0_1_1_1_0_1_1_0_1_0_0_0_1_0_1_0_1_0_0_1_1_1_0_1_1_1_0_1,1,0.0003233333333333333,4.784233364802442e-5,0.2413793103448276,310.4218559218559
0_1_0_0_1_1_1_0_0_0_0_1_1_0_1_1_1_1_0_1_1_1_1_1_1_1_0_1_0_0_1_1_1_0_1_1_1_1_1_1_1_0_1_1_1_1_0_1_0_0_1_0,1,0.0003233333333333333,8.339997335464537e-5,0.19704433497536947,323.16493506493504
1_1_1_1_1_0_1_1_1_0_0_1_1_1_1_1_1_1_1_1_1_1_1_1_0_1_1_0_0_1_1_0_1_1_1_1_1_1_1_0_0_0_1_0_1_0_1_0_0_0_0_0,1,0.00032,2.1602468994692875e-5,0.2660098522167488,497.6391706107731
1_1_0_1_1_0_0_0_0_1_0_1_1_0_1_0_1_1_1_1_1_0_0_0_0_0_1_0_1_1_1_0_0_1_0_0_0_1_0_0_0_0_0_0_1_0_1_0_1_1_0_0,1,0.00031999999999999997,1.4142135623730961e-5,0.21674876847290642,318.7272727272727
1_1_1_1_1_1_1_0_1_0_1_0_1_1_0_1_0_0_1_0_0_0_0_1_0_0_1_1_1_1_0_0_0_1_1_1_0_1_0_0_0_1_1_0_0_0_0_0_0_0_1_0,1,0.00031666666666666665,1.8856180831641267e-5,0.2561576354679803,323.5353535353535
0_1_1_0_1_0_1_1_1_0_1_1_1_1_0_1_0_0_1_0_0_0_0_1_1_0_0_1_1_0_0_1_0_1_1_1_0_1_0_1_0_1_1_0_0_0_1_0_0_0_1_0,1,0.00031666666666666665,2.357022603955159e-5,0.2413793103448276,298.95238095238096
1_0_1_1_0_1_1_1_1_0_1_0_1_1_1_1_0_0_1_0_0_0_0_1_0_0_1_1_1_1_0_0_0_1_1_1_0_0_0_0_0_1_1_0_0_0_1_0_0_0_1_0,1,0.00031,5.715476066494083e-5,0.19704433497536947,304.5781456328994
1_0_1_1_0_0_0_1_1_1_1_0_0_1_0_0_0_0_1_0_0_0_0_0_0_0_1_0_1_1_0_0_0_1_0_0_0_0_0_0_0_1_0_0_0_0_1_0_1_1_0_1,1,0.00031,4.546060565661953e-5,0.19704433497536947,325.4553014553015
0_1_0_0_1_0_0_0_0_1_0_1_0_0_0_0_1_1_0_1_1_1_1_0_1_1_0_0_0_0_1_1_1_0_0_0_1_1_1_1_1_0_0_1_1_1_0_1_1_1_0_1,1,0.0003066666666666667,3.299831645537221e-5,0.19704433497536947,309.2716049382716
0_1_1_0_1_1_1_0_0_0_1_0_1_1_1_1_0_1_0_0_0_1_1_1_1_1_0_1_0_0_1_1_1_0_1_1_1_1_1_1_1_1_1_1_0_1_0_1_0_0_1_0,1,0.0003066666666666667,3.399346342395192e-5,0.20689655172413793,285.8182503770739
1_0_1_1_0_1_1_1_1_0_1_0_0_1_0_0_0_0_1_0_0_1_1_1_1_1_1_0_0_1_0_0_1_1_1_1_1_0_1_0_0_1_1_0_0_0_1_0_1_1_1_1,1,0.00030333333333333335,6.847546194724713e-5,0.22660098522167488,294.2589743589744
0_0_0_0_0_0_0_0_0_1_0_1_0_0_0_0_1_0_0_1_1_1_1_0_1_1_0_0_0_0_0_1_1_0_0_0_1_0_1_1_1_0_0_1_0_1_0_1_1_1_0_1,1,0.00030333333333333335,7.408703590297623e-5,0.20689655172413793,301.3388192267503
1_0_0_1_0_1_0_0_0_1_0_0_0_0_1_0_1_1_0_1_1_1_1_0_0_1_1_0_0_1_1_0_1_0_0_0_1_0_1_0_1_0_0_1_1_1_0_1_1_1_0_1,1,0.00030333333333333335,4.642796092394706e-5,0.2413793103448276,287.2470238095238
1_1_1_1_1_1_1_1_1_0_1_0_1_1_1_1_0_1_1_0_0_0_0_1_0_0_1_0_1_1_1_0_0_1_1_1_0_1_0_0_0_1_1_0_1_0_1_0_0_0_1_0,1,0.0003,7.257180352359081e-5,0.2019704433497537,304.37533548040795
0_1_0_0_1_1_1_1_0_0_0_1_1_0_1_1_1_1_0_1_1_1_1_1_1_1_0_1_0_0_1_1_1_0_1_1_1_1_1_1_1_0_1_1_1_1_1_1_0_0_1_0,1,0.0003,2.1602468994692875e-5,0.2019704433497537,317.42545300677017
0_0_0_0_0_0_0_0_0_1_1_0_0_0_0_0_1_0_0_1_1_1_1_0_1_1_0_0_0_0_0_1_1_0_0_0_1_0_1_1_1_0_0_1_0_1_0_1_1_1_0_1,1,0.0002933333333333333,8.219218670625303e-5,0.21674876847290642,333.0238095238095
1_0_0_1_0_0_0_0_0_1_1_0_0_1_0_0_1_0_1_1_0_0_0_0_0_0_1_1_1_1_0_0_0_1_0_0_0_0_0_0_0_0_0_0_0_0_0_0_1_1_0_1,1,0.0002933333333333333,4.027681991198191e-5,0.21674876847290642,290.5171618504952
0_0_0_0_0_0_0_1_0_1_0_1_0_0_1_0_1_1_0_1_1_1_1_0_1_1_0_0_0_0_1_1_1_0_0_0_1_0_1_1_1_0_0_1_1_1_1_1_1_1_0_1,1,0.0002933333333333333,0.0001108552609887726,0.2561576354679803,316.67195767195767
0_0_1_0_0_0_0_1_1_1_1_0_0_0_0_0_0_0_0_0_0_1_1_0_1_1_0_1_0_0_0_1_1_0_0_0_1_0_1_1_1_1_0_1_0_1_1_1_1_1_0_1,1,0.00029,6.164414002968977e-5,0.21182266009852216,327.51813501813507
1_1_0_1_1_0_0_0_0_1_0_1_1_0_1_0_1_1_1_1_1_0_0_0_0_0_1_0_1_1_1_0_0_1_0_0_0_1_0_0_0_0_0_0_1_0_0_0_1_1_0_0,1,0.0002866666666666667,3.299831645537221e-5,0.2019704433497537,306.7242424242424
0_1_0_0_1_0_0_0_0_1_0_1_0_0_0_0_1_1_0_1_1_1_1_0_1_1_0_0_0_0_1_1_1_0_0_0_1_1_1_1_1_0_0_1_1_1_1_1_1_1_0_1,1,0.0002866666666666667,1.247219128924646e-5,0.21182266009852216,291.0911025968497
0_1_0_0_1_0_0_1_0_1_0_1_0_0_1_0_1_1_0_1_1_1_1_0_1_1_0_0_0_0_1_1_1_0_0_0_1_1_1_1_1_0_0_1_1_1_1_1_1_1_0_1,1,0.00028000000000000003,8.16496580927726e-6,0.2315270935960591,304.33315088487507
1_0_1_1_0_1_1_1_1_0_1_0_0_1_0_1_0_0_1_0_0_0_0_1_0_0_1_0_1_1_0_0_0_1_1_1_0_0_0_0_0_1_1_0_0_0_0_0_0_0_1_1,1,0.00028000000000000003,8.16496580927726e-6,0.2019704433497537,285.35166940339354
0_1_0_0_1_0_0_0_0_1_0_1_0_0_0_0_1_1_0_1_1_1_1_0_1_1_0_1_0_0_1_1_1_0_0_0_1_1_1_1_1_0_0_1_1_1_0_1_1_1_0_1,1,0.00027666666666666665,6.944222218666553e-5,0.1921182266009852,290.17394054395953
0_1_0_0_1_0_0_0_0_1_0_1_1_0_1_1_1_1_0_1_1_0_0_0_0_0_0_0_1_0_1_1_0_0_0_0_0_1_0_1_1_0_0_1_1_1_0_1_0_0_0_0,1,0.00027666666666666665,5.5577773335110216e-5,0.2315270935960591,333.06060606060606
0_1_0_0_1_0_0_0_0_1_0_1_1_0_1_1_1_1_0_1_1_0_0_0_0_0_0_1_1_0_1_1_0_0_0_0_0_1_0_1_1_0_0_1_1_1_0_1_0_0_0_0,1,0.00027,2.160246899469286e-5,0.22660098522167488,295.99274767378216
1_0_0_1_0_0_0_0_0_1_1_0_0_1_0_0_1_0_1_1_0_0_0_0_0_0_1_0_1_1_0_0_0_1_0_0_0_0_0_0_0_0_0_0_0_0_0_0_1_1_0_1,1,0.00027,4.966554808583779e-5,0.22167487684729065,302.4587813620072
1_1_1_1_1_0_1_1_1_0_0_1_1_1_1_1_0_1_1_0_1_1_1_1_0_1_1_1_0_1_1_0_1_1_1_1_1_1_1_0_0_1_1_0_1_0_1_0_0_0_0_0,1,0.00027,2.4494897427831768e-5,0.2561576354679803,383.2839506172839
1_0_0_1_0_0_0_0_1_1_1_0_0_1_0_0_1_0_1_1_0_0_0_0_0_0_1_1_1_1_0_0_0_1_0_0_0_0_0_0_0_0_0_0_0_0_0_0_1_1_0_1,1,0.00027,5.8878405775518974e-5,0.21182266009852216,305.46059506132104
1_0_0_1_0_0_0_1_1_1_0_1_0_0_0_0_1_0_1_1_1_0_0_0_0_0_1_0_1_1_0_0_0_1_0_0_0_0_0_0_0_0_0_0_1_0_1_0_1_1_0_1,1,0.0002666666666666667,4.0276819911981894e-5,0.20689655172413793,316.128078817734
0_1_0_0_1_0_0_0_0_1_0_1_1_0_1_0_1_1_0_1_1_1_1_0_1_1_0_1_0_0_1_1_1_0_0_0_1_1_1_1_1_0_0_1_1_1_1_1_1_1_0_0,1,0.00026333333333333336,1.247219128924646e-5,0.2019704433497537,296.06739926739925
0_1_1_0_1_1_1_1_1_0_0_1_1_0_1_1_0_1_0_0_1_1_1_1_1_1_0_0_0_0_1_1_1_0_1_1_1_1_1_1_1_1_1_1_1_1_1_1_0_0_1_0,1,0.00026333333333333336,8.993825042154693e-5,0.21674876847290642,305.66223250433774
1_1_1_1_1_1_1_0_1_0_1_0_1_1_0_1_0_0_1_0_0_0_0_1_0_0_1_0_1_1_0_0_0_1_1_1_0_1_0_0_0_0_1_0_0_0_0_0_0_0_1_0,1,0.00026333333333333336,3.091206165165234e-5,0.2660098522167488,310.8598298253471
1_0_1_1_0_1_1_0_1_0_1_0_1_1_0_1_0_0_1_0_0_0_0_1_0_0_1_1_1_1_0_0_0_1_1_1_0_0_0_0_0_1_1_0_0_0_0_0_0_0_1_0,1,0.00026333333333333336,4.496912521077348e-5,0.2315270935960591,303.9671092796093
1_0_0_1_0_0_0_0_1_1_1_0_0_1_0_0_1_0_1_1_0_0_0_0_0_0_1_0_1_1_0_0_0_1_0_0_0_0_0_0_0_0_0_0_0_0_0_0_1_1_0_1,1,0.00026,2.1602468994692865e-5,0.21674876847290642,291.5862068965517
0_1_0_0_1_0_0_1_0_1_0_1_1_0_1_0_1_1_0_1_1_1_1_0_1_1_0_0_0_0_1_1_1_0_0_0_1_1_1_1_1_0_0_1_1_1_1_1_1_1_0_0,1,0.00026,4.966554808583778e-5,0.21674876847290642,310.85057471264366
1_1_1_1_1_1_1_1_1_0_0_1_1_1_1_1_0_1_1_0_0_0_0_1_0_0_1_1_1_1_1_0_0_1_1_1_0_1_0_0_0_1_1_0_1_0_1_0_0_0_1_0,1,0.0002566666666666667,2.0548046676563243e-5,0.21674876847290642,329.78539576365665
1_0_1_1_0_1_1_0_1_0_1_0_0_1_0_1_0_0_1_0_0_0_0_1_0_0_1_1_1_1_0_0_0_1_1_1_0_0_0_0_0_1_1_0_0_0_0_0_0_0_1_1,1,0.00025,2.1602468994692855e-5,0.21674876847290642,283.6922015182885
0_0_0_0_0_0_0_1_0_1_0_1_0_0_1_0_1_1_0_1_1_1_1_0_1_1_0_1_0_0_1_1_1_0_0_0_1_0_1_1_1_1_0_1_1_1_1_1_1_1_0_1,1,0.00025,5.099019513592786e-5,0.2660098522167488,308.3903985507247
1_0_1_1_0_0_0_1_1_1_1_0_0_0_0_0_0_0_1_0_0_0_0_0_0_0_1_1_1_1_0_0_0_1_0_0_0_0_0_0_0_1_0_0_1_0_1_0_1_1_0_1,1,0.0002466666666666667,6.599663291074444e-5,0.1921182266009852,312.71634615384613
0_1_0_0_1_0_0_0_0_1_0_1_0_0_1_0_1_1_0_1_1_1_1_0_1_1_0_1_0_0_1_1_1_0_0_0_1_1_1_1_1_0_0_1_1_1_1_1_1_1_0_1,1,0.0002466666666666667,3.299831645537221e-5,0.21674876847290642,284.84263820470716
0_0_0_0_0_0_0_0_0_1_1_0_0_0_1_0_0_1_0_0_1_1_1_0_1_1_0_1_0_0_1_1_1_0_0_0_1_0_1_1_1_1_0_1_0_1_0_1_1_1_0_1,1,0.00024333333333333333,4.714045207910317e-6,0.2512315270935961,296.81111111111113
0_1_0_0_1_0_0_1_0_1_0_1_0_0_0_0_1_1_0_1_1_1_1_0_1_1_0_0_0_0_1_1_1_0_0_0_1_1_1_1_1_0_0_1_1_1_1_1_1_1_0_1,1,0.00024333333333333333,4.027681991198189e-5,0.22167487684729065,271.32034632034635
1_0_1_1_0_1_1_1_1_0_1_0_0_1_0_0_0_0_1_0_0_1_1_1_1_1_1_1_0_1_0_0_1_1_1_1_1_0_1_0_0_1_1_0_0_0_1_0_1_1_1_1,1,0.00024333333333333333,2.8674417556808744e-5,0.2315270935960591,335.6944444444444
1_0_1_1_0_0_0_0_1_1_1_0_0_1_0_0_0_0_1_0_0_0_0_0_0_0_1_0_1_1_0_0_0_1_0_0_0_0_0_0_0_1_0_0_0_0_1_0_1_1_0_1,1,0.00024,2.4494897427831778e-5,0.19704433497536947,329.8192239858907
1_1_1_1_1_1_1_1_1_0_1_0_1_1_0_1_0_0_1_0_0_0_0_1_0_0_1_1_1_1_0_0_0_1_1_1_0_1_0_0_0_1_1_0_0_0_0_0_0_0_1_0,1,0.00024,4.546060565661952e-5,0.24630541871921183,291.7425287356322
0_1_0_0_1_1_1_0_0_0_0_1_1_1_1_1_1_1_0_1_1_1_1_1_1_1_0_0_0_0_1_1_1_0_1_1_1_1_1_1_1_0_1_1_0_1_0_1_0_0_1_0,1,0.00024,2.9439202887759487e-5,0.1921182266009852,279.4358024691358
1_1_0_1_1_0_0_0_0_1_0_1_1_0_1_1_1_1_1_1_1_1_1_0_1_1_1_0_0_1_1_0_1_1_0_0_1_1_1_0_0_0_0_0_1_0_0_0_0_0_0_0,1,0.00023666666666666668,2.357022603955158e-5,0.2413793103448276,318.7485970819304
1_0_0_1_0_1_0_0_0_1_1_0_0_0_0_0_1_0_1_1_0_1_1_0_1_1_1_1_0_1_0_0_1_1_0_0_1_0_1_0_0_0_0_0_0_0_0_0_1_1_1_1,1,0.00023666666666666668,2.867441755680875e-5,0.2315270935960591,401.1975308641975
1_0_0_1_0_0_0_0_0_1_0_1_0_0_0_0_1_0_1_1_1_1_1_0_1_1_1_0_0_1_0_0_1_1_0_0_1_0_1_0_0_0_0_0_1_0_1_0_1_1_0_1,1,0.00023333333333333336,3.858612300930075e-5,0.2512315270935961,324.7135802469136
1_0_1_1_0_0_1_1_1_0_1_1_1_1_0_1_0_0_1_0_0_1_1_1_1_1_1_1_0_1_0_0_1_1_1_1_1_0_1_0_0_1_1_0_0_0_1_0_0_0_1_0,1,0.00023333333333333333,9.428090415820634e-6,0.22167487684729065,266.24999999999994
1_1_0_1_1_1_1_0_0_0_0_1_1_1_1_1_1_1_1_1_1_0_0_1_0_0_1_0_1_1_1_0_0_1_1_1_0_1_0_0_0_0_1_0_1_0_0_0_0_0_1_0,1,0.00023333333333333333,4.02768199119819e-5,0.21182266009852216,333.7071702244116
0_1_0_0_1_0_0_0_0_1_0_0_0_0_1_0_1_1_0_1_1_0_0_0_0_0_0_1_1_0_1_1_0_0_0_0_0_1_0_1_1_0_0_1_1_1_0_1_1_1_0_1,1,0.00023333333333333333,2.0548046676563243e-5,0.22167487684729065,272.1901045814089
0_1_1_0_1_1_1_1_1_0_0_1_1_0_1_1_0_1_0_0_1_1_1_1_1_1_0_1_0_0_1_1_1_0_1_1_1_1_1_1_1_1_1_1_1_1_1_1_0_0_1_0,1,0.00022999999999999998,3.5590260840104354e-5,0.22167487684729065,307.6666666666667
0_1_1_0_1_0_1_1_1_0_0_1_1_1_1_1_0_1_0_0_1_0_0_1_0_0_0_0_1_0_1_1_0_0_1_1_0_1_0_1_1_1_1_1_1_1_1_1_0_0_0_0,1,0.00022666666666666668,6.79869268479038e-5,0.2315270935960591,394.6875
0_0_0_0_0_0_0_0_0_1_1_0_0_1_0_0_1_0_0_1_0_1_1_0_1_1_0_1_0_0_0_1_1_0_0_0_1_0_1_1_1_0_0_1_0_1_0_1_1_1_0_1,1,0.00022666666666666668,4.642796092394706e-5,0.23645320197044334,297.06166757890895
0_1_0_0_1_0_0_0_0_1_0_0_0_1_1_0_1_1_0_1_1_1_1_0_1_1_0_0_0_0_1_1_1_0_0_0_1_1_1_1_1_0_0_1_1_1_0_1_1_1_0_1,1,0.00022666666666666668,2.357022603955157e-5,0.22660098522167488,306.3247863247864
1_0_1_1_0_1_0_1_1_1_1_0_0_0_0_0_0_0_1_0_0_0_0_0_0_0_1_0_1_1_0_0_0_1_0_0_0_0_0_0_0_1_0_0_0_0_1_0_1_1_0_1,1,0.00022666666666666668,4.9216076867444665e-5,0.2019704433497537,328.3265720081136
0_0_1_0_0_1_1_0_1_0_1_0_0_1_0_1_0_0_0_0_0_1_1_1_1_1_0_1_0_0_0_1_1_0_1_1_1_0_1_1_1_1_1_1_0_1_0_1_0_0_1_1,1,0.00022333333333333333,2.357022603955158e-5,0.22660098522167488,297.719298245614
0_0_1_0_0_1_1_1_1_0_1_0_0_1_0_0_0_0_0_0_0_0_0_1_0_0_0_1_1_0_0_1_0_0_1_1_0_0_0_1_1_1_1_1_0_1_1_1_1_1_1_1,1,0.0002233333333333333,6.128258770283411e-5,0.2413793103448276,287.3838383838384
0_1_0_0_1_1_0_0_0_1_0_0_0_0_1_0_1_1_0_1_1_0_0_0_0_0_0_0_1_0_1_1_0_0_0_0_0_1_0_1_1_0_0_1_1_1_0_1_1_1_0_1,1,0.00022,4.898979485566355e-5,0.22167487684729065,251.7965367965368
1_1_1_1_1_1_1_1_1_0_0_1_1_0_1_1_0_1_1_0_1_0_0_1_0_0_1_0_1_1_1_0_0_1_1_1_0_1_0_0_0_1_1_0_1_0_1_0_0_0_1_0,1,0.00022,2.9439202887759477e-5,0.23645320197044334,350.65066512434936
0_1_0_0_1_0_0_0_0_1_0_1_1_0_1_0_1_1_0_1_1_1_1_0_1_1_0_1_0_0_1_1_1_0_0_0_1_1_1_1_1_1_0_1_1_1_1_1_1_1_0_0,1,0.00022,6.97614984548545e-5,0.21674876847290642,294.2671869193608
1_0_1_1_0_1_1_1_1_0_1_0_0_1_0_1_0_0_1_0_0_0_0_1_0_0_1_0_1_1_0_0_0_1_1_1_0_0_0_0_0_0_1_0_0_0_0_0_0_0_1_1,1,0.00022,8.16496580927726e-6,0.21674876847290642,289.35221783047865
1_0_0_1_0_0_0_0_0_1_0_1_0_0_0_0_1_0_1_1_1_0_0_0_0_0_1_0_1_1_0_0_0_1_0_0_0_0_0_0_0_0_0_0_0_0_1_0_1_1_0_1,1,0.00022,6.480740698407859e-5,0.2019704433497537,272.8979202037351
1_0_1_1_0_0_0_0_0_1_1_0_0_1_0_0_0_0_1_0_0_0_0_0_0_0_1_0_1_1_0_0_0_1_0_0_0_0_0_0_0_1_0_0_0_0_0_0_1_1_0_1,1,0.00021666666666666668,2.867441755680875e-5,0.20689655172413793,279.55757575757576
1_0_1_1_0_1_1_1_1_0_1_0_1_1_1_1_0_0_1_0_0_0_0_1_0_0_1_1_1_1_0_0_0_1_1_1_0_0_0_0_0_1_1_0_0_0_0_0_0_0_1_0,1,0.00021666666666666666,3.3993463423951894e-5,0.21182266009852216,293.55771526001706
0_0_0_0_0_0_0_0_0_1_0_0_0_1_1_0_0_1_0_0_0_1_1_0_1_1_0_1_0_0_1_1_1_0_0_0_1_0_1_1_1_1_0_1_1_1_0_1_1_1_0_1,1,0.00021666666666666666,1.247219128924647e-5,0.24630541871921183,302.703557312253
1_1_0_1_1_1_1_0_0_0_0_1_1_0_1_1_1_1_1_1_1_0_0_1_0_0_1_1_1_1_1_0_0_1_1_1_0_1_0_0_0_0_1_0_1_0_0_0_0_0_1_0,1,0.00021666666666666666,2.0548046676563253e-5,0.21674876847290642,289.4909622541202
1_0_1_1_0_1_1_1_1_0_1_0_1_1_0_1_0_0_1_0_0_0_0_1_0_0_1_0_1_1_0_0_0_1_1_1_0_0_0_0_0_1_1_0_0_0_0_0_0_0_1_0,1,0.00021666666666666666,2.0548046676563253e-5,0.21674876847290642,286.0639287612972
1_0_0_1_0_0_0_0_0_1_1_0_0_0_1_1_1_0_1_1_1_0_0_0_0_0_1_1_1_1_0_0_0_1_0_0_0_0_0_0_0_0_0_0_0_0_0_0_0_0_0_0,1,0.00021333333333333336,2.357022603955158e-5,0.23645320197044334,321.1352657004831
0_1_1_0_1_1_1_1_0_0_0_1_1_0_1_1_0_1_0_0_1_1_1_1_1_1_0_1_0_0_1_1_1_0_1_1_1_1_1_1_1_1_1_1_1_1_1_1_0_0_1_0,1,0.0002133333333333333,3.091206165165234e-5,0.21674876847290642,332.71668087524864
0_0_1_0_0_0_0_1_1_1_1_0_0_1_0_0_0_0_0_0_0_1_1_0_1_1_0_0_0_0_0_1_1_0_0_0_1_0_1_1_1_1_0_1_0_1_1_1_1_1_0_1,1,0.00021,3.559026084010437e-5,0.21674876847290642,358.6533816425121
0_0_1_0_0_0_0_0_1_1_1_0_0_1_0_0_0_0_0_0_0_1_1_0_1_1_0_0_0_0_0_1_1_0_0_0_1_0_1_1_1_1_0_1_0_1_0_1_1_1_0_1,1,0.00020999999999999998,5.3541261347363375e-5,0.22167487684729065,334.8605098605098
0_1_1_0_1_1_1_1_1_0_1_0_1_1_1_1_0_1_0_0_0_1_1_1_1_1_0_1_0_0_1_1_1_0_1_1_1_1_1_1_1_1_1_1_1_1_0_1_0_0_1_0,1,0.00020666666666666666,3.6817870057290866e-5,0.2019704433497537,289.9896825396825
0_1_0_0_1_0_1_0_0_0_0_1_1_1_1_1_1_1_0_1_1_1_1_1_1_1_0_1_0_0_1_1_1_0_1_1_1_1_1_1_1_0_1_1_1_1_0_1_0_0_1_0,1,0.00020333333333333336,4.714045207910317e-6,0.2019704433497537,290.8333333333333
1_0_1_1_0_1_1_0_1_0_1_0_1_1_1_1_0_0_1_0_0_0_0_1_0_0_1_1_1_1_0_0_0_1_1_1_0_0_0_0_0_1_1_0_0_0_0_0_0_0_1_0,1,0.0002,6.480740698407859e-5,0.22167487684729065,292.41208067295025
1_1_0_1_1_1_1_1_0_0_0_1_1_1_1_1_1_1_1_1_1_0_0_1_0_0_1_0_1_1_1_0_0_1_1_1_0_1_0_0_0_0_1_0_1_0_0_0_0_0_1_0,1,0.0002,2.1602468994692865e-5,0.21182266009852216,314.7165013984236
0_1_1_0_1_1_1_1_1_0_1_0_1_1_1_0_0_1_0_0_0_1_1_1_1_1_0_0_0_0_1_1_1_0_1_1_1_1_1_1_1_1_1_1_0_1_1_1_1_0_1_1,1,0.0002,2.4494897427831778e-5,0.22167487684729065,264.54901960784315
0_0_0_0_0_0_0_0_1_1_1_0_0_1_0_0_1_0_0_1_0_1_1_0_1_1_0_1_0_0_0_1_1_0_0_0_1_0_1_1_1_0_0_1_0_1_0_1_1_1_0_1,1,0.00019666666666666669,2.494438257849294e-5,0.2315270935960591,339.8115493336923
0_1_0_0_1_0_0_0_0_1_0_0_0_1_0_0_1_1_0_1_1_1_1_0_1_1_0_1_0_0_1_1_1_0_0_0_1_1_1_1_1_0_0_1_1_1_0_1_1_1_0_1,1,0.00019666666666666669,3.399346342395191e-5,0.21182266009852216,283.40786749482396
1_1_1_1_1_1_1_1_1_0_1_1_1_0_0_1_1_0_1_1_0_0_0_1_0_0_1_0_1_1_0_0_0_1_1_1_0_1_0_0_0_0_1_0_0_0_1_0_0_0_1_0,1,0.00019666666666666669,3.299831645537223e-5,0.2512315270935961,288.9595959595959
1_1_1_1_1_1_1_1_0_0_0_1_1_0_1_1_0_1_1_0_1_0_0_1_0_0_1_0_1_1_1_0_0_1_1_1_0_1_0_0_0_1_1_0_1_0_1_0_0_0_1_0,1,0.00019666666666666669,1.8856180831641267e-5,0.2315270935960591,299.80392156862746
1_1_0_1_1_1_1_1_0_0_0_1_1_0_1_1_1_1_1_1_1_0_0_1_0_0_1_1_1_1_1_0_0_1_1_1_0_1_0_0_0_0_1_0_1_0_1_0_0_0_1_0,1,0.00019666666666666669,1.247219128924647e-5,0.22167487684729065,314.3941798941799
1_1_1_1_1_1_1_1_1_0_0_1_1_1_0_1_1_0_1_1_0_0_0_1_0_0_1_0_1_1_0_0_0_1_1_1_0_1_0_0_0_0_1_0_1_0_1_0_0_0_1_0,1,0.00019666666666666669,4.1899350299921794e-5,0.2512315270935961,273.7103174603174
1_0_1_1_0_1_1_1_1_0_1_1_1_0_1_1_0_0_1_0_0_0_0_1_0_0_1_1_1_1_0_0_0_1_1_1_0_0_0_0_0_1_1_0_0_0_1_0_0_0_1_0,1,0.00018999999999999998,6.377042156569664e-5,0.21674876847290642,290.74758454106285
0_0_0_0_0_1_0_1_1_1_1_0_1_0_1_0_1_1_0_1_0_1_1_1_1_1_0_1_0_0_1_1_1_0_1_1_1_0_1_1_1_0_0_1_0_1_0_1_1_1_1_1,1,0.0001866666666666667,1.247219128924647e-5,0.2413793103448276,301.8715170278638
0_1_1_0_1_1_1_1_0_0_0_1_1_0_1_1_0_1_0_0_1_1_1_1_1_1_0_0_0_0_1_1_1_0_1_1_1_1_1_1_1_1_1_1_1_1_1_1_0_0_1_0,1,0.0001866666666666667,2.0548046676563253e-5,0.21182266009852216,279.21261487050964
1_1_0_1_1_0_0_1_0_1_0_1_1_0_1_0_1_1_1_1_1_0_0_0_0_0_1_0_1_1_1_0_0_1_0_0_0_1_0_0_0_0_0_0_1_0_1_0_1_1_0_0,1,0.0001866666666666667,4.714045207910317e-6,0.22660098522167488,326.50097465886944
1_0_1_1_0_1_1_1_1_0_1_1_1_0_1_1_0_0_1_0_0_0_0_1_0_0_1_0_1_1_0_0_0_1_1_1_0_0_0_0_0_1_1_0_0_0_1_0_0_0_1_0,1,0.00018666666666666666,2.8674417556808767e-5,0.21182266009852216,294.39234449760767
1_0_1_1_0_1_1_1_1_0_1_0_0_1_0_0_0_0_1_0_0_1_1_1_0_1_1_0_0_1_0_0_1_1_1_1_1_0_1_0_0_1_1_0_0_0_1_0_1_1_1_1,1,0.00018666666666666666,7.039570693980957e-5,0.23645320197044334,303.9858670741024
1_0_1_1_0_1_1_1_1_0_1_1_1_1_0_1_0_0_1_0_0_1_1_1_1_1_1_0_0_1_0_0_1_1_1_1_1_0_1_0_0_1_1_0_0_0_1_0_0_0_1_0,1,0.00018666666666666666,3.399346342395191e-5,0.22167487684729065,291.7900432900433
0_1_1_0_1_1_1_0_0_0_1_0_1_1_1_1_0_1_0_0_0_1_1_1_1_1_0_0_0_0_1_1_1_0_1_1_1_1_1_1_1_0_1_1_0_1_0_1_0_0_1_0,1,0.00018666666666666666,2.0548046676563253e-5,0.21674876847290642,314.54104010025065
0_0_1_0_0_1_1_1_1_0_1_0_0_1_0_0_0_0_0_0_0_0_0_1_0_0_0_0_1_0_0_1_0_0_1_1_0_0_0_1_1_1_1_1_0_1_1_1_1_1_1_1,1,0.0001833333333333333,2.494438257849295e-5,0.23645320197044334,326.4310776942356
0_0_1_0_0_0_0_1_1_1_1_0_0_1_0_0_0_0_0_0_0_0_0_1_0_0_0_1_1_0_0_1_0_0_1_1_0_0_0_1_1_1_0_1_0_1_0_1_1_1_1_1,1,0.0001833333333333333,3.399346342395191e-5,0.27586206896551724,414.2978118783746
0_1_0_0_1_1_1_1_0_0_0_1_1_0_1_1_1_1_0_1_1_1_1_1_1_1_0_1_0_0_1_1_1_0_1_1_1_1_1_1_1_0_1_1_1_1_0_1_0_0_1_0,1,0.00018,5.354126134736336e-5,0.19704433497536947,319.6371610845295
1_1_0_1_1_0_0_0_0_1_0_1_1_0_1_0_1_1_1_1_1_0_0_0_0_0_1_1_1_1_1_0_0_1_0_0_0_1_0_0_0_0_0_0_1_0_0_0_1_1_0_0,1,0.00018,1.414213562373095e-5,0.19704433497536947,334.4117647058824
1_0_1_1_0_1_1_1_1_0_1_1_1_0_0_1_0_0_1_0_0_0_0_1_0_0_1_1_1_1_0_0_0_1_1_1_0_0_0_0_0_1_1_0_0_0_1_0_0_0_1_0,1,0.00018,8.041558721209879e-5,0.22660098522167488,295.94252873563215
0_1_1_0_1_1_1_1_1_0_0_1_1_1_0_0_0_1_0_0_0_1_1_1_1_1_0_0_0_0_1_1_1_0_1_1_1_1_1_1_1_1_1_1_1_1_1_1_1_1_1_1,1,0.0001766666666666667,2.6246692913372715e-5,0.23645320197044334,327.9598997493734
1_1_0_1_1_0_0_0_0_1_0_1_1_0_1_1_1_1_1_1_1_1_1_0_0_1_1_1_0_1_1_0_1_1_0_0_1_1_1_0_0_0_0_0_1_0_0_0_0_0_0_0,1,0.00017666666666666666,1.6996731711975947e-5,0.24630541871921183,304.6764705882353
1_0_1_1_0_1_1_1_1_0_1_0_0_1_0_0_0_0_1_0_0_1_1_1_0_1_1_1_0_1_0_0_1_1_1_1_1_0_1_0_0_1_1_0_0_0_1_0_1_1_1_1,1,0.00017666666666666666,1.6996731711975947e-5,0.2413793103448276,365.1225490196078
1_0_1_1_0_1_1_0_1_0_1_0_1_1_0_1_0_0_1_0_0_0_0_1_0_0_1_0_1_1_0_0_0_1_1_1_0_0_0_0_0_0_1_0_0_0_0_0_0_0_1_0,1,0.00017333333333333336,3.299831645537223e-5,0.2413793103448276,314.46479446479447
0_1_1_0_1_0_1_1_1_0_0_1_1_1_1_1_0_1_1_0_1_0_0_1_1_0_0_1_1_0_1_1_0_1_1_1_0_1_0_1_0_1_1_0_1_0_1_0_0_0_0_0,1,0.00017,3.5590260840104375e-5,0.2512315270935961,439.5087719298246
1_1_0_1_1_1_1_0_0_0_0_1_1_0_1_1_1_1_1_1_1_1_1_0_1_1_1_0_0_1_1_0_1_1_0_0_1_1_1_0_0_0_1_0_1_0_1_0_0_0_0_0,1,0.00016999999999999999,3.559026084010438e-5,0.27586206896551724,426.7027417027418
0_1_1_0_1_1_1_1_1_0_1_0_1_1_1_1_0_1_0_0_0_0_0_1_0_0_0_0_1_0_1_1_0_0_1_1_0_1_0_1_1_1_1_1_0_1_1_1_0_0_1_0,1,0.00016666666666666666,3.299831645537222e-5,0.2315270935960591,257.4847374847375
0_1_0_0_1_0_0_0_0_1_0_0_0_1_1_0_1_1_0_1_1_1_1_0_1_1_0_1_0_0_1_1_1_0_0_0_1_1_1_1_1_0_0_1_1_1_0_1_1_1_0_1,1,0.00016666666666666666,4.784233364802442e-5,0.22167487684729065,300.9916457811195
1_0_1_1_0_1_1_0_1_0_1_0_0_1_0_1_0_0_1_0_0_0_0_1_0_0_1_0_1_1_0_0_0_1_1_1_0_0_0_0_0_0_1_0_0_0_0_0_0_0_1_1,1,0.00016333333333333334,9.428090415820645e-6,0.22660098522167488,286.6928104575164
1_1_1_1_1_1_1_1_1_0_1_0_1_1_0_1_0_0_1_0_0_0_0_1_0_0_1_1_1_1_0_0_0_1_1_1_0_1_0_0_0_1_1_0_1_0_1_0_0_0_1_0,1,0.00016333333333333334,3.771236166328254e-5,0.2413793103448276,261.69059011164273
0_0_1_0_0_1_1_1_1_0_1_0_0_1_0_1_0_0_0_0_0_1_1_1_1_1_0_0_0_0_0_1_1_0_1_1_1_0_1_1_1_1_1_1_0_1_1_1_0_0_1_1,1,0.00016333333333333334,1.8856180831641277e-5,0.19704433497536947,266.92397660818716
1_0_1_1_0_1_1_1_1_0_1_0_1_1_1_1_0_0_1_0_0_0_0_1_0_0_1_0_1_1_0_0_0_1_1_1_0_0_0_0_0_1_1_0_0_0_0_0_0_0_1_0,1,0.00016333333333333334,8.219218670625303e-5,0.20689655172413793,307.02645502645504
0_0_0_0_0_0_0_0_0_1_0_0_0_1_1_0_0_1_0_0_1_1_1_0_1_1_0_1_0_0_1_1_1_0_0_0_1_0_1_1_1_1_0_1_1_1_0_1_1_1_0_1,1,0.00016,2.828427124746191e-5,0.2512315270935961,299.88095238095235
0_1_1_0_1_1_1_1_1_0_1_0_1_1_0_0_0_1_0_0_0_1_1_1_1_1_0_1_0_0_1_1_1_0_1_1_1_1_1_1_1_1_1_1_0_1_1_1_1_1_1_1,1,0.00016,2.1602468994692878e-5,0.21182266009852216,304.15786827551534
1_0_0_1_0_0_0_0_0_1_0_1_0_0_0_1_1_0_1_1_1_0_0_0_0_0_1_0_1_1_0_0_0_1_0_0_0_0_0_0_0_0_0_0_1_0_0_0_0_1_0_0,1,0.00016,1.632993161855453e-5,0.22660098522167488,260.64814814814815
0_1_0_0_1_0_0_0_0_1_0_0_0_1_0_0_1_1_0_1_1_1_1_0_1_1_0_0_0_0_1_1_1_0_0_0_1_1_1_1_1_0_0_1_1_1_0_1_1_1_0_1,1,0.00016,2.9439202887759494e-5,0.21674876847290642,330.6320949432405
0_1_0_0_1_0_0_0_0_1_0_1_0_0_0_0_1_1_0_1_1_1_1_0_1_1_0_1_0_0_1_1_1_0_0_0_1_1_1_1_1_0_0_1_1_1_1_1_1_1_0_1,1,0.00016,2.1602468994692878e-5,0.20689655172413793,306.8078529657477
0_1_1_0_1_1_1_1_1_0_1_0_1_1_0_0_0_1_0_0_0_1_1_1_1_1_0_0_0_0_1_1_1_0_1_1_1_1_1_1_1_1_1_1_0_1_1_1_1_1_1_1,1,0.00015999999999999999,4.3204937989385736e-5,0.20689655172413793,259.2748917748918
1_0_0_1_0_0_0_0_0_1_0_1_0_0_0_1_1_0_1_1_1_0_0_0_0_0_1_1_1_1_0_0_0_1_0_0_0_0_0_0_0_0_0_0_1_0_0_0_0_1_0_0,1,0.0001566666666666667,1.699673171197596e-5,0.22167487684729065,279.5925925925926
1_0_0_1_0_1_0_0_0_1_1_0_0_0_0_0_0_0_0_0_0_1_1_0_0_1_1_1_0_1_0_0_1_0_0_0_1_0_1_0_1_1_0_1_0_1_0_1_1_1_1_1,1,0.0001566666666666667,2.867441755680876e-5,0.26108374384236455,465.8077485380117
0_0_0_0_0_0_0_1_1_1_1_0_0_1_0_0_1_0_0_1_0_1_1_1_1_1_0_1_0_0_0_1_1_0_1_1_1_0_1_1_1_0_0_1_0_1_0_1_1_1_1_1,1,0.0001566666666666667,1.699673171197596e-5,0.22167487684729065,289.8624338624339
0_0_0_0_0_0_0_0_0_1_0_1_0_0_1_0_1_1_0_1_1_1_1_0_1_1_0_0_0_0_1_1_1_0_0_0_1_0_1_1_1_0_0_1_1_1_1_1_1_1_0_1,1,0.0001566666666666667,3.39934634239519e-5,0.24630541871921183,289.4764987334647
0_0_0_0_0_0_0_0_0_1_1_0_0_1_0_0_1_0_0_1_0_1_1_0_1_1_0_0_0_0_0_1_1_0_0_0_1_0_1_1_1_0_0_1_0_1_0_1_1_1_0_1,1,0.0001566666666666667,2.0548046676563267e-5,0.2413793103448276,308.7695868945869
1_1_0_1_1_1_1_1_0_0_0_1_1_0_1_1_1_1_1_1_1_0_0_1_0_0_1_1_1_1_1_0_0_1_1_1_0_1_0_0_0_0_1_0_1_0_0_0_0_0_1_0,1,0.0001566666666666667,4.7140452079103295e-6,0.21674876847290642,329.3888888888889
0_1_1_0_1_1_1_1_1_0_0_1_1_1_0_0_0_1_0_0_0_1_1_1_1_1_0_1_0_0_1_1_1_0_1_1_1_1_1_1_1_1_1_1_1_1_1_1_1_1_1_1,1,0.00015666666666666666,3.8586123009300757e-5,0.2413793103448276,323.13492063492066
1_0_0_1_0_0_0_0_0_1_0_1_0_0_1_1_1_0_1_1_1_0_0_0_0_0_1_0_1_1_0_0_0_1_0_0_0_0_0_0_0_0_0_0_1_0_0_0_0_0_0_0,1,0.00015333333333333334,4.784233364802442e-5,0.21182266009852216,286.75990675990676
1_0_0_1_0_0_0_0_0_1_0_1_0_0_0_0_1_0_1_1_1_1_1_0_1_1_1_1_0_1_0_0_1_1_0_0_1_0_1_0_0_0_0_0_1_0_0_0_1_1_0_1,1,0.00015333333333333334,1.699673171197596e-5,0.2315270935960591,252.21625188536953
0_0_1_0_0_1_1_1_1_0_1_0_0_1_0_1_0_0_0_0_0_1_1_1_1_1_0_1_0_0_0_1_1_0_1_1_1_0_1_1_1_1_1_1_0_1_1_1_0_0_1_1,1,0.0001533333333333333,1.8856180831641277e-5,0.2019704433497537,280.1322751322751
1_0_0_1_0_0_0_1_1_1_0_1_0_0_0_0_1_0_1_1_1_0_0_0_0_0_1_1_1_1_0_0_0_1_0_0_0_0_0_0_0_0_0_0_1_0_1_0_1_1_0_1,1,0.0001533333333333333,1.8856180831641277e-5,0.2019704433497537,279.6296296296296
0_0_0_0_0_0_0_0_0_1_0_1_0_0_0_0_1_0_0_1_1_1_1_0_1_1_0_0_0_0_0_1_1_0_0_0_1_0_1_1_1_0_0_1_0_1_1_1_1_1_0_1,1,0.0001533333333333333,2.6246692913372715e-5,0.22167487684729065,280.5716213610951
1_1_1_1_1_1_1_1_1_0_0_1_1_0_1_1_0_1_1_0_1_0_0_1_0_0_1_1_1_1_1_0_0_1_1_1_0_1_0_0_0_1_1_0_1_0_1_0_0_0_1_0,1,0.00015000000000000001,3.7416573867739416e-5,0.2413793103448276,297.4429824561403
0_1_1_0_1_0_1_1_1_0_0_1_1_1_1_1_0_1_0_0_1_0_0_1_1_0_0_1_1_0_1_1_0_0_1_1_0_1_0_1_1_1_1_1_1_1_1_1_0_0_1_0,1,0.00015000000000000001,2.160246899469287e-5,0.2561576354679803,367.1732026143791
0_1_0_0_1_1_1_1_1_0_0_1_1_0_1_1_1_1_0_1_1_1_1_1_1_1_0_1_0_0_1_1_1_0_1_1_1_1_1_1_1_0_1_1_1_1_1_1_0_0_1_0,1,0.00015,1.632993161855453e-5,0.20689655172413793,295.59577677224735
0_0_0_0_0_0_0_0_1_1_1_0_0_1_0_0_1_0_0_1_0_1_1_0_1_1_0_0_0_0_0_1_1_0_0_0_1_0_1_1_1_0_0_1_0_1_0_1_1_1_0_1,1,0.00015,8.16496580927727e-6,0.23645320197044334,330.64682539682536
0_1_1_0_1_1_1_1_1_0_1_0_1_1_1_0_0_1_0_0_0_1_1_1_1_1_0_1_0_0_1_1_1_0_1_1_1_1_1_1_1_1_1_1_0_1_1_1_1_0_1_1,1,0.00015,0.0,0.22660098522167488,260.0
0_0_0_0_0_0_0_1_1_1_0_1_0_0_0_0_1_0_0_1_1_1_1_0_1_1_0_0_0_0_0_1_1_0_0_0_1_0_1_1_1_0_0_1_1_1_1_1_1_1_0_1,1,0.00015,8.16496580927727e-6,0.22660098522167488,292.6845238095238
0_1_1_0_1_1_1_0_1_0_1_0_1_1_1_1_0_1_0_0_0_1_1_1_1_1_0_1_0_0_1_1_1_0_1_1_1_1_1_1_1_1_1_1_1_1_0_1_0_0_1_0,1,0.00015,2.4494897427831785e-5,0.21182266009852216,273.51851851851853
1_0_0_1_0_0_0_0_0_1_0_1_0_0_0_0_1_0_1_1_1_1_1_0_1_1_1_0_0_1_0_0_1_1_0_0_1_0_1_0_0_0_0_0_1_0_0_0_1_1_0_1,1,0.0001466666666666667,4.027681991198191e-5,0.23645320197044334,245.61002178649235
1_1_0_1_1_0_0_0_0_1_0_1_1_0_1_1_1_1_1_1_1_1_1_0_0_1_1_0_0_1_1_0_1_1_0_0_1_1_1_0_0_0_0_0_1_0_0_0_0_0_0_0,1,0.00014666666666666666,1.699673171197596e-5,0.2512315270935961,324.6757164404223
1_1_0_1_1_1_1_0_0_0_0_1_1_0_1_1_1_1_1_1_1_1_1_0_0_1_1_0_0_1_1_0_1_1_0_0_1_1_1_0_0_0_1_0_1_0_1_0_0_0_0_0,1,0.00014666666666666666,3.091206165165235e-5,0.2857142857142857,420.1551956815115
1_1_1_1_1_1_1_1_1_0_0_1_1_1_0_1_1_0_1_1_1_0_0_1_0_0_1_0_1_1_0_0_0_1_1_1_0_1_0_0_0_0_1_0_1_0_1_0_0_0_1_0,1,0.00014666666666666666,3.299831645537222e-5,0.24630541871921183,279.5625427204375
0_0_1_0_0_0_0_0_1_1_1_0_0_0_0_0_0_0_0_0_0_1_1_0_1_1_0_1_0_0_0_1_1_0_0_0_1_0_1_1_1_1_0_1_0_1_1_1_1_1_0_1,1,0.00014666666666666666,3.681787005729087e-5,0.21182266009852216,295.1286549707602
1_0_0_1_0_1_1_1_1_1_1_0_1_0_1_1_1_0_1_1_0_0_0_1_0_0_1_1_1_1_0_0_0_1_1_1_0_0_0_0_0_1_0_0_0_0_0_0_0_0_1_0,1,0.00014666666666666666,2.624669291337271e-5,0.2660098522167488,397.44763814616755
0_1_1_0_1_0_1_1_1_0_0_1_1_1_1_1_0_1_0_0_1_0_0_1_0_0_0_1_1_0_1_1_0_0_1_1_0_1_0_1_1_1_1_1_1_1_1_1_0_0_1_0,1,0.00014666666666666666,9.428090415820645e-6,0.24630541871921183,376.81547619047615
1_0_1_1_0_1_1_1_1_0_1_1_1_0_0_1_0_0_1_0_0_0_0_1_0_0_1_0_1_1_0_0_0_1_1_1_0_0_0_0_0_1_1_0_0_0_1_0_0_0_1_0,1,0.00014666666666666666,3.091206165165235e-5,0.22167487684729065,275.44871794871796
1_1_0_1_1_0_0_0_0_1_0_1_1_0_1_1_1_1_1_1_1_1_1_0_1_1_1_1_0_1_1_0_1_1_0_0_1_1_1_0_0_0_0_0_1_0_0_0_0_0_0_0,1,0.00014666666666666666,4.714045207910317e-6,0.23645320197044334,304.63492063492066
0_1_0_0_1_0_0_1_0_1_0_1_0_0_1_0_1_1_0_1_1_1_1_0_1_1_0_1_0_0_1_1_1_0_0_0_1_1_1_1_1_1_0_1_1_1_1_1_1_1_0_1,1,0.00014333333333333334,2.3570226039551588e-5,0.2413793103448276,318.7121212121212
0_0_0_0_0_0_0_0_0_1_0_1_0_0_1_0_1_1_0_1_1_1_1_0_1_1_0_0_0_0_1_1_1_0_0_0_1_0_1_1_1_0_0_1_0_1_0_1_1_1_0_1,1,0.00014333333333333334,4.4969125210773474e-5,0.2413793103448276,281.17724867724866
1_0_0_1_0_0_0_1_1_1_0_1_0_0_0_0_1_0_1_1_1_0_0_0_0_0_1_1_1_1_0_0_0_1_0_0_0_0_0_0_0_1_0_0_1_0_1_0_1_1_0_1,1,0.00014333333333333334,1.699673171197595e-5,0.21674876847290642,262.77777777777777
0_1_1_0_1_1_1_0_0_0_1_0_1_1_1_1_0_1_0_0_0_1_1_1_1_1_0_0_0_0_1_1_1_0_1_1_1_1_1_1_1_1_1_1_0_1_0_1_0_0_1_0,1,0.00014333333333333334,3.299831645537221e-5,0.2019704433497537,317.48148148148147
1_0_0_1_0_1_0_0_0_1_1_0_0_0_0_0_1_0_1_1_0_1_1_0_0_1_1_1_0_1_0_0_1_1_0_0_1_0_1_0_0_0_0_0_0_0_0_0_1_1_1_1,1,0.00014333333333333334,3.299831645537222e-5,0.2413793103448276,447.51851851851853
0_1_0_0_1_0_0_1_0_1_0_1_1_0_1_0_1_1_0_1_1_1_1_0_1_1_0_1_0_0_1_1_1_0_0_0_1_1_1_1_1_1_0_1_1_1_1_1_1_1_0_0,1,0.0001433333333333333,1.2472191289246484e-5,0.22660098522167488,274.2902930402931
0_1_1_0_1_1_1_1_1_0_1_0_1_1_1_1_0_1_0_0_0_0_0_1_0_0_0_1_1_0_1_1_0_0_1_1_0_1_0_1_1_1_1_1_0_1_0_1_0_0_1_0,1,0.00014000000000000001,7.874007874011811e-5,0.2512315270935961,319.23280423280426
0_0_1_0_0_1_1_1_1_0_1_0_0_1_0_0_0_0_0_0_0_0_0_1_1_0_0_1_1_0_0_1_0_0_1_1_0_0_0_1_1_1_1_1_0_1_1_1_1_1_1_1,1,0.00014000000000000001,1.6329931618554523e-5,0.2512315270935961,280.76388888888886
1_0_0_1_0_0_0_1_0_1_0_1_0_0_0_0_1_0_1_1_1_0_0_0_0_0_1_0_1_1_0_0_0_1_0_0_0_0_0_0_0_0_0_0_0_0_1_0_1_1_0_1,1,0.00014000000000000001,4.96655480858378e-5,0.21182266009852216,283.8715728715729
1_0_0_1_0_1_0_0_0_1_1_0_0_0_0_0_1_0_1_1_1_1_1_0_1_1_1_0_0_1_0_0_1_1_0_0_1_0_1_0_0_0_0_0_0_0_0_0_1_1_1_1,1,0.00014000000000000001,2.1602468994692865e-5,0.2413793103448276,330.2638888888889
1_1_1_1_1_0_1_0_0_0_0_1_0_1_0_1_0_0_1_0_1_0_0_0_0_0_1_0_1_1_0_0_0_1_0_0_0_1_0_0_0_1_1_0_1_0_1_0_0_0_0_0,1,0.00014000000000000001,1.6329931618554523e-5,0.2413793103448276,265.63492063492066
0_0_1_0_0_1_1_1_1_0_1_0_0_1_0_1_0_0_0_0_0_1_1_1_1_1_0_0_0_0_0_1_1_0_1_1_1_0_1_1_1_1_1_1_0_1_0_1_0_0_1_1,1,0.00014000000000000001,2.1602468994692865e-5,0.21182266009852216,301.45202020202015
1_1_1_1_1_1_1_1_1_0_1_0_1_1_0_1_0_0_1_0_0_0_0_1_0_0_1_0_1_1_0_0_0_1_1_1_0_1_0_0_0_0_1_0_0_0_0_0_0_0_1_0,1,0.00014000000000000001,1.6329931618554523e-5,0.2561576354679803,271.0714285714286
1_0_0_1_0_1_0_0_0_1_1_0_0_0_0_0_1_0_1_1_0_1_1_0_1_1_1_0_0_1_0_0_1_1_0_0_1_0_1_0_0_0_0_0_0_0_0_0_1_1_0_1,1,0.00014000000000000001,4.546060565661952e-5,0.24630541871921183,358.93128654970764
1_1_1_1_1_1_1_0_0_0_1_0_1_1_1_1_0_1_1_0_0_0_0_1_0_0_1_1_1_1_1_0_0_1_1_1_0_1_0_0_0_1_1_0_0_0_0_0_0_0_1_0,1,0.00013999999999999996,8.16496580927726e-6,0.22660098522167488,303.6092796092796
1_0_1_1_0_1_0_0_1_1_1_0_0_0_0_0_0_0_1_0_0_0_0_0_0_0_1_0_1_1_0_0_0_1_0_0_0_0_0_0_0_1_0_0_0_0_1_0_1_1_0_1,1,0.00013666666666666666,3.299831645537222e-5,0.2019704433497537,328.88034188034186
0_1_0_0_1_1_0_0_0_1_0_0_0_0_1_0_1_1_0_1_1_0_0_0_1_0_0_0_1_0_1_1_0_0_0_0_0_1_0_1_1_0_0_1_1_1_0_1_1_1_0_1,1,0.00013666666666666666,4.714045207910317e-6,0.2315270935960591,254.30402930402929
0_0_1_0_0_0_0_0_0_1_1_0_0_1_0_0_0_0_0_0_0_1_1_0_1_1_0_0_0_0_0_1_1_0_0_0_1_0_1_1_1_1_0_1_0_1_0_1_1_1_0_1,1,0.00013666666666666666,4.027681991198191e-5,0.22660098522167488,319.9632352941176
0_1_0_0_1_0_0_0_0_1_0_1_0_0_0_0_1_1_0_1_1_1_1_0_1_1_0_1_0_0_1_1_1_0_0_0_1_1_1_1_1_1_0_1_1_1_1_1_1_1_0_1,1,0.00013666666666666666,2.494438257849295e-5,0.22167487684729065,298.45742492801315
0_1_0_0_1_1_0_0_0_1_0_0_0_0_0_0_1_1_0_1_1_0_0_0_0_0_0_0_1_0_1_1_0_0_0_0_0_1_0_1_1_0_0_1_1_1_0_1_1_1_0_1,1,0.00013333333333333334,4.988876515698589e-5,0.21182266009852216,262.1666666666667
0_1_0_0_1_1_1_0_0_0_0_1_1_0_1_1_1_1_0_1_1_0_0_1_0_0_0_0_1_0_1_1_0_0_1_1_0_1_0_1_1_0_1_1_1_1_0_1_0_0_1_0,1,0.00013333333333333334,4.784233364802441e-5,0.2512315270935961,353.8181818181818
0_1_1_0_1_1_1_1_1_0_1_0_1_1_1_1_0_1_0_0_0_0_0_1_0_0_0_1_1_0_1_1_0_0_1_1_0_1_0_1_1_1_1_1_0_1_1_1_0_0_1_0,1,0.00013333333333333334,1.8856180831641274e-5,0.23645320197044334,252.84722222222226
0_0_0_0_0_0_0_0_0_1_1_0_0_0_1_0_0_1_0_0_0_1_1_0_1_1_0_1_0_0_1_1_1_0_0_0_1_0_1_1_1_1_0_1_0_1_0_1_1_1_0_1,1,0.00013333333333333334,1.8856180831641274e-5,0.24630541871921183,292.84722222222223
1_1_1_1_1_1_1_1_1_0_1_0_1_1_1_1_0_1_1_0_0_0_0_1_0_0_1_1_1_1_1_0_0_1_1_1_0_1_0_0_0_1_1_0_1_0_0_0_0_0_1_0,1,0.0001333333333333333,1.699673171197594e-5,0.22167487684729065,316.1774891774892
0_1_0_0_1_0_1_0_0_0_0_1_1_1_1_1_1_1_0_1_1_1_1_1_1_1_0_1_0_0_1_1_1_0_1_1_1_1_1_1_1_0_1_1_0_1_0_1_0_0_1_0,1,0.0001333333333333333,4.496912521077348e-5,0.2019704433497537,306.38305322128855
0_1_1_0_1_0_1_1_1_0_0_1_1_1_1_1_0_1_0_0_1_0_0_1_1_0_0_0_1_0_1_1_0_0_1_1_0_1_0_1_1_1_1_1_1_1_1_1_0_0_0_0,1,0.0001333333333333333,3.681787005729087e-5,0.2413793103448276,414.01709401709405
0_1_0_0_1_0_0_0_0_1_0_1_0_0_1_0_1_1_0_1_1_1_1_0_1_1_0_1_0_0_1_1_1_0_0_0_1_1_1_1_1_1_0_1_1_1_1_1_1_1_0_1,1,0.0001333333333333333,1.2472191289246465e-5,0.2315270935960591,275.11965811965814
1_0_0_1_0_0_0_0_0_1_1_0_0_0_1_1_1_0_1_1_1_0_0_0_0_0_1_0_1_1_0_0_0_1_0_0_0_0_0_0_0_0_0_0_0_0_0_0_0_0_0_0,1,0.0001333333333333333,3.091206165165234e-5,0.2413793103448276,377.15277777777777
1_1_1_1_1_1_1_0_1_0_1_0_1_1_0_1_0_0_1_0_0_0_0_1_0_0_1_0_1_1_0_0_0_1_1_1_0_1_0_0_0_1_1_0_0_0_0_0_0_0_1_0,1,0.00013000000000000002,2.943920288775949e-5,0.2512315270935961,280.68121693121697
0_0_1_0_0_1_1_1_1_0_1_0_0_1_0_0_0_0_0_0_0_0_0_1_0_0_0_1_1_0_0_1_0_0_1_1_0_0_0_1_1_1_1_1_0_1_0_1_1_1_1_1,1,0.00013000000000000002,2.9439202887759494e-5,0.2561576354679803,291.94117647058823
0_1_0_0_1_0_0_0_0_1_0_1_1_0_1_1_1_1_0_1_1_0_0_0_1_0_0_0_1_0_1_1_0_0_0_0_0_1_0_1_1_0_0_1_1_1_0_1_0_0_0_0,1,0.00013,2.943920288775949e-5,0.2413793103448276,351.52777777777777
1_1_0_1_1_0_0_0_0_1_0_1_0_0_0_0_1_0_1_1_1_1_1_0_1_1_1_1_0_1_0_0_1_1_0_0_1_1_1_0_0_0_0_0_1_0_0_0_1_1_0_1,1,0.00013,3.5590260840104375e-5,0.20689655172413793,255.4006734006734
1_1_1_1_1_1_1_1_1_0_1_1_1_0_0_1_1_0_1_1_1_0_0_1_0_0_1_0_1_1_0_0_0_1_1_1_0_1_0_0_0_0_1_0_0_0_1_0_0_0_1_0,1,0.00013,1.4142135623730943e-5,0.24630541871921183,306.29870129870136
0_1_1_0_1_1_1_1_1_0_1_0_1_1_1_1_0_1_0_0_0_0_0_1_0_0_0_0_1_0_1_1_0_0_1_1_0_1_0_1_1_1_1_1_0_1_0_1_0_0_1_0,1,0.00013,3.7416573867739416e-5,0.24630541871921183,339.1666666666667
0_1_1_0_1_0_1_1_1_0_0_1_1_1_1_1_0_1_0_1_1_1_1_1_1_1_0_0_0_0_1_1_1_0_1_1_1_1_1_1_1_0_1_1_1_1_1_1_0_0_0_0,0,0.00013,5.3541261347363375e-5,0.17733990147783252,1001.0
0_0_1_0_0_1_1_1_1_0_1_0_0_1_0_0_0_0_0_0_0_0_0_1_1_0_0_0_1_0_0_1_0_0_1_1_0_0_0_1_1_1_1_1_0_1_1_1_1_1_1_1,1,0.00012666666666666666,3.39934634239519e-5,0.24630541871921183,314.9702380952381
0_0_0_0_0_0_0_1_0_1_0_1_0_0_1_0_1_1_0_1_1_1_1_0_1_1_0_1_0_0_1_1_1_0_0_0_1_0_1_1_1_0_0_1_1_1_1_1_1_1_0_1,1,0.00012666666666666666,2.3570226039551588e-5,0.2512315270935961,292.87878787878793
0_0_1_0_0_1_1_1_1_0_1_0_0_1_0_1_0_0_0_0_0_1_1_1_1_1_0_0_0_0_0_1_1_0_1_1_1_0_1_1_1_0_1_1_0_1_0_1_0_0_1_1,1,0.00012666666666666666,2.3570226039551588e-5,0.22660098522167488,306.969696969697
1_0_1_1_0_1_1_1_1_0_1_1_1_1_1_1_0_0_1_0_0_1_1_1_1_1_1_0_0_1_0_0_1_1_1_1_1_0_1_0_0_1_1_0_0_0_1_0_0_0_1_0,1,0.00012666666666666666,1.2472191289246464e-5,0.21182266009852216,261.7399267399267
1_1_0_1_1_0_0_0_0_1_0_1_1_0_1_0_1_1_1_1_1_0_0_0_0_0_1_1_1_1_1_0_0_1_0_0_0_1_0_0_0_0_0_0_1_0_1_0_1_1_0_0,1,0.00012666666666666666,1.6996731711975944e-5,0.21182266009852216,305.8585858585859
0_1_1_0_1_0_1_1_1_0_0_1_1_1_1_1_1_1_1_1_1_0_0_1_1_0_0_0_1_0_1_1_0_1_1_1_0_1_0_1_0_0_1_0_1_0_1_0_0_0_0_0,1,0.00012666666666666666,2.867441755680876e-5,0.26108374384236455,469.02065527065525
1_0_0_1_0_0_0_0_0_1_0_1_0_0_0_0_1_0_1_1_1_0_0_0_0_0_1_1_1_1_0_0_0_1_0_0_0_0_0_0_0_0_0_0_0_0_1_0_1_1_0_1,1,0.00012666666666666666,1.2472191289246464e-5,0.19704433497536947,281.13053613053614
0_1_1_0_1_1_1_0_1_0_1_0_1_1_1_1_0_1_0_0_0_0_0_1_0_0_0_1_1_0_1_1_0_0_1_1_0_1_0_1_1_1_1_1_0_1_0_1_0_0_1_0,1,0.00012666666666666666,1.885618083164126e-5,0.26108374384236455,302.0
1_0_1_1_0_1_1_1_1_0_1_0_1_1_0_1_0_0_1_0_0_0_0_1_0_0_1_0_1_1_0_0_0_1_1_1_0_0_0_0_0_0_1_0_0_0_0_0_0_0_1_0,1,0.00012666666666666666,2.3570226039551588e-5,0.2315270935960591,294.81060606060606
1_0_0_1_0_1_0_0_0_1_1_0_0_0_0_0_1_0_1_1_0_1_1_0_0_1_1_0_0_1_0_0_1_1_0_0_1_0_1_0_0_0_0_0_0_0_0_0_1_1_0_1,1,0.00012666666666666666,1.2472191289246464e-5,0.2561576354679803,387.12454212454213
1_0_1_1_0_0_0_0_0_1_0_0_0_1_0_0_0_0_1_0_0_1_1_0_1_1_1_1_0_1_0_0_1_1_0_0_1_0_1_0_0_1_0_0_1_0_1_0_1_1_0_1,1,0.00012666666666666666,4.71404520791031e-6,0.2561576354679803,369.6794871794871
0_0_1_0_0_0_0_1_1_1_1_0_0_1_0_0_0_0_0_0_0_0_0_1_1_0_0_1_1_0_0_1_0_0_1_1_0_0_0_1_1_1_0_1_0_1_0_1_1_1_1_1,1,0.00012333333333333334,2.624669291337271e-5,0.2857142857142857,455.9318181818182
1_1_0_1_1_0_1_0_0_0_0_1_1_1_1_1_1_1_1_1_1_0_0_1_0_0_1_1_1_1_1_0_0_1_1_1_0_1_0_0_0_0_1_0_1_0_0_0_0_0_1_0,1,0.00012333333333333334,1.2472191289246465e-5,0.22167487684729065,302.1248196248196
1_0_0_1_0_1_0_0_0_1_1_0_0_0_0_0_1_0_0_1_0_1_1_0_0_1_1_0_0_1_0_0_1_0_0_0_1_0_1_0_1_0_0_1_0_1_0_1_1_1_1_1,1,0.00012333333333333334,2.4944382578492934e-5,0.2512315270935961,402.4216524216524
1_1_0_1_1_1_0_0_0_1_0_0_0_0_1_0_1_1_0_1_1_1_1_0_0_1_1_0_0_1_1_0_1_0_0_0_1_1_1_0_1_0_0_1_1_1_0_1_1_1_0_1,1,0.00012333333333333334,3.39934634239519e-5,0.22660098522167488,276.4111705288176
0_1_1_0_1_1_1_1_1_0_1_0_1_1_1_1_0_1_0_0_0_1_1_1_1_1_0_0_0_0_1_1_1_0_1_1_1_1_1_1_1_1_1_1_1_1_0_1_0_0_1_0,1,0.00012333333333333334,2.624669291337271e-5,0.19704433497536947,275.844696969697
1_1_0_1_1_0_0_0_0_1_0_1_1_0_1_1_1_1_0_1_1_1_1_0_0_1_1_1_0_1_1_0_1_0_0_0_1_1_1_0_1_0_0_1_1_1_0_1_0_0_0_0,1,0.00012333333333333334,1.885618083164126e-5,0.2315270935960591,295.45454545454544
1_1_1_1_1_1_1_1_0_0_0_1_1_0_1_1_0_1_1_0_1_0_0_1_0_0_1_1_1_1_1_0_0_1_1_1_0_1_0_0_0_1_1_0_1_0_1_0_0_0_1_0,1,0.00012333333333333334,3.8586123009300757e-5,0.23645320197044334,350.1785714285714
0_0_0_0_0_0_0_0_0_1_0_1_0_0_1_0_1_1_0_1_1_1_1_0_1_1_0_1_0_0_1_1_1_0_0_0_1_0_1_1_1_1_0_1_1_1_1_1_1_1_0_1,1,0.00012,4.2426406871192855e-5,0.2561576354679803,268.7037037037037
1_0_1_1_0_0_0_1_1_1_1_0_0_1_0_0_0_0_1_0_0_1_1_0_1_1_1_1_0_1_0_0_1_1_0_0_1_0_1_0_0_1_0_0_0_0_1_0_1_1_0_1,1,0.00012,8.164965809277253e-6,0.2512315270935961,347.9817404817405
0_1_0_0_1_0_0_0_0_1_0_1_1_0_1_1_1_1_0_1_1_0_0_0_0_0_0_1_1_0_1_1_0_0_0_0_0_1_0_1_1_0_0_1_1_1_1_1_0_0_0_0,1,0.00011999999999999999,8.164965809277253e-6,0.2413793103448276,269.35897435897436
1_1_0_1_1_1_1_0_0_0_0_1_1_1_1_1_1_1_1_1_1_0_0_1_0_0_1_0_1_1_1_0_0_1_1_1_0_1_0_0_0_0_1_0_0_0_0_0_0_0_1_0,1,0.00011999999999999999,1.4142135623730943e-5,0.21182266009852216,301.9230769230769
1_1_0_1_1_0_0_0_0_1_0_1_1_0_1_0_1_1_1_1_1_0_0_0_0_0_1_1_1_1_1_0_0_1_0_0_0_1_0_0_0_1_0_0_1_0_1_0_1_1_0_0,1,0.00011999999999999999,2.1602468994692858e-5,0.22660098522167488,311.78266178266176
1_1_0_1_1_0_0_0_0_1_0_1_1_0_1_1_1_1_1_1_1_1_1_0_1_1_1_0_0_1_1_0_1_1_0_0_1_1_1_0_0_0_0_0_1_0_1_0_0_0_0_0,1,0.00011999999999999999,2.943920288775948e-5,0.2561576354679803,282.86324786324786
0_1_1_0_1_0_0_0_0_0_0_1_0_1_0_0_0_1_0_0_1_1_1_0_1_1_0_0_0_0_1_1_1_0_0_0_1_1_1_1_1_0_1_1_1_1_1_1_1_1_0_1,1,0.00011999999999999999,1.4142135623730943e-5,0.2660098522167488,326.73160173160176
1_0_1_1_0_1_1_1_1_0_1_0_0_1_0_0_0_0_1_0_0_1_1_1_1_1_1_1_0_1_0_0_1_1_1_1_1_0_1_0_0_1_1_0_0_0_0_0_1_1_1_1,1,0.00011666666666666668,4.109609335312652e-5,0.24630541871921183,289.92615227909346
1_1_0_1_1_0_0_0_0_1_0_1_1_0_1_1_1_1_1_1_1_1_1_0_1_1_1_1_0_1_1_0_1_1_0_0_1_1_1_0_0_0_0_0_1_0_1_0_0_0_0_0,1,0.00011666666666666668,3.771236166328254e-5,0.2512315270935961,291.8518518518519
1_1_1_1_1_1_1_0_0_0_0_1_1_0_1_1_0_1_1_0_1_0_0_0_0_0_1_0_1_1_1_0_0_1_0_0_0_1_0_0_0_1_1_0_1_0_1_0_0_0_0_0,1,0.00011666666666666667,1.6996731711975944e-5,0.22167487684729065,282.39393939393943
1_0_1_1_0_1_1_0_1_0_1_0_1_1_1_1_0_0_1_0_0_0_0_1_0_0_1_0_1_1_0_0_0_1_1_1_0_0_0_0_0_0_1_0_0_0_0_0_0_0_1_0,1,0.00011666666666666667,1.2472191289246465e-5,0.2315270935960591,286.86324786324786
1_0_1_1_0_1_0_1_1_1_1_0_0_0_0_0_0_0_1_0_0_0_0_0_0_0_1_0_1_1_0_0_0_1_0_0_0_0_0_0_0_1_0_0_1_0_1_0_1_1_0_1,1,0.00011666666666666667,2.054804667656325e-5,0.2019704433497537,279.04761904761904
0_1_0_0_1_0_0_0_0_1_0_0_0_0_1_0_1_1_0_1_1_0_0_0_1_0_0_1_1_0_1_1_0_0_0_0_0_1_0_1_1_0_0_1_1_1_0_1_1_1_0_1,1,0.00011666666666666667,2.054804667656325e-5,0.2315270935960591,279.0740740740741
0_0_1_0_0_1_1_1_1_0_1_0_0_1_0_0_0_0_1_0_0_0_0_1_1_0_0_1_1_0_0_1_0_1_1_1_0_0_0_1_0_1_1_0_0_0_1_0_1_1_1_1,1,0.00011666666666666667,2.4944382578492934e-5,0.23645320197044334,338.87542087542084
0_1_0_0_1_0_0_0_0_1_0_0_0_0_0_0_1_1_0_1_1_0_0_0_0_0_0_1_1_0_1_1_0_0_0_0_0_1_0_1_1_0_0_1_1_1_0_1_1_1_0_1,1,0.00011666666666666665,3.3993463423951894e-5,0.21182266009852216,303.6141636141636
1_0_1_1_0_1_1_0_1_0_1_0_0_1_0_1_0_0_1_0_0_0_0_1_0_0_1_0_1_1_0_0_0_1_1_1_0_0_0_0_0_1_1_0_0_0_0_0_0_0_1_1,1,0.00011666666666666665,4.02768199119819e-5,0.21182266009852216,285.76190476190476
0_0_0_0_0_0_0_0_0_1_0_1_0_0_1_0_1_1_0_1_1_1_1_0_1_1_0_1_0_0_1_1_1_0_0_0_1_0_1_1_1_0_0_1_0_1_0_1_1_1_0_1,1,0.00011333333333333334,2.3570226039551575e-5,0.23645320197044334,277.21153846153845
1_0_1_1_0_1_1_0_1_0_1_0_1_1_0_1_0_0_1_0_0_0_0_1_0_0_1_0_1_1_0_0_0_1_1_1_0_0_0_0_0_1_1_0_0_0_0_0_0_0_1_0,1,0.00011333333333333334,1.6996731711975944e-5,0.22660098522167488,280.93304843304844
1_0_0_1_0_0_0_1_0_1_0_1_0_0_0_0_1_0_1_1_1_1_1_0_1_1_1_0_0_1_0_0_1_1_0_0_1_0_1_0_0_0_0_0_1_0_1_0_1_1_0_1,1,0.00011333333333333334,4.714045207910317e-6,0.26108374384236455,278.68686868686865
1_1_0_1_1_1_1_1_1_0_0_1_1_0_1_1_1_1_1_1_1_0_0_1_0_0_1_1_1_1_1_0_0_1_1_1_0_1_0_0_0_0_1_0_1_0_1_0_0_0_1_0,1,0.00011333333333333334,2.0548046676563246e-5,0.22660098522167488,278.97787397787397
1_0_0_1_0_0_0_0_0_1_0_1_0_0_0_0_1_0_1_1_1_1_1_0_0_1_1_0_0_1_0_0_1_1_0_0_1_0_1_0_0_0_0_0_1_0_1_0_1_1_0_1,1,0.00011333333333333334,4.784233364802442e-5,0.26108374384236455,327.53968253968253
1_0_0_1_0_0_0_1_0_1_0_1_0_0_0_0_1_0_1_1_1_0_0_0_0_0_1_1_1_1_0_0_0_1_0_0_0_0_0_0_0_1_0_0_0_0_1_0_1_1_0_1,1,0.00011333333333333333,2.6246692913372695e-5,0.22167487684729065,275.6296296296296
0_1_0_0_1_0_1_1_0_0_0_1_1_1_1_1_1_1_0_1_1_1_1_1_1_1_0_1_0_0_1_1_1_0_1_1_1_1_1_1_1_0_1_1_1_1_0_1_0_0_1_0,1,0.00011,2.4494897427831774e-5,0.2019704433497537,291.13095238095235
0_0_0_0_0_0_0_1_0_1_0_1_0_0_0_0_1_0_0_1_1_1_1_0_1_1_0_0_0_0_0_1_1_0_0_0_1_0_1_1_1_0_0_1_0_1_1_1_1_1_0_1,1,0.00011,2.943920288775949e-5,0.2315270935960591,283.015873015873
0_1_0_0_1_1_1_1_1_0_0_1_1_1_1_1_1_1_0_1_1_1_1_1_1_1_0_0_0_0_1_1_1_0_1_1_1_1_1_1_1_0_1_1_1_1_0_1_0_0_1_0,1,0.00011,2.160246899469286e-5,0.19704433497536947,268.7248677248677
0_0_1_0_0_1_1_1_1_0_1_0_0_1_0_0_0_0_0_0_0_0_0_1_0_0_0_0_1_0_0_1_0_0_1_1_0_0_0_1_1_1_1_1_0_1_0_1_1_1_1_1,1,0.00011,2.160246899469286e-5,0.2512315270935961,255.0854700854701
0_1_1_0_1_1_1_1_1_0_1_0_1_1_1_0_0_1_0_0_0_1_1_1_1_1_0_1_0_0_1_1_1_0_1_1_1_1_1_1_1_1_1_1_0_1_0_1_1_0_1_1,1,0.00011,2.943920288775948e-5,0.2413793103448276,256.86111111111114
0_1_0_0_1_0_0_1_0_1_0_1_1_0_1_0_1_1_0_1_1_1_1_0_1_1_0_1_0_0_1_1_1_0_0_0_1_1_1_1_1_0_0_1_1_1_1_1_1_1_0_0,1,0.00011,8.16496580927726e-6,0.21182266009852216,279.0
0_1_1_0_1_1_1_1_1_0_1_0_1_1_1_1_0_1_0_0_0_1_1_1_1_1_0_0_0_0_1_1_1_0_1_1_1_1_1_1_1_0_1_1_1_1_0_1_0_0_1_0,1,0.00010666666666666668,4.714045207910317e-6,0.21182266009852216,291.8181818181818
0_0_1_0_0_0_1_1_1_0_1_1_1_1_0_1_0_0_1_0_0_0_0_1_1_0_0_1_1_0_0_1_0_1_1_1_0_0_0_1_0_1_1_0_0_0_1_0_0_0_1_0,1,0.00010666666666666668,4.714045207910317e-6,0.22660098522167488,260.90909090909093
0_1_1_0_1_0_1_1_1_0_0_1_1_1_1_1_0_1_0_0_0_0_0_1_0_0_0_1_1_0_1_1_0_0_1_1_0_1_0_1_1_1_1_1_1_1_1_1_0_0_0_0,1,0.00010666666666666668,1.8856180831641267e-5,0.2413793103448276,333.6111111111111
1_1_0_1_1_0_0_0_0_1_0_1_0_0_0_0_1_0_1_1_1_1_1_0_1_1_1_0_0_1_0_0_1_1_0_0_1_1_1_0_0_0_0_0_1_0_0_0_1_1_0_1,1,0.00010666666666666668,1.247219128924647e-5,0.21182266009852216,252.50841750841752
0_1_0_0_1_0_0_1_0_1_0_1_0_0_1_0_1_1_0_1_1_1_1_0_1_1_0_1_0_0_1_1_1_0_0_0_1_1_1_1_1_0_0_1_1_1_1_1_1_1_0_1,1,0.00010666666666666668,1.247219128924647e-5,0.22660098522167488,299.9158249158249
1_0_0_1_0_0_0_0_0_1_0_1_0_0_0_0_1_0_1_1_1_1_1_0_1_1_1_1_0_1_0_0_1_1_0_0_1_0_1_0_0_0_0_0_1_0_1_0_1_1_0_1,1,0.00010666666666666665,2.4944382578492934e-5,0.24630541871921183,281.0833333333333
1_0_0_1_0_0_0_0_0_1_0_1_0_0_0_0_1_0_1_1_1_1_1_0_1_1_1_1_0_1_0_0_1_1_0_0_1_0_1_0_0_1_0_0_1_0_1_0_1_1_0_1,1,0.00010666666666666665,2.4944382578492934e-5,0.26108374384236455,334.73809523809524
1_0_1_1_0_1_1_1_1_0_1_0_1_1_1_1_0_0_1_0_0_0_0_1_0_0_1_0_1_1_0_0_0_1_1_1_0_0_0_0_0_0_1_0_0_0_0_0_0_0_1_0,1,0.00010666666666666665,2.8674417556808754e-5,0.22167487684729065,288.9177489177489
0_0_0_0_0_1_0_1_1_1_1_0_1_0_1_0_1_1_0_1_1_1_1_1_1_1_0_0_0_0_1_1_1_0_1_1_1_0_1_1_1_0_0_1_0_1_0_1_1_1_1_1,1,0.00010666666666666665,2.054804667656325e-5,0.2512315270935961,264.2307692307692
0_1_0_0_1_0_0_0_0_1_0_1_1_0_1_1_1_1_0_1_1_0_0_0_1_0_0_0_1_0_1_1_0_0_0_0_0_1_0_1_1_0_0_1_1_1_1_1_0_0_0_0,1,0.00010666666666666665,3.299831645537221e-5,0.2561576354679803,286.7094017094017
1_0_1_1_0_1_1_0_1_0_1_0_1_1_1_1_0_0_1_0_0_0_0_1_0_0_1_0_1_1_0_0_0_1_1_1_0_0_0_0_0_1_1_0_0_0_0_0_0_0_1_0,1,0.00010666666666666665,1.6996731711975944e-5,0.21674876847290642,266.0712250712251
1_0_0_1_0_0_0_0_0_1_0_1_0_0_1_1_1_0_1_1_1_0_0_0_0_0_1_1_1_1_0_0_0_1_0_0_0_0_0_0_0_0_0_0_1_0_0_0_0_0_0_0,1,0.00010666666666666665,2.8674417556808754e-5,0.20689655172413793,306.1471861471862
1_0_1_1_0_1_1_1_1_0_1_0_0_1_0_0_0_0_1_0_0_1_1_1_1_1_1_0_0_1_0_0_1_1_1_1_1_0_1_0_0_1_1_0_0_0_0_0_1_1_1_1,1,0.00010333333333333333,2.3570226039551588e-5,0.2413793103448276,271.1507936507937
1_0_0_1_0_0_0_1_0_1_0_1_0_0_0_0_1_0_1_1_1_0_0_0_0_0_1_1_1_1_0_0_0_1_0_0_0_0_0_0_0_0_0_0_0_0_1_0_1_1_0_1,1,0.00010333333333333333,4.714045207910317e-6,0.20689655172413793,311.1515151515152
0_1_1_0_1_1_1_1_1_0_1_1_1_0_1_1_0_1_0_0_0_0_0_1_0_0_0_0_1_0_1_1_0_0_1_1_0_1_0_1_1_1_1_1_0_1_1_1_0_0_1_0,1,0.00010333333333333333,2.6246692913372695e-5,0.2512315270935961,262.64550264550263
0_1_0_0_1_0_0_0_0_1_0_1_1_0_1_1_1_1_0_1_1_0_0_0_1_0_0_1_1_0_1_1_0_0_0_0_0_1_0_1_1_0_0_1_1_1_0_1_0_0_0_0,1,0.00010333333333333333,4.714045207910317e-6,0.23645320197044334,330.1818181818182
0_1_1_0_1_1_1_0_1_0_1_0_1_1_1_1_0_1_0_0_0_0_0_1_1_0_0_1_1_0_1_1_0_0_1_1_0_1_0_1_1_1_1_1_0_1_0_1_0_0_1_0,1,0.00010333333333333333,4.714045207910317e-6,0.270935960591133,282.4848484848485
1_0_1_1_0_0_1_1_1_0_1_1_1_1_1_1_0_0_1_0_0_1_1_1_1_1_1_1_0_1_0_0_1_1_1_1_1_0_1_0_0_1_1_0_0_0_1_0_0_0_1_0,1,0.00010333333333333333,3.299831645537221e-5,0.21182266009852216,318.0
0_0_1_0_0_1_1_1_1_0_1_0_1_1_1_1_0_1_0_0_0_0_0_1_0_0_0_0_1_0_1_1_0_0_1_1_0_0_0_1_1_1_1_1_0_1_1_1_0_0_1_0,1,0.00010333333333333333,1.6996731711975947e-5,0.20689655172413793,245.03787878787878
0_1_1_0_1_1_1_1_1_0_1_0_1_1_1_1_0_1_0_0_0_0_0_1_1_0_0_1_1_0_1_1_0_0_1_1_0_1_0_1_1_1_1_1_0_1_0_1_0_0_1_0,1,0.00010333333333333333,2.8674417556808754e-5,0.26108374384236455,336.7142857142857
0_0_1_0_0_1_1_1_1_0_1_0_1_1_1_1_0_1_0_0_0_0_0_1_0_0_0_1_1_0_1_1_0_0_1_1_0_0_0_1_1_1_1_1_0_1_1_1_0_0_1_0,1,0.00010333333333333333,4.714045207910318e-5,0.21182266009852216,264.3417366946778
0_0_1_0_0_0_0_1_1_1_1_0_0_0_0_0_0_0_0_0_0_1_1_0_1_1_0_1_0_0_0_1_1_0_0_0_1_0_1_1_1_1_0_1_1_1_1_1_1_1_0_1,1,0.0001,1.632993161855452e-5,0.21182266009852216,319.1666666666667
1_0_0_1_0_0_0_0_0_1_0_0_0_1_0_0_0_0_1_0_0_1_1_0_1_1_1_1_0_1_0_0_1_1_0_0_1_0_1_0_0_1_0_0_1_0_0_0_1_1_0_1,1,0.0001,2.8284271247461902e-5,0.2512315270935961,300.0
0_1_1_0_1_1_1_1_1_0_0_1_1_1_1_1_1_1_0_1_1_0_0_1_0_0_0_0_1_0_1_1_0_0_1_1_0_1_0_1_1_0_1_1_1_1_1_1_0_0_1_0,1,0.0001,1.414213562373095e-5,0.2512315270935961,292.2348484848485
1_1_1_1_1_0_1_1_1_0_0_1_1_1_1_1_0_1_0_0_1_1_1_1_0_1_1_0_0_1_1_0_1_0_1_1_1_1_1_0_1_1_1_1_1_1_1_1_0_0_0_0,1,0.0001,8.16496580927726e-6,0.23645320197044334,435.82491582491576
0_0_1_0_0_0_0_0_1_1_1_0_0_1_0_0_0_0_0_0_0_1_1_0_1_1_0_0_0_0_0_1_1_0_0_0_1_0_1_1_1_1_0_1_0_1_1_1_1_1_0_1,1,9.999999999999999e-5,4.9665548085837796e-5,0.21674876847290642,341.12332112332115
0_0_1_0_0_1_1_0_1_0_1_0_0_1_0_1_0_0_0_0_0_1_1_1_1_1_0_0_0_0_0_1_1_0_1_1_1_0_1_1_1_0_1_1_0_1_0_1_0_0_1_1,1,9.999999999999999e-5,3.559026084010437e-5,0.23645320197044334,271.7307692307692
1_1_1_1_1_1_1_0_0_0_1_0_1_1_1_1_0_1_1_0_0_0_0_1_0_0_1_0_1_1_1_0_0_1_1_1_0_1_0_0_0_1_1_0_0_0_0_0_0_0_1_0,1,9.999999999999999e-5,2.9439202887759487e-5,0.22167487684729065,293.8966588966589
1_1_1_1_1_0_1_0_0_0_0_1_0_1_0_1_0_0_1_0_0_0_0_0_0_0_1_1_1_1_0_0_0_1_0_0_0_1_0_0_0_1_1_0_1_0_1_0_0_0_0_0,1,9.999999999999999e-5,2.9439202887759487e-5,0.2512315270935961,290.5749805749806
0_1_0_0_1_0_0_1_0_1_0_1_0_0_0_0_1_1_0_1_1_1_1_0_1_1_0_1_0_0_1_1_1_0_0_0_1_1_1_1_1_1_0_1_1_1_1_1_1_1_0_1,1,9.999999999999999e-5,2.8284271247461892e-5,0.2315270935960591,298.63095238095235
0_1_1_0_1_1_1_1_1_0_1_0_1_1_1_0_0_1_0_0_0_1_1_1_1_1_0_0_0_0_1_1_1_0_1_1_1_1_1_1_1_1_1_1_1_1_1_1_1_0_1_1,1,9.666666666666667e-5,4.496912521077347e-5,0.2315270935960591,251.33333333333334
0_0_1_0_0_1_1_1_1_0_1_0_0_1_0_0_0_0_0_0_0_0_0_1_1_0_0_1_1_0_0_1_0_0_1_1_0_0_0_1_1_1_1_1_0_1_0_1_1_1_1_1,1,9.666666666666667e-5,4.1899350299921774e-5,0.2660098522167488,291.54761904761904
1_0_1_1_0_0_1_1_1_0_1_1_1_1_0_1_0_0_1_0_0_1_1_1_0_1_1_1_0_1_0_0_1_1_1_1_1_0_1_0_0_1_1_0_0_0_1_0_0_0_1_0,1,9.666666666666667e-5,3.091206165165234e-5,0.2315270935960591,265.7738095238095
1_1_1_1_1_1_1_1_1_0_1_0_1_1_0_1_0_0_1_0_0_0_0_1_0_0_1_0_1_1_0_0_0_1_1_1_0_1_0_0_0_1_1_0_1_0_1_0_0_0_1_0,1,9.666666666666667e-5,1.6996731711975947e-5,0.23645320197044334,298.0555555555556
1_0_1_1_0_0_0_0_1_1_1_0_0_0_0_0_0_0_1_0_0_0_0_0_0_0_1_1_1_1_0_0_0_1_0_0_0_0_0_0_0_1_0_0_1_0_1_0_1_1_0_1,1,9.666666666666667e-5,1.6996731711975947e-5,0.1921182266009852,299.1666666666667
0_1_0_0_1_0_0_0_0_1_0_1_1_0_1_1_1_1_0_1_1_0_0_0_0_0_0_0_1_0_1_1_0_0_0_0_0_1_0_1_1_0_0_1_1_1_1_1_0_0_0_0,1,9.666666666666667e-5,1.247219128924647e-5,0.24630541871921183,280.00757575757575
0_1_1_0_1_1_1_1_1_0_1_1_1_0_1_1_1_1_0_1_1_0_0_1_0_0_0_0_1_0_1_1_0_0_1_1_0_1_0_1_1_0_1_1_0_1_1_1_0_0_1_0,1,9.666666666666667e-5,2.3570226039551575e-5,0.2512315270935961,311.89102564102564
1_0_0_1_0_0_0_0_0_1_0_1_0_0_0_0_1_0_1_1_1_1_1_0_0_1_1_0_0_1_0_0_1_1_0_0_1_0_1_0_0_0_0_0_1_0_0_0_1_1_0_1,1,9.333333333333334e-5,1.8856180831641267e-5,0.24630541871921183,294.72222222222223
1_1_0_1_1_0_0_0_0_1_0_1_0_0_0_0_1_0_1_1_1_1_1_0_0_1_1_1_0_1_0_0_1_1_0_0_1_1_1_0_0_0_0_0_1_0_0_0_1_1_0_1,1,9.333333333333334e-5,4.714045207910317e-6,0.21674876847290642,264.51851851851853
1_0_0_1_0_0_0_0_0_1_0_0_0_1_0_0_0_0_1_0_0_1_1_0_0_1_1_1_0_1_0_0_1_1_0_0_1_0_1_0_0_1_0_0_1_0_0_0_1_1_0_1,1,9.333333333333334e-5,9.428090415820634e-6,0.26108374384236455,314.9166666666667
1_0_0_1_0_0_0_0_0_1_0_1_0_0_0_1_1_0_1_1_1_0_0_0_0_0_1_0_1_1_0_0_0_1_0_0_0_0_0_0_0_0_0_0_1_0_1_0_0_1_0_0,1,9.333333333333333e-5,2.054804667656326e-5,0.2413793103448276,241.9973544973545
0_0_0_0_0_0_0_0_0_1_0_0_0_0_1_1_1_1_0_1_1_0_0_0_0_0_0_1_1_0_1_1_0_0_0_0_0_0_0_1_1_0_0_1_1_1_0_1_0_1_0_1,1,9.333333333333333e-5,2.054804667656326e-5,0.2512315270935961,241.44179894179896
1_1_1_1_1_0_1_1_1_0_0_1_1_1_1_1_0_1_1_0_1_1_1_1_1_1_1_1_0_1_1_0_1_1_1_1_1_1_1_0_0_1_1_0_1_0_1_0_0_0_1_0,1,9.333333333333333e-5,4.496912521077347e-5,0.2660098522167488,363.6752136752136
1_0_1_1_0_1_1_1_1_0_1_0_0_1_0_0_0_0_0_0_0_1_1_1_0_1_1_1_0_1_0_0_1_0_1_1_1_0_1_0_1_1_1_1_0_1_1_1_1_1_1_1,1,9.333333333333333e-5,2.054804667656326e-5,0.24630541871921183,321.4285714285714
0_0_0_0_0_1_0_0_0_1_1_0_0_0_0_0_1_0_0_1_0_0_0_0_1_0_0_1_1_0_0_1_0_0_0_0_0_0_0_1_1_0_0_1_0_1_0_1_1_1_1_1,1,9.333333333333333e-5,2.867441755680875e-5,0.26108374384236455,359.5156695156695
0_1_0_0_1_1_1_0_0_0_0_1_1_0_1_1_1_1_0_1_1_0_0_1_1_0_0_0_1_0_1_1_0_0_1_1_0_1_0_1_1_0_1_1_1_1_0_1_0_0_1_0,1,9.333333333333333e-5,6.342099196813484e-5,0.26108374384236455,294.8412698412698
1_1_1_1_1_1_1_1_1_0_1_0_1_1_1_1_0_1_0_0_0_1_1_1_0_1_1_0_0_1_1_0_1_0_1_1_1_1_1_0_1_1_1_1_0_1_1_1_0_0_1_0,1,9.333333333333333e-5,2.62466929133727e-5,0.23645320197044334,246.84523809523807
1_1_1_1_1_1_1_1_1_0_1_0_1_1_0_1_0_0_1_0_0_0_0_1_0_0_1_0_1_1_0_0_0_1_1_1_0_1_0_0_0_1_1_0_0_0_0_0_0_0_1_0,1,9.0e-5,1.6329931618554523e-5,0.2413793103448276,327.63347763347764
0_1_1_0_1_1_1_1_1_0_1_0_1_1_1_1_0_1_0_0_0_0_0_1_1_0_0_0_1_0_1_1_0_0_1_1_0_1_0_1_1_1_1_1_0_1_0_1_0_0_1_0,1,9.0e-5,1.6329931618554523e-5,0.2561576354679803,311.9288119288119
1_0_0_1_0_0_0_0_0_1_1_0_0_0_0_0_0_0_1_0_0_1_1_0_1_1_1_1_0_1_0_0_1_1_0_0_1_0_1_0_0_1_0_0_0_0_0_0_1_1_0_1,1,9.0e-5,1.4142135623730955e-5,0.2512315270935961,327.5238095238095
0_1_1_0_1_1_1_1_1_0_1_1_1_0_1_1_0_1_0_0_1_0_0_1_0_0_0_0_1_0_1_1_0_0_1_1_0_1_0_1_1_1_1_1_0_1_1_1_0_0_1_0,1,9.0e-5,3.741657386773941e-5,0.24630541871921183,346.8846153846154
1_0_0_1_0_1_0_0_0_1_1_0_0_0_0_0_1_0_1_1_1_1_1_0_0_1_1_0_0_1_0_0_1_1_0_0_1_0_1_0_0_0_0_0_0_0_0_0_1_1_1_1,1,9.0e-5,1.6329931618554523e-5,0.2512315270935961,367.974987974988
1_1_1_1_1_1_1_1_1_0_1_0_1_1_1_1_0_1_0_0_0_1_1_1_0_1_1_1_0_1_1_0_1_0_1_1_1_1_1_0_1_1_1_1_0_1_0_1_0_0_1_0,1,9.0e-5,8.16496580927726e-6,0.2561576354679803,281.0925925925926
0_0_0_0_0_0_0_0_0_1_0_1_0_0_1_0_1_1_0_1_1_1_1_0_1_1_0_1_0_0_1_1_1_0_0_0_1_0_1_1_1_0_0_1_1_1_1_1_1_1_0_1,1,9.0e-5,1.6329931618554523e-5,0.2413793103448276,272.83309283309285
1_1_1_1_1_1_1_0_1_0_1_0_1_1_1_1_0_1_1_0_0_0_0_1_0_0_1_1_1_1_1_0_0_1_1_1_0_1_0_0_0_1_1_0_1_0_0_0_0_0_1_0,1,9.0e-5,8.16496580927726e-6,0.2315270935960591,263.7037037037037
0_0_0_0_0_0_0_1_1_1_0_1_0_0_0_0_1_0_0_1_1_1_1_0_1_1_0_1_0_0_0_1_1_0_0_0_1_0_1_1_1_0_0_1_1_1_1_1_1_1_0_1,1,9.0e-5,1.6329931618554523e-5,0.22167487684729065,299.0572390572391
0_1_0_0_1_0_0_1_0_1_0_1_0_0_0_0_1_1_0_1_1_1_1_0_1_1_0_1_0_0_1_1_1_0_0_0_1_1_1_1_1_0_0_1_1_1_1_1_1_1_0_1,1,9.0e-5,2.160246899469287e-5,0.21674876847290642,299.3055555555556
1_0_0_1_0_0_0_0_0_1_0_1_0_0_0_0_1_0_1_1_1_1_1_0_0_1_1_1_0_1_0_0_1_1_0_0_1_0_1_0_0_0_0_0_1_0_0_0_1_1_0_1,1,9.0e-5,2.160246899469287e-5,0.2413793103448276,246.30952380952382
1_0_0_1_0_1_0_0_0_1_1_0_0_0_0_0_1_0_1_0_0_0_0_0_0_0_1_1_1_1_0_0_0_1_0_0_0_0_0_0_0_1_0_0_0_0_0_0_1_1_1_1,0,8.999999999999998e-5,2.82842712474619e-5,0.17733990147783252,1001.0
1_1_0_1_1_1_1_1_1_0_0_1_1_1_1_1_1_1_1_1_1_0_0_1_0_0_1_0_1_1_1_0_0_1_1_1_0_1_0_0_0_0_1_0_1_0_0_0_0_0_1_0,1,8.666666666666668e-5,2.0548046676563257e-5,0.21674876847290642,254.93265993265996
1_0_1_1_0_1_1_1_1_0_1_0_0_1_0_0_0_0_1_0_0_1_1_1_0_1_1_0_0_1_0_0_1_1_1_1_1_0_1_0_0_1_1_0_0_0_0_0_1_1_1_1,1,8.666666666666668e-5,2.0548046676563257e-5,0.2512315270935961,317.0707070707071
1_0_1_1_0_0_0_0_1_1_1_0_0_1_0_1_0_0_1_0_0_0_0_0_0_0_1_1_1_1_0_0_0_1_0_0_0_0_0_0_0_1_0_0_0_0_0_0_0_0_0_1,1,8.666666666666668e-5,2.3570226039551588e-5,0.23645320197044334,261.7063492063492
1_0_1_1_0_1_1_1_1_0_1_0_0_1_0_0_0_0_1_0_0_1_1_1_0_1_1_1_0_1_0_0_1_1_1_1_1_0_1_0_0_1_1_0_0_0_0_0_1_1_1_1,1,8.666666666666668e-5,4.714045207910317e-6,0.2561576354679803,270.1388888888889
0_0_1_0_0_1_1_1_1_0_1_0_1_1_1_1_0_1_0_0_0_0_0_1_1_0_0_0_1_0_1_1_0_0_1_1_0_0_0_1_1_1_1_1_0_1_1_1_0_0_1_0,1,8.666666666666668e-5,3.299831645537222e-5,0.21674876847290642,246.5909090909091
1_1_1_1_1_1_1_1_1_0_1_0_1_1_1_1_0_1_1_0_0_0_0_1_0_0_1_0_1_1_1_0_0_1_1_1_0_1_0_0_0_1_1_0_1_0_0_0_0_0_1_0,1,8.666666666666668e-5,9.428090415820634e-6,0.21674876847290642,315.1666666666667
0_1_1_0_1_1_1_1_1_0_0_1_1_1_1_1_0_1_0_0_0_0_0_1_0_0_0_0_1_0_1_1_0_0_1_1_0_1_0_1_1_1_1_1_1_1_1_1_0_0_1_0,1,8.666666666666668e-5,9.428090415820634e-6,0.2512315270935961,300.75
0_1_0_0_1_0_0_0_0_1_0_0_0_1_1_0_0_1_0_0_1_1_1_0_1_1_0_1_0_0_1_1_1_0_0_0_1_1_1_1_1_1_0_1_1_1_0_1_1_1_0_1,1,8.666666666666668e-5,2.4944382578492944e-5,0.23645320197044334,292.0833333333333
0_1_1_0_1_1_1_1_1_0_1_0_1_1_1_1_0_1_0_0_0_0_0_1_0_0_0_0_1_0_1_1_0_0_1_1_0_1_0_1_1_0_1_1_0_1_0_1_0_0_1_0,1,8.666666666666668e-5,1.2472191289246475e-5,0.26108374384236455,311.8201058201058
1_1_1_1_1_1_1_1_1_0_1_1_1_1_0_0_0_0_1_0_0_1_1_1_1_1_1_0_0_1_0_0_1_1_1_1_1_1_1_0_0_1_1_0_0_0_1_0_1_0_1_0,1,8.666666666666668e-5,9.428090415820634e-6,0.2512315270935961,259.9166666666667
0_0_0_0_0_1_0_0_0_1_1_0_0_0_0_0_1_0_1_1_0_0_0_0_1_0_0_1_1_0_0_1_0_1_0_0_0_0_0_1_0_0_0_0_0_0_0_0_1_1_1_1,1,8.666666666666668e-5,9.428090415820634e-6,0.23645320197044334,380.25
1_0_0_1_0_0_0_0_0_1_1_0_0_0_0_0_1_0_1_1_0_1_1_0_1_1_1_1_0_1_0_0_1_1_0_0_1_0_1_0_0_0_0_0_0_0_0_0_1_1_0_1,1,8.666666666666665e-5,4.1096093353126506e-5,0.24630541871921183,440.0
1_1_0_1_1_0_0_1_0_1_0_1_1_0_1_1_1_1_1_1_1_1_1_0_1_1_1_0_0_1_1_0_1_1_0_0_1_1_1_0_0_0_0_0_1_0_1_0_0_0_0_0,1,8.666666666666665e-5,1.6996731711975954e-5,0.2660098522167488,336.43939393939394
1_1_1_1_1_0_1_1_1_0_0_1_1_1_1_1_0_1_1_0_1_1_1_1_1_1_1_0_0_1_1_0_1_1_1_1_1_1_1_0_0_1_1_0_1_0_1_0_0_0_0_0,1,8.333333333333333e-5,1.699673171197595e-5,0.2512315270935961,336.5925925925926
1_1_0_1_1_0_0_1_0_1_0_1_1_0_1_0_1_1_1_1_1_0_0_0_0_0_1_1_1_1_1_0_0_1_0_0_0_1_0_0_0_0_0_0_1_0_1_0_1_1_0_0,1,8.333333333333333e-5,3.3993463423951894e-5,0.22167487684729065,287.09157509157507
0_0_0_0_0_0_0_0_0_1_0_1_0_0_0_0_1_0_0_1_1_1_1_0_1_1_0_1_0_0_0_1_1_0_0_0_1_0_1_1_1_0_0_1_0_1_1_1_1_1_0_1,1,8.333333333333333e-5,1.699673171197595e-5,0.21674876847290642,266.59259259259255
0_0_1_0_0_1_1_0_1_0_1_0_0_1_0_0_0_0_0_0_0_0_0_1_0_0_0_1_1_0_0_1_0_0_1_1_0_0_0_1_1_1_1_1_0_1_0_1_1_1_1_1,1,8.333333333333333e-5,4.714045207910317e-6,0.2660098522167488,349.4444444444444
1_0_0_1_0_0_0_1_0_1_0_1_0_0_0_1_1_0_1_1_1_0_0_0_0_0_1_0_1_1_0_0_0_1_0_0_0_0_0_0_0_0_0_0_1_0_1_0_0_1_0_0,1,8.333333333333333e-5,2.0548046676563257e-5,0.2512315270935961,270.0
0_0_1_0_0_1_0_1_1_1_1_0_0_0_0_0_0_0_0_0_0_1_1_0_1_1_0_0_0_0_0_1_1_0_0_0_1_0_1_1_1_1_0_1_0_1_1_1_1_1_0_1,1,8.333333333333333e-5,3.681787005729086e-5,0.22167487684729065,281.15384615384613
1_0_0_1_0_0_0_0_0_1_0_0_0_1_0_0_1_0_1_1_1_1_1_0_1_1_1_0_0_1_0_0_1_1_0_0_1_0_1_0_0_0_0_0_1_0_0_0_1_1_0_1,1,8.333333333333333e-5,3.3993463423951894e-5,0.2561576354679803,296.32234432234435
0_0_0_0_0_0_0_0_0_1_0_1_0_0_0_0_1_0_0_1_1_0_0_0_0_0_0_0_1_0_0_1_0_0_0_0_0_0_0_1_1_0_0_1_1_1_1_1_1_1_0_1,1,8.333333333333333e-5,1.2472191289246475e-5,0.270935960591133,306.2261904761905
0_0_0_0_0_1_0_0_0_1_1_0_0_0_0_0_1_0_1_1_0_0_0_0_1_0_0_0_1_0_0_1_0_1_0_0_0_0_0_1_0_0_0_0_0_0_0_0_1_1_0_1,1,8.333333333333333e-5,2.8674417556808754e-5,0.2512315270935961,412.1388888888889
1_1_0_1_1_0_0_1_0_1_0_1_1_0_1_0_1_1_1_1_1_0_0_0_0_0_1_1_1_1_1_0_0_1_0_0_0_1_0_0_0_1_0_0_1_0_1_0_1_1_0_0,1,8.333333333333333e-5,2.8674417556808757e-5,0.23645320197044334,341.6666666666667
0_1_1_0_1_1_1_0_1_0_1_0_1_1_1_1_0_1_0_0_0_1_1_1_1_1_0_0_0_0_1_1_1_0_1_1_1_1_1_1_1_1_1_1_1_1_0_1_0_0_1_0,1,8.333333333333333e-5,2.4944382578492944e-5,0.20689655172413793,302.98989898989896
1_0_0_1_0_0_0_0_0_1_0_0_0_1_0_0_1_0_1_1_1_1_1_0_1_1_1_1_0_1_0_0_1_1_0_0_1_0_1_0_0_0_0_0_1_0_0_0_1_1_0_1,1,8.333333333333333e-5,1.699673171197595e-5,0.2512315270935961,258.9259259259259
1_0_1_1_0_1_1_1_1_0_1_1_1_1_0_1_0_0_1_0_0_1_1_1_0_1_1_0_0_1_0_0_1_1_1_1_1_0_1_0_0_1_1_0_0_0_1_0_0_0_1_0,1,8.333333333333333e-5,2.8674417556808757e-5,0.2315270935960591,316.3333333333333
1_1_0_1_1_0_0_0_0_1_0_0_0_0_1_0_1_1_0_1_1_1_1_0_0_1_1_1_0_1_1_0_1_0_0_0_1_1_1_0_1_0_0_1_1_1_0_1_1_1_0_1,1,8.333333333333333e-5,3.3993463423951894e-5,0.22660098522167488,297.3333333333333
1_0_1_1_0_1_1_1_1_0_1_1_1_0_0_1_1_0_1_1_0_0_0_1_0_0_1_0_1_1_0_0_0_1_1_1_0_0_0_0_0_0_1_0_0_0_1_0_0_0_1_0,1,8.333333333333333e-5,2.0548046676563257e-5,0.23645320197044334,281.3636363636364
1_0_0_1_0_0_0_0_0_1_0_1_0_0_0_0_1_0_1_1_1_0_0_0_0_0_1_1_1_1_0_0_0_1_0_0_0_0_0_0_0_1_0_0_0_0_1_0_1_1_0_1,1,8.333333333333333e-5,1.8856180831641274e-5,0.21182266009852216,295.5844155844156
0_0_0_0_0_0_0_0_0_1_0_1_0_0_0_0_1_0_1_1_1_0_0_0_1_0_0_0_1_0_0_1_0_1_0_0_0_0_0_1_0_0_0_0_1_0_1_0_1_1_0_1,1,8.333333333333333e-5,1.699673171197595e-5,0.2561576354679803,323.14814814814815
0_0_0_0_0_0_0_0_0_1_0_1_0_0_0_0_1_0_0_1_1_0_0_0_0_0_0_0_1_0_0_1_0_0_0_0_0_0_0_1_1_0_0_1_1_1_0_1_1_1_0_1,1,8.0e-5,1.4142135623730953e-5,0.2561576354679803,295.7407407407407
1_0_1_1_0_0_0_0_1_1_1_0_0_1_0_0_0_0_1_0_0_1_1_0_1_1_1_1_0_1_0_0_1_1_0_0_1_0_1_0_0_1_0_0_0_0_0_0_1_1_0_1,1,8.0e-5,0.0,0.2561576354679803,295.4166666666667
1_1_0_1_1_0_0_1_0_1_0_1_1_0_1_1_1_1_1_1_1_1_1_0_1_1_1_1_0_1_1_0_1_1_0_0_1_1_1_0_0_1_0_0_1_0_1_0_0_0_0_0,1,8.0e-5,8.164965809277265e-6,0.27586206896551724,320.6944444444444
1_0_1_1_0_1_1_1_1_0_1_0_0_1_0_0_0_0_1_0_0_1_1_1_1_1_1_0_0_1_0_0_1_1_1_1_1_0_1_0_0_0_1_0_0_0_0_0_1_1_1_1,1,8.0e-5,2.943920288775949e-5,0.2561576354679803,315.33670033670035
0_0_0_0_0_0_0_1_0_1_0_1_0_0_0_0_1_0_1_1_1_0_0_0_1_0_0_0_1_0_0_1_0_1_0_0_0_0_0_1_0_0_0_0_1_0_1_0_1_1_0_1,1,8.0e-5,0.0,0.2660098522167488,317.9166666666667
1_0_0_1_0_1_0_0_0_1_0_0_0_0_0_0_1_0_1_1_1_0_0_0_0_0_1_1_1_1_0_0_0_1_0_0_0_0_0_0_0_0_0_0_1_0_0_0_1_1_0_1,0,8.0e-5,2.449489742783178e-5,0.13793103448275862,1001.0
1_0_0_1_0_0_0_0_0_1_0_0_0_1_0_0_1_0_1_1_0_1_1_0_1_1_1_1_0_1_0_0_1_1_0_0_1_0_1_0_0_0_0_0_1_0_0_0_1_1_0_1,1,8.0e-5,1.4142135623730955e-5,0.24630541871921183,319.38095238095235
0_0_0_0_0_0_0_1_1_1_0_1_0_0_1_0_1_1_0_1_1_1_1_0_1_1_0_0_0_0_1_1_1_0_0_0_1_0_1_1_1_0_0_1_1_1_1_1_1_1_0_1,1,8.0e-5,2.1602468994692868e-5,0.26108374384236455,315.3703703703704
0_0_1_0_0_1_1_1_1_0_1_1_1_1_0_1_0_0_1_0_0_0_0_1_1_0_0_0_1_0_0_1_0_1_1_1_0_0_0_1_0_1_1_0_0_0_1_0_0_0_1_0,1,8.0e-5,2.1602468994692868e-5,0.22660098522167488,253.11111111111111
1_1_0_1_1_0_1_0_0_0_0_1_1_1_1_1_1_1_1_1_1_0_0_1_0_0_1_1_1_1_1_0_0_1_1_1_0_1_0_0_0_0_1_0_0_0_0_0_0_0_1_0,1,7.999999999999999e-5,8.164965809277265e-6,0.22167487684729065,302.06349206349205
0_1_1_0_1_1_1_1_1_0_0_1_1_1_1_1_1_1_0_1_1_0_0_1_1_0_0_0_1_0_1_1_0_0_1_1_0_1_0_1_1_0_1_1_1_1_1_1_0_0_1_0,1,7.666666666666667e-5,2.0548046676563257e-5,0.26108374384236455,326.25
1_0_1_1_0_0_0_0_0_1_1_0_0_0_0_0_0_0_1_0_0_0_0_0_0_0_1_1_1_1_0_0_0_1_0_0_0_0_0_0_0_1_0_0_0_0_1_0_1_1_0_1,1,7.666666666666667e-5,1.2472191289246474e-5,0.19704433497536947,308.93518518518516
1_1_1_1_1_0_1_1_1_0_0_1_1_1_0_1_0_0_1_0_0_1_1_1_1_1_1_1_0_1_0_0_1_1_1_1_1_1_1_0_0_1_1_0_1_0_1_0_0_0_0_0,1,7.666666666666667e-5,1.6996731711975954e-5,0.2857142857142857,292.14285714285717
0_1_1_0_1_1_1_1_1_0_1_1_1_0_1_1_0_1_0_0_0_0_0_1_0_0_0_1_1_0_1_1_0_0_1_1_0_1_0_1_1_1_1_1_0_1_1_1_0_0_1_0,1,7.666666666666667e-5,1.6996731711975954e-5,0.2561576354679803,248.4920634920635
0_0_0_0_0_0_0_0_0_1_0_1_0_0_0_0_1_0_1_1_1_0_0_0_1_0_0_0_1_0_0_1_0_1_0_0_0_0_0_1_0_0_0_0_1_0_0_0_1_1_0_1,1,7.666666666666667e-5,1.6996731711975954e-5,0.2413793103448276,259.46031746031747
1_1_1_1_1_1_1_1_1_0_1_0_1_1_1_1_0_1_1_0_0_1_1_1_1_1_1_1_0_1_1_0_1_1_1_1_1_1_1_0_0_1_1_0_0_0_1_0_0_0_1_0,1,7.666666666666667e-5,1.6996731711975954e-5,0.2561576354679803,250.76190476190473
1_0_0_1_0_0_0_1_0_1_0_1_0_0_0_0_1_0_1_1_1_1_1_0_1_1_1_1_0_1_0_0_1_1_0_0_1_0_1_0_0_0_0_0_1_0_1_0_1_1_0_1,1,7.666666666666667e-5,3.091206165165234e-5,0.2561576354679803,292.94444444444446
0_1_0_0_1_1_1_1_0_0_0_1_1_0_1_1_1_1_0_1_1_0_0_1_0_0_0_1_1_0_1_1_0_0_1_1_0_1_0_1_1_1_1_1_1_1_1_1_0_0_1_0,1,7.666666666666667e-5,4.714045207910323e-6,0.2660098522167488,296.36904761904765
0_0_0_0_0_0_0_0_0_1_0_1_0_0_1_0_1_1_0_1_1_0_0_0_0_0_0_0_1_0_1_1_0_0_0_0_0_0_0_1_1_0_0_1_1_1_0_1_1_1_0_1,1,7.666666666666667e-5,2.8674417556808757e-5,0.29064039408866993,311.4015151515152
0_0_0_0_0_1_0_0_0_1_1_0_0_0_0_0_1_0_0_1_0_0_0_0_0_0_0_1_1_0_0_1_0_0_0_0_0_0_0_1_1_0_0_1_0_1_0_1_1_1_1_1,1,7.666666666666667e-5,2.4944382578492944e-5,0.2512315270935961,412.3030303030303
0_0_1_0_0_1_1_0_1_0_1_0_0_1_0_1_0_0_0_0_0_1_1_1_1_1_0_0_0_0_0_1_1_0_1_1_1_0_1_1_1_1_1_1_0_1_0_1_0_0_1_1,1,7.333333333333334e-5,9.428090415820637e-6,0.22167487684729065,265.55555555555554
1_0_0_1_0_0_0_0_0_1_1_0_0_0_0_0_1_0_1_1_0_1_1_0_0_1_1_1_0_1_0_0_1_1_0_0_1_0_1_0_0_0_0_0_0_0_0_0_1_1_0_1,1,7.333333333333334e-5,2.4944382578492944e-5,0.2561576354679803,407.5833333333333
1_0_0_1_0_0_0_0_0_1_0_1_0_0_0_1_1_0_1_1_1_0_0_0_0_0_1_1_1_1_0_0_0_1_0_0_0_0_0_0_0_0_0_0_0_0_0_0_0_1_0_0,1,7.333333333333334e-5,9.428090415820637e-6,0.2315270935960591,299.02777777777777
0_1_1_0_1_1_1_1_1_0_1_0_1_1_0_0_0_1_0_0_0_1_1_1_1_1_0_0_0_0_1_1_1_0_1_1_1_1_1_1_1_1_1_1_1_1_1_1_1_1_1_1,1,7.333333333333333e-5,1.2472191289246475e-5,0.21674876847290642,271.74603174603175
0_1_1_0_1_1_1_0_1_0_1_0_1_1_1_1_0_1_0_0_0_0_0_1_0_0_0_0_1_0_1_1_0_0_1_1_0_1_0_1_1_1_1_1_0_1_0_1_0_0_1_0,1,7.333333333333333e-5,4.714045207910323e-6,0.2561576354679803,309.9404761904762
1_1_1_1_1_0_1_1_1_0_0_1_1_1_1_1_0_1_1_0_1_1_1_1_0_1_1_0_0_1_1_0_1_1_1_1_1_1_1_0_0_1_1_0_1_0_1_0_0_0_0_0,1,7.333333333333333e-5,1.2472191289246475e-5,0.26108374384236455,390.42328042328046
0_1_0_0_1_1_0_0_0_1_0_0_0_0_0_0_1_1_0_1_1_0_0_0_1_0_0_0_1_0_1_1_0_0_0_0_0_1_0_1_1_0_0_1_1_1_0_1_1_1_0_1,1,7.333333333333333e-5,2.8674417556808757e-5,0.22167487684729065,265.85497835497836
1_0_0_1_0_0_0_0_0_1_0_1_0_0_1_1_1_0_1_1_1_0_0_0_0_0_1_0_1_1_0_0_0_1_0_0_0_0_0_0_0_0_0_0_0_0_0_0_0_0_0_0,1,7.333333333333333e-5,3.681787005729087e-5,0.22167487684729065,242.8968253968254
1_0_0_1_0_0_0_1_0_1_0_1_0_0_0_0_1_0_1_1_1_1_1_0_1_1_1_1_0_1_0_0_1_1_0_0_1_0_1_0_0_1_0_0_1_0_1_0_1_1_0_1,1,7.333333333333333e-5,1.699673171197595e-5,0.270935960591133,286.8425925925926
0_1_1_0_1_1_1_1_1_0_1_0_1_1_1_1_0_1_0_0_0_0_0_1_1_0_0_1_1_0_1_1_0_0_1_1_0_1_0_1_1_1_1_1_0_1_1_1_0_0_1_0,1,7.333333333333333e-5,9.428090415820637e-6,0.24630541871921183,277.6388888888889
1_1_1_1_1_0_1_1_1_0_1_1_1_1_0_0_0_0_1_0_0_1_1_1_1_1_1_1_0_1_0_0_1_1_1_1_1_1_1_0_0_1_1_0_0_0_1_0_1_0_1_0,1,7.333333333333333e-5,2.8674417556808754e-5,0.2512315270935961,270.5952380952381
1_0_0_1_0_0_0_0_0_1_0_1_0_0_0_0_1_0_1_1_1_1_1_0_0_1_1_1_0_1_0_0_1_1_0_0_1_0_1_0_0_0_0_0_1_0_1_0_1_1_0_1,1,7.000000000000001e-5,1.4142135623730953e-5,0.2561576354679803,323.6666666666667
1_0_1_1_0_0_0_1_1_1_1_0_0_1_0_0_0_0_1_0_0_1_1_0_0_1_1_1_0_1_0_0_1_1_0_0_1_0_1_0_0_1_0_0_0_0_1_0_1_1_0_1,1,7.000000000000001e-5,3.2659863237109046e-5,0.26108374384236455,367.99422799422797
1_1_1_1_1_1_1_1_1_0_1_0_1_1_1_1_0_1_1_0_0_1_1_1_1_1_1_1_0_1_1_0_1_1_1_1_1_1_1_0_0_1_1_0_0_0_0_0_0_0_1_0,1,7.000000000000001e-5,2.1602468994692868e-5,0.270935960591133,307.26851851851853
0_0_1_0_0_1_1_1_1_0_1_0_0_1_0_0_0_0_1_0_0_0_0_1_1_0_0_0_1_0_0_1_0_1_1_1_0_0_0_1_0_1_1_0_0_0_1_0_1_1_1_1,1,7.000000000000001e-5,8.164965809277262e-6,0.2315270935960591,296.70634920634916
0_1_0_0_1_1_1_1_0_0_0_1_1_0_1_0_1_1_0_1_1_1_1_1_1_1_0_1_0_0_1_1_1_0_1_1_1_1_1_1_1_1_1_1_1_1_1_1_1_1_1_0,1,7.000000000000001e-5,2.8284271247461906e-5,0.24630541871921183,315.18518518518516
1_1_1_1_1_0_1_1_1_0_0_1_1_1_1_1_0_1_0_0_1_1_1_1_0_1_1_1_0_1_1_0_1_0_1_1_1_1_1_0_1_1_1_1_1_1_1_1_0_0_1_0,1,7.000000000000001e-5,8.164965809277262e-6,0.2512315270935961,382.9166666666667
1_1_1_1_1_1_1_1_1_0_1_0_1_1_1_1_0_1_0_0_0_1_1_1_0_1_1_1_0_1_1_0_1_0_1_1_1_1_1_0_1_1_1_1_0_1_1_1_0_0_1_0,1,7.000000000000001e-5,1.6329931618554523e-5,0.2413793103448276,240.984126984127
0_0_0_0_0_1_0_0_0_1_1_0_0_0_0_0_1_0_0_1_0_0_0_0_0_0_0_0_1_0_0_1_0_0_0_0_0_0_0_1_1_0_0_1_0_1_0_1_1_1_0_1,1,7.0e-5,1.6329931618554523e-5,0.2660098522167488,345.35449735449737
1_0_1_1_0_0_0_0_1_1_1_0_0_1_0_0_0_0_1_0_0_1_1_0_1_1_1_0_0_1_0_0_1_1_0_0_1_0_1_0_0_0_0_0_0_0_0_0_1_1_0_1,1,6.666666666666668e-5,1.885618083164127e-5,0.2660098522167488,288.75
0_1_1_0_1_1_1_0_1_0_1_0_1_1_1_1_0_1_0_0_0_1_1_1_1_1_0_0_0_0_1_1_1_0_1_1_1_1_1_1_1_0_1_1_1_1_0_1_0_0_1_0,1,6.666666666666667e-5,1.699673171197595e-5,0.22167487684729065,284.8148148148148
0_1_0_0_1_1_1_1_0_0_0_1_1_1_1_1_1_1_0_1_1_1_1_1_1_1_0_0_0_0_1_1_1_0_1_1_1_1_1_1_1_0_1_1_0_1_0_1_0_0_1_0,1,6.666666666666667e-5,2.624669291337271e-5,0.1921182266009852,295.60185185185185
1_1_0_1_1_0_0_0_0_1_0_1_1_0_1_1_1_1_1_1_1_1_1_0_0_1_1_0_0_1_1_0_1_1_0_0_1_1_1_0_0_0_0_0_1_0_1_0_0_0_0_0,1,6.666666666666667e-5,9.428090415820637e-6,0.2660098522167488,262.5
1_1_1_1_1_1_1_1_1_0_1_0_1_1_1_1_0_1_0_0_0_1_1_1_0_1_1_0_0_1_1_0_1_0_1_1_1_1_1_0_1_1_1_1_0_1_0_1_0_0_1_0,1,6.666666666666667e-5,1.2472191289246472e-5,0.2512315270935961,308.3333333333333
1_1_1_1_1_1_1_1_1_0_1_0_1_1_0_1_0_0_1_0_0_1_1_1_1_1_1_0_0_1_0_0_1_1_1_1_1_1_1_0_0_1_1_0_0_0_1_0_0_0_1_0,1,6.666666666666667e-5,3.091206165165234e-5,0.2857142857142857,286.8181818181818
1_1_1_1_1_1_1_0_0_0_1_0_1_1_0_1_0_0_1_0_0_0_0_1_0_0_1_1_1_1_0_0_0_1_1_1_0_1_0_0_0_1_1_0_0_0_0_0_0_0_1_0,1,6.666666666666667e-5,1.699673171197595e-5,0.26108374384236455,269.7037037037037
0_1_1_0_1_1_1_1_1_0_0_1_1_1_1_1_0_1_0_0_1_0_0_1_0_0_0_0_1_0_1_1_0_0_1_1_0_1_0_1_1_1_1_1_1_1_1_1_0_0_1_0,1,6.666666666666667e-5,1.699673171197595e-5,0.24630541871921183,389.5555555555556
0_1_0_0_1_0_0_0_0_1_0_0_0_1_1_0_0_1_0_0_0_1_1_0_1_1_0_1_0_0_1_1_1_0_0_0_1_1_1_1_1_1_0_1_1_1_0_1_1_1_0_1,1,6.666666666666667e-5,9.428090415820637e-6,0.2315270935960591,272.6388888888889
0_0_0_0_0_0_0_1_0_1_0_1_0_0_0_0_1_0_0_1_1_0_0_0_1_0_0_0_1_0_0_1_0_0_0_0_0_0_0_1_1_0_0_1_1_1_1_1_1_1_0_1,1,6.666666666666667e-5,3.39934634239519e-5,0.29064039408866993,295.4166666666667
1_0_0_1_0_0_0_0_0_1_0_1_0_0_1_1_1_0_1_1_1_0_0_0_0_0_1_1_1_1_0_0_0_1_0_0_0_0_0_0_0_0_0_0_0_0_0_0_0_0_0_0,1,6.666666666666666e-5,2.0548046676563257e-5,0.21674876847290642,247.71164021164023
0_0_0_0_0_0_0_0_0_1_0_1_0_0_0_0_1_0_1_1_1_0_0_0_1_0_0_1_1_0_0_1_0_1_0_0_0_0_0_1_0_0_0_0_1_0_0_0_1_1_0_1,1,6.666666666666666e-5,2.0548046676563257e-5,0.23645320197044334,266.64021164021165
0_1_0_0_1_1_1_0_0_0_0_1_1_0_1_1_1_1_1_1_1_0_0_0_1_0_0_0_1_0_1_1_0_1_0_0_0_1_0_1_0_0_1_0_1_0_1_0_0_0_0_0,1,6.666666666666666e-5,1.2472191289246472e-5,0.28078817733990147,468.6547619047619
1_1_1_1_1_1_1_1_1_0_1_0_1_1_0_1_0_0_1_0_0_1_1_1_1_1_1_1_0_1_0_0_1_1_1_1_1_1_1_0_0_1_1_0_0_0_1_0_0_0_1_0,1,6.666666666666666e-5,5.24933858267454e-5,0.29064039408866993,313.5714285714286
0_1_1_0_1_1_1_0_1_0_1_0_1_1_1_0_0_1_0_0_0_1_1_1_1_1_0_0_0_0_1_1_1_0_1_1_1_1_1_1_1_0_1_1_0_1_0_1_1_0_1_1,1,6.666666666666666e-5,4.714045207910313e-6,0.26108374384236455,260.0793650793651
1_0_1_1_0_1_1_1_1_0_1_1_1_0_1_1_1_0_1_1_0_0_0_1_0_0_1_0_1_1_0_0_0_1_1_1_0_0_0_0_0_0_1_0_0_0_1_0_0_0_1_0,1,6.666666666666666e-5,4.714045207910313e-6,0.22660098522167488,278.73015873015873
0_1_1_0_1_1_1_0_1_0_1_0_1_1_1_0_0_1_0_0_0_1_1_1_1_1_0_1_0_0_1_1_1_0_1_1_1_1_1_1_1_1_1_1_0_1_0_1_1_0_1_1,1,6.666666666666666e-5,2.0548046676563257e-5,0.2512315270935961,283.71693121693124
1_0_1_1_0_0_1_1_1_0_1_1_1_1_1_1_0_0_1_0_0_1_1_1_0_1_1_1_0_1_0_0_1_1_1_1_1_0_1_0_0_1_1_0_0_0_1_0_0_0_1_0,1,6.666666666666666e-5,4.714045207910313e-6,0.22167487684729065,322.1428571428571
1_1_0_1_1_0_0_0_0_1_0_1_1_0_1_1_1_1_0_1_1_1_1_0_0_1_1_0_0_1_1_0_1_0_0_0_1_1_1_0_1_0_0_1_1_1_0_1_0_0_0_0,1,6.333333333333333e-5,2.0548046676563257e-5,0.23645320197044334,315.1851851851852
1_1_1_1_1_1_1_1_1_0_1_0_1_1_1_1_0_1_1_0_0_1_1_1_0_1_1_0_0_1_1_0_1_1_1_1_1_1_1_0_0_1_1_0_0_0_1_0_0_0_1_0,1,6.333333333333333e-5,1.885618083164127e-5,0.26108374384236455,282.81481481481484
0_1_0_0_1_1_1_1_1_0_1_1_1_0_1_1_1_1_0_1_1_0_0_1_0_0_0_0_1_0_1_1_0_0_1_1_0_1_0_1_1_0_1_1_0_1_0_1_0_0_1_0,1,6.333333333333333e-5,1.2472191289246474e-5,0.2561576354679803,348.75
0_1_0_0_1_0_1_1_1_0_0_1_1_1_1_1_1_1_0_1_1_1_1_1_1_1_0_1_0_0_1_1_1_0_1_1_1_1_1_1_1_0_1_1_1_1_0_1_0_0_1_0,1,6.333333333333333e-5,4.714045207910313e-6,0.20689655172413793,263.4126984126984
0_0_0_0_0_1_0_0_0_1_1_0_0_0_1_0_1_1_0_1_1_0_0_0_0_0_0_0_1_0_1_1_0_0_0_0_0_0_0_1_1_0_0_1_0_1_0_1_1_1_1_1,1,6.333333333333333e-5,1.2472191289246474e-5,0.2857142857142857,276.4166666666667
1_1_0_1_1_0_0_1_0_1_0_1_1_0_1_1_1_1_1_1_1_1_1_0_0_1_1_0_0_1_1_0_1_1_0_0_1_1_1_0_0_0_0_0_1_0_1_0_0_0_0_0,1,6.333333333333333e-5,1.699673171197595e-5,0.27586206896551724,311.9642857142857
0_1_0_0_1_0_0_0_0_1_0_0_0_1_0_0_0_1_0_0_0_1_1_0_1_1_0_1_0_0_1_1_1_0_0_0_1_1_1_1_1_1_0_1_1_1_0_1_1_1_0_1,1,6.333333333333333e-5,1.699673171197595e-5,0.22167487684729065,284.4642857142857
0_1_0_0_1_0_0_0_0_1_0_0_0_0_0_0_1_1_0_1_1_0_0_0_1_0_0_1_1_0_1_1_0_0_0_0_0_1_0_1_1_0_0_1_1_1_0_1_1_1_0_1,1,6.333333333333333e-5,1.699673171197595e-5,0.22167487684729065,338.5714285714286
1_1_1_1_1_1_1_0_0_0_1_0_1_1_0_1_0_0_1_0_0_0_0_1_0_0_1_0_1_1_0_0_0_1_1_1_0_1_0_0_0_0_1_0_0_0_0_0_0_0_1_0,1,6.333333333333333e-5,1.699673171197595e-5,0.270935960591133,292.61904761904765
1_1_0_1_1_0_0_0_0_1_0_1_1_0_1_1_1_1_1_1_1_1_1_0_0_1_1_1_0_1_1_0_1_1_0_0_1_1_1_0_0_0_0_0_1_0_1_0_0_0_0_0,1,6.333333333333333e-5,2.4944382578492947e-5,0.26108374384236455,281.32275132275134
1_1_1_1_1_1_1_1_1_0_1_1_1_1_0_0_0_0_1_0_0_1_1_1_0_1_1_0_0_1_0_0_1_1_1_1_1_1_1_0_0_1_1_0_0_0_1_0_1_0_1_0,1,6.333333333333333e-5,1.699673171197595e-5,0.26108374384236455,239.34523809523807
0_1_1_0_1_1_1_0_1_0_1_0_1_1_1_1_0_1_0_0_0_0_0_1_0_0_0_0_1_0_1_1_0_0_1_1_0_1_0_1_1_0_1_1_0_1_0_1_0_0_1_0,1,6.333333333333333e-5,4.714045207910313e-6,0.270935960591133,286.6666666666667
0_0_1_0_0_1_1_0_1_0_1_0_0_1_0_0_0_0_0_0_0_0_0_1_0_0_0_0_1_0_0_1_0_0_1_1_0_0_0_1_1_0_1_1_0_1_0_1_1_1_1_1,1,6.333333333333333e-5,1.2472191289246474e-5,0.27586206896551724,366.0555555555556
1_0_0_1_0_0_0_0_0_1_1_0_0_0_0_0_1_0_1_1_1_1_1_0_1_1_1_1_0_1_0_0_1_1_0_0_1_0_1_0_0_0_0_0_0_0_0_0_1_1_0_1,1,6.333333333333333e-5,1.2472191289246474e-5,0.2512315270935961,309.9444444444444
1_0_1_1_0_1_1_1_1_0_1_1_1_0_1_1_1_0_1_1_1_0_0_1_0_0_1_0_1_1_0_0_0_1_1_1_0_0_0_0_0_0_1_0_0_0_1_0_0_0_1_0,1,6.333333333333333e-5,1.699673171197595e-5,0.22167487684729065,334.4642857142857
1_1_0_1_1_0_1_1_0_0_0_1_1_1_1_1_1_1_1_1_1_0_0_1_0_0_1_1_1_1_1_0_0_1_1_1_0_1_0_0_0_0_1_0_1_0_0_0_0_0_1_0,1,6.333333333333333e-5,1.699673171197595e-5,0.22167487684729065,287.73809523809524
0_0_0_0_0_0_0_0_0_1_0_1_0_0_1_0_1_1_0_1_1_0_0_0_0_0_0_1_1_0_1_1_0_0_0_0_0_0_0_1_1_0_0_1_1_1_0_1_1_1_0_1,1,6.0e-5,2.4494897427831785e-5,0.2857142857142857,275.18518518518516
0_0_1_0_0_1_0_1_1_1_1_0_0_0_0_0_0_0_0_0_0_1_1_0_1_1_0_0_0_0_0_1_1_0_0_0_1_0_1_1_1_1_0_1_1_1_1_1_1_1_0_1,1,6.0e-5,3.7416573867739416e-5,0.22167487684729065,341.4848484848485
0_1_0_0_1_0_0_0_0_1_0_1_1_0_1_1_1_1_1_1_1_0_0_0_1_0_0_0_1_0_1_1_0_1_0_0_0_1_0_1_0_0_0_0_1_0_1_0_0_0_0_0,1,6.0e-5,1.6329931618554523e-5,0.26108374384236455,282.0833333333333
1_0_1_1_0_1_1_1_1_0_1_1_1_1_1_1_0_0_1_0_0_1_1_1_0_1_1_0_0_1_0_0_1_1_1_1_1_0_1_0_0_1_1_0_0_0_1_0_0_0_1_0,1,6.0e-5,2.8284271247461902e-5,0.22167487684729065,290.6666666666667
1_1_1_1_1_1_1_0_1_0_1_0_1_1_1_1_0_1_0_0_0_1_1_1_0_1_1_1_0_1_1_0_1_0_1_1_1_1_1_0_1_1_1_1_0_1_0_1_0_0_1_0,1,6.0e-5,2.943920288775949e-5,0.2660098522167488,365.77777777777777
0_0_1_0_0_0_0_1_1_1_1_0_0_1_0_0_0_0_0_0_0_0_0_0_0_0_0_1_1_0_0_1_0_0_0_0_0_0_0_1_1_1_0_1_0_1_1_1_1_1_0_1,1,6.0e-5,2.943920288775949e-5,0.270935960591133,308.5555555555556
1_1_0_1_1_0_0_0_0_1_0_1_1_0_1_1_1_1_0_1_1_1_1_0_0_1_1_0_0_1_1_0_1_0_0_0_1_1_1_0_1_0_0_1_1_1_1_1_0_0_0_0,1,6.0e-5,1.6329931618554523e-5,0.2512315270935961,301.52777777777777
1_1_1_1_1_1_1_1_1_0_1_1_1_0_1_1_0_1_1_0_1_1_1_1_0_1_1_0_0_1_1_0_1_1_1_1_1_1_1_0_0_1_1_0_0_0_1_0_0_0_1_0,1,6.0e-5,2.943920288775949e-5,0.27586206896551724,292.3333333333333
0_0_0_0_0_0_0_0_0_1_0_1_0_0_0_0_1_0_0_1_1_0_0_0_0_0_0_1_1_0_0_1_0_0_0_0_0_0_0_1_1_0_0_1_1_1_0_1_1_1_0_1,1,6.0e-5,2.943920288775949e-5,0.2512315270935961,246.77777777777774
0_1_0_0_1_1_1_1_1_0_0_1_1_0_1_1_1_1_0_1_1_0_0_1_0_0_0_0_1_0_1_1_0_0_1_1_0_1_0_1_1_0_1_1_1_1_1_1_0_0_1_0,1,5.9999999999999995e-5,8.164965809277256e-6,0.26108374384236455,235.69841269841268
1_1_1_1_1_1_1_1_1_0_1_0_1_1_1_1_0_1_1_0_0_1_1_1_0_1_1_1_0_1_1_0_1_1_1_1_1_1_1_0_0_1_1_0_0_0_0_0_0_0_1_0,1,5.9999999999999995e-5,2.943920288775949e-5,0.28078817733990147,328.04232804232805
0_1_1_0_1_1_1_1_1_0_1_1_1_1_0_0_0_1_0_0_0_0_0_1_0_0_0_0_1_0_1_1_0_0_1_1_0_1_0_1_1_1_1_1_0_1_1_1_1_0_1_1,1,5.9999999999999995e-5,2.1602468994692868e-5,0.2512315270935961,335.37698412698415
1_0_1_1_0_1_1_1_1_0_1_0_0_1_0_0_0_0_0_0_0_1_1_1_0_1_1_0_0_1_0_0_1_0_1_1_1_0_1_0_1_1_1_1_0_1_1_1_1_1_1_1,1,5.9999999999999995e-5,8.164965809277256e-6,0.2413793103448276,330.14285714285717
1_1_1_1_1_1_1_0_0_0_1_0_1_1_1_1_0_1_1_0_0_0_0_1_0_0_1_0_1_1_1_0_0_1_1_1_0_1_0_0_0_0_1_0_0_0_0_0_0_0_1_0,1,5.9999999999999995e-5,8.164965809277256e-6,0.23645320197044334,292.6507936507937
0_0_0_0_0_0_0_0_0_1_0_1_0_0_0_0_1_0_0_1_1_1_1_0_1_1_0_1_0_0_0_1_1_0_0_0_1_0_1_1_1_1_0_1_0_1_1_1_1_1_0_1,1,5.9999999999999995e-5,8.164965809277256e-6,0.2315270935960591,310.4444444444444
1_0_0_1_0_0_0_0_0_1_0_1_0_0_0_1_1_0_1_1_1_0_0_0_0_0_1_1_1_1_0_0_0_1_0_0_0_0_0_0_0_1_0_0_1_0_1_0_0_1_0_0,1,5.9999999999999995e-5,2.1602468994692868e-5,0.2512315270935961,284.54365079365084
1_0_0_1_0_0_0_1_0_1_0_1_0_0_0_0_1_0_1_1_1_1_1_0_0_1_1_0_0_1_0_0_1_1_0_0_1_0_1_0_0_0_0_0_1_0_1_0_1_1_0_1,1,5.9999999999999995e-5,1.4142135623730946e-5,0.270935960591133,309.1666666666667
1_0_0_1_0_0_0_0_0_1_0_1_0_0_1_1_1_0_1_1_1_0_0_0_0_0_1_0_1_1_0_0_0_1_0_0_0_0_0_0_0_0_0_0_1_0_1_0_0_0_0_0,1,5.666666666666667e-5,1.2472191289246467e-5,0.22660098522167488,271.031746031746
1_1_0_1_1_1_1_1_1_0_1_1_1_0_1_1_1_1_0_1_1_1_1_1_0_1_1_0_0_1_1_0_1_0_1_1_1_1_1_0_1_0_1_1_0_1_0_1_0_0_1_0,1,5.666666666666667e-5,4.714045207910317e-6,0.26108374384236455,293.3333333333333
1_1_1_1_1_1_1_0_1_0_1_0_1_1_1_1_0_1_1_0_0_0_0_1_0_0_1_0_1_1_1_0_0_1_1_1_0_1_0_0_0_1_1_0_1_0_0_0_0_0_1_0,1,5.666666666666667e-5,2.4944382578492947e-5,0.22660098522167488,260.4444444444444
0_0_0_0_0_0_0_0_0_1_0_1_0_0_0_0_1_0_0_1_1_0_0_0_1_0_0_1_1_0_0_1_0_0_0_0_0_0_0_1_1_0_0_1_1_1_0_1_1_1_0_1,1,5.666666666666667e-5,4.714045207910317e-6,0.26108374384236455,280.77777777777777
1_0_0_1_0_0_0_0_0_1_1_0_0_0_0_0_0_0_1_0_0_1_1_0_0_1_1_1_0_1_0_0_1_1_0_0_1_0_1_0_0_1_0_0_0_0_0_0_1_1_0_1,1,5.666666666666667e-5,2.0548046676563257e-5,0.26108374384236455,309.4444444444444
0_0_0_0_0_0_0_1_0_1_0_1_0_0_0_0_1_0_0_1_1_1_1_0_1_1_0_1_0_0_0_1_1_0_0_0_1_0_1_1_1_0_0_1_0_1_1_1_1_1_0_1,1,5.666666666666667e-5,4.714045207910317e-6,0.22660098522167488,283.2222222222222
0_1_0_0_1_0_0_0_0_1_0_1_1_0_1_1_1_1_0_1_1_0_0_0_1_0_0_1_1_0_1_1_0_0_0_0_0_1_0_1_1_0_0_1_1_1_1_1_0_0_0_0,1,5.666666666666667e-5,2.4944382578492947e-5,0.2512315270935961,245.1851851851852
0_1_1_0_1_0_1_1_1_0_1_1_1_1_0_0_0_1_0_0_0_0_0_1_0_0_0_1_1_0_1_1_0_0_1_1_0_1_0_1_1_1_1_1_0_1_1_1_1_0_1_1,1,5.666666666666667e-5,1.699673171197595e-5,0.2512315270935961,254.58333333333334
0_0_0_0_0_0_0_0_0_1_0_0_0_0_1_1_1_1_0_1_1_0_0_0_1_0_0_1_1_0_1_1_0_0_0_0_0_0_0_1_1_0_0_1_1_1_0_1_0_1_0_1,1,5.666666666666667e-5,2.0548046676563257e-5,0.26108374384236455,238.19444444444446
0_0_1_0_0_1_1_1_1_0_1_0_0_1_0_0_0_0_0_0_0_0_0_1_0_0_0_0_1_0_0_1_0_0_1_1_0_0_0_1_1_0_1_1_0_1_0_1_1_1_1_1,1,5.666666666666667e-5,1.699673171197595e-5,0.2660098522167488,253.25
0_1_1_0_1_1_1_1_1_0_1_0_1_1_0_0_0_1_0_0_0_1_1_1_1_1_0_1_0_0_1_1_1_0_1_1_1_1_1_1_1_1_1_1_1_1_1_1_1_1_1_1,1,5.666666666666667e-5,9.42809041582063e-6,0.22167487684729065,234.19047619047618
1_1_0_1_1_0_0_1_0_1_0_1_1_0_1_1_1_1_1_1_1_1_1_0_0_1_1_1_0_1_1_0_1_1_0_0_1_1_1_0_0_1_0_0_1_0_1_0_0_0_0_0,1,5.666666666666667e-5,1.699673171197595e-5,0.2857142857142857,373.5
0_0_1_0_0_1_1_1_1_0_1_1_1_1_1_1_0_0_1_0_0_0_0_1_1_0_0_0_1_0_0_1_0_1_1_1_0_0_0_1_0_1_1_0_0_0_1_0_0_0_1_0,1,5.666666666666667e-5,2.4944382578492947e-5,0.21674876847290642,344.81481481481484
1_0_1_1_0_0_0_0_1_1_1_0_0_1_0_1_0_0_1_0_0_0_0_0_0_0_1_0_1_1_0_0_0_1_0_0_0_0_0_0_0_0_0_0_0_0_0_0_0_0_0_1,1,5.666666666666667e-5,4.714045207910317e-6,0.24630541871921183,306.44444444444446
0_0_1_0_0_1_1_1_1_0_1_0_0_1_0_0_0_0_0_0_0_0_0_1_1_0_0_0_1_0_0_1_0_0_1_1_0_0_0_1_1_1_1_1_0_1_0_1_1_1_1_1,1,5.666666666666667e-5,9.42809041582063e-6,0.26108374384236455,335.23809523809524
0_1_0_0_1_0_0_0_0_1_0_1_1_0_1_1_1_1_0_1_1_0_0_0_0_0_0_1_1_0_1_1_0_0_0_0_0_1_0_1_1_1_0_1_1_1_1_1_0_0_0_0,1,5.666666666666667e-5,2.867441755680876e-5,0.2561576354679803,366.48148148148147
0_0_1_0_0_0_1_1_1_0_1_1_1_1_1_1_0_0_1_0_0_0_0_1_1_0_0_1_1_0_0_1_0_1_1_1_0_0_0_1_0_1_1_0_0_0_1_0_0_0_1_0,1,5.666666666666667e-5,2.0548046676563257e-5,0.21674876847290642,265.27777777777777
0_0_0_0_0_1_0_0_0_1_0_0_0_0_1_1_1_1_0_1_1_0_0_0_0_0_0_0_1_0_1_1_0_0_0_0_0_0_0_1_1_0_0_1_1_1_0_1_0_1_0_1,1,5.666666666666667e-5,2.0548046676563257e-5,0.2512315270935961,212.5
1_1_1_1_1_0_1_1_1_0_0_1_1_1_0_1_1_0_1_1_1_1_1_1_1_1_1_0_0_1_0_0_1_1_1_1_1_1_1_0_0_0_1_0_1_0_1_0_0_0_0_0,1,5.666666666666667e-5,3.39934634239519e-5,0.29064039408866993,322.32804232804233
1_0_0_1_0_1_0_0_0_1_0_0_0_0_1_1_1_0_1_1_1_1_1_0_1_1_1_0_0_1_0_0_1_1_0_0_1_0_1_0_0_0_0_0_1_0_0_0_0_1_0_0,1,5.666666666666667e-5,2.0548046676563257e-5,0.2512315270935961,303.3333333333333
1_1_1_1_1_1_1_1_1_0_1_0_1_1_1_1_0_1_1_0_0_0_0_1_0_0_1_0_1_1_1_0_0_1_1_1_0_1_0_0_0_0_1_0_1_0_0_0_0_0_1_0,1,5.6666666666666664e-5,9.42809041582063e-6,0.2315270935960591,253.61904761904762
0_1_0_0_1_0_0_0_0_1_0_1_1_0_1_1_1_1_1_1_1_0_0_0_1_0_0_0_1_0_1_1_0_1_0_0_0_1_0_1_0_0_0_0_1_0_0_0_0_0_0_0,1,5.6666666666666664e-5,1.2472191289246467e-5,0.24630541871921183,316.74603174603175
0_1_0_0_1_1_1_1_0_0_0_1_1_0_1_0_1_1_0_1_1_1_1_1_1_1_0_0_0_0_1_1_1_0_1_1_1_1_1_1_1_0_1_1_1_1_1_1_1_1_1_0,1,5.333333333333334e-5,9.428090415820634e-6,0.23645320197044334,255.27777777777774
0_0_1_0_0_0_0_0_0_1_1_0_0_0_0_0_0_0_0_0_0_1_1_0_1_1_0_1_0_0_0_1_1_0_0_0_1_0_1_1_1_1_0_1_0_1_1_1_1_1_0_1,1,5.333333333333334e-5,9.428090415820634e-6,0.21674876847290642,286.1111111111111
0_1_0_0_1_1_1_1_0_0_0_1_1_0_1_1_1_1_0_1_1_0_0_1_0_0_0_0_1_0_1_1_0_0_1_1_0_1_0_1_1_0_1_1_1_1_1_1_0_0_1_0,1,5.333333333333334e-5,2.0548046676563257e-5,0.2561576354679803,301.97222222222223
0_0_1_0_0_1_0_0_1_1_1_0_0_0_0_0_0_0_0_0_0_1_1_0_1_1_0_0_0_0_0_1_1_0_0_0_1_0_1_1_1_1_0_1_0_1_1_1_1_1_0_1,1,5.333333333333334e-5,2.0548046676563257e-5,0.22167487684729065,329.5555555555556
0_0_0_0_0_1_0_0_0_1_1_0_0_0_0_0_1_0_0_1_0_0_0_0_1_0_0_0_1_0_0_1_0_0_0_0_0_0_0_1_1_0_0_1_0_1_0_1_1_1_0_1,1,5.333333333333334e-5,2.0548046676563257e-5,0.27586206896551724,347.1388888888889
0_0_0_0_0_1_0_0_0_1_0_0_0_0_1_1_1_1_0_1_1_0_0_0_1_0_0_0_1_0_1_1_0_0_0_0_0_0_0_1_1_0_0_1_1_1_0_1_0_1_0_1,1,5.333333333333334e-5,2.4944382578492944e-5,0.26108374384236455,215.41666666666666
1_0_0_1_0_0_0_0_0_1_0_1_0_0_0_1_1_0_1_1_1_0_0_0_0_0_1_0_1_1_0_0_0_1_0_0_0_0_0_0_0_0_0_0_0_0_0_0_0_1_0_0,1,5.333333333333334e-5,3.681787005729087e-5,0.23645320197044334,208.66666666666666
0_1_1_0_1_0_1_1_1_0_0_1_1_1_1_1_0_1_0_0_0_0_0_1_1_0_0_1_1_0_1_1_0_0_1_1_0_1_0_1_1_1_1_1_1_1_1_1_0_0_0_0,1,5.333333333333334e-5,9.428090415820634e-6,0.2512315270935961,354.72222222222223
1_0_0_1_0_0_0_0_0_1_0_1_0_0_1_1_1_0_1_1_1_0_0_0_0_0_1_1_1_1_0_0_0_1_0_0_0_0_0_0_0_1_0_0_1_0_1_0_0_0_0_0,1,5.333333333333334e-5,2.4944382578492944e-5,0.23645320197044334,279.5833333333333
0_0_0_0_0_0_0_0_0_1_0_0_0_1_0_0_0_0_1_0_0_0_0_0_1_0_0_1_1_0_0_1_0_1_0_0_0_0_0_1_0_1_0_0_1_0_0_0_1_1_0_1,1,5.333333333333334e-5,4.714045207910317e-6,0.2561576354679803,262.77777777777777
0_0_1_0_0_1_1_1_1_0_1_0_0_1_0_0_0_0_0_0_0_0_0_1_1_0_0_0_1_0_0_1_0_0_1_1_0_0_0_1_1_0_1_1_0_1_0_1_1_1_1_1,1,5.3333333333333326e-5,1.2472191289246467e-5,0.27586206896551724,272.2857142857143
0_1_1_0_1_1_1_1_1_0_1_1_1_0_1_1_0_1_0_0_0_0_0_1_1_0_0_0_1_0_1_1_0_0_1_1_0_1_0_1_1_1_1_1_0_1_1_1_0_0_1_0,1,5.3333333333333326e-5,1.2472191289246467e-5,0.26108374384236455,317.7142857142857
1_0_0_1_0_0_0_1_0_1_0_1_0_0_0_0_1_0_1_1_1_1_1_0_0_1_1_1_0_1_0_0_1_1_0_0_1_0_1_0_0_0_0_0_1_0_1_0_1_1_0_1,1,5.3333333333333326e-5,1.2472191289246467e-5,0.2660098522167488,261.95238095238096
1_1_0_1_1_1_0_0_0_1_0_0_0_0_0_0_1_1_0_1_1_1_1_0_0_1_1_0_0_1_1_0_1_0_0_0_1_1_1_0_1_0_0_1_1_1_0_1_1_1_0_1,1,5.3333333333333326e-5,1.6996731711975947e-5,0.21674876847290642,226.66666666666666
0_1_1_0_1_1_1_1_1_0_1_1_1_0_1_1_0_1_0_0_1_0_0_1_1_0_0_0_1_0_1_1_0_0_1_1_0_1_0_1_1_1_1_1_0_1_1_1_0_0_1_0,1,5.3333333333333326e-5,1.2472191289246467e-5,0.2561576354679803,338.61904761904765
1_1_1_1_1_1_1_1_1_0_1_0_1_1_0_1_0_0_1_0_0_1_1_1_0_1_1_0_0_1_0_0_1_1_1_1_1_1_1_0_0_1_1_0_0_0_1_0_0_0_1_0,1,5.0e-5,0.0,0.2955665024630542,304.0
1_1_1_1_1_1_1_0_1_0_1_0_1_1_1_1_0_1_1_0_0_1_1_1_1_1_1_1_0_1_1_0_1_1_1_1_1_1_1_0_0_1_1_0_0_0_0_0_0_0_1_0,1,5.0e-5,1.4142135623730951e-5,0.28078817733990147,315.5555555555556
0_1_0_0_1_1_1_1_1_0_0_1_1_0_1_0_1_1_0_1_1_1_1_1_1_1_0_1_0_0_1_1_1_0_1_1_1_1_1_1_1_1_1_1_1_1_1_1_1_1_1_0,1,5.0e-5,8.16496580927726e-6,0.2512315270935961,291.1111111111111
1_1_1_1_1_0_1_0_0_0_0_1_0_1_0_1_0_0_1_0_1_1_1_0_0_1_1_1_0_1_0_0_1_1_0_0_1_1_1_0_0_1_1_0_1_0_1_0_0_0_0_0,1,5.0e-5,8.16496580927726e-6,0.3054187192118227,319.5555555555556
0_1_1_0_1_1_1_0_1_0_1_0_1_1_0_0_0_1_0_0_0_1_1_1_1_1_0_1_0_0_1_1_1_0_1_1_1_1_1_1_1_1_1_1_0_1_0_1_1_1_1_1,1,5.0e-5,1.4142135623730946e-5,0.23645320197044334,251.54761904761904
0_1_1_0_1_1_1_1_1_0_1_0_1_1_0_0_0_1_0_0_0_1_1_1_1_1_0_1_0_0_1_1_1_0_1_1_1_1_1_1_1_1_1_1_0_1_0_1_1_1_1_1,1,5.0e-5,2.1602468994692865e-5,0.22660098522167488,249.9206349206349
1_1_1_1_1_1_1_1_1_0_0_1_1_1_1_1_1_1_0_1_1_1_1_1_0_1_1_0_0_1_1_0_1_0_1_1_1_1_1_0_1_0_1_1_1_1_1_1_0_0_1_0,1,5.0e-5,2.160246899469287e-5,0.2561576354679803,286.3888888888889
0_1_0_0_1_1_1_1_1_0_1_1_1_0_1_1_1_1_0_1_1_0_0_1_1_0_0_0_1_0_1_1_0_0_1_1_0_1_0_1_1_0_1_1_0_1_0_1_0_0_1_0,1,5.0e-5,1.4142135623730951e-5,0.2660098522167488,363.3333333333333
1_0_0_1_0_0_0_1_0_1_0_1_0_0_1_1_1_0_1_1_1_0_0_0_0_0_1_0_1_1_0_0_0_1_0_0_0_0_0_0_0_0_0_0_1_0_1_0_0_0_0_0,1,5.0e-5,1.4142135623730951e-5,0.23645320197044334,280.55555555555554
1_1_0_1_1_1_1_0_0_0_0_1_1_1_0_1_1_0_1_1_1_0_0_1_0_0_1_0_1_1_0_0_0_1_1_1_0_1_0_0_0_0_1_0_0_0_0_0_0_0_1_0,1,5.0e-5,2.943920288775949e-5,0.24630541871921183,304.6296296296296
1_1_1_1_1_1_1_1_1_0_1_0_1_1_0_1_0_0_1_0_0_1_1_1_0_1_1_1_0_1_0_0_1_1_1_1_1_1_1_0_0_1_1_0_0_0_1_0_0_0_1_0,1,5.0e-5,1.4142135623730951e-5,0.30049261083743845,246.66666666666666
1_1_0_1_1_1_1_0_0_0_0_1_1_0_1_1_1_1_0_1_1_1_1_1_0_1_1_0_0_1_1_0_1_0_1_1_1_1_1_0_1_0_1_1_1_1_0_1_0_0_1_0,1,5.0e-5,0.0,0.2561576354679803,316.0
1_0_1_1_0_1_1_1_1_0_1_0_1_1_1_1_0_1_0_0_0_1_1_1_0_1_1_0_0_1_1_0_1_0_1_1_1_0_1_0_1_1_1_1_0_1_1_1_0_0_1_0,1,5.0e-5,8.16496580927726e-6,0.21182266009852216,254.66666666666666
0_0_0_0_0_0_0_1_1_1_0_1_0_0_0_0_1_0_0_1_1_1_1_0_1_1_0_1_0_0_0_1_1_0_0_0_1_0_1_1_1_1_0_1_1_1_1_1_1_1_0_1,1,5.0e-5,2.160246899469287e-5,0.23645320197044334,357.3611111111111
1_1_0_1_1_1_1_1_0_0_0_1_1_1_1_1_1_1_1_1_1_0_0_1_0_0_1_0_1_1_1_0_0_1_1_1_0_1_0_0_0_0_1_0_0_0_0_0_0_0_1_0,1,5.0e-5,0.0,0.21182266009852216,322.0
1_0_1_1_0_1_1_1_1_0_1_1_1_0_0_1_1_0_1_1_1_0_0_1_0_0_1_0_1_1_0_0_0_1_1_1_0_0_0_0_0_0_1_0_0_0_1_0_0_0_1_0,1,5.0e-5,8.16496580927726e-6,0.2315270935960591,310.9444444444444
1_0_0_1_0_0_0_0_0_1_0_1_0_0_1_0_1_1_0_1_1_1_1_0_0_1_1_0_0_1_1_0_1_0_0_0_1_0_1_0_1_0_0_1_1_1_0_1_1_1_0_1,1,5.0e-5,2.4494897427831785e-5,0.2955665024630542,281.9166666666667
1_0_1_1_0_0_0_1_1_1_1_0_0_1_0_0_0_0_0_0_0_1_1_1_0_1_1_1_0_1_0_0_1_0_1_1_1_0_1_0_1_1_0_1_0_1_0_1_1_1_1_1,1,5.0e-5,2.1602468994692868e-5,0.28078817733990147,407.63888888888886
1_0_0_1_0_0_0_0_0_1_0_0_0_1_0_0_1_0_1_1_1_1_1_0_0_1_1_1_0_1_0_0_1_1_0_0_1_0_1_0_0_0_0_0_1_0_0_0_1_1_0_1,1,4.9999999999999996e-5,2.1602468994692865e-5,0.26108374384236455,244.68253968253967
0_0_1_0_0_1_1_1_1_0_1_0_1_1_1_1_0_1_0_0_0_0_0_1_1_0_0_1_1_0_1_1_0_0_1_1_0_0_0_1_1_1_1_1_0_1_1_1_0_0_1_0,1,4.9999999999999996e-5,2.82842712474619e-5,0.22167487684729065,396.19047619047615
1_0_0_1_0_0_0_0_0_1_0_0_0_0_0_0_0_0_1_1_1_0_0_0_0_0_1_1_1_1_0_0_0_1_0_0_0_0_0_0_0_0_0_0_1_0_0_0_1_1_0_1,0,4.9999999999999996e-5,1.6329931618554516e-5,0.14285714285714285,1001.0
0_0_0_0_0_1_0_0_0_1_1_0_0_0_1_0_0_1_0_0_0_0_0_0_0_0_0_1_1_0_1_1_0_0_0_0_0_0_0_1_1_1_0_1_0_1_0_1_1_1_1_1,1,4.9999999999999996e-5,1.6329931618554516e-5,0.29064039408866993,328.73015873015873
1_1_1_1_1_1_1_1_1_0_1_1_1_0_1_1_0_1_0_0_0_1_1_1_0_1_1_0_0_1_1_0_1_0_1_1_1_1_1_0_1_1_1_1_0_1_1_1_0_0_1_0,1,4.9999999999999996e-5,1.6329931618554516e-5,0.2561576354679803,290.50793650793656
0_0_0_0_0_0_0_0_0_1_1_0_0_0_0_0_0_0_1_0_0_0_0_0_1_0_0_1_1_0_0_1_0_1_0_0_0_0_0_1_0_1_0_0_0_0_0_0_1_1_0_1,1,4.9999999999999996e-5,1.6329931618554516e-5,0.2561576354679803,322.85714285714283
0_0_1_0_0_0_0_1_1_1_1_0_0_1_0_0_0_0_0_0_0_0_0_0_1_0_0_1_1_0_0_1_0_0_0_0_0_0_0_1_1_1_0_1_0_1_1_1_1_1_0_1,1,4.9999999999999996e-5,1.4142135623730946e-5,0.28078817733990147,360.5952380952381
0_0_1_0_0_0_0_1_1_1_1_0_0_0_1_0_0_1_0_0_0_1_1_0_1_1_0_1_0_0_1_1_1_0_0_0_1_0_1_1_1_1_0_1_0_1_1_1_1_1_0_1,1,4.666666666666667e-5,1.2472191289246472e-5,0.24630541871921183,260.77777777777777
0_0_0_0_0_0_0_1_0_1_0_1_0_0_0_0_1_0_0_1_1_0_0_0_0_0_0_0_1_0_0_1_0_0_0_0_0_0_0_1_1_0_0_1_1_1_1_1_1_1_0_1,1,4.666666666666667e-5,1.8856180831641267e-5,0.28078817733990147,263.88888888888886
1_0_1_1_0_0_0_0_1_1_1_0_0_1_0_0_0_0_1_0_0_1_1_0_0_1_1_0_0_1_0_0_1_1_0_0_1_0_1_0_0_0_0_0_0_0_0_0_1_1_0_1,1,4.666666666666667e-5,2.3570226039551588e-5,0.27586206896551724,353.6111111111111
0_1_1_0_1_1_1_1_1_0_1_0_1_1_1_0_0_1_0_0_0_1_1_1_1_1_0_1_0_0_1_1_1_0_1_1_1_1_1_1_1_1_1_1_1_1_1_1_1_0_1_1,1,4.666666666666667e-5,9.428090415820634e-6,0.23645320197044334,288.6111111111111
0_1_0_0_1_1_1_1_1_0_0_1_1_0_1_1_1_1_0_1_1_0_0_1_0_0_0_1_1_0_1_1_0_0_1_1_0_1_0_1_1_1_1_1_1_1_1_1_0_0_1_0,1,4.666666666666667e-5,9.428090415820634e-6,0.270935960591133,351.1111111111111
0_0_0_0_0_0_0_1_1_1_0_1_0_0_1_0_1_1_0_1_1_1_1_0_1_1_0_1_0_0_1_1_1_0_0_0_1_0_1_1_1_1_0_1_1_1_1_1_1_1_0_1,1,4.666666666666667e-5,9.428090415820634e-6,0.270935960591133,322.77777777777777
0_0_0_0_0_0_0_0_0_1_0_1_0_0_0_0_1_0_0_1_1_0_0_0_1_0_0_0_1_0_0_1_0_0_0_0_0_0_0_1_1_0_0_1_1_1_0_1_1_1_0_1,1,4.666666666666667e-5,1.2472191289246472e-5,0.2660098522167488,278.5555555555556
1_1_0_1_1_1_1_0_0_0_0_1_1_0_1_1_1_1_1_1_1_1_1_1_0_1_1_0_0_1_1_0_1_1_1_1_1_1_1_0_0_0_1_0_1_0_0_0_0_0_1_0,1,4.666666666666667e-5,1.2472191289246472e-5,0.28078817733990147,372.8888888888889
1_1_1_1_1_1_1_1_1_0_1_0_1_1_1_1_0_1_1_0_0_1_1_1_0_1_1_1_0_1_1_0_1_1_1_1_1_1_1_0_0_1_1_0_0_0_1_0_0_0_1_0,1,4.666666666666667e-5,9.428090415820634e-6,0.2660098522167488,250.55555555555554
1_0_0_1_0_0_0_0_0_1_0_1_0_0_0_0_1_0_0_1_1_1_1_0_0_1_1_0_0_1_0_0_1_0_0_0_1_0_1_0_1_0_0_1_1_1_1_1_1_1_0_1,1,4.666666666666667e-5,1.2472191289246472e-5,0.27586206896551724,249.55555555555554
1_1_0_1_1_1_1_0_0_0_0_1_1_0_1_1_1_1_1_1_1_1_1_1_1_1_1_0_0_1_1_0_1_1_1_1_1_1_1_0_0_0_1_0_1_0_0_0_0_0_1_0,1,4.666666666666667e-5,4.714045207910317e-6,0.270935960591133,338.1666666666667
0_1_0_0_1_0_0_0_0_1_0_1_1_0_1_1_1_1_0_1_1_0_0_0_1_0_0_1_1_0_1_1_0_0_0_0_0_1_0_1_1_1_0_1_1_1_1_1_0_0_0_0,1,4.666666666666667e-5,1.2472191289246472e-5,0.2660098522167488,256.88888888888886
1_0_1_1_0_0_0_0_1_1_1_0_0_1_0_0_0_0_1_0_0_1_1_0_1_1_1_1_0_1_0_0_1_1_0_0_1_0_1_0_0_1_0_0_0_0_1_0_1_1_0_1,1,4.666666666666667e-5,9.428090415820634e-6,0.2512315270935961,324.72222222222223
1_0_0_1_0_0_0_0_0_1_0_1_0_0_0_1_1_0_1_1_1_0_0_0_0_0_1_1_1_1_0_0_0_1_0_0_0_0_0_0_0_0_0_0_1_0_1_0_0_1_0_0,1,4.666666666666667e-5,1.2472191289246472e-5,0.23645320197044334,246.8888888888889
0_1_1_0_1_1_1_1_1_0_1_0_1_1_1_1_0_1_0_0_0_0_0_1_1_0_0_0_1_0_1_1_0_0_1_1_0_1_0_1_1_1_1_1_0_1_1_1_0_0_1_0,1,4.666666666666667e-5,1.2472191289246472e-5,0.2413793103448276,276.1111111111111
0_0_1_0_0_1_1_0_1_0_1_0_0_1_0_0_0_0_0_0_0_0_0_1_1_0_0_1_1_0_0_1_0_0_1_1_0_0_0_1_1_1_1_1_0_1_0_1_1_1_1_1,1,4.666666666666667e-5,9.428090415820634e-6,0.27586206896551724,347.22222222222223
0_1_1_0_1_1_1_1_1_0_0_1_1_1_1_1_0_1_0_0_1_0_0_1_1_0_0_0_1_0_1_1_0_0_1_1_0_1_0_1_1_1_1_1_1_1_1_1_0_0_1_0,1,4.666666666666667e-5,1.2472191289246472e-5,0.2561576354679803,460.0
1_0_1_1_0_0_0_0_0_1_1_0_0_1_0_0_0_0_1_0_0_1_1_0_1_1_1_1_0_1_0_0_1_1_0_0_1_0_1_0_0_1_0_0_0_0_0_0_1_1_0_1,1,4.666666666666667e-5,2.4944382578492947e-5,0.26108374384236455,240.41666666666666
0_1_1_0_1_1_1_1_1_0_1_0_1_1_1_0_0_1_0_0_0_1_1_1_1_1_0_0_0_0_1_1_1_0_1_1_1_1_1_1_1_1_1_1_1_1_0_1_1_0_1_1,1,4.666666666666667e-5,1.2472191289246472e-5,0.24630541871921183,248.88888888888889
1_1_0_1_1_0_0_0_0_1_0_1_0_0_0_0_1_0_1_1_1_1_1_0_0_1_1_0_0_1_0_0_1_1_0_0_1_1_1_0_0_0_0_0_1_0_0_0_1_1_0_1,1,4.666666666666667e-5,9.428090415820634e-6,0.22167487684729065,306.6666666666667
0_0_0_0_0_0_0_0_0_1_0_0_0_1_0_0_1_0_1_1_1_0_0_0_1_0_0_1_1_0_0_1_0_1_0_0_0_0_0_1_0_0_0_0_1_0_0_0_1_1_0_1,1,4.666666666666667e-5,2.867441755680876e-5,0.2561576354679803,208.25
0_1_0_0_1_0_0_0_0_1_0_1_1_0_1_1_1_1_1_1_1_0_0_0_1_0_0_1_1_0_1_1_0_1_0_0_0_1_0_1_0_0_0_0_1_0_0_0_0_0_0_0,1,4.6666666666666665e-5,2.6246692913372702e-5,0.2413793103448276,313.0952380952381
0_0_0_0_0_0_0_0_0_1_0_0_0_1_0_0_1_0_0_1_0_0_0_0_1_0_0_1_1_0_0_1_0_0_0_0_0_0_0_1_1_0_0_1_1_1_0_1_1_1_0_1,1,4.6666666666666665e-5,2.0548046676563253e-5,0.27586206896551724,310.76190476190476
1_0_1_1_0_1_1_1_1_0_1_0_1_1_1_1_0_1_0_0_0_1_1_1_0_1_1_1_0_1_1_0_1_0_1_1_1_0_1_0_1_1_1_1_0_1_1_1_0_0_1_0,1,4.6666666666666665e-5,2.0548046676563253e-5,0.21674876847290642,261.0
0_1_1_0_1_0_1_1_1_0_1_1_1_1_1_1_0_1_0_0_0_1_1_1_1_1_0_0_0_0_1_1_1_0_1_1_1_1_1_1_1_1_1_1_0_1_1_1_0_0_1_0,0,4.333333333333334e-5,4.714045207910317e-6,0.13793103448275862,1001.0
1_1_0_1_1_0_0_0_0_1_0_1_1_0_1_1_1_1_0_1_1_1_1_0_0_1_1_1_0_1_1_0_1_0_0_0_1_1_1_0_1_1_0_1_1_1_1_1_0_0_0_0,1,4.333333333333334e-5,1.6996731711975947e-5,0.26108374384236455,283.77777777777777
0_1_1_0_1_0_1_1_1_0_0_1_1_1_1_1_0_1_0_0_1_1_1_1_1_1_0_0_0_0_1_1_1_0_1_1_1_1_1_1_1_0_1_1_1_1_1_1_0_0_0_0,0,4.333333333333334e-5,2.867441755680876e-5,0.17733990147783252,1001.0
0_1_1_0_1_0_1_1_0_0_0_1_1_1_1_1_0_1_0_0_1_1_1_1_1_1_0_0_0_0_1_1_1_0_1_1_1_1_1_1_1_0_1_1_1_1_1_1_0_0_0_0,0,4.333333333333334e-5,1.247219128924647e-5,0.18226600985221675,1001.0
0_1_1_0_1_1_1_1_1_0_1_1_1_0_1_1_0_1_0_0_0_0_0_1_1_0_0_1_1_0_1_1_0_0_1_1_0_1_0_1_1_1_1_1_0_1_1_1_0_0_1_0,1,4.333333333333334e-5,1.247219128924647e-5,0.2660098522167488,279.44444444444446
0_1_1_0_1_1_1_1_1_0_1_0_1_1_1_1_0_1_0_0_0_0_0_1_0_0_0_0_1_0_1_1_0_0_1_1_0_1_0_1_1_1_1_1_1_1_1_1_0_0_1_0,1,4.333333333333334e-5,1.247219128924647e-5,0.2413793103448276,253.88888888888889
1_0_1_1_0_1_1_1_1_0_1_0_0_1_0_0_0_0_1_0_0_1_1_1_0_1_1_0_0_1_0_0_1_1_1_1_1_0_1_0_0_0_1_0_0_0_0_0_1_1_1_1,1,4.333333333333334e-5,4.714045207910317e-6,0.2660098522167488,298.0
1_1_1_1_1_1_1_1_1_0_1_1_1_0_1_1_0_1_0_0_1_1_1_1_0_1_1_0_0_1_1_0_1_0_1_1_1_1_1_0_1_1_1_1_0_1_1_1_0_0_1_0,1,4.333333333333334e-5,2.3570226039551585e-5,0.2512315270935961,229.44444444444443
1_0_1_1_0_1_1_1_1_0_1_0_0_1_0_0_0_0_0_0_0_1_1_1_0_1_1_1_0_1_0_0_1_0_1_1_1_0_1_0_1_1_1_1_0_1_0_1_1_1_1_1,1,4.333333333333334e-5,4.714045207910317e-6,0.26108374384236455,278.0
0_0_0_0_0_0_0_0_0_1_0_1_0_0_0_0_1_0_1_1_1_0_0_0_1_0_0_1_1_0_0_1_0_1_0_0_0_0_0_1_0_0_0_0_1_0_1_0_1_1_0_1,1,4.333333333333334e-5,1.6996731711975947e-5,0.2512315270935961,361.1111111111111
0_0_0_0_0_0_0_1_0_1_0_1_0_0_0_0_1_0_0_1_1_1_1_0_1_1_0_1_0_0_0_1_1_0_0_0_1_0_1_1_1_1_0_1_0_1_1_1_1_1_0_1,1,4.333333333333334e-5,1.247219128924647e-5,0.2413793103448276,265.8333333333333
0_0_0_0_0_0_0_0_0_1_0_1_0_0_1_0_1_1_0_1_1_1_1_0_1_1_0_0_0_0_1_1_1_0_0_0_1_0_1_1_1_0_0_1_0_1_1_1_1_1_0_1,1,4.333333333333334e-5,1.6996731711975947e-5,0.2561576354679803,312.22222222222223
0_0_0_0_0_0_0_0_0_1_0_0_0_1_0_0_0_0_0_0_0_0_0_0_0_0_0_1_1_0_0_1_0_0_0_0_0_0_0_1_1_1_0_1_1_1_0_1_1_1_0_1,1,4.333333333333334e-5,3.299831645537222e-5,0.270935960591133,221.11111111111111
1_1_0_1_1_1_1_1_0_0_0_1_1_0_1_1_1_1_1_1_1_1_1_1_1_1_1_1_0_1_1_0_1_1_1_1_1_1_1_0_0_1_1_0_1_0_1_0_0_0_1_0,1,4.333333333333334e-5,2.3570226039551585e-5,0.2857142857142857,393.8888888888889
1_1_1_1_1_1_1_1_1_0_1_1_1_0_1_1_1_1_1_1_1_1_1_1_1_1_1_0_0_1_1_0_1_1_1_1_1_1_1_0_0_0_1_0_0_0_1_0_0_0_1_0,1,4.333333333333334e-5,2.3570226039551585e-5,0.270935960591133,284.44444444444446
1_0_0_1_0_0_0_0_0_1_0_0_0_0_1_1_1_0_1_1_1_1_1_0_1_1_1_1_0_1_0_0_1_1_0_0_1_0_1_0_0_0_0_0_1_0_0_0_0_1_0_0,1,4.333333333333334e-5,1.6996731711975947e-5,0.2512315270935961,257.22222222222223
0_1_1_0_1_1_1_1_1_0_1_0_1_1_1_1_0_1_1_0_0_0_0_1_1_0_0_0_1_0_1_1_0_1_1_1_0_1_0_1_0_1_1_0_0_0_1_0_0_0_1_0,1,4.333333333333334e-5,2.6246692913372705e-5,0.2561576354679803,240.69444444444443
1_1_1_1_1_1_1_1_1_0_1_1_1_0_1_1_0_1_1_0_1_1_1_1_1_1_1_0_0_1_1_0_1_1_1_1_1_1_1_0_0_1_1_0_0_0_1_0_0_0_1_0,1,4.333333333333334e-5,9.428090415820635e-6,0.2660098522167488,331.1111111111111
1_1_0_1_1_0_0_0_0_1_0_1_1_0_1_1_1_1_1_1_1_1_1_0_0_1_1_1_0_1_1_0_1_1_0_0_1_1_1_0_0_1_0_0_1_0_1_0_0_0_0_0,1,4.333333333333334e-5,1.2472191289246472e-5,0.27586206896551724,335.0
1_1_1_1_1_1_1_1_1_0_1_1_1_0_1_1_0_1_1_0_0_1_1_1_0_1_1_0_0_1_1_0_1_1_1_1_1_1_1_0_0_1_1_0_0_0_1_0_0_0_1_0,1,4.333333333333334e-5,4.714045207910317e-6,0.28078817733990147,291.0
0_0_1_0_0_0_0_1_1_1_1_0_0_0_1_0_0_1_0_0_0_1_1_0_1_1_0_1_0_0_1_1_1_0_0_0_1_0_1_1_1_1_0_1_1_1_1_1_1_1_0_1,1,4.333333333333334e-5,1.2472191289246472e-5,0.24630541871921183,244.44444444444446
1_0_0_1_0_0_0_1_0_1_0_1_0_0_0_0_1_0_1_1_1_1_1_0_0_1_1_1_0_1_0_0_1_1_0_0_1_0_1_0_0_1_0_0_1_0_1_0_1_1_0_1,1,4.333333333333334e-5,4.714045207910317e-6,0.28078817733990147,311.0
0_1_0_0_1_0_0_1_0_1_0_1_1_0_1_1_1_1_1_1_1_0_0_0_1_0_0_0_1_0_1_1_0_1_0_0_0_1_0_1_0_0_0_0_1_0_1_0_0_0_0_0,1,4.333333333333333e-5,2.494438257849294e-5,0.270935960591133,281.61904761904765
0_1_1_0_1_1_1_1_1_0_1_0_1_1_1_1_0_1_0_0_0_0_0_1_1_0_0_0_1_0_1_1_0_0_1_1_0_1_0_1_1_0_1_1_0_1_0_1_0_0_1_0,1,4.333333333333333e-5,1.8856180831641264e-5,0.270935960591133,310.79365079365084
0_1_1_0_1_1_1_0_1_0_1_0_1_1_1_1_0_1_0_0_0_0_0_1_1_0_0_0_1_0_1_1_0_0_1_1_0_1_0_1_1_1_1_1_0_1_0_1_0_0_1_0,1,4.333333333333333e-5,1.8856180831641264e-5,0.2660098522167488,288.5714285714286
1_0_1_1_0_0_0_0_0_1_1_0_0_1_0_1_0_0_1_0_0_0_0_0_0_0_1_1_1_1_0_0_0_1_0_0_0_0_0_0_0_1_0_0_0_0_0_0_0_0_0_1,1,4.333333333333333e-5,2.494438257849294e-5,0.2413793103448276,241.80952380952382
0_0_0_0_0_0_0_0_0_1_0_0_0_1_0_0_1_0_0_1_0_0_0_0_0_0_0_1_1_0_0_1_0_0_0_0_0_0_0_1_1_0_0_1_1_1_0_1_1_1_0_1,1,4.333333333333333e-5,2.494438257849294e-5,0.2660098522167488,269.0
1_0_0_1_0_1_0_0_0_1_0_0_0_0_1_1_1_1_0_1_1_1_1_0_0_1_1_0_0_1_1_0_1_0_0_0_1_0_1_0_1_0_0_1_1_1_0_1_0_1_0_1,1,4.333333333333333e-5,2.0548046676563253e-5,0.2561576354679803,223.69047619047618
1_1_1_1_1_1_1_1_1_0_1_0_1_1_1_1_0_1_1_0_0_1_1_1_1_1_1_0_0_1_1_0_1_1_1_1_1_1_1_0_0_1_1_0_0_0_1_0_0_0_1_0,1,4.0e-5,8.164965809277262e-6,0.2512315270935961,259.77777777777777
0_0_0_0_0_0_0_0_0_1_0_1_0_0_0_0_1_0_0_1_1_0_0_0_1_0_0_0_1_0_0_1_0_0_0_0_0_0_0_1_1_0_0_1_1_1_1_1_1_1_0_1,1,4.0e-5,8.164965809277262e-6,0.28078817733990147,269.27777777777777
1_1_1_1_1_0_1_1_1_0_0_1_1_1_1_1_0_1_0_0_0_1_1_1_0_1_1_1_0_1_1_0_1_0_1_1_1_1_1_0_1_1_1_1_1_1_1_1_0_0_0_0,1,4.0e-5,8.164965809277262e-6,0.24630541871921183,307.77777777777777
1_1_0_1_1_1_1_0_0_0_0_1_1_1_0_1_1_0_1_1_1_0_0_1_0_0_1_0_1_1_0_0_0_1_1_1_0_1_0_0_0_0_1_0_1_0_0_0_0_0_1_0,1,4.0e-5,1.4142135623730951e-5,0.24630541871921183,266.3333333333333
1_1_0_1_1_0_0_0_0_1_0_1_1_0_1_1_1_1_1_1_1_1_1_0_1_1_1_1_0_1_1_0_1_1_0_0_1_1_1_0_0_1_0_0_1_0_1_0_0_0_0_0,1,4.0e-5,2.9439202887759494e-5,0.2660098522167488,306.25
1_0_1_1_0_0_0_0_1_1_1_0_0_1_0_0_0_0_1_0_0_1_1_0_0_1_1_1_0_1_0_0_1_1_0_0_1_0_1_0_0_1_0_0_0_0_0_0_1_1_0_1,1,4.0e-5,1.4142135623730951e-5,0.2660098522167488,319.44444444444446
1_1_1_1_1_1_1_1_1_0_1_0_1_1_0_1_0_0_1_0_0_0_0_1_0_0_1_1_1_1_0_0_0_1_1_1_0_1_0_0_0_1_1_0_1_0_0_0_0_0_1_0,1,4.0e-5,1.632993161855452e-5,0.2561576354679803,365.5555555555556
0_0_0_0_0_0_0_0_0_1_0_0_0_1_0_0_1_0_0_1_1_0_0_0_0_0_0_1_1_0_0_1_0_0_0_0_0_0_0_1_1_0_0_1_1_1_0_1_1_1_0_1,1,4.0e-5,8.164965809277262e-6,0.270935960591133,244.55555555555554
1_1_1_1_1_0_1_1_1_0_0_1_1_1_0_1_1_0_1_1_1_1_1_1_0_1_1_0_0_1_0_0_1_1_1_1_1_1_1_0_0_0_1_0_1_0_1_0_0_0_0_0,1,4.0e-5,1.632993161855452e-5,0.30049261083743845,337.77777777777777
1_1_1_1_1_1_1_0_1_0_1_0_1_1_1_1_0_1_1_0_0_1_1_1_1_1_1_0_0_1_1_0_1_1_1_1_1_1_1_0_0_0_1_0_0_0_0_0_0_0_1_0,1,4.0e-5,1.632993161855452e-5,0.29064039408866993,236.94444444444443
0_0_0_0_0_0_0_1_0_1_0_1_0_0_0_0_1_0_1_1_1_0_0_0_1_0_0_1_1_0_0_1_0_1_0_0_0_0_0_1_0_1_0_0_1_0_1_0_1_1_0_1,1,4.0e-5,1.4142135623730951e-5,0.27586206896551724,217.22222222222226
1_1_1_1_1_0_1_1_1_0_1_1_1_1_0_0_0_0_1_0_0_1_1_1_0_1_1_1_0_1_0_0_1_1_1_1_1_1_1_0_0_1_1_0_0_0_1_0_1_0_1_0,1,4.0e-5,0.0,0.26108374384236455,231.66666666666666
1_1_0_1_1_1_1_1_0_0_0_1_1_0_1_0_1_1_1_1_1_0_0_1_0_0_1_0_1_1_1_0_0_1_1_1_0_1_0_0_0_0_1_0_1_0_1_0_1_1_1_0,1,4.0e-5,1.4142135623730951e-5,0.2561576354679803,342.2222222222222
1_1_1_1_1_1_1_0_1_0_1_0_1_1_1_1_0_1_1_0_0_1_1_1_0_1_1_1_0_1_1_0_1_1_1_1_1_1_1_0_0_1_1_0_0_0_0_0_0_0_1_0,1,4.0e-5,8.164965809277262e-6,0.29064039408866993,287.3333333333333
1_1_0_1_1_0_1_0_0_0_0_1_1_1_0_1_1_0_1_1_1_0_0_1_0_0_1_1_1_1_0_0_0_1_1_1_0_1_0_0_0_0_1_0_1_0_0_0_0_0_1_0,1,4.0e-5,2.1602468994692868e-5,0.2561576354679803,276.77777777777777
0_1_0_0_1_0_1_1_0_0_0_1_1_1_1_1_1_1_0_1_1_1_1_1_1_1_0_1_0_0_1_1_1_0_1_1_1_1_1_1_1_0_1_1_0_1_0_1_0_0_1_0,1,4.0e-5,1.4142135623730951e-5,0.2019704433497537,288.8888888888889
0_1_1_0_1_1_1_1_1_0_0_1_1_1_1_1_0_1_0_0_0_0_0_1_1_0_0_0_1_0_1_1_0_0_1_1_0_1_0_1_1_1_1_1_1_1_1_1_0_0_1_0,1,4.0e-5,1.632993161855452e-5,0.26108374384236455,262.5
0_0_0_0_0_0_0_0_0_1_1_0_0_0_0_0_0_0_0_0_0_0_0_0_0_0_0_1_1_0_0_1_0_0_0_0_0_0_0_1_1_1_0_1_0_1_0_1_1_1_0_1,1,4.0e-5,1.4142135623730951e-5,0.270935960591133,245.0
0_1_0_0_1_1_1_1_0_0_0_1_1_0_1_1_1_1_0_1_1_0_0_1_1_0_0_1_1_0_1_1_0_0_1_1_0_1_0_1_1_1_1_1_1_1_1_1_0_0_1_0,1,3.9999999999999996e-5,2.1602468994692865e-5,0.27586206896551724,306.5079365079365
1_1_1_1_1_1_1_1_1_0_1_1_1_0_0_1_0_0_1_0_0_1_1_1_1_1_1_1_0_1_0_0_1_1_1_1_1_1_1_0_0_1_1_0_0_0_1_0_0_0_1_0,1,3.9999999999999996e-5,2.4494897427831778e-5,0.30049261083743845,258.8095238095238
0_0_0_0_0_1_0_0_0_1_1_0_0_0_0_0_1_0_1_1_1_0_0_0_1_0_0_0_1_0_0_1_0_1_0_0_0_0_0_1_0_0_0_0_0_0_0_0_1_1_1_1,1,3.9999999999999996e-5,2.1602468994692865e-5,0.24630541871921183,314.6825396825397
1_1_1_1_1_1_1_1_1_0_0_1_1_1_1_1_1_1_1_1_1_1_1_1_0_1_1_0_0_1_1_0_1_1_1_1_1_1_1_0_0_0_1_0_1_0_1_0_0_0_1_0,1,3.9999999999999996e-5,2.4494897427831778e-5,0.28078817733990147,335.23809523809524
0_0_0_0_0_0_0_0_0_1_1_0_0_0_0_0_1_0_1_1_0_0_0_0_1_0_0_1_1_0_0_1_0_1_0_0_0_0_0_1_0_0_0_0_0_0_0_0_1_1_0_1,1,3.9999999999999996e-5,2.4494897427831778e-5,0.2512315270935961,469.88095238095235
1_0_0_1_0_0_0_0_0_1_0_0_0_0_1_1_1_0_1_1_1_1_1_0_0_1_1_1_0_1_0_0_1_1_0_0_1_0_1_0_0_0_0_0_1_0_0_0_0_1_0_0,1,3.666666666666667e-5,2.0548046676563257e-5,0.26108374384236455,233.88888888888889
1_0_0_1_0_0_0_1_0_1_0_1_0_0_0_1_1_0_1_1_1_0_0_0_0_0_1_1_1_1_0_0_0_1_0_0_0_0_0_0_0_1_0_0_1_0_1_0_0_1_0_0,1,3.666666666666667e-5,1.2472191289246472e-5,0.26108374384236455,286.8333333333333
1_1_1_1_1_1_1_1_1_0_1_1_1_0_1_1_0_1_0_0_0_1_1_1_0_1_1_1_0_1_1_0_1_0_1_1_1_1_1_0_1_1_1_1_0_1_1_1_0_0_1_0,1,3.666666666666667e-5,4.7140452079103185e-6,0.26108374384236455,234.7222222222222
0_1_0_0_1_1_1_0_0_0_0_1_1_1_1_1_1_1_0_1_1_0_0_1_0_0_0_0_1_0_1_1_0_0_1_1_0_1_0_1_1_0_1_1_1_1_0_1_0_0_1_0,1,3.666666666666667e-5,2.0548046676563257e-5,0.2512315270935961,281.1111111111111
0_0_0_0_0_0_0_0_0_1_1_0_0_0_0_0_1_0_1_1_1_0_0_0_1_0_0_1_1_0_0_1_0_1_0_0_0_0_0_1_0_0_0_0_0_0_0_0_1_1_0_1,1,3.666666666666667e-5,1.2472191289246472e-5,0.2561576354679803,269.5
1_1_1_1_1_1_1_1_1_0_1_1_1_0_1_1_1_1_1_1_1_1_1_1_0_1_1_0_0_1_1_0_1_1_1_1_1_1_1_0_0_0_1_0_0_0_1_0_0_0_1_0,1,3.6666666666666666e-5,2.357022603955158e-5,0.28078817733990147,311.9047619047619
0_1_0_0_1_1_1_1_0_0_0_1_1_0_1_1_1_1_0_1_1_0_0_1_1_0_0_0_1_0_1_1_0_0_1_1_0_1_0_1_1_0_1_1_1_1_1_1_0_0_1_0,1,3.6666666666666666e-5,2.0548046676563257e-5,0.2660098522167488,320.5555555555556
1_0_0_1_0_1_0_0_1_1_1_0_0_0_0_0_0_0_1_0_0_0_0_0_0_0_1_1_1_1_0_0_0_1_0_0_0_0_0_0_0_1_0_0_0_0_0_0_1_1_1_1,0,3.6666666666666666e-5,1.2472191289246472e-5,0.18226600985221675,1001.0
0_1_0_0_1_0_0_0_0_1_0_0_0_1_0_0_0_1_0_0_1_1_1_0_1_1_0_1_0_0_1_1_1_0_0_0_1_1_1_1_1_1_0_1_1_1_0_1_1_1_0_1,1,3.6666666666666666e-5,1.699673171197595e-5,0.22660098522167488,264.44444444444446
1_0_0_1_0_0_0_0_0_1_1_0_0_0_1_1_0_0_1_0_1_1_1_0_1_1_1_1_0_1_0_0_1_1_0_0_1_0_1_0_0_1_0_0_0_0_0_0_0_0_0_0,1,3.6666666666666666e-5,1.2472191289246472e-5,0.3103448275862069,385.6666666666667
1_1_1_1_1_1_1_1_1_0_1_0_1_1_1_1_0_1_1_0_0_1_1_1_1_1_1_0_0_1_1_0_1_1_1_1_1_1_1_0_0_1_1_0_0_0_0_0_0_0_1_0,1,3.6666666666666666e-5,2.8674417556808754e-5,0.2660098522167488,294.1071428571429
0_0_1_0_0_1_1_1_1_0_1_0_0_1_0_0_0_0_1_0_0_0_0_1_1_0_0_1_1_0_0_1_0_1_1_1_0_0_0_1_0_1_1_0_0_0_0_0_1_1_1_1,1,3.6666666666666666e-5,1.885618083164127e-5,0.2512315270935961,260.6666666666667
0_0_1_0_0_0_0_0_1_1_1_0_0_1_0_0_0_0_1_0_0_0_0_0_1_0_0_1_1_0_0_1_0_1_0_0_0_0_0_1_0_1_0_0_0_0_0_0_1_1_0_1,1,3.6666666666666666e-5,1.885618083164127e-5,0.26108374384236455,322.0
1_0_0_1_0_0_0_1_1_1_0_1_0_0_0_1_1_0_1_1_1_0_0_0_0_0_1_0_1_1_0_0_0_1_0_0_0_0_0_0_0_0_0_0_1_0_1_0_0_1_0_0,1,3.6666666666666666e-5,9.428090415820635e-6,0.2561576354679803,270.22222222222223
0_1_1_0_1_1_1_0_1_0_1_0_1_1_1_1_0_1_0_0_0_0_0_1_1_0_0_0_1_0_1_1_0_0_1_1_0_1_0_1_1_0_1_1_0_1_0_1_0_0_1_0,1,3.6666666666666666e-5,4.7140452079103185e-6,0.28078817733990147,285.8333333333333
0_1_1_0_1_1_1_1_1_0_1_0_1_1_0_0_0_1_0_0_0_1_1_1_1_1_0_1_0_0_1_1_1_0_1_1_1_1_1_1_1_1_1_1_1_1_0_1_1_1_1_1,1,3.6666666666666666e-5,1.699673171197595e-5,0.23645320197044334,272.77777777777777
1_1_0_1_1_1_1_1_0_0_0_1_1_0_1_1_1_1_1_1_1_1_1_1_0_1_1_0_0_1_1_0_1_1_1_1_1_1_1_0_0_0_1_0_1_0_1_0_0_0_1_0,1,3.6666666666666666e-5,1.2472191289246472e-5,0.2857142857142857,280.6666666666667
0_0_0_0_0_0_0_0_0_1_0_1_0_0_0_0_1_0_0_1_1_0_0_0_0_0_0_1_1_0_0_1_0_0_0_0_0_0_0_1_1_1_0_1_1_1_1_1_1_1_0_1,1,3.6666666666666666e-5,1.885618083164127e-5,0.28078817733990147,256.6666666666667
0_0_1_0_0_1_1_0_1_0_1_0_0_1_0_0_0_0_0_0_0_0_0_1_0_0_0_0_1_0_0_1_0_0_1_1_0_0_0_1_1_1_1_1_0_1_0_1_1_1_1_1,1,3.6666666666666666e-5,2.0548046676563257e-5,0.26108374384236455,271.6666666666667
1_1_1_1_1_0_1_1_1_0_0_1_1_1_0_1_0_0_1_0_0_1_1_1_0_1_1_1_0_1_0_0_1_1_1_1_1_1_1_0_0_1_1_0_1_0_1_0_0_0_0_0,1,3.6666666666666666e-5,4.7140452079103185e-6,0.2955665024630542,303.8888888888889
0_0_1_0_0_1_0_1_1_1_1_0_0_0_1_0_0_1_0_0_0_1_1_0_1_1_0_0_0_0_1_1_1_0_0_0_1_0_1_1_1_1_0_1_0_1_1_1_1_1_0_1,1,3.6666666666666666e-5,9.428090415820635e-6,0.2561576354679803,273.11111111111114
1_1_1_1_1_1_1_1_1_0_1_0_1_1_1_1_0_1_1_0_0_1_1_1_1_1_1_0_0_1_1_0_1_1_1_1_1_1_1_0_0_0_1_0_0_0_0_0_0_0_1_0,1,3.6666666666666666e-5,9.428090415820635e-6,0.28078817733990147,278.0
1_0_1_1_0_1_1_0_1_0_1_0_0_1_0_0_0_0_0_0_0_1_1_1_0_1_1_1_0_1_0_0_1_0_1_1_1_0_1_0_1_1_1_1_0_1_0_1_1_1_1_1,1,3.6666666666666666e-5,9.428090415820635e-6,0.270935960591133,391.77777777777777
0_1_0_0_1_0_0_0_0_1_0_1_0_0_0_0_1_0_1_1_1_0_0_0_1_0_0_1_1_0_0_1_0_1_0_0_0_1_0_1_0_0_0_0_1_0_0_0_1_1_0_1,1,3.6666666666666666e-5,3.8586123009300757e-5,0.21182266009852216,284.44444444444446
1_0_0_1_0_0_0_0_0_1_0_1_0_0_0_0_1_0_1_1_1_1_1_0_1_1_1_0_0_1_0_0_1_1_0_0_1_0_1_0_0_0_0_0_0_0_0_0_1_1_0_1,1,3.333333333333334e-5,9.428090415820635e-6,0.24630541871921183,241.66666666666666
1_1_0_1_1_1_1_1_1_0_1_1_1_0_1_1_1_1_1_1_1_1_1_1_1_1_1_0_0_1_1_0_1_1_1_1_1_1_1_0_0_0_1_0_0_0_0_0_0_0_1_0,1,3.3333333333333335e-5,4.7140452079103185e-6,0.27586206896551724,283.0555555555556
0_0_0_0_0_0_0_0_0_1_0_0_0_1_1_0_1_1_0_1_1_0_0_0_0_0_0_1_1_0_1_1_0_0_0_0_0_0_0_1_1_0_0_1_1_1_0_1_1_1_0_1,1,3.3333333333333335e-5,1.2472191289246472e-5,0.2955665024630542,231.2222222222222
1_1_0_1_1_1_1_1_0_0_0_1_1_0_1_1_1_1_1_1_1_1_1_1_1_1_1_0_0_1_1_0_1_1_1_1_1_1_1_0_0_0_1_0_1_0_1_0_0_0_1_0,1,3.3333333333333335e-5,1.699673171197595e-5,0.27586206896551724,235.66666666666666
0_0_1_0_0_0_0_1_1_1_1_0_0_1_0_0_0_0_1_0_0_0_0_0_1_0_0_1_1_0_0_1_0_1_0_0_0_0_0_1_0_1_0_0_0_0_1_0_1_1_0_1,1,3.3333333333333335e-5,9.428090415820635e-6,0.2561576354679803,410.0
1_0_0_1_0_0_0_0_0_1_0_1_0_0_1_1_1_0_1_1_1_0_0_0_0_0_1_1_1_1_0_0_0_1_0_0_0_0_0_0_0_0_0_0_1_0_1_0_0_0_0_0,1,3.3333333333333335e-5,1.2472191289246472e-5,0.22167487684729065,329.22222222222223
1_0_0_1_0_0_0_0_0_1_1_0_0_1_0_0_1_0_1_1_0_1_1_0_1_1_1_0_0_1_0_0_1_1_0_0_1_0_1_0_0_0_0_0_0_0_0_0_1_1_0_1,1,3.3333333333333335e-5,9.428090415820635e-6,0.28078817733990147,319.1666666666667
1_0_0_1_0_0_0_0_0_1_0_1_0_0_1_1_1_0_1_1_1_0_0_0_0_0_1_0_1_1_0_0_0_1_0_0_0_0_0_0_0_0_0_0_0_0_1_0_0_0_0_0,1,3.3333333333333335e-5,1.699673171197595e-5,0.23645320197044334,259.5
1_0_1_1_0_0_0_1_1_1_1_0_0_1_0_1_0_0_1_0_0_0_0_0_0_0_1_1_1_1_0_0_0_1_0_0_0_0_0_0_0_1_0_0_0_0_1_0_0_0_0_1,1,3.3333333333333335e-5,1.699673171197595e-5,0.2315270935960591,310.5
0_0_0_0_0_0_0_0_0_1_0_1_0_0_1_0_1_1_0_1_1_0_0_0_1_0_0_1_1_0_1_1_0_0_0_0_0_0_0_1_1_0_0_1_1_1_0_1_1_1_0_1,1,3.3333333333333335e-5,4.7140452079103185e-6,0.2955665024630542,341.6666666666667
1_0_0_1_0_0_0_0_0_1_0_1_0_0_0_1_1_0_1_1_1_0_0_0_0_0_1_0_1_1_0_0_0_1_0_0_0_0_0_0_0_0_0_0_0_0_1_0_0_1_0_0,1,3.3333333333333335e-5,4.7140452079103185e-6,0.2512315270935961,310.8333333333333
1_1_0_1_1_0_0_0_0_1_0_1_1_0_1_1_1_1_0_1_1_1_1_0_0_1_1_1_0_1_1_0_1_0_0_0_1_1_1_0_1_0_0_1_1_1_1_1_0_0_0_0,1,3.3333333333333335e-5,1.2472191289246472e-5,0.24630541871921183,316.0
1_0_0_1_0_1_1_0_0_0_0_1_0_0_0_1_1_0_1_1_1_0_0_0_0_0_1_0_1_1_0_0_0_1_0_0_0_0_0_0_0_0_1_0_1_0_1_0_0_1_0_0,1,3.3333333333333335e-5,1.2472191289246472e-5,0.270935960591133,252.33333333333334
0_1_0_0_1_0_0_0_0_1_0_1_0_0_0_0_1_0_0_1_1_0_0_0_0_0_0_0_1_0_0_1_0_0_0_0_0_1_0_1_1_0_0_1_1_1_0_1_1_1_0_1,1,3.3333333333333335e-5,9.428090415820635e-6,0.2315270935960591,217.5
0_0_1_0_0_0_0_0_0_1_1_0_0_1_0_0_0_0_0_0_0_0_0_0_0_0_0_1_1_0_0_1_0_0_0_0_0_0_0_1_1_1_0_1_0_1_0_1_1_1_0_1,1,3.3333333333333335e-5,1.8856180831641267e-5,0.28078817733990147,323.8888888888889
0_1_1_0_1_1_1_1_0_0_0_1_1_0_1_1_0_1_0_0_1_0_0_1_0_0_0_0_1_0_1_1_0_0_1_1_0_1_0_1_1_1_1_1_1_1_1_1_0_0_1_0,1,3.3333333333333335e-5,1.2472191289246472e-5,0.270935960591133,208.11111111111111
1_0_0_1_0_0_0_0_0_1_0_1_0_0_1_0_1_1_0_1_1_1_1_0_0_1_1_1_0_1_1_0_1_0_0_0_1_0_1_0_1_0_0_1_1_1_0_1_1_1_0_1,1,3.3333333333333335e-5,1.2472191289246472e-5,0.29064039408866993,274.22222222222223
1_0_0_1_0_0_0_0_0_1_0_0_0_1_1_1_1_0_1_1_1_0_0_0_0_0_1_0_1_1_0_0_0_1_0_0_0_0_0_0_0_0_0_0_1_0_0_0_0_0_0_0,1,3.3333333333333335e-5,4.7140452079103185e-6,0.2413793103448276,254.44444444444443
1_0_1_1_0_1_1_1_1_0_1_0_0_1_0_1_0_0_1_0_0_1_1_1_1_1_1_1_0_1_0_0_1_1_1_1_1_0_1_0_0_1_1_0_0_0_1_0_0_0_1_1,1,3.3333333333333335e-5,1.699673171197595e-5,0.2512315270935961,259.8333333333333
1_0_1_1_0_1_1_1_1_0_1_0_1_1_1_1_0_1_1_0_0_1_1_1_0_1_1_0_0_1_1_0_1_1_1_1_1_0_1_0_0_1_1_0_0_0_1_0_0_0_1_0,1,3.3333333333333335e-5,1.2472191289246472e-5,0.23645320197044334,259.3333333333333
1_1_1_1_1_1_1_0_1_0_1_0_1_1_0_1_0_0_1_0_0_0_0_1_0_0_1_1_1_1_0_0_0_1_1_1_0_1_0_0_0_1_1_0_1_0_0_0_0_0_1_0,1,3.3333333333333335e-5,4.7140452079103185e-6,0.2660098522167488,236.66666666666666
0_1_1_0_1_1_1_1_1_0_1_1_1_0_0_0_0_1_0_0_0_1_1_1_1_1_0_1_0_0_1_1_1_0_1_1_1_1_1_1_1_1_1_1_0_1_1_1_1_1_1_1,1,3.3333333333333335e-5,2.0548046676563257e-5,0.2413793103448276,390.5555555555556
0_0_1_0_0_0_0_0_0_1_0_0_0_1_0_0_0_0_1_0_0_0_0_0_1_0_0_1_1_0_0_1_0_1_0_0_0_0_0_1_0_1_0_0_1_0_1_0_1_1_0_1,1,3.3333333333333335e-5,1.2472191289246472e-5,0.26108374384236455,272.0
0_1_1_0_1_1_1_1_1_0_1_0_1_1_1_0_0_1_0_0_0_1_1_1_1_1_0_0_0_0_1_1_1_0_1_1_1_1_1_1_1_1_1_1_0_1_0_1_1_0_1_1,1,3.3333333333333335e-5,1.699673171197595e-5,0.23645320197044334,273.5
1_0_1_1_0_0_0_0_0_1_0_0_0_1_0_0_0_0_1_0_0_1_1_0_0_1_1_1_0_1_0_0_1_1_0_0_1_0_1_0_0_1_0_0_1_0_1_0_1_1_0_1,1,3.3333333333333335e-5,9.428090415820635e-6,0.2660098522167488,282.5
0_1_1_0_1_1_1_1_1_0_0_1_1_1_1_1_0_1_0_0_0_0_0_1_0_0_0_1_1_0_1_1_0_0_1_1_0_1_0_1_1_1_1_1_1_1_1_1_0_0_1_0,1,3.3333333333333335e-5,1.699673171197595e-5,0.2561576354679803,273.6666666666667
0_0_0_0_0_0_0_0_0_1_0_0_0_1_0_0_1_0_1_1_1_0_0_0_1_0_0_0_1_0_0_1_0_1_0_0_0_0_0_1_0_0_0_0_1_0_0_0_1_1_0_1,1,3.3333333333333335e-5,1.699673171197595e-5,0.26108374384236455,205.33333333333334
0_1_1_0_1_1_1_0_1_0_1_0_1_1_1_0_0_1_0_0_0_1_1_1_1_1_0_0_0_0_1_1_1_0_1_1_1_1_1_1_1_1_1_1_0_1_0_1_1_0_1_1,1,3.3333333333333335e-5,4.7140452079103185e-6,0.24630541871921183,252.2222222222222
0_1_1_0_1_1_1_1_1_0_1_1_1_0_1_1_1_1_0_1_1_0_0_1_1_0_0_0_1_0_1_1_0_0_1_1_0_1_0_1_1_0_1_1_0_1_1_1_0_0_1_0,1,3.3333333333333335e-5,9.428090415820635e-6,0.26108374384236455,280.0
0_1_1_0_1_1_1_1_1_0_1_0_1_1_0_0_0_1_0_0_0_1_1_1_1_1_0_0_0_0_1_1_1_0_1_1_1_1_1_1_1_0_1_1_0_1_0_1_1_1_1_1,1,3.3333333333333335e-5,1.8856180831641267e-5,0.23645320197044334,260.0
1_0_0_1_0_0_0_1_0_1_0_1_0_0_0_1_1_0_1_1_1_0_0_0_0_0_1_0_1_1_0_0_0_1_0_0_0_0_0_0_0_0_0_0_0_0_1_0_0_1_0_0,1,3.3333333333333335e-5,9.428090415820635e-6,0.26108374384236455,287.5
1_0_1_1_0_1_0_0_0_1_1_0_0_0_0_0_0_0_1_0_0_0_0_0_0_0_1_0_1_1_0_0_0_1_0_0_0_0_0_0_0_1_0_0_0_0_1_0_1_1_0_1,1,3.3333333333333335e-5,1.2472191289246472e-5,0.20689655172413793,305.77777777777777
0_0_1_0_0_0_0_0_0_1_0_0_0_1_0_0_0_0_0_0_0_0_0_0_0_0_0_1_1_0_0_1_0_0_0_0_0_0_0_1_1_1_0_1_1_1_1_1_1_1_0_1,1,3.3333333333333335e-5,1.8856180831641267e-5,0.27586206896551724,305.5555555555556
0_1_1_0_1_1_1_1_1_0_1_1_1_1_0_0_0_1_0_0_0_0_0_1_1_0_0_0_1_0_1_1_0_0_1_1_0_1_0_1_1_1_1_1_0_1_1_1_1_0_1_1,1,3.3333333333333335e-5,1.8856180831641267e-5,0.26108374384236455,305.5555555555556
0_0_0_0_0_0_0_1_0_1_0_1_0_0_1_0_1_1_0_1_1_1_1_0_1_1_0_0_0_0_1_1_1_0_0_0_1_0_1_1_1_0_0_1_0_1_1_1_1_1_0_1,1,3.3333333333333335e-5,9.428090415820635e-6,0.2660098522167488,240.83333333333334
0_1_1_0_1_1_1_1_1_0_1_0_1_1_1_0_0_1_0_0_0_1_1_1_1_1_0_1_0_0_1_1_1_0_1_1_1_1_1_1_1_1_1_1_1_1_0_1_1_0_1_1,1,3.3333333333333335e-5,1.2472191289246472e-5,0.2512315270935961,310.8888888888889
0_0_0_0_0_0_0_0_0_1_1_0_0_0_1_0_1_1_0_1_1_0_0_0_0_0_0_1_1_0_1_1_0_0_0_0_0_0_0_1_1_0_0_1_0_1_0_1_1_1_0_1,1,3.3333333333333335e-5,4.7140452079103185e-6,0.2955665024630542,254.7222222222222
1_0_0_1_0_1_0_0_0_1_1_0_0_0_0_0_1_0_0_1_0_1_1_0_0_1_1_1_0_1_0_0_1_0_0_0_1_0_1_0_1_0_0_1_0_1_0_1_1_1_1_1,1,3.3333333333333335e-5,9.428090415820635e-6,0.2561576354679803,445.8333333333333
0_1_1_0_1_1_1_1_1_0_1_0_1_1_1_0_0_1_0_0_0_1_1_1_1_1_0_0_0_0_1_1_1_0_1_1_1_1_1_1_1_0_1_1_0_1_0_1_1_0_1_1,1,3.3333333333333335e-5,1.2472191289246472e-5,0.2512315270935961,355.1111111111111
1_0_1_1_0_1_1_1_1_0_1_0_1_1_1_1_0_1_1_0_0_1_1_1_1_1_1_0_0_1_1_0_1_1_1_1_1_0_1_0_0_1_1_0_0_0_1_0_0_0_1_0,1,3.3333333333333335e-5,3.299831645537222e-5,0.22660098522167488,237.08333333333334
0_1_0_0_1_1_1_1_1_0_0_1_1_0_1_0_1_1_0_1_1_1_1_1_1_1_0_0_0_0_1_1_1_0_1_1_1_1_1_1_1_0_1_1_1_1_1_1_1_1_1_0,1,3.3333333333333335e-5,1.699673171197595e-5,0.2413793103448276,268.1666666666667
0_1_1_0_1_0_1_1_1_0_1_1_1_1_0_0_0_1_0_0_0_0_0_1_1_0_0_1_1_0_1_1_0_0_1_1_0_1_0_1_1_1_1_1_0_1_1_1_1_0_1_1,1,3.333333333333333e-5,2.62466929133727e-5,0.26108374384236455,239.04761904761904
0_1_1_0_1_1_1_0_0_0_1_0_1_1_0_0_0_1_0_0_0_1_1_1_1_1_0_1_0_0_1_1_1_0_1_1_1_1_1_1_1_1_1_1_0_1_0_1_1_1_1_1,1,3.0e-5,1.4142135623730951e-5,0.2413793103448276,241.66666666666666
0_1_0_0_1_1_1_1_0_0_0_1_1_0_1_1_1_1_0_1_1_0_0_1_1_0_0_0_1_0_1_1_0_0_1_1_0_1_0_1_1_0_1_1_1_1_0_1_0_0_1_0,1,3.0e-5,8.164965809277262e-6,0.26108374384236455,365.8333333333333
1_1_0_1_1_0_0_1_0_1_0_1_1_0_1_1_1_1_1_1_1_1_1_0_1_1_1_1_0_1_1_0_1_1_0_0_1_1_1_0_0_0_0_0_1_0_1_0_0_0_0_0,1,3.0e-5,8.164965809277262e-6,0.26108374384236455,306.1111111111111
0_0_0_0_0_0_0_0_0_1_1_0_0_0_0_0_1_0_0_1_0_0_0_0_0_0_0_1_1_0_0_1_0_0_0_0_0_0_0_1_1_0_0_1_0_1_0_1_1_1_0_1,1,3.0e-5,8.164965809277262e-6,0.2660098522167488,280.8333333333333
0_0_1_0_0_0_0_0_0_1_0_0_0_1_0_0_0_0_0_0_0_0_0_0_1_0_0_1_1_0_0_1_0_0_0_0_0_0_0_1_1_1_0_1_1_1_1_1_1_1_0_1,1,3.0e-5,1.4142135623730951e-5,0.2857142857142857,275.0
0_0_1_0_0_0_0_0_1_1_1_0_0_1_0_0_0_0_1_0_0_0_0_0_1_0_0_0_1_0_0_1_0_1_0_0_0_0_0_1_0_0_0_0_0_0_0_0_1_1_0_1,1,3.0e-5,1.632993161855452e-5,0.270935960591133,381.77777777777777
0_0_0_0_0_0_0_0_0_1_1_0_0_0_0_0_0_0_0_0_0_0_0_0_1_0_0_1_1_0_0_1_0_0_0_0_0_0_0_1_1_1_0_1_0_1_0_1_1_1_0_1,1,3.0e-5,1.4142135623730951e-5,0.28078817733990147,254.33333333333334
0_0_1_0_0_0_0_0_1_1_1_0_0_1_0_0_0_0_0_0_0_0_0_0_0_0_0_1_1_0_0_1_0_0_0_0_0_0_0_1_1_1_0_1_0_1_0_1_1_1_0_1,1,3.0e-5,1.632993161855452e-5,0.27586206896551724,291.5555555555556
1_0_1_1_0_0_0_0_1_1_1_0_0_1_0_0_0_0_1_0_0_1_1_0_0_1_1_1_0_1_0_0_1_1_0_0_1_0_1_0_0_1_0_0_0_0_1_0_1_1_0_1,1,3.0e-5,8.164965809277262e-6,0.26108374384236455,281.9444444444444
1_0_0_1_0_1_0_0_0_1_0_0_0_0_0_0_1_0_1_1_0_0_0_0_0_0_1_1_1_1_0_0_0_1_0_0_0_0_0_0_0_0_0_0_1_0_0_0_1_1_0_1,0,3.0e-5,1.632993161855452e-5,0.1330049261083744,1001.0
0_0_1_0_0_1_1_1_1_0_1_0_0_1_0_0_0_0_1_0_0_0_0_1_1_0_0_0_1_0_0_1_0_1_1_1_0_0_0_1_0_1_1_0_0_0_0_0_1_1_1_1,1,3.0e-5,8.164965809277262e-6,0.24630541871921183,324.1666666666667
1_0_0_1_0_1_0_0_1_1_1_0_0_0_0_0_1_0_1_1_0_0_0_0_0_0_1_1_1_1_0_0_0_1_0_0_0_0_0_0_0_1_0_0_0_0_0_0_1_1_1_1,0,3.0e-5,2.1602468994692865e-5,0.18226600985221675,1001.0
1_1_1_1_1_0_1_0_0_0_0_1_0_1_0_1_0_0_1_0_1_1_1_0_1_1_1_1_0_1_0_0_1_1_0_0_1_1_1_0_0_1_1_0_1_0_1_0_0_0_0_0,1,3.0e-5,8.164965809277262e-6,0.2955665024630542,241.11111111111111
1_1_1_1_1_1_1_0_1_0_1_0_1_1_1_1_0_1_1_0_0_0_0_1_0_0_1_0_1_1_1_0_0_1_1_1_0_1_0_0_0_0_1_0_1_0_0_0_0_0_1_0,1,3.0e-5,1.632993161855452e-5,0.2413793103448276,303.77777777777777
1_0_0_1_0_1_1_0_0_0_1_0_0_0_1_1_0_0_1_0_1_0_0_0_0_0_1_1_1_1_0_0_0_1_0_0_0_0_0_0_0_1_1_0_0_0_0_0_0_0_1_0,1,3.0e-5,8.164965809277262e-6,0.270935960591133,374.1666666666667
1_1_1_1_1_1_1_1_1_0_0_1_1_1_1_1_0_1_0_0_1_1_1_1_0_1_1_0_0_1_1_0_1_0_1_1_1_1_1_0_1_1_1_1_1_1_1_1_0_0_1_0,1,3.0e-5,8.164965809277262e-6,0.2512315270935961,378.0555555555556
1_0_0_1_0_0_0_1_1_1_0_1_0_0_1_1_1_0_1_1_1_0_0_0_0_0_1_0_1_1_0_0_0_1_0_0_0_0_0_0_0_0_0_0_1_0_1_0_0_0_0_0,1,3.0e-5,2.1602468994692865e-5,0.2413793103448276,267.77777777777777
1_0_0_1_0_1_0_0_0_1_1_0_0_0_0_0_0_0_1_1_0_0_0_0_0_0_1_0_1_1_0_0_0_1_0_0_0_0_0_0_0_0_0_0_0_0_0_0_1_1_1_1,0,3.0e-5,8.164965809277262e-6,0.17733990147783252,1001.0
0_0_1_0_0_0_0_0_1_1_1_0_0_0_0_0_0_0_0_0_0_1_1_0_1_1_0_1_0_0_0_1_1_0_0_0_1_0_1_1_1_1_0_1_1_1_1_1_1_1_0_1,1,3.0e-5,0.0,0.21182266009852216,361.1111111111111
1_1_1_1_1_1_1_0_1_0_1_0_1_1_1_1_0_1_0_0_0_1_1_1_0_1_1_0_0_1_1_0_1_0_1_1_1_1_1_0_1_1_1_1_0_1_0_1_0_0_1_0,1,3.0e-5,8.164965809277262e-6,0.26108374384236455,318.88888888888886
0_0_0_0_0_0_0_1_1_1_0_1_0_0_1_0_1_1_0_1_1_1_1_0_1_1_0_1_0_0_1_1_1_0_0_0_1_0_1_1_1_0_0_1_1_1_1_1_1_1_0_1,1,3.0e-5,8.164965809277262e-6,0.2561576354679803,275.8333333333333
1_1_1_1_1_0_1_1_1_0_0_1_1_1_1_1_0_1_1_0_0_1_1_1_0_1_1_1_0_1_1_0_1_1_1_1_1_1_1_0_0_1_1_0_1_0_1_0_0_0_0_0,1,3.0e-5,2.449489742783178e-5,0.270935960591133,263.3333333333333
1_1_1_1_1_1_1_1_1_0_1_0_1_1_1_1_0_1_0_0_0_1_1_1_0_1_1_0_0_1_1_0_1_0_1_1_1_1_1_0_1_0_1_1_0_1_0_1_0_0_1_0,1,3.0e-5,1.632993161855452e-5,0.2660098522167488,260.6666666666667
1_0_0_1_0_0_0_1_0_1_0_1_0_0_0_1_1_0_1_1_1_0_0_0_0_0_1_1_1_1_0_0_0_1_0_0_0_0_0_0_0_0_0_0_1_0_1_0_0_1_0_0,1,3.0e-5,0.0,0.24630541871921183,325.55555555555554
0_1_0_0_1_1_1_1_0_0_0_1_1_0_1_1_1_1_0_1_1_0_0_1_0_0_0_0_1_0_1_1_0_0_1_1_0_1_0_1_1_0_1_1_1_1_0_1_0_0_1_0,1,3.0e-5,8.164965809277262e-6,0.2512315270935961,387.5
1_1_0_1_1_0_0_0_0_1_0_0_0_0_0_0_1_1_0_1_1_1_1_0_0_1_1_1_0_1_1_0_1_0_0_0_1_1_1_0_1_0_0_1_1_1_0_1_1_1_0_1,1,3.0e-5,1.632993161855452e-5,0.21674876847290642,247.7777777777778
0_1_1_0_1_0_0_1_1_1_1_0_1_1_1_0_0_1_0_0_0_1_1_1_1_1_0_1_0_0_1_1_1_0_1_1_1_1_1_1_1_1_0_1_0_1_0_1_1_0_1_1,1,3.0e-5,2.1602468994692865e-5,0.270935960591133,291.6666666666667
1_0_0_1_0_0_0_0_0_1_0_0_0_1_0_0_1_0_1_1_0_1_1_0_0_1_1_1_0_1_0_0_1_1_0_0_1_0_1_0_0_0_0_0_1_0_0_0_1_1_0_1,1,3.0e-5,8.164965809277262e-6,0.2561576354679803,393.6111111111111
1_1_1_1_1_0_1_1_1_0_0_1_1_1_1_1_0_1_1_0_1_1_1_1_0_1_1_1_0_1_1_0_1_1_1_1_1_1_1_0_0_1_1_0_1_0_1_0_0_0_1_0,1,3.0e-5,1.4142135623730951e-5,0.27586206896551724,342.0
1_0_1_1_0_0_0_0_0_1_1_0_0_1_0_0_0_0_1_0_0_1_1_0_0_1_1_0_0_1_0_0_1_1_0_0_1_0_1_0_0_0_0_0_0_0_0_0_1_1_0_1,1,3.0e-5,8.164965809277262e-6,0.28078817733990147,274.1666666666667
0_1_1_0_1_1_1_0_1_0_1_0_1_1_1_1_0_1_0_0_0_0_0_1_0_0_0_1_1_0_1_1_0_0_1_1_0_1_0_1_1_1_1_1_1_1_0_1_0_0_1_0,1,3.0e-5,2.1602468994692865e-5,0.270935960591133,233.8888888888889
0_1_1_0_1_0_1_1_1_0_0_1_1_1_1_1_0_1_1_0_1_0_0_1_1_0_0_1_1_0_1_1_0_1_1_1_0_1_0_1_0_1_1_0_1_0_1_0_0_0_1_0,1,3.0e-5,8.164965809277262e-6,0.270935960591133,240.0
0_0_0_0_0_0_0_1_0_1_0_1_0_0_0_0_1_0_0_1_1_0_0_0_0_0_0_1_1_0_0_1_0_0_0_0_0_0_0_1_1_0_0_1_1_1_1_1_1_1_0_1,1,3.0e-5,2.1602468994692865e-5,0.27586206896551724,232.2222222222222
0_0_0_0_0_0_0_0_0_1_1_0_0_0_1_0_0_1_0_0_1_0_0_0_0_0_0_1_1_0_1_1_0_0_0_0_0_0_0_1_1_1_0_1_0_1_0_1_1_1_0_1,1,3.0e-5,1.4142135623730951e-5,0.3103448275862069,240.0
0_1_0_0_1_0_0_0_0_1_0_1_1_0_1_1_1_1_1_1_1_0_0_0_1_0_0_1_1_0_1_1_0_1_0_0_0_1_0_1_0_0_0_0_1_0_1_0_0_0_0_0,1,3.0e-5,1.4142135623730951e-5,0.2561576354679803,300.8333333333333
1_1_1_1_1_1_1_1_1_0_1_1_1_0_0_1_0_0_1_0_0_1_1_1_1_1_1_0_0_1_0_0_1_1_1_1_1_1_1_0_0_1_1_0_0_0_1_0_0_0_1_0,1,3.0e-5,1.4142135623730951e-5,0.2955665024630542,297.6666666666667
1_0_0_1_0_0_0_0_0_1_1_0_0_0_0_0_1_0_1_1_1_1_1_0_1_1_1_0_0_1_0_0_1_1_0_0_1_0_1_0_0_0_0_0_0_0_0_0_1_1_0_1,1,3.0e-5,2.1602468994692865e-5,0.2561576354679803,257.5
1_1_1_1_1_1_1_1_1_0_0_1_1_1_1_1_0_1_1_0_0_1_1_1_0_1_1_0_0_1_1_0_1_1_1_1_1_1_1_0_0_1_1_0_1_0_1_0_0_0_1_0,1,3.0e-5,1.4142135623730951e-5,0.28078817733990147,345.0
0_0_0_0_0_0_0_0_0_1_0_0_0_1_0_0_1_0_1_1_0_0_0_0_1_0_0_1_1_0_0_1_0_1_0_0_0_0_0_1_0_0_0_0_1_0_0_0_1_1_0_1,1,3.0e-5,1.4142135623730951e-5,0.2512315270935961,235.83333333333334
0_0_0_0_0_0_0_1_0_1_0_1_0_0_1_0_1_1_0_1_1_0_0_0_0_0_0_0_1_0_1_1_0_0_0_0_0_0_0_1_1_0_0_1_1_1_1_1_1_1_0_1,1,3.0e-5,1.4142135623730951e-5,0.31527093596059114,266.0
0_1_1_0_1_1_1_1_1_0_0_1_1_1_1_1_0_1_0_0_0_0_0_1_1_0_0_1_1_0_1_1_0_0_1_1_0_1_0_1_1_1_1_1_1_1_1_1_0_0_1_0,1,3.0e-5,0.0,0.2660098522167488,267.77777777777777
1_1_1_1_1_0_1_0_0_0_0_1_0_1_0_1_0_0_1_0_1_1_1_0_0_1_1_0_0_1_0_0_1_1_0_0_1_1_1_0_0_0_1_0_1_0_1_0_0_0_0_0,1,3.0e-5,8.164965809277262e-6,0.31527093596059114,295.27777777777777
1_1_1_1_1_1_1_1_1_0_0_1_1_1_1_1_1_1_1_1_1_1_1_1_1_1_1_0_0_1_1_0_1_1_1_1_1_1_1_0_0_0_1_0_1_0_1_0_0_0_1_0,1,3.0e-5,8.164965809277262e-6,0.270935960591133,359.72222222222223
0_0_0_0_0_0_0_0_0_1_0_1_0_0_1_0_1_1_0_1_1_1_1_0_1_1_0_1_0_0_1_1_1_0_0_0_1_0_1_1_1_1_0_1_0_1_1_1_1_1_0_1,1,3.0e-5,1.632993161855452e-5,0.2660098522167488,219.55555555555557
0_1_1_0_1_0_1_1_1_0_0_1_1_1_0_1_0_0_1_0_0_0_0_1_1_0_0_1_1_0_0_1_0_1_1_1_0_1_0_1_0_1_1_0_1_0_1_0_0_0_0_0,1,3.0e-5,8.164965809277262e-6,0.29064039408866993,272.77777777777777
1_1_1_1_1_1_1_1_1_0_0_1_1_1_0_1_0_0_1_0_0_1_1_1_1_1_1_0_0_1_0_0_1_1_1_1_1_1_1_0_0_1_1_0_1_0_1_0_0_0_1_0,1,3.0e-5,0.0,0.2955665024630542,287.77777777777777
0_0_0_0_0_1_0_0_0_1_1_0_0_0_0_0_1_0_0_0_0_1_1_0_1_1_0_1_0_0_0_1_1_0_0_0_1_0_1_1_1_1_0_1_0_1_0_1_1_1_1_1,0,3.0e-5,8.164965809277262e-6,0.19704433497536947,1001.0
1_0_0_1_0_0_0_0_0_1_0_0_0_1_0_0_1_0_1_1_1_1_1_0_0_1_1_0_0_1_0_0_1_1_0_0_1_0_1_0_0_0_0_0_1_0_0_0_1_1_0_1,1,3.0e-5,1.4142135623730951e-5,0.2660098522167488,330.0
0_0_1_0_0_1_0_0_0_1_1_0_0_0_0_0_0_0_0_0_0_1_1_0_1_1_0_0_0_0_0_1_1_0_0_0_1_0_1_1_1_1_0_1_0_1_1_1_1_1_0_1,1,3.0e-5,2.1602468994692868e-5,0.22660098522167488,328.25
1_0_1_1_0_1_1_1_1_0_1_0_0_1_0_1_0_0_1_0_0_1_1_1_1_1_1_1_0_1_0_0_1_1_1_1_1_0_1_0_0_1_1_0_0_0_0_0_0_0_1_1,1,2.666666666666667e-5,1.699673171197595e-5,0.2660098522167488,315.0
0_1_1_0_1_0_1_1_0_0_0_1_1_1_1_1_1_1_0_1_1_1_1_1_1_1_0_0_0_0_1_1_1_0_1_1_1_1_1_1_1_0_1_1_1_1_1_1_0_0_0_0,0,2.666666666666667e-5,9.428090415820635e-6,0.18226600985221675,1001.0
0_1_1_0_1_1_1_1_1_0_1_1_1_1_1_1_1_1_0_0_0_1_1_1_1_1_0_0_0_0_1_1_1_0_1_1_1_1_1_1_1_1_1_1_0_1_1_1_0_0_1_0,0,2.666666666666667e-5,9.428090415820635e-6,0.14285714285714285,1001.0
0_0_1_0_0_0_0_1_1_1_1_0_0_1_0_0_0_0_1_0_0_0_0_0_1_0_0_0_1_0_0_1_0_1_0_0_0_0_0_1_0_1_0_0_0_0_1_0_1_1_0_1,1,2.666666666666667e-5,4.714045207910317e-6,0.26108374384236455,225.0
1_1_0_1_1_0_0_1_0_1_0_1_1_0_1_1_1_1_1_1_1_1_1_0_0_1_1_1_0_1_1_0_1_1_0_0_1_1_1_0_0_0_0_0_1_0_1_0_0_0_0_0,1,2.666666666666667e-5,1.699673171197595e-5,0.270935960591133,358.0
1_1_0_1_1_1_1_1_0_0_0_1_1_0_1_1_1_1_0_1_1_1_1_1_0_1_1_0_0_1_1_0_1_0_1_1_1_1_1_0_1_0_1_1_1_1_1_1_0_0_1_0,1,2.666666666666667e-5,4.714045207910317e-6,0.26108374384236455,290.5555555555556
1_1_1_1_1_1_1_0_1_0_1_0_1_1_1_1_0_1_1_0_0_1_1_1_0_1_1_0_0_1_1_0_1_1_1_1_1_1_1_0_0_0_1_0_0_0_0_0_0_0_1_0,1,2.666666666666667e-5,9.428090415820635e-6,0.30049261083743845,273.3333333333333
0_1_1_0_1_0_1_0_0_0_0_1_0_1_0_1_0_0_1_0_1_0_0_0_1_0_0_1_1_0_0_1_0_1_0_0_0_1_0_1_0_1_1_0_1_0_1_0_0_0_0_0,1,2.666666666666667e-5,4.714045207910317e-6,0.30049261083743845,196.66666666666666
0_0_0_0_0_1_0_0_0_1_0_0_0_0_0_0_1_0_0_1_1_1_1_0_1_1_0_1_0_0_0_1_1_0_0_0_1_0_1_1_1_0_0_1_1_1_0_1_1_1_0_1,0,2.666666666666667e-5,2.3570226039551588e-5,0.15763546798029557,1001.0
0_1_1_0_1_0_0_1_1_1_0_1_1_1_0_0_1_1_0_1_0_1_1_1_1_1_0_0_0_0_1_1_1_0_1_1_1_1_1_1_1_0_0_1_1_1_1_1_1_1_0_1,1,2.666666666666667e-5,9.428090415820635e-6,0.270935960591133,195.0
1_1_1_1_1_1_1_1_1_0_0_1_1_1_1_1_0_1_1_0_0_1_1_1_1_1_1_0_0_1_1_0_1_1_1_1_1_1_1_0_0_1_1_0_1_0_1_0_0_0_1_0,1,2.666666666666667e-5,1.2472191289246472e-5,0.270935960591133,241.66666666666666
0_0_0_0_0_0_0_0_0_1_0_0_0_1_0_0_0_0_0_0_0_0_0_0_1_0_0_1_1_0_0_1_0_0_0_0_0_0_0_1_1_1_0_1_1_1_0_1_1_1_0_1,1,2.666666666666667e-5,9.428090415820635e-6,0.28078817733990147,287.5
0_1_0_0_1_1_1_0_0_0_0_1_1_1_1_1_1_1_0_1_1_0_0_1_1_0_0_0_1_0_1_1_0_0_1_1_0_1_0_1_1_0_1_1_1_1_0_1_0_0_1_0,1,2.666666666666667e-5,1.699673171197595e-5,0.26108374384236455,242.0
0_0_1_0_0_0_0_0_0_1_0_0_0_1_1_0_0_1_0_0_0_0_0_0_0_0_0_1_1_0_1_1_0_0_0_0_0_0_0_1_1_1_0_1_1_1_1_1_1_1_0_1,1,2.666666666666667e-5,1.699673171197595e-5,0.3103448275862069,445.6666666666667
0_1_0_0_1_0_0_0_0_1_0_1_0_0_0_0_1_0_0_1_1_0_0_0_1_0_0_1_1_0_0_1_0_0_0_0_0_1_0_1_1_0_0_1_1_1_0_1_1_1_0_1,1,2.666666666666667e-5,9.428090415820635e-6,0.23645320197044334,265.8333333333333
0_0_0_0_0_0_0_1_1_1_1_0_1_0_1_0_1_1_0_1_1_1_1_1_1_1_0_1_0_0_1_1_1_0_1_1_1_0_1_1_1_0_0_1_0_1_0_1_1_1_1_1,1,2.666666666666667e-5,1.2472191289246472e-5,0.26108374384236455,277.22222222222223
0_1_1_0_1_0_1_1_1_0_1_1_1_1_1_1_0_1_0_0_1_1_1_1_1_1_0_0_0_0_1_1_1_0_1_1_1_1_1_1_1_1_1_1_0_1_1_1_0_0_1_0,0,2.666666666666667e-5,1.2472191289246472e-5,0.1330049261083744,1001.0
1_0_1_1_0_1_1_1_1_0_1_0_1_1_1_1_0_0_1_0_0_1_1_1_1_1_1_0_0_1_0_0_1_1_1_1_1_0_1_0_0_1_1_0_0_0_1_0_0_0_1_0,1,2.666666666666667e-5,1.2472191289246472e-5,0.2512315270935961,238.61111111111111
1_1_0_1_1_1_1_1_0_0_0_1_1_0_1_0_1_1_1_1_1_0_0_1_0_0_1_1_1_1_1_0_0_1_1_1_0_1_0_0_0_1_1_0_1_0_1_0_1_1_1_0,1,2.666666666666667e-5,1.699673171197595e-5,0.2660098522167488,348.3333333333333
0_0_1_0_0_1_0_0_1_1_1_0_0_0_0_0_0_0_0_0_0_1_1_0_1_1_0_0_0_0_0_1_1_0_0_0_1_0_1_1_1_1_0_1_1_1_1_1_1_1_0_1,1,2.666666666666667e-5,1.2472191289246472e-5,0.22167487684729065,276.6666666666667
1_1_0_1_1_1_1_1_1_0_0_1_1_0_1_1_1_1_1_1_1_1_1_1_1_1_1_0_0_1_1_0_1_1_1_1_1_1_1_0_0_0_1_0_1_0_1_0_0_0_1_0,1,2.666666666666667e-5,4.714045207910317e-6,0.28078817733990147,288.8888888888889
1_1_1_1_1_1_1_1_1_0_1_0_1_1_1_1_0_1_1_0_0_1_1_1_0_1_1_0_0_1_1_0_1_1_1_1_1_1_1_0_0_0_1_0_0_0_0_0_0_0_1_0,1,2.666666666666667e-5,1.2472191289246472e-5,0.29064039408866993,300.8333333333333
1_1_1_1_1_1_1_1_1_0_0_1_1_1_1_1_0_1_0_0_0_1_1_1_0_1_1_0_0_1_1_0_1_0_1_1_1_1_1_0_1_1_1_1_1_1_1_1_0_0_1_0,1,2.666666666666667e-5,1.2472191289246472e-5,0.2561576354679803,312.77777777777777
0_0_1_0_0_0_0_0_1_1_1_0_0_1_0_0_0_0_1_0_0_0_0_0_1_0_0_1_1_0_0_1_0_1_0_0_0_0_0_1_0_1_0_0_0_0_1_0_1_1_0_1,1,2.666666666666667e-5,1.699673171197595e-5,0.2561576354679803,397.0
0_0_1_0_0_1_0_1_1_1_1_0_0_0_1_0_0_1_0_0_0_1_1_0_1_1_0_0_0_0_1_1_1_0_0_0_1_0_1_1_1_1_0_1_1_1_1_1_1_1_0_1,1,2.666666666666667e-5,2.3570226039551588e-5,0.2561576354679803,242.7777777777778
0_0_0_0_0_0_0_1_0_1_0_1_0_0_0_0_1_0_1_1_1_0_0_0_1_0_0_1_1_0_0_1_0_1_0_0_0_0_0_1_0_0_0_0_1_0_1_0_1_1_0_1,1,2.666666666666667e-5,9.428090415820635e-6,0.26108374384236455,294.1666666666667
1_0_1_1_0_0_0_1_1_1_1_0_0_0_0_0_0_0_1_0_0_1_1_0_1_1_1_1_0_1_0_0_1_1_0_0_1_0_1_0_0_1_0_0_0_0_1_0_1_1_0_1,1,2.666666666666667e-5,4.714045207910317e-6,0.2512315270935961,327.77777777777777
1_0_1_1_0_0_0_0_0_1_1_0_0_1_0_0_0_0_1_0_0_1_1_0_1_1_1_0_0_1_0_0_1_1_0_0_1_0_1_0_0_0_0_0_0_0_0_0_1_1_0_1,1,2.666666666666667e-5,4.714045207910317e-6,0.270935960591133,399.4444444444445
0_1_0_0_1_1_1_0_0_0_0_1_1_0_1_1_1_1_0_1_1_0_0_1_0_0_0_1_1_0_1_1_0_0_1_1_0_1_0_1_1_0_1_1_1_1_0_1_0_0_1_0,1,2.666666666666667e-5,1.2472191289246472e-5,0.2561576354679803,228.8888888888889
0_1_0_0_1_0_0_0_0_1_0_1_0_0_1_0_1_1_0_1_1_0_0_0_0_0_0_1_1_0_1_1_0_0_0_0_0_1_0_1_1_0_0_1_1_1_0_1_1_1_0_1,1,2.666666666666667e-5,4.714045207910317e-6,0.26108374384236455,206.66666666666666
1_1_1_1_1_1_1_1_1_0_0_1_1_1_1_1_0_1_1_0_1_1_1_1_1_1_1_0_0_1_1_0_1_1_1_1_1_1_1_0_0_1_1_0_1_0_1_0_0_0_1_0,1,2.666666666666667e-5,4.714045207910317e-6,0.2660098522167488,356.6666666666667
0_1_0_0_1_1_1_0_0_0_0_1_1_1_0_0_1_1_0_1_0_1_1_1_1_1_0_0_0_0_1_1_1_0_1_1_1_1_1_1_1_0_1_1_1_1_0_1_1_1_1_1,1,2.666666666666667e-5,4.714045207910317e-6,0.26108374384236455,318.8888888888889
1_0_0_1_0_1_0_0_0_1_1_0_0_0_0_0_1_0_1_1_0_0_0_0_0_0_1_1_1_1_0_0_0_1_0_0_0_0_0_0_0_1_0_0_0_0_0_0_1_1_1_1,0,2.666666666666667e-5,4.714045207910317e-6,0.17733990147783252,1001.0
1_0_0_1_0_0_0_0_0_1_0_1_0_0_0_0_1_0_1_1_1_1_1_0_0_1_1_1_0_1_0_0_1_1_0_0_1_0_1_0_0_1_0_0_1_0_1_0_1_1_0_1,1,2.666666666666667e-5,9.428090415820635e-6,0.270935960591133,360.0
0_1_0_0_1_0_0_0_0_1_0_1_0_0_0_0_1_0_1_1_1_0_0_0_1_0_0_0_1_0_0_1_0_1_0_0_0_1_0_1_0_0_0_0_1_0_0_0_1_1_0_1,1,2.666666666666667e-5,4.714045207910317e-6,0.21674876847290642,231.11111111111111
1_0_1_1_0_1_1_1_1_0_1_0_1_1_1_1_0_1_1_0_0_1_1_1_0_1_1_1_0_1_1_0_1_1_1_1_1_0_1_0_0_1_1_0_0_0_1_0_0_0_1_0,1,2.666666666666667e-5,4.714045207910317e-6,0.2413793103448276,262.77777777777777
0_1_1_0_1_1_1_0_1_0_1_0_1_1_0_0_0_1_0_0_0_1_1_1_1_1_0_0_0_0_1_1_1_0_1_1_1_1_1_1_1_1_1_1_0_1_0_1_1_1_1_1,1,2.666666666666667e-5,9.428090415820635e-6,0.2315270935960591,221.66666666666666
0_0_0_0_0_1_0_0_0_1_1_0_0_0_1_0_1_1_0_1_1_0_0_0_1_0_0_0_1_0_1_1_0_0_0_0_0_0_0_1_1_0_0_1_0_1_0_1_1_1_1_1,1,2.666666666666667e-5,4.714045207910317e-6,0.2955665024630542,310.5555555555556
0_0_1_0_0_0_0_0_0_1_1_0_0_1_0_0_0_0_0_0_0_0_0_0_0_0_0_0_1_0_0_1_0_0_0_0_0_0_0_1_1_0_0_1_0_1_0_1_1_1_0_1,1,2.666666666666667e-5,1.2472191289246472e-5,0.29064039408866993,231.66666666666666
0_1_1_0_1_1_1_0_1_0_1_0_1_1_0_0_0_1_0_0_0_1_1_1_1_1_0_0_0_0_1_1_1_0_1_1_1_1_1_1_1_0_1_1_0_1_0_1_1_1_1_1,1,2.666666666666667e-5,1.699673171197595e-5,0.24630541871921183,243.33333333333334
1_1_1_1_1_1_1_1_1_0_0_1_1_1_0_1_0_0_1_0_0_1_1_1_0_1_1_0_0_1_0_0_1_1_1_1_1_1_1_0_0_1_1_0_1_0_1_0_0_0_1_0,1,2.666666666666667e-5,1.2472191289246472e-5,0.3054187192118227,243.61111111111111
1_1_0_1_1_1_1_1_1_0_1_1_1_0_1_1_1_1_1_1_1_1_1_1_0_1_1_0_0_1_1_0_1_1_1_1_1_1_1_0_0_0_1_0_0_0_0_0_0_0_1_0,1,2.666666666666667e-5,1.2472191289246472e-5,0.2857142857142857,305.0
1_1_1_1_1_1_1_0_1_0_1_0_1_1_1_1_0_1_0_0_0_1_1_1_0_1_1_0_0_1_1_0_1_0_1_1_1_1_1_0_1_0_1_1_0_1_0_1_0_0_1_0,1,2.666666666666667e-5,9.428090415820635e-6,0.27586206896551724,334.1666666666667
1_1_0_1_1_1_1_1_0_0_0_1_1_0_1_1_1_1_1_1_1_1_1_1_0_1_1_1_0_1_1_0_1_1_1_1_1_1_1_0_0_1_1_0_1_0_1_0_0_0_1_0,1,2.666666666666667e-5,4.714045207910317e-6,0.2955665024630542,323.3333333333333
0_0_0_0_0_0_0_0_0_1_0_1_0_0_0_0_1_0_1_1_1_0_0_0_1_0_0_1_1_0_0_1_0_1_0_0_0_0_0_1_0_1_0_0_1_0_1_0_1_1_0_1,1,2.666666666666667e-5,1.2472191289246472e-5,0.2660098522167488,215.55555555555557
0_0_0_0_0_1_0_1_1_1_1_0_1_0_1_0_1_1_0_1_0_0_0_1_0_0_0_0_1_0_1_1_0_0_1_1_0_0_0_1_1_0_0_1_0_1_0_1_1_1_1_1,1,2.666666666666667e-5,9.428090415820635e-6,0.2955665024630542,282.5
1_0_1_1_0_1_0_0_1_1_1_0_0_0_0_0_0_0_1_0_0_0_0_0_0_0_1_0_1_1_0_0_0_1_0_0_0_0_0_0_0_1_0_0_1_0_1_0_1_1_0_1,1,2.666666666666667e-5,1.2472191289246472e-5,0.2019704433497537,226.66666666666666
1_1_0_1_1_0_1_1_1_0_0_1_1_1_1_1_1_1_1_1_1_0_0_1_0_0_1_1_1_1_1_0_0_1_1_1_0_1_0_0_0_0_1_0_1_0_0_0_0_0_1_0,1,2.666666666666667e-5,1.2472191289246472e-5,0.22660098522167488,328.6111111111111
1_0_0_1_0_1_0_0_0_1_1_0_0_0_1_0_1_1_0_1_1_1_1_0_0_1_1_0_0_1_1_0_1_0_0_0_1_0_1_0_1_0_0_1_0_1_0_1_1_1_1_1,1,2.666666666666667e-5,2.0548046676563257e-5,0.29064039408866993,279.33333333333337
0_1_0_0_1_0_0_0_0_1_0_1_0_0_0_0_1_1_0_1_1_0_0_0_0_0_0_0_1_0_1_1_0_0_0_0_0_1_0_1_1_0_0_1_1_1_0_1_1_1_0_1,1,2.3333333333333336e-5,4.714045207910317e-6,0.2561576354679803,330.0
0_1_0_0_1_1_1_1_1_0_0_1_1_0_1_1_1_1_0_1_1_0_0_1_1_0_0_0_1_0_1_1_0_0_1_1_0_1_0_1_1_0_1_1_1_1_1_1_0_0_1_0,1,2.3333333333333336e-5,1.2472191289246472e-5,0.270935960591133,197.5
1_0_0_1_0_1_0_0_1_1_1_0_0_0_0_0_1_0_1_0_0_0_0_0_0_0_1_1_1_1_0_0_0_1_0_0_0_0_0_0_0_1_0_0_0_0_0_0_1_1_1_1,0,2.3333333333333336e-5,1.699673171197595e-5,0.18226600985221675,1001.0
0_0_0_0_0_0_0_1_1_1_1_0_0_1_0_0_1_0_0_1_0_0_0_1_0_0_0_1_1_0_0_1_0_0_1_1_0_0_0_1_1_0_0_1_0_1_0_1_1_1_1_1,1,2.3333333333333336e-5,4.714045207910317e-6,0.28078817733990147,237.7777777777778
0_0_0_0_0_0_0_1_0_1_0_1_0_0_0_0_1_0_0_1_1_0_0_0_1_0_0_1_1_0_0_1_0_0_0_0_0_0_0_1_1_1_0_1_1_1_1_1_1_1_0_1,1,2.3333333333333336e-5,1.2472191289246472e-5,0.30049261083743845,226.66666666666666
1_0_1_1_0_1_1_1_1_0_1_0_1_1_0_1_0_0_1_0_0_1_1_1_1_1_1_1_0_1_0_0_1_1_1_1_1_0_1_0_0_1_1_0_0_0_1_0_0_0_1_0,1,2.3333333333333336e-5,4.714045207910317e-6,0.2660098522167488,319.4444444444444
0_1_0_0_1_0_0_0_0_1_0_1_0_0_1_0_1_1_0_1_1_0_0_0_0_0_0_0_1_0_1_1_0_0_0_0_0_1_0_1_1_0_0_1_1_1_0_1_1_1_0_1,1,2.3333333333333336e-5,4.714045207910317e-6,0.2660098522167488,305.0
1_0_1_1_0_0_0_0_1_1_1_0_0_0_0_0_0_0_1_0_0_1_1_0_1_1_1_1_0_1_0_0_1_1_0_0_1_0_1_0_0_1_0_0_0_0_1_0_1_1_0_1,1,2.3333333333333336e-5,2.0548046676563257e-5,0.2512315270935961,330.5
1_1_0_1_1_1_1_1_0_0_0_1_1_1_0_1_1_0_1_1_1_0_0_1_0_0_1_0_1_1_0_0_0_1_1_1_0_1_0_0_0_0_1_0_1_0_0_0_0_0_1_0,1,2.3333333333333336e-5,1.2472191289246474e-5,0.24630541871921183,250.0
1_1_1_1_1_1_1_1_1_0_1_0_1_1_1_1_0_1_1_0_0_1_1_1_0_1_1_0_0_1_1_0_1_1_1_1_1_1_1_0_0_1_1_0_0_0_0_0_0_0_1_0,1,2.3333333333333336e-5,1.2472191289246474e-5,0.27586206896551724,295.0
1_0_0_1_0_1_0_0_0_1_0_0_0_0_0_0_0_0_1_1_0_0_0_0_0_0_1_1_1_1_0_0_0_1_0_0_0_0_0_0_0_0_0_0_1_0_0_0_1_1_0_1,0,2.3333333333333336e-5,4.714045207910317e-6,0.14285714285714285,1001.0
1_1_1_1_1_1_1_0_0_0_0_1_0_1_0_1_0_0_1_0_0_0_0_0_0_0_1_0_1_1_0_0_0_1_0_0_0_1_0_0_0_1_1_0_1_0_1_0_0_0_0_0,1,2.3333333333333336e-5,4.714045207910317e-6,0.26108374384236455,282.22222222222223
1_0_0_1_0_1_0_0_0_1_1_0_0_0_0_0_1_0_0_1_0_1_1_0_0_1_1_0_0_1_0_0_1_0_0_0_1_0_1_0_1_0_0_1_0_1_0_1_1_1_0_1,1,2.3333333333333336e-5,1.699673171197595e-5,0.270935960591133,325.83333333333337
0_0_0_0_0_0_0_0_0_1_0_0_0_1_0_0_1_0_0_1_1_0_0_0_0_0_0_0_1_0_0_1_0_0_0_0_0_0_0_1_1_0_0_1_1_1_0_1_1_1_0_1,1,2.3333333333333336e-5,1.2472191289246474e-5,0.27586206896551724,223.33333333333334
1_1_0_1_1_1_1_1_0_0_0_1_1_0_1_1_1_1_0_1_1_1_1_1_0_1_1_1_0_1_1_0_1_0_1_1_1_1_1_0_1_1_1_1_1_1_1_1_0_0_1_0,1,2.3333333333333336e-5,4.714045207910317e-6,0.270935960591133,275.0
1_0_1_1_0_0_0_0_0_1_1_0_0_1_0_1_0_0_1_0_0_0_0_0_0_0_1_0_1_1_0_0_0_1_0_0_0_0_0_0_0_0_0_0_0_0_0_0_0_0_0_1,1,2.3333333333333336e-5,9.428090415820634e-6,0.2512315270935961,306.6666666666667
1_0_1_1_0_1_1_1_1_0_1_0_1_1_1_1_0_0_1_0_0_1_1_1_1_1_1_1_0_1_0_0_1_1_1_1_1_0_1_0_0_1_1_0_0_0_0_0_0_0_1_0,1,2.3333333333333336e-5,9.428090415820634e-6,0.270935960591133,233.33333333333334
0_0_0_0_0_0_0_0_0_1_0_1_0_0_1_0_1_1_0_1_1_0_0_0_1_0_0_0_1_0_1_1_0_0_0_0_0_0_0_1_1_0_0_1_1_1_0_1_1_1_0_1,1,2.3333333333333336e-5,9.428090415820634e-6,0.30049261083743845,186.66666666666666
1_1_1_1_1_1_1_1_1_0_1_0_1_1_0_1_0_0_1_0_0_0_0_1_0_0_1_0_1_1_0_0_0_1_1_1_0_1_0_0_0_0_1_0_1_0_0_0_0_0_1_0,1,2.3333333333333336e-5,1.699673171197595e-5,0.2660098522167488,240.0
0_0_0_0_0_1_0_0_1_1_1_0_0_0_0_0_0_0_0_0_0_1_1_0_1_1_0_1_0_0_0_1_1_0_0_0_1_0_1_1_1_1_0_1_0_1_0_1_1_1_1_1,0,2.3333333333333336e-5,1.2472191289246474e-5,0.2019704433497537,1001.0
1_1_1_1_1_0_1_1_1_0_0_1_1_1_1_1_0_1_1_1_1_0_0_1_0_0_1_0_1_1_1_0_0_1_1_1_0_1_0_0_0_0_1_0_1_0_1_0_0_0_0_0,0,2.3333333333333336e-5,4.714045207910317e-6,0.19704433497536947,1001.0
1_0_1_1_0_1_1_0_1_0_1_0_1_1_0_1_0_0_1_0_0_1_1_1_1_1_1_0_0_1_0_0_1_1_1_1_1_0_1_0_0_0_1_0_0_0_0_0_0_0_1_0,1,2.3333333333333336e-5,1.2472191289246474e-5,0.30049261083743845,203.33333333333334
0_1_1_0_1_0_1_0_0_0_0_1_0_1_0_1_0_0_1_0_1_0_0_0_1_0_0_0_1_0_0_1_0_1_0_0_0_1_0_1_0_0_1_0_1_0_1_0_0_0_0_0,1,2.3333333333333336e-5,4.714045207910317e-6,0.3103448275862069,303.3333333333333
0_1_1_0_1_1_1_1_1_0_1_1_1_1_0_0_0_0_1_0_0_0_0_1_1_0_0_0_1_0_0_1_0_1_1_1_0_1_0_1_0_1_1_0_0_0_1_0_1_0_1_0,1,2.3333333333333336e-5,4.714045207910317e-6,0.2561576354679803,197.7777777777778
0_1_1_0_1_0_0_1_0_1_0_1_1_1_0_0_0_1_0_0_0_1_1_1_1_1_0_1_0_0_1_1_1_0_0_0_1_1_1_1_1_1_0_1_1_1_1_1_1_1_0_1,1,2.3333333333333336e-5,1.8856180831641267e-5,0.270935960591133,301.3333333333333
0_1_1_0_1_1_1_1_1_0_0_1_1_1_0_0_1_1_0_1_0_0_0_1_0_0_0_0_1_0_1_1_0_0_1_1_0_1_0_1_1_0_1_1_1_1_1_1_1_1_1_1,1,2.3333333333333336e-5,4.714045207910317e-6,0.3103448275862069,379.4444444444445
0_1_1_0_1_0_0_0_1_1_1_0_1_1_0_0_0_1_0_0_0_1_1_1_1_1_0_1_0_0_1_1_1_0_1_1_1_1_1_1_1_1_0_1_0_1_0_1_1_1_1_1,1,2.3333333333333336e-5,1.2472191289246474e-5,0.2660098522167488,263.3333333333333
0_1_1_0_1_1_1_1_1_0_1_1_1_1_1_1_1_1_0_1_0_1_1_1_1_1_0_0_0_0_1_1_1_0_1_1_1_1_1_1_1_1_1_1_0_1_1_1_0_0_1_0,0,2.3333333333333336e-5,4.714045207910317e-6,0.14285714285714285,1001.0
0_1_0_0_1_1_1_1_0_0_0_1_1_0_1_0_1_1_0_1_1_1_1_1_1_1_0_0_0_0_1_1_1_0_1_1_1_1_1_1_1_0_1_1_1_1_0_1_1_1_1_0,1,2.3333333333333336e-5,2.6246692913372705e-5,0.2315270935960591,370.0
1_0_1_1_0_1_1_1_1_0_1_0_1_1_1_1_0_0_1_0_0_1_1_1_1_1_1_1_0_1_0_0_1_1_1_1_1_0_1_0_0_1_1_0_0_0_1_0_0_0_1_0,1,2.3333333333333336e-5,2.0548046676563257e-5,0.2561576354679803,219.0
0_1_0_0_1_1_1_1_1_0_0_1_1_0_1_0_1_1_0_1_1_1_1_1_1_1_0_1_0_0_1_1_1_0_1_1_1_1_1_1_1_0_1_1_1_1_1_1_1_1_1_0,1,2.3333333333333336e-5,4.714045207910317e-6,0.24630541871921183,291.6666666666667
0_0_0_0_0_1_0_0_0_1_1_0_0_0_0_0_1_0_0_1_1_0_0_0_0_0_0_0_1_0_0_1_0_0_0_0_0_0_0_1_1_0_0_1_0_1_0_1_1_1_1_1,1,2.3333333333333336e-5,4.714045207910317e-6,0.26108374384236455,340.5555555555556
1_1_1_1_1_1_1_1_1_0_1_1_1_0_1_1_0_1_1_0_0_1_1_1_1_1_1_0_0_1_1_0_1_1_1_1_1_1_1_0_0_1_1_0_0_0_1_0_0_0_1_0,1,2.3333333333333336e-5,1.2472191289246472e-5,0.270935960591133,264.1666666666667
0_1_0_0_1_1_1_0_0_0_0_1_1_0_1_1_1_1_0_1_1_0_0_1_1_0_0_1_1_0_1_1_0_0_1_1_0_1_0_1_1_0_1_1_1_1_0_1_0_0_1_0,1,2.3333333333333336e-5,4.714045207910317e-6,0.2660098522167488,247.22222222222226
1_0_0_1_0_0_0_0_1_1_1_0_0_1_0_1_1_0_1_1_0_0_0_0_0_0_1_0_1_1_0_0_0_1_0_0_0_0_0_0_0_0_0_0_0_0_0_0_0_0_0_1,1,2.3333333333333336e-5,1.8856180831641267e-5,0.2561576354679803,276.0
1_1_1_1_1_1_1_1_1_0_1_1_1_0_1_1_1_1_0_1_1_1_1_1_0_1_1_0_0_1_1_0_1_0_1_1_1_1_1_0_1_0_1_1_0_1_1_1_0_0_1_0,1,2.3333333333333336e-5,1.2472191289246474e-5,0.2561576354679803,296.6666666666667
0_1_0_0_1_0_0_1_0_1_0_1_0_0_1_0_1_1_0_1_1_0_0_0_0_0_0_0_1_0_1_1_0_0_0_0_0_1_0_1_1_0_0_1_1_1_1_1_1_1_0_1,1,2.3333333333333336e-5,1.2472191289246474e-5,0.29064039408866993,262.5
1_1_1_1_1_1_1_1_1_0_1_0_1_1_0_1_0_0_1_0_0_1_1_1_1_1_1_1_0_1_0_0_1_1_1_1_1_1_1_0_0_1_1_0_0_0_0_0_0_0_1_0,1,2.3333333333333336e-5,1.8856180831641267e-5,0.3054187192118227,284.0
1_0_0_1_0_0_0_1_0_1_0_1_0_0_1_1_1_0_1_1_1_0_0_0_0_0_1_1_1_1_0_0_0_1_0_0_0_0_0_0_0_1_0_0_1_0_1_0_0_0_0_0,1,2.3333333333333336e-5,4.714045207910317e-6,0.24630541871921183,293.3333333333333
1_0_0_1_0_1_1_0_0_0_0_1_0_0_1_1_1_0_1_1_1_0_0_0_0_0_1_0_1_1_0_0_0_1_0_0_0_0_0_0_0_0_1_0_1_0_1_0_0_0_0_0,1,2.3333333333333336e-5,9.428090415820634e-6,0.2561576354679803,251.1111111111111
0_0_0_0_0_0_0_0_0_1_0_1_0_0_0_0_1_0_0_1_1_0_0_0_0_0_0_1_1_0_0_1_0_0_0_0_0_0_0_1_1_0_0_1_1_1_1_1_1_1_0_1,1,2.3333333333333336e-5,2.0548046676563257e-5,0.2660098522167488,353.5
0_1_1_0_1_1_1_1_1_0_1_0_1_1_1_1_0_1_0_0_0_0_0_1_0_0_0_1_1_0_1_1_0_0_1_1_0_1_0_1_1_1_1_1_1_1_1_1_0_0_1_0,1,2.3333333333333336e-5,1.2472191289246472e-5,0.24630541871921183,190.83333333333334
0_0_1_0_0_0_0_0_1_1_1_0_0_0_0_0_0_0_1_0_0_0_0_0_1_0_0_1_1_0_0_1_0_1_0_0_0_0_0_1_0_1_0_0_0_0_1_0_1_1_0_1,1,2.3333333333333336e-5,9.428090415820634e-6,0.2561576354679803,243.33333333333334
1_0_1_1_0_0_0_1_1_1_1_0_0_0_0_0_0_0_1_0_0_1_1_0_0_1_1_1_0_1_0_0_1_1_0_0_1_0_1_0_0_1_0_0_0_0_1_0_1_1_0_1,1,2.3333333333333336e-5,1.8856180831641267e-5,0.26108374384236455,284.0
0_0_0_0_0_1_0_1_1_1_1_0_1_0_1_0_1_1_0_1_0_0_0_1_0_0_0_1_1_0_1_1_0_0_1_1_0_0_0_1_1_1_0_1_0_1_0_1_1_1_1_1,1,2.3333333333333336e-5,4.714045207910317e-6,0.3054187192118227,319.4444444444444
0_0_1_0_0_0_0_0_1_1_1_0_0_1_0_0_0_0_0_0_0_0_0_0_1_0_0_0_1_0_0_1_0_0_0_0_0_0_0_1_1_0_0_1_0_1_0_1_1_1_0_1,1,2.3333333333333336e-5,1.2472191289246472e-5,0.2955665024630542,325.0
1_1_1_1_1_0_1_1_1_0_1_1_1_1_1_1_0_1_1_0_0_0_0_1_0_0_1_0_1_1_1_0_0_1_1_1_0_1_0_0_0_1_1_0_0_0_1_0_0_0_1_0,0,2.3333333333333336e-5,1.8856180831641267e-5,0.15763546798029557,1001.0
1_1_0_1_1_1_1_1_1_0_0_1_1_0_1_1_1_1_1_1_1_1_1_1_1_1_1_1_0_1_1_0_1_1_1_1_1_1_1_0_0_1_1_0_1_0_1_0_0_0_1_0,1,2.3333333333333336e-5,4.714045207910317e-6,0.29064039408866993,270.0
0_0_1_0_0_0_0_0_0_1_1_0_0_1_0_1_0_0_0_0_0_1_1_0_1_1_0_1_0_0_0_1_1_0_0_0_1_0_1_1_1_1_0_1_0_1_0_1_0_0_0_1,1,2.3333333333333336e-5,4.714045207910317e-6,0.26108374384236455,362.77777777777777
0_0_1_0_0_0_0_1_1_1_1_0_0_1_0_0_0_0_0_0_0_0_0_0_0_0_0_0_1_0_0_1_0_0_0_0_0_0_0_1_1_1_0_1_0_1_1_1_1_1_0_1,1,2.3333333333333336e-5,2.6246692913372705e-5,0.27586206896551724,210.83333333333334
0_0_0_0_0_0_0_0_0_1_1_0_0_0_1_0_1_1_0_1_1_0_0_0_0_0_0_0_1_0_1_1_0_0_0_0_0_0_0_1_1_0_0_1_0_1_0_1_1_1_0_1,1,2.3333333333333336e-5,1.2472191289246474e-5,0.30049261083743845,316.6666666666667
1_0_1_1_0_1_1_1_1_0_1_0_1_1_1_1_0_1_1_0_0_1_1_1_1_1_1_1_0_1_1_0_1_1_1_1_1_0_1_0_0_1_1_0_0_0_1_0_0_0_1_0,1,2.3333333333333336e-5,4.714045207910317e-6,0.2315270935960591,226.11111111111111
0_0_0_0_0_0_0_1_0_1_0_1_0_0_1_0_1_1_0_1_1_0_0_0_0_0_0_1_1_0_1_1_0_0_0_0_0_0_0_1_1_1_0_1_1_1_1_1_1_1_0_1,1,2.3333333333333336e-5,9.428090415820634e-6,0.3251231527093596,276.66666666666663
0_0_1_0_0_0_0_0_1_1_1_0_0_1_0_0_0_0_0_0_0_0_0_0_0_0_0_0_1_0_0_1_0_0_0_0_0_0_0_1_1_0_0_1_0_1_0_1_1_1_0_1,1,2.3333333333333336e-5,4.714045207910317e-6,0.2857142857142857,418.8888888888889
1_0_1_1_0_1_1_1_1_0_1_0_1_1_0_1_0_0_1_0_0_1_1_1_0_1_1_1_0_1_0_0_1_1_1_1_1_0_1_0_0_1_1_0_0_0_1_0_0_0_1_0,1,2.3333333333333336e-5,2.6246692913372705e-5,0.27586206896551724,334.16666666666663
1_0_1_1_0_1_1_1_1_0_1_0_0_1_0_0_0_0_0_0_0_1_1_1_0_1_1_0_0_1_0_0_1_0_1_1_1_0_1_0_1_0_1_1_0_1_0_1_1_1_1_1,1,2.3333333333333336e-5,1.2472191289246474e-5,0.270935960591133,284.1666666666667
1_0_0_1_0_0_0_0_0_1_0_0_0_0_1_1_1_1_0_1_1_1_1_0_0_1_1_1_0_1_1_0_1_0_0_0_1_0_1_0_1_0_0_1_1_1_0_1_0_1_0_1,1,2.3333333333333336e-5,4.714045207910317e-6,0.2561576354679803,257.22222222222223
0_0_1_0_0_1_1_0_1_0_1_0_0_1_0_0_0_0_0_0_0_0_0_1_1_0_0_0_1_0_0_1_0_0_1_1_0_0_0_1_1_1_1_1_0_1_0_1_1_1_1_1,1,2.3333333333333336e-5,1.2472191289246472e-5,0.270935960591133,294.1666666666667
0_0_1_0_0_0_0_0_1_1_1_0_0_0_1_0_0_1_0_0_0_1_1_0_1_1_0_1_0_0_1_1_1_0_0_0_1_0_1_1_1_1_0_1_0_1_1_1_1_1_0_1,1,2.3333333333333336e-5,1.2472191289246474e-5,0.24630541871921183,292.5
0_0_0_0_0_1_0_0_0_1_1_0_0_0_0_0_1_0_0_1_1_0_0_0_1_0_0_0_1_0_0_1_0_0_0_0_0_0_0_1_1_0_0_1_0_1_0_1_1_1_1_1,1,2.3333333333333336e-5,1.2472191289246474e-5,0.270935960591133,345.0
1_1_1_1_1_0_1_1_1_0_0_1_1_1_1_1_0_1_1_0_0_1_1_1_1_1_1_1_0_1_1_0_1_1_1_1_1_1_1_0_0_1_1_0_1_0_1_0_0_0_0_0,1,2.3333333333333336e-5,1.2472191289246474e-5,0.26108374384236455,257.5
0_0_1_0_0_1_0_0_1_1_1_0_0_0_1_0_0_1_0_0_0_1_1_0_1_1_0_0_0_0_1_1_1_0_0_0_1_0_1_1_1_1_0_1_0_1_1_1_1_1_0_1,1,2.3333333333333336e-5,1.699673171197595e-5,0.2561576354679803,254.16666666666666
0_0_0_0_0_0_0_0_0_1_0_0_0_1_0_0_1_0_0_1_1_0_0_0_1_0_0_0_1_0_0_1_0_0_0_0_0_0_0_1_1_0_0_1_1_1_0_1_1_1_0_1,1,2.3333333333333336e-5,1.699673171197595e-5,0.2857142857142857,223.75
1_0_1_1_0_0_0_0_1_1_1_0_0_1_0_1_0_0_1_0_0_0_0_0_0_0_1_1_1_1_0_0_0_1_0_0_0_0_0_0_0_1_0_0_0_0_1_0_0_0_0_1,1,2.3333333333333336e-5,1.699673171197595e-5,0.2315270935960591,253.33333333333334
0_0_0_0_0_1_0_0_0_1_1_0_0_0_1_0_0_1_0_0_0_0_0_0_1_0_0_1_1_0_1_1_0_0_0_0_0_0_0_1_1_1_0_1_0_1_0_1_1_1_1_1,1,2.0e-5,8.16496580927726e-6,0.30049261083743845,355.0
1_0_0_1_0_0_0_1_1_1_0_1_0_0_0_1_1_0_1_1_1_0_0_0_0_0_1_1_1_1_0_0_0_1_0_0_0_0_0_0_0_0_0_0_1_0_1_0_0_1_0_0,1,2.0e-5,8.16496580927726e-6,0.2512315270935961,202.7777777777778
1_1_1_1_1_0_1_1_1_0_0_1_1_1_1_1_0_1_1_0_1_0_0_1_0_0_1_0_1_1_1_0_0_1_1_1_0_1_0_0_0_0_1_0_1_0_1_0_0_0_0_0,0,2.0e-5,8.16496580927726e-6,0.19704433497536947,1001.0
1_0_1_1_0_0_0_1_1_1_1_0_0_1_0_0_0_0_0_0_0_1_1_0_0_1_1_1_0_1_0_0_1_0_0_0_1_0_1_0_1_1_0_1_0_1_1_1_1_1_0_1,1,2.0e-5,1.4142135623730951e-5,0.27586206896551724,350.0
1_0_0_1_0_0_0_0_0_1_1_0_0_0_1_1_0_0_1_0_1_1_1_0_0_1_1_1_0_1_0_0_1_1_0_0_1_0_1_0_0_1_0_0_0_0_0_0_0_0_0_0,1,2.0e-5,8.16496580927726e-6,0.32019704433497537,366.6666666666667
1_0_0_1_0_0_0_1_1_1_0_1_0_0_0_1_1_0_1_1_1_0_0_0_0_0_1_1_1_1_0_0_0_1_0_0_0_0_0_0_0_1_0_0_1_0_1_0_0_1_0_0,1,2.0e-5,1.4142135623730953e-5,0.2660098522167488,305.0
0_0_1_0_0_0_0_0_0_1_1_0_0_0_1_0_0_1_0_0_0_1_1_0_1_1_0_1_0_0_1_1_1_0_0_0_1_0_1_1_1_1_0_1_0_1_1_1_1_1_0_1,1,2.0e-5,8.16496580927726e-6,0.2512315270935961,253.88888888888889
1_0_0_1_0_0_0_1_1_1_0_1_0_0_1_1_1_0_1_1_1_0_0_0_0_0_1_1_1_1_0_0_0_1_0_0_0_0_0_0_0_1_0_0_1_0_1_0_0_0_0_0,1,2.0e-5,8.16496580927726e-6,0.2512315270935961,257.22222222222223
1_0_1_1_0_0_0_1_1_1_1_0_0_0_0_0_0_0_1_0_0_1_1_0_1_1_1_1_0_1_0_0_1_1_0_0_1_0_1_0_0_1_0_0_1_0_1_0_1_1_0_1,1,2.0e-5,0.0,0.2512315270935961,233.33333333333334
0_0_0_0_0_0_0_0_1_1_1_0_0_1_0_0_1_0_0_1_0_0_0_0_0_0_0_0_1_0_0_1_0_0_0_0_0_0_0_1_1_0_0_1_0_1_0_1_1_1_0_1,1,2.0e-5,1.6329931618554523e-5,0.2955665024630542,321.25
0_0_0_0_0_0_0_0_0_1_1_0_0_0_1_0_1_1_0_1_1_0_0_0_1_0_0_1_1_0_1_1_0_0_0_0_0_0_0_1_1_0_0_1_0_1_0_1_1_1_0_1,1,2.0e-5,1.6329931618554523e-5,0.3054187192118227,225.0
0_1_1_0_1_0_1_1_1_0_0_1_1_1_1_1_1_1_0_1_1_1_1_1_1_1_0_1_0_0_1_1_1_0_1_1_1_1_1_1_1_1_1_1_1_1_1_1_0_0_0_0,0,2.0e-5,1.6329931618554523e-5,0.17733990147783252,1001.0
0_1_1_0_1_1_1_1_1_0_1_0_1_1_0_0_0_1_0_0_0_1_1_1_1_1_0_0_0_0_1_1_1_0_1_1_1_1_1_1_1_1_1_1_1_1_0_1_1_1_1_1,1,2.0e-5,8.16496580927726e-6,0.2315270935960591,243.88888888888889
0_1_0_0_1_1_1_1_1_0_0_1_1_0_1_1_1_1_0_1_1_0_0_1_1_0_0_1_1_0_1_1_0_0_1_1_0_1_0_1_1_1_1_1_1_1_1_1_0_0_1_0,1,2.0e-5,8.16496580927726e-6,0.28078817733990147,323.88888888888886
0_0_1_0_0_0_0_0_1_1_1_0_0_1_0_1_0_0_0_0_0_1_1_0_1_1_0_0_0_0_0_1_1_0_0_0_1_0_1_1_1_0_0_1_0_1_0_1_0_0_0_1,1,2.0e-5,8.16496580927726e-6,0.2660098522167488,294.4444444444444
1_1_1_1_1_1_1_1_1_0_0_1_1_1_1_1_0_1_1_0_1_1_1_1_0_1_1_0_0_1_1_0_1_1_1_1_1_1_1_0_0_1_1_0_1_0_1_0_0_0_1_0,1,2.0e-5,8.16496580927726e-6,0.27586206896551724,335.0
1_0_0_1_0_1_0_1_1_1_1_0_1_0_1_0_1_1_0_1_0_1_1_1_0_1_1_0_0_1_1_0_1_0_1_1_1_0_1_0_1_0_0_1_0_1_0_1_1_1_1_1,1,2.0e-5,8.16496580927726e-6,0.30049261083743845,331.6666666666667
1_0_0_1_0_0_0_0_0_1_1_0_0_0_0_0_1_0_1_1_1_1_1_0_0_1_1_0_0_1_0_0_1_1_0_0_1_0_1_0_0_0_0_0_0_0_0_0_1_1_0_1,1,2.0e-5,1.6329931618554523e-5,0.2660098522167488,275.0
0_0_1_0_0_0_0_0_1_1_1_0_0_1_0_1_0_0_0_0_0_1_1_0_1_1_0_1_0_0_0_1_1_0_0_0_1_0_1_1_1_1_0_1_0_1_0_1_0_0_0_1,1,2.0e-5,8.16496580927726e-6,0.2561576354679803,297.77777777777777
1_0_1_1_0_0_0_0_1_1_1_0_0_0_1_1_0_0_1_0_1_0_0_0_0_0_1_1_1_1_0_0_0_1_0_0_0_0_0_0_0_1_0_0_0_0_1_0_0_0_0_0,1,2.0e-5,8.16496580927726e-6,0.26108374384236455,402.77777777777777
0_1_0_0_1_0_0_0_0_1_0_1_0_0_0_0_1_1_0_1_1_0_0_0_1_0_0_0_1_0_1_1_0_0_0_0_0_1_0_1_1_0_0_1_1_1_0_1_1_1_0_1,1,2.0e-5,1.6329931618554523e-5,0.2660098522167488,213.75
0_1_0_0_1_1_1_0_0_0_0_1_1_1_1_1_1_1_0_1_1_0_0_1_0_0_0_0_1_0_1_1_0_0_1_1_0_1_0_1_1_0_1_1_0_1_0_1_0_0_1_0,1,2.0e-5,8.16496580927726e-6,0.2512315270935961,194.44444444444446
1_0_0_1_0_1_0_0_0_1_1_0_0_0_0_0_0_0_1_0_0_0_0_0_0_0_1_0_1_1_0_0_0_1_0_0_0_0_0_0_0_0_0_0_0_0_0_0_1_1_1_1,0,2.0e-5,8.16496580927726e-6,0.17733990147783252,1001.0
0_0_1_0_0_0_0_0_1_1_1_0_0_1_0_0_0_0_0_0_0_0_0_0_1_0_0_1_1_0_0_1_0_0_0_0_0_0_0_1_1_1_0_1_0_1_0_1_1_1_0_1,1,2.0e-5,1.6329931618554523e-5,0.2857142857142857,397.5
1_1_1_1_1_1_1_1_1_0_1_1_1_0_0_1_1_0_1_1_0_1_1_1_1_1_1_0_0_1_0_0_1_1_1_1_1_1_1_0_0_0_1_0_0_0_1_0_0_0_1_0,1,2.0e-5,0.0,0.3103448275862069,293.3333333333333
0_0_1_0_0_1_1_0_1_0_1_0_0_1_0_0_0_0_0_0_0_0_0_1_1_0_0_0_1_0_0_1_0_0_1_1_0_0_0_1_1_0_1_1_0_1_0_1_1_1_1_1,1,2.0e-5,8.16496580927726e-6,0.2857142857142857,344.4444444444444
0_0_0_0_0_1_0_1_1_1_1_0_1_0_1_0_1_1_0_1_0_0_0_1_1_0_0_0_1_0_1_1_0_0_1_1_0_0_0_1_1_0_0_1_0_1_0_1_1_1_1_1,1,2.0e-5,0.0,0.3054187192118227,311.6666666666667
1_1_1_1_1_1_1_1_1_0_0_1_1_1_1_1_0_1_1_0_0_1_1_1_1_1_1_1_0_1_1_0_1_1_1_1_1_1_1_0_0_1_1_0_1_0_1_0_0_0_1_0,1,2.0e-5,1.4142135623730953e-5,0.27586206896551724,298.3333333333333
1_0_0_1_0_0_0_1_0_1_0_1_0_0_0_0_1_0_1_1_1_1_1_0_1_1_1_0_0_1_0_0_1_1_0_0_1_0_1_0_0_0_0_0_0_0_1_0_1_1_0_1,1,2.0e-5,0.0,0.270935960591133,255.0
1_1_0_1_1_1_1_1_1_0_0_1_1_0_1_1_1_1_1_1_1_1_1_1_0_1_1_0_0_1_1_0_1_1_1_1_1_1_1_0_0_0_1_0_1_0_1_0_0_0_1_0,1,2.0e-5,8.16496580927726e-6,0.29064039408866993,273.8888888888889
1_1_0_1_1_0_1_0_0_0_0_1_1_1_0_1_1_0_1_1_1_0_0_1_0_0_1_1_1_1_0_0_0_1_1_1_0_1_0_0_0_0_1_0_0_0_0_0_0_0_1_0,1,2.0e-5,1.4142135623730951e-5,0.2561576354679803,295.8333333333333
0_1_1_0_1_0_1_1_1_0_0_1_1_1_1_1_1_1_0_0_1_1_1_1_1_1_0_1_0_0_1_1_1_0_1_1_1_1_1_1_1_1_1_1_1_1_1_1_0_0_0_0,0,2.0e-5,8.16496580927726e-6,0.17733990147783252,1001.0
0_0_0_0_0_0_0_0_0_1_1_0_0_0_0_0_1_0_0_1_1_0_0_0_0_0_0_1_1_0_0_1_0_0_0_0_0_0_0_1_1_0_0_1_0_1_0_1_1_1_0_1,1,2.0e-5,8.16496580927726e-6,0.270935960591133,257.77777777777777
0_1_1_0_1_1_1_1_1_0_1_0_1_1_1_1_0_1_1_0_0_0_0_1_1_0_0_1_1_0_1_1_0_1_1_1_0_1_0_1_0_1_1_0_0_0_1_0_0_0_1_0,1,2.0e-5,8.16496580927726e-6,0.26108374384236455,246.11111111111111
1_1_1_1_1_1_1_1_1_0_1_0_1_1_1_1_0_1_0_0_0_1_1_1_0_1_1_1_0_1_1_0_1_0_1_1_1_1_1_0_1_1_1_1_1_1_1_1_0_0_1_0,1,2.0e-5,8.16496580927726e-6,0.2512315270935961,285.0
1_0_0_1_0_0_0_0_0_1_0_1_0_0_0_1_1_0_1_1_1_0_0_0_0_0_1_1_1_1_0_0_0_1_0_0_0_0_0_0_0_1_0_0_0_0_1_0_0_1_0_0,1,2.0e-5,8.16496580927726e-6,0.26108374384236455,322.77777777777777
0_1_0_0_1_1_1_1_0_0_0_1_1_1_1_1_1_1_0_1_1_0_0_1_0_0_0_0_1_0_1_1_0_0_1_1_0_1_0_1_1_0_1_1_1_1_0_1_0_0_1_0,1,2.0e-5,1.4142135623730953e-5,0.2512315270935961,244.16666666666666
1_0_1_1_0_0_0_1_1_1_1_0_0_1_0_1_0_0_1_0_0_0_0_0_0_0_1_0_1_1_0_0_0_1_0_0_0_0_0_0_0_1_0_0_0_0_1_0_0_0_0_1,1,2.0e-5,8.16496580927726e-6,0.23645320197044334,241.66666666666666
0_0_0_0_0_1_0_0_0_1_0_0_0_0_1_1_1_0_1_1_1_0_0_0_1_0_0_0_1_0_0_1_0_1_0_0_0_0_0_1_0_0_0_0_1_0_0_0_0_1_0_0,1,2.0e-5,8.16496580927726e-6,0.2561576354679803,300.0
1_1_0_1_1_0_0_0_0_1_0_1_0_0_1_0_1_1_0_1_1_1_1_0_0_1_1_0_0_1_1_0_1_0_0_0_1_1_1_0_1_0_0_1_1_1_0_1_1_1_0_1,1,2.0e-5,0.0,0.270935960591133,246.66666666666666
0_1_0_0_1_0_0_0_0_1_0_1_0_0_1_0_1_1_0_1_1_0_0_0_0_0_0_0_1_0_1_1_0_0_0_0_0_1_0_1_1_0_0_1_1_1_1_1_1_1_0_1,1,2.0e-5,2.1602468994692868e-5,0.28078817733990147,223.0
1_1_0_1_1_0_0_0_0_1_0_1_0_0_1_0_1_1_0_1_1_1_1_0_0_1_1_1_0_1_1_0_1_0_0_0_1_1_1_0_1_0_0_1_1_1_0_1_1_1_0_1,1,2.0e-5,0.0,0.2660098522167488,238.33333333333334
1_0_0_1_0_0_0_0_0_1_0_1_0_0_1_1_1_0_1_1_1_0_0_0_0_0_1_1_1_1_0_0_0_1_0_0_0_0_0_0_0_1_0_0_0_0_1_0_0_0_0_0,1,2.0e-5,1.6329931618554523e-5,0.24630541871921183,285.0
0_0_1_0_0_1_1_1_1_0_1_0_0_1_0_0_0_0_1_0_0_0_0_1_1_0_0_0_1_0_0_1_0_1_1_1_0_0_0_1_0_0_1_0_0_0_0_0_1_1_1_1,1,2.0e-5,0.0,0.26108374384236455,270.0
0_1_1_0_1_1_1_1_1_0_1_0_1_1_0_1_0_0_1_0_0_0_0_1_1_0_0_1_1_0_0_1_0_1_1_1_0_1_0_1_0_1_1_0_0_0_1_0_0_0_1_0,1,2.0e-5,8.16496580927726e-6,0.2955665024630542,393.3333333333333
0_1_0_0_1_0_0_0_0_1_0_0_0_1_1_0_1_1_0_1_1_0_0_0_0_0_0_1_1_0_1_1_0_0_0_0_0_1_0_1_1_0_0_1_1_1_0_1_1_1_0_1,1,2.0e-5,8.16496580927726e-6,0.28078817733990147,299.44444444444446
0_1_1_0_1_1_1_1_1_0_1_1_1_0_0_0_0_1_0_0_0_1_1_1_1_1_0_0_0_0_1_1_1_0_1_1_1_1_1_1_1_1_1_1_0_1_1_1_1_1_1_1,1,2.0e-5,8.16496580927726e-6,0.23645320197044334,242.7777777777778
1_1_0_1_1_1_1_1_0_0_0_1_1_1_0_1_1_0_1_1_1_0_0_1_0_0_1_0_1_1_0_0_0_1_1_1_0_1_0_0_0_0_1_0_0_0_0_0_0_0_1_0,1,2.0e-5,8.16496580927726e-6,0.24630541871921183,273.8888888888889
0_1_1_0_1_1_1_1_1_0_1_0_1_1_0_0_0_1_0_0_0_1_1_1_1_1_0_0_0_0_1_1_1_0_1_1_1_1_1_1_1_1_1_1_0_1_0_1_1_1_1_1,1,2.0e-5,8.16496580927726e-6,0.22167487684729065,248.33333333333334
1_0_0_1_0_0_0_0_0_1_0_0_0_1_1_0_1_1_0_1_1_1_1_0_0_1_1_1_0_1_1_0_1_0_0_0_1_0_1_0_1_0_0_1_1_1_0_1_1_1_0_1,1,2.0e-5,8.16496580927726e-6,0.30049261083743845,282.22222222222223
1_1_1_1_1_0_1_1_1_0_1_1_1_1_0_0_0_1_0_0_0_1_1_1_0_1_1_1_0_1_1_0_1_0_1_1_1_1_1_0_1_1_1_1_0_1_1_1_1_0_1_1,1,2.0e-5,0.0,0.2561576354679803,270.0
1_1_0_1_1_1_1_0_0_0_0_1_1_1_1_1_1_1_0_1_1_1_1_1_0_1_1_0_0_1_1_0_1_0_1_1_1_1_1_0_1_0_1_1_1_1_0_1_0_0_1_0,1,2.0e-5,1.4142135623730951e-5,0.2561576354679803,311.6666666666667
0_1_0_0_1_0_0_0_0_1_0_1_1_0_1_0_1_1_0_1_1_0_0_0_1_0_0_0_1_0_1_1_0_0_0_0_0_1_0_1_1_0_0_1_1_1_0_1_1_1_0_0,1,2.0e-5,8.16496580927726e-6,0.26108374384236455,181.11111111111111
0_1_0_0_1_0_0_0_0_1_0_1_1_0_1_0_1_1_0_1_1_0_0_0_0_0_0_0_1_0_1_1_0_0_0_0_0_1_0_1_1_0_0_1_1_1_1_1_1_1_0_0,1,2.0e-5,8.16496580927726e-6,0.2660098522167488,189.44444444444446
0_1_0_0_1_0_0_0_0_1_0_1_1_0_1_0_1_1_0_1_1_0_0_0_0_0_0_0_1_0_1_1_0_0_0_0_0_1_0_1_1_0_0_1_1_1_0_1_1_1_0_0,1,2.0e-5,8.16496580927726e-6,0.2512315270935961,322.22222222222223
0_1_1_0_1_1_1_1_1_0_1_0_1_1_1_1_0_1_1_0_0_0_0_1_1_0_0_1_1_0_1_1_0_1_1_1_0_1_0_1_0_1_1_0_0_0_0_0_0_0_1_0,1,2.0e-5,8.16496580927726e-6,0.27586206896551724,301.6666666666667
1_1_1_1_1_1_1_1_1_0_1_0_1_1_0_1_0_0_1_0_0_0_0_1_0_0_1_0_1_1_0_0_0_1_1_1_0_1_0_0_0_1_1_0_1_0_0_0_0_0_1_0,1,2.0e-5,8.16496580927726e-6,0.2512315270935961,268.8888888888889
0_1_1_0_1_1_1_0_0_0_1_0_1_1_1_1_0_1_0_0_0_0_0_1_0_0_0_1_1_0_1_1_0_0_1_1_0_1_0_1_1_1_1_1_0_1_0_1_0_0_1_0,1,2.0e-5,8.16496580927726e-6,0.2660098522167488,238.88888888888889
0_1_0_0_1_0_0_0_0_1_0_1_0_0_0_0_1_1_0_1_1_0_0_0_0_0_0_1_1_0_1_1_0_0_0_0_0_1_0_1_1_0_0_1_1_1_1_1_1_1_0_1,1,2.0e-5,0.0,0.2660098522167488,228.33333333333334
0_1_1_0_1_0_1_1_1_0_0_1_1_1_0_0_0_1_0_0_0_0_0_1_1_0_0_1_1_0_1_1_0_0_1_1_0_1_0_1_1_1_1_1_1_1_1_1_1_1_0_1,1,2.0e-5,2.1602468994692868e-5,0.2955665024630542,295.0
0_1_1_0_1_1_1_0_0_0_1_0_1_1_1_1_0_1_0_0_0_0_0_1_1_0_0_0_1_0_1_1_0_0_1_1_0_1_0_1_1_0_1_1_0_1_0_1_0_0_1_0,1,2.0e-5,2.1602468994692868e-5,0.2857142857142857,241.0
0_0_0_0_0_0_0_0_0_1_0_1_0_0_0_0_1_0_0_1_1_0_0_0_1_0_0_1_1_0_0_1_0_0_0_0_0_0_0_1_1_0_0_1_1_1_1_1_1_1_0_1,1,2.0e-5,1.4142135623730951e-5,0.27586206896551724,295.0
0_1_0_0_1_0_0_0_0_1_0_1_0_0_0_0_1_0_0_1_1_0_0_0_0_0_0_1_1_0_0_1_0_0_0_0_0_1_0_1_1_0_0_1_1_1_0_1_1_1_0_1,1,2.0e-5,1.6329931618554523e-5,0.22660098522167488,258.75
0_1_1_0_1_1_1_0_1_0_1_0_1_1_0_0_0_1_0_0_0_1_1_1_1_1_0_1_0_0_1_1_1_0_1_1_1_1_1_1_1_1_1_1_1_1_0_1_1_1_1_1,1,2.0e-5,2.1602468994692868e-5,0.24630541871921183,162.0
0_0_0_0_0_0_0_1_0_1_0_1_0_0_0_0_1_0_0_1_1_0_0_0_0_0_0_1_1_0_0_1_0_0_0_0_0_0_0_1_1_1_0_1_1_1_1_1_1_1_0_1,1,2.0e-5,1.4142135623730951e-5,0.29064039408866993,296.6666666666667
1_0_1_1_0_0_0_0_1_1_1_0_0_1_0_1_0_0_1_0_0_0_0_0_0_0_1_0_1_1_0_0_0_1_0_0_0_0_0_0_0_1_0_0_0_0_0_0_0_0_0_1,1,2.0e-5,1.6329931618554523e-5,0.2413793103448276,207.5
0_0_0_0_0_0_0_1_0_1_0_1_0_0_0_0_1_0_0_1_1_0_0_0_1_0_0_1_1_0_0_1_0_0_0_0_0_0_0_1_1_0_0_1_1_1_1_1_1_1_0_1,1,1.666666666666667e-5,4.714045207910318e-6,0.2857142857142857,361.6666666666667
1_1_1_1_1_1_1_1_1_0_1_0_1_1_1_1_0_1_1_0_0_1_1_1_1_1_1_1_0_1_1_0_1_1_1_1_1_1_1_0_0_1_1_0_1_0_1_0_0_0_1_0,1,1.666666666666667e-5,4.714045207910318e-6,0.2660098522167488,231.66666666666666
1_0_0_1_0_1_0_1_1_1_1_0_0_0_0_0_1_0_1_1_0_0_0_0_0_0_1_1_1_1_0_0_0_1_0_0_0_0_0_0_0_1_0_0_0_0_1_0_1_1_1_1,0,1.666666666666667e-5,4.714045207910318e-6,0.18719211822660098,1001.0
0_1_0_0_1_1_1_1_0_0_0_1_1_1_0_0_1_1_0_1_0_1_1_1_1_1_0_0_0_0_1_1_1_0_1_1_1_1_1_1_1_0_1_1_1_1_0_1_1_1_1_1,1,1.666666666666667e-5,4.714045207910318e-6,0.26108374384236455,453.3333333333333
1_1_1_1_1_1_1_0_1_0_1_0_1_1_0_1_0_0_1_0_0_1_1_1_1_1_1_0_0_1_0_0_1_1_1_1_1_1_1_0_0_0_1_0_0_0_0_0_0_0_1_0,1,1.666666666666667e-5,4.714045207910318e-6,0.3251231527093596,285.0
1_0_1_1_0_1_1_1_1_0_1_0_0_1_0_0_0_0_0_0_0_1_1_1_0_1_1_0_0_1_0_0_1_0_1_1_1_0_1_0_1_1_1_1_0_1_0_1_1_1_1_1,1,1.666666666666667e-5,4.714045207910318e-6,0.2561576354679803,316.6666666666667
1_1_0_1_1_1_1_1_1_0_0_1_1_0_1_1_1_1_0_1_1_1_1_1_0_1_1_0_0_1_1_0_1_0_1_1_1_1_1_0_1_0_1_1_1_1_1_1_0_0_1_0,1,1.666666666666667e-5,4.714045207910318e-6,0.2660098522167488,276.6666666666667
1_1_1_1_1_1_1_1_1_0_1_1_1_1_1_1_1_1_1_0_0_0_0_1_0_0_1_0_1_1_1_0_0_1_1_1_0_1_0_0_0_1_1_0_0_0_1_0_0_0_1_0,0,1.666666666666667e-5,4.714045207910318e-6,0.1625615763546798,1001.0
1_0_0_1_0_1_0_0_0_1_0_0_0_0_1_1_1_0_1_1_1_1_1_0_0_1_1_0_0_1_0_0_1_1_0_0_1_0_1_0_0_0_0_0_1_0_0_0_0_1_0_0,1,1.666666666666667e-5,4.714045207910318e-6,0.26108374384236455,248.33333333333334
1_0_0_1_0_1_0_0_0_1_1_0_0_0_1_1_1_0_1_1_1_1_1_0_1_1_1_0_0_1_0_0_1_1_0_0_1_0_1_0_0_0_0_0_0_0_0_0_0_0_1_0,1,1.666666666666667e-5,4.714045207910318e-6,0.2857142857142857,361.6666666666667
1_0_0_1_0_0_0_0_0_1_0_1_0_0_0_1_1_0_1_1_1_0_0_0_0_0_1_1_1_1_0_0_0_1_0_0_0_0_0_0_0_0_0_0_0_0_1_0_0_1_0_0,1,1.666666666666667e-5,4.714045207910318e-6,0.24630541871921183,231.66666666666666
0_0_0_0_0_0_0_0_0_1_0_1_0_0_0_0_1_0_0_1_1_0_0_0_1_0_0_1_1_0_0_1_0_0_0_0_0_0_0_1_1_0_0_1_0_1_0_1_1_1_0_1,1,1.666666666666667e-5,4.714045207910318e-6,0.270935960591133,250.0
0_1_0_0_1_0_0_0_0_1_0_1_1_0_1_0_1_1_0_1_1_0_0_0_0_0_0_1_1_0_1_1_0_0_0_0_0_1_0_1_1_0_0_1_1_1_1_1_1_1_0_0,1,1.666666666666667e-5,4.714045207910318e-6,0.26108374384236455,283.3333333333333
0_0_1_0_0_0_0_0_0_1_1_0_0_1_0_0_0_0_0_0_0_0_0_0_1_0_0_1_1_0_0_1_0_0_0_0_0_0_0_1_1_1_0_1_0_1_0_1_1_1_0_1,1,1.666666666666667e-5,4.714045207910318e-6,0.29064039408866993,281.6666666666667
1_0_1_1_0_1_1_1_1_0_1_0_0_1_0_1_0_0_1_0_0_1_1_1_0_1_1_1_0_1_0_0_1_1_1_1_1_0_1_0_0_1_1_0_0_0_1_0_0_0_1_1,1,1.666666666666667e-5,4.714045207910318e-6,0.26108374384236455,195.0
0_1_1_0_1_1_1_1_1_0_1_0_1_1_0_1_0_0_1_0_0_0_0_1_1_0_0_0_1_0_0_1_0_1_1_1_0_1_0_1_0_1_1_0_0_0_1_0_0_0_1_0,1,1.666666666666667e-5,4.714045207910318e-6,0.29064039408866993,266.6666666666667
0_1_1_0_1_0_1_1_1_0_0_1_1_1_0_0_0_1_0_0_0_0_0_1_0_0_0_1_1_0_1_1_0_0_1_1_0_1_0_1_1_1_1_1_1_1_1_1_1_1_0_1,1,1.6666666666666667e-5,9.428090415820634e-6,0.2857142857142857,312.22222222222223
1_1_0_1_1_1_1_1_1_0_1_1_1_0_0_1_1_0_1_1_1_1_1_1_1_1_1_0_0_1_0_0_1_1_1_1_1_1_1_0_0_0_1_0_0_0_0_0_0_0_1_0,1,1.6666666666666667e-5,1.2472191289246472e-5,0.3103448275862069,237.5
1_1_1_1_1_1_1_0_1_0_1_0_1_1_0_1_0_0_1_0_0_1_1_1_1_1_1_0_0_1_0_0_1_1_1_1_1_1_1_0_0_1_1_0_0_0_0_0_0_0_1_0,1,1.6666666666666667e-5,9.428090415820634e-6,0.3103448275862069,224.44444444444443
1_0_0_1_0_0_0_1_0_1_0_1_0_0_1_1_1_0_1_1_1_0_0_0_0_0_1_0_1_1_0_0_0_1_0_0_0_0_0_0_0_0_0_0_0_0_1_0_0_0_0_0,1,1.6666666666666667e-5,9.428090415820634e-6,0.24630541871921183,231.1111111111111
1_1_0_1_1_1_1_1_0_0_0_1_1_1_1_1_1_1_1_1_1_1_1_1_1_1_1_0_0_1_1_0_1_1_1_1_1_1_1_0_0_0_1_0_1_0_0_0_0_0_1_0,1,1.6666666666666667e-5,1.2472191289246472e-5,0.270935960591133,249.16666666666666
1_0_0_1_0_0_0_0_0_1_0_0_0_1_1_1_1_0_1_1_1_0_0_0_0_0_1_1_1_1_0_0_0_1_0_0_0_0_0_0_0_0_0_0_1_0_0_0_0_0_0_0,1,1.6666666666666667e-5,1.699673171197595e-5,0.23645320197044334,245.0
1_1_0_1_1_1_1_0_0_0_0_1_1_1_1_1_1_1_1_1_1_1_1_1_1_1_1_0_0_1_1_0_1_1_1_1_1_1_1_0_0_0_1_0_1_0_0_0_0_0_1_0,1,1.6666666666666667e-5,4.714045207910318e-6,0.270935960591133,241.66666666666666
0_0_0_0_0_0_0_0_0_1_0_0_0_1_1_0_1_1_0_1_1_0_0_0_1_0_0_0_1_0_1_1_0_0_0_0_0_0_0_1_1_0_0_1_1_1_0_1_1_1_0_1,1,1.6666666666666667e-5,9.428090415820634e-6,0.3103448275862069,347.77777777777777
0_1_0_0_1_0_1_0_0_0_0_1_1_1_1_1_1_1_0_1_1_0_0_1_0_0_0_1_1_0_1_1_0_0_1_1_0_1_0_1_1_0_1_1_1_1_0_1_0_0_1_0,1,1.6666666666666667e-5,9.428090415820634e-6,0.26108374384236455,245.55555555555557
1_0_1_1_0_1_1_0_1_0_1_0_0_1_0_0_0_0_0_0_0_1_1_1_0_1_1_0_0_1_0_0_1_0_1_1_1_0_1_0_1_1_1_1_0_1_0_1_1_1_1_1,1,1.6666666666666667e-5,1.2472191289246472e-5,0.2660098522167488,276.6666666666667
0_1_0_0_1_0_0_0_0_1_0_1_1_0_1_0_1_1_0_1_1_0_0_0_1_0_0_1_1_0_1_1_0_0_0_0_0_1_0_1_1_0_0_1_1_1_0_1_1_1_0_0,1,1.6666666666666667e-5,4.714045207910318e-6,0.2561576354679803,223.33333333333334
0_1_1_0_1_0_1_1_1_0_1_1_1_1_0_0_0_0_1_0_0_0_0_1_1_0_0_1_1_0_0_1_0_1_1_1_0_1_0_1_0_1_1_0_0_0_1_0_1_0_1_0,1,1.6666666666666667e-5,9.428090415820634e-6,0.2561576354679803,218.88888888888889
1_0_0_1_0_1_0_0_0_1_1_0_0_0_1_0_0_1_0_0_0_1_1_0_0_1_1_1_0_1_1_0_1_0_0_0_1_0_1_0_1_1_0_1_0_1_0_1_1_1_1_1,1,1.6666666666666667e-5,9.428090415820634e-6,0.2955665024630542,265.55555555555554
0_1_0_0_1_0_0_0_0_1_0_1_0_0_0_0_1_1_0_1_1_0_0_0_1_0_0_0_1_0_1_1_0_0_0_0_0_1_0_1_1_0_0_1_1_1_1_1_1_1_0_1,1,1.6666666666666667e-5,1.2472191289246472e-5,0.28078817733990147,229.16666666666669
0_1_0_0_1_0_0_0_0_1_0_1_1_0_1_0_1_1_0_1_1_0_0_0_0_0_0_1_1_0_1_1_0_0_0_0_0_1_0_1_1_1_0_1_1_1_1_1_1_1_0_0,1,1.6666666666666667e-5,4.714045207910318e-6,0.27586206896551724,246.66666666666666
1_0_1_1_0_1_1_0_1_0_1_0_1_1_0_1_0_0_1_0_0_1_1_1_1_1_1_1_0_1_0_0_1_1_1_1_1_0_1_0_0_1_1_0_0_0_0_0_0_0_1_0,1,1.6666666666666667e-5,4.714045207910318e-6,0.29064039408866993,350.0
0_0_1_0_0_0_0_0_0_1_1_0_0_1_0_0_0_0_1_0_0_0_0_0_1_0_0_0_1_0_0_1_0_1_0_0_0_0_0_1_0_0_0_0_0_0_0_0_1_1_0_1,1,1.6666666666666667e-5,4.714045207910318e-6,0.27586206896551724,381.6666666666667
1_0_0_1_0_1_0_1_1_1_1_0_1_0_1_0_1_1_0_1_0_1_1_1_0_1_1_1_0_1_1_0_1_0_1_1_1_0_1_0_1_1_0_1_0_1_0_1_1_1_1_1,1,1.6666666666666667e-5,9.428090415820634e-6,0.3103448275862069,255.55555555555557
0_0_1_0_0_0_0_0_0_1_1_0_0_1_0_0_0_0_0_0_0_0_0_0_1_0_0_0_1_0_0_1_0_0_0_0_0_0_0_1_1_0_0_1_0_1_0_1_1_1_0_1,1,1.6666666666666667e-5,9.428090415820634e-6,0.30049261083743845,441.1111111111111
0_1_0_0_1_0_0_0_0_1_0_0_0_1_0_0_1_1_0_1_1_0_0_0_1_0_0_0_1_0_1_1_0_0_0_0_0_1_0_1_1_0_0_1_1_1_0_1_1_1_0_1,1,1.6666666666666667e-5,4.714045207910318e-6,0.2857142857142857,266.6666666666667
0_0_0_0_0_0_0_0_0_1_0_1_0_0_1_0_1_1_0_1_1_0_0_0_0_0_0_1_1_0_1_1_0_0_0_0_0_0_0_1_1_1_0_1_1_1_1_1_1_1_0_1,1,1.6666666666666667e-5,9.428090415820634e-6,0.31527093596059114,255.55555555555557
1_0_1_1_0_0_0_1_1_1_1_0_0_0_1_1_0_0_1_0_1_0_0_0_0_0_1_1_1_1_0_0_0_1_0_0_0_0_0_0_0_1_0_0_0_0_1_0_0_0_0_0,1,1.6666666666666667e-5,9.428090415820634e-6,0.26108374384236455,246.66666666666666
0_0_0_0_0_0_0_0_0_1_0_1_0_0_1_0_1_1_0_1_1_0_0_0_0_0_0_0_1_0_1_1_0_0_0_0_0_0_0_1_1_0_0_1_1_1_1_1_1_1_0_1,1,1.6666666666666667e-5,1.2472191289246472e-5,0.3054187192118227,247.5
1_1_1_1_1_0_1_1_0_0_0_1_1_1_1_1_1_1_1_1_1_0_0_1_0_0_1_0_1_1_1_0_0_1_1_1_0_1_0_0_0_0_1_0_1_0_1_0_0_0_0_0,0,1.6666666666666667e-5,1.2472191289246472e-5,0.2019704433497537,1001.0
0_1_0_0_1_1_1_0_0_0_0_1_1_0_1_0_1_1_0_1_1_1_1_1_1_1_0_0_0_0_1_1_1_0_1_1_1_1_1_1_1_0_1_1_1_1_0_1_1_1_1_0,1,1.6666666666666667e-5,4.714045207910318e-6,0.2315270935960591,270.0
1_1_0_1_1_0_0_0_0_1_0_1_0_0_0_0_1_0_0_1_1_1_1_0_0_1_1_1_0_1_0_0_1_0_0_0_1_1_1_0_1_0_0_1_1_1_0_1_1_1_0_1,1,1.6666666666666667e-5,1.2472191289246472e-5,0.2315270935960591,186.66666666666669
1_1_1_1_1_1_1_1_1_0_1_1_1_0_0_1_0_0_1_0_0_1_1_1_0_1_1_0_0_1_0_0_1_1_1_1_1_1_1_0_0_1_1_0_0_0_1_0_0_0_1_0,1,1.6666666666666667e-5,1.2472191289246472e-5,0.3054187192118227,208.33333333333331
0_1_0_0_1_0_0_1_0_1_0_1_1_0_1_0_1_1_0_1_1_0_0_0_0_0_0_0_1_0_1_1_0_0_0_0_0_1_0_1_1_0_0_1_1_1_1_1_1_1_0_0,1,1.6666666666666667e-5,9.428090415820634e-6,0.27586206896551724,247.7777777777778
0_0_0_0_0_0_0_1_0_1_0_1_0_0_1_0_1_1_0_1_1_1_1_0_1_1_0_1_0_0_1_1_1_0_0_0_1_0_1_1_1_1_0_1_0_1_1_1_1_1_0_1,1,1.6666666666666667e-5,9.428090415820634e-6,0.27586206896551724,260.0
1_1_1_1_1_1_1_0_1_0_1_0_1_1_0_1_0_0_1_0_0_1_1_1_1_1_1_1_0_1_0_0_1_1_1_1_1_1_1_0_0_1_1_0_0_0_0_0_0_0_1_0,1,1.6666666666666667e-5,9.428090415820634e-6,0.31527093596059114,306.6666666666667
1_0_1_1_0_0_0_0_1_1_1_0_0_1_0_0_0_0_1_0_0_1_1_0_1_1_1_0_0_1_0_0_1_1_0_0_1_0_1_0_0_1_0_0_0_0_0_0_1_1_0_1,1,1.6666666666666667e-5,1.699673171197595e-5,0.26108374384236455,247.5
1_0_1_1_0_1_1_1_1_0_1_0_1_1_0_1_0_0_1_0_0_1_1_1_0_1_1_0_0_1_0_0_1_1_1_1_1_0_1_0_0_1_1_0_0_0_1_0_0_0_1_0,1,1.6666666666666667e-5,4.714045207910318e-6,0.270935960591133,293.3333333333333
0_0_1_0_0_1_1_1_1_0_1_0_0_1_0_1_0_0_0_0_0_0_0_1_0_0_0_1_1_0_0_1_0_0_1_1_0_0_0_1_1_1_1_1_0_1_0_1_0_0_1_1,1,1.6666666666666667e-5,9.428090415820634e-6,0.27586206896551724,235.55555555555557
1_0_1_1_0_0_0_0_0_1_1_0_0_1_0_0_0_0_1_0_0_1_1_0_0_1_1_1_0_1_0_0_1_1_0_0_1_0_1_0_0_1_0_0_0_0_0_0_1_1_0_1,1,1.6666666666666667e-5,9.428090415820634e-6,0.270935960591133,270.0
0_1_1_0_1_0_1_1_1_0_0_1_1_1_1_1_0_1_1_0_1_0_0_1_1_0_0_0_1_0_1_1_0_1_1_1_0_1_0_1_0_1_1_0_1_0_1_0_0_0_0_0,1,1.6666666666666667e-5,1.699673171197595e-5,0.2561576354679803,345.0
1_0_0_1_0_1_0_1_1_1_1_0_0_0_0_0_1_0_1_1_0_0_0_0_0_0_1_1_1_1_0_0_0_1_0_0_0_0_0_0_0_1_0_0_0_0_0_0_1_1_1_1,0,1.6666666666666667e-5,9.428090415820634e-6,0.1921182266009852,1001.0
1_1_0_1_1_1_1_1_0_0_0_1_1_0_1_1_1_1_1_1_1_1_1_1_0_1_1_0_0_1_1_0_1_1_1_1_1_1_1_0_0_0_1_0_1_0_0_0_0_0_1_0,1,1.6666666666666667e-5,9.428090415820634e-6,0.28078817733990147,296.6666666666667
0_0_1_0_0_0_0_0_0_1_1_0_0_1_0_0_0_0_1_0_0_0_0_0_1_0_0_1_1_0_0_1_0_1_0_0_0_0_0_1_0_1_0_0_0_0_0_0_1_1_0_1,1,1.6666666666666667e-5,9.428090415820634e-6,0.2660098522167488,246.66666666666666
0_0_0_0_0_0_0_0_0_1_0_0_0_1_1_0_1_1_0_1_1_0_0_0_1_0_0_1_1_0_1_1_0_0_0_0_0_0_0_1_1_0_0_1_1_1_0_1_1_1_0_1,1,1.6666666666666667e-5,9.428090415820634e-6,0.3054187192118227,278.8888888888889
0_1_1_0_1_1_1_0_1_0_1_0_1_1_1_0_0_1_0_0_0_1_1_1_1_1_0_1_0_0_1_1_1_0_1_1_1_1_1_1_1_1_1_1_1_1_0_1_1_0_1_1,1,1.6666666666666667e-5,1.2472191289246472e-5,0.26108374384236455,235.0
1_0_0_1_0_0_0_0_0_1_0_0_0_1_1_1_0_0_1_0_1_0_0_0_0_0_1_1_1_1_0_0_0_1_0_0_0_0_0_0_0_1_0_0_1_0_0_0_0_0_0_0,1,1.6666666666666667e-5,1.699673171197595e-5,0.2512315270935961,345.0
0_0_0_0_0_0_0_0_0_1_0_0_0_1_0_0_1_0_0_1_1_0_0_0_1_0_0_1_1_0_0_1_0_0_0_0_0_0_0_1_1_0_0_1_1_1_0_1_1_1_0_1,1,1.6666666666666667e-5,4.714045207910318e-6,0.28078817733990147,266.6666666666667
0_1_1_0_1_1_1_1_1_0_1_1_1_0_0_0_1_1_0_1_0_1_1_1_1_1_0_0_0_0_1_1_1_0_1_1_1_1_1_1_1_0_1_1_0_1_1_1_1_1_1_1,1,1.6666666666666667e-5,4.714045207910318e-6,0.2512315270935961,271.6666666666667
0_1_1_0_1_1_1_0_0_0_1_0_1_1_0_0_0_1_0_0_0_1_1_1_1_1_0_0_0_0_1_1_1_0_1_1_1_1_1_1_1_0_1_1_0_1_0_1_1_1_1_1,1,1.6666666666666667e-5,4.714045207910318e-6,0.2512315270935961,200.0
0_1_1_0_1_1_1_0_0_0_1_0_1_1_1_0_0_1_0_0_0_1_1_1_1_1_0_0_0_0_1_1_1_0_1_1_1_1_1_1_1_0_1_1_0_1_0_1_1_0_1_1,1,1.6666666666666667e-5,9.428090415820634e-6,0.2660098522167488,305.5555555555556
0_0_0_0_0_0_0_0_0_1_0_1_0_0_1_0_1_1_0_1_1_1_1_0_1_1_0_1_0_0_1_1_1_0_0_0_1_0_1_1_1_0_0_1_0_1_1_1_1_1_0_1,1,1.6666666666666667e-5,1.699673171197595e-5,0.2512315270935961,402.5
1_0_0_1_0_0_0_0_1_1_1_0_0_1_0_0_1_0_1_1_0_1_1_0_0_1_1_1_0_1_0_0_1_1_0_0_1_0_1_0_0_0_0_0_0_0_0_0_1_1_0_1,1,1.6666666666666667e-5,9.428090415820634e-6,0.28078817733990147,261.1111111111111
0_1_1_0_1_0_1_1_1_0_0_1_1_1_1_1_0_1_1_0_0_0_0_1_1_0_0_1_1_0_1_1_0_1_1_1_0_1_0_1_0_1_1_0_1_0_1_0_0_0_0_0,1,1.6666666666666667e-5,9.428090415820634e-6,0.2660098522167488,314.4444444444444
0_1_1_0_1_0_0_1_1_1_1_0_1_1_0_0_0_1_0_0_0_1_1_1_1_1_0_1_0_0_1_1_1_0_1_1_1_1_1_1_1_1_0_1_1_1_0_1_1_1_1_1,1,1.6666666666666667e-5,1.2472191289246472e-5,0.2660098522167488,343.33333333333337
0_1_1_0_1_1_1_1_1_0_1_0_1_1_1_1_0_1_0_0_0_0_0_1_1_0_0_0_1_0_1_1_0_0_1_1_0_1_0_1_1_1_1_1_1_1_1_1_0_0_1_0,1,1.6666666666666667e-5,1.2472191289246472e-5,0.2512315270935961,216.66666666666669
0_1_1_0_1_0_0_0_1_1_1_0_1_1_1_0_0_1_0_0_0_1_1_1_1_1_0_1_0_0_1_1_1_0_1_1_1_1_1_1_1_1_0_1_0_1_0_1_1_0_1_1,1,1.6666666666666667e-5,1.2472191289246472e-5,0.28078817733990147,250.83333333333331
0_0_0_0_0_0_0_0_0_1_0_1_0_0_0_0_1_0_1_1_1_0_0_0_1_0_0_1_1_0_0_1_0_1_0_0_0_0_0_1_0_0_0_0_0_0_0_0_1_1_0_1,1,1.6666666666666667e-5,1.2472191289246472e-5,0.24630541871921183,255.83333333333331
1_0_0_1_0_0_0_0_0_1_1_0_0_0_1_1_1_0_1_1_1_1_1_0_0_1_1_1_0_1_0_0_1_1_0_0_1_0_1_0_0_0_0_0_0_0_0_0_0_0_0_0,1,1.6666666666666667e-5,1.699673171197595e-5,0.3054187192118227,256.25
1_1_0_1_1_0_0_0_0_1_0_1_0_0_1_0_1_1_0_1_1_1_1_0_0_1_1_0_0_1_1_0_1_0_0_0_1_1_1_0_1_0_0_1_1_1_1_1_1_1_0_1,1,1.6666666666666667e-5,1.2472191289246472e-5,0.2857142857142857,265.0
1_0_1_1_0_0_0_0_1_1_1_0_0_1_0_1_0_0_1_0_0_0_0_0_0_0_1_0_1_1_0_0_0_1_0_0_0_0_0_0_0_1_0_0_0_0_1_0_0_0_0_1,1,1.6666666666666667e-5,1.2472191289246472e-5,0.23645320197044334,260.83333333333337
0_1_1_0_1_1_1_0_0_0_1_0_1_1_1_0_0_1_0_0_0_1_1_1_1_1_0_0_0_0_1_1_1_0_1_1_1_1_1_1_1_1_1_1_0_1_0_1_1_0_1_1,1,1.6666666666666667e-5,1.2472191289246472e-5,0.2512315270935961,281.66666666666663
0_1_1_0_1_1_1_1_1_0_1_1_1_0_1_1_0_1_1_0_0_0_0_1_1_0_0_0_1_0_1_1_0_1_1_1_0_1_0_1_0_1_1_0_0_0_1_0_0_0_1_0,1,1.6666666666666667e-5,1.2472191289246472e-5,0.27586206896551724,219.16666666666669
0_0_1_0_0_0_0_0_1_1_1_0_0_0_1_0_0_1_0_0_0_1_1_0_1_1_0_1_0_0_1_1_1_0_0_0_1_0_1_1_1_1_0_1_1_1_1_1_1_1_0_1,1,1.6666666666666667e-5,2.3570226039551585e-5,0.24630541871921183,274.0
1_1_1_1_1_1_1_1_1_0_1_1_1_0_0_1_1_0_1_1_1_1_1_1_1_1_1_0_0_1_0_0_1_1_1_1_1_1_1_0_0_0_1_0_0_0_1_0_0_0_1_0,1,1.3333333333333335e-5,1.2472191289246474e-5,0.3054187192118227,295.0
0_0_0_0_0_0_0_1_1_1_0_1_0_0_0_0_1_0_0_1_1_0_0_0_1_0_0_0_1_0_0_1_0_0_0_0_0_0_0_1_1_0_0_1_1_1_1_1_1_1_0_1,1,1.3333333333333335e-5,1.2472191289246474e-5,0.2955665024630542,230.0
0_1_0_0_1_0_0_0_0_1_0_1_0_0_0_0_1_0_0_1_1_0_0_0_1_0_0_0_1_0_0_1_0_0_0_0_0_1_0_1_1_0_0_1_1_1_0_1_1_1_0_1,1,1.3333333333333335e-5,9.428090415820635e-6,0.2413793103448276,237.5
0_1_1_0_1_0_1_1_1_0_0_1_1_1_1_1_0_1_0_0_1_1_1_1_1_1_0_1_0_0_1_1_1_0_1_0_1_1_1_1_1_1_1_1_1_1_1_1_0_0_0_0,0,1.3333333333333335e-5,1.8856180831641267e-5,0.17733990147783252,1001.0
0_1_0_0_1_0_0_1_0_1_0_1_1_0_1_1_1_1_1_1_1_0_0_0_1_0_0_1_1_0_1_1_0_1_0_0_0_1_0_1_0_1_0_0_1_0_1_0_0_0_0_0,1,1.3333333333333335e-5,1.2472191289246474e-5,0.28078817733990147,283.33333333333337
0_1_0_0_1_1_1_0_0_0_0_1_1_0_1_0_1_1_0_1_1_1_1_1_1_1_0_1_0_0_1_1_1_0_1_1_1_1_1_1_1_0_1_1_1_1_0_1_1_1_1_0,1,1.3333333333333335e-5,4.714045207910318e-6,0.23645320197044334,256.6666666666667
1_1_1_1_1_1_1_1_1_0_0_1_1_0_1_1_0_1_0_0_1_1_1_1_0_1_1_0_0_1_1_0_1_0_1_1_1_1_1_0_1_1_1_1_1_1_1_1_0_0_1_0,1,1.3333333333333335e-5,1.2472191289246474e-5,0.28078817733990147,238.33333333333334
0_1_1_0_1_1_1_0_0_0_1_0_1_1_1_1_0_1_0_0_0_0_0_1_1_0_0_1_1_0_1_1_0_0_1_1_0_1_0_1_1_1_1_1_0_1_0_1_0_0_1_0,1,1.3333333333333335e-5,4.714045207910318e-6,0.27586206896551724,221.66666666666666
1_0_0_1_0_0_0_0_0_1_0_0_0_1_1_0_0_1_0_0_1_1_1_0_0_1_1_1_0_1_1_0_1_0_0_0_1_0_1_0_1_1_0_1_1_1_0_1_1_1_0_1,1,1.3333333333333335e-5,9.428090415820635e-6,0.31527093596059114,255.0
1_1_1_1_1_1_1_0_1_0_1_0_1_1_1_1_0_1_1_0_0_1_1_1_1_1_1_0_0_1_1_0_1_1_1_1_1_1_1_0_0_1_1_0_0_0_0_0_0_0_1_0,1,1.3333333333333335e-5,4.714045207910318e-6,0.27586206896551724,311.6666666666667
0_0_0_0_0_0_0_0_0_1_0_1_0_0_1_0_1_1_0_1_1_0_0_0_1_0_0_1_1_0_1_1_0_0_0_0_0_0_0_1_1_1_0_1_1_1_1_1_1_1_0_1,1,1.3333333333333335e-5,1.8856180831641267e-5,0.3251231527093596,300.0
0_0_0_0_0_0_0_1_1_1_0_1_0_0_1_0_1_1_0_1_1_0_0_0_0_0_0_0_1_0_1_1_0_0_0_0_0_0_0_1_1_0_0_1_1_1_1_1_1_1_0_1,1,1.3333333333333335e-5,4.714045207910318e-6,0.32019704433497537,301.6666666666667
0_1_0_0_1_1_1_1_0_0_0_1_1_0_1_0_1_1_0_1_1_1_1_1_1_1_0_1_0_0_1_1_1_0_1_1_1_1_1_1_1_0_1_1_1_1_1_1_1_1_1_0,1,1.3333333333333335e-5,4.714045207910318e-6,0.2413793103448276,350.0
0_1_0_0_1_0_0_0_0_1_0_1_1_0_1_0_1_1_0_1_1_0_0_0_0_0_0_1_1_0_1_1_0_0_0_0_0_1_0_1_1_0_0_1_1_1_0_1_1_1_0_0,1,1.3333333333333335e-5,1.2472191289246474e-5,0.24630541871921183,245.0
1_0_0_1_0_0_0_0_0_1_0_0_0_0_0_0_0_0_1_0_1_0_0_0_0_0_1_1_1_1_0_0_0_1_0_0_0_0_0_0_0_0_0_0_1_0_0_0_1_1_0_1,0,1.3333333333333335e-5,4.714045207910318e-6,0.14285714285714285,1001.0
1_0_0_1_0_1_0_0_1_1_1_0_0_0_0_0_1_0_1_1_0_0_0_0_0_0_1_0_1_1_0_0_0_1_0_0_0_0_0_0_0_0_0_0_0_0_0_0_1_1_1_1,0,1.3333333333333335e-5,1.2472191289246474e-5,0.1724137931034483,1001.0
1_0_0_1_0_1_1_0_0_0_1_0_0_0_1_1_0_0_1_0_1_0_0_0_0_0_1_0_1_1_0_0_0_1_0_0_0_0_0_0_0_0_1_0_0_0_0_0_0_0_1_0,1,1.3333333333333335e-5,4.714045207910318e-6,0.270935960591133,195.0
0_0_0_0_0_0_0_0_0_1_1_0_0_1_0_0_1_0_0_1_0_0_0_0_1_0_0_0_1_0_0_1_0_0_0_0_0_0_0_1_1_0_0_1_0_1_0_1_1_1_0_1,1,1.3333333333333335e-5,4.714045207910318e-6,0.3103448275862069,393.3333333333333
1_0_0_1_0_0_0_0_0_1_0_1_0_0_0_0_1_0_0_1_1_1_1_0_0_1_1_1_0_1_0_0_1_0_0_0_1_0_1_0_1_0_0_1_1_1_0_1_1_1_0_1,1,1.3333333333333335e-5,9.428090415820635e-6,0.2561576354679803,245.0
0_0_1_0_0_0_0_0_1_1_1_0_0_1_0_0_0_0_0_0_0_0_0_0_1_0_0_1_1_0_0_1_0_0_0_0_0_0_0_1_1_1_0_1_0_1_1_1_1_1_0_1,1,1.3333333333333335e-5,1.2472191289246474e-5,0.28078817733990147,313.33333333333337
1_0_0_1_0_1_1_1_0_0_0_1_0_0_1_1_1_0_1_1_1_0_0_0_0_0_1_0_1_1_0_0_0_1_0_0_0_0_0_0_0_0_1_0_1_0_1_0_0_0_0_0,1,1.3333333333333335e-5,1.2472191289246474e-5,0.2660098522167488,185.0
0_0_1_0_0_1_1_0_1_0_1_0_1_1_0_1_0_0_1_0_0_0_0_1_1_0_0_0_1_0_0_1_0_1_1_1_0_0_0_1_0_0_1_0_0_0_0_0_0_0_1_0,1,1.3333333333333335e-5,4.714045207910318e-6,0.3054187192118227,311.6666666666667
1_0_0_1_0_0_0_0_0_1_1_0_0_0_0_0_1_0_0_1_0_1_1_0_0_1_1_1_0_1_0_0_1_0_0_0_1_0_1_0_1_0_0_1_0_1_0_1_1_1_0_1,1,1.3333333333333335e-5,1.2472191289246474e-5,0.270935960591133,388.33333333333337
0_1_0_0_1_0_0_0_0_1_0_1_0_0_0_0_1_1_0_1_1_0_0_0_0_0_0_0_1_0_1_1_0_0_0_0_0_1_0_1_1_0_0_1_1_1_1_1_1_1_0_1,1,1.3333333333333335e-5,1.2472191289246474e-5,0.270935960591133,270.0
1_1_1_1_1_1_1_1_1_0_1_1_1_0_0_1_0_0_1_0_0_1_1_1_0_1_1_1_0_1_0_0_1_1_1_1_1_1_1_0_0_1_1_0_0_0_1_0_0_0_1_0,1,1.3333333333333335e-5,1.2472191289246474e-5,0.3103448275862069,223.33333333333331
1_1_1_1_1_1_1_0_0_0_0_1_1_0_1_1_0_1_1_0_1_1_1_0_1_1_1_0_0_1_1_0_1_1_0_0_1_1_1_0_0_1_1_0_1_0_1_0_0_0_0_0,1,1.3333333333333335e-5,4.714045207910318e-6,0.28078817733990147,188.33333333333334
0_0_0_0_0_0_0_0_0_1_1_0_0_0_0_0_1_0_0_1_0_0_0_0_1_0_0_1_1_0_0_1_0_0_0_0_0_0_0_1_1_0_0_1_0_1_0_1_1_1_0_1,1,1.3333333333333335e-5,4.714045207910318e-6,0.27586206896551724,510.0
0_0_1_0_0_1_1_1_1_0_1_0_0_1_0_1_0_0_1_0_0_0_0_1_1_0_0_1_1_0_0_1_0_1_1_1_0_0_0_1_0_1_1_0_0_0_0_0_0_0_1_1,1,1.3333333333333335e-5,4.714045207910318e-6,0.270935960591133,205.0
0_0_0_0_0_0_0_0_0_1_0_0_0_0_0_0_0_0_0_1_1_1_1_0_1_1_0_1_0_0_0_1_1_0_0_0_1_0_1_1_1_0_0_1_1_1_0_1_1_1_0_1,0,1.3333333333333335e-5,4.714045207910318e-6,0.1625615763546798,1001.0
1_0_1_1_0_0_0_0_0_1_0_0_0_1_0_0_0_0_0_0_0_1_1_0_0_1_1_1_0_1_0_0_1_0_0_0_1_0_1_0_1_1_0_1_1_1_1_1_1_1_0_1,1,1.3333333333333335e-5,4.714045207910318e-6,0.28078817733990147,400.0
0_1_0_0_1_0_0_0_0_1_0_1_0_0_0_0_1_1_0_1_1_0_0_0_1_0_0_1_1_0_1_1_0_0_0_0_0_1_0_1_1_0_0_1_1_1_0_1_1_1_0_1,1,1.3333333333333335e-5,9.428090415820635e-6,0.26108374384236455,307.5
1_0_1_1_0_1_1_1_1_0_1_0_1_1_1_1_0_0_1_0_0_1_1_1_0_1_1_1_0_1_0_0_1_1_1_1_1_0_1_0_0_1_1_0_0_0_0_0_0_0_1_0,1,1.3333333333333335e-5,9.428090415820635e-6,0.28078817733990147,347.5
1_1_1_1_1_1_1_1_1_0_1_1_1_1_0_0_0_1_0_0_0_1_1_1_0_1_1_0_0_1_1_0_1_0_1_1_1_1_1_0_1_1_1_1_0_1_1_1_1_0_1_1,1,1.3333333333333335e-5,9.428090415820635e-6,0.2561576354679803,265.0
0_0_0_0_0_0_0_0_0_1_0_1_0_0_0_0_1_0_1_1_1_0_0_0_1_0_0_0_1_0_0_1_0_1_0_0_0_0_0_1_0_0_0_0_0_0_0_0_1_1_0_1,1,1.3333333333333335e-5,1.2472191289246474e-5,0.2512315270935961,236.66666666666669
1_1_1_1_1_1_1_0_1_0_1_0_1_1_1_1_0_1_1_0_0_1_1_1_0_1_1_0_0_1_1_0_1_1_1_1_1_1_1_0_0_1_1_0_0_0_0_0_0_0_1_0,1,1.3333333333333335e-5,9.428090415820635e-6,0.2857142857142857,247.5
1_0_0_1_0_0_0_1_0_1_0_1_0_0_0_1_1_0_1_1_1_0_0_0_0_0_1_1_1_1_0_0_0_1_0_0_0_0_0_0_0_1_0_0_0_0_1_0_0_1_0_0,1,1.3333333333333335e-5,4.714045207910318e-6,0.270935960591133,156.66666666666666
1_0_0_1_0_0_0_0_0_1_1_0_0_1_0_0_1_0_1_1_0_1_1_0_0_1_1_1_0_1_0_0_1_1_0_0_1_0_1_0_0_0_0_0_0_0_0_0_1_1_0_1,1,1.3333333333333335e-5,4.714045207910318e-6,0.2857142857142857,260.0
0_0_0_0_0_1_0_0_0_1_1_0_0_0_1_1_1_0_1_1_1_0_0_0_1_0_0_0_1_0_0_1_0_1_0_0_0_0_0_1_0_0_0_0_0_0_0_0_0_0_1_0,1,1.3333333333333335e-5,4.714045207910318e-6,0.29064039408866993,330.0
0_1_0_0_1_1_1_1_0_0_0_1_1_1_1_1_1_1_0_1_1_0_0_1_1_0_0_0_1_0_1_1_0_0_1_1_0_1_0_1_1_0_1_1_1_1_0_1_0_0_1_0,1,1.3333333333333335e-5,9.428090415820635e-6,0.26108374384236455,312.5
1_1_1_1_1_1_1_0_0_0_1_0_1_1_0_1_0_0_1_0_0_0_0_1_0_0_1_0_1_1_0_0_0_1_1_1_0_1_0_0_0_1_1_0_0_0_0_0_0_0_1_0,1,1.3333333333333335e-5,4.714045207910318e-6,0.2561576354679803,260.0
1_0_0_1_0_0_0_1_0_1_0_1_0_0_1_1_1_0_1_1_1_0_0_0_0_0_1_1_1_1_0_0_0_1_0_0_0_0_0_0_0_0_0_0_1_0_1_0_0_0_0_0,1,1.3333333333333335e-5,4.714045207910318e-6,0.2315270935960591,221.66666666666666
0_0_1_0_0_1_1_1_1_0_1_0_0_1_0_1_0_0_0_0_0_0_0_1_0_0_0_1_1_0_0_1_0_0_1_1_0_0_0_1_1_1_1_1_0_1_1_1_0_0_1_1,1,1.3333333333333335e-5,4.714045207910318e-6,0.26108374384236455,220.0
0_0_0_0_0_0_0_0_0_1_0_1_0_0_1_0_1_1_0_1_1_0_0_0_0_0_0_1_1_0_1_1_0_0_0_0_0_0_0_1_1_0_0_1_1_1_1_1_1_1_0_1,1,1.3333333333333335e-5,4.714045207910318e-6,0.30049261083743845,320.0
0_1_1_0_1_0_1_1_0_0_0_1_1_1_1_1_0_1_0_1_1_1_1_1_1_1_0_0_0_0_1_1_1_0_1_1_1_1_1_1_1_0_1_1_1_1_1_1_0_0_0_0,0,1.3333333333333335e-5,9.428090415820635e-6,0.18226600985221675,1001.0
1_1_0_1_1_1_1_0_0_0_0_1_1_1_1_1_1_1_1_1_1_1_1_1_0_1_1_0_0_1_1_0_1_1_1_1_1_1_1_0_0_0_1_0_1_0_0_0_0_0_1_0,1,1.3333333333333335e-5,1.2472191289246474e-5,0.28078817733990147,198.33333333333331
0_0_1_0_0_0_0_0_1_1_1_0_0_1_0_0_0_0_0_0_0_0_0_0_0_0_0_1_1_0_0_1_0_0_0_0_0_0_0_1_1_1_0_1_0_1_1_1_1_1_0_1,1,1.3333333333333335e-5,4.714045207910318e-6,0.270935960591133,325.0
0_1_1_0_1_1_1_1_1_0_0_1_1_1_1_1_0_1_1_0_1_0_0_1_1_0_0_0_1_0_1_1_0_1_1_1_0_1_0_1_0_1_1_0_1_0_1_0_0_0_1_0,1,1.3333333333333335e-5,1.2472191289246474e-5,0.270935960591133,376.66666666666663
0_0_0_0_0_0_0_0_0_1_0_1_0_0_0_1_1_0_1_1_1_0_0_0_1_0_0_1_1_0_0_1_0_1_0_0_0_0_0_1_0_0_0_0_1_0_0_0_0_1_0_0,1,1.3333333333333335e-5,9.428090415820635e-6,0.2857142857142857,162.5
1_1_0_1_1_0_0_0_0_1_0_1_1_0_1_0_1_1_1_1_1_1_1_0_1_1_1_0_0_1_1_0_1_1_0_0_1_1_1_0_0_0_0_0_1_0_1_0_1_1_0_0,1,1.3333333333333335e-5,1.2472191289246474e-5,0.27586206896551724,220.0
1_0_1_1_0_1_1_1_1_0_1_0_0_1_0_1_0_0_1_0_0_1_1_1_0_1_1_1_0_1_0_0_1_1_1_1_1_0_1_0_0_1_1_0_0_0_0_0_0_0_1_1,1,1.3333333333333335e-5,4.714045207910318e-6,0.27586206896551724,281.6666666666667
0_0_1_0_0_1_1_1_1_0_1_0_1_1_1_1_0_1_1_0_0_0_0_1_1_0_0_0_1_0_1_1_0_1_1_1_0_0_0_1_0_1_1_0_0_0_1_0_0_0_1_0,1,1.3333333333333335e-5,1.2472191289246474e-5,0.2315270935960591,163.33333333333331
0_1_1_0_1_1_1_1_1_0_1_0_1_1_1_1_0_1_0_0_0_0_0_1_0_0_0_0_1_0_1_1_0_0_1_1_0_1_0_1_1_1_1_1_1_1_0_1_0_0_1_0,1,1.3333333333333335e-5,1.2472191289246474e-5,0.2561576354679803,178.33333333333331
1_1_1_1_1_1_1_1_1_0_0_1_1_1_0_1_1_0_1_1_1_1_1_1_0_1_1_0_0_1_0_0_1_1_1_1_1_1_1_0_0_0_1_0_1_0_1_0_0_0_1_0,1,1.3333333333333335e-5,1.2472191289246474e-5,0.31527093596059114,231.66666666666669
0_0_1_0_0_1_1_1_1_0_1_0_0_1_0_1_0_0_0_0_0_0_0_1_0_0_0_0_1_0_0_1_0_0_1_1_0_0_0_1_1_1_1_1_0_1_1_1_0_0_1_1,1,1.3333333333333335e-5,4.714045207910318e-6,0.2561576354679803,190.0
1_0_0_1_0_0_0_0_0_1_0_0_0_1_1_0_1_1_0_1_1_1_1_0_0_1_1_0_0_1_1_0_1_0_0_0_1_0_1_0_1_0_0_1_1_1_0_1_1_1_0_1,1,1.3333333333333335e-5,1.2472191289246474e-5,0.3054187192118227,196.66666666666669
0_0_1_0_0_1_1_1_1_0_1_0_1_1_0_1_0_0_1_0_0_0_0_1_1_0_0_1_1_0_0_1_0_1_1_1_0_0_0_1_0_1_1_0_0_0_1_0_0_0_1_0,1,1.3333333333333335e-5,4.714045207910318e-6,0.270935960591133,358.3333333333333
0_1_0_0_1_1_1_0_0_0_0_1_1_0_1_1_1_1_1_1_1_0_0_1_1_0_0_0_1_0_1_1_0_1_1_1_0_1_0_1_0_0_1_0_1_0_0_0_0_0_1_0,1,1.3333333333333335e-5,4.714045207910318e-6,0.27586206896551724,398.3333333333333
1_0_1_1_0_1_1_0_1_0_1_0_0_1_0_1_0_0_1_0_0_1_1_1_0_1_1_1_0_1_0_0_1_1_1_1_1_0_1_0_0_1_1_0_0_0_0_0_0_0_1_1,1,1.3333333333333335e-5,4.714045207910318e-6,0.2857142857142857,233.33333333333334
1_0_0_1_0_0_0_0_0_1_0_1_0_0_0_0_1_0_0_1_1_1_1_0_0_1_1_0_0_1_0_0_1_0_0_0_1_0_1_0_1_0_0_1_1_1_0_1_1_1_0_1,1,1.3333333333333335e-5,1.2472191289246472e-5,0.26108374384236455,243.33333333333334
1_0_1_1_0_1_1_1_1_0_1_0_0_1_0_1_0_0_1_0_0_1_1_1_1_1_1_0_0_1_0_0_1_1_1_1_1_0_1_0_0_1_1_0_0_0_1_0_0_0_1_1,1,1.3333333333333335e-5,1.2472191289246474e-5,0.24630541871921183,170.0
1_0_1_1_0_1_1_1_1_0_1_0_1_1_0_1_0_0_1_0_0_1_1_1_1_1_1_0_0_1_0_0_1_1_1_1_1_0_1_0_0_1_1_0_0_0_1_0_0_0_1_0,1,1.3333333333333335e-5,4.714045207910318e-6,0.26108374384236455,216.66666666666666
0_1_1_0_1_1_1_1_1_0_1_1_1_0_0_1_0_0_1_0_0_0_0_1_1_0_0_1_1_0_0_1_0_1_1_1_0_1_0_1_0_1_1_0_0_0_1_0_0_0_1_0,1,1.3333333333333335e-5,9.428090415820635e-6,0.3054187192118227,285.0
1_0_1_1_0_0_0_0_1_1_1_0_0_0_0_0_0_0_1_0_0_1_1_0_0_1_1_1_0_1_0_0_1_1_0_0_1_0_1_0_0_1_0_0_0_0_1_0_1_1_0_1,1,1.3333333333333335e-5,9.428090415820635e-6,0.26108374384236455,252.5
1_0_1_1_0_1_1_1_1_0_1_0_1_1_0_1_0_0_1_0_0_1_1_1_0_1_1_1_0_1_0_0_1_1_1_1_1_0_1_0_0_1_1_0_0_0_0_0_0_0_1_0,1,1.3333333333333335e-5,4.714045207910318e-6,0.29064039408866993,251.66666666666666
1_1_0_1_1_0_1_1_0_0_0_1_1_1_1_1_1_1_1_1_1_0_0_1_0_0_1_1_1_1_1_0_0_1_1_1_0_1_0_0_0_0_1_0_0_0_0_0_0_0_1_0,1,1.3333333333333335e-5,1.2472191289246472e-5,0.22167487684729065,281.6666666666667
1_0_0_1_0_0_0_0_0_1_0_1_0_0_0_0_1_0_1_1_1_1_1_0_1_1_1_1_0_1_0_0_1_1_0_0_1_0_1_0_0_0_0_0_0_0_0_0_1_1_0_1,1,1.3333333333333335e-5,4.714045207910318e-6,0.2413793103448276,266.6666666666667
1_0_1_1_0_0_0_1_1_1_1_0_0_1_0_0_0_0_1_0_0_1_1_0_0_1_1_0_0_1_0_0_1_1_0_0_1_0_1_0_0_1_0_0_0_0_1_0_1_1_0_1,1,1.3333333333333335e-5,9.428090415820635e-6,0.2660098522167488,290.0
0_1_1_0_1_1_1_0_0_0_1_0_1_1_1_0_0_1_0_0_0_1_1_1_1_1_0_1_0_0_1_1_1_0_1_1_1_1_1_1_1_1_1_1_0_1_0_1_1_0_1_1,1,1.3333333333333335e-5,1.2472191289246474e-5,0.2561576354679803,245.0
1_1_0_1_1_0_0_0_0_1_0_1_1_0_1_0_1_1_0_1_1_1_1_0_0_1_1_1_0_1_1_0_1_0_0_0_1_1_1_0_1_1_0_1_1_1_1_1_1_1_0_0,1,1.3333333333333335e-5,1.2472191289246474e-5,0.28078817733990147,268.3333333333333
0_1_1_0_1_1_1_1_1_0_0_1_1_1_0_0_1_1_0_1_0_0_0_1_1_0_0_0_1_0_1_1_0_0_1_1_0_1_0_1_1_0_1_1_1_1_1_1_1_1_1_1,1,1.3333333333333335e-5,9.428090415820635e-6,0.32019704433497537,470.0
1_0_0_1_0_1_1_1_0_0_0_1_0_0_0_1_1_0_1_1_1_0_0_0_0_0_1_0_1_1_0_0_0_1_0_0_0_0_0_0_0_0_1_0_1_0_1_0_0_1_0_0,1,1.3333333333333335e-5,4.714045207910318e-6,0.28078817733990147,273.3333333333333
0_1_1_0_1_0_1_1_0_0_0_1_1_1_1_1_0_1_0_0_1_1_1_1_1_1_0_0_0_0_1_1_1_0_1_1_1_1_1_1_1_0_1_1_1_1_0_1_0_0_0_0,0,1.3333333333333335e-5,4.714045207910318e-6,0.18719211822660098,1001.0
0_1_1_0_1_1_1_1_1_0_1_0_1_1_1_1_0_1_0_0_0_0_0_1_1_0_0_1_1_0_1_1_0_0_1_1_0_1_0_1_1_1_1_1_1_1_1_1_0_0_1_0,1,1.3333333333333335e-5,9.428090415820635e-6,0.2561576354679803,250.0
0_1_0_0_1_0_0_0_0_1_0_1_0_0_1_0_1_1_0_1_1_0_0_0_1_0_0_0_1_0_1_1_0_0_0_0_0_1_0_1_1_0_0_1_1_1_0_1_1_1_0_1,1,1.3333333333333335e-5,4.714045207910318e-6,0.27586206896551724,275.0
0_0_0_0_0_0_0_0_0_1_1_0_0_0_0_0_1_0_0_1_1_0_0_0_0_0_0_0_1_0_0_1_0_0_0_0_0_0_0_1_1_0_0_1_0_1_0_1_1_1_0_1,1,1.3333333333333335e-5,4.714045207910318e-6,0.27586206896551724,316.6666666666667
1_0_1_1_0_1_1_0_1_0_1_0_0_1_0_0_0_0_0_0_0_1_1_1_0_1_1_0_0_1_0_0_1_0_1_1_1_0_1_0_1_0_1_1_0_1_0_1_1_1_1_1,1,1.3333333333333335e-5,4.714045207910318e-6,0.28078817733990147,333.3333333333333
1_1_1_1_1_0_1_0_0_0_0_1_0_1_0_1_0_0_1_0_1_1_1_0_1_1_1_0_0_1_0_0_1_1_0_0_1_1_1_0_0_0_1_0_1_0_1_0_0_0_0_0,1,1.3333333333333335e-5,4.714045207910318e-6,0.3054187192118227,321.6666666666667
0_1_1_0_1_1_1_1_1_0_0_1_1_1_1_1_1_1_1_1_1_0_0_1_1_0_0_0_1_0_1_1_0_1_1_1_0_1_0_1_0_0_1_0_1_0_1_0_0_0_1_0,1,1.3333333333333335e-5,4.714045207910318e-6,0.27586206896551724,255.0
0_1_1_0_1_0_0_1_0_1_0_1_1_1_0_0_0_1_0_0_0_1_1_1_1_1_0_0_0_0_1_1_1_0_0_0_1_1_1_1_1_1_0_1_1_1_1_1_1_1_0_1,1,1.3333333333333335e-5,4.714045207910318e-6,0.27586206896551724,260.0
0_1_1_0_1_1_1_1_0_0_0_1_1_0_1_0_0_1_0_0_1_1_1_1_1_1_0_0_0_0_1_1_1_0_1_1_1_1_1_1_1_1_1_1_1_1_1_1_1_1_1_0,1,1.3333333333333335e-5,4.714045207910318e-6,0.2512315270935961,241.66666666666666
1_1_1_1_1_1_1_1_1_0_1_0_1_1_1_1_0_1_1_0_0_1_1_1_0_1_1_1_0_1_1_0_1_1_1_1_1_1_1_0_0_1_1_0_1_0_1_0_0_0_1_0,1,1.3333333333333335e-5,1.2472191289246474e-5,0.27586206896551724,238.33333333333331
1_0_0_1_0_0_0_0_1_1_1_0_0_1_0_0_1_0_1_1_0_1_1_0_1_1_1_1_0_1_0_0_1_1_0_0_1_0_1_0_0_0_0_0_0_0_0_0_1_1_0_1,1,1.3333333333333335e-5,1.2472191289246474e-5,0.270935960591133,280.0
0_1_0_0_1_1_1_1_0_0_0_1_1_0_1_1_1_1_0_1_1_0_0_1_0_0_0_1_1_0_1_1_0_0_1_1_0_1_0_1_1_0_1_1_1_1_1_1_0_0_1_0,1,1.3333333333333335e-5,1.2472191289246474e-5,0.26108374384236455,328.33333333333337
0_1_1_0_1_0_0_1_1_1_0_1_1_1_0_0_1_1_0_1_0_1_1_1_1_1_0_1_0_0_1_1_1_0_1_1_1_1_1_1_1_1_0_1_1_1_1_1_1_1_0_1,1,1.3333333333333335e-5,9.428090415820635e-6,0.270935960591133,320.0
0_1_0_0_1_0_0_0_0_1_0_1_0_0_1_0_1_1_0_1_1_0_0_0_1_0_0_0_1_0_1_1_0_0_0_0_0_1_0_1_1_0_0_1_1_1_1_1_1_1_0_1,1,1.3333333333333335e-5,9.428090415820635e-6,0.29064039408866993,295.0
1_0_0_1_0_0_0_0_0_1_1_0_0_0_1_0_1_1_0_1_1_1_1_0_0_1_1_0_0_1_1_0_1_0_0_0_1_0_1_0_1_0_0_1_0_1_0_1_1_1_0_1,1,1.3333333333333335e-5,9.428090415820635e-6,0.3054187192118227,277.5
0_0_0_0_0_1_0_1_1_1_1_0_1_0_1_0_1_1_0_1_0_0_0_1_0_0_0_1_1_0_1_1_0_0_1_1_0_0_0_1_1_0_0_1_0_1_0_1_1_1_1_1,1,1.3333333333333335e-5,1.2472191289246474e-5,0.30049261083743845,225.0
1_1_1_1_1_1_1_1_1_0_1_0_1_1_1_1_0_1_1_0_0_1_1_1_0_1_1_1_0_1_1_0_1_1_1_1_1_1_1_0_0_1_1_0_1_0_0_0_0_0_1_0,1,1.3333333333333335e-5,9.428090415820635e-6,0.29064039408866993,257.5
1_0_1_1_0_1_1_1_1_0_1_0_1_1_0_1_0_0_1_0_0_1_1_1_1_1_1_1_0_1_0_0_1_1_1_1_1_0_1_0_0_1_1_0_0_0_0_0_0_0_1_0,1,1.3333333333333335e-5,1.2472191289246472e-5,0.28078817733990147,250.0
1_1_1_1_1_1_1_1_1_0_0_1_1_1_0_1_0_0_1_0_0_1_1_1_1_1_1_1_0_1_0_0_1_1_1_1_1_1_1_0_0_1_1_0_1_0_1_0_0_0_1_0,1,1.3333333333333335e-5,1.2472191289246474e-5,0.30049261083743845,208.33333333333334
0_1_0_0_1_1_1_0_0_0_0_1_1_1_1_1_1_1_0_1_1_0_0_1_1_0_0_0_1_0_1_1_0_0_1_1_0_1_0_1_1_0_1_1_0_1_0_1_0_0_1_0,1,1.3333333333333335e-5,1.2472191289246474e-5,0.26108374384236455,211.66666666666666
0_1_1_0_1_1_1_1_1_0_1_1_1_0_1_1_0_1_1_0_1_0_0_1_1_0_0_0_1_0_1_1_0_1_1_1_0_1_0_1_0_1_1_0_0_0_1_0_0_0_1_0,1,1.3333333333333335e-5,1.2472191289246472e-5,0.270935960591133,350.0
0_0_1_0_0_0_0_0_0_1_1_0_0_1_0_1_0_0_0_0_0_1_1_0_1_1_0_0_0_0_0_1_1_0_0_0_1_0_1_1_1_1_0_1_0_1_0_1_0_0_0_1,1,1.3333333333333335e-5,9.428090415820635e-6,0.2660098522167488,230.0
1_1_1_1_1_1_1_1_1_0_0_1_1_1_0_0_1_1_0_1_0_1_1_1_0_1_1_0_0_1_1_0_1_0_1_1_1_1_1_0_1_0_1_1_1_1_1_1_1_1_1_1,1,1.3333333333333335e-5,9.428090415820635e-6,0.31527093596059114,437.5
0_0_1_0_0_0_0_1_1_1_1_0_0_0_0_0_0_0_1_0_0_0_0_0_1_0_0_1_1_0_0_1_0_1_0_0_0_0_0_1_0_1_0_0_0_0_1_0_1_1_0_1,1,1.3333333333333335e-5,1.2472191289246472e-5,0.2561576354679803,256.66666666666663
0_1_1_0_1_0_0_0_0_1_1_0_1_1_0_0_0_1_0_0_0_1_1_1_1_1_0_1_0_0_1_1_1_0_1_1_1_1_1_1_1_1_0_1_0_1_0_1_1_1_1_1,1,1.3333333333333335e-5,9.428090415820635e-6,0.270935960591133,257.5
0_1_1_0_1_1_1_0_1_0_1_0_1_1_1_1_0_1_1_0_0_0_0_1_1_0_0_1_1_0_1_1_0_1_1_1_0_1_0_1_0_1_1_0_0_0_0_0_0_0_1_0,1,1.3333333333333335e-5,9.428090415820635e-6,0.2857142857142857,240.0
0_1_1_0_1_1_1_1_1_0_0_1_1_1_0_1_1_0_1_1_0_0_0_1_1_0_0_0_1_0_0_1_0_1_1_1_0_1_0_1_0_0_1_0_1_0_1_0_0_0_1_0,1,1.3333333333333335e-5,1.2472191289246472e-5,0.31527093596059114,268.33333333333337
1_1_0_1_1_1_1_1_1_0_0_1_1_0_1_1_1_1_1_1_1_1_1_1_0_1_1_1_0_1_1_0_1_1_1_1_1_1_1_0_0_1_1_0_1_0_1_0_0_0_1_0,1,1.3333333333333335e-5,9.428090415820635e-6,0.30049261083743845,122.5
1_1_0_1_1_0_0_0_0_1_0_1_1_0_1_0_1_1_1_1_1_1_1_0_0_1_1_1_0_1_1_0_1_1_0_0_1_1_1_0_0_0_0_0_1_0_1_0_1_1_0_0,1,1.3333333333333335e-5,1.2472191289246472e-5,0.28078817733990147,185.0
1_0_0_1_0_0_0_0_0_1_0_1_0_0_1_1_1_0_1_1_1_0_0_0_0_0_1_1_1_1_0_0_0_1_0_0_0_0_0_0_0_0_0_0_0_0_1_0_0_0_0_0,1,1.3333333333333335e-5,1.2472191289246472e-5,0.2315270935960591,233.33333333333331
0_1_1_0_1_1_1_1_1_0_0_1_1_0_1_1_0_1_0_0_1_0_0_1_1_0_0_1_1_0_1_1_0_0_1_1_0_1_0_1_1_1_1_1_1_1_1_1_0_0_1_0,1,1.0e-5,8.164965809277262e-6,0.29064039408866993,347.5
1_0_1_1_0_1_1_1_1_0_1_1_1_0_0_1_0_0_1_0_0_1_1_1_0_1_1_1_0_1_0_0_1_1_1_1_1_0_1_0_0_1_1_0_0_0_1_0_0_0_1_0,1,1.0e-5,0.0,0.2955665024630542,180.0
1_1_1_1_1_1_1_1_0_0_0_1_1_0_1_1_0_1_0_0_1_1_1_1_0_1_1_0_0_1_1_0_1_0_1_1_1_1_1_0_1_1_1_1_1_1_1_1_0_0_1_0,1,1.0e-5,8.164965809277262e-6,0.27586206896551724,325.0
0_1_1_0_1_1_1_1_1_0_1_0_1_1_1_0_0_1_0_0_0_0_0_1_0_0_0_1_1_0_1_1_0_0_1_1_0_1_0_1_1_1_1_1_0_1_0_1_1_0_1_1,1,1.0e-5,0.0,0.30049261083743845,130.0
0_0_0_0_0_0_0_0_0_1_0_0_0_0_1_1_1_0_1_1_1_0_0_0_1_0_0_1_1_0_0_1_0_1_0_0_0_0_0_1_0_0_0_0_1_0_0_0_0_1_0_0,1,1.0e-5,0.0,0.2561576354679803,356.6666666666667
0_0_0_0_0_0_0_0_0_1_1_0_0_1_0_1_1_0_0_1_0_1_1_0_1_1_0_0_0_0_0_1_1_0_0_0_1_0_1_1_1_0_0_1_0_1_0_1_0_0_0_1,1,1.0e-5,0.0,0.28078817733990147,340.0
0_0_0_0_0_0_0_0_0_1_0_1_0_0_1_0_1_1_0_1_1_0_0_0_0_0_0_0_1_0_1_1_0_0_0_0_0_0_0_1_1_0_0_1_0_1_0_1_1_1_0_1,1,1.0e-5,8.164965809277262e-6,0.30049261083743845,235.0
1_0_0_1_0_0_0_1_0_1_0_1_0_0_0_0_1_0_0_1_1_1_1_0_0_1_1_1_0_1_0_0_1_0_0_0_1_0_1_0_1_1_0_1_1_1_1_1_1_1_0_1,1,1.0e-5,1.4142135623730951e-5,0.2955665024630542,223.33333333333334
0_1_1_0_1_1_1_1_1_0_1_0_1_1_0_0_0_1_0_0_0_1_1_1_1_1_0_0_0_0_1_1_1_0_1_1_1_1_1_1_1_0_1_1_1_1_0_1_1_1_1_1,1,1.0e-5,8.164965809277262e-6,0.24630541871921183,205.0
1_1_0_1_1_1_1_1_1_0_0_1_1_0_1_0_1_1_1_1_1_0_0_1_0_0_1_0_1_1_1_0_0_1_1_1_0_1_0_0_0_0_1_0_1_0_1_0_1_1_1_0,1,1.0e-5,8.164965809277262e-6,0.26108374384236455,287.5
0_0_0_0_0_0_0_0_0_1_1_0_0_0_1_0_0_1_0_0_1_0_0_0_1_0_0_1_1_0_1_1_0_0_0_0_0_0_0_1_1_1_0_1_0_1_0_1_1_1_0_1,1,1.0e-5,8.164965809277262e-6,0.32019704433497537,220.0
1_0_1_1_0_1_1_0_0_0_0_1_0_0_1_1_0_0_1_0_1_0_0_0_0_0_1_0_1_1_0_0_0_1_0_0_0_0_0_0_0_1_1_0_1_0_1_0_0_0_0_0,1,1.0e-5,8.164965809277262e-6,0.26108374384236455,382.5
1_1_1_1_1_1_1_0_1_0_1_0_1_1_0_1_0_0_1_0_0_0_0_1_0_0_1_0_1_1_0_0_0_1_1_1_0_1_0_0_0_1_1_0_1_0_0_0_0_0_1_0,1,1.0e-5,8.164965809277262e-6,0.26108374384236455,230.0
1_0_1_1_0_0_0_0_1_1_1_0_0_0_1_1_0_0_1_0_1_0_0_0_0_0_1_1_1_1_0_0_0_1_0_0_0_0_0_0_0_1_0_0_1_0_1_0_0_0_0_0,1,1.0e-5,8.164965809277262e-6,0.26108374384236455,332.5
1_1_1_1_1_1_1_1_1_0_0_1_1_1_0_1_0_0_1_0_0_1_1_1_0_1_1_1_0_1_0_0_1_1_1_1_1_1_1_0_0_1_1_0_1_0_1_0_0_0_1_0,1,1.0e-5,8.164965809277262e-6,0.3103448275862069,270.0
0_0_0_0_0_0_0_1_1_1_0_1_0_0_0_0_1_0_0_1_1_0_0_0_0_0_0_0_1_0_0_1_0_0_0_0_0_0_0_1_1_0_0_1_1_1_1_1_1_1_0_1,1,1.0e-5,1.4142135623730951e-5,0.2857142857142857,190.0
0_1_0_0_1_0_0_0_0_1_0_0_0_1_1_0_1_1_0_1_1_0_0_0_0_0_0_0_1_0_1_1_0_0_0_0_0_1_0_1_1_0_0_1_1_1_0_1_1_1_0_1,1,1.0e-5,0.0,0.2857142857142857,315.0
1_1_0_1_1_0_0_0_0_1_0_1_1_0_1_0_1_1_0_1_1_1_1_0_0_1_1_0_0_1_1_0_1_0_0_0_1_1_1_0_1_0_0_1_1_1_0_1_1_1_0_0,1,1.0e-5,8.164965809277262e-6,0.2561576354679803,237.5
1_1_1_1_1_1_1_1_1_0_0_1_1_1_1_1_0_1_1_0_0_1_1_1_0_1_1_1_0_1_1_0_1_1_1_1_1_1_1_0_0_1_1_0_1_0_1_0_0_0_1_0,1,1.0e-5,8.164965809277262e-6,0.2857142857142857,287.5
1_1_0_1_1_0_0_0_0_1_0_1_1_0_1_0_1_1_1_1_1_1_1_0_1_1_1_0_0_1_1_0_1_1_0_0_1_1_1_0_0_0_0_0_1_0_0_0_1_1_0_0,1,1.0e-5,0.0,0.26108374384236455,175.0
0_1_1_0_1_1_1_1_1_0_1_0_1_1_1_1_0_1_0_0_0_0_0_1_1_0_0_1_1_0_1_1_0_0_1_1_0_1_0_1_1_1_1_1_1_1_0_1_0_0_1_0,1,1.0e-5,8.164965809277262e-6,0.270935960591133,210.0
0_1_1_0_1_1_1_1_1_0_0_1_1_0_1_1_0_1_0_0_1_0_0_1_0_0_0_1_1_0_1_1_0_0_1_1_0_1_0_1_1_1_1_1_1_1_1_1_0_0_1_0,1,1.0e-5,0.0,0.28078817733990147,226.66666666666666
0_1_1_0_1_1_1_1_1_0_1_0_1_1_0_0_0_1_0_0_0_0_0_1_0_0_0_1_1_0_1_1_0_0_1_1_0_1_0_1_1_1_1_1_0_1_1_1_1_1_1_1,1,1.0e-5,0.0,0.270935960591133,200.0
0_1_0_0_1_0_0_1_0_1_0_1_1_0_1_0_1_1_0_1_1_0_0_0_0_0_0_1_1_0_1_1_0_0_0_0_0_1_0_1_1_0_0_1_1_1_1_1_1_1_0_0,1,1.0e-5,8.164965809277262e-6,0.270935960591133,187.5
0_0_0_0_0_1_0_1_1_1_1_0_1_0_1_0_1_1_0_1_0_0_0_1_1_0_0_1_1_0_1_1_0_0_1_1_0_0_0_1_1_1_0_1_0_1_0_1_1_1_1_1,1,1.0e-5,8.164965809277262e-6,0.31527093596059114,247.5
1_1_1_1_1_1_1_1_1_0_0_1_1_0_1_1_0_1_1_0_1_1_1_1_1_1_1_1_0_1_1_0_1_1_1_1_1_1_1_0_0_1_1_0_1_0_1_0_0_0_1_0,1,1.0e-5,8.164965809277262e-6,0.30049261083743845,242.5
1_0_1_1_0_1_1_1_1_0_1_0_1_1_1_1_0_0_1_0_0_1_1_1_0_1_1_0_0_1_0_0_1_1_1_1_1_0_1_0_0_1_1_0_0_0_1_0_0_0_1_0,1,1.0e-5,8.164965809277262e-6,0.26108374384236455,280.0
1_0_1_1_0_1_1_1_1_0_1_0_1_1_0_1_0_0_1_0_0_1_1_1_1_1_1_0_0_1_0_0_1_1_1_1_1_0_1_0_0_0_1_0_0_0_0_0_0_0_1_0,1,1.0e-5,8.164965809277262e-6,0.29064039408866993,252.5
0_0_1_0_0_1_1_1_1_0_1_0_1_1_0_1_0_0_1_0_0_0_0_1_1_0_0_1_1_0_0_1_0_1_1_1_0_0_0_1_0_1_1_0_0_0_0_0_0_0_1_0,1,1.0e-5,8.164965809277262e-6,0.2857142857142857,227.5
1_0_0_1_0_0_0_0_0_1_0_1_0_0_0_0_1_0_0_1_1_1_1_0_0_1_1_1_0_1_0_0_1_0_0_0_1_0_1_0_1_0_0_1_1_1_1_1_1_1_0_1,1,1.0e-5,8.164965809277262e-6,0.270935960591133,350.0
1_0_0_1_0_0_0_0_0_1_0_1_0_0_0_1_1_0_1_1_1_1_1_0_1_1_1_0_0_1_0_0_1_1_0_0_1_0_1_0_0_0_0_0_1_0_0_0_0_1_0_0,1,1.0e-5,8.164965809277262e-6,0.2857142857142857,287.5
1_1_0_1_1_0_1_0_0_0_0_1_1_1_1_1_1_1_1_1_1_1_1_1_1_1_1_1_0_1_1_0_1_1_1_1_1_1_1_0_0_0_1_0_0_0_0_0_0_0_1_0,1,1.0e-5,8.164965809277262e-6,0.28078817733990147,255.0
1_0_0_1_0_1_0_0_0_1_1_0_0_0_1_1_1_0_1_1_1_1_1_0_0_1_1_0_0_1_0_0_1_1_0_0_1_0_1_0_0_0_0_0_0_0_0_0_0_0_1_0,1,1.0e-5,1.4142135623730951e-5,0.2955665024630542,346.6666666666667
0_0_1_0_0_0_0_0_1_1_1_0_0_1_0_1_0_0_0_0_0_1_1_0_1_1_0_0_0_0_0_1_1_0_0_0_1_0_1_1_1_1_0_1_0_1_1_1_0_0_0_1,1,1.0e-5,0.0,0.2561576354679803,333.3333333333333
0_1_0_0_1_0_1_1_0_0_0_1_1_1_1_1_1_1_0_1_1_0_0_1_0_0_0_1_1_0_1_1_0_0_1_1_0_1_0_1_1_0_1_1_1_1_0_1_0_0_1_0,1,1.0e-5,8.164965809277262e-6,0.26108374384236455,237.5
0_0_0_0_0_0_0_1_0_1_0_1_0_0_0_0_1_0_0_1_1_0_0_0_0_0_0_0_1_0_0_1_0_0_0_0_0_0_0_1_1_0_0_1_0_1_1_1_1_1_0_1,1,1.0e-5,8.164965809277262e-6,0.29064039408866993,222.5
1_1_1_1_1_1_1_0_0_0_1_0_1_1_1_1_0_1_0_0_0_1_1_1_0_1_1_1_0_1_1_0_1_0_1_1_1_1_1_0_1_1_1_1_0_1_0_1_0_0_1_0,1,1.0e-5,8.164965809277262e-6,0.270935960591133,182.5
1_1_1_1_1_0_1_1_1_0_0_1_1_1_0_0_0_1_0_0_0_1_1_1_0_1_1_1_0_1_1_0_1_0_1_1_1_1_1_0_1_1_1_1_1_1_1_1_1_1_0_1,1,1.0e-5,0.0,0.29064039408866993,313.3333333333333
0_0_1_0_0_1_1_0_1_0_1_0_0_1_0_1_0_0_1_0_0_0_0_1_1_0_0_0_1_0_0_1_0_1_1_1_0_0_0_1_0_1_1_0_0_0_0_0_0_0_1_1,1,1.0e-5,8.164965809277262e-6,0.27586206896551724,247.5
1_0_0_1_0_0_0_1_1_1_0_1_0_0_0_0_1_0_1_1_1_1_1_0_0_1_1_0_0_1_0_0_1_1_0_0_1_0_1_0_0_0_0_0_1_0_1_0_1_1_0_1,1,1.0e-5,1.4142135623730951e-5,0.27586206896551724,266.6666666666667
0_1_1_0_1_1_1_1_1_0_0_1_1_1_1_1_0_1_1_0_0_0_0_1_1_0_0_0_1_0_1_1_0_1_1_1_0_1_0_1_0_1_1_0_1_0_1_0_0_0_1_0,1,1.0e-5,0.0,0.27586206896551724,296.6666666666667
1_0_1_1_0_0_0_0_1_1_1_0_0_0_1_1_0_0_1_0_0_0_0_0_0_0_1_1_1_1_0_0_0_1_0_0_0_0_0_0_0_1_0_0_0_0_1_0_0_0_0_0,1,1.0e-5,8.164965809277262e-6,0.2561576354679803,230.0
1_0_0_1_0_1_0_0_0_1_1_0_0_0_0_0_1_0_0_1_1_1_1_0_0_1_1_0_0_1_0_0_1_0_0_0_1_0_1_0_1_0_0_1_0_1_0_1_1_1_1_1,1,1.0e-5,8.164965809277262e-6,0.2660098522167488,242.5
1_0_0_1_0_0_0_0_0_1_0_1_0_0_0_0_1_0_1_1_1_1_1_0_1_1_1_1_0_1_0_0_1_1_0_0_1_0_1_0_0_0_0_0_0_0_1_0_1_1_0_1,1,1.0e-5,8.164965809277262e-6,0.2561576354679803,285.0
1_1_1_1_1_1_1_1_1_0_0_1_1_0_1_1_0_1_0_0_1_1_1_1_0_1_1_1_0_1_1_0_1_0_1_1_1_1_1_0_1_1_1_1_1_1_1_1_0_0_1_0,1,1.0e-5,8.164965809277262e-6,0.2857142857142857,282.5
1_0_1_1_0_1_1_1_1_0_1_1_1_0_1_1_0_0_1_0_0_1_1_1_1_1_1_0_0_1_0_0_1_1_1_1_1_0_1_0_0_1_1_0_0_0_1_0_0_0_1_0,1,1.0e-5,1.4142135623730951e-5,0.270935960591133,263.3333333333333
1_0_0_1_0_0_0_0_0_1_0_1_0_0_0_0_1_0_1_1_1_1_1_0_0_1_1_0_0_1_0_0_1_1_0_0_1_0_1_0_0_0_0_0_0_0_0_0_1_1_0_1,1,1.0e-5,0.0,0.2561576354679803,253.33333333333334
1_0_0_1_1_1_0_0_0_1_0_0_0_0_0_0_1_0_1_1_1_0_0_0_0_0_1_0_1_1_0_0_0_1_0_0_0_0_0_0_0_0_0_0_1_0_0_0_1_1_0_1,0,1.0e-5,0.0,0.10837438423645321,1001.0
0_1_0_0_1_0_0_1_0_1_0_1_0_0_1_0_1_1_0_1_1_0_0_0_1_0_0_0_1_0_1_1_0_0_0_0_0_1_0_1_1_0_0_1_1_1_1_1_1_1_0_1,1,1.0e-5,8.164965809277262e-6,0.30049261083743845,390.0
0_0_0_0_0_0_0_1_0_1_0_1_0_0_1_0_1_1_0_1_1_0_0_0_1_0_0_0_1_0_1_1_0_0_0_0_0_0_0_1_1_0_0_1_1_1_1_1_1_1_0_1,1,1.0e-5,0.0,0.3251231527093596,223.33333333333334
1_1_0_1_1_1_1_1_0_0_0_1_1_1_1_1_1_1_1_1_1_1_1_1_0_1_1_0_0_1_1_0_1_1_1_1_1_1_1_0_0_0_1_0_1_0_0_0_0_0_1_0,1,1.0e-5,0.0,0.28078817733990147,283.3333333333333
0_0_1_0_0_0_0_1_1_1_1_0_0_0_0_0_0_0_0_0_0_0_0_0_0_0_0_1_1_0_0_1_0_0_0_0_0_0_0_1_1_1_0_1_1_1_1_1_1_1_0_1,1,1.0e-5,8.164965809277262e-6,0.270935960591133,330.0
1_1_1_1_1_1_1_1_1_0_0_1_1_0_1_1_0_1_1_0_1_1_1_1_0_1_1_1_0_1_1_0_1_1_1_1_1_1_1_0_0_1_1_0_1_0_1_0_0_0_1_0,1,1.0e-5,0.0,0.3103448275862069,216.66666666666666
1_1_1_1_1_1_1_1_1_0_1_0_1_1_1_1_0_1_1_0_0_1_1_1_1_1_1_0_0_1_1_0_1_1_1_1_1_1_1_0_0_1_1_0_1_0_1_0_0_0_1_0,1,1.0e-5,0.0,0.26108374384236455,223.33333333333334
1_0_0_1_0_1_0_0_0_1_0_0_0_0_0_0_0_0_1_0_0_0_0_0_0_0_1_1_1_1_0_0_0_1_0_0_0_0_0_0_0_0_0_0_1_0_0_0_1_1_0_1,0,1.0e-5,1.4142135623730951e-5,0.14285714285714285,1001.0
0_1_0_0_1_0_0_1_0_1_0_1_0_0_0_0_1_1_0_1_1_0_0_0_1_0_0_0_1_0_1_1_0_0_0_0_0_1_0_1_1_0_0_1_1_1_1_1_1_1_0_1,1,1.0e-5,8.164965809277262e-6,0.29064039408866993,227.5
0_1_0_0_1_1_1_1_0_0_0_1_1_0_1_0_1_1_0_1_1_0_0_1_1_0_0_0_1_0_1_1_0_0_1_1_0_1_0_1_1_0_1_1_1_1_1_1_1_1_1_0,1,1.0e-5,0.0,0.3054187192118227,193.33333333333334
0_0_0_0_0_1_0_0_0_1_1_0_0_0_0_0_1_0_0_1_0_1_1_0_1_1_0_1_0_0_0_1_1_0_0_0_1_0_1_1_1_1_0_1_0_1_0_1_1_1_1_1,0,1.0e-5,8.164965809277262e-6,0.19704433497536947,1001.0
0_0_0_0_0_0_0_0_0_1_1_0_0_1_0_0_1_0_1_1_0_0_0_0_1_0_0_1_1_0_0_1_0_1_0_0_0_0_0_1_0_0_0_0_0_0_0_0_1_1_0_1,1,1.0e-5,8.164965809277262e-6,0.28078817733990147,290.0
1_0_1_1_0_0_0_0_1_1_1_0_0_1_0_0_0_0_1_0_0_1_1_0_0_1_1_0_0_1_0_0_1_1_0_0_1_0_1_0_0_1_0_0_0_0_1_0_1_1_0_1,1,1.0e-5,8.164965809277262e-6,0.2660098522167488,290.0
0_1_1_0_1_1_1_0_1_0_1_0_1_1_1_0_0_1_0_0_0_1_1_1_1_1_0_0_0_0_1_1_1_0_1_1_1_1_1_1_1_0_1_1_1_1_0_1_1_0_1_1,1,1.0e-5,8.164965809277262e-6,0.270935960591133,195.0
0_0_0_0_0_0_0_0_0_1_0_0_0_1_1_0_1_1_0_1_1_0_0_0_0_0_0_0_1_0_1_1_0_0_0_0_0_0_0_1_1_0_0_1_1_1_0_1_1_1_0_1,1,1.0e-5,0.0,0.30049261083743845,386.6666666666667
0_1_1_0_1_1_1_1_1_0_1_0_1_1_1_0_0_1_0_0_0_0_0_1_0_0_0_1_1_0_1_1_0_0_1_1_0_1_0_1_1_1_1_1_1_1_1_1_1_0_1_1,1,1.0e-5,8.164965809277262e-6,0.2955665024630542,162.5
1_1_0_1_1_0_0_0_0_1_0_1_0_0_0_0_1_1_0_1_1_1_1_0_0_1_1_0_0_1_1_0_1_0_0_0_1_1_1_0_1_0_0_1_1_1_0_1_1_1_0_1,1,1.0e-5,8.164965809277262e-6,0.26108374384236455,252.5
0_1_1_0_1_1_1_1_0_0_0_1_1_0_1_0_0_1_0_0_1_1_1_1_1_1_0_1_0_0_1_1_1_0_1_1_1_1_1_1_1_1_1_1_1_1_1_1_1_1_1_0,1,1.0e-5,0.0,0.2561576354679803,323.3333333333333
0_0_1_0_0_0_0_0_1_1_1_0_0_1_0_0_0_0_1_0_0_0_0_0_1_0_0_0_1_0_0_1_0_1_0_0_0_0_0_1_0_1_0_0_0_0_0_0_1_1_0_1,1,1.0e-5,8.164965809277262e-6,0.2660098522167488,297.5
1_1_0_1_1_0_0_0_0_1_0_1_1_0_1_0_1_1_1_1_1_1_1_0_1_1_1_1_0_1_1_0_1_1_0_0_1_1_1_0_0_0_0_0_1_0_0_0_1_1_0_0,1,1.0e-5,8.164965809277262e-6,0.2561576354679803,225.0
0_1_1_0_1_1_1_0_1_0_1_0_1_1_1_1_0_1_1_0_0_0_0_1_1_0_0_0_1_0_1_1_0_1_1_1_0_1_0_1_0_1_1_0_0_0_0_0_0_0_1_0,1,1.0e-5,0.0,0.28078817733990147,170.0
0_1_0_0_1_0_0_0_0_1_0_0_0_1_0_0_0_1_0_0_0_0_0_0_0_0_0_1_1_0_1_1_0_0_0_0_0_1_0_1_1_1_0_1_1_1_0_1_1_1_0_1,1,1.0e-5,0.0,0.28078817733990147,163.33333333333334
1_0_0_1_0_1_0_0_0_1_0_0_0_0_0_0_1_0_1_1_0_0_0_0_0_0_1_0_1_1_0_0_0_1_0_0_0_0_0_0_0_0_0_0_1_0_0_0_1_1_0_1,0,1.0e-5,8.164965809277262e-6,0.12807881773399016,1001.0
0_1_0_0_1_0_0_0_0_1_0_1_0_0_1_0_1_1_0_1_1_0_0_0_1_0_0_1_1_0_1_1_0_0_0_0_0_1_0_1_1_1_0_1_1_1_1_1_1_1_0_1,1,1.0e-5,0.0,0.30049261083743845,306.6666666666667
1_0_0_1_0_0_0_1_0_1_0_1_0_0_0_0_1_0_1_1_1_1_1_0_1_1_1_1_0_1_0_0_1_1_0_0_1_0_1_0_0_0_0_0_0_0_1_0_1_1_0_1,1,1.0e-5,8.164965809277262e-6,0.2660098522167488,112.5
1_1_0_1_1_1_1_1_1_0_0_1_1_1_0_1_1_0_1_1_1_0_0_1_0_0_1_0_1_1_0_0_0_1_1_1_0_1_0_0_0_0_1_0_1_0_0_0_0_0_1_0,1,1.0e-5,8.164965809277262e-6,0.2512315270935961,200.0
0_1_1_0_1_0_0_0_0_1_1_0_1_1_1_0_0_1_0_0_0_1_1_1_1_1_0_1_0_0_1_1_1_0_1_1_1_1_1_1_1_1_0_1_0_1_0_1_1_0_1_1,1,1.0e-5,8.164965809277262e-6,0.2857142857142857,252.5
1_1_0_1_1_1_1_1_0_0_0_1_1_0_1_1_1_1_0_1_1_1_1_1_0_1_1_0_0_1_1_0_1_0_1_1_1_1_1_0_1_0_1_1_1_1_0_1_0_0_1_0,1,1.0e-5,8.164965809277262e-6,0.2561576354679803,427.5
1_0_0_1_0_1_0_0_0_1_1_0_0_0_0_0_0_0_1_0_0_0_0_0_0_0_1_1_1_1_0_0_0_1_0_0_0_0_0_0_0_1_0_0_1_0_0_0_1_1_1_1,0,1.0e-5,0.0,0.17733990147783252,1001.0
1_1_1_1_1_1_1_1_1_0_0_1_1_0_1_1_0_1_1_0_1_1_1_1_1_1_1_0_0_1_1_0_1_1_1_1_1_1_1_0_0_1_1_0_1_0_1_0_0_0_1_0,1,1.0e-5,8.164965809277262e-6,0.2955665024630542,390.0
0_1_0_0_1_1_1_1_1_0_1_1_1_0_0_0_1_1_0_1_1_1_1_1_1_1_0_0_0_0_1_1_1_0_1_1_1_1_1_1_1_0_1_1_0_1_0_1_1_1_1_1,1,1.0e-5,8.164965809277262e-6,0.26108374384236455,232.5
1_1_1_1_1_1_1_0_0_0_1_0_1_1_1_1_0_1_1_0_0_1_1_1_1_1_1_0_0_1_1_0_1_1_1_1_1_1_1_0_0_0_1_0_0_0_0_0_0_0_1_0,1,1.0e-5,0.0,0.2955665024630542,256.6666666666667
0_1_0_0_1_0_0_1_0_1_0_1_0_0_0_0_1_1_0_1_1_0_0_0_0_0_0_1_1_0_1_1_0_0_0_0_0_1_0_1_1_0_0_1_1_1_1_1_1_1_0_1,1,1.0e-5,8.164965809277262e-6,0.27586206896551724,247.5
0_1_0_0_1_1_1_1_0_0_0_1_1_1_0_0_1_1_0_1_1_1_1_1_1_1_0_0_0_0_1_1_1_0_1_1_1_1_1_1_1_0_1_1_1_1_0_1_1_1_1_1,1,1.0e-5,8.164965809277262e-6,0.2561576354679803,267.5
0_0_0_0_0_0_0_0_1_1_1_0_0_1_0_0_1_0_0_1_0_0_0_0_0_0_0_1_1_0_0_1_0_0_0_0_0_0_0_1_1_0_0_1_0_1_0_1_1_1_0_1,1,1.0e-5,0.0,0.29064039408866993,266.6666666666667
1_1_0_1_1_0_0_1_0_1_0_1_1_0_1_0_1_1_1_1_1_1_1_0_1_1_1_0_0_1_1_0_1_1_0_0_1_1_1_0_0_0_0_0_1_0_1_0_1_1_0_0,1,1.0e-5,0.0,0.2857142857142857,296.6666666666667
0_1_0_0_1_0_0_0_0_1_0_1_1_0_1_0_1_1_0_1_1_0_0_0_1_0_0_0_1_0_1_1_0_0_0_0_0_1_0_1_1_0_0_1_1_1_1_1_1_1_0_0,1,1.0e-5,8.164965809277262e-6,0.27586206896551724,227.5
1_1_0_1_1_1_1_1_0_0_0_1_1_0_1_1_1_1_1_1_1_1_1_1_1_1_1_0_0_1_1_0_1_1_1_1_1_1_1_0_0_0_1_0_1_0_0_0_0_0_1_0,1,1.0e-5,8.164965809277262e-6,0.270935960591133,280.0
1_1_0_1_1_0_0_1_0_1_0_1_0_0_1_0_1_1_0_1_1_1_1_0_0_1_1_1_0_1_1_0_1_0_0_0_1_1_1_0_1_1_0_1_1_1_1_1_1_1_0_1,1,1.0e-5,8.164965809277262e-6,0.3054187192118227,290.0
0_1_0_0_1_0_0_0_0_1_0_1_0_0_1_0_1_1_0_1_1_0_0_0_1_0_0_1_1_0_1_1_0_0_0_0_0_1_0_1_1_0_0_1_1_1_0_1_1_1_0_1,1,1.0e-5,8.164965809277262e-6,0.270935960591133,252.5
0_1_1_0_1_1_1_0_1_0_1_0_1_1_0_1_0_0_1_0_0_0_0_1_1_0_0_0_1_0_0_1_0_1_1_1_0_1_0_1_0_0_1_0_0_0_0_0_0_0_1_0,1,1.0e-5,8.164965809277262e-6,0.33004926108374383,277.5
1_1_0_1_1_1_1_1_1_0_0_1_1_0_1_1_1_1_1_1_1_1_1_1_1_1_1_1_0_1_1_0_1_1_1_1_1_1_1_0_0_0_1_0_1_0_1_0_0_0_1_0,1,1.0e-5,8.164965809277262e-6,0.2857142857142857,207.5
1_0_0_1_0_0_0_1_1_1_0_1_0_0_0_0_1_0_1_1_1_1_1_0_1_1_1_1_0_1_0_0_1_1_0_0_1_0_1_0_0_1_0_0_1_0_1_0_1_1_0_1,1,1.0e-5,1.4142135623730951e-5,0.27586206896551724,203.33333333333334
1_0_0_1_0_1_1_0_0_0_0_1_0_0_0_1_1_0_1_1_1_0_0_0_0_0_1_0_1_1_0_0_0_1_1_1_0_0_0_0_0_0_1_0_0_0_1_0_0_1_1_0,1,1.0e-5,8.164965809277262e-6,0.2857142857142857,187.5
1_1_0_1_1_1_1_1_1_0_0_1_1_0_1_1_1_1_0_1_1_1_1_1_0_1_1_1_0_1_1_0_1_0_1_1_1_1_1_0_1_0_1_1_1_1_1_1_0_0_1_0,1,1.0e-5,0.0,0.270935960591133,203.33333333333334
1_0_1_1_0_1_1_1_1_0_1_1_1_0_1_1_1_0_1_1_1_1_1_1_1_1_1_0_0_1_0_0_1_1_1_1_1_0_1_0_0_0_1_0_0_0_1_0_0_0_1_0,1,1.0e-5,8.164965809277262e-6,0.28078817733990147,217.5
1_0_1_1_0_1_1_1_1_0_1_0_1_1_1_1_0_0_1_0_0_1_1_1_0_1_1_0_0_1_0_0_1_1_1_1_1_0_1_0_0_1_1_0_0_0_0_0_0_0_1_0,1,1.0e-5,8.164965809277262e-6,0.27586206896551724,190.0
0_1_1_0_1_0_1_1_1_0_1_1_1_1_1_1_1_1_0_1_1_1_1_1_1_1_0_0_0_0_1_1_1_0_1_1_1_1_1_1_1_0_1_1_0_1_1_1_0_0_1_0,0,1.0e-5,0.0,0.1477832512315271,1001.0
0_1_0_0_1_0_0_0_0_1_0_1_0_0_1_0_1_1_0_1_1_0_0_0_1_0_0_1_1_0_1_1_0_0_0_0_0_1_0_1_1_0_0_1_1_1_1_1_1_1_0_1,1,1.0e-5,0.0,0.2857142857142857,270.0
1_0_0_1_0_0_0_1_1_1_0_1_0_0_0_0_1_0_1_1_1_1_1_0_1_1_1_0_0_1_0_0_1_1_0_0_1_0_1_0_0_0_0_0_1_0_1_0_1_1_0_1,1,1.0e-5,8.164965809277262e-6,0.2660098522167488,225.0
1_1_1_1_1_1_1_1_1_0_1_1_1_0_1_1_0_1_1_0_0_1_1_1_1_1_1_1_0_1_1_0_1_1_1_1_1_1_1_0_0_1_1_0_0_0_1_0_0_0_1_0,1,1.0e-5,0.0,0.27586206896551724,333.3333333333333
0_0_0_0_0_0_0_1_0_1_0_1_0_0_1_0_1_1_0_1_1_1_1_0_1_1_0_1_0_0_1_1_1_0_0_0_1_0_1_1_1_0_0_1_0_1_1_1_1_1_0_1,1,1.0e-5,8.164965809277262e-6,0.26108374384236455,197.5
0_0_0_0_0_0_0_0_0_1_1_0_0_0_0_0_1_0_0_1_1_0_0_0_1_0_0_0_1_0_0_1_0_0_0_0_0_0_0_1_1_0_0_1_0_1_0_1_1_1_0_1,1,1.0e-5,0.0,0.2857142857142857,210.0
0_0_0_0_0_0_0_0_0_1_1_0_0_0_1_1_0_0_1_0_1_0_0_0_1_0_0_1_1_0_0_1_0_1_0_0_0_0_0_1_0_1_0_0_0_0_0_0_0_0_0_0,1,1.0e-5,1.4142135623730951e-5,0.31527093596059114,430.0
0_0_0_0_0_0_0_1_1_1_0_1_0_0_0_0_1_0_0_1_1_0_0_0_0_0_0_1_1_0_0_1_0_0_0_0_0_0_0_1_1_0_0_1_1_1_1_1_1_1_0_1,1,1.0e-5,1.4142135623730951e-5,0.28078817733990147,313.3333333333333
1_0_1_1_0_1_1_0_1_0_1_0_1_1_0_1_0_0_1_0_0_1_1_1_0_1_1_0_0_1_0_0_1_1_1_1_1_0_1_0_0_1_1_0_0_0_0_0_0_0_1_0,1,1.0e-5,8.164965809277262e-6,0.2955665024630542,162.5
0_1_0_0_1_1_1_1_0_0_0_1_1_0_1_1_1_1_0_1_1_0_0_1_0_0_0_1_1_0_1_1_0_0_1_1_0_1_0_1_1_0_1_1_1_1_0_1_0_0_1_0,1,1.0e-5,1.4142135623730951e-5,0.2561576354679803,236.66666666666666
0_1_1_0_1_1_1_1_1_0_0_1_1_1_0_0_0_1_0_0_0_0_0_1_0_0_0_0_1_0_1_1_0_0_1_1_0_1_0_1_1_1_1_1_1_1_1_1_1_1_1_1,1,1.0e-5,8.164965809277262e-6,0.2955665024630542,357.5
1_0_0_1_0_1_0_1_1_1_1_0_0_0_0_0_0_0_1_0_0_0_0_0_0_0_1_1_1_1_0_0_0_1_0_0_0_0_0_0_0_1_0_0_0_0_1_0_1_1_1_1,0,1.0e-5,8.164965809277262e-6,0.18719211822660098,1001.0
0_1_1_0_1_0_1_1_0_0_0_1_1_1_1_1_0_1_0_0_1_1_1_1_1_1_0_1_0_0_1_1_1_0_1_1_1_1_1_1_1_1_1_1_1_1_1_1_0_0_0_0,0,1.0e-5,1.4142135623730951e-5,0.1724137931034483,1001.0
1_0_0_1_0_0_0_0_0_1_0_1_0_0_1_1_1_0_1_1_1_1_1_0_1_1_1_1_0_1_0_0_1_1_0_0_1_0_1_0_0_1_0_0_1_0_1_0_0_0_0_0,1,1.0e-5,8.164965809277262e-6,0.2955665024630542,187.5
1_1_1_1_1_1_1_0_0_0_1_0_1_1_1_1_0_1_1_0_0_1_1_1_1_1_1_1_0_1_1_0_1_1_1_1_1_1_1_0_0_1_1_0_0_0_0_0_0_0_1_0,1,1.0e-5,8.164965809277262e-6,0.2857142857142857,240.0
1_0_1_1_0_0_0_0_0_1_0_0_0_1_1_0_0_1_0_0_0_1_1_0_0_1_1_1_0_1_1_0_1_0_0_0_1_0_1_0_1_1_0_1_1_1_1_1_1_1_0_1,1,1.0e-5,8.164965809277262e-6,0.31527093596059114,640.0
1_1_0_1_1_0_0_0_0_1_0_0_0_1_0_0_0_1_0_0_0_1_1_0_0_1_1_1_0_1_1_0_1_0_0_0_1_1_1_0_1_1_0_1_1_1_0_1_1_1_0_1,1,1.0e-5,8.164965809277262e-6,0.2857142857142857,197.5
1_0_1_1_0_1_1_0_1_0_1_0_0_1_0_1_0_0_1_0_0_1_1_1_1_1_1_1_0_1_0_0_1_1_1_1_1_0_1_0_0_1_1_0_0_0_0_0_0_0_1_1,1,1.0e-5,8.164965809277262e-6,0.27586206896551724,310.0
0_1_1_0_1_0_1_1_1_0_1_1_1_1_1_1_0_1_0_0_0_1_1_1_1_1_0_0_0_0_1_1_1_0_1_1_1_1_1_1_1_1_1_1_0_1_1_1_0_0_0_0,0,1.0e-5,8.164965809277262e-6,0.12807881773399016,1001.0
0_1_1_0_1_0_1_1_1_0_0_1_1_1_1_1_0_1_0_0_1_1_1_1_1_1_0_0_0_0_1_1_1_0_1_0_1_1_1_1_1_0_1_1_1_1_1_1_0_0_0_0,0,1.0e-5,8.164965809277262e-6,0.18719211822660098,1001.0
1_0_1_1_0_0_0_1_1_1_1_0_0_0_1_1_0_0_1_0_0_0_0_0_0_0_1_1_1_1_0_0_0_1_0_0_0_0_0_0_0_1_0_0_0_0_1_0_0_0_0_0,1,1.0e-5,8.164965809277262e-6,0.2561576354679803,367.5
1_0_0_1_0_1_0_0_0_1_0_0_0_0_0_0_1_0_1_1_1_1_1_0_1_1_1_1_0_1_0_0_1_1_0_0_1_0_1_0_0_0_0_0_1_0_0_0_1_1_0_1,0,1.0e-5,8.164965809277262e-6,0.19704433497536947,1001.0
0_1_0_0_1_0_0_1_0_1_0_1_1_0_1_0_1_1_0_1_1_0_0_0_0_0_0_1_1_0_1_1_0_0_0_0_0_1_0_1_1_1_0_1_1_1_1_1_1_1_0_0,1,1.0e-5,1.4142135623730951e-5,0.2857142857142857,263.3333333333333
0_1_1_0_1_0_1_1_1_0_0_1_1_1_0_1_1_0_1_1_1_0_0_1_1_0_0_0_1_0_0_1_0_1_1_1_0_1_0_1_0_0_1_0_1_0_1_0_0_0_0_0,1,1.0e-5,1.4142135623730951e-5,0.2955665024630542,516.6666666666666
0_1_0_0_1_1_1_1_1_0_0_1_1_1_1_1_1_1_0_1_1_0_0_1_0_0_0_0_1_0_1_1_0_0_1_1_0_1_0_1_1_0_1_1_1_1_0_1_0_0_1_0,1,1.0e-5,1.4142135623730951e-5,0.2561576354679803,223.33333333333334
1_1_1_1_1_0_1_1_1_0_0_1_1_1_1_1_0_1_1_1_1_1_1_1_1_1_1_0_0_1_1_0_1_1_1_1_1_1_1_0_0_0_1_0_1_0_1_0_0_0_0_0,0,1.0e-5,8.164965809277262e-6,0.2561576354679803,1001.0
1_0_1_1_0_0_0_0_0_1_1_0_0_1_0_1_0_0_1_0_0_0_0_0_0_0_1_0_1_1_0_0_0_1_0_0_0_0_0_0_0_1_0_0_0_0_0_0_0_0_0_1,1,1.0e-5,1.4142135623730951e-5,0.24630541871921183,290.0
1_0_0_1_0_0_0_0_0_1_0_0_0_1_0_0_0_0_0_0_0_1_1_0_0_1_1_1_0_1_0_0_1_0_0_0_1_0_1_0_1_1_0_1_1_1_0_1_1_1_0_1,1,1.0e-5,8.164965809277262e-6,0.27586206896551724,312.5
1_1_1_1_1_1_1_1_1_0_0_1_1_1_0_1_1_0_1_1_1_1_1_1_1_1_1_0_0_1_0_0_1_1_1_1_1_1_1_0_0_0_1_0_1_0_1_0_0_0_1_0,1,1.0e-5,8.164965809277262e-6,0.3054187192118227,210.0
0_1_1_0_1_0_1_1_0_0_0_1_1_1_1_1_0_1_0_0_1_1_1_1_1_1_0_1_0_0_1_1_1_0_0_0_1_1_1_1_1_1_1_1_1_1_1_1_0_0_0_0,0,1.0e-5,8.164965809277262e-6,0.17733990147783252,1001.0
1_0_0_1_0_0_0_0_0_1_1_0_0_1_0_1_1_0_1_1_0_0_0_0_0_0_1_0_1_1_0_0_0_1_0_0_0_0_0_0_0_0_0_0_0_0_0_0_0_0_0_1,1,1.0e-5,8.164965809277262e-6,0.26108374384236455,215.0
1_0_0_1_0_1_0_0_0_1_0_0_0_0_0_0_0_0_1_0_0_0_0_0_0_0_1_1_1_1_0_0_0_1_0_0_0_0_0_0_0_1_0_0_1_0_0_0_1_1_0_1,0,1.0e-5,8.164965809277262e-6,0.1477832512315271,1001.0
0_1_0_0_1_0_0_0_0_1_0_0_0_1_0_0_1_1_0_1_1_0_0_0_0_0_0_1_1_0_1_1_0_0_0_0_0_1_0_1_1_0_0_1_1_1_0_1_1_1_0_1,1,1.0e-5,8.164965809277262e-6,0.270935960591133,155.0
0_0_1_0_0_1_1_1_1_0_1_0_1_1_1_1_0_0_1_0_0_0_0_1_1_0_0_1_1_0_0_1_0_1_1_1_0_0_0_1_0_1_1_0_0_0_0_0_0_0_1_0,1,1.0e-5,8.164965809277262e-6,0.27586206896551724,192.5
0_1_0_0_1_1_1_1_0_0_0_1_1_0_1_1_1_1_1_1_1_0_0_1_1_0_0_0_1_0_1_1_0_1_1_1_0_1_0_1_0_0_1_0_1_0_0_0_0_0_1_0,1,1.0e-5,8.164965809277262e-6,0.27586206896551724,290.0
0_0_1_0_0_0_0_0_1_1_1_0_0_0_0_0_0_0_0_0_0_0_0_0_0_0_0_1_1_0_0_1_0_0_0_0_0_0_0_1_1_1_0_1_0_1_1_1_1_1_0_1,1,1.0e-5,8.164965809277262e-6,0.270935960591133,242.5
0_0_1_0_0_0_1_1_1_0_1_1_1_1_1_1_0_1_0_0_0_1_1_1_1_1_0_1_0_0_1_1_1_0_1_1_1_1_1_1_1_1_1_1_0_1_1_1_0_0_1_0,0,1.0e-5,8.164965809277262e-6,0.10837438423645321,1001.0
1_0_1_1_0_0_0_1_1_1_1_0_0_0_0_0_0_0_1_0_0_1_1_0_0_1_1_1_0_1_0_0_1_1_0_0_1_0_1_0_0_1_0_0_1_0_1_0_1_1_0_1,1,1.0e-5,8.164965809277262e-6,0.26108374384236455,225.0
1_1_1_1_1_1_1_1_0_0_0_1_1_0_1_1_0_1_1_0_1_1_1_1_0_1_1_0_0_1_1_0_1_1_1_1_1_1_1_0_0_1_1_0_1_0_1_0_0_0_1_0,1,1.0e-5,1.4142135623730951e-5,0.30049261083743845,216.66666666666666
0_1_0_0_1_1_1_1_0_0_0_1_1_0_1_1_1_1_1_1_1_0_0_1_1_0_0_1_1_0_1_1_0_1_1_1_0_1_0_1_0_1_1_0_1_0_1_0_0_0_1_0,1,1.0e-5,1.4142135623730951e-5,0.29064039408866993,406.6666666666667
0_1_1_0_1_1_1_1_1_0_1_0_1_1_1_0_0_1_0_0_0_0_0_1_0_0_0_0_1_0_1_1_0_0_1_1_0_1_0_1_1_1_1_1_0_1_1_1_1_0_1_1,1,1.0e-5,1.4142135623730951e-5,0.28078817733990147,220.0
0_1_1_0_1_1_1_1_1_0_1_1_1_0_1_1_1_1_1_1_1_0_0_1_1_0_0_0_1_0_1_1_0_1_1_1_0_1_0_1_0_0_1_0_0_0_1_0_0_0_1_0,1,1.0e-5,1.4142135623730951e-5,0.27586206896551724,176.66666666666666
0_0_1_0_0_0_0_0_0_1_1_0_0_1_0_0_0_0_1_0_0_0_0_0_1_0_0_0_1_0_0_1_0_1_0_0_0_0_0_1_0_1_0_0_0_0_0_0_1_1_0_1,1,1.0e-5,1.4142135623730951e-5,0.270935960591133,216.66666666666666
1_0_1_1_0_1_1_0_1_0_1_0_1_1_1_1_0_0_1_0_0_1_1_1_0_1_1_1_0_1_0_0_1_1_1_1_1_0_1_0_0_1_1_0_0_0_0_0_0_0_1_0,1,1.0e-5,1.4142135623730951e-5,0.29064039408866993,296.6666666666667
1_1_0_1_1_0_0_0_0_1_0_1_1_0_1_0_1_1_0_1_1_1_1_0_0_1_1_1_0_1_1_0_1_0_0_0_1_1_1_0_1_0_0_1_1_1_0_1_1_1_0_0,1,6.6666666666666675e-6,4.714045207910318e-6,0.2512315270935961,305.0
1_0_0_1_0_1_0_0_0_1_0_0_0_0_0_0_1_0_1_1_1_0_0_0_0_0_1_1_1_1_0_0_0_1_0_0_0_0_0_0_0_0_0_0_1_0_0_0_1_1_1_1,0,6.6666666666666675e-6,4.714045207910318e-6,0.12807881773399016,1001.0
1_0_0_1_0_0_0_0_0_1_0_1_0_0_1_1_1_0_1_1_1_1_1_0_1_1_1_1_0_1_0_0_1_1_0_0_1_0_1_0_0_0_0_0_0_0_0_0_0_0_0_0,1,6.6666666666666675e-6,4.714045207910318e-6,0.27586206896551724,200.0
0_0_1_0_0_0_0_0_0_1_1_0_0_1_0_0_0_0_0_0_0_0_0_0_0_0_0_0_1_0_0_1_0_0_0_0_0_0_0_1_1_1_0_1_0_1_0_1_1_1_0_1,1,6.6666666666666675e-6,9.428090415820634e-6,0.2857142857142857,230.0
1_1_0_1_1_1_1_1_1_0_0_1_1_0_1_1_1_1_0_1_1_1_1_1_0_1_1_1_0_1_1_0_1_0_1_1_1_1_1_0_1_1_1_1_1_1_1_1_0_0_1_0,1,6.6666666666666675e-6,4.714045207910318e-6,0.27586206896551724,340.0
1_0_0_1_0_1_0_1_1_1_1_0_0_0_0_0_0_0_1_1_0_0_0_0_0_0_1_1_1_1_0_0_0_1_0_0_0_0_0_0_0_1_0_0_0_0_1_0_1_1_1_1,0,6.6666666666666675e-6,4.714045207910318e-6,0.18719211822660098,1001.0
0_1_1_0_1_1_1_1_1_0_0_1_1_0_1_0_0_1_0_0_1_1_1_1_1_1_0_0_0_0_1_1_1_0_1_1_1_1_1_1_1_1_1_1_1_1_1_1_1_1_1_0,1,6.6666666666666675e-6,4.714045207910318e-6,0.2561576354679803,240.0
1_0_1_1_0_1_1_0_1_0_1_0_1_1_0_1_0_0_1_0_0_1_1_1_0_1_1_0_0_1_0_0_1_1_1_1_1_0_1_0_0_0_1_0_0_0_0_0_0_0_1_0,1,6.6666666666666675e-6,4.714045207910318e-6,0.3103448275862069,195.0
0_1_1_0_1_1_1_0_0_0_1_0_1_1_0_0_0_1_0_0_0_1_1_1_1_1_0_0_0_0_1_1_1_0_1_1_1_1_1_1_1_1_1_1_0_1_0_1_1_1_1_1,1,6.6666666666666675e-6,4.714045207910318e-6,0.23645320197044334,320.0
1_0_1_1_0_1_1_0_1_0_1_0_1_1_1_1_0_0_1_0_0_1_1_1_1_1_1_0_0_1_0_0_1_1_1_1_1_0_1_0_0_0_1_0_0_0_0_0_0_0_1_0,1,6.6666666666666675e-6,9.428090415820634e-6,0.29064039408866993,235.0
0_0_1_0_0_1_1_1_1_0_1_0_0_1_0_1_0_0_0_0_0_0_0_1_0_0_0_0_1_0_0_1_0_0_1_1_0_0_0_1_1_0_1_1_0_1_0_1_0_0_1_1,1,6.6666666666666675e-6,4.714045207910318e-6,0.2857142857142857,215.0
1_0_0_1_0_0_0_0_1_1_1_0_0_1_0_1_1_0_1_1_0_0_0_0_0_0_1_1_1_1_0_0_0_1_0_0_0_0_0_0_0_0_0_0_0_0_0_0_0_0_0_1,1,6.6666666666666675e-6,4.714045207910318e-6,0.2512315270935961,230.0
0_1_1_0_1_0_0_1_1_1_1_0_1_1_1_0_0_1_0_0_0_1_1_1_1_1_0_1_0_0_1_1_1_0_0_1_1_1_1_1_1_1_0_1_1_1_0_1_1_0_1_1,1,6.6666666666666675e-6,9.428090415820634e-6,0.3054187192118227,295.0
1_1_0_1_1_1_1_0_0_0_0_1_1_0_1_1_1_1_1_1_1_1_1_1_0_1_1_1_0_1_1_0_1_1_1_1_1_1_1_0_0_0_1_0_1_0_0_0_0_0_1_0,1,6.6666666666666675e-6,9.428090415820634e-6,0.2857142857142857,195.0
1_0_0_1_0_1_0_1_1_1_1_0_0_0_0_0_1_0_1_0_0_0_0_0_0_0_1_1_1_1_0_0_0_1_0_0_0_0_0_0_0_1_0_0_0_0_0_0_1_1_1_1,0,6.6666666666666675e-6,4.714045207910318e-6,0.1921182266009852,1001.0
0_1_0_0_1_0_0_1_1_1_1_0_1_1_0_0_1_1_0_1_0_1_1_1_1_1_0_1_0_0_1_1_1_0_1_1_1_1_1_1_1_0_0_1_0_1_0_1_1_1_1_1,1,6.6666666666666675e-6,9.428090415820634e-6,0.26108374384236455,280.0
0_1_1_0_1_1_1_0_1_0_1_0_1_1_1_0_0_1_0_0_0_1_1_1_1_1_0_0_0_0_1_1_1_0_1_1_1_1_1_1_1_1_1_1_1_1_0_1_1_0_1_1,1,6.6666666666666675e-6,4.714045207910318e-6,0.2561576354679803,280.0
0_0_1_0_0_1_1_1_1_0_1_0_0_1_0_1_0_0_1_0_0_0_0_1_1_0_0_0_1_0_0_1_0_1_1_1_0_0_0_1_0_1_1_0_0_0_0_0_0_0_1_1,1,6.6666666666666675e-6,4.714045207910318e-6,0.2660098522167488,155.0
1_0_0_1_0_0_0_0_0_1_0_1_0_0_0_1_1_0_1_1_1_1_1_0_1_1_1_0_0_1_0_0_1_1_0_0_1_0_1_0_0_0_0_0_1_0_1_0_0_1_0_0,1,6.6666666666666675e-6,4.714045207910318e-6,0.30049261083743845,225.0
0_1_1_0_1_1_1_1_1_0_1_0_1_1_0_0_0_1_0_0_0_0_0_1_0_0_0_0_1_0_1_1_0_0_1_1_0_1_0_1_1_0_1_1_0_1_0_1_1_1_1_1,1,6.6666666666666675e-6,4.714045207910318e-6,0.2955665024630542,130.0
1_1_0_1_1_0_0_1_0_1_0_1_1_0_1_0_1_1_1_1_1_1_1_0_0_1_1_1_0_1_1_0_1_1_0_0_1_1_1_0_0_1_0_0_1_0_1_0_1_1_0_0,1,6.6666666666666675e-6,9.428090415820634e-6,0.3054187192118227,220.0
0_0_0_0_0_0_0_0_0_1_0_1_0_0_1_0_1_1_0_1_1_0_0_0_1_0_0_0_1_0_1_1_0_0_0_0_0_0_0_1_1_0_0_1_1_1_1_1_1_1_0_1,1,6.6666666666666675e-6,4.714045207910318e-6,0.31527093596059114,260.0
1_0_1_1_0_1_0_1_1_1_1_0_0_0_0_0_0_0_0_0_0_1_1_0_0_1_1_0_0_1_0_0_1_0_0_0_1_0_1_0_1_1_0_1_0_1_1_1_1_1_0_1,1,6.6666666666666675e-6,9.428090415820634e-6,0.2857142857142857,310.0
0_0_1_0_0_1_1_1_1_0_1_1_1_0_0_1_0_0_1_0_0_0_0_1_1_0_0_1_1_0_0_1_0_1_1_1_0_0_0_1_0_1_1_0_0_0_1_0_0_0_1_0,1,6.6666666666666675e-6,4.714045207910318e-6,0.29064039408866993,250.0
1_1_1_1_1_1_1_1_1_0_1_0_1_1_0_1_0_0_1_0_0_1_1_1_0_1_1_1_0_1_0_0_1_1_1_1_1_1_1_0_0_1_1_0_1_0_1_0_0_0_1_0,1,6.6666666666666675e-6,4.714045207910318e-6,0.3103448275862069,250.0
1_0_0_1_0_1_0_0_0_1_1_0_0_0_0_0_0_0_1_1_0_0_0_0_0_0_1_1_1_1_0_0_0_1_0_0_0_0_0_0_0_0_0_0_0_0_0_0_1_1_1_1,0,6.6666666666666675e-6,4.714045207910318e-6,0.18226600985221675,1001.0
0_1_1_0_1_1_1_0_0_0_1_0_1_1_0_0_0_1_0_0_0_0_0_1_1_0_0_1_1_0_1_1_0_0_1_1_0_1_0_1_1_1_1_1_0_1_0_1_1_1_1_1,1,6.6666666666666675e-6,9.428090415820634e-6,0.3103448275862069,190.0
1_0_1_1_0_1_1_1_1_0_1_0_0_1_0_1_0_0_1_0_0_1_1_1_1_1_1_0_0_1_0_0_1_1_1_1_1_0_1_0_0_1_1_0_0_0_0_0_0_0_1_1,1,6.6666666666666675e-6,4.714045207910318e-6,0.26108374384236455,195.0
1_0_1_1_0_1_1_1_1_0_1_0_0_1_0_1_0_0_1_0_0_1_1_1_1_1_1_0_0_1_0_0_1_1_1_1_1_0_1_0_0_0_1_0_0_0_0_0_0_0_1_1,1,6.6666666666666675e-6,4.714045207910318e-6,0.27586206896551724,195.0
0_0_0_0_0_0_0_0_0_1_0_1_0_0_0_0_1_0_1_1_1_0_0_0_1_0_0_0_1_0_0_1_0_1_0_0_0_0_0_1_0_0_0_0_0_0_1_0_1_1_0_1,1,6.6666666666666675e-6,9.428090415820634e-6,0.2660098522167488,520.0
1_1_1_1_1_0_1_1_1_0_1_1_1_1_1_1_0_1_1_0_1_0_0_1_0_0_1_0_1_1_1_0_0_1_1_1_0_1_0_0_0_1_1_0_0_0_1_0_0_0_1_0,0,6.6666666666666675e-6,9.428090415820634e-6,0.15270935960591134,1001.0
0_1_0_0_1_0_0_0_0_1_0_0_0_1_1_0_1_1_0_1_1_0_0_0_1_0_0_0_1_0_1_1_0_0_0_0_0_1_0_1_1_0_0_1_1_1_0_1_1_1_0_1,1,6.6666666666666675e-6,4.714045207910318e-6,0.2955665024630542,165.0
1_1_1_1_1_1_1_1_1_0_1_0_1_1_0_1_0_0_1_0_0_1_1_1_0_1_1_1_0_1_0_0_1_1_1_1_1_1_1_0_0_1_1_0_0_0_0_0_0_0_1_0,1,6.6666666666666675e-6,9.428090415820634e-6,0.31527093596059114,215.0
1_0_0_1_0_0_0_1_1_1_0_1_0_0_1_1_1_0_1_1_1_0_0_0_0_0_1_1_1_1_0_0_0_1_0_0_0_0_0_0_0_0_0_0_1_0_1_0_0_0_0_0,1,6.6666666666666675e-6,9.428090415820634e-6,0.23645320197044334,175.0
1_0_0_1_0_1_0_0_1_1_1_0_0_0_0_0_0_0_1_0_0_0_0_0_0_0_1_1_1_1_0_0_0_1_0_0_0_0_0_0_0_1_0_0_1_0_0_0_1_1_1_1,0,6.6666666666666675e-6,9.428090415820634e-6,0.18226600985221675,1001.0
1_0_0_1_0_1_0_0_1_1_1_0_0_0_0_0_1_0_1_1_0_0_0_0_0_0_1_1_1_1_0_0_0_1_1_1_0_0_0_0_0_1_0_0_0_0_0_0_1_1_1_1,0,6.6666666666666675e-6,9.428090415820634e-6,0.18719211822660098,1001.0
1_0_1_1_0_0_0_0_1_1_1_0_0_1_0_0_0_0_0_0_0_1_1_0_0_1_1_1_0_1_0_0_1_0_0_0_1_0_1_0_1_1_0_1_0_1_0_1_1_1_0_1,1,6.6666666666666675e-6,4.714045207910318e-6,0.28078817733990147,335.0
1_0_0_1_0_0_0_0_0_1_0_1_0_0_1_1_1_0_1_1_1_1_1_0_1_1_1_0_0_1_0_0_1_1_0_0_1_0_1_0_0_0_0_0_1_0_0_0_0_0_0_0,1,6.6666666666666675e-6,4.714045207910318e-6,0.270935960591133,270.0
1_0_0_1_0_0_0_0_0_1_0_1_0_0_0_1_1_0_1_1_1_1_1_0_1_1_1_1_0_1_0_0_1_1_0_0_1_0_1_0_0_1_0_0_1_0_1_0_0_1_0_0,1,6.6666666666666675e-6,4.714045207910318e-6,0.3103448275862069,125.0
0_1_0_0_1_1_1_0_0_0_0_1_1_0_1_1_1_1_1_1_1_0_0_1_1_0_0_1_1_0_1_1_0_1_1_1_0_1_0_1_0_0_1_0_1_0_0_0_0_0_1_0,1,6.6666666666666675e-6,9.428090415820634e-6,0.28078817733990147,190.0
1_1_1_1_1_1_1_1_1_0_1_1_1_0_0_1_1_0_1_1_1_1_1_1_0_1_1_0_0_1_0_0_1_1_1_1_1_1_1_0_0_0_1_0_0_0_1_0_0_0_1_0,1,6.6666666666666675e-6,9.428090415820634e-6,0.31527093596059114,275.0
1_1_1_1_1_1_1_1_1_0_1_1_1_1_1_1_1_1_1_1_0_0_0_1_0_0_1_0_1_1_1_0_0_1_1_1_0_1_0_0_0_1_1_0_0_0_1_0_0_0_1_0,0,6.6666666666666675e-6,4.714045207910318e-6,0.1625615763546798,1001.0
1_1_1_1_1_1_1_1_1_0_1_0_1_1_0_1_0_0_1_0_0_1_1_1_0_1_1_0_0_1_0_0_1_1_1_1_1_1_1_0_0_0_1_0_0_0_0_0_0_0_1_0,1,6.6666666666666675e-6,4.714045207910318e-6,0.3251231527093596,265.0
0_0_0_0_0_0_0_1_1_1_0_1_0_0_1_0_1_1_0_1_1_0_0_0_0_0_0_1_1_0_1_1_0_0_0_0_0_0_0_1_1_1_0_1_1_1_1_1_1_1_0_1,1,6.6666666666666675e-6,4.714045207910318e-6,0.33004926108374383,225.0
1_0_1_1_0_1_0_1_1_1_1_0_0_0_1_1_0_0_1_0_0_0_0_0_0_0_1_0_1_1_0_0_0_1_0_0_0_0_0_0_0_1_0_0_1_0_1_0_0_0_0_0,1,6.6666666666666675e-6,4.714045207910318e-6,0.2660098522167488,230.0
0_0_1_0_0_1_1_0_1_0_1_0_0_1_0_1_0_0_1_0_0_0_0_1_1_0_0_0_1_0_0_1_0_1_1_1_0_0_0_1_0_0_1_0_0_0_0_0_0_0_1_1,1,6.6666666666666675e-6,4.714045207910318e-6,0.29064039408866993,340.0
0_0_0_0_0_1_0_0_0_1_0_0_0_0_0_0_0_0_0_0_0_1_1_0_1_1_0_1_0_0_0_1_1_0_0_0_1_0_1_1_1_1_0_1_1_1_0_1_1_1_1_1,0,6.6666666666666675e-6,4.714045207910318e-6,0.15763546798029557,1001.0
1_1_1_1_1_1_1_1_1_0_0_1_1_1_0_1_1_0_1_1_0_1_1_1_1_1_1_0_0_1_0_0_1_1_1_1_1_1_1_0_0_0_1_0_1_0_1_0_0_0_1_0,1,6.6666666666666675e-6,9.428090415820634e-6,0.3103448275862069,285.0
1_1_1_1_1_1_1_1_1_0_0_1_1_1_0_0_0_1_0_0_0_1_1_1_0_1_1_1_0_1_1_0_1_0_1_1_1_1_1_0_1_1_1_1_1_1_1_1_1_1_1_1,1,6.6666666666666675e-6,4.714045207910318e-6,0.3054187192118227,260.0
0_1_1_0_1_0_1_0_0_0_0_1_1_1_1_1_1_1_0_1_1_1_1_1_1_1_0_0_0_0_1_1_1_0_1_1_1_1_1_1_1_0_1_1_1_1_0_1_0_0_0_0,0,6.6666666666666675e-6,9.428090415820634e-6,0.18719211822660098,1001.0
0_0_1_0_0_0_0_0_1_1_1_0_0_1_0_0_0_0_1_0_0_0_0_0_1_0_0_0_1_0_0_1_0_1_0_0_0_0_0_1_0_1_0_0_0_0_1_0_1_1_0_1,1,6.6666666666666675e-6,4.714045207910318e-6,0.26108374384236455,315.0
1_1_1_1_1_1_1_0_1_0_1_0_1_1_0_1_0_0_1_0_0_0_0_1_0_0_1_0_1_1_0_0_0_1_1_1_0_1_0_0_0_0_1_0_1_0_0_0_0_0_1_0,1,6.6666666666666675e-6,4.714045207910318e-6,0.27586206896551724,330.0
0_0_1_0_0_1_1_0_1_0_1_0_0_1_0_1_0_0_0_0_0_0_0_1_0_0_0_0_1_0_0_1_0_0_1_1_0_0_0_1_1_0_1_1_0_1_0_1_0_0_1_1,1,6.6666666666666675e-6,9.428090415820634e-6,0.2955665024630542,175.0
0_0_0_0_0_0_0_0_0_1_0_0_0_1_1_0_0_1_0_0_1_0_0_0_0_0_0_1_1_0_1_1_0_0_0_0_0_0_0_1_1_1_0_1_1_1_0_1_1_1_0_1,1,6.6666666666666675e-6,4.714045207910318e-6,0.3103448275862069,180.0
0_1_1_0_1_1_1_1_1_0_1_0_1_1_1_1_0_1_0_0_0_0_0_1_0_0_0_0_1_0_1_1_0_0_1_1_0_1_0_1_1_0_1_1_1_1_0_1_0_0_1_0,1,6.6666666666666675e-6,4.714045207910318e-6,0.270935960591133,200.0
1_0_0_1_0_1_1_0_1_0_1_0_0_0_1_1_0_0_1_0_1_0_0_0_0_0_1_1_1_1_0_0_0_1_0_0_0_0_0_0_0_1_1_0_0_0_1_0_0_0_1_0,1,6.6666666666666675e-6,4.714045207910318e-6,0.28078817733990147,290.0
1_0_0_1_0_1_0_0_0_1_0_0_0_0_0_0_0_0_1_1_0_0_0_0_0_0_1_0_1_1_0_0_0_1_0_0_0_0_0_0_0_0_0_0_1_0_0_0_1_1_0_1,0,6.6666666666666675e-6,4.714045207910318e-6,0.13793103448275862,1001.0
0_0_0_0_0_0_0_0_0_1_0_1_0_0_1_0_1_1_0_1_1_0_0_0_1_0_0_1_1_0_1_1_0_0_0_0_0_0_0_1_1_0_0_1_1_1_1_1_1_1_0_1,1,6.6666666666666675e-6,4.714045207910318e-6,0.3103448275862069,215.0
0_1_1_0_1_0_1_1_1_0_0_1_1_1_1_1_0_1_0_1_1_0_0_1_0_0_0_0_1_0_1_1_0_0_1_1_0_1_0_1_1_0_1_1_1_1_1_1_0_0_0_0,0,6.6666666666666675e-6,4.714045207910318e-6,0.23645320197044334,1001.0
0_1_1_0_1_1_1_1_1_0_1_0_1_1_1_0_0_1_0_0_0_0_0_1_1_0_0_0_1_0_1_1_0_0_1_1_0_1_0_1_1_1_1_1_0_1_1_1_1_0_1_1,1,6.6666666666666675e-6,9.428090415820634e-6,0.29064039408866993,410.0
0_1_1_0_1_1_1_0_1_0_1_1_1_1_1_1_0_1_0_0_0_1_1_1_1_1_0_0_0_0_1_1_1_0_1_1_1_1_1_1_1_1_1_1_0_1_1_1_0_0_1_0,0,6.6666666666666675e-6,4.714045207910318e-6,0.15270935960591134,1001.0
0_0_1_0_0_0_0_0_0_1_0_0_0_1_1_0_0_1_0_0_0_0_0_0_1_0_0_1_1_0_1_1_0_0_0_0_0_0_0_1_1_1_0_1_1_1_1_1_1_1_0_1,1,6.6666666666666675e-6,4.714045207910318e-6,0.32019704433497537,460.0
0_1_1_0_1_1_1_0_1_0_1_0_1_1_1_1_0_1_0_0_0_0_0_1_1_0_0_0_1_0_1_1_0_0_1_1_0_1_0_1_1_0_1_1_1_1_0_1_0_0_1_0,1,6.6666666666666675e-6,4.714045207910318e-6,0.29064039408866993,185.0
1_1_1_1_1_1_1_0_1_0_1_0_1_1_0_1_0_0_1_0_0_1_1_1_0_1_1_1_0_1_0_0_1_1_1_1_1_1_1_0_0_1_1_0_0_0_0_0_0_0_1_0,1,6.6666666666666675e-6,9.428090415820634e-6,0.3251231527093596,270.0
0_0_1_0_0_1_1_1_1_0_1_0_0_1_0_1_0_0_0_0_0_0_0_1_1_0_0_1_1_0_0_1_0_0_1_1_0_0_0_1_1_1_1_1_0_1_1_1_0_0_1_1,1,6.6666666666666675e-6,4.714045207910318e-6,0.270935960591133,290.0
1_0_0_1_0_0_0_1_1_1_0_1_0_0_0_0_1_0_1_1_1_1_1_0_1_1_1_1_0_1_0_0_1_1_0_0_1_0_1_0_0_0_0_0_1_0_1_0_1_1_0_1,1,6.6666666666666675e-6,9.428090415820634e-6,0.26108374384236455,195.0
0_1_1_0_1_0_1_0_0_0_0_1_1_1_1_1_1_1_0_0_1_1_1_1_1_1_0_0_0_0_1_1_1_0_1_1_1_1_1_1_1_0_1_1_1_1_0_1_0_0_0_0,0,6.6666666666666675e-6,9.428090415820634e-6,0.18719211822660098,1001.0
1_0_1_1_0_0_0_1_1_1_1_0_0_0_1_1_0_0_1_0_0_1_1_0_1_1_1_1_0_1_0_0_1_1_0_0_1_0_1_0_0_1_0_0_0_0_1_0_0_0_0_0,1,6.6666666666666675e-6,4.714045207910318e-6,0.31527093596059114,165.0
1_0_0_1_0_0_0_0_0_1_1_0_0_1_0_0_1_0_1_1_0_1_1_0_1_1_1_1_0_1_0_0_1_1_0_0_1_0_1_0_0_0_0_0_0_0_0_0_1_1_0_1,1,6.6666666666666675e-6,9.428090415820634e-6,0.27586206896551724,180.0
1_1_1_1_1_1_1_1_1_0_1_0_1_1_0_1_0_0_1_0_0_1_1_1_1_1_1_0_0_1_0_0_1_1_1_1_1_1_1_0_0_1_1_0_1_0_1_0_0_0_1_0,1,6.6666666666666675e-6,4.714045207910318e-6,0.2955665024630542,280.0
1_0_0_1_0_0_0_0_0_1_0_1_0_0_1_1_1_0_1_1_1_1_1_0_1_1_1_0_0_1_0_0_1_1_0_0_1_0_1_0_0_0_0_0_0_0_0_0_0_0_0_0,1,6.6666666666666675e-6,9.428090415820634e-6,0.28078817733990147,145.0
0_1_1_0_1_0_1_1_0_0_0_1_1_1_1_1_1_1_0_1_1_1_1_1_1_1_0_0_0_0_1_1_1_0_1_1_1_1_1_1_1_0_1_1_0_1_1_1_0_0_0_0,0,6.6666666666666675e-6,4.714045207910318e-6,0.18226600985221675,1001.0
0_0_1_0_0_1_1_1_1_0_1_0_0_1_0_1_0_0_0_0_0_0_0_1_0_0_0_0_1_0_0_1_0_0_1_1_0_0_0_1_1_1_1_1_0_1_0_1_0_0_1_1,1,6.6666666666666675e-6,4.714045207910318e-6,0.270935960591133,125.0
1_0_0_1_0_0_0_1_0_1_0_1_0_0_0_0_1_0_0_1_1_1_1_0_0_1_1_0_0_1_0_0_1_0_0_0_1_0_1_0_1_0_0_1_1_1_1_1_1_1_0_1,1,6.6666666666666675e-6,4.714045207910318e-6,0.2857142857142857,170.0
1_1_0_1_1_0_0_0_0_1_0_1_1_0_1_0_1_1_1_1_1_1_1_0_0_1_1_0_0_1_1_0_1_1_0_0_1_1_1_0_0_0_0_0_1_0_1_0_1_1_0_0,1,6.6666666666666675e-6,9.428090415820634e-6,0.2857142857142857,260.0
1_0_1_1_0_1_1_0_1_0_1_0_0_1_0_1_0_0_1_0_0_1_1_1_1_1_1_0_0_1_0_0_1_1_1_1_1_0_1_0_0_1_1_0_0_0_0_0_0_0_1_1,1,6.6666666666666675e-6,4.714045207910318e-6,0.270935960591133,275.0
0_0_1_0_0_1_1_1_1_0_1_0_1_1_1_1_0_0_1_0_0_0_0_1_1_0_0_0_1_0_0_1_0_1_1_1_0_0_0_1_0_0_1_0_0_0_0_0_0_0_1_0,1,6.6666666666666675e-6,9.428090415820634e-6,0.2857142857142857,295.0
1_1_0_1_1_0_0_1_0_1_0_1_0_0_0_0_1_1_0_1_1_1_1_0_0_1_1_1_0_1_1_0_1_0_0_0_1_1_1_0_1_1_0_1_1_1_1_1_1_1_0_1,1,6.6666666666666675e-6,4.714045207910318e-6,0.2955665024630542,205.0
0_0_0_0_0_0_0_1_0_1_0_1_0_0_0_0_1_0_0_1_1_0_0_0_0_0_0_1_1_0_0_1_0_0_0_0_0_0_0_1_1_0_0_1_0_1_1_1_1_1_0_1,1,6.6666666666666675e-6,4.714045207910318e-6,0.2857142857142857,255.0
1_1_1_1_1_1_1_1_1_0_1_0_1_1_0_1_0_0_1_0_0_1_1_1_0_1_1_0_0_1_0_0_1_1_1_1_1_1_1_0_0_1_1_0_1_0_1_0_0_0_1_0,1,6.6666666666666675e-6,4.714045207910318e-6,0.3054187192118227,165.0
1_1_0_1_1_0_0_0_0_1_0_1_1_0_1_0_1_1_1_1_1_1_1_0_1_1_1_1_0_1_1_0_1_1_0_0_1_1_1_0_0_0_0_0_1_0_1_0_1_1_0_0,1,6.6666666666666675e-6,4.714045207910318e-6,0.270935960591133,370.0
0_0_0_0_0_0_0_0_1_1_1_0_0_1_0_0_1_0_0_1_0_0_0_0_1_0_0_1_1_0_0_1_0_0_0_0_0_0_0_1_1_0_0_1_0_1_0_1_1_1_0_1,1,6.6666666666666675e-6,4.714045207910318e-6,0.30049261083743845,260.0
1_0_0_1_0_0_0_1_0_1_0_1_0_0_0_1_1_0_1_1_1_0_0_0_0_0_1_1_1_1_0_0_0_1_0_0_0_0_0_0_0_0_0_0_0_0_1_0_0_1_0_0,1,6.6666666666666675e-6,4.714045207910318e-6,0.2561576354679803,240.0
0_0_1_0_0_1_1_1_1_0_1_0_1_1_1_1_0_0_1_0_0_0_0_1_1_0_0_1_1_0_0_1_0_1_1_1_0_0_0_1_0_1_1_0_0_0_1_0_0_0_1_0,1,6.6666666666666675e-6,4.714045207910318e-6,0.26108374384236455,280.0
1_0_1_1_0_1_1_1_1_0_1_1_1_0_0_1_0_0_1_0_0_1_1_1_1_1_1_0_0_1_0_0_1_1_1_1_1_0_1_0_0_1_1_0_0_0_1_0_0_0_1_0,1,6.6666666666666675e-6,4.714045207910318e-6,0.28078817733990147,220.0
1_1_1_1_1_0_1_1_1_0_1_1_1_1_1_1_1_1_1_0_0_0_0_1_0_0_1_0_1_1_1_0_0_1_1_1_0_1_0_0_0_1_1_0_0_0_1_0_0_0_1_0,0,6.6666666666666675e-6,9.428090415820634e-6,0.16748768472906403,1001.0
0_0_1_0_0_0_0_0_0_1_1_0_0_1_0_1_0_0_0_0_0_1_1_0_1_1_0_0_0_0_0_1_1_0_0_0_1_0_1_1_1_0_0_1_0_1_0_1_0_0_0_1,1,6.6666666666666675e-6,4.714045207910318e-6,0.270935960591133,215.0
1_0_0_1_0_0_0_1_0_1_0_1_0_0_1_0_1_1_0_1_1_1_1_0_0_1_1_0_0_1_1_0_1_0_0_0_1_0_1_0_1_0_0_1_1_1_1_1_1_1_0_1,1,6.6666666666666675e-6,4.714045207910318e-6,0.32019704433497537,225.0
0_1_1_0_1_1_1_0_0_0_0_1_1_0_1_1_0_1_1_0_1_0_0_0_1_0_0_0_1_0_1_1_0_1_0_0_0_1_0_1_0_1_1_0_1_0_1_0_0_0_0_0,1,6.6666666666666675e-6,4.714045207910318e-6,0.2857142857142857,220.0
1_0_0_1_0_0_0_1_0_1_0_1_0_0_0_1_1_0_1_1_1_1_1_0_1_1_1_1_0_1_0_0_1_1_0_0_1_0_1_0_0_1_0_0_1_0_1_0_0_1_0_0,1,6.6666666666666675e-6,4.714045207910318e-6,0.32019704433497537,245.0
0_1_1_0_1_0_1_0_0_0_0_1_1_1_1_1_0_1_0_0_1_1_1_1_1_1_0_0_0_0_1_1_1_0_1_1_1_1_1_1_1_0_1_1_1_1_1_1_0_0_0_0,0,6.6666666666666675e-6,4.714045207910318e-6,0.1921182266009852,1001.0
0_1_0_0_1_1_1_1_1_0_1_1_1_0_1_1_1_1_1_1_1_0_0_1_1_0_0_0_1_0_1_1_0_1_1_1_0_1_0_1_0_0_1_0_0_0_0_0_0_0_1_0,1,6.6666666666666675e-6,4.714045207910318e-6,0.28078817733990147,330.0
0_1_0_0_1_0_1_1_0_0_0_1_1_1_0_0_1_1_0_1_1_1_1_1_1_1_0_1_0_0_1_1_1_0_1_1_1_1_1_1_1_0_1_1_1_1_0_1_1_1_1_1,1,6.6666666666666675e-6,4.714045207910318e-6,0.2660098522167488,285.0
1_0_0_1_0_1_1_1_0_0_0_1_0_0_1_1_1_0_1_1_1_0_0_0_0_0_1_0_1_1_0_0_0_1_0_0_0_0_0_0_0_0_1_0_0_0_1_0_0_0_0_0,1,6.6666666666666675e-6,4.714045207910318e-6,0.27586206896551724,385.0
0_1_0_0_1_1_1_1_1_0_1_1_1_0_0_1_1_0_1_1_1_0_0_1_1_0_0_0_1_0_0_1_0_1_1_1_0_1_0_1_0_0_1_0_0_0_0_0_0_0_1_0,1,6.6666666666666675e-6,4.714045207910318e-6,0.31527093596059114,260.0
1_1_1_1_1_0_1_0_0_0_0_1_0_1_0_1_0_0_1_0_1_1_1_0_0_1_1_0_0_1_0_0_1_1_0_0_1_1_1_0_0_1_1_0_1_0_1_0_0_0_0_0,1,6.6666666666666675e-6,4.714045207910318e-6,0.3103448275862069,310.0
0_0_1_0_0_1_1_1_1_0_1_1_1_0_1_1_1_0_1_1_0_0_0_1_1_0_0_0_1_0_0_1_0_1_1_1_0_0_0_1_0_0_1_0_0_0_1_0_0_0_1_0,1,6.6666666666666675e-6,4.714045207910318e-6,0.29064039408866993,175.0
1_1_0_1_1_1_1_1_0_0_0_1_1_0_1_1_1_1_1_1_1_1_1_1_0_1_1_1_0_1_1_0_1_1_1_1_1_1_1_0_0_0_1_0_1_0_1_0_0_0_1_0,1,6.6666666666666675e-6,9.428090415820634e-6,0.29064039408866993,215.0
1_1_1_1_1_0_1_0_0_0_0_1_0_1_0_1_0_0_1_0_1_1_1_0_1_1_1_0_0_1_0_0_1_1_0_0_1_1_1_0_0_1_1_0_1_0_1_0_0_0_0_0,1,6.6666666666666675e-6,4.714045207910318e-6,0.30049261083743845,240.0
0_1_1_0_1_1_1_1_1_0_1_0_1_1_0_1_0_0_1_0_0_0_0_1_1_0_0_1_1_0_0_1_0_1_1_1_0_1_0_1_0_1_1_0_0_0_0_0_0_0_1_0,1,6.6666666666666675e-6,4.714045207910318e-6,0.3103448275862069,430.0
1_0_0_1_0_1_0_0_0_1_1_0_0_0_0_0_1_0_1_1_0_0_0_0_0_0_1_0_1_1_0_0_0_1_0_1_0_0_0_0_0_0_0_0_0_0_0_0_1_1_1_1,0,6.6666666666666675e-6,4.714045207910318e-6,0.17733990147783252,1001.0
1_0_0_1_0_0_0_0_1_1_1_0_0_1_0_0_1_0_1_1_0_1_1_0_0_1_1_0_0_1_0_0_1_1_0_0_1_0_1_0_0_0_0_0_0_0_0_0_1_1_0_1,1,6.6666666666666675e-6,4.714045207910318e-6,0.2857142857142857,165.0
0_0_0_0_0_1_0_0_0_1_0_0_0_0_0_0_0_0_0_1_1_1_1_0_1_1_0_1_0_0_0_1_1_0_0_0_1_0_1_1_1_0_0_1_1_1_0_1_1_1_0_1,0,6.6666666666666675e-6,4.714045207910318e-6,0.16748768472906403,1001.0
0_0_1_0_0_0_0_1_1_1_1_0_0_1_0_0_1_0_0_0_0_1_1_1_1_1_0_1_0_0_0_1_1_0_1_1_1_0_1_1_1_1_0_1_0_1_0_1_1_1_1_1,0,6.6666666666666675e-6,4.714045207910318e-6,0.21674876847290642,1001.0
1_0_1_1_0_1_1_0_1_0_1_0_0_1_0_1_0_0_1_0_0_1_1_1_1_1_1_0_0_1_0_0_1_1_1_1_1_0_1_0_0_0_1_0_0_0_0_0_0_0_1_1,1,6.6666666666666675e-6,4.714045207910318e-6,0.2857142857142857,140.0
1_0_1_1_0_1_1_0_1_0_1_0_1_1_0_1_0_0_1_0_0_1_1_1_1_1_1_0_0_1_0_0_1_1_1_1_1_0_1_0_0_1_1_0_0_0_0_0_0_0_1_0,1,6.6666666666666675e-6,4.714045207910318e-6,0.2857142857142857,180.0
0_0_0_0_0_0_0_0_0_1_0_1_0_0_1_0_1_1_0_1_1_0_0_0_0_0_0_1_1_0_1_1_0_0_0_0_0_0_0_1_1_0_0_1_0_1_0_1_1_1_0_1,1,6.6666666666666675e-6,4.714045207910318e-6,0.2955665024630542,290.0
0_1_0_0_1_0_0_0_0_1_0_1_1_0_1_1_1_1_1_1_1_0_0_0_1_0_0_1_1_0_1_1_0_1_0_0_0_1_0_1_0_1_0_0_1_0_1_0_0_0_0_0,1,6.6666666666666675e-6,4.714045207910318e-6,0.270935960591133,270.0
0_1_0_0_1_0_1_0_0_0_0_1_1_1_0_1_1_0_1_1_1_0_0_1_1_0_0_1_1_0_0_1_0_1_1_1_0_1_0_1_0_0_1_0_1_0_0_0_0_0_1_0,1,6.6666666666666675e-6,9.428090415820634e-6,0.32019704433497537,295.0
0_0_0_0_0_0_0_0_0_1_1_0_0_0_0_0_1_0_0_1_1_0_0_0_1_0_0_1_1_0_0_1_0_0_0_0_0_0_0_1_1_0_0_1_0_1_0_1_1_1_0_1,1,6.6666666666666675e-6,4.714045207910318e-6,0.28078817733990147,305.0
0_1_0_0_1_1_1_1_0_0_0_1_1_1_0_0_1_1_0_1_1_1_1_1_1_1_0_0_0_0_1_1_1_0_1_1_1_1_1_1_1_0_1_1_0_1_0_1_1_1_1_1,1,6.6666666666666675e-6,4.714045207910318e-6,0.2561576354679803,195.0
0_0_0_0_0_0_0_0_0_1_1_0_0_0_1_1_1_0_1_1_1_0_0_0_1_0_0_1_1_0_0_1_0_1_0_0_0_0_0_1_0_0_0_0_0_0_0_0_0_0_0_0,1,6.6666666666666675e-6,9.428090415820634e-6,0.30049261083743845,330.0
0_1_1_0_1_0_1_1_0_0_0_1_1_1_1_1_0_1_0_0_1_1_1_1_1_1_0_1_0_0_1_1_1_0_1_0_1_1_1_1_1_1_1_1_1_1_1_1_0_0_0_0,0,6.6666666666666675e-6,4.714045207910318e-6,0.18226600985221675,1001.0
1_1_0_1_1_0_1_0_0_0_0_1_1_1_1_1_1_1_1_1_1_1_1_1_0_1_1_1_0_1_1_0_1_1_1_1_1_1_1_0_0_0_1_0_0_0_0_0_0_0_1_0,1,6.6666666666666675e-6,4.714045207910318e-6,0.29064039408866993,125.0
1_0_0_1_0_0_0_0_0_1_0_1_0_0_0_0_1_0_1_1_1_1_1_0_0_1_1_1_0_1_0_0_1_1_0_0_1_0_1_0_0_0_0_0_0_0_1_0_1_1_0_1,1,6.6666666666666675e-6,4.714045207910318e-6,0.2660098522167488,195.0
1_1_0_1_1_0_1_0_0_0_0_1_1_1_1_1_1_1_1_1_1_1_1_1_0_1_1_1_0_1_1_0_1_1_1_1_1_1_1_0_0_0_1_0_1_0_0_0_0_0_1_0,1,6.6666666666666675e-6,4.714045207910318e-6,0.29064039408866993,250.0
1_1_0_1_1_0_0_1_0_1_0_1_0_0_1_0_1_1_0_1_1_1_1_0_0_1_1_0_0_1_1_0_1_0_0_0_1_1_1_0_1_0_0_1_1_1_1_1_1_1_0_1,1,6.6666666666666675e-6,4.714045207910318e-6,0.2955665024630542,315.0
0_1_0_0_1_0_1_1_0_0_0_1_1_1_1_1_1_1_0_1_1_0_0_1_1_0_0_1_1_0_1_1_0_0_1_1_0_1_0_1_1_0_1_1_1_1_0_1_0_0_1_0,1,6.6666666666666675e-6,4.714045207910318e-6,0.270935960591133,255.0
1_0_0_1_0_0_0_0_0_1_0_1_0_0_0_0_1_0_0_1_1_1_1_0_0_1_1_0_0_1_0_0_1_0_0_0_1_0_1_0_1_0_0_1_0_1_1_1_1_1_0_1,1,6.6666666666666675e-6,9.428090415820634e-6,0.2857142857142857,220.0
0_0_1_0_0_1_1_1_1_0_1_0_1_1_0_1_0_0_1_0_0_0_0_1_1_0_0_0_1_0_0_1_0_1_1_1_0_0_0_1_0_1_1_0_0_0_1_0_0_0_1_0,1,6.6666666666666675e-6,4.714045207910318e-6,0.2660098522167488,265.0
1_1_0_1_1_1_1_1_0_0_0_1_1_0_1_1_1_1_1_1_1_1_1_1_1_1_1_1_0_1_1_0_1_1_1_1_1_1_1_0_0_0_1_0_1_0_0_0_0_0_1_0,1,6.6666666666666675e-6,4.714045207910318e-6,0.27586206896551724,380.0
1_0_1_1_0_0_0_1_1_1_1_0_0_0_1_1_0_0_1_0_1_0_0_0_0_0_1_1_1_1_0_0_0_1_0_0_0_0_0_0_0_1_0_0_1_0_1_0_0_0_0_0,1,6.6666666666666675e-6,9.428090415820634e-6,0.26108374384236455,335.0
0_0_0_0_0_0_0_0_0_1_0_1_0_0_0_0_1_0_0_1_1_0_0_0_0_0_0_1_1_0_0_1_0_0_0_0_0_0_0_1_1_0_0_1_0_1_0_1_1_1_0_1,1,6.6666666666666675e-6,4.714045207910318e-6,0.26108374384236455,325.0
0_0_1_0_0_1_1_1_1_0_1_0_0_1_0_1_0_0_0_0_0_0_0_1_1_0_0_0_1_0_0_1_0_0_1_1_0_0_0_1_1_1_1_1_0_1_1_1_0_0_1_1,1,6.6666666666666675e-6,4.714045207910318e-6,0.2660098522167488,255.0
1_0_0_1_0_0_0_1_1_1_0_1_0_0_0_0_1_0_1_1_1_1_1_0_0_1_1_1_0_1_0_0_1_1_0_0_1_0_1_0_0_1_0_0_1_0_1_0_1_1_0_1,1,6.6666666666666675e-6,4.714045207910318e-6,0.2857142857142857,140.0
1_0_1_1_0_1_1_1_1_0_1_0_0_1_0_1_0_0_1_0_0_1_1_1_0_1_1_0_0_1_0_0_1_1_1_1_1_0_1_0_0_1_1_0_0_0_1_0_0_0_1_1,1,6.6666666666666675e-6,4.714045207910318e-6,0.2561576354679803,155.0
1_0_0_1_0_0_0_1_0_1_0_1_0_0_1_1_1_0_1_1_1_0_0_0_0_0_1_1_1_1_0_0_0_1_0_0_0_0_0_0_0_0_0_0_0_0_1_0_0_0_0_0,1,6.6666666666666675e-6,4.714045207910318e-6,0.2413793103448276,310.0
0_0_0_0_0_0_0_0_0_1_0_1_0_0_0_1_1_0_1_1_1_0_0_0_1_0_0_1_1_0_0_1_0_1_0_0_0_0_0_1_0_0_0_0_0_0_0_0_0_1_0_0,1,6.6666666666666675e-6,4.714045207910318e-6,0.2955665024630542,230.0
1_0_0_1_0_0_0_1_1_1_0_1_0_0_0_0_1_0_1_1_1_1_1_0_0_1_1_1_0_1_0_0_1_1_0_0_1_0_1_0_0_0_0_0_1_0_1_0_1_1_0_1,1,6.6666666666666675e-6,9.428090415820634e-6,0.270935960591133,180.0
0_1_1_0_1_0_1_1_1_0_1_1_1_1_1_1_0_1_0_0_0_1_1_1_1_1_0_1_0_0_1_1_1_0_1_1_1_1_1_1_1_1_1_1_0_1_0_1_0_0_1_0,0,6.6666666666666675e-6,4.714045207910318e-6,0.15763546798029557,1001.0
1_1_0_1_1_1_1_0_0_0_0_1_1_0_1_1_0_1_1_1_1_0_0_0_0_0_1_0_1_1_1_0_0_1_0_0_0_1_0_0_0_0_1_0_1_0_1_0_0_0_0_0,0,6.6666666666666675e-6,4.714045207910318e-6,0.21674876847290642,1001.0
0_1_1_0_1_1_1_0_1_0_1_0_1_1_1_1_0_1_1_0_0_0_0_1_1_0_0_0_1_0_1_1_0_1_1_1_0_1_0_1_0_0_1_0_0_0_0_0_0_0_1_0,1,6.6666666666666675e-6,4.714045207910318e-6,0.2955665024630542,335.0
0_1_0_0_1_0_0_1_0_1_0_1_0_0_0_0_1_1_0_1_1_0_0_0_0_0_0_0_1_0_1_1_0_0_0_0_0_1_0_1_1_0_0_1_1_1_1_1_1_1_0_1,1,6.6666666666666675e-6,4.714045207910318e-6,0.28078817733990147,190.0
0_1_0_0_1_1_1_1_0_0_0_1_1_0_1_1_1_1_1_1_1_0_0_1_1_0_0_1_1_0_1_1_0_1_1_1_0_1_0_1_0_0_1_0_1_0_0_0_0_0_1_0,1,6.6666666666666675e-6,4.714045207910318e-6,0.28078817733990147,215.0
1_1_0_1_1_0_0_0_0_1_0_1_1_0_1_0_1_1_1_1_1_1_1_0_0_1_1_1_0_1_1_0_1_1_0_0_1_1_1_0_0_1_0_0_1_0_1_0_1_1_0_0,1,6.6666666666666675e-6,4.714045207910318e-6,0.2955665024630542,200.0
1_0_0_1_0_0_0_0_0_1_1_0_0_1_0_1_1_0_1_1_0_0_0_0_0_0_1_1_1_1_0_0_0_1_0_0_0_0_0_0_0_0_0_0_0_0_0_0_0_0_0_1,1,6.6666666666666675e-6,4.714045207910318e-6,0.2561576354679803,215.0
0_1_1_0_1_1_1_1_1_0_0_1_1_1_0_1_0_0_1_0_0_0_0_1_1_0_0_1_1_0_0_1_0_1_1_1_0_1_0_1_0_1_1_0_1_0_1_0_0_0_1_0,1,6.6666666666666675e-6,4.714045207910318e-6,0.3054187192118227,195.0
0_1_1_0_1_0_1_1_1_0_1_1_1_1_1_1_1_1_0_1_1_1_1_1_1_1_0_0_0_0_1_1_1_0_1_1_1_1_1_1_1_1_1_1_0_1_1_1_0_0_1_0,0,6.6666666666666675e-6,4.714045207910318e-6,0.14285714285714285,1001.0
0_1_0_0_1_0_0_0_0_1_0_1_0_0_0_0_1_1_0_1_1_0_0_0_0_0_0_1_1_0_1_1_0_0_0_0_0_1_0_1_1_1_0_1_1_1_1_1_1_1_0_1,1,6.6666666666666675e-6,9.428090415820634e-6,0.28078817733990147,240.0
0_1_0_0_1_0_0_0_0_1_0_1_0_0_1_0_1_1_0_1_1_0_0_0_0_0_0_1_1_0_1_1_0_0_0_0_0_1_0_1_1_0_0_1_1_1_1_1_1_1_0_1,1,6.6666666666666675e-6,4.714045207910318e-6,0.27586206896551724,270.0
1_0_1_1_0_1_1_0_1_0_1_0_0_1_0_1_0_0_0_0_0_1_1_1_0_1_1_1_0_1_0_0_1_0_1_1_1_0_1_0_1_1_1_1_0_1_0_1_0_0_1_1,1,6.6666666666666675e-6,4.714045207910318e-6,0.29064039408866993,240.0
1_0_1_1_0_1_1_1_1_0_1_0_0_1_0_1_0_0_0_0_0_1_1_1_0_1_1_0_0_1_0_0_1_0_1_1_1_0_1_0_1_1_1_1_0_1_0_1_0_0_1_1,1,6.6666666666666675e-6,4.714045207910318e-6,0.27586206896551724,190.0
0_1_1_0_1_0_0_1_1_1_1_0_1_1_1_0_0_1_0_0_0_1_1_1_1_1_0_1_0_0_1_1_1_0_0_0_1_1_1_1_1_1_0_1_1_1_0_1_1_0_1_1,1,6.6666666666666675e-6,4.714045207910318e-6,0.2955665024630542,135.0
0_0_0_0_0_1_0_0_0_1_0_0_0_0_0_0_0_0_0_0_1_1_1_0_1_1_0_0_0_0_0_1_1_0_0_0_1_0_1_1_1_0_0_1_1_1_0_1_1_1_0_1,0,6.6666666666666675e-6,4.714045207910318e-6,0.1625615763546798,1001.0
1_1_1_1_1_1_1_1_0_0_0_1_1_0_1_1_0_1_1_0_1_1_1_1_1_1_1_0_0_1_1_0_1_1_1_1_1_1_1_0_0_1_1_0_1_0_1_0_0_0_1_0,1,6.6666666666666675e-6,9.428090415820634e-6,0.29064039408866993,210.0
0_1_1_0_1_1_1_1_1_0_1_0_1_1_1_1_0_1_0_0_0_0_0_1_1_0_0_0_1_0_1_1_0_0_1_1_0_1_0_1_1_1_1_1_1_1_0_1_0_0_1_0,1,6.6666666666666675e-6,9.428090415820634e-6,0.2660098522167488,140.0
0_1_1_0_1_0_0_1_1_1_1_0_1_1_1_0_0_1_0_0_0_1_1_1_1_1_0_1_0_0_1_1_1_0_0_1_1_1_1_1_1_1_0_1_1_1_0_1_1_0_0_1,1,6.6666666666666675e-6,4.714045207910318e-6,0.2955665024630542,350.0
1_1_1_1_1_1_1_1_1_0_1_0_1_1_0_1_0_0_1_0_0_1_1_1_0_1_1_0_0_1_0_0_1_1_1_1_1_1_1_0_0_1_1_0_0_0_0_0_0_0_1_0,1,6.6666666666666675e-6,4.714045207910318e-6,0.3103448275862069,365.0
0_1_0_0_1_1_1_0_0_0_0_1_1_1_0_0_1_1_0_1_1_1_1_1_1_1_0_0_0_0_1_1_1_0_1_1_1_1_1_1_1_0_1_1_1_1_0_1_1_1_1_1,1,6.6666666666666675e-6,9.428090415820634e-6,0.2561576354679803,275.0
0_1_1_0_1_1_1_1_1_0_1_1_1_0_0_1_0_0_1_0_0_0_0_1_1_0_0_0_1_0_0_1_0_1_1_1_0_1_0_1_0_1_1_0_0_0_1_0_0_0_1_0,1,6.6666666666666675e-6,4.714045207910318e-6,0.30049261083743845,275.0
1_0_0_1_0_0_0_0_0_1_1_0_0_0_1_0_0_1_0_0_0_1_1_0_0_1_1_1_0_1_1_0_1_0_0_0_1_0_1_0_1_1_0_1_0_1_0_1_1_1_0_1,1,6.6666666666666675e-6,4.714045207910318e-6,0.3103448275862069,185.0
0_0_1_0_0_1_0_1_1_1_1_0_0_0_0_0_0_0_0_0_0_0_0_0_0_0_0_0_1_0_0_1_0_0_0_0_0_0_0_1_1_1_0_1_1_1_1_1_1_1_0_1,1,6.6666666666666675e-6,4.714045207910318e-6,0.28078817733990147,175.0
1_1_1_1_1_1_1_1_0_0_0_1_1_0_1_1_0_1_1_0_1_1_1_1_0_1_1_1_0_1_1_0_1_1_1_1_1_1_1_0_0_1_1_0_1_0_1_0_0_0_1_0,1,6.6666666666666675e-6,9.428090415820634e-6,0.3054187192118227,265.0
0_1_0_0_1_0_1_0_0_0_0_1_1_1_0_0_1_1_0_1_1_1_1_1_1_1_0_1_0_0_1_1_1_0_1_1_1_1_1_1_1_0_1_1_1_1_0_1_1_1_1_1,1,6.6666666666666675e-6,9.428090415820634e-6,0.2660098522167488,240.0
1_1_1_1_1_1_1_0_1_0_1_0_1_1_1_1_0_1_1_0_0_1_1_1_1_1_1_0_0_1_1_0_1_1_1_1_1_1_1_0_0_0_1_0_1_0_0_0_0_0_1_0,1,6.6666666666666675e-6,9.428090415820634e-6,0.30049261083743845,190.0
1_0_1_1_0_0_0_0_0_1_1_0_0_1_0_0_0_0_0_0_0_1_1_0_0_1_1_1_0_1_0_0_1_0_0_0_1_0_1_0_1_1_0_1_0_1_0_1_1_1_0_1,1,6.6666666666666675e-6,4.714045207910318e-6,0.2857142857142857,315.0
0_0_1_0_0_1_1_1_1_0_1_0_0_1_0_1_0_0_0_0_0_0_0_1_1_0_0_1_1_0_0_1_0_0_1_1_0_0_0_1_1_1_1_1_0_1_0_1_0_0_1_1,1,6.6666666666666675e-6,4.714045207910318e-6,0.2857142857142857,150.0
1_0_1_1_0_0_0_0_0_1_1_0_0_0_0_0_0_0_1_0_0_1_1_0_1_1_1_1_0_1_0_0_1_1_0_0_1_0_1_0_0_1_0_0_0_0_1_0_1_1_0_1,1,6.6666666666666675e-6,9.428090415820634e-6,0.2561576354679803,305.0
1_0_1_1_0_1_1_1_1_0_1_0_1_1_1_1_0_0_1_0_0_1_1_1_1_1_1_0_0_1_0_0_1_1_1_1_1_0_1_0_0_1_1_0_0_0_0_0_0_0_1_0,1,6.6666666666666675e-6,4.714045207910318e-6,0.2660098522167488,295.0
0_1_1_0_1_0_1_0_0_0_0_1_0_1_0_1_0_0_1_0_1_0_0_0_1_0_0_0_1_0_0_1_0_1_0_0_0_1_0_1_0_1_1_0_1_0_1_0_0_0_0_0,1,6.6666666666666675e-6,9.428090415820634e-6,0.3054187192118227,295.0
1_1_1_1_1_1_1_1_1_0_1_0_1_1_1_1_0_1_1_0_0_1_1_1_0_1_1_0_0_1_1_0_1_1_1_1_1_1_1_0_0_1_1_0_1_0_0_0_0_0_1_0,1,6.6666666666666675e-6,9.428090415820634e-6,0.2857142857142857,285.0
1_0_0_1_0_0_0_1_0_1_0_1_0_0_0_1_1_0_1_1_1_1_1_0_1_1_1_0_0_1_0_0_1_1_0_0_1_0_1_0_0_0_0_0_1_0_1_0_0_1_0_0,1,6.6666666666666675e-6,9.428090415820634e-6,0.3103448275862069,245.0
1_0_1_1_0_1_1_1_0_0_0_1_0_0_0_1_0_0_1_0_1_0_0_0_0_0_1_0_1_1_0_0_0_1_0_0_0_0_0_0_0_1_1_0_1_0_1_0_0_1_0_0,1,6.6666666666666675e-6,4.714045207910318e-6,0.2857142857142857,155.0
0_0_0_0_0_0_0_0_0_1_0_0_0_1_1_0_0_1_0_0_0_0_0_0_0_0_0_1_1_0_1_1_0_0_0_0_0_0_0_1_1_1_0_1_1_1_0_1_1_1_0_1,1,6.6666666666666675e-6,4.714045207910318e-6,0.3054187192118227,310.0
1_1_1_1_1_1_1_1_1_0_1_0_1_1_1_0_0_1_0_0_0_1_1_1_0_1_1_1_0_1_1_0_1_0_1_1_1_1_1_0_1_1_1_1_0_1_0_1_1_0_1_1,1,6.6666666666666675e-6,4.714045207910318e-6,0.3054187192118227,180.0
0_0_1_0_0_1_1_1_1_0_1_0_1_1_1_1_0_1_1_0_0_0_0_1_1_0_0_1_1_0_1_1_0_1_1_1_0_0_0_1_0_1_1_0_0_0_1_0_0_0_1_0,1,6.6666666666666675e-6,4.714045207910318e-6,0.23645320197044334,145.0
0_0_0_0_0_0_0_0_0_1_1_0_0_0_1_0_0_1_0_0_0_0_0_0_0_0_0_1_1_0_1_1_0_0_0_0_0_0_0_1_1_1_0_1_0_1_0_1_1_1_0_1,1,6.6666666666666675e-6,4.714045207910318e-6,0.3054187192118227,310.0
1_1_1_1_1_1_1_0_1_0_1_0_1_1_1_1_0_1_1_0_0_1_1_1_0_1_1_0_0_1_1_0_1_1_1_1_1_1_1_0_0_1_1_0_1_0_0_0_0_0_1_0,1,6.6666666666666675e-6,4.714045207910318e-6,0.2955665024630542,240.0
0_0_0_0_0_0_0_1_1_1_0_1_0_0_0_0_1_0_1_1_1_0_0_0_1_0_0_0_1_0_0_1_0_1_0_0_0_0_0_1_0_0_0_0_1_0_1_0_1_1_0_1,1,6.6666666666666675e-6,9.428090415820634e-6,0.270935960591133,255.0
0_0_1_0_0_1_0_0_1_1_1_0_0_0_0_0_0_0_1_0_0_0_0_0_1_0_0_0_1_0_0_1_0_1_0_0_0_0_0_1_0_1_0_0_0_0_1_0_1_1_0_1,1,6.6666666666666675e-6,4.714045207910318e-6,0.2660098522167488,285.0
0_1_0_0_1_1_1_0_0_0_0_1_1_1_0_1_1_0_1_1_1_0_0_1_1_0_0_0_1_0_0_1_0_1_1_1_0_1_0_1_0_0_1_0_1_0_0_0_0_0_1_0,1,6.6666666666666675e-6,4.714045207910318e-6,0.3103448275862069,140.0
0_0_0_0_0_0_0_0_0_1_1_0_0_0_0_0_1_0_1_1_1_0_0_0_1_0_0_0_1_0_0_1_0_1_0_0_0_0_0_1_0_0_0_0_0_0_0_0_1_1_0_1,1,6.6666666666666675e-6,4.714045207910318e-6,0.26108374384236455,185.0
0_0_1_0_0_0_0_0_1_1_1_0_0_1_0_1_0_0_0_0_0_1_1_0_1_1_0_1_0_0_0_1_1_0_0_0_1_0_1_1_1_1_0_1_0_1_1_1_0_0_0_1,1,6.6666666666666675e-6,4.714045207910318e-6,0.2512315270935961,325.0
0_1_0_0_1_0_0_0_0_1_0_1_1_0_1_0_1_1_0_1_1_0_0_0_1_0_0_1_1_0_1_1_0_0_0_0_0_1_0_1_1_0_0_1_1_1_1_1_1_1_0_0,1,6.6666666666666675e-6,9.428090415820634e-6,0.270935960591133,330.0
0_0_1_0_0_1_1_0_1_0_1_0_0_1_0_1_0_0_0_0_0_0_0_1_0_0_0_0_1_0_0_1_0_0_1_1_0_0_0_1_1_1_1_1_0_1_0_1_0_0_1_1,1,6.6666666666666675e-6,4.714045207910318e-6,0.28078817733990147,290.0
0_1_1_0_1_1_1_1_1_0_1_0_1_1_1_0_0_1_0_0_0_0_0_1_1_0_0_1_1_0_1_1_0_0_1_1_0_1_0_1_1_1_1_1_0_1_1_1_1_0_1_1,1,6.6666666666666675e-6,4.714045207910318e-6,0.2955665024630542,205.0
1_0_0_1_0_1_1_0_0_0_0_1_0_0_1_1_1_0_1_1_1_0_0_0_0_0_1_0_1_1_0_0_0_1_0_0_0_0_0_0_0_0_1_0_0_0_1_0_0_0_0_0,1,6.6666666666666675e-6,4.714045207910318e-6,0.2660098522167488,260.0
1_0_0_1_0_0_0_0_0_1_1_0_0_0_0_0_1_0_1_1_1_1_1_0_0_1_1_1_0_1_0_0_1_1_0_0_1_0_1_0_0_0_0_0_0_0_0_0_1_1_0_1,1,6.6666666666666675e-6,4.714045207910318e-6,0.26108374384236455,225.0
0_1_1_0_1_1_1_0_0_0_1_0_1_1_1_1_0_1_0_0_0_0_0_1_0_0_0_0_1_0_1_1_0_0_1_1_0_1_0_1_1_1_1_1_0_1_0_1_0_0_1_0,1,6.6666666666666675e-6,4.714045207910318e-6,0.26108374384236455,340.0
0_1_1_0_1_1_1_0_1_0_1_0_1_1_0_0_0_1_0_0_0_1_1_1_1_1_0_0_0_0_1_1_1_0_1_1_1_1_1_1_1_0_1_1_1_1_0_1_1_1_1_1,1,6.6666666666666675e-6,9.428090415820634e-6,0.2561576354679803,290.0
1_0_0_1_0_0_0_0_0_1_1_0_0_0_1_0_1_1_0_1_1_1_1_0_0_1_1_1_0_1_1_0_1_0_0_0_1_0_1_0_1_0_0_1_0_1_0_1_1_1_0_1,1,6.6666666666666675e-6,4.714045207910318e-6,0.30049261083743845,290.0
0_1_0_0_1_1_1_1_0_0_0_1_1_1_0_0_1_1_0_1_0_1_1_1_1_1_0_1_0_0_1_1_1_0_1_1_1_1_1_1_1_0_1_1_1_1_0_1_1_1_1_1,1,6.6666666666666675e-6,4.714045207910318e-6,0.2660098522167488,245.0
0_1_0_0_1_0_0_1_0_1_0_1_0_0_0_0_1_1_0_1_1_0_0_0_0_0_0_1_1_0_1_1_0_0_0_0_0_1_0_1_1_1_0_1_1_1_1_1_1_1_0_1,1,6.6666666666666675e-6,4.714045207910318e-6,0.29064039408866993,220.0
1_1_1_1_1_1_1_1_1_0_1_1_1_0_1_1_0_1_1_0_0_1_1_1_0_1_1_1_0_1_1_0_1_1_1_1_1_1_1_0_0_1_1_0_0_0_1_0_0_0_1_0,1,6.6666666666666675e-6,9.428090415820634e-6,0.2857142857142857,240.0
1_0_0_1_0_0_0_0_0_1_0_1_0_0_0_0_1_0_1_1_1_1_1_0_1_1_1_1_0_1_0_0_1_1_0_0_1_0_1_0_0_1_0_0_0_0_1_0_1_1_0_1,1,6.6666666666666675e-6,4.714045207910318e-6,0.270935960591133,165.0
1_0_0_1_0_0_0_0_0_1_1_0_0_0_0_0_1_0_0_1_1_1_1_0_0_1_1_0_0_1_0_0_1_0_0_0_1_0_1_0_1_0_0_1_0_1_0_1_1_1_0_1,1,6.6666666666666675e-6,4.714045207910318e-6,0.28078817733990147,275.0
1_0_0_1_0_1_1_0_0_0_0_1_0_0_0_1_1_0_1_1_1_0_0_0_0_0_1_0_1_1_0_0_0_1_0_0_0_0_0_0_0_0_1_0_0_0_1_0_0_1_0_0,1,6.6666666666666675e-6,4.714045207910318e-6,0.28078817733990147,285.0
0_1_1_0_1_0_1_0_0_0_0_1_1_1_1_1_1_1_0_1_1_1_1_1_1_1_0_0_0_0_1_1_1_0_1_1_1_1_1_1_1_0_1_1_1_1_1_1_0_0_0_0,0,6.6666666666666675e-6,4.714045207910318e-6,0.1921182266009852,1001.0
1_1_0_1_1_1_1_1_0_0_0_1_1_0_1_1_1_1_1_1_1_1_1_1_1_1_1_1_0_1_1_0_1_1_1_1_1_1_1_0_0_0_1_0_1_0_1_0_0_0_1_0,1,6.6666666666666675e-6,4.714045207910318e-6,0.28078817733990147,225.0
0_1_1_0_1_1_1_1_1_0_1_0_1_1_0_0_0_1_0_0_0_0_0_1_1_0_0_1_1_0_1_1_0_0_1_1_0_1_0_1_1_1_1_1_1_1_0_1_1_1_1_1,1,6.6666666666666675e-6,9.428090415820634e-6,0.3054187192118227,275.0
1_0_0_1_0_1_1_0_0_0_0_1_0_0_0_1_1_0_1_1_1_0_0_0_0_0_1_1_1_1_0_0_0_1_1_1_0_0_0_0_0_1_1_0_0_0_1_0_0_1_1_0,1,6.6666666666666675e-6,9.428090415820634e-6,0.2955665024630542,385.0
1_1_1_1_1_1_1_1_1_0_1_1_1_0_0_0_0_1_0_0_0_1_1_1_0_1_1_1_0_1_1_0_1_0_1_1_1_1_1_0_1_1_1_1_0_1_1_1_1_1_1_1,1,6.6666666666666675e-6,4.714045207910318e-6,0.3054187192118227,220.0
1_0_1_1_0_0_0_0_1_1_1_0_0_1_0_0_0_0_1_0_0_1_1_0_0_1_1_0_0_1_0_0_1_1_0_0_1_0_1_0_0_1_0_0_0_0_0_0_1_1_0_1,1,6.6666666666666675e-6,9.428090415820634e-6,0.270935960591133,525.0
0_1_0_0_1_1_1_1_0_0_0_1_1_0_1_1_1_1_1_1_1_0_0_1_1_0_0_0_1_0_1_1_0_1_1_1_0_1_0_1_0_0_1_0_1_0_1_0_0_0_1_0,1,6.6666666666666675e-6,9.428090415820634e-6,0.28078817733990147,240.0
1_0_1_1_0_1_0_1_1_1_1_0_0_0_0_0_0_0_1_0_0_1_1_0_1_1_1_0_0_1_0_0_1_1_0_0_1_0_1_0_0_1_0_0_1_0_1_0_1_1_0_1,1,6.6666666666666675e-6,9.428090415820634e-6,0.26108374384236455,210.0
1_0_1_1_0_0_0_0_1_1_1_0_0_1_0_0_0_0_0_0_0_1_1_0_0_1_1_0_0_1_0_0_1_0_0_0_1_0_1_0_1_0_0_1_0_1_0_1_1_1_0_1,1,6.6666666666666675e-6,4.714045207910318e-6,0.29064039408866993,415.0
1_1_1_1_1_1_1_1_1_0_1_1_1_0_0_1_1_0_1_1_0_1_1_1_0_1_1_0_0_1_0_0_1_1_1_1_1_1_1_0_0_0_1_0_0_0_1_0_0_0_1_0,1,6.6666666666666675e-6,9.428090415820634e-6,0.32019704433497537,230.0
0_0_1_0_0_0_0_1_1_1_1_0_0_0_1_0_0_1_0_0_0_0_0_0_1_0_0_1_1_0_1_1_0_0_0_0_0_0_0_1_1_1_0_1_1_1_1_1_1_1_0_1,1,6.6666666666666675e-6,4.714045207910318e-6,0.31527093596059114,315.0
1_1_1_1_1_1_1_0_1_0_1_0_1_1_1_1_0_1_0_0_0_1_1_1_0_1_1_0_0_1_1_0_1_0_1_1_1_1_1_0_1_0_1_1_1_1_0_1_0_0_1_0,1,6.6666666666666675e-6,4.714045207910318e-6,0.2857142857142857,200.0
1_1_0_1_1_0_0_0_0_1_0_1_1_0_1_0_1_1_0_1_1_1_1_0_0_1_1_0_0_1_1_0_1_0_0_0_1_1_1_0_1_0_0_1_1_1_1_1_1_1_0_0,1,6.6666666666666675e-6,4.714045207910318e-6,0.270935960591133,185.0
0_0_0_0_0_1_0_1_0_1_0_1_1_0_1_0_1_1_0_1_1_1_1_1_1_1_0_0_0_0_1_1_1_0_1_1_1_0_1_1_1_0_0_1_0_1_0_1_1_1_1_1,1,6.6666666666666675e-6,4.714045207910318e-6,0.27586206896551724,375.0
0_1_1_0_1_1_1_1_0_0_0_1_1_0_1_1_0_1_0_0_1_0_0_1_1_0_0_1_1_0_1_1_0_0_1_1_0_1_0_1_1_1_1_1_1_1_1_1_0_0_1_0,1,6.6666666666666675e-6,4.714045207910318e-6,0.2857142857142857,295.0
1_0_1_1_0_0_0_1_1_1_1_0_0_1_0_0_0_0_1_0_0_1_1_0_1_1_1_0_0_1_0_0_1_1_0_0_1_0_1_0_0_1_0_0_0_0_1_0_1_1_0_1,1,6.6666666666666675e-6,4.714045207910318e-6,0.2561576354679803,180.0
0_0_1_0_0_1_0_0_1_1_1_0_0_0_0_0_0_0_0_0_0_0_0_0_1_0_0_0_1_0_0_1_0_0_0_0_0_0_0_1_1_1_0_1_0_1_1_1_1_1_0_1,1,6.6666666666666675e-6,9.428090415820634e-6,0.29064039408866993,230.0
1_0_0_1_0_0_0_1_0_1_0_1_0_0_1_1_1_0_1_1_1_0_0_0_0_0_1_1_1_1_0_0_0_1_0_0_0_0_0_0_0_1_0_0_0_0_1_0_0_0_0_0,1,6.6666666666666675e-6,4.714045207910318e-6,0.2561576354679803,325.0
0_0_0_0_0_0_0_0_0_1_0_1_0_0_0_1_1_0_1_1_1_0_0_0_1_0_0_0_1_0_0_1_0_1_0_0_0_0_0_1_0_0_0_0_1_0_0_0_0_1_0_0,1,6.6666666666666675e-6,4.714045207910318e-6,0.29064039408866993,205.0
1_0_1_1_0_1_1_0_0_0_0_1_0_0_0_1_0_0_1_0_1_0_0_0_0_0_1_0_1_1_0_0_0_1_0_0_0_0_0_0_0_1_1_0_1_0_1_0_0_1_0_0,1,6.6666666666666675e-6,9.428090415820634e-6,0.27586206896551724,295.0
1_0_1_1_0_0_0_0_0_1_1_0_0_1_0_0_0_0_1_0_0_1_1_0_1_1_1_0_0_1_0_0_1_1_0_0_1_0_1_0_0_1_0_0_0_0_0_0_1_1_0_1,1,6.6666666666666675e-6,4.714045207910318e-6,0.2660098522167488,280.0
0_1_0_0_1_0_0_0_0_1_0_1_0_0_1_0_1_1_0_1_1_0_0_0_0_0_0_1_1_0_1_1_0_0_0_0_0_1_0_1_1_1_0_1_1_1_1_1_1_1_0_1,1,6.6666666666666675e-6,4.714045207910318e-6,0.29064039408866993,210.0
0_0_1_0_0_1_1_1_1_0_1_1_1_0_1_1_0_0_1_0_0_0_0_1_1_0_0_1_1_0_0_1_0_1_1_1_0_0_0_1_0_1_1_0_0_0_1_0_0_0_1_0,1,6.6666666666666675e-6,4.714045207910318e-6,0.28078817733990147,140.0
0_0_1_0_0_1_1_1_1_0_1_0_1_1_0_1_0_0_1_0_0_0_0_1_1_0_0_0_1_0_0_1_0_1_1_1_0_0_0_1_0_1_1_0_0_0_0_0_0_0_1_0,1,6.6666666666666675e-6,9.428090415820634e-6,0.28078817733990147,235.0
0_1_1_0_1_0_0_1_1_1_1_0_1_1_0_0_0_1_0_0_0_1_1_1_1_1_0_1_0_0_1_1_1_0_1_1_1_1_1_1_1_1_0_1_0_1_0_1_1_1_1_1,1,6.6666666666666675e-6,4.714045207910318e-6,0.2561576354679803,220.0
0_1_0_0_1_1_1_1_0_0_0_1_1_0_1_0_1_1_0_1_1_1_1_1_1_1_0_1_0_0_1_1_1_0_1_1_1_1_1_1_1_0_1_1_1_1_0_1_1_1_1_0,1,6.6666666666666675e-6,4.714045207910318e-6,0.23645320197044334,245.0
0_1_1_0_1_1_1_1_1_0_0_1_1_0_1_0_0_1_0_0_1_1_1_1_1_1_0_1_0_0_1_1_1_0_1_1_1_1_1_1_1_1_1_1_1_1_1_1_1_1_1_0,1,6.6666666666666675e-6,4.714045207910318e-6,0.26108374384236455,370.0
1_1_0_1_1_1_1_1_1_0_0_1_1_1_0_1_1_0_1_1_1_1_1_1_1_1_1_0_0_1_0_0_1_1_1_1_1_1_1_0_0_0_1_0_1_0_0_0_0_0_1_0,1,6.6666666666666675e-6,4.714045207910318e-6,0.3103448275862069,135.0
0_1_0_0_1_1_1_1_0_0_0_1_1_1_1_1_1_1_0_1_1_0_0_1_0_0_0_0_1_0_1_1_0_0_1_1_0_1_0_1_1_0_1_1_0_1_0_1_0_0_1_0,1,6.6666666666666675e-6,4.714045207910318e-6,0.2512315270935961,155.0
1_1_0_1_1_0_1_1_0_0_0_1_1_1_0_1_1_0_1_1_1_0_0_1_0_0_1_1_1_1_0_0_0_1_1_1_0_1_0_0_0_0_1_0_0_0_0_0_0_0_1_0,1,6.6666666666666675e-6,4.714045207910318e-6,0.2561576354679803,410.0
0_0_1_0_0_1_1_1_1_0_1_0_0_1_0_1_0_0_1_0_0_0_0_1_1_0_0_0_1_0_0_1_0_1_1_1_0_0_0_1_0_0_1_0_0_0_0_0_0_0_1_1,1,6.6666666666666675e-6,9.428090415820634e-6,0.28078817733990147,235.0
0_1_1_0_1_1_1_1_1_0_0_1_1_0_1_1_0_1_0_0_1_0_0_1_0_0_0_0_1_0_1_1_0_0_1_1_0_1_0_1_1_1_1_1_1_1_1_1_0_0_1_0,1,6.6666666666666675e-6,4.714045207910318e-6,0.27586206896551724,270.0
0_1_1_0_1_0_1_1_0_0_0_1_1_1_1_1_0_1_0_1_1_0_0_1_1_0_0_0_1_0_1_1_0_0_1_1_0_1_0_1_1_0_1_1_1_1_1_1_0_0_0_0,0,6.6666666666666675e-6,4.714045207910318e-6,0.2512315270935961,1001.0
1_1_1_1_1_1_1_1_1_0_1_0_1_1_1_1_0_1_1_0_0_1_1_1_0_1_1_0_0_1_1_0_1_1_1_1_1_1_1_0_0_1_1_0_1_0_1_0_0_0_1_0,1,6.6666666666666675e-6,4.714045207910318e-6,0.270935960591133,245.0
0_0_0_0_0_1_0_0_0_1_1_0_0_0_0_0_0_0_0_0_0_1_1_0_1_1_0_0_0_0_0_1_1_0_0_0_1_0_1_1_1_0_0_1_0_1_0_1_1_1_1_1,0,6.6666666666666675e-6,4.714045207910318e-6,0.19704433497536947,1001.0
0_0_0_0_0_1_0_0_1_1_1_0_0_0_0_0_1_0_0_1_0_1_1_0_1_1_0_0_0_0_0_1_1_0_0_0_1_0_1_1_1_0_0_1_0_1_0_1_1_1_1_1,0,6.6666666666666675e-6,4.714045207910318e-6,0.1921182266009852,1001.0
1_1_0_1_1_0_0_0_0_1_0_1_0_0_1_0_1_1_0_1_1_1_1_0_0_1_1_1_0_1_1_0_1_0_0_0_1_1_1_0_1_0_0_1_1_1_1_1_1_1_0_1,1,6.6666666666666675e-6,4.714045207910318e-6,0.28078817733990147,265.0
0_1_1_0_1_1_1_1_1_0_0_1_1_1_0_0_0_1_0_0_0_0_0_1_1_0_0_1_1_0_1_1_0_0_1_1_0_1_0_1_1_1_1_1_1_1_1_1_1_1_1_1,1,6.6666666666666675e-6,4.714045207910318e-6,0.3103448275862069,210.0
0_0_0_0_0_1_0_0_0_1_0_0_0_0_0_0_1_0_0_1_0_1_1_0_1_1_0_1_0_0_0_1_1_0_0_0_1_0_1_1_1_0_0_1_1_1_0_1_1_1_0_1,0,6.6666666666666675e-6,4.714045207910318e-6,0.15270935960591134,1001.0
0_1_1_0_1_1_1_0_0_0_1_0_1_1_1_1_0_1_0_0_0_0_0_1_1_0_0_0_1_0_1_1_0_0_1_1_0_1_0_1_1_1_1_1_0_1_0_1_0_0_1_0,1,6.6666666666666675e-6,4.714045207910318e-6,0.270935960591133,205.0
0_0_1_0_0_1_0_0_0_1_1_0_0_0_1_0_0_1_0_0_0_0_0_0_0_0_0_0_1_0_1_1_0_0_0_0_0_0_0_1_1_1_0_1_0_1_1_1_1_1_0_1,1,6.6666666666666675e-6,4.714045207910318e-6,0.32019704433497537,275.0
0_0_0_0_0_0_0_0_0_1_0_1_0_0_0_0_1_0_0_1_1_0_0_0_1_0_0_0_1_0_0_1_0_0_0_0_0_0_0_1_1_0_0_1_0_1_0_1_1_1_0_1,1,6.6666666666666675e-6,4.714045207910318e-6,0.27586206896551724,255.0
0_1_1_0_1_1_1_1_1_0_1_0_1_1_1_1_0_1_0_0_0_0_0_1_1_0_0_0_1_0_1_1_0_0_1_1_0_1_0_1_1_0_1_1_1_1_0_1_0_0_1_0,1,6.6666666666666675e-6,4.714045207910318e-6,0.28078817733990147,180.0
0_0_1_0_0_1_1_1_1_0_1_0_0_1_0_1_0_0_1_0_0_0_0_1_1_0_0_1_1_0_0_1_0_1_1_1_0_0_0_1_0_1_1_0_0_0_1_0_0_0_1_1,1,6.6666666666666675e-6,4.714045207910318e-6,0.2561576354679803,255.0
0_1_1_0_1_1_1_1_1_0_0_1_1_1_1_1_1_1_0_1_1_1_1_1_1_1_0_0_0_0_1_1_1_0_1_1_1_1_1_1_1_1_1_1_1_1_1_1_0_0_1_0,0,6.6666666666666675e-6,4.714045207910318e-6,0.19704433497536947,1001.0
1_1_1_1_1_1_1_1_1_0_0_1_1_1_1_1_0_1_0_0_0_1_1_1_0_1_1_1_0_1_1_0_1_0_1_1_1_1_1_0_1_1_1_1_1_1_1_1_0_0_1_0,1,6.6666666666666675e-6,4.714045207910318e-6,0.26108374384236455,330.0
1_0_0_1_0_0_0_0_1_1_1_0_0_1_0_0_1_0_1_1_0_1_1_0_1_1_1_0_0_1_0_0_1_1_0_0_1_0_1_0_0_0_0_0_0_0_0_0_1_1_0_1,1,6.6666666666666675e-6,4.714045207910318e-6,0.27586206896551724,200.0
0_0_1_0_0_1_1_1_1_0_1_0_0_1_0_1_0_0_0_0_0_0_0_1_1_0_0_0_1_0_0_1_0_0_1_1_0_0_0_1_1_0_1_1_0_1_0_1_0_0_1_1,1,6.6666666666666675e-6,9.428090415820634e-6,0.2955665024630542,240.0
1_0_1_1_0_1_1_1_1_0_1_0_0_1_0_1_0_0_1_0_0_1_1_1_0_1_1_0_0_1_0_0_1_1_1_1_1_0_1_0_0_1_1_0_0_0_0_0_0_0_1_1,1,6.6666666666666675e-6,9.428090415820634e-6,0.270935960591133,225.0
1_1_0_1_1_0_0_1_0_1_0_1_1_0_1_0_1_1_0_1_1_1_1_0_0_1_1_1_0_1_1_0_1_0_0_0_1_1_1_0_1_0_0_1_1_1_1_1_1_1_0_0,1,6.6666666666666675e-6,9.428090415820634e-6,0.27586206896551724,225.0
1_0_0_1_0_0_0_0_0_1_0_1_0_0_1_1_1_0_1_1_1_1_1_0_1_1_1_1_0_1_0_0_1_1_0_0_1_0_1_0_0_0_0_0_1_0_0_0_0_0_0_0,1,6.6666666666666675e-6,9.428090415820634e-6,0.2660098522167488,200.0
1_0_1_1_0_1_1_1_1_0_1_0_1_1_0_1_0_0_1_0_0_1_1_1_1_1_1_0_0_1_0_0_1_1_1_1_1_0_1_0_0_1_1_0_0_0_0_0_0_0_1_0,1,6.6666666666666675e-6,9.428090415820634e-6,0.27586206896551724,275.0
1_0_1_1_0_1_1_1_1_0_1_0_1_1_1_1_0_0_1_0_0_1_1_1_0_1_1_1_0_1_0_0_1_1_1_1_1_0_1_0_0_1_1_0_0_0_1_0_0_0_1_0,1,6.6666666666666675e-6,9.428090415820634e-6,0.2660098522167488,200.0
1_0_0_1_0_0_0_0_0_1_1_0_0_1_0_0_1_0_1_1_0_1_1_0_0_1_1_0_0_1_0_0_1_1_0_0_1_0_1_0_0_0_0_0_0_0_0_0_1_1_0_1,1,6.6666666666666675e-6,9.428090415820634e-6,0.29064039408866993,290.0
1_0_0_1_0_0_0_0_0_1_0_1_0_0_0_1_1_0_1_1_1_1_1_0_1_1_1_1_0_1_0_0_1_1_0_0_1_0_1_0_0_0_0_0_1_0_0_0_0_1_0_0,1,6.6666666666666675e-6,9.428090415820634e-6,0.28078817733990147,155.0
1_1_0_1_1_1_1_1_0_0_0_1_1_0_1_0_1_1_1_1_1_0_0_1_0_0_1_1_1_1_1_0_0_1_1_1_0_1_0_0_0_0_1_0_1_0_1_0_1_1_1_0,1,6.6666666666666675e-6,9.428090415820634e-6,0.26108374384236455,275.0
1_0_0_1_0_1_0_0_1_1_1_0_0_0_0_0_1_0_1_1_0_0_0_0_0_0_1_1_1_1_0_0_0_1_0_1_0_0_0_0_0_1_0_0_0_0_0_0_1_1_1_1,0,6.6666666666666675e-6,9.428090415820634e-6,0.1921182266009852,1001.0
0_1_0_0_1_1_1_1_1_0_0_1_1_0_1_1_1_1_0_1_1_0_0_1_1_0_0_1_1_0_1_1_0_0_1_1_0_1_0_1_1_0_1_1_1_1_1_1_0_0_1_0,1,6.6666666666666675e-6,9.428090415820634e-6,0.27586206896551724,260.0
0_1_1_0_1_1_1_1_1_0_1_0_1_1_1_0_0_1_0_0_0_1_1_1_1_1_0_0_0_0_1_1_1_0_1_1_1_1_1_1_1_0_1_1_1_1_0_1_1_0_1_1,1,6.6666666666666675e-6,9.428090415820634e-6,0.26108374384236455,230.0
0_1_1_0_1_1_1_0_0_0_1_0_1_1_1_1_0_1_0_0_0_0_0_1_0_0_0_0_1_0_1_1_0_0_1_1_0_1_0_1_1_0_1_1_0_1_0_1_0_0_1_0,1,6.6666666666666675e-6,9.428090415820634e-6,0.27586206896551724,270.0
1_0_1_1_0_1_1_1_1_0_1_0_1_1_1_1_0_0_1_0_0_1_1_1_1_1_1_0_0_1_0_0_1_1_1_1_1_0_1_0_0_0_1_0_0_0_0_0_0_0_1_0,1,6.6666666666666675e-6,9.428090415820634e-6,0.28078817733990147,190.0
1_0_0_1_0_1_1_0_0_0_1_0_0_0_1_1_0_0_1_0_1_1_1_0_1_1_1_1_0_1_0_0_1_1_0_0_1_0_1_0_0_1_1_0_0_0_0_0_0_0_1_0,1,6.6666666666666675e-6,9.428090415820634e-6,0.33004926108374383,265.0
1_0_1_1_0_1_1_1_1_0_1_0_0_1_0_1_0_0_1_0_0_1_1_1_0_1_1_0_0_1_0_0_1_1_1_1_1_0_1_0_0_0_1_0_0_0_0_0_0_0_1_1,1,6.6666666666666675e-6,9.428090415820634e-6,0.2857142857142857,135.0
1_1_0_1_1_1_1_1_1_0_0_1_1_0_1_0_1_1_1_1_1_0_0_1_0_0_1_1_1_1_1_0_0_1_1_1_0_1_0_0_0_1_1_0_1_0_1_0_1_1_1_0,1,6.6666666666666675e-6,9.428090415820634e-6,0.270935960591133,340.0
1_0_0_1_0_1_0_0_0_1_1_0_0_0_0_0_1_0_1_0_0_1_1_0_1_1_1_1_0_1_0_0_1_1_0_0_1_0_1_0_0_1_0_0_0_0_0_0_1_1_1_1,0,6.6666666666666675e-6,9.428090415820634e-6,0.23645320197044334,1001.0
0_0_1_0_0_0_0_1_1_1_1_0_0_0_0_0_0_0_0_0_0_0_0_0_0_0_0_1_1_0_0_1_0_0_0_0_0_0_0_1_1_1_0_1_0_1_1_1_1_1_0_1,1,6.6666666666666675e-6,9.428090415820634e-6,0.270935960591133,195.0
0_1_1_0_1_0_1_0_0_0_0_1_1_1_1_1_0_1_0_1_1_1_1_1_1_1_0_0_0_0_1_1_1_0_1_1_1_1_1_1_1_0_1_1_0_1_1_1_0_0_0_0,0,6.6666666666666675e-6,9.428090415820634e-6,0.1921182266009852,1001.0
0_1_1_0_1_0_0_1_1_1_0_1_1_1_0_0_0_1_0_0_0_1_1_1_1_1_0_1_0_0_1_1_1_0_0_0_1_1_1_1_1_1_0_1_1_1_1_1_1_1_0_1,1,6.6666666666666675e-6,9.428090415820634e-6,0.27586206896551724,260.0
0_1_1_0_1_1_1_1_0_0_0_1_1_0_1_1_0_1_1_0_1_0_0_1_1_0_0_1_1_0_1_1_0_1_1_1_0_1_0_1_0_1_1_0_1_0_1_0_0_0_1_0,1,6.6666666666666675e-6,9.428090415820634e-6,0.30049261083743845,285.0
0_0_1_0_0_1_0_1_1_1_1_0_0_0_1_0_0_1_0_0_0_0_0_0_0_0_0_0_1_0_1_1_0_0_0_0_0_0_0_1_1_1_0_1_0_1_1_1_1_1_0_1,1,6.6666666666666675e-6,9.428090415820634e-6,0.31527093596059114,145.0
1_0_0_1_0_0_0_1_0_1_0_1_0_0_0_0_1_0_1_1_1_1_1_0_1_1_1_1_0_1_0_0_1_1_0_0_1_0_1_0_0_1_0_0_0_0_1_0_1_1_0_1,1,6.6666666666666675e-6,9.428090415820634e-6,0.28078817733990147,170.0
0_1_0_0_1_0_0_1_0_1_0_1_0_0_0_0_1_1_0_1_1_0_0_0_1_0_0_1_1_0_1_1_0_0_0_0_0_1_0_1_1_0_0_1_1_1_1_1_1_1_0_1,1,6.6666666666666675e-6,9.428090415820634e-6,0.2857142857142857,325.0
0_0_1_0_0_1_1_1_1_0_1_0_1_1_1_1_0_0_1_0_0_0_0_1_1_0_0_0_1_0_0_1_0_1_1_1_0_0_0_1_0_1_1_0_0_0_1_0_0_0_1_0,1,6.6666666666666675e-6,9.428090415820634e-6,0.2561576354679803,190.0
1_1_1_1_1_1_1_1_1_0_0_1_1_1_0_1_1_0_1_1_0_1_1_1_0_1_1_0_0_1_0_0_1_1_1_1_1_1_1_0_0_0_1_0_1_0_1_0_0_0_1_0,1,6.6666666666666675e-6,9.428090415820634e-6,0.32019704433497537,305.0
1_0_0_1_0_1_0_0_0_1_0_0_0_0_0_0_0_0_1_0_1_0_0_0_0_0_1_1_1_1_0_0_0_1_0_0_0_0_0_0_0_0_0_0_1_0_0_0_1_1_0_1,0,6.6666666666666675e-6,9.428090415820634e-6,0.1477832512315271,1001.0
1_1_0_1_1_0_0_1_0_1_0_1_0_0_0_0_1_1_0_1_1_1_1_0_0_1_1_0_0_1_1_0_1_0_0_0_1_1_1_0_1_0_0_1_1_1_1_1_1_1_0_1,1,6.6666666666666675e-6,9.428090415820634e-6,0.2857142857142857,235.0
1_0_0_1_0_1_0_0_0_1_0_0_0_0_0_0_0_0_1_0_0_0_0_0_0_0_1_1_1_1_0_0_0_1_0_0_0_0_0_0_0_1_0_0_1_0_0_0_1_1_1_1,0,6.6666666666666675e-6,9.428090415820634e-6,0.13793103448275862,1001.0
1_1_1_1_1_1_1_0_1_0_1_0_1_1_1_1_0_1_1_0_0_1_1_1_1_1_1_0_0_1_1_0_1_1_1_1_1_1_1_0_0_1_1_0_1_0_0_0_0_0_1_0,1,6.6666666666666675e-6,9.428090415820634e-6,0.2857142857142857,265.0
1_0_0_1_0_1_0_0_0_1_1_0_0_0_0_0_0_0_1_1_0_0_0_0_0_0_1_0_1_1_0_0_0_1_0_0_0_0_0_0_0_0_0_0_0_0_0_0_1_1_0_1,0,6.6666666666666675e-6,9.428090415820634e-6,0.19704433497536947,1001.0
1_0_1_1_0_0_0_0_1_1_1_0_0_1_0_1_0_0_1_0_0_1_1_0_1_1_1_1_0_1_0_0_1_1_0_0_1_0_1_0_0_1_0_0_0_0_0_0_0_0_0_1,1,6.6666666666666675e-6,9.428090415820634e-6,0.2955665024630542,290.0
0_0_0_0_0_1_0_1_1_1_1_0_0_0_0_0_1_0_0_0_0_1_1_0_1_1_0_1_0_0_0_1_1_0_0_0_1_0_1_1_1_1_0_1_0_1_0_1_1_1_1_1,0,3.3333333333333337e-6,4.714045207910317e-6,0.21182266009852216,1001.0
0_0_1_0_0_1_1_1_1_0_1_0_0_1_0_1_0_0_0_0_0_0_0_1_1_0_0_0_1_0_0_1_0_0_1_1_0_0_0_1_1_1_1_1_0_1_0_1_0_0_1_1,1,3.3333333333333337e-6,4.714045207910317e-6,0.28078817733990147,260.0
1_0_0_1_0_1_1_0_0_0_1_0_0_0_1_1_1_0_1_1_1_0_0_0_0_0_1_0_1_1_0_0_0_1_1_1_0_0_0_0_0_0_1_0_0_0_0_0_0_0_1_0,1,3.3333333333333337e-6,4.714045207910317e-6,0.27586206896551724,290.0
0_1_0_0_1_0_0_0_0_1_0_1_0_0_0_0_1_1_0_1_1_0_0_0_1_0_0_1_1_0_1_1_0_0_0_0_0_1_0_1_1_0_0_1_1_1_1_1_1_1_0_1,1,3.3333333333333337e-6,4.714045207910317e-6,0.27586206896551724,300.0
1_0_0_1_0_1_0_0_0_1_0_0_0_0_0_0_0_0_1_0_0_1_1_0_0_1_1_1_0_1_0_0_1_1_0_0_1_0_1_0_0_0_0_0_1_0_0_0_1_1_0_1,0,3.3333333333333337e-6,4.714045207910317e-6,0.21182266009852216,1001.0
0_1_0_0_1_1_1_1_1_0_1_1_1_0_1_1_1_1_0_1_1_1_1_1_1_1_0_0_0_0_1_1_1_0_1_1_1_1_1_1_1_1_1_1_0_1_1_1_0_0_1_0,0,3.3333333333333337e-6,4.714045207910317e-6,0.19704433497536947,1001.0
1_1_1_1_1_0_1_1_1_0_1_1_1_1_1_1_1_1_1_0_0_0_0_1_0_0_1_1_1_1_1_0_0_1_1_1_0_1_0_0_0_1_1_0_0_0_1_0_0_0_1_0,0,3.3333333333333337e-6,4.714045207910317e-6,0.1625615763546798,1001.0
1_0_0_1_0_0_0_1_0_1_0_1_0_0_0_1_1_0_1_1_1_1_1_0_0_1_1_1_0_1_0_0_1_1_0_0_1_0_1_0_0_0_0_0_1_0_1_0_0_1_0_0,1,3.3333333333333337e-6,4.714045207910317e-6,0.31527093596059114,140.0
1_1_0_1_1_0_0_0_0_1_0_1_0_0_0_0_1_1_0_1_1_1_1_0_0_1_1_0_0_1_1_0_1_0_0_0_1_1_1_0_1_0_0_1_1_1_1_1_1_1_0_1,1,3.3333333333333337e-6,4.714045207910317e-6,0.27586206896551724,90.0
0_1_1_0_1_0_0_1_0_1_0_1_1_1_0_0_1_1_0_1_0_1_1_1_1_1_0_1_0_0_1_1_1_0_0_1_1_1_1_1_1_1_0_1_1_1_1_1_1_1_0_1,1,3.3333333333333337e-6,4.714045207910317e-6,0.28078817733990147,300.0
0_1_0_0_1_1_1_1_0_0_0_1_1_1_1_1_1_1_0_1_1_1_1_1_1_1_0_0_0_0_1_1_1_0_1_1_1_1_1_1_1_0_1_1_1_1_0_1_0_0_0_0,0,3.3333333333333337e-6,4.714045207910317e-6,0.2019704433497537,1001.0
1_1_1_1_1_1_1_1_1_0_1_0_1_1_1_1_0_1_1_0_0_1_1_1_1_1_1_0_0_1_1_0_1_1_1_1_1_1_1_0_0_1_1_0_1_0_0_0_0_0_1_0,1,3.3333333333333337e-6,4.714045207910317e-6,0.27586206896551724,190.0
1_0_1_1_0_1_1_0_1_0_1_0_1_1_1_1_0_0_1_0_0_1_1_1_1_1_1_1_0_1_0_0_1_1_1_1_1_0_1_0_0_1_1_0_0_0_0_0_0_0_1_0,1,3.3333333333333337e-6,4.714045207910317e-6,0.28078817733990147,350.0
0_0_0_0_0_0_0_0_1_1_1_0_0_1_0_0_1_0_1_1_0_0_0_0_1_0_0_1_1_0_0_1_0_1_0_0_0_0_0_1_0_0_0_0_0_0_0_0_1_1_0_1,1,3.3333333333333337e-6,4.714045207910317e-6,0.27586206896551724,200.0
1_1_1_1_1_1_1_1_1_0_1_0_1_1_0_1_0_0_1_0_0_1_1_1_1_1_1_1_0_1_0_0_1_1_1_1_1_1_1_0_0_1_1_0_1_0_0_0_0_0_1_0,1,3.3333333333333337e-6,4.714045207910317e-6,0.31527093596059114,150.0
1_1_0_1_1_0_0_1_1_1_1_0_1_1_0_0_1_1_0_1_0_1_1_1_0_1_1_1_0_1_1_0_1_0_0_1_1_1_1_0_1_0_0_1_1_1_0_1_1_1_1_1,1,3.3333333333333337e-6,4.714045207910317e-6,0.3497536945812808,220.0
0_0_0_0_0_0_0_0_0_1_1_0_0_1_0_0_1_0_0_1_0_0_0_0_0_0_0_1_1_0_0_1_0_0_0_0_0_0_0_1_1_0_0_1_0_1_0_1_1_1_0_1,1,3.3333333333333337e-6,4.714045207910317e-6,0.2955665024630542,210.0
0_0_0_0_0_0_0_0_1_1_1_0_0_1_0_0_1_0_0_1_0_0_0_0_1_0_0_0_1_0_0_1_0_0_0_0_0_0_0_1_1_0_0_1_0_1_0_1_1_1_0_1,1,3.3333333333333337e-6,4.714045207910317e-6,0.3054187192118227,170.0
0_1_0_0_1_0_0_1_0_1_0_1_1_0_1_1_1_1_0_1_1_1_1_0_1_1_0_1_0_0_1_1_1_0_0_0_1_1_1_1_1_1_0_1_1_1_1_1_0_0_0_0,0,3.3333333333333337e-6,4.714045207910317e-6,0.20689655172413793,1001.0
1_0_1_1_0_1_1_0_1_0_1_0_0_1_0_1_0_0_1_0_0_1_1_1_0_1_1_0_0_1_0_0_1_1_1_1_1_0_1_0_0_1_1_0_0_0_0_0_0_0_1_1,1,3.3333333333333337e-6,4.714045207910317e-6,0.28078817733990147,230.0
0_1_1_0_1_1_1_0_1_0_1_0_1_1_1_1_0_1_0_0_0_0_0_1_0_0_0_0_1_0_1_1_0_0_1_1_0_1_0_1_1_0_1_1_1_1_0_1_0_0_1_0,1,3.3333333333333337e-6,4.714045207910317e-6,0.28078817733990147,230.0
1_0_0_1_0_1_1_1_1_0_0_1_0_0_0_1_1_0_1_1_1_0_0_0_0_0_1_0_1_1_0_0_0_1_0_0_0_0_0_0_0_0_1_0_1_0_1_0_0_1_0_0,1,3.3333333333333337e-6,4.714045207910317e-6,0.2857142857142857,270.0
1_0_0_1_0_1_0_1_1_1_1_0_0_0_0_0_1_0_1_1_0_0_0_0_0_0_1_1_1_1_0_0_0_1_0_0_0_0_0_0_0_1_0_0_1_0_0_0_1_1_1_1,0,3.3333333333333337e-6,4.714045207910317e-6,0.1921182266009852,1001.0
1_1_0_1_1_0_0_0_0_1_0_1_0_0_0_0_1_1_0_1_1_1_1_0_0_1_1_1_0_1_1_0_1_0_0_0_1_1_1_0_1_0_0_1_1_1_0_1_1_1_0_1,1,3.3333333333333337e-6,4.714045207910317e-6,0.2561576354679803,320.0
1_0_0_1_0_1_0_0_0_1_0_0_0_0_0_0_1_0_1_1_1_0_0_0_0_0_1_0_1_1_0_1_0_1_0_0_0_0_0_0_0_0_0_0_1_0_0_0_1_1_0_1,0,3.3333333333333337e-6,4.714045207910317e-6,0.13793103448275862,1001.0
1_0_0_1_0_1_1_1_1_0_1_1_1_0_1_1_1_0_1_1_1_1_1_1_0_1_1_0_0_1_0_0_1_1_1_1_1_1_1_0_0_0_1_0_0_0_0_0_0_0_1_0,0,3.3333333333333337e-6,4.714045207910317e-6,0.2955665024630542,1001.0
1_0_0_1_0_0_0_1_0_1_0_1_0_0_0_1_1_0_1_1_1_1_1_0_0_1_1_0_0_1_0_0_1_1_0_0_1_0_1_0_0_0_0_0_1_0_1_0_0_1_0_0,1,3.3333333333333337e-6,4.714045207910317e-6,0.32019704433497537,330.0
0_1_0_0_1_0_0_0_0_1_0_0_1_0_1_1_1_1_0_1_1_1_1_0_1_1_0_1_0_0_1_1_1_0_0_0_1_1_1_1_1_0_0_1_1_1_0_1_0_1_0_0,0,3.3333333333333337e-6,4.714045207910317e-6,0.1625615763546798,1001.0
1_0_0_1_0_0_0_0_0_1_0_0_0_0_0_0_1_0_1_1_1_0_0_0_0_0_0_1_1_1_0_0_0_1_0_0_0_0_0_0_0_0_0_0_1_0_0_0_1_1_0_1,0,3.3333333333333337e-6,4.714045207910317e-6,0.15763546798029557,1001.0
0_1_1_0_1_0_1_1_1_0_0_1_1_1_1_1_1_1_0_1_1_0_0_1_1_0_0_1_1_0_1_1_0_0_1_1_0_1_0_1_1_1_1_1_1_1_1_1_0_0_1_0,0,3.3333333333333337e-6,4.714045207910317e-6,0.2660098522167488,1001.0
1_1_1_1_1_1_1_1_1_0_0_1_1_0_1_0_0_1_1_0_1_0_0_1_0_0_1_1_1_1_1_0_0_1_1_1_0_1_0_0_0_1_1_0_1_0_1_0_1_1_1_0,1,3.3333333333333337e-6,4.714045207910317e-6,0.28078817733990147,350.0
0_1_1_0_1_1_1_1_1_0_1_0_1_1_0_0_0_1_0_0_0_0_0_1_1_0_0_1_1_0_1_1_0_0_1_1_0_1_0_1_1_1_1_1_0_1_1_1_1_1_1_1,1,3.3333333333333337e-6,4.714045207910317e-6,0.28078817733990147,260.0
0_0_0_0_0_1_0_0_1_1_1_0_0_0_0_0_1_0_0_1_0_1_1_0_1_1_0_0_0_0_0_1_1_0_0_1_1_0_1_1_1_0_0_1_0_1_0_1_1_1_1_1,0,3.3333333333333337e-6,4.714045207910317e-6,0.2019704433497537,1001.0
1_1_1_1_1_1_1_1_1_0_1_0_1_1_0_1_0_0_1_0_0_1_1_1_1_1_1_1_0_1_0_0_1_1_1_1_1_1_1_0_0_1_1_0_1_0_1_0_0_0_1_0,1,3.3333333333333337e-6,4.714045207910317e-6,0.30049261083743845,260.0
0_1_1_0_1_0_1_1_1_0_1_1_1_1_1_1_1_1_0_1_0_1_1_1_1_1_0_0_0_0_1_1_1_0_1_1_1_1_1_1_1_1_1_1_0_1_1_1_0_0_1_0,0,3.3333333333333337e-6,4.714045207910317e-6,0.1477832512315271,1001.0
1_1_1_1_1_1_1_1_0_0_0_1_1_0_1_0_0_1_1_0_1_0_0_1_0_0_1_0_1_1_1_0_0_1_1_1_0_1_0_0_0_1_1_0_1_0_1_0_1_1_1_0,1,3.3333333333333337e-6,4.714045207910317e-6,0.270935960591133,150.0
1_1_1_1_1_1_1_0_1_0_1_0_1_1_1_0_0_1_0_0_0_1_1_1_0_1_1_1_0_1_1_0_1_0_1_1_1_1_1_0_1_1_1_1_1_1_0_1_1_0_1_1,1,3.3333333333333337e-6,4.714045207910317e-6,0.3251231527093596,170.0
0_0_0_0_0_0_0_1_0_1_0_1_0_0_0_0_1_0_1_1_1_0_0_0_1_0_0_1_1_0_0_1_0_1_0_0_0_0_0_1_0_1_0_0_0_0_1_0_1_1_0_1,1,3.3333333333333337e-6,4.714045207910317e-6,0.2857142857142857,280.0
1_1_1_1_1_0_1_1_1_0_1_1_1_1_1_1_1_1_0_0_0_1_1_1_0_1_1_0_0_1_1_0_1_0_1_1_1_1_1_0_1_1_1_1_0_1_1_1_0_0_1_0,0,3.3333333333333337e-6,4.714045207910317e-6,0.21182266009852216,1001.0
0_1_1_0_1_1_1_0_1_0_1_0_1_1_0_1_0_0_1_0_0_0_0_1_1_0_0_0_1_0_0_1_0_1_1_1_0_1_0_1_0_1_1_0_0_0_0_0_0_0_1_0,1,3.3333333333333337e-6,4.714045207910317e-6,0.31527093596059114,120.0
1_1_1_1_1_0_1_0_0_0_0_1_1_1_1_1_0_1_1_0_1_0_0_1_0_0_1_1_1_1_1_0_0_1_1_1_0_1_0_0_0_1_1_0_1_0_1_0_0_0_0_0,0,3.3333333333333337e-6,4.714045207910317e-6,0.2019704433497537,1001.0
1_1_0_1_1_1_1_1_0_0_0_1_1_0_1_1_1_1_1_1_1_1_1_1_0_1_1_1_0_1_1_0_1_1_1_1_1_1_1_0_0_0_1_0_1_0_0_0_0_0_1_0,1,3.3333333333333337e-6,4.714045207910317e-6,0.2857142857142857,170.0
1_1_0_1_1_0_0_0_0_1_0_1_1_0_1_0_1_1_1_1_1_1_1_0_1_1_1_1_0_1_1_0_1_1_0_0_1_1_1_0_0_1_0_0_1_0_1_0_1_1_0_0,1,3.3333333333333337e-6,4.714045207910317e-6,0.2857142857142857,240.0
0_1_0_0_1_1_1_1_0_0_0_1_1_0_1_1_1_1_0_1_1_1_1_1_1_1_0_1_0_0_1_1_1_0_1_1_1_1_1_1_1_1_1_1_1_1_0_1_0_0_1_0,0,3.3333333333333337e-6,4.714045207910317e-6,0.21182266009852216,1001.0
0_1_1_0_1_0_1_1_0_0_0_1_1_1_1_1_1_1_0_0_1_1_1_1_1_1_0_0_0_0_1_1_1_0_1_1_1_1_1_1_1_0_1_1_1_1_0_1_0_0_0_0,0,3.3333333333333337e-6,4.714045207910317e-6,0.18719211822660098,1001.0
0_1_1_0_1_0_1_1_1_0_1_1_1_1_1_1_0_1_0_0_0_1_1_1_1_1_0_1_0_0_1_1_1_0_1_1_1_1_1_1_1_1_0_1_0_1_1_1_0_0_1_0,0,3.3333333333333337e-6,4.714045207910317e-6,0.13793103448275862,1001.0
1_1_1_1_1_1_1_0_1_0_1_0_1_1_0_0_0_1_0_0_0_1_1_1_0_1_1_1_0_1_1_0_1_0_1_1_1_1_1_0_1_1_1_1_0_1_0_1_1_1_1_1,1,3.3333333333333337e-6,4.714045207910317e-6,0.30049261083743845,150.0
0_1_0_0_1_1_1_0_0_0_0_1_1_1_1_1_1_1_0_1_1_1_1_1_1_1_0_0_0_0_1_1_1_0_1_1_1_1_1_1_1_0_0_1_1_1_0_1_0_0_0_0,0,3.3333333333333337e-6,4.714045207910317e-6,0.21674876847290642,1001.0
0_0_1_0_0_0_1_1_1_1_1_0_0_1_1_1_1_1_0_1_0_0_0_1_0_0_0_1_1_0_1_1_0_0_1_1_0_0_0_1_1_1_0_1_0_1_1_1_0_0_0_1,0,3.3333333333333337e-6,4.714045207910317e-6,0.27586206896551724,1001.0
0_1_1_0_1_0_0_1_1_1_1_0_1_1_1_0_0_1_0_0_0_1_1_1_1_1_0_0_0_0_1_1_1_0_0_0_1_1_1_1_1_1_0_1_1_1_0_1_1_0_0_1,1,3.3333333333333337e-6,4.714045207910317e-6,0.29064039408866993,180.0
1_0_0_1_0_0_0_0_0_1_0_1_0_0_0_1_1_0_1_1_1_1_1_0_0_1_1_0_0_1_0_0_1_1_0_0_1_0_1_0_0_0_0_0_1_0_0_0_0_1_0_0,1,3.3333333333333337e-6,4.714045207910317e-6,0.2955665024630542,350.0
1_1_1_1_1_0_1_1_1_0_1_1_1_1_1_1_0_1_1_0_1_0_0_1_0_0_1_1_1_1_1_0_0_1_1_1_0_1_0_0_0_1_1_0_0_0_1_0_0_0_1_0,0,3.3333333333333337e-6,4.714045207910317e-6,0.1477832512315271,1001.0
0_1_1_0_1_1_1_0_1_0_1_0_1_1_0_0_0_1_0_0_0_0_0_1_0_0_0_0_1_0_1_1_0_0_1_1_0_1_0_1_1_1_1_1_0_1_0_1_1_1_1_1,1,3.3333333333333337e-6,4.714045207910317e-6,0.29064039408866993,370.0
0_1_0_0_1_0_1_1_1_0_0_1_1_1_1_1_1_1_0_0_1_1_1_1_1_1_0_1_0_0_1_1_1_0_1_1_1_1_1_1_1_1_1_1_1_1_1_1_0_0_0_0,0,3.3333333333333337e-6,4.714045207910317e-6,0.19704433497536947,1001.0
1_0_1_1_0_1_0_0_1_1_1_0_0_0_0_0_0_0_1_1_0_0_0_0_0_0_1_0_1_1_0_0_0_1_1_1_0_0_0_0_0_0_0_0_0_0_0_0_1_1_1_1,0,3.3333333333333337e-6,4.714045207910317e-6,0.19704433497536947,1001.0
1_1_1_1_1_1_1_1_1_0_0_1_1_1_0_0_0_1_0_0_0_1_1_1_0_1_1_0_0_1_1_0_1_0_1_1_1_1_1_0_1_1_1_1_1_1_1_1_1_1_1_1,1,3.3333333333333337e-6,4.714045207910317e-6,0.30049261083743845,250.0
0_0_1_0_0_0_0_0_1_1_1_0_0_1_0_1_0_0_0_0_0_0_0_0_1_0_0_1_1_0_0_1_0_0_0_0_0_0_0_1_1_1_0_1_0_1_0_1_0_0_0_1,1,3.3333333333333337e-6,4.714045207910317e-6,0.3251231527093596,410.0
0_1_1_0_1_1_1_1_1_0_1_0_1_1_0_0_0_1_0_0_0_0_0_1_0_0_0_0_1_0_1_1_0_0_1_1_0_1_0_1_1_1_1_1_0_1_1_1_1_1_1_1,1,3.3333333333333337e-6,4.714045207910317e-6,0.2660098522167488,210.0
1_1_0_1_1_1_1_1_0_0_0_1_1_0_1_1_0_1_1_1_1_0_0_1_0_0_1_1_1_1_1_0_0_1_1_1_0_1_0_0_0_1_1_0_1_0_1_0_0_0_1_0,0,3.3333333333333337e-6,4.714045207910317e-6,0.22660098522167488,1001.0
1_1_0_1_1_0_1_0_0_0_0_1_1_1_0_1_1_0_1_1_1_1_1_1_1_1_1_1_0_1_0_0_1_1_1_1_1_1_1_0_0_0_1_0_0_0_0_0_0_0_1_0,1,3.3333333333333337e-6,4.714045207910317e-6,0.31527093596059114,220.0
0_1_0_0_1_1_1_0_0_0_0_1_1_0_1_1_1_1_0_1_1_1_1_1_1_1_0_0_0_0_1_1_1_0_1_1_1_1_1_1_1_0_1_1_0_1_0_1_0_0_1_0,0,3.3333333333333337e-6,4.714045207910317e-6,0.2019704433497537,1001.0
1_0_1_1_0_1_1_1_1_0_1_1_1_0_0_1_1_0_1_1_0_1_1_1_0_1_1_0_0_1_0_0_1_1_1_1_1_0_1_0_0_0_1_0_0_0_1_0_0_0_1_0,1,3.3333333333333337e-6,4.714045207910317e-6,0.3054187192118227,290.0
0_0_0_0_0_0_0_1_1_1_0_1_0_0_1_1_1_0_1_1_1_0_0_0_1_0_0_0_1_0_0_1_0_1_0_0_0_0_0_1_0_0_0_0_1_0_1_0_0_0_0_0,1,3.3333333333333337e-6,4.714045207910317e-6,0.3054187192118227,390.0
0_0_0_0_0_1_1_1_0_0_0_1_0_0_0_1_1_0_1_1_1_0_0_0_1_0_0_0_1_0_0_1_0_1_0_0_0_0_0_1_0_0_1_0_1_0_1_0_0_1_0_0,1,3.3333333333333337e-6,4.714045207910317e-6,0.3448275862068966,210.0
0_0_0_0_0_0_0_1_1_1_0_1_0_0_0_0_1_0_1_1_1_0_0_0_1_0_0_1_1_0_0_1_0_1_0_0_0_0_0_1_0_1_0_0_1_0_1_0_1_1_0_1,1,3.3333333333333337e-6,4.714045207910317e-6,0.28078817733990147,260.0
1_0_1_1_0_1_1_0_1_0_1_0_1_1_1_1_0_0_1_0_0_1_1_1_1_1_1_0_0_1_0_0_1_1_1_1_1_0_1_0_0_1_1_0_0_0_0_0_0_0_1_0,1,3.3333333333333337e-6,4.714045207910317e-6,0.27586206896551724,200.0
1_0_0_1_0_1_0_1_1_1_1_0_0_0_0_0_0_0_1_1_0_0_0_0_0_0_1_1_1_1_0_0_0_1_0_0_0_0_0_0_0_1_0_0_1_0_1_0_1_1_1_1,0,3.3333333333333337e-6,4.714045207910317e-6,0.18719211822660098,1001.0
1_1_1_1_1_0_1_1_1_0_1_1_1_1_0_1_1_0_1_1_1_1_1_1_1_1_1_0_0_1_0_0_1_1_1_1_1_1_1_0_0_0_1_0_0_0_0_0_0_0_1_0,0,3.3333333333333337e-6,4.714045207910317e-6,0.27586206896551724,1001.0
0_1_1_0_1_0_1_1_1_0_1_1_1_1_1_1_1_1_0_1_0_1_1_1_1_1_0_1_0_0_1_1_1_0_1_1_1_1_1_1_1_1_1_1_0_1_1_1_0_0_1_0,0,3.3333333333333337e-6,4.714045207910317e-6,0.14285714285714285,1001.0
1_0_0_1_0_1_0_0_1_1_1_0_0_0_0_0_1_0_1_1_0_0_0_0_0_0_1_0_1_1_0_0_0_1_0_0_0_0_0_0_0_0_1_0_0_0_0_0_1_1_1_1,0,3.3333333333333337e-6,4.714045207910317e-6,0.17733990147783252,1001.0
1_0_1_1_0_1_1_1_1_0_1_1_1_0_0_1_1_0_1_1_0_1_1_1_1_1_1_0_0_1_0_0_1_1_1_1_1_0_1_0_0_0_1_0_0_0_1_0_0_0_1_0,1,3.3333333333333337e-6,4.714045207910317e-6,0.2955665024630542,250.0
0_1_1_0_1_1_1_1_0_0_0_1_1_0_1_1_0_1_0_0_1_0_0_1_0_0_0_1_1_0_1_1_0_0_1_1_0_1_0_1_1_1_1_1_1_1_1_1_0_0_1_0,1,3.3333333333333337e-6,4.714045207910317e-6,0.27586206896551724,290.0
1_0_0_1_0_0_0_0_0_1_0_1_0_0_1_1_1_0_1_1_1_1_1_0_1_1_1_0_0_1_0_0_1_1_0_0_1_0_1_0_0_0_0_0_1_0_1_0_0_0_0_0,1,3.3333333333333337e-6,4.714045207910317e-6,0.2857142857142857,210.0
1_1_1_1_1_0_1_1_1_0_1_1_1_1_1_1_1_1_1_1_0_0_0_1_0_0_1_1_1_1_1_0_0_1_1_1_0_1_0_0_0_1_1_0_0_0_0_0_0_0_1_0,0,3.3333333333333337e-6,4.714045207910317e-6,0.18719211822660098,1001.0
1_1_1_1_1_0_1_0_0_0_0_1_1_1_1_1_0_1_1_0_1_0_0_1_0_0_1_0_1_1_1_0_0_1_1_1_0_1_0_0_0_0_1_0_1_0_0_0_0_0_0_0,0,3.3333333333333337e-6,4.714045207910317e-6,0.20689655172413793,1001.0
0_0_0_0_0_0_0_0_0_1_0_1_0_0_0_0_1_0_0_1_1_0_0_0_0_0_0_0_1_0_0_1_0_0_0_0_0_0_0_1_1_0_0_1_0_1_0_1_1_1_0_1,1,3.3333333333333337e-6,4.714045207910317e-6,0.2660098522167488,380.0
0_0_0_0_0_1_0_1_1_1_1_0_0_0_0_0_0_0_0_1_0_1_1_0_1_1_0_1_0_0_0_1_1_0_0_0_1_0_1_1_1_1_0_1_0_1_1_1_1_1_1_1,0,3.3333333333333337e-6,4.714045207910317e-6,0.20689655172413793,1001.0
1_0_1_1_0_1_0_0_1_1_1_0_0_0_0_0_0_0_1_0_0_1_1_0_1_1_1_0_0_1_0_0_1_1_0_0_1_0_1_0_0_1_0_0_0_0_1_0_1_1_0_1,1,3.3333333333333337e-6,4.714045207910317e-6,0.26108374384236455,270.0
0_1_0_0_1_0_1_0_0_0_0_1_1_1_1_1_1_1_0_1_1_0_0_1_1_0_0_1_1_0_1_1_0_0_1_1_0_1_0_1_1_0_1_1_1_1_0_1_0_0_1_0,1,3.3333333333333337e-6,4.714045207910317e-6,0.270935960591133,240.0
0_1_1_0_1_0_1_1_0_0_1_1_1_1_1_1_1_1_0_1_0_1_1_1_1_1_0_0_0_0_1_1_1_0_1_1_1_1_1_1_1_1_1_1_0_1_1_1_0_0_1_0,0,3.3333333333333337e-6,4.714045207910317e-6,0.1724137931034483,1001.0
0_0_0_0_0_0_0_0_0_1_1_0_0_1_0_1_1_0_0_1_0_1_1_0_1_1_0_1_0_0_0_1_1_0_0_0_1_0_1_1_1_0_0_1_0_1_0_1_0_0_0_1,1,3.3333333333333337e-6,4.714045207910317e-6,0.27586206896551724,250.0
0_1_0_0_1_1_1_0_0_0_0_1_1_0_1_0_1_1_0_1_1_0_0_1_1_0_0_1_1_0_1_1_0_0_1_1_0_1_0_1_1_0_1_1_1_1_0_1_1_1_1_0,1,3.3333333333333337e-6,4.714045207910317e-6,0.3054187192118227,260.0
1_0_1_1_0_1_1_1_1_0_0_1_0_0_1_1_0_0_1_0_1_0_0_0_0_0_1_0_1_1_0_0_0_1_0_0_0_0_0_0_0_1_1_0_1_0_1_0_0_0_0_0,1,3.3333333333333337e-6,4.714045207910317e-6,0.27586206896551724,230.0
1_0_0_1_0_1_0_0_0_1_1_0_0_0_0_0_0_0_1_0_0_0_0_0_0_0_1_0_1_1_0_0_0_1_0_0_0_0_0_0_0_0_0_0_0_0_0_0_1_1_0_1,0,3.3333333333333337e-6,4.714045207910317e-6,0.19704433497536947,1001.0
1_0_0_1_0_0_0_0_0_1_0_0_0_1_0_0_1_0_0_1_0_1_1_0_0_1_1_1_0_1_0_0_1_0_0_0_1_0_1_0_1_0_0_1_1_1_0_1_1_1_0_1,1,3.3333333333333337e-6,4.714045207910317e-6,0.270935960591133,170.0
1_0_1_1_0_1_0_1_1_1_1_0_0_0_0_0_0_0_1_0_0_0_0_0_0_0_1_1_1_1_0_0_0_1_0_0_0_0_0_0_0_1_0_0_0_0_1_0_1_1_1_1,0,3.3333333333333337e-6,4.714045207910317e-6,0.19704433497536947,1001.0
1_0_1_1_0_1_1_0_0_0_0_1_0_0_0_1_0_0_1_0_1_0_0_0_0_0_1_1_1_1_0_0_0_1_1_0_0_0_0_0_0_1_1_0_0_0_1_0_0_1_1_0,1,3.3333333333333337e-6,4.714045207910317e-6,0.3054187192118227,160.0
1_0_1_1_0_0_0_0_1_1_1_0_0_1_0_0_1_0_1_1_0_0_0_0_0_0_1_0_1_1_0_0_0_1_0_0_0_0_0_0_0_0_0_0_0_0_1_0_1_1_0_1,0,3.3333333333333337e-6,4.714045207910317e-6,0.21182266009852216,1001.0
1_0_0_1_0_1_1_0_0_0_1_0_0_0_1_1_1_0_1_1_1_0_0_0_0_0_1_1_1_1_0_0_0_1_1_1_0_0_0_0_0_0_1_0_0_0_0_0_0_0_1_0,1,3.3333333333333337e-6,4.714045207910317e-6,0.28078817733990147,110.0
1_1_1_1_1_0_1_1_0_0_0_1_1_1_1_1_0_1_1_0_1_1_1_1_1_1_1_0_0_1_1_0_1_1_1_1_1_1_1_0_0_0_1_0_1_0_1_0_0_0_0_0,0,3.3333333333333337e-6,4.714045207910317e-6,0.26108374384236455,1001.0
1_0_0_1_0_0_0_0_0_1_0_1_0_0_0_1_1_0_1_1_1_1_1_0_0_1_1_1_0_1_0_0_1_1_0_0_1_0_1_0_0_1_0_0_1_0_1_0_0_1_0_0,1,3.3333333333333337e-6,4.714045207910317e-6,0.32019704433497537,130.0
0_0_0_0_0_0_0_0_0_1_1_0_0_1_0_0_1_0_0_1_0_0_0_0_0_0_0_0_1_0_0_1_0_0_0_0_0_0_0_1_1_0_0_1_0_1_0_1_1_1_0_1,1,3.3333333333333337e-6,4.714045207910317e-6,0.30049261083743845,230.0
0_1_0_0_1_0_1_1_1_0_0_1_1_1_1_1_1_1_1_1_1_0_0_1_1_0_0_1_1_0_1_1_0_1_1_1_0_1_0_1_0_0_1_0_1_0_0_0_0_0_1_0,1,3.3333333333333337e-6,4.714045207910317e-6,0.29064039408866993,160.0
0_0_0_0_0_1_0_0_0_1_0_0_0_0_0_0_1_0_0_1_1_1_1_0_1_1_1_0_0_1_0_1_1_0_0_0_1_0_1_1_1_0_0_1_1_1_0_1_1_1_0_1,0,3.3333333333333337e-6,4.714045207910317e-6,0.17733990147783252,1001.0
1_0_0_1_0_1_0_0_1_1_1_0_0_0_0_0_1_0_1_1_0_1_1_0_1_1_1_1_0_1_0_0_1_1_1_1_1_0_1_0_0_1_0_0_0_0_0_0_1_1_1_1,0,3.3333333333333337e-6,4.714045207910317e-6,0.24630541871921183,1001.0
0_0_0_0_0_0_0_1_0_1_0_1_0_0_0_1_1_0_1_1_1_0_0_0_1_0_0_1_1_0_0_1_0_1_0_0_0_0_0_1_0_0_0_0_1_0_1_0_0_1_0_0,1,3.3333333333333337e-6,4.714045207910317e-6,0.3103448275862069,260.0
1_1_0_1_1_1_1_1_1_0_0_1_1_0_1_0_1_1_0_1_1_1_1_1_0_1_1_0_0_1_1_0_1_0_1_1_1_1_1_0_1_0_1_1_1_1_1_1_1_1_1_0,1,3.3333333333333337e-6,4.714045207910317e-6,0.3054187192118227,150.0
1_0_0_1_0_0_0_1_0_1_0_1_0_0_1_1_1_0_1_1_1_1_1_0_1_1_1_1_0_1_0_0_1_1_0_0_1_0_1_0_0_1_0_0_1_0_1_0_0_0_0_0,1,3.3333333333333337e-6,4.714045207910317e-6,0.3054187192118227,440.0
1_0_1_1_0_1_0_0_0_1_1_0_0_0_0_0_0_0_1_0_0_1_1_0_0_1_1_0_0_1_0_0_1_1_0_0_1_0_1_0_0_0_0_0_0_0_0_0_1_1_1_1,0,3.3333333333333337e-6,4.714045207910317e-6,0.2561576354679803,1001.0
1_0_1_1_0_0_0_1_1_1_1_0_0_0_0_0_0_0_0_0_0_1_1_0_0_1_1_1_0_1_0_0_1_0_0_0_1_0_1_0_1_1_0_1_0_1_1_1_1_1_0_1,1,3.3333333333333337e-6,4.714045207910317e-6,0.27586206896551724,470.0
0_1_0_0_1_0_0_1_1_1_1_0_1_1_1_0_1_1_0_1_0_0_0_1_0_0_0_1_1_0_1_1_0_0_1_1_0_1_0_1_1_0_0_1_0_1_0_1_1_0_1_1,1,3.3333333333333337e-6,4.714045207910317e-6,0.33497536945812806,160.0
1_0_0_1_0_1_0_0_0_1_0_0_0_0_0_0_1_0_1_0_0_0_0_0_0_0_1_1_1_1_0_0_0_1_0_0_0_0_0_0_0_0_0_0_1_0_0_0_1_1_0_1,0,3.3333333333333337e-6,4.714045207910317e-6,0.14285714285714285,1001.0
0_1_1_0_1_0_1_1_0_0_0_1_1_1_1_1_1_1_0_0_1_0_0_1_0_0_0_1_1_0_1_1_0_0_1_1_0_1_0_1_1_1_0_1_1_1_1_1_0_0_0_0,0,3.3333333333333337e-6,4.714045207910317e-6,0.24630541871921183,1001.0
1_0_0_1_0_1_0_0_1_1_1_0_0_0_0_0_0_0_1_0_0_1_1_0_0_1_1_1_0_1_0_0_1_1_1_1_1_0_1_0_0_0_0_0_0_0_0_0_1_1_1_1,0,3.3333333333333337e-6,4.714045207910317e-6,0.270935960591133,1001.0
1_0_1_1_0_1_1_1_1_0_1_0_0_1_0_1_0_0_0_0_0_1_1_1_0_1_1_0_0_1_0_0_1_0_1_1_1_0_1_0_1_0_1_1_0_1_0_1_0_0_1_1,1,3.3333333333333337e-6,4.714045207910317e-6,0.29064039408866993,320.0
0_0_0_0_0_1_1_0_0_0_0_1_0_0_0_1_1_0_1_1_1_0_0_0_1_0_0_0_1_0_0_1_0_1_0_0_0_0_0_1_0_0_1_0_1_0_1_0_0_1_0_0,1,3.3333333333333337e-6,4.714045207910317e-6,0.33497536945812806,150.0
0_1_1_0_1_0_0_1_1_1_0_1_1_1_0_0_1_1_0_1_0_0_0_1_0_0_0_0_1_0_1_1_0_0_1_1_0_1_0_1_1_0_0_1_1_1_1_1_1_1_0_1,1,3.3333333333333337e-6,4.714045207910317e-6,0.33004926108374383,280.0
1_1_0_1_1_1_1_1_0_0_0_1_1_0_1_0_1_1_1_1_1_0_0_1_0_0_1_0_1_1_1_0_0_1_1_1_0_1_0_0_0_0_1_0_1_0_0_0_1_1_1_0,1,3.3333333333333337e-6,4.714045207910317e-6,0.2512315270935961,590.0
1_0_0_1_0_0_1_1_1_0_1_1_1_0_1_1_1_0_1_1_1_0_0_1_0_0_1_1_1_1_0_0_0_1_1_1_0_1_0_0_0_0_0_0_0_0_0_0_0_0_1_0,0,3.3333333333333337e-6,4.714045207910317e-6,0.2413793103448276,1001.0
1_0_0_1_0_1_0_0_1_0_1_0_0_0_0_0_0_0_1_0_0_0_0_0_0_0_1_0_1_1_0_0_0_1_1_1_0_0_0_0_0_0_1_0_0_0_0_0_1_1_1_1,0,3.3333333333333337e-6,4.714045207910317e-6,0.22167487684729065,1001.0
0_1_0_0_1_0_0_1_1_1_1_0_1_1_1_0_1_1_0_1_0_1_1_1_1_1_0_0_0_0_1_1_1_0_0_0_1_1_1_1_1_0_0_1_1_1_0_1_1_0_0_1,1,3.3333333333333337e-6,4.714045207910317e-6,0.3054187192118227,150.0
1_1_0_1_1_1_1_1_0_0_0_1_1_0_1_1_1_1_0_1_1_1_1_1_0_1_1_1_0_1_1_0_1_0_1_1_1_1_1_0_1_0_1_1_1_1_1_1_0_0_1_0,1,3.3333333333333337e-6,4.714045207910317e-6,0.2660098522167488,230.0
1_0_1_1_0_0_0_0_0_1_1_0_0_1_0_1_0_0_1_0_0_1_1_0_0_1_1_1_0_1_0_0_1_1_0_0_1_0_1_0_0_1_0_0_0_0_0_0_0_0_0_1,1,3.3333333333333337e-6,4.714045207910317e-6,0.3103448275862069,150.0
1_1_0_1_1_0_1_1_0_0_0_1_1_1_0_1_1_0_1_1_1_0_0_1_0_0_1_1_1_1_0_0_0_1_1_1_0_1_0_0_0_0_1_0_1_0_0_0_0_0_1_0,1,3.3333333333333337e-6,4.714045207910317e-6,0.2561576354679803,240.0
0_0_0_0_0_1_0_0_0_1_0_0_0_0_1_0_1_1_0_1_1_1_1_0_1_1_0_1_0_0_1_1_1_0_0_0_1_0_1_1_1_1_0_1_1_1_1_1_1_1_0_1,0,3.3333333333333337e-6,4.714045207910317e-6,0.22167487684729065,1001.0
1_0_1_1_0_1_1_0_0_0_0_1_0_0_0_1_1_0_1_1_1_0_0_0_0_0_1_0_1_1_0_0_0_1_1_1_0_0_0_0_0_0_1_0_0_0_1_0_0_1_0_0,1,3.3333333333333337e-6,4.714045207910317e-6,0.2955665024630542,340.0
1_1_0_1_1_1_1_0_0_0_0_1_1_1_0_1_1_0_1_1_1_1_1_1_1_1_1_0_0_1_0_0_1_1_1_1_1_1_1_0_0_0_1_0_0_0_0_0_0_0_1_0,1,3.3333333333333337e-6,4.714045207910317e-6,0.3054187192118227,100.0
1_0_1_1_0_1_0_0_1_1_1_0_0_0_1_1_0_0_1_0_0_0_0_0_0_0_1_0_1_1_0_0_0_1_0_0_0_0_0_0_0_1_0_0_1_0_1_0_0_0_0_0,1,3.3333333333333337e-6,4.714045207910317e-6,0.2660098522167488,150.0
0_1_0_0_1_1_1_1_1_0_0_1_1_1_1_1_0_1_0_1_1_1_1_1_1_1_0_0_0_0_1_1_1_0_1_1_1_1_1_1_1_1_1_1_1_1_1_1_0_0_1_0,0,3.3333333333333337e-6,4.714045207910317e-6,0.19704433497536947,1001.0
1_1_1_1_1_1_1_0_0_0_1_0_1_1_0_1_0_0_1_0_0_1_1_1_0_1_1_0_0_1_0_0_1_1_1_1_1_1_1_0_0_0_1_0_0_0_0_0_0_0_1_0,1,3.3333333333333337e-6,4.714045207910317e-6,0.3399014778325123,310.0
0_1_1_0_1_0_1_0_0_0_0_1_1_1_1_1_0_1_0_0_1_1_1_1_1_1_0_0_0_0_1_1_1_0_1_1_1_1_1_1_1_0_1_1_1_1_0_1_0_0_0_0,0,3.3333333333333337e-6,4.714045207910317e-6,0.18719211822660098,1001.0
1_0_1_1_0_0_0_0_1_1_1_0_0_1_0_1_0_0_1_0_0_1_1_0_0_1_1_1_0_1_0_0_1_1_0_0_1_0_1_0_0_1_0_0_0_0_0_0_0_0_0_1,1,3.3333333333333337e-6,4.714045207910317e-6,0.3054187192118227,190.0
1_0_1_1_0_1_1_1_1_0_1_0_1_1_0_1_0_0_1_0_0_1_1_1_0_1_1_0_0_1_0_0_1_1_1_1_1_0_1_0_0_0_1_0_0_0_0_0_0_0_1_0,1,3.3333333333333337e-6,4.714045207910317e-6,0.30049261083743845,210.0
0_0_0_0_0_1_0_1_1_1_1_0_1_0_1_0_1_1_0_1_0_0_0_1_1_0_0_1_1_0_1_1_0_0_1_1_0_0_0_1_1_0_0_1_0_1_0_1_1_1_1_1,1,3.3333333333333337e-6,4.714045207910317e-6,0.3103448275862069,850.0
0_0_0_0_0_0_0_0_0_1_0_1_0_0_1_0_1_1_0_1_1_0_0_0_1_0_0_0_1_0_1_1_0_0_0_0_0_0_0_1_1_0_0_1_0_1_0_1_1_1_0_1,1,3.3333333333333337e-6,4.714045207910317e-6,0.3103448275862069,160.0
1_0_0_1_0_1_0_0_0_1_1_0_0_0_0_0_0_0_1_1_0_1_1_0_1_1_1_0_0_1_0_0_1_1_0_0_1_0_1_0_0_0_0_0_0_0_0_0_1_1_0_1,0,3.3333333333333337e-6,4.714045207910317e-6,0.2561576354679803,1001.0
1_1_1_1_1_1_1_1_1_0_1_1_1_1_1_1_1_1_1_1_0_1_1_1_1_1_1_0_0_1_1_0_1_1_1_1_1_1_1_0_0_1_1_0_0_0_1_0_0_0_1_0,0,3.3333333333333337e-6,4.714045207910317e-6,0.22167487684729065,1001.0
1_1_1_1_1_1_1_1_1_0_1_1_1_1_1_1_0_1_1_0_0_0_0_1_0_0_1_0_1_1_1_0_0_1_1_0_0_1_0_0_0_1_1_0_0_0_1_0_0_0_1_0,0,3.3333333333333337e-6,4.714045207910317e-6,0.1625615763546798,1001.0
1_1_0_1_1_1_0_0_0_1_0_1_0_0_0_0_1_0_1_1_1_0_0_0_0_0_1_0_1_1_0_0_0_1_1_1_0_1_0_0_0_0_1_0_1_0_0_0_1_1_1_1,0,3.3333333333333337e-6,4.714045207910317e-6,0.20689655172413793,1001.0
0_0_0_0_0_1_0_1_0_1_0_0_0_0_0_0_1_0_0_1_1_1_1_0_1_1_0_0_0_0_0_1_1_0_0_0_1_0_1_1_1_0_0_1_1_1_1_1_1_1_0_1,0,3.3333333333333337e-6,4.714045207910317e-6,0.18719211822660098,1001.0
1_1_0_1_1_1_1_0_0_0_0_1_1_1_1_1_1_1_0_1_1_1_1_1_0_1_1_0_0_1_1_0_1_0_1_1_1_1_1_0_1_0_1_1_0_1_0_1_0_0_1_0,1,3.3333333333333337e-6,4.714045207910317e-6,0.2561576354679803,150.0
0_1_1_0_1_0_0_1_1_1_1_0_1_1_1_0_0_1_0_0_0_1_1_1_1_1_0_0_0_0_1_1_1_0_0_1_1_1_1_1_1_1_0_1_1_1_0_1_1_0_0_1,1,3.3333333333333337e-6,4.714045207910317e-6,0.30049261083743845,170.0
0_0_0_0_0_0_0_0_0_1_1_0_0_0_1_0_0_1_0_0_0_0_0_0_1_0_0_1_1_0_1_1_0_0_0_0_0_0_0_1_1_1_0_1_0_1_0_1_1_1_0_1,1,3.3333333333333337e-6,4.714045207910317e-6,0.31527093596059114,210.0
0_0_0_0_0_1_0_1_1_1_1_0_0_0_0_0_0_0_0_0_0_1_1_0_1_1_0_1_0_0_0_1_1_0_0_0_1_0_1_1_1_1_0_1_0_1_0_1_1_1_1_1,0,3.3333333333333337e-6,4.714045207910317e-6,0.21182266009852216,1001.0
0_0_1_0_0_1_1_1_1_0_1_1_0_1_0_0_0_0_0_0_0_1_1_1_1_1_0_0_0_0_0_1_1_0_1_1_1_0_1_1_1_1_1_1_0_1_1_1_1_0_1_1,0,3.3333333333333337e-6,4.714045207910317e-6,0.1724137931034483,1001.0
1_0_0_1_0_0_0_0_0_1_1_0_0_1_0_0_1_0_0_1_0_1_1_0_0_1_1_1_0_1_0_0_1_0_0_0_1_0_1_0_1_0_0_1_0_1_0_1_1_1_0_1,1,3.3333333333333337e-6,4.714045207910317e-6,0.30049261083743845,140.0
1_0_1_1_0_1_1_1_1_0_1_0_1_1_0_1_0_0_1_0_0_1_1_1_0_1_1_0_0_1_0_0_1_1_1_1_1_0_1_0_0_1_1_0_0_0_0_0_0_0_1_0,1,3.3333333333333337e-6,4.714045207910317e-6,0.2857142857142857,470.0
0_1_1_0_1_0_1_0_0_0_1_1_1_1_1_1_0_1_0_0_1_1_1_1_1_1_0_0_0_0_1_1_1_0_1_1_1_1_1_1_1_0_1_1_0_1_1_1_0_0_1_0,0,3.3333333333333337e-6,4.714045207910317e-6,0.18226600985221675,1001.0
0_1_0_0_1_0_0_1_0_1_0_1_1_1_0_0_1_1_0_1_0_1_1_1_1_1_0_1_0_0_1_1_1_0_1_1_1_1_1_1_1_0_0_1_1_1_0_1_1_1_0_1,1,3.3333333333333337e-6,4.714045207910317e-6,0.2857142857142857,380.0
0_1_0_0_1_1_1_1_0_0_0_1_1_0_1_0_1_1_0_1_1_0_0_1_0_0_0_1_1_0_1_1_0_0_1_1_0_1_0_1_1_1_1_1_1_1_1_1_1_1_1_0,1,3.3333333333333337e-6,4.714045207910317e-6,0.3054187192118227,340.0
0_1_1_0_1_1_1_0_1_0_1_0_1_1_1_0_0_1_0_0_0_0_0_1_1_0_0_0_1_0_1_1_0_0_1_1_0_1_0_1_1_1_1_1_0_1_0_1_1_0_1_1,1,3.3333333333333337e-6,4.714045207910317e-6,0.31527093596059114,120.0
0_1_1_0_1_1_1_1_1_0_1_1_1_0_0_1_1_0_1_1_0_0_0_1_1_0_0_0_1_0_0_1_0_1_1_1_0_1_0_1_0_0_1_0_0_0_1_0_0_0_1_0,1,3.3333333333333337e-6,4.714045207910317e-6,0.31527093596059114,280.0
0_1_0_0_1_1_1_1_0_0_0_1_1_0_1_1_1_1_0_1_1_0_0_1_1_0_0_1_1_0_1_1_0_0_1_1_0_1_0_1_1_0_1_1_1_1_1_1_0_0_1_0,1,3.3333333333333337e-6,4.714045207910317e-6,0.270935960591133,390.0
0_1_0_0_1_0_0_1_0_1_0_1_1_0_1_0_1_1_0_1_1_0_0_0_1_0_0_1_1_0_1_1_0_0_0_0_0_1_0_1_1_1_0_1_1_1_1_1_1_1_0_0,1,3.3333333333333337e-6,4.714045207910317e-6,0.2955665024630542,350.0
0_0_0_0_0_1_1_1_1_1_1_0_1_0_1_1_1_0_1_1_0_0_0_1_1_0_0_1_1_0_0_1_0_1_1_1_0_0_0_1_0_1_0_0_0_0_0_0_0_0_1_0,1,3.3333333333333337e-6,4.714045207910317e-6,0.33004926108374383,200.0
0_1_1_0_1_1_1_1_1_0_0_1_1_1_0_1_0_0_1_0_0_0_0_1_1_0_0_0_1_0_0_1_0_1_1_1_0_1_0_1_0_1_1_0_1_0_1_0_0_0_1_0,1,3.3333333333333337e-6,4.714045207910317e-6,0.30049261083743845,230.0
1_0_0_1_0_0_0_1_0_1_0_1_0_0_1_1_1_0_1_1_1_1_1_0_1_1_1_1_0_1_0_0_1_1_0_0_1_0_1_0_0_0_0_0_1_0_1_0_0_0_0_0,1,3.3333333333333337e-6,4.714045207910317e-6,0.29064039408866993,220.0
1_0_0_1_0_1_0_0_0_1_1_0_0_0_0_0_1_0_1_1_0_0_0_0_0_0_1_1_1_1_0_0_0_1_0_1_0_0_0_0_0_1_0_0_0_0_0_0_1_1_1_1,0,3.3333333333333337e-6,4.714045207910317e-6,0.18719211822660098,1001.0
1_1_1_1_1_0_1_0_0_0_0_1_1_1_0_1_0_0_1_0_1_0_0_1_0_0_1_0_1_1_0_0_0_1_1_1_0_1_0_0_0_0_1_0_0_0_0_0_0_0_0_0,0,3.3333333333333337e-6,4.714045207910317e-6,0.2413793103448276,1001.0
0_1_1_0_1_0_0_1_1_1_1_0_1_1_0_0_0_1_0_0_0_1_1_1_1_1_0_1_0_0_1_1_1_0_0_1_1_1_1_1_1_1_0_1_1_1_0_1_1_1_0_1,1,3.3333333333333337e-6,4.714045207910317e-6,0.28078817733990147,130.0
0_1_1_0_1_0_1_0_0_0_0_1_1_1_1_1_0_1_0_0_1_0_0_1_0_0_0_0_1_0_1_1_0_0_1_1_0_1_0_1_1_0_1_1_1_1_1_1_0_0_0_0,0,3.3333333333333337e-6,4.714045207910317e-6,0.2512315270935961,1001.0
1_0_0_1_0_1_1_0_0_0_0_1_0_0_0_1_1_0_1_1_1_1_1_0_0_1_1_0_0_1_0_0_1_1_0_0_1_0_1_0_0_0_1_0_1_0_1_0_0_1_0_0,1,3.3333333333333337e-6,4.714045207910317e-6,0.3399014778325123,240.0
1_0_1_1_0_1_0_0_0_1_1_0_0_0_1_1_0_0_1_0_0_0_0_0_0_0_1_0_1_1_0_0_0_1_0_0_0_0_0_0_0_1_0_0_0_0_1_0_0_0_0_0,1,3.3333333333333337e-6,4.714045207910317e-6,0.270935960591133,220.0
1_0_1_1_0_0_0_0_0_1_1_0_0_0_1_1_0_0_1_0_1_0_0_0_0_0_1_0_1_1_0_0_0_1_0_0_0_0_0_0_0_1_0_0_0_0_1_0_0_0_0_0,1,3.3333333333333337e-6,4.714045207910317e-6,0.270935960591133,150.0
0_1_0_0_1_0_0_1_0_1_0_1_1_1_0_0_1_1_0_1_0_1_1_1_1_1_0_1_0_0_1_1_1_0_1_1_1_1_1_1_1_0_0_1_0_1_0_1_1_1_0_1,1,3.3333333333333337e-6,4.714045207910317e-6,0.2857142857142857,180.0
0_0_0_0_0_0_0_0_0_1_0_0_0_0_0_0_0_0_1_1_1_0_0_0_1_0_0_1_1_0_0_1_0_1_0_0_0_0_0_1_0_0_0_0_1_0_0_0_1_1_0_1,0,3.3333333333333337e-6,4.714045207910317e-6,0.20689655172413793,1001.0
0_0_0_0_0_1_0_1_1_1_1_0_1_0_1_0_1_1_0_1_1_0_0_1_0_0_0_0_1_0_1_1_0_0_1_1_0_0_0_1_1_0_0_1_0_1_0_1_1_1_1_1,1,3.3333333333333337e-6,4.714045207910317e-6,0.3103448275862069,220.0
0_0_1_0_0_0_0_1_1_1_1_0_0_1_0_0_1_0_0_1_0_1_1_1_1_1_0_1_0_0_0_1_1_0_1_1_1_0_1_1_1_1_0_1_0_1_0_1_1_1_1_1,0,3.3333333333333337e-6,4.714045207910317e-6,0.21674876847290642,1001.0
0_1_0_0_1_1_1_0_0_0_0_1_1_1_0_0_1_1_0_1_1_1_1_1_1_1_0_0_0_0_1_1_1_0_1_1_1_1_1_1_1_0_1_1_0_1_0_1_1_1_1_1,1,3.3333333333333337e-6,4.714045207910317e-6,0.2561576354679803,240.0
1_0_0_1_0_0_0_1_1_1_0_1_0_0_1_0_1_1_0_1_1_1_1_0_0_1_1_1_0_1_1_0_1_0_0_0_1_0_1_0_1_0_0_1_1_1_1_1_1_1_0_1,1,3.3333333333333337e-6,4.714045207910317e-6,0.32019704433497537,150.0
1_0_0_1_0_0_0_0_0_1_0_0_0_0_0_0_0_0_1_1_1_1_1_0_0_1_1_1_0_1_0_0_1_1_0_0_1_0_1_0_0_0_0_0_1_0_0_0_1_1_0_1,0,3.3333333333333337e-6,4.714045207910317e-6,0.21182266009852216,1001.0
0_1_1_0_1_1_1_1_1_0_1_0_1_1_1_0_0_1_0_0_0_0_0_1_0_0_0_0_1_0_1_1_0_0_1_1_0_1_0_1_1_1_1_1_1_1_1_1_1_0_1_1,1,3.3333333333333337e-6,4.714045207910317e-6,0.29064039408866993,250.0
0_1_1_0_1_0_1_0_0_0_1_1_1_1_1_1_0_1_0_0_0_1_1_1_1_1_0_1_0_0_1_1_1_0_1_1_1_1_1_1_1_1_1_1_0_1_0_1_0_0_1_0,0,3.3333333333333337e-6,4.714045207910317e-6,0.1724137931034483,1001.0
0_1_0_0_1_0_0_1_0_1_0_1_1_0_1_1_1_1_1_1_1_0_0_0_1_0_0_1_1_0_1_1_0_1_0_0_0_1_0_1_0_0_0_0_1_0_1_0_0_0_0_0,1,3.3333333333333337e-6,4.714045207910317e-6,0.2660098522167488,230.0
1_0_0_1_0_0_0_1_1_1_0_1_0_0_1_1_1_0_1_1_1_1_1_0_0_1_1_1_0_1_0_0_1_1_0_0_1_0_1_0_0_1_0_0_1_0_1_0_0_0_0_0,1,3.3333333333333337e-6,4.714045207910317e-6,0.32019704433497537,220.0
1_0_0_1_0_1_0_0_0_1_1_0_0_0_0_0_1_0_1_0_0_1_1_0_0_1_1_0_0_1_0_0_1_1_0_0_1_0_1_0_0_0_0_0_0_0_0_0_1_1_0_1,0,3.3333333333333337e-6,4.714045207910317e-6,0.2660098522167488,1001.0
1_0_0_1_0_0_0_0_1_1_1_0_0_0_1_1_0_0_1_0_1_1_1_0_1_1_1_0_0_1_0_0_1_1_0_0_1_0_1_0_0_0_0_0_0_0_0_0_0_0_0_0,0,3.3333333333333337e-6,4.714045207910317e-6,0.31527093596059114,1001.0
0_1_1_0_1_0_1_1_1_0_0_1_1_1_1_1_1_1_0_1_1_1_1_1_1_1_0_0_0_0_1_1_1_0_1_0_1_1_1_1_1_0_0_1_1_1_1_1_0_0_0_0,0,3.3333333333333337e-6,4.714045207910317e-6,0.2019704433497537,1001.0
0_0_0_0_0_0_0_1_0_1_0_1_0_0_1_0_1_1_0_1_1_0_0_0_1_0_0_1_1_0_1_1_0_0_0_0_0_0_0_1_1_1_0_1_1_1_1_1_1_1_0_1,1,3.3333333333333337e-6,4.714045207910317e-6,0.33497536945812806,330.0
1_0_0_1_0_1_0_0_1_1_1_0_0_0_0_0_1_0_1_1_0_0_0_0_0_0_1_1_1_1_0_0_0_1_0_0_0_0_0_0_0_0_0_0_0_0_0_0_1_1_1_1,0,3.3333333333333337e-6,4.714045207910317e-6,0.17733990147783252,1001.0
0_0_1_0_0_1_1_1_1_0_1_0_1_1_1_1_0_0_1_0_0_0_0_1_1_0_0_0_1_0_0_1_0_1_1_1_0_0_0_1_0_1_1_0_0_0_0_0_0_0_1_0,1,3.3333333333333337e-6,4.714045207910317e-6,0.270935960591133,250.0
0_1_1_0_1_1_1_0_1_0_1_0_1_1_1_1_0_1_0_0_0_0_0_1_1_0_0_1_1_0_1_1_0_0_1_1_0_1_0_1_1_1_1_1_1_1_0_1_0_0_1_0,1,3.3333333333333337e-6,4.714045207910317e-6,0.28078817733990147,180.0
1_1_0_1_1_0_1_1_1_0_0_1_1_1_1_1_1_1_0_1_1_1_1_1_0_1_1_1_0_1_1_0_1_0_1_1_1_1_1_0_1_0_1_1_1_1_0_1_0_0_1_0,1,3.3333333333333337e-6,4.714045207910317e-6,0.270935960591133,160.0
1_1_1_1_1_0_1_1_1_0_1_1_1_1_1_1_1_1_1_1_0_0_0_1_0_0_1_0_1_1_1_0_0_1_1_1_0_1_0_0_0_1_1_0_0_0_1_0_0_0_1_0,0,3.3333333333333337e-6,4.714045207910317e-6,0.16748768472906403,1001.0
1_0_0_1_0_0_0_0_0_1_0_1_0_0_0_0_1_0_1_1_1_1_1_0_0_1_1_1_0_1_0_0_1_1_0_0_1_0_1_0_0_0_0_0_0_0_0_0_1_1_0_1,1,3.3333333333333337e-6,4.714045207910317e-6,0.2512315270935961,250.0
0_1_1_0_1_0_1_1_1_0_0_1_1_1_1_1_1_1_0_0_1_1_1_1_1_1_0_1_0_0_1_1_1_0_1_1_1_1_1_1_1_1_0_1_1_1_1_1_0_0_0_0,0,3.3333333333333337e-6,4.714045207910317e-6,0.18226600985221675,1001.0
1_0_0_1_0_0_0_0_0_1_1_0_0_0_1_0_0_1_0_0_1_1_1_0_0_1_1_1_0_1_1_0_1_0_0_0_1_0_1_0_1_1_0_1_0_1_0_1_1_1_0_1,1,3.3333333333333337e-6,4.714045207910317e-6,0.31527093596059114,330.0
0_0_1_0_0_1_0_0_1_0_1_0_0_1_0_0_0_0_0_0_0_0_0_0_1_0_0_0_1_0_0_1_0_0_1_0_0_0_0_1_1_1_1_1_0_1_1_1_1_1_1_1,0,3.3333333333333337e-6,4.714045207910317e-6,0.270935960591133,1001.0
0_1_1_0_1_0_0_1_1_1_0_1_1_1_0_0_1_1_0_1_0_1_1_1_1_1_0_0_0_0_1_1_1_0_0_1_1_1_1_1_1_0_0_1_1_1_1_1_1_1_0_1,1,3.3333333333333337e-6,4.714045207910317e-6,0.2857142857142857,370.0
0_0_1_0_0_1_1_0_1_0_1_0_0_1_0_1_0_0_0_0_0_0_0_1_0_0_0_1_1_0_0_1_0_0_1_1_0_0_0_1_1_1_1_1_0_1_0_1_0_0_1_1,1,3.3333333333333337e-6,4.714045207910317e-6,0.2857142857142857,270.0
1_0_0_1_0_1_0_1_0_1_0_0_0_0_0_0_1_0_1_1_1_0_0_0_0_0_1_0_1_1_0_0_0_1_0_0_0_0_0_0_0_0_0_0_1_0_0_0_1_1_0_1,0,3.3333333333333337e-6,4.714045207910317e-6,0.15270935960591134,1001.0
1_0_0_1_0_0_0_1_0_1_0_1_0_0_1_0_1_1_0_1_1_1_1_0_0_1_1_1_0_1_1_0_1_0_0_0_1_0_1_0_1_1_0_1_1_1_1_1_1_1_0_1,1,3.3333333333333337e-6,4.714045207910317e-6,0.33004926108374383,330.0
1_0_0_1_0_0_0_0_0_1_1_0_0_0_1_1_1_0_1_1_1_1_1_0_0_1_1_0_0_1_0_0_1_1_0_0_1_0_1_0_0_0_0_0_0_0_0_0_0_0_0_0,1,3.3333333333333337e-6,4.714045207910317e-6,0.3103448275862069,240.0
1_0_1_1_0_1_1_1_0_0_0_1_0_0_1_1_0_0_1_0_1_0_0_0_0_0_1_0_1_1_0_0_0_1_0_0_0_0_0_0_0_1_1_0_0_0_1_0_0_0_0_0,1,3.3333333333333337e-6,4.714045207910317e-6,0.28078817733990147,260.0
0_0_0_0_0_0_0_1_0_1_0_1_0_0_0_1_1_0_1_1_1_0_0_0_1_0_0_1_1_0_0_1_0_1_0_0_0_0_0_1_0_0_0_0_0_0_1_0_0_1_0_0,1,3.3333333333333337e-6,4.714045207910317e-6,0.32019704433497537,220.0
1_0_0_0_0_0_0_0_0_1_0_0_0_0_0_0_1_0_0_1_1_1_1_0_1_1_0_1_0_0_0_1_1_0_0_0_1_0_1_1_1_0_0_1_1_1_0_1_1_1_0_1,0,3.3333333333333337e-6,4.714045207910317e-6,0.1724137931034483,1001.0
0_1_1_0_0_0_1_1_1_0_1_1_1_1_1_1_0_1_0_0_0_1_1_1_1_1_0_1_0_0_1_1_1_0_1_1_1_1_1_1_1_1_1_1_0_1_1_1_0_0_1_0,0,3.3333333333333337e-6,4.714045207910317e-6,0.10837438423645321,1001.0
0_1_1_0_1_0_1_1_1_0_0_1_1_1_1_1_0_1_0_0_1_1_1_1_1_1_0_0_0_0_1_1_1_0_1_1_1_1_1_1_1_1_0_1_1_1_1_1_0_0_0_0,0,3.3333333333333337e-6,4.714045207910317e-6,0.17733990147783252,1001.0
1_1_1_1_1_1_1_1_0_0_0_1_1_0_1_1_0_1_0_0_1_1_1_1_0_1_1_1_0_1_1_0_1_0_1_1_1_1_1_0_1_1_1_1_1_1_1_1_0_0_1_0,1,3.3333333333333337e-6,4.714045207910317e-6,0.28078817733990147,200.0
0_1_1_0_1_0_1_1_1_0_0_1_1_1_1_1_1_1_0_0_1_1_1_1_1_1_0_1_0_0_1_1_1_0_1_1_1_1_1_1_1_1_1_1_1_1_1_1_0_0_1_0,0,3.3333333333333337e-6,4.714045207910317e-6,0.19704433497536947,1001.0
0_0_0_0_0_1_0_0_0_1_0_0_0_0_0_0_0_0_0_0_1_1_1_0_1_1_0_1_0_0_0_1_1_0_0_0_1_0_1_1_1_0_0_1_1_1_0_1_1_1_0_1,0,3.3333333333333337e-6,4.714045207910317e-6,0.16748768472906403,1001.0
1_0_1_1_0_1_0_1_1_1_1_0_0_0_0_0_0_0_1_0_0_1_1_0_0_1_1_0_0_1_0_0_1_1_0_0_1_0_1_0_0_1_0_0_1_0_1_0_1_1_0_1,1,3.3333333333333337e-6,4.714045207910317e-6,0.270935960591133,340.0
1_0_0_1_0_0_0_0_0_1_1_0_0_0_0_0_0_0_0_0_0_1_1_0_0_1_1_1_0_1_0_0_1_0_0_0_1_0_1_0_1_1_0_1_0_1_0_1_1_1_0_1,1,3.3333333333333337e-6,4.714045207910317e-6,0.27586206896551724,230.0
1_1_1_1_1_0_0_1_1_1_1_0_1_1_0_0_0_1_0_0_0_1_1_1_0_1_1_1_0_1_1_0_1_0_0_0_1_1_1_0_1_1_0_1_1_1_0_1_1_1_0_1,1,3.3333333333333337e-6,4.714045207910317e-6,0.33497536945812806,180.0
0_1_0_0_1_1_1_1_1_0_1_1_1_0_0_0_1_1_0_1_0_1_1_1_1_1_0_1_0_0_1_1_1_0_1_1_1_1_1_1_1_0_1_1_0_1_0_1_1_1_1_1,1,3.3333333333333337e-6,4.714045207910317e-6,0.270935960591133,480.0
0_1_1_0_1_0_1_1_0_0_0_1_1_1_1_1_0_1_0_0_1_1_1_1_1_1_0_0_0_0_1_1_1_0_1_0_1_1_1_1_1_0_1_1_1_1_1_1_0_0_0_0,0,3.3333333333333337e-6,4.714045207910317e-6,0.1921182266009852,1001.0
0_1_0_0_1_1_1_0_0_0_0_1_1_1_0_0_1_1_0_1_0_1_1_1_1_1_0_1_0_0_1_1_1_0_1_1_1_1_1_1_1_0_1_1_0_1_0_1_1_1_1_1,1,3.3333333333333337e-6,4.714045207910317e-6,0.2660098522167488,240.0
1_1_1_1_1_0_1_1_0_0_0_1_1_1_1_1_0_1_1_0_1_0_0_1_0_0_1_1_1_1_1_0_0_1_1_0_0_1_0_0_0_1_1_0_1_0_1_0_0_0_0_0,0,3.3333333333333337e-6,4.714045207910317e-6,0.2019704433497537,1001.0
1_0_0_1_0_0_0_0_0_1_0_1_0_0_1_0_1_1_0_1_1_1_1_0_0_1_1_1_0_1_1_0_1_0_0_0_1_0_1_0_1_0_0_1_1_1_1_1_1_1_0_1,1,3.3333333333333337e-6,4.714045207910317e-6,0.3054187192118227,280.0
1_1_1_1_1_0_1_0_0_0_0_1_1_1_1_1_1_1_1_0_1_0_0_1_0_0_1_0_1_1_1_0_0_1_1_1_0_1_0_0_0_0_1_0_1_0_0_0_0_0_0_0,0,3.3333333333333337e-6,4.714045207910317e-6,0.20689655172413793,1001.0
0_0_0_0_0_1_0_0_0_1_1_0_0_0_0_0_1_0_0_1_0_1_1_0_1_1_0_1_0_0_0_1_1_0_0_1_1_0_1_1_1_1_0_1_0_1_0_1_1_1_1_1,0,3.3333333333333337e-6,4.714045207910317e-6,0.20689655172413793,1001.0
0_1_1_0_1_0_0_0_1_1_1_0_1_1_0_0_0_1_0_0_0_1_1_1_1_1_0_1_0_0_1_1_1_0_1_1_1_1_1_1_1_1_0_1_1_1_0_1_1_1_1_1,1,3.3333333333333337e-6,4.714045207910317e-6,0.27586206896551724,260.0
0_1_1_0_1_1_1_0_1_0_1_0_1_1_1_0_0_1_0_0_0_0_0_1_0_0_0_1_1_0_1_1_0_0_1_1_0_1_0_1_1_1_1_1_0_1_0_1_1_0_1_1,1,3.3333333333333337e-6,4.714045207910317e-6,0.3103448275862069,250.0
0_1_1_0_1_0_1_1_0_0_0_1_1_1_1_1_1_1_0_0_1_1_1_1_1_1_0_0_0_0_1_1_1_0_0_0_1_1_1_1_1_0_1_1_1_1_1_1_0_0_0_0,0,3.3333333333333337e-6,4.714045207910317e-6,0.19704433497536947,1001.0
0_1_0_0_1_0_1_1_0_0_0_1_1_1_1_1_1_1_0_1_1_1_1_1_1_1_0_0_0_0_1_1_1_0_1_1_1_1_1_1_1_0_1_1_1_1_0_1_0_0_0_0,0,3.3333333333333337e-6,4.714045207910317e-6,0.19704433497536947,1001.0
0_1_1_0_1_0_1_1_1_0_0_1_1_1_1_1_0_1_0_0_1_0_0_1_0_0_0_1_1_0_1_1_0_0_1_0_0_1_0_1_1_1_1_1_1_1_1_1_0_0_0_0,0,3.3333333333333337e-6,4.714045207910317e-6,0.23645320197044334,1001.0
1_1_0_1_1_0_0_0_0_1_0_1_0_0_0_0_1_0_0_1_1_1_1_0_0_1_1_0_0_1_0_0_1_0_0_0_1_1_1_0_1_0_0_1_1_1_0_1_1_1_0_1,1,3.3333333333333337e-6,4.714045207910317e-6,0.23645320197044334,300.0
0_1_0_0_1_1_1_1_0_0_0_1_1_0_1_1_1_1_0_1_1_1_1_1_1_1_0_0_0_0_1_1_1_0_0_0_1_1_1_1_1_0_0_1_1_1_1_1_0_0_0_0,0,3.3333333333333337e-6,4.714045207910317e-6,0.20689655172413793,1001.0
0_0_1_1_0_1_1_1_1_0_1_0_1_1_1_1_0_1_1_0_0_1_1_1_1_1_1_0_0_1_1_0_1_0_1_1_1_0_1_1_1_1_1_1_0_1_1_1_0_0_1_0,0,3.3333333333333337e-6,4.714045207910317e-6,0.19704433497536947,1001.0
0_1_1_0_0_1_1_1_1_0_1_0_1_1_1_1_0_1_0_0_0_1_1_1_1_1_0_1_0_0_1_1_1_0_1_1_1_1_1_1_1_1_1_1_0_1_0_1_0_0_1_0,0,3.3333333333333337e-6,4.714045207910317e-6,0.16748768472906403,1001.0
0_1_1_0_1_0_1_1_1_0_1_1_1_1_1_1_1_1_0_0_0_1_1_1_1_1_0_1_0_0_1_1_1_0_1_1_1_1_1_1_1_1_1_1_0_1_0_1_0_0_1_0,0,3.3333333333333337e-6,4.714045207910317e-6,0.15763546798029557,1001.0
1_1_1_1_1_1_1_0_1_0_1_0_1_1_1_1_0_1_0_0_0_1_1_1_0_1_1_1_0_1_1_0_1_0_1_1_1_1_1_0_1_1_1_1_1_1_0_1_0_0_1_0,1,3.3333333333333337e-6,4.714045207910317e-6,0.27586206896551724,160.0
0_0_0_0_0_0_0_1_1_1_0_1_0_0_0_0_1_0_0_1_1_0_0_0_1_0_0_1_1_0_0_1_0_0_0_0_0_0_0_1_1_0_0_1_1_1_1_1_1_1_0_1,1,3.3333333333333337e-6,4.714045207910317e-6,0.29064039408866993,270.0
0_1_1_0_1_1_1_1_1_0_1_0_1_1_1_1_0_1_1_0_0_0_0_1_1_0_0_1_1_0_1_1_0_1_1_1_0_1_0_1_0_1_1_0_1_0_0_0_0_0_1_0,1,3.3333333333333337e-6,4.714045207910317e-6,0.2857142857142857,170.0
1_1_1_1_1_1_1_1_1_0_1_1_1_0_0_0_0_1_0_0_0_1_1_1_0_1_1_0_0_1_1_0_1_0_1_1_1_1_1_0_1_1_1_1_0_1_1_1_1_1_1_1,1,3.3333333333333337e-6,4.714045207910317e-6,0.30049261083743845,190.0
1_0_0_1_0_0_0_0_0_1_0_1_0_0_0_0_1_0_1_1_1_1_1_0_1_1_1_0_0_1_0_0_1_1_0_0_1_0_1_0_0_0_0_0_0_0_1_0_1_1_0_1,1,3.3333333333333337e-6,4.714045207910317e-6,0.26108374384236455,170.0
0_1_0_0_1_0_0_0_1_1_1_0_1_1_0_0_1_1_0_1_0_1_1_1_1_1_0_1_0_0_1_1_1_0_1_1_1_1_1_1_1_0_0_1_0_1_0_1_1_1_1_1,1,3.3333333333333337e-6,4.714045207910317e-6,0.270935960591133,290.0
0_1_0_0_1_1_1_1_1_0_0_1_1_0_1_1_1_1_1_1_1_0_0_1_1_0_0_0_1_0_1_1_0_1_1_1_0_1_0_1_0_0_1_0_1_0_1_0_0_0_1_0,1,3.3333333333333337e-6,4.714045207910317e-6,0.2857142857142857,220.0
0_1_1_0_1_0_0_1_1_1_1_0_1_1_1_0_0_1_0_0_0_1_1_1_1_1_0_1_0_0_1_1_1_0_1_1_1_1_1_1_1_1_0_1_1_1_0_1_1_0_1_1,1,3.3333333333333337e-6,4.714045207910317e-6,0.28078817733990147,240.0
0_0_0_0_0_1_0_0_0_1_1_0_0_0_0_0_0_0_0_0_0_1_1_0_1_1_0_1_0_0_0_1_1_0_0_0_1_0_1_1_1_1_0_1_1_1_0_1_1_1_1_1,0,3.3333333333333337e-6,4.714045207910317e-6,0.19704433497536947,1001.0
0_1_1_0_1_0_1_1_1_0_0_1_1_1_1_1_0_1_0_1_1_0_0_1_1_0_0_0_1_0_1_1_0_0_1_1_0_1_0_1_1_0_1_1_1_1_1_1_0_0_0_0,0,3.3333333333333337e-6,4.714045207910317e-6,0.24630541871921183,1001.0
0_1_0_0_1_0_1_0_0_0_0_1_1_1_1_1_1_1_0_1_1_0_0_1_1_0_0_1_1_0_1_1_0_0_1_1_0_1_0_1_1_0_1_1_0_1_0_1_0_0_1_0,1,3.3333333333333337e-6,4.714045207910317e-6,0.270935960591133,190.0
1_0_0_1_0_1_0_0_0_1_0_0_0_0_0_0_1_0_1_1_1_0_0_0_0_0_1_0_1_1_0_0_0_1_0_0_0_0_0_0_0_0_1_0_0_0_0_0_1_1_0_1,0,3.3333333333333337e-6,4.714045207910317e-6,0.15763546798029557,1001.0
0_1_0_0_1_0_0_1_0_1_0_1_1_0_1_0_1_1_1_1_1_0_0_0_1_0_0_1_1_0_1_1_0_1_0_0_0_1_0_1_0_0_0_0_1_0_1_0_1_1_0_0,1,3.3333333333333337e-6,4.714045207910317e-6,0.2857142857142857,170.0
0_0_1_0_0_1_1_1_1_0_1_0_0_1_0_1_0_0_1_0_0_0_0_1_1_0_0_0_1_0_0_1_0_1_1_1_0_0_0_1_0_1_1_0_0_0_1_0_0_0_1_1,1,3.3333333333333337e-6,4.714045207910317e-6,0.2512315270935961,210.0
1_1_1_1_1_1_1_1_1_0_1_0_1_1_1_0_0_1_0_0_0_1_1_1_0_1_1_1_0_1_1_0_1_0_1_1_1_1_1_0_1_1_1_1_1_1_0_1_1_0_1_1,1,3.3333333333333337e-6,4.714045207910317e-6,0.31527093596059114,210.0
1_0_0_1_0_1_0_0_0_1_1_0_0_0_0_0_0_0_1_0_0_0_0_0_0_0_1_1_1_1_0_0_0_1_0_0_0_0_0_0_0_0_0_0_0_0_0_0_1_1_1_1,0,3.3333333333333337e-6,4.714045207910317e-6,0.18226600985221675,1001.0
0_0_0_0_0_0_0_1_0_1_0_1_0_0_0_1_1_0_1_1_1_0_0_0_1_0_0_1_1_0_0_1_0_1_0_0_0_0_0_1_0_1_0_0_1_0_1_0_0_1_0_0,1,3.3333333333333337e-6,4.714045207910317e-6,0.3251231527093596,300.0
0_1_1_0_1_1_1_0_1_0_1_0_1_1_0_0_0_1_0_0_0_0_0_1_1_0_0_1_1_0_1_1_0_0_1_1_0_1_0_1_1_1_1_1_1_1_0_1_1_1_1_1,1,3.3333333333333337e-6,4.714045207910317e-6,0.31527093596059114,120.0
0_1_0_0_1_0_0_0_0_1_0_0_0_1_1_0_0_1_0_0_0_0_0_0_1_0_0_1_1_0_1_1_0_0_0_0_0_1_0_1_1_1_0_1_1_1_0_1_1_1_0_1,1,3.3333333333333337e-6,4.714045207910317e-6,0.30049261083743845,270.0
0_0_1_0_0_1_0_1_1_1_1_0_0_0_0_0_0_0_0_0_0_0_0_0_1_0_0_0_1_0_0_1_0_0_0_0_0_0_0_1_1_1_0_1_1_1_1_1_1_1_0_1,1,3.3333333333333337e-6,4.714045207910317e-6,0.29064039408866993,180.0
0_1_1_0_1_1_1_0_1_0_1_0_1_1_0_1_0_0_1_0_0_0_0_1_1_0_0_1_1_0_0_1_0_1_1_1_0_1_0_1_0_1_1_0_0_0_0_0_0_0_1_0,1,3.3333333333333337e-6,4.714045207910317e-6,0.32019704433497537,220.0
0_1_1_0_1_1_1_1_1_0_1_0_1_1_1_0_0_1_0_0_0_0_0_1_0_0_0_1_1_0_1_1_0_0_1_1_0_1_0_1_1_1_1_1_0_1_1_1_1_0_1_1,1,3.3333333333333337e-6,4.714045207910317e-6,0.2857142857142857,180.0
1_0_0_1_0_0_0_0_0_1_1_0_0_0_0_0_1_0_0_1_1_1_1_0_0_1_1_1_0_1_0_0_1_0_0_0_1_0_1_0_1_0_0_1_0_1_0_1_1_1_0_1,1,3.3333333333333337e-6,4.714045207910317e-6,0.27586206896551724,130.0
1_1_1_1_1_0_1_0_0_0_0_1_1_1_1_1_1_1_1_1_1_0_0_1_0_0_1_0_1_1_1_0_0_1_1_1_0_1_0_0_0_0_1_0_1_0_1_0_0_0_0_0,0,3.3333333333333337e-6,4.714045207910317e-6,0.21182266009852216,1001.0
1_0_0_1_0_1_0_0_0_1_0_0_0_0_0_0_0_0_1_1_1_0_0_0_0_0_1_1_1_1_0_0_0_1_0_0_0_0_0_0_0_0_0_0_1_0_0_0_1_1_0_1,0,3.3333333333333337e-6,4.714045207910317e-6,0.1477832512315271,1001.0
0_0_0_0_0_1_0_0_0_1_0_0_0_0_0_0_0_0_0_0_0_0_0_0_1_0_0_1_1_0_0_1_0_0_0_0_0_0_0_1_1_1_0_1_1_1_0_1_1_1_0_1,0,3.3333333333333337e-6,4.714045207910317e-6,0.23645320197044334,1001.0
1_1_1_1_1_1_1_1_1_0_1_0_1_1_0_0_0_1_0_0_0_1_1_1_0_1_1_1_0_1_1_0_1_0_1_1_1_1_1_0_1_1_1_1_1_1_0_1_1_1_1_1,1,3.3333333333333337e-6,4.714045207910317e-6,0.30049261083743845,250.0
1_0_0_1_0_1_0_1_1_1_1_0_0_0_0_0_1_0_1_1_0_1_1_0_1_1_1_1_0_1_0_0_1_1_0_0_1_0_1_0_0_1_0_0_0_0_0_0_1_1_1_1,0,3.3333333333333337e-6,4.714045207910317e-6,0.2512315270935961,1001.0
1_1_0_1_1_1_0_0_0_1_0_1_1_0_1_1_1_1_1_1_1_0_0_0_0_0_1_1_1_1_1_0_0_1_0_0_0_1_0_0_0_0_0_0_1_0_0_0_0_0_0_0,0,3.3333333333333337e-6,4.714045207910317e-6,0.1921182266009852,1001.0
0_0_0_0_0_1_0_0_1_1_1_0_0_0_0_0_1_0_0_1_0_1_1_0_1_1_0_1_0_0_0_1_1_0_0_0_1_0_1_1_1_1_0_1_0_1_0_1_1_1_1_1,0,3.3333333333333337e-6,4.714045207910317e-6,0.2019704433497537,1001.0
0_1_1_0_1_1_1_0_1_0_1_0_1_1_1_1_0_1_0_0_0_0_0_1_0_0_0_0_1_0_1_1_0_0_1_1_0_1_0_1_1_1_1_1_1_1_0_1_0_0_1_0,1,3.3333333333333337e-6,4.714045207910317e-6,0.2660098522167488,130.0
0_0_1_0_0_1_0_1_1_1_1_0_0_0_0_0_0_0_1_0_0_0_0_0_1_0_0_0_1_0_0_1_0_1_0_0_0_0_0_1_0_1_0_0_0_0_1_0_1_1_0_1,1,3.3333333333333337e-6,4.714045207910317e-6,0.2660098522167488,250.0
1_0_0_1_0_1_0_1_1_1_1_0_0_0_0_0_0_0_1_1_0_1_1_0_1_1_1_1_0_1_0_0_1_1_0_0_1_0_1_0_0_1_0_0_1_0_1_0_1_1_1_1,0,3.3333333333333337e-6,4.714045207910317e-6,0.24630541871921183,1001.0
1_0_0_1_0_1_1_1_1_0_1_0_0_0_1_1_0_0_1_0_1_0_0_0_0_0_1_1_1_1_0_0_0_1_0_0_0_0_0_0_0_1_1_0_1_0_1_0_0_0_1_0,1,3.3333333333333337e-6,4.714045207910317e-6,0.28078817733990147,150.0
0_1_1_0_1_0_1_1_1_0_1_1_1_1_1_1_0_1_0_0_1_1_1_1_1_1_0_0_0_0_1_1_1_0_1_1_1_1_1_1_1_1_1_1_0_1_1_1_0_0_0_0,0,3.3333333333333337e-6,4.714045207910317e-6,0.12315270935960591,1001.0
1_0_1_1_0_0_0_1_1_1_0_0_0_1_0_0_0_0_1_0_0_0_0_0_0_0_1_1_1_1_0_0_0_1_0_0_0_0_0_0_0_1_0_0_1_0_1_0_1_1_0_1,0,3.3333333333333337e-6,4.714045207910317e-6,0.2019704433497537,1001.0
0_1_1_0_1_0_0_1_1_1_1_0_1_1_0_0_0_1_0_0_0_1_1_1_1_1_0_0_0_0_1_1_1_0_0_0_1_1_1_1_1_0_0_1_1_1_0_1_1_1_0_1,1,3.3333333333333337e-6,4.714045207910317e-6,0.28078817733990147,140.0
0_1_1_0_1_1_1_1_1_0_1_0_1_1_0_0_0_1_0_0_0_0_0_1_1_0_0_1_1_0_1_1_0_0_1_1_0_1_0_1_1_1_1_1_0_1_0_1_1_1_1_1,1,3.3333333333333337e-6,4.714045207910317e-6,0.2955665024630542,160.0
1_1_0_1_1_1_1_1_1_0_0_1_1_0_1_1_0_1_1_1_1_0_0_1_0_0_1_1_1_1_1_0_0_1_1_1_0_1_0_0_0_1_1_0_1_0_1_0_0_0_1_0,0,3.3333333333333337e-6,4.714045207910317e-6,0.2315270935960591,1001.0
1_1_0_1_1_0_1_1_0_0_0_1_1_1_1_1_1_1_1_1_1_1_1_1_0_1_1_1_0_1_1_0_1_1_1_1_1_1_1_0_0_0_1_0_0_0_0_0_0_0_1_0,1,3.3333333333333337e-6,4.714045207910317e-6,0.29064039408866993,200.0
0_1_1_0_1_1_1_0_1_0_1_0_1_1_1_0_0_1_0_0_0_0_0_1_1_0_0_0_1_0_1_1_0_0_1_1_0_1_0_1_1_0_1_1_0_1_0_1_1_0_1_1,1,3.3333333333333337e-6,4.714045207910317e-6,0.33004926108374383,190.0
1_0_0_1_0_0_0_0_0_1_1_0_0_0_1_1_0_0_1_1_1_0_0_0_0_0_1_0_1_1_0_0_0_1_0_0_0_0_0_0_0_0_0_0_0_0_0_0_0_0_0_0,0,3.3333333333333337e-6,4.714045207910317e-6,0.2512315270935961,1001.0
1_0_1_1_0_1_1_0_0_0_0_1_0_0_0_1_0_0_1_0_1_0_0_0_0_0_1_0_1_1_0_0_0_1_1_0_0_0_0_0_0_1_1_0_0_0_1_0_0_1_0_0,1,3.3333333333333337e-6,4.714045207910317e-6,0.30049261083743845,320.0
1_1_1_1_1_0_1_0_0_0_0_1_1_1_1_1_0_1_0_0_1_1_1_1_0_1_1_0_0_1_1_0_1_0_1_1_1_1_1_0_1_0_1_1_1_1_0_1_0_0_0_0,0,3.3333333333333337e-6,4.714045207910317e-6,0.2512315270935961,1001.0
0_1_0_0_1_0_1_1_1_0_0_1_1_1_1_1_1_1_0_1_1_1_1_1_1_1_0_1_0_0_1_1_1_0_1_1_1_1_1_1_1_1_1_1_1_1_1_1_0_0_1_0,0,3.3333333333333337e-6,4.714045207910317e-6,0.19704433497536947,1001.0
0_1_1_0_1_1_1_1_1_0_0_1_1_1_0_1_1_0_1_1_1_0_0_1_1_0_0_0_1_0_0_1_0_1_1_1_0_1_0_1_0_0_1_0_1_0_1_0_0_0_1_0,1,3.3333333333333337e-6,4.714045207910317e-6,0.3103448275862069,200.0
0_1_1_0_1_1_1_1_0_0_0_1_1_0_1_1_0_1_0_0_1_0_0_1_1_0_0_0_1_0_1_1_0_0_1_1_0_1_0_1_1_1_1_1_1_1_1_1_0_0_1_0,1,3.3333333333333337e-6,4.714045207910317e-6,0.28078817733990147,640.0
0_0_0_0_0_0_0_0_0_1_1_0_0_0_1_0_1_1_0_1_1_0_0_0_1_0_0_0_1_0_1_1_0_0_0_0_0_0_0_1_1_0_0_1_0_1_0_1_1_1_0_1,1,3.3333333333333337e-6,4.714045207910317e-6,0.3103448275862069,480.0
0_1_0_0_1_0_0_1_0_1_0_1_1_0_1_0_1_1_0_1_1_0_0_0_1_0_0_0_1_0_1_1_0_0_0_0_0_1_0_1_1_0_0_1_1_1_1_1_1_1_0_0,1,3.3333333333333337e-6,4.714045207910317e-6,0.2857142857142857,410.0
1_1_1_1_1_1_1_1_1_0_1_0_1_1_1_0_0_1_0_0_0_1_1_1_0_1_1_1_0_1_1_0_1_0_1_1_1_1_1_0_1_1_1_1_1_1_1_1_1_0_1_1,1,3.3333333333333337e-6,4.714045207910317e-6,0.30049261083743845,180.0
0_0_1_0_0_1_1_0_1_0_1_0_0_1_0_1_0_0_0_0_0_0_0_1_1_0_0_0_1_0_0_1_0_0_1_1_0_0_0_1_1_1_1_1_0_1_0_1_0_0_1_1,1,3.3333333333333337e-6,4.714045207910317e-6,0.29064039408866993,190.0
1_1_1_1_1_1_1_0_0_0_1_0_1_1_0_1_0_0_1_0_0_1_1_1_1_1_1_1_0_1_0_0_1_1_1_1_1_1_1_0_0_1_1_0_0_0_0_0_0_0_1_0,1,3.3333333333333337e-6,4.714045207910317e-6,0.32019704433497537,150.0
0_1_1_0_1_0_1_1_1_0_0_1_1_1_1_1_0_1_0_0_1_0_0_1_0_0_0_0_1_0_1_1_0_0_1_1_0_1_0_1_1_0_1_1_1_1_1_1_0_0_0_0,0,3.3333333333333337e-6,4.714045207910317e-6,0.23645320197044334,1001.0
0_1_1_0_1_1_1_0_1_0_1_0_1_1_1_0_0_1_0_0_0_0_0_1_0_0_0_0_1_0_1_1_0_0_1_1_0_1_0_1_1_0_1_1_1_1_0_1_1_0_1_1,1,3.3333333333333337e-6,4.714045207910317e-6,0.33004926108374383,160.0
1_0_1_1_0_1_1_1_1_0_1_0_1_1_1_1_0_0_1_0_0_1_1_1_0_1_1_0_0_1_0_0_1_1_1_1_1_0_1_0_0_0_1_0_0_0_0_0_0_0_1_0,1,3.3333333333333337e-6,4.714045207910317e-6,0.29064039408866993,360.0
1_0_1_1_0_1_0_1_1_1_1_0_0_0_0_0_0_0_1_0_0_1_1_0_0_1_1_0_0_1_0_0_1_1_0_0_1_0_1_0_0_1_0_0_0_0_1_0_1_1_0_1,1,3.3333333333333337e-6,4.714045207910317e-6,0.270935960591133,170.0
0_1_1_0_1_1_1_1_1_0_1_0_1_1_1_1_0_1_0_0_0_0_0_1_0_0_0_1_1_0_1_1_0_0_1_1_0_1_0_1_1_1_1_1_1_1_0_1_0_0_1_0,1,3.3333333333333337e-6,4.714045207910317e-6,0.26108374384236455,250.0
1_0_0_1_0_1_1_0_0_0_1_0_0_0_1_1_0_0_1_0_1_0_0_0_0_0_1_1_1_1_0_0_0_1_1_1_0_0_0_0_0_1_1_0_0_0_0_0_0_0_1_0,1,3.3333333333333337e-6,4.714045207910317e-6,0.2857142857142857,150.0
1_0_1_1_0_1_0_0_0_1_1_0_0_0_0_0_0_0_1_0_0_1_1_0_0_1_1_0_0_1_0_0_1_1_0_0_1_0_1_0_0_1_0_0_0_0_1_0_1_1_0_1,1,3.3333333333333337e-6,4.714045207910317e-6,0.27586206896551724,150.0
0_0_0_0_0_1_0_1_0_1_0_0_0_0_1_0_0_1_0_1_1_1_1_0_1_1_0_0_0_0_1_1_1_0_0_0_1_0_1_1_1_0_0_1_1_1_1_1_1_1_0_1,0,3.3333333333333337e-6,4.714045207910317e-6,0.21182266009852216,1001.0
0_0_1_0_0_0_0_0_1_1_1_0_0_1_0_0_1_0_0_0_0_1_1_0_1_1_0_0_0_0_0_1_1_0_0_0_1_0_1_1_1_0_0_1_0_1_0_1_1_1_0_1,0,3.3333333333333337e-6,4.714045207910317e-6,0.22660098522167488,1001.0
1_0_1_1_0_1_1_1_1_0_1_1_1_0_1_1_0_0_1_0_0_1_1_1_0_1_1_1_0_1_0_0_1_1_1_1_1_0_1_0_0_1_1_0_0_0_1_0_0_0_1_0,1,3.3333333333333337e-6,4.714045207910317e-6,0.2857142857142857,460.0
0_1_0_0_1_1_1_1_0_0_0_1_1_0_1_0_1_1_0_1_1_0_0_1_1_0_0_1_1_0_1_1_0_0_1_1_0_1_0_1_1_1_1_1_1_1_1_1_1_1_1_0,1,3.3333333333333337e-6,4.714045207910317e-6,0.31527093596059114,300.0
1_1_0_1_1_1_1_0_0_0_0_1_1_1_1_1_1_1_1_1_1_1_1_1_0_1_1_0_0_1_1_0_1_1_1_1_1_1_1_0_0_0_1_0_0_0_0_0_0_0_1_0,1,3.3333333333333337e-6,4.714045207910317e-6,0.28078817733990147,600.0
1_1_1_1_1_0_0_0_0_0_0_1_0_1_0_0_0_0_1_0_0_0_0_0_0_0_1_0_1_1_0_0_0_1_0_0_0_0_0_0_0_0_1_0_1_0_1_0_1_1_0_1,0,3.3333333333333337e-6,4.714045207910317e-6,0.22660098522167488,1001.0
0_1_0_0_1_1_0_1_0_1_0_0_1_0_1_1_1_1_0_1_1_1_1_0_1_1_0_0_0_0_1_1_1_0_0_1_1_1_1_1_1_0_0_1_1_1_0_1_0_1_0_0,0,3.3333333333333337e-6,4.714045207910317e-6,0.1921182266009852,1001.0
0_1_0_0_1_1_1_1_0_0_0_1_1_0_1_1_1_1_0_1_1_0_0_1_1_0_0_1_1_0_1_1_0_0_1_1_0_1_0_1_1_0_1_1_1_1_0_1_0_0_1_0,1,3.3333333333333337e-6,4.714045207910317e-6,0.2660098522167488,230.0
0_1_1_0_1_0_0_0_0_0_0_1_0_1_0_0_0_1_0_0_1_0_0_0_0_0_0_0_1_0_1_1_0_0_0_0_0_1_0_1_1_0_1_1_1_1_1_1_1_1_0_1,1,3.3333333333333337e-6,4.714045207910317e-6,0.3251231527093596,370.0
1_0_0_1_0_1_0_0_0_1_0_0_0_0_0_0_0_0_1_0_1_0_0_0_0_0_1_0_1_1_0_0_0_1_0_0_0_0_0_0_0_0_0_0_1_0_1_0_1_1_0_1,0,3.3333333333333337e-6,4.714045207910317e-6,0.16748768472906403,1001.0
0_0_1_0_0_0_0_0_1_1_1_0_0_1_0_0_0_0_0_0_0_0_0_0_0_0_0_0_1_0_0_1_0_0_0_0_0_0_0_1_1_1_0_1_0_1_0_1_1_1_0_1,1,3.3333333333333337e-6,4.714045207910317e-6,0.28078817733990147,230.0
0_1_1_0_1_0_1_1_0_0_0_1_1_1_1_1_0_1_0_0_1_1_1_1_1_1_0_0_0_0_1_1_1_0_1_1_1_1_1_1_1_1_1_1_1_1_1_1_0_0_0_0,0,3.3333333333333337e-6,4.714045207910317e-6,0.17733990147783252,1001.0
0_0_0_0_0_0_0_1_0_1_0_1_0_0_0_0_1_0_1_1_1_0_0_0_1_0_0_0_1_0_0_1_0_1_0_0_0_0_0_1_0_0_0_0_0_0_1_0_1_1_0_1,1,3.3333333333333337e-6,4.714045207910317e-6,0.27586206896551724,390.0
0_1_0_0_1_0_0_0_1_1_1_0_1_1_1_0_1_1_0_1_0_1_1_1_1_1_0_1_0_0_1_1_1_0_1_1_1_1_1_1_1_0_0_1_0_1_0_1_1_0_1_1,1,3.3333333333333337e-6,4.714045207910317e-6,0.2857142857142857,200.0
0_1_1_0_1_0_1_0_0_0_0_1_1_1_1_1_0_1_0_0_1_0_0_1_0_0_0_0_1_0_1_1_0_0_1_1_0_1_0_1_1_0_1_1_1_1_0_1_0_0_0_0,0,3.3333333333333337e-6,4.714045207910317e-6,0.24630541871921183,1001.0
0_0_0_0_1_1_0_0_0_1_0_0_0_0_0_0_1_0_1_1_1_0_0_0_1_0_0_0_1_0_0_1_0_1_0_0_0_0_0_1_0_0_0_0_1_0_0_0_1_1_0_1,0,3.3333333333333337e-6,4.714045207910317e-6,0.1724137931034483,1001.0
0_1_1_0_1_1_1_1_1_0_1_0_1_1_1_0_0_1_0_0_0_0_0_1_1_0_0_1_1_0_1_1_0_0_1_1_0_1_0_1_1_1_1_1_1_1_1_1_1_0_1_1,1,3.3333333333333337e-6,4.714045207910317e-6,0.3054187192118227,240.0
0_1_0_0_1_0_0_0_0_1_0_1_1_0_1_0_1_1_1_1_1_0_0_0_1_0_0_1_1_0_1_1_0_1_0_0_0_1_0_1_0_0_0_0_1_0_1_0_1_1_0_0,1,3.3333333333333337e-6,4.714045207910317e-6,0.27586206896551724,150.0
1_1_0_1_1_0_1_0_0_0_0_1_1_1_1_1_1_1_1_1_1_1_1_1_1_1_1_1_0_1_1_0_1_1_1_1_1_1_1_0_0_0_1_0_1_0_0_0_0_0_1_0,1,3.3333333333333337e-6,4.714045207910317e-6,0.28078817733990147,330.0
0_0_0_0_0_0_0_0_0_1_0_0_0_0_0_0_0_0_0_0_1_1_1_0_1_1_0_1_0_0_0_1_1_0_0_0_1_0_1_1_1_0_0_1_1_1_0_1_1_1_0_1,0,3.3333333333333337e-6,4.714045207910317e-6,0.1625615763546798,1001.0
1_0_0_1_0_1_0_0_1_1_1_0_0_0_0_0_0_0_1_1_0_0_0_0_0_0_1_1_1_1_0_0_0_1_0_0_0_0_0_0_0_1_0_0_0_0_1_0_1_1_1_1,0,3.3333333333333337e-6,4.714045207910317e-6,0.18719211822660098,1001.0
0_1_1_0_1_0_1_1_0_0_0_1_1_1_1_1_1_1_0_1_1_1_1_1_1_1_0_0_0_0_1_1_1_0_1_0_1_1_1_1_1_1_1_1_1_1_1_1_0_0_0_0,0,3.3333333333333337e-6,4.714045207910317e-6,0.20689655172413793,1001.0
1_1_0_1_1_0_1_1_0_0_0_1_1_1_1_1_1_1_0_1_1_1_1_1_0_1_1_1_0_1_1_0_1_0_1_1_1_1_1_0_1_0_1_1_1_1_0_1_0_0_1_0,1,3.3333333333333337e-6,4.714045207910317e-6,0.2660098522167488,290.0
0_0_0_0_0_0_0_1_0_1_0_1_0_0_1_0_1_1_0_1_1_0_0_0_1_0_0_1_1_0_1_1_0_0_0_0_0_0_0_1_1_0_0_1_1_1_1_1_1_1_0_1,1,3.3333333333333337e-6,4.714045207910317e-6,0.32019704433497537,240.0
0_1_0_0_1_1_1_1_1_0_1_1_1_0_0_0_1_1_0_1_1_0_0_1_1_0_0_0_1_0_1_1_0_0_1_1_0_1_0_1_1_0_1_1_0_1_0_1_1_1_1_1,1,3.3333333333333337e-6,4.714045207910317e-6,0.33004926108374383,260.0
1_1_1_1_1_0_1_0_0_0_0_1_1_1_1_1_1_1_1_1_1_0_0_1_0_0_1_0_1_1_1_0_0_1_1_1_0_1_0_0_0_0_1_0_1_0_0_0_0_0_0_0,0,3.3333333333333337e-6,4.714045207910317e-6,0.20689655172413793,1001.0
1_0_0_1_0_1_0_0_1_1_1_0_0_0_0_0_1_0_1_1_0_0_0_0_0_0_1_1_1_1_0_0_0_1_0_0_0_0_0_0_0_1_0_0_0_0_1_0_1_1_1_1,0,3.3333333333333337e-6,4.714045207910317e-6,0.18719211822660098,1001.0
0_1_1_0_1_0_1_1_0_0_0_1_1_1_1_1_1_1_0_1_1_1_1_1_1_1_0_0_0_0_1_1_1_0_1_1_1_1_1_1_1_0_0_1_1_1_1_1_0_0_0_0,0,3.3333333333333337e-6,4.714045207910317e-6,0.18719211822660098,1001.0
1_0_1_1_0_0_0_0_1_1_1_0_0_1_0_1_0_0_1_0_0_1_1_0_0_1_1_0_0_1_0_0_1_1_0_0_1_0_1_0_0_1_0_0_0_0_0_0_0_0_0_1,1,3.3333333333333337e-6,4.714045207910317e-6,0.3103448275862069,130.0
0_0_1_0_0_0_0_1_1_1_1_0_0_0_1_0_0_1_0_0_0_0_0_0_0_0_0_1_1_0_1_1_0_0_0_0_0_0_0_1_1_1_0_1_1_1_1_1_1_1_0_1,1,3.3333333333333337e-6,4.714045207910317e-6,0.3054187192118227,190.0
0_1_0_0_1_0_0_0_0_1_0_0_0_1_0_0_1_1_0_1_1_0_0_0_1_0_0_1_1_0_1_1_0_0_0_0_0_1_0_1_1_0_0_1_1_1_0_1_1_1_0_1,1,3.3333333333333337e-6,4.714045207910317e-6,0.28078817733990147,220.0
1_1_1_1_1_0_1_1_1_0_1_1_1_1_1_1_0_1_1_1_1_0_0_1_0_0_1_0_1_1_1_0_0_1_1_1_0_1_0_0_0_0_1_0_0_0_1_0_0_0_1_0,0,3.3333333333333337e-6,4.714045207910317e-6,0.16748768472906403,1001.0
0_1_0_0_1_0_0_0_0_1_0_1_1_0_1_0_1_1_1_1_1_0_0_0_1_0_0_0_1_0_1_1_0_1_0_0_0_1_0_1_0_0_0_0_1_0_1_0_1_1_0_0,1,3.3333333333333337e-6,4.714045207910317e-6,0.28078817733990147,410.0
0_1_1_0_1_1_1_0_1_0_1_0_1_1_1_1_0_1_0_0_0_1_1_1_1_1_0_1_0_1_1_1_1_0_1_1_1_1_1_1_1_1_1_1_0_1_0_1_0_0_1_0,0,3.3333333333333337e-6,4.714045207910317e-6,0.21182266009852216,1001.0
1_0_0_1_0_0_0_1_0_1_0_1_0_0_1_0_1_1_0_1_1_1_1_0_0_1_1_1_0_1_1_0_1_0_0_0_1_0_1_0_1_0_0_1_1_1_1_1_1_1_0_1,1,3.3333333333333337e-6,4.714045207910317e-6,0.31527093596059114,160.0
1_1_0_1_1_0_0_0_0_1_0_0_0_1_0_0_1_1_0_1_1_1_1_0_0_1_1_0_0_1_1_0_1_0_0_0_1_1_1_0_1_0_0_1_1_1_0_1_1_1_0_1,1,3.3333333333333337e-6,4.714045207910317e-6,0.28078817733990147,150.0
1_1_1_1_1_1_1_0_0_0_1_0_1_1_1_1_0_1_1_0_0_1_1_1_1_1_1_0_0_1_1_0_1_1_1_1_1_1_1_0_0_1_1_0_0_0_0_0_0_0_1_0,1,3.3333333333333337e-6,4.714045207910317e-6,0.28078817733990147,230.0
1_0_0_1_0_0_0_0_0_1_0_1_0_0_0_1_1_0_1_1_1_1_1_0_0_1_1_1_0_1_0_0_1_1_0_0_1_0_1_0_0_0_0_0_1_0_1_0_0_1_0_0,1,3.3333333333333337e-6,4.714045207910317e-6,0.3054187192118227,70.0
0_0_0_0_0_1_0_0_0_1_1_0_0_0_0_0_1_0_0_0_0_1_1_0_1_1_0_1_0_0_0_1_1_0_0_0_1_0_1_1_1_1_0_1_1_1_0_1_1_1_1_1,0,3.3333333333333337e-6,4.714045207910317e-6,0.19704433497536947,1001.0
1_0_0_1_0_1_0_1_0_1_0_0_0_0_0_0_0_0_1_1_1_0_0_0_0_0_1_0_1_1_0_0_0_1_0_0_0_0_0_0_0_0_0_0_1_0_1_0_1_1_0_1,0,3.3333333333333337e-6,4.714045207910317e-6,0.16748768472906403,1001.0
1_1_1_1_1_1_1_1_1_0_1_0_1_1_1_1_0_1_0_0_0_1_1_1_0_1_1_1_0_1_1_0_1_0_1_1_1_1_1_0_1_1_1_1_1_1_0_1_0_0_1_0,1,3.3333333333333337e-6,4.714045207910317e-6,0.2660098522167488,180.0
0_0_0_0_0_0_0_1_0_1_0_1_0_0_1_0_1_1_0_1_1_0_0_0_1_0_0_1_1_0_1_1_0_0_0_0_0_0_0_1_1_1_0_1_0_1_1_1_1_1_0_1,1,3.3333333333333337e-6,4.714045207910317e-6,0.3448275862068966,140.0
1_1_1_1_1_0_1_1_1_0_1_1_1_1_1_1_0_1_0_0_0_1_1_1_0_1_1_1_0_1_1_0_1_0_1_1_1_1_1_0_1_1_0_1_0_1_1_1_0_0_1_0,0,3.3333333333333337e-6,4.714045207910317e-6,0.2019704433497537,1001.0
0_0_1_0_0_0_0_1_1_1_1_0_0_0_0_0_0_0_0_0_0_0_0_0_1_0_0_1_1_0_0_1_0_0_0_0_0_0_0_1_1_1_0_1_1_1_1_1_1_1_0_1,1,3.3333333333333337e-6,4.714045207910317e-6,0.28078817733990147,330.0
1_0_0_1_0_1_0_0_1_1_1_0_0_0_0_0_0_0_1_1_0_0_0_0_0_0_1_1_1_1_0_0_0_1_0_0_0_0_0_0_0_0_0_0_0_0_0_0_1_1_1_1,0,3.3333333333333337e-6,4.714045207910317e-6,0.18719211822660098,1001.0
0_0_0_0_0_1_0_1_0_1_0_0_0_0_0_0_1_0_0_1_1_1_1_0_1_1_0_0_0_0_0_1_1_0_0_0_1_0_1_1_1_0_0_1_1_1_0_1_1_1_0_1,0,3.3333333333333337e-6,4.714045207910317e-6,0.1724137931034483,1001.0
0_1_1_0_1_0_1_1_1_0_1_1_1_1_1_1_1_1_0_0_0_1_1_1_1_1_0_1_0_0_1_1_1_0_1_1_1_1_1_1_1_1_1_1_0_1_1_1_0_0_1_0,0,3.3333333333333337e-6,4.714045207910317e-6,0.14285714285714285,1001.0
1_0_0_1_0_0_0_1_0_1_0_1_0_0_0_0_1_0_0_1_1_1_1_0_0_1_1_1_0_1_0_0_1_0_0_0_1_0_1_0_1_0_0_1_0_1_1_1_1_1_0_1,1,3.3333333333333337e-6,4.714045207910317e-6,0.29064039408866993,140.0
1_1_0_1_1_1_1_0_0_0_0_1_1_0_1_1_1_1_0_1_1_1_1_1_0_1_1_1_0_1_1_0_1_0_1_1_1_1_1_0_1_0_1_1_1_1_0_1_0_0_1_0,1,3.3333333333333337e-6,4.714045207910317e-6,0.26108374384236455,190.0
1_0_0_1_0_0_0_1_0_1_0_1_0_0_1_1_1_0_1_1_1_1_1_0_0_1_1_1_0_1_0_0_1_1_0_0_1_0_1_0_0_1_0_0_0_0_1_0_0_0_0_0,1,3.3333333333333337e-6,4.714045207910317e-6,0.3251231527093596,310.0
1_0_0_1_0_1_0_0_1_1_1_0_0_0_0_0_1_0_1_1_0_1_1_0_0_1_1_0_0_1_0_0_1_1_1_1_1_0_1_0_0_0_0_0_0_0_0_0_1_1_1_1,0,3.3333333333333337e-6,4.714045207910317e-6,0.24630541871921183,1001.0
1_0_0_1_0_0_0_0_0_1_0_1_0_0_1_1_1_0_1_1_1_1_1_0_0_1_1_1_0_1_0_0_1_1_0_0_1_0_1_0_0_1_0_0_1_0_1_0_0_0_0_0,1,3.3333333333333337e-6,4.714045207910317e-6,0.3054187192118227,360.0
1_1_0_1_1_0_1_0_0_0_0_1_1_1_1_1_1_1_0_1_1_1_1_1_0_1_1_1_0_1_1_0_1_0_1_1_1_1_1_0_1_0_1_1_1_1_0_1_0_0_1_0,1,3.3333333333333337e-6,4.714045207910317e-6,0.2660098522167488,280.0
0_1_1_0_1_0_1_1_0_0_0_1_1_1_1_1_1_1_0_0_1_0_0_1_1_0_0_0_1_0_1_1_0_0_1_1_0_1_0_1_1_1_1_1_1_1_1_1_0_0_0_0,0,3.3333333333333337e-6,4.714045207910317e-6,0.2561576354679803,1001.0
1_0_0_1_0_1_1_0_0_0_0_1_0_0_0_1_1_0_1_1_1_0_0_0_0_0_1_1_1_1_0_0_0_1_1_0_0_0_0_0_0_0_1_0_0_0_1_0_0_1_1_0,1,3.3333333333333337e-6,4.714045207910317e-6,0.30049261083743845,220.0
1_1_1_1_1_0_1_1_0_0_0_1_1_1_1_1_1_1_0_1_1_1_1_1_0_1_1_0_0_1_1_0_1_0_1_1_1_1_1_0_1_0_1_1_1_1_1_1_0_0_0_0,0,3.3333333333333337e-6,4.714045207910317e-6,0.24630541871921183,1001.0
1_0_1_1_0_0_0_0_1_1_1_0_0_1_0_1_0_0_1_0_0_1_1_0_1_1_1_0_0_1_0_0_1_1_0_0_1_0_1_0_0_0_0_0_0_0_0_0_0_0_0_1,1,3.3333333333333337e-6,4.714045207910317e-6,0.3054187192118227,430.0
0_0_0_0_0_0_0_0_0_1_1_0_0_1_0_1_1_0_1_1_0_0_0_0_1_0_0_0_1_0_0_1_0_1_0_0_0_0_0_1_0_0_0_0_0_0_0_0_0_0_0_1,1,3.3333333333333337e-6,4.714045207910317e-6,0.3251231527093596,120.0
1_1_1_1_1_0_1_1_1_0_0_1_1_1_1_1_0_1_1_0_1_0_0_1_0_0_1_0_1_1_1_0_0_1_1_0_0_1_0_0_0_0_1_0_1_0_1_0_0_0_0_0,0,3.3333333333333337e-6,4.714045207910317e-6,0.20689655172413793,1001.0
1_0_0_1_0_0_0_0_0_1_0_1_0_0_0_1_1_0_1_1_1_1_1_0_1_1_1_1_0_1_0_0_1_1_0_0_1_0_1_0_0_0_0_0_0_0_1_0_0_1_0_0,1,3.3333333333333337e-6,4.714045207910317e-6,0.3054187192118227,210.0
1_1_0_1_1_0_0_1_0_1_0_1_0_0_1_0_1_1_0_1_1_1_1_0_0_1_1_1_0_1_1_0_1_0_0_0_1_1_1_0_1_0_0_1_1_1_1_1_1_1_0_1,1,3.3333333333333337e-6,4.714045207910317e-6,0.29064039408866993,230.0
1_0_1_1_0_1_1_1_1_0_1_1_1_0_0_1_0_0_1_0_0_1_1_1_0_1_1_0_0_1_0_0_1_1_1_1_1_0_1_0_0_1_1_0_0_0_1_0_0_0_1_0,1,3.3333333333333337e-6,4.714045207910317e-6,0.29064039408866993,290.0
1_0_0_1_0_1_1_1_1_0_0_1_0_0_1_1_1_0_1_1_1_1_1_0_1_1_1_0_0_1_0_0_1_1_0_0_1_0_1_0_0_0_1_0_1_0_1_0_0_0_0_0,1,3.3333333333333337e-6,4.714045207910317e-6,0.33004926108374383,370.0
0_0_0_0_0_0_0_0_0_1_0_1_0_0_0_1_1_0_1_1_1_0_0_0_1_0_0_0_1_0_0_1_0_1_0_0_0_0_0_1_0_0_0_0_1_0_1_0_0_1_0_0,1,3.3333333333333337e-6,4.714045207910317e-6,0.3054187192118227,200.0
1_1_1_1_1_1_1_0_0_0_0_1_1_0_1_1_0_1_1_0_1_1_1_0_0_1_1_0_0_1_1_0_1_1_0_0_1_1_1_0_0_1_1_0_1_0_1_0_0_0_0_0,1,3.3333333333333337e-6,4.714045207910317e-6,0.29064039408866993,260.0
0_1_1_0_1_0_1_1_1_0_1_1_1_1_1_1_0_1_0_0_0_1_1_1_1_1_0_1_0_0_1_1_1_0_0_0_1_1_1_1_1_1_1_1_0_1_1_1_0_0_0_0,0,3.3333333333333337e-6,4.714045207910317e-6,0.17733990147783252,1001.0
1_0_0_1_0_0_0_1_0_1_0_1_0_0_1_1_1_0_1_1_1_1_1_0_1_1_1_0_0_1_0_0_1_1_0_0_1_0_1_0_0_0_0_0_1_0_1_0_0_0_0_0,1,3.3333333333333337e-6,4.714045207910317e-6,0.2955665024630542,190.0
1_0_1_1_0_0_0_0_1_1_1_0_0_1_0_0_0_0_0_0_0_1_1_0_0_1_1_0_0_1_0_0_1_0_0_0_1_0_1_0_1_1_0_1_0_1_0_1_1_1_0_1,1,3.3333333333333337e-6,4.714045207910317e-6,0.2857142857142857,400.0
0_1_0_0_1_0_1_0_0_0_0_1_1_1_0_1_1_0_1_1_1_0_0_1_1_0_0_1_1_0_0_1_0_1_1_1_0_1_0_1_0_0_1_0_0_0_0_0_0_0_1_0,1,3.3333333333333337e-6,4.714045207910317e-6,0.32019704433497537,300.0
1_0_0_1_0_1_1_0_1_0_1_0_0_0_1_1_1_0_1_1_1_0_0_0_0_0_1_1_1_1_0_0_0_1_1_1_0_0_0_0_0_0_1_0_0_0_0_0_0_0_1_0,1,3.3333333333333337e-6,4.714045207910317e-6,0.27586206896551724,220.0
1_0_1_1_0_0_0_0_0_1_1_0_0_1_0_1_0_0_1_0_0_1_1_0_1_1_1_0_0_1_0_0_1_1_0_0_1_0_1_0_0_1_0_0_0_0_0_0_0_0_0_1,1,3.3333333333333337e-6,4.714045207910317e-6,0.3054187192118227,240.0
0_0_0_0_0_0_0_0_0_1_1_0_0_1_0_0_1_0_0_1_0_0_0_0_1_0_0_1_1_0_0_1_0_0_0_0_0_0_0_1_1_0_0_1_0_1_0_1_1_1_0_1,1,3.3333333333333337e-6,4.714045207910317e-6,0.3054187192118227,170.0
0_1_1_0_1_1_1_0_0_0_1_0_1_1_0_1_0_0_1_0_0_0_0_1_1_0_0_0_1_0_0_1_0_1_1_1_0_1_0_1_0_1_1_0_0_0_0_0_0_0_1_0,1,3.3333333333333337e-6,4.714045207910317e-6,0.32019704433497537,180.0
0_1_0_0_1_0_1_1_0_0_0_1_1_1_1_1_1_1_0_1_1_1_1_1_1_1_0_1_0_0_1_1_1_0_1_1_1_1_1_1_1_1_1_1_1_1_1_1_0_0_0_0,0,3.3333333333333337e-6,4.714045207910317e-6,0.1921182266009852,1001.0
0_1_0_0_1_0_0_0_0_1_0_1_1_0_1_0_1_1_1_1_1_0_0_0_1_0_0_1_1_0_1_1_0_1_0_0_0_1_0_1_0_0_0_0_1_0_0_0_1_1_0_0,1,3.3333333333333337e-6,4.714045207910317e-6,0.26108374384236455,200.0
0_1_1_0_1_0_1_1_1_0_1_1_1_1_1_1_1_1_0_0_0_0_0_1_0_0_0_1_1_0_1_1_0_0_1_1_0_1_0_1_1_1_1_1_0_1_1_1_0_0_1_0,0,3.3333333333333337e-6,4.714045207910317e-6,0.2019704433497537,1001.0
1_1_1_1_1_1_1_1_1_0_0_1_1_0_1_1_0_1_1_0_1_1_1_1_0_1_1_0_0_1_1_0_1_1_1_1_1_1_1_0_0_1_1_0_1_0_1_0_0_0_1_0,1,3.3333333333333337e-6,4.714045207910317e-6,0.3054187192118227,100.0
0_1_1_0_1_1_1_0_1_0_1_0_1_1_1_1_0_1_0_0_0_0_0_1_1_0_0_0_1_0_1_1_0_0_1_1_0_1_0_1_1_1_1_1_1_1_0_1_0_0_1_0,1,3.3333333333333337e-6,4.714045207910317e-6,0.27586206896551724,180.0
1_0_1_1_0_0_0_0_1_1_1_0_0_0_0_0_0_0_1_0_0_1_1_0_1_1_1_1_0_1_0_0_1_1_0_0_1_0_1_0_0_1_0_0_1_0_1_0_1_1_0_1,1,3.3333333333333337e-6,4.714045207910317e-6,0.2512315270935961,320.0
0_1_0_0_1_1_1_1_1_0_0_1_1_0_1_0_1_1_0_1_1_0_0_1_0_0_0_0_1_0_1_1_0_0_1_1_0_1_0_1_1_0_1_1_1_1_1_1_1_1_1_0,1,3.3333333333333337e-6,4.714045207910317e-6,0.30049261083743845,280.0
0_1_0_0_1_1_1_1_1_0_1_1_1_0_0_0_1_1_0_1_0_1_1_1_1_1_0_0_0_0_1_1_1_0_1_1_1_1_1_1_1_0_1_1_0_1_0_1_1_1_1_1,1,3.3333333333333337e-6,4.714045207910317e-6,0.2660098522167488,320.0
0_1_0_0_1_0_0_0_0_1_0_0_0_1_0_0_1_1_0_1_1_0_0_0_0_0_0_0_1_0_1_1_0_0_0_0_0_1_0_1_1_0_0_1_1_1_0_1_1_1_0_1,1,3.3333333333333337e-6,4.714045207910317e-6,0.27586206896551724,220.0
1_1_0_1_1_0_0_0_0_1_0_1_0_0_0_0_1_1_0_1_1_1_1_0_0_1_1_1_0_1_1_0_1_0_0_0_1_1_1_0_1_0_0_1_1_1_1_1_1_1_0_1,1,3.3333333333333337e-6,4.714045207910317e-6,0.270935960591133,120.0
1_1_0_1_1_1_1_1_0_0_0_1_1_1_1_1_1_1_0_1_1_1_1_1_0_1_1_0_0_1_1_0_1_0_1_1_1_1_1_0_1_0_1_1_0_1_0_1_0_0_1_0,1,3.3333333333333337e-6,4.714045207910317e-6,0.2561576354679803,140.0
0_1_1_0_1_1_1_1_1_0_1_1_1_1_1_1_1_1_0_1_0_0_0_1_1_0_0_0_1_0_1_1_0_0_1_1_0_1_0_1_1_1_1_1_0_1_1_1_0_0_1_0,0,3.3333333333333337e-6,4.714045207910317e-6,0.21182266009852216,1001.0
0_1_1_0_1_1_1_1_1_0_1_0_1_1_1_0_0_1_0_0_0_0_0_1_0_0_0_0_1_0_1_1_0_0_1_1_0_1_0_1_1_1_1_1_0_1_0_1_1_0_1_1,1,3.3333333333333337e-6,4.714045207910317e-6,0.2955665024630542,310.0
0_0_1_0_0_0_0_0_1_1_1_0_0_0_0_0_0_0_0_0_0_0_0_0_1_0_0_1_1_0_0_1_0_0_0_0_0_0_0_1_1_1_0_1_1_1_1_1_1_1_0_1,1,3.3333333333333337e-6,4.714045207910317e-6,0.28078817733990147,300.0
0_1_0_0_1_1_0_0_0_1_0_0_0_0_1_0_0_1_0_1_1_1_1_0_1_1_0_0_0_0_1_1_1_0_0_0_1_1_1_1_1_0_0_1_1_1_0_1_1_1_0_1,0,3.3333333333333337e-6,4.714045207910317e-6,0.1724137931034483,1001.0
1_1_0_1_1_0_0_0_0_1_0_1_1_0_1_0_1_1_1_1_1_1_1_0_0_1_1_1_0_1_1_0_1_1_0_0_1_1_1_0_0_0_0_0_1_0_0_0_1_1_0_0,1,3.3333333333333337e-6,4.714045207910317e-6,0.2660098522167488,150.0
1_0_0_1_0_0_0_0_0_1_0_1_0_0_1_1_1_0_1_1_1_1_1_0_0_1_1_1_0_1_0_0_1_1_0_0_1_0_1_0_0_0_0_0_1_0_0_0_0_0_0_0,1,3.3333333333333337e-6,4.714045207910317e-6,0.27586206896551724,110.0
1_1_1_1_1_0_1_1_1_0_0_1_1_1_1_1_0_1_1_1_1_1_1_1_0_1_1_0_0_1_1_0_1_1_1_1_1_1_1_0_0_0_1_0_1_0_1_0_0_0_0_0,0,3.3333333333333337e-6,4.714045207910317e-6,0.2660098522167488,1001.0
1_1_1_1_1_0_1_1_1_0_1_1_1_1_1_1_0_1_1_0_0_0_0_1_0_0_1_0_1_1_1_0_0_1_1_1_0_1_0_0_0_1_1_0_0_0_1_0_0_0_0_0,0,3.3333333333333337e-6,4.714045207910317e-6,0.1477832512315271,1001.0
1_0_0_1_0_1_1_1_1_1_1_0_1_0_1_1_1_0_1_1_0_1_1_1_0_1_1_1_0_1_0_0_1_1_1_1_1_0_1_0_0_1_0_0_0_0_0_0_0_0_1_0,1,3.3333333333333337e-6,4.714045207910317e-6,0.33497536945812806,220.0
1_0_0_1_0_1_0_0_0_1_0_0_0_0_0_0_1_0_1_1_0_0_0_0_0_0_1_1_1_1_0_0_0_1_0_0_0_0_0_0_0_1_0_0_1_0_0_0_1_1_0_1,0,3.3333333333333337e-6,4.714045207910317e-6,0.1477832512315271,1001.0
1_1_0_1_1_0_0_0_0_1_0_0_0_1_0_0_1_1_0_1_1_1_1_0_0_1_1_1_0_1_1_0_1_0_0_0_1_1_1_0_1_0_0_1_1_1_0_1_1_1_0_1,1,3.3333333333333337e-6,4.714045207910317e-6,0.27586206896551724,270.0
1_1_1_1_1_0_0_0_0_0_0_1_0_1_0_0_0_1_0_0_1_1_1_0_0_1_1_0_0_1_1_0_1_0_0_0_1_1_1_0_1_0_1_1_1_1_1_1_1_1_0_1,1,3.3333333333333337e-6,4.714045207910317e-6,0.33004926108374383,360.0
1_0_1_1_0_1_0_1_1_1_1_0_0_0_1_1_0_0_1_0_0_0_0_0_0_0_1_0_1_1_0_0_0_1_0_0_0_0_0_0_0_1_0_0_0_0_1_0_0_0_0_0,1,3.3333333333333337e-6,4.714045207910317e-6,0.2660098522167488,140.0
0_0_1_0_0_0_0_1_1_1_1_0_0_1_1_0_0_1_0_0_0_0_0_1_1_0_0_1_1_0_1_1_0_0_0_0_0_0_0_1_1_1_0_1_0_1_1_1_1_0_0_1,0,3.3333333333333337e-6,4.714045207910317e-6,0.3251231527093596,1001.0
0_1_1_0_1_0_1_1_1_0_0_1_1_1_1_1_1_1_0_0_1_1_1_1_1_1_0_0_0_0_1_1_1_0_1_1_1_1_1_1_1_1_1_1_1_1_1_1_0_0_0_0,0,3.3333333333333337e-6,4.714045207910317e-6,0.18226600985221675,1001.0
1_0_1_1_0_1_1_0_1_1_1_0_0_0_0_0_0_0_1_0_0_0_0_0_0_0_1_0_1_1_0_0_0_1_1_1_0_0_0_0_0_0_0_0_0_0_0_0_1_1_1_1,0,3.3333333333333337e-6,4.714045207910317e-6,0.23645320197044334,1001.0
0_1_0_0_1_0_0_0_0_1_0_0_0_1_0_0_0_1_0_0_1_0_0_0_1_0_0_1_1_0_1_1_0_0_0_0_0_1_0_1_1_1_0_1_1_1_0_1_1_1_0_1,1,3.3333333333333337e-6,4.714045207910317e-6,0.2955665024630542,230.0
1_0_0_1_0_0_0_0_0_1_0_0_0_1_1_1_1_0_1_1_1_1_1_0_1_1_1_1_0_1_0_0_1_1_0_0_1_0_1_0_0_0_0_0_1_0_0_0_0_0_0_0,1,3.3333333333333337e-6,4.714045207910317e-6,0.2955665024630542,100.0
0_0_0_0_0_0_0_0_0_1_0_0_0_1_1_0_0_1_0_0_1_0_0_0_1_0_0_1_1_0_1_1_0_0_0_0_0_0_0_1_1_1_0_1_1_1_0_1_1_1_0_1,1,3.3333333333333337e-6,4.714045207910317e-6,0.32019704433497537,290.0
1_1_1_1_1_0_1_0_1_0_1_1_1_1_1_1_0_1_1_0_1_0_0_1_0_0_1_0_1_1_1_0_0_1_1_1_0_1_0_0_0_0_1_0_0_0_0_0_0_0_1_0,0,3.3333333333333337e-6,4.714045207910317e-6,0.1921182266009852,1001.0
0_0_1_0_0_1_0_0_0_1_0_0_0_0_0_0_0_0_0_0_0_1_1_0_1_1_0_0_0_0_0_1_1_0_0_0_1_0_1_1_1_0_0_1_1_1_0_1_1_1_1_1,0,3.3333333333333337e-6,4.714045207910317e-6,0.16748768472906403,1001.0
1_1_0_1_1_0_0_1_0_1_0_1_1_0_1_0_1_1_0_1_1_1_1_0_0_1_1_0_0_1_1_0_1_0_0_0_1_1_1_0_1_0_0_1_1_1_1_1_1_1_0_0,1,3.3333333333333337e-6,4.714045207910317e-6,0.28078817733990147,220.0
0_0_0_0_0_1_0_0_1_1_1_0_0_0_0_0_1_0_1_1_0_0_0_0_1_0_0_1_1_0_0_1_0_1_0_0_0_0_0_1_0_1_0_0_0_0_0_0_1_1_1_1,0,3.3333333333333337e-6,4.714045207910317e-6,0.24630541871921183,1001.0
0_1_1_0_1_0_1_1_0_0_1_1_1_1_1_1_0_1_0_0_1_1_1_1_1_1_0_0_0_0_1_1_1_0_1_1_1_1_1_1_1_1_1_1_0_1_1_1_0_0_1_0,0,3.3333333333333337e-6,4.714045207910317e-6,0.15763546798029557,1001.0
0_1_0_0_1_1_1_1_0_0_0_1_1_1_1_1_1_1_1_1_1_0_0_1_1_0_0_0_1_0_1_1_0_1_1_1_0_1_0_1_0_0_1_0_0_0_0_0_0_0_1_0,1,3.3333333333333337e-6,4.714045207910317e-6,0.27586206896551724,210.0
1_1_1_1_1_0_1_1_1_0_0_1_1_1_1_1_1_1_1_0_1_0_0_1_0_0_1_0_1_1_1_0_0_1_1_1_0_1_0_0_0_1_1_0_1_0_1_0_0_0_0_0,0,3.3333333333333337e-6,4.714045207910317e-6,0.2019704433497537,1001.0
0_1_1_0_1_1_1_0_1_0_1_0_1_1_0_1_0_0_1_0_0_0_0_1_1_0_0_1_1_0_0_1_0_1_1_1_0_1_0_1_0_1_1_0_1_0_0_0_0_0_1_0,1,3.3333333333333337e-6,4.714045207910317e-6,0.33004926108374383,220.0
1_0_0_1_0_0_0_0_0_1_0_0_0_0_0_0_1_0_1_1_1_0_0_0_0_0_1_1_1_1_0_0_0_0_0_0_0_0_0_0_0_0_0_0_1_0_0_0_1_1_0_1,0,3.3333333333333337e-6,4.714045207910317e-6,0.13793103448275862,1001.0
0_1_0_0_1_1_1_1_0_0_0_1_1_1_0_0_1_1_0_1_0_0_0_1_0_0_0_0_1_0_1_1_0_0_1_1_0_1_0_1_1_0_1_1_1_1_0_1_1_1_1_1,1,3.3333333333333337e-6,4.714045207910317e-6,0.32019704433497537,280.0
0_0_0_0_0_0_0_0_0_1_0_1_0_0_0_0_1_0_0_1_1_0_0_0_0_0_0_0_1_0_0_1_0_0_0_0_0_0_0_1_1_0_0_1_0_1_1_1_1_1_0_1,1,3.3333333333333337e-6,4.714045207910317e-6,0.28078817733990147,330.0
0_0_0_0_0_0_0_1_0_1_0_1_0_0_0_0_1_0_0_1_1_0_0_0_1_0_0_1_1_0_0_1_0_0_0_0_0_0_0_1_1_0_0_1_0_1_1_1_1_1_0_1,1,3.3333333333333337e-6,4.714045207910317e-6,0.2955665024630542,140.0
1_0_1_1_0_0_0_0_1_1_1_0_0_0_1_1_0_0_1_0_0_1_1_0_1_1_1_1_0_1_0_0_1_1_0_0_1_0_1_0_0_1_0_0_1_0_1_0_0_0_0_0,1,3.3333333333333337e-6,4.714045207910317e-6,0.31527093596059114,210.0
0_0_0_0_0_1_0_0_0_1_0_0_0_0_0_0_1_0_0_0_0_1_1_0_1_1_0_1_0_0_0_1_1_0_0_0_1_0_1_1_1_1_0_1_1_1_0_1_1_1_0_1,0,3.3333333333333337e-6,4.714045207910317e-6,0.16748768472906403,1001.0
1_0_0_1_0_1_0_0_0_1_1_0_0_0_0_0_0_0_1_0_0_0_0_0_0_0_1_0_1_1_0_0_0_1_0_0_0_0_0_0_0_1_0_0_0_0_0_0_1_1_1_1,0,3.3333333333333337e-6,4.714045207910317e-6,0.18226600985221675,1001.0
0_1_1_0_1_0_1_0_0_0_1_1_1_1_1_1_0_1_0_0_1_1_1_1_1_1_0_0_0_0_1_1_1_0_1_1_1_1_1_1_1_0_1_1_0_1_1_1_0_0_0_0,0,3.3333333333333337e-6,4.714045207910317e-6,0.1724137931034483,1001.0
0_0_0_0_0_1_0_0_0_1_0_0_0_0_0_0_1_0_0_1_0_0_0_0_0_0_0_1_1_0_0_1_0_0_0_0_0_0_0_1_1_0_0_1_1_1_0_1_1_1_0_1,0,3.3333333333333337e-6,4.714045207910317e-6,0.21182266009852216,1001.0
0_0_0_0_0_1_0_0_0_1_1_0_0_0_0_0_1_0_0_1_0_1_1_0_1_1_0_1_0_0_0_1_1_0_0_1_1_0_1_1_1_0_0_1_0_1_0_1_1_1_1_1,0,3.3333333333333337e-6,4.714045207910317e-6,0.2019704433497537,1001.0
0_1_1_0_1_0_1_1_0_0_0_1_1_1_1_1_1_1_0_1_1_1_1_1_1_1_0_1_0_0_1_1_1_0_0_0_1_1_1_1_1_1_1_1_1_1_1_1_0_0_0_0,0,3.3333333333333337e-6,4.714045207910317e-6,0.19704433497536947,1001.0
1_1_1_1_1_0_1_1_1_0_0_1_1_1_1_1_0_1_1_0_1_0_0_1_0_0_1_1_1_1_1_0_0_1_1_1_0_1_0_0_0_1_0_0_1_0_1_0_0_0_0_0,0,3.3333333333333337e-6,4.714045207910317e-6,0.1921182266009852,1001.0
0_0_1_0_0_0_0_0_0_1_1_0_0_0_1_0_0_1_0_0_0_0_0_0_1_0_0_1_1_0_1_1_0_0_0_0_0_0_0_1_1_1_0_1_0_1_1_1_1_1_0_1,1,3.3333333333333337e-6,4.714045207910317e-6,0.32019704433497537,240.0
1_1_1_1_1_0_1_1_1_0_1_1_1_1_1_1_0_1_1_0_0_1_1_1_1_1_1_0_0_1_1_0_1_1_1_1_1_1_1_0_0_1_1_0_0_0_1_0_0_0_1_0,0,3.3333333333333337e-6,4.714045207910317e-6,0.21674876847290642,1001.0
0_1_1_0_1_0_1_1_1_0_1_1_1_1_1_1_0_1_0_0_1_1_1_1_1_1_0_0_0_0_1_1_1_0_1_1_1_1_1_1_1_0_1_1_0_1_0_1_0_0_1_0,0,3.3333333333333337e-6,4.714045207910317e-6,0.1625615763546798,1001.0
0_0_0_0_0_0_0_1_0_1_0_1_0_0_1_0_1_1_0_1_1_0_0_0_0_0_0_1_1_0_1_1_0_0_0_0_0_0_0_1_1_0_0_1_1_1_1_1_1_1_0_1,1,3.3333333333333337e-6,4.714045207910317e-6,0.3103448275862069,170.0
1_1_1_1_1_0_1_0_0_0_0_1_0_1_0_1_0_0_1_0_0_1_1_0_1_1_1_1_0_1_0_0_1_1_0_0_1_1_1_0_0_1_1_0_1_0_1_0_0_0_0_0,1,3.3333333333333337e-6,4.714045207910317e-6,0.3103448275862069,130.0
1_0_1_1_0_0_0_0_1_1_1_0_0_1_0_1_0_0_1_0_0_1_1_0_0_1_1_1_0_1_0_0_1_1_0_0_1_0_1_0_0_1_0_0_0_0_1_0_0_0_0_1,1,3.3333333333333337e-6,4.714045207910317e-6,0.30049261083743845,160.0
1_1_0_1_1_0_1_1_0_0_0_1_1_1_0_1_1_0_1_1_1_1_1_1_1_1_1_1_0_1_0_0_1_1_1_1_1_1_1_0_0_0_1_0_1_0_0_0_0_0_1_0,1,3.3333333333333337e-6,4.714045207910317e-6,0.31527093596059114,180.0
0_0_1_0_0_1_1_0_1_0_1_0_0_1_0_1_0_0_0_0_0_0_0_1_1_0_0_1_1_0_0_1_0_0_1_1_0_0_0_1_1_1_1_1_0_1_0_1_0_0_1_1,1,3.3333333333333337e-6,4.714045207910317e-6,0.2955665024630542,300.0
1_0_0_1_0_1_1_0_0_0_1_0_0_0_1_1_0_0_1_0_1_0_0_0_0_0_1_1_1_1_0_0_0_1_0_0_0_0_0_0_0_0_1_0_0_0_0_0_0_0_1_0,1,3.3333333333333337e-6,4.714045207910317e-6,0.27586206896551724,200.0
1_0_0_1_0_0_0_0_0_1_0_1_0_0_0_1_1_0_1_1_1_1_1_0_1_1_1_1_0_1_0_0_1_1_0_0_1_0_1_0_0_0_0_0_1_0_1_0_0_1_0_0,1,3.3333333333333337e-6,4.714045207910317e-6,0.2955665024630542,170.0
1_0_0_1_0_1_1_1_1_1_1_0_1_0_1_1_1_0_1_1_0_1_1_1_1_1_1_1_0_1_0_0_1_1_1_1_1_0_1_0_0_1_0_0_0_0_0_0_0_0_1_0,1,3.3333333333333337e-6,4.714045207910317e-6,0.3251231527093596,310.0
1_0_0_1_0_0_0_0_0_1_0_1_0_0_1_0_1_1_0_1_1_1_1_0_0_1_1_1_0_1_1_0_1_0_0_0_1_0_1_0_1_1_0_1_1_1_1_1_1_1_0_1,1,3.3333333333333337e-6,4.714045207910317e-6,0.32019704433497537,180.0
1_1_1_1_1_0_1_0_0_0_0_1_1_1_1_1_0_1_1_0_1_0_0_1_0_0_1_0_1_1_1_0_0_1_1_1_0_1_0_0_0_0_1_0_1_0_1_0_0_0_0_0,0,3.3333333333333337e-6,4.714045207910317e-6,0.21182266009852216,1001.0
0_1_1_0_1_0_1_1_1_0_1_1_1_1_1_1_0_1_0_0_1_0_0_1_0_0_0_0_1_0_1_1_0_0_1_1_0_1_0_1_1_1_1_1_0_1_1_1_0_0_1_0,0,3.3333333333333337e-6,4.714045207910317e-6,0.1921182266009852,1001.0
0_1_1_0_1_1_1_1_1_0_1_0_1_1_0_0_0_1_0_0_0_0_0_1_1_0_0_0_1_0_1_1_0_0_1_1_0_1_0_1_1_1_1_1_0_1_1_1_1_1_1_1,1,3.3333333333333337e-6,4.714045207910317e-6,0.27586206896551724,180.0
0_1_1_0_1_0_0_1_1_1_1_0_1_1_0_0_0_1_0_0_0_1_1_1_1_1_0_0_0_0_1_1_1_0_0_0_1_1_1_1_1_1_0_1_1_1_0_1_1_1_0_1,1,3.3333333333333337e-6,4.714045207910317e-6,0.27586206896551724,310.0
0_1_0_0_1_0_0_1_1_1_1_0_1_1_0_0_1_1_0_1_0_1_1_1_1_1_0_1_0_0_1_1_1_0_1_1_1_1_1_1_1_0_0_1_1_1_0_1_1_1_1_1,1,3.3333333333333337e-6,4.714045207910317e-6,0.270935960591133,150.0
0_0_0_0_0_1_0_0_0_1_1_0_0_0_0_0_0_0_1_1_0_0_0_0_1_0_0_0_1_0_0_1_0_1_0_0_0_0_0_1_0_0_0_0_0_0_0_0_1_1_1_1,0,3.3333333333333337e-6,4.714045207910317e-6,0.2413793103448276,1001.0
0_0_1_0_0_1_0_0_1_1_1_0_0_0_0_0_0_0_0_0_0_0_0_0_1_0_0_0_1_0_0_1_0_0_0_0_0_0_0_1_1_1_0_1_1_1_1_1_1_1_0_1,1,3.3333333333333337e-6,4.714045207910317e-6,0.29064039408866993,140.0
0_0_0_0_0_0_0_0_1_1_1_0_0_1_0_1_1_0_0_1_0_1_1_0_1_1_0_0_0_0_0_1_1_0_0_0_1_0_1_1_1_0_0_1_0_1_0_1_0_0_0_1,1,3.3333333333333337e-6,4.714045207910317e-6,0.27586206896551724,450.0
0_1_1_0_1_1_1_1_1_0_1_1_1_0_0_0_0_1_0_0_0_0_0_1_1_0_0_0_1_0_1_1_0_0_1_1_0_1_0_1_1_1_1_1_0_1_1_1_1_1_1_1,1,3.3333333333333337e-6,4.714045207910317e-6,0.3054187192118227,280.0
1_1_1_1_1_1_1_1_0_0_0_1_1_0_1_0_0_1_1_0_1_0_0_1_0_0_1_1_1_1_1_0_0_1_1_1_0_1_0_0_0_1_1_0_1_0_1_0_1_1_1_0,1,3.3333333333333337e-6,4.714045207910317e-6,0.27586206896551724,120.0
0_1_0_0_1_1_1_0_0_0_0_1_1_1_0_0_1_1_0_1_0_1_1_1_1_1_0_0_0_0_1_1_1_0_1_1_1_1_1_1_1_0_1_1_0_1_0_1_1_1_1_1,1,3.3333333333333337e-6,4.714045207910317e-6,0.26108374384236455,320.0
0_1_0_0_1_0_1_1_1_0_0_1_1_1_0_0_1_1_0_1_1_1_1_1_1_1_0_1_0_0_1_1_1_0_1_1_1_1_1_1_1_0_1_1_1_1_0_1_1_1_1_1,1,3.3333333333333337e-6,4.714045207910317e-6,0.270935960591133,160.0
1_0_0_1_0_1_0_1_1_1_1_0_0_0_0_0_0_0_1_1_0_0_0_0_0_0_1_1_1_1_0_0_0_1_0_1_0_0_0_0_0_1_0_0_0_0_0_0_1_1_1_1,0,3.3333333333333337e-6,4.714045207910317e-6,0.21182266009852216,1001.0
1_1_1_1_1_0_1_1_1_0_0_1_1_1_1_1_0_1_1_0_1_0_0_1_0_0_1_0_1_1_1_0_0_1_1_0_0_1_0_0_0_1_1_0_1_0_1_0_0_0_0_0,0,3.3333333333333337e-6,4.714045207910317e-6,0.2019704433497537,1001.0
0_1_0_0_1_1_1_0_0_0_0_1_1_0_1_0_1_1_0_1_1_0_0_1_1_0_0_0_1_0_1_1_0_0_1_1_0_1_0_1_1_0_1_1_1_1_0_1_1_1_1_0,1,3.3333333333333337e-6,4.714045207910317e-6,0.30049261083743845,120.0
0_0_1_0_0_0_0_0_0_1_1_0_0_0_1_0_0_1_0_0_0_0_0_0_0_0_0_1_1_0_1_1_0_0_0_0_0_0_0_1_1_1_0_1_0_1_1_1_1_1_0_1,1,3.3333333333333337e-6,4.714045207910317e-6,0.3103448275862069,170.0
1_1_1_1_1_1_1_1_1_0_1_1_1_1_1_1_1_1_1_0_0_1_1_1_0_1_1_0_0_1_1_0_1_1_1_1_1_1_1_0_0_1_1_0_0_0_1_0_0_0_1_0,0,3.3333333333333337e-6,4.714045207910317e-6,0.2315270935960591,1001.0
0_0_0_0_0_1_0_1_1_1_1_0_1_0_1_0_1_1_0_1_1_0_0_1_1_0_0_0_1_0_1_1_0_0_1_1_0_0_0_1_1_0_0_1_0_1_0_1_1_1_1_1,1,3.3333333333333337e-6,4.714045207910317e-6,0.32019704433497537,250.0
1_0_0_1_0_0_0_0_0_1_0_1_0_0_1_1_1_0_1_1_1_1_1_0_0_1_1_0_0_1_0_0_1_1_0_0_1_0_1_0_0_0_0_0_1_0_1_0_0_0_0_0,1,3.3333333333333337e-6,4.714045207910317e-6,0.2955665024630542,140.0
0_1_1_0_1_0_1_1_0_0_0_1_1_1_1_1_0_1_0_0_1_0_0_1_0_0_0_0_1_0_1_1_0_0_1_1_0_1_0_1_1_0_1_1_1_1_1_1_0_0_0_0,0,3.3333333333333337e-6,4.714045207910317e-6,0.2413793103448276,1001.0
0_1_1_0_1_1_1_1_1_0_0_1_1_1_1_1_0_1_0_0_1_1_1_1_1_1_0_0_0_0_1_1_1_0_1_0_1_1_1_1_1_1_1_1_1_1_1_1_0_0_1_0,0,3.3333333333333337e-6,4.714045207910317e-6,0.19704433497536947,1001.0
0_0_1_0_0_1_0_0_1_1_1_0_0_0_1_0_0_1_0_0_0_1_1_0_1_1_0_0_0_0_1_1_1_0_0_0_1_0_1_1_1_1_0_1_1_1_1_1_1_1_0_1,1,3.3333333333333337e-6,4.714045207910317e-6,0.2561576354679803,330.0
1_0_0_1_0_1_0_0_0_1_0_0_0_0_0_0_1_0_1_0_0_0_0_0_0_0_1_1_1_1_0_0_0_1_0_0_0_0_0_0_0_1_0_0_1_0_0_0_1_1_1_1,0,3.3333333333333337e-6,4.714045207910317e-6,0.13793103448275862,1001.0
0_0_0_0_0_1_0_0_0_1_1_0_0_0_0_0_0_0_0_0_0_1_1_0_1_1_0_1_0_0_0_1_1_0_0_0_1_0_1_1_1_0_0_1_0_1_0_1_1_1_1_1,0,3.3333333333333337e-6,4.714045207910317e-6,0.2019704433497537,1001.0
0_1_1_0_1_0_1_0_0_0_0_1_1_1_1_1_1_1_0_1_1_0_0_1_0_0_0_0_1_0_1_1_0_0_1_1_0_1_0_1_1_0_1_1_1_1_1_1_0_0_0_0,0,3.3333333333333337e-6,4.714045207910317e-6,0.2512315270935961,1001.0
1_0_1_1_0_1_1_1_1_0_1_1_1_0_1_1_0_0_1_0_0_1_1_1_1_1_1_1_0_1_0_0_1_1_1_1_1_0_1_0_0_1_1_0_0_0_1_0_0_0_1_0,1,3.3333333333333337e-6,4.714045207910317e-6,0.27586206896551724,120.0
0_1_1_0_1_0_1_1_0_0_0_1_1_1_1_1_0_1_0_0_1_1_1_1_1_1_0_1_0_0_1_1_1_0_1_1_1_1_1_1_1_0_1_1_1_1_1_1_0_0_0_0,0,3.3333333333333337e-6,4.714045207910317e-6,0.18719211822660098,1001.0
0_1_1_0_1_1_1_1_1_0_1_1_1_1_1_1_1_1_0_1_0_0_0_1_0_0_0_0_1_0_1_1_0_0_1_1_0_1_0_1_1_1_1_1_0_1_1_1_0_0_1_0,0,3.3333333333333337e-6,4.714045207910317e-6,0.2019704433497537,1001.0
0_1_0_0_1_0_0_0_0_1_0_1_0_0_0_0_1_1_0_1_1_0_0_0_0_0_0_1_1_0_1_1_0_0_0_0_0_1_0_1_1_0_0_1_1_1_0_1_1_1_0_1,1,3.3333333333333337e-6,4.714045207910317e-6,0.2512315270935961,350.0
1_0_0_1_0_1_1_0_0_0_0_1_0_0_1_1_0_0_1_0_1_0_0_0_0_0_1_1_1_1_0_0_0_1_1_0_0_0_0_0_0_1_1_0_0_0_1_0_0_0_1_0,1,3.3333333333333337e-6,4.714045207910317e-6,0.28078817733990147,120.0
1_0_0_1_0_0_0_0_0_1_1_0_0_0_1_1_1_0_1_1_1_1_1_0_1_1_1_0_0_1_0_0_1_1_0_0_1_0_1_0_0_0_0_0_0_0_0_0_0_0_0_0,1,3.3333333333333337e-6,4.714045207910317e-6,0.30049261083743845,170.0
1_0_0_1_0_1_0_0_1_1_1_0_0_0_0_0_0_0_1_0_0_0_0_0_0_0_1_1_1_1_0_0_0_1_0_0_0_0_0_0_0_1_0_0_0_0_1_0_1_1_1_1,0,3.3333333333333337e-6,4.714045207910317e-6,0.18719211822660098,1001.0
1_0_1_1_0_0_0_1_1_1_1_0_0_1_0_1_0_0_1_0_0_1_1_0_1_1_1_0_0_1_0_0_1_1_0_0_1_0_1_0_0_1_0_0_0_0_1_0_0_0_0_1,1,3.3333333333333337e-6,4.714045207910317e-6,0.2955665024630542,220.0
0_0_1_0_0_0_0_0_0_1_1_0_0_0_0_0_0_0_0_0_0_0_0_0_0_0_0_1_1_0_0_1_0_0_0_0_0_0_0_1_1_1_0_1_0_1_1_1_1_1_0_1,1,3.3333333333333337e-6,4.714045207910317e-6,0.27586206896551724,210.0
0_0_1_0_0_0_0_0_1_1_1_0_0_1_0_0_0_0_0_0_0_0_0_0_1_0_0_0_1_0_0_1_0_0_0_0_0_0_0_1_1_1_0_1_0_1_1_1_1_1_0_1,1,3.3333333333333337e-6,4.714045207910317e-6,0.2857142857142857,170.0
0_1_1_0_1_0_0_1_1_1_1_0_1_1_0_0_0_1_0_0_0_1_1_1_1_1_0_1_0_0_1_1_1_0_0_0_1_1_1_1_1_1_0_1_1_1_0_1_1_1_1_1,1,3.3333333333333337e-6,4.714045207910317e-6,0.28078817733990147,220.0
1_1_0_1_1_0_1_0_0_0_0_1_1_1_1_1_1_1_0_1_1_1_1_1_0_1_1_1_0_1_1_0_1_0_1_1_1_1_1_0_1_0_1_1_0_1_0_1_0_0_1_0,1,3.3333333333333337e-6,4.714045207910317e-6,0.2660098522167488,220.0
1_0_1_1_0_0_0_0_0_1_1_0_0_0_1_0_0_1_0_0_0_1_1_0_0_1_1_1_0_1_1_0_1_0_0_0_1_0_1_0_1_1_0_1_0_1_1_1_1_1_0_1,1,3.3333333333333337e-6,4.714045207910317e-6,0.31527093596059114,90.0
0_0_0_0_0_1_0_0_0_1_0_0_0_0_0_0_1_0_0_1_1_1_1_0_1_1_0_0_0_0_0_1_1_0_0_0_1_0_1_1_1_0_1_1_1_1_0_1_1_1_0_1,0,3.3333333333333337e-6,4.714045207910317e-6,0.15763546798029557,1001.0
1_0_0_1_0_0_0_0_0_1_0_1_0_0_0_0_1_0_0_1_1_1_1_0_0_1_1_1_0_1_0_0_1_0_0_0_1_0_1_0_1_1_0_1_1_1_1_1_1_1_0_1,1,3.3333333333333337e-6,4.714045207910317e-6,0.2857142857142857,250.0
1_0_1_1_0_1_1_0_0_0_0_1_0_0_0_1_0_0_1_0_1_0_0_0_0_0_1_0_1_1_0_0_0_1_0_0_0_0_0_0_0_1_1_0_0_0_1_0_0_1_0_0,1,3.3333333333333337e-6,4.714045207910317e-6,0.2857142857142857,90.0
1_0_0_1_0_0_0_0_0_1_0_1_0_0_1_1_1_0_1_1_1_1_1_0_1_1_1_1_0_1_0_0_1_1_0_0_1_0_1_0_0_1_0_0_0_0_1_0_0_0_0_0,1,3.3333333333333337e-6,4.714045207910317e-6,0.3054187192118227,170.0
1_0_0_1_0_1_1_0_0_0_0_1_0_0_1_1_1_0_1_1_1_0_0_0_0_0_1_0_1_1_0_0_0_1_1_1_0_0_0_0_0_0_1_0_0_0_1_0_0_0_1_0,1,3.3333333333333337e-6,4.714045207910317e-6,0.270935960591133,400.0
1_0_0_1_0_0_0_0_0_1_0_1_0_0_0_1_1_0_1_1_1_1_1_0_0_1_1_1_0_1_0_0_1_1_0_0_1_0_1_0_0_0_0_0_0_0_0_0_0_1_0_0,1,3.3333333333333337e-6,4.714045207910317e-6,0.30049261083743845,190.0
0_1_1_0_1_0_1_1_0_0_0_1_1_1_1_1_1_1_0_0_1_1_1_1_1_1_0_1_0_0_1_1_1_0_1_0_1_1_1_1_1_1_1_1_1_1_1_1_0_0_0_0,0,3.3333333333333337e-6,4.714045207910317e-6,0.1921182266009852,1001.0
0_1_1_0_1_0_1_1_1_0_1_1_1_1_1_1_0_1_0_0_1_0_0_1_1_0_0_0_1_0_1_1_0_0_1_1_0_1_0_1_1_1_1_1_0_1_1_1_0_0_1_0,0,3.3333333333333337e-6,4.714045207910317e-6,0.2019704433497537,1001.0
1_1_1_1_1_0_1_0_0_0_0_1_0_1_0_1_0_0_1_0_0_1_1_0_0_1_1_1_0_1_0_0_1_1_0_0_1_1_1_0_0_1_1_0_1_0_1_0_0_0_0_0,1,3.3333333333333337e-6,4.714045207910317e-6,0.32019704433497537,150.0
1_0_0_1_0_1_1_0_0_0_0_1_0_0_0_1_1_0_1_1_1_1_1_0_1_1_1_0_0_1_0_0_1_1_0_0_1_0_1_0_0_0_1_0_1_0_1_0_0_1_0_0,1,3.3333333333333337e-6,4.714045207910317e-6,0.33004926108374383,70.0
0_1_1_0_1_0_1_1_0_0_0_1_1_1_1_1_0_1_0_0_1_1_1_1_1_1_0_0_0_0_1_1_1_0_0_0_1_1_1_1_1_0_1_1_1_1_1_1_0_0_0_0,0,3.3333333333333337e-6,4.714045207910317e-6,0.18719211822660098,1001.0
0_0_1_0_0_1_0_1_1_1_1_0_0_0_0_0_0_0_0_0_0_0_0_0_1_0_0_0_1_0_0_1_0_0_0_0_0_0_0_1_1_1_0_1_0_1_1_1_1_1_0_1,1,3.3333333333333337e-6,4.714045207910317e-6,0.29064039408866993,300.0
1_0_1_1_0_1_1_0_1_0_1_0_1_1_1_1_0_0_1_0_0_1_1_1_0_1_1_0_0_1_0_0_1_1_1_1_1_0_1_0_0_0_1_0_0_0_0_0_0_0_1_0,1,3.3333333333333337e-6,4.714045207910317e-6,0.30049261083743845,230.0
1_1_0_1_1_1_1_1_1_0_0_1_1_0_1_1_1_1_1_1_1_1_1_1_0_1_1_1_0_1_1_0_1_1_1_1_1_1_1_0_0_0_1_0_1_0_1_0_0_0_1_0,1,3.3333333333333337e-6,4.714045207910317e-6,0.2955665024630542,240.0
1_0_0_1_0_1_1_0_0_0_0_1_0_0_0_1_1_0_1_1_1_0_0_0_0_0_1_0_1_1_0_0_0_1_1_0_0_0_0_0_0_0_1_0_0_0_1_0_0_1_0_0,1,3.3333333333333337e-6,4.714045207910317e-6,0.3054187192118227,160.0
0_1_1_0_1_0_1_1_1_0_1_1_1_1_1_1_0_1_0_1_1_0_0_1_0_0_0_0_1_0_1_1_0_0_1_1_0_1_0_1_1_0_1_1_0_1_1_1_0_0_0_0,0,3.3333333333333337e-6,4.714045207910317e-6,0.19704433497536947,1001.0
0_0_1_0_0_1_1_1_1_0_1_0_1_1_1_1_0_1_0_0_0_1_1_1_1_1_0_1_0_0_1_1_1_0_1_1_1_0_1_1_1_1_1_1_0_1_1_1_1_0_1_0,0,3.3333333333333337e-6,4.714045207910317e-6,0.15763546798029557,1001.0
0_0_0_0_0_1_0_0_0_0_1_0_0_0_0_0_0_0_1_0_0_0_0_0_1_0_0_0_1_0_0_1_0_1_0_0_0_0_0_1_0_1_1_0_0_0_0_0_1_1_1_1,0,3.3333333333333337e-6,4.714045207910317e-6,0.270935960591133,1001.0
0_1_1_0_1_1_1_1_1_0_1_0_1_1_1_0_0_1_0_0_0_0_0_1_1_0_0_0_1_0_1_1_0_0_1_1_0_1_0_1_1_0_1_1_0_1_0_1_1_0_1_1,1,3.3333333333333337e-6,4.714045207910317e-6,0.32019704433497537,150.0
1_0_0_1_0_1_0_0_0_1_1_0_0_0_0_0_1_0_1_1_0_0_0_0_0_0_1_0_1_1_0_0_0_1_0_0_0_0_0_0_0_0_0_0_1_0_0_0_1_1_1_1,0,3.3333333333333337e-6,4.714045207910317e-6,0.16748768472906403,1001.0
1_1_0_1_1_1_0_1_0_1_0_0_1_0_1_1_1_1_1_1_1_0_0_0_0_0_1_0_1_1_1_0_0_1_0_0_0_1_0_0_0_0_0_0_1_0_1_0_0_1_1_0,0,3.3333333333333337e-6,4.714045207910317e-6,0.19704433497536947,1001.0
0_1_1_0_1_0_1_1_1_0_0_1_1_1_1_1_0_1_0_0_1_1_1_1_1_1_0_0_0_0_1_1_1_0_1_0_1_1_1_1_1_1_1_1_1_1_1_1_0_0_0_0,0,3.3333333333333337e-6,4.714045207910317e-6,0.18226600985221675,1001.0
1_0_0_1_0_0_0_0_0_1_0_1_0_0_1_1_1_0_1_1_1_1_1_0_0_1_1_0_0_1_0_0_1_1_0_0_1_0_1_0_0_0_0_0_1_0_0_0_0_0_0_0,1,3.3333333333333337e-6,4.714045207910317e-6,0.28078817733990147,100.0
0_1_1_0_1_1_1_1_1_0_1_0_1_1_0_0_0_1_0_0_0_0_0_1_0_0_0_1_1_0_1_1_0_0_1_1_0_1_0_1_1_1_1_1_0_1_0_1_1_1_1_1,1,3.3333333333333337e-6,4.714045207910317e-6,0.2857142857142857,250.0
0_1_1_0_1_0_0_0_0_1_1_0_1_1_0_0_0_1_0_0_0_0_0_1_1_0_0_1_1_0_1_1_0_0_1_1_0_1_0_1_1_1_0_1_0_1_0_1_1_1_1_1,1,3.3333333333333337e-6,4.714045207910317e-6,0.3399014778325123,140.0
0_0_0_0_0_0_0_0_0_1_0_0_0_0_1_0_0_1_0_1_1_1_1_0_1_1_0_1_0_0_1_1_1_0_0_0_1_0_1_1_1_1_0_1_1_1_1_1_1_1_0_1,0,3.3333333333333337e-6,4.714045207910317e-6,0.21674876847290642,1001.0
0_0_0_0_0_0_0_0_0_1_1_0_0_0_1_1_1_0_1_1_1_0_0_0_1_0_0_0_1_0_0_1_0_1_0_0_0_0_0_1_0_0_0_0_0_0_0_0_0_0_0_0,1,3.3333333333333337e-6,4.714045207910317e-6,0.3054187192118227,290.0
1_1_1_1_1_0_1_1_1_0_1_1_1_1_1_1_0_1_1_0_1_0_0_1_0_0_1_0_1_1_1_0_0_1_1_1_0_1_0_0_0_0_1_0_0_0_0_0_0_0_1_0,0,3.3333333333333337e-6,4.714045207910317e-6,0.18226600985221675,1001.0
0_1_1_0_1_0_0_1_1_1_1_0_1_1_1_0_0_1_0_0_0_1_1_1_1_1_0_0_0_0_1_1_1_0_0_0_1_1_1_1_1_0_0_1_1_1_0_1_1_0_0_1,1,3.3333333333333337e-6,4.714045207910317e-6,0.2955665024630542,190.0
0_1_1_0_1_1_1_1_1_0_1_0_1_1_0_0_0_1_0_0_0_0_0_1_0_0_0_1_1_0_1_1_0_0_1_1_0_1_0_1_1_1_1_1_1_1_1_1_1_1_1_1,1,3.3333333333333337e-6,4.714045207910317e-6,0.28078817733990147,130.0
0_1_0_0_1_0_0_1_0_1_0_1_1_0_1_1_1_1_0_1_1_1_1_1_1_1_0_0_0_0_1_1_1_0_0_1_1_1_1_1_1_0_0_1_1_1_0_1_0_0_0_0,0,3.3333333333333337e-6,4.714045207910317e-6,0.19704433497536947,1001.0
0_1_0_0_1_0_0_0_0_1_0_0_0_1_1_0_1_1_0_1_1_0_0_0_1_0_0_1_1_0_1_1_0_0_0_0_0_1_0_1_1_0_0_1_1_1_0_1_1_1_0_1,1,3.3333333333333337e-6,4.714045207910317e-6,0.29064039408866993,260.0
1_0_0_1_0_1_0_0_0_1_0_0_0_0_0_0_0_0_1_1_1_1_1_0_0_1_1_1_0_1_0_0_1_1_0_0_1_0_1_0_0_0_0_0_1_0_0_0_1_1_0_1,0,3.3333333333333337e-6,4.714045207910317e-6,0.21674876847290642,1001.0
0_1_1_0_1_1_1_1_1_0_1_1_1_1_1_1_1_1_0_0_0_0_0_1_0_0_0_0_1_0_1_1_0_0_1_1_0_1_0_1_1_1_1_1_0_1_1_1_0_0_1_0,0,3.3333333333333337e-6,4.714045207910317e-6,0.2019704433497537,1001.0
1_0_0_1_0_0_0_0_0_1_0_1_0_0_1_0_1_1_0_1_1_1_1_0_0_1_1_0_0_1_1_0_1_0_0_0_1_0_1_0_1_0_0_1_1_1_1_1_1_1_0_1,1,3.3333333333333337e-6,4.714045207910317e-6,0.3103448275862069,200.0
1_1_1_1_1_1_1_1_1_0_0_1_1_0_1_0_0_1_0_0_1_1_1_1_0_1_1_1_0_1_1_0_1_0_1_1_1_1_1_0_1_1_1_1_1_1_1_1_1_1_1_0,1,3.3333333333333337e-6,4.714045207910317e-6,0.3251231527093596,320.0
1_0_0_1_0_0_0_1_0_1_0_1_0_0_0_1_1_0_1_1_1_1_1_0_1_1_1_1_0_1_0_0_1_1_0_0_1_0_1_0_0_0_0_0_1_0_1_0_0_1_0_0,1,3.3333333333333337e-6,4.714045207910317e-6,0.3054187192118227,100.0
1_1_1_1_1_0_0_1_1_1_1_0_1_1_0_0_0_1_0_0_0_1_1_1_0_1_1_0_0_1_1_0_1_0_0_0_1_1_1_0_1_1_0_1_1_1_0_1_1_1_0_1,1,3.3333333333333337e-6,4.714045207910317e-6,0.3399014778325123,170.0
1_0_0_1_0_1_0_0_0_1_0_0_0_0_0_0_0_0_1_0_1_0_0_0_0_0_1_0_1_1_0_0_0_1_0_0_0_0_0_0_0_0_0_0_1_0_0_0_1_1_0_1,0,3.3333333333333337e-6,4.714045207910317e-6,0.14285714285714285,1001.0
0_1_0_0_1_0_0_1_1_1_1_0_1_1_0_0_1_1_0_1_0_1_1_1_1_1_0_1_0_0_1_1_1_0_0_0_1_1_1_1_1_0_0_1_1_1_0_1_1_1_1_1,1,3.3333333333333337e-6,4.714045207910317e-6,0.2857142857142857,380.0
1_1_0_1_1_0_1_1_0_0_0_1_1_1_0_1_1_0_1_1_1_1_1_1_1_1_1_1_0_1_0_0_1_1_1_1_1_1_1_0_0_0_1_0_0_0_0_0_0_0_1_0,1,3.3333333333333337e-6,4.714045207910317e-6,0.31527093596059114,140.0
1_1_1_1_1_1_1_1_1_0_1_1_1_1_0_1_1_0_1_1_0_0_0_1_0_0_1_0_1_1_0_0_0_1_1_1_0_1_0_0_0_0_1_0_0_0_1_0_0_0_1_0,0,3.3333333333333337e-6,4.714045207910317e-6,0.2019704433497537,1001.0
0_1_0_0_0_0_1_0_0_0_0_1_1_0_1_1_1_1_0_1_1_1_1_1_1_1_0_1_0_0_1_1_1_0_0_0_1_1_1_1_1_0_0_1_1_1_0_1_0_0_0_0,0,3.3333333333333337e-6,4.714045207910317e-6,0.20689655172413793,1001.0
0_1_1_0_1_1_1_0_1_0_1_1_1_1_1_1_0_1_0_0_0_1_1_1_1_1_0_0_0_0_1_1_1_0_1_0_1_1_1_1_1_1_1_1_0_1_1_1_0_0_1_0,0,3.3333333333333337e-6,4.714045207910317e-6,0.1625615763546798,1001.0
1_1_0_1_1_1_1_0_0_0_0_1_1_0_1_1_1_1_1_1_1_1_1_1_1_1_1_1_0_1_1_0_1_1_1_1_1_1_1_0_0_0_1_0_1_0_0_0_0_0_1_0,1,3.3333333333333337e-6,4.714045207910317e-6,0.27586206896551724,340.0
0_0_0_0_0_0_0_1_1_1_0_1_0_0_0_0_1_0_0_1_1_0_0_0_0_0_0_1_1_0_0_1_0_0_0_0_0_0_0_1_1_1_0_1_1_1_1_1_1_1_0_1,1,3.3333333333333337e-6,4.714045207910317e-6,0.2955665024630542,140.0
1_0_1_1_0_1_1_0_1_0_1_0_0_1_0_0_0_0_1_0_0_0_0_0_0_0_1_0_1_1_0_0_0_1_1_1_0_0_0_0_0_0_1_0_0_0_0_0_1_1_1_1,0,3.3333333333333337e-6,4.714045207910317e-6,0.21182266009852216,1001.0
0_1_1_0_1_0_0_0_1_1_1_0_1_1_0_0_0_1_0_0_0_0_0_1_0_0_0_1_1_0_1_1_0_0_1_1_0_1_0_1_1_1_0_1_0_1_0_1_1_1_1_1,1,3.3333333333333337e-6,4.714045207910317e-6,0.3251231527093596,230.0
0_0_0_0_0_1_0_0_1_1_1_0_0_0_0_0_0_0_1_0_0_0_0_0_1_0_0_1_1_0_0_1_0_1_0_0_0_0_0_1_0_1_0_0_1_0_0_0_1_1_1_1,0,3.3333333333333337e-6,4.714045207910317e-6,0.24630541871921183,1001.0
1_0_0_1_0_0_0_0_0_1_0_1_0_0_0_1_1_0_1_1_1_1_1_0_0_1_1_1_0_1_0_0_1_1_0_0_1_0_1_0_0_0_0_0_1_0_0_0_0_1_0_0,1,3.3333333333333337e-6,4.714045207910317e-6,0.29064039408866993,220.0
1_0_0_1_0_0_0_0_0_1_0_1_0_0_0_1_1_0_1_1_1_1_1_0_0_1_1_1_0_1_0_0_1_1_0_0_1_0_1_0_0_1_0_0_0_0_1_0_0_1_0_0,1,3.3333333333333337e-6,4.714045207910317e-6,0.33004926108374383,170.0
0_0_0_0_0_0_0_1_0_1_0_1_0_0_0_0_1_0_1_1_1_0_0_0_1_0_0_1_1_0_0_1_0_1_0_0_0_0_0_1_0_0_0_0_0_0_1_0_1_1_0_1,1,3.3333333333333337e-6,4.714045207910317e-6,0.270935960591133,270.0
1_0_0_1_0_1_1_0_1_0_1_0_0_0_1_1_1_0_1_1_1_0_0_0_0_0_1_0_1_1_0_0_0_1_1_1_0_0_0_0_0_0_1_0_0_0_0_0_0_0_1_0,1,3.3333333333333337e-6,4.714045207910317e-6,0.270935960591133,230.0
0_1_0_0_1_0_0_1_0_1_0_1_1_0_1_0_1_1_1_1_1_0_0_0_1_0_0_1_1_0_1_1_0_1_0_0_0_1_0_1_0_1_0_0_1_0_1_0_1_1_0_0,1,3.3333333333333337e-6,4.714045207910317e-6,0.30049261083743845,330.0
1_0_0_1_0_1_0_0_1_1_1_0_0_0_0_0_1_0_1_1_0_0_0_0_0_0_1_0_1_1_0_0_0_1_0_1_0_0_0_0_0_0_0_0_0_0_0_0_1_1_1_1,0,3.3333333333333337e-6,4.714045207910317e-6,0.18226600985221675,1001.0
0_1_1_0_1_0_1_1_1_0_1_1_1_1_1_1_1_1_0_0_1_1_1_1_1_1_0_0_0_0_1_1_1_0_1_1_1_1_1_1_1_1_1_1_0_1_1_1_0_0_1_0,0,3.3333333333333337e-6,4.714045207910317e-6,0.14285714285714285,1001.0
1_1_0_1_1_0_1_0_0_0_0_1_1_1_0_1_1_0_1_1_1_1_1_1_1_1_1_1_0_1_0_0_1_1_1_1_1_1_1_0_0_0_1_0_1_0_0_0_0_0_1_0,1,3.3333333333333337e-6,4.714045207910317e-6,0.31527093596059114,140.0
0_0_1_0_0_0_0_0_1_1_1_0_0_0_0_0_0_0_0_0_0_0_0_0_0_0_0_1_1_0_0_1_0_0_0_0_0_0_0_1_1_1_0_1_1_1_1_1_1_1_0_1,1,3.3333333333333337e-6,4.714045207910317e-6,0.270935960591133,200.0
0_1_1_0_1_0_0_1_0_1_0_1_1_1_0_0_1_1_0_1_0_1_1_1_1_1_0_0_0_0_1_1_1_0_0_1_1_1_1_1_1_1_0_1_1_1_1_1_1_1_0_1,1,3.3333333333333337e-6,4.714045207910317e-6,0.2857142857142857,170.0
1_0_0_1_0_0_0_1_0_1_0_1_0_0_0_0_1_0_0_1_1_1_1_0_0_1_1_1_0_1_0_0_1_0_0_0_1_0_1_0_1_0_0_1_1_1_1_1_1_1_0_1,1,3.3333333333333337e-6,4.714045207910317e-6,0.28078817733990147,160.0
1_1_0_1_1_0_0_1_0_1_0_1_1_0_1_0_1_1_1_1_1_1_1_0_1_1_1_1_0_1_1_0_1_1_0_0_1_1_1_0_0_0_0_0_1_0_1_0_1_1_0_0,1,3.3333333333333337e-6,4.714045207910317e-6,0.28078817733990147,200.0
0_1_0_0_1_1_1_1_1_0_0_1_1_1_0_0_1_1_0_1_0_1_1_1_1_1_0_0_0_0_1_1_1_0_1_1_1_1_1_1_1_0_1_1_1_1_0_1_1_1_1_1,1,3.3333333333333337e-6,4.714045207910317e-6,0.2660098522167488,570.0
1_0_0_1_0_0_0_0_0_1_0_0_0_1_0_0_1_0_1_1_0_0_0_0_0_0_1_0_1_1_0_0_0_1_0_0_0_0_0_0_0_0_0_0_1_0_0_0_1_1_0_1,0,3.3333333333333337e-6,4.714045207910317e-6,0.1921182266009852,1001.0
0_1_1_0_1_0_1_1_1_0_1_1_1_1_1_1_0_1_1_0_0_0_0_1_1_0_0_0_1_0_1_1_0_1_1_1_0_1_0_1_0_1_1_0_0_0_1_0_0_0_1_0,0,3.3333333333333337e-6,4.714045207910317e-6,0.22167487684729065,1001.0
0_0_0_0_0_0_0_0_0_1_0_0_0_1_1_1_0_0_1_0_1_0_0_0_1_0_0_1_1_0_0_1_0_1_0_0_0_0_0_1_0_1_0_0_1_0_0_0_0_0_0_0,1,3.3333333333333337e-6,4.714045207910317e-6,0.31527093596059114,250.0
1_1_1_1_1_1_1_0_0_0_1_0_1_1_0_1_0_0_1_0_0_1_1_1_1_1_1_0_0_1_0_0_1_1_1_1_1_1_1_0_0_1_1_0_0_0_0_0_0_0_1_0,1,3.3333333333333337e-6,4.714045207910317e-6,0.31527093596059114,180.0
1_1_0_1_1_0_0_1_0_1_0_1_1_0_1_0_1_1_0_1_1_1_1_0_0_1_1_1_0_1_1_0_1_0_0_0_1_1_1_0_1_1_0_1_1_1_1_1_1_1_0_0,1,3.3333333333333337e-6,4.714045207910317e-6,0.29064039408866993,160.0
0_0_1_0_0_1_1_1_1_0_1_1_1_0_1_1_0_0_1_0_0_0_0_1_1_0_0_0_1_0_0_1_0_1_1_1_0_0_0_1_0_1_1_0_0_0_1_0_0_0_1_0,1,3.3333333333333337e-6,4.714045207910317e-6,0.27586206896551724,440.0
1_0_0_1_0_0_0_1_1_1_0_1_0_0_1_1_1_0_1_1_1_1_1_0_1_1_1_1_0_1_0_0_1_1_0_0_1_0_1_0_0_1_0_0_1_0_1_0_0_0_0_0,1,3.3333333333333337e-6,4.714045207910317e-6,0.3103448275862069,250.0
0_0_0_1_0_1_0_0_0_1_0_0_0_0_0_0_1_0_0_1_1_1_1_0_1_1_1_0_0_1_0_0_1_0_0_0_1_0_1_1_1_0_0_1_1_1_0_1_1_1_0_1,0,3.3333333333333337e-6,4.714045207910317e-6,0.19704433497536947,1001.0
0_1_1_0_1_1_1_1_1_0_0_1_1_1_1_1_0_1_0_1_1_1_1_1_1_1_0_0_0_0_1_1_1_0_1_1_1_1_1_1_1_0_1_1_1_1_1_1_0_0_1_0,0,3.3333333333333337e-6,4.714045207910317e-6,0.1921182266009852,1001.0
0_1_0_0_1_0_0_0_0_1_0_0_0_1_1_0_0_1_0_0_1_0_0_0_0_0_0_1_1_0_1_1_0_0_0_0_0_1_0_1_1_1_0_1_1_1_0_1_1_1_0_1,1,3.3333333333333337e-6,4.714045207910317e-6,0.2955665024630542,240.0
1_1_0_1_1_0_1_1_0_0_0_1_1_1_1_1_1_1_1_1_1_1_1_1_1_1_1_1_0_1_1_0_1_1_1_1_1_1_1_0_0_0_1_0_1_0_0_0_0_0_1_0,1,3.3333333333333337e-6,4.714045207910317e-6,0.28078817733990147,350.0
1_1_0_1_1_1_1_1_0_0_0_1_1_0_1_1_1_1_0_1_1_1_1_1_0_1_1_1_0_1_1_0_1_0_1_1_1_1_1_0_1_0_1_1_1_1_0_1_0_0_1_0,1,3.3333333333333337e-6,4.714045207910317e-6,0.26108374384236455,190.0
0_1_0_0_1_1_1_0_0_0_0_1_1_1_1_1_1_1_1_1_1_0_0_1_1_0_0_0_1_0_1_1_0_1_1_1_0_1_0_1_0_0_1_0_1_0_0_0_0_0_1_0,1,3.3333333333333337e-6,4.714045207910317e-6,0.27586206896551724,250.0
1_0_1_1_0_0_0_1_1_1_1_0_0_0_0_0_0_0_0_0_0_1_1_0_0_1_1_1_0_1_0_0_1_0_0_0_1_0_1_0_1_1_0_1_1_1_1_1_1_1_0_1,1,3.3333333333333337e-6,4.714045207910317e-6,0.27586206896551724,270.0
1_1_1_1_1_1_1_0_1_0_1_0_1_1_0_1_0_0_1_0_0_1_1_1_0_1_1_0_0_1_0_0_1_1_1_1_1_1_1_0_0_1_1_0_0_0_0_0_0_0_1_0,1,3.3333333333333337e-6,4.714045207910317e-6,0.32019704433497537,270.0
1_0_1_1_0_1_0_1_1_1_1_0_0_0_0_0_0_0_1_0_0_1_1_0_1_1_1_0_0_1_0_0_1_1_0_0_1_0_1_0_0_1_0_0_0_0_1_0_1_1_0_1,1,3.3333333333333337e-6,4.714045207910317e-6,0.26108374384236455,240.0
1_1_0_1_1_0_0_0_0_1_0_1_1_0_1_0_1_1_1_1_1_1_1_0_0_1_1_0_0_1_1_0_1_1_0_0_1_1_1_0_0_0_0_0_1_0_0_0_1_1_0_0,1,3.3333333333333337e-6,4.714045207910317e-6,0.270935960591133,130.0
1_1_1_1_1_0_1_1_1_0_0_1_1_1_1_1_0_1_1_0_1_1_1_1_0_1_1_1_0_1_1_0_1_1_1_0_1_1_1_0_0_1_1_0_1_0_1_0_0_0_0_0,0,3.3333333333333337e-6,4.714045207910317e-6,0.2660098522167488,1001.0
1_0_0_1_0_1_0_1_1_1_0_0_0_0_0_0_1_0_1_1_0_0_0_0_0_0_1_1_1_1_0_0_0_1_0_0_0_0_0_0_0_1_0_0_1_0_1_0_1_1_0_1,0,3.3333333333333337e-6,4.714045207910317e-6,0.17733990147783252,1001.0
1_0_0_1_0_1_0_0_0_1_1_0_0_0_0_0_1_0_1_1_0_0_0_0_0_0_1_1_1_1_0_0_0_1_0_1_0_0_0_0_0_0_0_0_0_0_0_0_1_1_1_1,0,3.3333333333333337e-6,4.714045207910317e-6,0.18226600985221675,1001.0
1_1_1_1_1_1_1_0_0_0_1_0_1_1_0_1_0_0_1_0_0_1_1_1_0_1_1_1_0_1_0_0_1_1_1_1_1_1_1_0_0_1_1_0_0_0_0_0_0_0_1_0,1,3.3333333333333337e-6,4.714045207910317e-6,0.33004926108374383,220.0
0_1_0_0_1_1_1_0_0_0_0_1_1_1_1_1_1_1_1_1_1_0_0_1_1_0_0_0_1_0_1_1_0_1_1_1_0_1_0_1_0_0_1_0_0_0_0_0_0_0_1_0,1,3.3333333333333337e-6,4.714045207910317e-6,0.27586206896551724,280.0
1_1_0_1_1_0_0_0_0_1_0_1_1_0_1_0_1_1_0_1_1_1_1_0_0_1_1_1_0_1_1_0_1_0_0_0_1_1_1_0_1_0_0_1_1_1_1_1_1_1_0_0,1,3.3333333333333337e-6,4.714045207910317e-6,0.2660098522167488,310.0
0_1_0_0_0_1_1_0_0_0_1_1_1_1_1_1_1_1_0_1_1_1_1_1_1_1_0_0_0_0_1_1_1_0_1_1_1_1_1_1_1_0_1_1_0_1_0_1_0_0_1_0,0,3.3333333333333337e-6,4.714045207910317e-6,0.16748768472906403,1001.0
1_1_1_1_1_0_1_1_1_0_1_1_1_1_1_1_1_1_1_1_1_0_0_1_0_0_1_0_1_1_1_0_0_1_1_1_0_1_0_0_0_0_1_0_0_0_1_0_0_0_1_0,0,3.3333333333333337e-6,4.714045207910317e-6,0.16748768472906403,1001.0
0_0_1_0_0_0_0_0_1_1_1_0_0_1_0_1_0_0_1_0_0_0_0_0_1_0_0_1_1_0_0_1_0_1_0_0_0_0_0_1_0_1_0_0_0_0_1_0_0_0_0_1,1,3.3333333333333337e-6,4.714045207910317e-6,0.2955665024630542,120.0
1_1_1_1_1_0_1_1_1_0_1_1_1_1_1_1_1_1_1_0_1_0_0_1_0_0_1_0_1_1_1_0_0_1_1_1_0_1_0_0_0_1_1_0_0_0_1_0_0_0_1_0,0,3.3333333333333337e-6,4.714045207910317e-6,0.1625615763546798,1001.0
1_0_1_1_0_1_0_0_0_1_1_0_0_0_0_0_0_0_1_1_0_0_0_0_0_0_1_1_1_1_0_0_0_1_0_0_0_0_0_0_0_0_1_0_0_0_0_0_1_1_1_1,0,3.3333333333333337e-6,4.714045207910317e-6,0.21674876847290642,1001.0
1_1_1_1_1_1_1_1_1_0_1_0_1_1_0_1_0_0_1_0_0_1_1_1_1_1_1_0_0_1_0_0_1_1_1_1_1_1_1_0_0_1_1_0_0_0_0_0_0_0_1_0,1,3.3333333333333337e-6,4.714045207910317e-6,0.30049261083743845,200.0
0_1_1_0_1_0_1_1_1_0_1_1_1_1_1_1_0_1_0_0_1_1_1_1_1_1_0_0_0_0_1_1_1_0_1_1_1_1_1_1_1_0_1_1_0_1_1_1_0_0_1_0,0,3.3333333333333337e-6,4.714045207910317e-6,0.1477832512315271,1001.0
0_0_0_0_0_0_0_1_0_1_0_1_0_0_0_0_1_0_0_1_1_0_0_0_0_0_0_1_1_0_0_1_0_0_0_0_0_0_0_1_1_1_0_1_0_1_1_1_1_1_0_1,1,3.3333333333333337e-6,4.714045207910317e-6,0.30049261083743845,260.0
1_0_0_1_0_0_0_0_0_1_0_1_0_0_0_0_1_0_0_1_1_1_1_0_0_1_1_0_0_1_0_0_1_0_0_0_1_0_1_0_1_0_0_1_0_1_0_1_1_1_0_1,1,3.3333333333333337e-6,4.714045207910317e-6,0.270935960591133,300.0
1_1_0_1_1_1_1_0_0_0_0_1_1_0_1_1_0_1_1_0_1_0_0_0_0_0_1_0_1_1_1_0_0_1_0_0_0_1_0_0_0_0_1_0_1_0_0_0_0_0_0_0,0,3.3333333333333337e-6,4.714045207910317e-6,0.2019704433497537,1001.0
1_0_1_1_0_1_1_1_1_0_1_1_1_0_0_1_0_0_1_0_0_1_1_1_1_1_1_1_0_1_0_0_1_1_1_1_1_0_1_0_0_1_1_0_0_0_1_0_0_0_1_0,1,3.3333333333333337e-6,4.714045207910317e-6,0.2857142857142857,160.0
1_1_0_1_1_1_1_1_1_0_1_1_1_0_0_1_1_0_1_1_1_1_1_1_0_1_1_0_0_1_0_0_1_1_1_1_1_1_1_0_0_0_1_0_0_0_0_0_0_0_1_0,1,3.3333333333333337e-6,4.714045207910317e-6,0.32019704433497537,460.0
1_1_1_1_1_1_1_0_0_0_0_1_0_1_0_1_0_0_1_0_0_1_1_0_1_1_1_0_0_1_0_0_1_1_0_0_1_1_1_0_0_1_1_0_1_0_1_0_0_0_0_0,1,3.3333333333333337e-6,4.714045207910317e-6,0.32019704433497537,230.0
0_0_0_0_0_1_0_1_1_1_1_0_0_0_0_0_1_0_1_1_0_0_0_0_1_0_0_1_1_0_0_1_0_1_0_0_0_0_0_1_0_1_0_0_0_0_0_0_1_1_1_1,0,3.3333333333333337e-6,4.714045207910317e-6,0.2561576354679803,1001.0
1_0_0_1_0_1_1_1_1_0_0_1_0_0_1_1_1_0_1_1_1_0_0_0_0_0_1_0_1_1_0_0_0_1_0_0_0_0_0_0_0_0_1_0_1_0_1_0_0_0_0_0,1,3.3333333333333337e-6,4.714045207910317e-6,0.270935960591133,300.0
0_0_0_0_0_0_0_1_1_1_1_0_1_0_1_0_1_1_0_1_1_0_0_1_0_0_0_1_1_0_1_1_0_0_1_1_0_0_0_1_1_0_0_1_0_1_0_1_1_1_1_1,1,3.3333333333333337e-6,4.714045207910317e-6,0.32019704433497537,180.0
0_1_0_0_1_0_0_0_0_1_0_1_0_0_0_0_1_1_0_1_1_0_0_0_1_0_0_1_1_0_1_1_0_0_0_0_0_1_0_1_1_1_0_1_1_1_1_1_1_1_0_1,1,3.3333333333333337e-6,4.714045207910317e-6,0.29064039408866993,230.0
0_0_0_0_0_0_0_0_0_1_0_0_0_0_0_0_1_0_0_1_1_1_1_0_1_1_0_1_0_1_0_1_1_0_0_0_1_0_1_1_1_0_0_1_1_1_0_1_1_1_0_1,0,3.3333333333333337e-6,4.714045207910317e-6,0.1625615763546798,1001.0
0_0_1_0_0_0_0_1_1_1_1_0_1_1_1_1_0_1_0_0_0_1_1_1_1_1_0_1_0_0_1_1_1_0_0_0_1_0_1_1_1_1_0_1_0_1_1_1_1_0_0_0,0,3.3333333333333337e-6,4.714045207910317e-6,0.2315270935960591,1001.0
0_1_0_0_1_0_0_0_0_1_0_1_1_0_1_0_1_1_0_1_1_0_0_0_1_0_0_1_1_0_1_1_0_0_0_0_0_1_0_1_1_1_0_1_1_1_1_1_1_1_0_0,1,3.3333333333333337e-6,4.714045207910317e-6,0.2857142857142857,140.0
1_1_1_1_1_1_1_0_0_0_0_1_0_1_0_1_0_0_1_0_0_1_1_0_0_1_1_0_0_1_0_0_1_1_0_0_1_1_1_0_0_1_1_0_1_0_1_0_0_0_0_0,1,3.3333333333333337e-6,4.714045207910317e-6,0.33004926108374383,270.0
1_0_1_1_0_1_0_0_1_1_1_0_0_0_1_1_0_0_1_0_0_0_0_0_0_0_1_0_1_1_0_0_0_1_0_0_0_0_0_0_0_1_0_0_0_0_1_0_0_0_0_0,1,3.3333333333333337e-6,4.714045207910317e-6,0.2660098522167488,160.0
1_1_1_1_1_0_1_1_1_0_0_1_1_1_1_1_0_1_1_0_1_0_0_1_0_0_1_1_1_1_1_0_0_1_1_0_0_1_0_0_0_1_1_0_1_0_1_0_0_0_0_0,0,3.3333333333333337e-6,4.714045207910317e-6,0.19704433497536947,1001.0
1_0_1_1_0_1_1_1_1_0_1_0_0_1_0_1_0_0_0_0_0_1_1_1_0_1_1_1_0_1_0_0_1_0_1_1_1_0_1_0_1_1_1_1_0_1_0_1_0_0_1_1,1,3.3333333333333337e-6,4.714045207910317e-6,0.28078817733990147,230.0
1_0_0_1_0_0_0_1_0_1_0_1_0_0_0_0_1_0_1_1_1_1_1_0_0_1_1_1_0_1_0_0_1_1_0_0_1_0_1_0_0_0_0_0_0_0_1_0_1_1_0_1,1,3.3333333333333337e-6,4.714045207910317e-6,0.27586206896551724,290.0
0_0_0_0_0_0_0_0_0_1_0_0_0_0_1_0_0_1_0_0_1_1_1_0_1_1_0_1_0_0_1_1_1_0_0_0_1_0_1_1_1_0_0_1_1_1_0_1_1_1_0_1,0,3.3333333333333337e-6,4.714045207910317e-6,0.18719211822660098,1001.0
1_0_1_1_0_0_0_0_0_1_1_0_0_1_0_0_0_0_1_0_0_1_1_0_0_1_1_0_0_1_0_0_1_1_0_0_1_0_1_0_0_1_0_0_0_0_0_0_1_1_0_1,1,3.3333333333333337e-6,4.714045207910317e-6,0.27586206896551724,290.0
0_1_0_0_1_0_0_1_1_1_1_0_1_1_1_0_0_1_0_0_0_1_1_1_1_1_0_1_0_0_1_1_1_0_0_0_1_1_1_1_1_1_0_1_1_1_0_1_1_0_1_1,1,3.3333333333333337e-6,4.714045207910317e-6,0.2955665024630542,170.0
1_1_0_1_1_1_1_1_0_0_0_1_1_1_1_1_1_1_0_1_1_1_1_1_0_1_1_0_0_1_1_0_1_0_1_1_1_1_1_0_1_0_1_1_1_1_0_1_0_0_1_0,1,3.3333333333333337e-6,4.714045207910317e-6,0.2561576354679803,190.0
0_1_1_0_1_0_0_0_1_1_1_0_1_1_1_0_0_1_0_0_0_1_1_1_1_1_0_1_0_0_1_1_1_0_1_1_1_1_1_1_1_1_0_1_1_1_0_1_1_0_1_1,1,3.3333333333333337e-6,4.714045207910317e-6,0.29064039408866993,150.0
1_1_1_1_1_1_1_1_1_0_1_0_1_1_0_1_0_0_1_0_0_1_1_1_1_1_1_0_0_1_0_0_1_1_1_1_1_1_1_0_0_1_1_0_1_0_0_0_0_0_1_0,1,3.3333333333333337e-6,4.714045207910317e-6,0.3103448275862069,330.0
1_0_0_1_0_0_0_1_0_1_0_1_0_0_0_0_1_0_1_1_1_1_1_0_0_1_1_0_0_1_0_0_1_1_0_0_1_0_1_0_0_0_0_0_0_0_1_0_1_1_0_1,1,3.3333333333333337e-6,4.714045207910317e-6,0.28078817733990147,160.0
0_1_1_0_1_0_1_0_1_0_1_1_1_1_1_1_0_1_0_0_0_1_1_1_1_1_0_1_0_0_1_1_1_0_1_1_1_1_1_1_1_1_1_1_0_1_1_1_0_0_1_0,0,3.3333333333333337e-6,4.714045207910317e-6,0.15270935960591134,1001.0
1_0_1_1_0_1_0_0_1_0_1_0_0_0_0_0_0_0_1_0_0_0_0_0_0_0_1_0_1_1_0_0_0_1_0_0_0_0_0_0_0_1_1_0_0_0_1_0_1_1_1_1,0,3.3333333333333337e-6,4.714045207910317e-6,0.20689655172413793,1001.0
1_1_1_1_1_0_1_1_0_0_0_1_1_1_1_1_0_1_0_1_1_1_1_1_0_1_1_0_0_1_1_0_1_0_1_1_1_1_1_0_1_0_1_1_1_1_1_1_0_0_0_0,0,3.3333333333333337e-6,4.714045207910317e-6,0.24630541871921183,1001.0
1_0_0_1_0_1_0_1_1_1_1_0_0_0_0_0_0_0_1_0_0_0_0_0_0_0_1_1_1_1_0_0_0_1_0_0_0_0_0_0_0_1_1_0_0_0_0_0_1_1_1_1,0,3.3333333333333337e-6,4.714045207910317e-6,0.19704433497536947,1001.0
1_0_1_1_0_0_0_0_1_1_1_0_0_0_0_0_0_0_0_0_0_1_1_0_0_1_1_1_0_1_0_0_1_0_0_0_1_0_1_0_1_1_0_1_0_1_1_1_1_1_0_1,1,3.3333333333333337e-6,4.714045207910317e-6,0.27586206896551724,210.0
0_1_0_0_1_0_0_1_0_1_0_1_0_0_1_0_1_1_0_1_1_0_0_0_0_0_0_1_1_0_1_1_0_0_0_0_0_1_0_1_1_1_0_1_1_1_1_1_1_1_0_1,1,3.3333333333333337e-6,4.714045207910317e-6,0.30049261083743845,220.0
1_1_0_1_1_1_1_1_0_0_0_1_1_0_1_0_1_1_0_1_1_1_1_1_0_1_1_1_0_1_1_0_1_0_1_1_1_1_1_0_1_1_1_1_1_1_1_1_1_1_1_0,1,3.3333333333333337e-6,4.714045207910317e-6,0.3103448275862069,200.0
0_1_1_0_1_0_1_1_1_0_1_1_1_1_1_1_1_1_0_1_1_0_0_1_0_0_0_0_1_0_1_1_0_0_1_1_0_1_0_1_1_1_1_1_0_1_1_1_0_0_1_0,0,3.3333333333333337e-6,4.714045207910317e-6,0.2019704433497537,1001.0
0_0_1_0_0_0_0_0_1_1_1_0_0_0_0_0_0_0_0_0_0_0_0_0_1_0_0_1_1_0_0_1_0_0_0_0_0_0_0_1_1_1_0_1_0_1_1_1_1_1_0_1,1,3.3333333333333337e-6,4.714045207910317e-6,0.28078817733990147,350.0
1_0_1_1_0_1_1_0_0_0_0_1_0_0_1_1_0_0_1_0_1_0_0_0_0_0_1_0_1_1_0_0_0_1_0_0_0_0_0_0_0_1_1_0_0_0_1_0_0_0_0_0,1,3.3333333333333337e-6,4.714045207910317e-6,0.270935960591133,270.0
1_0_0_1_0_1_0_0_0_1_0_0_0_0_0_0_0_0_1_0_0_0_0_0_0_0_1_1_1_1_0_0_0_1_0_0_0_0_0_0_0_0_0_0_1_0_0_0_1_1_1_1,0,3.3333333333333337e-6,4.714045207910317e-6,0.1330049261083744,1001.0
0_1_0_0_1_0_1_1_1_0_0_1_1_1_1_1_1_1_0_1_1_0_0_1_0_0_0_1_1_0_1_1_0_0_1_1_0_1_0_1_1_0_1_1_1_1_0_1_0_0_1_0,1,3.3333333333333337e-6,4.714045207910317e-6,0.2660098522167488,150.0
0_1_1_0_1_0_1_1_0_0_0_1_1_1_1_1_1_1_0_0_1_1_1_1_1_1_0_1_0_0_1_1_1_0_1_0_1_1_1_1_1_1_0_1_1_1_1_1_0_0_0_0,0,3.3333333333333337e-6,4.714045207910317e-6,0.19704433497536947,1001.0
1_0_0_1_0_0_0_1_1_1_1_0_0_1_0_0_1_0_0_1_0_1_1_1_0_1_1_1_0_1_0_0_1_0_1_1_1_0_1_0_1_0_0_1_0_1_0_1_1_1_1_1,1,3.3333333333333337e-6,4.714045207910317e-6,0.2857142857142857,390.0
0_1_1_0_1_0_1_1_1_0_1_1_1_1_1_1_0_1_0_0_0_0_0_1_1_0_0_1_1_0_1_1_0_0_1_1_0_1_0_1_1_1_1_1_0_1_1_1_0_0_0_0,0,3.3333333333333337e-6,4.714045207910317e-6,0.1921182266009852,1001.0
0_0_1_0_0_0_0_0_0_1_0_0_0_1_0_0_0_1_0_0_0_1_1_0_1_1_0_1_0_0_1_1_1_0_0_0_1_0_1_1_1_1_0_1_1_1_1_1_1_1_0_1,0,3.3333333333333337e-6,4.714045207910317e-6,0.2512315270935961,1001.0
0_0_0_0_0_1_0_0_0_1_1_0_0_0_0_0_1_0_0_0_0_0_0_0_0_0_0_1_1_0_0_1_0_0_0_0_0_0_0_1_1_1_0_1_0_1_0_1_1_1_1_1,0,3.3333333333333337e-6,4.714045207910317e-6,0.2561576354679803,1001.0
1_0_0_1_0_1_0_0_0_1_0_0_0_0_0_0_0_0_1_1_1_0_0_0_0_0_1_0_1_1_0_0_0_1_0_0_0_0_0_0_0_0_0_0_1_0_0_0_1_1_0_1,0,3.3333333333333337e-6,4.714045207910317e-6,0.14285714285714285,1001.0
0_0_0_0_0_1_0_0_1_1_1_0_0_0_0_0_1_0_0_1_0_1_1_0_1_1_0_1_0_0_0_1_1_0_0_0_1_0_1_1_1_0_0_1_0_1_0_1_1_1_1_1,0,3.3333333333333337e-6,4.714045207910317e-6,0.19704433497536947,1001.0
0_0_0_0_0_0_0_0_0_1_0_0_0_1_1_0_0_1_0_0_0_0_0_0_1_0_0_1_1_0_1_1_0_0_0_0_0_0_0_1_1_1_0_1_1_1_0_1_1_1_0_1,1,3.3333333333333337e-6,4.714045207910317e-6,0.31527093596059114,370.0
0_0_0_0_0_1_0_0_0_1_1_0_0_0_0_0_0_0_0_1_0_1_1_0_1_1_0_0_0_0_0_1_1_0_0_0_1_0_1_1_1_0_0_1_0_1_0_1_1_1_1_1,0,3.3333333333333337e-6,4.714045207910317e-6,0.19704433497536947,1001.0
1_0_0_1_0_1_1_0_1_0_1_0_0_0_1_1_0_0_1_0_1_0_0_0_0_0_1_0_1_1_0_0_0_1_1_0_0_0_0_0_0_0_1_0_0_0_0_0_0_0_1_0,1,3.3333333333333337e-6,4.714045207910317e-6,0.28078817733990147,310.0
1_1_1_1_1_1_1_0_1_0_1_0_1_1_1_1_0_1_1_0_0_1_1_1_1_1_1_1_0_1_1_0_1_1_1_1_1_1_1_0_0_1_1_0_1_0_0_0_0_0_1_0,1,3.3333333333333337e-6,4.714045207910317e-6,0.29064039408866993,360.0
0_0_0_0_0_0_0_0_0_1_0_1_0_0_0_0_1_0_0_1_1_0_0_0_1_0_0_0_1_0_0_1_0_0_0_0_0_0_0_1_1_0_0_1_0_1_1_1_1_1_0_1,1,3.3333333333333337e-6,4.714045207910317e-6,0.29064039408866993,350.0
0_0_0_0_0_0_0_0_0_1_0_1_0_0_1_1_1_0_1_1_1_0_0_0_1_0_0_1_1_0_0_1_0_1_0_0_0_0_0_1_0_0_0_0_1_0_0_0_0_0_0_0,1,3.3333333333333337e-6,4.714045207910317e-6,0.270935960591133,240.0
0_1_1_0_1_0_0_0_0_1_1_0_1_1_0_0_0_1_0_0_0_0_0_1_0_0_0_1_1_0_1_1_0_0_1_1_0_1_0_1_1_1_0_1_0_1_0_1_1_1_1_1,1,3.3333333333333337e-6,4.714045207910317e-6,0.33004926108374383,260.0
0_1_1_0_1_1_1_1_1_0_1_1_1_0_1_1_0_1_1_0_0_0_0_1_1_0_0_1_1_0_1_1_0_1_1_1_0_1_0_1_0_1_1_0_0_0_1_0_0_0_1_0,1,3.3333333333333337e-6,4.714045207910317e-6,0.28078817733990147,240.0
1_0_0_1_0_1_0_1_1_1_1_0_0_0_0_0_1_0_1_1_0_0_0_0_0_0_1_1_1_1_0_0_0_1_0_1_0_0_0_0_0_1_0_0_0_0_0_0_1_1_1_1,0,3.3333333333333337e-6,4.714045207910317e-6,0.2019704433497537,1001.0
1_0_0_1_0_1_0_0_0_1_0_0_0_0_0_0_1_0_1_1_1_1_1_0_1_1_1_1_0_1_0_0_1_1_0_0_1_0_1_0_0_0_0_0_1_0_0_0_1_1_1_1,0,3.3333333333333337e-6,4.714045207910317e-6,0.18719211822660098,1001.0
0_0_0_0_0_1_0_0_0_1_0_0_0_0_0_0_0_0_0_0_0_1_1_0_1_1_0_1_0_0_0_1_1_0_0_0_1_0_1_1_1_1_0_1_1_1_0_1_1_1_0_1,0,3.3333333333333337e-6,4.714045207910317e-6,0.16748768472906403,1001.0
0_1_0_0_1_1_1_1_0_0_0_1_1_1_0_0_1_1_0_1_1_0_0_1_1_0_0_0_1_0_1_1_0_0_1_1_0_1_0_1_1_0_1_1_1_1_0_1_1_1_1_1,1,3.3333333333333337e-6,4.714045207910317e-6,0.3251231527093596,150.0
0_0_0_0_0_1_0_0_0_1_1_0_0_0_0_0_1_0_0_1_0_1_1_0_1_1_0_1_0_0_0_1_1_0_0_0_1_0_1_1_1_1_0_1_0_1_1_1_1_1_1_1,0,3.3333333333333337e-6,4.714045207910317e-6,0.21182266009852216,1001.0
1_1_1_1_1_1_1_0_0_0_1_0_1_1_1_1_0_1_1_0_0_1_1_1_0_1_1_1_0_1_1_0_1_1_1_1_1_1_1_0_0_1_1_0_0_0_0_0_0_0_1_0,1,3.3333333333333337e-6,4.714045207910317e-6,0.2955665024630542,260.0
1_1_1_1_1_1_1_1_0_0_0_1_1_0_1_1_0_1_1_0_1_1_1_1_1_1_1_1_0_1_1_0_1_1_1_1_1_1_1_0_0_1_1_0_1_0_1_0_0_0_1_0,1,3.3333333333333337e-6,4.714045207910317e-6,0.2955665024630542,210.0
1_1_1_0_1_1_1_0_1_0_1_0_1_1_1_1_0_1_0_0_0_1_1_1_1_1_0_1_0_0_1_1_1_0_1_1_1_1_1_1_1_1_1_1_0_1_0_1_0_0_1_0,0,3.3333333333333337e-6,4.714045207910317e-6,0.22167487684729065,1001.0
0_1_1_0_1_1_1_1_1_0_0_1_1_0_1_1_0_1_1_0_1_0_0_1_1_0_0_0_1_0_1_1_0_1_1_1_0_1_0_1_0_1_1_0_1_0_1_0_0_0_1_0,1,3.3333333333333337e-6,4.714045207910317e-6,0.30049261083743845,230.0
0_1_0_0_1_0_1_1_0_0_0_1_1_0_1_1_1_1_0_1_1_1_1_1_1_1_0_1_0_0_1_1_1_0_0_0_1_1_1_1_1_0_0_1_1_1_1_1_0_0_0_0,0,3.3333333333333337e-6,4.714045207910317e-6,0.20689655172413793,1001.0
1_1_1_1_1_1_1_1_1_0_1_1_1_1_1_1_0_1_1_0_0_0_0_1_0_0_1_0_1_1_1_1_0_1_1_1_0_1_0_0_0_1_1_0_0_0_1_0_0_0_1_0,0,3.3333333333333337e-6,4.714045207910317e-6,0.15763546798029557,1001.0
0_0_0_0_0_1_0_0_1_1_1_0_0_0_0_0_1_0_0_1_0_1_1_0_1_1_0_1_0_0_0_1_1_0_0_1_1_0_1_1_1_1_0_1_0_1_0_1_1_1_1_1,0,3.3333333333333337e-6,4.714045207910317e-6,0.21182266009852216,1001.0
1_0_0_1_1_1_0_0_0_1_0_0_0_0_0_0_1_0_1_1_0_0_0_0_0_0_1_0_1_1_0_0_0_1_1_1_0_0_0_0_0_0_0_0_1_0_0_0_1_1_1_1,0,3.3333333333333337e-6,4.714045207910317e-6,0.13793103448275862,1001.0
1_0_1_1_0_1_0_0_0_1_1_0_0_0_0_0_0_0_1_0_0_1_1_0_1_1_1_0_0_1_0_0_1_1_0_0_1_0_1_0_0_1_0_0_0_0_1_0_1_1_0_1,1,3.3333333333333337e-6,4.714045207910317e-6,0.2660098522167488,190.0
0_0_0_0_0_1_1_1_1_0_0_1_0_0_1_1_1_0_1_1_1_0_0_0_1_0_0_0_1_0_0_1_0_1_0_0_0_0_0_1_0_0_1_0_1_0_1_0_0_0_0_0,1,3.3333333333333337e-6,4.714045207910317e-6,0.33497536945812806,210.0
0_0_0_0_0_0_0_1_0_1_0_1_0_0_1_0_1_1_0_1_1_0_0_0_0_0_0_0_1_0_1_1_0_0_0_0_0_0_0_1_1_0_0_1_0_1_1_1_1_1_0_1,1,3.3333333333333337e-6,4.714045207910317e-6,0.3251231527093596,140.0
0_0_0_0_0_0_0_1_0_1_0_1_0_0_1_0_1_1_0_1_1_0_0_0_0_0_0_1_1_0_1_1_0_0_0_0_0_0_0_1_1_0_0_1_0_1_1_1_1_1_0_1,1,3.3333333333333337e-6,4.714045207910317e-6,0.32019704433497537,340.0
0_0_0_0_0_1_1_0_0_0_0_1_0_0_0_1_1_0_1_1_1_0_0_0_1_0_0_0_1_0_0_1_0_1_1_1_0_0_0_1_0_0_1_0_0_0_1_0_0_1_0_0,1,3.3333333333333337e-6,4.714045207910317e-6,0.35960591133004927,140.0
0_1_0_0_1_0_1_1_0_0_0_1_1_1_0_0_1_1_0_1_1_1_1_1_1_1_0_1_0_0_1_1_1_0_1_1_1_1_1_1_1_0_1_1_0_1_0_1_1_1_1_1,1,3.3333333333333337e-6,4.714045207910317e-6,0.2660098522167488,160.0
1_0_0_1_0_1_0_0_1_1_1_0_0_0_0_0_0_0_1_1_0_0_0_0_0_0_1_0_1_1_0_0_0_1_0_0_0_0_0_0_0_0_0_0_0_0_0_0_1_1_1_1,0,3.3333333333333337e-6,4.714045207910317e-6,0.18226600985221675,1001.0
1_0_0_1_0_1_0_1_1_1_1_0_0_0_0_0_0_0_1_0_0_0_0_0_0_0_1_1_1_1_0_0_0_1_0_0_0_0_0_0_0_1_0_0_0_0_0_0_1_1_1_1,0,3.3333333333333337e-6,4.714045207910317e-6,0.1921182266009852,1001.0
1_0_0_1_0_1_1_1_0_0_0_1_0_0_0_1_1_0_1_1_1_0_0_0_0_0_1_0_1_1_0_0_0_1_0_0_0_0_0_0_0_0_1_0_0_0_1_0_0_1_0_0,1,3.3333333333333337e-6,4.714045207910317e-6,0.29064039408866993,320.0
1_1_0_1_1_1_1_1_0_0_0_1_1_1_0_1_1_0_1_1_1_1_1_1_1_1_1_0_0_1_0_0_1_1_1_1_1_1_1_0_0_0_1_0_1_0_0_0_0_0_1_0,1,3.3333333333333337e-6,4.714045207910317e-6,0.3054187192118227,420.0
0_1_1_0_1_0_1_0_0_0_0_1_1_1_1_1_1_1_0_0_1_0_0_1_1_0_0_0_1_0_1_1_0_0_1_1_0_1_0_1_1_0_1_1_1_1_0_1_0_0_0_0,0,3.3333333333333337e-6,4.714045207910317e-6,0.2561576354679803,1001.0
0_1_1_0_1_0_0_1_1_1_1_0_1_1_0_0_0_1_0_0_0_1_1_1_1_1_0_1_0_0_1_1_1_0_0_0_1_1_1_1_1_1_0_1_1_1_0_1_1_1_0_1,1,3.3333333333333337e-6,4.714045207910317e-6,0.270935960591133,170.0
0_1_1_0_1_1_1_0_1_0_1_0_1_1_1_1_0_1_0_0_0_1_1_1_1_1_0_0_0_0_1_1_1_0_1_1_1_1_1_1_1_1_1_1_0_1_0_1_1_0_1_0,0,3.3333333333333337e-6,4.714045207910317e-6,0.2019704433497537,1001.0
1_0_0_1_0_0_0_0_1_1_1_0_0_1_0_1_1_0_1_1_0_1_1_0_0_1_1_1_0_1_0_0_1_1_0_0_1_0_1_0_0_0_0_0_0_0_0_0_0_0_0_1,1,3.3333333333333337e-6,4.714045207910317e-6,0.32019704433497537,150.0
0_1_0_0_1_1_1_1_0_0_0_1_1_0_1_1_1_1_1_1_1_0_0_1_1_0_0_1_1_0_1_1_0_1_1_1_0_1_0_1_0_0_1_0_1_0_1_0_0_0_1_0,1,3.3333333333333337e-6,4.714045207910317e-6,0.2857142857142857,280.0
0_1_0_0_1_1_1_1_0_0_0_1_1_1_0_0_1_1_0_1_0_1_1_1_1_1_0_0_0_0_1_1_1_0_1_1_1_1_1_1_1_0_1_1_0_1_0_1_1_1_1_1,1,3.3333333333333337e-6,4.714045207910317e-6,0.26108374384236455,580.0
