states,flag,Avg0,SD0,frust0,time
0_0_0_0_0_1_0_1_0_0_0_0_1_0_0_1_0_0_0_0_1_1_1,1,0.031906666666666667,0.00024087802353519645,0.11320754716981132,121.31146404455971
1_1_1_1_1_0_1_0_0_0_0_1_1_1_0_0_0_1_1_1_0_0_0,1,0.031536666666666664,0.0005067763039273062,0.11320754716981132,121.07462938118728
0_0_0_0_0_1_0_1_1_1_1_0_0_0_1_1_1_0_0_0_1_1_1,1,0.03136,0.0003717526059088214,0.11320754716981132,120.53153457607335
1_1_1_1_1_0_1_0_1_1_1_1_0_1_1_0_1_1_1_1_0_0_0,1,0.03093333333333333,0.00034874377732401423,0.11320754716981132,120.99625317341996
1_0_1_1_1_1_1_1_0_0_0_0_1_1_0_1_0_1_0_0_0_0_0,1,0.017126666666666665,0.00016418147141366413,0.11320754716981132,108.89256734085323
1_0_1_1_1_1_1_1_1_1_1_0_0_1_1_1_1_1_0_0_0_0_0,1,0.01702,0.00021228911104120992,0.11320754716981132,109.07229922961189
0_1_0_0_0_0_0_0_0_0_0_1_1_0_0_0_0_0_1_1_1_1_1,1,0.016703333333333334,0.00042718718249602083,0.11320754716981132,109.70808242555404
0_1_0_0_0_0_0_0_1_1_1_1_0_0_1_0_1_0_1_1_1_1_1,1,0.016336666666666666,0.0005067763039273068,0.11320754716981132,108.39179581477053
1_1_1_1_1_1_1_1_0_0_0_1_1_1_0_1_0_1_1_1_0_0_0,1,0.014036666666666664,0.000252498624858742,0.1509433962264151,99.23606403165245
0_0_0_0_0_0_0_0_1_1_1_0_0_0_1_0_1_0_0_0_1_1_1,1,0.013856666666666668,0.00032499572646762934,0.1509433962264151,100.61645101655243
0_0_0_0_0_0_0_0_0_0_0_0_1_0_0_0_0_0_0_0_1_1_1,1,0.013746666666666666,0.0002519700158528564,0.1509433962264151,100.84133970008317
1_1_1_1_1_1_1_1_1_1_1_1_0_1_1_1_1_1_1_1_0_0_0,1,0.013566666666666666,0.00017745108872274876,0.1509433962264151,99.79168107861483
0_0_0_0_0_1_0_1_1_1_1_1_0_0_1_1_1_0_0_0_1_1_1,1,0.012083333333333333,0.0003732142667274241,0.11320754716981132,111.21015546472661
1_1_1_1_1_0_1_0_1_1_1_0_0_1_1_0_1_1_1_1_0_0_0,1,0.011940000000000001,0.00014899664425751304,0.11320754716981132,112.60084582533365
0_0_0_0_0_1_0_1_0_0_0_1_1_0_0_1_0_0_0_0_1_1_1,1,0.011596666666666667,0.00017913371790059143,0.11320754716981132,114.79311214374798
1_1_1_1_1_0_1_0_0_0_0_0_1_1_0_0_0_1_1_1_0_0_0,1,0.011349999999999999,0.00029063149634316423,0.11320754716981132,113.15274229011726
0_0_0_0_0_0_0_0_1_1_1_1_0_0_1_0_1_0_1_0_1_1_1,1,0.008026666666666666,0.00017461067804945088,0.1320754716981132,90.8374634532392
0_0_0_0_0_0_0_0_0_0_0_1_1_0_0_0_0_0_1_0_1_1_1,1,0.007973333333333334,0.00010402991022884853,0.1320754716981132,92.61788902928437
0_1_0_0_0_0_0_0_0_0_0_0_1_0_0_0_0_0_1_1_1_1_1,1,0.00791,0.00022553639765383036,0.11320754716981132,99.27161584773744
1_1_1_1_1_1_1_1_0_0_0_0_1_1_0_1_0_1_0_1_0_0_0,1,0.007853333333333332,0.00019567546828585562,0.1320754716981132,92.75026261431744
1_1_1_1_1_1_1_1_1_1_1_0_0_1_1_1_1_1_0_1_0_0_0,1,0.007843333333333334,0.00028003967972810973,0.1320754716981132,91.65936468646863
0_1_0_0_0_0_0_0_1_1_1_0_0_0_1_0_1_0_1_1_1_1_1,1,0.007673333333333333,0.00023893281249943226,0.11320754716981132,99.561443119083
1_0_1_1_1_1_1_1_0_0_0_1_1_1_0_1_0_1_0_0_0_0_0,1,0.007619999999999999,0.00018672618098881214,0.11320754716981132,98.71954802077583
1_0_1_1_1_1_1_1_1_1_1_1_0_1_1_1_1_1_0_0_0_0_0,1,0.0074466666666666665,0.0001053037933262089,0.11320754716981132,96.73710015756045
0_0_0_0_0_1_0_1_1_1_1_1_0_0_1_1_1_0_1_0_1_1_1,1,0.006436666666666667,0.00010143416036468622,0.1320754716981132,82.07714211069145
1_1_1_1_1_0_1_0_1_1_1_1_0_1_1_1_1_1_1_1_0_0_0,1,0.006166666666666667,0.00031930480039541435,0.1320754716981132,86.55341954117479
0_0_0_0_0_1_0_1_0_0_0_0_1_0_0_0_0_0_0_0_1_1_1,1,0.006103333333333333,0.0001592342788332826,0.1320754716981132,86.22880155334575
1_1_1_1_1_0_1_0_0_0_0_0_1_1_0_0_0_1_0_1_0_0_0,1,0.0060866666666666664,0.00012710450643291764,0.1320754716981132,80.95324134998161
0_0_0_0_0_1_0_1_0_0_0_1_1_0_0_1_0_0_1_0_1_1_1,1,0.006076666666666667,0.00014383632673594266,0.1320754716981132,82.89747687331116
1_1_1_1_1_0_1_0_1_1_1_0_0_1_1_0_1_1_0_1_0_0_0,1,0.00606,0.000279045993819418,0.1320754716981132,81.80099919188314
0_1_0_0_0_0_0_0_0_0_0_0_1_0_0_0_0_0_0_1_1_1_1,1,0.006016666666666667,0.00023170862929310378,0.1320754716981132,95.00588919570892
0_1_0_0_0_0_0_0_1_1_1_0_0_0_1_0_1_0_0_1_1_1_1,1,0.005986666666666667,0.00013072447700751718,0.1320754716981132,95.21027246361886
1_1_1_1_1_0_1_0_0_1_1_1_1_1_0_0_0_1_1_1_0_0_0,1,0.005946666666666666,6.182412330330485e-5,0.16981132075471697,118.4830347777892
1_0_1_1_1_1_1_1_0_0_0_1_1_1_0_1_0_1_1_0_0_0_0,1,0.00588,4.3204937989385845e-5,0.1320754716981132,94.13896136657364
0_0_0_0_0_1_0_1_1_1_1_0_0_0_1_0_1_0_0_0_1_1_1,1,0.005843333333333333,0.00026246692913372703,0.1320754716981132,84.51503809080816
1_1_1_1_1_0_1_0_0_0_0_1_1_1_0_1_0_1_1_1_0_0_0,1,0.005699999999999999,0.00023366642891095818,0.1320754716981132,87.51610778343921
1_0_1_1_1_1_1_1_1_1_1_1_0_1_1_1_1_1_1_0_0_0_0,1,0.0056433333333333335,0.0002368309289110884,0.1320754716981132,95.51086200398338
0_1_0_0_0_0_0_0_0_0_0_1_1_0_0_1_0_0_1_1_1_1_1,1,0.005566666666666667,0.0001995550606279437,0.1320754716981132,93.37919264300645
0_1_0_0_0_0_0_0_1_1_1_1_0_0_1_1_1_0_1_1_1_1_1,1,0.005526666666666667,0.00016336734339790469,0.1320754716981132,93.591401202977
1_1_1_1_1_0_1_0_1_0_0_1_0_1_1_0_1_1_1_1_0_0_0,1,0.005523333333333334,6.59966329107446e-5,0.16981132075471697,118.29624192568934
0_0_0_0_0_1_0_1_1_1_1_0_1_0_0_1_0_0_0_0_1_1_1,1,0.005486666666666667,0.00010402991022884831,0.16981132075471697,116.50871475433233
0_0_0_0_0_1_0_1_1_0_0_0_0_0_1_1_1_0_0_0_1_1_1,1,0.00545,0.00013952299690970867,0.16981132075471697,115.57522534778992
0_0_0_0_0_1_0_1_0_1_1_0_1_0_0_1_0_0_0_0_1_1_1,1,0.005436666666666666,0.00013572848714334901,0.16981132075471697,119.15963287260485
1_0_1_1_1_1_1_1_1_1_1_0_0_1_1_0_1_1_0_0_0_0_0,1,0.00543,0.0001512172829628503,0.1320754716981132,93.35443002090959
1_1_1_1_1_0_1_0_1_1_1_1_1_1_0_0_0_1_1_1_0_0_0,1,0.00536,0.00023508863576673935,0.16981132075471697,117.70830494500517
1_1_1_1_1_0_1_0_0_0_0_1_0_1_1_0_1_1_1_1_0_0_0,1,0.005350000000000001,0.00022759613353482084,0.16981132075471697,116.4195468300877
1_0_1_1_1_1_1_1_0_0_0_0_1_1_0_0_0_1_0_0_0_0_0,1,0.005326666666666667,0.0001673983937265295,0.1320754716981132,97.61243084864861
0_0_0_0_0_1_0_1_0_0_0_0_0_0_1_1_1_0_0_0_1_1_1,1,0.005203333333333333,0.0001715290710702482,0.16981132075471697,114.93940648796467
0_0_0_0_0_0_0_0_1_1_1_1_0_0_1_0_1_0_0_0_1_1_1,1,0.00505,0.00024166091947189127,0.1509433962264151,92.3946252144723
1_1_1_1_1_1_1_1_0_0_0_0_1_1_0_1_0_1_1_1_0_0_0,1,0.0048,0.0001451436070471816,0.1509433962264151,89.2480105393064
1_1_1_1_1_1_1_1_1_1_1_0_0_1_1_1_1_1_1_1_0_0_0,1,0.004746666666666666,0.00033806639716021616,0.1509433962264151,91.94127534754642
0_0_0_0_0_0_0_0_0_0_0_1_1_0_0_0_0_0_0_0_1_1_1,1,0.004719999999999999,0.00015577761927397234,0.1509433962264151,92.76029659162464
0_1_0_1_1_0_1_0_1_1_1_1_0_1_1_0_1_0_1_1_0_0_0,1,0.004476666666666667,0.00021791945504908206,0.11320754716981132,75.00382332985588
1_1_1_0_0_0_1_0_1_1_1_1_0_1_1_0_1_1_1_1_1_1_1,1,0.0042899999999999995,0.00015937377450509217,0.18867924528301888,105.2823014056649
1_0_1_0_0_1_0_1_1_1_1_0_0_0_1_1_1_1_0_0_1_1_1,1,0.0042833333333333334,6.944222218666553e-5,0.11320754716981132,76.14864127676634
0_1_0_1_1_0_1_0_0_0_0_1_1_1_0_0_0_0_1_1_0_0_0,1,0.004273333333333333,0.0003350953429829917,0.11320754716981132,75.41644283384852
0_0_0_1_1_1_0_1_1_1_1_0_0_0_1_1_1_0_0_0_0_0_0,1,0.00426,0.00011775681155103826,0.18867924528301888,103.26818433453506
0_0_0_1_1_1_0_1_0_0_0_0_1_0_0_1_0_0_0_0_0_0_0,1,0.004206666666666667,0.00013597385369580755,0.18867924528301888,102.26295342267049
1_1_1_0_0_0_1_0_0_0_0_1_1_1_0_0_0_1_1_1_1_1_1,1,0.00419,0.0002566450207322688,0.18867924528301888,99.91394665951186
1_0_1_0_0_1_0_1_0_0_0_0_1_0_0_1_0_1_0_0_1_1_1,1,0.00402,7.874007874011799e-5,0.11320754716981132,77.31847545233568
0_1_0_0_0_0_0_0_0_0_0_0_1_0_0_1_0_0_1_1_1_1_1,1,0.0038166666666666666,0.00010964589468932328,0.1320754716981132,93.20272525524597
1_0_1_1_1_1_1_1_1_1_1_1_0_1_1_0_1_1_0_0_0_0_0,1,0.00379,0.0003128364855106682,0.1320754716981132,93.58976953401974
0_1_0_0_0_0_0_0_1_1_1_0_0_0_1_1_1_0_1_1_1_1_1,1,0.0037166666666666667,4.988876515698582e-5,0.1320754716981132,88.24516905588938
1_0_1_1_1_1_1_1_0_0_0_1_1_1_0_0_0_1_0_0_0_0_0,1,0.003586666666666667,0.00021202725191719,0.1320754716981132,89.51471457363645
0_0_0_0_0_1_0_1_1_1_1_1_0_0_1_0_1_0_0_0_1_1_1,1,0.0033033333333333335,0.00024239545283597118,0.1320754716981132,79.40475361226238
1_1_1_1_1_0_1_0_0_0_0_0_1_1_0_1_0_1_1_1_0_0_0,1,0.0032999999999999995,7.788880963698599e-5,0.1320754716981132,80.09743803400595
0_0_0_0_0_1_0_1_0_0_0_1_1_0_0_0_0_0_0_0_1_1_1,1,0.0032033333333333336,4.988876515698582e-5,0.1320754716981132,80.57924753021241
1_0_1_1_1_1_1_1_0_1_1_0_1_1_0_1_0_1_0_0_0_0_0,1,0.0030733333333333337,0.0001040299102288483,0.16981132075471697,102.85534654088748
1_1_1_1_1_0_1_0_1_1_1_0_0_1_1_1_1_1_1_1_0_0_0,1,0.00303,5.354126134736332e-5,0.1320754716981132,79.73870730375751
1_0_1_1_1_1_1_1_1_0_0_0_0_1_1_1_1_1_0_0_0_0_0,1,0.0030033333333333335,0.00031116269413639894,0.16981132075471697,103.77201756123326
0_1_0_0_0_0_0_0_1_0_0_1_0_0_1_0_1_0_1_1_1_1_1,1,0.002983333333333333,4.189935029992189e-5,0.16981132075471697,103.95015692791382
1_0_1_1_1_1_1_1_1_1_1_0_1_1_0_1_0_1_0_0_0_0_0,1,0.002933333333333333,0.0001519502842672198,0.16981132075471697,103.83990068303683
0_1_0_0_0_0_0_0_0_1_1_1_1_0_0_0_0_0_1_1_1_1_1,1,0.002903333333333333,0.00012762793146051094,0.16981132075471697,104.11686257848275
1_0_1_1_1_1_1_1_0_0_0_0_0_1_1_1_1_1_0_0_0_0_0,1,0.002813333333333333,0.00010338708279513875,0.16981132075471697,102.94476319207003
0_1_0_0_0_0_0_0_1_1_1_1_1_0_0_0_0_0_1_1_1_1_1,1,0.0027966666666666665,4.189935029992189e-5,0.16981132075471697,102.18808282237956
0_0_0_1_0_1_1_1_1_1_1_0_0_1_1_1_1_0_0_0_1_1_1,1,0.002793333333333333,5.3124591501697565e-5,0.24528301886792453,96.76018127631032
0_1_0_0_0_0_0_0_0_0_0_1_0_0_1_0_1_0_1_1_1_1_1,1,0.002776666666666667,9.46337971105225e-5,0.16981132075471697,102.56665113136314
1_1_1_1_0_0_1_0_0_0_0_1_1_1_0_0_0_1_1_1_1_1_1,1,0.00265,0.00013638181696985855,0.24528301886792453,100.38629438118834
1_1_1_0_1_0_0_0_0_0_0_1_1_0_0_0_0_1_1_1_0_0_0,1,0.002643333333333333,3.29983164553723e-5,0.24528301886792453,98.63083710619617
1_0_1_0_0_1_0_1_1_1_1_1_0_0_1_1_1_1_0_0_1_1_1,1,0.0026200000000000004,0.00011775681155103792,0.11320754716981132,71.91086498243266
0_0_0_1_0_1_1_1_0_0_0_0_1_1_0_1_0_0_0_0_1_1_1,1,0.00261,6.480740698407863e-5,0.24528301886792453,98.56986033000625
0_0_0_0_0_1_1_1_0_0_0_0_1_1_0_1_0_0_0_0_1_1_1,1,0.002596666666666667,8.219218670625305e-5,0.22641509433962265,96.21670604707997
1_1_1_0_1_0_0_0_1_1_1_1_0_0_1_0_1_1_1_1_0_0_0,1,0.0025766666666666668,0.00016131404843417152,0.24528301886792453,98.43682795698925
0_1_0_1_1_0_1_0_0_0_0_0_1_1_0_0_0_0_1_1_0_0_0,1,0.0025599999999999998,0.00012355835328567086,0.11320754716981132,72.8301508137665
1_1_1_1_1_0_0_0_0_0_0_1_1_0_0_0_0_1_1_1_0_0_0,1,0.00255,0.00011045361017187274,0.22641509433962265,98.7479316010714
0_0_0_0_1_1_0_1_0_0_0_0_1_0_0_1_0_0_0_0_0_0_0,1,0.0025499999999999997,9.201449161228178e-5,0.24528301886792453,99.1605498780832
1_1_1_1_1_1_1_1_0_0_0_0_1_1_0_0_0_1_0_1_0_0_0,1,0.0025466666666666667,6.548960901462833e-5,0.1509433962264151,74.40633752349129
1_1_1_1_1_1_1_1_0_1_1_1_1_1_0_1_0_1_1_1_0_0_0,1,0.00254,5.715476066494077e-5,0.20754716981132076,92.2430480007273
0_1_0_1_1_0_1_0_1_1_1_0_0_1_1_0_1_0_1_1_0_0_0,1,0.00254,0.00017907168024751066,0.11320754716981132,73.48794468335538
1_1_1_1_0_0_1_0_1_1_1_1_0_1_1_0_1_1_1_1_1_1_1,1,0.0025266666666666666,2.494438257849301e-5,0.24528301886792453,94.45894841269842
0_0_0_0_1_1_0_1_1_1_1_0_0_0_1_1_1_0_0_0_0_0_0,1,0.002506666666666666,0.00014974051630144134,0.24528301886792453,95.48992870131265
1_1_1_1_1_0_0_0_1_1_1_1_0_0_1_0_1_1_1_1_0_0_0,1,0.0024866666666666665,0.00016357125528513737,0.22641509433962265,99.523599546129
0_0_0_1_1_0_0_0_1_1_1_0_0_0_1_0_1_0_0_0_0_0_0,1,0.00248,8.286535263104023e-5,0.22641509433962265,84.79240761616514
1_1_1_1_1_1_1_1_1_1_1_0_0_1_1_0_1_1_0_1_0_0_0,1,0.00248,1.6329931618554564e-5,0.1509433962264151,71.85408165049392
1_1_1_0_0_1_1_1_1_1_1_1_0_1_1_1_1_1_1_1_1_1_1,1,0.0024566666666666665,6.018490028422612e-5,0.22641509433962265,84.27737003553568
0_0_0_0_0_1_1_1_1_1_1_0_0_1_1_1_1_0_0_0_1_1_1,1,0.0024233333333333333,0.00010780641085864163,0.22641509433962265,93.73045474578835
1_1_1_1_1_1_1_1_1_1_1_1_1_1_0_1_0_1_1_1_0_0_0,1,0.0024,7.874007874011811e-5,0.20754716981132076,95.18559451966871
1_1_1_1_1_1_1_1_0_0_0_1_0_1_1_1_1_1_1_1_0_0_0,1,0.0023933333333333337,8.993825042154698e-5,0.20754716981132076,94.19724432655467
1_1_1_1_1_1_1_1_1_0_0_1_0_1_1_1_1_1_1_1_0_0_0,1,0.0023866666666666667,4.7842333648024336e-5,0.20754716981132076,92.7812289682729
1_1_1_0_0_1_1_1_0_0_0_1_1_1_0_1_0_1_1_1_1_1_1,1,0.0023833333333333332,9.03081145609605e-5,0.22641509433962265,87.75725220223553
0_0_0_0_0_0_0_0_1_0_0_0_0_0_1_0_1_0_0_0_1_1_1,1,0.002363333333333333,0.00011813363431112911,0.20754716981132076,95.9546815966515
0_0_0_0_0_0_0_0_1_1_1_0_1_0_0_0_0_0_0_0_1_1_1,1,0.0023599999999999997,0.00016391054470858983,0.20754716981132076,96.24993441863029
1_0_1_0_0_1_0_1_0_0_0_1_1_0_0_1_0_1_0_0_1_1_1,1,0.00233,5.0990195135927786e-5,0.11320754716981132,71.54584377610693
0_0_0_0_0_0_0_0_0_0_0_0_0_0_1_0_1_0_0_0_1_1_1,1,0.002296666666666667,7.133644853010899e-5,0.20754716981132076,95.52020091795299
0_0_0_0_0_0_0_0_0_1_1_0_1_0_0_0_0_0_0_0_1_1_1,1,0.00229,3.559026084010446e-5,0.20754716981132076,95.10132058629193
0_0_0_0_0_0_0_0_1_1_1_1_0_0_1_1_1_0_1_0_1_1_1,1,0.0022833333333333334,6.649979114419999e-5,0.1509433962264151,75.01699880360722
0_0_0_1_1_0_0_0_0_0_0_0_1_0_0_0_0_0_0_0_0_0_0,1,0.0022666666666666664,6.548960901462834e-5,0.22641509433962265,86.22260596384346
0_0_0_0_0_0_0_0_0_0_0_1_1_0_0_1_0_0_1_0_1_1_1,1,0.0022533333333333333,0.00023012074125457595,0.1509433962264151,74.15559227005402
1_1_1_1_1_0_1_0_1_0_0_0_0_1_1_0_1_1_1_1_0_0_0,1,0.0022366666666666668,0.00015965240019770718,0.16981132075471697,109.28837353947308
1_1_1_1_1_0_1_0_0_1_1_0_1_1_0_0_0_1_1_1_0_0_0,1,0.00202,0.0001061445555206044,0.16981132075471697,106.31397886927859
0_0_0_0_0_1_0_1_0_0_0_1_0_0_1_1_1_0_0_0_1_1_1,1,0.002,5.6568542494923845e-5,0.16981132075471697,107.56535947712418
0_0_0_0_0_1_0_1_1_0_0_1_0_0_1_1_1_0_0_0_1_1_1,1,0.001996666666666667,3.091206165165242e-5,0.16981132075471697,110.10953820075946
0_0_0_0_0_1_0_1_0_1_1_1_1_0_0_1_0_0_0_0_1_1_1,1,0.001983333333333333,1.2472191289246504e-5,0.16981132075471697,105.97949033482028
0_0_0_0_0_1_0_1_1_1_1_1_1_0_0_1_0_0_0_0_1_1_1,1,0.001956666666666667,7.408703590297623e-5,0.16981132075471697,107.95880330190043
1_0_1_0_0_1_0_1_0_0_0_1_1_0_0_1_0_1_1_0_1_1_1,1,0.0019499999999999997,4.320493798938575e-5,0.1320754716981132,71.6446641123324
1_1_1_1_1_0_1_0_1_1_1_0_1_1_0_0_0_1_1_1_0_0_0,1,0.0019,8.602325267042632e-5,0.16981132075471697,110.90414330464081
1_1_1_1_1_0_1_0_0_0_0_0_0_1_1_0_1_1_1_1_0_0_0,1,0.001896666666666667,9.463379711052265e-5,0.16981132075471697,106.04300185072299
0_1_0_1_1_0_1_0_0_0_0_1_1_1_0_1_0_0_1_1_0_0_0,1,0.0018866666666666667,5.436502143433368e-5,0.1320754716981132,74.20493685133765
0_1_0_1_1_0_1_0_1_1_1_0_0_1_1_0_1_0_0_1_0_0_0,1,0.00188,0.00012027745701779154,0.1320754716981132,73.74729628115648
0_1_0_1_1_0_1_0_1_1_1_1_0_1_1_1_1_0_1_1_0_0_0,1,0.0018766666666666665,7.408703590297625e-5,0.1320754716981132,69.79894038347756
1_0_1_0_0_1_0_1_1_1_1_0_0_0_1_0_1_1_0_0_1_1_1,1,0.0018566666666666668,7.039570693980958e-5,0.1320754716981132,74.5423425567539
0_1_0_1_1_0_1_0_0_0_0_0_1_1_0_0_0_0_0_1_0_0_0,1,0.0018400000000000003,0.00010677078252031314,0.1320754716981132,75.54917175497606
1_0_1_0_0_1_0_1_0_0_0_0_1_0_0_0_0_1_0_0_1_1_1,1,0.0018266666666666668,1.2472191289246504e-5,0.1320754716981132,74.34759473582655
1_1_1_0_0_0_1_0_1_1_1_0_0_1_1_0_1_1_1_1_1_1_1,1,0.0017966666666666667,3.399346342395189e-5,0.18867924528301888,90.20223668491036
1_0_1_0_0_1_0_1_1_1_1_1_0_0_1_1_1_1_1_0_1_1_1,1,0.0017933333333333334,0.00016213848676020418,0.1320754716981132,73.47189098598717
0_0_0_1_1_1_0_1_1_1_1_1_0_0_1_1_1_0_0_0_0_0_0,1,0.00171,9.899494936611664e-5,0.18867924528301888,90.52816010633735
0_0_0_1_1_1_0_1_0_0_0_1_1_0_0_1_0_0_0_0_0_0_0,1,0.00164,0.00013441230102437306,0.18867924528301888,91.66112206143936
1_1_1_0_0_0_1_0_0_0_0_0_1_1_0_0_0_1_1_1_1_1_1,1,0.0016066666666666666,0.00011145502331533662,0.18867924528301888,92.51805111885763
0_0_0_1_0_0_1_0_1_1_1_0_0_1_1_0_1_0_0_0_1_1_1,1,0.0015666666666666667,7.03957069398096e-5,0.2830188679245283,84.93988250034126
0_0_0_1_0_0_1_0_0_0_0_0_1_1_0_0_0_0_0_0_1_1_1,1,0.0015266666666666666,0.00011440668201153679,0.2830188679245283,83.80885369595711
1_0_1_1_1_1_1_1_1_0_0_1_0_1_1_1_1_1_0_0_0_0_0,1,0.0015233333333333334,0.00016213848676020415,0.16981132075471697,94.47883597883599
1_1_1_0_1_1_0_1_0_0_0_1_1_0_0_1_0_1_1_1_0_0_0,1,0.0015233333333333331,0.0001472714802291634,0.2830188679245283,77.44389794697683
1_1_1_1_1_1_1_1_0_1_1_0_1_1_0_1_0_1_0_1_0_0_0,1,0.00151,7.118052168020872e-5,0.18867924528301888,85.60719002536014
0_0_0_0_1_0_0_0_1_1_1_0_0_0_1_0_1_0_0_0_0_0_0,1,0.0015066666666666666,0.00011614167593456231,0.2830188679245283,83.54994502720328
1_1_1_1_0_1_1_1_1_1_1_1_0_1_1_1_1_1_1_1_1_1_1,1,0.0015033333333333333,0.00011469767022723506,0.2830188679245283,80.23612304893841
1_1_1_0_1_1_0_1_1_1_1_1_0_0_1_1_1_1_1_1_0_0_0,1,0.0014866666666666667,1.8856180831641318e-5,0.2830188679245283,83.06149162861492
0_0_0_1_1_0_0_0_1_1_1_1_0_0_1_0_1_0_1_0_0_0_0,1,0.0014799999999999998,0.00012083045973594573,0.20754716981132076,80.96192264924922
0_1_0_0_0_0_0_0_0_1_1_0_1_0_0_0_0_0_1_1_1_1_1,1,0.0014766666666666667,3.091206165165242e-5,0.16981132075471697,93.40708052606719
1_1_1_1_1_1_0_1_0_0_0_1_1_0_0_1_0_1_1_1_0_0_0,1,0.0014666666666666667,3.299831645537222e-5,0.2641509433962264,82.04962837821405
1_1_1_1_1_1_1_1_0_0_0_0_0_1_1_1_1_1_0_1_0_0_0,1,0.0014666666666666665,7.408703590297625e-5,0.18867924528301888,86.62189314343777
0_0_0_0_0_0_1_0_1_1_1_0_0_1_1_0_1_0_0_0_1_1_1,1,0.0014566666666666669,3.29983164553722e-5,0.2641509433962264,82.78065299341895
0_0_0_0_1_0_0_0_0_0_0_0_1_0_0_0_0_0_0_0_0_0_0,1,0.00145,7.25718035235908e-5,0.2830188679245283,82.61216479637532
1_0_1_1_1_1_1_1_0_1_1_1_1_1_0_1_0_1_0_0_0_0_0,1,0.0014466666666666666,0.00012036980056845188,0.16981132075471697,92.40363247863247
1_1_1_1_1_1_1_1_1_1_1_0_1_1_0_1_0_1_0_1_0_0_0,1,0.0014433333333333331,0.00012814921857827387,0.18867924528301888,83.73355187903549
0_0_0_0_0_0_0_0_1_0_0_1_0_0_1_0_1_0_1_0_1_1_1,1,0.0014433333333333331,0.00010338708279513882,0.18867924528301888,85.934592677093
1_1_1_1_1_1_0_1_1_1_1_1_0_0_1_1_1_1_1_1_0_0_0,1,0.0014266666666666666,3.681787005729088e-5,0.2641509433962264,82.52195699400669
0_0_0_0_0_0_0_0_0_1_1_1_1_0_0_0_0_0_1_0_1_1_1,1,0.00142,6.48074069840786e-5,0.18867924528301888,86.75062521077801
0_0_0_0_0_0_0_0_1_1_1_1_1_0_0_0_0_0_1_0_1_1_1,1,0.00141,2.943920288775957e-5,0.18867924528301888,86.37160690555879
0_0_0_0_0_0_1_0_0_0_0_0_1_1_0_0_0_0_0_0_1_1_1,1,0.0014099999999999998,7.118052168020874e-5,0.2641509433962264,85.269338690991
1_1_1_0_0_1_1_1_0_0_0_0_1_1_0_1_0_1_0_1_1_1_1,1,0.0014,7.257180352359082e-5,0.20754716981132076,80.86461157889728
1_1_1_1_0_1_1_1_0_0_0_1_1_1_0_1_0_1_1_1_1_1_1,1,0.0013933333333333334,3.091206165165233e-5,0.2830188679245283,81.95385816342764
0_1_0_1_1_0_1_0_1_1_1_0_0_1_1_1_1_0_1_1_0_0_0,1,0.0013833333333333334,2.494438257849291e-5,0.1320754716981132,69.96742086236448
0_0_0_1_1_0_0_0_0_0_0_1_1_0_0_0_0_0_1_0_0_0_0,1,0.00138,9.416297927883695e-5,0.20754716981132076,77.99584525138566
0_0_0_0_0_0_0_0_0_0_0_1_0_0_1_0_1_0_1_0_1_1_1,1,0.0013733333333333334,0.0001249888883950179,0.18867924528301888,87.55483330986688
1_0_1_0_0_1_0_1_1_1_1_1_0_0_1_0_1_1_0_0_1_1_1,1,0.0013666666666666664,0.00010402991022884824,0.1320754716981132,73.2530764882376
1_1_1_1_1_1_1_1_1_0_0_0_0_1_1_1_1_1_0_1_0_0_0,1,0.0013666666666666664,0.00012364824660660937,0.18867924528301888,89.86317386317387
0_1_0_0_0_0_0_0_1_0_0_0_0_0_1_0_1_0_1_1_1_1_1,1,0.00136,0.00010708252269472675,0.16981132075471697,89.0962791016248
0_1_0_1_1_0_1_0_0_0_0_0_1_1_0_1_0_0_1_1_0_0_0,1,0.0013433333333333333,0.00010338708279513889,0.1320754716981132,73.326172395417
1_0_1_1_1_1_1_1_0_0_0_1_0_1_1_1_1_1_0_0_0_0_0,1,0.00134,7.118052168020876e-5,0.16981132075471697,99.94764957264958
1_1_1_0_0_1_1_1_1_1_1_0_0_1_1_1_1_1_0_1_1_1_1,1,0.0013366666666666666,3.299831645537221e-5,0.20754716981132076,77.95309622998411
0_1_0_0_0_0_0_0_0_0_0_0_0_0_1_0_1_0_1_1_1_1_1,1,0.0013333333333333333,7.408703590297621e-5,0.16981132075471697,93.75836533652092
1_0_1_0_0_1_0_1_0_0_0_1_1_0_0_0_0_1_0_0_1_1_1,1,0.0012766666666666666,4.784233364802444e-5,0.1320754716981132,69.38659320477502
0_1_0_0_0_0_0_0_1_1_1_0_1_0_0_0_0_0_1_1_1_1_1,1,0.0012166666666666667,0.00015923427883328254,0.16981132075471697,93.2367802906151
1_0_1_0_0_1_1_1_0_0_0_0_1_1_0_1_0_1_0_0_1_1_1,1,0.0012133333333333334,9.104333522498447e-5,0.18867924528301888,71.5677625035702
1_0_1_1_1_1_1_1_1_1_1_1_1_1_0_1_0_1_0_0_0_0_0,1,0.0012033333333333334,3.7712361663282534e-5,0.16981132075471697,94.25921998350418
1_1_1_0_1_0_0_0_0_0_0_0_1_0_0_0_0_1_1_1_0_0_0,1,0.0011866666666666666,7.408703590297623e-5,0.24528301886792453,86.47102827742863
0_1_0_1_1_0_0_0_1_1_1_1_0_0_1_0_1_0_1_1_0_0_0,1,0.00117,0.00017568911937472582,0.18867924528301888,75.79213353455168
0_1_0_0_0_0_0_0_1_0_0_0_0_0_1_0_1_0_0_1_1_1_1,1,0.00116,9.416297927883696e-5,0.18867924528301888,84.12000583260426
1_1_1_1_1_0_1_0_1_0_0_0_0_1_1_0_1_1_0_1_0_0_0,1,0.00116,6.164414002968976e-5,0.18867924528301888,74.12370523823616
0_0_0_0_0_1_0_1_0_1_1_1_1_0_0_1_0_0_1_0_1_1_1,1,0.0011366666666666667,9.28559218478941e-5,0.18867924528301888,77.21197448075013
1_1_1_1_1_0_1_0_0_1_1_0_1_1_0_0_0_1_0_1_0_0_0,1,0.00113,6.377042156569669e-5,0.18867924528301888,71.65809551402772
0_1_0_1_1_0_0_0_0_0_0_1_1_0_0_0_0_0_1_1_0_0_0,1,0.00113,2.8284271247461872e-5,0.18867924528301888,76.2345432788193
1_1_1_1_1_0_1_0_1_1_1_0_1_1_0_0_0_1_0_1_0_0_0,1,0.00111,9.416297927883687e-5,0.18867924528301888,73.42648435575265
1_1_1_1_1_0_1_0_0_0_0_0_0_1_1_0_1_1_0_1_0_0_0,1,0.0011,7.071067811865474e-5,0.18867924528301888,74.72222222222223
0_0_0_0_0_1_0_1_1_0_0_0_0_0_1_0_1_0_0_0_1_1_1,1,0.0010933333333333333,9.104333522498438e-5,0.18867924528301888,79.3722468265562
1_1_1_1_1_0_1_0_0_1_1_1_1_1_0_1_0_1_1_1_0_0_0,1,0.00109,7.25718035235908e-5,0.18867924528301888,83.4415273423894
1_0_1_1_1_1_1_1_0_0_0_0_0_1_1_0_1_1_0_0_0_0_0,1,0.0010833333333333335,3.681787005729088e-5,0.18867924528301888,90.37110573246265
1_1_1_0_0_0_1_0_1_1_1_0_0_1_1_0_1_1_0_1_1_1_1,1,0.00107,5.887840577551896e-5,0.20754716981132076,73.5379674613424
0_1_0_0_0_0_0_0_0_0_0_1_0_0_1_1_1_0_1_1_1_1_1,1,0.00107,0.00010424330514074593,0.18867924528301888,85.4697549579999
0_0_0_0_0_1_0_1_0_1_1_0_1_0_0_0_0_0_0_0_1_1_1,1,0.00107,2.1602468994692922e-5,0.18867924528301888,77.53369577528599
0_0_0_0_0_1_1_1_0_0_0_1_1_1_0_1_0_0_0_0_1_1_1,1,0.0010566666666666667,0.00013695092389449424,0.22641509433962265,81.18830891662145
0_0_0_0_0_1_0_1_1_0_0_1_0_0_1_1_1_0_1_0_1_1_1,1,0.0010566666666666667,2.0548046676563216e-5,0.18867924528301888,73.21599962910948
1_1_1_1_0_0_1_0_0_0_0_0_1_1_0_0_0_1_1_1_1_1_1,1,0.0010533333333333334,5.2493385826745445e-5,0.24528301886792453,83.27954144620811
0_0_0_1_0_1_1_1_0_0_0_1_1_1_0_1_0_0_0_0_1_1_1,1,0.00105,9.201449161228172e-5,0.24528301886792453,85.825732564863
0_0_0_0_0_1_0_1_0_0_0_0_0_0_1_0_1_0_0_0_1_1_1,1,0.00105,0.00010708252269472675,0.18867924528301888,80.38197178384094
0_1_0_0_0_0_0_0_1_0_0_1_0_0_1_1_1_0_1_1_1_1_1,1,0.00105,0.00013063945294843616,0.18867924528301888,87.92405891690878
1_0_1_1_1_1_1_1_1_1_1_1_1_1_0_1_0_1_1_0_0_0_0,1,0.0010466666666666669,5.5577773335110216e-5,0.18867924528301888,86.70827457541014
0_0_0_0_1_1_0_1_0_0_0_1_1_0_0_1_0_0_0_0_0_0_0,1,0.0010433333333333334,0.00010624918300339487,0.24528301886792453,89.2063492063492
0_0_0_0_1_1_0_1_1_1_1_1_0_0_1_1_1_0_0_0_0_0_0,1,0.0010366666666666669,0.00012283683848458854,0.24528301886792453,87.21695159830752
0_0_0_0_0_1_0_1_1_1_1_1_1_0_0_1_0_0_1_0_1_1_1,1,0.0010366666666666666,0.00010498677165349082,0.18867924528301888,74.55912004935782
0_0_0_0_0_1_1_1_1_1_1_1_0_1_1_1_1_0_0_0_1_1_1,1,0.0010366666666666666,8.73053390247253e-5,0.22641509433962265,85.72618382582327
1_0_1_0_0_1_1_1_1_1_1_0_0_1_1_1_1_1_0_0_1_1_1,1,0.0010299999999999999,8.04155872120988e-5,0.18867924528301888,79.49232251119044
0_0_0_0_0_1_0_1_0_0_0_1_0_0_1_1_1_0_1_0_1_1_1,1,0.0010266666666666666,3.399346342395189e-5,0.18867924528301888,76.75158960536318
1_1_1_1_0_0_1_0_1_1_1_0_0_1_1_0_1_1_1_1_1_1_1,1,0.00102,3.265986323710904e-5,0.24528301886792453,83.43211498435852
1_1_1_1_1_0_1_0_1_0_0_1_0_1_1_1_1_1_1_1_0_0_0,1,0.0010166666666666666,1.6996731711975896e-5,0.18867924528301888,80.53300330033004
1_1_1_1_1_0_1_0_1_1_1_1_1_1_0_1_0_1_1_1_0_0_0,1,0.0010166666666666666,0.00015173075568988056,0.18867924528301888,81.80842986392894
1_1_1_1_1_0_0_0_1_1_1_0_0_0_1_0_1_1_1_1_0_0_0,1,0.0010166666666666666,8.055363982396378e-5,0.22641509433962265,86.57924987635589
1_1_1_0_1_0_0_0_1_1_1_0_0_0_1_0_1_1_1_1_0_0_0,1,0.0010133333333333333,1.8856180831641216e-5,0.24528301886792453,89.31410256410255
1_0_1_1_1_1_1_1_0_1_1_1_1_1_0_1_0_1_1_0_0_0_0,1,0.00101,7.348469228349536e-5,0.18867924528301888,89.14915404583935
1_1_1_0_0_0_1_0_0_0_0_1_1_1_0_1_0_1_1_1_1_1_1,1,0.001,8.602325267042632e-5,0.20754716981132076,73.96665284505978
1_0_1_1_1_1_1_1_1_0_0_1_0_1_1_1_1_1_1_0_0_0_0,1,0.0009966666666666668,7.717224601860154e-5,0.18867924528301888,89.34338496442099
1_0_1_1_1_1_1_1_0_0_0_1_0_1_1_1_1_1_1_0_0_0_0,1,0.0009900000000000002,5.6568542494923845e-5,0.18867924528301888,89.99822184288205
0_0_0_1_1_1_0_1_0_0_0_1_1_0_0_1_0_0_1_0_0_0_0,1,0.0009866666666666667,6.12825877028341e-5,0.20754716981132076,71.71415237452973
1_1_1_1_1_0_1_0_0_0_0_1_0_1_1_1_1_1_1_1_0_0_0,1,0.0009800000000000002,9.416297927883692e-5,0.18867924528301888,78.89354978867954
0_1_0_0_0_0_0_0_1_1_1_1_1_0_0_1_0_0_1_1_1_1_1,1,0.00098,0.00021400934559032695,0.18867924528301888,89.8312629399586
0_0_0_1_0_0_1_0_1_1_1_1_0_1_1_0_1_0_1_0_1_1_1,1,0.0009766666666666667,6.798692684790379e-5,0.2641509433962264,75.6451841321492
1_0_1_1_1_1_1_1_0_1_1_0_1_1_0_0_0_1_0_0_0_0_0,1,0.0009733333333333333,4.642796092394709e-5,0.18867924528301888,86.09761697996993
0_0_0_1_0_1_1_1_1_1_1_1_0_1_1_1_1_0_0_0_1_1_1,1,0.0009733333333333333,0.00016438437341250603,0.24528301886792453,87.59897156684815
0_1_0_0_0_0_0_0_0_1_1_0_1_0_0_0_0_0_0_1_1_1_1,1,0.0009699999999999999,2.1602468994692875e-5,0.18867924528301888,89.18998538011697
1_1_1_0_0_0_1_0_1_1_1_1_0_1_1_1_1_1_1_1_1_1_1,1,0.0009633333333333334,3.8586123009300757e-5,0.20754716981132076,73.2162742019885
1_1_1_1_1_0_0_0_0_0_0_0_1_0_0_0_0_1_1_1_0_0_0,1,0.0009533333333333334,6.236095644623239e-5,0.22641509433962265,87.01661752507614
0_0_0_0_1_0_0_0_0_0_0_1_1_0_0_0_0_0_1_0_0_0_0,1,0.00094,7.874007874011811e-5,0.2641509433962264,78.48494807680916
0_0_0_0_0_1_0_1_1_1_1_0_1_0_0_0_0_0_0_0_1_1_1,1,0.00094,6.531972647421812e-5,0.18867924528301888,81.16343750101063
0_0_0_1_1_1_0_1_1_1_1_1_0_0_1_1_1_0_1_0_0_0_0,1,0.0009366666666666667,3.299831645537221e-5,0.20754716981132076,70.6242898593129
0_1_0_0_0_0_0_0_0_1_1_1_1_0_0_1_0_0_1_1_1_1_1,1,0.0009333333333333333,0.00010338708279513882,0.18867924528301888,88.50929026903498
0_0_0_0_0_0_1_0_0_0_0_1_1_1_0_0_0_0_1_0_1_1_1,1,0.0009333333333333333,4.714045207910318e-5,0.24528301886792453,73.42962962962963
1_0_1_1_1_1_1_1_1_1_1_0_1_1_0_0_0_1_0_0_0_0_0,1,0.0009333333333333333,0.00013888444437333105,0.18867924528301888,84.56783953765085
1_1_1_0_1_1_0_1_0_0_0_0_1_0_0_1_0_1_0_1_0_0_0,1,0.0009333333333333333,0.0001049867716534908,0.2641509433962264,74.3793089626423
1_1_1_0_0_1_1_1_1_1_1_0_0_1_1_1_1_1_1_1_1_1_1,1,0.0009299999999999999,1.4142135623730936e-5,0.22641509433962265,79.61070844049567
0_0_0_1_1_1_0_1_1_1_1_0_0_0_1_0_1_0_0_0_0_0_0,1,0.0009299999999999999,4.8989794855663556e-5,0.20754716981132076,72.10829091807956
1_1_1_1_0_1_1_1_0_0_0_0_1_1_0_1_0_1_0_1_1_1_1,1,0.0009233333333333333,3.2998316455372254e-5,0.2641509433962264,78.64910271095839
0_0_0_1_1_1_0_1_0_0_0_0_1_0_0_0_0_0_0_0_0_0_0,1,0.0009166666666666666,5.436502143433364e-5,0.20754716981132076,73.15636990055594
1_1_1_0_0_0_1_0_0_0_0_0_1_1_0_0_0_1_0_1_1_1_1,1,0.0009133333333333334,5.734883511361749e-5,0.20754716981132076,69.96894409937887
0_0_0_0_1_0_0_0_1_1_1_1_0_0_1_0_1_0_1_0_0_0_0,1,0.0009133333333333334,9.463379711052262e-5,0.2641509433962264,74.40038217546444
0_0_0_0_0_0_0_0_1_0_0_1_0_0_1_0_1_0_0_0_1_1_1,1,0.0009033333333333332,8.178562764256865e-5,0.20754716981132076,85.82701465201465
1_1_1_0_0_1_1_1_0_0_0_0_1_1_0_1_0_1_1_1_1_1_1,1,0.0008966666666666667,0.00011264496832477202,0.22641509433962265,77.62375533428165
1_1_1_1_1_1_1_1_0_1_1_0_1_1_0_1_0_1_1_1_0_0_0,1,0.0008966666666666667,8.806563209081943e-5,0.20754716981132076,81.30352303523036
1_1_1_1_1_1_1_1_1_0_0_0_0_1_1_1_1_1_1_1_0_0_0,1,0.0008866666666666667,4.496912521077349e-5,0.20754716981132076,88.6141310869513
0_0_0_1_1_0_0_0_0_0_0_1_1_0_0_0_0_0_0_0_0_0_0,1,0.00088,0.00011224972160321828,0.22641509433962265,77.42727181494304
1_1_1_1_1_1_0_1_0_0_0_0_1_0_0_1_0_1_0_1_0_0_0,1,0.0008733333333333333,4.7140452079103295e-6,0.24528301886792453,75.45019157088122
0_1_0_0_0_0_0_0_1_1_1_0_1_0_0_0_0_0_0_1_1_1_1,1,0.0008733333333333333,0.00012036980056845188,0.18867924528301888,88.42393272110859
0_0_0_0_0_0_0_0_1_1_1_1_1_0_0_0_0_0_0_0_1_1_1,1,0.0008733333333333333,6.18241233033047e-5,0.20754716981132076,85.64834978706931
0_0_0_1_1_0_0_0_1_1_1_1_0_0_1_0_1_0_0_0_0_0_0,1,0.0008666666666666666,2.6246692913372692e-5,0.22641509433962265,74.89866001288094
1_1_1_1_1_1_1_1_1_1_1_0_1_1_0_1_0_1_1_1_0_0_0,1,0.00086,8.041558721209877e-5,0.20754716981132076,86.68493638271309
0_0_0_0_0_0_0_0_0_0_0_1_0_0_1_0_1_0_0_0_1_1_1,1,0.0008566666666666667,7.542472332656507e-5,0.20754716981132076,85.34700854700856
0_0_0_0_0_0_1_0_1_1_1_1_0_1_1_0_1_0_1_0_1_1_1,1,0.0008566666666666666,2.8674417556808744e-5,0.24528301886792453,78.16558003573242
1_0_1_1_1_1_1_1_1_0_0_0_0_1_1_0_1_1_0_0_0_0_0,1,0.0008533333333333332,4.1096093353126486e-5,0.18867924528301888,88.791774332472
0_1_0_1_1_0_1_0_1_0_0_1_0_1_1_0_1_0_1_1_0_0_0,1,0.0008433333333333334,8.73053390247253e-5,0.16981132075471697,66.01812330623305
0_0_0_0_0_0_0_0_0_1_1_1_1_0_0_0_0_0_0_0_1_1_1,1,0.0008366666666666667,6.649979114420003e-5,0.20754716981132076,83.89898676592225
1_1_1_0_1_1_0_1_1_1_1_0_0_0_1_1_1_1_0_1_0_0_0,1,0.0008333333333333332,4.189935029992175e-5,0.2641509433962264,77.31326309849642
0_1_0_0_0_0_0_0_0_0_0_0_0_0_1_0_1_0_0_1_1_1_1,1,0.00083,0.00015513435037626795,0.18867924528301888,89.34112631693277
1_1_1_1_0_1_1_1_1_1_1_0_0_1_1_1_1_1_0_1_1_1_1,1,0.0008266666666666666,6.34209919681348e-5,0.2641509433962264,75.22147395247197
1_1_1_1_1_1_1_1_0_0_0_0_0_1_1_1_1_1_1_1_0_0_0,1,0.0008266666666666666,8.259674462242576e-5,0.20754716981132076,82.86902295625987
1_1_1_0_0_0_1_0_0_0_0_1_0_1_1_0_1_1_1_1_1_1_1,1,0.0008200000000000001,6.480740698407859e-5,0.24528301886792453,92.54786796592259
1_1_1_1_1_1_0_1_1_1_1_0_0_0_1_1_1_1_0_1_0_0_0,1,0.00081,1.4142135623730936e-5,0.24528301886792453,77.86765462591335
0_0_0_1_0_0_1_0_0_0_0_1_1_1_0_0_0_0_1_0_1_1_1,1,0.0008033333333333333,0.00012918548250050733,0.2641509433962264,75.45057975909039
0_0_0_1_1_1_0_1_0_1_1_0_1_0_0_1_0_0_0_0_0_0_0,1,0.0007966666666666668,6.236095644623239e-5,0.24528301886792453,92.83380432353034
0_1_0_1_1_0_1_0_0_1_1_1_1_1_0_0_0_0_1_1_0_0_0,1,0.0007933333333333334,8.055363982396379e-5,0.16981132075471697,69.2642173148329
1_1_1_0_0_0_1_0_1_0_0_1_0_1_1_0_1_1_1_1_1_1_1,1,0.0007599999999999999,1.4142135623730936e-5,0.24528301886792453,99.62735042735044
1_1_1_0_0_0_1_0_0_1_1_1_1_1_0_0_0_1_1_1_1_1_1,1,0.0007566666666666667,2.054804667656327e-5,0.24528301886792453,93.26135852451641
1_1_1_0_0_0_1_0_1_1_1_1_1_1_0_0_0_1_1_1_1_1_1,1,0.0007333333333333333,4.1899350299921794e-5,0.24528301886792453,96.18247925966693
0_1_0_1_1_0_1_0_1_1_1_1_1_1_0_0_0_0_1_1_0_0_0,1,0.0007266666666666667,9.428090415820608e-6,0.16981132075471697,65.73448448448448
0_0_0_1_1_1_0_1_1_0_0_0_0_0_1_1_1_0_0_0_0_0_0,1,0.00072,2.8284271247461872e-5,0.24528301886792453,90.35903550609434
1_0_1_1_1_1_1_1_1_0_0_1_0_1_1_0_1_1_0_0_0_0_0,1,0.0007166666666666667,5.249338582674541e-5,0.18867924528301888,86.40112590596823
0_0_0_1_1_1_0_1_1_1_1_0_1_0_0_1_0_0_0_0_0_0_0,1,0.0007166666666666667,7.318166133366715e-5,0.24528301886792453,90.05193912183354
0_1_0_0_0_0_0_0_1_0_0_0_0_0_1_1_1_0_1_1_1_1_1,1,0.0007133333333333333,5.436502143433363e-5,0.18867924528301888,84.30143585868127
1_0_1_1_1_1_1_1_0_1_1_1_1_1_0_0_0_1_0_0_0_0_0,1,0.00071,7.118052168020874e-5,0.18867924528301888,82.40560729117944
1_0_1_0_0_1_0_1_0_0_0_0_0_0_1_1_1_1_0_0_1_1_1,1,0.0007,6.531972647421808e-5,0.16981132075471697,69.58619874748906
1_0_1_0_0_1_0_1_1_1_1_0_1_0_0_1_0_1_0_0_1_1_1,1,0.0007,6.531972647421808e-5,0.16981132075471697,69.41840954744181
1_0_1_0_0_1_0_1_0_1_1_0_1_0_0_1_0_1_0_0_1_1_1,1,0.0006966666666666666,2.8674417556808744e-5,0.16981132075471697,66.03888197038881
1_0_1_0_0_1_0_1_1_0_0_0_0_0_1_1_1_1_0_0_1_1_1,1,0.00069,9.273618495495704e-5,0.16981132075471697,66.14689364689364
0_0_0_1_1_1_0_1_0_0_0_0_0_0_1_1_1_0_0_0_0_0_0,1,0.0006766666666666666,8.993825042154692e-5,0.24528301886792453,92.87167566071675
1_0_1_1_0_1_1_1_0_0_0_0_1_1_0_1_0_1_0_0_1_1_1,1,0.00067,1.632993161855452e-5,0.24528301886792453,69.46337432125881
0_1_0_1_1_0_1_0_0_0_0_1_0_1_1_0_1_0_1_1_0_0_0,1,0.0006699999999999999,5.8878405775519e-5,0.16981132075471697,65.262154967073
0_0_0_1_0_1_1_1_0_0_0_1_1_1_0_1_0_0_1_0_1_1_1,1,0.0006566666666666666,5.312459150169743e-5,0.2641509433962264,67.2026051475204
1_0_1_1_1_1_1_1_1_1_1_1_1_1_0_0_0_1_0_0_0_0_0,1,0.0006399999999999999,1.4142135623730936e-5,0.18867924528301888,86.83742183742184
1_0_1_0_0_1_1_1_1_1_1_1_0_1_1_1_1_1_0_0_1_1_1,1,0.0006366666666666666,5.557777333511023e-5,0.18867924528301888,70.7283236087584
0_0_0_0_0_1_0_1_1_0_0_1_0_0_1_0_1_0_0_0_1_1_1,1,0.0006333333333333333,4.109609335312653e-5,0.18867924528301888,67.83003718728871
1_0_1_1_1_1_1_1_0_0_0_1_0_1_1_0_1_1_0_0_0_0_0,1,0.00063,5.7154760664940834e-5,0.18867924528301888,83.21693121693123
1_0_1_0_1_1_0_1_1_1_1_0_0_0_1_1_1_1_0_0_0_0_0,1,0.00063,2.943920288775948e-5,0.24528301886792453,70.2711168892313
1_1_1_1_1_0_1_0_1_0_0_0_0_1_1_1_1_1_1_1_0_0_0,1,0.0006266666666666668,2.6246692913372692e-5,0.18867924528301888,71.62950890916993
0_0_0_0_0_1_0_1_0_1_1_1_1_0_0_0_0_0_0_0_1_1_1,1,0.0006266666666666666,6.34209919681348e-5,0.18867924528301888,70.00660638341797
0_1_0_0_0_0_0_0_0_0_0_0_0_0_1_1_1_0_1_1_1_1_1,1,0.0006233333333333334,5.906681715556451e-5,0.18867924528301888,86.56766671692044
1_0_1_1_1_1_0_1_1_1_1_0_0_0_1_1_1_1_0_0_0_0_0,1,0.0006233333333333334,5.557777333511023e-5,0.22641509433962265,69.95572263993317
1_0_1_1_1_1_0_1_0_0_0_0_1_0_0_1_0_1_0_0_0_0_0,1,0.0006233333333333334,3.091206165165234e-5,0.22641509433962265,65.63712975243148
0_0_0_0_0_0_1_0_0_0_0_1_1_1_0_0_0_0_0_0_1_1_1,1,0.0006166666666666667,7.930251502246879e-5,0.2641509433962264,80.87783029878618
0_0_0_0_1_1_0_1_1_1_1_1_0_0_1_1_1_0_1_0_0_0_0,1,0.0006166666666666666,4.189935029992181e-5,0.2641509433962264,68.08201058201058
0_0_0_0_0_1_1_1_1_1_1_1_0_1_1_1_1_0_1_0_1_1_1,1,0.0006133333333333334,6.798692684790384e-5,0.24528301886792453,68.65384615384615
1_0_1_0_0_1_1_1_0_0_0_1_1_1_0_1_0_1_0_0_1_1_1,1,0.0006133333333333334,4.9216076867444665e-5,0.18867924528301888,73.72843991187756
0_1_0_1_1_0_0_0_0_0_0_0_1_0_0_0_0_0_1_1_0_0_0,1,0.00061,3.265986323710904e-5,0.18867924528301888,70.598379091908
0_1_0_1_0_0_1_0_1_1_1_1_0_1_1_0_1_0_1_1_1_1_1,1,0.0006066666666666667,8.219218670625301e-5,0.24528301886792453,64.99354838709678
1_1_1_1_0_1_1_1_0_0_0_0_1_1_0_1_0_1_1_1_1_1_1,1,0.0006033333333333334,8.73053390247253e-5,0.2830188679245283,74.94130794080083
0_0_0_0_1_1_0_1_1_1_1_0_0_0_1_0_1_0_0_0_0_0_0,1,0.0006033333333333333,4.496912521077346e-5,0.2641509433962264,69.06565656565657
0_0_0_1_0_1_1_1_1_1_1_0_0_1_1_0_1_0_0_0_1_1_1,1,0.0006,9.93310961716756e-5,0.2641509433962264,69.14286080952746
0_1_0_0_0_0_0_0_0_1_1_0_1_0_0_1_0_0_1_1_1_1_1,1,0.0005966666666666667,9.672412085697939e-5,0.18867924528301888,76.67971080041166
0_0_0_0_0_1_1_1_0_0_0_1_1_1_0_1_0_0_1_0_1_1_1,1,0.0005966666666666667,6.847546194724712e-5,0.24528301886792453,63.031089743589746
0_0_0_0_1_1_0_1_0_0_0_1_1_0_0_1_0_0_1_0_0_0_0,1,0.0005966666666666667,8.178562764256867e-5,0.2641509433962264,63.623923025331486
0_0_0_0_0_1_0_1_0_0_0_1_0_0_1_0_1_0_0_0_1_1_1,1,0.0005966666666666667,7.760297817881874e-5,0.18867924528301888,66.43140096618357
1_1_1_1_0_0_1_0_0_0_0_0_1_1_0_0_0_1_0_1_1_1_1,1,0.0005933333333333333,5.436502143433364e-5,0.2641509433962264,64.333123160992
0_1_0_0_0_0_0_0_1_1_1_0_1_0_0_1_0_0_1_1_1_1_1,1,0.0005899999999999999,5.099019513592785e-5,0.18867924528301888,77.46765904660641
0_1_0_0_0_0_1_0_0_0_0_1_1_1_0_0_0_0_1_1_1_1_1,1,0.0005899999999999999,5.8878405775519e-5,0.22641509433962265,69.18163238754919
1_0_1_1_0_1_1_1_1_1_1_0_0_1_1_1_1_1_0_0_1_1_1,1,0.0005866666666666667,2.624669291337267e-5,0.24528301886792453,64.9828614008942
0_1_0_1_1_0_0_0_1_1_1_0_0_0_1_0_1_0_1_1_0_0_0,1,0.0005866666666666667,9.809292646374776e-5,0.18867924528301888,75.4666935336647
1_1_1_1_1_0_0_0_1_1_1_0_0_0_1_0_1_1_0_1_0_0_0,1,0.0005833333333333333,5.557777333511023e-5,0.24528301886792453,64.96518418688231
1_1_1_1_1_0_0_0_0_0_0_0_1_0_0_0_0_1_0_1_0_0_0,1,0.00058,9.899494936611667e-5,0.24528301886792453,67.95676541518615
0_0_0_1_0_0_1_0_1_1_1_1_0_1_1_0_1_0_0_0_1_1_1,1,0.0005799999999999999,4.9665548085837775e-5,0.2830188679245283,77.31092930738309
1_1_1_1_0_1_1_1_1_1_1_0_0_1_1_1_1_1_1_1_1_1_1,1,0.0005799999999999999,3.559026084010438e-5,0.2830188679245283,71.51647426647428
0_0_0_0_1_0_0_0_0_0_0_1_1_0_0_0_0_0_0_0_0_0_0,1,0.0005799999999999999,4.242640687119286e-5,0.2830188679245283,69.75725094577554
1_1_1_0_1_1_0_1_1_1_1_0_0_0_1_1_1_1_1_1_0_0_0,1,0.0005766666666666667,6.798692684790379e-5,0.2830188679245283,77.55165349721979
0_1_0_0_0_0_1_0_1_1_1_1_0_1_1_0_1_0_1_1_1_1_1,1,0.0005766666666666666,9.843215373488933e-5,0.22641509433962265,65.87335898905538
0_1_0_1_0_0_1_0_0_0_0_1_1_1_0_0_0_0_1_1_1_1_1,1,0.0005733333333333334,7.84573486395988e-5,0.24528301886792453,66.06623392234644
1_1_1_1_1_1_0_1_0_0_0_0_1_0_0_1_0_1_1_1_0_0_0,1,0.0005733333333333334,7.408703590297624e-5,0.2641509433962264,73.0372372829729
0_1_0_0_1_0_0_0_1_1_1_1_0_0_1_0_1_0_1_1_0_0_0,1,0.00057,6.976149845485448e-5,0.24528301886792453,63.679892425582075
1_1_1_1_1_0_1_0_0_1_1_0_1_1_0_1_0_1_1_1_0_0_0,1,0.0005666666666666667,1.699673171197596e-5,0.18867924528301888,73.58663511629614
1_1_1_1_0_0_1_0_1_1_1_0_0_1_1_0_1_1_0_1_1_1_1,1,0.0005666666666666666,6.548960901462833e-5,0.2641509433962264,69.18066457352171
1_1_1_0_1_1_0_1_0_0_0_0_1_0_0_1_0_1_1_1_0_0_0,1,0.0005633333333333333,2.054804667656327e-5,0.2830188679245283,73.0892969240427
0_0_0_0_1_0_0_0_1_1_1_1_0_0_1_0_1_0_0_0_0_0_0,1,0.0005600000000000001,2.9439202887759467e-5,0.2830188679245283,74.2581475128645
1_1_1_1_1_0_0_0_1_1_1_1_0_0_1_1_1_1_1_1_0_0_0,1,0.0005600000000000001,2.44948974278318e-5,0.24528301886792453,69.10070887965036
0_0_0_0_0_0_1_0_1_1_1_1_0_1_1_0_1_0_0_0_1_1_1,1,0.0005566666666666666,1.8856180831641267e-5,0.2641509433962264,73.75924086946928
1_1_1_1_0_0_1_0_1_1_1_1_1_1_0_0_0_1_1_1_1_1_1,1,0.0005533333333333333,4.7842333648024404e-5,0.3018867924528302,89.11868135365324
0_0_0_1_0_0_1_0_0_0_0_1_1_1_0_0_0_0_0_0_1_1_1,1,0.0005533333333333333,3.091206165165233e-5,0.2830188679245283,71.60990712074303
1_1_1_0_1_0_0_0_0_0_0_1_1_0_0_1_0_1_1_1_0_0_0,1,0.0005533333333333333,6.64997911442e-5,0.2641509433962264,73.04218965815785
0_0_0_0_1_1_0_1_0_0_0_0_1_0_0_0_0_0_0_0_0_0_0,1,0.0005533333333333333,6.84754619472471e-5,0.2641509433962264,70.09844142785319
1_1_1_1_0_0_1_0_1_1_1_1_0_1_1_1_1_1_1_1_1_1_1,1,0.0005466666666666667,6.182412330330467e-5,0.2641509433962264,72.32433783108445
1_1_1_0_1_0_0_0_0_0_0_0_1_0_0_0_0_1_0_1_0_0_0,1,0.0005433333333333333,5.792715732327589e-5,0.2641509433962264,66.14944714952323
0_0_0_1_1_0_0_0_1_1_1_1_0_0_1_1_1_0_1_0_0_0_0,1,0.00054,2.943920288775948e-5,0.22641509433962265,71.78405103668261
0_0_0_0_0_1_1_1_1_1_1_0_0_1_1_0_1_0_0_0_1_1_1,1,0.00054,6.97614984548545e-5,0.24528301886792453,69.64291139844873
1_1_1_0_1_0_0_0_1_1_1_0_0_0_1_0_1_1_0_1_0_0_0,1,0.0005366666666666667,8.498365855987973e-5,0.2641509433962264,69.96698736087531
1_1_1_0_0_0_1_0_0_0_0_0_1_1_0_1_0_1_1_1_1_1_1,1,0.0005366666666666666,4.784233364802441e-5,0.20754716981132076,71.0123851448136
0_0_0_0_0_1_1_1_0_0_0_0_1_1_0_0_0_0_0_0_1_1_1,1,0.0005366666666666666,1.6996731711975944e-5,0.24528301886792453,66.04663418342663
1_1_1_0_0_0_1_0_1_1_1_0_0_1_1_1_1_1_1_1_1_1_1,1,0.0005333333333333333,5.312459150169741e-5,0.20754716981132076,67.44036308488336
0_0_0_1_0_1_1_1_1_1_1_1_0_1_1_1_1_0_1_0_1_1_1,1,0.0005333333333333333,1.2472191289246504e-5,0.2641509433962264,66.89959097506268
1_1_1_0_1_0_0_0_1_1_1_1_0_0_1_1_1_1_1_1_0_0_0,1,0.0005333333333333333,7.586537784494028e-5,0.2641509433962264,67.94859575549624
1_1_1_1_1_0_1_0_0_0_0_0_0_1_1_1_1_1_1_1_0_0_0,1,0.0005333333333333333,2.6246692913372692e-5,0.18867924528301888,70.15155724908047
0_0_0_0_0_1_0_1_1_1_1_1_1_0_0_0_0_0_0_0_1_1_1,1,0.0005333333333333333,9.392668535736912e-5,0.18867924528301888,79.21250028797199
1_1_1_0_0_1_1_1_1_1_1_0_0_1_1_0_1_1_0_1_1_1_1,1,0.0005266666666666667,5.557777333511023e-5,0.22641509433962265,66.91315453384419
1_1_1_1_0_0_1_0_0_0_0_1_1_1_0_1_0_1_1_1_1_1_1,1,0.0005266666666666666,4.7140452079103295e-6,0.2641509433962264,68.34784712143203
0_1_0_1_1_0_0_0_0_0_0_0_1_0_0_0_0_0_0_1_0_0_0,1,0.0005233333333333334,8.339997335464538e-5,0.20754716981132076,71.42939814814814
0_0_0_1_1_1_0_1_0_0_0_1_1_0_0_0_0_0_0_0_0_0_0,1,0.0005233333333333332,6.182412330330468e-5,0.20754716981132076,74.2273205061585
1_1_1_0_0_1_1_1_0_0_0_0_1_1_0_0_0_1_0_1_1_1_1,1,0.00052,4.320493798938573e-5,0.22641509433962265,72.18505747126437
0_0_0_1_1_0_0_0_0_0_0_1_1_0_0_1_0_0_1_0_0_0_0,1,0.0005133333333333334,0.00010274023338281627,0.22641509433962265,64.95124078540165
1_1_1_1_1_1_0_1_1_1_1_0_0_0_1_1_1_1_1_1_0_0_0,1,0.0005099999999999999,6.976149845485448e-5,0.2641509433962264,71.91369509043928
0_1_0_0_1_0_0_0_0_0_0_1_1_0_0_0_0_0_1_1_0_0_0,1,0.0005033333333333334,1.6996731711975933e-5,0.24528301886792453,68.98598541980896
1_0_1_0_1_1_0_1_0_0_0_0_1_0_0_1_0_1_0_0_0_0_0,1,0.0005,4.320493798938571e-5,0.24528301886792453,65.57237750172533
1_0_1_0_0_1_1_1_0_0_0_0_1_1_0_0_0_1_0_0_1_1_1,1,0.0005,1.4142135623730961e-5,0.20754716981132076,73.56209150326798
1_1_1_1_1_0_1_0_1_1_1_0_1_1_0_1_0_1_1_1_0_0_0,1,0.0004933333333333334,2.62466929133727e-5,0.18867924528301888,69.4680572282439
0_1_0_1_1_0_0_0_0_0_0_1_1_0_0_1_0_0_1_1_0_0_0,1,0.0004933333333333334,5.734883511361749e-5,0.20754716981132076,73.41031746031746
0_1_0_1_1_0_0_0_1_1_1_0_0_0_1_0_1_0_0_1_0_0_0,1,0.0004933333333333334,4.18993502999218e-5,0.20754716981132076,73.38215488215488
1_0_1_0_0_1_1_1_1_1_1_1_0_1_1_1_1_1_1_0_1_1_1,1,0.00049,4.242640687119286e-5,0.20754716981132076,70.44400527009223
0_0_0_1_0_1_1_1_0_0_0_0_1_1_0_0_0_0_0_0_1_1_1,1,0.00049,4.08248290463863e-5,0.2641509433962264,76.94100872672301
0_0_0_1_0_1_1_1_1_0_0_0_0_1_1_1_1_0_0_0_1_1_1,1,0.00048666666666666666,6.944222218666551e-5,0.3018867924528302,90.90816326530613
0_0_0_1_1_1_0_1_1_1_1_1_0_0_1_0_1_0_0_0_0_0_0,1,0.00048666666666666666,2.8674417556808744e-5,0.20754716981132076,70.73890923890923
0_0_0_0_0_0_0_0_1_1_1_1_1_0_0_1_0_0_1_0_1_1_1,1,0.0004833333333333334,0.00010498677165349083,0.20754716981132076,64.29565266774568
1_1_1_0_0_1_1_1_1_0_0_1_0_1_1_1_1_1_1_1_1_1_1,1,0.00047999999999999996,5.3541261347363375e-5,0.2830188679245283,85.90850432313846
1_1_1_1_1_0_0_0_1_0_0_1_0_0_1_0_1_1_1_1_0_0_0,1,0.00047999999999999996,5.099019513592787e-5,0.2830188679245283,92.62772313631768
0_0_0_0_1_1_0_1_1_0_0_0_0_0_1_1_1_0_0_0_0_0_0,1,0.0004766666666666667,1.247219128924646e-5,0.3018867924528302,91.25671645469782
1_1_1_1_1_0_0_0_0_0_0_1_1_0_0_1_0_1_1_1_0_0_0,1,0.0004766666666666667,3.299831645537219e-5,0.24528301886792453,71.57491444725487
0_0_0_0_0_1_1_1_1_0_0_0_0_1_1_1_1_0_0_0_1_1_1,1,0.00047666666666666663,5.557777333511021e-5,0.2830188679245283,93.76100628930817
1_0_1_0_0_1_1_1_0_0_0_1_1_1_0_1_0_1_1_0_1_1_1,1,0.00047,5.8878405775518974e-5,0.20754716981132076,68.78446201896337
0_0_0_0_0_0_0_0_0_1_1_1_1_0_0_1_0_0_1_0_1_1_1,1,0.0004633333333333334,0.00010873004286866727,0.20754716981132076,58.41173758276619
1_1_1_0_1_0_0_0_1_1_1_1_1_0_0_0_0_1_1_1_0_0_0,1,0.00045999999999999996,2.1602468994692858e-5,0.3018867924528302,95.57132549989693
0_0_0_0_0_1_1_1_0_0_0_0_0_1_1_1_1_0_0_0_1_1_1,1,0.00045666666666666664,3.299831645537223e-5,0.2830188679245283,86.24830623306234
1_1_1_1_0_0_1_0_1_0_0_1_0_1_1_0_1_1_1_1_1_1_1,1,0.00045333333333333337,3.299831645537223e-5,0.3018867924528302,95.06511627906976
0_0_0_0_0_1_1_1_0_1_1_0_1_1_0_1_0_0_0_0_1_1_1,1,0.00045000000000000004,1.632993161855452e-5,0.2830188679245283,93.11100115454396
0_1_0_1_1_0_0_0_1_1_1_1_0_0_1_1_1_0_1_1_0_0_0,1,0.00045000000000000004,0.00011860297916438129,0.20754716981132076,71.01661779081134
1_1_1_1_0_0_1_0_0_1_1_1_1_1_0_0_0_1_1_1_1_1_1,1,0.00044666666666666666,2.494438257849294e-5,0.3018867924528302,92.33405483405483
0_0_0_0_0_0_0_0_0_0_0_1_0_0_1_1_1_0_1_0_1_1_1,1,0.00044666666666666666,1.8856180831641267e-5,0.20754716981132076,65.19323671497585
0_0_0_1_0_1_1_1_0_0_0_0_0_1_1_1_1_0_0_0_1_1_1,1,0.00044666666666666666,6.847546194724712e-5,0.3018867924528302,95.19319727891157
0_1_0_1_1_0_1_0_1_1_1_0_1_1_0_0_0_0_1_1_0_0_0,1,0.00044333333333333334,6.649979114420001e-5,0.16981132075471697,57.31507936507936
0_0_0_0_0_1_1_1_1_1_1_0_1_1_0_1_0_0_0_0_1_1_1,1,0.00044,2.1602468994692875e-5,0.2830188679245283,89.60944189152036
1_0_1_0_0_1_0_1_0_1_1_1_1_0_0_1_0_1_0_0_1_1_1,1,0.00043666666666666664,4.1899350299921774e-5,0.16981132075471697,60.476851851851855
0_0_0_0_1_1_0_1_1_1_1_0_1_0_0_1_0_0_0_0_0_0_0,1,0.0004333333333333333,2.0548046676563267e-5,0.3018867924528302,88.40489284569287
1_1_1_1_1_1_1_1_1_0_0_0_0_1_1_0_1_1_0_1_0_0_0,1,0.0004266666666666667,1.8856180831641267e-5,0.20754716981132076,60.75
0_0_0_1_0_1_1_1_0_1_1_0_1_1_0_1_0_0_0_0_1_1_1,1,0.0004266666666666666,1.6996731711975944e-5,0.3018867924528302,94.94192799070849
0_1_0_1_1_0_1_0_0_1_1_0_1_1_0_0_0_0_1_1_0_0_0,1,0.0004266666666666666,4.714045207910317e-5,0.16981132075471697,60.785024154589365
1_0_1_0_0_1_1_1_1_1_1_0_0_1_1_0_1_1_0_0_1_1_1,1,0.00042333333333333334,1.247219128924648e-5,0.20754716981132076,71.10838348643227
1_1_1_1_1_1_1_1_1_1_1_0_1_1_0_0_0_1_0_1_0_0_0,1,0.00042333333333333334,3.299831645537221e-5,0.20754716981132076,58.512674507299586
0_0_0_0_1_1_0_1_0_0_0_0_0_0_1_1_1_0_0_0_0_0_0,1,0.00042,5.099019513592784e-5,0.3018867924528302,97.78796653796654
1_0_1_0_0_1_0_1_1_0_0_1_0_0_1_1_1_1_0_0_1_1_1,1,0.00042,5.8878405775518974e-5,0.16981132075471697,64.43333333333334
1_0_1_0_0_1_0_1_1_1_1_1_1_0_0_1_0_1_0_0_1_1_1,1,0.00042,6.480740698407862e-5,0.16981132075471697,59.51399363164069
1_1_1_0_1_0_0_0_0_1_1_1_1_0_0_0_0_1_1_1_0_0_0,1,0.00042,4.320493798938573e-5,0.3018867924528302,92.796783625731
0_1_0_1_1_0_1_0_1_0_0_0_0_1_1_0_1_0_1_1_0_0_0,1,0.00042,4.242640687119286e-5,0.16981132075471697,63.93696581196581
1_1_1_1_1_0_0_0_1_1_1_1_1_0_0_0_0_1_1_1_0_0_0,1,0.00041999999999999996,2.9439202887759474e-5,0.2830188679245283,91.62160569382111
0_0_0_1_1_0_0_0_0_0_0_0_0_0_1_0_1_0_0_0_0_0_0,1,0.0004166666666666667,3.8586123009300736e-5,0.2830188679245283,83.08921239268383
0_1_0_1_1_0_1_0_0_0_0_0_0_1_1_0_1_0_1_1_0_0_0,1,0.0004166666666666667,4.9216076867444665e-5,0.16981132075471697,63.12951671183379
1_1_1_1_1_0_0_0_0_1_1_1_1_0_0_0_0_1_1_1_0_0_0,1,0.0004166666666666667,5.557777333511021e-5,0.2830188679245283,89.96150491144233
0_0_0_1_1_0_0_0_0_1_1_0_1_0_0_0_0_0_0_0_0_0_0,1,0.0004133333333333333,6.599663291074443e-5,0.2830188679245283,71.02941176470588
0_0_0_1_1_0_0_0_1_1_1_0_1_0_0_0_0_0_0_0_0_0_0,1,0.00041,4.320493798938573e-5,0.2830188679245283,84.22148394241417
1_1_1_0_1_0_0_0_0_0_0_1_0_0_1_0_1_1_1_1_0_0_0,1,0.00041,5.71547606649408e-5,0.3018867924528302,85.05718661733698
0_0_0_0_0_0_0_0_1_0_0_1_0_0_1_1_1_0_1_0_1_1_1,1,0.0004066666666666667,2.494438257849294e-5,0.20754716981132076,65.03508771929825
1_0_1_1_0_1_1_1_0_0_0_1_1_1_0_1_0_1_0_0_1_1_1,1,0.0004,2.1602468994692858e-5,0.24528301886792453,67.86073711410309
0_0_0_1_1_0_0_0_1_0_0_0_0_0_1_0_1_0_0_0_0_0_0,1,0.0004,5.099019513592785e-5,0.2830188679245283,72.96584896584896
0_0_0_0_1_1_0_1_0_1_1_0_1_0_0_1_0_0_0_0_0_0_0,1,0.0004,4.5460605656619504e-5,0.3018867924528302,92.44619799139168
1_1_1_0_1_0_0_0_1_0_0_1_0_0_1_0_1_1_1_1_0_0_0,1,0.0003966666666666667,3.3993463423951894e-5,0.3018867924528302,91.9234529886827
1_1_1_1_0_0_1_0_0_0_0_1_0_1_1_0_1_1_1_1_1_1_1,1,0.0003966666666666667,6.182412330330468e-5,0.3018867924528302,85.360506793365
1_0_1_0_0_1_0_1_0_0_0_1_0_0_1_1_1_1_0_0_1_1_1,1,0.00039333333333333337,4.4969125210773474e-5,0.16981132075471697,61.12000402698077
1_1_1_1_1_0_0_0_0_0_0_1_0_0_1_0_1_1_1_1_0_0_0,1,0.00039333333333333337,1.8856180831641267e-5,0.2830188679245283,104.4862155388471
1_1_1_1_1_1_1_1_0_1_1_0_1_1_0_0_0_1_0_1_0_0_0,1,0.00039333333333333337,3.3993463423951894e-5,0.20754716981132076,64.82987772461456
1_0_1_0_0_1_0_1_0_1_1_0_1_0_0_0_0_1_0_0_1_1_1,1,0.00039,5.3541261347363375e-5,0.18867924528301888,63.42567551949704
0_0_0_0_0_1_1_1_0_0_0_1_1_1_0_0_0_0_0_0_1_1_1,1,0.00038666666666666667,4.1096093353126506e-5,0.24528301886792453,59.769209119054324
1_1_1_0_0_1_1_1_0_0_0_1_0_1_1_1_1_1_1_1_1_1_1,1,0.00038666666666666667,1.6996731711975944e-5,0.2830188679245283,77.79776567324707
0_0_0_0_1_0_0_0_0_0_0_1_1_0_0_1_0_0_1_0_0_0_0,1,0.00037999999999999997,4.320493798938573e-5,0.2830188679245283,69.50930877401466
0_1_0_1_1_0_0_0_1_1_1_0_0_0_1_1_1_0_1_1_0_0_0,1,0.00037999999999999997,8.041558721209879e-5,0.20754716981132076,73.85034013605443
0_1_0_0_1_0_0_0_0_0_0_0_1_0_0_0_0_0_1_1_0_0_0,1,0.00037999999999999997,7.788880963698615e-5,0.24528301886792453,66.46967086889568
1_1_1_1_0_0_1_0_0_0_0_0_1_1_0_1_0_1_1_1_1_1_1,1,0.0003766666666666667,9.977753031397179e-5,0.2641509433962264,60.66064944496318
0_0_0_1_1_1_0_1_1_0_0_1_0_0_1_1_1_0_0_0_0_0_0,1,0.00037666666666666664,6.128258770283413e-5,0.24528301886792453,84.09551656920077
1_1_1_1_0_0_1_0_1_1_1_0_0_1_1_1_1_1_1_1_1_1_1,1,0.0003733333333333333,0.00013523641850067195,0.2641509433962264,64.09304950814385
1_1_1_0_0_1_1_1_1_1_1_1_1_1_0_1_0_1_1_1_1_1_1,1,0.00037000000000000005,9.626352718795767e-5,0.2830188679245283,74.67494553376906
1_1_1_1_1_0_0_0_0_0_0_0_1_0_0_1_0_1_1_1_0_0_0,1,0.00036666666666666667,3.3993463423951894e-5,0.24528301886792453,69.51754385964912
1_0_1_0_0_1_1_1_0_0_0_1_1_1_0_0_0_1_0_0_1_1_1,1,0.00036333333333333335,4.714045207910304e-6,0.20754716981132076,63.29329329329329
0_0_0_1_0_1_1_1_1_1_1_0_1_1_0_1_0_0_0_0_1_1_1,1,0.00036333333333333335,1.247219128924648e-5,0.3018867924528302,87.29476468950152
1_1_1_0_0_1_1_1_0_1_1_1_1_1_0_1_0_1_1_1_1_1_1,1,0.00036333333333333335,1.8856180831641267e-5,0.2830188679245283,82.61782661782662
0_1_0_1_0_0_1_0_1_1_1_0_0_1_1_0_1_0_1_1_1_1_1,1,0.00036333333333333335,2.0548046676563243e-5,0.24528301886792453,69.26889559242501
1_0_1_0_0_1_0_1_1_0_0_0_0_0_1_0_1_1_0_0_1_1_1,1,0.00036333333333333335,4.1096093353126506e-5,0.18867924528301888,66.74626632927183
0_0_0_1_0_0_1_0_0_0_0_1_1_1_0_1_0_0_1_0_1_1_1,1,0.00035666666666666664,9.428090415820634e-6,0.2830188679245283,66.94723294723293
0_0_0_1_0_1_1_1_1_1_1_1_0_1_1_0_1_0_0_0_1_1_1,1,0.00035666666666666664,6.599663291074443e-5,0.2641509433962264,62.78798178022984
0_0_0_1_0_1_1_1_0_0_0_1_1_1_0_0_0_0_0_0_1_1_1,1,0.0003533333333333334,9.428090415820634e-6,0.2641509433962264,66.91721132897604
1_0_1_1_1_1_0_1_1_1_1_1_0_0_1_1_1_1_0_0_0_0_0,1,0.0003533333333333334,2.494438257849294e-5,0.22641509433962265,71.7166179337232
0_1_0_1_1_0_1_0_1_0_0_0_0_1_1_0_1_0_0_1_0_0_0,1,0.0003533333333333334,1.699673171197595e-5,0.18867924528301888,56.53972153972154
0_0_0_0_0_1_1_1_1_1_1_1_0_1_1_0_1_0_0_0_1_1_1,1,0.0003533333333333333,4.4969125210773474e-5,0.24528301886792453,63.247010098189776
1_1_1_0_1_0_0_0_0_0_0_0_1_0_0_1_0_1_1_1_0_0_0,1,0.00035000000000000005,8.16496580927726e-6,0.2641509433962264,62.328976034858385
0_0_0_0_1_1_0_1_0_0_0_1_1_0_0_0_0_0_0_0_0_0_0,1,0.00035,9.797958971132711e-5,0.2641509433962264,63.7637108497423
1_1_1_1_1_1_0_1_1_1_1_0_0_0_1_0_1_1_0_1_0_0_0,1,0.0003466666666666667,8.178562764256863e-5,0.2641509433962264,62.248366013071895
1_1_1_0_1_1_0_1_1_1_1_0_0_0_1_0_1_1_0_1_0_0_0,1,0.0003466666666666667,3.399346342395192e-5,0.2830188679245283,68.78849902534112
0_1_0_1_1_0_1_0_0_0_0_0_0_1_1_0_1_0_0_1_0_0_0,1,0.0003466666666666666,8.806563209081937e-5,0.18867924528301888,64.40084055686893
1_0_1_0_0_1_1_1_1_1_1_1_0_1_1_0_1_1_0_0_1_1_1,1,0.0003466666666666666,3.681787005729088e-5,0.20754716981132076,60.65323565323566
0_1_0_1_1_0_1_0_1_1_1_0_1_1_0_0_0_0_0_1_0_0_0,1,0.00034333333333333335,2.6246692913372705e-5,0.18867924528301888,69.1404173312068
1_1_1_1_1_1_1_1_0_0_0_0_0_1_1_0_1_1_0_1_0_0_0,1,0.00034333333333333335,2.8674417556808764e-5,0.20754716981132076,63.66456939312227
1_1_1_1_0_1_1_1_1_0_0_1_0_1_1_1_1_1_1_1_1_1_1,1,0.00034333333333333335,1.247219128924648e-5,0.33962264150943394,75.13121410180234
0_1_0_0_0_0_1_0_1_1_1_0_0_1_1_0_1_0_1_1_1_1_1,1,0.00034,4.08248290463863e-5,0.22641509433962265,75.13765364678143
0_0_0_1_1_1_0_1_0_1_1_1_1_0_0_1_0_0_0_0_0_0_0,1,0.0003366666666666667,8.993825042154693e-5,0.24528301886792453,85.07597716293368
1_1_1_0_1_0_0_0_1_1_1_0_0_0_1_1_1_1_1_1_0_0_0,1,0.0003366666666666667,2.6246692913372722e-5,0.2641509433962264,64.81216931216932
1_1_1_1_1_0_0_0_1_1_1_0_0_0_1_1_1_1_1_1_0_0_0,1,0.0003366666666666667,5.7927157323275903e-5,0.24528301886792453,64.6098901098901
0_0_0_0_0_0_1_0_0_0_0_1_1_1_0_1_0_0_1_0_1_1_1,1,0.0003366666666666667,3.3993463423951894e-5,0.2641509433962264,65.23365730262282
1_0_1_0_0_1_0_1_0_1_1_1_1_0_0_1_0_1_1_0_1_1_1,1,0.0003333333333333333,1.6996731711975954e-5,0.18867924528301888,57.703713743561934
1_1_1_1_0_1_1_1_1_1_1_0_0_1_1_0_1_1_0_1_1_1_1,1,0.0003333333333333333,4.7140452079103295e-6,0.2830188679245283,71.80629827688652
0_1_0_0_0_0_1_0_1_1_1_1_0_1_1_1_1_0_1_1_1_1_1,1,0.00033,3.741657386773943e-5,0.24528301886792453,57.15686274509804
0_1_0_0_1_0_0_0_1_1_1_0_0_0_1_0_1_0_1_1_0_0_0,1,0.00033,4.242640687119286e-5,0.24528301886792453,64.52136752136752
1_0_1_0_0_1_0_1_0_0_0_0_0_0_1_0_1_1_0_0_1_1_1,1,0.00033,8.16496580927726e-6,0.18867924528301888,68.44715537730244
0_0_0_1_0_0_1_0_1_0_0_0_0_1_1_0_1_0_0_0_1_1_1,1,0.00033,3.741657386773942e-5,0.33962264150943394,71.51941857824211
0_0_0_0_1_1_0_1_1_1_1_1_0_0_1_0_1_0_0_0_0_0_0,1,0.0003266666666666667,1.885618083164129e-5,0.2641509433962264,71.02614379084967
1_1_1_0_0_0_1_0_0_0_0_0_0_1_1_0_1_1_1_1_1_1_1,1,0.0003266666666666667,3.399346342395192e-5,0.24528301886792453,79.06084656084657
0_1_0_1_1_0_1_0_1_1_1_1_1_1_0_1_0_0_1_1_0_0_0,1,0.0003233333333333333,4.1096093353126506e-5,0.18867924528301888,64.18873418873419
1_0_1_0_1_1_0_1_0_0_0_1_1_0_0_1_0_1_0_0_0_0_0,1,0.0003233333333333333,3.681787005729088e-5,0.24528301886792453,64.2386583011583
0_0_0_1_0_0_1_0_1_1_1_1_0_1_1_1_1_0_1_0_1_1_1,1,0.00031999999999999997,8.16496580927726e-6,0.2830188679245283,69.18835532746823
1_0_1_1_1_1_0_1_0_0_0_1_1_0_0_1_0_1_0_0_0_0_0,1,0.0003166666666666667,3.3993463423951894e-5,0.22641509433962265,64.332531665865
1_0_1_1_0_1_1_1_1_1_1_1_0_1_1_1_1_1_0_0_1_1_1,1,0.0003166666666666667,3.3993463423951894e-5,0.24528301886792453,59.4606381273048
1_1_1_1_1_1_0_1_0_0_0_0_1_0_0_0_0_1_0_1_0_0_0,1,0.0003166666666666667,4.7140452079103295e-6,0.2641509433962264,67.9502688172043
0_0_0_0_0_0_1_0_1_1_1_1_0_1_1_1_1_0_1_0_1_1_1,1,0.0003166666666666667,3.681787005729088e-5,0.2641509433962264,65.68287037037037
0_0_0_0_1_0_0_0_1_0_0_0_0_0_1_0_1_0_0_0_0_0_0,1,0.0003166666666666667,4.027681991198192e-5,0.33962264150943394,67.9575522516699
1_0_1_0_1_1_0_1_1_1_1_1_0_0_1_1_1_1_0_0_0_0_0,1,0.0003166666666666667,3.299831645537223e-5,0.24528301886792453,72.7668845315904
0_1_0_1_0_0_1_0_0_0_0_0_1_1_0_0_0_0_1_1_1_1_1,1,0.0003133333333333334,1.699673171197595e-5,0.24528301886792453,62.03946795541623
1_1_1_1_0_1_1_1_0_0_0_0_1_1_0_0_0_1_0_1_1_1_1,1,0.00031333333333333327,4.98887651569859e-5,0.2830188679245283,65.0391363022942
0_1_0_0_0_0_1_0_0_0_0_0_1_1_0_0_0_0_1_1_1_1_1,1,0.00031,6.164414002968977e-5,0.22641509433962265,70.01923076923077
0_1_0_0_0_0_1_0_1_1_1_0_0_1_1_0_1_0_0_1_1_1_1,1,0.00031,8.164965809277282e-6,0.24528301886792453,61.303539426523294
1_0_1_0_0_1_0_1_1_0_0_1_0_0_1_1_1_1_1_0_1_1_1,1,0.00031,2.82842712474619e-5,0.18867924528301888,61.58949096880131
0_1_0_1_1_0_0_0_0_0_0_0_1_0_0_1_0_0_1_1_0_0_0,1,0.00030333333333333335,5.185449728701349e-5,0.20754716981132076,70.19607843137254
1_0_1_0_0_1_0_1_1_1_1_1_1_0_0_1_0_1_1_0_1_1_1,1,0.00030333333333333335,6.342099196813483e-5,0.18867924528301888,63.65384615384615
0_0_0_0_0_0_1_0_1_0_0_0_0_1_1_0_1_0_0_0_1_1_1,1,0.0003,3.7416573867739416e-5,0.32075471698113206,75.79278937381405
0_1_0_1_1_0_1_0_0_1_1_1_1_1_0_1_0_0_1_1_0_0_0,1,0.0003,2.1602468994692875e-5,0.18867924528301888,64.52907208283553
0_1_0_0_1_0_0_0_0_0_0_1_1_0_0_1_0_0_1_1_0_0_0,1,0.0003,4.546060565661952e-5,0.2641509433962264,67.22619047619048
1_1_1_0_1_1_0_1_0_0_0_0_1_0_0_0_0_1_0_1_0_0_0,1,0.0002966666666666667,8.806563209081939e-5,0.2830188679245283,63.356998556998555
0_0_0_1_1_0_0_0_1_0_0_1_0_0_1_0_1_0_1_0_0_0_0,1,0.0002966666666666667,5.9066817155564514e-5,0.2641509433962264,68.91147098515519
0_0_0_0_0_0_1_0_0_1_1_0_1_1_0_0_0_0_0_0_1_1_1,1,0.0002933333333333333,1.247219128924648e-5,0.32075471698113206,72.39697547539593
1_0_1_1_0_1_1_1_0_0_0_0_1_1_0_0_0_1_0_0_1_1_1,1,0.0002933333333333333,4.4969125210773474e-5,0.2641509433962264,65.80121870882739
1_0_1_1_1_1_0_1_1_1_1_0_0_0_1_0_1_1_0_0_0_0_0,1,0.0002933333333333333,2.494438257849296e-5,0.24528301886792453,63.03365384615385
0_1_0_0_1_0_0_0_1_1_1_1_0_0_1_1_1_0_1_1_0_0_0,1,0.00029,3.741657386773942e-5,0.2641509433962264,61.50112044817927
1_0_1_1_1_1_0_1_0_0_0_1_1_0_0_1_0_1_1_0_0_0_0,1,0.00028999999999999995,2.44948974278318e-5,0.24528301886792453,66.28785366931919
0_1_0_1_1_0_1_0_1_0_0_1_0_1_1_1_1_0_1_1_0_0_0,1,0.0002866666666666667,3.6817870057290866e-5,0.18867924528301888,61.661877394636015
1_0_1_1_0_1_1_1_1_1_1_1_0_1_1_1_1_1_1_0_1_1_1,1,0.0002866666666666666,1.247219128924646e-5,0.2641509433962264,66.10302256279267
1_0_1_0_1_1_0_1_1_1_1_1_0_0_1_1_1_1_1_0_0_0_0,1,0.00028333333333333335,7.318166133366717e-5,0.2641509433962264,67.51832045949692
1_1_1_0_0_0_1_0_1_1_1_0_1_1_0_0_0_1_1_1_1_1_1,1,0.00028333333333333335,2.8674417556808764e-5,0.24528301886792453,88.35892857142858
1_0_1_1_1_1_0_1_1_1_1_1_0_0_1_1_1_1_1_0_0_0_0,1,0.0002833333333333333,3.091206165165234e-5,0.24528301886792453,66.03225806451613
0_1_0_0_1_0_0_0_1_1_1_0_0_0_1_0_1_0_0_1_0_0_0,1,0.00028000000000000003,6.48074069840786e-5,0.2641509433962264,69.51529678085156
0_0_0_1_0_0_1_0_0_1_1_0_1_1_0_0_0_0_0_0_1_1_1,1,0.00028000000000000003,5.099019513592785e-5,0.33962264150943394,72.40181557572862
0_1_0_1_1_0_1_0_0_1_1_0_1_1_0_0_0_0_0_1_0_0_0,1,0.00028000000000000003,2.9439202887759487e-5,0.18867924528301888,56.53689284390063
1_1_1_1_0_1_1_1_0_0_0_1_0_1_1_1_1_1_1_1_1_1_1,1,0.00028000000000000003,2.9439202887759487e-5,0.33962264150943394,76.17244469163268
0_1_0_0_0_0_1_0_0_0_0_1_1_1_0_1_0_0_1_1_1_1_1,1,0.00028000000000000003,3.559026084010436e-5,0.24528301886792453,61.42200405173757
1_0_1_0_1_1_0_1_0_0_0_0_1_0_0_0_0_1_0_0_0_0_0,1,0.00028,1.4142135623730961e-5,0.2641509433962264,62.99292661361627
1_1_1_0_1_1_0_1_0_1_1_1_1_0_0_1_0_1_1_1_0_0_0,1,0.00027666666666666665,7.586537784494028e-5,0.33962264150943394,75.83946078431373
0_1_0_1_1_0_1_0_0_0_0_1_0_1_1_1_1_0_1_1_0_0_0,1,0.00027666666666666665,3.2998316455372206e-5,0.18867924528301888,67.28019323671498
0_0_0_1_1_1_0_1_0_0_0_1_0_0_1_1_1_0_0_0_0_0_0,1,0.00027666666666666665,4.784233364802441e-5,0.24528301886792453,77.87996031746032
1_0_1_0_0_1_0_1_0_1_1_1_1_0_0_0_0_1_0_0_1_1_1,1,0.00027333333333333333,4.109609335312651e-5,0.18867924528301888,62.728625541125545
0_1_0_0_0_0_1_0_0_0_0_0_1_1_0_0_0_0_0_1_1_1_1,1,0.00027333333333333333,4.714045207910304e-6,0.24528301886792453,67.15167548500881
0_1_0_1_0_0_1_0_1_1_1_1_0_1_1_1_1_0_1_1_1_1_1,1,0.00027333333333333333,4.496912521077347e-5,0.2641509433962264,60.903479236812565
0_0_0_1_0_0_1_0_0_0_0_0_0_1_1_0_1_0_0_0_1_1_1,1,0.00027333333333333333,4.9216076867444665e-5,0.33962264150943394,71.42496392496393
1_0_1_0_0_1_0_1_1_1_1_0_1_0_0_0_0_1_0_0_1_1_1,1,0.00027333333333333333,4.02768199119819e-5,0.18867924528301888,59.79747474747475
0_1_0_0_1_0_0_0_0_0_0_0_1_0_0_0_0_0_0_1_0_0_0,1,0.00027,2.160246899469286e-5,0.2641509433962264,64.85769020251779
0_0_0_1_1_1_0_1_1_1_1_1_1_0_0_1_0_0_0_0_0_0_0,1,0.00027,6.377042156569664e-5,0.24528301886792453,81.26335821987995
1_1_1_1_0_1_1_1_0_1_1_1_1_1_0_1_0_1_1_1_1_1_1,1,0.00027,1.4142135623730961e-5,0.33962264150943394,78.22281167108754
0_0_0_1_1_0_0_0_0_0_0_1_0_0_1_0_1_0_1_0_0_0_0,1,0.00027,0.0,0.2641509433962264,69.25925925925927
1_1_1_0_0_0_1_0_1_0_0_0_0_1_1_0_1_1_1_1_1_1_1,1,0.00027,3.741657386773941e-5,0.24528301886792453,81.2693757855048
0_0_0_1_0_0_1_0_1_1_1_0_1_1_0_0_0_0_0_0_1_1_1,1,0.0002666666666666666,7.363574011458174e-5,0.33962264150943394,75.01424501424502
0_0_0_0_1_0_0_0_1_1_1_1_0_0_1_1_1_0_1_0_0_0_0,1,0.00026333333333333336,5.73488351136175e-5,0.2830188679245283,68.08612440191388
0_0_0_0_1_0_0_0_1_1_1_0_1_0_0_0_0_0_0_0_0_0_0,1,0.00026333333333333336,4.1899350299921794e-5,0.33962264150943394,73.86174242424242
1_1_1_1_0_1_1_1_1_1_1_1_1_1_0_1_0_1_1_1_1_1_1,1,0.00026000000000000003,4.546060565661952e-5,0.33962264150943394,70.61628833134209
0_0_0_0_0_0_1_0_1_1_1_0_1_1_0_0_0_0_0_0_1_1_1,1,0.00026,2.4494897427831778e-5,0.32075471698113206,74.83681236304925
1_1_1_1_1_1_0_1_0_1_1_1_1_0_0_1_0_1_1_1_0_0_0,1,0.0002566666666666667,2.494438257849294e-5,0.32075471698113206,76.94332833583208
0_0_0_1_1_0_0_0_0_1_1_1_1_0_0_0_0_0_1_0_0_0_0,1,0.0002566666666666667,3.681787005729086e-5,0.2641509433962264,66.34432234432234
0_0_0_0_1_0_0_0_0_1_1_0_1_0_0_0_0_0_0_0_0_0_0,1,0.0002566666666666667,4.1096093353126506e-5,0.33962264150943394,73.28868407578084
1_1_1_0_0_1_1_1_1_1_1_0_1_1_0_1_0_1_0_1_1_1_1,1,0.00025666666666666665,1.6996731711975937e-5,0.2641509433962264,62.87063492063493
1_1_1_1_1_1_0_1_0_0_0_1_0_0_1_1_1_1_1_1_0_0_0,1,0.00025333333333333333,1.8856180831641254e-5,0.32075471698113206,71.99404761904762
1_1_1_0_1_1_0_1_0_0_0_1_0_0_1_1_1_1_1_1_0_0_0,1,0.00025333333333333333,1.6996731711975944e-5,0.33962264150943394,77.01432759403774
0_0_0_0_0_0_1_0_0_0_0_0_0_1_1_0_1_0_0_0_1_1_1,1,0.00025333333333333333,3.299831645537221e-5,0.32075471698113206,72.7045177045177
1_1_1_0_0_1_1_1_0_0_0_0_0_1_1_1_1_1_0_1_1_1_1,1,0.00024999999999999995,2.9439202887759474e-5,0.2641509433962264,68.75763125763126
1_1_1_0_0_0_1_0_0_1_1_0_1_1_0_0_0_1_1_1_1_1_1,1,0.0002466666666666667,2.494438257849293e-5,0.24528301886792453,70.27597402597404
1_0_1_1_0_1_1_1_0_0_0_1_1_1_0_0_0_1_0_0_1_1_1,1,0.0002466666666666667,2.8674417556808744e-5,0.2641509433962264,72.96349206349207
1_0_1_1_0_1_1_1_1_1_1_0_0_1_1_0_1_1_0_0_1_1_1,1,0.00024333333333333333,5.734883511361751e-5,0.2641509433962264,61.976470588235294
1_1_1_0_0_1_1_1_1_0_0_0_0_1_1_1_1_1_0_1_1_1_1,1,0.00024333333333333333,2.6246692913372692e-5,0.2641509433962264,59.46734424995295
1_0_1_0_1_1_0_1_0_0_0_1_1_0_0_1_0_1_1_0_0_0_0,1,0.00024333333333333333,5.557777333511023e-5,0.2641509433962264,68.77442185007975
0_1_0_1_1_0_1_0_1_1_1_0_1_1_0_1_0_0_1_1_0_0_0,1,0.00023999999999999998,7.118052168020874e-5,0.18867924528301888,53.38888888888889
0_1_0_1_0_0_1_0_0_0_0_0_1_1_0_0_0_0_0_1_1_1_1,1,0.00023666666666666668,9.428090415820634e-6,0.2641509433962264,63.263768115942035
1_1_1_0_1_1_0_1_1_1_1_1_1_0_0_1_0_1_1_1_0_0_0,1,0.00023666666666666668,4.642796092394705e-5,0.33962264150943394,75.1919191919192
0_1_0_1_0_0_1_0_1_1_1_0_0_1_1_0_1_0_0_1_1_1_1,1,0.00023666666666666668,2.8674417556808754e-5,0.2641509433962264,62.50925925925926
1_0_1_0_1_1_0_1_1_1_1_0_0_0_1_0_1_1_0_0_0_0_0,1,0.00023333333333333333,1.6996731711975947e-5,0.2641509433962264,65.04444444444444
0_1_0_1_1_0_1_0_1_0_0_0_0_1_1_1_1_0_1_1_0_0_0,1,0.00023333333333333333,1.6996731711975947e-5,0.18867924528301888,57.0
1_0_1_0_0_1_0_1_0_0_0_1_0_0_1_0_1_1_0_0_1_1_1,1,0.00023000000000000003,6.976149845485451e-5,0.18867924528301888,60.33270202020202
0_0_0_0_1_0_0_0_0_0_0_0_0_0_1_0_1_0_0_0_0_0_0,1,0.00022666666666666668,3.299831645537221e-5,0.33962264150943394,74.60629688699863
1_0_1_1_1_1_0_1_0_0_0_0_1_0_0_0_0_1_0_0_0_0_0,1,0.00022666666666666668,3.091206165165234e-5,0.24528301886792453,68.29805996472663
0_0_0_1_1_0_0_0_1_1_1_1_1_0_0_0_0_0_1_0_0_0_0,1,0.00022666666666666668,3.299831645537221e-5,0.2641509433962264,72.00720656861007
1_1_1_1_1_1_0_1_1_1_1_1_1_0_0_1_0_1_1_1_0_0_0,1,0.00022333333333333333,3.8586123009300736e-5,0.32075471698113206,62.35796882855706
0_1_0_1_1_0_1_0_0_0_0_0_0_1_1_1_1_0_1_1_0_0_0,1,0.00022333333333333333,1.6996731711975947e-5,0.18867924528301888,60.39975845410628
1_0_1_0_0_1_0_1_1_0_0_1_0_0_1_0_1_1_0_0_1_1_1,1,0.00022333333333333333,4.714045207910317e-6,0.18867924528301888,54.16337285902504
1_1_1_0_1_1_0_1_1_0_0_1_0_0_1_1_1_1_1_1_0_0_0,1,0.00022333333333333333,2.0548046676563253e-5,0.33962264150943394,82.82121212121211
0_0_0_0_1_1_0_1_0_0_0_1_0_0_1_1_1_0_0_0_0_0_0,1,0.00022,8.16496580927726e-6,0.3018867924528302,83.83210991906644
0_1_0_1_1_0_0_0_1_1_1_1_1_0_0_0_0_0_1_1_0_0_0,1,0.00021666666666666666,2.494438257849294e-5,0.24528301886792453,62.94202172096908
1_1_1_1_0_0_1_0_0_0_0_0_0_1_1_0_1_1_1_1_1_1_1,1,0.00021666666666666666,4.642796092394705e-5,0.3018867924528302,71.0014005602241
0_0_0_0_0_1_1_1_1_1_1_1_1_1_0_1_0_0_0_0_1_1_1,1,0.00021666666666666666,3.0912061651652335e-5,0.2830188679245283,85.60998650472334
1_0_1_0_0_1_1_1_1_1_1_0_1_1_0_1_0_1_0_0_1_1_1,1,0.00021666666666666666,3.7712361663282534e-5,0.24528301886792453,66.76413255360623
0_0_0_0_1_1_0_1_1_0_0_1_0_0_1_1_1_0_0_0_0_0_0,1,0.00021666666666666666,3.0912061651652335e-5,0.3018867924528302,88.62348178137653
0_1_0_1_1_0_0_0_0_0_0_1_0_0_1_0_1_0_1_1_0_0_0,1,0.00021666666666666666,4.7140452079103176e-5,0.24528301886792453,63.20000000000001
1_1_1_0_0_1_1_1_0_1_1_0_1_1_0_1_0_1_0_1_1_1_1,1,0.00021666666666666666,3.681787005729085e-5,0.2641509433962264,72.78417660770602
1_0_1_0_0_1_0_1_0_0_0_1_0_0_1_1_1_1_1_0_1_1_1,1,0.00021666666666666666,4.642796092394705e-5,0.18867924528301888,60.53081232492997
1_0_1_1_0_1_1_1_0_0_0_1_1_1_0_1_0_1_1_0_1_1_1,1,0.00021666666666666666,9.428090415820634e-6,0.2641509433962264,58.46790890269151
0_0_0_0_0_1_1_1_0_0_0_1_0_1_1_1_1_0_0_0_1_1_1,1,0.0002133333333333333,3.399346342395189e-5,0.2830188679245283,76.47293447293447
0_1_0_1_1_0_1_0_0_1_1_0_1_1_0_1_0_0_1_1_0_0_0,1,0.0002133333333333333,4.02768199119819e-5,0.18867924528301888,65.59779077322936
0_0_0_1_0_1_1_1_1_0_0_1_0_1_1_1_1_0_0_0_1_1_1,1,0.00021,4.546060565661952e-5,0.3018867924528302,73.09722222222223
1_1_1_0_0_0_1_0_1_1_1_1_1_1_0_1_0_1_1_1_1_1_1,1,0.00021,4.966554808583778e-5,0.2641509433962264,68.11624649859944
0_1_0_0_1_0_0_0_0_0_0_0_1_0_0_1_0_0_1_1_0_0_0,1,0.00020666666666666666,3.3993463423951894e-5,0.2641509433962264,68.64267676767678
0_1_0_1_0_0_1_0_1_1_1_0_0_1_1_1_1_0_1_1_1_1_1,1,0.00020333333333333336,2.6246692913372702e-5,0.2641509433962264,63.9083820662768
0_0_0_1_0_1_1_1_1_1_1_1_1_1_0_1_0_0_0_0_1_1_1,1,0.00020333333333333336,1.247219128924647e-5,0.3018867924528302,80.62519936204147
1_0_1_0_0_1_0_1_1_1_1_1_1_0_0_0_0_1_0_0_1_1_1,1,0.00020333333333333333,6.236095644623236e-5,0.18867924528301888,68.84399551066218
0_0_0_0_1_1_0_1_0_1_1_1_1_0_0_1_0_0_0_0_0_0_0,1,0.00020333333333333333,3.6817870057290866e-5,0.3018867924528302,80.84166666666667
0_0_0_0_1_0_0_0_0_1_1_1_1_0_0_0_0_0_1_0_0_0_0,1,0.0002,1.414213562373095e-5,0.32075471698113206,61.74641148325359
1_1_1_0_1_0_0_0_1_0_0_0_0_0_1_0_1_1_1_1_0_0_0,1,0.0002,2.1602468994692865e-5,0.3018867924528302,80.33273915626857
1_1_1_1_1_0_0_0_0_0_0_0_0_0_1_0_1_1_1_1_0_0_0,1,0.0002,4.9665548085837796e-5,0.2830188679245283,82.03612926652143
1_1_1_0_0_1_1_1_1_0_0_0_0_1_1_1_1_1_1_1_1_1_1,1,0.00019999999999999998,4.082482904638631e-5,0.2830188679245283,70.4888888888889
1_0_1_0_0_1_1_1_0_0_0_0_0_1_1_1_1_1_0_0_1_1_1,1,0.00019666666666666669,2.494438257849294e-5,0.24528301886792453,63.440122044241036
1_0_1_0_0_1_1_1_1_0_0_0_0_1_1_1_1_1_0_0_1_1_1,1,0.00019666666666666669,9.428090415820634e-6,0.24528301886792453,57.36006683375104
1_1_1_1_1_0_0_0_1_0_0_0_0_0_1_0_1_1_1_1_0_0_0,1,0.00019666666666666669,4.9888765156985895e-5,0.2830188679245283,84.06691086691087
0_1_0_1_0_0_1_0_0_0_0_1_1_1_0_1_0_0_1_1_1_1_1,1,0.00019333333333333333,6.599663291074443e-5,0.2641509433962264,68.2936507936508
1_0_1_0_1_1_0_1_1_1_1_1_0_0_1_0_1_1_0_0_0_0_0,1,0.00019333333333333333,1.6996731711975947e-5,0.2641509433962264,61.03968253968254
1_0_1_1_1_1_0_1_0_0_0_1_1_0_0_0_0_1_0_0_0_0_0,1,0.00019333333333333333,1.247219128924647e-5,0.24528301886792453,64.96240601503759
1_0_1_1_0_1_1_1_1_1_1_1_0_1_1_0_1_1_0_0_1_1_1,1,0.00019333333333333333,5.4365021434333636e-5,0.2641509433962264,66.02932098765433
1_1_1_0_1_0_0_0_1_1_1_0_1_0_0_0_0_1_1_1_0_0_0,1,0.00019333333333333333,3.8586123009300757e-5,0.3018867924528302,73.44030365769497
1_1_1_0_0_1_1_1_1_1_1_0_1_1_0_1_0_1_1_1_1_1_1,1,0.00018999999999999998,5.887840577551899e-5,0.2830188679245283,66.83704820959723
0_1_0_1_1_0_0_0_1_0_0_1_0_0_1_0_1_0_1_1_0_0_0,1,0.00018999999999999998,6.68331255192114e-5,0.24528301886792453,70.77655677655677
1_1_1_0_0_0_1_0_0_1_1_1_1_1_0_1_0_1_1_1_1_1_1,1,0.00018999999999999998,3.7416573867739416e-5,0.2641509433962264,64.00925925925925
1_0_1_0_0_1_1_1_0_1_1_0_1_1_0_1_0_1_0_0_1_1_1,1,0.00018999999999999998,5.099019513592785e-5,0.24528301886792453,60.47619047619048
1_1_1_1_0_0_1_0_1_0_0_0_0_1_1_0_1_1_1_1_1_1_1,1,0.0001866666666666667,2.494438257849294e-5,0.3018867924528302,74.46338383838385
1_1_1_1_0_0_1_0_0_1_1_0_1_1_0_0_0_1_1_1_1_1_1,1,0.0001866666666666667,4.714045207910317e-6,0.3018867924528302,75.36062378167641
0_0_0_0_0_1_1_1_0_1_1_1_1_1_0_1_0_0_0_0_1_1_1,1,0.00018666666666666666,2.8674417556808764e-5,0.2830188679245283,82.36948431685275
0_1_0_1_1_0_0_0_0_1_1_1_1_0_0_0_0_0_1_1_0_0_0,1,0.00018333333333333334,9.428090415820634e-6,0.24528301886792453,73.66357069143446
1_1_1_1_1_0_0_0_1_1_1_0_1_0_0_0_0_1_1_1_0_0_0,1,0.00018,3.2659863237109046e-5,0.2830188679245283,85.95959595959596
0_1_0_0_0_0_1_0_1_1_1_0_0_1_1_1_1_0_1_1_1_1_1,1,0.0001766666666666667,9.428090415820634e-6,0.24528301886792453,61.63054695562435
1_1_1_0_0_0_1_0_1_0_0_0_0_1_1_0_1_1_0_1_1_1_1,1,0.0001766666666666667,4.714045207910317e-6,0.2641509433962264,71.81917211328977
1_0_1_1_1_1_0_1_1_1_1_1_0_0_1_0_1_1_0_0_0_0_0,1,0.00017333333333333336,1.8856180831641267e-5,0.24528301886792453,59.25
0_0_0_1_0_1_1_1_0_0_0_1_0_1_1_1_1_0_0_0_1_1_1,1,0.00017333333333333336,4.4969125210773474e-5,0.3018867924528302,92.95093795093794
0_0_0_1_0_0_1_0_0_0_0_1_0_1_1_0_1_0_1_0_1_1_1,1,0.00017333333333333336,1.699673171197596e-5,0.32075471698113206,67.92592592592592
1_1_1_1_1_1_0_1_0_1_1_0_1_0_0_1_0_1_0_1_0_0_0,1,0.0001733333333333333,1.699673171197596e-5,0.3018867924528302,63.92397660818714
1_0_1_0_1_1_0_1_0_0_0_1_1_0_0_0_0_1_0_0_0_0_0,1,0.00017,8.16496580927726e-6,0.2641509433962264,69.12990196078431
1_1_1_0_0_0_1_0_0_0_0_1_0_1_1_1_1_1_1_1_1_1_1,1,0.00017,8.16496580927726e-6,0.2641509433962264,71.74019607843137
1_1_1_0_0_0_1_0_1_1_1_0_1_1_0_0_0_1_0_1_1_1_1,1,0.00016666666666666666,5.7348835113617514e-5,0.2641509433962264,61.77777777777777
1_1_1_1_1_1_0_1_0_0_0_0_0_0_1_1_1_1_0_1_0_0_0,1,0.00016666666666666666,3.299831645537222e-5,0.3018867924528302,73.66376678876678
1_1_1_1_0_0_1_0_1_1_1_0_1_1_0_0_0_1_1_1_1_1_1,1,0.00016666666666666666,1.6996731711975957e-5,0.3018867924528302,77.45467836257309
1_1_1_1_1_0_0_0_0_1_1_0_1_0_0_0_0_1_1_1_0_0_0,1,0.00016333333333333334,4.0276819911981915e-5,0.2830188679245283,82.20446220446219
0_0_0_1_0_0_1_0_1_1_1_1_1_1_0_0_0_0_1_0_1_1_1,1,0.00016333333333333334,4.988876515698589e-5,0.32075471698113206,60.77997364953887
0_0_0_0_1_0_0_0_1_0_0_1_0_0_1_0_1_0_1_0_0_0_0,1,0.00016333333333333334,1.699673171197596e-5,0.32075471698113206,68.74727668845316
0_0_0_1_0_0_1_0_1_0_0_1_0_1_1_0_1_0_1_0_1_1_1,1,0.00016333333333333334,2.0548046676563263e-5,0.32075471698113206,69.9812030075188
0_0_0_1_0_0_1_0_0_1_1_1_1_1_0_0_0_0_1_0_1_1_1,1,0.00016333333333333334,1.247219128924648e-5,0.32075471698113206,71.74074074074075
1_1_1_1_0_1_1_1_1_1_1_0_1_1_0_1_0_1_0_1_1_1_1,1,0.00016333333333333334,6.79869268479038e-5,0.32075471698113206,62.50408630271331
0_1_0_1_0_0_1_0_0_0_0_0_1_1_0_1_0_0_1_1_1_1_1,1,0.00016333333333333334,1.699673171197596e-5,0.2641509433962264,65.84189231248054
0_0_0_1_1_1_0_1_1_1_1_1_1_0_0_1_0_0_1_0_0_0_0,1,0.00016,3.559026084010438e-5,0.2641509433962264,59.969474969474966
1_1_1_1_0_1_1_1_1_0_0_0_0_1_1_1_1_1_0_1_1_1_1,1,0.00016,3.2659863237109046e-5,0.32075471698113206,70.02777777777777
1_1_1_1_1_0_0_0_0_0_0_1_0_0_1_1_1_1_1_1_0_0_0,1,0.00016,6.48074069840786e-5,0.3018867924528302,59.12820512820513
0_1_0_0_0_0_1_0_0_0_0_0_1_1_0_1_0_0_1_1_1_1_1,1,0.00016,2.1602468994692878e-5,0.24528301886792453,69.85380116959065
1_1_1_0_1_1_0_1_0_0_0_0_0_0_1_1_1_1_0_1_0_0_0,1,0.00015999999999999999,8.16496580927727e-6,0.32075471698113206,66.23774509803921
0_0_0_1_1_1_0_1_0_0_0_1_0_0_1_1_1_0_1_0_0_0_0,1,0.00015999999999999999,6.164414002968977e-5,0.2641509433962264,64.85185185185185
1_1_1_0_1_0_0_0_0_0_0_0_0_0_1_0_1_1_1_1_0_0_0,1,0.0001566666666666667,2.867441755680876e-5,0.3018867924528302,78.32602339181285
0_0_0_0_0_0_1_0_1_0_0_1_0_1_1_0_1_0_1_0_1_1_1,1,0.0001566666666666667,4.109609335312651e-5,0.3018867924528302,63.68253968253968
0_0_0_1_1_1_0_1_1_0_0_1_0_0_1_1_1_0_1_0_0_0_0,1,0.0001566666666666667,4.921607686744467e-5,0.2641509433962264,51.323232323232325
0_0_0_0_0_0_1_0_0_1_1_1_1_1_0_0_0_0_1_0_1_1_1,1,0.00015666666666666666,3.299831645537222e-5,0.3018867924528302,67.33333333333333
0_0_0_1_1_1_0_1_1_1_1_0_1_0_0_0_0_0_0_0_0_0_0,1,0.00015666666666666666,9.428090415820645e-6,0.2641509433962264,66.77124183006536
1_1_1_0_0_0_1_0_0_1_1_0_1_1_0_0_0_1_0_1_1_1_1,1,0.00015666666666666663,9.428090415820645e-6,0.2641509433962264,66.83660130718954
0_0_0_1_1_0_0_0_1_0_0_1_0_0_1_0_1_0_0_0_0_0_0,1,0.00015333333333333334,4.784233364802442e-5,0.2830188679245283,71.75990675990676
0_1_0_0_0_0_1_0_1_0_0_1_0_1_1_0_1_0_1_1_1_1_1,1,0.00015333333333333334,2.3570226039551588e-5,0.2830188679245283,65.66993464052287
0_0_0_0_0_1_1_1_1_0_0_1_0_1_1_1_1_0_0_0_1_1_1,1,0.00015333333333333334,2.3570226039551588e-5,0.2830188679245283,72.95751633986929
1_1_1_0_1_1_0_1_1_1_1_0_1_0_0_1_0_1_0_1_0_0_0,1,0.0001533333333333333,1.8856180831641277e-5,0.32075471698113206,56.772486772486765
0_0_0_0_1_0_0_0_1_1_1_1_1_0_0_0_0_0_1_0_0_0_0,1,0.00015,4.2426406871192855e-5,0.32075471698113206,63.611111111111114
1_1_1_0_1_1_0_1_0_1_1_0_1_0_0_1_0_1_0_1_0_0_0,1,0.00015,1.632993161855453e-5,0.32075471698113206,68.41628959276018
0_0_0_0_1_0_0_0_0_0_0_1_0_0_1_0_1_0_1_0_0_0_0,1,0.00015,8.16496580927727e-6,0.32075471698113206,66.34325396825396
1_1_1_0_0_0_1_0_1_0_0_1_0_1_1_1_1_1_1_1_1_1_1,1,0.00015,2.160246899469287e-5,0.2641509433962264,59.015522875817
0_0_0_0_1_1_0_1_1_1_1_1_1_0_0_1_0_0_0_0_0_0_0,1,0.00015,1.4142135623730961e-5,0.3018867924528302,83.25320512820512
1_1_1_1_1_1_0_1_1_0_0_1_0_0_1_1_1_1_1_1_0_0_0,1,0.00015,2.9439202887759494e-5,0.32075471698113206,73.03451178451178
1_1_1_0_1_0_0_0_0_1_1_0_1_0_0_0_0_1_1_1_0_0_0,1,0.00014666666666666666,9.428090415820645e-6,0.3018867924528302,78.51190476190476
0_0_0_1_1_1_0_1_0_1_1_1_1_0_0_1_0_0_1_0_0_0_0,1,0.00014666666666666666,4.714045207910317e-6,0.2641509433962264,66.31746031746032
0_0_0_1_1_1_0_1_0_1_1_0_1_0_0_0_0_0_0_0_0_0_0,1,0.00014666666666666666,9.428090415820645e-6,0.2641509433962264,65.80357142857143
1_1_1_0_1_1_0_1_1_0_0_0_0_0_1_1_1_1_0_1_0_0_0,1,0.00014333333333333334,1.8856180831641277e-5,0.32075471698113206,75.64102564102564
0_0_0_1_1_0_0_0_0_0_0_1_0_0_1_0_1_0_0_0_0_0_0,1,0.00014333333333333334,5.249338582674542e-5,0.2830188679245283,78.73507297655904
1_1_1_0_1_0_0_0_0_1_1_0_1_0_0_0_0_1_0_1_0_0_0,1,0.00014333333333333334,2.054804667656326e-5,0.32075471698113206,53.83986928104574
0_0_0_0_0_0_1_0_1_1_1_1_1_1_0_0_0_0_1_0_1_1_1,1,0.0001433333333333333,9.428090415820634e-6,0.3018867924528302,71.88034188034187
0_0_0_1_0_1_1_1_0_1_1_1_1_1_0_1_0_0_0_0_1_1_1,1,0.00014000000000000001,1.4142135623730943e-5,0.3018867924528302,78.16666666666667
1_0_1_1_1_1_0_1_1_1_1_0_1_0_0_1_0_1_0_0_0_0_0,1,0.00014000000000000001,4.0824829046386304e-5,0.2830188679245283,58.75382901698691
1_1_1_0_0_0_1_0_0_0_0_0_0_1_1_0_1_1_0_1_1_1_1,1,0.00014000000000000001,8.16496580927726e-6,0.2641509433962264,55.63858363858364
1_1_1_1_1_1_0_1_1_0_0_0_0_0_1_1_1_1_0_1_0_0_0,1,0.00014000000000000001,2.1602468994692875e-5,0.3018867924528302,62.48366013071896
0_1_0_0_1_0_0_0_1_1_1_0_0_0_1_1_1_0_1_1_0_0_0,1,0.00014000000000000001,2.4494897427831785e-5,0.2641509433962264,68.69493251846193
0_1_0_1_1_0_0_0_1_0_0_0_0_0_1_0_1_0_1_1_0_0_0,1,0.00013666666666666666,2.494438257849295e-5,0.24528301886792453,50.18099547511312
0_0_0_0_0_0_1_0_0_0_0_1_0_1_1_0_1_0_1_0_1_1_1,1,0.00013666666666666666,2.494438257849295e-5,0.3018867924528302,69.71890854243796
1_1_1_0_1_1_0_1_0_1_1_0_1_0_0_1_0_1_1_1_0_0_0,1,0.00013666666666666666,1.2472191289246464e-5,0.33962264150943394,70.1031746031746
0_0_0_1_1_0_0_0_1_1_1_1_1_0_0_0_0_0_0_0_0_0_0,1,0.00013333333333333334,4.4969125210773474e-5,0.2830188679245283,76.01889338731444
1_1_1_0_0_0_1_0_0_0_0_0_0_1_1_1_1_1_1_1_1_1_1,1,0.0001333333333333333,1.2472191289246465e-5,0.2641509433962264,62.62820512820513
1_1_1_1_1_1_0_1_1_1_1_0_1_0_0_1_0_1_0_1_0_0_0,1,0.0001333333333333333,9.428090415820627e-6,0.3018867924528302,68.13492063492063
1_1_1_0_0_1_1_1_1_1_1_0_1_1_0_0_0_1_0_1_1_1_1,1,0.00013,1.4142135623730943e-5,0.2830188679245283,66.16666666666667
1_0_1_0_1_1_0_1_1_1_1_0_1_0_0_1_0_1_0_0_0_0_0,1,0.00012666666666666666,1.2472191289246464e-5,0.3018867924528302,59.15251415251416
0_0_0_1_1_1_0_1_1_0_0_0_0_0_1_0_1_0_0_0_0_0_0,1,0.00012666666666666666,1.2472191289246464e-5,0.2641509433962264,61.107226107226104
1_1_1_1_0_1_1_1_0_1_1_0_1_1_0_1_0_1_0_1_1_1_1,1,0.00012666666666666666,2.0548046676563246e-5,0.32075471698113206,62.77777777777777
1_0_1_0_1_1_0_1_1_0_0_0_0_0_1_1_1_1_0_0_0_0_0,1,0.00012666666666666666,2.0548046676563246e-5,0.3018867924528302,62.94017094017094
1_1_1_0_1_0_0_0_1_0_0_1_0_0_1_1_1_1_1_1_0_0_0,1,0.00012666666666666666,6.0184900284225965e-5,0.32075471698113206,56.444444444444436
0_1_0_0_1_0_0_0_0_1_1_1_1_0_0_0_0_0_1_1_0_0_0,1,0.00012333333333333334,1.885618083164126e-5,0.3018867924528302,55.81818181818181
1_1_1_1_0_0_1_0_0_1_1_0_1_1_0_0_0_1_0_1_1_1_1,1,0.00012333333333333334,4.7140452079103176e-5,0.32075471698113206,55.96491228070175
1_1_1_1_0_0_1_0_0_0_0_1_0_1_1_1_1_1_1_1_1_1_1,1,0.00012333333333333334,4.784233364802442e-5,0.32075471698113206,48.69736842105263
0_1_0_0_1_0_0_0_0_0_0_1_0_0_1_0_1_0_1_1_0_0_0,1,0.00012333333333333334,2.4944382578492934e-5,0.3018867924528302,48.245014245014254
0_0_0_1_0_1_1_1_1_0_0_0_0_1_1_0_1_0_0_0_1_1_1,1,0.00012333333333333334,3.091206165165234e-5,0.32075471698113206,61.44444444444445
1_1_1_1_1_0_0_0_1_0_0_0_0_0_1_0_1_1_0_1_0_0_0,1,0.00012333333333333334,2.4944382578492934e-5,0.3018867924528302,56.387464387464384
0_0_0_0_1_1_0_1_1_1_1_1_1_0_0_1_0_0_1_0_0_0_0,1,0.00012333333333333334,3.8586123009300757e-5,0.32075471698113206,65.1190476190476
0_0_0_0_1_1_0_1_0_0_0_1_0_0_1_1_1_0_1_0_0_0_0,1,0.00012333333333333334,3.681787005729087e-5,0.32075471698113206,59.75490196078431
1_1_1_0_0_1_1_1_0_1_1_0_1_1_0_1_0_1_1_1_1_1_1,1,0.0001233333333333333,1.699673171197594e-5,0.2830188679245283,58.0
1_1_1_1_0_1_1_1_1_1_1_0_1_1_0_1_0_1_1_1_1_1_1,1,0.00012,2.9439202887759494e-5,0.33962264150943394,71.68981481481482
0_1_0_1_1_0_0_0_0_1_1_0_1_0_0_0_0_0_1_1_0_0_0,1,0.00012,2.9439202887759494e-5,0.24528301886792453,52.13173400673401
1_1_1_1_1_1_0_1_1_0_0_0_0_0_1_1_1_1_1_1_0_0_0,1,0.00011666666666666667,1.2472191289246465e-5,0.32075471698113206,68.71367521367522
1_1_1_0_0_1_1_1_0_1_1_0_1_1_0_0_0_1_0_1_1_1_1,1,0.00011666666666666667,1.6996731711975944e-5,0.2830188679245283,55.41991341991343
1_1_1_1_0_1_1_1_1_0_0_0_0_1_1_1_1_1_1_1_1_1_1,1,0.00011666666666666667,2.0548046676563246e-5,0.33962264150943394,64.88095238095238
0_1_0_1_1_0_0_0_0_0_0_0_0_0_1_0_1_0_1_1_0_0_0,1,0.00011666666666666665,3.299831645537221e-5,0.24528301886792453,67.38095238095238
0_0_0_1_0_1_1_1_1_1_1_0_1_1_0_0_0_0_0_0_1_1_1,1,0.00011333333333333334,9.428090415820634e-6,0.32075471698113206,63.77777777777778
0_0_0_0_0_1_1_1_1_0_0_1_0_1_1_1_1_0_1_0_1_1_1,1,0.00011333333333333333,2.4944382578492934e-5,0.3018867924528302,61.269841269841265
1_0_1_0_0_1_1_1_0_0_0_1_0_1_1_1_1_1_0_0_1_1_1,1,0.00011,1.4142135623730943e-5,0.24528301886792453,64.7948717948718
0_0_0_1_1_0_0_0_0_1_1_1_1_0_0_0_0_0_0_0_0_0_0,1,0.00011,2.8284271247461892e-5,0.2830188679245283,63.62962962962964
1_1_1_0_0_1_1_1_0_0_0_0_0_1_1_1_1_1_1_1_1_1_1,1,0.00011,5.099019513592785e-5,0.2830188679245283,86.26602564102564
1_0_1_1_1_1_0_1_1_0_0_0_0_0_1_1_1_1_0_0_0_0_0,1,0.00011,1.6329931618554513e-5,0.2830188679245283,56.78062678062678
1_1_1_1_0_0_1_0_1_0_0_1_0_1_1_1_1_1_1_1_1_1_1,1,0.00011,3.265986323710904e-5,0.32075471698113206,56.715728715728716
1_1_1_1_0_1_1_1_0_0_0_0_0_1_1_1_1_1_0_1_1_1_1,1,0.00011,0.0,0.32075471698113206,70.3030303030303
1_1_1_0_1_1_0_1_1_0_0_0_0_0_1_1_1_1_1_1_0_0_0,1,0.00010666666666666668,4.714045207910317e-6,0.33962264150943394,61.51515151515152
0_0_0_0_0_1_1_1_0_1_1_0_1_1_0_0_0_0_0_0_1_1_1,1,0.00010666666666666668,2.0548046676563246e-5,0.3018867924528302,52.278554778554785
1_1_1_1_1_1_0_1_1_1_1_0_1_0_0_1_0_1_1_1_0_0_0,1,0.00010666666666666668,1.699673171197594e-5,0.32075471698113206,55.66096866096867
1_1_1_0_0_0_1_0_1_1_1_0_1_1_0_1_0_1_1_1_1_1_1,1,0.00010666666666666668,1.247219128924647e-5,0.2641509433962264,63.51851851851851
0_0_0_0_1_1_0_1_1_0_0_1_0_0_1_1_1_0_1_0_0_0_0,1,0.00010666666666666665,2.8674417556808754e-5,0.32075471698113206,64.35064935064935
0_0_0_1_0_0_1_0_1_0_0_1_0_1_1_0_1_0_0_0_1_1_1,1,0.00010666666666666665,3.8586123009300757e-5,0.33962264150943394,61.46164021164021
0_0_0_0_1_1_0_1_0_1_1_0_1_0_0_0_0_0_0_0_0_0_0,1,0.00010666666666666665,1.6996731711975944e-5,0.32075471698113206,53.65242165242165
1_1_1_0_1_0_0_0_0_0_0_1_0_0_1_1_1_1_1_1_0_0_0,1,0.00010666666666666665,2.054804667656325e-5,0.32075471698113206,56.44522144522145
0_1_0_0_0_0_1_0_1_1_1_1_1_1_0_0_0_0_1_1_1_1_1,1,0.00010333333333333333,1.6996731711975947e-5,0.2830188679245283,53.686868686868685
1_1_1_0_0_0_1_0_1_0_0_0_0_1_1_1_1_1_1_1_1_1_1,1,0.00010333333333333333,3.3993463423951894e-5,0.2641509433962264,58.27513227513228
0_0_0_0_0_1_1_1_1_0_0_0_0_1_1_0_1_0_0_0_1_1_1,1,0.00010333333333333333,2.0548046676563246e-5,0.3018867924528302,50.5576923076923
1_0_1_1_0_1_1_1_0_1_1_0_1_1_0_1_0_1_0_0_1_1_1,1,0.00010333333333333333,2.6246692913372695e-5,0.3018867924528302,64.80820105820105
1_0_1_0_0_1_1_1_1_1_1_1_1_1_0_1_0_1_1_0_1_1_1,1,0.00010333333333333333,1.247219128924647e-5,0.2641509433962264,65.05555555555556
1_1_1_1_1_0_0_0_1_1_1_1_1_0_0_1_0_1_1_1_0_0_0,1,0.00010333333333333333,9.428090415820634e-6,0.3018867924528302,69.22558922558922
0_1_0_1_1_0_0_0_0_1_1_0_1_0_0_0_0_0_0_1_0_0_0,1,0.00010333333333333333,2.3570226039551588e-5,0.2641509433962264,48.849206349206355
0_0_0_1_0_1_1_1_1_1_1_1_1_1_0_1_0_0_1_0_1_1_1,1,0.00010333333333333333,2.3570226039551588e-5,0.32075471698113206,66.94444444444444
1_1_1_1_1_0_0_0_1_1_1_0_1_0_0_0_0_1_0_1_0_0_0,1,0.00010333333333333333,9.428090415820634e-6,0.3018867924528302,57.84511784511784
0_0_0_1_1_1_0_1_0_1_1_1_1_0_0_0_0_0_0_0_0_0_0,1,0.0001,2.8284271247461892e-5,0.2641509433962264,68.92857142857143
0_1_0_1_1_0_0_0_1_0_0_0_0_0_1_0_1_0_0_1_0_0_0,1,0.0001,1.632993161855452e-5,0.2641509433962264,64.02777777777779
0_1_0_1_1_0_0_0_1_0_0_1_0_0_1_1_1_0_1_1_0_0_0,1,0.0001,1.632993161855452e-5,0.2641509433962264,54.52777777777778
1_1_1_1_0_1_1_1_0_0_0_0_0_1_1_1_1_1_1_1_1_1_1,1,0.0001,3.265986323710903e-5,0.33962264150943394,63.349206349206355
0_0_0_0_1_1_0_1_1_0_0_0_0_0_1_0_1_0_0_0_0_0_0,1,9.999999999999999e-5,2.160246899469287e-5,0.32075471698113206,62.20057720057719
0_0_0_0_1_0_0_0_1_1_1_1_1_0_0_0_0_0_0_0_0_0_0,1,9.999999999999999e-5,2.9439202887759487e-5,0.33962264150943394,83.51981351981352
1_1_1_1_1_1_0_1_1_1_1_0_1_0_0_0_0_1_0_1_0_0_0,1,9.999999999999999e-5,2.160246899469286e-5,0.32075471698113206,64.78276353276352
0_0_0_0_0_0_1_0_0_1_1_1_1_1_0_0_0_0_0_0_1_1_1,1,9.666666666666668e-5,4.642796092394707e-5,0.32075471698113206,58.583333333333336
1_1_1_1_0_0_1_0_0_1_1_1_1_1_0_1_0_1_1_1_1_1_1,1,9.666666666666667e-5,4.1096093353126506e-5,0.32075471698113206,62.2962962962963
0_0_0_1_1_0_0_0_1_0_0_1_0_0_1_1_1_0_1_0_0_0_0,1,9.666666666666667e-5,2.4944382578492937e-5,0.2830188679245283,52.71062271062271
1_1_1_0_0_0_1_0_0_1_1_0_1_1_0_1_0_1_1_1_1_1_1,1,9.666666666666667e-5,1.247219128924647e-5,0.2641509433962264,50.88636363636363
1_0_1_0_0_1_1_1_0_1_1_1_1_1_0_1_0_1_0_0_1_1_1,1,9.666666666666667e-5,2.054804667656326e-5,0.24528301886792453,65.3015873015873
1_0_1_0_0_1_1_1_1_0_0_0_0_1_1_0_1_1_0_0_1_1_1,1,9.666666666666667e-5,2.3570226039551575e-5,0.2641509433962264,62.59615384615385
0_0_0_0_0_1_1_1_0_1_1_1_1_1_0_1_0_0_1_0_1_1_1,1,9.666666666666667e-5,1.8856180831641274e-5,0.3018867924528302,54.80519480519481
0_1_0_1_0_0_1_0_0_0_0_1_0_1_1_0_1_0_1_1_1_1_1,1,9.666666666666667e-5,4.714045207910317e-6,0.3018867924528302,54.77777777777778
1_1_1_1_1_0_0_0_0_1_1_0_1_0_0_0_0_1_0_1_0_0_0,1,9.666666666666667e-5,2.4944382578492937e-5,0.3018867924528302,54.12698412698413
1_1_1_1_0_0_1_0_0_0_0_0_0_1_1_0_1_1_0_1_1_1_1,1,9.666666666666667e-5,4.714045207910317e-6,0.32075471698113206,57.074074074074076
1_1_1_0_1_1_0_1_0_0_0_0_0_0_1_1_1_1_1_1_0_0_0,1,9.666666666666667e-5,1.247219128924647e-5,0.33962264150943394,71.33333333333333
1_0_1_0_0_1_1_1_1_0_0_1_0_1_1_1_1_1_1_0_1_1_1,1,9.666666666666667e-5,2.867441755680875e-5,0.2641509433962264,55.17948717948718
1_0_1_0_1_1_0_1_0_1_1_0_1_0_0_1_0_1_0_0_0_0_0,1,9.333333333333334e-5,9.428090415820634e-6,0.3018867924528302,68.0
0_0_0_1_1_1_0_1_0_0_0_0_0_0_1_0_1_0_0_0_0_0_0,1,9.333333333333334e-5,9.428090415820634e-6,0.2641509433962264,71.33333333333333
1_1_1_1_0_0_1_0_1_1_1_1_1_1_0_1_0_1_1_1_1_1_1,1,9.333333333333334e-5,4.714045207910317e-6,0.32075471698113206,65.22222222222223
1_1_1_1_0_1_1_1_0_1_1_0_1_1_0_1_0_1_1_1_1_1_1,1,9.333333333333334e-5,2.0548046676563257e-5,0.33962264150943394,61.283068783068785
0_0_0_0_1_1_0_1_1_1_1_0_1_0_0_0_0_0_0_0_0_0_0,1,9.333333333333333e-5,2.054804667656326e-5,0.32075471698113206,67.91005291005291
0_0_0_1_0_1_1_1_0_0_0_1_0_1_1_1_1_0_1_0_1_1_1,1,9.333333333333333e-5,2.867441755680875e-5,0.32075471698113206,51.80911680911681
1_0_1_1_1_1_0_1_0_1_1_0_1_0_0_1_0_1_0_0_0_0_0,1,9.0e-5,1.6329931618554523e-5,0.2830188679245283,54.271284271284266
0_0_0_0_0_1_1_1_1_1_1_0_1_1_0_0_0_0_0_0_1_1_1,1,9.0e-5,3.559026084010437e-5,0.3018867924528302,54.97474747474748
0_0_0_0_0_1_1_1_0_0_0_1_0_1_1_1_1_0_1_0_1_1_1,1,9.0e-5,0.0,0.3018867924528302,55.55555555555556
0_0_0_0_0_1_1_1_0_0_0_1_0_1_1_0_1_0_0_0_1_1_1,1,9.0e-5,1.6329931618554523e-5,0.3018867924528302,56.0990860990861
0_1_0_0_0_0_1_0_0_0_0_1_0_1_1_0_1_0_1_1_1_1_1,1,9.0e-5,1.6329931618554523e-5,0.2830188679245283,47.47474747474748
1_1_1_0_1_0_0_0_1_1_1_1_1_0_0_1_0_1_1_1_0_0_0,1,9.0e-5,2.160246899469287e-5,0.32075471698113206,60.0
0_0_0_1_1_1_0_1_1_0_0_1_0_0_1_0_1_0_0_0_0_0_0,1,9.0e-5,8.16496580927726e-6,0.2641509433962264,62.49074074074074
1_0_1_0_0_1_1_1_1_0_0_1_0_1_1_1_1_1_0_0_1_1_1,1,9.0e-5,2.8284271247461902e-5,0.24528301886792453,58.96969696969697
0_0_0_0_0_0_1_0_1_1_1_1_1_1_0_0_0_0_0_0_1_1_1,1,9.0e-5,8.16496580927726e-6,0.32075471698113206,57.77777777777778
0_0_0_0_1_0_0_0_0_0_0_1_0_0_1_0_1_0_0_0_0_0_0,1,9.0e-5,2.449489742783178e-5,0.33962264150943394,65.46296296296298
1_0_1_0_0_1_1_1_0_0_0_0_0_1_1_0_1_1_0_0_1_1_1,1,9.0e-5,2.9439202887759484e-5,0.2641509433962264,61.41025641025641
1_0_1_1_0_1_1_1_1_1_1_0_1_1_0_1_0_1_0_0_1_1_1,1,9.0e-5,4.546060565661951e-5,0.3018867924528302,59.833333333333336
0_0_0_0_1_0_0_0_0_1_1_1_1_0_0_0_0_0_0_0_0_0_0,1,9.0e-5,8.16496580927726e-6,0.33962264150943394,69.42592592592592
0_1_0_1_1_0_0_0_1_1_1_0_1_0_0_0_0_0_1_1_0_0_0,1,9.0e-5,4.320493798938573e-5,0.24528301886792453,54.11810411810412
0_1_0_0_1_0_0_0_1_1_1_1_1_0_0_0_0_0_1_1_0_0_0,1,8.666666666666668e-5,9.428090415820634e-6,0.3018867924528302,56.166666666666664
0_0_0_0_0_1_1_1_1_1_1_1_1_1_0_1_0_0_1_0_1_1_1,1,8.666666666666668e-5,1.6996731711975954e-5,0.3018867924528302,52.002164502164504
0_0_0_0_1_1_0_1_0_1_1_1_1_0_0_1_0_0_1_0_0_0_0,1,8.666666666666668e-5,1.2472191289246475e-5,0.32075471698113206,57.857142857142854
1_1_1_0_1_0_0_0_1_0_0_0_0_0_1_0_1_1_0_1_0_0_0,1,8.666666666666668e-5,2.6246692913372705e-5,0.32075471698113206,51.3939393939394
1_1_1_1_1_0_0_0_0_1_1_1_1_0_0_1_0_1_1_1_0_0_0,1,8.666666666666668e-5,2.8674417556808757e-5,0.3018867924528302,55.75925925925926
1_1_1_1_0_0_1_0_1_1_1_0_1_1_0_0_0_1_0_1_1_1_1,1,8.666666666666668e-5,9.428090415820634e-6,0.32075471698113206,65.41666666666667
0_0_0_1_1_1_0_1_1_1_1_1_1_0_0_0_0_0_0_0_0_0_0,1,8.666666666666668e-5,2.6246692913372705e-5,0.2641509433962264,57.54545454545455
0_0_0_0_0_1_1_1_0_1_1_1_1_1_0_0_0_0_0_0_1_1_1,1,8.666666666666668e-5,2.6246692913372705e-5,0.3018867924528302,55.6060606060606
0_1_0_1_1_0_0_0_1_1_1_0_1_0_0_0_0_0_0_1_0_0_0,1,8.666666666666668e-5,2.6246692913372705e-5,0.2641509433962264,69.51515151515152
0_0_0_1_0_0_1_0_0_1_1_1_1_1_0_0_0_0_0_0_1_1_1,1,8.666666666666665e-5,4.496912521077347e-5,0.33962264150943394,58.333333333333336
1_1_1_0_0_1_1_1_1_0_0_0_0_1_1_0_1_1_0_1_1_1_1,1,8.666666666666665e-5,4.496912521077347e-5,0.2830188679245283,55.111111111111114
1_1_1_1_0_0_1_0_1_0_0_0_0_1_1_0_1_1_0_1_1_1_1,1,8.666666666666665e-5,3.681787005729086e-5,0.32075471698113206,56.59544159544159
1_0_1_0_0_1_1_1_0_1_1_1_1_1_0_1_0_1_1_0_1_1_1,1,8.333333333333333e-5,1.699673171197595e-5,0.2641509433962264,74.74074074074075
1_1_1_1_1_0_0_0_0_0_0_0_0_0_1_0_1_1_0_1_0_0_0,1,8.333333333333333e-5,4.1096093353126506e-5,0.3018867924528302,57.26495726495727
1_0_1_1_0_1_1_1_0_0_0_0_0_1_1_1_1_1_0_0_1_1_1,1,8.333333333333333e-5,3.6817870057290866e-5,0.3018867924528302,60.89743589743589
0_1_0_1_1_0_0_0_0_1_1_1_1_0_0_1_0_0_1_1_0_0_0,1,8.333333333333333e-5,1.699673171197595e-5,0.2641509433962264,63.03703703703704
0_0_0_0_0_1_1_1_0_0_0_0_0_1_1_0_1_0_0_0_1_1_1,1,8.333333333333333e-5,9.428090415820639e-6,0.3018867924528302,57.08994708994709
0_0_0_0_0_0_1_0_1_0_0_1_0_1_1_0_1_0_0_0_1_1_1,1,8.333333333333333e-5,1.2472191289246475e-5,0.32075471698113206,65.53571428571429
1_1_1_1_1_0_0_0_1_0_0_1_0_0_1_1_1_1_1_1_0_0_0,1,8.333333333333333e-5,3.091206165165234e-5,0.3018867924528302,59.96969696969697
1_1_1_0_1_1_0_1_1_1_1_0_1_0_0_1_0_1_1_1_0_0_0,1,8.333333333333333e-5,2.8674417556808757e-5,0.33962264150943394,55.861111111111114
1_0_1_0_0_1_1_1_0_1_1_0_1_1_0_0_0_1_0_0_1_1_1,1,8.333333333333333e-5,2.6246692913372705e-5,0.2641509433962264,51.269841269841265
0_0_0_1_0_1_1_1_0_1_1_1_1_1_0_1_0_0_1_0_1_1_1,1,8.333333333333333e-5,1.8856180831641274e-5,0.32075471698113206,41.77489177489178
0_1_0_0_1_0_0_0_1_0_0_1_0_0_1_0_1_0_1_1_0_0_0,1,8.333333333333333e-5,4.02768199119819e-5,0.3018867924528302,46.507936507936506
0_0_0_1_1_0_0_0_0_1_1_1_1_0_0_1_0_0_1_0_0_0_0,1,8.333333333333333e-5,4.189935029992178e-5,0.2830188679245283,58.214285714285715
0_1_0_1_0_0_1_0_0_1_1_1_1_1_0_0_0_0_1_1_1_1_1,1,8.333333333333333e-5,9.428090415820639e-6,0.3018867924528302,55.661375661375665
1_1_1_1_0_0_1_0_1_0_0_0_0_1_1_1_1_1_1_1_1_1_1,1,8.333333333333333e-5,2.6246692913372705e-5,0.32075471698113206,55.714285714285715
0_0_0_0_1_0_0_0_0_0_0_1_0_0_1_1_1_0_1_0_0_0_0,1,8.0e-5,1.6329931618554523e-5,0.33962264150943394,46.333333333333336
0_1_0_1_0_0_1_0_1_1_1_1_1_1_0_0_0_0_1_1_1_1_1,1,8.0e-5,1.4142135623730955e-5,0.3018867924528302,55.333333333333336
1_0_1_0_0_1_1_1_1_1_1_0_1_1_0_0_0_1_0_0_1_1_1,1,8.0e-5,8.164965809277265e-6,0.2641509433962264,94.08068783068784
1_1_1_0_1_0_0_0_0_0_0_0_0_0_1_0_1_1_0_1_0_0_0,1,8.0e-5,3.265986323710904e-5,0.32075471698113206,54.44444444444445
0_0_0_0_1_1_0_1_0_0_0_0_0_0_1_0_1_0_0_0_0_0_0,1,8.0e-5,1.6329931618554523e-5,0.32075471698113206,57.47222222222222
0_0_0_1_0_1_1_1_1_0_0_1_0_1_1_1_1_0_1_0_1_1_1,1,8.0e-5,1.6329931618554523e-5,0.32075471698113206,64.19444444444444
0_0_0_0_0_0_1_0_0_0_0_1_0_1_1_0_1_0_0_0_1_1_1,1,8.0e-5,2.160246899469287e-5,0.32075471698113206,55.97402597402597
1_1_1_0_1_0_0_0_1_0_0_0_0_0_1_1_1_1_1_1_0_0_0,1,8.0e-5,4.3204937989385736e-5,0.32075471698113206,45.77777777777777
1_0_1_0_0_1_1_1_1_1_1_1_1_1_0_1_0_1_0_0_1_1_1,1,8.0e-5,0.0,0.24528301886792453,53.75
1_1_1_1_1_0_0_0_1_1_1_0_1_0_0_1_0_1_1_1_0_0_0,1,7.999999999999999e-5,2.1602468994692868e-5,0.3018867924528302,64.81240981240981
1_0_1_0_1_1_0_1_0_0_0_0_0_0_1_1_1_1_0_0_0_0_0,1,7.999999999999999e-5,8.164965809277265e-6,0.3018867924528302,62.87698412698413
1_1_1_1_1_1_0_1_1_0_0_0_0_0_1_0_1_1_0_1_0_0_0,1,7.999999999999999e-5,3.559026084010437e-5,0.32075471698113206,61.042735042735046
0_0_0_1_0_0_1_0_0_0_0_1_0_1_1_0_1_0_0_0_1_1_1,1,7.999999999999999e-5,2.160246899469287e-5,0.33962264150943394,61.883116883116884
0_0_0_1_0_1_1_1_0_1_1_0_1_1_0_0_0_0_0_0_1_1_1,1,7.666666666666667e-5,1.6996731711975954e-5,0.32075471698113206,66.0
0_0_0_1_0_1_1_1_0_0_0_0_0_1_1_0_1_0_0_0_1_1_1,1,7.666666666666667e-5,1.2472191289246474e-5,0.32075471698113206,59.35185185185185
1_1_1_0_1_0_0_0_0_1_1_0_1_0_0_1_0_1_1_1_0_0_0,1,7.666666666666667e-5,4.988876515698588e-5,0.32075471698113206,52.67806267806268
0_0_0_0_1_0_0_0_0_1_1_1_1_0_0_1_0_0_1_0_0_0_0,1,7.666666666666667e-5,2.3570226039551588e-5,0.33962264150943394,49.696969696969695
0_1_0_1_0_0_1_0_0_1_1_0_1_1_0_0_0_0_1_1_1_1_1,1,7.666666666666667e-5,1.6996731711975954e-5,0.3018867924528302,62.68253968253968
0_1_0_0_1_0_0_0_1_1_1_0_1_0_0_0_0_0_1_1_0_0_0,1,7.666666666666666e-5,9.428090415820639e-6,0.3018867924528302,55.3968253968254
1_0_1_0_1_1_0_1_1_0_0_1_0_0_1_1_1_1_0_0_0_0_0,1,7.333333333333334e-5,1.699673171197595e-5,0.3018867924528302,61.379629629629626
0_0_0_0_1_0_0_0_1_0_0_1_0_0_1_0_1_0_0_0_0_0_0,1,7.333333333333334e-5,9.428090415820637e-6,0.33962264150943394,59.44444444444445
0_1_0_1_1_0_0_0_1_1_1_1_1_0_0_1_0_0_1_1_0_0_0,1,7.333333333333333e-5,2.6246692913372705e-5,0.2641509433962264,65.35353535353535
1_1_1_0_1_0_0_0_0_1_1_1_1_0_0_1_0_1_1_1_0_0_0,1,7.333333333333333e-5,2.4944382578492944e-5,0.32075471698113206,58.5
0_0_0_1_1_1_0_1_0_0_0_1_0_0_1_0_1_0_0_0_0_0_0,1,7.333333333333333e-5,2.0548046676563257e-5,0.2641509433962264,66.04761904761905
0_0_0_0_0_1_1_1_1_1_1_1_1_1_0_0_0_0_0_0_1_1_1,1,7.333333333333333e-5,3.681787005729087e-5,0.3018867924528302,51.70634920634921
1_1_1_0_1_1_0_1_0_1_1_0_1_0_0_0_0_1_0_1_0_0_0,1,7.333333333333333e-5,3.771236166328254e-5,0.33962264150943394,46.333333333333336
0_0_0_0_0_0_1_0_0_0_0_1_0_1_1_1_1_0_1_0_1_1_1,1,7.333333333333333e-5,4.714045207910323e-6,0.32075471698113206,51.96428571428572
0_0_0_1_1_0_0_0_1_1_1_1_1_0_0_1_0_0_1_0_0_0_0,1,7.333333333333333e-5,1.2472191289246475e-5,0.2830188679245283,65.55555555555556
1_0_1_1_1_1_0_1_0_0_0_0_0_0_1_1_1_1_0_0_0_0_0,1,7.333333333333333e-5,9.428090415820637e-6,0.2830188679245283,53.05555555555555
0_1_0_1_0_0_1_0_0_0_0_0_0_1_1_0_1_0_1_1_1_1_1,1,7.333333333333333e-5,1.885618083164127e-5,0.3018867924528302,54.22222222222222
1_0_1_1_0_1_1_1_1_1_1_1_1_1_0_1_0_1_0_0_1_1_1,1,7.000000000000001e-5,1.4142135623730953e-5,0.3018867924528302,56.666666666666664
0_1_0_1_0_0_1_0_1_0_0_1_0_1_1_0_1_0_1_1_1_1_1,1,7.000000000000001e-5,2.943920288775949e-5,0.3018867924528302,57.57575757575757
0_0_0_0_1_1_0_1_0_1_1_1_1_0_0_0_0_0_0_0_0_0_0,1,7.000000000000001e-5,1.6329931618554523e-5,0.32075471698113206,59.65079365079365
0_0_0_0_1_1_0_1_1_1_1_1_1_0_0_0_0_0_0_0_0_0_0,1,7.000000000000001e-5,1.4142135623730953e-5,0.32075471698113206,63.0
1_0_1_1_1_1_0_1_1_0_0_1_0_0_1_1_1_1_0_0_0_0_0,1,7.000000000000001e-5,2.943920288775949e-5,0.2830188679245283,49.621212121212125
1_0_1_0_1_1_0_1_1_1_1_0_1_0_0_0_0_1_0_0_0_0_0,1,7.000000000000001e-5,8.164965809277262e-6,0.32075471698113206,54.76190476190476
0_1_0_0_0_0_1_0_0_1_1_1_1_1_0_0_0_0_1_1_1_1_1,1,7.000000000000001e-5,2.1602468994692868e-5,0.2830188679245283,60.18518518518518
1_0_1_1_0_1_1_1_1_0_0_1_0_1_1_1_1_1_0_0_1_1_1,1,7.000000000000001e-5,8.164965809277262e-6,0.3018867924528302,52.99603174603175
0_0_0_1_0_0_1_0_0_0_0_1_0_1_1_1_1_0_1_0_1_1_1,1,7.000000000000001e-5,1.6329931618554523e-5,0.33962264150943394,58.285714285714285
1_0_1_1_1_1_0_1_0_0_0_0_0_0_1_0_1_1_0_0_0_0_0,1,7.000000000000001e-5,2.1602468994692868e-5,0.3018867924528302,45.18518518518518
1_1_1_1_1_1_0_1_0_1_1_0_1_0_0_1_0_1_1_1_0_0_0,1,7.000000000000001e-5,8.164965809277262e-6,0.32075471698113206,68.75
0_1_0_1_1_0_0_0_0_0_0_0_0_0_1_0_1_0_0_1_0_0_0,1,7.0e-5,4.546060565661952e-5,0.2641509433962264,82.35042735042735
0_0_0_1_0_0_1_0_1_1_1_1_1_1_0_0_0_0_0_0_1_1_1,1,6.666666666666667e-5,2.4944382578492944e-5,0.33962264150943394,67.05555555555556
1_0_1_0_0_1_1_1_1_0_0_1_0_1_1_0_1_1_0_0_1_1_1,1,6.666666666666667e-5,1.2472191289246472e-5,0.2641509433962264,43.30952380952382
1_1_1_1_1_1_0_1_0_1_1_0_1_0_0_0_0_1_0_1_0_0_0,1,6.666666666666667e-5,9.428090415820637e-6,0.32075471698113206,46.388888888888886
1_1_1_0_0_1_1_1_0_0_0_0_0_1_1_0_1_1_0_1_1_1_1,1,6.666666666666667e-5,2.4944382578492944e-5,0.2830188679245283,61.0
0_1_0_0_1_0_0_0_1_0_0_1_0_0_1_1_1_0_1_1_0_0_0,1,6.666666666666667e-5,1.2472191289246472e-5,0.32075471698113206,64.26190476190476
0_1_0_0_1_0_0_0_1_0_0_0_0_0_1_0_1_0_1_1_0_0_0,1,6.666666666666667e-5,2.624669291337271e-5,0.3018867924528302,47.4537037037037
1_1_1_1_0_1_1_1_1_1_1_0_1_1_0_0_0_1_0_1_1_1_1,1,6.666666666666667e-5,1.699673171197595e-5,0.33962264150943394,40.22222222222223
1_0_1_1_0_1_1_1_1_0_0_0_0_1_1_1_1_1_0_0_1_1_1,1,6.666666666666666e-5,1.2472191289246472e-5,0.3018867924528302,64.09523809523809
1_1_1_1_1_1_0_1_0_0_0_0_0_0_1_1_1_1_1_1_0_0_0,1,6.333333333333333e-5,1.2472191289246474e-5,0.32075471698113206,68.77777777777777
1_1_1_1_1_0_0_0_1_0_0_0_0_0_1_1_1_1_1_1_0_0_0,1,6.333333333333333e-5,3.091206165165235e-5,0.3018867924528302,49.375
0_0_0_1_0_1_1_1_1_1_1_1_1_1_0_0_0_0_0_0_1_1_1,1,6.333333333333333e-5,9.42809041582063e-6,0.32075471698113206,52.476190476190474
1_1_1_1_0_0_1_0_0_0_0_0_0_1_1_1_1_1_1_1_1_1_1,1,6.333333333333333e-5,2.0548046676563257e-5,0.32075471698113206,66.20370370370371
0_0_0_0_1_1_0_1_1_0_0_1_0_0_1_0_1_0_0_0_0_0_0,1,6.333333333333333e-5,4.714045207910313e-6,0.32075471698113206,52.61904761904762
1_0_1_0_0_1_1_1_0_1_1_1_1_1_0_0_0_1_0_0_1_1_1,1,6.333333333333333e-5,4.714045207910313e-6,0.2641509433962264,41.42857142857142
1_0_1_1_0_1_1_1_0_0_0_1_0_1_1_1_1_1_0_0_1_1_1,1,6.333333333333333e-5,1.2472191289246474e-5,0.3018867924528302,68.0
1_0_1_0_1_1_0_1_0_0_0_1_0_0_1_1_1_1_0_0_0_0_0,1,6.333333333333333e-5,1.699673171197595e-5,0.3018867924528302,45.11904761904762
0_1_0_1_0_0_1_0_1_0_0_0_0_1_1_0_1_0_1_1_1_1_1,1,6.333333333333333e-5,4.714045207910313e-6,0.3018867924528302,58.095238095238095
1_1_1_1_0_1_1_1_0_0_0_0_0_1_1_0_1_1_0_1_1_1_1,1,6.333333333333333e-5,4.714045207910313e-6,0.33962264150943394,59.44444444444445
0_1_0_0_1_0_0_0_0_1_1_0_1_0_0_0_0_0_1_1_0_0_0,1,6.0e-5,2.1602468994692868e-5,0.3018867924528302,44.36507936507937
1_1_1_1_1_0_0_0_0_0_0_0_0_0_1_1_1_1_1_1_0_0_0,1,6.0e-5,1.4142135623730953e-5,0.3018867924528302,55.166666666666664
0_1_0_0_1_0_0_0_0_1_1_1_1_0_0_1_0_0_1_1_0_0_0,1,6.0e-5,1.6329931618554523e-5,0.32075471698113206,43.19444444444445
0_1_0_0_0_0_1_0_0_1_1_0_1_1_0_0_0_0_1_1_1_1_1,1,6.0e-5,2.943920288775949e-5,0.2830188679245283,56.44444444444445
0_0_0_1_0_1_1_1_1_0_0_1_0_1_1_0_1_0_0_0_1_1_1,1,5.9999999999999995e-5,1.4142135623730946e-5,0.32075471698113206,56.785714285714285
1_0_1_1_1_1_0_1_0_1_1_0_1_0_0_0_0_1_0_0_0_0_0,1,5.9999999999999995e-5,2.1602468994692868e-5,0.3018867924528302,57.46031746031746
1_0_1_0_1_1_0_1_0_0_0_1_0_0_1_1_1_1_1_0_0_0_0,1,5.666666666666667e-5,2.4944382578492947e-5,0.32075471698113206,54.370370370370374
1_1_1_0_1_1_0_1_0_0_0_0_0_0_1_0_1_1_0_1_0_0_0,1,5.666666666666667e-5,2.6246692913372705e-5,0.33962264150943394,40.05952380952381
1_1_1_0_1_0_0_0_1_1_1_0_1_0_0_0_0_1_0_1_0_0_0,1,5.666666666666667e-5,4.714045207910317e-6,0.32075471698113206,52.888888888888886
0_1_0_0_0_0_1_0_1_1_1_0_1_1_0_0_0_0_1_1_1_1_1,1,5.666666666666667e-5,1.2472191289246467e-5,0.2830188679245283,49.642857142857146
1_0_1_1_1_1_0_1_1_0_0_0_0_0_1_0_1_1_0_0_0_0_0,1,5.666666666666667e-5,1.2472191289246467e-5,0.3018867924528302,50.357142857142854
0_0_0_0_1_0_0_0_1_1_1_1_1_0_0_1_0_0_1_0_0_0_0,1,5.666666666666667e-5,3.7712361663282534e-5,0.33962264150943394,61.71717171717171
1_0_1_1_1_1_0_1_0_0_0_1_0_0_1_1_1_1_0_0_0_0_0,1,5.666666666666667e-5,1.2472191289246467e-5,0.2830188679245283,44.047619047619044
1_1_1_1_1_0_0_0_0_1_1_0_1_0_0_1_0_1_1_1_0_0_0,1,5.666666666666667e-5,4.714045207910317e-6,0.3018867924528302,53.11111111111111
0_0_0_0_1_0_0_0_1_0_0_1_0_0_1_1_1_0_1_0_0_0_0,1,5.666666666666667e-5,9.42809041582063e-6,0.33962264150943394,62.666666666666664
1_0_1_0_1_1_0_1_1_1_1_1_1_0_0_1_0_1_0_0_0_0_0,1,5.666666666666667e-5,2.6246692913372705e-5,0.3018867924528302,53.035714285714285
0_1_0_1_0_0_1_0_0_1_1_0_1_1_0_0_0_0_0_1_1_1_1,1,5.6666666666666664e-5,9.42809041582063e-6,0.32075471698113206,46.76190476190476
1_0_1_1_0_1_1_1_0_0_0_1_0_1_1_1_1_1_1_0_1_1_1,1,5.6666666666666664e-5,9.42809041582063e-6,0.32075471698113206,53.42857142857142
0_0_0_1_1_0_0_0_0_0_0_1_0_0_1_1_1_0_1_0_0_0_0,1,5.6666666666666664e-5,9.42809041582063e-6,0.2830188679245283,65.23809523809524
0_1_0_0_1_0_0_0_0_1_1_0_1_0_0_0_0_0_0_1_0_0_0,1,5.333333333333334e-5,4.714045207910317e-6,0.32075471698113206,46.888888888888886
1_0_1_1_1_1_0_1_0_1_1_1_1_0_0_0_0_1_0_0_0_0_0,1,5.333333333333334e-5,4.714045207910317e-6,0.3018867924528302,46.888888888888886
0_1_0_0_1_0_0_0_0_0_0_1_0_0_1_1_1_0_1_1_0_0_0,1,5.333333333333334e-5,3.091206165165235e-5,0.32075471698113206,71.07142857142857
1_1_1_0_1_0_0_0_0_0_0_0_0_0_1_1_1_1_1_1_0_0_0,1,5.333333333333334e-5,9.428090415820634e-6,0.32075471698113206,49.166666666666664
1_0_1_0_0_1_1_1_0_0_0_1_0_1_1_0_1_1_0_0_1_1_1,1,5.333333333333334e-5,1.885618083164127e-5,0.2641509433962264,51.666666666666664
0_1_0_1_1_0_0_0_0_1_1_0_1_0_0_1_0_0_1_1_0_0_0,1,5.333333333333334e-5,1.885618083164127e-5,0.2641509433962264,81.66666666666667
1_1_1_1_0_1_1_1_0_1_1_0_1_1_0_0_0_1_0_1_1_1_1,1,5.333333333333334e-5,4.714045207910317e-6,0.33962264150943394,50.44444444444445
0_1_0_1_0_0_1_0_1_1_1_0_1_1_0_0_0_0_1_1_1_1_1,1,5.333333333333334e-5,2.8674417556808757e-5,0.3018867924528302,65.14814814814815
1_1_1_0_1_0_0_0_1_1_1_0_1_0_0_1_0_1_1_1_0_0_0,1,5.333333333333334e-5,4.714045207910317e-6,0.32075471698113206,52.666666666666664
1_0_1_1_0_1_1_1_1_1_1_1_1_1_0_1_0_1_1_0_1_1_1,1,5.3333333333333326e-5,1.2472191289246467e-5,0.32075471698113206,59.285714285714285
1_0_1_1_0_1_1_1_0_1_1_1_1_1_0_1_0_1_0_0_1_1_1,1,5.3333333333333326e-5,1.2472191289246467e-5,0.3018867924528302,59.785714285714285
0_1_0_0_1_0_0_0_1_1_1_1_1_0_0_1_0_0_1_1_0_0_0,1,5.3333333333333326e-5,1.2472191289246467e-5,0.32075471698113206,54.595238095238095
0_0_0_0_0_0_1_0_1_1_1_1_1_1_0_1_0_0_1_0_1_1_1,1,5.3333333333333326e-5,1.6996731711975947e-5,0.32075471698113206,49.285714285714285
1_0_1_1_1_1_0_1_1_1_1_1_1_0_0_0_0_1_0_0_0_0_0,1,5.0e-5,3.559026084010437e-5,0.3018867924528302,56.22222222222222
0_1_0_1_0_0_1_0_0_0_0_0_0_1_1_0_1_0_0_1_1_1_1,1,5.0e-5,8.16496580927726e-6,0.32075471698113206,54.388888888888886
0_0_0_1_0_1_1_1_0_0_0_1_0_1_1_0_1_0_0_0_1_1_1,1,5.0e-5,8.16496580927726e-6,0.32075471698113206,72.05555555555556
0_0_0_0_0_0_1_0_0_1_1_1_1_1_0_1_0_0_1_0_1_1_1,1,5.0e-5,2.1602468994692868e-5,0.32075471698113206,64.16666666666667
0_1_0_0_0_0_1_0_0_1_1_0_1_1_0_0_0_0_0_1_1_1_1,1,5.0e-5,2.943920288775949e-5,0.3018867924528302,63.24074074074074
0_1_0_0_1_0_0_0_0_0_0_0_0_0_1_0_1_0_0_1_0_0_0,1,5.0e-5,2.4494897427831785e-5,0.32075471698113206,43.666666666666664
1_0_1_0_1_1_0_1_0_1_1_1_1_0_0_1_0_1_0_0_0_0_0,1,5.0e-5,2.160246899469287e-5,0.3018867924528302,77.6388888888889
1_0_1_0_1_1_0_1_0_1_1_0_1_0_0_0_0_1_0_0_0_0_0,1,5.0e-5,2.1602468994692868e-5,0.32075471698113206,64.58333333333333
0_1_0_1_0_0_1_0_1_0_0_0_0_1_1_0_1_0_0_1_1_1_1,1,5.0e-5,1.6329931618554516e-5,0.32075471698113206,50.38095238095238
1_0_1_1_0_1_1_1_1_1_1_0_1_1_0_0_0_1_0_0_1_1_1,1,5.0e-5,8.16496580927726e-6,0.32075471698113206,57.388888888888886
1_0_1_1_0_1_1_1_0_1_1_0_1_1_0_0_0_1_0_0_1_1_1,1,4.9999999999999996e-5,1.4142135623730946e-5,0.32075471698113206,45.0
0_1_0_1_1_0_0_0_1_0_0_0_0_0_1_1_1_0_1_1_0_0_0,1,4.9999999999999996e-5,1.6329931618554516e-5,0.2641509433962264,63.46031746031746
1_0_1_1_1_1_0_1_0_1_1_1_1_0_0_1_0_1_0_0_0_0_0,1,4.9999999999999996e-5,1.6329931618554516e-5,0.2830188679245283,61.01587301587301
0_1_0_0_1_0_0_0_1_0_0_0_0_0_1_0_1_0_0_1_0_0_0,1,4.9999999999999996e-5,1.6329931618554516e-5,0.32075471698113206,56.47619047619048
0_1_0_0_1_0_0_0_1_1_1_0_1_0_0_0_0_0_0_1_0_0_0,1,4.666666666666667e-5,9.428090415820634e-6,0.32075471698113206,56.94444444444445
1_1_1_0_1_1_0_1_1_0_0_0_0_0_1_0_1_1_0_1_0_0_0,1,4.666666666666667e-5,2.4944382578492947e-5,0.33962264150943394,47.5
1_0_1_1_0_1_1_1_1_1_1_1_1_1_0_0_0_1_0_0_1_1_1,1,4.666666666666667e-5,1.2472191289246472e-5,0.32075471698113206,54.77777777777778
1_0_1_1_1_1_0_1_0_0_0_1_0_0_1_1_1_1_1_0_0_0_0,1,4.666666666666667e-5,1.2472191289246472e-5,0.3018867924528302,46.666666666666664
0_1_0_0_0_0_1_0_0_0_0_0_0_1_1_0_1_0_1_1_1_1_1,1,4.666666666666667e-5,1.8856180831641267e-5,0.2830188679245283,44.44444444444445
0_0_0_0_0_0_1_0_1_0_0_1_0_1_1_1_1_0_1_0_1_1_1,1,4.666666666666667e-5,4.714045207910317e-6,0.32075471698113206,53.666666666666664
0_1_0_0_0_0_1_0_0_1_1_1_1_1_0_1_0_0_1_1_1_1_1,1,4.666666666666667e-5,2.4944382578492947e-5,0.3018867924528302,52.916666666666664
0_1_0_1_1_0_0_0_0_0_0_0_0_0_1_1_1_0_1_1_0_0_0,1,4.666666666666667e-5,4.714045207910317e-6,0.2641509433962264,58.0
0_0_0_1_0_0_1_0_0_1_1_1_1_1_0_1_0_0_1_0_1_1_1,1,4.666666666666667e-5,1.2472191289246472e-5,0.33962264150943394,72.0
1_0_1_1_1_1_0_1_1_1_1_1_1_0_0_1_0_1_1_0_0_0_0,1,4.6666666666666665e-5,1.6996731711975947e-5,0.3018867924528302,54.047619047619044
0_0_0_1_0_1_1_1_0_1_1_1_1_1_0_0_0_0_0_0_1_1_1,1,4.6666666666666665e-5,2.0548046676563253e-5,0.32075471698113206,45.285714285714285
1_0_1_0_1_1_0_1_0_1_1_1_1_0_0_0_0_1_0_0_0_0_0,1,4.6666666666666665e-5,1.6996731711975947e-5,0.32075471698113206,54.642857142857146
1_0_1_0_0_1_1_1_0_0_0_1_0_1_1_1_1_1_1_0_1_1_1,1,4.6666666666666665e-5,2.0548046676563253e-5,0.2641509433962264,56.42857142857143
1_0_1_1_1_1_0_1_1_1_1_1_1_0_0_1_0_1_0_0_0_0_0,1,4.6666666666666665e-5,1.6996731711975947e-5,0.2830188679245283,59.08730158730159
1_0_1_1_1_1_0_1_1_0_0_1_0_0_1_0_1_1_0_0_0_0_0,1,4.6666666666666665e-5,1.6996731711975947e-5,0.3018867924528302,44.166666666666664
1_0_1_1_0_1_1_1_0_1_1_1_1_1_0_0_0_1_0_0_1_1_1,1,4.6666666666666665e-5,1.6996731711975947e-5,0.32075471698113206,72.53968253968254
1_0_1_1_0_1_1_1_0_1_1_1_1_1_0_1_0_1_1_0_1_1_1,1,4.333333333333334e-5,1.6996731711975947e-5,0.32075471698113206,39.888888888888886
0_1_0_0_0_0_1_0_1_0_0_0_0_1_1_0_1_0_0_1_1_1_1,1,4.333333333333334e-5,9.428090415820635e-6,0.3018867924528302,53.77777777777778
0_1_0_0_0_0_1_0_1_0_0_0_0_1_1_0_1_0_1_1_1_1_1,1,4.333333333333334e-5,4.714045207910317e-6,0.2830188679245283,49.833333333333336
1_0_1_1_0_1_1_1_1_0_0_0_0_1_1_0_1_1_0_0_1_1_1,1,4.333333333333334e-5,2.0548046676563253e-5,0.32075471698113206,38.69047619047619
0_1_0_0_1_0_0_0_0_0_0_0_0_0_1_0_1_0_1_1_0_0_0,1,4.333333333333334e-5,1.247219128924647e-5,0.3018867924528302,42.77777777777778
1_0_1_1_0_1_1_1_1_0_0_1_0_1_1_1_1_1_1_0_1_1_1,1,4.333333333333334e-5,2.6246692913372705e-5,0.32075471698113206,53.611111111111114
0_1_0_1_0_0_1_0_1_1_1_0_1_1_0_0_0_0_0_1_1_1_1,1,4.333333333333334e-5,4.714045207910317e-6,0.32075471698113206,51.333333333333336
0_1_0_1_1_0_0_0_0_0_0_1_0_0_1_1_1_0_1_1_0_0_0,1,4.333333333333334e-5,1.2472191289246472e-5,0.2641509433962264,63.611111111111114
1_0_1_1_1_1_0_1_0_1_1_1_1_0_0_1_0_1_1_0_0_0_0,1,4.333333333333334e-5,4.714045207910317e-6,0.3018867924528302,60.333333333333336
0_1_0_0_0_0_1_0_1_1_1_0_1_1_0_0_0_0_0_1_1_1_1,1,4.333333333333334e-5,4.714045207910317e-6,0.3018867924528302,56.333333333333336
0_0_0_1_0_0_1_0_1_1_1_1_1_1_0_1_0_0_1_0_1_1_1,1,4.333333333333334e-5,4.714045207910317e-6,0.33962264150943394,52.0
1_0_1_1_0_1_1_1_0_0_0_0_0_1_1_0_1_1_0_0_1_1_1,1,4.0e-5,8.164965809277262e-6,0.32075471698113206,38.5
0_1_0_1_0_0_1_0_1_1_1_1_1_1_0_1_0_0_1_1_1_1_1,1,4.0e-5,8.164965809277262e-6,0.32075471698113206,56.44444444444445
0_1_0_1_0_0_1_0_0_0_0_1_0_1_1_1_1_0_1_1_1_1_1,1,4.0e-5,1.4142135623730951e-5,0.32075471698113206,52.5
1_0_1_0_1_1_0_1_0_1_1_1_1_0_0_1_0_1_1_0_0_0_0,1,4.0e-5,8.164965809277262e-6,0.32075471698113206,57.27777777777778
0_1_0_0_0_0_1_0_0_1_1_0_1_1_0_1_0_0_1_1_1_1_1,1,4.0e-5,2.1602468994692868e-5,0.3018867924528302,38.666666666666664
0_1_0_0_0_0_1_0_1_0_0_0_0_1_1_1_1_0_1_1_1_1_1,1,3.9999999999999996e-5,2.1602468994692865e-5,0.3018867924528302,47.38095238095238
0_1_0_1_0_0_1_0_0_1_1_1_1_1_0_1_0_0_1_1_1_1_1,1,3.666666666666667e-5,4.7140452079103185e-6,0.32075471698113206,42.77777777777778
1_0_1_0_0_1_1_1_1_1_1_1_1_1_0_0_0_1_0_0_1_1_1,1,3.666666666666667e-5,2.0548046676563257e-5,0.2641509433962264,52.77777777777778
0_1_0_0_0_0_1_0_0_0_0_0_0_1_1_0_1_0_0_1_1_1_1,1,3.6666666666666666e-5,9.428090415820635e-6,0.3018867924528302,50.888888888888886
1_0_1_0_1_1_0_1_1_0_0_0_0_0_1_0_1_1_0_0_0_0_0,1,3.6666666666666666e-5,4.7140452079103185e-6,0.32075471698113206,59.166666666666664
0_1_0_0_0_0_1_0_1_1_1_1_1_1_0_1_0_0_1_1_1_1_1,1,3.6666666666666666e-5,9.428090415820635e-6,0.3018867924528302,50.0
1_1_1_0_1_1_0_1_1_1_1_0_1_0_0_0_0_1_0_1_0_0_0,1,3.6666666666666666e-5,1.2472191289246472e-5,0.33962264150943394,44.0
0_0_0_1_0_0_1_0_1_0_0_1_0_1_1_1_1_0_1_0_1_1_1,1,3.6666666666666666e-5,9.428090415820635e-6,0.33962264150943394,54.666666666666664
0_1_0_1_0_0_1_0_0_0_0_0_0_1_1_1_1_0_1_1_1_1_1,1,3.3333333333333335e-5,1.2472191289246472e-5,0.32075471698113206,36.88888888888889
1_1_1_1_0_0_1_0_0_1_1_0_1_1_0_1_0_1_1_1_1_1_1,1,3.3333333333333335e-5,1.699673171197595e-5,0.32075471698113206,54.0
0_1_0_0_1_0_0_0_1_0_0_0_0_0_1_1_1_0_1_1_0_0_0,1,3.3333333333333335e-5,9.428090415820635e-6,0.32075471698113206,41.666666666666664
1_0_1_0_1_1_0_1_1_1_1_1_1_0_0_0_0_1_0_0_0_0_0,1,3.3333333333333335e-5,9.428090415820635e-6,0.32075471698113206,53.333333333333336
1_1_1_1_0_1_1_1_1_0_0_0_0_1_1_0_1_1_0_1_1_1_1,1,3.3333333333333335e-5,1.699673171197595e-5,0.33962264150943394,77.83333333333333
1_0_1_1_0_1_1_1_1_0_0_1_0_1_1_0_1_1_0_0_1_1_1,1,3.3333333333333335e-5,9.428090415820635e-6,0.32075471698113206,47.5
1_1_1_1_0_0_1_0_1_1_1_0_1_1_0_1_0_1_1_1_1_1_1,1,3.3333333333333335e-5,9.428090415820635e-6,0.32075471698113206,45.833333333333336
0_1_0_0_0_0_1_0_1_1_1_0_1_1_0_1_0_0_1_1_1_1_1,1,3.333333333333333e-5,2.62466929133727e-5,0.3018867924528302,54.76190476190476
0_1_0_1_1_0_0_0_1_1_1_0_1_0_0_1_0_0_1_1_0_0_0,1,3.0e-5,8.164965809277262e-6,0.2641509433962264,54.444444444444436
1_0_1_1_1_1_0_1_1_1_1_0_1_0_0_0_0_1_0_0_0_0_0,1,3.0e-5,1.632993161855452e-5,0.3018867924528302,49.111111111111114
1_0_1_1_0_1_1_1_0_0_0_1_0_1_1_0_1_1_0_0_1_1_1,1,3.0e-5,1.4142135623730951e-5,0.32075471698113206,58.333333333333336
1_0_1_0_1_1_0_1_1_0_0_1_0_0_1_0_1_1_0_0_0_0_0,1,3.0e-5,8.164965809277262e-6,0.32075471698113206,36.111111111111114
1_0_1_1_1_1_0_1_0_0_0_1_0_0_1_0_1_1_0_0_0_0_0,1,3.0e-5,1.632993161855452e-5,0.3018867924528302,69.77777777777779
0_1_0_1_0_0_1_0_1_0_0_1_0_1_1_1_1_0_1_1_1_1_1,1,3.0e-5,8.164965809277262e-6,0.32075471698113206,55.833333333333336
0_1_0_0_0_0_1_0_0_0_0_1_0_1_1_1_1_0_1_1_1_1_1,1,3.0e-5,1.4142135623730951e-5,0.3018867924528302,49.333333333333336
1_0_1_0_1_1_0_1_1_1_1_1_1_0_0_1_0_1_1_0_0_0_0,1,3.0e-5,8.164965809277262e-6,0.32075471698113206,49.72222222222222
1_0_1_1_1_1_0_1_1_0_0_1_0_0_1_1_1_1_1_0_0_0_0,1,2.9999999999999997e-5,2.82842712474619e-5,0.3018867924528302,39.523809523809526
0_0_0_0_0_1_1_1_1_0_0_1_0_1_1_0_1_0_0_0_1_1_1,1,2.666666666666667e-5,1.2472191289246472e-5,0.3018867924528302,35.0
0_1_0_0_0_0_1_0_1_0_0_1_0_1_1_1_1_0_1_1_1_1_1,1,2.666666666666667e-5,4.714045207910317e-6,0.3018867924528302,51.66666666666667
0_0_0_0_1_1_0_1_0_0_0_1_0_0_1_0_1_0_0_0_0_0_0,1,2.666666666666667e-5,1.2472191289246472e-5,0.32075471698113206,46.666666666666664
1_1_1_1_1_1_0_1_0_0_0_0_0_0_1_0_1_1_0_1_0_0_0,1,2.666666666666667e-5,1.2472191289246472e-5,0.32075471698113206,50.833333333333336
1_0_1_0_1_1_0_1_1_0_0_1_0_0_1_1_1_1_1_0_0_0_0,1,2.666666666666667e-5,2.3570226039551585e-5,0.32075471698113206,34.44444444444445
0_1_0_1_0_0_1_0_0_1_1_0_1_1_0_1_0_0_1_1_1_1_1,1,2.666666666666667e-5,2.0548046676563257e-5,0.32075471698113206,68.66666666666667
0_1_0_1_0_0_1_0_1_0_0_0_0_1_1_1_1_0_1_1_1_1_1,1,2.3333333333333336e-5,1.2472191289246474e-5,0.32075471698113206,38.75
0_1_0_0_0_0_1_0_0_0_0_0_0_1_1_1_1_0_1_1_1_1_1,1,2.3333333333333336e-5,1.2472191289246474e-5,0.3018867924528302,37.5
0_1_0_0_1_0_0_0_0_0_0_0_0_0_1_1_1_0_1_1_0_0_0,1,2.3333333333333336e-5,1.2472191289246472e-5,0.32075471698113206,51.666666666666664
0_1_0_1_0_0_1_0_1_1_1_0_1_1_0_1_0_0_1_1_1_1_1,1,2.3333333333333336e-5,2.0548046676563257e-5,0.32075471698113206,37.5
1_0_1_0_1_1_0_1_0_0_0_1_0_0_1_0_1_1_0_0_0_0_0,1,2.0e-5,8.16496580927726e-6,0.32075471698113206,56.666666666666664
1_0_1_0_1_1_0_1_0_0_0_0_0_0_1_0_1_1_0_0_0_0_0,1,2.0e-5,0.0,0.32075471698113206,43.333333333333336
0_1_0_0_1_0_0_0_0_1_1_0_1_0_0_1_0_0_1_1_0_0_0,1,1.666666666666667e-5,4.714045207910318e-6,0.32075471698113206,50.0
0_1_0_0_1_0_0_0_1_1_1_0_1_0_0_1_0_0_1_1_0_0_0,1,1.0e-5,0.0,0.32075471698113206,53.333333333333336
