states,flag,Avg0,SD0,frust0,time
0_0_0_1_0_0_0_1_0_0_0_0_0_0_1_0_1_1_0_0_0_0_0_0_0_0_1_0_1_1_0_1,1,0.09196666666666668,0.00017632041540584253,0.17647058823529413,195.4738087891313
1_1_1_0_1_1_1_0_1_1_1_1_1_1_0_1_0_0_1_1_1_1_1_1_1_1_0_1_0_0_1_0,1,0.09036999999999999,0.0016053867654452227,0.17647058823529413,195.00564856948142
1_1_1_1_1_1_1_0_1_1_1_1_1_1_0_1_0_0_1_0_1_1_1_1_1_1_0_1_0_0_1_0,1,0.08486333333333333,0.0009772182742640216,0.17647058823529413,218.86027054214347
0_0_0_0_0_0_0_1_0_0_0_0_0_0_1_0_1_1_0_1_0_0_0_0_0_0_1_0_1_1_0_1,1,0.08433,0.0004079215610874189,0.17647058823529413,217.98302171667333
0_0_0_1_0_0_0_1_1_0_0_0_0_0_0_0_0_0_0_1_0_0_0_0_1_0_0_0_1_1_1_1,1,0.02630333333333333,0.00040144184579532277,0.23529411764705882,293.1604229975474
1_1_1_0_1_1_1_0_0_1_1_1_1_1_1_1_1_1_1_0_1_1_1_1_0_1_1_1_0_0_0_0,1,0.026213333333333328,0.00033826353959926327,0.23529411764705882,294.3872953488063
0_0_0_1_0_0_0_1_1_0_0_0_0_0_1_0_1_0_0_0_0_0_0_0_0_0_0_0_1_1_1_1,1,0.025573333333333333,0.0003235566239298611,0.2222222222222222,252.1068852611984
1_1_1_0_1_1_1_0_0_1_1_1_1_1_0_1_0_1_1_1_1_1_1_1_1_1_1_1_0_0_0_0,1,0.025410000000000002,0.0006409888194552754,0.2222222222222222,251.73473086552997
1_0_1_0_0_0_0_1_0_1_1_0_1_1_1_1_1_1_0_0_1_0_0_1_0_0_1_0_0_0_0_0,1,0.00986,0.00014719601443879734,0.2222222222222222,194.8942501022087
0_1_0_0_0_1_1_1_1_0_0_1_0_0_0_0_0_0_1_1_0_1_1_0_1_0_0_0_1_1_1_1,1,0.009806666666666667,0.00011085526098877217,0.2679738562091503,262.77941956629667
0_1_0_1_1_1_1_0_1_0_0_1_0_0_0_0_0_0_1_1_0_1_1_0_1_1_0_1_1_1_1_1,1,0.00955,0.00024535688292770557,0.2222222222222222,194.75601959936157
1_0_1_1_1_0_0_0_0_1_1_0_1_1_1_1_1_1_0_0_1_0_0_1_0_1_1_1_0_0_0_0,1,0.009526666666666668,0.00022647050335283982,0.2679738562091503,257.04593356981144
0_1_0_1_1_1_1_0_1_0_0_1_0_0_0_0_0_0_1_0_0_1_1_0_1_1_0_1_1_1_1_1,1,0.008993333333333332,0.00013123346456686352,0.21568627450980393,183.84681420811407
1_0_1_0_0_0_0_1_0_1_1_0_1_1_1_1_1_1_0_1_1_0_0_1_0_0_1_0_0_0_0_0,1,0.008776666666666667,0.00022291004663067352,0.21568627450980393,183.3261931857791
1_1_1_1_1_1_1_0_1_1_1_1_1_1_0_0_0_0_1_0_1_1_1_1_1_1_0_1_0_0_1_0,1,0.008666666666666668,0.00017987650084309436,0.21568627450980393,201.86630697791074
1_1_1_1_1_1_1_0_1_1_1_1_0_1_0_0_0_0_1_0_0_1_1_1_1_1_0_1_0_0_1_0,1,0.008656666666666667,0.00028767265347188565,0.22875816993464052,193.70615757662506
0_0_0_0_0_0_0_1_0_0_0_0_1_0_1_1_1_1_0_1_1_0_0_0_0_0_1_0_1_1_0_1,1,0.00856,0.0005322280213091629,0.22875816993464052,191.94686378440028
0_0_0_0_0_0_0_1_0_0_0_0_0_0_1_1_1_1_0_1_0_0_0_0_0_0_1_0_1_1_0_1,1,0.0085,0.00028390139133156777,0.21568627450980393,205.01474479171176
0_0_0_0_0_0_0_1_0_0_0_0_0_0_1_1_1_1_0_1_1_0_0_0_0_0_1_0_1_1_0_1,1,0.008446666666666667,0.0001811690432226823,0.2222222222222222,204.06557913261986
1_1_1_1_1_1_1_0_1_1_1_1_1_1_0_0_0_0_1_0_0_1_1_1_1_1_0_1_0_0_1_0,1,0.008336666666666668,0.00010498677165349109,0.2222222222222222,207.52030804868662
1_1_1_0_1_1_1_0_1_1_1_1_0_1_0_0_0_0_1_1_0_1_1_1_1_1_0_1_0_0_1_0,1,0.008103333333333332,0.00022528993664954394,0.22875816993464052,168.66835684554542
0_0_0_1_0_0_0_1_0_0_0_0_1_0_1_1_1_1_0_0_1_0_0_0_0_0_1_0_1_1_0_1,1,0.00809,0.0002196967607104543,0.22875816993464052,171.5840519080197
1_1_1_0_1_1_1_0_1_1_1_1_1_1_0_0_0_0_1_1_0_1_1_1_1_1_0_1_0_0_1_0,1,0.00806,0.00012083045973594615,0.2222222222222222,185.09985803000504
0_0_0_1_0_0_0_1_0_0_0_0_0_0_1_1_1_1_0_0_0_0_0_0_0_0_1_0_1_1_0_1,1,0.007989999999999999,0.0003929376540877697,0.21568627450980393,175.9340401842002
0_0_0_1_0_0_0_1_0_0_0_0_0_0_1_1_1_1_0_0_1_0_0_0_0_0_1_0_1_1_0_1,1,0.007896666666666666,0.00020885933597094056,0.2222222222222222,185.06517165920835
1_1_1_0_1_1_1_0_1_1_1_1_1_1_0_0_0_0_1_1_1_1_1_1_1_1_0_1_0_0_1_0,1,0.007823333333333333,5.7348835113617325e-5,0.21568627450980393,174.9485770881362
0_1_0_0_1_1_1_0_1_1_1_1_1_1_0_0_0_0_1_1_1_1_1_0_1_1_0_1_0_0_1_0,1,0.005923333333333333,0.00010873004286866716,0.1830065359477124,161.16649768909667
0_1_0_1_1_1_1_0_1_1_1_1_1_1_0_0_0_0_1_0_1_1_1_0_1_1_0_1_0_0_1_0,1,0.005873333333333334,0.00024796953217863066,0.1830065359477124,178.60413075808296
1_0_1_1_0_0_0_1_0_0_0_0_0_0_1_1_1_1_0_0_0_0_0_1_0_0_1_0_1_1_0_1,1,0.00586,0.0003418576701884376,0.1830065359477124,162.0751578129318
1_0_1_0_0_0_0_1_0_0_0_0_0_0_1_1_1_1_0_1_0_0_0_1_0_0_1_0_1_1_0_1,1,0.0057399999999999994,0.000169901932498329,0.1830065359477124,176.97529525808912
0_1_0_1_1_1_1_0_1_0_0_1_0_0_0_0_0_0_1_1_0_1_1_0_1_1_0_0_1_1_1_1,1,0.005656666666666667,5.249338582674529e-5,0.24183006535947713,173.82506376920128
1_0_1_0_0_0_0_1_0_1_1_0_1_1_1_1_1_1_0_0_1_0_0_1_0_0_1_1_0_0_0_0,1,0.00559,7.874007874011823e-5,0.24183006535947713,172.7562963421087
0_0_0_1_0_0_0_1_1_0_0_0_0_0_1_0_1_0_0_1_0_0_0_0_0_0_0_0_1_1_1_1,1,0.005003333333333334,0.00010656244908763862,0.22875816993464052,218.53672388153507
1_1_1_0_1_1_1_0_0_1_1_1_1_1_0_1_0_1_1_0_1_1_1_1_1_1_1_1_0_0_0_0,1,0.00498,0.00022759613353482084,0.22875816993464052,214.45514514355577
1_0_1_1_0_0_0_1_0_0_0_0_0_0_1_1_1_1_0_0_1_0_0_1_0_0_1_0_1_1_0_1,1,0.00449,0.00020461345670963726,0.1895424836601307,162.3823263910533
0_0_0_0_0_0_0_1_0_1_0_0_0_0_1_0_1_1_0_0_0_0_0_0_0_0_1_0_1_1_0_1,1,0.004223333333333333,0.0001291854825005075,0.23529411764705882,149.62632532462112
0_0_0_0_0_0_0_1_0_1_0_0_0_0_1_0_1_1_0_0_0_0_0_0_0_0_1_1_1_1_0_1,1,0.004206666666666667,0.00011440668201153691,0.2549019607843137,174.81534132171387
0_1_0_0_1_1_1_0_1_1_1_1_1_1_0_0_0_0_1_1_0_1_1_0_1_1_0_1_0_0_1_0,1,0.004193333333333334,0.00024458581770458863,0.1895424836601307,160.78395268543446
0_0_0_1_0_0_0_1_1_0_0_0_0_0_1_0_1_0_0_0_0_0_0_0_0_0_0_0_1_1_0_1,1,0.004173333333333334,0.00022171052197754516,0.24836601307189543,204.208355183897
1_1_1_0_1_1_1_0_0_1_1_1_1_1_0_1_0_1_1_1_1_1_1_1_1_1_1_1_0_0_1_0,1,0.00413,0.00017907168024751047,0.24836601307189543,208.39809948922746
1_1_1_1_1_1_1_0_1_0_1_1_1_1_0_1_0_0_1_1_1_1_1_1_1_1_0_0_0_0_1_0,1,0.0041266666666666665,0.00021561282171728304,0.2549019607843137,174.32172514315047
1_1_1_1_1_1_1_0_1_0_1_1_1_1_0_1_0_0_1_1_1_1_1_1_1_1_0_1_0_0_1_0,1,0.004003333333333334,0.00013912424503139455,0.23529411764705882,149.3055970893142
1_0_1_0_0_0_0_1_0_0_0_0_0_0_1_1_1_1_0_1_1_0_0_1_0_0_1_0_1_1_0_1,1,0.00395,0.00010614455552060446,0.1895424836601307,168.18608582034034
0_1_0_0_1_1_1_0_1_1_1_1_0_1_0_0_0_0_1_1_0_1_1_0_1_1_0_1_0_0_1_0,1,0.003936666666666667,9.741092797468302e-5,0.20915032679738563,159.13802541178816
0_1_0_1_1_1_1_0_1_0_0_1_0_0_0_0_0_0_1_0_0_1_1_0_1_1_0_0_1_1_1_1,1,0.00386,0.00014165686240583835,0.23529411764705882,166.43185400340877
1_1_1_1_1_1_1_0_1_0_1_1_1_1_0_1_0_0_1_0_1_1_1_1_1_1_0_1_0_0_1_0,1,0.0038433333333333336,5.249338582674542e-5,0.22875816993464052,143.41455355133428
0_0_0_0_0_0_0_1_0_1_0_0_0_0_1_0_1_1_0_1_0_0_0_0_0_0_1_0_1_1_0_1,1,0.003763333333333334,0.00020499322482029066,0.22875816993464052,145.74545497945303
0_1_0_1_1_1_1_0_1_1_1_1_1_1_0_0_0_0_1_0_0_1_1_0_1_1_0_1_0_0_1_0,1,0.003746666666666667,0.0002852289528704188,0.1895424836601307,166.35097842126126
0_1_0_1_1_1_1_0_1_1_1_1_0_1_0_0_0_0_1_0_0_1_1_0_1_1_0_1_0_0_1_0,1,0.0037266666666666663,0.00020072092289766128,0.20915032679738563,166.24139434692748
1_0_1_1_0_0_0_1_0_0_0_0_1_0_1_1_1_1_0_0_1_0_0_1_0_0_1_0_1_1_0_1,1,0.0036966666666666662,0.00015691469727919762,0.20915032679738563,158.68780125161462
1_0_1_0_0_0_0_1_0_0_0_0_1_0_1_1_1_1_0_1_1_0_0_1_0_0_1_0_1_1_0_1,1,0.0036733333333333336,0.00018061622912192104,0.20915032679738563,166.0872735598221
0_1_0_1_1_0_1_0_1_0_0_1_0_0_0_0_0_0_1_1_0_1_1_0_1_1_0_0_1_1_1_1,1,0.0036699999999999997,0.00013441230102437295,0.2549019607843137,204.6447708360768
1_0_1_0_0_1_0_1_0_1_1_0_1_1_1_1_1_1_0_0_1_0_0_1_0_0_1_1_0_0_0_0,1,0.003593333333333334,0.00035705586242055874,0.2549019607843137,196.89639923525223
1_0_1_0_0_0_0_1_0_1_1_0_1_1_1_1_1_1_0_1_1_0_0_1_0_0_1_1_0_0_0_0,1,0.003583333333333333,0.00011440668201153666,0.23529411764705882,169.46587231580952
1_1_1_1_1_0_1_0_1_0_1_1_1_1_0_1_0_0_1_1_1_1_1_1_1_1_0_0_0_0_1_0,1,0.003316666666666667,0.0001579732748143038,0.2679738562091503,163.16855815600965
0_0_0_0_0_1_0_1_0_1_0_0_0_0_1_0_1_1_0_0_0_0_0_0_0_0_1_1_1_1_0_1,1,0.00322,4.8989794855663515e-5,0.2679738562091503,165.6594984329826
0_1_0_1_1_1_1_0_1_0_0_1_0_0_0_0_0_0_1_0_0_1_1_0_0_1_0_0_1_1_1_1,1,0.0031333333333333335,4.189935029992189e-5,0.2549019607843137,168.79307483425328
0_0_0_1_0_0_0_1_0_0_0_0_1_1_1_0_1_1_0_0_0_0_0_0_0_0_1_0_0_1_0_0,1,0.003073333333333333,5.7348835113617474e-5,0.24836601307189543,164.1666014099135
1_0_1_0_0_0_0_1_0_1_1_0_1_1_1_1_1_1_0_1_1_0_0_1_1_0_1_1_0_0_0_0,1,0.0030633333333333333,7.039570693980958e-5,0.2549019607843137,168.17014804806738
1_1_1_1_1_1_1_0_1_1_1_1_0_0_0_1_0_0_1_0_1_1_1_1_1_1_0_1_1_0_1_1,1,0.00305,7.118052168020874e-5,0.24836601307189543,187.4834247129495
0_0_0_0_0_0_0_1_0_0_0_0_1_1_1_0_1_1_0_1_0_0_0_0_0_0_1_0_0_1_0_0,1,0.0030466666666666663,6.944222218666554e-5,0.24836601307189543,184.72056170767743
1_1_1_1_1_1_1_0_1_1_1_0_1_1_0_1_0_1_1_0_1_1_1_1_1_1_0_1_0_0_1_0,1,0.002943333333333334,0.00019293061504650386,0.24836601307189543,186.62632956009634
0_1_0_0_0_1_1_1_1_0_0_1_0_0_0_0_0_0_0_1_0_0_0_0_1_0_0_1_1_1_0_1,1,0.0029133333333333337,0.00015412837362262526,0.2549019607843137,213.95442362515533
1_0_1_1_1_0_0_0_0_1_1_0_1_1_1_1_1_1_1_0_1_1_1_1_0_1_1_0_0_0_1_0,1,0.0029,0.00014988884770611408,0.2549019607843137,208.0405116931942
0_1_0_1_1_0_1_0_1_0_0_1_0_0_0_0_0_0_1_0_0_1_1_0_0_1_0_0_1_1_1_1,1,0.0028833333333333332,0.00018803073034893934,0.2679738562091503,199.17131664279952
1_0_1_0_0_1_0_1_0_1_1_0_1_1_1_1_1_1_0_1_1_0_0_1_1_0_1_1_0_0_0_0,1,0.00285,9.933109617167546e-5,0.2679738562091503,200.81691394655755
1_1_1_1_1_1_1_0_1_1_1_0_1_1_1_1_1_1_1_0_1_1_1_1_0_1_0_1_0_0_1_0,1,0.00278,0.00016309506430300081,0.2549019607843137,161.98819991914291
1_1_1_0_1_1_1_0_1_1_1_1_0_0_0_1_0_0_1_1_1_1_1_1_1_1_0_1_1_0_1_1,1,0.00278,0.0002192411153654046,0.24836601307189543,161.136947631329
0_0_0_0_0_0_0_1_0_0_0_1_0_0_1_0_1_0_0_1_0_0_0_0_0_0_1_0_1_1_0_1,1,0.0026999999999999997,7.788880963698618e-5,0.24836601307189543,189.8872707461566
0_1_0_1_1_1_1_0_1_0_1_1_1_1_0_1_0_0_1_1_1_1_1_0_1_1_0_1_0_0_1_0,1,0.002686666666666667,0.00014267289706021798,0.20261437908496732,142.8078604284313
1_1_1_1_1_1_1_0_0_1_1_1_1_1_1_1_1_1_1_0_1_1_1_1_0_1_1_1_0_0_1_0,1,0.0026499999999999996,0.00014142135623730948,0.2549019607843137,174.12591218305502
1_0_1_0_0_0_0_1_0_1_0_0_0_0_1_0_1_1_0_0_0_0_0_1_0_0_1_0_1_1_0_1,1,0.0025933333333333333,4.189935029992174e-5,0.20261437908496732,138.92794684057623
1_0_1_0_0_0_0_1_0_1_0_0_0_0_1_0_1_1_0_1_0_0_0_1_0_0_1_0_1_1_0_1,1,0.0025833333333333333,0.0001461354014452198,0.19607843137254902,132.97491039426524
0_0_0_0_0_0_0_1_1_0_0_0_0_0_0_0_0_0_0_1_0_0_0_0_1_0_0_0_1_1_0_1,1,0.002446666666666667,0.000160485374896143,0.2549019607843137,172.63893853101897
0_0_0_0_0_0_0_1_0_0_0_1_0_0_0_0_0_0_0_1_0_0_0_0_1_0_1_0_1_1_0_1,1,0.00244,2.1602468994692922e-5,0.2549019607843137,158.79591408388148
0_1_0_1_1_1_1_0_1_0_1_1_1_1_0_1_0_0_1_0_1_1_1_0_1_1_0_1_0_0_1_0,1,0.002343333333333333,0.00016996731711975955,0.19607843137254902,134.81878638063557
0_0_0_0_0_0_0_1_0_1_0_0_0_0_1_0_1_1_0_1_0_0_0_0_0_0_1_1_1_1_0_1,1,0.002316666666666667,8.993825042154698e-5,0.24836601307189543,174.5714700990752
1_0_1_1_1_1_1_0_1_1_1_0_1_1_1_1_1_1_1_0_1_1_1_1_0_1_0_0_0_0_1_0,1,0.00231,0.0001489966442575134,0.26143790849673204,206.99584124241656
1_1_1_1_1_1_1_0_1_1_1_0_1_1_0_1_0_0_1_0_1_1_1_1_1_1_0_1_0_0_1_0,1,0.0022533333333333333,0.00016131404843417135,0.2549019607843137,161.98715590608447
1_1_1_1_1_1_1_0_1_0_1_1_1_1_0_1_0_0_1_0_1_1_1_1_1_1_0_0_0_0_1_0,1,0.0022533333333333333,3.681787005729079e-5,0.24836601307189543,171.8964522263755
1_0_1_1_1_1_0_0_0_1_1_0_1_1_1_1_1_1_1_0_1_1_1_1_0_1_1_1_0_0_1_0,1,0.0021899999999999997,5.354126134736335e-5,0.26143790849673204,171.09253541706371
0_1_0_0_0_0_0_1_0_0_0_1_0_0_0_0_0_0_0_1_0_0_0_0_1_0_1_1_1_1_0_1,1,0.0021866666666666666,3.8586123009300655e-5,0.26143790849673204,209.47041894402173
0_0_0_0_0_0_0_1_0_0_0_1_0_0_1_0_1_1_0_1_0_0_0_0_0_0_1_0_1_1_0_1,1,0.00217,1.6329931618554564e-5,0.2549019607843137,165.56079365568723
0_1_0_0_0_0_1_1_1_0_0_1_0_0_0_0_0_0_0_1_0_0_0_0_1_0_0_0_1_1_0_1,1,0.00212,7.257180352359085e-5,0.26143790849673204,172.39207360003252
1_1_1_0_1_1_1_0_0_1_1_1_1_1_0_1_0_0_1_1_1_1_1_1_1_1_1_1_0_0_0_0,1,0.0020366666666666667,9.030811456096043e-5,0.24183006535947713,173.12495330268723
1_0_1_1_1_1_0_0_0_1_1_0_1_1_1_1_1_1_1_1_1_1_1_1_1_1_1_1_0_0_1_0,1,0.002023333333333333,0.00015456030825826162,0.27450980392156865,199.88965140275278
0_1_0_0_0_0_1_1_1_0_0_1_0_0_0_0_0_0_0_0_0_0_0_0_0_0_0_0_1_1_0_1,1,0.00201,7.348469228349526e-5,0.27450980392156865,200.28241234304664
1_1_1_1_1_1_1_0_1_1_1_1_0_0_0_0_0_0_1_0_0_1_1_1_1_1_0_1_1_0_1_0,1,0.0019333333333333331,9.285592184789421e-5,0.24836601307189543,154.79637755215393
0_0_0_1_0_0_0_1_1_0_0_0_0_0_1_0_1_1_0_0_0_0_0_0_0_0_0_0_1_1_1_1,1,0.00191,9.273618495495707e-5,0.24183006535947713,169.18633525342833
1_1_1_1_1_1_1_0_0_1_1_1_1_1_0_1_0_1_1_0_1_1_1_1_1_1_1_1_0_0_1_0,1,0.0018833333333333334,0.00010656244908763862,0.24836601307189543,182.71977273802906
0_0_0_0_0_0_0_1_0_0_0_0_1_1_1_1_1_1_0_1_1_0_0_0_0_0_1_0_0_1_0_1,1,0.0018766666666666665,2.624669291337267e-5,0.24836601307189543,161.14396296699883
0_0_0_1_0_0_0_1_0_0_0_0_1_1_1_1_1_1_0_0_1_0_0_0_0_0_1_0_0_1_0_1,1,0.0018333333333333335,0.00017594190960528865,0.24836601307189543,143.9747317650131
0_0_0_0_0_0_0_1_1_0_0_0_0_0_1_0_1_0_0_1_0_0_0_0_0_0_0_0_1_1_0_1,1,0.0018066666666666667,9.568466729604888e-5,0.24836601307189543,187.65968846944634
1_1_1_0_1_1_1_0_1_1_1_1_0_0_0_0_0_0_1_1_0_1_1_1_1_1_0_1_1_0_1_0,1,0.0017800000000000001,6.683312551921139e-5,0.24836601307189543,138.7541298695145
0_0_0_0_0_0_0_1_0_0_0_0_1_0_1_1_1_1_0_1_0_0_0_0_0_0_1_0_1_1_0_1,1,0.0017533333333333333,0.00011953614051360744,0.23529411764705882,172.2850758501611
1_1_1_1_1_0_1_0_1_0_1_1_1_1_0_1_0_0_1_0_1_1_1_1_1_1_0_0_0_0_1_0,1,0.00174,7.257180352359082e-5,0.26143790849673204,157.07298091333226
1_1_1_1_1_1_1_0_1_0_1_1_1_1_0_1_0_0_1_0_1_1_1_1_0_1_0_0_0_0_1_0,1,0.001726666666666667,0.00017249798710580814,0.2679738562091503,160.8330190058739
0_0_0_0_0_0_0_1_0_1_0_0_0_0_1_0_1_1_0_1_0_0_0_0_1_0_1_1_1_1_0_1,1,0.0017033333333333334,9.03081145609604e-5,0.2679738562091503,165.89387855734012
0_0_0_0_0_1_0_1_0_1_0_0_0_0_1_0_1_1_0_1_0_0_0_0_1_0_1_1_1_1_0_1,1,0.0017000000000000001,6.37704215656966e-5,0.28104575163398693,163.5862141642582
0_0_0_0_0_0_0_1_0_0_0_1_0_0_1_0_1_1_0_0_0_0_0_0_0_0_1_0_1_1_0_1,1,0.0015866666666666666,0.00011440668201153679,0.26143790849673204,154.24200923610778
1_1_1_1_1_1_1_0_1_1_1_1_0_1_0_0_0_0_1_0_1_1_1_1_1_1_0_1_0_0_1_0,1,0.00154,3.7416573867739416e-5,0.23529411764705882,167.47052853605044
0_0_0_1_0_0_0_1_0_0_0_0_1_0_1_1_1_1_0_0_0_0_0_0_0_0_1_0_1_1_0_1,1,0.0015366666666666664,0.00016213848676020418,0.23529411764705882,145.86420997911682
0_0_0_0_0_1_0_1_0_1_0_0_0_0_1_0_1_1_0_1_0_0_0_0_0_0_1_1_1_1_0_1,1,0.0015233333333333334,0.00013021349989749737,0.26143790849673204,155.02386457284132
1_1_1_1_1_0_1_0_1_0_1_1_1_1_0_1_0_0_1_0_1_1_1_1_0_1_0_0_0_0_1_0,1,0.0014933333333333333,9.428090415820628e-5,0.28104575163398693,161.688662644545
1_1_1_0_1_1_1_0_1_1_1_1_0_1_0_0_0_0_1_1_1_1_1_1_1_1_0_1_0_0_1_0,1,0.0014933333333333333,3.399346342395189e-5,0.23529411764705882,148.20321878541054
1_1_1_1_1_1_1_0_1_1_1_0_1_1_0_1_0_0_1_1_1_1_1_1_1_1_0_1_0_0_1_0,1,0.00147,0.00010424330514074593,0.26143790849673204,155.02584520372662
1_0_1_0_0_1_0_1_0_1_1_0_1_1_1_1_1_1_0_1_1_0_0_1_0_0_1_1_0_0_0_0,1,0.0014533333333333334,2.3570226039551544e-5,0.24836601307189543,168.81958417169685
0_1_0_0_0_0_0_1_1_0_0_1_0_0_0_0_0_0_0_1_0_0_0_0_1_0_0_0_1_1_0_1,1,0.001386666666666667,8.259674462242574e-5,0.2679738562091503,153.79946400378114
0_1_0_1_1_0_1_0_1_0_0_1_0_0_0_0_0_0_1_0_0_1_1_0_1_1_0_0_1_1_1_1,1,0.0013766666666666667,0.00015965240019770726,0.24836601307189543,171.2368378747689
1_1_1_0_1_1_1_0_1_1_1_1_1_0_0_0_0_0_1_1_1_1_1_1_1_1_0_1_1_0_1_0,1,0.0013499999999999999,4.0824829046386325e-5,0.24836601307189543,133.98161714828382
0_0_0_0_0_0_0_1_1_0_0_0_0_0_1_0_1_1_0_1_0_0_0_0_0_0_0_0_1_1_0_1,1,0.00134,0.00010984838035522711,0.2549019607843137,157.0674536681239
1_0_1_1_1_1_1_0_0_1_1_0_1_1_1_1_1_1_1_0_1_1_1_1_0_1_1_1_0_0_1_0,1,0.0012966666666666667,5.734883511361749e-5,0.2679738562091503,148.86577706381377
1_1_1_1_1_1_1_0_1_1_1_1_1_0_0_0_0_0_1_0_1_1_1_1_1_1_0_1_1_0_1_0,1,0.0012900000000000001,0.0001202774570177914,0.24836601307189543,160.7370005473454
0_0_0_0_0_0_0_1_0_0_0_0_0_1_1_1_1_1_0_1_0_0_0_0_0_0_1_0_0_1_0_1,1,0.0012900000000000001,8.485281374238572e-5,0.24836601307189543,148.46566338003808
1_1_1_1_1_1_1_0_0_1_1_1_1_1_0_1_0_0_1_0_1_1_1_1_1_1_1_1_0_0_1_0,1,0.0012766666666666666,0.00014613540144521985,0.2549019607843137,162.30747647414313
1_0_1_1_1_1_0_0_0_1_1_0_1_1_1_1_1_1_1_0_1_1_1_1_0_1_1_0_0_0_1_0,1,0.0012533333333333333,8.379870059984361e-5,0.2549019607843137,189.75107330671207
1_1_1_0_1_1_1_0_0_1_1_1_1_1_1_0_1_1_1_0_1_1_1_1_0_1_1_1_0_0_0_0,1,0.0012333333333333335,0.00011085526098877258,0.2875816993464052,239.51501227803365
0_0_0_0_0_0_0_1_1_0_0_0_1_1_0_0_0_1_0_1_0_0_0_0_1_0_0_0_0_0_0_0,1,0.00123,0.0001283225103661344,0.32679738562091504,255.04885685160912
0_0_0_1_0_0_0_1_1_0_0_0_0_0_0_1_0_0_0_1_0_0_0_0_1_0_0_0_1_1_1_1,1,0.0012266666666666665,5.734883511361749e-5,0.2875816993464052,245.5266701453813
1_1_1_1_1_1_1_0_0_1_1_1_0_0_1_1_1_0_1_0_1_1_1_1_0_1_1_1_1_1_1_1,1,0.0012233333333333332,3.091206165165233e-5,0.32679738562091504,241.22631310369965
0_0_0_1_0_0_0_1_0_0_0_0_0_1_1_1_1_1_0_0_0_0_0_0_0_0_1_0_0_1_0_1,1,0.0012166666666666665,0.0001948218559493661,0.24836601307189543,137.19644898159964
1_1_1_0_1_1_1_0_0_1_1_1_1_1_0_0_0_0_1_1_1_1_1_1_1_1_1_1_0_0_0_0,1,0.0011633333333333333,0.0001040299102288482,0.28104575163398693,208.4823425090601
0_0_0_1_0_0_0_1_1_0_0_0_0_0_1_1_1_1_0_0_0_0_0_0_0_0_0_0_1_1_1_1,1,0.00113,0.00012083045973594569,0.28104575163398693,213.7222222222222
0_1_0_0_0_0_1_1_1_0_0_1_0_0_0_0_0_0_0_1_0_0_0_0_1_0_0_1_1_1_0_1,1,0.0011266666666666667,6.018490028422592e-5,0.2549019607843137,186.50830308179502
1_0_1_0_0_0_0_1_0_1_0_0_0_0_1_1_1_1_0_0_1_0_0_1_0_0_1_0_1_1_0_1,1,0.0009833333333333332,7.76029781788188e-5,0.24836601307189543,163.77533327105292
0_0_0_0_0_0_0_1_0_1_0_0_0_0_1_1_1_1_0_0_1_0_0_0_0_0_1_0_1_1_0_1,1,0.0009766666666666667,5.312459150169739e-5,0.29411764705882354,160.2197802197802
1_1_1_0_1_1_1_0_0_1_1_1_0_0_0_1_0_0_1_1_1_1_1_1_1_1_1_1_1_1_0_1,1,0.0009733333333333333,3.299831645537221e-5,0.29411764705882354,175.52936004594537
0_0_0_1_0_0_0_1_1_0_0_0_1_1_1_0_1_1_0_0_0_0_0_0_0_0_0_0_0_0_1_0,1,0.0009566666666666668,6.798692684790377e-5,0.29411764705882354,176.18497615308056
0_1_0_1_1_1_1_0_1_0_1_1_1_1_0_0_0_0_1_1_0_1_1_0_1_1_0_1_0_0_1_0,1,0.00095,6.37704215656966e-5,0.24836601307189543,161.82275132275132
0_0_0_0_0_0_0_1_0_1_0_0_1_0_1_1_1_1_0_0_1_0_0_0_0_0_1_0_1_1_0_1,1,0.0009466666666666667,1.8856180831641267e-5,0.3006535947712418,156.16847826086956
0_1_0_0_0_0_0_1_1_0_0_1_0_0_0_0_0_0_0_0_0_0_0_0_0_0_0_0_1_1_0_1,1,0.0009266666666666667,5.906681715556453e-5,0.28104575163398693,155.60888813600462
0_1_0_1_1_1_1_0_1_0_1_1_1_1_0_0_0_0_1_0_0_1_1_0_1_1_0_1_0_0_1_0,1,0.0009200000000000001,9.092121131323905e-5,0.24183006535947713,139.74318592685302
1_1_1_1_1_1_1_0_0_1_1_1_1_1_0_1_0_0_1_1_1_1_1_1_1_1_1_1_0_0_1_0,1,0.0009133333333333334,8.498365855987979e-5,0.26143790849673204,144.95604660477747
1_1_1_1_1_1_1_0_1_0_1_1_0_1_0_0_0_0_1_1_0_1_1_1_1_1_0_1_0_0_1_0,1,0.0009099999999999999,4.320493798938576e-5,0.3006535947712418,161.317230106519
0_0_0_0_0_0_0_1_0_1_0_0_1_0_1_1_1_1_0_1_1_0_0_0_0_0_1_0_1_1_0_1,1,0.0008933333333333333,8.73053390247253e-5,0.29411764705882354,159.9088188991313
1_0_1_0_0_0_0_1_0_1_0_0_0_0_1_1_1_1_0_0_1_0_0_1_0_0_1_1_1_1_0_1,1,0.0008866666666666667,9.428090415820637e-5,0.2679738562091503,147.63430575482224
0_0_0_0_0_0_0_1_1_0_0_0_0_0_1_0_1_1_0_0_0_0_0_0_0_0_0_0_1_1_0_1,1,0.0008600000000000001,9.416297927883692e-5,0.26143790849673204,153.80071504138337
1_1_1_1_1_1_1_0_1_0_1_1_1_1_0_0_0_0_1_1_0_1_1_1_1_1_0_1_0_0_1_0,1,0.00086,7.874007874011811e-5,0.29411764705882354,167.64826762246116
1_1_1_1_1_1_1_0_1_0_1_1_0_1_0_0_0_0_1_0_0_1_1_1_1_1_0_1_0_0_1_0,1,0.0008566666666666666,3.681787005729088e-5,0.29411764705882354,160.62867260024882
0_1_0_1_1_1_1_0_1_0_1_1_1_1_0_0_0_0_1_1_0_1_1_0_1_1_0_0_0_0_1_0,1,0.0008433333333333334,3.681787005729083e-5,0.2679738562091503,152.72055020510075
0_0_0_0_0_0_0_1_0_1_0_0_0_0_1_1_1_1_0_1_1_0_0_0_0_0_1_0_1_1_0_1,1,0.0008266666666666666,9.030811456096045e-5,0.2875816993464052,157.97532506869172
1_0_1_0_0_0_0_1_0_1_1_0_1_0_1_1_1_1_0_0_1_0_0_1_0_0_1_1_1_1_0_0,1,0.0008166666666666666,5.312459150169744e-5,0.2679738562091503,156.6940625769894
1_1_1_1_1_1_1_0_1_0_1_1_1_1_0_1_0_0_1_1_1_1_1_1_1_1_1_1_0_0_1_0,1,0.0008133333333333334,8.379870059984356e-5,0.24836601307189543,133.6031746031746
0_0_0_1_0_0_0_1_1_0_0_0_1_0_1_1_1_1_0_0_1_0_0_0_0_0_0_0_1_1_1_1,1,0.0007999999999999999,0.00012247448713915892,0.29411764705882354,168.9956140350877
1_0_1_0_0_0_0_1_0_1_0_0_0_0_1_1_1_1_0_1_1_0_0_1_0_0_1_0_1_1_0_1,1,0.0007899999999999999,1.4142135623730936e-5,0.24183006535947713,140.26590693257359
1_0_1_0_0_1_0_1_0_1_0_0_0_0_1_1_1_1_0_0_1_0_0_1_0_0_1_1_1_1_0_1,1,0.00078,9.201449161228172e-5,0.28104575163398693,156.95348730559996
0_0_0_0_0_0_0_1_0_1_0_0_0_0_1_0_1_1_0_0_0_0_0_0_0_0_0_0_1_1_0_1,1,0.0007766666666666667,0.00010208928554075705,0.24836601307189543,133.95933977455715
1_1_1_1_1_1_1_0_1_0_1_1_1_1_0_1_0_0_1_0_1_1_1_1_1_1_1_1_0_0_1_0,1,0.0007733333333333333,6.548960901462833e-5,0.24183006535947713,130.7343650949789
0_0_0_0_0_0_0_1_0_1_0_0_0_0_1_0_1_1_0_1_0_0_0_0_0_0_0_0_1_1_0_1,1,0.0007666666666666667,2.6246692913372722e-5,0.24183006535947713,125.01794027023783
1_0_1_1_1_0_0_0_0_1_1_1_1_1_1_1_1_1_1_0_1_1_1_1_0_1_1_0_0_0_1_0,1,0.0007599999999999999,2.1602468994692875e-5,0.2549019607843137,147.6108822684165
1_0_1_1_1_1_1_0_0_1_1_0_1_1_1_1_1_1_1_1_1_1_1_1_1_1_1_1_0_0_1_0,1,0.0007533333333333333,8.379870059984355e-5,0.28104575163398693,167.41472069597071
1_1_1_1_1_1_1_0_1_0_1_1_1_1_0_0_0_0_1_0_0_1_1_1_1_1_0_1_0_0_1_0,1,0.0007500000000000001,6.97614984548545e-5,0.2875816993464052,165.29278197318783
1_1_1_0_1_1_1_0_0_1_1_1_0_1_0_0_0_0_1_1_0_1_1_1_1_1_1_1_0_0_0_0,1,0.0007466666666666667,1.8856180831641267e-5,0.29411764705882354,164.35672514619884
0_1_0_0_0_1_1_1_1_0_0_0_0_0_0_0_0_0_0_1_0_0_0_0_1_0_0_1_1_1_0_1,1,0.0007466666666666666,6.34209919681348e-5,0.2549019607843137,143.8680455347122
1_1_1_0_1_1_1_0_0_1_1_1_1_1_1_0_1_1_1_0_0_1_1_1_0_1_1_1_0_0_0_0,1,0.0007466666666666666,3.39934634239519e-5,0.29411764705882354,209.46703296703296
0_1_0_0_0_0_0_1_0_0_0_1_0_0_0_1_0_0_0_1_1_0_0_0_1_0_1_1_1_1_0_1,1,0.0007366666666666667,4.642796092394709e-5,0.3202614379084967,279.4951690821256
1_1_1_0_1_1_1_0_0_1_1_1_1_1_0_0_0_0_1_1_0_1_1_1_1_1_1_1_0_0_0_0,1,0.0007300000000000001,0.00013638181696985855,0.2875816993464052,189.0151515151515
0_0_0_1_0_0_0_1_1_0_0_0_0_0_1_1_1_1_0_0_1_0_0_0_0_0_0_0_1_1_1_1,1,0.0007300000000000001,0.00012727922061357854,0.2875816993464052,184.00665188470066
0_1_0_1_1_1_1_0_1_0_1_1_0_1_0_0_0_0_1_1_0_1_1_0_1_1_0_1_0_0_1_0,1,0.0006666666666666666,3.681787005729088e-5,0.2679738562091503,157.43859078076227
0_0_0_1_0_0_0_1_1_0_0_0_0_0_0_1_0_0_0_1_1_0_0_0_1_0_0_0_1_1_1_1,1,0.0006666666666666666,9.809292646374773e-5,0.29411764705882354,230.65682137834037
1_0_1_1_1_1_1_0_1_1_1_0_1_1_1_0_1_1_1_0_0_1_1_1_0_1_0_0_0_0_1_0,1,0.0006566666666666666,4.49691252107735e-5,0.3202614379084967,303.9048940105278
0_1_0_1_1_0_1_0_1_0_1_1_1_1_0_0_0_0_1_1_0_1_1_0_1_1_0_0_0_0_1_0,1,0.00065,4.3204937989385716e-5,0.28104575163398693,159.7418214747926
0_1_0_0_0_0_1_1_1_0_0_0_0_0_0_0_0_0_0_1_0_0_0_0_1_0_0_1_1_1_0_1,1,0.0006266666666666666,9.533566430716727e-5,0.2549019607843137,160.8215665612926
0_1_0_1_1_1_1_0_1_0_0_1_0_1_0_0_0_0_1_1_0_1_1_0_1_1_0_0_0_0_1_1,1,0.0006133333333333334,6.548960901462833e-5,0.2679738562091503,160.49039844046328
0_1_0_1_1_1_1_0_1_0_1_1_0_1_0_0_0_0_1_0_0_1_1_0_1_1_0_1_0_0_1_0,1,0.00061,7.788880963698618e-5,0.26143790849673204,146.60894660894664
1_0_1_1_1_1_0_0_0_1_1_1_1_1_1_1_1_1_1_0_1_1_1_1_0_1_1_0_0_0_1_0,1,0.0006066666666666667,0.00011897712198383167,0.2549019607843137,157.66844762465124
1_0_1_0_0_0_0_1_0_1_0_0_1_0_1_1_1_1_0_1_1_0_0_1_0_0_1_0_1_1_0_1,1,0.0005966666666666667,4.6427960923947056e-5,0.26143790849673204,142.55033089515848
0_0_0_0_0_1_1_1_0_1_0_0_0_0_1_0_1_1_0_0_0_0_0_0_0_0_1_1_1_1_0_1,1,0.0005933333333333333,0.0001049867716534908,0.27450980392156865,128.1618952285619
0_0_0_0_0_0_0_1_1_0_0_0_1_1_1_0_1_1_0_1_0_0_0_0_0_0_0_0_0_0_0_0,1,0.0005899999999999999,3.741657386773943e-5,0.30718954248366015,175.90448667711598
1_0_1_0_0_0_0_1_0_1_0_0_1_0_1_1_1_1_0_0_1_0_0_1_0_0_1_0_1_1_0_1,1,0.0005833333333333333,2.8674417556808744e-5,0.2679738562091503,162.54609498769676
1_1_1_1_1_1_1_0_0_1_1_0_1_1_0_1_0_1_1_0_1_1_1_1_1_1_1_1_0_0_1_0,1,0.0005766666666666666,2.6246692913372692e-5,0.2875816993464052,150.26752458673363
1_1_1_0_1_0_0_0_0_1_0_1_1_1_0_0_0_1_0_1_0_0_0_1_1_1_1_1_0_0_0_0,1,0.0005733333333333334,6.12825877028341e-5,0.30718954248366015,167.0356275303644
0_0_0_1_0_0_0_1_1_0_0_0_1_0_0_1_0_0_0_1_1_0_0_0_1_0_0_0_1_1_1_1,1,0.0005733333333333332,6.018490028422597e-5,0.3006535947712418,204.0740740740741
0_0_0_0_0_0_0_1_1_0_0_0_0_0_1_1_1_1_0_1_0_0_0_0_0_0_0_0_1_1_0_1,1,0.0005666666666666667,6.798692684790379e-5,0.29411764705882354,203.69427609427612
1_1_1_0_1_1_1_0_0_1_1_1_0_1_1_0_1_1_1_0_0_1_1_1_0_1_1_1_0_0_0_0,1,0.0005633333333333333,7.408703590297623e-5,0.3006535947712418,217.6679292929293
0_1_0_1_1_1_1_0_1_0_1_1_1_1_0_0_0_0_1_0_0_1_1_0_1_1_0_0_0_0_1_0,1,0.0005600000000000001,9.899494936611665e-5,0.26143790849673204,136.11111111111111
1_0_1_1_1_0_0_0_0_1_1_0_1_1_1_1_1_1_1_1_1_1_1_1_0_1_1_0_0_0_1_0,1,0.0005600000000000001,2.1602468994692875e-5,0.26143790849673204,151.00960642203577
0_0_0_1_0_1_1_1_1_0_1_0_0_0_1_1_1_0_1_0_1_1_1_0_0_0_0_0_1_1_1_1,1,0.0005566666666666666,2.8674417556808784e-5,0.30718954248366015,165.00884708511828
0_0_0_1_1_1_1_1_1_0_1_0_1_1_1_0_1_0_1_1_0_1_1_0_1_0_0_0_0_0_1_0,1,0.0005333333333333333,6.342099196813483e-5,0.33986928104575165,201.65314169593714
0_1_0_0_0_0_1_1_1_0_0_1_0_0_0_0_0_0_0_0_0_0_0_0_1_0_0_0_1_1_0_1,1,0.00053,4.546060565661953e-5,0.2679738562091503,143.8085468691974
1_1_1_1_1_0_0_0_1_0_1_1_1_1_0_1_0_0_1_1_1_1_1_1_1_1_0_0_0_0_1_0,1,0.0005066666666666667,2.6246692913372695e-5,0.27450980392156865,132.45105456566716
1_1_1_1_1_1_0_0_0_1_1_0_1_1_0_1_0_1_1_0_1_1_1_1_1_1_1_1_0_0_1_0,1,0.0005066666666666667,5.906681715556452e-5,0.28104575163398693,158.7060788033679
0_1_0_0_0_1_1_1_1_0_0_1_0_0_0_0_0_0_0_0_0_0_0_0_1_0_0_1_1_1_0_1,1,0.0005033333333333334,3.8586123009300757e-5,0.26143790849673204,141.41500474833808
1_0_1_0_0_0_0_1_0_1_0_0_0_0_1_1_1_1_0_1_1_0_0_1_0_0_1_1_1_1_0_1,1,0.0005033333333333333,8.219218670625301e-5,0.26143790849673204,146.24803139968503
0_1_0_1_1_1_1_0_1_0_1_1_0_0_0_1_0_0_1_1_1_1_1_0_1_1_0_0_1_1_1_1,1,0.0004966666666666666,7.363574011458176e-5,0.27450980392156865,159.26266827524725
1_1_1_0_0_0_0_0_0_1_0_1_0_0_0_1_0_1_0_0_1_0_0_1_0_1_1_1_1_1_0_1,1,0.00048666666666666666,9.741092797468306e-5,0.33986928104575165,185.1997059093833
1_1_1_1_1_1_1_0_0_1_1_1_0_0_0_1_0_0_1_0_1_1_1_1_1_1_1_1_1_1_1_1,1,0.00047666666666666663,0.0001357284871433489,0.30718954248366015,193.75978835978836
0_1_0_1_1_0_1_0_1_0_1_1_1_1_0_0_0_0_1_0_0_1_1_0_0_1_0_0_0_0_1_0,1,0.00047666666666666663,6.018490028422594e-5,0.29411764705882354,147.75661375661377
1_0_1_1_1_1_0_0_0_1_1_0_1_1_1_1_1_1_1_1_1_1_1_1_0_1_1_1_0_0_1_0,1,0.00047333333333333336,1.8856180831641267e-5,0.2679738562091503,147.8608695652174
0_0_0_0_0_0_1_1_1_0_0_1_0_0_1_0_1_0_0_1_0_0_0_0_0_0_0_0_1_1_0_1,1,0.00047,4.5460605656619504e-5,0.28104575163398693,146.53573707306273
1_0_1_0_0_0_0_1_0_1_0_0_1_0_1_1_1_1_0_0_1_0_0_1_0_0_1_1_1_1_0_1,1,0.00046666666666666666,2.0548046676563243e-5,0.2875816993464052,153.79787891945946
0_0_0_0_0_0_0_1_0_0_0_0_1_1_1_1_1_1_0_1_0_0_0_0_0_0_1_0_0_1_0_1,1,0.00046666666666666666,2.0548046676563243e-5,0.2549019607843137,150.6672785168226
1_1_1_1_1_1_1_0_0_1_1_1_0_1_0_0_0_0_1_0_0_1_1_1_1_1_1_1_0_0_1_0,1,0.0004633333333333334,3.681787005729088e-5,0.30718954248366015,164.49234766370316
0_0_0_0_0_0_0_1_1_0_0_1_0_0_1_0_1_0_0_1_0_0_0_0_0_0_0_0_1_1_0_1,1,0.00046333333333333334,4.784233364802439e-5,0.2875816993464052,147.76906531623513
1_0_1_0_0_0_0_1_0_0_0_1_0_0_1_1_1_1_0_1_0_0_0_1_0_0_1_0_1_1_0_1,1,0.0004566666666666667,7.760297817881877e-5,0.26143790849673204,164.0551895769287
1_0_1_0_0_0_0_1_0_1_0_0_1_1_1_0_1_1_0_0_0_0_0_1_0_0_1_1_0_0_0_0,1,0.00045333333333333337,4.7140452079103295e-6,0.27450980392156865,161.2528180354267
0_1_0_1_1_1_1_0_1_0_1_1_0_1_0_0_0_0_1_1_0_1_1_0_1_1_0_0_0_0_1_0,1,0.00045333333333333337,5.734883511361749e-5,0.2875816993464052,150.99659684327875
0_1_0_1_1_1_1_0_1_1_1_0_1_1_0_0_0_0_1_0_1_1_1_0_1_1_0_1_0_0_1_0,1,0.00045000000000000004,3.559026084010437e-5,0.26143790849673204,157.0035437430786
1_1_1_1_1_1_1_0_0_1_1_1_0_0_0_1_0_0_1_1_1_1_1_1_1_1_1_1_1_1_1_1,1,0.00044333333333333334,2.0548046676563243e-5,0.3137254901960784,181.7874796598201
1_0_1_0_0_1_0_1_0_1_0_0_0_0_1_1_1_1_0_1_1_0_0_1_1_0_1_1_1_1_0_1,1,0.00043000000000000004,2.1602468994692858e-5,0.29411764705882354,156.62037037037035
0_1_0_1_1_1_1_0_1_1_1_0_1_1_0_0_0_0_1_1_1_1_1_0_1_1_0_1_0_0_1_0,1,0.0004266666666666666,9.463379711052258e-5,0.2679738562091503,164.96074646074646
1_0_1_1_1_1_0_0_0_1_1_0_1_1_1_1_1_1_1_1_1_1_1_1_0_1_1_0_0_0_1_0,1,0.0004233333333333333,4.1096093353126506e-5,0.26143790849673204,164.67603674926784
0_0_0_1_0_0_0_1_1_0_0_0_1_0_1_1_1_1_0_0_0_0_0_0_0_0_0_0_1_1_1_1,1,0.0004166666666666667,7.408703590297621e-5,0.3006535947712418,168.87393410852712
0_1_0_1_1_1_1_0_1_0_0_1_0_1_0_0_0_0_1_0_0_1_1_0_1_1_0_1_0_0_1_1,1,0.0004133333333333333,3.299831645537223e-5,0.24183006535947713,110.4162021553326
1_1_1_1_1_1_1_0_0_1_1_1_1_1_0_0_0_0_1_0_1_1_1_1_1_1_1_1_0_0_1_0,1,0.0004133333333333333,3.3993463423951894e-5,0.29411764705882354,197.75781845919144
0_1_0_1_1_1_1_0_1_0_0_1_0_1_0_0_0_0_1_1_0_1_1_0_1_1_0_1_0_0_1_1,1,0.00041,7.118052168020874e-5,0.24836601307189543,121.99771219400594
1_1_1_0_1_1_1_0_0_1_1_1_0_1_0_0_0_0_1_1_1_1_1_1_1_1_1_1_0_0_0_0,1,0.00040666666666666667,1.247219128924648e-5,0.3006535947712418,172.56722951844904
0_0_0_0_0_0_0_1_0_0_0_1_0_0_1_1_1_1_0_1_0_0_0_0_0_0_1_0_1_1_0_1,1,0.00040666666666666667,4.9216076867444665e-5,0.29411764705882354,147.91033434650456
1_1_1_1_1_1_1_0_1_1_1_1_0_0_0_0_0_0_1_0_1_1_1_1_1_1_0_1_1_0_1_0,1,0.00040666666666666667,1.6996731711975944e-5,0.2549019607843137,135.807592923872
1_1_1_1_1_1_1_0_1_0_1_1_1_1_0_1_0_0_1_1_1_1_1_1_1_1_1_0_0_0_1_0,1,0.0004033333333333334,5.312459150169741e-5,0.2679738562091503,126.26762619941593
0_0_0_0_0_0_0_1_0_1_0_0_1_1_1_0_1_1_0_1_0_0_0_0_0_0_1_0_0_0_0_0,1,0.0004033333333333334,4.9216076867444665e-5,0.2679738562091503,145.78992784812758
1_1_1_1_1_1_1_0_0_1_1_0_1_1_0_1_0_1_1_1_1_1_1_1_1_1_1_1_0_0_1_0,1,0.0004,4.320493798938573e-5,0.29411764705882354,153.96537842190017
0_0_0_0_0_0_0_1_1_0_0_0_1_1_1_0_1_1_0_0_0_0_0_0_0_0_0_0_0_0_0_0,1,0.0003966666666666667,4.1096093353126506e-5,0.3137254901960784,191.4074074074074
0_0_0_0_0_0_0_1_0_0_0_1_0_0_1_1_1_1_0_0_1_0_0_0_0_0_1_0_1_1_0_1,1,0.00039333333333333337,9.177266598624135e-5,0.30718954248366015,169.3323255228017
0_0_0_0_0_0_0_1_1_0_0_1_0_0_1_0_1_0_0_0_0_0_0_0_0_0_0_0_1_1_0_1,1,0.00039333333333333337,4.496912521077347e-5,0.29411764705882354,151.73629987583476
0_0_0_1_0_1_1_1_1_0_1_0_1_0_1_1_1_0_1_0_1_1_1_0_0_0_0_0_1_1_1_1,1,0.00039333333333333337,1.699673171197595e-5,0.3137254901960784,148.29559437486267
0_1_0_1_1_1_1_0_1_0_1_1_1_1_0_0_0_0_1_0_0_1_1_0_0_1_0_0_0_0_1_0,1,0.00039,7.788880963698615e-5,0.28104575163398693,133.87898317221627
1_0_1_0_0_1_0_1_0_1_1_0_1_0_1_1_1_1_0_0_1_0_0_1_0_0_1_1_1_1_0_0,1,0.00038666666666666667,3.299831645537221e-5,0.28104575163398693,140.30757125371568
0_0_0_1_0_1_1_1_1_0_1_0_0_0_1_1_1_0_1_1_1_1_1_0_1_0_0_0_1_1_1_1,1,0.00038666666666666667,3.3993463423951894e-5,0.3202614379084967,166.35877684407095
0_1_0_1_1_0_1_0_1_0_0_1_0_1_0_0_0_0_1_1_0_1_1_0_1_1_0_0_0_0_1_1,1,0.00038666666666666667,2.494438257849294e-5,0.28104575163398693,136.54901141743247
1_0_1_0_0_0_0_1_0_0_0_1_0_0_1_1_1_1_0_0_0_0_0_1_0_0_1_0_1_1_0_1,1,0.00038666666666666667,2.6246692913372705e-5,0.2679738562091503,149.6219512195122
0_0_0_0_0_0_0_1_0_0_0_1_1_0_1_1_1_1_0_0_1_0_0_0_0_0_1_0_1_1_0_1,1,0.00038333333333333334,4.496912521077348e-5,0.3137254901960784,154.44976076555022
1_0_1_0_0_0_0_1_0_1_1_0_1_0_1_1_1_1_0_0_1_0_0_1_0_0_1_0_1_1_0_0,1,0.00038333333333333334,2.8674417556808764e-5,0.24836601307189543,122.27736006683375
0_0_0_0_0_0_0_1_1_0_0_0_1_0_1_1_1_1_0_1_1_0_0_0_0_0_0_0_1_1_0_1,1,0.00038333333333333334,7.133644853010899e-5,0.30718954248366015,162.61872759856632
0_0_0_0_0_0_0_1_1_0_0_0_0_0_1_1_1_1_0_1_1_0_0_0_0_0_0_0_1_1_0_1,1,0.00037666666666666664,8.379870059984356e-5,0.3006535947712418,185.54257565095
1_1_1_0_1_1_1_0_1_1_1_1_0_0_0_0_0_0_1_1_1_1_1_1_1_1_0_1_1_0_1_0,1,0.00037666666666666664,8.576453553512405e-5,0.2549019607843137,126.2171052631579
1_0_1_0_0_0_0_1_0_1_1_0_1_0_1_1_1_1_0_1_1_0_0_1_0_0_1_1_1_1_0_0,1,0.0003733333333333333,5.906681715556451e-5,0.26143790849673204,134.97770568838695
0_0_0_0_0_0_1_1_1_0_0_1_0_0_1_0_1_0_0_0_0_0_0_0_0_0_0_0_1_1_0_1,1,0.00037000000000000005,3.559026084010437e-5,0.2875816993464052,147.03081232493
0_0_0_0_0_0_0_1_0_0_0_1_0_0_1_1_1_1_0_0_0_0_0_0_0_0_1_0_1_1_0_1,1,0.00036999999999999994,0.00010033277962194942,0.3006535947712418,178.01062091503266
1_1_1_1_1_1_1_0_1_1_1_0_1_1_0_0_0_0_1_1_0_1_1_1_1_1_0_1_0_0_1_0,1,0.00036666666666666667,3.3993463423951894e-5,0.30718954248366015,177.73903508771932
1_1_1_0_1_0_0_0_0_1_0_1_0_1_0_0_0_1_0_1_0_0_0_1_1_1_1_1_0_0_0_0,1,0.00036666666666666667,3.681787005729085e-5,0.3137254901960784,140.50696275543837
1_1_1_1_1_1_1_0_1_1_1_0_1_1_0_0_0_0_1_0_1_1_1_1_1_1_0_1_0_0_1_0,1,0.0003666666666666666,2.6246692913372705e-5,0.29411764705882354,161.70674354884883
0_0_0_0_0_0_0_1_0_0_0_1_1_0_1_1_1_1_0_1_1_0_0_0_0_0_1_0_1_1_0_1,1,0.00036,6.377042156569662e-5,0.30718954248366015,154.7120596205962
1_1_1_1_1_1_1_0_1_1_1_0_1_1_0_0_0_0_1_1_1_1_1_1_1_1_0_1_0_0_1_0,1,0.00036,7.118052168020876e-5,0.3006535947712418,188.49358974358975
1_1_1_1_1_1_1_0_1_0_1_1_0_1_0_1_0_0_1_1_0_1_1_1_1_1_0_0_0_0_1_1,1,0.00036,2.9439202887759474e-5,0.3137254901960784,162.83899283899282
0_1_0_0_0_0_0_1_1_0_0_1_0_0_0_0_0_0_0_0_0_0_0_0_1_0_0_0_1_1_0_1,1,0.00035666666666666664,4.496912521077348e-5,0.27450980392156865,146.33468834688347
1_1_1_1_1_1_0_0_0_1_1_0_1_1_0_1_0_1_1_1_1_1_1_1_1_1_1_1_0_0_1_0,1,0.00035666666666666664,3.681787005729088e-5,0.2875816993464052,143.42622461170848
1_1_1_1_1_0_0_0_0_1_1_0_1_1_0_1_0_1_0_0_1_0_0_1_1_1_1_1_0_0_0_0,1,0.00035000000000000005,4.242640687119286e-5,0.27450980392156865,126.24016938898971
1_1_1_1_1_1_1_0_1_1_1_0_0_1_0_0_0_0_1_1_0_1_1_1_1_1_0_1_0_0_1_0,1,0.00035000000000000005,8.041558721209879e-5,0.3137254901960784,153.19880568974773
0_0_0_1_0_0_0_1_0_0_0_0_1_1_1_1_1_1_0_0_0_0_0_0_0_0_1_0_0_1_0_1,1,0.0003466666666666666,2.6246692913372705e-5,0.2549019607843137,127.04543252930348
1_1_1_0_1_0_0_0_0_1_0_1_1_1_0_0_0_1_0_0_0_0_0_1_0_1_1_1_0_0_0_0,1,0.00034333333333333335,1.6996731711975944e-5,0.3202614379084967,153.24404761904762
1_0_1_1_1_0_0_0_0_1_1_1_1_1_1_1_1_1_1_0_1_1_1_1_0_1_0_0_0_0_1_0,1,0.00034333333333333335,8.993825042154693e-5,0.2549019607843137,120.9694482939775
0_0_0_0_0_0_0_1_0_1_0_0_0_0_1_0_1_1_0_0_0_0_0_0_0_0_0_1_1_1_0_1,1,0.00034333333333333335,5.734883511361751e-5,0.2679738562091503,118.8521529659741
0_1_0_1_1_1_1_0_1_1_1_0_1_1_0_0_0_0_1_1_0_1_1_0_1_1_0_1_0_0_1_0,1,0.00034333333333333335,1.8856180831641267e-5,0.27450980392156865,169.01446901446903
0_0_0_0_0_0_0_1_0_0_0_1_0_0_1_1_1_1_0_1_1_0_0_0_0_0_1_0_1_1_0_1,1,0.00034,7.788880963698615e-5,0.3006535947712418,170.02424242424243
1_1_1_0_1_1_1_0_0_1_1_1_0_1_1_0_1_1_1_0_1_1_1_1_0_1_1_1_0_0_0_0,1,0.00034,6.377042156569664e-5,0.30718954248366015,193.5300944669366
0_0_0_0_0_1_1_1_1_0_0_1_0_0_1_0_1_0_1_1_0_1_1_0_0_0_0_0_1_1_1_1,1,0.0003366666666666667,4.496912521077349e-5,0.27450980392156865,121.27240143369175
0_0_0_0_0_0_0_1_1_0_0_0_1_0_1_1_1_1_0_0_1_0_0_0_0_0_0_0_1_1_0_1,1,0.00033,3.7416573867739416e-5,0.3137254901960784,180.45504385964912
0_1_0_0_0_0_1_1_1_0_0_1_0_0_0_0_0_0_0_0_0_0_0_0_1_0_0_1_1_1_0_1,1,0.00033,1.4142135623730961e-5,0.26143790849673204,183.91840607210625
1_1_1_1_1_0_1_0_1_0_1_1_1_1_0_1_0_0_1_1_1_1_1_1_1_1_1_0_0_0_1_0,1,0.00033,2.160246899469288e-5,0.28104575163398693,121.85527544351073
1_1_1_1_1_1_1_0_1_0_1_1_0_0_0_1_0_0_1_0_1_1_1_1_1_1_0_1_1_1_1_1,1,0.00033,2.1602468994692875e-5,0.2679738562091503,137.1221624850657
1_1_1_1_1_1_1_0_1_1_1_0_1_1_0_0_0_0_1_0_0_1_1_1_1_1_0_1_0_0_1_0,1,0.00033,2.160246899469288e-5,0.3006535947712418,174.47338935574234
1_0_1_0_0_0_0_1_0_0_0_1_0_0_1_1_1_1_0_0_1_0_0_1_0_0_1_0_1_1_0_1,1,0.00033,7.874007874011813e-5,0.27450980392156865,155.52085845189296
1_0_1_0_0_0_0_1_0_1_0_0_0_0_1_1_1_1_0_1_1_0_0_1_1_0_1_1_1_1_0_1,1,0.0003266666666666667,4.027681991198191e-5,0.28104575163398693,148.3456790123457
0_0_0_1_0_1_1_1_1_0_1_0_1_0_1_1_1_0_1_1_1_1_1_0_1_0_0_0_1_1_1_1,1,0.0003266666666666667,2.494438257849296e-5,0.32679738562091504,160.74074074074073
0_1_0_1_1_1_1_0_1_1_1_0_1_1_0_0_0_0_1_0_0_1_1_0_1_1_0_1_0_0_1_0,1,0.00032333333333333335,3.681787005729088e-5,0.2679738562091503,151.09757078507076
0_0_0_1_0_0_0_1_1_0_0_0_1_0_0_1_0_0_0_1_0_0_0_0_1_0_0_0_1_1_1_1,1,0.0003233333333333333,2.0548046676563263e-5,0.30718954248366015,184.60714285714286
0_0_0_0_0_0_0_1_1_0_0_0_0_1_0_1_0_1_0_1_0_0_0_0_1_0_0_0_0_1_0_1,1,0.0003233333333333333,6.342099196813483e-5,0.3464052287581699,206.2428601209089
1_0_1_0_0_0_0_1_0_0_0_1_0_0_1_1_1_1_0_1_1_0_0_1_0_0_1_0_1_1_0_1,1,0.00031999999999999997,4.3204937989385757e-5,0.2679738562091503,167.5843776106934
1_0_1_0_0_0_0_1_0_1_1_0_1_0_1_1_1_1_0_1_1_0_0_1_0_0_1_0_1_1_0_0,1,0.00031999999999999997,2.1602468994692875e-5,0.24183006535947713,116.03584229390681
1_1_1_1_1_1_1_0_0_1_1_1_1_0_1_0_1_0_1_0_1_1_1_1_0_1_1_1_1_0_1_0,1,0.00031666666666666665,9.428090415820634e-6,0.3464052287581699,194.8973607038123
0_0_0_0_0_0_0_1_0_1_0_0_1_1_1_0_1_1_0_0_0_0_0_0_0_0_1_0_0_0_0_0,1,0.0003133333333333334,3.681787005729088e-5,0.27450980392156865,146.4516129032258
1_1_1_1_1_1_1_0_1_0_1_1_0_0_0_1_0_0_1_1_1_1_1_1_1_1_0_1_1_1_1_1,1,0.0003133333333333334,2.6246692913372705e-5,0.27450980392156865,135.3234811165846
1_0_1_0_0_1_0_1_0_1_0_0_1_0_1_1_1_1_0_0_1_0_0_1_0_0_1_1_1_1_0_1,1,0.0003133333333333334,5.249338582674542e-5,0.3006535947712418,135.4656862745098
1_1_1_1_1_1_1_0_1_1_1_0_0_1_0_0_0_0_1_0_0_1_1_1_1_1_0_1_0_0_1_0,1,0.00031,2.160246899469288e-5,0.30718954248366015,151.2954699121028
0_1_0_0_0_1_1_1_1_0_0_0_0_0_0_0_0_0_0_1_0_0_0_0_1_0_1_1_1_1_0_1,1,0.00031,3.741657386773942e-5,0.2549019607843137,125.81112637362635
0_1_0_1_1_0_1_0_1_0_1_1_0_1_0_0_0_0_1_1_0_1_1_0_1_1_0_0_0_0_1_0,1,0.0003066666666666667,1.247219128924648e-5,0.3006535947712418,158.98869113830182
0_1_0_0_0_1_1_1_1_0_0_1_0_0_0_1_0_0_0_1_1_0_0_0_1_0_0_1_1_1_0_1,1,0.00030000000000000003,1.4142135623730961e-5,0.3137254901960784,250.14367816091954
0_1_0_1_1_1_1_0_1_0_1_1_0_0_0_1_0_0_1_1_1_1_1_0_1_1_0_1_1_1_1_1,1,0.0003,2.94392028877595e-5,0.2549019607843137,127.72819472616634
0_0_0_0_0_1_0_1_0_1_0_0_0_0_1_1_1_1_0_0_1_0_0_0_0_0_1_1_1_1_0_1,1,0.0003,5.099019513592785e-5,0.32679738562091504,157.9913302277433
0_1_0_1_1_1_1_0_1_0_0_1_0_1_0_0_0_0_1_0_0_1_1_0_1_1_0_0_0_0_1_1,1,0.0002966666666666667,7.318166133366717e-5,0.26143790849673204,125.8
1_0_1_0_1_0_0_0_0_1_1_1_1_1_1_1_1_1_1_1_1_1_1_1_0_1_1_0_0_0_1_0,1,0.0002933333333333333,6.599663291074444e-5,0.2679738562091503,134.08179539758487
1_0_1_0_0_1_0_1_0_1_0_0_1_1_1_0_1_1_0_0_0_0_0_1_0_0_1_1_0_0_0_0,1,0.00029,3.5590260840104375e-5,0.2875816993464052,150.809811827957
0_1_0_1_0_1_1_1_1_0_0_0_0_0_0_0_0_0_0_0_0_0_0_0_1_0_0_1_1_1_0_1,1,0.0002866666666666666,9.428090415820634e-6,0.2679738562091503,127.68253968253968
1_1_1_0_1_0_0_0_0_1_0_1_0_1_0_0_0_1_0_0_0_0_0_1_0_1_1_1_0_0_0_0,1,0.0002866666666666666,4.1899350299921774e-5,0.32679738562091504,150.39042599912167
1_0_1_1_1_1_1_0_0_1_1_0_1_1_1_1_1_1_1_1_1_1_1_1_0_1_1_1_0_0_1_0,1,0.0002866666666666666,1.699673171197595e-5,0.27450980392156865,135.18603857313533
1_1_1_1_1_1_1_0_0_1_1_1_1_1_0_0_0_0_1_1_1_1_1_1_1_1_1_1_0_0_1_0,1,0.00028333333333333335,3.8586123009300757e-5,0.3006535947712418,184.92572463768116
1_0_1_0_0_0_0_1_0_1_0_0_1_0_1_1_1_1_0_1_1_0_0_1_0_0_1_1_1_1_0_1,1,0.00028000000000000003,2.1602468994692875e-5,0.28104575163398693,146.83316484391753
1_1_1_1_1_1_1_0_0_1_1_1_1_1_0_0_0_0_1_0_0_1_1_1_1_1_1_1_0_0_1_0,1,0.00027666666666666665,3.8586123009300757e-5,0.3006535947712418,169.8397435897436
1_0_1_0_0_0_0_1_0_1_1_0_1_0_1_1_1_1_0_1_1_0_0_1_1_0_1_1_1_1_0_0,1,0.00027666666666666665,4.496912521077348e-5,0.28104575163398693,133.86960784313726
0_0_0_0_0_1_0_1_0_1_0_0_1_0_1_0_1_1_0_0_1_0_0_0_0_0_1_1_1_1_0_0,1,0.00027333333333333333,4.02768199119819e-5,0.32679738562091504,158.81616161616162
1_0_1_1_1_0_0_0_0_1_1_0_1_1_1_0_1_1_1_0_0_1_1_1_0_1_1_0_0_0_1_0,1,0.00027333333333333333,4.109609335312651e-5,0.3137254901960784,271.2621753246753
0_1_0_1_1_0_1_0_1_0_1_1_1_1_0_0_0_0_1_0_0_1_1_0_1_1_0_0_0_0_1_0,1,0.00027333333333333333,2.4944382578492927e-5,0.27450980392156865,139.77777777777777
1_1_1_1_1_1_1_0_0_1_1_1_0_1_0_0_0_0_1_1_0_1_1_1_1_1_1_1_0_0_1_0,1,0.00027333333333333333,2.8674417556808754e-5,0.3137254901960784,164.37674233373158
0_0_0_0_0_0_0_1_1_0_0_0_0_0_1_1_1_1_0_0_0_0_0_0_0_0_0_0_1_1_0_1,1,0.00027,8.16496580927726e-6,0.3006535947712418,165.634242300909
0_1_0_1_1_1_1_0_1_0_1_1_0_0_0_1_0_0_1_0_1_1_1_0_1_1_0_1_1_1_1_1,1,0.0002666666666666666,4.9216076867444665e-5,0.24836601307189543,128.77233877233877
0_0_0_1_0_0_0_1_1_0_0_0_0_1_1_1_1_1_0_0_0_0_0_0_0_0_0_0_0_1_1_1,1,0.00026333333333333336,1.8856180831641267e-5,0.3137254901960784,138.10114942528733
0_0_0_0_0_0_0_1_0_1_0_0_1_0_1_0_1_1_0_0_1_0_0_0_0_0_1_1_1_1_0_0,1,0.00026333333333333336,5.24933858267454e-5,0.3137254901960784,156.5322092773647
1_0_1_0_0_0_0_1_0_1_0_0_1_1_1_0_1_1_0_0_0_0_0_1_0_0_1_0_0_0_0_0,1,0.00026,2.1602468994692865e-5,0.2549019607843137,130.2308429118774
0_1_0_0_0_1_1_1_1_0_0_1_0_0_0_1_0_0_0_1_0_0_0_0_1_0_0_1_1_1_0_1,1,0.0002566666666666667,1.2472191289246467e-5,0.30718954248366015,202.14387464387468
0_1_0_1_1_1_1_0_1_0_1_1_0_0_0_1_0_0_1_1_0_1_1_0_1_1_0_0_1_1_1_1,1,0.00025666666666666665,3.0912061651652335e-5,0.28104575163398693,140.27053140096618
1_0_1_0_0_0_0_1_0_0_0_1_1_0_1_1_1_1_0_0_1_0_0_1_0_0_1_0_1_1_0_1,1,0.00025333333333333333,9.42809041582062e-6,0.29411764705882354,150.6517094017094
1_1_1_1_1_0_0_0_1_0_1_1_1_1_0_1_0_0_1_0_1_1_1_1_1_1_0_0_0_0_1_0,1,0.00025333333333333333,4.109609335312649e-5,0.2679738562091503,118.35897435897436
0_0_0_0_0_1_0_1_0_1_0_0_1_0_1_1_1_1_0_0_1_0_0_0_0_0_1_1_1_1_0_1,1,0.00025333333333333333,3.2998316455372206e-5,0.3333333333333333,149.32850241545896
1_0_1_0_0_1_0_1_0_1_0_0_0_0_1_1_1_1_0_1_1_0_0_1_0_0_1_1_1_1_0_1,1,0.00025333333333333333,3.681787005729085e-5,0.27450980392156865,143.69523809523812
0_0_0_0_0_0_0_1_0_1_0_0_1_0_1_0_1_1_0_1_1_0_0_0_0_0_1_0_1_1_0_0,1,0.0002466666666666667,1.6996731711975947e-5,0.2875816993464052,128.72450348899625
0_1_0_1_1_1_1_0_1_0_0_1_0_1_0_0_0_0_1_0_0_1_1_0_0_1_0_0_0_0_1_1,1,0.0002466666666666667,9.42809041582062e-6,0.28104575163398693,121.51709401709401
1_0_1_0_0_0_0_1_0_1_0_0_1_1_1_0_1_1_0_1_0_0_0_1_0_0_1_1_0_0_0_0,1,0.0002466666666666667,1.247219128924646e-5,0.2679738562091503,149.77591973244148
1_1_1_1_1_1_1_0_1_0_1_1_0_1_0_1_0_0_1_1_0_1_1_1_1_1_0_1_0_0_1_1,1,0.0002466666666666667,1.247219128924646e-5,0.29411764705882354,126.7984392419175
0_0_0_0_0_1_1_1_0_1_0_0_0_0_1_0_1_1_0_1_0_0_0_0_0_0_1_1_1_1_0_1,1,0.0002466666666666666,3.399346342395188e-5,0.2679738562091503,118.11172161172162
1_1_1_1_1_0_1_0_1_0_1_1_1_1_0_0_0_0_1_1_0_1_1_1_1_1_0_0_0_0_1_0,1,0.00024333333333333333,3.091206165165234e-5,0.32679738562091504,164.14767331433998
0_1_0_1_1_1_1_0_1_0_1_1_0_1_0_0_0_0_1_0_0_1_1_0_1_1_0_0_0_0_1_0,1,0.00024333333333333333,3.8586123009300736e-5,0.28104575163398693,150.3711201079622
1_1_1_1_1_0_1_0_1_0_1_1_1_1_0_0_0_0_1_0_0_1_1_1_0_1_0_0_0_0_1_0,1,0.00024333333333333333,2.3570226039551568e-5,0.33986928104575165,163.84615384615384
1_0_1_1_1_0_0_0_0_1_1_0_1_1_1_0_1_1_1_0_1_1_1_1_0_1_1_0_0_0_1_0,1,0.00023999999999999998,6.68331255192114e-5,0.30718954248366015,186.8362282878412
1_1_1_1_1_0_0_0_1_0_1_1_1_1_0_1_0_0_1_0_1_1_1_1_0_1_0_0_0_0_1_0,1,0.00023999999999999998,2.1602468994692858e-5,0.2875816993464052,130.05347985347984
0_1_0_1_1_1_1_0_1_1_1_0_0_1_0_0_0_0_1_0_0_1_1_0_1_1_0_1_0_0_1_0,1,0.00023666666666666668,5.436502143433363e-5,0.2875816993464052,147.8472222222222
1_1_1_0_1_1_1_0_0_1_1_1_1_0_0_0_0_0_1_1_1_1_1_1_1_1_1_1_1_0_0_0,1,0.00023333333333333336,5.436502143433363e-5,0.3137254901960784,154.2959818902094
0_0_0_0_0_1_0_1_0_1_0_0_0_0_1_0_1_1_0_0_0_0_0_0_0_0_0_1_1_1_0_1,1,0.00023333333333333333,2.8674417556808754e-5,0.28104575163398693,116.46162104133118
1_1_1_1_1_0_1_0_1_0_1_1_0_1_0_1_0_0_1_1_0_1_1_1_1_1_0_0_0_0_1_1,1,0.00023333333333333333,3.399346342395189e-5,0.32679738562091504,158.84848484848484
0_0_0_0_0_0_0_1_0_0_0_1_1_1_1_0_1_1_0_0_0_0_0_0_0_0_1_0_0_0_0_0,1,0.00023000000000000003,6.68331255192114e-5,0.3137254901960784,155.88789682539684
0_1_0_1_1_0_1_0_1_0_1_1_0_0_0_1_0_0_1_1_1_1_1_0_1_1_0_0_1_1_1_1,1,0.00022666666666666668,4.714045207910317e-6,0.2875816993464052,132.06192358366272
0_0_0_0_0_0_0_1_1_0_0_0_0_0_1_1_1_1_0_0_1_0_0_0_0_0_0_0_1_1_0_1,1,0.00022333333333333333,4.642796092394706e-5,0.30718954248366015,164.3672839506173
0_0_0_0_0_0_0_1_0_1_0_0_0_0_1_0_1_1_0_1_0_0_0_0_0_0_0_1_1_1_0_1,1,0.00022333333333333333,4.714045207910316e-5,0.26143790849673204,117.27767695099818
0_0_0_0_0_1_0_1_0_1_0_0_0_0_1_1_1_1_0_1_1_0_0_0_1_0_1_1_1_1_0_1,1,0.00022333333333333333,5.55777733351102e-5,0.33986928104575165,164.7777777777778
1_0_1_0_0_0_0_1_0_1_0_0_1_1_1_0_1_1_0_0_1_0_0_1_0_0_1_1_0_0_0_0,1,0.00022,3.559026084010437e-5,0.28104575163398693,146.2
1_1_1_1_1_1_1_0_1_0_1_1_0_1_0_1_0_0_1_0_0_1_1_1_1_1_0_1_0_0_1_1,1,0.00022,3.74165738677394e-5,0.2875816993464052,138.91435503967475
1_1_1_1_1_1_1_0_0_1_1_1_1_1_0_0_0_0_1_1_0_1_1_1_1_1_1_1_0_0_1_0,1,0.00021666666666666666,4.784233364802441e-5,0.30718954248366015,164.57264957264957
1_1_1_1_1_1_1_0_0_1_1_1_0_1_0_0_0_0_1_0_1_1_1_1_1_1_1_1_0_0_1_0,1,0.00021666666666666666,2.357022603955158e-5,0.3137254901960784,179.5666666666667
0_0_0_0_0_1_1_1_0_1_0_0_0_0_1_0_1_1_0_1_0_0_0_0_1_0_1_1_1_1_0_1,1,0.00021333333333333336,2.8674417556808754e-5,0.2875816993464052,113.77777777777777
0_0_0_0_0_0_0_1_0_1_0_0_1_0_1_0_1_1_0_0_1_0_0_0_0_0_1_0_1_1_0_0,1,0.0002133333333333333,3.858612300930075e-5,0.29411764705882354,115.87210144927536
0_1_0_1_1_1_1_0_1_1_1_0_0_1_0_0_0_0_1_1_0_1_1_0_1_1_0_1_0_0_1_0,1,0.00021,2.82842712474619e-5,0.29411764705882354,152.40409207161125
1_1_1_1_1_1_1_0_1_0_1_1_0_0_0_1_0_0_1_0_0_1_1_1_1_1_0_1_1_1_1_1,1,0.00020999999999999998,5.099019513592785e-5,0.27450980392156865,132.8842172320433
1_1_1_1_1_1_1_0_1_0_1_1_1_0_0_1_0_0_1_0_1_1_1_1_1_1_0_1_1_0_1_1,1,0.00020666666666666663,4.988876515698588e-5,0.29411764705882354,131.36530136530135
1_0_1_0_0_0_0_1_0_0_0_1_1_0_1_1_1_1_0_1_1_0_0_1_0_0_1_0_1_1_0_1,1,0.00020333333333333336,1.8856180831641267e-5,0.2875816993464052,153.0511060259344
0_0_0_0_0_0_0_1_1_0_0_0_1_0_0_1_0_1_0_1_1_0_0_0_1_0_0_0_1_1_0_1,1,0.0002,2.1602468994692865e-5,0.32679738562091504,162.86464954657174
0_0_0_0_0_0_0_1_0_1_0_0_0_0_1_1_1_1_0_0_1_0_0_0_0_0_1_1_1_1_0_1,1,0.0002,4.546060565661953e-5,0.3137254901960784,134.16507936507938
0_0_0_0_0_0_0_1_0_1_0_0_0_1_1_0_1_1_0_0_0_0_0_0_0_0_1_0_0_1_0_0,1,0.00019666666666666669,3.299831645537221e-5,0.3006535947712418,133.6842105263158
1_1_1_1_1_1_1_0_1_0_1_1_1_1_0_0_0_0_1_1_0_1_1_1_1_1_0_0_0_0_1_0,1,0.00019666666666666669,4.0276819911981915e-5,0.3137254901960784,140.0
1_0_1_0_0_1_0_1_0_1_0_0_1_0_1_1_1_1_0_1_1_0_0_1_1_0_1_1_1_1_0_1,1,0.00019666666666666669,1.6996731711975947e-5,0.3137254901960784,133.12865497076027
0_0_0_0_0_0_0_1_1_0_0_0_1_0_1_1_1_1_0_1_0_0_0_0_0_0_0_0_1_1_0_1,1,0.00019666666666666669,7.133644853010899e-5,0.3137254901960784,177.83726150392818
1_0_1_0_0_0_0_1_0_1_0_0_1_0_1_1_1_1_0_1_1_0_0_1_1_0_1_1_1_1_0_1,1,0.00019666666666666669,6.128258770283411e-5,0.3006535947712418,131.43209876543207
0_1_0_1_1_0_1_0_1_0_1_1_0_1_0_0_0_0_1_0_0_1_1_0_0_1_0_0_0_0_1_0,1,0.00019333333333333333,4.714045207910315e-5,0.3137254901960784,144.7596153846154
1_1_1_1_1_0_1_0_1_0_1_1_0_1_0_0_0_0_1_1_0_1_1_1_1_1_0_0_0_0_1_0,1,0.00019333333333333333,4.642796092394708e-5,0.3333333333333333,139.981684981685
0_0_0_0_0_0_0_1_0_1_0_0_1_0_1_1_1_1_0_0_1_0_0_0_0_0_1_1_1_1_0_1,1,0.00018999999999999998,4.320493798938575e-5,0.3202614379084967,134.53628497106757
1_1_1_1_1_1_1_0_0_1_1_1_0_1_1_0_1_0_1_0_0_1_1_1_0_1_1_1_0_0_1_0,1,0.00018999999999999998,3.2659863237109046e-5,0.32679738562091504,167.0424612255276
1_1_1_1_1_1_1_0_1_0_1_1_1_0_0_1_0_0_1_1_1_1_1_1_1_1_0_1_1_0_1_1,1,0.0001866666666666667,2.0548046676563253e-5,0.3006535947712418,117.21961152882206
1_1_1_1_1_1_1_0_1_1_1_0_0_0_0_1_0_0_1_1_1_1_1_1_1_1_0_1_1_1_1_1,1,0.0001866666666666667,2.0548046676563253e-5,0.3137254901960784,151.843671679198
1_0_1_0_0_1_0_1_0_1_1_0_1_0_1_1_1_1_0_1_1_0_0_1_1_0_1_1_1_1_0_0,1,0.00018666666666666666,5.24933858267454e-5,0.29411764705882354,118.68589743589745
0_1_0_1_1_1_1_0_1_0_1_1_0_0_0_1_0_0_1_0_1_1_1_0_1_1_0_0_1_1_1_1,1,0.00018333333333333334,3.299831645537221e-5,0.2679738562091503,122.28260869565217
1_0_1_0_0_0_0_1_0_1_0_0_1_1_1_0_1_1_0_1_0_0_0_1_0_0_1_0_0_0_0_0,1,0.00018333333333333334,6.599663291074443e-5,0.24836601307189543,137.6305539050637
0_1_0_0_0_0_1_1_1_0_0_1_0_0_0_1_0_0_0_0_0_0_0_0_0_0_0_0_1_1_0_1,1,0.00018,3.559026084010438e-5,0.32679738562091504,189.17155067155068
1_1_1_1_1_1_1_0_1_0_1_1_1_1_0_1_0_0_1_0_1_1_1_1_1_1_1_0_0_0_1_0,1,0.00018,7.788880963698614e-5,0.26143790849673204,118.91487979207277
0_0_0_0_0_0_0_1_0_1_0_0_0_0_1_0_1_1_0_1_0_0_0_0_1_0_0_1_1_1_0_1,1,0.0001766666666666667,1.6996731711975947e-5,0.28104575163398693,112.55637254901961
1_1_1_1_1_1_1_0_1_0_1_1_0_1_0_0_0_0_1_1_0_1_1_1_1_1_0_0_0_0_1_0,1,0.00017666666666666666,1.6996731711975947e-5,0.3202614379084967,137.7450980392157
1_0_1_0_0_0_0_1_0_1_0_0_1_1_1_0_1_1_0_1_0_0_0_1_1_0_1_1_0_0_0_0,1,0.00017666666666666666,5.249338582674542e-5,0.2875816993464052,124.11965811965813
0_0_0_0_0_0_0_1_0_1_0_0_1_0_1_0_1_1_0_0_0_0_0_0_0_0_1_0_1_1_0_0,1,0.00017666666666666666,3.299831645537223e-5,0.2875816993464052,120.62133944486887
0_1_0_1_1_1_1_0_1_0_1_1_0_0_0_1_0_0_1_0_1_1_1_0_0_1_0_0_1_1_1_1,1,0.00017666666666666666,3.399346342395191e-5,0.2875816993464052,134.17903733693208
1_0_1_0_0_0_0_1_0_0_0_1_0_0_0_1_0_1_0_1_0_0_0_1_1_0_1_0_1_1_0_1,1,0.00017666666666666666,3.299831645537222e-5,0.28104575163398693,129.0094219505984
1_1_1_1_1_0_1_0_1_0_1_1_0_1_0_0_0_0_1_0_0_1_1_1_0_1_0_0_0_0_1_0,1,0.00017333333333333336,1.699673171197596e-5,0.3464052287581699,146.80116959064324
1_1_1_1_1_1_1_0_0_1_1_1_0_1_0_0_0_0_1_1_1_1_1_1_1_1_1_1_0_0_1_0,1,0.00017333333333333336,2.624669291337271e-5,0.3202614379084967,164.3948412698413
0_0_0_0_0_0_0_1_0_1_0_0_1_1_1_0_1_1_0_0_1_0_0_0_0_0_1_0_0_0_0_0,1,0.00017333333333333336,4.7140452079103176e-5,0.28104575163398693,128.29365079365078
0_1_0_1_1_1_1_0_1_0_1_1_0_1_0_0_0_0_1_0_0_1_1_0_0_1_0_0_0_0_1_0,1,0.00017,5.3541261347363375e-5,0.3006535947712418,127.3800505050505
1_0_1_0_1_1_0_0_0_1_1_1_1_1_1_1_1_1_1_1_1_1_1_1_0_1_1_0_0_0_1_0,1,0.00017,1.632993161855453e-5,0.2679738562091503,142.21534227726178
1_1_1_1_1_1_1_0_1_1_1_0_0_0_0_1_0_0_1_0_1_1_1_1_1_1_0_1_1_1_1_1,1,0.00017,2.828427124746191e-5,0.30718954248366015,130.45883940620783
1_1_1_1_1_1_1_0_1_0_1_1_0_1_0_1_0_0_1_0_0_1_1_1_1_1_0_0_0_0_1_1,1,0.00016666666666666666,5.312459150169743e-5,0.30718954248366015,146.61977834612105
1_0_1_0_0_0_0_1_0_1_0_0_1_0_1_0_1_1_0_0_1_0_0_1_0_0_1_0_1_1_0_0,1,0.00016666666666666666,3.8586123009300757e-5,0.27450980392156865,111.3216783216783
0_1_0_1_1_0_1_0_1_0_0_1_0_1_0_0_0_0_1_0_0_1_1_0_1_1_0_0_0_0_1_1,1,0.00016666666666666666,3.39934634239519e-5,0.27450980392156865,113.59259259259261
0_1_0_1_1_0_1_0_1_0_0_1_0_1_0_0_0_0_1_0_0_1_1_0_0_1_0_0_0_0_1_1,1,0.00016333333333333334,1.699673171197596e-5,0.29411764705882354,128.76439464674758
0_1_0_0_0_0_0_1_0_0_0_1_1_0_0_1_0_0_0_1_1_0_0_0_1_0_1_1_1_1_0_1,1,0.00016333333333333334,2.0548046676563263e-5,0.32679738562091504,187.97932330827066
1_0_1_0_1_0_0_0_0_1_1_1_1_1_1_1_1_1_1_1_1_1_1_1_0_1_0_0_0_0_1_0,1,0.00016333333333333334,3.771236166328254e-5,0.2679738562091503,136.47527910685804
0_0_0_0_0_0_0_1_0_1_0_0_1_0_1_0_1_1_0_1_0_0_0_0_0_0_1_0_1_1_0_0,1,0.00016333333333333334,3.091206165165235e-5,0.28104575163398693,130.82846003898635
0_1_0_0_0_0_0_1_1_0_0_0_0_0_0_0_0_0_0_1_0_0_0_0_1_0_0_1_1_1_0_1,1,0.00016333333333333334,4.496912521077347e-5,0.26143790849673204,126.78030303030305
0_1_0_1_0_1_1_1_1_0_0_0_0_0_0_0_0_0_0_0_0_0_0_0_1_0_1_1_1_1_0_1,1,0.00016333333333333334,3.399346342395191e-5,0.2679738562091503,124.84004884004884
0_1_0_1_0_0_1_1_1_0_0_0_0_0_0_0_0_0_0_0_0_0_0_0_1_0_0_1_1_1_0_1,1,0.00016333333333333334,2.3570226039551595e-5,0.2679738562091503,148.97435897435898
1_1_1_1_1_1_1_0_1_0_1_1_0_0_0_1_0_0_1_1_0_1_1_1_1_1_0_1_1_1_1_1,1,0.00016,3.2659863237109046e-5,0.28104575163398693,138.56944444444446
0_0_0_0_0_0_0_1_0_1_0_0_1_0_1_0_1_1_0_1_1_0_0_0_0_0_1_1_1_1_0_0,1,0.00016,1.4142135623730961e-5,0.30718954248366015,153.50140056022408
0_0_0_0_0_0_0_1_0_1_0_0_1_0_1_0_1_1_0_1_1_0_0_0_1_0_1_1_1_1_0_0,1,0.00015999999999999999,1.4142135623730961e-5,0.32679738562091504,143.07407407407408
0_1_0_0_0_0_1_1_1_0_0_1_0_0_0_1_0_0_0_1_0_0_0_0_1_0_0_0_1_1_0_1,1,0.0001566666666666667,2.624669291337271e-5,0.3137254901960784,144.79847494553377
0_0_0_0_0_0_0_1_0_1_0_0_0_1_1_0_1_1_0_1_0_0_0_0_0_0_1_0_0_1_0_0,1,0.0001566666666666667,1.699673171197596e-5,0.29411764705882354,124.94179894179895
1_0_1_0_0_0_0_1_0_1_0_0_1_0_1_0_1_1_0_1_1_0_0_1_0_0_1_0_1_1_0_0,1,0.0001566666666666667,2.867441755680876e-5,0.2679738562091503,116.54605263157895
0_1_0_1_1_0_1_0_1_0_1_1_0_0_0_1_0_0_1_0_1_1_1_0_0_1_0_0_1_1_1_1,1,0.00015666666666666666,3.299831645537222e-5,0.3006535947712418,124.8888888888889
1_1_1_1_1_1_1_0_1_0_1_1_0_1_0_1_0_0_1_1_1_1_1_1_1_1_0_1_0_0_1_1,1,0.00015333333333333334,4.921607686744467e-5,0.2875816993464052,123.27050264550265
1_0_1_0_0_1_0_1_0_1_1_0_1_0_1_1_1_1_0_1_1_0_0_1_0_0_1_1_1_1_0_0,1,0.00015333333333333334,2.867441755680876e-5,0.27450980392156865,102.51169590643275
1_0_1_1_1_1_0_0_0_1_1_0_1_1_1_0_1_1_1_0_1_1_1_1_0_1_1_1_0_0_1_0,1,0.00015333333333333334,1.2472191289246484e-5,0.3137254901960784,146.99439775910363
1_1_1_1_1_1_1_0_1_0_1_1_0_1_0_1_0_0_1_0_0_1_1_1_0_1_0_0_0_0_1_1,1,0.0001533333333333333,1.2472191289246484e-5,0.32679738562091504,124.92903828197944
1_0_1_0_0_0_0_1_0_1_0_0_1_1_1_0_1_1_0_1_1_0_0_1_1_0_1_1_0_0_0_0,1,0.00015000000000000001,4.320493798938574e-5,0.29411764705882354,119.40059940059939
0_0_0_0_0_0_0_1_1_0_0_0_0_1_1_1_1_1_0_0_0_0_0_0_0_0_0_0_0_1_0_1,1,0.00015,4.96655480858378e-5,0.3333333333333333,163.6868686868687
1_0_1_0_0_0_0_1_0_0_0_1_0_0_0_1_0_1_0_1_1_0_0_1_1_0_1_0_1_1_0_1,1,0.00015,0.0,0.2875816993464052,143.33333333333334
1_0_1_1_1_1_1_0_1_1_1_0_0_1_1_0_1_1_1_0_0_1_1_1_0_1_0_0_0_0_1_0,1,0.00015,2.1602468994692878e-5,0.32679738562091504,208.7138787138787
1_0_1_0_0_1_0_1_0_1_0_0_1_0_1_1_1_1_0_1_1_0_0_1_0_0_1_1_1_1_0_1,1,0.00015,2.9439202887759494e-5,0.29411764705882354,126.54761904761904
0_0_0_0_0_0_0_1_0_1_0_0_1_1_1_0_1_1_0_1_1_0_0_0_0_0_1_0_0_0_0_0,1,0.00015,2.9439202887759494e-5,0.27450980392156865,112.72516835016835
0_1_0_1_1_1_1_0_1_0_1_1_0_1_0_1_0_0_1_0_0_1_1_0_1_1_0_1_0_0_1_1,1,0.0001466666666666667,4.027681991198191e-5,0.2679738562091503,103.92156862745098
0_0_0_0_0_0_0_1_1_0_0_0_0_0_0_1_0_1_0_1_0_0_0_0_1_0_0_0_1_1_0_1,1,0.00014666666666666666,5.436502143433364e-5,0.3137254901960784,169.23724423724425
1_1_1_1_1_1_1_0_0_1_1_1_1_0_0_0_0_0_1_1_1_1_1_1_1_1_1_1_1_0_1_0,1,0.00014666666666666666,1.247219128924648e-5,0.3333333333333333,149.44337606837607
0_1_0_1_1_1_1_0_1_1_1_0_1_1_1_0_1_1_1_0_1_1_1_0_0_1_0_1_0_0_1_0,1,0.00014666666666666666,9.428090415820645e-6,0.27450980392156865,133.57142857142856
1_0_1_1_1_1_1_0_1_1_1_0_1_1_1_0_1_1_1_0_1_1_1_1_0_1_0_0_0_0_1_0,1,0.00014333333333333334,4.642796092394706e-5,0.3137254901960784,156.09649122807016
0_1_0_1_1_1_1_0_1_0_1_1_0_1_0_1_0_0_1_1_0_1_1_0_1_1_0_1_0_0_1_1,1,0.00014333333333333334,2.624669291337271e-5,0.27450980392156865,115.14957264957265
0_0_0_0_0_0_0_1_1_0_0_0_1_0_1_1_1_1_0_0_0_0_0_0_0_0_0_0_1_1_0_1,1,0.00014000000000000001,1.4142135623730943e-5,0.3202614379084967,179.61111111111111
1_0_1_1_1_1_0_0_0_1_1_0_1_1_1_0_1_1_1_1_1_1_1_1_1_1_1_1_0_0_1_0,1,0.00014000000000000001,4.546060565661952e-5,0.32679738562091504,168.203216374269
0_1_0_0_0_0_0_1_0_0_0_1_0_0_0_1_0_0_0_1_0_0_0_0_1_0_1_1_1_1_0_1,1,0.00014000000000000001,3.5590260840104375e-5,0.3137254901960784,155.92592592592592
1_0_1_0_0_0_0_1_0_0_0_1_1_1_1_0_1_1_0_0_0_0_0_1_0_0_1_0_0_0_0_0,1,0.00014000000000000001,2.1602468994692865e-5,0.30718954248366015,152.02272727272728
1_1_1_1_1_0_1_0_1_0_1_1_0_1_0_1_0_0_1_0_0_1_1_1_1_1_0_0_0_0_1_1,1,0.00014,8.16496580927726e-6,0.3202614379084967,142.3919413919414
1_0_1_0_0_0_0_1_0_1_0_0_1_1_1_0_1_1_0_0_1_0_0_1_0_0_1_0_0_0_0_0,1,0.00014,1.4142135623730943e-5,0.26143790849673204,106.11111111111113
0_0_0_0_0_0_0_1_0_1_0_0_0_0_1_1_1_1_0_1_1_0_0_0_1_0_1_1_1_1_0_1,1,0.00013666666666666666,2.6246692913372702e-5,0.32679738562091504,134.375
0_1_0_1_1_1_1_0_1_0_1_1_0_0_0_1_0_0_1_0_0_1_1_0_1_1_0_0_1_1_1_1,1,0.00013333333333333337,3.771236166328254e-5,0.27450980392156865,130.20833333333334
1_0_1_0_0_0_0_1_0_1_0_0_1_1_1_0_1_1_0_1_1_0_0_1_0_0_1_1_0_0_0_0,1,0.00013333333333333334,4.109609335312651e-5,0.27450980392156865,124.69576719576719
1_1_1_1_1_1_1_0_1_0_1_1_1_1_0_1_0_0_1_0_1_1_1_1_0_1_1_0_0_0_1_0,1,0.00013333333333333334,3.299831645537221e-5,0.28104575163398693,118.50918145035791
1_0_1_0_0_0_0_1_0_0_0_1_0_0_0_1_0_0_0_1_0_0_0_1_1_0_1_0_1_1_0_1,1,0.00013000000000000002,4.0824829046386304e-5,0.27450980392156865,121.85897435897436
1_1_1_1_1_1_1_0_1_0_1_1_0_1_0_1_0_0_1_0_1_1_1_1_1_1_0_1_0_0_1_1,1,0.00013000000000000002,4.320493798938574e-5,0.28104575163398693,119.05369484316854
0_1_0_1_1_1_1_0_1_1_1_0_1_1_1_0_1_0_1_0_0_1_1_0_0_1_0_1_0_0_1_0,1,0.00013,4.546060565661953e-5,0.2875816993464052,141.26984126984124
0_1_0_0_0_0_1_1_1_0_0_0_0_0_0_0_0_0_0_1_0_0_0_0_1_0_1_1_1_1_0_1,1,0.00012666666666666666,1.2472191289246464e-5,0.2549019607843137,109.35897435897436
0_1_0_1_1_1_1_0_1_1_1_0_1_1_1_0_1_0_1_0_1_1_1_0_0_1_0_1_0_0_1_0,1,0.00012666666666666666,1.6996731711975944e-5,0.28104575163398693,119.92424242424242
1_1_1_1_1_1_1_0_1_1_1_0_0_1_1_0_1_0_1_0_0_1_1_1_0_1_0_1_0_0_1_0,1,0.00012666666666666666,2.0548046676563246e-5,0.32679738562091504,143.7094017094017
0_1_0_1_1_0_1_0_1_0_1_1_0_1_0_0_0_0_1_0_0_1_1_0_1_1_0_0_0_0_1_0,1,0.00012666666666666666,4.4969125210773474e-5,0.29411764705882354,133.10721247563353
0_0_0_0_0_0_0_1_0_1_0_0_1_0_1_1_1_1_0_1_1_0_0_0_1_0_1_1_1_1_0_1,1,0.00012666666666666666,3.8586123009300757e-5,0.3333333333333333,153.95622895622895
0_0_0_0_0_0_0_1_0_0_0_1_1_0_0_1_0_1_0_1_1_0_0_0_1_0_1_0_1_1_0_1,1,0.00012666666666666666,4.4969125210773474e-5,0.32679738562091504,143.3879142300195
0_0_0_0_0_1_0_1_0_1_0_0_1_0_1_1_1_1_0_1_1_0_0_0_1_0_1_1_1_1_0_1,1,0.00012666666666666666,1.6996731711975944e-5,0.3464052287581699,174.28787878787878
1_1_1_1_1_0_1_0_1_0_1_1_0_1_0_1_0_0_1_1_1_1_1_1_1_1_0_0_0_0_1_1,1,0.00012666666666666666,4.189935029992179e-5,0.3202614379084967,137.36694677871148
0_1_0_1_1_1_1_0_1_1_1_0_0_0_0_1_0_0_1_1_1_1_1_0_1_1_0_1_1_1_1_1,1,0.00012333333333333334,4.496912521077348e-5,0.30718954248366015,163.13492063492063
0_0_0_0_0_0_0_1_0_1_0_0_1_0_1_1_1_1_0_0_1_0_0_0_0_0_0_0_1_1_0_1,1,0.00012333333333333334,3.681787005729087e-5,0.3137254901960784,132.73692810457516
1_0_1_0_0_0_0_1_0_1_0_0_1_1_1_0_1_1_0_1_1_0_0_1_0_0_1_0_0_0_0_0,1,0.00012333333333333334,3.299831645537222e-5,0.2549019607843137,101.4705882352941
0_1_0_1_1_1_1_0_1_0_1_1_0_0_0_1_0_0_1_1_0_1_1_0_1_1_0_1_1_1_1_1,1,0.00012333333333333334,2.624669291337271e-5,0.26143790849673204,99.27651515151514
1_0_1_1_1_1_1_0_0_1_1_1_1_1_1_1_1_1_1_0_1_1_1_1_0_1_1_0_0_0_1_0,1,0.00012333333333333334,9.428090415820627e-6,0.26143790849673204,134.66200466200465
1_1_1_1_1_1_1_0_0_1_1_1_1_1_1_0_1_0_1_0_1_1_1_1_0_1_1_1_0_0_1_0,1,0.00012,4.898979485566357e-5,0.3137254901960784,171.85185185185185
0_1_0_1_1_1_1_0_1_1_1_0_1_1_1_0_1_1_1_0_0_1_1_0_0_1_0_1_0_0_1_0,1,0.00011999999999999999,2.943920288775948e-5,0.28104575163398693,138.258547008547
0_0_0_0_0_0_0_1_1_0_0_0_0_1_1_1_1_1_0_1_0_0_0_0_0_0_0_0_0_1_0_1,1,0.00011999999999999999,2.4494897427831774e-5,0.32679738562091504,153.24074074074073
1_1_1_1_1_1_1_0_1_0_1_1_0_1_0_0_0_0_1_1_0_1_1_1_1_1_1_1_0_0_1_0,1,0.00011666666666666667,1.2472191289246465e-5,0.3137254901960784,144.991452991453
0_1_0_1_1_1_1_0_1_0_1_1_0_0_0_1_0_0_1_0_0_1_1_0_1_1_0_1_1_1_1_1,1,0.00011666666666666667,4.109609335312652e-5,0.2549019607843137,107.47389865036924
0_0_0_0_0_0_0_1_0_0_0_1_1_1_1_0_1_1_0_1_0_0_0_0_0_0_1_0_0_0_0_0,1,0.00011666666666666667,1.6996731711975944e-5,0.30718954248366015,163.86147186147187
1_1_1_1_1_0_1_0_1_0_1_1_0_0_0_1_0_0_1_1_1_1_1_1_1_1_0_0_1_1_1_1,1,0.00011666666666666667,4.714045207910317e-6,0.30718954248366015,153.03030303030303
0_0_0_0_0_0_0_1_0_1_0_0_1_1_1_0_1_1_0_1_0_0_0_0_0_0_0_0_0_0_0_0,1,0.00011666666666666667,2.8674417556808747e-5,0.28104575163398693,113.69444444444444
0_0_0_0_0_1_0_1_0_1_0_0_1_1_1_0_1_1_0_0_0_0_0_0_0_0_1_1_0_0_0_0,1,0.00011333333333333334,9.428090415820634e-6,0.30718954248366015,133.55555555555557
1_1_1_1_1_0_1_0_1_0_1_1_0_1_0_1_0_0_1_0_0_1_1_1_0_1_0_0_0_0_1_1,1,0.00011333333333333334,2.0548046676563246e-5,0.33986928104575165,137.86676286676288
0_0_0_0_0_0_0_1_1_0_0_0_0_0_0_1_0_1_0_1_1_0_0_0_1_0_0_0_1_1_0_1,1,0.00011333333333333334,1.2472191289246465e-5,0.3202614379084967,148.31934731934732
1_1_1_1_1_1_1_0_1_0_1_1_0_0_0_1_0_0_1_1_1_1_1_1_1_1_1_1_1_1_1_1,1,0.00011333333333333334,2.3570226039551575e-5,0.2875816993464052,127.40384615384615
0_0_0_0_0_0_0_1_0_0_0_1_0_0_0_1_0_1_0_1_0_0_0_0_1_0_1_0_1_1_0_1,1,0.00011333333333333334,4.027681991198191e-5,0.3137254901960784,135.37581699346404
0_1_0_0_0_0_1_1_1_0_0_1_0_0_0_1_0_0_0_1_1_0_0_0_1_0_0_0_1_1_0_1,1,0.00011333333333333333,1.2472191289246464e-5,0.3202614379084967,155.66666666666666
0_0_0_0_0_0_0_1_0_1_0_0_1_1_1_0_1_1_0_0_0_0_0_0_0_0_0_0_0_0_0_0,1,0.00011333333333333333,1.6996731711975944e-5,0.2875816993464052,116.6951566951567
0_0_0_0_0_0_0_1_0_1_0_0_1_1_1_0_1_1_0_0_1_0_0_0_0_0_1_1_0_0_0_0,1,0.00011333333333333333,1.885618083164126e-5,0.3006535947712418,103.04761904761904
1_1_1_1_1_1_1_0_1_1_1_0_1_1_1_0_1_0_1_0_0_1_1_1_0_1_0_1_0_0_1_0,1,0.00011,2.4494897427831774e-5,0.3202614379084967,133.83116883116884
1_1_1_1_1_1_1_0_1_1_1_0_1_1_1_0_1_1_1_0_1_1_1_1_0_1_0_1_0_0_1_0,1,0.00011,1.6329931618554513e-5,0.30718954248366015,135.24475524475523
1_1_1_1_1_1_1_0_1_0_1_1_1_1_0_0_0_0_1_0_0_1_1_1_0_1_0_0_0_0_1_0,1,0.00011,1.6329931618554513e-5,0.32679738562091504,129.67106967106966
1_1_1_1_1_1_1_0_0_1_1_1_1_0_0_0_0_0_1_0_1_1_1_1_1_1_1_1_1_0_1_0,1,0.00011,1.6329931618554513e-5,0.32679738562091504,151.42709142709143
0_1_0_1_1_1_1_0_1_1_1_0_0_0_0_1_0_0_1_0_1_1_1_0_1_1_0_1_1_1_1_1,1,0.00011,2.160246899469286e-5,0.3006535947712418,153.21581196581198
1_1_1_1_1_1_1_0_1_0_1_1_1_1_0_0_0_0_1_1_0_1_1_1_1_1_1_1_0_0_1_0,1,0.00011,3.741657386773941e-5,0.30718954248366015,137.7777777777778
0_0_0_0_0_0_0_1_0_0_0_1_0_0_0_1_0_0_0_1_1_0_0_0_1_0_1_0_1_1_0_1,1,0.00011,1.4142135623730943e-5,0.3137254901960784,131.89743589743588
0_0_0_0_0_1_0_1_0_1_0_0_0_0_1_1_1_1_0_1_1_0_0_0_0_0_1_1_1_1_0_1,1,0.00011,3.559026084010437e-5,0.3202614379084967,138.71794871794873
0_1_0_1_1_0_1_0_1_0_1_1_0_0_0_1_0_0_1_0_1_1_1_0_1_1_0_0_1_1_1_1,1,0.00011,1.6329931618554513e-5,0.28104575163398693,122.4268324268324
1_0_1_0_0_1_0_1_0_1_0_0_1_1_1_0_1_1_0_1_0_0_0_1_1_0_1_1_0_0_0_0,1,0.00011,0.0,0.3006535947712418,122.42424242424242
0_1_0_1_1_1_1_0_1_1_1_0_0_1_1_0_1_0_1_0_0_1_1_0_0_1_0_1_0_0_1_0,1,0.00011,1.4142135623730943e-5,0.30718954248366015,94.76923076923077
0_0_0_0_0_0_0_1_0_0_0_1_0_0_0_1_0_0_0_1_0_0_0_0_1_0_1_0_1_1_0_1,1,0.00010666666666666668,1.8856180831641267e-5,0.30718954248366015,139.72222222222223
0_0_0_0_0_0_0_1_0_1_0_0_0_0_1_1_1_1_0_1_1_0_0_0_0_0_0_0_1_1_0_1,1,0.00010666666666666668,9.428090415820634e-6,0.3006535947712418,139.7777777777778
1_0_1_0_0_0_0_1_0_0_0_1_1_1_1_0_1_1_0_1_0_0_0_1_0_0_1_0_0_0_0_0,1,0.00010666666666666668,2.3570226039551575e-5,0.3006535947712418,113.94179894179895
1_0_1_1_1_1_0_0_0_1_1_1_1_1_1_1_1_1_1_0_1_1_1_1_0_1_0_0_0_0_1_0,1,0.00010666666666666668,4.714045207910317e-6,0.2549019607843137,105.84848484848483
0_0_0_0_0_0_0_1_0_1_0_0_1_0_1_0_1_1_0_0_0_0_0_0_0_0_1_1_1_1_0_0,1,0.00010666666666666668,1.247219128924647e-5,0.30718954248366015,137.4242424242424
1_1_1_1_1_1_1_0_1_0_1_1_0_1_0_0_0_0_1_0_0_1_1_1_0_1_0_0_0_0_1_0,1,0.00010666666666666668,5.436502143433364e-5,0.3333333333333333,127.37037037037037
1_1_1_1_1_1_1_0_1_0_1_1_0_0_0_1_0_0_1_1_1_1_1_1_1_1_0_0_1_1_1_1,1,0.00010666666666666665,1.6996731711975944e-5,0.29411764705882354,121.08262108262107
0_0_0_0_0_0_0_1_0_1_0_0_1_0_1_1_1_1_0_1_1_0_0_0_0_0_1_1_1_1_0_1,1,0.00010333333333333333,3.858612300930075e-5,0.3137254901960784,108.9920634920635
0_0_0_0_0_1_0_1_0_1_0_0_1_0_1_0_1_1_0_1_1_0_0_0_0_0_1_1_1_1_0_0,1,0.00010333333333333333,5.1854497287013484e-5,0.3202614379084967,143.65079365079364
1_0_1_0_0_0_0_1_0_0_0_1_1_1_0_0_0_1_0_1_0_0_0_1_1_0_1_0_0_0_0_0,1,0.00010333333333333333,2.0548046676563246e-5,0.3202614379084967,143.57692307692307
1_1_1_1_1_0_1_0_1_0_1_1_1_1_0_1_0_0_1_0_1_1_1_1_0_1_1_0_0_0_1_0,1,0.00010333333333333333,1.6996731711975947e-5,0.29411764705882354,103.75
1_0_1_0_0_0_0_1_0_0_0_1_1_0_0_1_0_1_0_1_1_0_0_1_1_0_1_0_1_1_0_1,1,0.00010333333333333333,4.714045207910317e-6,0.30718954248366015,98.96969696969695
0_0_0_0_0_0_0_1_0_1_0_0_1_1_1_0_1_1_0_0_0_0_0_0_0_0_1_1_0_0_0_0,1,0.0001,2.8284271247461892e-5,0.29411764705882354,118.03571428571429
1_1_1_1_1_1_1_0_1_1_1_0_0_1_1_0_1_1_1_0_0_1_1_1_0_1_0_1_0_0_1_0,1,0.0001,2.1602468994692858e-5,0.3202614379084967,139.99643874643874
1_1_1_1_1_1_1_0_0_1_1_1_1_1_1_0_1_0_1_0_0_1_1_1_0_1_1_1_0_0_1_0,1,0.0001,1.414213562373095e-5,0.3202614379084967,150.0757575757576
0_0_0_0_0_1_0_1_0_1_0_0_1_0_1_1_1_1_0_1_1_0_0_0_0_0_1_1_1_1_0_1,1,9.999999999999999e-5,4.9665548085837796e-5,0.32679738562091504,140.54334554334557
0_0_0_0_0_1_0_1_0_1_0_0_1_0_1_0_1_1_0_1_1_0_0_0_1_0_1_1_1_1_0_0,1,9.999999999999999e-5,2.160246899469287e-5,0.33986928104575165,141.8073593073593
1_1_1_1_1_0_0_0_1_0_1_1_0_1_0_0_0_0_1_1_0_1_1_1_1_1_0_0_0_0_1_0,1,9.666666666666667e-5,1.247219128924647e-5,0.33986928104575165,129.12878787878788
1_1_1_1_1_0_1_0_1_0_1_1_1_1_0_0_0_0_1_0_0_1_1_1_1_1_0_0_0_0_1_0,1,9.666666666666667e-5,2.4944382578492937e-5,0.3202614379084967,138.8156288156288
1_1_1_0_1_0_0_0_0_1_0_1_0_1_0_0_0_1_0_0_0_0_0_1_1_1_1_1_0_0_0_0,1,9.666666666666667e-5,1.247219128924647e-5,0.3202614379084967,173.36363636363637
1_1_1_0_1_0_0_0_0_1_0_1_1_1_0_0_0_1_0_0_0_0_0_1_1_1_1_1_0_0_0_0,1,9.666666666666667e-5,1.6996731711975947e-5,0.3137254901960784,140.78703703703704
0_0_0_1_0_1_1_1_1_0_1_0_0_0_1_1_1_0_1_1_1_1_1_0_0_0_0_0_1_1_1_1,1,9.666666666666667e-5,3.091206165165234e-5,0.3137254901960784,147.20238095238096
1_0_1_0_0_1_0_1_0_1_0_0_1_1_1_0_1_1_0_1_0_0_0_1_0_0_1_1_0_0_0_0,1,9.666666666666667e-5,3.7712361663282534e-5,0.28104575163398693,112.47619047619048
1_1_1_1_1_1_1_0_0_1_1_1_0_1_1_0_1_0_1_0_1_1_1_1_0_1_1_1_0_0_1_0,1,9.666666666666667e-5,3.681787005729086e-5,0.3333333333333333,154.7142857142857
0_0_0_0_0_1_0_1_0_1_0_0_0_0_1_0_1_1_0_1_0_0_0_0_0_0_0_1_1_1_0_1,1,9.666666666666667e-5,2.6246692913372705e-5,0.27450980392156865,114.04040404040404
0_0_0_0_0_1_1_1_0_1_0_0_1_0_1_1_1_1_0_0_1_0_0_0_0_0_1_1_1_1_0_1,1,9.333333333333334e-5,2.3570226039551585e-5,0.33986928104575165,133.88888888888889
1_0_1_1_1_1_0_0_0_1_1_0_1_1_1_0_1_1_1_0_0_1_1_1_0_1_1_1_0_0_1_0,1,9.333333333333334e-5,3.7712361663282534e-5,0.3202614379084967,143.88888888888889
1_0_1_1_1_1_0_0_0_1_1_0_1_1_1_0_1_1_1_1_0_1_1_1_1_1_1_1_0_0_1_0,1,9.333333333333334e-5,1.247219128924647e-5,0.3333333333333333,192.23063973063972
1_1_1_1_1_1_1_0_1_0_1_1_1_1_0_0_0_0_1_0_0_1_1_1_1_1_1_1_0_0_1_0,1,9.333333333333333e-5,4.1096093353126506e-5,0.3006535947712418,140.7857142857143
1_0_1_0_0_0_0_1_0_0_0_1_0_0_0_1_0_0_0_1_1_0_0_1_1_0_1_0_1_1_0_1,1,9.333333333333333e-5,4.496912521077347e-5,0.28104575163398693,144.05555555555557
1_1_1_1_1_1_1_0_1_1_1_0_1_1_1_0_1_0_1_0_1_1_1_1_0_1_0_1_0_0_1_0,1,9.0e-5,8.16496580927726e-6,0.3137254901960784,126.25
1_1_1_1_1_1_1_0_1_1_1_0_0_1_0_0_0_0_1_1_1_1_1_1_1_1_0_1_0_0_1_0,1,9.0e-5,8.16496580927726e-6,0.3202614379084967,125.75925925925925
0_0_0_0_0_0_0_1_1_0_0_0_1_0_0_1_0_1_0_1_0_0_0_0_1_0_0_0_1_1_0_1,1,9.0e-5,2.449489742783178e-5,0.3333333333333333,163.9814814814815
1_0_1_1_1_1_1_0_0_1_1_0_1_1_1_0_1_1_1_0_1_1_1_1_0_1_1_1_0_0_1_0,1,9.0e-5,3.265986323710903e-5,0.3202614379084967,128.87749287749287
0_0_0_0_0_1_0_1_0_1_0_0_1_0_1_0_1_1_0_0_0_0_0_0_0_0_1_1_1_1_0_0,1,9.0e-5,2.9439202887759484e-5,0.3202614379084967,130.2136752136752
1_0_1_0_0_0_0_1_0_0_0_1_1_0_0_1_0_0_0_1_1_0_0_1_1_0_1_0_1_1_0_1,1,9.0e-5,3.559026084010437e-5,0.3006535947712418,114.06565656565657
0_0_0_0_0_0_0_1_0_1_0_0_1_1_1_0_1_1_0_1_1_0_0_0_1_0_1_1_0_0_0_0,1,9.0e-5,2.160246899469287e-5,0.3137254901960784,106.84523809523809
0_1_0_1_0_0_0_1_1_0_0_0_0_0_0_0_0_0_0_0_0_0_0_0_1_0_0_1_1_1_0_1,1,9.0e-5,2.449489742783178e-5,0.27450980392156865,132.12962962962962
1_1_1_1_1_1_1_0_1_0_1_1_0_0_0_1_0_0_1_0_1_1_1_1_1_1_1_1_1_1_1_1,1,9.0e-5,2.160246899469287e-5,0.28104575163398693,99.60317460317462
1_0_1_1_1_1_1_0_0_1_1_0_1_1_1_0_1_1_1_0_0_1_1_1_0_1_1_1_0_0_1_0,1,9.0e-5,8.16496580927726e-6,0.32679738562091504,114.49074074074075
1_1_1_1_1_1_1_0_0_1_1_1_0_1_1_0_1_1_1_0_0_1_1_1_0_1_1_1_0_0_1_0,1,9.0e-5,8.16496580927726e-6,0.3202614379084967,136.36111111111111
0_0_0_0_0_0_0_1_0_0_0_1_0_0_0_1_0_1_0_1_1_0_0_0_1_0_1_0_1_1_0_1,1,9.0e-5,8.16496580927726e-6,0.3202614379084967,142.75925925925927
0_0_0_0_0_0_0_1_0_1_0_0_1_0_1_0_1_1_0_0_0_0_0_0_0_0_0_0_1_1_0_0,1,8.666666666666668e-5,2.0548046676563257e-5,0.3006535947712418,113.8888888888889
0_0_0_0_0_0_0_1_0_1_0_0_1_0_1_0_1_1_0_1_0_0_0_0_0_0_1_1_1_1_0_0,1,8.333333333333333e-5,1.699673171197595e-5,0.3006535947712418,107.14814814814815
0_0_0_0_0_0_0_1_0_1_0_0_0_0_1_1_1_1_0_0_1_0_0_0_0_0_0_0_1_1_0_1,1,8.333333333333333e-5,2.4944382578492944e-5,0.30718954248366015,139.46127946127945
0_0_0_0_0_1_0_1_0_1_0_0_0_0_1_0_1_1_0_1_0_0_0_0_1_0_0_1_1_1_0_1,1,8.333333333333333e-5,2.4944382578492944e-5,0.29411764705882354,114.3973063973064
1_1_1_1_1_1_1_0_0_1_1_1_1_1_1_0_1_1_1_0_1_1_1_1_0_1_1_1_0_0_1_0,1,8.333333333333333e-5,2.8674417556808757e-5,0.30718954248366015,138.11111111111111
1_1_1_1_1_1_1_0_1_0_1_1_0_1_0_1_0_0_1_1_1_1_1_1_1_1_0_0_0_0_1_1,1,8.333333333333333e-5,3.091206165165234e-5,0.30718954248366015,128.80303030303028
1_1_1_1_1_0_1_0_1_0_1_1_1_1_0_1_0_0_1_0_1_1_1_1_1_1_1_0_0_0_1_0,1,8.333333333333333e-5,1.2472191289246475e-5,0.27450980392156865,100.23809523809524
1_0_1_1_1_1_0_0_0_1_1_0_1_0_1_1_1_1_1_1_1_1_1_1_1_1_1_1_1_1_1_0,1,8.333333333333333e-5,2.6246692913372705e-5,0.32679738562091504,151.66666666666666
0_1_0_1_1_1_1_0_1_0_1_1_0_0_0_1_0_0_1_0_0_1_1_0_0_1_0_0_1_1_1_1,1,8.333333333333333e-5,4.714045207910317e-6,0.29411764705882354,106.06481481481482
1_1_1_1_1_1_1_0_1_1_1_0_1_1_1_0_1_1_1_0_0_1_1_1_0_1_0_1_0_0_1_0,1,8.0e-5,1.4142135623730953e-5,0.3137254901960784,154.25925925925927
1_1_1_1_1_1_1_0_1_0_1_1_0_0_0_1_0_0_1_1_0_1_1_1_1_1_0_0_1_1_1_1,1,8.0e-5,1.6329931618554523e-5,0.3006535947712418,110.72222222222223
0_0_0_0_0_0_0_1_0_1_0_0_1_0_1_1_1_1_0_1_1_0_0_0_0_0_0_0_1_1_0_1,1,8.0e-5,1.4142135623730953e-5,0.30718954248366015,140.1851851851852
0_0_0_0_0_0_0_1_0_1_0_0_1_1_1_0_1_1_0_0_0_0_0_0_0_0_0_1_0_0_0_0,1,8.0e-5,1.6329931618554523e-5,0.30718954248366015,120.8888888888889
1_1_1_1_1_1_1_0_1_0_1_1_0_0_0_1_0_0_1_0_0_1_1_1_1_1_1_1_1_1_1_1,1,8.0e-5,0.0,0.2875816993464052,112.91666666666667
1_1_1_1_1_1_1_0_1_0_1_1_1_0_0_1_0_0_1_1_1_1_1_1_1_1_1_1_1_0_1_1,1,8.0e-5,2.8284271247461902e-5,0.3137254901960784,130.33333333333334
0_0_0_0_0_0_0_1_0_1_0_0_1_1_1_0_1_1_0_1_1_0_0_0_0_0_0_0_0_0_0_0,1,8.0e-5,2.160246899469287e-5,0.2875816993464052,105.2958152958153
0_1_0_1_1_1_1_0_1_1_1_0_0_1_1_0_1_1_1_0_0_1_1_0_0_1_0_1_0_0_1_0,1,7.999999999999999e-5,2.943920288775949e-5,0.3006535947712418,128.3015873015873
1_1_1_1_1_1_1_0_1_0_1_1_0_1_0_1_0_0_1_0_1_1_1_1_1_1_1_1_0_0_1_1,1,7.999999999999999e-5,2.160246899469287e-5,0.29411764705882354,124.10533910533911
0_1_0_0_0_0_1_1_1_0_0_1_0_0_0_1_0_0_0_1_1_0_0_0_1_0_0_1_1_1_0_1,1,7.666666666666667e-5,9.428090415820639e-6,0.3137254901960784,143.7037037037037
1_1_1_1_1_1_1_0_1_0_1_1_1_0_0_1_0_0_1_0_1_1_1_1_1_1_1_1_1_0_1_1,1,7.666666666666667e-5,1.6996731711975954e-5,0.30718954248366015,137.03174603174602
1_0_1_0_0_1_0_1_0_1_0_0_1_1_1_0_1_1_0_0_1_0_0_1_0_0_1_1_0_0_0_0,1,7.666666666666667e-5,3.39934634239519e-5,0.29411764705882354,108.41750841750842
1_1_1_1_1_1_1_0_1_0_1_1_1_1_0_0_0_0_1_0_0_1_1_1_1_1_0_0_0_0_1_0,1,7.666666666666667e-5,1.6996731711975954e-5,0.30718954248366015,109.15873015873017
1_1_1_1_1_1_1_0_1_0_1_1_0_1_0_0_0_0_1_0_0_1_1_1_1_1_1_1_0_0_1_0,1,7.666666666666667e-5,1.885618083164127e-5,0.30718954248366015,125.1111111111111
0_0_0_1_0_1_1_1_1_0_1_0_1_0_1_1_1_1_1_0_1_1_1_0_0_0_0_0_1_1_1_1,1,7.666666666666667e-5,2.8674417556808754e-5,0.3333333333333333,108.90151515151517
0_1_0_1_0_0_1_1_1_0_0_0_0_0_0_0_0_0_0_0_0_0_0_0_1_0_1_1_1_1_0_1,1,7.666666666666666e-5,9.428090415820639e-6,0.2679738562091503,113.22751322751323
1_1_1_1_1_1_1_0_1_0_1_1_0_0_0_1_0_0_1_1_0_1_1_1_1_1_1_1_1_1_1_1,1,7.666666666666666e-5,5.185449728701348e-5,0.29411764705882354,131.33333333333334
0_0_0_0_0_1_0_1_0_1_0_0_1_1_1_0_1_1_0_1_0_0_0_0_1_0_1_1_0_0_0_0,1,7.333333333333334e-5,1.699673171197595e-5,0.3202614379084967,99.81481481481482
0_0_0_0_0_0_0_1_0_1_0_0_1_0_1_0_1_1_0_0_1_0_0_0_0_0_0_0_1_1_0_0,1,7.333333333333334e-5,9.428090415820637e-6,0.30718954248366015,107.22222222222223
0_0_0_0_0_1_1_1_0_1_0_0_0_0_1_1_1_1_0_0_1_0_0_0_0_0_1_1_1_1_0_1,1,7.333333333333334e-5,9.428090415820637e-6,0.3333333333333333,158.19444444444446
0_1_0_0_0_0_0_1_1_0_0_1_0_0_0_1_0_0_0_1_0_0_0_0_1_0_0_0_1_1_0_1,1,7.333333333333334e-5,2.4944382578492944e-5,0.3202614379084967,112.08333333333333
0_1_0_1_1_1_1_0_1_1_1_0_0_0_1_1_1_0_1_0_1_1_1_0_0_1_0_1_1_1_1_1,1,7.333333333333334e-5,1.699673171197595e-5,0.3202614379084967,121.25
1_1_1_1_1_1_1_0_1_0_1_1_0_1_0_0_0_0_1_0_0_1_1_1_1_1_0_0_0_0_1_0,1,7.333333333333334e-5,1.699673171197595e-5,0.3137254901960784,140.69444444444446
0_0_0_0_0_0_0_1_0_1_0_0_0_0_1_1_1_1_0_1_1_0_0_0_0_0_1_1_1_1_0_1,1,7.333333333333333e-5,1.2472191289246475e-5,0.30718954248366015,130.7936507936508
1_1_1_1_1_0_1_0_1_0_1_1_0_0_0_1_0_0_1_0_1_1_1_1_0_1_0_0_1_1_1_1,1,7.333333333333333e-5,1.699673171197595e-5,0.3202614379084967,122.27777777777777
0_0_0_0_0_0_0_1_0_0_0_1_1_0_1_1_1_1_0_0_0_0_0_0_0_0_1_0_1_1_0_1,1,7.000000000000001e-5,1.4142135623730953e-5,0.3202614379084967,160.375
1_1_1_1_1_1_1_0_1_0_1_1_0_0_0_1_0_0_1_0_1_1_1_1_0_1_0_0_1_1_1_1,1,7.000000000000001e-5,2.1602468994692868e-5,0.30718954248366015,94.67592592592592
0_1_0_0_0_0_0_1_1_0_0_1_0_0_0_1_0_0_0_0_0_0_0_0_0_0_0_0_1_1_0_1,1,7.000000000000001e-5,3.559026084010437e-5,0.3333333333333333,136.7222222222222
1_1_1_1_1_1_1_0_1_1_1_0_1_0_0_0_0_0_1_1_1_1_1_1_1_1_0_1_1_0_1_0,1,7.000000000000001e-5,8.164965809277262e-6,0.3333333333333333,143.63095238095238
0_0_0_0_0_0_0_1_0_0_0_1_1_1_0_0_0_1_0_1_0_0_0_0_1_0_1_0_0_0_0_0,1,7.000000000000001e-5,2.1602468994692868e-5,0.32679738562091504,116.75925925925925
0_0_0_0_0_0_0_1_1_0_0_0_0_0_0_1_0_0_0_1_1_0_0_0_1_0_0_0_1_1_0_1,1,7.0e-5,0.0,0.3137254901960784,149.52380952380952
0_1_0_0_0_0_1_1_1_0_0_1_0_0_0_1_0_0_0_0_1_0_0_0_0_0_0_0_1_1_0_1,1,6.666666666666667e-5,1.2472191289246472e-5,0.3333333333333333,211.63095238095238
1_1_1_1_1_1_1_0_1_0_1_1_1_0_0_1_0_0_1_1_1_1_1_1_1_1_0_0_1_0_1_1,1,6.666666666666667e-5,1.2472191289246472e-5,0.3202614379084967,98.79761904761904
0_0_0_0_0_0_0_1_1_0_0_0_1_0_0_1_0_0_0_1_1_0_0_0_1_0_0_0_1_1_0_1,1,6.666666666666667e-5,9.428090415820637e-6,0.3202614379084967,148.75
1_1_1_1_1_1_1_0_0_1_1_1_1_1_1_0_1_1_1_0_0_1_1_1_0_1_1_1_0_0_1_0,1,6.666666666666667e-5,2.624669291337271e-5,0.3137254901960784,146.0185185185185
1_1_1_1_1_0_1_0_1_0_1_1_1_0_0_1_0_0_1_1_1_1_1_1_1_1_0_0_1_0_1_1,1,6.666666666666666e-5,1.2472191289246472e-5,0.3333333333333333,129.0952380952381
0_0_0_0_0_0_0_1_1_0_0_0_0_0_0_1_0_0_0_1_0_0_0_0_1_0_0_0_1_1_0_1,1,6.666666666666666e-5,2.0548046676563257e-5,0.30718954248366015,176.984126984127
0_1_0_0_0_0_0_1_1_0_0_1_0_0_0_1_0_0_0_0_1_0_0_0_0_0_0_0_1_1_0_1,1,6.666666666666666e-5,4.714045207910313e-6,0.33986928104575165,121.74603174603173
1_1_1_1_1_0_0_0_1_0_1_1_1_1_0_0_0_0_1_1_0_1_1_1_1_1_0_0_0_0_1_0,1,6.666666666666666e-5,2.0548046676563257e-5,0.3333333333333333,159.52380952380952
0_0_0_0_0_0_0_1_0_1_0_0_1_0_1_0_1_1_0_0_1_0_0_0_0_0_0_1_1_1_0_0,1,6.333333333333333e-5,1.699673171197595e-5,0.32679738562091504,131.72619047619048
1_1_1_1_1_1_1_0_1_1_1_0_0_0_1_1_1_0_1_0_1_1_1_1_0_1_0_1_1_1_1_1,1,6.333333333333333e-5,2.6246692913372705e-5,0.32679738562091504,132.33333333333334
1_1_1_1_1_1_1_0_1_0_1_1_0_1_0_1_0_0_1_0_1_1_1_1_1_1_0_0_0_0_1_1,1,6.333333333333333e-5,3.091206165165235e-5,0.3006535947712418,106.2962962962963
1_0_1_1_1_1_0_0_0_1_1_0_1_1_1_0_1_1_1_0_0_1_1_1_0_1_1_0_0_0_1_0,1,6.333333333333333e-5,4.714045207910313e-6,0.3137254901960784,143.65079365079364
1_1_1_1_1_1_1_0_1_0_1_1_0_0_0_1_0_0_1_0_1_1_1_1_1_1_0_0_1_1_1_1,1,6.333333333333333e-5,4.714045207910313e-6,0.2875816993464052,112.69841269841271
1_1_1_1_1_0_1_0_1_0_1_1_0_1_0_0_0_0_1_0_0_1_1_1_1_1_0_0_0_0_1_0,1,6.333333333333333e-5,1.699673171197595e-5,0.32679738562091504,135.17857142857142
0_0_0_0_0_0_0_1_0_1_0_0_1_1_1_0_1_1_0_1_0_0_0_0_1_0_1_1_0_0_0_0,1,6.0e-5,3.265986323710904e-5,0.30718954248366015,79.77777777777777
1_0_1_0_1_1_0_0_0_1_1_1_1_1_1_1_1_1_1_1_1_1_1_1_0_1_0_0_0_0_1_0,1,6.0e-5,2.1602468994692868e-5,0.2679738562091503,112.77777777777777
0_0_0_0_0_0_0_1_0_1_0_0_1_0_1_0_1_1_0_1_1_0_0_0_0_0_0_0_1_1_0_0,1,6.0e-5,2.4494897427831785e-5,0.3006535947712418,136.11111111111111
0_0_0_0_0_1_0_1_0_1_0_0_1_1_1_0_1_1_0_0_1_0_0_0_0_0_1_1_0_0_0_0,1,6.0e-5,3.559026084010437e-5,0.3137254901960784,124.54545454545455
0_0_0_0_0_0_0_1_1_0_0_0_1_0_0_1_0_0_0_1_0_0_0_0_1_0_0_0_1_1_0_1,1,6.0e-5,2.1602468994692868e-5,0.32679738562091504,175.95238095238096
1_1_1_1_1_1_1_0_1_0_1_1_0_1_0_1_0_0_1_1_0_1_1_1_1_1_1_1_0_0_1_1,1,6.0e-5,1.6329931618554523e-5,0.30718954248366015,130.83333333333334
1_0_1_0_0_1_0_1_0_1_0_0_1_1_1_0_1_1_0_1_1_0_0_1_1_0_1_1_0_0_0_0,1,6.0e-5,2.4494897427831785e-5,0.30718954248366015,90.55555555555556
0_1_0_0_0_0_1_1_1_0_0_1_0_1_0_0_0_0_0_1_0_0_0_0_1_0_0_0_0_0_0_1,1,5.9999999999999995e-5,2.1602468994692868e-5,0.3137254901960784,136.80555555555554
1_1_1_0_1_0_0_0_0_1_0_1_0_1_0_0_0_0_0_1_0_0_0_1_1_1_1_1_0_0_0_0,1,5.666666666666667e-5,1.699673171197595e-5,0.3333333333333333,125.75
1_0_1_1_1_1_1_0_1_1_1_0_0_0_1_1_1_1_1_0_1_1_1_1_0_1_0_0_1_1_1_1,1,5.666666666666667e-5,1.2472191289246467e-5,0.33986928104575165,157.53968253968256
0_1_0_0_0_1_1_1_1_0_0_0_1_0_0_1_0_0_0_1_1_0_0_0_1_0_0_1_1_1_0_1,1,5.666666666666667e-5,1.699673171197595e-5,0.3202614379084967,111.0
1_1_1_1_1_0_1_0_1_0_1_1_0_0_0_1_0_0_1_0_0_1_1_1_1_1_0_0_1_1_1_1,1,5.666666666666667e-5,9.42809041582063e-6,0.30718954248366015,113.52380952380952
0_0_0_0_0_1_0_1_0_1_0_0_1_1_1_0_1_1_0_1_0_0_0_0_0_0_1_1_0_0_0_0,1,5.666666666666667e-5,2.4944382578492947e-5,0.3006535947712418,115.92592592592592
0_0_0_0_0_0_0_1_0_1_0_0_1_0_1_0_1_1_0_1_0_0_0_0_0_0_0_0_1_1_0_0,1,5.666666666666667e-5,2.4944382578492947e-5,0.29411764705882354,100.2962962962963
1_0_1_1_1_1_1_0_0_1_1_0_1_1_1_0_1_1_1_1_0_1_1_1_1_1_1_1_0_0_1_0,1,5.666666666666667e-5,1.699673171197595e-5,0.33986928104575165,149.0
0_0_0_0_0_0_0_1_0_1_0_0_1_1_1_0_1_1_0_1_1_0_0_0_0_0_1_1_0_0_0_0,1,5.666666666666667e-5,4.714045207910317e-6,0.29411764705882354,137.22222222222223
0_0_0_0_0_0_0_1_0_1_0_0_1_1_1_0_1_1_0_0_1_0_0_0_0_0_0_1_0_0_0_0,1,5.666666666666667e-5,1.2472191289246467e-5,0.3137254901960784,109.40476190476191
1_1_1_1_1_1_1_0_1_0_1_1_0_0_0_1_0_0_1_0_0_1_1_1_0_1_0_0_1_1_1_1,1,5.6666666666666664e-5,9.42809041582063e-6,0.3137254901960784,125.14285714285715
1_1_1_1_1_0_0_0_1_0_1_1_0_1_0_1_0_0_1_1_1_1_1_1_1_1_0_0_0_0_1_1,1,5.333333333333334e-5,4.714045207910317e-6,0.32679738562091504,121.66666666666667
0_0_0_1_1_0_1_1_1_0_1_0_1_1_1_0_1_0_1_1_0_1_1_0_1_0_0_0_0_0_1_0,1,5.333333333333334e-5,2.4944382578492944e-5,0.35294117647058826,207.63888888888889
1_1_1_1_1_1_1_0_1_0_1_1_0_1_0_1_0_0_1_0_1_1_1_1_0_1_0_0_0_0_1_1,1,5.333333333333334e-5,4.714045207910317e-6,0.3202614379084967,121.8888888888889
0_0_0_0_0_1_1_1_0_1_0_0_1_1_1_0_1_1_0_0_0_0_0_0_0_0_1_1_0_0_0_0,1,5.333333333333334e-5,9.428090415820634e-6,0.3137254901960784,131.66666666666666
0_0_0_0_0_0_0_1_0_1_0_0_0_1_1_0_1_1_0_0_0_0_0_0_0_0_0_0_0_1_0_0,1,5.333333333333334e-5,1.885618083164127e-5,0.3137254901960784,121.66666666666667
1_1_1_0_0_1_0_0_0_1_0_1_0_0_0_1_0_1_0_0_1_0_0_1_0_1_1_1_1_1_0_1,1,5.333333333333334e-5,4.189935029992179e-5,0.35294117647058826,141.66666666666666
1_1_1_1_1_1_1_0_1_0_1_1_0_1_0_1_0_0_1_0_0_1_1_1_1_1_1_1_0_0_1_1,1,5.333333333333334e-5,2.8674417556808754e-5,0.3006535947712418,127.7037037037037
1_1_1_1_1_0_0_0_1_0_1_1_0_1_0_0_0_0_1_0_0_1_1_1_0_1_0_0_0_0_1_0,1,5.333333333333334e-5,4.714045207910317e-6,0.35294117647058826,135.44444444444446
0_0_0_1_0_1_1_1_1_0_1_0_1_0_1_1_1_0_1_1_1_1_1_0_0_0_0_0_1_1_1_1,1,5.3333333333333326e-5,2.3570226039551578e-5,0.3202614379084967,128.80952380952382
1_1_1_1_1_1_1_0_1_0_1_1_0_0_0_1_0_0_1_0_0_1_1_1_1_1_0_0_1_1_1_1,1,5.3333333333333326e-5,1.2472191289246467e-5,0.29411764705882354,115.64285714285715
0_0_0_0_0_0_0_1_0_0_0_1_1_0_0_1_0_0_0_1_1_0_0_0_1_0_1_0_1_1_0_1,1,5.3333333333333326e-5,1.6996731711975947e-5,0.3202614379084967,162.61904761904762
1_1_1_0_1_0_0_0_0_1_0_1_1_1_0_0_0_0_0_1_0_0_0_1_1_1_1_1_0_0_0_0,1,5.3333333333333326e-5,1.2472191289246467e-5,0.32679738562091504,109.64285714285715
1_0_1_1_1_1_0_0_0_1_1_0_1_1_1_0_1_1_1_0_1_1_1_1_0_1_1_0_0_0_1_0,1,5.3333333333333326e-5,1.2472191289246467e-5,0.30718954248366015,135.30952380952382
0_0_0_0_0_0_0_1_0_0_0_1_1_0_1_1_1_1_0_1_0_0_0_0_0_0_1_0_1_1_0_1,1,5.0e-5,2.9439202887759494e-5,0.3137254901960784,144.58333333333334
0_0_0_0_0_0_0_1_0_1_0_0_1_1_1_0_1_1_0_1_0_0_0_0_0_0_1_1_0_0_0_0,1,5.0e-5,2.8284271247461906e-5,0.2875816993464052,94.44444444444444
1_1_1_0_0_1_1_1_0_1_1_1_0_0_1_1_1_0_1_0_1_1_1_1_0_0_1_1_1_1_0_1,1,5.0e-5,8.16496580927726e-6,0.35294117647058826,146.33333333333334
1_1_1_1_1_1_1_0_1_1_1_0_0_1_0_0_0_0_1_0_1_1_1_1_1_1_0_1_0_0_1_0,1,5.0e-5,8.16496580927726e-6,0.3137254901960784,107.5
0_0_0_1_0_1_1_1_1_0_1_0_0_0_1_1_1_1_1_0_1_1_1_0_0_0_0_0_1_1_1_1,1,5.0e-5,2.1602468994692865e-5,0.32679738562091504,127.61904761904763
0_0_0_0_0_1_0_1_0_1_0_0_1_0_1_0_1_1_0_1_0_0_0_0_1_0_1_1_1_1_0_0,1,5.0e-5,8.16496580927726e-6,0.3333333333333333,130.77777777777777
1_0_1_1_1_1_0_0_0_1_1_0_1_0_1_1_1_1_1_0_1_1_1_1_0_1_1_1_1_1_1_0,1,5.0e-5,1.6329931618554516e-5,0.3137254901960784,153.93650793650792
0_1_0_0_0_1_1_1_1_0_0_0_0_0_0_1_0_0_0_1_0_0_0_0_1_0_0_1_1_1_0_1,1,5.0e-5,0.0,0.30718954248366015,124.0
0_0_0_0_0_0_0_1_0_1_0_0_1_1_1_0_1_1_0_0_1_0_0_0_0_0_0_0_0_0_0_0,1,5.0e-5,2.4494897427831785e-5,0.29411764705882354,107.83333333333333
1_0_1_1_1_1_1_0_0_1_1_0_1_1_1_0_1_1_1_1_1_1_1_1_1_1_1_1_0_0_1_0,1,5.0e-5,3.2659863237109046e-5,0.3333333333333333,148.66666666666666
1_0_1_1_1_0_0_0_0_1_1_1_1_1_1_0_1_1_1_0_1_1_1_1_0_1_0_0_0_0_1_0,1,4.9999999999999996e-5,2.1602468994692865e-5,0.30718954248366015,122.3015873015873
0_0_0_0_0_0_0_1_0_1_0_0_0_1_1_0_1_1_0_1_0_0_0_0_0_0_0_0_0_1_0_0,1,4.9999999999999996e-5,1.4142135623730946e-5,0.30718954248366015,150.23809523809524
0_1_0_1_1_0_1_0_1_0_1_1_0_0_0_1_0_0_1_0_0_1_1_0_1_1_0_0_1_1_1_1,1,4.9999999999999996e-5,1.6329931618554516e-5,0.2875816993464052,112.22222222222223
1_0_1_1_1_0_0_0_0_1_1_1_0_0_1_1_1_1_1_0_1_1_1_1_0_1_1_0_1_1_1_1,1,4.666666666666667e-5,2.4944382578492947e-5,0.3333333333333333,90.0
1_1_1_1_1_1_1_0_1_0_1_1_0_0_0_1_0_0_1_1_0_1_1_1_1_1_1_0_1_1_1_1,1,4.666666666666667e-5,9.428090415820634e-6,0.3137254901960784,121.38888888888887
0_0_0_0_0_0_0_1_0_1_0_0_0_1_1_0_1_1_0_1_0_0_0_0_0_0_1_1_0_1_0_0,1,4.666666666666667e-5,4.714045207910317e-6,0.3137254901960784,109.66666666666667
1_1_1_1_1_1_1_0_1_0_1_1_0_1_0_1_0_0_1_1_0_1_1_1_1_1_1_0_0_0_1_1,1,4.666666666666667e-5,4.714045207910317e-6,0.32679738562091504,132.83333333333334
0_0_0_0_0_0_0_1_0_1_0_0_1_0_1_0_1_1_0_0_0_0_0_0_0_0_0_1_1_1_0_0,1,4.666666666666667e-5,9.428090415820634e-6,0.3202614379084967,112.5
1_0_1_0_1_1_1_0_0_1_1_1_1_1_1_1_1_1_1_1_1_1_1_1_0_1_1_0_0_0_1_0,1,4.666666666666667e-5,4.714045207910317e-6,0.27450980392156865,111.33333333333333
0_1_0_1_1_0_1_0_1_0_1_1_0_0_0_1_0_0_1_1_0_1_1_0_1_1_0_0_1_1_1_1,1,4.666666666666667e-5,4.714045207910317e-6,0.29411764705882354,128.16666666666666
0_1_0_0_0_0_0_1_1_0_0_1_0_0_0_1_0_0_0_1_1_0_0_0_1_0_0_0_1_1_0_1,1,4.666666666666667e-5,3.091206165165235e-5,0.32679738562091504,107.77777777777777
1_1_1_1_1_0_1_0_1_0_1_1_0_0_0_1_0_0_1_0_1_1_1_1_1_1_0_0_1_1_1_1,1,4.666666666666667e-5,3.091206165165235e-5,0.3006535947712418,109.44444444444446
1_1_1_0_0_1_1_1_1_0_1_1_0_0_0_1_0_0_1_1_1_1_1_1_1_0_0_0_1_1_1_1,1,4.6666666666666665e-5,1.6996731711975947e-5,0.3333333333333333,105.07936507936508
1_0_1_1_1_1_1_0_0_1_1_0_1_1_1_0_1_1_1_1_1_1_1_1_0_1_1_1_0_0_1_0,1,4.6666666666666665e-5,2.0548046676563253e-5,0.32679738562091504,111.0
1_1_1_1_1_1_1_0_1_0_1_1_0_1_0_1_0_0_1_1_1_1_1_1_1_1_1_0_0_0_1_1,1,4.6666666666666665e-5,1.6996731711975947e-5,0.3202614379084967,125.91269841269843
0_1_0_0_0_0_0_1_0_0_0_1_1_1_0_0_0_0_0_1_0_0_0_0_1_0_1_1_0_0_0_0,1,4.6666666666666665e-5,1.6996731711975947e-5,0.33986928104575165,164.12698412698413
1_0_1_0_0_1_0_1_0_1_0_0_1_1_1_0_1_1_0_1_1_0_0_1_0_0_1_1_0_0_0_0,1,4.333333333333334e-5,1.2472191289246472e-5,0.2875816993464052,123.05555555555554
0_0_0_0_0_1_0_1_0_1_0_0_0_1_1_0_1_1_0_0_0_0_0_0_0_0_1_1_0_1_0_0,1,4.333333333333334e-5,4.714045207910317e-6,0.3333333333333333,120.33333333333333
0_0_0_0_0_0_0_1_0_1_0_0_0_1_1_0_1_1_0_0_0_0_0_0_0_0_1_1_0_1_0_0,1,4.333333333333334e-5,1.2472191289246472e-5,0.3202614379084967,96.1111111111111
0_0_0_0_0_0_0_1_0_1_0_0_0_1_1_0_1_1_0_1_0_0_0_0_1_0_1_1_0_1_0_0,1,4.333333333333334e-5,1.6996731711975947e-5,0.3333333333333333,95.55555555555556
1_1_1_1_1_0_0_0_1_0_1_1_1_1_0_0_0_0_1_0_0_1_1_1_0_1_0_0_0_0_1_0,1,4.333333333333334e-5,2.6246692913372705e-5,0.3464052287581699,140.97222222222223
0_0_0_0_0_0_0_1_0_1_0_0_1_0_1_0_1_1_0_1_0_0_0_0_1_0_1_1_1_1_0_0,1,4.333333333333334e-5,2.0548046676563253e-5,0.3202614379084967,126.78571428571429
0_0_0_1_1_0_0_0_0_1_0_0_1_1_1_0_1_1_0_0_0_0_0_0_0_1_1_1_0_0_0_0,1,4.333333333333334e-5,9.428090415820635e-6,0.3333333333333333,112.22222222222223
1_1_1_1_1_1_1_0_1_1_1_0_1_0_0_0_0_0_1_0_1_1_1_1_1_1_0_1_1_0_1_0,1,4.333333333333334e-5,1.2472191289246472e-5,0.32679738562091504,146.11111111111111
1_0_1_1_1_0_0_0_0_1_1_1_1_1_1_0_1_1_1_0_1_1_1_1_0_1_1_0_0_0_1_0,1,4.333333333333334e-5,1.2472191289246472e-5,0.30718954248366015,121.94444444444444
0_0_0_0_0_1_1_1_0_1_0_0_1_0_1_1_1_1_0_1_1_0_0_0_0_0_1_1_1_1_0_1,1,4.333333333333334e-5,2.867441755680876e-5,0.3333333333333333,107.5
1_0_1_1_1_0_0_0_0_1_1_0_1_1_1_0_1_1_1_1_1_1_1_1_0_1_1_0_0_0_1_0,1,4.333333333333334e-5,1.6996731711975947e-5,0.3137254901960784,116.44444444444444
0_1_0_0_0_1_1_1_1_0_0_1_0_1_0_0_0_0_0_1_0_0_0_0_1_0_0_1_0_0_0_1,1,4.333333333333334e-5,1.247219128924647e-5,0.30718954248366015,92.22222222222221
0_1_0_0_0_0_1_1_1_0_0_0_1_1_0_0_0_1_0_1_0_0_0_0_1_0_0_1_0_0_0_0,1,4.333333333333334e-5,1.2472191289246472e-5,0.33986928104575165,290.55555555555554
0_0_0_0_0_1_1_1_0_1_0_0_1_0_1_0_1_1_0_0_1_0_0_0_0_0_1_1_1_1_0_0,1,4.333333333333334e-5,2.3570226039551585e-5,0.3333333333333333,133.88888888888889
1_0_1_1_1_1_1_0_0_1_1_0_1_0_1_1_1_1_1_0_1_1_1_1_0_1_1_1_1_1_1_0,1,4.333333333333334e-5,1.2472191289246472e-5,0.3202614379084967,101.66666666666667
1_0_1_1_1_0_0_0_0_1_1_1_1_1_1_0_1_1_1_0_0_1_1_1_0_1_1_0_0_0_1_0,1,4.333333333333334e-5,1.247219128924647e-5,0.3137254901960784,110.83333333333333
0_0_0_0_0_1_0_1_0_1_0_0_1_1_1_0_1_1_0_1_1_0_0_0_0_0_1_1_0_0_0_0,1,4.333333333333334e-5,1.247219128924647e-5,0.30718954248366015,118.6111111111111
0_1_0_0_0_1_1_1_1_0_0_1_0_0_0_1_0_0_0_0_0_0_0_0_1_0_0_1_1_1_0_1,1,4.333333333333334e-5,1.6996731711975947e-5,0.3137254901960784,139.22222222222223
0_1_0_0_0_0_1_1_1_0_0_1_0_0_0_1_0_0_0_1_0_0_0_0_1_0_0_1_1_1_0_1,1,4.333333333333334e-5,3.299831645537222e-5,0.30718954248366015,134.44444444444446
0_0_0_1_1_0_0_0_0_1_0_0_1_1_1_0_1_1_0_0_1_0_0_0_0_1_1_1_0_0_0_0,1,4.333333333333334e-5,3.299831645537222e-5,0.33986928104575165,129.44444444444446
0_0_0_1_1_0_0_0_1_0_0_0_1_1_0_0_0_1_0_1_0_0_0_0_1_1_0_0_0_0_1_0,1,4.333333333333333e-5,1.8856180831641264e-5,0.35294117647058826,117.93650793650794
1_1_1_1_1_0_0_0_1_0_1_1_0_1_0_1_0_0_1_1_0_1_1_1_1_1_0_0_0_0_1_1,1,4.333333333333333e-5,1.8856180831641264e-5,0.3333333333333333,114.6031746031746
1_1_1_1_1_1_1_0_1_0_1_1_0_0_0_1_0_0_1_1_1_1_1_1_1_1_1_0_1_1_1_1,1,4.333333333333333e-5,2.0548046676563253e-5,0.30718954248366015,113.33333333333333
1_0_1_1_1_1_0_0_0_1_1_0_1_1_1_0_1_1_1_1_1_1_1_1_0_1_1_0_0_0_1_0,1,4.333333333333333e-5,1.8856180831641264e-5,0.3137254901960784,135.87301587301587
0_0_0_0_0_0_0_1_0_0_0_1_0_1_1_1_1_1_0_0_0_0_0_0_0_0_1_0_0_1_0_1,1,4.333333333333333e-5,2.0548046676563253e-5,0.3333333333333333,115.35714285714285
1_1_1_1_1_1_1_0_1_0_1_1_1_0_0_1_0_0_1_0_1_1_1_1_0_1_0_0_1_0_1_1,1,4.333333333333333e-5,2.494438257849294e-5,0.3333333333333333,115.90476190476191
1_1_1_1_1_0_1_0_1_0_1_1_0_1_0_1_0_0_1_0_1_1_1_1_0_1_0_0_0_0_1_1,1,4.0e-5,8.164965809277262e-6,0.3333333333333333,122.1111111111111
0_0_0_0_0_1_0_1_0_1_0_0_1_1_1_0_1_1_0_1_1_0_0_0_1_0_1_1_0_0_0_0,1,4.0e-5,1.632993161855452e-5,0.32679738562091504,104.72222222222221
0_0_0_0_0_1_1_1_0_1_0_0_1_0_1_0_1_1_0_0_0_0_0_0_0_0_1_1_1_1_0_0,1,4.0e-5,1.632993161855452e-5,0.32679738562091504,121.66666666666667
0_0_0_0_0_1_1_1_1_0_1_0_1_0_1_1_1_1_1_1_1_1_1_0_0_0_0_0_1_1_1_1,1,4.0e-5,8.164965809277262e-6,0.3464052287581699,122.22222222222223
1_1_1_1_1_1_1_0_1_0_1_1_0_1_0_1_0_0_1_1_1_1_1_1_1_1_1_1_0_0_1_1,1,3.666666666666667e-5,4.7140452079103185e-6,0.3006535947712418,116.94444444444446
0_1_0_0_0_1_1_1_1_0_0_0_0_0_0_1_0_0_0_1_0_0_0_0_1_0_1_1_1_1_0_1,1,3.666666666666667e-5,1.2472191289246472e-5,0.30718954248366015,81.33333333333333
1_0_1_1_1_1_0_0_0_1_1_0_1_1_1_0_1_1_1_1_1_1_1_1_0_1_1_1_0_0_1_0,1,3.666666666666667e-5,4.7140452079103185e-6,0.3202614379084967,123.6111111111111
0_1_0_0_0_0_1_1_1_0_0_1_0_1_0_0_0_0_0_0_0_0_0_0_1_0_0_0_0_0_0_1,1,3.6666666666666666e-5,2.0548046676563257e-5,0.3202614379084967,91.66666666666667
0_1_0_0_0_1_1_1_1_0_0_1_0_0_0_1_0_0_0_0_1_0_0_0_1_0_0_1_1_1_0_1,1,3.6666666666666666e-5,1.699673171197595e-5,0.3202614379084967,149.44444444444446
0_1_0_0_0_0_1_1_1_0_0_1_0_1_0_0_0_0_0_1_0_0_0_0_1_0_0_1_0_0_0_1,1,3.6666666666666666e-5,1.2472191289246472e-5,0.30718954248366015,95.33333333333333
0_0_0_1_1_0_0_0_0_1_0_0_0_1_1_0_1_1_0_0_0_0_0_0_0_1_1_1_0_1_0_0,1,3.6666666666666666e-5,1.2472191289246472e-5,0.35947712418300654,118.66666666666667
1_1_1_1_1_0_1_0_1_0_1_1_0_0_0_1_0_0_1_1_0_1_1_1_1_1_0_0_1_1_1_1,1,3.6666666666666666e-5,9.428090415820635e-6,0.3137254901960784,112.44444444444446
1_0_1_1_1_1_0_0_0_1_1_1_0_0_1_1_1_0_1_0_1_1_1_1_0_1_1_0_1_1_1_1,1,3.6666666666666666e-5,2.357022603955158e-5,0.33986928104575165,272.61904761904765
0_0_0_0_0_1_1_1_0_1_0_0_1_0_1_1_1_1_0_1_1_0_0_0_1_0_1_1_1_1_0_1,1,3.6666666666666666e-5,1.2472191289246472e-5,0.35294117647058826,109.5
0_0_0_0_0_1_1_1_0_1_0_0_1_1_1_0_1_1_0_1_0_0_0_0_0_0_1_1_0_0_0_0,1,3.6666666666666666e-5,9.428090415820635e-6,0.30718954248366015,102.66666666666667
0_1_0_0_0_0_1_1_1_0_0_1_0_1_0_0_0_0_0_0_0_0_0_0_0_0_0_0_0_0_0_1,1,3.6666666666666666e-5,1.2472191289246472e-5,0.32679738562091504,172.33333333333334
0_0_0_0_0_0_0_1_0_0_0_1_0_1_1_1_1_1_0_1_0_0_0_0_0_0_1_0_0_1_0_1,1,3.6666666666666666e-5,9.428090415820635e-6,0.32679738562091504,118.0
1_1_1_1_1_1_1_0_1_0_1_1_0_1_0_1_0_0_1_0_1_1_1_1_1_1_1_0_0_0_1_1,1,3.6666666666666666e-5,1.699673171197595e-5,0.3137254901960784,102.22222222222221
1_1_1_1_1_1_1_0_1_0_1_1_1_1_0_0_0_0_1_1_0_1_1_1_1_1_1_0_0_0_1_0,1,3.333333333333334e-5,9.428090415820635e-6,0.32679738562091504,101.66666666666667
0_0_0_0_0_1_1_1_0_1_0_0_0_0_1_1_1_1_0_1_1_0_0_0_1_0_1_1_1_1_0_1,1,3.3333333333333335e-5,4.7140452079103185e-6,0.3464052287581699,136.11111111111111
1_1_1_1_1_0_0_0_1_0_1_1_0_0_0_1_0_0_1_1_1_1_1_1_1_1_0_0_1_1_1_1,1,3.3333333333333335e-5,4.7140452079103185e-6,0.3137254901960784,94.72222222222223
1_1_1_0_0_1_1_1_0_1_1_1_0_0_1_1_1_0_1_1_1_1_1_1_1_0_1_1_1_1_0_1,1,3.3333333333333335e-5,1.2472191289246472e-5,0.35294117647058826,145.33333333333334
1_1_1_1_1_0_1_0_1_0_1_1_1_0_0_1_0_0_1_0_1_1_1_1_1_1_0_0_1_0_1_1,1,3.3333333333333335e-5,1.2472191289246472e-5,0.32679738562091504,119.66666666666667
0_1_0_0_0_1_1_1_1_0_0_0_1_1_0_0_0_0_0_1_0_0_0_0_1_0_0_1_0_0_0_0,1,3.3333333333333335e-5,4.7140452079103185e-6,0.3333333333333333,106.94444444444444
1_1_1_1_1_0_0_0_1_0_1_1_1_0_0_1_0_0_1_1_1_1_1_1_1_1_0_0_1_0_1_1,1,3.3333333333333335e-5,1.699673171197595e-5,0.33986928104575165,128.0
1_1_1_1_1_1_1_0_1_0_1_1_0_1_0_1_0_0_1_0_0_1_1_1_1_1_1_0_0_0_1_1,1,3.3333333333333335e-5,1.2472191289246472e-5,0.3202614379084967,79.22222222222223
0_0_0_0_0_1_1_1_1_0_1_0_0_0_1_1_1_1_1_1_1_1_1_0_0_0_0_0_1_1_1_1,1,3.3333333333333335e-5,2.0548046676563257e-5,0.33986928104575165,107.22222222222221
1_1_1_1_1_0_1_0_1_0_1_1_0_1_0_1_0_0_1_0_1_1_1_1_1_1_0_0_0_0_1_1,1,3.3333333333333335e-5,1.2472191289246472e-5,0.3137254901960784,113.33333333333334
1_1_1_1_1_0_0_0_0_1_0_1_0_1_0_0_0_0_0_0_0_0_0_1_1_1_1_1_0_0_0_0,1,3.3333333333333335e-5,4.7140452079103185e-6,0.3464052287581699,103.8888888888889
0_0_0_0_0_1_1_1_0_1_0_0_0_1_1_0_1_1_0_0_0_0_0_0_0_0_1_1_0_1_0_0,1,3.3333333333333335e-5,4.7140452079103185e-6,0.33986928104575165,116.66666666666667
1_1_1_1_1_0_1_0_1_0_1_1_0_0_0_1_0_0_1_0_0_1_1_1_0_1_0_0_1_1_1_1,1,3.3333333333333335e-5,4.7140452079103185e-6,0.32679738562091504,124.16666666666667
1_1_1_1_1_1_1_0_1_0_1_1_1_0_0_1_0_0_1_0_1_1_1_1_1_1_0_0_1_0_1_1,1,3.3333333333333335e-5,1.2472191289246472e-5,0.3137254901960784,107.0
1_0_1_1_1_0_0_0_0_1_1_1_0_1_1_0_1_1_1_0_0_1_1_1_0_1_1_0_0_0_1_0,1,3.0e-5,8.164965809277262e-6,0.3202614379084967,111.1111111111111
0_1_0_0_0_0_0_1_1_0_0_1_0_1_0_0_0_0_0_1_0_0_0_0_1_0_0_0_0_0_0_1,1,3.0e-5,8.164965809277262e-6,0.3202614379084967,71.66666666666667
0_1_0_0_0_0_1_1_1_0_0_0_1_1_0_0_0_0_0_1_0_0_0_0_1_0_0_1_0_0_0_0,1,3.0e-5,8.164965809277262e-6,0.3333333333333333,86.1111111111111
1_1_1_1_1_1_1_0_1_0_1_1_1_1_0_0_0_0_1_0_0_1_1_1_0_1_1_0_0_0_1_0,1,3.0e-5,8.164965809277262e-6,0.33986928104575165,93.05555555555556
1_1_1_1_1_0_0_0_1_0_1_1_0_1_0_0_0_0_1_0_0_1_1_1_1_1_0_0_0_0_1_0,1,3.0e-5,8.164965809277262e-6,0.3333333333333333,122.22222222222221
1_0_1_0_1_0_0_0_0_1_1_1_0_0_1_1_1_1_1_1_1_1_1_1_0_1_1_0_1_1_1_1,1,3.0e-5,8.164965809277262e-6,0.3464052287581699,104.72222222222223
1_0_1_1_1_0_0_0_0_1_1_1_0_1_1_0_1_1_1_0_0_1_1_1_0_1_0_0_0_0_1_0,1,3.0e-5,1.632993161855452e-5,0.3202614379084967,135.7777777777778
0_0_0_0_0_1_1_1_0_1_0_0_1_0_1_0_1_1_0_1_1_0_0_0_1_0_1_1_1_1_0_0,1,3.0e-5,1.4142135623730951e-5,0.3464052287581699,109.66666666666667
1_1_1_1_1_0_1_0_1_0_1_1_1_1_0_0_0_0_1_1_0_1_1_1_1_1_1_0_0_0_1_0,1,3.0e-5,0.0,0.33986928104575165,115.0
0_1_0_0_0_0_1_1_1_0_0_1_0_0_0_1_0_0_0_0_0_0_0_0_1_0_0_0_1_1_0_1,1,3.0e-5,8.164965809277262e-6,0.3202614379084967,180.55555555555554
1_0_1_0_1_0_0_0_0_1_1_1_1_1_1_0_1_1_1_1_0_1_1_1_0_1_0_0_0_0_1_0,1,3.0e-5,8.164965809277262e-6,0.32679738562091504,104.72222222222223
1_1_1_1_1_1_1_0_1_0_1_1_0_1_0_0_0_0_1_1_0_1_1_1_1_1_1_0_0_0_1_0,1,3.0e-5,1.4142135623730951e-5,0.3333333333333333,162.5
1_0_1_1_1_1_0_0_0_1_1_1_0_0_1_1_1_1_1_0_1_1_1_1_0_1_1_0_1_1_1_1,1,3.0e-5,8.164965809277262e-6,0.3333333333333333,100.55555555555556
1_0_1_1_1_1_0_0_0_1_1_0_1_1_1_0_1_1_1_1_0_1_1_1_0_1_1_0_0_0_1_0,1,3.0e-5,1.632993161855452e-5,0.3202614379084967,116.22222222222223
0_0_0_0_0_1_0_1_0_1_0_0_1_0_1_0_1_1_0_1_0_0_0_0_0_0_1_1_1_1_0_0,1,3.0e-5,2.1602468994692868e-5,0.3137254901960784,125.25
1_1_1_1_1_1_1_0_0_1_1_1_0_1_1_0_1_1_1_0_1_1_1_1_0_1_1_1_0_0_1_0,1,2.666666666666667e-5,1.2472191289246472e-5,0.32679738562091504,121.66666666666667
1_1_1_1_1_0_0_0_1_0_1_1_0_0_0_1_0_0_1_0_1_1_1_1_1_1_0_0_1_1_1_1,1,2.666666666666667e-5,1.699673171197595e-5,0.30718954248366015,95.66666666666667
0_0_0_0_0_0_0_1_0_1_0_0_1_1_1_0_1_1_0_1_1_0_0_0_1_0_0_1_0_0_0_0,1,2.666666666666667e-5,4.714045207910317e-6,0.32679738562091504,98.33333333333334
0_0_0_1_1_0_0_1_1_0_1_0_1_1_1_0_1_0_1_1_0_1_1_0_1_0_0_0_0_0_1_0,1,2.666666666666667e-5,9.428090415820635e-6,0.35947712418300654,108.33333333333333
0_0_0_0_0_1_1_1_0_1_0_0_1_0_1_0_1_1_0_1_0_0_0_0_1_0_1_1_1_1_0_0,1,2.666666666666667e-5,9.428090415820635e-6,0.33986928104575165,90.0
0_0_0_1_1_0_1_0_1_0_0_0_1_1_0_0_0_1_0_0_0_1_0_0_0_1_0_0_0_0_1_0,1,2.666666666666667e-5,1.2472191289246472e-5,0.3660130718954248,72.5
0_1_0_0_0_0_1_1_1_0_0_0_0_0_0_1_0_0_0_1_1_0_0_0_1_0_0_1_1_1_0_1,1,2.666666666666667e-5,4.714045207910317e-6,0.3137254901960784,141.11111111111111
0_0_0_0_0_1_0_1_0_1_0_0_1_0_1_0_1_1_0_0_0_0_0_0_0_0_0_1_1_1_0_0,1,2.666666666666667e-5,9.428090415820635e-6,0.3333333333333333,87.5
1_0_1_1_1_0_0_0_0_1_1_1_0_0_1_1_1_0_1_0_1_1_1_1_0_1_1_0_1_1_1_1,1,2.666666666666667e-5,1.699673171197595e-5,0.33986928104575165,243.0
0_0_0_0_0_1_0_1_0_1_0_0_0_1_1_0_1_1_0_1_0_0_0_0_1_0_1_1_0_1_0_0,1,2.666666666666667e-5,1.2472191289246472e-5,0.3464052287581699,154.16666666666666
0_1_0_0_0_0_1_1_1_0_0_1_0_0_0_1_0_0_0_0_1_0_0_0_1_0_0_0_1_1_0_1,1,2.666666666666667e-5,1.2472191289246472e-5,0.32679738562091504,100.55555555555554
0_0_0_1_1_0_0_0_1_0_0_0_1_1_0_0_0_1_0_0_0_0_0_0_0_1_0_0_0_0_1_0,1,2.666666666666667e-5,4.714045207910317e-6,0.35294117647058826,172.2222222222222
0_0_0_0_0_0_0_1_0_1_0_0_1_1_1_0_1_1_0_1_0_0_0_0_1_0_0_1_0_0_0_0,1,2.666666666666667e-5,9.428090415820635e-6,0.3202614379084967,68.33333333333333
1_1_1_1_1_1_1_0_1_0_1_1_0_0_0_1_0_0_1_0_1_1_1_1_1_1_1_0_1_1_1_1,1,2.666666666666667e-5,4.714045207910317e-6,0.3006535947712418,112.77777777777777
0_0_0_0_0_0_0_1_0_0_0_1_0_1_0_1_0_1_0_1_0_0_0_0_1_0_1_0_0_1_0_1,1,2.666666666666667e-5,1.2472191289246472e-5,0.3464052287581699,143.33333333333334
1_0_1_0_1_0_0_0_0_1_1_1_1_1_1_0_1_1_1_1_1_1_1_1_0_1_0_0_0_0_1_0,1,2.666666666666667e-5,1.699673171197595e-5,0.3202614379084967,118.66666666666667
0_0_0_0_0_1_0_1_0_1_0_0_1_0_1_0_1_1_0_0_1_0_0_0_0_0_0_1_1_1_0_0,1,2.666666666666667e-5,1.2472191289246472e-5,0.33986928104575165,85.27777777777777
1_1_1_1_1_0_1_0_1_0_1_1_0_1_0_0_0_0_1_1_0_1_1_1_1_1_1_0_0_0_1_0,1,2.666666666666667e-5,2.0548046676563257e-5,0.3464052287581699,94.66666666666666
1_1_1_1_1_0_0_0_0_1_0_1_1_1_0_0_0_0_0_0_0_0_0_1_1_1_1_1_0_0_0_0,1,2.666666666666667e-5,2.0548046676563257e-5,0.33986928104575165,124.66666666666667
0_0_0_0_0_0_0_1_0_1_0_0_0_1_1_0_1_1_0_0_0_0_0_0_0_0_0_1_0_1_0_0,1,2.3333333333333336e-5,9.428090415820634e-6,0.3333333333333333,91.66666666666666
0_0_0_0_0_1_1_1_0_1_0_0_1_0_1_0_1_1_0_1_1_0_0_0_0_0_1_1_1_1_0_0,1,2.3333333333333336e-5,9.428090415820634e-6,0.32679738562091504,107.77777777777777
1_1_1_1_1_0_0_0_1_0_1_1_0_1_0_1_0_0_1_0_1_1_1_1_1_1_0_0_0_0_1_1,1,2.3333333333333336e-5,1.2472191289246474e-5,0.3202614379084967,75.83333333333333
1_0_1_1_1_0_0_0_0_1_1_1_1_0_1_0_1_0_1_0_1_1_1_1_0_1_1_0_1_0_1_0,1,2.3333333333333336e-5,2.0548046676563257e-5,0.35947712418300654,167.0
1_1_1_1_1_1_1_0_1_0_1_1_0_0_0_1_0_0_1_0_0_1_1_1_0_1_1_0_1_1_1_1,1,2.3333333333333336e-5,9.428090415820634e-6,0.32679738562091504,95.55555555555554
1_1_1_0_0_1_1_1_1_0_1_1_1_0_0_1_0_0_1_1_1_1_1_1_1_0_1_0_1_0_1_1,1,2.3333333333333336e-5,4.714045207910317e-6,0.37254901960784315,114.44444444444446
1_0_1_1_1_0_0_0_0_1_1_0_1_1_1_0_1_1_1_1_0_1_1_1_0_1_1_0_0_0_1_0,1,2.3333333333333336e-5,4.714045207910317e-6,0.3202614379084967,102.5
1_1_1_0_0_1_1_1_1_0_1_1_1_0_0_1_0_0_1_1_1_1_1_1_1_0_0_0_1_0_1_1,1,2.3333333333333336e-5,9.428090415820634e-6,0.35947712418300654,122.22222222222223
1_1_1_0_0_1_1_1_1_0_1_1_0_0_0_1_0_0_1_1_0_1_1_1_1_0_0_0_1_1_1_1,1,2.3333333333333336e-5,4.714045207910317e-6,0.33986928104575165,108.33333333333333
1_0_1_1_1_1_0_0_0_1_1_0_1_0_1_1_1_1_1_1_1_1_1_1_0_1_1_1_1_1_1_0,1,2.3333333333333336e-5,4.714045207910317e-6,0.3202614379084967,82.77777777777777
1_0_1_1_1_1_0_0_0_1_1_1_1_1_1_0_1_1_1_0_0_1_1_1_0_1_1_0_0_0_1_0,1,2.3333333333333336e-5,9.428090415820634e-6,0.3137254901960784,163.33333333333334
0_0_0_0_0_1_0_1_0_1_0_0_1_1_1_0_1_1_0_1_1_0_0_0_1_0_0_1_0_0_0_0,1,2.3333333333333336e-5,1.2472191289246472e-5,0.33986928104575165,134.16666666666666
0_1_0_0_0_0_1_1_1_0_0_1_0_0_0_1_0_0_0_0_0_0_0_0_1_0_0_1_1_1_0_1,1,2.3333333333333336e-5,4.714045207910317e-6,0.3137254901960784,116.66666666666667
0_0_0_0_0_0_0_1_0_1_0_0_1_1_1_0_1_1_0_1_0_0_0_0_0_0_0_1_0_0_0_0,1,2.3333333333333336e-5,4.714045207910317e-6,0.3006535947712418,90.0
1_1_1_1_1_0_1_0_1_0_1_1_0_1_0_1_0_0_1_0_1_1_1_1_1_1_1_0_0_0_1_1,1,2.3333333333333336e-5,4.714045207910317e-6,0.32679738562091504,113.33333333333333
0_1_0_0_0_1_1_1_1_0_0_0_1_0_0_1_0_0_0_1_0_0_0_0_1_0_1_1_1_1_0_1,1,2.3333333333333336e-5,2.0548046676563257e-5,0.32679738562091504,84.0
0_0_0_1_1_1_0_0_0_1_0_0_1_1_1_0_1_1_0_0_0_0_0_0_0_1_1_1_0_0_0_0,1,2.3333333333333336e-5,1.8856180831641267e-5,0.3464052287581699,90.66666666666667
1_1_1_1_1_0_1_0_1_0_1_1_1_0_0_1_0_0_1_1_1_1_1_1_1_1_1_0_1_0_1_1,1,2.3333333333333336e-5,4.714045207910317e-6,0.3464052287581699,97.77777777777777
1_0_1_1_1_1_1_0_1_1_1_0_0_0_1_1_1_0_1_0_1_1_1_1_0_1_0_0_1_1_1_1,1,2.3333333333333336e-5,4.714045207910317e-6,0.3464052287581699,145.0
1_1_1_1_1_0_1_0_1_0_1_1_1_0_0_1_0_0_1_0_1_1_1_1_0_1_0_0_1_0_1_1,1,2.3333333333333336e-5,4.714045207910317e-6,0.3464052287581699,137.2222222222222
1_1_1_1_1_0_1_0_1_0_1_1_1_1_0_0_0_0_1_0_0_1_1_1_1_1_1_0_0_0_1_0,1,2.3333333333333336e-5,1.2472191289246474e-5,0.3333333333333333,84.16666666666667
1_0_1_1_1_1_0_0_0_1_1_1_1_1_1_0_1_1_1_0_1_1_1_1_0_1_1_0_0_0_1_0,1,2.3333333333333336e-5,4.714045207910317e-6,0.30718954248366015,107.22222222222223
1_1_1_1_1_1_1_0_1_0_1_1_1_0_0_1_0_0_1_1_1_1_1_1_1_1_1_0_1_0_1_1,1,2.3333333333333336e-5,1.699673171197595e-5,0.3333333333333333,102.5
0_1_0_0_0_0_1_1_1_0_0_1_0_0_0_1_0_0_0_0_1_0_0_0_1_0_0_1_1_1_0_1,1,2.3333333333333336e-5,1.8856180831641267e-5,0.3202614379084967,117.33333333333333
0_0_0_0_0_1_1_1_0_1_0_0_0_0_1_1_1_1_0_1_1_0_0_0_0_0_1_1_1_1_0_1,1,2.3333333333333336e-5,9.428090415820634e-6,0.32679738562091504,134.44444444444443
1_0_1_0_1_0_0_0_0_1_1_1_0_1_1_0_1_1_1_1_0_1_1_1_0_1_0_0_0_0_1_0,1,2.3333333333333336e-5,4.714045207910317e-6,0.3333333333333333,89.44444444444444
1_1_1_1_1_1_1_0_1_1_1_0_1_0_1_0_1_0_1_0_1_1_1_1_0_1_0_1_1_0_1_0,1,2.3333333333333336e-5,1.2472191289246474e-5,0.3464052287581699,115.0
1_1_1_1_1_1_1_0_1_0_1_1_0_0_0_1_0_0_1_0_1_1_1_1_0_1_1_0_1_1_1_1,1,2.3333333333333336e-5,1.699673171197595e-5,0.3202614379084967,85.0
1_0_1_1_1_0_0_0_0_1_1_1_1_1_1_0_1_1_1_0_0_1_1_1_0_1_0_0_0_0_1_0,1,2.3333333333333336e-5,1.699673171197595e-5,0.3137254901960784,143.75
0_0_0_0_0_1_0_1_0_1_0_0_1_0_1_0_1_1_0_1_1_0_0_0_0_0_0_1_1_1_0_0,1,2.3333333333333336e-5,1.699673171197595e-5,0.3333333333333333,93.33333333333334
0_1_0_0_0_1_1_1_1_0_0_0_1_0_0_1_0_0_0_1_1_0_0_0_1_0_1_1_1_1_0_1,1,2.0e-5,8.16496580927726e-6,0.3202614379084967,97.77777777777779
0_0_0_0_0_0_0_1_0_1_0_0_1_0_1_0_1_1_0_1_0_0_0_0_1_0_0_1_1_1_0_0,1,2.0e-5,8.16496580927726e-6,0.3333333333333333,82.22222222222223
1_0_1_1_1_1_0_0_0_1_1_1_0_1_1_0_1_1_1_0_0_1_1_1_0_1_1_0_0_0_1_0,1,2.0e-5,8.16496580927726e-6,0.3202614379084967,100.0
0_1_0_1_0_1_1_1_1_0_0_0_1_1_0_0_0_0_0_0_0_0_0_0_1_0_0_1_0_0_0_0,1,2.0e-5,1.4142135623730953e-5,0.3464052287581699,123.33333333333333
1_1_1_1_1_1_1_0_1_0_1_1_0_1_0_0_0_0_1_0_0_1_1_1_1_1_1_0_0_0_1_0,1,2.0e-5,1.6329931618554523e-5,0.32679738562091504,85.0
1_1_1_1_1_1_1_0_1_1_1_0_0_1_1_0_1_1_1_0_1_1_1_1_0_1_0_1_0_0_1_0,1,2.0e-5,8.16496580927726e-6,0.32679738562091504,120.0
1_1_1_1_1_1_1_0_1_0_1_1_0_1_0_1_0_0_1_0_1_1_1_1_0_1_1_0_0_0_1_1,1,2.0e-5,8.16496580927726e-6,0.3333333333333333,95.55555555555554
0_1_0_0_0_0_1_1_1_0_0_0_0_0_0_1_0_0_0_1_0_0_0_0_1_0_1_1_1_1_0_1,1,2.0e-5,2.1602468994692868e-5,0.30718954248366015,75.0
1_1_1_1_1_0_0_0_1_0_1_1_0_1_0_1_0_0_1_0_1_1_1_1_0_1_0_0_0_0_1_1,1,2.0e-5,8.16496580927726e-6,0.33986928104575165,138.88888888888889
1_1_1_1_1_0_0_0_1_0_1_1_0_0_0_1_0_0_1_1_0_1_1_1_1_1_0_0_1_1_1_1,1,2.0e-5,0.0,0.3202614379084967,115.0
1_0_1_0_1_0_0_0_0_1_1_1_0_1_1_0_1_1_1_1_1_1_1_1_0_1_1_0_0_0_1_0,1,2.0e-5,8.16496580927726e-6,0.33986928104575165,113.33333333333333
0_0_0_0_0_0_0_1_0_1_0_0_1_0_1_0_1_1_0_1_1_0_0_0_0_0_0_1_1_1_0_0,1,2.0e-5,1.4142135623730953e-5,0.3202614379084967,103.33333333333333
1_0_1_1_1_1_0_0_0_1_1_0_1_0_1_1_1_1_1_0_1_1_1_1_0_1_1_0_1_1_1_0,1,2.0e-5,1.4142135623730951e-5,0.30718954248366015,101.66666666666666
0_0_0_0_0_1_1_1_0_1_0_0_0_1_1_0_1_1_0_1_0_0_0_0_1_0_1_1_0_1_0_0,1,2.0e-5,0.0,0.35294117647058826,103.33333333333333
1_1_1_1_1_1_1_0_1_0_1_1_1_1_0_0_0_0_1_0_0_1_1_1_1_1_1_0_0_0_1_0,1,2.0e-5,8.16496580927726e-6,0.3202614379084967,130.55555555555557
0_0_0_0_0_0_0_1_0_1_0_0_0_1_1_0_1_1_0_1_0_0_0_0_0_0_0_1_0_1_0_0,1,2.0e-5,2.1602468994692868e-5,0.32679738562091504,93.0
0_1_0_0_0_1_1_1_1_0_0_0_1_1_0_0_0_1_0_1_0_0_0_0_1_0_0_1_0_0_0_0,1,2.0e-5,0.0,0.33986928104575165,116.66666666666667
1_0_1_1_1_1_1_0_0_1_1_0_1_0_1_1_1_1_1_1_1_1_1_1_1_1_1_1_1_1_1_0,1,2.0e-5,8.16496580927726e-6,0.3333333333333333,104.44444444444444
0_0_0_0_0_0_0_1_0_1_0_0_0_0_1_1_1_1_0_1_1_0_0_0_1_0_0_1_1_1_0_1,1,2.0e-5,1.6329931618554523e-5,0.33986928104575165,93.75
0_1_0_0_0_1_1_1_1_0_0_0_0_0_0_1_0_0_0_1_1_0_0_0_1_0_0_1_1_1_0_1,1,2.0e-5,1.6329931618554523e-5,0.3137254901960784,85.0
0_0_0_0_0_0_0_1_0_0_0_1_1_0_0_1_0_1_0_1_0_0_0_0_1_0_1_0_1_1_0_1,1,2.0e-5,8.16496580927726e-6,0.3333333333333333,103.33333333333334
1_1_1_1_1_0_0_0_1_0_1_1_0_1_0_1_0_0_1_0_0_1_1_1_0_1_0_0_0_0_1_1,1,2.0e-5,8.16496580927726e-6,0.3464052287581699,92.77777777777777
1_1_1_0_0_1_0_1_0_1_1_1_0_0_1_1_1_0_1_1_1_0_1_1_1_0_1_1_1_1_0_1,1,2.0e-5,2.1602468994692868e-5,0.3660130718954248,98.0
0_0_0_0_0_1_0_1_0_1_0_0_0_0_1_1_1_1_0_1_1_0_0_0_1_0_0_1_1_1_0_1,1,2.0e-5,8.16496580927726e-6,0.35294117647058826,132.7777777777778
1_0_1_1_1_0_0_0_0_1_1_0_1_0_1_1_1_1_1_0_1_1_1_1_0_1_1_0_1_1_1_0,1,2.0e-5,0.0,0.30718954248366015,116.66666666666667
0_1_0_0_0_0_1_1_1_0_0_0_1_0_0_1_0_0_0_1_1_0_0_0_1_0_0_1_1_1_0_1,1,2.0e-5,8.16496580927726e-6,0.3202614379084967,75.0
1_0_1_0_1_0_0_0_0_1_1_1_0_0_1_1_1_1_1_1_1_1_1_1_0_1_0_0_1_1_1_1,1,2.0e-5,8.16496580927726e-6,0.3464052287581699,96.1111111111111
1_1_1_1_1_1_1_0_1_0_1_1_0_1_0_1_0_0_1_0_0_1_1_1_0_1_1_0_0_0_1_1,1,2.0e-5,8.16496580927726e-6,0.33986928104575165,80.55555555555556
1_1_1_1_1_0_1_0_1_0_1_1_0_1_0_1_0_0_1_0_0_1_1_1_0_1_1_0_0_0_1_1,1,2.0e-5,0.0,0.35294117647058826,100.0
1_1_1_1_1_0_0_0_1_0_1_1_0_0_0_1_0_0_1_0_0_1_1_1_1_1_0_0_1_1_1_1,1,2.0e-5,8.16496580927726e-6,0.3137254901960784,57.22222222222223
0_0_0_0_0_1_0_1_0_1_0_0_1_1_1_0_1_1_0_0_0_0_0_0_0_0_0_1_0_0_0_0,1,2.0e-5,1.6329931618554523e-5,0.3202614379084967,88.75
0_0_0_0_0_1_0_1_0_1_0_0_0_0_1_1_1_1_0_0_1_0_0_0_0_0_0_1_1_1_0_1,1,1.666666666666667e-5,4.714045207910318e-6,0.33986928104575165,136.66666666666666
1_1_1_1_1_0_1_0_1_0_1_1_1_1_0_0_0_0_1_0_0_1_1_1_0_1_1_0_0_0_1_0,1,1.666666666666667e-5,4.714045207910318e-6,0.35294117647058826,85.0
1_0_1_1_1_1_1_0_0_1_1_0_1_0_1_1_1_1_1_1_1_1_1_1_0_1_1_1_1_1_1_0,1,1.666666666666667e-5,4.714045207910318e-6,0.32679738562091504,81.66666666666667
1_1_1_1_1_0_1_0_1_0_1_1_0_0_0_1_0_0_1_1_1_1_1_1_1_1_1_0_1_1_1_1,1,1.666666666666667e-5,4.714045207910318e-6,0.3202614379084967,98.33333333333333
1_1_1_1_1_1_1_0_1_0_1_1_0_0_0_1_0_0_1_0_0_1_1_1_1_1_1_0_1_1_1_1,1,1.6666666666666667e-5,4.714045207910318e-6,0.30718954248366015,86.66666666666667
1_1_1_1_1_0_1_0_1_0_1_1_0_1_0_1_0_0_1_1_0_1_1_1_1_1_1_0_0_0_1_1,1,1.6666666666666667e-5,9.428090415820634e-6,0.33986928104575165,104.44444444444444
0_1_0_1_0_1_1_1_1_0_0_0_0_0_0_1_0_0_0_0_1_0_0_0_1_0_0_1_1_1_0_1,1,1.6666666666666667e-5,4.714045207910318e-6,0.32679738562091504,131.66666666666666
1_0_1_0_1_0_0_0_0_1_1_1_0_1_1_0_1_1_1_1_0_1_1_1_0_1_1_0_0_0_1_0,1,1.6666666666666667e-5,9.428090415820634e-6,0.3333333333333333,106.66666666666667
0_0_0_0_0_0_0_1_0_0_0_1_1_0_0_1_0_0_0_1_0_0_0_0_1_0_1_0_1_1_0_1,1,1.6666666666666667e-5,9.428090415820634e-6,0.32679738562091504,98.8888888888889
1_0_1_1_1_1_1_0_0_1_1_0_1_1_1_0_1_1_1_1_0_1_1_1_0_1_1_1_0_0_1_0,1,1.6666666666666667e-5,9.428090415820634e-6,0.3333333333333333,108.8888888888889
0_0_0_0_0_1_0_1_0_1_0_0_1_1_1_0_1_1_0_0_1_0_0_0_0_0_0_1_0_0_0_0,1,1.6666666666666667e-5,9.428090415820634e-6,0.32679738562091504,118.88888888888887
0_0_0_0_0_0_1_1_1_0_0_1_0_0_1_1_1_0_0_1_0_0_0_0_0_0_0_0_1_1_0_1,1,1.6666666666666667e-5,1.2472191289246472e-5,0.3333333333333333,154.16666666666669
0_1_0_0_0_1_1_1_1_0_0_0_0_0_0_1_0_0_0_1_1_0_0_0_1_0_1_1_1_1_0_1,1,1.6666666666666667e-5,1.699673171197595e-5,0.3137254901960784,95.0
0_0_0_0_0_1_0_1_0_1_0_0_0_1_1_0_1_1_0_1_0_0_0_0_0_0_1_1_0_1_0_0,1,1.6666666666666667e-5,9.428090415820634e-6,0.32679738562091504,114.44444444444444
1_0_1_1_1_1_0_0_0_1_1_1_0_1_1_0_1_1_1_0_1_1_1_1_0_1_0_0_0_0_1_0,1,1.6666666666666667e-5,9.428090415820634e-6,0.32679738562091504,125.55555555555554
0_0_0_0_0_0_0_1_0_1_0_0_1_0_1_1_1_1_0_1_1_0_0_0_1_0_0_1_1_1_0_1,1,1.6666666666666667e-5,1.699673171197595e-5,0.3464052287581699,123.75
0_0_0_0_0_1_0_1_0_1_0_0_1_0_1_0_1_1_0_1_1_0_0_0_1_0_0_1_1_1_0_0,1,1.6666666666666667e-5,1.2472191289246472e-5,0.35294117647058826,105.83333333333334
1_0_1_1_1_0_0_0_0_1_1_1_0_0_1_1_1_1_1_0_1_1_1_1_0_1_0_0_1_1_1_1,1,1.6666666666666667e-5,4.714045207910318e-6,0.3333333333333333,98.33333333333333
0_1_0_0_0_0_0_1_1_0_0_0_0_0_0_1_0_0_0_1_1_0_0_0_1_0_0_1_1_1_0_1,1,1.6666666666666667e-5,1.2472191289246472e-5,0.3202614379084967,117.5
0_1_0_0_0_0_1_1_1_0_0_0_0_0_0_1_0_0_0_1_1_0_0_0_1_0_1_1_1_1_0_1,1,1.6666666666666667e-5,9.428090415820634e-6,0.3137254901960784,98.8888888888889
1_1_1_1_1_0_0_0_1_0_1_1_1_1_0_0_0_0_1_0_0_1_1_1_1_1_0_0_0_0_1_0,1,1.6666666666666667e-5,4.714045207910318e-6,0.32679738562091504,133.33333333333334
0_1_0_1_0_1_1_1_1_0_0_0_1_0_0_1_0_0_0_0_1_0_0_0_1_0_1_1_1_1_0_1,1,1.6666666666666667e-5,9.428090415820634e-6,0.3333333333333333,168.88888888888889
0_0_0_0_0_1_1_1_0_1_0_0_1_1_1_0_1_1_0_1_1_0_0_0_1_0_1_1_0_0_0_0,1,1.6666666666666667e-5,4.714045207910318e-6,0.3333333333333333,100.0
0_0_0_0_0_0_0_1_0_1_0_0_0_0_1_1_1_1_0_0_1_0_0_0_0_0_0_1_1_1_0_1,1,1.6666666666666667e-5,1.699673171197595e-5,0.32679738562091504,92.5
0_1_0_1_0_0_0_1_1_0_0_0_1_0_0_1_0_0_0_0_1_0_0_0_1_0_0_1_1_1_0_1,1,1.6666666666666667e-5,4.714045207910318e-6,0.33986928104575165,106.66666666666667
0_1_0_0_0_1_1_1_1_0_0_0_1_0_0_1_0_0_0_1_0_0_0_0_1_0_0_1_1_1_0_1,1,1.6666666666666667e-5,1.699673171197595e-5,0.32679738562091504,71.25
1_0_1_0_1_1_0_0_0_1_1_1_0_0_1_1_1_1_1_1_1_1_1_1_0_1_1_0_1_1_1_1,1,1.6666666666666667e-5,9.428090415820634e-6,0.3464052287581699,112.22222222222223
0_0_0_0_0_0_0_1_0_1_0_0_1_1_1_0_1_1_0_1_1_0_0_0_0_0_0_1_0_0_0_0,1,1.6666666666666667e-5,9.428090415820634e-6,0.30718954248366015,103.33333333333333
0_1_0_0_0_1_1_1_1_0_0_0_1_1_0_0_0_0_0_1_0_0_0_0_1_0_1_1_0_0_0_0,1,1.6666666666666667e-5,9.428090415820634e-6,0.3333333333333333,70.0
0_1_0_1_1_0_1_0_1_0_1_1_0_0_0_1_0_0_1_0_0_1_1_0_0_1_0_0_1_1_1_1,1,1.6666666666666667e-5,9.428090415820634e-6,0.30718954248366015,73.33333333333333
1_0_1_0_1_1_0_0_0_1_1_1_1_0_1_0_1_1_1_1_1_1_1_1_0_1_1_0_1_0_1_0,1,1.6666666666666667e-5,9.428090415820634e-6,0.3660130718954248,140.0
0_0_0_1_1_0_1_0_1_0_0_0_1_1_1_0_1_1_0_0_0_1_1_0_0_1_0_0_0_0_1_0,1,1.6666666666666667e-5,1.2472191289246472e-5,0.35294117647058826,180.83333333333331
1_1_1_1_1_0_1_0_1_0_1_1_0_1_0_1_0_0_1_1_1_1_1_1_1_1_1_0_0_0_1_1,1,1.6666666666666667e-5,1.2472191289246472e-5,0.3333333333333333,112.5
0_0_0_1_1_0_0_0_1_0_0_0_1_1_0_0_0_1_0_1_0_0_0_0_0_1_0_0_0_0_1_0,1,1.6666666666666667e-5,1.2472191289246472e-5,0.35947712418300654,184.16666666666666
1_0_1_0_1_0_0_0_0_1_1_1_1_1_1_0_1_1_1_1_0_1_1_1_0_1_1_0_0_0_1_0,1,1.6666666666666667e-5,1.2472191289246472e-5,0.32679738562091504,75.83333333333334
1_1_1_1_1_0_1_0_1_0_1_1_0_0_0_1_0_0_1_0_1_1_1_1_0_1_1_0_1_1_1_1,1,1.6666666666666667e-5,1.699673171197595e-5,0.3333333333333333,86.25
0_0_0_1_1_1_0_0_0_1_0_0_0_1_1_0_1_1_0_0_0_0_0_0_0_1_1_1_0_1_0_0,1,1.6666666666666667e-5,1.2472191289246472e-5,0.37254901960784315,125.83333333333334
0_1_0_1_0_0_0_1_1_0_0_0_1_1_0_0_0_0_0_0_0_0_0_0_1_0_0_1_0_0_0_0,1,1.6666666666666667e-5,1.699673171197595e-5,0.35294117647058826,73.75
1_1_1_1_1_1_1_0_1_1_1_0_0_1_1_0_1_0_1_0_1_1_1_1_0_1_0_1_0_0_1_0,1,1.6666666666666667e-5,2.3570226039551585e-5,0.3333333333333333,88.0
1_1_1_1_1_0_1_0_1_0_1_1_0_0_0_1_0_0_1_0_1_1_1_1_1_1_1_0_1_1_1_1,1,1.3333333333333335e-5,4.714045207910318e-6,0.3137254901960784,80.0
0_0_0_1_1_0_0_0_1_0_0_0_1_1_1_0_1_1_0_0_0_1_1_0_0_1_0_0_0_0_1_0,1,1.3333333333333335e-5,1.2472191289246474e-5,0.35947712418300654,131.66666666666666
1_1_1_1_1_0_1_0_1_0_1_1_0_1_0_1_0_0_1_0_1_1_1_1_0_1_1_0_0_0_1_1,1,1.3333333333333335e-5,4.714045207910318e-6,0.3464052287581699,70.0
1_1_1_1_1_0_1_0_1_0_1_1_1_0_0_1_0_0_1_0_1_1_1_1_0_1_1_0_1_0_1_1,1,1.3333333333333335e-5,9.428090415820635e-6,0.35947712418300654,125.0
1_1_1_0_0_1_0_1_0_1_1_1_0_0_0_1_0_0_1_1_1_0_0_1_1_0_1_1_1_1_0_1,1,1.3333333333333335e-5,1.2472191289246474e-5,0.35294117647058826,105.0
0_1_0_1_1_0_0_0_0_1_0_0_1_1_0_0_0_1_0_0_1_0_0_0_1_1_1_1_0_0_0_0,1,1.3333333333333335e-5,9.428090415820635e-6,0.3464052287581699,77.5
0_1_0_0_0_0_0_1_1_0_0_1_0_0_0_1_0_0_0_0_1_0_0_0_1_0_0_0_1_1_0_1,1,1.3333333333333335e-5,1.2472191289246474e-5,0.3333333333333333,86.66666666666666
1_1_1_0_0_1_1_1_1_0_1_1_0_0_0_1_0_0_1_1_1_1_1_1_1_0_1_0_1_1_1_1,1,1.3333333333333335e-5,4.714045207910318e-6,0.3464052287581699,93.33333333333333
1_1_1_1_1_0_0_0_1_0_1_1_1_0_0_1_0_0_1_0_1_1_1_1_1_1_0_0_1_0_1_1,1,1.3333333333333335e-5,4.714045207910318e-6,0.3333333333333333,65.0
0_0_0_1_1_0_0_0_0_1_0_0_1_1_1_0_1_1_0_0_1_0_0_0_0_1_0_1_0_0_0_0,1,1.3333333333333335e-5,9.428090415820635e-6,0.35294117647058826,105.0
0_0_0_0_0_0_0_1_0_1_0_0_1_0_1_1_1_1_0_0_1_0_0_0_0_0_0_1_1_1_0_1,1,1.3333333333333335e-5,4.714045207910318e-6,0.3333333333333333,196.66666666666666
1_1_1_1_1_0_1_0_1_0_1_1_0_1_0_0_0_0_1_0_0_1_1_1_1_1_1_0_0_0_1_0,1,1.3333333333333335e-5,4.714045207910318e-6,0.33986928104575165,130.0
1_1_1_1_1_0_1_0_1_0_1_1_0_0_0_1_0_0_1_1_0_1_1_1_1_1_1_0_1_1_1_1,1,1.3333333333333335e-5,4.714045207910318e-6,0.32679738562091504,95.0
0_0_0_0_0_1_0_1_0_1_0_0_1_1_1_0_1_1_0_1_0_0_0_0_0_0_0_1_0_0_0_0,1,1.3333333333333335e-5,4.714045207910318e-6,0.3137254901960784,125.0
0_1_0_0_0_0_0_1_1_0_0_0_1_1_0_0_0_1_0_1_0_0_0_0_1_0_0_1_0_0_0_0,1,1.3333333333333335e-5,1.2472191289246472e-5,0.3464052287581699,91.66666666666666
1_0_1_1_1_1_0_0_0_1_1_0_1_1_1_0_1_1_1_1_0_1_1_1_0_1_1_1_0_0_1_0,1,1.3333333333333335e-5,1.2472191289246474e-5,0.32679738562091504,100.0
0_0_0_1_1_0_0_0_0_1_0_0_0_1_1_0_1_1_0_0_0_0_0_0_0_1_0_1_0_1_0_0,1,1.3333333333333335e-5,4.714045207910318e-6,0.37254901960784315,98.33333333333333
0_0_0_0_0_0_0_1_0_1_0_0_1_0_1_0_1_1_0_1_0_0_0_0_0_0_0_1_1_1_0_0,1,1.3333333333333335e-5,1.2472191289246474e-5,0.3137254901960784,96.66666666666666
1_0_1_0_1_1_1_0_0_1_1_1_0_1_1_0_1_1_1_1_0_1_1_1_0_1_1_0_0_0_1_0,1,1.3333333333333335e-5,1.2472191289246472e-5,0.33986928104575165,108.33333333333334
0_1_0_0_0_0_1_1_1_0_0_0_1_0_0_1_0_0_0_1_1_0_0_0_1_0_1_1_1_1_0_1,1,1.3333333333333335e-5,1.2472191289246472e-5,0.3202614379084967,106.66666666666666
1_1_1_1_1_1_1_0_1_0_1_1_1_0_0_1_0_0_1_0_1_1_1_1_0_1_1_0_1_0_1_1,1,1.3333333333333335e-5,4.714045207910318e-6,0.3464052287581699,75.0
1_0_1_1_1_1_0_0_0_1_1_1_1_1_1_0_1_1_1_0_1_1_1_1_0_1_0_0_0_0_1_0,1,1.3333333333333335e-5,9.428090415820635e-6,0.30718954248366015,117.5
0_1_0_1_0_1_1_1_1_0_0_0_1_0_0_1_0_0_0_0_1_0_0_0_1_0_0_1_1_1_0_1,1,1.3333333333333335e-5,1.2472191289246474e-5,0.3333333333333333,65.0
0_1_0_0_0_0_1_1_1_0_0_1_0_1_0_0_0_0_0_0_0_0_0_0_1_0_0_1_0_0_0_1,1,1.3333333333333335e-5,1.2472191289246474e-5,0.3137254901960784,101.66666666666667
1_1_1_1_1_0_0_0_1_0_1_1_1_0_0_1_0_0_1_0_1_1_1_1_0_1_0_0_1_0_1_1,1,1.3333333333333335e-5,1.2472191289246474e-5,0.35294117647058826,160.0
0_1_0_1_0_0_1_1_1_0_0_0_1_1_0_0_0_0_0_0_0_0_0_0_1_0_0_1_0_0_0_0,1,1.3333333333333335e-5,9.428090415820635e-6,0.3464052287581699,122.5
0_1_0_0_0_0_0_1_1_0_0_1_0_0_0_1_0_0_0_0_0_0_0_0_1_0_0_0_1_1_0_1,1,1.3333333333333335e-5,1.2472191289246474e-5,0.32679738562091504,106.66666666666666
0_1_0_1_0_1_1_1_1_0_0_0_1_0_0_1_0_0_0_0_0_0_0_0_1_0_0_1_1_1_0_1,1,1.3333333333333335e-5,1.2472191289246472e-5,0.33986928104575165,113.33333333333334
1_0_1_1_1_1_0_0_0_1_1_1_1_0_1_0_1_0_1_0_1_1_1_1_0_1_1_0_1_0_1_0,1,1.3333333333333335e-5,1.2472191289246472e-5,0.35947712418300654,246.66666666666669
1_1_1_1_1_0_0_0_1_0_1_1_0_0_0_1_0_0_1_0_1_1_1_1_0_1_0_0_1_1_1_1,1,1.3333333333333335e-5,1.2472191289246474e-5,0.32679738562091504,81.66666666666666
1_0_1_1_1_1_0_0_0_1_1_0_1_0_1_1_1_1_1_1_1_1_1_1_0_1_1_0_1_1_1_0,1,1.3333333333333335e-5,1.2472191289246472e-5,0.3137254901960784,90.0
1_1_1_1_1_1_1_0_1_0_1_1_1_0_0_1_0_0_1_0_1_1_1_1_1_1_1_0_1_0_1_1,1,1.3333333333333335e-5,1.8856180831641267e-5,0.32679738562091504,117.5
0_1_0_0_0_0_0_1_0_0_0_1_1_0_0_1_0_0_0_1_0_0_0_0_1_0_1_1_1_1_0_1,1,1.3333333333333335e-5,1.8856180831641267e-5,0.3333333333333333,112.5
0_0_0_0_0_0_1_1_1_0_0_1_0_0_1_1_1_0_0_0_0_0_0_0_0_0_0_0_1_1_0_1,1,1.0e-5,8.164965809277262e-6,0.33986928104575165,80.0
0_0_0_1_1_1_1_0_0_1_0_0_1_1_1_0_1_1_0_0_0_0_0_0_0_1_1_1_0_0_0_0,1,1.0e-5,8.164965809277262e-6,0.35294117647058826,87.5
0_1_0_1_0_1_1_1_1_0_0_0_1_1_0_0_0_0_0_0_0_0_0_0_1_0_1_1_0_0_0_0,1,1.0e-5,8.164965809277262e-6,0.3464052287581699,137.5
0_0_0_1_1_0_0_0_0_1_0_0_1_1_1_0_1_1_0_0_0_0_0_0_0_1_0_1_0_0_0_0,1,1.0e-5,1.4142135623730951e-5,0.3464052287581699,63.333333333333336
0_0_0_0_0_1_0_1_0_1_0_0_0_0_1_1_1_1_0_1_1_0_0_0_0_0_0_1_1_1_0_1,1,1.0e-5,1.4142135623730951e-5,0.3333333333333333,113.33333333333333
1_1_1_1_1_1_0_0_0_1_1_0_1_1_0_0_0_1_1_0_1_1_1_1_1_1_1_1_0_0_1_0,1,1.0e-5,0.0,0.3333333333333333,110.0
0_0_0_0_0_0_0_1_1_0_0_1_0_0_1_1_1_0_0_1_0_0_0_0_0_0_0_0_1_1_0_1,1,1.0e-5,1.4142135623730951e-5,0.33986928104575165,123.33333333333333
0_1_0_1_0_1_1_1_1_0_0_0_0_0_0_1_0_0_0_0_1_0_0_0_1_0_1_1_1_1_0_1,1,1.0e-5,0.0,0.32679738562091504,96.66666666666667
1_1_1_0_0_0_1_1_1_0_1_1_1_0_0_1_0_0_1_1_1_1_1_1_1_0_0_0_1_0_1_1,1,1.0e-5,1.4142135623730951e-5,0.37254901960784315,140.0
0_0_0_0_0_1_1_1_0_1_0_0_0_1_1_0_1_1_0_1_0_0_0_0_0_0_1_1_0_1_0_0,1,1.0e-5,8.164965809277262e-6,0.3333333333333333,152.5
1_1_1_1_1_1_1_0_0_1_1_0_1_1_0_0_0_1_1_0_1_1_1_1_1_1_1_1_0_0_1_0,1,1.0e-5,8.164965809277262e-6,0.33986928104575165,80.0
0_0_0_0_0_0_0_1_0_1_0_0_1_0_1_1_1_1_0_1_1_0_0_0_0_0_0_1_1_1_0_1,1,1.0e-5,8.164965809277262e-6,0.32679738562091504,137.5
1_0_1_0_1_1_0_0_0_1_1_1_0_0_1_1_1_1_1_1_1_1_1_1_0_1_0_0_1_1_1_1,1,1.0e-5,8.164965809277262e-6,0.3464052287581699,97.5
0_0_0_1_1_0_0_0_0_1_1_0_1_0_1_0_1_1_1_0_1_1_1_0_0_1_0_0_1_1_1_0,1,1.0e-5,8.164965809277262e-6,0.35294117647058826,112.5
0_1_0_0_0_1_1_1_1_0_0_0_1_1_0_0_0_1_0_1_0_0_0_0_1_0_1_1_0_0_0_0,1,1.0e-5,8.164965809277262e-6,0.33986928104575165,90.0
1_1_1_1_1_0_1_0_1_0_1_1_0_1_0_1_0_0_1_0_0_1_1_1_1_1_1_0_0_0_1_1,1,1.0e-5,8.164965809277262e-6,0.3333333333333333,75.0
0_1_0_1_1_0_0_0_0_1_0_0_1_1_0_0_0_1_0_0_0_0_0_0_1_1_1_1_0_0_0_0,1,1.0e-5,8.164965809277262e-6,0.33986928104575165,70.0
1_1_1_1_1_0_0_0_1_0_1_1_0_0_0_1_0_0_1_0_0_1_1_1_0_1_0_0_1_1_1_1,1,1.0e-5,8.164965809277262e-6,0.3333333333333333,105.0
0_0_0_0_0_1_0_1_0_1_0_0_1_0_1_0_1_1_0_1_0_0_0_0_1_0_0_1_1_1_0_0,1,1.0e-5,8.164965809277262e-6,0.3464052287581699,77.5
0_0_0_0_0_1_1_1_0_1_0_0_1_1_1_0_1_1_0_0_1_0_0_0_0_0_1_1_0_0_0_0,1,1.0e-5,0.0,0.3202614379084967,126.66666666666667
1_1_1_0_0_0_1_1_1_0_1_1_0_0_0_1_0_0_1_1_1_1_1_1_1_0_0_0_1_1_1_1,1,1.0e-5,1.4142135623730951e-5,0.3464052287581699,146.66666666666666
1_1_1_1_1_1_0_0_0_1_1_0_1_1_0_0_0_1_1_0_0_1_1_1_1_1_1_1_0_0_1_0,1,1.0e-5,8.164965809277262e-6,0.33986928104575165,115.0
1_0_1_1_1_0_0_0_0_1_1_1_1_0_1_0_1_1_1_0_1_1_1_1_0_1_1_0_1_0_1_0,1,1.0e-5,8.164965809277262e-6,0.35294117647058826,140.0
0_0_0_0_0_1_1_1_0_1_0_0_1_1_1_0_1_1_0_1_0_0_0_0_1_0_1_1_0_0_0_0,1,1.0e-5,0.0,0.32679738562091504,180.0
1_0_1_1_1_0_0_0_0_1_1_1_0_0_1_1_1_0_1_0_1_1_1_1_0_1_0_0_1_1_1_1,1,1.0e-5,8.164965809277262e-6,0.33986928104575165,100.0
0_0_0_0_0_1_0_1_0_1_0_0_1_0_1_0_1_1_0_1_0_0_0_0_0_0_0_1_1_1_0_0,1,1.0e-5,8.164965809277262e-6,0.32679738562091504,105.0
1_1_1_1_1_1_1_0_1_0_1_1_0_1_0_0_0_0_1_0_0_1_1_1_0_1_1_0_0_0_1_0,1,1.0e-5,0.0,0.3464052287581699,70.0
1_1_1_1_1_1_0_0_0_1_1_0_1_1_0_0_0_1_1_1_0_1_1_1_1_1_1_1_0_0_1_0,1,1.0e-5,8.164965809277262e-6,0.3464052287581699,60.0
1_0_1_1_1_1_0_0_0_1_1_1_1_0_1_0_1_0_1_0_1_1_1_1_0_1_0_0_1_0_1_0,1,1.0e-5,0.0,0.35947712418300654,140.0
0_0_0_1_0_1_0_1_0_1_1_0_0_0_1_1_1_1_1_0_1_1_1_0_0_0_0_0_1_1_1_1,1,1.0e-5,0.0,0.35947712418300654,110.0
1_0_1_1_1_1_0_0_0_1_1_1_0_1_1_0_1_1_1_0_1_1_1_1_0_1_1_0_0_0_1_0,1,1.0e-5,8.164965809277262e-6,0.32679738562091504,107.5
0_0_0_0_0_1_0_1_0_1_0_0_1_0_1_1_1_1_0_0_1_0_0_0_0_0_0_1_1_1_0_1,1,1.0e-5,8.164965809277262e-6,0.3464052287581699,107.5
0_0_0_1_1_0_0_0_0_1_0_0_1_1_1_0_1_1_0_0_0_1_1_0_0_1_0_1_0_0_1_0,1,1.0e-5,8.164965809277262e-6,0.35294117647058826,137.5
1_0_1_0_1_1_0_0_0_1_1_1_1_0_1_0_1_1_1_1_1_1_1_1_0_1_0_0_1_0_1_0,1,1.0e-5,0.0,0.3660130718954248,65.0
0_1_0_1_0_1_1_1_1_0_0_0_0_0_0_1_0_0_0_0_0_0_0_0_1_0_1_1_1_1_0_1,1,1.0e-5,0.0,0.3202614379084967,90.0
0_0_0_0_0_1_0_1_0_1_0_0_0_1_1_0_1_1_0_0_0_0_0_0_0_0_0_1_0_1_0_0,1,1.0e-5,8.164965809277262e-6,0.3464052287581699,135.0
0_0_0_1_1_0_0_0_0_1_0_0_0_1_1_0_1_1_0_0_0_1_1_0_0_1_0_1_0_1_1_0,1,1.0e-5,0.0,0.3790849673202614,56.666666666666664
1_0_1_1_1_0_0_0_0_1_1_1_0_1_1_0_1_1_1_0_1_1_1_1_0_1_0_0_0_0_1_0,1,1.0e-5,0.0,0.32679738562091504,96.66666666666667
0_1_0_0_0_0_1_1_1_0_0_0_0_0_0_1_0_0_0_1_0_0_0_0_1_0_0_1_1_1_0_1,1,1.0e-5,0.0,0.30718954248366015,163.33333333333334
1_1_1_1_1_0_0_0_1_0_1_1_0_1_0_1_0_0_1_0_0_1_1_1_1_1_0_0_0_0_1_1,1,1.0e-5,0.0,0.32679738562091504,110.0
1_0_1_1_1_1_1_0_1_1_1_0_0_0_1_1_1_0_1_1_1_1_1_1_0_1_0_0_1_1_1_1,1,1.0e-5,8.164965809277262e-6,0.35294117647058826,157.5
1_0_1_1_1_1_1_0_0_1_1_1_1_1_1_0_1_1_1_0_1_1_1_1_0_1_1_0_0_0_1_0,1,1.0e-5,8.164965809277262e-6,0.3137254901960784,95.0
1_1_1_0_0_1_1_1_1_0_1_1_0_0_0_1_0_0_1_1_0_1_1_1_1_0_1_0_1_1_1_1,1,1.0e-5,8.164965809277262e-6,0.35294117647058826,95.0
1_0_1_1_1_1_1_0_0_1_1_1_0_0_1_1_1_0_1_0_1_1_1_1_0_1_1_0_1_1_1_1,1,1.0e-5,8.164965809277262e-6,0.3464052287581699,170.0
1_1_1_0_0_1_1_0_0_1_0_1_0_0_0_1_0_1_0_0_1_0_0_1_0_1_1_1_1_1_0_1,1,1.0e-5,8.164965809277262e-6,0.35947712418300654,200.0
0_0_0_0_0_0_1_1_1_0_0_1_0_0_1_1_1_0_0_1_1_0_0_0_0_0_0_0_1_1_0_1,1,1.0e-5,1.4142135623730951e-5,0.33986928104575165,123.33333333333333
0_0_0_0_0_0_0_1_1_0_0_1_0_1_1_0_1_0_0_0_0_0_0_0_0_0_0_0_0_0_0_1,1,1.0e-5,8.164965809277262e-6,0.3464052287581699,107.5
0_0_0_1_1_1_1_0_1_0_0_0_1_1_0_0_0_1_0_1_0_0_0_0_1_1_0_1_0_0_1_0,1,1.0e-5,8.164965809277262e-6,0.3660130718954248,97.5
0_1_0_0_0_0_0_1_1_0_0_1_0_1_0_0_0_0_0_0_0_0_0_0_0_0_0_0_0_0_0_1,1,1.0e-5,8.164965809277262e-6,0.3333333333333333,127.5
1_1_1_0_0_0_0_1_0_1_1_1_0_0_1_1_1_0_1_0_1_1_1_1_0_0_1_0_1_1_0_1,1,6.6666666666666675e-6,9.428090415820634e-6,0.3660130718954248,150.0
0_0_0_1_1_1_0_0_0_1_1_0_1_0_1_0_1_1_1_0_1_1_1_0_0_1_0_0_1_1_1_0,1,6.6666666666666675e-6,4.714045207910318e-6,0.35294117647058826,60.0
1_0_1_0_1_0_0_0_0_1_1_1_1_0_1_0_1_1_1_1_1_1_1_1_0_1_1_0_1_0_1_0,1,6.6666666666666675e-6,4.714045207910318e-6,0.3660130718954248,100.0
0_1_0_1_0_1_1_1_1_0_0_0_0_1_0_1_0_0_0_0_0_0_0_0_1_0_1_1_0_1_0_1,1,6.6666666666666675e-6,4.714045207910318e-6,0.3660130718954248,175.0
0_1_0_1_0_0_1_1_1_0_0_0_1_0_0_1_0_0_0_0_1_0_0_0_1_0_1_1_1_1_0_1,1,6.6666666666666675e-6,9.428090415820634e-6,0.3333333333333333,200.0
1_0_1_0_1_1_0_0_0_1_1_1_1_1_1_0_1_1_1_1_0_1_1_1_0_1_1_0_0_0_1_0,1,6.6666666666666675e-6,4.714045207910318e-6,0.32679738562091504,110.0
1_0_1_1_1_1_1_0_0_1_1_1_1_1_1_0_1_1_1_0_0_1_1_1_0_1_1_0_0_0_1_0,1,6.6666666666666675e-6,4.714045207910318e-6,0.3202614379084967,120.0
0_0_0_1_1_0_1_0_1_0_0_0_1_1_0_0_0_1_0_1_0_1_0_0_1_1_0_0_0_0_1_0,1,6.6666666666666675e-6,4.714045207910318e-6,0.3660130718954248,160.0
1_1_1_1_1_1_1_0_0_1_1_0_1_1_0_0_0_1_1_0_0_1_1_1_1_1_1_1_0_0_1_0,1,6.6666666666666675e-6,4.714045207910318e-6,0.3464052287581699,95.0
0_1_0_0_0_0_0_1_1_0_0_0_0_0_0_1_0_0_0_1_0_0_0_0_1_0_0_1_1_1_0_1,1,6.6666666666666675e-6,4.714045207910318e-6,0.3137254901960784,100.0
1_0_1_1_1_1_1_0_0_1_1_1_0_1_1_0_1_1_1_0_0_1_1_1_0_1_1_0_0_0_1_0,1,6.6666666666666675e-6,4.714045207910318e-6,0.32679738562091504,130.0
0_1_0_1_1_0_0_0_0_1_0_0_1_1_0_0_0_1_0_0_0_0_0_0_1_1_0_1_0_0_0_0,1,6.6666666666666675e-6,4.714045207910318e-6,0.35294117647058826,50.0
0_1_0_0_0_0_0_1_1_0_0_1_0_1_0_0_0_0_0_0_0_0_0_0_1_0_0_0_0_0_0_1,1,6.6666666666666675e-6,4.714045207910318e-6,0.32679738562091504,65.0
1_1_1_0_0_0_1_1_1_0_1_1_0_0_0_1_0_0_1_1_1_1_1_1_1_0_1_0_1_1_1_1,1,6.6666666666666675e-6,4.714045207910318e-6,0.35947712418300654,120.0
0_0_0_0_0_0_0_1_1_0_0_1_0_1_1_0_1_0_0_1_0_0_0_0_0_0_0_0_0_0_0_1,1,6.6666666666666675e-6,4.714045207910318e-6,0.33986928104575165,90.0
1_1_1_0_0_0_0_1_1_0_1_1_0_0_0_1_0_0_1_1_1_1_1_1_1_0_0_0_1_1_1_1,1,6.6666666666666675e-6,4.714045207910318e-6,0.35294117647058826,35.0
1_1_1_0_0_0_1_1_1_0_0_1_0_1_1_1_1_0_0_0_0_0_0_1_0_0_1_1_0_0_0_1,1,6.6666666666666675e-6,4.714045207910318e-6,0.3790849673202614,90.0
1_1_1_1_1_0_1_0_1_0_1_1_0_1_0_0_0_0_1_0_0_1_1_1_0_1_1_0_0_0_1_0,1,6.6666666666666675e-6,4.714045207910318e-6,0.35947712418300654,85.0
0_0_0_0_0_0_0_1_1_0_0_1_0_0_1_1_1_0_0_0_0_0_0_0_0_0_0_0_1_1_0_1,1,6.6666666666666675e-6,9.428090415820634e-6,0.3464052287581699,125.0
1_1_1_0_0_1_1_1_1_0_0_1_0_1_0_1_0_0_0_1_0_0_0_1_1_0_1_1_0_0_0_1,1,6.6666666666666675e-6,4.714045207910318e-6,0.35294117647058826,130.0
0_0_0_1_1_0_0_0_0_1_0_0_1_1_1_0_1_1_0_0_0_1_1_0_0_1_0_1_0_0_0_0,1,6.6666666666666675e-6,9.428090415820634e-6,0.3660130718954248,40.0
0_1_0_0_0_0_1_1_1_0_0_0_0_1_0_1_0_1_0_1_0_0_0_0_1_0_1_1_0_1_0_1,1,6.6666666666666675e-6,4.714045207910318e-6,0.35947712418300654,80.0
0_1_0_1_0_1_1_1_1_0_0_0_0_0_0_1_0_0_0_0_0_0_0_0_1_0_0_1_1_1_0_1,1,6.6666666666666675e-6,9.428090415820634e-6,0.3202614379084967,110.0
1_0_1_1_1_0_0_0_0_1_1_1_1_0_1_0_1_1_1_0_1_1_1_1_0_1_0_0_1_0_1_0,1,6.6666666666666675e-6,4.714045207910318e-6,0.35294117647058826,110.0
0_1_0_0_0_0_0_1_0_0_0_1_1_1_0_0_0_1_0_0_0_0_0_0_1_0_1_1_0_0_0_0,1,6.6666666666666675e-6,9.428090415820634e-6,0.35294117647058826,205.0
0_1_0_0_0_1_1_1_1_0_0_0_0_1_0_1_0_1_0_1_0_0_0_0_1_0_0_1_0_1_0_1,1,6.6666666666666675e-6,4.714045207910318e-6,0.35947712418300654,80.0
0_1_0_0_0_1_1_1_1_0_0_0_0_1_0_1_0_1_0_1_0_0_0_0_1_0_1_1_0_1_0_1,1,6.6666666666666675e-6,4.714045207910318e-6,0.35947712418300654,95.0
1_0_1_1_1_1_1_0_0_1_1_1_0_0_1_1_1_1_1_0_1_1_1_1_0_1_1_0_1_1_1_1,1,6.6666666666666675e-6,4.714045207910318e-6,0.33986928104575165,75.0
0_0_0_1_1_0_1_0_1_0_0_0_1_1_0_0_0_1_0_1_0_1_0_0_0_1_0_0_0_0_1_0,1,6.6666666666666675e-6,4.714045207910318e-6,0.37254901960784315,90.0
0_1_0_0_0_0_1_1_1_0_0_0_0_1_0_1_0_1_0_1_0_0_0_0_1_0_0_1_0_1_0_1,1,6.6666666666666675e-6,4.714045207910318e-6,0.35947712418300654,115.0
0_1_0_0_0_0_0_1_1_0_0_0_1_0_0_1_0_0_0_1_1_0_0_0_1_0_0_1_1_1_0_1,1,6.6666666666666675e-6,4.714045207910318e-6,0.32679738562091504,75.0
0_1_0_1_0_1_1_1_1_0_0_0_0_1_0_1_0_0_0_0_0_0_0_0_1_0_0_1_0_1_0_1,1,6.6666666666666675e-6,4.714045207910318e-6,0.3660130718954248,105.0
0_0_0_0_0_0_0_1_0_1_0_0_0_1_1_0_1_1_0_1_0_0_0_0_1_0_0_1_0_1_0_0,1,6.6666666666666675e-6,9.428090415820634e-6,0.3464052287581699,105.0
1_1_1_1_1_0_1_0_1_0_1_1_0_0_0_1_0_0_1_0_0_1_1_1_0_1_1_0_1_1_1_1,1,6.6666666666666675e-6,4.714045207910318e-6,0.33986928104575165,75.0
1_1_1_1_1_1_1_0_0_1_1_0_1_1_0_0_0_1_1_1_1_1_1_1_1_1_1_1_0_0_1_0,1,6.6666666666666675e-6,4.714045207910318e-6,0.3464052287581699,90.0
1_0_1_0_1_1_0_0_0_1_1_1_0_1_1_0_1_1_1_1_0_1_1_1_0_1_0_0_0_0_1_0,1,6.6666666666666675e-6,9.428090415820634e-6,0.3333333333333333,100.0
0_1_0_1_1_0_0_0_0_1_0_0_1_1_0_0_0_1_0_0_1_0_0_0_1_1_0_1_0_0_0_0,1,6.6666666666666675e-6,4.714045207910318e-6,0.35947712418300654,85.0
1_0_1_1_1_1_1_0_1_1_1_0_1_0_1_0_1_1_1_0_1_1_1_1_0_1_0_0_1_0_1_0,1,6.6666666666666675e-6,4.714045207910318e-6,0.35947712418300654,80.0
1_1_1_0_0_1_1_1_1_0_0_1_0_1_0_1_0_0_0_0_0_0_0_1_1_0_1_1_0_0_0_1,1,6.6666666666666675e-6,4.714045207910318e-6,0.35947712418300654,120.0
1_0_1_0_0_1_1_1_1_0_1_1_1_0_1_1_1_0_1_1_1_1_1_1_0_0_0_0_1_0_1_1,1,6.6666666666666675e-6,4.714045207910318e-6,0.3660130718954248,75.0
0_0_0_0_0_1_0_1_0_1_0_0_1_0_1_1_1_1_0_1_1_0_0_0_0_0_0_1_1_1_0_1,1,6.6666666666666675e-6,4.714045207910318e-6,0.33986928104575165,75.0
0_0_0_1_1_1_1_0_0_1_0_0_0_1_1_0_1_1_0_0_0_0_0_0_0_1_1_1_0_1_0_0,1,6.6666666666666675e-6,4.714045207910318e-6,0.3790849673202614,180.0
0_1_0_1_0_1_1_1_1_0_0_0_1_0_0_1_0_0_0_0_0_0_0_0_1_0_1_1_1_1_0_1,1,6.6666666666666675e-6,4.714045207910318e-6,0.33986928104575165,95.0
1_0_1_0_0_1_1_1_1_0_1_1_0_0_1_1_1_0_1_1_0_1_1_1_0_0_0_0_1_1_1_1,1,6.6666666666666675e-6,4.714045207910318e-6,0.3464052287581699,150.0
1_0_1_0_1_1_0_0_0_1_1_1_1_1_1_0_1_1_1_1_1_1_1_1_0_1_0_0_0_0_1_0,1,6.6666666666666675e-6,4.714045207910318e-6,0.3202614379084967,105.0
0_1_0_0_0_0_0_1_0_0_0_1_1_1_0_0_0_1_0_1_0_0_0_0_1_0_1_1_0_0_0_0,1,6.6666666666666675e-6,4.714045207910318e-6,0.3464052287581699,105.0
1_0_1_0_1_1_0_0_0_1_1_1_1_1_1_0_1_1_1_1_0_1_1_1_0_1_0_0_0_0_1_0,1,6.6666666666666675e-6,4.714045207910318e-6,0.32679738562091504,90.0
1_0_1_0_0_1_1_1_1_0_1_1_1_0_1_1_1_0_1_1_1_0_1_1_0_0_1_0_1_0_0_1,1,6.6666666666666675e-6,4.714045207910318e-6,0.39869281045751637,135.0
1_0_1_0_1_0_0_0_0_1_1_1_0_1_1_0_1_1_1_1_1_1_1_1_0_1_0_0_0_0_1_0,1,6.6666666666666675e-6,4.714045207910318e-6,0.33986928104575165,70.0
1_1_1_1_1_1_1_0_0_1_1_0_1_0_0_1_0_1_1_1_1_1_1_1_1_1_1_1_1_1_1_0,1,6.6666666666666675e-6,4.714045207910318e-6,0.3464052287581699,90.0
0_0_0_0_0_1_0_1_0_1_0_0_0_1_1_0_1_1_0_1_0_0_0_0_1_0_0_1_0_1_0_0,1,6.6666666666666675e-6,4.714045207910318e-6,0.35947712418300654,55.0
0_0_0_1_1_0_1_0_1_0_0_0_1_1_0_0_0_1_0_1_0_0_0_0_1_1_0_1_0_0_1_0,1,6.6666666666666675e-6,9.428090415820634e-6,0.3660130718954248,85.0
0_1_0_0_0_0_1_1_1_0_0_0_1_1_0_0_0_0_0_1_0_0_0_0_1_0_1_1_0_0_0_0,1,6.6666666666666675e-6,4.714045207910318e-6,0.3333333333333333,145.0
1_0_1_1_1_1_1_0_1_1_1_0_0_1_1_0_1_1_1_0_1_1_1_1_0_1_0_0_0_0_1_0,1,6.6666666666666675e-6,4.714045207910318e-6,0.3333333333333333,60.0
1_1_1_1_1_1_1_0_0_1_1_0_1_1_0_0_0_1_1_1_0_1_1_1_1_1_1_1_0_0_1_0,1,6.6666666666666675e-6,4.714045207910318e-6,0.35294117647058826,95.0
0_1_0_1_0_0_1_1_1_0_0_0_0_0_0_1_0_0_0_0_0_0_0_0_1_0_1_1_1_1_0_1,1,6.6666666666666675e-6,4.714045207910318e-6,0.3202614379084967,75.0
1_1_1_0_0_1_1_1_0_1_1_1_0_0_1_1_1_0_1_0_1_1_1_1_1_0_1_1_1_1_0_1,1,6.6666666666666675e-6,4.714045207910318e-6,0.35947712418300654,150.0
0_0_0_1_1_0_0_0_0_1_1_0_1_0_0_0_0_1_1_1_1_1_1_0_1_1_0_0_1_1_1_0,1,6.6666666666666675e-6,9.428090415820634e-6,0.3790849673202614,105.0
0_1_0_1_1_0_0_0_0_1_0_0_0_1_1_0_1_1_0_0_0_1_1_0_0_1_0_1_0_1_0_0,1,6.6666666666666675e-6,4.714045207910318e-6,0.39215686274509803,100.0
0_0_0_0_0_0_0_1_1_0_0_1_0_0_1_1_1_0_0_1_1_0_0_0_0_0_0_0_1_1_0_1,1,6.6666666666666675e-6,4.714045207910318e-6,0.3464052287581699,225.0
0_0_0_1_1_1_0_0_0_1_0_0_1_1_1_0_1_1_0_0_0_0_0_0_0_1_0_1_0_0_0_0,1,6.6666666666666675e-6,9.428090415820634e-6,0.35947712418300654,140.0
1_1_1_1_1_0_1_0_1_0_1_1_0_0_0_1_0_0_1_0_0_1_1_1_1_1_1_0_1_1_1_1,1,6.6666666666666675e-6,4.714045207910318e-6,0.3202614379084967,130.0
0_1_0_0_0_0_1_1_1_0_0_0_1_0_0_1_0_0_0_1_0_0_0_0_1_0_0_1_1_1_0_1,1,6.6666666666666675e-6,4.714045207910318e-6,0.32679738562091504,95.0
0_0_0_0_0_1_1_1_0_1_0_0_1_1_1_0_1_1_0_1_1_0_0_0_0_0_1_1_0_0_0_0,1,6.6666666666666675e-6,4.714045207910318e-6,0.3137254901960784,75.0
1_0_1_1_1_1_0_0_0_1_1_1_0_0_1_1_1_1_1_0_1_1_1_1_0_1_0_0_1_1_1_1,1,6.6666666666666675e-6,4.714045207910318e-6,0.3333333333333333,165.0
0_0_0_0_0_1_1_1_0_1_0_0_1_0_1_0_1_1_0_1_0_0_0_0_0_0_1_1_1_1_0_0,1,6.6666666666666675e-6,4.714045207910318e-6,0.3202614379084967,160.0
1_0_1_0_1_1_1_0_0_1_1_1_1_0_1_0_1_1_1_1_1_1_1_1_0_1_1_0_1_0_1_0,1,6.6666666666666675e-6,9.428090415820634e-6,0.37254901960784315,105.0
0_1_0_1_0_0_0_1_1_0_0_0_0_0_0_1_0_0_0_0_1_0_0_0_1_0_0_1_1_1_0_1,1,6.6666666666666675e-6,4.714045207910318e-6,0.3333333333333333,155.0
1_0_1_1_1_1_1_0_0_1_1_1_0_1_1_0_1_1_1_0_1_1_1_1_0_1_1_0_0_0_1_0,1,6.6666666666666675e-6,9.428090415820634e-6,0.3333333333333333,45.0
0_1_0_1_0_0_1_1_1_0_0_0_1_0_0_1_0_0_0_0_0_0_0_0_1_0_1_1_1_1_0_1,1,6.6666666666666675e-6,4.714045207910318e-6,0.33986928104575165,120.0
0_1_0_0_0_1_1_1_1_0_0_1_0_1_0_0_0_0_0_0_0_0_0_0_1_0_0_1_0_0_0_1,1,6.6666666666666675e-6,4.714045207910318e-6,0.3137254901960784,95.0
0_0_0_0_0_0_1_1_1_0_0_1_0_1_1_0_1_0_0_1_0_0_0_0_0_0_0_0_0_0_0_1,1,6.6666666666666675e-6,4.714045207910318e-6,0.3333333333333333,220.0
1_0_1_0_0_0_1_1_1_0_1_1_0_0_1_1_1_0_1_1_1_1_1_1_0_0_0_0_1_1_1_1,1,6.6666666666666675e-6,4.714045207910318e-6,0.35294117647058826,60.0
1_0_1_0_1_0_0_0_0_1_1_1_1_1_1_0_1_1_1_1_1_1_1_1_0_1_1_0_0_0_1_0,1,6.6666666666666675e-6,4.714045207910318e-6,0.3202614379084967,95.0
0_1_0_0_0_0_0_1_1_0_0_0_0_1_0_1_0_1_0_1_0_0_0_0_1_0_0_1_0_1_0_1,1,6.6666666666666675e-6,4.714045207910318e-6,0.3660130718954248,105.0
0_0_0_0_0_0_0_1_0_1_0_0_0_0_1_1_1_1_0_1_1_0_0_0_0_0_0_1_1_1_0_1,1,6.6666666666666675e-6,9.428090415820634e-6,0.3202614379084967,85.0
1_0_1_1_1_0_0_0_0_1_1_1_0_1_1_0_1_1_1_0_1_1_1_1_0_1_1_0_0_0_1_0,1,6.6666666666666675e-6,9.428090415820634e-6,0.32679738562091504,130.0
0_1_0_0_0_0_1_1_1_0_0_0_1_1_0_0_0_1_0_1_0_0_0_0_1_0_1_1_0_0_0_0,1,6.6666666666666675e-6,9.428090415820634e-6,0.33986928104575165,165.0
1_0_1_1_1_1_0_0_0_1_1_1_1_0_1_0_1_1_1_0_1_1_1_1_0_1_0_0_1_0_1_0,1,6.6666666666666675e-6,9.428090415820634e-6,0.35294117647058826,125.0
1_0_1_1_1_0_0_0_0_1_1_1_1_0_1_0_1_0_1_0_1_1_1_1_0_1_0_0_1_0_1_0,1,3.3333333333333337e-6,4.714045207910317e-6,0.35947712418300654,170.0
1_0_1_0_0_0_1_1_1_0_1_1_0_0_1_1_1_0_1_1_1_1_1_1_0_0_1_0_1_1_1_1,1,3.3333333333333337e-6,4.714045207910317e-6,0.3660130718954248,140.0
0_1_0_1_0_0_1_1_1_0_0_0_1_1_0_0_0_0_0_0_0_0_0_0_1_0_1_1_0_0_0_0,1,3.3333333333333337e-6,4.714045207910317e-6,0.3464052287581699,30.0
1_0_1_1_1_1_0_0_0_1_1_1_0_0_1_1_1_0_1_0_1_1_1_1_0_1_0_0_1_1_1_1,1,3.3333333333333337e-6,4.714045207910317e-6,0.33986928104575165,230.0
0_1_0_1_0_0_1_1_1_0_0_0_0_0_0_1_0_0_0_0_0_0_0_0_1_0_0_1_1_1_0_1,1,3.3333333333333337e-6,4.714045207910317e-6,0.3202614379084967,60.0
0_1_0_0_0_0_0_1_1_0_0_0_0_1_0_1_0_1_0_0_0_0_0_0_1_0_0_1_0_1_0_1,1,3.3333333333333337e-6,4.714045207910317e-6,0.37254901960784315,10.0
0_0_0_1_1_0_0_0_0_1_0_0_0_1_1_0_1_1_0_1_0_1_1_0_1_1_0_1_0_1_1_0,1,3.3333333333333337e-6,4.714045207910317e-6,0.39215686274509803,60.0
0_0_0_0_0_0_1_1_1_0_0_1_0_0_1_1_1_0_0_0_1_0_0_0_0_0_0_0_1_1_0_1,1,3.3333333333333337e-6,4.714045207910317e-6,0.3464052287581699,280.0
1_0_1_0_0_1_1_1_1_0_1_1_0_0_1_1_1_0_1_1_1_1_1_1_0_0_0_0_1_1_1_1,1,3.3333333333333337e-6,4.714045207910317e-6,0.33986928104575165,100.0
1_1_1_0_0_1_1_1_1_0_1_1_0_0_0_1_0_0_1_0_1_0_0_1_0_0_1_0_1_1_0_1,1,3.3333333333333337e-6,4.714045207910317e-6,0.3660130718954248,50.0
0_0_0_1_1_1_0_0_0_1_0_0_0_1_1_0_1_1_0_0_0_0_0_0_0_1_0_1_0_1_0_0,1,3.3333333333333337e-6,4.714045207910317e-6,0.38562091503267976,70.0
1_0_1_0_0_1_1_1_1_0_1_1_0_0_1_1_1_0_1_1_1_1_1_1_0_0_1_0_1_1_1_1,1,3.3333333333333337e-6,4.714045207910317e-6,0.35294117647058826,30.0
0_0_0_1_1_0_1_0_1_0_0_0_0_1_0_1_0_1_0_1_0_0_0_0_1_1_0_1_0_1_1_1,1,3.3333333333333337e-6,4.714045207910317e-6,0.38562091503267976,110.0
1_1_1_0_0_1_0_1_0_1_1_1_0_0_1_1_1_0_1_0_1_0_0_1_0_0_1_1_1_1_0_1,1,3.3333333333333337e-6,4.714045207910317e-6,0.3660130718954248,210.0
1_1_1_0_0_1_1_1_1_0_1_1_1_0_0_1_0_0_1_0_1_0_0_1_1_0_1_0_1_0_0_1,1,3.3333333333333337e-6,4.714045207910317e-6,0.38562091503267976,60.0
0_1_0_0_0_0_0_1_0_0_0_1_0_1_0_1_0_0_0_1_0_0_0_0_1_0_1_1_0_1_0_1,1,3.3333333333333337e-6,4.714045207910317e-6,0.35947712418300654,40.0
0_1_0_1_1_0_0_0_0_1_0_0_1_1_0_0_0_1_0_1_0_1_0_0_1_1_0_1_0_0_1_0,1,3.3333333333333337e-6,4.714045207910317e-6,0.3790849673202614,160.0
0_1_0_0_0_1_1_1_1_0_0_0_0_1_0_1_0_1_0_0_0_0_0_0_1_0_1_1_0_1_0_1,1,3.3333333333333337e-6,4.714045207910317e-6,0.3660130718954248,50.0
1_1_1_0_0_0_0_1_0_1_1_1_1_0_1_0_1_0_1_0_1_1_1_1_0_0_1_0_1_0_0_0,1,3.3333333333333337e-6,4.714045207910317e-6,0.38562091503267976,60.0
1_1_1_1_1_1_1_0_0_1_1_0_1_0_0_1_0_1_1_0_1_1_1_1_1_1_1_1_1_1_1_0,1,3.3333333333333337e-6,4.714045207910317e-6,0.33986928104575165,90.0
1_0_1_1_1_0_0_0_0_1_1_0_1_0_1_1_1_1_1_1_1_1_1_1_0_1_1_0_1_1_1_0,1,3.3333333333333337e-6,4.714045207910317e-6,0.3137254901960784,70.0
0_1_0_1_1_0_1_0_1_0_0_0_0_1_0_1_0_1_0_0_0_1_0_0_0_1_0_1_0_1_1_1,1,3.3333333333333337e-6,4.714045207910317e-6,0.39215686274509803,10.0
0_0_0_1_0_0_0_1_1_0_0_0_0_0_1_0_0_0_0_1_0_0_0_0_1_0_0_0_1_1_1_1,0,3.3333333333333337e-6,4.714045207910317e-6,0.23529411764705882,1001.0
0_1_0_1_1_0_0_0_0_1_0_0_0_1_0_0_0_1_0_0_0_1_1_0_1_1_0_1_0_1_0_0,1,3.3333333333333337e-6,4.714045207910317e-6,0.39869281045751637,70.0
1_1_1_0_0_1_1_1_1_0_1_1_1_0_0_1_0_0_1_1_1_0_1_1_1_0_1_0_1_0_0_1,1,3.3333333333333337e-6,4.714045207910317e-6,0.39215686274509803,200.0
1_1_1_0_0_0_1_1_1_0_0_1_0_1_0_1_0_0_0_1_0_0_0_1_1_0_1_1_0_0_0_1,1,3.3333333333333337e-6,4.714045207910317e-6,0.35294117647058826,110.0
0_0_0_1_1_1_0_0_0_1_1_0_1_0_1_0_1_1_1_1_1_1_1_0_0_1_0_0_1_1_1_0,1,3.3333333333333337e-6,4.714045207910317e-6,0.35947712418300654,120.0
1_0_1_1_1_1_0_0_0_1_1_1_1_0_1_0_1_1_1_0_1_1_1_1_0_1_1_0_1_0_1_0,1,3.3333333333333337e-6,4.714045207910317e-6,0.35294117647058826,120.0
1_0_1_0_1_1_1_0_0_1_1_1_1_1_1_0_1_1_1_1_0_1_1_1_0_1_1_0_0_0_1_0,1,3.3333333333333337e-6,4.714045207910317e-6,0.3333333333333333,60.0
0_1_0_1_0_0_1_1_1_0_0_0_0_0_0_1_0_0_0_0_1_0_0_0_1_0_1_1_1_1_0_1,1,3.3333333333333337e-6,4.714045207910317e-6,0.32679738562091504,70.0
1_1_1_0_0_1_0_1_0_1_1_1_0_0_0_1_0_0_1_0_1_0_0_1_1_0_1_1_1_1_0_1,1,3.3333333333333337e-6,4.714045207910317e-6,0.35947712418300654,100.0
0_1_0_0_0_1_1_1_1_0_0_0_0_1_0_1_0_0_0_1_0_0_0_0_1_0_1_1_0_1_0_1,1,3.3333333333333337e-6,4.714045207910317e-6,0.35294117647058826,40.0
0_0_0_1_1_0_0_0_1_0_0_0_1_1_0_0_0_1_0_1_0_1_1_0_1_1_0_0_0_0_1_0,1,3.3333333333333337e-6,4.714045207910317e-6,0.37254901960784315,70.0
0_1_0_1_1_1_1_0_1_0_0_0_1_1_0_0_0_1_0_1_0_0_0_0_1_1_0_1_0_0_1_0,1,3.3333333333333337e-6,4.714045207910317e-6,0.3790849673202614,250.0
1_0_1_0_1_1_0_0_0_1_1_1_0_1_1_0_1_1_1_1_1_1_1_1_0_1_1_0_0_0_1_0,1,3.3333333333333337e-6,4.714045207910317e-6,0.33986928104575165,40.0
1_1_1_0_0_1_0_1_0_1_1_1_0_0_1_1_1_0_1_0_1_1_1_1_0_0_0_0_1_1_0_1,1,3.3333333333333337e-6,4.714045207910317e-6,0.3660130718954248,60.0
1_0_1_1_1_0_0_0_0_1_1_1_0_0_1_1_1_0_1_1_1_1_1_1_0_1_1_0_1_1_1_1,1,3.3333333333333337e-6,4.714045207910317e-6,0.3464052287581699,60.0
1_1_1_0_0_1_1_1_1_0_1_1_0_0_0_1_0_0_1_1_1_0_0_1_1_0_1_0_1_1_0_1,1,3.3333333333333337e-6,4.714045207910317e-6,0.35294117647058826,170.0
1_0_1_0_0_1_0_1_0_1_1_1_1_0_1_0_1_0_1_1_1_1_1_1_0_0_1_0_1_0_0_0,1,3.3333333333333337e-6,4.714045207910317e-6,0.39215686274509803,30.0
0_0_0_1_1_0_1_0_1_0_0_0_1_1_0_0_0_1_0_1_0_0_0_0_1_1_1_1_0_0_1_0,1,3.3333333333333337e-6,4.714045207910317e-6,0.3660130718954248,50.0
1_0_1_0_1_1_0_0_0_1_1_1_0_1_1_0_1_1_1_1_0_1_1_1_0_1_1_0_0_0_1_0,1,3.3333333333333337e-6,4.714045207910317e-6,0.3333333333333333,60.0
0_1_0_0_0_1_1_1_1_0_0_0_1_1_0_0_0_1_0_0_0_0_0_0_1_0_0_1_0_0_0_0,1,3.3333333333333337e-6,4.714045207910317e-6,0.3464052287581699,90.0
0_0_0_0_0_1_0_1_0_1_0_0_1_0_1_1_1_1_0_1_1_0_0_0_1_0_0_1_1_1_0_1,1,3.3333333333333337e-6,4.714045207910317e-6,0.35947712418300654,120.0
0_0_0_0_0_1_0_1_0_1_0_0_1_1_1_0_1_1_0_1_0_0_0_0_1_0_0_1_0_0_0_0,1,3.3333333333333337e-6,4.714045207910317e-6,0.3333333333333333,140.0
0_0_0_1_1_1_0_0_0_1_1_0_1_0_1_0_1_1_1_1_0_1_1_0_0_1_0_0_1_1_1_0,1,3.3333333333333337e-6,4.714045207910317e-6,0.3660130718954248,100.0
1_0_1_0_1_1_1_0_0_1_1_1_0_0_1_1_1_1_1_1_1_1_1_1_0_1_1_0_1_1_1_1,1,3.3333333333333337e-6,4.714045207910317e-6,0.35294117647058826,100.0
1_1_1_0_1_0_1_0_1_0_0_1_0_1_0_1_0_0_0_1_0_0_0_1_1_1_1_1_0_0_0_1,1,3.3333333333333337e-6,4.714045207910317e-6,0.35947712418300654,100.0
0_0_0_1_1_0_0_0_0_1_0_0_0_1_1_0_1_1_0_1_0_1_1_0_0_1_0_1_0_1_1_0,1,3.3333333333333337e-6,4.714045207910317e-6,0.38562091503267976,60.0
1_0_1_0_0_1_0_1_0_1_1_1_0_0_1_1_1_0_1_1_1_1_1_1_0_0_1_0_1_1_0_1,1,3.3333333333333337e-6,4.714045207910317e-6,0.37254901960784315,80.0
0_1_0_1_1_1_0_0_0_1_0_0_1_1_0_0_0_1_0_0_0_0_0_0_1_1_0_1_0_0_0_0,1,3.3333333333333337e-6,4.714045207910317e-6,0.3660130718954248,80.0
0_0_0_1_1_0_1_0_1_0_0_0_1_1_0_0_0_1_0_1_0_1_1_0_1_1_0_0_0_0_1_0,1,3.3333333333333337e-6,4.714045207910317e-6,0.3660130718954248,170.0
1_0_1_0_0_1_0_1_0_1_1_1_1_0_1_0_1_0_1_1_1_1_1_1_0_0_0_0_1_0_0_0,1,3.3333333333333337e-6,4.714045207910317e-6,0.39215686274509803,180.0
1_1_1_0_0_1_0_1_0_1_1_1_1_0_1_0_1_0_1_0_1_1_1_1_0_0_1_0_1_0_0_0,1,3.3333333333333337e-6,4.714045207910317e-6,0.38562091503267976,170.0
0_1_0_0_0_0_0_1_1_0_0_0_1_1_0_0_0_0_0_1_0_0_0_0_1_0_0_1_0_0_0_0,1,3.3333333333333337e-6,4.714045207910317e-6,0.33986928104575165,80.0
1_0_1_0_0_1_1_1_1_0_1_1_1_0_1_1_1_0_1_0_1_0_1_1_0_0_1_0_1_0_0_1,1,3.3333333333333337e-6,4.714045207910317e-6,0.40522875816993464,80.0
0_1_0_1_0_0_0_1_1_0_0_0_1_0_0_1_0_0_0_0_0_0_0_0_1_0_0_1_1_1_0_1,1,3.3333333333333337e-6,4.714045207910317e-6,0.3464052287581699,50.0
1_0_1_0_1_1_1_0_0_1_1_1_1_1_1_0_1_1_1_1_1_1_1_1_0_1_1_0_0_0_1_0,1,3.3333333333333337e-6,4.714045207910317e-6,0.32679738562091504,90.0
0_1_0_1_1_1_1_0_1_0_0_0_1_1_0_0_0_1_0_0_0_0_0_0_1_1_0_1_0_0_1_0,1,3.3333333333333337e-6,4.714045207910317e-6,0.37254901960784315,50.0
1_0_1_0_0_1_1_1_1_0_1_1_0_0_1_1_1_0_1_0_1_0_0_1_0_0_1_0_1_1_0_1,1,3.3333333333333337e-6,4.714045207910317e-6,0.3790849673202614,30.0
0_0_0_1_1_0_0_0_0_1_0_0_0_1_1_0_1_1_0_0_0_1_1_0_0_1_0_1_0_1_0_0,1,3.3333333333333337e-6,4.714045207910317e-6,0.39215686274509803,60.0
0_0_0_1_1_1_0_0_0_1_1_0_1_0_0_0_0_1_1_1_1_1_1_0_1_1_0_0_1_1_1_0,1,3.3333333333333337e-6,4.714045207910317e-6,0.3790849673202614,80.0
1_1_1_0_0_0_0_1_0_1_1_1_0_0_1_1_1_0_1_0_1_1_1_1_0_0_0_0_1_1_0_1,1,3.3333333333333337e-6,4.714045207910317e-6,0.3660130718954248,160.0
1_0_1_0_0_1_1_1_1_0_1_1_1_0_1_1_1_0_1_1_1_1_1_1_0_0_1_0_1_0_1_1,1,3.3333333333333337e-6,4.714045207910317e-6,0.3790849673202614,140.0
1_1_1_0_0_0_0_1_1_0_1_1_1_0_0_1_0_0_1_1_1_1_1_1_1_0_0_0_1_0_1_1,1,3.3333333333333337e-6,4.714045207910317e-6,0.3790849673202614,110.0
1_1_1_0_0_1_1_1_1_0_1_1_1_0_1_1_1_0_1_0_1_0_1_1_0_0_1_0_1_0_0_1,1,3.3333333333333337e-6,4.714045207910317e-6,0.39215686274509803,60.0
1_1_1_0_0_1_1_1_1_0_1_1_1_0_0_1_0_0_1_1_1_0_0_1_1_0_1_0_1_0_0_1,1,3.3333333333333337e-6,4.714045207910317e-6,0.3790849673202614,40.0
1_0_1_0_1_1_0_0_0_1_1_1_1_1_1_0_1_1_1_1_1_1_1_1_0_1_1_0_0_0_1_0,1,3.3333333333333337e-6,4.714045207910317e-6,0.3202614379084967,110.0
0_0_0_1_1_1_0_0_0_1_1_0_1_0_1_0_1_1_1_0_0_1_1_0_0_1_0_0_1_1_1_0,1,3.3333333333333337e-6,4.714045207910317e-6,0.35947712418300654,120.0
1_0_1_0_1_0_0_0_0_1_1_1_1_0_1_0_1_1_1_1_1_1_1_1_0_1_0_0_1_0_1_0,1,3.3333333333333337e-6,4.714045207910317e-6,0.3660130718954248,120.0
0_1_0_0_0_0_1_1_1_0_0_0_1_0_0_1_0_0_0_1_0_0_0_0_1_0_1_1_1_1_0_1,1,3.3333333333333337e-6,4.714045207910317e-6,0.32679738562091504,50.0
1_1_1_0_0_1_1_1_0_1_1_1_0_0_1_1_1_0_1_0_1_0_0_1_0_0_1_1_1_1_0_1,1,3.3333333333333337e-6,4.714045207910317e-6,0.37254901960784315,120.0
0_0_0_0_0_1_0_1_0_1_0_0_1_1_1_0_1_1_0_1_1_0_0_0_0_0_0_1_0_0_0_0,1,3.3333333333333337e-6,4.714045207910317e-6,0.3202614379084967,80.0
0_0_0_0_0_0_1_1_1_0_0_1_0_1_1_0_1_0_0_0_0_0_0_0_0_0_0_0_0_0_0_1,1,3.3333333333333337e-6,4.714045207910317e-6,0.33986928104575165,60.0
1_1_1_0_0_0_1_1_1_0_1_1_1_0_0_1_0_0_1_1_1_1_1_1_1_0_1_0_1_0_1_1,1,3.3333333333333337e-6,4.714045207910317e-6,0.38562091503267976,110.0
0_1_0_1_0_0_1_1_1_0_0_0_1_0_0_1_0_0_0_0_1_0_0_0_1_0_0_1_1_1_0_1,1,3.3333333333333337e-6,4.714045207910317e-6,0.3333333333333333,100.0
0_0_0_1_1_0_0_0_1_0_0_0_1_1_0_0_0_1_0_0_0_1_0_0_0_1_0_0_0_0_1_0,1,3.3333333333333337e-6,4.714045207910317e-6,0.37254901960784315,90.0
1_0_1_1_1_1_0_0_0_1_1_1_0_1_1_0_1_1_1_0_0_1_1_1_0_1_0_0_0_0_1_0,1,3.3333333333333337e-6,4.714045207910317e-6,0.3202614379084967,90.0
1_1_1_0_0_1_1_1_0_1_1_1_0_0_1_1_1_0_1_0_1_0_1_1_0_0_1_1_1_1_0_1,1,3.3333333333333337e-6,4.714045207910317e-6,0.37254901960784315,140.0
0_1_0_1_1_0_0_0_0_1_0_0_1_1_0_0_0_1_0_0_0_1_1_0_1_1_0_1_0_0_0_0,1,3.3333333333333337e-6,4.714045207910317e-6,0.37254901960784315,80.0
1_0_1_1_1_1_1_0_0_1_1_1_1_0_1_0_1_1_1_0_1_1_1_1_0_1_1_0_1_0_1_0,1,3.3333333333333337e-6,4.714045207910317e-6,0.35947712418300654,120.0
0_1_0_1_0_0_1_1_1_0_0_0_0_0_0_1_0_0_0_0_1_0_0_0_1_0_0_1_1_1_0_1,1,3.3333333333333337e-6,4.714045207910317e-6,0.32679738562091504,130.0
0_0_0_0_0_0_0_1_0_1_0_0_1_0_1_0_1_1_0_1_1_0_0_0_1_0_0_1_1_1_0_0,1,3.3333333333333337e-6,4.714045207910317e-6,0.33986928104575165,160.0
0_1_0_0_0_1_1_1_1_0_0_0_0_1_0_1_0_0_0_1_0_0_0_0_1_0_0_1_0_1_0_1,1,3.3333333333333337e-6,4.714045207910317e-6,0.35294117647058826,70.0
0_0_0_1_1_1_1_0_1_0_0_0_0_1_0_1_0_1_0_1_0_0_0_0_1_1_1_1_0_1_1_1,1,3.3333333333333337e-6,4.714045207910317e-6,0.38562091503267976,50.0
