states,flag,Avg0,SD0,frust0,time
1_1_1_1_1_0_0_1_1_1_1_0_1_1_1_1_1_1_1_0_1_1_1_1_1_0_1_0_0_1_0_0_0_1_1_1_1_1_1_0_1_1,1,0.04440666666666667,0.0005585894934764012,0.14754098360655737,325.0498927195631
0_0_0_0_0_1_1_0_0_0_0_1_0_0_0_0_0_0_0_1_0_0_0_0_0_1_0_1_1_0_1_1_1_0_0_0_0_0_0_1_0_0,1,0.04399,0.0003261901286060016,0.14754098360655737,325.63030568733
0_0_0_0_0_1_1_0_0_0_0_0_0_0_0_1_0_0_0_1_0_0_0_0_0_1_0_1_1_0_1_1_0_0_0_0_0_0_0_1_0_0,1,0.043243333333333335,0.0003598456459218168,0.1366120218579235,285.09092585933826
1_1_1_1_1_0_0_1_1_1_1_1_1_1_1_0_1_1_1_0_1_1_1_1_1_0_1_0_0_1_0_0_1_1_1_1_1_1_1_0_1_1,1,0.04297,0.0009432921074619461,0.1366120218579235,286.2344585950172
0_0_0_0_0_1_1_0_0_0_0_1_0_0_0_0_0_0_0_1_0_0_0_0_0_1_1_1_1_0_1_1_1_0_0_0_0_0_0_1_0_0,1,0.020453333333333334,8.99382504215461e-5,0.15300546448087432,311.1307441350423
1_1_1_1_1_0_0_1_1_1_1_0_1_1_1_1_1_1_1_0_1_1_1_1_1_0_0_0_0_1_0_0_0_1_1_1_1_1_1_0_1_1,1,0.02013,0.00024097026095903847,0.15300546448087432,309.1094061169984
1_1_0_0_0_1_1_0_0_0_1_0_0_0_0_1_1_1_1_0_1_1_1_1_0_0_0_0_0_1_1_0_0_1_1_1_0_1_1_0_1_1,1,0.019100000000000002,0.0003821866908549627,0.20765027322404372,303.6162082558967
1_1_1_1_1_0_0_1_1_1_1_1_1_1_1_0_1_1_1_0_1_1_1_1_1_0_0_0_0_1_0_0_1_1_1_1_1_1_1_0_1_1,1,0.01882,0.0002922327839240496,0.14207650273224043,269.21667258377653
0_0_0_0_0_1_1_0_0_0_0_0_0_0_0_1_0_0_0_1_0_0_0_0_0_1_1_1_1_0_1_1_0_0_0_0_0_0_0_1_0_0,1,0.01872333333333333,0.0002651205176686413,0.14207650273224043,270.8445499801735
0_0_1_1_1_0_0_1_1_1_0_1_1_1_1_0_0_0_0_1_0_0_0_0_1_1_1_1_1_0_0_1_1_0_0_0_1_0_0_1_0_0,1,0.018423333333333333,0.0002735365098523822,0.20765027322404372,301.1627577092978
0_0_1_0_0_1_1_0_0_0_0_1_1_1_0_1_0_0_0_1_0_0_0_0_0_1_1_1_1_0_1_1_0_0_0_0_0_0_0_1_0_0,1,0.016906666666666667,0.00024225789747475503,0.20218579234972678,269.61082290108556
1_1_0_1_1_0_0_1_1_1_1_0_0_0_1_0_1_1_1_0_1_1_1_1_1_0_0_0_0_1_0_0_1_1_1_1_1_1_1_0_1_1,1,0.016693333333333334,0.000310948370133836,0.20218579234972678,267.78412957580366
0_1_1_1_1_0_0_1_1_1_0_1_1_1_1_0_1_1_1_0_1_1_1_1_1_0_1_0_0_1_0_0_1_1_1_0_1_1_1_0_1_1,1,0.015109999999999998,0.0001219289410544788,0.12021857923497267,257.5779150779662
1_0_0_0_0_1_1_0_0_0_1_0_0_0_0_1_0_0_0_1_0_0_0_0_0_1_0_1_1_0_1_1_0_0_0_1_0_0_0_1_0_0,1,0.015096666666666668,0.00031752515210959644,0.12021857923497267,259.8736289071574
1_0_0_0_0_1_1_0_0_0_1_1_0_0_0_0_0_0_0_1_0_0_0_0_0_1_0_1_1_0_1_1_1_0_0_1_0_0_0_1_0_0,1,0.013943333333333334,0.0002542090128658345,0.13114754098360656,280.4140784273996
0_1_1_1_1_0_0_1_1_1_0_0_1_1_1_1_1_1_1_0_1_1_1_1_1_0_1_0_0_1_0_0_0_1_1_0_1_1_1_0_1_1,1,0.013819999999999999,0.0005027922035990619,0.13114754098360656,278.8523146357336
1_1_0_1_1_0_0_1_1_1_1_0_0_0_1_1_1_1_1_0_1_1_1_1_1_0_0_0_0_1_0_0_0_1_1_1_1_1_1_0_1_1,1,0.01084,0.00018672618098881211,0.19672131147540983,278.8353454473261
0_0_1_0_0_1_1_0_0_0_0_1_1_1_0_0_0_0_0_1_0_0_0_0_0_1_1_1_1_0_1_1_1_0_0_0_0_0_0_1_0_0,1,0.01078,0.00015769168230019833,0.19672131147540983,279.13768433700915
0_0_1_1_1_0_0_1_1_1_0_1_1_1_1_1_0_0_0_1_0_0_0_0_1_1_1_1_1_0_0_1_0_0_0_0_1_0_0_1_0_0,1,0.00979,0.000439621048934951,0.21311475409836064,261.03239725164934
1_1_0_0_0_1_1_0_0_0_1_0_0_0_0_0_1_1_1_0_1_1_1_1_0_0_0_0_0_1_1_0_1_1_1_1_0_1_1_0_1_1,1,0.009673333333333334,0.0005721499414974679,0.21311475409836064,260.52710100555447
0_0_1_1_1_0_0_1_1_1_0_1_1_1_1_0_0_0_0_1_0_0_0_0_1_1_0_1_1_0_0_1_1_0_0_0_1_0_0_1_0_0,1,0.009283333333333333,0.00015195028426722,0.21311475409836064,294.78066836285467
1_1_0_0_0_1_1_0_0_0_1_0_0_0_0_1_1_1_1_0_1_1_1_1_0_0_1_0_0_1_1_0_0_1_1_1_0_1_1_0_1_1,1,0.009213333333333332,5.906681715556454e-5,0.21311475409836064,296.04203340071564
1_1_0_1_1_0_0_1_1_1_1_0_0_0_1_0_1_1_1_0_1_1_1_1_1_0_1_0_0_1_0_0_1_1_1_1_1_1_1_0_1_1,1,0.008056666666666667,0.0002752372713779071,0.20765027322404372,255.60436674669867
0_0_1_0_0_1_1_0_0_0_0_1_1_1_0_1_0_0_0_1_0_0_0_0_0_1_0_1_1_0_1_1_0_0_0_0_0_0_0_1_0_0,1,0.007983333333333334,5.906681715556418e-5,0.20765027322404372,258.85794183247316
1_0_1_0_0_1_1_0_0_0_1_1_1_1_0_1_0_0_0_1_0_0_0_0_0_1_1_1_1_0_1_1_0_0_0_1_0_0_0_1_0_0,1,0.007356666666666667,0.00017518244457961205,0.18579234972677597,256.6127505847722
1_0_1_1_1_0_0_1_1_1_1_1_1_1_1_0_0_0_0_1_0_0_0_0_1_1_1_1_1_0_0_1_1_0_0_1_1_0_0_1_0_0,1,0.007313333333333334,0.0001653951497340702,0.1912568306010929,260.1127240575516
0_1_0_1_1_0_0_1_1_1_0_0_0_0_1_0_1_1_1_0_1_1_1_1_1_0_0_0_0_1_0_0_1_1_1_0_1_1_1_0_1_1,1,0.007213333333333333,8.806563209081928e-5,0.18579234972677597,260.099187725941
0_1_0_0_0_1_1_0_0_0_0_0_0_0_0_1_1_1_1_0_1_1_1_1_0_0_0_0_0_1_1_0_0_1_1_0_0_1_1_0_1_1,1,0.007076666666666666,0.0001161416759345623,0.1912568306010929,262.6402847919672
0_0_1_1_1_0_0_1_1_1_0_1_1_1_1_0_0_0_0_1_1_0_0_0_1_0_1_0_1_0_0_0_1_0_0_0_1_1_0_0_0_0,1,0.0070599999999999994,0.0001710750322714178,0.21311475409836064,309.0914356568547
1_1_0_0_0_1_1_0_0_0_1_0_0_0_0_1_1_1_1_0_0_1_1_1_0_1_0_1_0_1_1_1_0_1_1_1_0_0_1_1_1_1,1,0.006856666666666666,0.00030652170486860405,0.21311475409836064,303.03362670519897
1_0_0_0_0_1_1_0_0_0_1_0_0_0_0_1_0_0_0_1_0_0_0_0_0_1_1_1_1_0_1_1_0_0_0_1_0_0_0_1_0_0,1,0.00648,0.00026419689627245807,0.12568306010928962,239.63641259596798
0_1_1_1_1_0_0_1_1_1_0_1_1_1_1_0_1_1_1_0_1_1_1_1_1_0_0_0_0_1_0_0_1_1_1_0_1_1_1_0_1_1,1,0.006336666666666667,0.00013097921802925666,0.12568306010928962,237.51944617064888
0_1_1_1_1_0_0_1_1_1_0_0_1_1_1_1_1_1_1_0_1_1_1_1_1_0_0_0_0_1_0_0_0_1_1_0_1_1_1_0_1_1,1,0.00602,0.00012832251036613452,0.1366120218579235,259.89833973044534
1_0_0_0_0_1_1_0_0_0_1_1_0_0_0_0_0_0_0_1_0_0_0_0_0_1_1_1_1_0_1_1_1_0_0_1_0_0_0_1_0_0,1,0.005803333333333334,0.000211397466609439,0.1366120218579235,258.88178914556994
1_1_0_0_0_1_1_0_0_0_1_0_0_0_0_0_1_1_1_0_1_1_1_1_0_0_1_0_0_1_1_0_1_1_1_1_0_1_1_0_1_1,1,0.005516666666666667,0.00011085526098877258,0.2185792349726776,255.01627023329556
0_0_0_0_0_1_1_0_0_0_0_0_0_1_0_1_0_0_0_1_0_0_0_0_0_1_1_1_1_0_1_1_0_0_0_0_0_0_0_1_0_0,1,0.005320000000000001,0.00021416504538945334,0.15846994535519127,251.21445132451254
0_1_0_0_0_1_1_0_0_0_0_0_0_0_0_0_1_1_1_0_1_1_1_1_0_0_0_0_0_1_1_0_1_1_1_0_0_1_1_0_1_1,1,0.005223333333333333,0.00011585431464655178,0.19672131147540983,237.093088746863
0_0_1_1_1_0_0_1_1_1_0_1_1_1_1_1_0_0_0_1_0_0_0_0_1_1_0_1_1_0_0_1_0_0_0_0_1_0_0_1_0_0,1,0.005176666666666666,4.027681991198173e-5,0.2185792349726776,253.365447095391
1_0_1_1_1_0_0_1_1_1_1_1_1_1_1_1_0_0_0_1_0_0_0_0_1_1_1_1_1_0_0_1_0_0_0_1_1_0_0_1_0_0,1,0.005146666666666667,4.109609335312629e-5,0.19672131147540983,242.72674270745912
1_1_1_1_1_0_0_1_1_1_1_0_1_0_1_1_1_1_1_0_1_1_1_1_1_0_0_0_0_1_0_0_0_1_1_1_1_1_1_0_1_1,1,0.005053333333333333,0.00015542057635833028,0.16939890710382513,280.1048493638843
0_1_0_1_1_0_0_1_1_1_0_0_0_0_1_1_1_1_1_0_1_1_1_1_1_0_0_0_0_1_0_0_0_1_1_0_1_1_1_0_1_1,1,0.005013333333333334,0.00028871362204709966,0.18032786885245902,269.21388802285423
1_1_1_1_1_0_0_1_1_1_1_1_1_0_1_0_1_1_1_0_1_1_1_1_1_0_0_0_0_1_0_0_1_1_1_1_1_1_1_0_1_1,1,0.0049633333333333335,0.00018553226733434322,0.15846994535519127,250.78382497896382
0_0_0_0_0_1_1_0_0_0_0_1_0_1_0_0_0_0_0_1_0_0_0_0_0_1_1_1_1_0_1_1_1_0_0_0_0_0_0_1_0_0,1,0.004860000000000001,0.00014165686240583868,0.16939890710382513,280.25460909921
1_1_0_1_1_0_0_1_1_1_1_1_1_0_1_0_1_1_1_0_1_1_1_1_1_0_0_0_0_1_0_0_1_1_1_1_1_1_1_0_1_1,1,0.0047599999999999995,0.00016391054470858986,0.16939890710382513,248.77376659130744
1_0_1_0_0_1_1_0_0_0_1_1_1_1_0_0_0_0_0_1_0_0_0_0_0_1_1_1_1_0_1_1_1_0_0_1_0_0_0_1_0_0,1,0.004736666666666667,0.00014383632673594282,0.18032786885245902,267.8721877583627
0_0_1_0_0_1_1_0_0_0_0_1_1_1_0_0_0_0_0_1_0_0_0_0_0_1_0_1_1_0_1_1_1_0_0_0_0_0_0_1_0_0,1,0.004556666666666666,0.00017745108872274884,0.20218579234972678,252.3315525797325
0_0_1_0_0_1_1_0_0_0_0_0_0_1_0_1_0_0_0_1_0_0_0_0_0_1_1_1_1_0_1_1_0_0_0_0_0_0_0_1_0_0,1,0.004533333333333334,0.00028193773938387315,0.16939890710382513,247.2862404692572
0_0_0_0_0_1_1_0_0_0_0_0_0_0_0_0_0_0_0_1_0_1_0_0_0_1_0_1_1_0_1_1_0_0_0_0_0_0_0_1_0_0,1,0.004483333333333333,0.0002663748403200937,0.18032786885245902,254.03556312255714
1_1_0_1_1_0_0_1_1_1_1_0_0_0_1_1_1_1_1_0_1_1_1_1_1_0_1_0_0_1_0_0_0_1_1_1_1_1_1_0_1_1,1,0.004483333333333333,0.00019362047641943491,0.20218579234972678,250.58562343396466
1_1_1_1_1_0_0_1_1_1_1_1_1_1_1_1_1_1_1_0_1_0_1_1_1_0_1_0_0_1_0_0_1_1_1_1_1_1_1_0_1_1,1,0.004343333333333334,9.741092797468312e-5,0.18032786885245902,246.60859041776948
0_0_0_0_0_1_1_0_0_0_0_1_0_0_0_0_0_0_0_1_0_1_0_0_0_1_0_1_1_0_1_1_1_0_0_0_0_0_0_1_0_0,1,0.004186666666666666,2.494438257849301e-5,0.18579234972677597,257.87616230323266
1_1_1_1_1_0_0_1_1_1_1_0_1_1_1_1_1_1_1_0_1_0_1_1_1_0_1_0_0_1_0_0_0_1_1_1_1_1_1_0_1_1,1,0.0040733333333333325,0.00013816254517375122,0.18579234972677597,257.7824902807128
1_1_0_1_1_0_0_1_1_1_1_0_1_0_1_1_1_1_1_0_1_1_1_1_1_0_0_0_0_1_0_0_0_1_1_1_1_1_1_0_1_1,1,0.0038466666666666666,0.0001297005097222914,0.18032786885245902,265.8928193982484
1_0_1_1_1_0_0_1_1_1_1_1_1_1_1_0_0_0_0_1_0_0_0_0_1_1_0_1_1_0_0_1_1_0_0_1_1_0_0_1_0_0,1,0.00383,0.0001626857912254992,0.19672131147540983,259.04357795435993
0_1_1_1_1_0_0_1_1_1_0_1_1_1_1_1_1_1_1_0_1_0_1_1_1_0_1_0_0_1_0_0_1_1_1_0_1_1_1_0_0_1,1,0.0037833333333333334,0.00013960261060914613,0.16939890710382513,251.85072378116618
0_1_0_0_0_1_1_0_0_0_0_0_0_0_0_1_1_1_1_0_1_1_1_1_0_0_1_0_0_1_1_0_0_1_1_0_0_1_1_0_1_1,1,0.0037333333333333333,4.921607686744461e-5,0.19672131147540983,252.65120761416722
0_0_1_0_0_1_1_0_0_0_0_1_0_1_0_0_0_0_0_1_0_0_0_0_0_1_1_1_1_0_1_1_1_0_0_0_0_0_0_1_0_0,1,0.0037233333333333333,0.00012657891697365032,0.18032786885245902,261.7064283866745
0_0_1_1_1_0_0_1_1_1_0_1_1_1_1_0_0_0_0_1_1_0_0_0_1_0_0_0_1_0_0_0_1_0_0_0_1_1_0_0_0_0,1,0.00361,0.00015895492023421828,0.2185792349726776,301.89171742268576
1_1_0_0_0_1_1_0_0_0_1_0_0_0_0_1_1_1_1_0_0_1_1_1_0_1_1_1_0_1_1_1_0_1_1_1_0_0_1_1_1_1,1,0.0036066666666666664,0.00013123346456686346,0.2185792349726776,298.7927136436963
0_0_1_1_1_0_0_1_1_1_0_0_1_1_1_1_0_0_0_1_1_0_0_0_1_1_1_1_1_0_0_1_0_0_0_0_1_0_0_0_0_1,1,0.003486666666666667,0.00015282524515130205,0.25136612021857924,270.2925284018207
1_0_1_0_0_1_1_0_0_0_1_1_1_1_0_1_0_0_0_1_0_0_0_0_0_1_0_1_1_0_1_1_0_0_0_1_0_0_0_1_0_0,1,0.0034633333333333335,0.00019938795238317572,0.1912568306010929,245.22655679830564
1_0_0_0_0_1_1_0_0_0_1_0_0_0_0_0_0_0_0_1_0_1_0_0_0_1_0_1_1_0_1_1_0_0_0_1_0_0_0_1_1_0,1,0.003446666666666667,6.944222218666551e-5,0.16939890710382513,250.0242820185349
1_1_0_0_0_1_1_0_0_0_1_1_0_0_0_0_1_1_1_0_0_1_1_1_0_0_0_0_0_1_1_0_1_1_1_1_0_1_1_1_1_0,1,0.003416666666666667,9.877021593352707e-5,0.25136612021857924,268.40540022538704
0_1_0_1_1_0_0_1_1_1_0_0_0_0_1_0_1_1_1_0_1_1_1_1_1_0_1_0_0_1_0_0_1_1_1_0_1_1_1_0_1_1,1,0.0033666666666666667,8.339997335464537e-5,0.1912568306010929,241.2278178810437
1_1_0_0_0_1_1_0_0_0_1_0_0_0_0_1_1_1_1_0_0_1_1_1_0_0_0_0_0_1_1_1_0_1_1_1_0_1_1_1_1_1,1,0.0030533333333333332,7.76029781788188e-5,0.2185792349726776,288.30394152935133
1_1_0_0_0_1_1_0_0_0_1_0_0_1_0_1_1_1_1_0_1_1_1_1_0_0_1_0_0_1_1_0_0_1_1_1_0_1_1_0_1_1,1,0.00303,0.00016872067646458343,0.22950819672131148,280.6429880049512
0_0_1_1_1_0_0_1_1_1_0_1_1_0_1_0_0_0_0_1_0_0_0_0_1_1_0_1_1_0_0_1_1_0_0_0_1_0_0_1_0_0,1,0.0029866666666666665,0.00011585431464655174,0.22950819672131148,272.9490735780545
0_1_0_0_0_1_1_0_0_0_0_0_0_0_0_0_1_1_1_0_1_1_1_1_0_0_1_0_0_1_1_0_1_1_1_0_0_1_1_0_1_1,1,0.0028866666666666663,6.182412330330466e-5,0.20218579234972678,240.73491131612465
0_1_1_1_1_0_0_1_1_1_0_1_1_1_1_1_1_1_1_0_1_0_1_1_1_0_1_0_0_1_0_0_1_1_1_0_1_1_1_0_1_1,1,0.0028166666666666665,0.00012918548250050733,0.15300546448087432,245.4718515408808
0_0_1_1_1_0_0_1_1_1_0_1_1_1_1_0_0_0_0_1_1_0_0_0_1_1_1_1_1_0_0_0_1_0_0_0_1_0_0_0_0_0,1,0.002773333333333334,4.988876515698586e-5,0.2185792349726776,297.68776591061004
1_0_1_1_1_0_0_1_1_1_1_1_1_1_1_1_0_0_0_1_0_0_0_0_1_1_0_1_1_0_0_1_0_0_0_1_1_0_0_1_0_0,1,0.0027533333333333333,0.00013072447700751718,0.20218579234972678,234.82777440307697
1_0_0_0_0_1_1_0_0_0_1_0_0_0_0_0_0_0_0_1_0_1_0_0_0_1_0_1_1_0_1_1_0_0_0_1_0_0_0_1_0_0,1,0.00274,0.0001576916823001983,0.15300546448087432,247.37651593425517
1_0_0_0_0_1_1_0_0_0_1_1_0_0_0_0_0_0_0_1_0_1_0_0_0_1_0_1_1_0_1_1_1_0_0_1_0_0_0_1_0_0,1,0.0024833333333333335,9.877021593352695e-5,0.15846994535519127,234.91932521017807
1_0_0_0_0_1_1_0_0_0_1_0_0_0_0_0_0_1_0_1_0_1_0_0_0_1_0_1_1_0_1_1_0_0_0_1_0_0_0_1_1_0,1,0.002476666666666667,1.2472191289246504e-5,0.18032786885245902,260.0142347517529
0_1_1_1_1_0_0_1_1_1_0_1_1_1_1_1_1_0_1_0_1_0_1_1_1_0_1_0_0_1_0_0_1_1_1_0_1_1_1_0_0_1,1,0.002453333333333333,0.00011585431464655173,0.18032786885245902,255.8136454403456
0_1_1_1_1_0_0_1_1_1_0_0_1_1_1_1_1_1_1_0_1_0_1_1_1_0_1_0_0_1_0_0_0_1_1_0_1_1_1_0_1_1,1,0.0024466666666666664,0.00015151090903151355,0.15846994535519127,231.73335094019546
0_1_0_1_1_0_0_1_1_1_0_0_0_0_1_1_1_1_1_0_1_1_1_1_1_0_1_0_0_1_0_0_0_1_1_0_1_1_1_0_1_1,1,0.002363333333333333,0.00015173075568988042,0.18579234972677597,246.85968821240053
1_1_0_1_1_0_0_1_1_1_1_0_0_0_1_1_1_1_1_0_1_0_1_1_1_0_0_0_0_1_0_0_1_1_1_1_1_1_1_1_1_1,1,0.0023133333333333335,0.00014817407180595254,0.25136612021857924,248.29264962865878
1_0_1_0_0_1_1_0_0_0_1_1_1_1_0_0_0_0_0_1_0_0_0_0_0_1_0_1_1_0_1_1_1_0_0_1_0_0_0_1_0_0,1,0.0022233333333333332,0.00011897712198383178,0.18579234972677597,240.12437834586876
0_0_1_0_0_1_1_0_0_0_0_1_1_1_0_0_0_0_0_1_0_1_0_0_0_1_1_1_1_0_1_1_0_0_0_0_0_0_0_0_0_0,1,0.0021566666666666665,0.00013021349989749743,0.25136612021857924,246.8464752275728
0_1_1_1_1_0_0_1_1_1_0_1_1_1_1_0_0_0_1_1_1_0_0_1_1_0_1_0_0_0_0_0_1_0_0_0_1_1_0_0_1_0,1,0.002106666666666667,0.0001681930108205715,0.19672131147540983,431.7047200000864
1_0_0_0_0_1_1_0_0_0_1_0_0_0_0_1_1_1_0_0_0_1_1_0_0_1_0_1_1_1_1_1_0_1_1_1_0_0_1_1_0_1,1,0.0021,7.788880963698615e-5,0.19672131147540983,438.5579223998257
0_0_0_0_0_1_1_0_0_0_0_0_0_0_0_0_0_0_0_1_0_1_0_0_0_1_1_1_1_0_1_1_0_0_0_0_0_0_0_1_0_0,1,0.0020066666666666666,0.00016996731711975936,0.18579234972677597,233.96046775949287
0_0_1_1_1_0_0_1_1_1_0_0_1_1_1_1_0_0_0_1_1_0_0_0_1_1_0_1_1_0_0_1_0_0_0_0_1_0_0_0_0_1,1,0.002003333333333333,0.00013199326582148885,0.2568306010928962,271.8209556696154
1_1_1_1_1_0_0_1_1_1_1_1_1_1_1_1_1_1_1_0_1_0_1_1_1_0_0_0_0_1_0_0_1_1_1_1_1_1_1_0_1_1,1,0.0019766666666666665,4.109609335312653e-5,0.18579234972677597,233.0777369640466
0_0_0_0_0_1_1_0_0_0_0_1_0_0_0_0_0_0_0_1_0_1_0_0_0_1_1_1_1_0_1_1_1_0_0_0_0_0_0_1_0_0,1,0.00196,3.559026084010436e-5,0.1912568306010929,237.04869695490336
0_0_1_1_1_0_0_1_1_1_0_0_1_1_1_0_0_0_0_1_1_0_0_0_1_1_1_1_1_0_0_1_0_0_0_0_1_0_0_0_0_0,1,0.0019433333333333334,0.00010338708279513872,0.2677595628415301,290.4302621899958
1_0_0_0_0_1_1_0_0_0_1_1_0_0_0_0_0_0_0_1_0_1_0_0_0_1_0_1_1_0_1_1_1_0_0_1_0_0_0_1_1_0,1,0.00194,8.602325267042632e-5,0.17486338797814208,242.17498676732657
1_1_1_1_1_0_0_1_1_1_1_0_1_1_1_1_1_1_1_0_1_0_1_1_1_0_0_0_0_1_0_0_0_1_1_1_1_1_1_0_1_1,1,0.0019266666666666668,0.00013224556283251586,0.1912568306010929,249.22485274775548
1_1_0_0_0_1_1_0_0_0_1_1_0_0_0_0_1_1_1_0_0_1_1_1_0_0_1_0_0_1_1_0_1_1_1_1_0_1_1_1_1_0,1,0.0019166666666666666,9.428090415820659e-6,0.2568306010928962,270.3179339717332
1_1_1_1_1_0_0_1_1_1_1_1_1_1_1_1_1_1_1_0_1_1_1_0_1_0_1_0_0_1_0_0_1_1_1_1_1_1_1_0_1_1,1,0.00191,0.0001023067283548188,0.21311475409836064,275.06620601783794
1_1_0_0_0_1_1_0_0_0_1_1_0_0_0_1_1_1_1_0_0_1_1_1_0_0_0_0_0_1_1_0_1_1_1_1_0_1_1_1_1_1,1,0.0019066666666666668,4.496912521077349e-5,0.2677595628415301,290.1653548438394
0_0_0_0_0_1_1_0_0_0_0_0_0_0_0_0_0_0_0_1_0_0_0_1_0_1_0_1_1_0_1_1_0_0_0_0_0_0_0_1_0_0,1,0.0019066666666666668,0.00022983085567917597,0.21311475409836064,284.2415626478176
1_1_0_0_0_1_1_0_0_0_1_0_0_1_0_0_1_1_1_0_1_1_1_1_0_0_1_0_0_1_1_0_1_1_1_1_0_1_1_0_1_1,1,0.0019033333333333333,2.8674417556808832e-5,0.23497267759562843,255.3590441454538
0_0_1_1_1_0_0_1_1_1_0_1_1_0_1_1_0_0_0_1_0_0_0_0_1_1_0_1_1_0_0_1_0_0_0_0_1_0_0_1_0_0,1,0.0018733333333333334,0.00011841546445554412,0.23497267759562843,243.1151326625352
0_1_1_1_1_0_0_1_1_1_0_0_1_1_1_1_1_1_1_0_1_0_1_1_1_0_1_0_0_1_0_0_0_1_1_0_1_1_1_0_0_1,1,0.0018233333333333333,5.5577773335110196e-5,0.17486338797814208,237.87526018435923
1_0_1_0_0_1_1_0_0_0_1_1_1_1_0_0_0_0_0_1_0_1_0_0_0_1_1_1_1_0_1_1_0_0_0_1_0_0_0_1_1_0,1,0.0018000000000000002,0.0002146314670934033,0.23497267759562843,248.69275347066923
0_1_1_1_1_0_0_1_1_1_0_1_1_0_1_0_1_1_1_0_1_1_1_1_1_0_0_0_0_1_0_0_1_1_1_0_1_1_1_0_1_1,1,0.0017633333333333331,0.00010624918300339486,0.14207650273224043,211.9173791854115
1_0_0_0_0_1_1_0_0_0_1_0_0_1_0_1_0_0_0_1_0_0_0_0_0_1_1_1_1_0_1_1_0_0_0_1_0_0_0_1_0_0,1,0.0017333333333333333,8.178562764256869e-5,0.14207650273224043,220.88851933162155
0_0_1_0_0_1_1_0_0_0_0_1_1_1_0_0_0_0_0_1_0_1_0_0_0_1_1_1_1_0_1_1_1_0_0_0_0_0_0_0_0_0,1,0.0017200000000000002,0.00011575836902790217,0.24043715846994534,255.14064641959638
0_1_0_1_1_0_0_1_1_1_0_0_0_0_1_1_1_1_1_0_1_0_1_1_1_0_0_0_0_1_0_0_1_1_1_0_1_1_1_0_0_1,1,0.0017166666666666667,0.00011440668201153679,0.23497267759562843,246.28419281083214
1_1_0_1_1_0_0_1_1_1_1_0_0_0_1_1_1_1_1_0_1_0_1_1_1_0_0_0_0_1_0_0_0_1_1_1_1_1_1_1_1_1,1,0.0016566666666666667,0.0001677961726487096,0.24043715846994534,243.8536680656529
0_0_1_0_0_1_1_0_0_0_0_0_1_1_0_1_0_0_0_1_1_0_0_0_0_1_1_1_1_0_1_1_0_0_0_0_0_0_0_0_0_1,1,0.0015966666666666666,0.0001461354014452198,0.25136612021857924,251.92326139088732
0_0_0_0_0_1_1_0_0_0_0_0_0_0_0_1_0_1_1_1_1_0_1_0_0_1_0_1_1_1_1_1_0_1_1_0_0_0_0_0_0_1,1,0.00158,0.00010801234497346433,0.22404371584699453,286.4385461164602
0_0_1_1_1_0_0_1_1_1_0_1_1_1_1_0_0_0_0_1_1_0_0_0_1_1_0_1_1_0_0_0_1_0_0_0_1_0_0_0_0_0,1,0.0015799999999999998,0.0001392838827718412,0.22404371584699453,271.3418042852065
0_1_1_1_1_0_0_1_1_1_0_1_1_1_1_1_1_1_1_0_1_0_1_1_1_0_0_0_0_1_0_0_1_1_1_0_1_1_1_0_0_1,1,0.0015633333333333332,9.177266598624134e-5,0.17486338797814208,226.36681421703588
1_1_0_0_0_1_1_0_0_0_1_0_0_0_0_1_1_1_1_0_1_0_1_1_0_0_0_0_0_1_1_0_0_1_1_1_0_1_1_1_1_1,1,0.00156,3.265986323710904e-5,0.25136612021857924,238.46628992352677
1_0_0_0_0_1_1_0_0_0_1_0_0_0_0_0_0_0_0_1_0_1_0_0_0_1_1_1_1_0_1_1_0_0_0_1_0_0_0_1_1_0,1,0.0015466666666666667,0.00014007934259633798,0.17486338797814208,235.72931371969662
0_1_0_1_1_0_0_1_1_1_0_1_1_0_1_0_1_1_1_0_1_1_1_1_1_0_0_0_0_1_0_0_1_1_1_0_1_1_1_0_1_1,1,0.00154,9.899494936611671e-5,0.15300546448087432,215.24092970521542
1_0_1_0_0_1_1_0_0_0_1_0_0_1_0_1_0_0_0_1_0_0_0_0_0_1_1_1_1_0_1_1_0_0_0_1_0_0_0_1_0_0,1,0.0015366666666666669,4.109609335312653e-5,0.15300546448087432,217.76347599526912
1_0_0_0_0_1_1_0_0_0_1_1_0_1_0_0_0_0_0_1_0_0_0_0_0_1_1_1_1_0_1_1_1_0_0_1_0_0_0_1_0_0,1,0.0015233333333333334,7.408703590297615e-5,0.15300546448087432,233.35002589049682
0_1_0_1_1_0_0_1_1_1_0_0_0_0_1_1_1_1_1_0_1_0_1_1_1_0_0_0_0_1_0_0_1_1_1_0_1_1_1_0_1_1,1,0.0015033333333333333,4.6427960923947016e-5,0.2185792349726776,235.8815239263032
1_1_0_0_0_1_1_0_0_0_1_0_0_0_0_1_1_1_1_0_0_1_1_1_0_0_1_0_0_1_1_1_0_1_1_1_0_1_1_1_1_1,1,0.0015000000000000002,0.00016872067646458348,0.22404371584699453,286.47256085782857
1_1_0_1_1_0_0_1_1_1_1_1_0_0_1_0_1_1_1_0_0_1_1_1_1_0_0_0_0_1_0_0_1_1_1_1_1_1_1_1_1_0,1,0.0014799999999999998,7.788880963698618e-5,0.25136612021857924,255.5740455411018
1_0_1_0_0_1_1_0_0_0_1_1_1_1_0_0_0_0_0_1_0_1_0_0_0_1_1_1_1_0_1_1_0_0_0_1_0_0_0_1_0_0,1,0.0014733333333333332,6.944222218666554e-5,0.2185792349726776,246.47264292176934
0_1_1_1_1_0_0_1_1_1_0_0_1_0_1_1_1_1_1_0_1_1_1_1_1_0_0_0_0_1_0_0_0_1_1_0_1_1_1_0_1_1,1,0.0014666666666666667,7.318166133366715e-5,0.15300546448087432,227.43192997257157
0_0_0_0_0_1_1_0_0_0_0_0_0_0_0_0_0_0_0_1_0_0_0_1_0_1_0_1_1_0_1_1_1_0_0_0_0_0_0_1_0_0,1,0.0014366666666666666,9.568466729604881e-5,0.21311475409836064,283.97014023600656
1_1_1_1_1_0_0_1_1_1_1_1_1_1_1_0_1_0_0_0_0_1_0_1_1_0_1_0_0_0_0_0_1_0_0_1_1_1_1_1_1_0,1,0.0014233333333333335,0.00010873004286866729,0.22404371584699453,292.4551203593939
0_0_1_1_1_0_0_1_1_1_0_1_1_1_1_0_0_0_0_1_0_1_0_0_1_1_1_1_1_0_0_1_1_0_0_0_1_0_0_0_0_0,1,0.00141,2.9439202887759467e-5,0.25136612021857924,243.3201851455225
0_1_1_1_1_0_0_1_1_1_0_1_1_1_1_1_1_1_1_0_1_1_1_0_1_0_1_0_0_1_0_0_1_1_1_0_1_1_1_0_1_1,1,0.001386666666666667,0.00010338708279513882,0.19672131147540983,278.9009929078015
1_1_1_1_1_0_0_1_1_1_1_1_1_1_1_1_1_0_1_0_1_0_1_1_1_0_1_0_0_1_0_0_1_1_1_1_1_1_1_0_0_1,1,0.0013833333333333334,2.624669291337271e-5,0.20765027322404372,259.37975606609456
1_1_0_0_0_1_1_0_0_0_1_0_0_0_0_0_1_0_0_0_0_1_0_1_0_0_0_0_1_0_1_1_0_0_0_1_0_0_1_1_1_0,1,0.00138,5.887840577551894e-5,0.22950819672131148,262.0126628899796
0_0_1_1_1_0_0_1_1_1_0_0_1_1_1_1_0_1_1_1_1_0_1_0_1_1_1_1_1_1_0_1_0_1_1_0_1_0_0_0_0_1,1,0.00137,5.6568542494923845e-5,0.29508196721311475,286.37363241519597
1_0_1_0_0_1_1_0_0_0_1_1_0_1_0_0_0_0_0_1_0_0_0_0_0_1_1_1_1_0_1_1_1_0_0_1_0_0_0_1_0_0,1,0.00134,8.286535263104031e-5,0.16393442622950818,233.98613723441306
1_1_1_1_1_0_0_1_1_1_1_1_1_1_1_1_1_1_1_0_1_1_1_0_1_0_1_0_0_1_0_0_0_1_1_1_1_1_1_0_1_1,1,0.0013399999999999998,9.797958971132711e-5,0.21311475409836064,270.7003160706684
1_0_0_0_0_1_1_0_0_0_1_0_0_0_0_0_0_0_0_1_0_1_0_0_0_1_1_1_1_0_1_1_0_0_0_1_0_0_0_1_0_0,1,0.0013300000000000002,0.00016673332000533063,0.15846994535519127,220.63419913419912
0_1_1_1_1_0_0_1_1_1_0_0_1_1_1_1_1_1_1_0_1_0_1_1_1_0_1_0_0_1_0_0_0_1_1_0_1_0_1_0_0_1,1,0.0013033333333333334,6.599663291074451e-5,0.20218579234972678,255.63779206203446
1_1_0_0_0_1_1_0_0_0_1_1_0_0_0_0_1_0_0_0_0_1_0_1_0_0_0_0_0_0_1_0_1_0_0_1_0_1_1_1_1_0,1,0.0012866666666666666,8.219218670625297e-5,0.29508196721311475,300.1554396639142
0_0_0_0_0_1_1_0_0_0_0_0_0_0_0_0_0_1_0_1_0_1_0_0_0_1_0_1_1_0_1_1_0_0_0_0_0_0_0_1_1_0,1,0.0012766666666666666,0.00014007934259633798,0.20765027322404372,261.085609915199
1_0_0_0_0_1_1_0_0_0_1_0_0_0_0_0_0_0_0_1_0_0_0_1_0_1_0_1_1_0_1_1_0_0_0_1_0_0_0_1_0_0,1,0.0012733333333333333,4.921607686744471e-5,0.19672131147540983,291.76521980312356
1_0_1_0_0_1_1_0_0_0_1_1_1_1_0_0_0_1_0_1_0_1_0_0_0_1_1_1_1_0_1_1_0_0_0_1_0_0_0_1_1_0,1,0.00127,4.966554808583782e-5,0.2459016393442623,234.6945096887845
1_0_1_1_1_0_0_1_1_1_1_1_1_1_1_0_0_0_0_1_0_1_0_0_1_1_1_1_1_0_0_0_1_0_0_1_1_1_0_1_1_0,1,0.0012566666666666666,0.00010873004286866726,0.19672131147540983,255.07395029297405
0_1_0_1_1_0_0_1_1_1_0_0_0_0_1_1_1_0_1_0_1_0_1_1_1_0_0_0_0_1_0_0_1_1_1_0_1_1_1_0_0_1,1,0.001253333333333333,3.399346342395189e-5,0.2459016393442623,234.53425809163514
0_0_1_1_1_0_0_1_1_1_0_1_1_1_1_1_0_1_1_1_1_0_1_0_1_1_1_1_0_1_0_0_1_1_1_0_1_1_0_0_0_1,1,0.0012466666666666668,0.00013523641850067195,0.22950819672131148,264.847280395533
1_1_1_1_1_0_0_1_1_1_1_1_1_1_1_1_1_1_1_0_1_0_1_1_1_0_1_0_0_1_0_0_1_1_1_1_1_1_1_0_0_1,1,0.0012433333333333333,0.00014383632673594282,0.19672131147540983,227.2187759619454
0_1_0_1_1_0_0_1_1_1_0_0_1_0_1_1_1_1_1_0_1_1_1_1_1_0_0_0_0_1_0_0_0_1_1_0_1_1_1_0_1_1,1,0.0012366666666666665,0.00013572848714334888,0.16393442622950818,228.11178909522877
0_1_1_1_1_0_0_1_1_1_0_0_1_1_1_1_1_0_1_0_1_0_1_1_1_0_1_0_0_1_0_0_0_1_1_0_1_0_1_0_0_1,1,0.00123,7.874007874011815e-5,0.21311475409836064,276.43057959101264
1_0_1_1_1_0_0_1_1_1_1_1_1_0_1_0_0_0_0_1_0_0_0_0_1_1_0_1_1_0_0_1_1_0_0_1_1_0_0_1_0_0,1,0.0012100000000000001,5.099019513592788e-5,0.21311475409836064,248.3687321911523
0_1_0_1_1_0_0_1_1_1_0_0_0_0_1_1_1_1_1_0_1_0_1_1_1_0_0_0_0_1_0_0_0_1_1_0_1_1_1_0_1_1,1,0.0012066666666666667,3.399346342395189e-5,0.20765027322404372,238.5623826109156
0_1_1_1_1_0_0_1_1_1_0_1_1_1_1_1_1_1_1_0_1_0_1_1_1_0_0_0_0_1_0_0_1_1_1_0_1_1_1_0_1_1,1,0.0012066666666666667,3.8586123009300757e-5,0.15846994535519127,219.685173214585
0_1_1_1_1_0_0_1_1_1_0_1_1_1_1_0_0_1_1_1_1_0_0_1_1_0_1_0_0_0_0_0_1_0_0_0_1_1_0_0_1_0,1,0.0012,0.0001314026889628468,0.19672131147540983,328.54114895080846
1_0_0_0_0_1_1_0_0_0_1_1_0_0_0_0_0_1_0_1_0_1_0_0_0_1_0_1_1_0_1_1_1_0_0_1_0_1_0_1_1_0,1,0.0011966666666666668,8.498365855987978e-5,0.21311475409836064,272.9732196627522
0_1_0_0_0_1_1_0_0_0_0_0_0_0_0_1_1_1_1_0_1_0_1_1_0_0_0_0_0_1_1_1_0_1_1_0_0_0_1_0_0_1,1,0.0011933333333333334,3.2998316455372206e-5,0.19672131147540983,249.20319823545628
1_0_0_0_0_1_1_0_0_0_1_0_0_0_0_1_1_1_1_0_0_1_1_0_0_1_0_1_1_1_1_1_0_1_1_1_0_0_1_1_1_1,1,0.0011899999999999999,2.8284271247461872e-5,0.20765027322404372,277.4317882381124
0_0_0_0_0_1_1_0_0_0_0_0_0_0_0_0_0_0_0_1_0_1_0_0_0_1_0_1_1_0_1_1_0_0_0_0_0_0_0_1_1_0,1,0.0011866666666666666,4.784233364802444e-5,0.19672131147540983,217.89604750386346
1_0_0_0_0_1_1_0_0_0_1_1_0_0_0_0_0_0_0_1_0_1_0_0_0_1_0_1_1_0_1_1_1_0_0_1_0_1_0_1_1_0,1,0.0011766666666666668,5.792715732327586e-5,0.20218579234972678,241.66733203545348
1_0_1_0_0_1_1_0_0_0_1_1_1_1_0_0_0_0_0_1_0_1_0_0_0_1_1_1_1_0_1_1_1_0_0_1_0_0_0_1_0_0,1,0.00117,7.874007874011811e-5,0.20765027322404372,241.68950753593592
0_1_0_0_0_1_1_0_0_0_0_0_0_1_0_1_1_1_1_0_1_1_1_1_0_0_1_0_0_1_1_0_0_1_1_0_0_1_1_0_1_1,1,0.0011466666666666665,4.921607686744462e-5,0.21311475409836064,240.3080074260005
1_0_0_0_0_1_1_0_0_0_1_0_0_0_0_0_0_1_0_1_0_1_0_0_0_1_1_1_1_0_1_1_0_0_0_1_0_0_0_1_1_0,1,0.0011366666666666667,0.00010338708279513889,0.18579234972677597,244.85565896259706
1_1_0_0_0_1_1_0_0_0_1_0_0_0_0_0_0_0_0_0_0_1_0_1_0_0_0_0_1_0_1_1_0_0_0_1_0_0_1_1_1_0,1,0.0011200000000000001,0.00012328828005937954,0.23497267759562843,278.41887705374546
1_0_0_0_0_1_1_0_0_0_1_0_0_0_0_1_1_0_0_0_0_1_1_0_0_1_0_1_1_1_1_1_0_1_1_1_0_0_1_1_0_1,1,0.0011200000000000001,0.00011430952132988167,0.19672131147540983,330.23951247165536
1_1_0_1_1_0_0_1_1_1_1_0_0_0_1_1_1_1_1_0_1_0_1_1_1_0_1_0_0_1_0_0_1_1_1_1_1_1_1_1_1_1,1,0.0011066666666666666,3.091206165165233e-5,0.2568306010928962,231.59665036662776
0_0_1_1_1_0_0_1_1_1_0_0_1_1_1_0_0_0_0_1_1_0_0_0_1_1_0_1_1_0_0_1_0_0_0_0_1_0_0_0_0_0,1,0.0011066666666666666,4.027681991198191e-5,0.273224043715847,287.9058486925278
0_0_1_0_0_1_1_0_0_0_0_1_1_1_0_0_0_0_0_1_0_1_0_0_0_1_0_1_1_0_1_1_0_0_0_0_0_0_0_0_0_0,1,0.0011,5.7154760664940794e-5,0.2568306010928962,249.73259606269312
0_0_1_1_1_0_0_1_1_1_0_1_1_1_1_1_1_1_1_1_1_0_1_0_1_1_1_1_0_1_0_0_1_1_1_0_1_1_0_0_0_1,1,0.0011,5.7154760664940875e-5,0.23497267759562843,270.03342309520036
1_0_0_0_0_1_1_0_0_0_1_1_0_0_0_0_0_1_0_1_0_1_0_0_0_1_0_1_1_0_1_1_1_0_0_1_0_0_0_1_1_0,1,0.0010933333333333333,6.12825877028341e-5,0.18579234972677597,241.74603284425197
0_1_1_1_1_0_0_1_1_1_0_1_1_1_1_1_1_1_1_0_1_1_1_0_1_0_1_0_0_1_0_0_0_1_1_0_1_1_1_0_1_1,1,0.00107,7.071067811865467e-5,0.19672131147540983,298.5711217476682
0_1_1_1_1_0_0_1_1_1_0_1_1_1_1_1_1_0_1_0_1_0_1_1_1_0_0_0_0_1_0_0_1_1_1_0_1_1_1_0_0_1,1,0.00106,7.48331477354788e-5,0.18579234972677597,245.76287361923326
0_1_0_0_0_1_1_0_0_0_0_0_0_0_0_1_1_0_1_0_1_0_1_1_0_0_0_0_0_1_1_1_0_1_1_0_0_0_1_0_0_1,1,0.00106,2.9439202887759494e-5,0.20765027322404372,255.65069558273444
0_1_0_0_0_1_1_0_0_0_0_0_0_0_0_1_1_1_1_0_1_1_1_0_0_0_0_0_0_1_1_1_0_1_1_0_0_1_1_0_1_1,1,0.00106,0.00016268579122549902,0.20765027322404372,283.5276844593754
1_0_0_0_0_1_1_0_0_0_1_1_0_0_0_0_0_0_0_1_0_1_0_0_0_1_1_1_1_0_1_1_1_0_0_1_0_0_0_1_0_0,1,0.00105,0.0001202774570177914,0.16393442622950818,220.8723059660414
0_0_0_0_0_1_1_0_0_0_0_0_0_0_0_0_0_0_0_1_0_0_0_1_0_1_1_1_1_0_1_1_0_0_0_0_0_0_0_1_0_0,1,0.0010466666666666667,7.586537784494024e-5,0.2185792349726776,281.42291771033825
1_0_1_1_1_0_0_1_1_1_1_1_1_1_1_0_0_0_0_1_0_0_0_1_1_1_1_1_1_0_0_0_1_0_0_1_1_0_0_1_0_0,1,0.0010466666666666664,2.0548046676563216e-5,0.20765027322404372,282.35360437009695
0_1_1_1_1_0_0_1_1_1_0_0_1_1_1_1_1_0_1_0_1_0_1_1_1_0_1_0_0_1_0_0_0_1_1_0_1_1_1_0_0_1,1,0.00104,6.976149845485446e-5,0.18579234972677597,226.52944862155388
0_1_1_1_1_0_0_1_1_1_0_0_1_1_1_1_1_1_1_0_1_0_1_1_1_0_0_0_0_1_0_0_0_1_1_0_1_1_1_0_1_1,1,0.00103,2.8284271247461872e-5,0.16393442622950818,220.55149440177664
0_1_1_1_1_0_0_1_1_1_0_1_1_1_1_0_0_0_0_1_1_0_0_1_1_0_1_0_0_0_0_0_1_0_0_0_1_1_0_0_0_0,1,0.0010266666666666666,1.2472191289246426e-5,0.20765027322404372,264.67557435355184
0_0_0_1_1_0_0_1_1_1_0_1_1_0_1_0_0_0_0_1_1_0_0_0_1_0_0_0_1_0_0_0_1_0_0_0_1_1_0_0_0_0,1,0.0010033333333333333,4.988876515698588e-5,0.2459016393442623,284.1925336327697
1_0_1_1_1_0_0_1_1_1_1_0_1_1_1_0_0_0_0_1_0_0_0_1_1_1_1_1_1_0_0_1_0_0_0_1_1_0_0_1_0_0,1,0.001,8.28653526310404e-5,0.2568306010928962,277.5596947025518
1_0_1_1_1_0_0_1_1_1_1_1_1_1_1_0_0_1_0_1_0_1_0_0_1_1_1_1_1_0_0_0_1_0_0_1_1_1_0_1_1_0,1,0.0009966666666666668,2.0548046676563263e-5,0.20765027322404372,261.25508388922583
1_1_0_0_0_1_1_0_0_0_1_0_0_0_0_1_1_1_1_0_1_0_1_1_0_0_0_0_0_1_1_0_1_1_1_1_0_1_1_1_1_1,1,0.0009933333333333333,0.0001222929088522943,0.26229508196721313,237.2295825771325
1_0_1_1_1_0_0_1_1_1_1_1_1_0_1_1_0_0_0_1_0_0_0_0_1_1_0_1_1_0_0_1_0_0_0_1_1_0_0_1_0_0,1,0.0009933333333333333,8.339997335464538e-5,0.2185792349726776,233.01833755952748
0_1_1_1_1_0_0_1_1_1_0_1_1_1_1_0_0_0_1_1_1_0_0_1_1_0_0_0_0_0_0_0_1_0_0_0_1_1_0_0_1_0,1,0.0009866666666666667,0.00013670731102939925,0.20218579234972678,423.1029010347235
1_1_0_0_0_1_1_0_0_0_1_1_0_0_0_1_1_1_1_0_0_1_1_1_0_0_1_0_0_1_1_0_1_1_1_1_0_1_1_1_1_1,1,0.0009833333333333332,3.0912061651652375e-5,0.273224043715847,288.77263534864124
1_0_1_0_0_1_1_0_0_0_1_1_1_1_0_1_1_0_0_0_0_1_1_0_0_1_1_1_1_1_1_1_0_1_1_1_0_0_1_1_0_1,1,0.0009766666666666667,3.0912061651652375e-5,0.26229508196721313,429.95497936016505
1_1_0_0_0_1_1_0_0_0_1_0_0_1_0_1_1_1_1_0_0_1_1_1_0_1_1_1_0_1_1_1_0_1_1_1_0_0_1_1_1_1,1,0.00097,9.933109617167565e-5,0.23497267759562843,280.69494732416075
0_0_1_1_1_0_0_1_1_1_0_1_1_0_1_0_0_0_0_1_1_0_0_0_1_0_0_0_1_0_0_0_1_0_0_0_1_1_0_0_0_0,1,0.00097,8.640987597877147e-5,0.23497267759562843,301.26368435162846
1_0_0_0_0_1_1_0_0_0_1_0_0_0_0_0_0_0_0_1_0_0_0_1_0_1_0_1_1_0_1_1_1_0_0_1_0_0_0_1_0_0,1,0.0009699999999999999,8.286535263104035e-5,0.19672131147540983,273.47120466032266
1_1_1_0_0_1_1_0_0_0_1_0_0_1_0_1_1_1_1_0_0_1_1_1_0_1_1_1_0_1_1_1_0_1_1_1_0_0_1_1_1_1,1,0.0009566666666666668,4.784233364802444e-5,0.2459016393442623,294.28397156615455
0_1_0_0_0_1_1_0_0_0_0_1_0_0_0_1_1_1_1_0_1_1_1_0_0_0_0_0_0_1_1_0_1_1_1_0_0_1_1_0_1_1,1,0.00095,0.00012027745701779142,0.2568306010928962,267.43239536789866
0_1_0_1_1_0_0_1_1_1_0_0_0_0_1_0_0_1_1_1_1_0_0_1_1_0_0_0_0_0_0_0_1_0_0_0_1_1_0_0_1_0,1,0.0009433333333333334,4.9216076867444665e-5,0.26229508196721313,406.9453748006379
0_0_1_1_1_0_0_1_1_1_0_1_1_1_1_0_0_0_0_1_0_1_0_0_1_1_1_1_1_0_0_1_0_0_0_0_1_0_0_0_0_0,1,0.0009366666666666667,8.806563209081937e-5,0.26229508196721313,238.68654199801804
0_1_0_0_0_1_1_0_0_0_0_1_0_0_0_0_0_0_0_1_0_0_0_1_0_0_0_0_0_0_1_0_1_0_0_0_0_1_0_1_1_0,1,0.0009333333333333334,0.00012283683848458854,0.29508196721311475,393.5694072728683
0_1_0_0_0_1_1_0_0_0_0_0_0_0_0_1_1_1_1_0_1_0_1_1_0_0_0_0_0_1_1_0_1_1_1_0_0_1_1_0_0_1,1,0.0009333333333333333,6.128258770283418e-5,0.2459016393442623,233.83050598516562
1_0_0_0_0_1_1_0_0_0_1_0_0_0_0_1_1_1_0_0_0_1_1_0_0_1_1_1_1_1_1_1_0_1_1_1_0_0_1_1_0_1,1,0.0009333333333333333,5.249338582674541e-5,0.20218579234972678,413.8845053525286
0_1_0_0_0_1_1_0_0_0_0_0_0_1_0_0_1_1_1_0_1_1_1_1_0_0_1_0_0_1_1_0_1_1_1_0_0_1_1_0_1_1,1,0.0009266666666666668,1.2472191289246467e-5,0.2185792349726776,220.33814275406587
1_0_1_1_1_0_0_1_1_1_1_1_1_1_1_0_0_0_0_1_0_1_0_0_1_1_1_1_1_0_0_1_0_0_0_1_1_0_0_1_1_0,1,0.0009266666666666667,4.027681991198191e-5,0.2459016393442623,231.6653937285743
1_1_1_1_1_0_0_1_1_1_1_1_1_1_1_1_1_1_1_0_1_1_1_0_1_0_0_0_0_1_0_0_1_1_1_1_1_1_1_0_1_1,1,0.0009266666666666667,3.399346342395189e-5,0.2185792349726776,283.3788684719536
1_0_1_0_0_1_1_0_0_0_1_1_1_1_0_0_0_0_0_1_0_1_0_0_0_1_0_1_1_0_1_1_0_0_0_1_0_0_0_1_1_0,1,0.0009266666666666667,4.1899350299921794e-5,0.24043715846994534,230.83809214059343
1_0_1_1_1_0_0_1_1_1_1_0_1_1_1_1_1_1_1_0_1_1_1_0_1_1_1_1_1_1_0_1_0_1_1_1_1_0_1_0_0_1,1,0.0009133333333333333,4.189935029992181e-5,0.29508196721311475,401.84043659727985
0_0_1_1_1_0_0_1_1_1_0_1_1_1_1_0_0_0_0_1_0_1_0_0_1_1_0_1_1_0_0_1_1_0_0_0_1_0_0_0_0_0,1,0.0008633333333333332,3.39934634239519e-5,0.2568306010928962,241.77492387130943
0_1_1_1_1_0_0_1_1_1_0_0_1_1_1_1_1_1_1_0_1_0_1_1_1_0_0_0_0_1_0_0_0_1_1_0_1_1_1_0_0_1,1,0.0008500000000000001,7.483314773547883e-5,0.18032786885245902,217.58922259300456
0_1_0_1_1_0_0_1_1_1_0_0_0_0_1_1_1_1_1_0_1_0_1_1_1_0_0_0_0_1_0_0_0_1_1_0_1_1_1_0_0_1,1,0.0008466666666666667,1.6996731711975944e-5,0.22404371584699453,240.0513053857466
0_0_0_0_0_1_1_0_0_0_0_1_0_0_0_0_0_1_0_1_0_1_0_0_0_1_0_1_1_0_1_1_1_0_0_0_0_1_0_1_1_0,1,0.0008366666666666667,6.182412330330467e-5,0.24043715846994534,266.66831977269794
1_0_1_0_0_1_1_0_0_0_1_1_1_1_0_0_0_0_0_1_0_1_0_0_0_1_1_1_1_0_1_1_1_0_0_1_0_0_0_1_1_0,1,0.00083,8.041558721209877e-5,0.22404371584699453,230.6803414070856
1_0_0_0_0_1_1_0_0_0_1_1_0_0_0_0_0_0_0_1_0_1_0_0_0_1_1_1_1_0_1_1_1_0_0_1_0_0_0_1_1_0,1,0.0008266666666666666,3.681787005729088e-5,0.18032786885245902,228.9456854828687
1_0_1_0_0_1_1_0_0_0_1_0_1_1_0_1_1_1_1_0_1_1_1_0_0_1_1_1_1_1_1_1_0_1_1_1_0_0_1_0_0_1,1,0.0008266666666666666,7.318166133366721e-5,0.273224043715847,316.3828286408932
0_1_0_0_0_1_1_0_0_0_0_0_0_0_0_1_1_1_1_0_1_1_1_0_0_1_0_1_0_1_1_1_0_1_1_0_0_0_1_0_1_1,1,0.0008066666666666666,3.299831645537221e-5,0.20218579234972678,218.8409090909091
0_1_0_1_1_0_0_1_1_1_0_0_0_0_1_1_1_1_1_0_1_0_1_1_1_0_1_0_0_1_0_0_1_1_1_0_1_1_1_0_0_1,1,0.0008066666666666666,9.46337971105226e-5,0.24043715846994534,238.74407202305778
0_1_0_1_1_0_0_1_1_1_0_1_0_0_1_0_0_0_0_1_0_0_0_1_1_0_0_0_0_0_0_0_1_0_0_0_1_1_0_1_1_0,1,0.0008033333333333333,9.672412085697939e-5,0.273224043715847,312.6067440217833
0_1_0_0_0_1_1_0_0_0_0_0_0_0_0_1_1_1_1_0_1_0_1_1_0_0_0_0_0_1_1_0_1_1_1_0_0_1_1_0_1_1,1,0.0007899999999999999,4.54606056566195e-5,0.22950819672131148,221.4370796135502
0_0_1_0_0_1_1_0_0_0_0_1_1_1_0_0_0_0_0_1_0_1_0_0_0_1_0_1_1_0_1_1_1_0_0_0_0_0_0_0_0_0,1,0.0007866666666666667,0.00010530379332620878,0.2459016393442623,233.69310562934854
0_0_1_1_1_0_0_1_1_1_0_0_1_1_1_1_0_1_1_1_1_0_1_0_1_1_0_1_1_1_0_1_0_1_1_0_1_0_0_0_0_1,1,0.0007833333333333334,0.00011585431464655177,0.3005464480874317,277.59914982137207
1_1_1_1_1_0_0_1_1_1_1_0_1_1_1_1_1_0_1_0_1_0_1_1_1_0_1_0_0_1_0_0_0_1_1_1_1_0_1_0_0_1,1,0.0007833333333333334,0.00013274871834493255,0.24043715846994534,266.3577533577534
0_0_0_0_0_1_1_0_0_0_0_1_0_0_0_1_1_1_1_1_1_0_1_0_0_1_0_1_0_1_1_0_1_1_1_0_0_1_0_0_0_1,1,0.00078,4.9665548085837775e-5,0.29508196721311475,308.8069872613176
1_0_1_1_1_0_0_1_1_1_1_1_1_1_1_0_0_0_0_1_0_1_0_0_1_1_1_1_1_0_0_1_1_0_0_1_1_0_0_1_0_0,1,0.00077,4.8989794855663556e-5,0.2185792349726776,209.43765550587204
0_1_0_0_0_1_1_0_0_0_0_0_0_0_0_1_1_1_1_0_1_0_1_1_0_0_0_0_0_1_1_0_0_1_1_0_0_1_1_0_1_1,1,0.00077,7.257180352359081e-5,0.2185792349726776,216.59728694211455
1_1_0_1_1_0_0_1_1_1_1_0_0_0_1_1_1_1_1_0_1_0_1_1_1_0_1_0_0_1_0_0_0_1_1_1_1_1_1_1_1_1,1,0.0007566666666666668,4.7140452079103295e-6,0.2459016393442623,228.1497076023392
1_0_1_1_1_0_0_1_1_1_1_1_1_1_1_0_0_0_0_1_0_0_0_1_1_0_1_0_1_0_0_0_1_0_0_1_1_1_0_1_0_0,1,0.0007533333333333333,0.0001265789169736502,0.20218579234972678,229.10742461430573
0_0_1_0_0_1_1_0_0_0_0_0_1_1_0_1_0_1_1_1_1_0_1_0_0_1_1_1_1_1_1_1_0_1_1_0_0_0_0_0_0_1,1,0.0007366666666666667,8.178562764256865e-5,0.273224043715847,263.2639908132203
1_1_0_0_0_1_1_0_0_0_1_0_0_0_0_1_1_1_1_0_1_0_1_1_0_0_1_0_0_1_1_0_0_1_1_1_0_1_1_1_1_1,1,0.0007333333333333333,7.586537784494025e-5,0.2568306010928962,238.722810111699
0_1_0_1_1_0_0_1_1_1_0_0_0_0_1_1_1_1_1_0_1_0_1_1_1_0_1_0_0_1_0_0_1_1_1_0_1_1_1_0_1_1,1,0.0007233333333333333,8.956685895029602e-5,0.22404371584699453,229.38672298029027
0_0_1_0_0_1_1_0_0_0_0_1_1_1_0_0_0_1_0_1_0_1_0_0_0_1_1_1_1_0_1_1_0_0_0_0_0_0_0_0_1_0,1,0.0007166666666666667,7.408703590297621e-5,0.2786885245901639,238.27000331089286
1_1_0_1_1_0_0_1_1_1_1_1_0_0_1_0_1_1_1_0_0_1_1_1_1_0_1_0_0_1_0_0_1_1_1_1_1_1_1_1_1_0,1,0.0007133333333333333,8.498365855987973e-5,0.2568306010928962,252.40731366174316
1_0_1_0_0_1_1_0_0_0_1_1_1_1_0_0_0_0_0_1_0_1_0_0_0_1_0_1_1_0_1_1_0_0_0_1_0_0_0_1_0_0,1,0.0007133333333333333,1.699673171197596e-5,0.22404371584699453,238.58998963227668
1_1_0_0_0_1_1_0_0_0_1_1_0_0_0_0_1_0_0_0_0_1_0_1_0_0_1_0_0_0_1_0_1_0_0_1_0_1_1_1_1_0,1,0.00071,4.9665548085837775e-5,0.3005464480874317,277.77468093093097
1_0_0_0_0_1_1_0_0_0_1_0_0_0_0_1_1_1_0_0_0_1_1_0_0_1_0_1_1_1_1_1_0_1_1_1_0_0_1_1_1_1,1,0.00071,2.4494897427831758e-5,0.20218579234972678,248.69179038193124
1_0_0_0_0_1_1_0_0_0_1_1_0_0_0_0_0_0_0_1_0_1_0_0_0_1_1_1_1_0_1_1_1_0_0_1_0_1_0_1_1_0,1,0.00071,5.8878405775518995e-5,0.20765027322404372,247.63542798545552
1_1_0_0_0_1_1_0_0_0_1_0_0_0_0_1_1_0_1_0_1_0_1_1_0_0_0_0_0_1_1_1_0_1_1_1_0_0_1_1_0_1,1,0.0007066666666666666,9.877021593352706e-5,0.24043715846994534,252.696783625731
1_1_1_1_1_0_0_1_1_1_1_0_1_1_1_0_0_0_0_0_0_1_0_1_1_0_1_0_1_0_0_1_0_0_0_1_1_0_1_1_1_0,1,0.0007033333333333333,3.299831645537221e-5,0.29508196721311475,298.3137426799399
0_1_0_0_0_1_1_0_0_0_0_0_0_0_0_1_1_1_1_0_1_0_1_1_0_0_0_0_0_1_1_0_0_1_1_0_0_1_1_0_0_1,1,0.0007000000000000001,2.8284271247461923e-5,0.23497267759562843,220.26936026936028
1_1_1_1_1_0_0_1_1_1_1_1_1_1_1_1_1_1_1_0_1_1_1_0_1_0_0_0_0_1_0_0_0_1_1_1_1_1_1_0_1_1,1,0.0007,5.7154760664940794e-5,0.2185792349726776,275.7585377585378
0_1_1_1_1_0_0_1_1_1_0_1_1_1_1_0_0_0_1_1_1_0_0_1_1_0_1_0_0_0_0_0_1_0_0_0_1_1_0_0_0_0,1,0.0006833333333333332,7.760297817881874e-5,0.20218579234972678,264.9898807849954
0_1_0_1_1_0_0_1_1_1_0_0_0_0_1_1_1_0_1_0_1_0_1_1_1_0_1_0_0_1_0_0_1_1_1_0_1_1_1_0_0_1,1,0.00068,4.966554808583782e-5,0.25136612021857924,227.11997699616032
1_1_0_0_0_1_1_0_0_0_1_0_0_0_0_0_1_0_0_0_0_1_0_1_0_0_1_0_1_0_1_1_0_0_0_1_0_0_1_1_1_0,1,0.00068,3.559026084010437e-5,0.23497267759562843,260.50421044787237
0_0_0_0_0_1_1_0_0_0_0_0_0_0_0_0_0_0_0_1_0_0_0_1_0_1_1_1_1_0_1_1_1_0_0_0_0_0_0_1_0_0,1,0.0006766666666666667,4.1096093353126486e-5,0.2185792349726776,276.56369165263055
1_1_0_1_1_0_0_1_1_1_1_1_0_0_1_0_1_0_0_0_0_1_0_1_1_0_0_0_0_0_0_0_1_0_0_1_1_1_1_1_1_0,1,0.0006733333333333334,2.6246692913372722e-5,0.273224043715847,253.7596003370651
1_0_1_0_0_1_1_0_0_0_1_1_1_1_0_0_0_1_0_1_0_1_0_0_0_1_0_1_1_0_1_1_0_0_0_1_0_0_0_1_1_0,1,0.0006666666666666666,0.00011085526098877258,0.25136612021857924,234.97689142133586
0_1_1_1_1_0_0_1_1_1_0_0_1_1_1_0_0_0_1_1_1_0_0_1_1_0_1_0_0_0_0_0_0_0_0_0_1_0_0_0_0_0,1,0.00066,6.164414002968976e-5,0.23497267759562843,273.9030403015626
1_0_1_1_1_0_0_1_1_1_1_1_1_1_1_0_0_0_0_1_0_1_0_0_1_1_1_1_1_0_0_1_1_0_0_1_1_0_0_1_1_0,1,0.0006566666666666666,8.993825042154695e-5,0.23497267759562843,216.45101244149657
1_0_1_1_1_0_0_1_1_1_1_1_1_1_1_0_0_0_0_1_0_1_0_0_1_1_1_1_1_0_0_1_0_0_0_1_1_0_0_1_0_0,1,0.0006566666666666666,6.0184900284225965e-5,0.22950819672131148,245.28235378235377
1_1_0_1_1_0_0_1_1_1_1_1_0_0_1_1_1_1_1_0_0_1_1_1_1_0_0_0_0_1_0_0_1_1_1_1_1_1_1_1_1_1,1,0.0006533333333333333,1.2472191289246465e-5,0.2677595628415301,233.8916355721393
0_1_1_1_1_0_0_1_1_1_0_0_1_1_1_1_1_0_1_0_1_0_1_1_1_0_0_0_0_1_0_0_0_1_1_0_1_0_1_0_0_1,1,0.0006500000000000001,8.286535263104039e-5,0.2185792349726776,274.9007936507937
1_1_0_0_0_1_1_1_0_0_1_1_0_1_0_0_1_1_1_0_0_1_1_1_0_0_1_0_0_1_1_0_1_1_1_1_0_1_1_1_1_0,1,0.0006433333333333333,6.0184900284225985e-5,0.2786885245901639,265.90973702914
1_1_0_1_1_0_0_1_1_1_1_0_0_0_1_1_1_0_1_0_1_0_1_1_1_0_0_0_0_1_0_0_1_1_1_1_1_1_1_1_0_1,1,0.0006366666666666668,6.182412330330468e-5,0.2786885245901639,251.47504899743709
1_0_0_0_0_1_1_0_0_0_1_1_0_0_0_1_1_1_0_0_0_1_1_0_0_1_0_1_1_1_1_1_1_1_1_1_0_1_1_1_1_1,1,0.0006366666666666666,9.56846672960488e-5,0.23497267759562843,266.12678846577154
1_0_0_0_0_1_1_0_0_0_1_1_0_0_0_1_1_1_1_0_0_1_1_0_0_1_0_1_1_1_1_1_1_1_1_1_0_1_1_1_1_1,1,0.0006366666666666666,1.2472191289246465e-5,0.24043715846994534,268.4170543837883
0_1_1_1_1_0_0_1_1_1_0_1_1_1_1_1_1_1_1_0_1_1_1_0_1_0_0_0_0_1_0_0_1_1_1_0_1_1_1_0_1_1,1,0.0006333333333333334,3.681787005729088e-5,0.20218579234972678,279.20025637373595
1_1_0_1_1_0_0_1_1_1_1_0_0_0_1_1_1_1_1_0_1_0_1_1_1_0_0_0_0_1_0_0_1_1_1_1_1_1_1_1_0_1,1,0.0006333333333333334,5.7348835113617535e-5,0.2677595628415301,235.13244047619048
0_0_1_0_0_1_1_0_0_0_0_0_1_1_0_1_0_0_0_1_1_0_0_0_0_1_0_1_1_0_1_1_0_0_0_0_0_0_0_0_0_1,1,0.0006333333333333333,6.84754619472471e-5,0.2568306010928962,240.81513921469727
1_0_0_0_0_1_1_0_0_0_1_0_0_0_0_0_0_0_0_1_0_0_0_1_0_1_1_1_1_0_1_1_0_0_0_1_0_0_0_1_0_0,1,0.0006333333333333333,3.299831645537221e-5,0.20218579234972678,288.45018814824186
0_0_1_0_0_1_1_0_0_0_0_0_1_1_0_0_0_0_0_1_1_0_0_0_0_1_1_1_1_0_1_1_0_0_0_0_0_0_0_0_0_0,1,0.0006266666666666666,6.0184900284225985e-5,0.2677595628415301,258.0826538176427
1_0_1_0_0_1_1_0_0_0_1_1_1_1_0_1_1_1_0_0_0_1_1_0_0_1_1_1_1_1_1_1_0_1_1_1_0_0_1_1_1_1,1,0.0006266666666666666,4.496912521077346e-5,0.2677595628415301,292.42512077294685
0_1_1_1_1_0_0_1_1_1_0_0_1_1_1_1_1_1_1_0_1_0_1_1_1_0_0_0_0_1_0_0_0_1_1_0_1_0_1_0_0_1,1,0.0006233333333333334,1.699673171197599e-5,0.20765027322404372,226.82159391534393
0_1_1_1_1_0_0_1_1_1_0_1_1_1_1_0_0_1_1_1_1_0_0_0_1_0_1_0_0_0_0_0_1_0_0_0_1_1_0_0_1_0,1,0.0006166666666666667,7.586537784494028e-5,0.21311475409836064,239.73559120617946
0_0_1_1_1_0_0_1_1_1_0_1_1_1_1_1_0_1_1_1_1_0_1_0_1_1_0_1_0_1_0_0_1_1_1_0_1_1_0_0_0_1,1,0.0006133333333333332,8.993825042154695e-5,0.23497267759562843,257.0308403641737
0_0_1_0_0_1_1_0_0_0_0_1_1_1_0_0_0_0_0_1_0_1_0_0_0_1_1_1_1_0_1_1_0_0_0_0_0_0_0_0_1_0,1,0.00061,1.4142135623730987e-5,0.2677595628415301,232.46560846560843
0_0_1_1_1_0_0_1_1_1_0_1_1_1_1_0_0_1_0_1_0_1_0_0_1_1_1_1_1_0_0_0_1_0_0_0_1_1_0_0_1_0,1,0.00061,9.092121131323901e-5,0.24043715846994534,263.22463355747067
1_1_1_1_1_0_0_1_1_1_1_0_1_1_1_1_1_1_1_0_1_0_1_1_1_0_1_0_0_1_0_0_0_1_1_1_1_0_1_0_0_1,1,0.0006066666666666667,6.944222218666553e-5,0.22950819672131148,235.69086247683154
1_0_0_0_0_1_1_0_0_0_1_0_0_0_0_1_1_0_0_0_0_1_1_1_0_1_0_1_1_1_1_1_0_1_1_1_0_0_1_1_0_1,1,0.0006066666666666667,0.00012918548250050733,0.21311475409836064,248.62553957178818
0_1_0_1_1_0_0_1_1_1_0_0_0_0_1_1_1_1_1_0_1_0_1_1_1_0_1_0_0_1_0_0_0_1_1_0_1_1_1_0_1_1,1,0.0006033333333333333,0.00012256517540566822,0.21311475409836064,235.86113919784293
0_0_0_0_0_1_1_0_0_0_0_1_0_0_0_0_0_1_0_1_0_1_0_0_0_1_0_1_1_0_1_1_1_0_0_0_0_0_0_1_1_0,1,0.0006,3.559026084010436e-5,0.21311475409836064,242.48941023134572
0_1_0_1_1_0_0_1_1_1_0_0_0_0_1_0_0_0_1_1_1_0_0_1_1_0_0_0_0_0_0_0_1_0_0_0_1_1_0_0_0_0,1,0.0005966666666666667,6.128258770283414e-5,0.2677595628415301,275.7511799974487
0_0_0_0_0_1_1_0_0_0_0_0_0_0_0_0_0_1_0_1_0_1_0_0_0_1_1_1_1_0_1_1_0_0_0_0_0_0_0_1_1_0,1,0.0005933333333333333,3.8586123009300757e-5,0.21311475409836064,232.66906641223582
1_0_1_1_1_0_0_1_1_1_1_0_1_1_1_1_1_1_1_0_1_1_1_0_1_1_0_1_1_1_0_1_0_1_1_1_1_0_1_0_0_1,1,0.0005933333333333333,4.4969125210773454e-5,0.3005464480874317,388.0451655479904
1_0_0_0_0_1_1_0_0_0_1_0_0_0_0_1_1_1_0_0_0_1_1_1_0_1_0_1_1_1_1_1_0_1_1_1_0_0_1_1_0_1,1,0.0005899999999999999,1.4142135623730936e-5,0.21311475409836064,270.53216374269005
0_0_0_0_0_1_1_0_0_0_0_1_0_0_0_0_0_0_0_1_0_1_0_0_0_1_0_1_1_0_1_1_1_0_0_0_0_1_0_1_1_0,1,0.0005833333333333333,4.642796092394709e-5,0.22950819672131148,242.41045991045993
0_0_1_1_1_0_0_1_1_1_0_1_1_1_1_0_0_0_0_1_0_1_0_0_1_1_1_1_1_0_0_0_1_0_0_0_1_1_0_0_1_0,1,0.00058,7.483314773547885e-5,0.22950819672131148,228.98333333333335
1_1_1_1_1_0_0_1_1_1_1_1_1_1_1_1_1_0_1_0_1_0_1_1_1_0_0_0_0_1_0_0_1_1_1_1_1_1_1_0_0_1,1,0.00058,2.160246899469284e-5,0.21311475409836064,228.99563430919363
1_1_1_1_1_0_0_1_1_1_1_1_1_0_1_1_1_1_1_0_1_0_1_1_1_0_0_0_0_1_0_0_1_1_1_1_1_1_1_0_1_1,1,0.00058,7.071067811865478e-5,0.20218579234972678,226.1450240473548
1_0_1_1_1_0_0_1_1_1_1_1_1_1_1_0_0_0_0_1_0_1_0_0_1_1_0_1_1_0_0_1_0_0_0_1_1_0_0_1_1_0,1,0.0005766666666666666,7.03957069398096e-5,0.25136612021857924,222.8646410803127
0_1_1_1_1_0_0_1_1_1_0_0_1_1_1_0_0_0_0_1_1_0_0_1_1_0_1_0_0_0_0_0_0_0_0_0_1_0_0_0_0_0,1,0.0005766666666666666,7.760297817881878e-5,0.24043715846994534,267.4938883170355
1_0_1_1_1_0_0_1_1_1_1_1_1_1_1_0_0_1_0_1_0_1_0_0_1_1_1_1_1_0_0_1_0_0_0_1_1_0_0_1_1_0,1,0.0005766666666666666,1.6996731711975944e-5,0.2568306010928962,233.96282372598162
0_0_1_1_1_0_0_0_1_1_0_0_1_0_1_1_0_0_0_1_1_0_0_0_1_1_0_1_1_0_0_1_0_0_0_0_1_0_0_0_0_1,1,0.0005700000000000001,8.041558721209882e-5,0.2786885245901639,267.4871800572081
0_0_0_0_0_1_1_0_0_0_0_0_0_0_0_1_0_1_1_1_1_0_1_0_0_1_1_1_1_1_1_1_0_1_1_0_0_0_0_0_0_1,1,0.0005700000000000001,8.286535263104035e-5,0.22950819672131148,256.58084157715695
0_0_0_0_0_1_1_0_0_0_0_0_0_0_0_0_0_0_0_1_0_1_0_0_0_1_1_1_1_0_1_1_0_0_0_0_0_0_0_1_1_0,1,0.00057,0.00011343133018115701,0.20218579234972678,195.36004566210045
1_1_1_1_1_0_0_1_1_1_1_0_1_0_1_1_1_1_1_0_1_0_1_1_1_0_0_0_0_1_0_0_0_1_1_1_1_1_1_0_1_1,1,0.0005633333333333333,4.9216076867444665e-5,0.20765027322404372,215.19630258441805
1_1_0_0_0_1_1_0_0_0_1_0_0_0_0_0_0_0_0_0_0_1_0_1_0_0_1_0_1_0_1_1_0_0_0_1_0_0_1_1_1_0,1,0.0005633333333333333,6.128258770283413e-5,0.24043715846994534,258.6794871794871
0_0_0_0_0_1_1_0_0_0_0_1_0_0_0_0_0_0_0_1_0_1_0_0_0_1_0_1_1_0_1_1_1_0_0_0_0_0_0_1_1_0,1,0.0005633333333333333,8.219218670625304e-5,0.20218579234972678,221.92919349095914
0_0_0_0_0_1_1_0_0_0_0_0_0_1_0_0_0_0_0_1_0_1_0_0_0_1_1_1_1_0_1_1_0_0_0_0_0_0_0_1_0_0,1,0.0005633333333333333,9.428090415820608e-6,0.20218579234972678,213.585326953748
1_1_1_1_1_0_0_1_1_1_1_0_1_1_1_1_1_1_1_0_1_0_1_1_1_0_1_0_0_1_0_0_0_1_1_1_1_1_1_0_0_1,1,0.0005633333333333333,9.104333522498441e-5,0.20218579234972678,218.7244518766258
1_0_1_0_0_1_1_0_0_0_1_1_1_1_0_1_1_0_0_0_0_1_1_0_0_1_0_1_1_1_1_1_0_1_1_1_0_0_1_1_0_1,1,0.0005600000000000001,8.602325267042626e-5,0.2677595628415301,468.1419457735247
1_0_1_0_0_1_1_0_0_0_1_1_1_1_0_0_0_0_0_1_0_1_0_0_0_1_0_1_1_0_1_1_1_0_0_1_0_0_0_1_0_0,1,0.0005600000000000001,4.966554808583782e-5,0.21311475409836064,220.5999224395451
1_1_1_1_1_0_0_1_1_1_1_0_1_1_1_0_1_0_0_0_0_1_0_1_1_0_1_0_1_0_0_1_0_0_0_1_1_0_1_1_1_0,1,0.0005566666666666667,4.6427960923947056e-5,0.2896174863387978,296.42654672382696
0_0_1_0_0_1_1_0_0_0_0_0_0_1_0_0_0_0_0_1_0_1_0_0_0_1_1_1_1_0_1_1_0_0_0_0_0_0_0_1_0_0,1,0.0005533333333333333,7.408703590297624e-5,0.21311475409836064,217.47145778911772
0_0_1_1_1_0_0_1_1_1_0_1_1_1_1_0_0_0_0_1_0_1_0_0_1_1_0_1_1_0_0_1_0_0_0_0_1_0_0_0_0_0,1,0.00055,3.265986323710904e-5,0.2677595628415301,236.1413939998187
1_1_1_1_1_0_0_1_1_1_1_0_1_1_1_1_1_0_1_0_1_0_1_1_1_0_1_0_0_1_0_0_0_1_1_1_1_1_1_0_0_1,1,0.00055,5.099019513592782e-5,0.21311475409836064,226.2514619883041
0_1_0_0_0_1_1_0_0_0_0_1_0_0_0_0_0_0_0_1_0_0_0_1_0_0_1_0_0_0_1_0_1_0_0_0_0_1_0_1_1_0,1,0.00055,1.632993161855452e-5,0.3005464480874317,396.96604576048475
1_0_1_1_1_0_0_1_1_1_1_1_1_1_1_0_0_0_0_1_0_1_0_0_1_1_0_1_1_0_0_0_1_0_0_1_1_1_0_1_1_0,1,0.00055,0.0001098483803552272,0.20218579234972678,229.9772939478822
0_1_0_0_0_1_1_0_0_0_0_1_0_0_0_1_1_1_1_0_1_1_1_0_0_0_1_0_0_1_1_0_1_1_1_0_0_1_1_0_1_1,1,0.0005466666666666667,4.027681991198191e-5,0.26229508196721313,269.83775119243097
0_0_0_0_0_1_1_0_0_0_0_1_0_0_0_1_0_1_1_1_1_0_1_0_0_1_0_1_0_1_1_0_1_1_1_0_0_1_0_0_0_1,1,0.0005466666666666667,6.944222218666553e-5,0.2896174863387978,288.1188489449359
1_0_0_0_0_1_1_0_0_0_1_1_0_0_0_0_0_1_0_1_0_1_0_0_0_1_1_1_1_0_1_1_1_0_0_1_0_1_0_1_1_0,1,0.0005433333333333333,5.249338582674542e-5,0.2185792349726776,272.34396846786996
1_0_1_1_1_0_0_1_1_1_1_0_1_1_1_0_0_0_0_1_0_0_0_1_1_1_0_1_1_0_0_1_0_0_0_1_1_0_0_1_0_0,1,0.0005366666666666667,4.189935029992178e-5,0.26229508196721313,278.149947753396
0_1_1_1_1_0_0_1_1_1_0_1_1_1_1_1_1_1_1_0_1_1_1_0_1_0_0_0_0_1_0_0_0_1_1_0_1_1_1_0_1_1,1,0.0005366666666666666,6.649979114420001e-5,0.20218579234972678,292.37619047619046
0_0_0_1_1_0_0_1_1_1_0_1_0_0_1_0_0_0_0_1_0_0_0_1_1_0_0_0_1_0_0_0_1_0_0_0_1_1_0_1_0_0,1,0.0005333333333333334,4.642796092394708e-5,0.2677595628415301,229.19662509170948
1_1_0_0_0_1_1_0_0_0_1_0_0_0_0_1_1_1_1_0_1_0_1_1_0_0_0_0_0_1_1_1_0_1_1_1_0_0_1_1_0_1,1,0.00053,2.8284271247461872e-5,0.22950819672131148,264.5717234262126
0_1_0_0_0_1_1_0_0_0_0_0_0_0_0_1_1_1_1_0_1_1_1_0_0_0_1_0_0_1_1_1_0_1_1_0_0_1_1_0_1_1,1,0.0005266666666666667,4.988876515698588e-5,0.21311475409836064,262.0497158827993
1_1_1_1_1_0_0_1_1_1_1_1_1_1_1_1_1_1_1_0_1_0_1_1_1_0_0_0_0_1_0_0_1_1_1_1_1_1_1_0_0_1,1,0.0005266666666666667,6.798692684790379e-5,0.20218579234972678,214.91051893408135
0_1_1_1_1_0_0_1_1_1_0_0_1_1_1_1_1_0_1_0_1_0_1_1_1_0_0_0_0_1_0_0_0_1_1_0_1_1_1_0_0_1,1,0.0005266666666666667,8.653836657164782e-5,0.1912568306010929,237.02118008055936
1_0_1_0_0_1_1_0_0_0_1_1_1_1_0_0_0_1_0_1_0_1_0_0_0_1_1_1_1_0_1_1_1_0_0_1_0_0_0_1_1_0,1,0.0005266666666666666,2.8674417556808744e-5,0.23497267759562843,227.00279168271084
1_0_0_0_0_1_1_0_0_0_1_0_0_0_0_1_1_1_1_0_0_1_1_0_0_1_1_1_1_1_1_1_0_1_1_1_0_0_1_1_1_1,1,0.0005166666666666667,4.9216076867444665e-5,0.21311475409836064,243.50266043448866
0_1_0_0_0_1_1_0_0_0_0_0_0_0_0_1_1_0_1_0_1_0_1_1_0_0_0_0_0_1_1_0_1_1_1_0_0_1_1_0_0_1,1,0.0005133333333333333,3.681787005729085e-5,0.2568306010928962,226.490603333532
0_1_0_1_1_0_0_1_1_1_0_0_0_0_1_1_1_0_1_0_1_0_1_1_1_0_0_0_0_1_0_0_0_1_1_0_1_1_1_0_0_1,1,0.00051,6.480740698407858e-5,0.23497267759562843,235.72685185185185
1_0_0_0_0_1_1_0_0_0_1_0_0_0_0_0_0_0_0_1_0_0_0_1_0_1_1_1_1_0_1_1_1_0_0_1_0_0_0_1_0_0,1,0.00051,1.632993161855452e-5,0.20218579234972678,280.4253776982491
0_1_1_1_1_0_0_1_1_1_0_1_1_1_1_0_0_0_1_1_1_0_0_0_1_0_1_0_0_0_0_0_1_0_0_0_1_1_0_0_1_0,1,0.0005033333333333334,4.189935029992176e-5,0.21311475409836064,278.06381248151433
1_1_1_0_0_1_1_0_0_0_1_0_1_1_0_1_1_1_1_0_1_1_1_0_0_1_1_1_0_1_1_1_0_1_1_1_0_0_1_0_1_1,1,0.0005,3.559026084010439e-5,0.2677595628415301,233.53255963894262
0_1_1_1_1_0_0_1_1_1_0_1_1_1_1_0_0_1_1_1_1_0_0_1_1_0_0_0_0_0_0_0_1_0_0_0_1_1_0_0_1_0,1,0.0005,4.96655480858378e-5,0.20218579234972678,306.2080780502603
0_1_0_0_0_1_1_0_0_0_0_0_0_0_0_1_1_0_1_0_1_0_1_1_0_0_1_0_0_1_1_1_0_1_1_0_0_0_1_0_0_1,1,0.0004966666666666666,2.6246692913372692e-5,0.21311475409836064,238.70893173322838
1_1_0_1_1_0_0_1_1_1_1_1_1_0_1_1_1_1_1_0_1_0_1_1_1_0_0_0_0_1_0_0_1_1_1_1_1_1_1_0_1_1,1,0.0004966666666666666,1.6996731711975927e-5,0.21311475409836064,218.99452729809875
0_0_1_1_1_0_0_1_1_1_0_1_1_1_1_1_1_1_1_1_1_0_1_0_1_1_0_1_0_1_0_0_1_1_1_0_1_1_0_0_0_1,1,0.0004966666666666666,6.94422221866655e-5,0.24043715846994534,268.27695417789755
1_1_0_0_0_1_1_0_0_0_1_0_0_0_0_1_1_1_1_0_1_0_1_1_0_0_1_0_0_1_1_0_1_1_1_1_0_1_1_1_1_1,1,0.0004966666666666666,4.189935029992178e-5,0.2677595628415301,235.69980854294582
0_1_0_1_1_0_0_1_1_1_0_0_0_0_1_0_0_1_1_1_1_0_0_1_1_0_1_0_0_0_0_0_1_0_0_0_1_1_0_0_1_0,1,0.0004933333333333334,6.944222218666554e-5,0.2677595628415301,442.7617064546166
1_0_1_0_0_1_1_0_0_0_1_1_1_1_0_0_0_0_0_1_0_1_0_0_0_1_0_1_1_0_1_1_1_0_0_1_0_0_0_1_1_0,1,0.0004833333333333334,4.496912521077346e-5,0.22950819672131148,221.6271636859872
0_1_0_0_0_1_1_0_0_0_0_0_0_0_0_1_1_1_1_0_1_0_1_1_0_0_1_0_0_1_1_1_0_1_1_0_0_0_1_0_0_1,1,0.0004833333333333334,3.299831645537219e-5,0.20218579234972678,242.73643023643024
1_0_1_1_1_0_0_1_1_1_1_1_1_1_1_0_0_0_0_1_0_1_0_0_1_1_0_1_1_0_0_1_1_0_0_1_1_0_0_1_0_0,1,0.0004833333333333334,6.0184900284225965e-5,0.22404371584699453,210.3033769063181
1_1_1_1_1_0_0_1_1_1_1_1_1_1_1_0_1_0_0_0_0_1_0_1_1_0_0_0_0_0_0_0_1_0_0_1_1_1_1_1_1_0,1,0.0004833333333333333,4.714045207910304e-6,0.22950819672131148,255.2040816326531
0_1_1_1_1_0_0_1_1_1_0_1_1_1_1_0_0_0_0_1_1_0_0_1_1_0_0_0_0_0_0_0_1_0_0_0_1_1_0_0_0_0,1,0.00048,5.099019513592787e-5,0.21311475409836064,256.7026687501915
0_1_1_0_0_1_1_0_0_0_0_0_1_1_0_1_1_1_1_0_1_1_1_0_0_1_1_1_0_1_1_1_0_1_1_0_0_0_1_0_1_1,1,0.00047999999999999996,4.546060565661953e-5,0.25136612021857924,226.38215404915059
1_0_0_0_0_1_1_0_0_0_1_1_0_0_0_0_0_1_0_1_0_1_0_0_0_1_1_1_1_0_1_1_1_0_0_1_0_0_0_1_1_0,1,0.0004766666666666667,7.039570693980957e-5,0.1912568306010929,214.65465293668956
1_0_1_1_1_0_0_1_1_1_1_1_1_1_1_0_0_0_0_1_0_0_0_1_1_1_0_1_1_0_0_0_1_0_0_1_1_0_0_1_0_0,1,0.0004766666666666667,4.0276819911981915e-5,0.21311475409836064,263.9684407096172
0_0_0_0_0_1_1_0_0_0_0_1_0_1_0_0_0_0_0_1_0_1_0_0_0_1_1_1_1_0_1_1_1_0_0_0_0_0_0_1_0_0,1,0.00047333333333333326,7.133644853010896e-5,0.20765027322404372,213.83479532163742
1_1_0_0_0_1_1_0_0_0_1_0_0_1_0_1_1_1_1_0_0_1_1_1_0_0_1_0_0_1_1_1_0_1_1_1_0_1_1_1_1_1,1,0.00047,4.082482904638628e-5,0.24043715846994534,251.56983087834155
0_1_0_0_0_1_1_0_0_0_0_0_0_0_0_1_1_1_1_0_1_0_1_1_0_0_1_0_0_1_1_0_1_1_1_0_0_1_1_0_0_1,1,0.00046333333333333334,5.4365021434333616e-5,0.25136612021857924,233.6217948717949
1_0_1_1_1_0_0_1_1_1_1_1_1_1_1_0_0_1_0_1_0_1_0_0_1_1_0_1_1_0_0_0_1_0_0_1_1_1_0_1_1_0,1,0.00046333333333333334,7.133644853010896e-5,0.21311475409836064,232.4691974691975
1_0_1_0_0_1_1_0_0_0_1_0_0_1_0_0_0_0_0_1_0_1_0_0_0_1_1_1_1_0_1_1_0_0_0_1_0_0_0_1_1_0,1,0.00046000000000000007,4.966554808583779e-5,0.20218579234972678,211.5545317146897
1_0_0_0_0_1_1_0_0_0_1_0_0_1_0_0_0_0_0_1_0_1_0_0_0_1_1_1_1_0_1_1_0_0_0_1_0_0_0_1_1_0,1,0.00045000000000000004,8.16496580927726e-6,0.1912568306010929,216.5674864587908
1_1_0_1_1_0_0_1_1_1_1_0_1_0_1_1_1_1_1_0_1_0_1_1_1_0_0_0_0_1_0_0_0_1_1_1_1_1_1_0_1_1,1,0.00044333333333333334,1.6996731711975944e-5,0.2185792349726776,226.58799171842648
1_0_0_1_1_0_0_1_1_1_1_1_0_0_1_0_0_0_0_1_0_0_0_1_1_0_0_0_1_0_0_0_1_0_0_1_1_1_0_1_0_0,1,0.00044,4.9665548085837816e-5,0.25136612021857924,231.02789733779687
0_1_0_0_0_1_1_0_0_0_0_0_0_0_0_0_0_0_1_1_1_0_0_1_0_0_0_0_0_0_1_1_0_0_0_0_0_0_0_0_0_0,1,0.00043666666666666664,1.699673171197595e-5,0.25136612021857924,255.3187442823439
0_1_0_0_0_1_1_0_0_0_0_0_0_0_0_1_1_1_1_0_1_0_1_1_0_0_1_0_0_1_1_0_1_1_1_0_0_1_1_0_1_1,1,0.00043666666666666664,4.7140452079103295e-6,0.23497267759562843,225.68357998590557
1_0_0_0_0_1_1_0_0_0_1_0_0_0_0_1_1_0_0_0_0_1_1_0_0_1_1_1_1_1_1_1_0_1_1_1_0_0_1_1_0_1,1,0.0004266666666666667,5.734883511361751e-5,0.20218579234972678,272.16031746031746
0_0_1_0_0_1_1_0_0_0_0_1_0_1_0_0_0_0_0_1_0_1_0_0_0_1_1_1_1_0_1_1_1_0_0_0_0_0_0_1_0_0,1,0.0004166666666666667,7.03957069398096e-5,0.2185792349726776,208.62418300653596
0_1_0_0_0_1_1_0_0_0_0_0_0_0_0_1_1_1_1_0_1_0_1_1_0_0_1_0_0_1_1_0_0_1_1_0_0_1_1_0_1_1,1,0.0004133333333333333,3.681787005729088e-5,0.22404371584699453,212.21642639458125
0_1_0_1_1_0_0_1_1_1_0_0_0_0_1_1_1_1_1_0_1_0_1_1_1_0_1_0_0_1_0_0_0_1_1_0_1_1_1_0_0_1,1,0.00041,5.099019513592785e-5,0.22950819672131148,228.28347578347578
1_1_1_1_1_0_0_1_1_1_1_0_1_1_1_1_1_0_1_0_1_0_1_1_1_0_0_0_0_1_0_0_0_1_1_1_1_0_1_0_0_1,1,0.0004033333333333333,1.247219128924648e-5,0.2459016393442623,259.3180708180708
0_0_1_1_1_0_0_1_1_1_0_1_1_0_1_0_0_0_0_1_1_0_0_0_1_1_0_1_1_0_0_0_1_0_0_0_1_0_0_0_0_0,1,0.0004,7.483314773547883e-5,0.24043715846994534,241.16271929824563
0_1_0_1_1_0_0_1_1_1_0_1_1_0_1_1_1_1_1_0_1_0_1_1_1_0_0_0_0_1_0_0_1_1_1_0_1_1_1_0_0_1,1,0.0003966666666666667,1.8856180831641267e-5,0.20218579234972678,218.0443858492639
0_0_0_0_0_1_1_0_0_0_0_1_0_0_0_0_0_1_0_1_0_1_0_0_0_1_1_1_1_0_1_1_1_0_0_0_0_1_0_1_1_0,1,0.00038666666666666667,3.681787005729085e-5,0.2459016393442623,264.6960608930513
0_1_1_1_1_0_0_1_1_1_0_1_1_0_1_1_1_1_1_0_1_0_1_1_1_0_0_0_0_1_0_0_1_1_1_0_1_1_1_0_0_1,1,0.00037999999999999997,0.00010198039027185568,0.1912568306010929,211.21579400991166
1_0_1_1_1_0_0_1_1_1_1_1_1_1_1_0_0_0_0_1_0_1_0_0_1_1_0_1_1_0_0_1_1_0_0_1_1_0_0_1_1_0,1,0.00037999999999999997,8.16496580927726e-6,0.24043715846994534,208.8645730750994
1_1_0_1_1_0_0_1_1_1_1_0_0_0_1_1_1_1_1_0_1_0_1_1_1_0_1_0_0_1_0_0_1_1_1_1_1_1_1_1_0_1,1,0.00037999999999999997,8.485281374238572e-5,0.273224043715847,234.60955710955713
0_1_0_0_0_1_1_0_0_0_0_0_0_0_0_1_1_0_1_0_1_0_1_1_0_0_1_0_0_1_1_0_1_1_1_0_0_1_1_0_0_1,1,0.00037666666666666664,3.8586123009300736e-5,0.26229508196721313,211.7636925571262
0_1_1_1_1_0_0_1_1_1_0_1_1_1_1_0_0_0_1_1_1_0_0_1_1_0_0_0_0_0_0_0_1_0_0_0_1_1_0_0_0_0,1,0.00036666666666666667,3.299831645537221e-5,0.20765027322404372,235.97273548493058
1_1_0_0_0_1_1_0_0_0_1_0_0_0_0_1_1_0_1_0_1_0_1_1_0_0_1_0_0_1_1_1_0_1_1_1_0_0_1_1_0_1,1,0.00036333333333333335,6.649979114420001e-5,0.2459016393442623,253.74911816578484
1_0_1_1_1_0_0_1_1_1_1_1_1_1_1_0_0_0_0_1_0_1_0_0_1_1_0_1_1_0_0_1_0_0_0_1_1_0_0_1_0_0,1,0.00035666666666666664,2.8674417556808744e-5,0.23497267759562843,232.2355769230769
1_0_0_0_0_1_1_0_0_0_1_0_0_1_0_0_0_1_0_1_0_1_0_0_0_1_1_1_1_0_1_1_0_0_0_1_0_0_0_1_1_0,1,0.00035666666666666664,1.699673171197595e-5,0.20218579234972678,232.4714727996462
1_1_0_0_0_1_1_0_0_0_1_0_0_0_0_1_1_0_1_0_1_0_1_1_0_0_0_0_0_1_1_0_1_1_1_1_0_1_1_1_0_1,1,0.00035000000000000005,8.16496580927726e-6,0.2896174863387978,236.7910052910053
1_1_1_1_1_0_0_1_1_1_1_1_1_1_1_1_1_0_0_0_1_0_1_1_1_0_1_0_0_1_0_0_1_1_1_1_1_1_1_0_0_1,1,0.00035000000000000005,5.3541261347363375e-5,0.21311475409836064,231.75764614789003
1_0_1_1_1_0_0_1_1_1_1_1_1_1_1_0_0_1_0_1_0_1_0_0_1_1_0_1_1_0_0_1_0_0_0_1_1_0_0_1_1_0,1,0.00035000000000000005,0.00010614455552060439,0.26229508196721313,217.87633813215209
1_1_0_1_1_0_0_1_1_1_1_1_0_0_1_0_1_0_0_0_0_1_0_1_1_0_1_0_0_0_0_0_1_0_0_1_1_1_1_1_1_0,1,0.00035000000000000005,5.3541261347363375e-5,0.2786885245901639,227.08023439260762
1_0_1_1_1_0_0_1_1_1_1_1_1_1_1_1_1_1_0_0_0_1_1_0_1_1_1_1_1_1_0_0_1_1_1_1_1_1_1_1_1_1,1,0.0003466666666666667,2.3570226039551595e-5,0.25136612021857924,267.5544922913344
1_0_0_0_0_1_1_0_0_0_1_1_0_0_0_1_1_1_0_0_0_1_1_0_0_1_1_1_1_1_1_1_1_1_1_1_0_1_1_1_1_1,1,0.0003466666666666667,2.3570226039551595e-5,0.24043715846994534,262.2355130249867
0_1_0_0_0_1_1_0_0_0_0_0_0_0_0_1_1_1_1_0_1_0_1_1_0_0_1_0_0_1_1_0_0_1_1_0_0_1_1_0_0_1,1,0.0003466666666666667,5.557777333511022e-5,0.24043715846994534,224.47213880547213
0_1_1_1_1_0_0_1_1_1_0_0_1_0_1_1_1_1_1_0_1_0_1_1_1_0_0_0_0_1_0_0_0_1_1_0_1_1_1_0_1_1,1,0.00034333333333333335,7.133644853010899e-5,0.18032786885245902,208.3915544332211
0_0_1_1_1_0_0_1_1_1_0_1_1_1_1_0_0_1_0_1_0_1_0_0_1_1_0_1_1_0_0_0_1_0_0_0_1_1_0_0_1_0,1,0.00034333333333333335,1.6996731711975944e-5,0.2459016393442623,261.9540343915344
0_0_0_0_0_1_1_0_0_0_0_1_0_0_0_1_1_1_1_1_1_0_1_0_0_1_1_1_0_1_1_0_1_1_1_0_0_1_0_0_0_1,1,0.0003366666666666667,5.4365021434333636e-5,0.3005464480874317,299.4737224157956
1_0_1_0_0_1_1_0_0_0_1_0_1_1_0_1_1_1_1_0_1_1_1_0_0_1_0_1_1_1_1_1_0_1_1_1_0_0_1_0_0_1,1,0.0003366666666666667,1.8856180831641267e-5,0.2786885245901639,300.77112135176657
0_0_0_0_0_1_1_0_0_0_0_0_0_0_0_0_0_1_1_1_0_1_0_0_0_1_0_1_1_0_1_1_0_0_0_0_0_0_0_1_1_0,1,0.0003366666666666667,5.436502143433365e-5,0.21311475409836064,236.896268738374
0_1_0_1_1_0_0_1_1_1_0_1_1_0_1_1_1_1_1_0_1_0_1_1_1_0_0_0_0_1_0_0_1_1_1_0_1_1_1_0_1_1,1,0.0003333333333333333,3.091206165165235e-5,0.18579234972677597,204.59368728334243
0_0_1_0_0_1_1_0_0_0_0_1_1_1_0_0_0_1_0_1_0_1_0_0_0_1_1_1_1_0_1_1_1_0_0_0_0_0_0_0_1_0,1,0.0003333333333333333,6.236095644623236e-5,0.2677595628415301,229.9095238095238
0_1_0_1_1_0_0_1_1_1_0_1_0_0_1_0_0_0_0_1_0_0_0_1_1_0_1_0_0_0_0_0_1_0_0_0_1_1_0_1_1_0,1,0.00033,1.4142135623730961e-5,0.2786885245901639,306.3314358001265
0_0_0_0_0_1_1_0_0_0_0_1_0_0_0_0_0_0_0_1_0_0_0_1_0_0_0_0_1_0_1_0_1_0_0_0_0_1_0_1_0_0,1,0.0003266666666666667,3.299831645537221e-5,0.2896174863387978,215.39220254737495
1_1_1_0_0_1_1_1_0_0_1_1_0_1_0_0_1_1_1_0_0_1_1_1_0_0_1_0_0_1_1_0_1_1_1_1_0_1_1_1_1_0,1,0.0003266666666666667,4.98887651569859e-5,0.2896174863387978,249.6233230134159
1_1_1_1_1_0_0_1_1_1_1_0_1_1_1_1_1_1_1_0_1_1_1_0_1_1_1_1_0_1_0_1_0_1_1_1_1_0_1_0_1_1,1,0.0003266666666666667,1.885618083164129e-5,0.2896174863387978,219.13725490196077
1_0_0_0_0_1_1_0_0_0_1_1_0_1_0_0_0_0_0_1_0_1_0_0_0_1_1_1_1_0_1_1_1_0_0_1_0_0_0_1_0_0,1,0.00032,8.16496580927726e-6,0.18032786885245902,191.47513440860214
0_0_0_0_0_1_1_0_0_0_0_0_0_1_0_0_0_0_0_1_0_0_0_1_0_1_1_1_1_0_1_1_0_0_0_0_0_0_0_1_0_0,1,0.00032,4.3204937989385757e-5,0.23497267759562843,241.01044277360066
0_0_1_0_0_1_1_0_0_0_0_1_1_1_0_0_0_1_0_1_0_1_0_0_0_1_0_1_1_0_1_1_0_0_0_0_0_0_0_0_1_0,1,0.00032,6.97614984548545e-5,0.28415300546448086,237.7197526007518
1_1_1_1_1_0_0_1_1_1_1_0_1_1_1_0_0_0_0_0_0_1_0_1_1_0_0_0_1_0_0_1_0_0_0_1_1_0_1_1_1_0,1,0.00031999999999999997,6.377042156569664e-5,0.3005464480874317,322.5131199724696
1_1_0_1_1_0_0_1_1_1_1_0_0_0_1_1_1_1_1_0_1_0_1_1_1_0_0_0_0_1_0_0_0_1_1_1_1_1_1_1_0_1,1,0.0003166666666666667,5.2493385826745404e-5,0.2568306010928962,236.68893473491175
1_0_0_0_0_1_1_0_0_0_1_0_0_1_0_0_0_0_0_1_0_1_0_0_0_1_1_1_1_0_1_1_0_0_0_1_0_0_0_1_0_0,1,0.00031666666666666665,6.018490028422598e-5,0.17486338797814208,219.38638373121134
1_1_0_0_0_1_1_0_0_0_1_0_0_1_0_1_1_1_1_0_1_0_1_1_0_0_1_0_0_1_1_0_0_1_1_1_0_1_1_1_1_1,1,0.0003133333333333334,2.4944382578492968e-5,0.273224043715847,221.71918767507
1_0_1_0_0_1_1_0_0_0_1_0_1_1_0_1_1_0_0_0_0_1_1_1_0_1_1_1_1_1_1_1_0_1_1_1_0_0_1_0_0_1,1,0.0003133333333333334,6.0184900284225965e-5,0.2677595628415301,238.22135434667405
0_0_1_0_0_1_1_0_0_0_0_0_1_1_0_1_0_1_1_1_1_0_1_0_0_1_0_1_1_1_1_1_0_1_1_0_0_0_0_0_0_1,1,0.00031333333333333327,1.247219128924648e-5,0.2786885245901639,228.58944281524927
0_1_1_1_1_0_0_1_1_1_0_1_1_0_1_1_1_1_1_0_1_0_1_1_1_0_0_0_0_1_0_0_1_1_1_0_1_1_1_0_1_1,1,0.00031,4.320493798938573e-5,0.17486338797814208,195.6952380952381
1_0_1_0_0_1_1_0_0_0_1_0_0_1_0_0_0_0_0_1_0_1_0_0_0_1_1_1_1_0_1_1_0_0_0_1_0_0_0_1_0_0,1,0.0003066666666666667,6.342099196813483e-5,0.18579234972677597,224.23423423423424
0_0_1_1_1_0_0_1_1_1_0_1_1_0_1_0_0_0_0_1_0_1_0_0_1_1_0_1_1_0_0_1_1_0_0_0_1_0_0_0_0_0,1,0.0003066666666666667,5.185449728701349e-5,0.273224043715847,225.49707602339183
1_1_0_1_1_0_0_1_1_1_1_1_0_0_1_1_1_1_1_0_0_1_1_1_1_0_1_0_0_1_0_0_1_1_1_1_1_1_1_1_1_1,1,0.0003066666666666666,2.0548046676563267e-5,0.273224043715847,232.04824745147326
0_0_1_1_1_0_0_1_1_1_0_1_1_1_1_0_0_1_0_1_0_1_0_0_1_1_1_1_1_0_0_1_0_0_0_0_1_0_0_0_1_0,1,0.00030333333333333335,3.299831645537224e-5,0.2896174863387978,222.9411764705882
1_1_1_1_1_0_0_1_1_1_1_0_1_1_1_1_1_1_1_0_1_0_1_1_1_0_0_0_0_1_0_0_0_1_1_1_1_1_1_0_0_1,1,0.00030333333333333335,8.219218670625301e-5,0.20765027322404372,196.95462373342946
0_1_1_1_1_0_0_1_1_1_0_0_1_1_1_0_0_0_0_1_1_0_0_1_1_0_0_0_0_0_0_0_0_0_0_0_1_0_0_0_0_0,1,0.0003,5.099019513592785e-5,0.2459016393442623,261.5824275362319
0_1_0_1_1_0_0_1_1_1_0_0_0_0_1_0_0_0_1_1_1_0_0_1_1_0_1_0_0_0_0_0_1_0_0_0_1_1_0_0_0_0,1,0.00029666666666666665,3.3993463423951894e-5,0.273224043715847,274.7992179863148
1_0_1_0_0_1_1_0_0_0_1_0_0_1_0_0_0_1_0_1_0_1_0_0_0_1_1_1_1_0_1_1_0_0_0_1_0_0_0_1_1_0,1,0.00029666666666666665,5.792715732327589e-5,0.21311475409836064,221.02422070164005
1_0_1_1_1_0_0_1_1_1_1_1_1_1_1_0_0_0_0_1_0_0_0_1_1_0_0_0_1_0_0_0_1_0_0_1_1_1_0_1_0_0,1,0.00029666666666666665,2.494438257849294e-5,0.20765027322404372,220.44390262781067
1_1_1_0_0_1_1_0_0_0_1_0_1_1_0_1_1_1_1_0_1_1_1_0_0_1_0_1_0_1_1_1_0_1_1_1_0_0_1_0_1_1,1,0.00029666666666666665,2.6246692913372722e-5,0.273224043715847,235.6374069478908
1_0_0_0_0_1_1_0_0_0_1_0_0_0_0_1_1_1_0_0_0_1_1_0_0_1_1_1_1_1_1_1_0_1_1_1_0_0_1_1_1_1,1,0.0002933333333333333,2.6246692913372705e-5,0.20765027322404372,231.77409010742346
0_0_1_1_1_0_0_0_1_1_0_0_1_0_1_0_0_0_0_1_1_0_0_0_1_1_0_1_1_0_0_1_0_0_0_0_1_0_0_0_0_0,1,0.0002933333333333333,6.0184900284225965e-5,0.29508196721311475,277.37400793650795
0_1_1_1_1_0_0_1_1_1_0_0_1_1_1_0_0_0_1_1_1_0_0_1_1_0_0_0_0_0_0_0_0_0_0_0_1_0_0_0_0_0,1,0.0002933333333333333,2.8674417556808764e-5,0.24043715846994534,257.6280041797283
0_1_0_1_1_0_0_1_1_1_0_1_0_0_1_0_0_1_1_1_1_0_0_0_1_0_0_0_0_0_0_0_1_0_0_0_1_1_0_1_1_0,1,0.0002933333333333333,4.4969125210773474e-5,0.2677595628415301,266.94691480017565
1_1_0_0_0_1_1_1_0_0_1_1_0_1_0_0_1_0_0_0_0_1_0_1_0_0_1_0_0_0_1_0_1_0_0_1_0_1_1_1_1_0,1,0.00029,8.04155872120988e-5,0.3224043715846995,266.446275946276
0_0_0_0_0_1_1_0_0_0_0_1_0_0_0_0_0_0_0_1_0_1_0_0_0_1_1_1_1_0_1_1_1_0_0_0_0_1_0_1_1_0,1,0.00029,6.683312551921141e-5,0.23497267759562843,224.3286667848071
0_1_0_0_0_1_1_0_0_0_0_0_0_0_0_1_1_1_1_0_1_1_1_0_0_1_1_1_0_1_1_1_0_1_1_0_0_0_1_0_1_1,1,0.00029,6.164414002968977e-5,0.20765027322404372,204.76424476424475
1_0_1_0_0_1_1_0_0_0_1_1_1_1_0_1_1_1_0_0_0_1_1_0_0_1_0_1_1_1_1_1_0_1_1_1_0_0_1_1_1_1,1,0.00028999999999999995,2.94392028877595e-5,0.273224043715847,278.54867354867355
1_0_1_1_1_0_0_1_1_1_1_1_1_1_1_0_0_1_0_1_0_1_0_0_1_1_1_1_1_0_0_1_1_0_0_1_1_0_0_1_1_0,1,0.0002866666666666667,5.4365021434333636e-5,0.2459016393442623,204.38627344877344
1_1_0_1_1_0_0_1_1_1_1_0_0_0_1_1_1_0_1_0_1_0_1_1_1_0_1_0_0_1_0_0_1_1_1_1_1_1_1_1_0_1,1,0.0002866666666666667,5.4365021434333636e-5,0.28415300546448086,233.1597222222222
0_0_1_0_0_1_1_0_0_0_0_1_1_1_0_0_0_0_0_1_0_1_0_0_0_1_1_1_1_0_1_1_1_0_0_0_0_0_0_0_1_0,1,0.0002866666666666667,7.586537784494028e-5,0.2568306010928962,227.92429792429792
1_1_1_1_1_0_0_1_1_1_1_0_1_1_1_1_1_0_1_0_1_0_1_1_1_0_0_0_0_1_0_0_0_1_1_1_1_1_1_0_0_1,1,0.0002866666666666667,8.379870059984357e-5,0.2185792349726776,209.56410256410254
1_1_0_0_0_1_1_1_0_0_1_1_0_1_0_1_1_1_1_0_0_1_1_1_0_0_1_0_0_1_1_0_1_1_1_1_0_1_1_1_1_1,1,0.0002866666666666667,6.599663291074443e-5,0.29508196721311475,267.18518518518516
1_1_0_0_0_1_1_0_0_0_1_0_0_0_0_1_1_1_1_0_1_0_1_1_0_0_0_0_0_1_1_0_1_1_1_1_0_1_1_1_0_1,1,0.0002866666666666666,2.0548046676563267e-5,0.2786885245901639,211.77348050540488
0_0_0_0_0_1_1_0_0_0_0_1_0_0_0_0_0_0_0_1_0_1_0_0_0_1_1_1_1_0_1_1_1_0_0_0_0_0_0_1_1_0,1,0.00028333333333333335,7.318166133366715e-5,0.20765027322404372,174.46028916617152
0_0_0_0_0_1_1_0_0_0_0_0_0_0_0_0_0_1_1_1_1_0_1_0_0_1_0_1_1_1_1_1_1_1_1_0_0_0_0_0_0_1,1,0.00028333333333333335,8.178562764256865e-5,0.24043715846994534,272.5360838779956
1_1_1_1_1_0_0_1_1_1_1_0_1_1_1_1_1_1_1_0_1_0_1_1_1_0_0_0_0_1_0_0_0_1_1_1_1_0_1_0_0_1,1,0.00028333333333333335,6.128258770283413e-5,0.23497267759562843,215.2380952380952
0_1_1_1_1_0_0_1_1_1_0_1_1_1_1_0_0_1_1_1_1_0_0_0_1_0_0_0_0_0_0_0_1_0_0_0_1_1_0_0_1_0,1,0.0002833333333333333,4.6427960923947056e-5,0.2185792349726776,232.9090909090909
1_1_0_0_0_1_1_0_0_0_1_0_0_0_0_1_1_1_1_0_1_0_1_1_0_0_1_0_0_1_1_1_0_1_1_1_0_0_1_1_0_1,1,0.00028000000000000003,2.9439202887759487e-5,0.23497267759562843,231.5920467185762
0_0_0_1_1_0_0_0_1_1_0_0_1_0_1_1_0_0_0_1_1_0_0_0_1_1_0_1_1_0_0_1_0_0_0_0_1_0_0_0_0_1,1,0.00028000000000000003,2.1602468994692875e-5,0.2896174863387978,251.73498146616427
0_0_1_1_1_0_0_1_1_1_0_1_1_1_1_0_0_0_0_1_0_1_0_0_1_1_1_1_1_0_0_1_0_0_0_0_1_0_0_0_1_0,1,0.00027666666666666665,6.018490028422597e-5,0.2786885245901639,208.75454545454545
0_0_1_0_0_1_1_0_0_0_0_0_1_1_0_0_0_0_0_1_1_0_0_0_0_1_0_1_1_0_1_1_0_0_0_0_0_0_0_0_0_0,1,0.00027666666666666665,2.6246692913372695e-5,0.273224043715847,220.154214559387
1_1_0_1_1_0_0_1_1_1_1_0_0_0_1_1_1_0_1_0_1_0_1_1_1_0_0_0_0_1_0_0_0_1_1_1_1_1_1_1_0_1,1,0.00027666666666666665,4.784233364802441e-5,0.2677595628415301,235.67063492063494
1_1_1_1_1_0_0_1_1_1_1_1_1_1_1_1_1_0_0_0_0_1_0_1_1_0_1_0_0_0_0_0_0_0_0_1_1_1_1_1_1_0,1,0.00027666666666666665,2.357022603955159e-5,0.24043715846994534,251.86517783291978
0_1_0_1_1_0_0_1_1_1_0_1_1_0_1_1_1_0_1_0_1_0_1_1_1_0_0_0_0_1_0_0_1_1_1_0_1_1_1_0_0_1,1,0.00027666666666666665,5.734883511361751e-5,0.21311475409836064,221.41798941798945
1_0_0_0_0_1_1_0_0_0_1_0_0_1_0_1_1_1_0_0_0_1_1_0_0_1_1_1_1_1_1_1_0_1_1_1_0_0_1_1_0_1,1,0.00027333333333333333,4.642796092394707e-5,0.2185792349726776,390.3126710454297
0_1_0_1_1_0_0_1_1_1_0_0_0_0_1_0_0_0_1_1_1_0_0_1_1_0_0_0_0_0_0_0_1_0_0_0_1_1_0_0_1_0,1,0.00027,1.632993161855452e-5,0.26229508196721313,303.1061728395062
0_0_0_1_1_0_0_1_1_1_0_1_1_0_1_0_0_0_0_1_1_0_0_0_1_1_0_1_1_0_0_0_1_0_0_0_1_0_0_0_0_0,1,0.00027,5.715476066494083e-5,0.25136612021857924,264.00689905591867
0_1_0_0_0_1_1_0_0_0_0_0_0_0_0_1_1_0_1_0_1_0_1_1_0_0_0_0_0_1_1_0_0_1_1_0_0_1_1_0_0_1,1,0.0002666666666666666,7.586537784494028e-5,0.2459016393442623,206.67521994134896
0_0_1_1_1_0_0_1_1_1_0_1_1_1_1_0_0_0_0_1_0_1_0_0_1_1_0_1_1_0_0_0_1_0_0_0_1_1_0_0_1_0,1,0.0002666666666666666,2.0548046676563253e-5,0.23497267759562843,242.0338441890166
0_0_1_0_0_1_1_0_0_0_0_1_1_1_0_0_0_0_0_1_0_1_0_0_0_1_0_1_1_0_1_1_0_0_0_0_0_0_0_0_1_0,1,0.00026333333333333336,5.436502143433364e-5,0.273224043715847,220.0484383476711
0_1_0_1_1_0_0_1_1_1_0_0_0_0_1_1_1_0_1_0_1_0_1_1_1_0_1_0_0_1_0_0_0_1_1_0_1_1_1_0_0_1,1,0.0002633333333333333,4.7140452079103295e-6,0.24043715846994534,213.64672364672364
1_0_0_0_0_1_1_0_0_0_1_1_0_0_0_1_1_1_1_0_0_1_1_0_0_1_1_1_1_1_1_1_1_1_1_1_0_1_1_1_1_1,1,0.00025666666666666665,2.8674417556808754e-5,0.2459016393442623,273.6910216220561
0_0_0_0_0_1_1_0_0_0_0_1_0_0_0_1_0_1_1_1_1_0_1_0_0_1_1_1_0_1_1_0_1_1_1_0_0_1_0_0_0_1,1,0.00025666666666666665,3.681787005729085e-5,0.29508196721311475,294.3015873015873
1_1_1_0_0_1_1_0_0_0_1_0_0_1_0_1_1_1_1_0_0_1_1_1_0_0_1_0_0_1_1_1_0_1_1_1_0_1_1_1_1_1,1,0.00025333333333333333,3.858612300930075e-5,0.25136612021857924,261.1541081311196
0_1_1_1_1_0_0_1_1_1_0_1_1_0_1_0_0_0_1_1_1_0_0_1_1_0_0_0_0_0_0_0_1_0_0_0_1_1_0_0_1_0,1,0.00025333333333333333,3.858612300930075e-5,0.2185792349726776,410.8771817794806
0_0_0_0_0_1_1_0_0_0_0_1_0_0_0_0_0_1_0_1_0_1_0_0_0_1_1_1_1_0_1_1_1_0_0_0_0_0_0_1_1_0,1,0.00025333333333333333,2.0548046676563243e-5,0.2185792349726776,211.94244306418219
0_1_0_1_1_0_0_1_1_1_0_0_0_0_1_0_0_0_0_1_1_0_0_1_1_0_0_0_0_0_0_0_1_0_0_0_1_1_0_0_0_0,1,0.00025333333333333333,4.6427960923947056e-5,0.273224043715847,260.50942170240415
0_1_1_1_1_0_0_1_1_1_0_1_1_1_1_0_0_0_1_1_1_0_0_0_1_0_0_0_0_0_0_0_1_0_0_0_1_1_0_0_1_0,1,0.00025333333333333333,2.8674417556808754e-5,0.2185792349726776,251.29070010449323
0_0_1_1_1_0_0_0_1_1_0_0_1_0_1_1_0_1_1_1_1_0_1_0_1_1_0_1_1_1_0_1_0_1_1_0_1_0_0_0_0_1,1,0.00025,4.082482904638629e-5,0.3224043715846995,289.23333333333335
1_1_0_1_1_0_1_1_1_1_1_1_0_0_1_0_1_1_1_0_0_1_1_1_1_0_0_0_0_1_0_0_1_1_1_1_1_1_1_1_1_0,1,0.0002466666666666667,9.42809041582062e-6,0.28415300546448086,252.9594017094017
1_0_1_0_0_1_1_1_0_0_1_1_1_1_0_1_1_1_0_0_0_1_1_0_0_1_1_1_1_1_1_0_1_1_1_1_0_1_1_1_1_1,1,0.0002466666666666667,4.9216076867444665e-5,0.3224043715846995,255.70930013205057
1_0_1_0_0_1_1_0_0_0_1_1_0_1_0_0_0_0_0_1_0_1_0_0_0_1_1_1_1_0_1_1_1_0_0_1_0_0_0_1_1_0,1,0.00024333333333333336,3.299831645537221e-5,0.20765027322404372,192.46603970741901
1_0_0_0_0_1_1_0_0_0_1_0_0_0_0_1_1_0_0_0_0_1_1_1_0_1_1_1_1_1_1_1_0_1_1_1_0_0_1_1_0_1,1,0.00024333333333333333,4.714045207910317e-6,0.2185792349726776,247.74444444444444
1_0_1_0_0_1_1_0_0_0_1_1_0_1_0_0_0_0_0_1_0_1_0_0_0_1_1_1_1_0_1_1_1_0_0_1_0_0_0_1_0_0,1,0.00024333333333333333,4.1096093353126506e-5,0.1912568306010929,221.66146400483967
1_0_1_0_0_1_1_0_0_0_1_0_1_1_0_0_0_0_0_1_0_0_0_1_0_1_1_1_1_0_1_1_0_0_0_1_0_0_0_1_0_0,1,0.00024333333333333333,4.1096093353126506e-5,0.2568306010928962,220.62891712038717
0_1_1_1_1_0_0_1_1_1_0_0_1_1_1_0_0_0_1_1_1_0_0_1_1_0_1_0_0_0_0_0_0_0_0_0_1_1_0_0_1_0,1,0.00024,7.257180352359081e-5,0.21311475409836064,236.79271708683473
0_1_1_1_1_0_0_1_1_1_0_1_1_0_1_1_1_0_1_0_1_0_1_1_1_0_0_0_0_1_0_0_1_1_1_0_1_1_1_0_0_1,1,0.00024,2.1602468994692858e-5,0.20218579234972678,226.6107448107448
0_0_1_1_1_0_0_1_1_1_0_1_1_1_1_0_0_1_1_1_1_0_1_0_1_1_1_1_1_1_0_0_1_1_1_0_1_0_0_0_0_1,1,0.00023999999999999998,3.74165738677394e-5,0.26229508196721313,285.7453634085213
1_1_1_0_0_1_1_1_0_0_1_1_0_1_0_1_1_1_1_0_0_1_1_1_0_0_1_0_0_1_1_0_1_1_1_1_0_1_1_1_1_1,1,0.00023666666666666668,3.858612300930075e-5,0.30601092896174864,287.7742946708464
1_1_1_1_1_0_0_1_1_1_1_1_1_0_1_1_1_1_1_0_1_1_1_0_1_0_0_0_0_1_0_0_1_1_1_1_1_1_1_0_1_1,1,0.00023333333333333333,2.62466929133727e-5,0.23497267759562843,245.39923039923042
1_1_1_1_1_0_0_1_1_1_1_0_1_1_1_0_1_0_0_0_0_1_0_1_1_0_0_0_1_0_0_1_0_0_0_1_1_0_1_1_1_0,1,0.00023333333333333333,4.02768199119819e-5,0.29508196721311475,317.00136836343734
0_1_1_1_1_0_0_1_1_1_0_0_1_0_1_1_1_1_1_0_1_0_1_1_1_0_0_0_0_1_0_0_0_1_1_0_1_1_1_0_0_1,1,0.00023000000000000003,4.546060565661952e-5,0.19672131147540983,201.81295715778478
1_0_1_0_0_1_1_0_0_0_1_1_1_1_0_0_0_1_0_1_0_1_0_0_0_1_0_1_1_0_1_1_1_0_0_1_0_0_0_1_1_0,1,0.00023000000000000003,6.97614984548545e-5,0.24043715846994534,226.10855094726062
0_1_0_0_0_1_1_0_0_0_0_0_0_0_0_0_0_0_1_1_1_0_0_1_0_0_1_0_0_0_1_1_0_0_0_0_0_0_0_0_0_0,1,0.00022666666666666668,3.299831645537221e-5,0.2568306010928962,260.61481481481485
0_1_1_1_1_0_0_1_1_1_0_0_1_1_1_1_1_1_1_0_1_1_1_0_1_1_1_1_0_1_0_1_0_1_1_0_1_0_1_0_1_1,1,0.00022666666666666668,1.6996731711975947e-5,0.273224043715847,180.77489177489178
0_0_0_0_0_1_1_0_0_0_0_1_0_0_0_0_0_1_1_1_0_1_0_0_0_1_0_1_1_0_1_1_1_0_0_0_0_1_0_1_1_0,1,0.00022666666666666668,1.247219128924647e-5,0.2459016393442623,234.44271911663213
0_0_0_0_0_1_1_0_0_0_0_1_0_0_0_0_0_0_0_1_0_0_0_1_0_0_1_0_1_0_1_0_1_0_0_0_0_1_0_1_0_0,1,0.00022666666666666668,4.109609335312649e-5,0.29508196721311475,224.99759499759497
0_0_1_1_1_0_0_1_1_1_0_1_1_0_1_1_0_1_1_1_1_0_1_0_1_1_0_1_0_1_0_0_1_1_1_0_1_1_0_0_0_1,1,0.00022333333333333333,5.906681715556451e-5,0.25136612021857924,227.5654592321259
0_0_0_1_1_0_0_1_1_1_0_1_0_0_1_0_0_0_0_1_0_0_0_1_1_0_1_0_1_0_0_0_1_0_0_0_1_1_0_1_0_0,1,0.00022333333333333333,4.027681991198189e-5,0.273224043715847,218.0639097744361
1_1_1_1_1_0_0_1_1_1_1_0_1_1_1_1_1_0_0_0_1_0_1_1_1_0_1_0_0_1_0_0_0_1_1_1_1_0_1_0_0_1,1,0.00022333333333333333,1.247219128924647e-5,0.2459016393442623,244.65728715728713
0_0_1_0_0_1_0_0_0_0_0_0_1_1_0_1_0_0_0_1_1_0_0_0_0_1_1_1_1_0_1_1_0_0_0_0_0_0_0_0_0_1,1,0.00022333333333333333,6.182412330330468e-5,0.28415300546448086,226.7588801225074
0_1_1_1_1_0_0_1_1_1_0_0_1_0_1_1_1_0_1_0_1_0_1_1_1_0_0_0_0_1_0_0_0_1_1_0_1_0_1_0_0_1,1,0.00022,1.414213562373095e-5,0.23497267759562843,229.10144927536228
1_0_0_0_0_1_1_0_0_0_1_0_0_0_0_0_1_0_0_0_0_1_1_1_0_1_0_1_1_1_1_1_1_1_1_1_0_0_1_1_0_1,1,0.00022,2.1602468994692865e-5,0.22950819672131148,216.69336384439362
0_0_0_1_1_0_0_0_1_1_0_0_1_0_1_0_0_0_0_1_1_0_0_0_1_1_0_1_1_0_0_1_0_0_0_0_1_0_0_0_0_0,1,0.00022,4.5460605656619504e-5,0.30601092896174864,269.39075630252097
0_1_0_1_1_0_0_1_1_1_0_1_0_0_1_0_0_0_1_1_1_0_0_0_1_0_0_0_0_0_0_0_1_0_0_0_1_1_0_1_1_0,1,0.00021666666666666666,1.6996731711975947e-5,0.2677595628415301,268.94444444444446
0_1_1_1_1_0_0_1_1_1_0_1_1_1_1_1_0_1_1_1_1_0_0_0_1_0_1_0_0_0_0_0_0_0_0_0_1_1_0_0_1_0,1,0.00021666666666666666,9.428090415820634e-6,0.22950819672131148,230.503795721187
0_1_0_1_1_0_0_1_1_1_0_0_1_0_1_1_1_1_1_0_1_0_1_1_1_0_0_0_0_1_0_0_0_1_1_0_1_1_1_0_1_1,1,0.00021666666666666666,3.681787005729085e-5,0.1912568306010929,196.2086932675168
0_1_0_0_0_1_1_1_0_0_0_1_0_1_0_0_0_0_0_1_0_0_0_1_0_0_1_0_0_0_1_0_1_0_0_0_0_1_0_1_1_0,1,0.00021333333333333336,2.0548046676563253e-5,0.3224043715846995,329.32748538011697
1_0_1_0_0_1_1_0_0_0_1_1_1_1_0_1_1_1_0_0_0_1_1_0_0_1_1_1_1_1_1_1_0_1_1_1_0_0_1_1_0_1,1,0.00021333333333333336,2.0548046676563253e-5,0.26229508196721313,277.91771094402674
1_1_0_0_0_1_1_0_0_0_1_0_0_0_0_1_1_0_0_0_0_1_0_1_0_0_0_0_0_0_1_1_0_0_0_1_0_1_1_1_1_0,1,0.0002133333333333333,4.496912521077348e-5,0.26229508196721313,232.42222222222222
0_1_0_1_1_0_0_0_1_1_0_0_0_0_1_0_0_0_1_1_1_0_0_1_1_0_0_0_0_0_0_1_0_0_0_0_1_0_0_0_0_0,1,0.00021,4.242640687119286e-5,0.3224043715846995,267.86111111111114
1_0_0_1_1_0_0_1_1_1_1_1_0_0_1_0_0_0_0_1_0_0_0_1_1_0_1_0_1_0_0_0_1_0_0_1_1_1_0_1_0_0,1,0.00020999999999999998,3.5590260840104354e-5,0.2568306010928962,210.9761583445794
0_0_1_1_1_0_0_1_1_1_0_1_1_0_1_0_0_0_0_1_0_1_0_0_1_1_0_1_1_0_0_1_0_0_0_0_1_0_0_0_0_0,1,0.0002066666666666667,3.091206165165234e-5,0.28415300546448086,222.50721247563354
0_1_0_1_1_0_0_1_1_1_0_1_0_0_1_1_1_1_1_0_1_1_1_0_1_0_0_0_0_1_0_0_1_1_1_0_1_1_1_0_1_1,1,0.00020666666666666666,2.6246692913372702e-5,0.2568306010928962,244.63806866620166
1_0_1_0_0_1_1_0_0_0_1_1_1_1_0_1_1_1_1_0_0_1_1_0_0_1_1_1_1_1_1_1_0_1_1_1_0_0_1_1_1_1,1,0.00020666666666666663,4.496912521077347e-5,0.273224043715847,264.4932844932845
0_1_0_1_1_0_0_1_1_1_0_1_1_0_1_0_0_0_1_1_1_0_0_1_1_0_0_0_0_0_0_0_1_0_0_0_1_1_0_0_1_0,1,0.00020333333333333336,3.299831645537221e-5,0.22950819672131148,379.6592592592592
0_0_1_1_1_0_0_1_1_1_0_1_1_1_1_0_0_1_0_1_0_1_0_0_1_1_0_1_1_0_0_1_0_0_0_0_1_0_0_0_1_0,1,0.00020333333333333336,2.494438257849294e-5,0.29508196721311475,229.21284455811312
0_1_1_1_1_0_0_1_1_1_0_0_1_1_1_0_0_0_0_1_1_0_0_1_1_0_1_0_0_0_0_0_0_0_0_0_1_1_0_0_0_0,1,0.00020333333333333336,4.784233364802441e-5,0.22404371584699453,216.25
0_1_0_1_1_0_0_1_1_1_0_0_1_0_1_1_1_1_1_0_1_0_1_1_1_0_0_0_0_1_0_0_0_1_1_0_1_1_1_0_0_1,1,0.00020333333333333336,3.681787005729087e-5,0.20765027322404372,188.90833333333333
0_0_1_0_0_1_1_0_0_0_0_0_0_1_0_0_0_1_0_1_0_1_0_0_0_1_1_1_1_0_1_1_0_0_0_0_0_0_0_1_1_0,1,0.0002,2.1602468994692865e-5,0.24043715846994534,211.07418725065781
1_0_1_0_0_1_1_0_0_0_1_0_1_1_0_1_1_1_0_0_0_1_1_1_0_1_1_1_1_1_1_1_0_1_1_1_0_0_1_0_0_1,1,0.0002,6.976149845485448e-5,0.2677595628415301,290.95598845598846
1_0_0_0_0_1_1_0_0_0_1_1_0_0_0_0_0_0_0_1_0_0_0_1_0_0_0_0_1_0_1_0_1_0_0_1_0_1_0_1_0_0,1,0.00019666666666666669,2.62466929133727e-5,0.273224043715847,200.9577922077922
1_0_1_1_1_0_0_1_1_1_1_1_1_0_1_0_0_0_0_1_0_1_0_0_1_1_0_1_1_0_0_1_0_0_0_1_1_0_0_1_1_0,1,0.00019666666666666669,5.249338582674541e-5,0.2677595628415301,218.718954248366
1_0_0_0_0_1_1_0_0_0_1_0_0_0_0_1_1_1_0_0_0_1_1_1_0_1_1_1_1_1_1_1_0_1_1_1_0_0_1_1_0_1,1,0.00019666666666666669,4.9216076867444665e-5,0.2185792349726776,235.96009253903992
1_0_0_0_0_1_1_0_0_0_1_1_0_1_0_0_0_0_0_1_0_1_0_0_0_1_1_1_1_0_1_1_1_0_0_1_0_0_0_1_1_0,1,0.00019666666666666669,3.299831645537221e-5,0.19672131147540983,224.41154970760235
0_1_1_1_1_0_0_1_1_1_0_0_1_1_1_0_0_0_1_1_1_0_0_1_1_0_1_0_0_0_0_0_0_0_0_0_1_1_0_0_0_0,1,0.00019666666666666669,3.299831645537221e-5,0.2185792349726776,252.4195906432749
1_1_1_1_1_0_0_1_1_1_1_1_1_1_1_0_0_1_1_1_1_0_1_1_1_0_1_0_0_1_0_0_1_1_1_1_1_1_0_0_0_1,1,0.00019333333333333333,3.8586123009300757e-5,0.23497267759562843,209.03036576949617
0_0_0_0_0_1_1_0_0_0_0_0_0_1_0_0_0_0_0_1_0_0_0_1_0_1_1_1_1_0_1_1_1_0_0_0_0_0_0_1_0_0,1,0.00019333333333333333,2.357022603955158e-5,0.23497267759562843,208.015873015873
0_1_1_0_0_1_1_0_0_0_0_0_1_1_0_1_1_1_1_0_1_1_1_0_0_1_0_1_0_1_1_1_0_1_1_0_0_0_1_0_1_1,1,0.0001866666666666667,2.494438257849294e-5,0.2568306010928962,226.53829966329965
1_1_1_1_1_0_0_1_1_1_1_1_1_0_1_1_1_1_1_0_1_1_1_0_1_0_0_0_0_1_0_0_0_1_1_1_1_1_1_0_1_1,1,0.0001866666666666667,2.8674417556808764e-5,0.23497267759562843,216.24933545986178
1_0_1_0_0_1_1_0_0_0_1_0_1_1_0_1_1_0_0_0_0_1_1_1_0_1_0_1_1_1_1_1_0_1_1_1_0_0_1_0_0_1,1,0.0001866666666666667,2.0548046676563253e-5,0.273224043715847,250.39891395154552
0_1_1_1_1_0_0_1_1_1_0_0_1_0_1_1_1_0_1_0_1_0_1_1_1_0_0_0_0_1_0_0_0_1_1_0_1_1_1_0_0_1,1,0.00018666666666666666,3.681787005729088e-5,0.20765027322404372,218.3611201917838
1_0_0_0_0_1_1_0_0_0_1_1_0_0_0_1_1_0_0_0_0_1_1_0_0_1_0_1_1_1_1_1_1_1_1_1_0_0_1_1_0_1,1,0.00018333333333333334,2.62466929133727e-5,0.21311475409836064,241.3591800356506
1_0_0_0_0_1_1_0_0_0_1_1_0_0_0_1_1_1_0_0_0_1_1_0_0_1_0_1_1_1_1_1_1_1_1_1_0_0_1_1_1_1,1,0.0001833333333333333,5.7927157323275876e-5,0.2185792349726776,222.4120160884867
1_1_0_1_1_0_0_1_1_1_1_0_0_0_1_1_1_1_1_0_1_0_1_1_1_0_1_0_0_1_0_0_0_1_1_1_1_1_1_1_0_1,1,0.00018,4.898979485566356e-5,0.26229508196721313,216.94444444444443
1_1_1_1_1_0_0_1_1_1_1_1_1_0_1_1_1_0_1_0_1_0_1_1_1_0_0_0_0_1_0_0_1_1_1_1_1_1_1_0_0_1,1,0.00018,2.82842712474619e-5,0.22950819672131148,232.1401515151515
1_0_1_0_0_1_1_0_0_0_1_1_1_1_0_1_1_1_0_0_0_1_1_0_0_1_1_1_1_1_1_1_1_1_1_1_0_0_1_1_1_1,1,0.00018,2.1602468994692865e-5,0.2677595628415301,277.42705415499535
0_1_0_0_0_1_1_0_0_0_0_0_0_1_0_1_1_1_1_0_1_0_1_1_0_0_1_0_0_1_1_0_1_1_1_0_0_1_1_0_0_1,1,0.00017666666666666666,1.247219128924647e-5,0.2677595628415301,206.10380116959064
0_0_0_0_0_1_1_0_0_0_0_0_0_0_0_0_0_1_1_1_0_1_0_0_0_1_1_1_1_0_1_1_0_0_0_0_0_0_0_1_1_0,1,0.00017666666666666666,3.399346342395191e-5,0.2185792349726776,228.48981427928797
1_0_1_1_1_0_0_0_1_1_1_0_1_0_1_1_1_1_1_0_1_1_1_0_1_1_0_1_1_1_0_1_0_1_1_1_1_0_1_0_0_1,1,0.00017666666666666666,5.249338582674542e-5,0.3224043715846995,369.3196581196581
1_1_1_1_1_0_0_1_1_1_1_1_1_1_1_1_1_0_0_0_1_0_1_1_1_0_0_0_0_1_0_0_1_1_1_1_1_1_1_0_0_1,1,0.00017666666666666666,1.247219128924647e-5,0.2185792349726776,215.38255360623782
1_0_1_1_1_0_0_1_1_1_1_1_1_0_1_0_0_0_0_1_0_1_0_0_1_1_0_1_1_0_0_1_1_0_0_1_1_0_0_1_0_0,1,0.00017666666666666666,4.784233364802441e-5,0.24043715846994534,178.15151515151516
1_0_1_1_1_0_0_1_1_1_1_1_1_0_1_0_0_0_0_1_0_1_0_0_1_1_0_1_1_0_0_0_1_0_0_1_1_1_0_1_1_0,1,0.00017333333333333336,6.236095644623236e-5,0.2185792349726776,193.88401559454192
0_1_1_1_1_0_0_1_1_1_0_1_1_1_1_0_0_0_0_1_1_0_0_0_1_0_1_0_0_0_0_0_1_0_0_0_1_1_0_0_1_0,1,0.00017333333333333336,9.428090415820634e-6,0.2185792349726776,224.12037037037035
1_1_1_1_1_0_0_1_1_1_1_1_1_0_1_1_1_1_1_0_1_0_1_1_1_0_0_0_0_1_0_0_1_1_1_1_1_1_1_0_0_1,1,0.00017333333333333336,3.771236166328254e-5,0.2185792349726776,180.7777777777778
0_1_1_1_1_0_0_1_1_1_0_0_1_1_1_0_0_1_1_1_1_0_0_1_1_0_1_0_0_0_0_0_0_0_0_0_1_1_0_0_1_0,1,0.00017333333333333336,2.8674417556808767e-5,0.21311475409836064,231.60597572362278
0_0_1_0_0_1_1_0_0_0_0_0_0_1_0_0_0_0_0_1_0_1_0_0_0_1_1_1_1_0_1_1_0_0_0_0_0_0_0_1_1_0,1,0.00017333333333333336,5.792715732327589e-5,0.22950819672131148,190.43106060606058
1_0_1_0_0_1_1_0_0_0_1_0_0_1_0_1_1_1_1_0_0_1_1_0_0_1_1_1_1_1_1_1_0_1_1_1_0_0_1_1_1_1,1,0.0001733333333333333,2.494438257849295e-5,0.24043715846994534,210.97883597883597
0_1_0_0_0_1_1_0_0_0_0_0_0_1_0_1_1_1_1_0_1_0_1_1_0_0_1_0_0_1_1_0_0_1_1_0_0_1_1_0_1_1,1,0.00017,6.377042156569662e-5,0.24043715846994534,198.2905982905983
0_0_1_1_1_0_0_1_1_1_0_1_1_1_1_0_0_0_0_1_0_1_0_0_1_1_0_1_1_0_0_1_0_0_0_0_1_0_0_0_1_0,1,0.00017,4.898979485566356e-5,0.28415300546448086,200.38285669999223
0_0_0_1_1_0_0_1_1_1_0_1_0_0_1_1_0_1_1_1_1_0_1_0_1_1_0_1_0_1_0_0_1_1_1_0_1_1_0_0_0_1,1,0.00017,2.94392028877595e-5,0.2896174863387978,229.64672364672364
1_0_1_1_1_0_0_1_1_1_1_1_1_1_1_1_1_1_0_0_0_1_1_0_1_1_0_1_1_1_0_0_1_1_1_1_1_1_1_1_1_1,1,0.00017,4.2426406871192855e-5,0.2568306010928962,248.04545454545453
1_0_0_0_0_1_1_0_0_0_1_1_0_1_0_0_0_0_0_1_0_1_0_0_0_1_1_1_1_0_1_1_1_0_0_1_0_1_0_1_1_0,1,0.00017,4.320493798938574e-5,0.22404371584699453,196.95949461166853
1_0_1_1_1_0_0_1_1_1_1_1_1_1_1_0_0_1_0_1_0_1_0_0_1_1_0_1_1_0_0_1_1_0_0_1_1_0_0_1_1_0,1,0.00016666666666666666,2.8674417556808764e-5,0.25136612021857924,204.99019607843138
1_1_1_0_0_1_1_0_0_0_1_0_1_1_0_0_0_0_0_0_0_1_0_1_0_0_1_0_1_0_1_1_0_0_0_1_0_0_1_1_1_0,1,0.00016666666666666666,1.6996731711975957e-5,0.29508196721311475,267.1615497076023
1_0_0_0_0_1_1_0_0_0_1_1_0_1_0_0_0_1_0_1_0_1_0_0_0_1_1_1_1_0_1_1_1_0_0_1_0_1_0_1_1_0,1,0.00016666666666666666,2.8674417556808764e-5,0.23497267759562843,211.0422322775264
1_1_1_1_1_0_0_1_1_1_1_0_1_1_1_1_1_1_1_0_1_1_1_0_1_1_0_1_0_1_0_1_0_1_1_1_1_0_1_0_1_1,1,0.00016666666666666666,4.496912521077348e-5,0.29508196721311475,203.91463608854914
1_0_1_1_1_0_0_1_1_1_1_0_1_1_1_1_1_0_0_0_0_1_1_1_1_1_1_1_1_1_0_1_0_1_1_1_1_0_1_0_0_1,1,0.00016666666666666666,9.428090415820634e-6,0.2896174863387978,209.44444444444446
1_0_0_0_0_1_1_0_0_0_1_1_0_0_0_1_1_1_0_0_0_1_1_0_0_1_0_1_1_1_1_1_1_1_1_1_0_0_1_1_0_1,1,0.00016666666666666666,1.2472191289246484e-5,0.21311475409836064,228.5185185185185
1_0_0_0_0_1_1_0_0_0_1_0_0_1_0_0_0_0_0_1_0_0_0_1_0_1_1_1_1_0_1_1_0_0_0_1_0_0_0_1_0_0,1,0.00016666666666666666,4.714045207910317e-5,0.2185792349726776,245.0
0_1_0_0_0_1_1_0_0_0_0_0_0_1_0_1_1_1_1_0_1_0_1_1_0_0_1_0_0_1_1_1_0_1_1_0_0_0_1_0_0_1,1,0.00016333333333333334,3.681787005729087e-5,0.2185792349726776,200.07936507936506
0_1_0_1_1_0_0_1_1_1_0_0_0_0_1_0_0_1_1_1_1_0_0_1_1_0_0_0_0_0_0_0_0_0_0_0_1_1_0_0_1_0,1,0.00016,3.7416573867739416e-5,0.26229508196721313,284.1853832442068
0_1_0_0_0_1_1_0_0_0_0_0_0_0_0_1_1_0_1_0_1_0_1_1_0_0_1_0_0_1_1_0_0_1_1_0_0_1_1_0_0_1,1,0.00016,1.632993161855453e-5,0.25136612021857924,201.69642857142858
1_1_0_0_0_1_1_0_0_0_1_0_0_0_0_1_1_0_1_0_1_0_1_1_0_0_1_0_0_1_1_0_1_1_1_1_0_1_1_1_0_1,1,0.00015999999999999999,1.4142135623730961e-5,0.29508196721311475,248.92592592592595
1_0_1_0_0_1_1_0_0_0_1_0_0_1_0_1_1_1_0_0_0_1_1_0_0_1_1_1_1_1_1_1_0_1_1_1_0_0_1_1_0_1,1,0.00015999999999999999,4.5460605656619524e-5,0.22950819672131148,392.17171717171715
1_1_1_1_1_0_0_1_1_1_1_1_1_0_1_0_1_0_0_0_0_1_0_1_1_0_0_0_0_0_0_0_1_0_0_1_1_1_1_1_1_0,1,0.0001566666666666667,3.39934634239519e-5,0.2459016393442623,238.00825593395254
1_0_1_0_0_1_1_0_0_0_1_1_0_1_0_0_0_1_0_1_0_1_0_0_0_1_1_1_1_0_1_1_1_0_0_1_0_0_0_1_1_0,1,0.0001566666666666667,4.7140452079103295e-6,0.2185792349726776,186.43055555555554
0_0_1_0_0_1_1_0_0_0_0_0_0_1_0_0_0_0_0_1_0_0_0_1_0_1_1_1_1_0_1_1_0_0_0_0_0_0_0_1_0_0,1,0.0001566666666666667,2.624669291337271e-5,0.2459016393442623,210.98583877995642
1_1_0_0_0_1_1_0_0_0_1_0_0_0_0_1_1_1_1_0_1_0_1_1_0_0_0_0_0_1_1_0_0_1_1_1_0_1_1_1_0_1,1,0.00015666666666666666,4.496912521077348e-5,0.2677595628415301,202.65734265734264
1_0_0_0_0_1_1_0_0_0_1_1_0_0_0_1_1_1_1_0_0_1_1_0_0_1_0_1_1_1_1_1_1_1_1_1_0_0_1_1_1_1,1,0.00015666666666666666,5.4365021434333636e-5,0.22404371584699453,262.13250517598345
1_0_0_0_0_1_1_0_0_0_1_0_0_1_0_1_1_0_0_0_0_1_1_0_0_1_1_1_1_1_1_1_0_1_1_1_0_0_1_1_0_1,1,0.00015666666666666666,4.027681991198191e-5,0.2185792349726776,278.31189083820664
1_1_0_1_1_0_0_1_1_1_1_1_1_0_1_1_1_1_1_0_1_1_1_0_1_0_0_0_0_1_0_0_1_1_1_1_1_1_1_0_1_1,1,0.00015333333333333334,2.3570226039551588e-5,0.2459016393442623,224.39542483660128
0_1_0_0_0_1_1_0_0_0_0_0_0_1_0_1_1_1_1_0_1_0_1_1_0_0_1_0_0_1_1_0_0_1_1_0_0_1_1_0_0_1,1,0.00015333333333333334,4.7140452079103295e-6,0.2568306010928962,188.06944444444443
0_0_1_0_0_1_0_0_0_0_0_0_1_1_0_0_0_0_0_1_1_0_0_0_0_1_1_1_1_0_1_1_0_0_0_0_0_0_0_0_0_0,1,0.00015333333333333334,1.2472191289246484e-5,0.3005464480874317,251.88795518207283
1_1_0_0_0_1_1_0_0_0_1_0_0_0_0_1_1_1_1_0_1_0_1_1_0_0_1_0_0_1_1_0_1_1_1_1_0_1_1_1_0_1,1,0.00015333333333333334,2.867441755680876e-5,0.28415300546448086,202.19590643274853
0_1_1_1_1_0_0_1_1_1_0_1_1_0_1_0_0_0_0_1_1_0_0_1_1_0_0_0_0_0_0_0_1_0_0_0_1_1_0_0_0_0,1,0.00015333333333333334,4.7140452079103295e-6,0.22950819672131148,207.43055555555557
1_1_0_1_1_0_0_1_1_1_1_0_0_0_1_1_1_0_1_0_1_0_1_1_1_0_1_0_0_1_0_0_0_1_1_1_1_1_1_1_0_1,1,0.0001533333333333333,2.6246692913372715e-5,0.273224043715847,209.3984962406015
1_1_0_0_0_1_1_0_0_0_1_0_0_1_0_1_1_1_1_0_1_0_1_1_0_0_1_0_0_1_1_0_1_1_1_1_0_1_1_1_1_1,1,0.00015000000000000001,4.3204937989385736e-5,0.28415300546448086,226.3845889232886
0_1_0_1_1_0_0_1_1_1_0_0_0_0_1_0_0_0_1_1_1_0_0_1_1_0_0_0_0_0_0_0_0_0_0_0_1_1_0_0_0_0,1,0.00015,2.1602468994692878e-5,0.2677595628415301,299.2979242979243
0_0_0_1_1_0_0_1_1_1_0_1_0_0_1_1_1_1_1_1_1_0_1_0_1_1_0_1_0_1_0_0_1_1_1_0_1_1_0_0_0_1,1,0.00015,1.4142135623730961e-5,0.29508196721311475,263.92628205128204
1_0_1_1_1_0_0_0_1_1_1_0_1_0_1_0_0_0_0_1_0_0_0_1_1_1_0_1_1_0_0_1_0_0_0_1_1_0_0_1_0_0,1,0.00015,2.1602468994692878e-5,0.28415300546448086,263.16035816035816
0_0_0_0_0_1_1_0_0_0_0_0_0_1_0_1_0_1_1_1_1_0_1_0_0_1_1_1_1_1_1_1_0_1_1_0_0_0_0_0_0_1,1,0.00015,2.1602468994692878e-5,0.2459016393442623,210.90150590150589
1_0_0_1_1_0_0_0_1_1_1_0_1_0_1_0_0_0_0_1_0_0_0_1_1_1_0_1_1_0_0_1_0_0_0_1_1_0_0_1_0_0,1,0.00015,8.16496580927727e-6,0.29508196721311475,272.48015873015873
1_1_0_1_1_0_0_1_1_1_1_1_1_0_1_1_1_1_1_0_1_0_1_1_1_0_0_0_0_1_0_0_1_1_1_1_1_1_1_0_0_1,1,0.00015,2.9439202887759494e-5,0.22950819672131148,189.5601851851852
0_0_0_0_0_1_1_0_0_0_0_0_0_0_0_1_1_0_0_0_0_1_0_0_0_1_0_1_1_0_1_1_0_0_0_0_0_0_1_1_1_0,1,0.00015,3.7416573867739416e-5,0.23497267759562843,230.4078947368421
0_0_0_1_1_0_0_1_1_1_0_1_1_0_1_1_0_1_1_1_1_0_1_0_1_1_0_1_0_1_0_0_1_1_1_0_1_1_0_0_0_1,1,0.00014666666666666666,3.681787005729087e-5,0.26229508196721313,244.91228070175438
1_1_0_0_0_1_1_0_0_0_1_0_0_0_0_0_0_1_1_1_0_1_1_1_0_1_0_1_0_1_1_1_0_1_1_1_0_0_0_1_1_0,1,0.00014666666666666666,1.247219128924648e-5,0.24043715846994534,220.6623931623932
0_0_0_0_0_1_1_0_0_0_0_0_0_1_0_0_0_0_0_1_0_1_0_0_0_1_1_1_1_0_1_1_0_0_0_0_0_0_0_1_1_0,1,0.00014666666666666666,3.299831645537222e-5,0.2185792349726776,192.8332194121668
1_1_1_1_1_0_0_1_1_1_1_0_1_1_1_1_1_0_0_0_1_0_1_1_1_0_1_0_0_1_0_0_0_1_1_1_1_1_1_0_0_1,1,0.00014666666666666666,3.299831645537222e-5,0.2185792349726776,205.92156862745097
0_0_1_0_0_1_1_1_0_0_0_1_1_1_0_0_0_1_1_1_1_0_1_0_0_1_1_1_1_1_1_0_1_1_1_0_0_0_0_0_0_1,1,0.00014666666666666666,3.771236166328254e-5,0.3333333333333333,244.83333333333334
1_1_0_1_1_0_0_0_1_1_1_0_0_0_1_1_1_0_0_0_0_1_0_1_1_0_0_0_0_0_0_1_0_0_0_1_1_1_1_1_1_0,1,0.00014666666666666666,3.681787005729087e-5,0.3333333333333333,230.60818713450294
1_1_0_0_0_1_1_0_0_0_1_0_0_1_0_0_1_0_0_0_0_1_0_1_0_0_1_0_1_0_1_1_0_0_0_1_0_0_1_1_1_0,1,0.00014666666666666666,2.0548046676563257e-5,0.25136612021857924,221.5751633986928
1_1_0_1_1_0_0_1_1_1_1_1_1_0_1_1_1_0_1_0_1_0_1_1_1_0_0_0_0_1_0_0_1_1_1_1_1_1_1_0_0_1,1,0.00014333333333333334,2.3570226039551588e-5,0.24043715846994534,206.1742424242424
0_1_1_1_1_0_0_1_1_1_0_0_1_1_1_1_1_1_1_0_1_1_1_0_1_1_0_1_0_1_0_1_0_1_1_0_1_0_1_0_1_1,1,0.0001433333333333333,9.428090415820634e-6,0.2786885245901639,201.97435897435898
1_0_0_0_0_1_1_0_0_0_1_0_0_0_0_0_1_1_0_0_0_1_1_1_0_1_0_1_1_1_1_1_1_1_1_1_0_0_1_1_0_1,1,0.00014000000000000001,8.16496580927726e-6,0.22950819672131148,209.5347985347985
0_1_0_0_0_1_1_0_0_0_0_0_0_1_0_1_1_0_1_0_1_0_1_1_0_0_1_0_0_1_1_1_0_1_1_0_0_0_1_0_0_1,1,0.00014000000000000001,1.4142135623730961e-5,0.22950819672131148,220.59294871794873
1_0_1_1_1_0_0_1_1_1_1_0_1_1_1_1_1_1_0_0_0_1_1_1_1_1_1_1_1_1_0_1_0_1_1_1_1_0_1_0_0_1,1,0.00014000000000000001,1.6329931618554523e-5,0.2896174863387978,249.7519841269841
0_1_0_0_0_1_1_1_0_0_0_1_0_1_0_1_1_1_1_0_1_1_1_0_0_0_1_0_0_1_1_0_1_1_1_0_0_1_1_0_1_1,1,0.00014,3.2659863237109046e-5,0.28415300546448086,259.6296296296296
1_0_0_0_0_1_1_0_0_0_1_0_0_1_0_1_1_1_1_0_0_1_1_0_0_1_1_1_1_1_1_1_0_1_1_1_0_0_1_1_1_1,1,0.00013666666666666666,1.2472191289246464e-5,0.22950819672131148,211.32539682539684
1_0_1_1_1_0_0_1_1_1_1_1_1_0_1_0_0_1_0_1_0_1_0_0_1_1_0_1_1_0_0_1_0_0_0_1_1_0_0_1_1_0,1,0.00013666666666666666,3.681787005729087e-5,0.2786885245901639,233.35978835978835
0_1_1_1_1_0_0_1_1_1_0_1_1_0_1_1_1_1_1_0_1_1_1_0_1_0_0_0_0_1_0_0_1_1_1_0_1_1_1_0_1_1,1,0.00013666666666666666,1.6996731711975957e-5,0.2185792349726776,217.61217948717947
1_1_1_0_0_1_1_0_0_0_1_0_1_1_0_0_1_0_0_0_0_1_0_1_0_0_1_0_1_0_1_1_0_0_0_1_0_0_1_1_1_0,1,0.00013666666666666666,1.2472191289246464e-5,0.2896174863387978,243.46825396825398
0_0_1_1_1_0_0_1_1_1_0_1_1_1_1_1_1_0_0_0_1_0_0_0_1_0_1_0_1_0_0_0_1_0_0_0_1_1_1_0_0_1,1,0.00013666666666666666,6.649979114420001e-5,0.24043715846994534,215.64492753623188
0_1_0_1_1_0_0_1_1_1_0_0_0_0_1_0_0_0_1_1_1_0_0_1_1_0_1_0_0_0_0_0_1_0_0_0_1_1_0_0_1_0,1,0.00013666666666666666,1.885618083164126e-5,0.2677595628415301,266.42424242424244
0_0_0_0_0_1_1_0_0_0_0_0_0_0_0_1_1_1_0_0_0_1_0_0_0_1_0_1_1_0_1_1_0_0_0_0_0_0_1_1_1_0,1,0.00013666666666666666,2.6246692913372702e-5,0.2459016393442623,203.55555555555554
0_1_0_1_1_0_0_1_1_1_0_1_1_0_1_1_1_1_1_0_1_1_1_0_1_0_0_0_0_1_0_0_1_1_1_0_1_1_1_0_1_1,1,0.00013666666666666666,3.299831645537222e-5,0.22950819672131148,203.2991452991453
1_1_0_1_1_0_1_1_1_1_1_1_0_0_1_1_1_1_1_0_0_1_1_1_1_0_0_0_0_1_0_0_1_1_1_1_1_1_1_1_1_1,1,0.00013666666666666666,9.428090415820634e-6,0.3005464480874317,259.88034188034186
1_0_0_0_0_1_1_0_0_0_1_1_0_1_0_1_1_1_0_0_0_1_1_0_0_1_1_1_1_1_1_1_1_1_1_1_0_1_1_1_1_1,1,0.00013333333333333334,3.39934634239519e-5,0.2568306010928962,223.66666666666666
1_0_1_0_0_1_1_0_0_0_1_1_1_1_0_1_1_1_0_0_0_1_1_0_0_1_0_1_1_1_1_1_0_1_1_1_0_0_1_1_0_1,1,0.00013333333333333334,3.091206165165234e-5,0.2677595628415301,300.70370370370375
0_0_0_0_0_1_1_0_0_0_0_0_0_1_0_0_0_1_0_1_0_1_0_0_0_1_1_1_1_0_1_1_0_0_0_0_0_0_0_1_1_0,1,0.00013333333333333334,4.189935029992179e-5,0.22950819672131148,229.87816764132552
0_0_1_1_1_0_0_1_1_1_0_1_1_1_1_0_0_0_0_1_0_1_0_0_1_1_1_1_1_0_0_1_1_0_0_0_1_0_0_0_1_0,1,0.00013333333333333334,6.236095644623236e-5,0.2677595628415301,202.55555555555554
1_0_1_0_0_1_1_0_0_0_1_1_1_1_0_1_1_1_1_0_0_1_1_0_0_1_0_1_1_1_1_1_0_1_1_1_0_0_1_1_1_1,1,0.00013333333333333334,3.39934634239519e-5,0.2786885245901639,260.5555555555556
0_1_1_1_1_0_0_1_1_1_0_1_1_1_1_1_0_0_1_1_1_0_0_0_1_0_1_0_0_0_0_0_0_0_0_0_1_1_0_0_1_0,1,0.00013333333333333334,5.249338582674542e-5,0.22950819672131148,209.4212962962963
1_0_0_0_0_1_1_0_0_0_1_1_0_1_0_0_0_1_0_1_0_1_0_0_0_1_1_1_1_0_1_1_1_0_0_1_0_0_0_1_1_0,1,0.0001333333333333333,3.681787005729087e-5,0.20765027322404372,221.0826210826211
1_0_1_1_1_0_0_1_1_1_1_1_1_0_1_0_0_0_0_1_0_0_0_1_1_1_0_1_1_0_0_0_1_0_0_1_1_0_0_1_0_0,1,0.0001333333333333333,1.2472191289246465e-5,0.22950819672131148,202.7777777777778
0_1_0_0_0_1_1_0_0_0_0_1_0_0_0_0_0_0_1_1_1_0_0_0_0_0_0_0_0_0_1_0_1_0_0_0_0_1_0_1_1_0,1,0.0001333333333333333,2.867441755680876e-5,0.2896174863387978,246.56862745098042
0_0_1_0_0_1_1_0_0_0_0_1_1_1_0_0_0_0_0_1_0_1_0_0_0_1_0_1_1_0_1_1_1_0_0_0_0_0_0_0_1_0,1,0.0001333333333333333,2.3570226039551575e-5,0.26229508196721313,193.33333333333334
1_1_1_0_0_1_1_0_0_0_1_0_0_1_0_0_1_0_0_0_0_1_0_1_0_0_1_0_1_0_1_1_0_0_0_1_0_0_1_1_1_0,1,0.00013000000000000002,4.0824829046386304e-5,0.26229508196721313,228.61823361823363
0_1_1_1_1_0_0_1_1_1_0_1_1_0_1_0_0_1_1_1_1_0_0_1_1_0_0_0_0_0_0_0_1_0_0_0_1_1_0_0_1_0,1,0.00013000000000000002,3.2659863237109046e-5,0.2185792349726776,239.8089492207139
1_1_0_0_0_1_1_0_0_0_1_0_0_1_0_0_0_0_0_0_0_1_0_1_0_0_1_0_1_0_1_1_0_0_0_1_0_0_1_1_1_0,1,0.00013000000000000002,3.2659863237109046e-5,0.2568306010928962,235.61421149656442
0_1_0_0_0_1_1_0_0_0_0_1_0_0_0_0_0_1_1_1_1_0_0_0_0_0_0_0_0_0_1_0_1_0_0_0_0_1_0_1_1_0,1,0.00013000000000000002,3.2659863237109046e-5,0.2896174863387978,223.3433886375063
0_0_0_0_0_1_1_0_0_0_0_1_0_0_0_0_0_1_1_1_0_1_0_0_0_1_1_1_1_0_1_1_1_0_0_0_0_1_0_1_1_0,1,0.00013000000000000002,2.160246899469287e-5,0.25136612021857924,272.10858585858585
1_1_0_0_0_1_1_0_0_0_1_0_0_0_0_1_1_0_1_0_1_0_1_1_0_0_0_0_0_1_1_0_0_1_1_1_0_1_1_1_0_1,1,0.00013,8.164965809277253e-6,0.2786885245901639,180.59829059829062
0_1_0_0_0_1_1_0_0_0_0_0_0_1_0_1_1_0_1_0_1_0_1_1_0_0_1_0_0_1_1_0_1_1_1_0_0_1_1_0_0_1,1,0.00013,3.7416573867739416e-5,0.2786885245901639,226.16946778711485
1_1_0_0_0_1_1_0_0_0_1_0_0_0_0_1_1_0_0_0_0_1_0_1_0_0_1_0_0_0_1_1_0_0_0_1_0_1_1_1_1_0,1,0.00013,3.7416573867739416e-5,0.2677595628415301,259.3382352941176
0_1_1_1_1_0_0_1_1_1_0_0_1_0_1_1_1_1_1_0_1_0_1_1_1_0_0_0_0_1_0_0_0_1_1_0_1_0_1_0_0_1,1,0.00013,8.164965809277253e-6,0.22404371584699453,198.45238095238096
1_0_0_0_0_1_1_0_0_0_1_1_0_0_0_1_1_1_0_0_0_1_1_0_0_1_1_1_1_1_1_1_1_1_1_1_0_0_1_1_1_1,1,0.00012666666666666666,2.4944382578492947e-5,0.22404371584699453,233.41666666666666
1_0_1_1_1_0_0_1_1_1_1_1_1_0_1_0_0_0_0_1_0_1_0_0_1_1_0_1_1_0_0_1_0_0_0_1_1_0_0_1_0_0,1,0.00012666666666666666,2.0548046676563246e-5,0.25136612021857924,217.31623931623935
1_1_1_1_1_0_0_1_1_1_1_1_1_1_1_0_0_1_1_1_1_0_1_1_1_0_0_0_0_1_0_0_1_1_1_1_1_1_0_0_0_1,1,0.00012666666666666666,1.2472191289246464e-5,0.24043715846994534,212.13453213453215
0_0_1_1_1_0_0_1_1_1_0_1_1_1_1_0_0_1_0_1_0_1_0_0_1_1_1_1_1_0_0_1_1_0_0_0_1_0_0_0_1_0,1,0.00012666666666666666,2.8674417556808757e-5,0.2786885245901639,252.05840455840453
1_0_0_0_0_1_1_0_0_0_1_0_0_0_0_1_1_1_1_0_0_1_1_1_0_1_0_1_1_1_1_1_0_1_1_1_0_0_1_1_0_1,1,0.00012666666666666666,1.885618083164126e-5,0.2185792349726776,258.95238095238096
0_0_1_1_1_0_0_1_1_1_0_1_1_1_1_1_1_0_1_1_1_0_1_0_1_1_1_1_0_1_0_0_1_1_1_0_1_1_0_0_0_1,1,0.00012666666666666666,2.3570226039551588e-5,0.2459016393442623,223.86363636363637
0_1_0_1_1_0_0_1_1_1_0_0_1_0_1_1_1_0_1_0_1_0_1_1_1_0_0_0_0_1_0_0_0_1_1_0_1_1_1_0_0_1,1,0.00012333333333333334,3.39934634239519e-5,0.2185792349726776,182.0677361853832
1_0_1_0_0_1_1_1_0_0_1_1_1_1_0_0_1_0_0_0_0_1_1_1_0_1_1_1_1_1_1_0_1_1_1_1_0_0_1_0_0_1,1,0.00012333333333333334,2.624669291337271e-5,0.32786885245901637,232.8257575757576
0_0_1_1_1_0_0_1_1_1_0_1_1_0_1_1_1_1_1_1_1_0_1_0_1_1_0_1_0_1_0_0_1_1_1_0_1_1_0_0_0_1,1,0.00012,1.4142135623730943e-5,0.2568306010928962,286.55844155844153
1_0_1_0_0_1_1_0_0_0_1_0_0_1_0_1_1_0_0_0_0_1_1_0_0_1_1_1_1_1_1_1_0_1_1_1_0_0_1_1_0_1,1,0.00012,4.082482904638631e-5,0.22950819672131148,306.76003734827265
1_0_1_1_1_0_0_1_1_1_1_1_1_0_1_0_0_0_0_1_0_1_0_0_1_1_0_1_1_0_0_1_1_0_0_1_1_0_0_1_1_0,1,0.00011999999999999999,8.164965809277253e-6,0.2568306010928962,222.50388500388502
0_0_0_1_1_0_0_1_1_1_0_1_1_0_1_1_1_1_1_1_1_0_1_0_1_1_0_1_0_1_0_0_1_1_1_0_1_1_0_0_0_1,1,0.00011999999999999999,4.082482904638631e-5,0.2677595628415301,256.74369747899163
0_0_1_1_1_0_0_1_1_1_0_1_1_1_1_0_0_1_1_1_1_0_1_0_1_1_0_1_1_1_0_0_1_1_1_0_1_0_0_0_0_1,1,0.00011666666666666668,3.8586123009300757e-5,0.2677595628415301,282.9852941176471
0_0_0_0_0_1_1_0_0_0_0_1_0_0_0_0_0_1_1_1_0_1_0_0_0_1_0_1_1_0_1_1_1_0_0_0_0_0_0_1_1_0,1,0.00011666666666666668,4.642796092394708e-5,0.2185792349726776,213.7777777777778
1_0_0_1_1_0_0_1_1_1_1_1_1_0_1_0_0_0_0_1_0_1_0_0_1_1_0_1_1_0_0_0_1_0_0_1_1_1_0_1_1_0,1,0.00011666666666666667,4.714045207910317e-6,0.22950819672131148,191.84343434343432
1_0_1_1_1_0_0_1_1_1_1_1_1_0_1_0_0_1_0_1_0_1_0_0_1_1_0_1_1_0_0_0_1_0_0_1_1_1_0_1_1_0,1,0.00011666666666666667,1.2472191289246465e-5,0.22950819672131148,199.45299145299145
1_0_1_0_0_1_1_1_0_0_1_1_1_1_0_1_1_1_1_0_0_1_1_0_0_1_1_1_1_1_1_0_1_1_1_1_0_1_1_1_1_1,1,0.00011666666666666667,2.8674417556808747e-5,0.32786885245901637,255.2222222222222
0_0_1_0_0_1_0_0_0_0_0_0_1_1_0_1_0_0_0_1_1_0_0_0_0_1_0_1_1_0_1_1_0_0_0_0_0_0_0_0_0_1,1,0.00011666666666666665,4.02768199119819e-5,0.2896174863387978,241.12698412698413
1_1_0_0_0_1_1_0_0_0_1_0_0_1_0_1_1_0_1_0_1_0_1_1_0_0_1_0_0_1_1_1_0_1_1_1_0_0_1_1_0_1,1,0.00011333333333333334,2.0548046676563246e-5,0.26229508196721313,215.33670033670035
0_1_0_1_1_0_0_1_1_1_0_1_0_0_1_0_0_0_1_1_1_0_0_0_1_0_1_0_0_0_0_0_1_0_0_0_1_1_0_1_1_0,1,0.00011333333333333334,2.0548046676563246e-5,0.273224043715847,242.38095238095238
0_1_0_0_0_1_1_0_0_0_0_1_0_0_0_0_0_0_1_1_1_0_0_0_0_0_1_0_0_0_1_0_1_0_0_0_0_1_0_1_1_0,1,0.00011333333333333334,9.428090415820634e-6,0.29508196721311475,262.3333333333333
0_1_0_1_1_0_0_1_1_1_0_1_1_0_1_0_0_0_0_1_1_0_0_1_1_0_0_0_0_0_0_0_1_0_0_0_1_1_0_0_0_0,1,0.00011333333333333334,2.6246692913372695e-5,0.24043715846994534,224.33333333333334
1_1_0_1_1_0_0_1_1_1_1_0_0_0_1_0_0_1_1_1_1_0_1_1_1_0_0_0_0_1_0_0_1_1_1_1_1_1_0_1_0_1,1,0.00011333333333333334,4.027681991198191e-5,0.30601092896174864,213.88344226579522
1_0_1_1_1_0_0_1_1_1_1_1_1_0_1_0_0_0_0_1_0_0_0_1_1_0_0_0_1_0_0_0_1_0_0_1_1_1_0_1_0_0,1,0.00011333333333333334,4.784233364802442e-5,0.22404371584699453,184.17989417989418
1_1_0_1_1_0_0_1_1_1_1_1_1_0_1_1_1_1_1_0_1_1_1_0_1_0_0_0_0_1_0_0_0_1_1_1_1_1_1_0_1_1,1,0.00011333333333333334,3.299831645537221e-5,0.2459016393442623,190.77777777777774
1_1_0_1_1_0_0_1_1_1_1_1_1_0_1_0_1_0_0_0_0_1_0_1_1_0_0_0_0_0_0_0_1_0_0_1_1_1_1_1_1_0,1,0.00011333333333333334,3.681787005729088e-5,0.2568306010928962,208.30898268398266
1_1_1_1_1_0_0_1_1_1_1_1_1_1_1_1_1_0_0_0_0_1_0_1_1_0_0_0_0_0_0_0_0_0_0_1_1_1_1_1_1_0,1,0.00011333333333333333,1.2472191289246464e-5,0.2459016393442623,213.99766899766902
1_1_1_1_1_0_0_1_1_1_1_0_1_1_1_1_1_0_0_0_1_0_1_1_1_0_0_0_0_1_0_0_0_1_1_1_1_0_1_0_0_1,1,0.00011333333333333333,2.6246692913372695e-5,0.25136612021857924,227.5925925925926
1_1_1_0_0_1_1_0_0_0_1_0_1_1_0_0_0_0_0_0_0_1_0_1_0_0_0_0_1_0_1_1_0_0_0_1_0_0_1_1_1_0,1,0.00011,1.414213562373095e-5,0.3005464480874317,254.16666666666666
0_1_0_1_1_0_0_1_1_1_0_0_1_0_1_1_1_1_1_0_1_0_1_1_1_0_0_0_0_1_0_0_0_1_1_0_1_0_1_0_0_1,1,0.00011,8.16496580927726e-6,0.23497267759562843,185.69696969696972
1_0_0_0_0_1_1_0_0_0_1_0_0_0_0_0_1_0_0_0_0_1_1_1_0_1_1_1_1_1_1_1_1_1_1_1_0_0_1_1_0_1,1,0.00011,3.5590260840104375e-5,0.23497267759562843,192.2222222222222
1_0_1_0_0_1_1_0_0_0_1_1_1_1_0_1_1_0_0_0_0_1_1_0_0_1_1_1_1_1_1_1_1_1_1_1_0_0_1_1_0_1,1,0.00011,2.160246899469286e-5,0.26229508196721313,296.3015873015873
0_1_0_1_1_0_0_1_1_1_0_1_0_0_1_0_0_1_1_1_1_0_0_0_1_0_1_0_0_0_0_0_1_0_0_0_1_1_0_1_1_0,1,0.00011,2.943920288775949e-5,0.273224043715847,249.24603174603172
1_0_1_0_0_1_1_0_0_0_1_1_1_1_0_1_1_1_0_0_0_1_1_0_0_1_0_1_1_1_1_1_1_1_1_1_0_0_1_1_1_1,1,0.00011,3.5590260840104375e-5,0.273224043715847,237.5462962962963
0_1_0_1_1_0_0_0_1_1_0_0_0_0_1_0_0_0_0_1_1_0_0_1_1_0_0_0_0_0_0_1_0_0_0_0_1_0_0_0_0_0,1,0.00011,1.414213562373095e-5,0.32786885245901637,272.5
1_1_1_0_0_1_1_0_0_0_1_0_0_1_0_0_0_0_0_0_0_1_0_1_0_0_1_0_1_0_1_1_0_0_0_1_0_0_1_1_1_0,1,0.00010666666666666668,3.771236166328254e-5,0.2677595628415301,238.54166666666666
0_1_1_0_0_1_1_0_0_0_0_0_0_1_0_1_1_1_1_0_1_1_1_0_0_0_1_0_0_1_1_1_0_1_1_0_0_1_1_0_1_1,1,0.00010666666666666668,2.0548046676563246e-5,0.24043715846994534,218.73543123543126
0_1_0_1_1_0_0_1_1_1_0_0_1_0_1_1_1_0_1_0_1_0_1_1_1_0_0_0_0_1_0_0_0_1_1_0_1_0_1_0_0_1,1,0.00010666666666666668,1.247219128924647e-5,0.2459016393442623,195.97643097643098
0_0_1_0_0_1_1_0_0_0_0_1_1_1_0_0_0_1_0_1_0_1_0_0_0_1_0_1_1_0_1_1_1_0_0_0_0_0_0_0_1_0,1,0.00010666666666666668,4.714045207910317e-6,0.273224043715847,262.2727272727273
0_0_1_1_1_0_0_1_1_1_0_1_1_1_1_1_1_0_0_0_1_0_0_0_1_0_0_0_1_0_0_0_1_0_0_0_1_1_1_0_0_1,1,0.00010666666666666668,4.496912521077348e-5,0.2459016393442623,241.32002801120447
0_1_0_1_1_0_0_0_1_1_0_0_0_0_1_0_0_0_1_1_1_0_0_1_1_0_1_0_0_0_0_1_0_0_0_0_1_0_0_0_0_0,1,0.00010666666666666668,4.714045207910317e-6,0.32786885245901637,251.5757575757576
0_1_0_0_0_1_1_0_0_0_0_0_0_1_0_1_1_1_1_0_1_1_1_0_0_0_1_0_0_1_1_1_0_1_1_0_0_1_1_0_1_1,1,0.00010666666666666665,1.6996731711975944e-5,0.22950819672131148,224.6980056980057
1_0_1_0_0_1_1_0_0_0_1_0_0_1_0_0_0_0_0_1_0_0_0_1_0_1_1_1_1_0_1_1_1_0_0_1_0_0_0_1_0_0,1,0.00010666666666666665,2.054804667656325e-5,0.22950819672131148,183.86655011655012
0_0_1_0_0_1_1_0_0_0_0_1_1_1_0_1_1_0_0_0_0_1_0_0_0_1_1_1_1_0_1_1_0_0_0_0_0_0_1_0_1_0,1,0.00010333333333333333,2.0548046676563246e-5,0.30601092896174864,258.5192307692308
1_0_0_0_0_1_1_0_0_0_1_0_0_1_0_0_0_0_0_1_0_0_0_1_0_1_1_1_1_0_1_1_1_0_0_1_0_0_0_1_0_0,1,0.00010333333333333333,3.6817870057290866e-5,0.2185792349726776,194.44444444444446
1_1_0_1_1_0_1_1_1_1_1_1_0_0_1_0_1_1_1_0_0_1_1_1_1_0_1_0_0_1_0_0_1_1_1_1_1_1_1_1_1_0,1,0.00010333333333333333,1.6996731711975947e-5,0.2896174863387978,226.36363636363637
1_0_1_0_0_1_1_0_0_0_1_1_0_1_0_0_0_1_0_1_0_1_0_0_0_1_1_1_1_0_1_1_1_0_0_1_0_1_0_1_1_0,1,0.00010333333333333333,3.299831645537221e-5,0.2459016393442623,190.47619047619048
0_0_1_1_1_0_0_1_1_1_0_1_1_1_1_0_0_1_0_1_0_1_0_0_1_1_0_1_1_0_0_1_1_0_0_0_1_0_0_0_1_0,1,0.00010333333333333333,4.714045207910317e-6,0.28415300546448086,199.5151515151515
0_1_1_0_0_1_1_0_0_0_0_0_0_1_0_1_1_0_1_0_1_0_1_1_0_0_1_0_0_1_1_1_0_1_1_0_0_0_1_0_0_1,1,0.0001,1.632993161855452e-5,0.24043715846994534,193.44444444444446
0_1_0_1_1_0_0_1_1_1_0_1_0_0_1_1_1_1_1_0_1_1_1_0_1_0_1_0_0_1_0_0_1_1_1_0_1_1_1_0_1_1,1,0.0001,1.632993161855452e-5,0.26229508196721313,227.11111111111111
0_1_1_0_0_1_1_1_0_0_0_1_0_1_0_1_1_1_1_0_1_1_1_0_0_0_1_0_0_1_1_0_1_1_1_0_0_1_1_0_1_1,1,0.0001,5.887840577551899e-5,0.29508196721311475,292.84722222222223
0_0_0_0_0_1_1_0_0_0_0_1_0_1_0_0_0_0_0_1_0_1_0_0_0_1_1_1_1_0_1_1_1_0_0_0_0_1_0_1_1_0,1,0.0001,1.632993161855452e-5,0.25136612021857924,172.16666666666666
0_0_1_0_0_1_1_0_0_0_0_1_0_1_0_0_0_1_0_1_0_1_0_0_0_1_1_1_1_0_1_1_1_0_0_0_0_1_0_1_1_0,1,9.999999999999999e-5,2.160246899469287e-5,0.273224043715847,211.12193362193364
1_1_1_1_1_0_0_1_1_1_1_0_1_0_1_1_1_0_1_0_1_0_1_1_1_0_0_0_0_1_0_0_0_1_1_1_1_0_1_0_0_1,1,9.999999999999999e-5,3.559026084010437e-5,0.26229508196721313,221.18376068376065
0_1_1_1_1_0_0_1_1_1_0_1_1_0_1_0_0_0_1_1_1_0_0_1_1_0_0_0_0_0_0_0_1_0_0_0_1_1_0_0_0_0,1,9.666666666666667e-5,2.3570226039551575e-5,0.22404371584699453,230.41666666666666
1_0_0_0_0_1_1_0_0_0_1_1_0_0_0_0_0_0_0_1_0_0_0_1_0_0_1_0_1_0_1_0_1_0_0_1_0_1_0_1_0_0,1,9.666666666666667e-5,2.054804667656326e-5,0.2786885245901639,200.16666666666666
0_1_0_1_1_0_0_1_1_1_0_0_0_0_1_0_0_0_1_1_1_0_0_1_1_0_0_0_0_0_0_0_0_0_0_0_1_1_0_0_1_0,1,9.666666666666667e-5,1.247219128924647e-5,0.26229508196721313,266.4015151515152
0_1_0_0_0_1_1_0_0_0_0_0_0_1_0_1_1_1_1_0_1_0_1_1_0_0_1_0_0_1_1_0_1_1_1_0_0_1_1_0_1_1,1,9.666666666666667e-5,1.247219128924647e-5,0.25136612021857924,220.44696969696972
0_1_1_1_1_0_0_1_1_1_0_0_1_1_1_0_0_0_1_1_1_0_0_1_1_0_0_0_0_0_0_0_0_0_0_0_1_1_0_0_0_0,1,9.666666666666667e-5,1.247219128924647e-5,0.22404371584699453,189.6060606060606
1_0_1_0_0_1_1_0_0_0_1_1_0_1_0_0_0_0_0_1_0_1_0_0_0_1_1_1_1_0_1_1_1_0_0_1_0_1_0_1_1_0,1,9.666666666666667e-5,4.714045207910317e-6,0.23497267759562843,186.8148148148148
1_0_1_0_0_1_1_0_0_0_1_0_1_1_0_0_0_0_0_1_0_0_0_1_0_1_0_1_1_0_1_1_0_0_0_1_0_0_0_1_0_0,1,9.666666666666667e-5,1.247219128924647e-5,0.26229508196721313,227.94696969696972
1_1_1_1_1_0_0_0_1_1_1_0_1_0_1_1_1_1_1_0_1_1_1_0_1_1_0_1_0_1_0_1_0_1_1_1_1_0_1_0_1_1,1,9.666666666666667e-5,2.054804667656326e-5,0.31693989071038253,242.53174603174602
0_1_1_1_1_0_0_1_1_1_0_1_1_0_1_0_0_1_1_1_1_0_0_0_1_0_0_0_0_0_0_0_1_0_0_0_1_1_0_0_1_0,1,9.333333333333334e-5,4.714045207910317e-6,0.23497267759562843,217.85185185185185
0_1_0_1_1_0_0_0_1_1_0_0_0_0_1_1_0_1_1_1_1_0_0_0_1_0_0_0_0_0_0_1_0_0_0_0_1_1_0_1_1_0,1,9.333333333333333e-5,2.054804667656326e-5,0.32786885245901637,223.58465608465607
0_0_0_0_0_1_1_1_0_0_0_1_0_1_0_1_1_1_1_1_1_0_1_0_0_1_1_1_0_1_1_0_1_1_1_0_0_1_0_0_0_1,1,9.333333333333333e-5,2.054804667656326e-5,0.3224043715846995,311.7857142857143
1_1_1_1_1_0_0_1_1_1_1_0_1_0_1_1_1_1_1_0_1_0_1_1_1_0_0_0_0_1_0_0_0_1_1_1_1_0_1_0_0_1,1,9.333333333333333e-5,2.62466929133727e-5,0.25136612021857924,167.96245421245422
0_1_0_1_1_0_0_1_1_1_0_0_0_0_1_0_0_0_0_1_1_0_0_1_1_0_1_0_0_0_0_0_1_0_0_0_1_1_0_0_0_0,1,9.333333333333333e-5,2.054804667656326e-5,0.2786885245901639,251.75925925925927
0_0_1_0_0_1_1_0_0_0_0_0_0_1_0_0_0_0_0_1_0_0_0_1_0_1_1_1_1_0_1_1_1_0_0_0_0_0_0_1_0_0,1,9.333333333333333e-5,3.858612300930074e-5,0.2459016393442623,190.011655011655
1_0_0_0_0_1_1_0_0_0_1_1_0_0_0_1_1_1_1_0_0_1_1_0_0_1_1_1_1_1_1_1_1_1_1_1_0_0_1_1_1_1,1,9.0e-5,3.741657386773941e-5,0.22950819672131148,253.20238095238096
1_0_1_0_0_1_1_0_0_0_1_1_1_1_0_1_1_1_0_0_0_1_1_0_0_1_1_1_1_1_1_1_1_1_1_1_0_0_1_1_0_1,1,9.0e-5,2.160246899469287e-5,0.26229508196721313,273.2738095238095
1_1_0_0_0_1_1_0_0_0_1_0_0_0_0_0_0_1_0_0_0_1_0_1_0_0_0_0_1_0_1_1_0_0_0_1_0_0_1_1_1_0,1,9.0e-5,2.160246899469287e-5,0.2459016393442623,234.38492063492063
1_0_0_1_1_0_0_1_1_1_1_1_1_0_1_0_0_1_0_1_0_1_0_0_1_1_0_1_1_0_0_0_1_0_0_1_1_1_0_1_1_0,1,9.0e-5,2.449489742783178e-5,0.24043715846994534,186.5740740740741
0_1_0_1_1_0_0_1_1_1_0_1_1_0_1_0_0_0_1_1_1_0_0_1_1_0_0_0_0_0_0_0_1_0_0_0_1_1_0_0_0_0,1,9.0e-5,2.160246899469287e-5,0.23497267759562843,196.92460317460316
0_1_1_1_1_0_0_1_1_1_0_0_1_0_1_0_0_0_1_1_1_0_0_1_1_0_0_0_0_0_0_0_0_0_0_0_1_0_0_0_0_0,1,9.0e-5,1.6329931618554523e-5,0.2568306010928962,256.84944684944685
1_0_1_0_0_1_1_1_0_0_1_1_1_1_0_1_1_1_0_0_0_1_1_0_0_1_0_1_1_1_1_0_1_1_1_1_0_1_1_1_1_1,1,9.0e-5,2.1602468994692868e-5,0.32786885245901637,262.85858585858585
0_1_0_0_0_1_1_0_0_0_0_0_0_1_0_0_0_0_1_1_1_0_0_1_0_0_1_0_0_0_1_1_0_0_0_0_0_0_0_0_0_0,1,9.0e-5,1.6329931618554523e-5,0.273224043715847,277.979797979798
0_1_0_0_0_1_1_0_0_0_0_0_0_0_0_1_0_1_1_1_1_0_0_0_0_0_0_0_0_0_1_1_0_0_0_0_0_1_0_1_1_0,1,9.0e-5,8.16496580927726e-6,0.2568306010928962,191.0925925925926
0_1_1_1_1_0_0_1_1_1_0_0_1_1_1_0_0_0_0_1_1_0_0_1_1_0_0_0_0_0_0_0_0_0_0_0_1_1_0_0_0_0,1,9.0e-5,1.6329931618554523e-5,0.22950819672131148,246.7821067821068
0_1_1_0_0_1_1_0_0_0_0_0_0_1_0_1_1_1_1_0_1_1_1_0_0_1_1_1_0_1_1_1_0_1_1_0_0_0_1_0_1_1,1,9.0e-5,2.9439202887759484e-5,0.23497267759562843,178.89957264957266
1_0_1_0_0_1_1_0_0_0_1_1_0_1_0_1_1_1_0_0_0_1_1_0_0_1_1_1_1_1_1_1_1_1_1_1_0_1_1_1_1_1,1,9.0e-5,3.559026084010437e-5,0.2677595628415301,244.97474747474746
1_0_0_1_1_0_0_1_1_1_1_1_1_0_1_0_0_0_0_1_0_0_0_1_1_1_0_1_1_0_0_0_1_0_0_1_1_0_0_1_0_0,1,9.0e-5,8.16496580927726e-6,0.24043715846994534,265.2407407407407
0_1_1_1_1_0_0_1_1_1_0_1_1_0_1_1_1_1_1_0_1_1_1_0_1_0_0_0_0_1_0_0_0_1_1_0_1_1_1_0_1_1,1,8.999999999999998e-5,2.82842712474619e-5,0.2185792349726776,223.4065934065934
1_0_0_0_0_1_1_0_0_0_1_0_0_1_0_1_1_1_0_0_0_1_1_0_0_1_1_1_1_1_1_1_0_1_1_1_0_0_1_1_1_1,1,8.999999999999998e-5,2.82842712474619e-5,0.22404371584699453,209.34065934065936
1_0_1_0_0_1_1_0_0_0_1_0_1_1_0_1_1_1_0_0_0_1_1_1_0_1_0_1_1_1_1_1_0_1_1_1_0_0_1_0_0_1,1,8.666666666666668e-5,1.2472191289246475e-5,0.273224043715847,299.73015873015873
1_0_1_1_1_0_0_1_1_1_1_1_1_1_1_0_1_0_0_0_0_1_1_1_1_1_1_1_1_1_0_0_1_1_1_1_1_0_1_0_0_1,1,8.666666666666668e-5,1.885618083164127e-5,0.2568306010928962,199.55555555555554
1_0_1_0_0_1_1_0_0_0_1_0_0_1_0_0_0_0_0_1_0_0_0_1_0_1_1_1_1_0_1_1_0_0_0_1_0_0_0_1_0_0,1,8.666666666666668e-5,1.6996731711975954e-5,0.22950819672131148,248.20887445887445
0_0_1_0_0_1_1_0_0_0_0_1_0_1_0_0_0_0_0_1_0_1_0_0_0_1_1_1_1_0_1_1_1_0_0_0_0_0_0_1_1_0,1,8.666666666666668e-5,2.494438257849294e-5,0.23497267759562843,151.66666666666666
0_1_0_0_0_1_1_0_0_0_0_0_0_1_0_1_1_1_1_0_1_1_1_0_0_1_1_1_0_1_1_1_0_1_1_0_0_0_1_0_1_1,1,8.666666666666668e-5,4.714045207910317e-6,0.22404371584699453,207.87037037037035
1_1_1_1_1_0_0_1_1_1_1_1_1_1_1_0_0_0_1_1_1_0_1_1_1_0_1_0_0_1_0_0_1_1_1_1_1_1_0_0_0_1,1,8.666666666666665e-5,3.771236166328253e-5,0.2459016393442623,213.65079365079364
0_0_1_0_0_1_1_0_0_0_0_0_0_1_0_1_0_1_1_1_1_0_1_0_0_1_1_1_1_1_1_1_0_1_1_0_0_0_0_0_0_1,1,8.666666666666665e-5,4.1096093353126506e-5,0.2568306010928962,227.14285714285714
0_1_0_1_1_0_0_1_1_1_0_1_1_0_1_1_1_1_1_0_1_1_1_0_1_0_0_0_0_1_0_0_0_1_1_0_1_1_1_0_1_1,1,8.333333333333333e-5,2.0548046676563257e-5,0.22950819672131148,166.93181818181816
1_1_1_1_1_0_0_0_1_1_1_0_1_0_1_0_0_0_0_0_0_1_0_1_1_0_0_0_1_0_0_1_0_0_0_1_1_0_1_1_1_0,1,8.333333333333333e-5,2.4944382578492944e-5,0.3224043715846995,313.85185185185185
1_1_1_1_1_0_0_1_1_1_1_0_1_1_1_0_0_1_0_0_0_1_0_1_1_0_1_0_1_0_0_1_0_0_0_1_1_0_1_1_1_0,1,8.333333333333333e-5,1.2472191289246475e-5,0.30601092896174864,257.8095238095238
1_0_0_0_0_1_1_0_0_0_1_1_0_0_0_1_1_1_0_0_0_1_1_0_0_1_1_1_1_1_1_1_1_1_1_1_0_0_1_1_0_1,1,8.333333333333333e-5,2.8674417556808757e-5,0.2185792349726776,176.33333333333334
0_0_1_1_1_0_0_1_1_1_0_1_1_0_1_0_0_0_0_1_0_1_0_0_1_1_0_1_1_0_0_1_0_0_0_0_1_0_0_0_1_0,1,8.333333333333333e-5,3.6817870057290866e-5,0.3005464480874317,205.80128205128207
0_1_1_1_1_0_0_1_1_1_0_1_1_1_1_1_0_1_1_1_1_0_0_0_1_0_0_0_0_0_0_0_0_0_0_0_1_1_0_0_1_0,1,8.333333333333333e-5,4.714045207910317e-6,0.23497267759562843,216.57407407407405
1_0_0_0_0_1_1_0_0_0_1_0_0_0_0_1_1_1_1_0_0_1_1_1_0_1_1_1_1_1_1_1_0_1_1_1_0_0_1_1_0_1,1,8.333333333333333e-5,4.714045207910317e-6,0.22404371584699453,180.46296296296296
0_0_1_0_0_1_0_0_0_0_0_0_1_1_0_0_0_0_0_1_1_0_0_0_0_1_0_1_1_0_1_1_0_0_0_0_0_0_0_0_0_0,1,8.333333333333333e-5,2.3570226039551585e-5,0.30601092896174864,188.66666666666666
0_0_0_0_0_1_1_0_0_0_0_1_0_0_0_0_0_1_1_1_0_1_0_0_0_1_1_1_1_0_1_1_1_0_0_0_0_0_0_1_1_0,1,8.0e-5,1.4142135623730953e-5,0.22404371584699453,223.5185185185185
1_1_1_1_1_0_0_0_1_1_1_0_1_0_1_0_1_0_0_0_0_1_0_1_1_0_0_0_1_0_0_1_0_0_0_1_1_0_1_1_1_0,1,8.0e-5,1.6329931618554523e-5,0.31693989071038253,275.47222222222223
0_0_0_0_0_1_1_0_0_0_0_0_0_0_0_0_0_1_1_1_1_0_1_0_0_1_1_1_1_1_1_1_1_1_1_0_0_0_0_0_0_1,1,8.0e-5,4.2426406871192855e-5,0.2459016393442623,249.69696969696972
1_0_0_0_0_1_1_0_0_0_1_0_0_0_0_0_1_1_1_0_0_1_1_1_0_1_0_1_1_1_1_1_1_1_1_1_0_0_1_1_0_1,1,8.0e-5,2.449489742783178e-5,0.23497267759562843,198.21969696969697
1_1_0_0_0_1_1_0_0_0_1_0_0_0_0_0_0_1_1_0_0_1_0_1_0_0_0_0_1_0_1_1_0_0_0_1_0_0_1_1_1_0,1,7.999999999999999e-5,2.943920288775949e-5,0.25136612021857924,201.7857142857143
0_1_0_0_0_1_1_0_0_0_0_1_0_0_0_0_0_1_1_1_1_0_0_0_0_0_1_0_0_0_1_0_1_0_0_0_0_1_0_1_1_0,1,7.999999999999999e-5,4.9665548085837796e-5,0.29508196721311475,193.66666666666666
0_0_1_1_1_0_0_1_1_1_0_1_1_1_1_0_0_0_0_1_0_1_0_0_1_1_0_1_1_0_0_1_1_0_0_0_1_0_0_0_1_0,1,7.666666666666667e-5,3.299831645537222e-5,0.273224043715847,234.8888888888889
1_1_0_1_1_0_0_1_1_1_1_0_1_0_1_1_1_0_1_0_1_0_1_1_1_0_0_0_0_1_0_0_0_1_1_1_1_1_1_0_0_1,1,7.666666666666667e-5,2.3570226039551585e-5,0.2459016393442623,184.46969696969697
0_0_0_1_1_0_0_1_1_1_0_1_1_0_1_0_0_1_0_1_0_1_0_0_1_1_0_1_1_0_0_0_1_0_0_0_1_1_0_0_1_0,1,7.666666666666667e-5,1.6996731711975954e-5,0.273224043715847,214.57142857142858
0_1_0_1_1_0_0_1_1_1_0_0_0_0_1_0_0_0_0_1_1_0_0_1_1_0_0_0_0_0_0_0_0_0_0_0_1_1_0_0_0_0,1,7.666666666666667e-5,2.8674417556808757e-5,0.273224043715847,256.2121212121212
0_0_0_1_1_0_0_1_1_1_0_1_0_0_1_1_1_1_1_1_1_0_1_0_1_1_1_1_0_1_0_0_1_1_1_0_1_1_0_0_0_1,1,7.666666666666667e-5,1.2472191289246474e-5,0.3005464480874317,271.38888888888886
1_0_1_0_0_1_1_0_0_0_1_1_1_1_0_1_1_1_1_0_0_1_1_0_0_1_1_1_1_1_1_1_1_1_1_1_0_0_1_1_1_1,1,7.666666666666667e-5,2.0548046676563257e-5,0.273224043715847,262.5
0_0_1_1_1_0_0_1_1_1_0_0_1_1_1_1_1_0_0_0_1_0_0_0_1_0_1_0_1_0_0_1_0_0_0_0_1_0_1_0_0_1,1,7.666666666666667e-5,2.0548046676563257e-5,0.30601092896174864,212.25
1_0_1_0_0_1_1_0_0_0_1_0_0_1_0_1_1_0_0_0_0_1_1_1_0_1_1_1_1_1_1_1_0_1_1_1_0_0_1_1_0_1,1,7.666666666666667e-5,2.0548046676563257e-5,0.2459016393442623,221.5
0_1_0_0_0_1_1_0_0_0_0_0_0_0_0_0_0_0_0_1_1_0_0_1_0_0_0_0_0_0_1_1_0_0_0_0_0_0_0_0_0_0,1,7.666666666666667e-5,3.858612300930074e-5,0.2568306010928962,226.28205128205127
1_0_1_1_1_0_0_1_1_1_1_1_1_1_1_1_1_1_1_0_0_1_1_0_1_1_1_1_1_1_0_0_1_1_1_1_1_1_1_1_1_1,1,7.666666666666667e-5,1.2472191289246474e-5,0.2568306010928962,233.5185185185185
1_0_1_1_1_0_0_1_1_1_1_1_1_0_1_1_1_1_0_0_0_1_1_0_1_1_0_1_1_1_0_0_1_1_1_1_1_1_1_1_1_1,1,7.666666666666666e-5,2.4944382578492944e-5,0.273224043715847,263.46320346320346
0_0_1_1_1_0_0_1_1_1_0_1_1_0_1_0_0_1_0_1_0_1_0_0_1_1_0_1_1_0_0_0_1_0_0_0_1_1_0_0_1_0,1,7.666666666666666e-5,9.428090415820639e-6,0.26229508196721313,191.42857142857144
0_1_1_0_0_1_1_0_0_0_0_0_0_1_0_1_1_1_1_0_1_0_1_1_0_0_1_0_0_1_1_1_0_1_1_0_0_0_1_0_0_1,1,7.333333333333334e-5,1.699673171197595e-5,0.22950819672131148,179.86111111111111
1_1_0_0_0_1_1_0_0_0_1_0_0_0_0_0_0_1_0_0_0_1_0_1_0_0_1_0_1_0_1_1_0_0_0_1_0_0_1_1_1_0,1,7.333333333333334e-5,1.699673171197595e-5,0.25136612021857924,256.1759259259259
0_0_1_0_0_1_1_0_0_0_0_1_1_1_0_1_1_0_0_0_0_1_0_0_0_1_0_1_1_0_1_1_0_0_0_0_0_0_1_0_1_0,1,7.333333333333334e-5,9.428090415820637e-6,0.3114754098360656,211.80555555555557
1_1_1_1_1_0_0_1_1_1_1_0_1_1_1_0_0_1_0_0_0_1_0_1_1_0_0_0_1_0_0_1_0_0_0_1_1_0_1_1_1_0,1,7.333333333333333e-5,1.2472191289246474e-5,0.3114754098360656,273.25396825396825
0_0_1_0_0_1_1_0_0_0_0_1_0_1_0_0_0_1_0_1_0_1_0_0_0_1_1_1_1_0_1_1_1_0_0_0_0_0_0_1_1_0,1,7.333333333333333e-5,1.699673171197595e-5,0.2459016393442623,182.03703703703704
1_0_0_0_0_1_1_0_0_0_1_1_0_0_0_1_1_0_0_0_0_1_1_0_0_1_1_1_1_1_1_1_1_1_1_1_0_0_1_1_0_1,1,7.333333333333333e-5,1.699673171197595e-5,0.2185792349726776,236.3888888888889
1_1_0_0_0_1_1_0_0_0_1_0_0_0_0_0_0_1_1_1_0_1_1_1_0_1_1_1_0_1_1_1_0_1_1_1_0_0_0_1_1_0,1,7.333333333333333e-5,2.6246692913372705e-5,0.2459016393442623,169.10101010101008
1_1_0_0_0_1_1_0_0_0_1_1_0_0_0_0_0_1_1_1_0_1_1_1_0_1_0_1_0_1_1_0_1_1_1_1_0_1_0_1_1_0,1,7.333333333333333e-5,3.39934634239519e-5,0.30601092896174864,243.05555555555557
0_0_1_1_1_0_0_1_1_1_0_1_1_1_1_1_1_0_0_1_1_0_1_0_1_1_1_1_0_1_0_0_1_1_1_0_1_1_0_0_0_1,1,7.333333333333333e-5,4.714045207910323e-6,0.25136612021857924,203.33333333333334
0_0_1_0_0_1_1_1_0_0_0_1_1_1_0_0_0_1_1_1_1_0_1_0_0_1_0_1_1_1_1_0_1_1_1_0_0_0_0_0_0_1,1,7.333333333333333e-5,4.714045207910323e-6,0.33879781420765026,227.85714285714286
1_0_0_0_0_1_1_0_0_0_1_1_0_1_0_1_1_1_1_0_0_1_1_0_0_1_1_1_1_1_1_1_1_1_1_1_0_1_1_1_1_1,1,7.000000000000001e-5,8.164965809277262e-6,0.26229508196721313,240.67460317460316
1_0_1_1_1_0_0_1_1_1_1_0_1_1_1_1_1_0_0_0_0_1_1_1_1_1_0_1_1_1_0_1_0_1_1_1_1_0_1_0_0_1,1,7.000000000000001e-5,2.1602468994692868e-5,0.29508196721311475,235.87962962962965
0_1_0_1_1_0_0_1_1_1_0_1_1_0_1_0_0_1_1_1_1_0_0_0_1_0_0_0_0_0_0_0_1_0_0_0_1_1_0_0_1_0,1,7.000000000000001e-5,2.8284271247461902e-5,0.2459016393442623,279.6969696969697
1_1_0_0_0_1_1_0_0_0_1_0_0_0_0_1_1_0_1_0_1_0_1_1_0_0_1_0_0_1_1_0_0_1_1_1_0_1_1_1_0_1,1,7.000000000000001e-5,2.1602468994692868e-5,0.28415300546448086,226.33333333333334
1_1_0_1_1_0_0_0_1_1_1_0_0_0_1_1_1_0_0_0_0_1_0_1_1_0_1_0_0_0_0_1_0_0_0_1_1_1_1_1_1_0,1,7.000000000000001e-5,1.6329931618554523e-5,0.33879781420765026,206.25396825396828
0_0_1_1_1_0_0_1_1_1_0_1_1_0_1_0_0_1_1_1_1_0_1_0_1_1_0_1_1_1_0_0_1_1_1_0_1_0_0_0_0_1,1,7.000000000000001e-5,2.449489742783178e-5,0.28415300546448086,269.04761904761904
0_0_0_0_0_1_1_0_0_0_0_1_0_1_0_0_0_0_0_1_0_1_0_0_0_1_1_1_1_0_1_1_1_0_0_0_0_0_0_1_1_0,1,7.000000000000001e-5,2.1602468994692868e-5,0.22404371584699453,179.7685185185185
0_1_0_1_1_0_0_1_1_1_0_1_1_0_1_0_0_1_1_1_1_0_0_1_1_0_0_0_0_0_0_0_1_0_0_0_1_1_0_0_1_0,1,7.0e-5,1.6329931618554523e-5,0.22950819672131148,357.1322751322751
1_1_1_1_1_0_0_1_1_1_1_0_1_0_1_1_1_1_1_0_1_0_1_1_1_0_0_0_0_1_0_0_0_1_1_1_1_1_1_0_0_1,1,6.666666666666667e-5,9.428090415820637e-6,0.22404371584699453,193.75
0_1_1_1_1_0_0_1_1_1_0_1_1_1_1_0_0_0_0_1_1_0_0_0_1_0_0_0_0_0_0_0_1_0_0_0_1_1_0_0_1_0,1,6.666666666666667e-5,9.428090415820637e-6,0.22404371584699453,211.94444444444446
0_0_0_0_0_1_1_0_0_0_0_1_0_1_0_0_0_1_0_1_0_1_0_0_0_1_1_1_1_0_1_1_1_0_0_0_0_0_0_1_1_0,1,6.666666666666667e-5,3.299831645537222e-5,0.23497267759562843,200.15151515151513
1_1_1_0_0_1_1_0_0_0_1_0_0_1_0_1_1_1_1_0_1_0_1_1_0_0_1_0_0_1_1_1_0_1_1_1_0_0_1_1_0_1,1,6.666666666666667e-5,1.2472191289246472e-5,0.26229508196721313,156.3452380952381
0_0_1_1_1_0_0_1_1_1_0_1_1_0_1_0_0_0_0_1_0_1_0_0_1_1_0_1_1_0_0_0_1_0_0_0_1_1_0_0_1_0,1,6.666666666666667e-5,3.7712361663282534e-5,0.25136612021857924,183.88888888888889
0_0_0_0_0_1_1_0_0_0_0_0_0_0_0_1_1_0_0_0_0_1_0_0_0_1_1_1_1_0_1_1_0_0_0_0_0_0_1_1_1_0,1,6.666666666666667e-5,9.428090415820637e-6,0.24043715846994534,195.41666666666666
0_1_1_1_1_0_0_1_1_1_0_1_1_1_1_1_0_0_0_1_1_0_0_0_1_0_1_0_0_0_0_0_0_0_0_0_1_1_0_0_1_0,1,6.666666666666667e-5,2.4944382578492944e-5,0.23497267759562843,194.88888888888889
0_0_0_0_0_1_1_0_0_0_0_0_0_1_0_0_0_1_1_1_0_1_0_0_0_1_1_1_1_0_1_1_0_0_0_0_0_0_0_1_1_0,1,6.666666666666666e-5,4.714045207910313e-6,0.23497267759562843,204.2857142857143
0_1_1_1_1_0_0_1_1_1_0_1_1_1_1_1_0_0_1_1_1_0_0_0_1_0_0_0_0_0_0_0_0_0_0_0_1_1_0_0_1_0,1,6.666666666666666e-5,4.714045207910313e-6,0.23497267759562843,231.5079365079365
1_0_0_0_0_1_1_0_0_0_1_0_0_0_0_0_1_1_0_0_0_1_1_1_0_1_1_1_1_1_1_1_1_1_1_1_0_0_1_1_0_1,1,6.666666666666666e-5,4.714045207910313e-6,0.23497267759562843,193.80952380952382
1_0_1_1_1_0_0_1_1_1_1_0_1_1_1_1_1_1_0_0_0_1_1_1_1_1_0_1_1_1_0_1_0_1_1_1_1_0_1_0_0_1,1,6.666666666666666e-5,3.681787005729087e-5,0.29508196721311475,300.06493506493507
1_0_0_0_0_1_1_0_0_0_1_0_0_1_0_1_1_0_0_0_0_1_1_1_0_1_1_1_1_1_1_1_0_1_1_1_0_0_1_1_0_1,1,6.333333333333333e-5,1.699673171197595e-5,0.23497267759562843,218.69047619047618
0_1_1_1_1_0_0_1_1_1_0_0_1_1_1_0_0_0_1_1_1_0_0_1_1_0_0_0_0_0_0_0_0_0_0_0_1_1_0_0_1_0,1,6.333333333333333e-5,1.2472191289246474e-5,0.2185792349726776,216.55555555555554
1_0_1_0_0_1_1_0_0_0_1_0_0_1_0_1_1_1_0_0_0_1_1_0_0_1_1_1_1_1_1_1_0_1_1_1_0_0_1_1_1_1,1,6.333333333333333e-5,2.4944382578492947e-5,0.23497267759562843,216.2962962962963
1_1_0_1_1_0_1_1_1_1_1_1_0_0_1_1_1_1_1_0_0_1_1_1_1_0_1_0_0_1_0_0_1_1_1_1_1_1_1_1_1_1,1,6.333333333333333e-5,4.714045207910313e-6,0.30601092896174864,226.11111111111111
0_1_0_0_0_1_1_0_0_0_0_0_0_1_0_1_1_0_1_0_1_0_1_1_0_0_1_0_0_1_1_0_0_1_1_0_0_1_1_0_0_1,1,6.333333333333333e-5,2.4944382578492947e-5,0.2677595628415301,219.68253968253967
1_1_0_0_0_1_1_0_0_0_1_0_0_0_0_1_1_1_1_0_1_0_1_1_0_0_1_0_0_1_1_0_0_1_1_1_0_1_1_1_0_1,1,6.333333333333333e-5,2.3570226039551588e-5,0.273224043715847,179.7222222222222
0_1_1_1_1_0_0_1_1_1_0_1_1_0_1_0_0_0_1_1_1_0_0_0_1_0_0_0_0_0_0_0_1_0_0_0_1_1_0_0_1_0,1,6.333333333333333e-5,1.2472191289246474e-5,0.23497267759562843,212.55555555555554
0_0_1_0_0_1_1_1_0_0_0_1_0_1_0_1_1_1_1_1_1_0_1_0_0_1_1_1_0_1_1_0_1_1_1_0_0_1_0_0_0_1,1,6.333333333333333e-5,2.0548046676563257e-5,0.3333333333333333,282.68518518518516
0_1_0_1_1_0_0_1_1_1_0_0_0_0_1_0_0_1_1_1_1_0_0_1_1_0_1_0_0_0_0_0_0_0_0_0_1_1_0_0_1_0,1,6.0e-5,0.0,0.2677595628415301,335.5555555555556
1_0_1_1_1_0_0_1_1_1_1_1_1_0_1_0_0_1_0_1_0_1_0_0_1_1_0_1_1_0_0_1_1_0_0_1_1_0_0_1_1_0,1,6.0e-5,1.6329931618554523e-5,0.2677595628415301,191.11111111111111
0_0_0_0_0_1_1_0_0_0_0_1_0_0_0_1_1_0_1_1_1_0_1_0_0_1_0_1_0_1_1_0_1_1_1_0_0_1_0_0_0_1,1,6.0e-5,0.0,0.30601092896174864,256.11111111111114
0_1_0_1_1_0_0_1_1_1_0_0_1_0_1_0_0_0_0_1_1_0_0_1_1_0_0_0_0_0_0_0_0_0_0_0_1_0_0_0_0_0,1,6.0e-5,2.8284271247461902e-5,0.273224043715847,264.5833333333333
1_0_0_1_1_0_0_1_1_1_1_1_1_0_1_0_0_0_0_1_0_0_0_1_1_0_0_0_1_0_0_0_1_0_0_1_1_1_0_1_0_0,1,6.0e-5,1.6329931618554523e-5,0.23497267759562843,181.66666666666666
0_0_0_0_0_1_1_1_0_0_0_1_0_1_0_0_0_0_0_1_0_0_0_1_0_0_1_0_1_0_1_0_1_0_0_0_0_1_0_1_0_0,1,6.0e-5,2.943920288775949e-5,0.31693989071038253,205.2222222222222
0_1_1_1_1_0_0_0_1_1_0_0_1_0_1_1_1_1_1_0_1_1_1_0_1_1_0_1_0_1_0_1_0_1_1_0_1_0_1_0_1_1,1,6.0e-5,1.4142135623730953e-5,0.3005464480874317,195.83333333333334
0_0_0_0_0_1_1_0_0_0_0_1_0_1_0_0_0_1_0_1_0_1_0_0_0_1_1_1_1_0_1_1_1_0_0_0_0_1_0_1_1_0,1,5.9999999999999995e-5,8.164965809277256e-6,0.26229508196721313,224.7777777777778
0_0_1_1_1_0_0_1_1_1_0_1_1_1_1_1_1_0_1_1_1_0_1_0_1_1_0_1_0_1_0_0_1_1_1_0_1_1_0_0_0_1,1,5.9999999999999995e-5,8.164965809277256e-6,0.25136612021857924,258.3015873015873
0_0_0_1_1_0_0_1_1_1_0_1_1_0_1_0_0_0_0_1_0_1_0_0_1_1_0_1_1_0_0_0_1_0_0_0_1_1_0_0_1_0,1,5.9999999999999995e-5,8.164965809277256e-6,0.26229508196721313,176.31746031746033
1_1_1_1_1_0_0_1_1_1_1_0_1_0_1_1_1_0_1_0_1_0_1_1_1_0_0_0_0_1_0_0_0_1_1_1_1_1_1_0_0_1,1,5.9999999999999995e-5,8.164965809277256e-6,0.23497267759562843,183.26984126984124
0_0_1_1_1_0_0_1_1_1_0_1_1_0_1_0_0_1_0_1_0_1_0_0_1_1_0_1_1_0_0_1_0_0_0_0_1_0_0_0_1_0,1,5.9999999999999995e-5,8.164965809277256e-6,0.3114754098360656,201.95238095238096
0_1_0_1_1_0_0_1_1_1_0_0_0_0_1_0_0_0_1_1_1_0_0_1_1_0_1_0_0_0_0_0_0_0_0_0_1_1_0_0_0_0,1,5.9999999999999995e-5,2.943920288775949e-5,0.273224043715847,249.47089947089944
1_1_0_0_0_1_1_0_0_0_1_0_0_1_0_1_1_0_1_0_1_0_1_1_0_0_1_0_0_1_1_0_1_1_1_1_0_1_1_1_0_1,1,5.666666666666667e-5,4.714045207910317e-6,0.3114754098360656,206.55555555555554
1_1_0_0_0_1_1_0_0_0_1_0_0_1_0_1_1_1_1_0_1_0_1_1_0_0_1_0_0_1_1_0_1_1_1_1_0_1_1_1_0_1,1,5.666666666666667e-5,9.42809041582063e-6,0.3005464480874317,194.19047619047618
1_1_0_1_1_0_0_1_1_1_1_0_0_0_1_0_0_1_1_1_1_0_1_1_1_0_1_0_0_1_0_0_1_1_1_1_1_1_0_1_0_1,1,5.666666666666667e-5,3.091206165165235e-5,0.3114754098360656,259.27777777777777
0_1_0_0_0_1_1_0_0_0_0_0_0_0_0_1_0_1_1_1_1_0_0_0_0_0_1_0_0_0_1_1_0_0_0_0_0_1_0_1_1_0,1,5.666666666666667e-5,2.3570226039551585e-5,0.26229508196721313,215.0925925925926
0_1_1_1_1_0_0_1_1_1_0_0_1_1_1_0_0_1_1_1_1_0_0_1_1_0_0_0_0_0_0_0_0_0_0_0_1_1_0_0_1_0,1,5.666666666666667e-5,2.6246692913372705e-5,0.2185792349726776,181.7857142857143
1_0_1_0_0_1_0_0_0_0_1_0_1_1_0_0_0_0_0_1_0_0_0_1_0_1_0_1_1_0_1_1_0_0_0_1_0_0_0_1_0_0,1,5.666666666666667e-5,2.0548046676563257e-5,0.29508196721311475,217.08333333333334
0_0_0_1_1_0_1_1_1_1_0_1_0_0_1_1_0_1_1_1_1_0_1_0_1_1_0_1_0_1_0_0_1_1_1_0_1_1_0_0_0_1,1,5.6666666666666664e-5,1.2472191289246467e-5,0.3224043715846995,277.22222222222223
0_1_0_1_1_0_0_0_1_1_0_0_0_0_1_1_0_0_1_1_1_0_0_0_1_0_0_0_0_0_0_1_0_0_0_0_1_1_0_1_1_0,1,5.333333333333334e-5,3.39934634239519e-5,0.32786885245901637,248.75
1_1_1_0_0_1_1_0_0_0_1_0_1_1_0_0_1_0_0_0_0_1_0_1_0_0_0_0_1_0_1_1_0_0_0_1_0_0_1_1_1_0,1,5.333333333333334e-5,1.885618083164127e-5,0.29508196721311475,246.66666666666666
1_1_1_1_1_0_0_1_1_1_1_0_1_1_1_1_1_0_0_0_1_0_1_1_1_0_0_0_0_1_0_0_0_1_1_1_1_1_1_0_0_1,1,5.333333333333334e-5,1.885618083164127e-5,0.22404371584699453,179.16666666666666
0_1_0_1_1_0_0_1_1_1_0_0_1_0_1_0_0_0_1_1_1_0_0_1_1_0_0_0_0_0_0_0_0_0_0_0_1_0_0_0_0_0,1,5.333333333333334e-5,4.714045207910317e-6,0.2677595628415301,227.44444444444446
1_1_0_1_1_0_0_1_1_1_1_0_1_0_1_1_1_0_1_0_1_0_1_1_1_0_0_0_0_1_0_0_0_1_1_1_1_0_1_0_0_1,1,5.333333333333334e-5,2.0548046676563257e-5,0.273224043715847,198.0
0_1_0_0_0_1_1_0_0_0_0_0_0_0_0_0_0_0_0_1_1_0_0_1_0_0_1_0_0_0_1_1_0_0_0_0_0_0_0_0_0_0,1,5.333333333333334e-5,4.027681991198191e-5,0.26229508196721313,224.44444444444443
1_1_0_1_1_0_0_1_1_1_1_0_1_0_1_1_1_1_1_0_1_0_1_1_1_0_0_0_0_1_0_0_0_1_1_1_1_1_1_0_0_1,1,5.3333333333333326e-5,1.2472191289246467e-5,0.23497267759562843,166.47619047619048
0_1_0_1_1_0_0_1_1_1_0_1_1_0_1_0_0_0_1_1_1_0_0_0_1_0_0_0_0_0_0_0_1_0_0_0_1_1_0_0_1_0,1,5.3333333333333326e-5,1.6996731711975947e-5,0.2459016393442623,282.06349206349205
0_0_1_0_0_1_1_0_0_0_0_0_0_1_0_0_0_1_1_1_0_1_0_0_0_1_1_1_1_0_1_1_0_0_0_0_0_0_0_1_1_0,1,5.3333333333333326e-5,1.2472191289246467e-5,0.2459016393442623,225.09523809523807
0_0_0_0_0_1_1_0_0_0_0_0_0_1_0_0_0_1_1_1_1_0_1_0_0_1_1_1_1_1_1_1_1_1_1_0_0_0_0_0_0_1,1,5.3333333333333326e-5,1.6996731711975947e-5,0.26229508196721313,219.52380952380952
1_1_0_0_0_1_1_0_0_0_1_0_0_1_0_1_1_1_1_0_1_0_1_1_0_0_1_0_0_1_1_1_0_1_1_1_0_0_1_1_0_1,1,5.3333333333333326e-5,1.6996731711975947e-5,0.25136612021857924,216.66666666666666
0_0_0_0_0_1_1_1_0_0_0_1_0_1_0_1_0_1_1_1_1_0_1_0_0_1_1_1_0_1_1_0_1_1_1_0_0_1_0_0_0_1,1,5.3333333333333326e-5,1.6996731711975947e-5,0.31693989071038253,209.7619047619048
1_1_0_1_1_0_0_1_1_1_1_0_1_0_1_1_1_1_1_0_1_0_1_1_1_0_0_0_0_1_0_0_0_1_1_1_1_0_1_0_0_1,1,5.3333333333333326e-5,1.2472191289246467e-5,0.26229508196721313,165.7142857142857
1_0_1_0_0_1_1_0_0_0_1_1_0_1_0_1_1_1_1_0_0_1_1_0_0_1_1_1_1_1_1_1_1_1_1_1_0_1_1_1_1_1,1,5.0e-5,8.16496580927726e-6,0.273224043715847,210.44444444444446
1_1_1_1_1_0_0_1_1_1_1_1_1_0_1_1_1_0_0_0_1_0_1_1_1_0_0_0_0_1_0_0_1_1_1_1_1_1_1_0_0_1,1,5.0e-5,2.9439202887759494e-5,0.23497267759562843,168.33333333333334
0_1_0_1_1_0_0_0_1_1_0_0_0_0_1_1_0_1_1_1_1_0_0_0_1_0_1_0_0_0_0_1_0_0_0_0_1_1_0_1_1_0,1,5.0e-5,2.160246899469287e-5,0.3333333333333333,186.80555555555554
1_0_1_0_0_1_1_1_0_0_1_1_1_1_0_1_1_1_1_0_0_1_1_0_0_1_0_1_1_1_1_0_1_1_1_1_0_1_1_1_1_1,1,5.0e-5,1.4142135623730951e-5,0.3333333333333333,255.0
0_1_0_0_0_1_1_0_0_0_0_0_0_0_0_1_0_0_1_1_1_0_0_0_0_0_0_0_0_0_1_1_0_0_0_0_0_1_0_1_1_0,1,5.0e-5,0.0,0.2568306010928962,183.33333333333334
1_1_1_1_1_0_0_1_1_1_1_1_1_1_1_0_0_1_0_1_0_1_1_1_1_1_1_1_0_1_0_0_1_0_1_1_1_1_0_1_1_0,1,5.0e-5,8.16496580927726e-6,0.2568306010928962,250.05555555555557
1_0_1_0_0_1_1_0_0_0_1_1_1_1_0_1_1_0_0_0_0_1_1_0_0_1_0_1_1_1_1_1_1_1_1_1_0_0_1_1_0_1,1,5.0e-5,2.4494897427831785e-5,0.2677595628415301,327.0
1_0_1_0_0_1_1_1_0_0_1_1_1_1_0_0_1_0_0_0_0_1_1_1_0_1_0_1_1_1_1_0_1_1_1_1_0_0_1_0_0_1,1,5.0e-5,1.4142135623730946e-5,0.3333333333333333,197.14285714285714
1_1_1_0_0_1_1_0_0_0_1_0_0_1_0_1_1_0_1_0_1_0_1_1_0_0_1_0_0_1_1_1_0_1_1_1_0_0_1_1_0_1,1,5.0e-5,1.4142135623730951e-5,0.273224043715847,186.1111111111111
0_0_1_1_1_0_0_1_1_1_0_1_1_1_1_1_1_0_0_0_1_0_0_0_1_0_1_0_1_0_0_0_1_0_0_0_1_0_1_0_0_1,1,4.666666666666667e-5,4.714045207910317e-6,0.2677595628415301,189.0
1_1_0_0_0_1_1_0_0_0_1_0_0_1_0_1_1_0_0_0_0_1_0_1_0_0_1_0_0_0_1_1_0_0_0_1_0_1_1_1_1_0,1,4.666666666666667e-5,4.714045207910317e-6,0.28415300546448086,293.8333333333333
0_1_0_1_1_0_0_1_1_1_0_0_0_0_1_0_0_0_1_1_1_0_0_1_1_0_1_0_0_0_0_0_0_0_0_0_1_1_0_0_1_0,1,4.666666666666667e-5,2.4944382578492947e-5,0.2677595628415301,438.75
1_0_1_0_0_1_1_0_0_0_1_0_0_1_0_1_1_1_0_0_0_1_1_1_0_1_1_1_1_1_1_1_0_1_1_1_0_0_1_1_0_1,1,4.666666666666667e-5,9.428090415820634e-6,0.2459016393442623,290.8333333333333
1_0_0_0_0_1_1_0_0_0_1_0_0_1_0_1_1_1_0_0_0_1_1_1_0_1_1_1_1_1_1_1_0_1_1_1_0_0_1_1_0_1,1,4.666666666666667e-5,1.2472191289246472e-5,0.23497267759562843,210.66666666666666
1_0_1_1_1_0_0_1_1_1_1_1_1_1_1_0_1_0_0_0_0_1_1_1_1_1_0_1_1_1_0_0_1_1_1_1_1_0_1_0_0_1,1,4.666666666666667e-5,2.867441755680876e-5,0.26229508196721313,189.5
0_0_0_0_0_1_1_0_0_0_0_0_0_0_0_1_1_1_1_0_0_1_0_0_0_1_0_1_1_0_1_1_0_0_0_0_0_0_1_1_1_0,1,4.666666666666667e-5,3.681787005729087e-5,0.25136612021857924,156.44444444444446
0_0_0_1_1_0_0_1_1_1_0_1_0_0_1_1_0_1_1_1_1_0_1_0_1_1_1_1_0_1_0_0_1_1_1_0_1_1_0_0_0_1,1,4.666666666666667e-5,9.428090415820634e-6,0.29508196721311475,234.44444444444446
0_0_0_0_0_1_1_0_0_0_0_1_0_0_0_1_1_0_0_1_1_0_1_0_0_1_0_1_0_1_1_0_1_1_1_0_0_1_0_0_0_1,1,4.666666666666667e-5,4.714045207910317e-6,0.3114754098360656,258.5
0_1_1_1_1_0_0_1_1_1_0_0_1_0_1_0_0_0_0_1_1_0_0_1_1_0_0_0_0_0_0_0_0_0_0_0_1_0_0_0_0_0,1,4.666666666666667e-5,1.8856180831641267e-5,0.26229508196721313,310.55555555555554
0_0_0_0_0_1_1_0_0_0_0_0_0_0_0_1_1_0_1_0_1_0_0_0_0_1_1_1_1_0_1_1_0_1_1_0_0_0_1_0_0_1,1,4.666666666666667e-5,1.2472191289246472e-5,0.25136612021857924,253.55555555555557
1_1_0_0_0_1_1_0_0_0_1_0_0_0_0_0_0_1_1_1_1_0_1_1_0_0_0_0_0_1_1_0_1_1_1_1_0_1_0_1_0_1,1,4.666666666666667e-5,1.2472191289246472e-5,0.31693989071038253,171.55555555555554
1_1_1_1_1_0_0_1_1_1_1_1_1_1_1_0_0_0_0_1_1_0_1_1_1_0_1_0_0_1_0_0_1_1_1_1_1_1_0_0_0_1,1,4.6666666666666665e-5,1.6996731711975947e-5,0.25136612021857924,202.1031746031746
1_1_0_0_0_1_1_0_0_0_1_0_0_0_0_0_0_1_0_1_0_1_1_1_0_1_0_1_0_1_1_1_0_1_1_1_0_0_0_1_0_0,1,4.6666666666666665e-5,1.6996731711975947e-5,0.25136612021857924,353.13492063492066
0_0_1_0_0_1_1_0_0_0_0_1_1_1_0_1_1_1_0_0_0_1_0_0_0_1_1_1_1_0_1_1_0_0_0_0_0_0_1_0_1_0,1,4.333333333333334e-5,4.714045207910317e-6,0.31693989071038253,252.5
0_1_0_0_0_1_1_0_0_0_0_1_0_0_0_1_1_1_0_0_0_1_0_0_0_0_0_0_1_0_1_1_0_0_0_0_0_1_1_1_1_0,1,4.333333333333334e-5,9.428090415820635e-6,0.2786885245901639,177.33333333333334
1_1_1_0_0_1_0_0_0_0_1_0_1_1_0_0_0_0_0_0_0_1_0_1_0_0_1_0_1_0_1_1_0_0_0_1_0_0_1_1_1_0,1,4.333333333333334e-5,1.247219128924647e-5,0.32786885245901637,249.44444444444443
0_1_0_1_1_0_1_1_1_1_0_1_0_0_1_1_1_1_1_0_1_1_1_0_1_0_0_0_0_1_0_0_1_1_1_0_1_1_1_0_1_1,1,4.333333333333334e-5,9.428090415820635e-6,0.2896174863387978,220.44444444444446
0_1_0_1_1_0_1_1_1_1_0_1_0_0_1_1_1_1_1_0_1_1_1_0_1_0_1_0_0_1_0_0_1_1_1_0_1_1_1_0_1_1,1,4.333333333333334e-5,9.428090415820635e-6,0.29508196721311475,249.7777777777778
0_1_0_1_1_0_0_1_1_1_0_0_0_0_1_0_0_0_0_1_1_0_0_1_1_0_1_0_0_0_0_0_0_0_0_0_1_1_0_0_0_0,1,4.333333333333334e-5,2.6246692913372705e-5,0.2786885245901639,242.77777777777774
1_0_1_1_1_0_0_1_1_1_1_0_1_1_1_0_0_1_1_1_1_0_1_1_1_1_1_1_0_1_0_0_1_1_1_1_1_0_0_0_0_1,1,4.333333333333334e-5,1.6996731711975947e-5,0.2677595628415301,248.44444444444446
1_0_1_0_0_1_0_0_0_0_1_0_1_1_0_0_0_0_0_1_0_0_0_1_0_1_1_1_1_0_1_1_0_0_0_1_0_0_0_1_0_0,1,4.333333333333333e-5,1.8856180831641264e-5,0.2896174863387978,234.76190476190473
1_0_1_0_0_1_1_0_0_0_1_1_0_1_0_1_1_1_0_0_0_1_1_0_0_1_1_1_1_1_1_1_1_1_1_1_0_0_1_1_1_1,1,4.0e-5,3.2659863237109046e-5,0.25136612021857924,201.875
1_0_1_0_0_1_1_1_0_0_1_1_1_1_0_0_1_1_0_0_0_1_1_1_0_1_1_1_1_1_1_0_1_1_1_1_0_0_1_0_0_1,1,4.0e-5,0.0,0.32786885245901637,232.5
1_1_1_1_1_0_0_1_1_1_1_1_1_1_1_0_0_1_0_1_0_1_1_1_1_0_1_0_0_1_0_0_1_0_0_1_1_1_0_1_1_0,1,4.0e-5,8.164965809277262e-6,0.2459016393442623,237.22222222222226
1_1_0_1_1_0_0_0_1_1_1_0_1_0_1_0_0_0_0_0_0_1_0_1_1_0_0_0_1_0_0_1_0_0_0_1_1_0_1_1_1_0,1,4.0e-5,8.164965809277262e-6,0.3333333333333333,305.0555555555556
0_1_0_0_0_1_1_0_0_0_0_0_0_0_0_1_0_0_1_1_1_0_0_0_0_0_1_0_0_0_1_1_0_0_0_0_0_1_0_1_1_0,1,4.0e-5,0.0,0.26229508196721313,180.83333333333334
0_0_1_0_0_1_1_0_0_0_0_1_0_1_0_0_0_0_0_1_0_1_0_0_0_1_1_1_1_0_1_1_1_0_0_0_0_1_0_1_1_0,1,4.0e-5,1.4142135623730951e-5,0.26229508196721313,165.55555555555554
0_0_1_1_1_0_0_1_1_1_0_0_1_1_1_1_1_0_1_0_1_0_0_0_1_0_1_0_1_0_0_1_0_1_0_0_1_0_1_0_0_1,1,4.0e-5,1.632993161855452e-5,0.32786885245901637,261.38888888888886
0_0_0_1_1_0_0_1_1_1_0_1_0_0_1_1_1_0_1_1_1_0_1_0_1_1_0_1_0_1_0_0_1_1_1_0_1_1_0_0_0_1,1,4.0e-5,1.4142135623730951e-5,0.30601092896174864,215.66666666666666
1_1_1_1_1_0_0_1_1_1_1_0_1_0_1_1_1_0_0_0_1_0_1_1_1_0_0_0_0_1_0_0_0_1_1_1_1_0_1_0_0_1,1,4.0e-5,1.4142135623730951e-5,0.2677595628415301,178.33333333333334
0_0_0_1_1_0_1_1_1_1_0_1_0_0_1_1_1_1_1_1_1_0_1_0_1_1_0_1_0_1_0_0_1_1_1_0_1_1_0_0_0_1,1,4.0e-5,8.164965809277262e-6,0.32786885245901637,327.1111111111111
1_0_1_0_0_1_1_0_0_0_1_1_1_1_0_1_1_1_1_0_0_1_1_0_0_1_0_1_1_1_1_1_1_1_1_1_0_0_1_1_1_1,1,4.0e-5,1.4142135623730951e-5,0.2786885245901639,251.33333333333334
1_0_0_0_0_1_1_1_0_0_1_1_0_1_0_0_0_0_0_1_0_0_0_1_0_0_1_0_1_0_1_0_1_0_0_1_0_1_0_1_0_0,1,4.0e-5,0.0,0.3005464480874317,160.0
1_0_1_1_1_0_0_1_1_1_1_1_1_1_1_1_1_1_1_0_0_1_1_0_1_1_0_1_1_1_0_0_1_1_1_1_1_1_1_1_1_1,1,4.0e-5,8.164965809277262e-6,0.26229508196721313,166.7777777777778
1_0_0_0_0_1_1_0_0_0_1_0_0_1_0_0_1_0_0_0_0_1_1_1_0_1_1_1_1_1_1_1_1_1_1_1_0_0_1_1_0_1,1,4.0e-5,1.632993161855452e-5,0.25136612021857924,157.5
1_0_0_1_1_0_0_1_1_1_1_1_1_0_1_1_1_1_0_0_0_1_1_0_1_1_0_1_1_1_0_0_1_1_1_1_1_1_1_1_1_1,1,3.666666666666667e-5,4.7140452079103185e-6,0.28415300546448086,264.1666666666667
1_1_0_0_0_1_1_0_0_0_1_0_0_1_0_1_1_1_1_0_1_0_1_1_0_0_1_0_0_1_1_0_0_1_1_1_0_1_1_1_0_1,1,3.666666666666667e-5,1.2472191289246472e-5,0.2896174863387978,173.33333333333334
1_1_0_0_0_1_1_0_0_0_1_0_0_0_0_0_0_1_1_0_0_1_0_1_0_0_1_0_1_0_1_1_0_0_0_1_0_0_1_1_1_0,1,3.666666666666667e-5,1.2472191289246472e-5,0.2568306010928962,224.16666666666666
1_0_1_1_1_0_0_0_1_1_1_0_1_0_1_1_1_0_0_0_0_1_1_1_1_1_0_1_1_1_0_1_0_1_1_1_1_0_1_0_0_1,1,3.666666666666667e-5,4.7140452079103185e-6,0.31693989071038253,191.94444444444446
0_0_0_0_0_1_1_0_0_0_0_0_0_1_0_1_1_0_0_0_0_1_0_0_0_1_1_1_1_0_1_1_0_0_0_0_0_0_1_1_1_0,1,3.666666666666667e-5,4.7140452079103185e-6,0.2568306010928962,210.55555555555554
0_0_1_1_1_0_0_1_1_1_0_1_1_1_1_1_1_0_0_0_0_1_0_0_1_1_1_1_1_0_0_1_0_0_0_0_1_0_1_0_1_0,1,3.666666666666667e-5,4.7140452079103185e-6,0.31693989071038253,175.55555555555557
1_1_0_1_1_0_0_1_1_1_1_0_0_0_1_0_1_0_1_0_1_0_0_1_1_0_0_0_0_0_0_0_1_0_0_1_1_1_1_1_1_0,1,3.6666666666666666e-5,1.699673171197595e-5,0.28415300546448086,229.44444444444446
0_1_1_1_1_0_0_1_1_1_0_1_1_1_1_1_0_0_0_1_1_0_0_0_1_0_0_0_0_0_0_0_0_0_0_0_1_1_0_0_1_0,1,3.6666666666666666e-5,1.2472191289246472e-5,0.24043715846994534,205.0
1_1_0_0_0_1_1_0_0_0_1_1_0_0_0_0_0_1_1_1_0_1_1_1_0_1_1_1_0_1_1_0_1_1_1_1_0_1_0_1_1_0,1,3.6666666666666666e-5,4.7140452079103185e-6,0.3114754098360656,254.16666666666666
1_1_0_0_0_1_1_0_0_0_1_0_0_1_0_0_0_1_0_0_0_1_0_1_0_0_1_0_1_0_1_1_0_0_0_1_0_0_1_1_1_0,1,3.6666666666666666e-5,4.7140452079103185e-6,0.2677595628415301,230.2777777777778
1_0_0_0_0_1_1_0_0_0_1_0_0_0_0_0_0_1_1_1_1_0_1_1_0_1_0_1_0_1_1_1_1_1_1_1_0_0_0_1_0_1,1,3.6666666666666666e-5,2.6246692913372705e-5,0.2677595628415301,288.0
0_0_1_0_0_1_1_1_0_0_0_1_0_1_0_1_0_1_1_1_1_0_1_0_0_1_1_1_0_1_1_0_1_1_1_0_0_1_0_0_0_1,1,3.6666666666666666e-5,1.699673171197595e-5,0.32786885245901637,283.88888888888886
0_0_1_1_1_0_0_1_1_1_0_1_1_1_1_1_1_0_0_1_1_0_1_0_1_1_0_1_0_1_0_0_1_1_1_0_1_1_0_0_0_1,1,3.6666666666666666e-5,1.699673171197595e-5,0.2568306010928962,201.11111111111111
1_1_0_1_1_0_0_1_1_1_1_0_1_0_1_1_1_0_0_0_1_0_1_1_1_0_0_0_0_1_0_0_0_1_1_1_1_0_1_0_0_1,1,3.6666666666666666e-5,1.2472191289246472e-5,0.2786885245901639,212.5
0_1_0_0_0_1_1_0_0_0_0_1_0_0_0_1_1_0_0_0_0_1_0_0_0_0_0_0_1_0_1_1_0_0_0_0_0_1_1_1_1_0,1,3.6666666666666666e-5,2.494438257849294e-5,0.2677595628415301,265.5555555555556
1_1_0_1_1_0_0_1_1_1_1_1_1_0_1_0_0_1_1_1_1_0_1_1_1_0_0_0_0_1_0_0_1_1_1_1_1_1_0_0_0_1,1,3.3333333333333335e-5,4.7140452079103185e-6,0.2677595628415301,141.38888888888889
1_0_1_1_1_0_0_1_1_1_1_1_1_1_1_0_1_1_0_0_0_1_1_1_1_1_1_1_1_1_0_0_1_1_1_1_1_0_1_0_0_1,1,3.3333333333333335e-5,1.2472191289246472e-5,0.2568306010928962,205.1111111111111
1_1_1_1_1_0_0_1_1_1_1_1_1_1_1_0_0_0_1_1_1_0_1_1_1_0_0_0_0_1_0_0_1_1_1_1_1_1_0_0_0_1,1,3.3333333333333335e-5,1.2472191289246472e-5,0.25136612021857924,180.7777777777778
0_1_0_0_0_1_1_1_0_0_0_1_0_1_0_0_0_1_1_1_1_0_0_0_0_0_1_0_0_0_1_0_1_0_0_0_0_1_0_1_1_0,1,3.3333333333333335e-5,4.7140452079103185e-6,0.31693989071038253,255.55555555555554
1_1_1_1_1_0_0_1_1_1_1_1_1_0_1_1_1_0_0_0_0_1_0_1_1_0_0_0_0_0_0_0_0_0_0_1_1_1_1_1_1_0,1,3.3333333333333335e-5,1.2472191289246472e-5,0.26229508196721313,227.11111111111111
1_1_0_1_1_0_0_0_1_1_1_0_1_0_1_0_1_0_0_0_0_1_0_1_1_0_0_0_1_0_0_1_0_0_0_1_1_0_1_1_1_0,1,3.3333333333333335e-5,1.2472191289246472e-5,0.32786885245901637,227.11111111111111
0_1_0_1_1_0_0_1_1_1_0_0_1_0_1_0_0_1_1_1_1_0_0_1_1_0_0_0_0_0_0_0_0_0_0_0_1_1_0_0_1_0,1,3.3333333333333335e-5,1.2472191289246472e-5,0.2459016393442623,211.33333333333334
1_1_1_1_1_0_0_1_1_1_1_1_1_1_1_0_0_1_1_1_0_1_1_1_1_1_1_1_0_1_0_0_1_0_1_1_1_1_0_1_1_0,1,3.3333333333333335e-5,1.2472191289246472e-5,0.26229508196721313,227.0
0_0_0_0_0_1_1_0_0_0_0_0_0_0_0_1_1_0_1_0_1_0_0_0_0_0_0_0_1_0_1_1_0_1_0_0_0_0_1_0_0_1,1,3.3333333333333335e-5,1.2472191289246472e-5,0.2568306010928962,316.77777777777777
0_1_0_1_1_0_0_1_1_1_0_0_1_0_1_0_0_0_1_1_1_0_0_1_1_0_0_0_0_0_0_0_0_0_0_0_1_1_0_0_0_0,1,3.3333333333333335e-5,1.2472191289246472e-5,0.25136612021857924,204.2222222222222
1_1_0_0_0_1_1_0_0_0_1_0_0_0_0_0_0_0_0_1_0_1_1_1_0_1_0_1_0_1_1_1_0_1_1_1_0_0_0_1_0_0,1,3.3333333333333335e-5,1.2472191289246472e-5,0.25136612021857924,272.8888888888889
1_1_0_1_1_0_0_1_1_1_1_1_1_0_1_1_1_0_0_0_1_0_1_1_1_0_0_0_0_1_0_0_1_1_1_1_1_1_1_0_0_1,1,3.3333333333333335e-5,9.428090415820635e-6,0.2459016393442623,177.5
1_0_0_0_0_1_1_0_0_0_1_1_0_1_0_1_1_0_0_0_0_1_1_0_0_1_1_1_1_1_1_1_1_1_1_1_0_0_1_1_0_1,1,3.3333333333333335e-5,4.7140452079103185e-6,0.23497267759562843,168.61111111111111
0_1_1_1_1_0_0_1_1_1_0_1_1_0_1_1_0_1_1_1_1_0_0_0_1_0_0_0_0_0_0_0_0_0_0_0_1_1_0_0_1_0,1,3.3333333333333335e-5,4.7140452079103185e-6,0.25136612021857924,170.0
0_1_0_0_0_1_1_1_0_0_0_1_0_1_0_0_0_0_1_1_1_0_0_0_0_0_1_0_0_0_1_0_1_0_0_0_0_1_0_1_1_0,1,3.3333333333333335e-5,9.428090415820635e-6,0.31693989071038253,248.33333333333334
1_1_1_0_0_1_1_0_0_0_1_0_0_1_0_0_0_1_1_1_0_1_1_1_0_1_1_1_0_1_1_1_0_1_1_1_0_0_0_1_1_0,1,3.0e-5,1.4142135623730951e-5,0.273224043715847,188.66666666666666
0_0_0_1_1_0_1_1_1_1_0_1_0_0_1_1_0_1_1_1_1_0_1_0_1_1_1_1_0_1_0_0_1_1_1_0_1_1_0_0_0_1,1,3.0e-5,0.0,0.32786885245901637,251.11111111111111
0_1_1_1_1_0_0_1_1_1_0_0_1_0_1_0_0_0_1_1_1_0_0_1_1_0_0_0_0_0_0_0_0_0_0_0_1_1_0_0_1_0,1,3.0e-5,8.164965809277262e-6,0.23497267759562843,183.75
1_0_1_0_0_1_1_0_0_0_1_0_0_1_0_1_1_1_1_0_0_1_1_1_0_1_1_1_1_1_1_1_0_1_1_1_0_0_1_1_0_1,1,3.0e-5,8.164965809277262e-6,0.25136612021857924,226.66666666666666
0_0_1_0_0_1_1_0_0_0_0_1_1_1_0_1_1_1_0_0_0_1_0_0_0_1_0_1_1_0_1_1_0_0_0_0_0_0_1_0_1_0,1,3.0e-5,1.4142135623730951e-5,0.3224043715846995,218.33333333333334
1_0_1_0_0_1_1_0_0_0_1_0_0_1_0_0_1_1_0_0_0_1_1_1_0_1_1_1_1_1_1_1_1_1_1_1_0_0_1_1_0_1,1,3.0e-5,8.164965809277262e-6,0.26229508196721313,146.38888888888889
1_1_0_0_0_1_1_0_0_0_1_0_0_1_0_1_1_0_1_0_1_0_1_1_0_0_1_0_0_1_1_0_0_1_1_1_0_1_1_1_0_1,1,3.0e-5,8.164965809277262e-6,0.3005464480874317,241.3888888888889
0_0_1_0_0_1_1_0_0_0_0_0_0_1_0_1_1_0_0_0_0_1_0_0_0_1_1_1_1_0_1_1_0_0_0_0_0_0_1_1_1_0,1,3.0e-5,1.632993161855452e-5,0.2677595628415301,172.66666666666666
1_1_0_0_0_1_1_0_0_0_1_0_0_0_0_0_0_0_1_1_1_0_1_1_0_0_0_0_0_1_1_0_1_1_1_1_0_1_0_1_0_1,1,3.0e-5,1.4142135623730951e-5,0.32786885245901637,138.33333333333334
0_0_0_0_0_1_1_0_0_0_0_1_0_0_0_1_1_0_1_1_1_0_1_0_0_1_1_1_0_1_1_0_1_1_1_0_0_1_0_0_0_1,1,3.0e-5,1.632993161855452e-5,0.3114754098360656,273.3333333333333
0_1_1_0_0_1_1_0_0_0_0_0_0_1_0_0_0_0_1_1_1_0_0_1_0_0_1_0_0_0_1_1_0_0_0_0_0_0_0_0_0_0,1,3.0e-5,1.4142135623730951e-5,0.28415300546448086,256.3333333333333
1_1_1_0_0_1_0_0_0_0_1_0_1_1_0_0_1_0_0_0_0_1_0_1_0_0_1_0_1_0_1_1_0_0_0_1_0_0_1_1_1_0,1,3.0e-5,1.4142135623730951e-5,0.3224043715846995,277.0
0_0_1_1_1_0_0_1_1_1_0_1_1_0_1_1_1_0_1_1_1_0_1_0_1_1_0_1_0_1_0_0_1_1_1_0_1_1_0_0_0_1,1,3.0e-5,1.4142135623730951e-5,0.2677595628415301,167.0
0_1_1_1_1_0_0_1_1_1_0_1_1_1_1_1_1_0_0_0_0_1_0_0_1_0_1_0_1_0_0_0_0_0_0_0_1_1_1_0_1_0,1,3.0e-5,1.632993161855452e-5,0.2677595628415301,172.22222222222226
1_1_0_1_1_0_0_1_1_1_1_0_0_0_1_0_0_0_1_1_1_0_1_1_1_0_0_0_0_1_0_0_1_1_1_1_1_1_0_1_0_1,1,3.0e-5,8.164965809277262e-6,0.31693989071038253,191.11111111111111
0_0_1_0_0_1_1_0_0_0_0_1_1_1_0_1_0_1_0_1_0_1_1_0_0_1_1_1_1_1_1_1_0_1_1_0_0_0_0_0_0_1,1,3.0e-5,1.4142135623730951e-5,0.28415300546448086,209.5
0_0_1_1_1_0_0_1_1_1_0_1_1_0_1_0_0_0_0_1_0_1_0_0_1_1_0_1_1_0_0_1_1_0_0_0_1_0_0_0_1_0,1,3.0e-5,8.164965809277262e-6,0.2896174863387978,128.05555555555554
1_1_0_1_1_0_0_1_1_1_1_0_0_0_1_0_0_0_1_1_1_0_1_1_1_0_1_0_0_1_0_0_1_1_1_1_1_1_0_1_0_1,1,3.0e-5,2.1602468994692865e-5,0.3224043715846995,178.33333333333334
1_0_1_1_1_0_0_0_1_1_1_0_1_0_1_1_1_1_0_0_0_1_1_1_1_1_0_1_1_1_0_1_0_1_1_1_1_0_1_0_0_1,1,3.0e-5,8.164965809277262e-6,0.31693989071038253,241.66666666666666
0_0_1_1_1_0_0_1_1_1_0_0_1_1_1_1_1_0_0_0_1_0_0_0_1_0_0_0_1_0_0_1_0_0_0_0_1_0_1_0_0_1,1,3.0e-5,8.164965809277262e-6,0.3114754098360656,265.8333333333333
0_0_0_0_0_1_1_0_0_0_0_0_0_0_0_1_1_1_0_0_0_1_0_0_0_1_1_1_1_0_1_1_0_0_0_0_0_0_1_1_1_0,1,3.0e-5,8.164965809277262e-6,0.25136612021857924,226.94444444444443
1_0_1_0_0_1_1_0_0_0_1_1_1_1_0_1_1_1_0_0_0_1_1_0_0_1_0_1_1_1_1_1_1_1_1_1_0_0_1_1_0_1,1,3.0e-5,0.0,0.2677595628415301,261.1111111111111
1_0_1_0_0_1_1_0_0_0_1_0_0_1_0_0_1_0_0_0_0_1_1_1_0_1_1_1_1_1_1_1_1_1_1_1_0_0_1_1_0_1,1,3.0e-5,1.4142135623730951e-5,0.26229508196721313,198.33333333333334
1_1_1_0_0_1_1_0_0_0_1_0_1_1_0_0_0_1_0_0_0_1_0_1_0_0_1_0_1_0_1_1_0_0_0_1_0_0_1_1_1_0,1,2.666666666666667e-5,1.699673171197595e-5,0.30601092896174864,181.0
1_1_1_0_0_1_1_0_0_0_1_0_0_1_0_1_1_0_0_0_0_1_0_1_0_0_1_0_0_0_1_1_0_0_0_1_0_1_1_1_1_0,1,2.666666666666667e-5,9.428090415820635e-6,0.29508196721311475,280.0
1_0_0_0_0_1_1_0_0_0_1_0_0_1_0_1_1_1_1_0_0_1_1_1_0_1_1_1_1_1_1_1_0_1_1_1_0_0_1_1_0_1,1,2.666666666666667e-5,4.714045207910317e-6,0.24043715846994534,247.77777777777774
1_0_0_0_0_1_1_0_0_0_1_1_0_1_0_1_1_1_1_0_0_1_1_0_0_1_1_1_1_1_1_1_1_1_1_1_0_0_1_1_1_1,1,2.666666666666667e-5,1.699673171197595e-5,0.2459016393442623,198.33333333333334
1_1_1_0_0_1_1_0_0_0_1_0_0_1_0_0_0_1_1_0_0_1_0_1_0_0_1_0_1_0_1_1_0_0_0_1_0_0_1_1_1_0,1,2.666666666666667e-5,4.714045207910317e-6,0.28415300546448086,143.88888888888889
1_0_1_0_0_1_1_0_0_0_1_1_0_1_0_1_1_1_0_0_0_1_1_0_0_1_1_1_1_1_1_1_1_1_1_1_0_0_1_1_0_1,1,2.666666666666667e-5,4.714045207910317e-6,0.2459016393442623,252.22222222222226
1_1_1_1_1_0_0_1_1_1_1_1_1_0_1_0_0_1_1_1_1_0_1_1_1_0_0_0_0_1_0_0_1_1_1_1_1_1_0_0_0_1,1,2.666666666666667e-5,1.2472191289246472e-5,0.2568306010928962,173.33333333333334
1_0_0_0_0_1_1_0_0_0_1_1_0_1_0_1_1_1_0_0_0_1_1_0_0_1_1_1_1_1_1_1_1_1_1_1_0_0_1_1_0_1,1,2.666666666666667e-5,1.2472191289246472e-5,0.23497267759562843,182.7777777777778
1_1_1_1_1_0_0_1_1_1_1_0_1_1_1_0_0_1_1_0_0_1_0_1_1_0_1_0_1_0_0_1_0_0_0_1_1_0_1_1_1_0,1,2.666666666666667e-5,9.428090415820635e-6,0.3114754098360656,249.16666666666666
0_0_0_0_0_1_1_0_0_0_0_1_0_1_0_0_0_1_1_1_0_1_0_0_0_1_1_1_1_0_1_1_1_0_0_0_0_1_0_1_1_0,1,2.666666666666667e-5,9.428090415820635e-6,0.2677595628415301,193.33333333333334
1_1_1_1_1_0_0_1_1_1_1_1_1_1_1_0_0_0_0_1_1_0_1_1_1_0_0_0_0_1_0_0_1_1_1_1_1_1_0_0_0_1,1,2.666666666666667e-5,1.699673171197595e-5,0.2568306010928962,198.0
1_1_1_1_1_0_0_1_1_1_1_1_1_1_1_0_0_1_1_1_1_0_1_1_1_0_1_0_0_1_0_0_1_0_0_1_1_1_0_1_0_0,1,2.666666666666667e-5,9.428090415820635e-6,0.2459016393442623,232.5
0_0_1_1_1_0_0_1_1_1_0_0_1_1_1_1_1_0_1_0_1_0_0_0_1_0_0_0_1_0_0_1_0_1_0_0_1_0_1_0_0_1,1,2.666666666666667e-5,9.428090415820635e-6,0.3333333333333333,308.3333333333333
0_0_1_0_0_1_1_0_0_0_0_0_0_1_0_0_0_1_1_1_1_0_1_0_0_1_1_1_1_1_1_1_1_1_1_0_0_0_0_0_0_1,1,2.666666666666667e-5,1.2472191289246472e-5,0.273224043715847,220.55555555555557
0_0_1_1_1_0_0_1_1_1_0_0_1_1_1_1_1_0_1_0_1_0_0_0_1_1_1_1_1_0_0_1_0_1_1_0_1_0_1_0_0_1,1,2.666666666666667e-5,1.699673171197595e-5,0.31693989071038253,208.33333333333334
1_1_1_1_1_0_0_1_1_1_1_1_1_1_1_0_0_1_0_1_0_1_1_1_1_0_0_0_0_1_0_0_1_0_0_1_1_1_0_1_1_0,1,2.666666666666667e-5,2.0548046676563257e-5,0.25136612021857924,186.66666666666669
0_0_1_1_1_0_0_1_1_1_0_1_1_0_1_0_0_1_0_1_0_1_0_0_1_1_0_1_1_0_0_1_1_0_0_0_1_0_0_0_1_0,1,2.666666666666667e-5,2.4944382578492944e-5,0.3005464480874317,171.66666666666669
0_0_0_0_0_1_1_0_0_0_0_0_0_0_0_1_1_0_0_0_0_1_0_0_0_1_0_1_1_0_1_1_0_1_1_0_0_0_1_0_1_0,1,2.3333333333333336e-5,1.8856180831641267e-5,0.2568306010928962,272.0
0_0_0_0_0_1_1_0_0_0_0_1_0_0_0_1_1_0_0_1_1_0_1_0_0_1_1_1_0_1_1_0_1_1_1_0_0_1_0_0_0_1,1,2.3333333333333336e-5,1.2472191289246474e-5,0.31693989071038253,259.1666666666667
0_0_1_1_1_0_0_1_1_1_0_1_1_1_1_1_1_1_1_0_1_0_0_0_1_0_1_0_1_0_0_0_1_0_0_0_1_1_1_0_1_1,1,2.3333333333333336e-5,4.714045207910317e-6,0.25136612021857924,268.3333333333333
0_1_0_1_1_0_0_0_1_1_0_0_0_0_1_0_0_0_0_1_1_0_0_1_1_0_1_0_0_0_0_1_0_0_0_0_1_0_0_0_0_0,1,2.3333333333333336e-5,4.714045207910317e-6,0.3333333333333333,293.3333333333333
1_1_1_1_1_0_0_1_1_1_1_1_1_1_1_0_1_0_1_0_1_0_0_1_1_0_1_0_0_0_0_0_1_0_0_1_1_1_1_1_1_0,1,2.3333333333333336e-5,4.714045207910317e-6,0.22950819672131148,287.77777777777777
0_0_1_0_0_1_1_0_0_0_0_0_1_1_0_1_1_0_1_0_1_0_0_0_0_1_1_1_1_0_1_1_0_1_1_0_0_0_1_0_0_1,1,2.3333333333333336e-5,1.2472191289246474e-5,0.29508196721311475,240.0
0_0_1_0_0_1_1_0_0_0_0_1_0_1_0_0_0_1_1_1_0_1_0_0_0_1_1_1_1_0_1_1_1_0_0_0_0_0_0_1_1_0,1,2.3333333333333336e-5,4.714045207910317e-6,0.25136612021857924,232.2222222222222
1_1_0_0_0_1_1_0_0_0_1_1_0_0_0_0_0_1_0_1_0_1_1_1_0_0_0_0_0_1_1_0_1_0_0_1_0_1_0_1_1_0,1,2.3333333333333336e-5,1.8856180831641267e-5,0.31693989071038253,186.66666666666666
1_0_1_0_0_1_1_0_0_0_1_1_0_1_0_1_1_1_1_0_0_1_1_0_0_1_1_1_1_1_1_1_1_1_1_1_0_0_1_1_1_1,1,2.3333333333333336e-5,2.0548046676563257e-5,0.2568306010928962,152.0
0_1_1_1_1_0_0_1_1_1_0_0_1_0_1_0_0_0_1_1_1_0_0_1_1_0_0_0_0_0_0_0_0_0_0_0_1_1_0_0_0_0,1,2.3333333333333336e-5,4.714045207910317e-6,0.24043715846994534,205.0
0_0_0_0_0_1_1_0_0_0_0_0_0_0_0_1_1_0_1_0_1_0_0_0_0_0_1_0_1_0_1_1_0_1_0_0_0_0_1_0_0_1,1,2.3333333333333336e-5,1.2472191289246474e-5,0.26229508196721313,272.5
0_0_0_0_0_1_1_1_0_0_0_1_0_1_0_1_1_0_1_1_1_0_1_0_0_1_1_1_0_1_1_0_1_1_1_0_0_1_0_0_0_1,1,2.3333333333333336e-5,1.8856180831641267e-5,0.3333333333333333,237.33333333333334
0_1_1_1_1_0_0_1_1_1_0_1_1_0_1_1_0_0_1_1_1_0_0_0_1_0_0_0_0_0_0_0_0_0_0_0_1_1_0_0_1_0,1,2.3333333333333336e-5,1.2472191289246472e-5,0.25136612021857924,147.5
1_0_0_0_0_1_1_0_0_0_1_0_0_0_0_0_1_1_1_0_0_1_1_1_0_1_1_1_1_1_1_1_1_1_1_1_0_0_1_1_0_1,1,2.3333333333333336e-5,1.699673171197595e-5,0.24043715846994534,266.66666666666663
0_0_1_1_1_0_0_1_1_1_0_1_1_0_1_1_1_0_0_0_1_0_0_0_1_0_0_0_1_0_0_0_1_0_0_0_1_1_1_0_0_1,1,2.3333333333333336e-5,2.0548046676563257e-5,0.26229508196721313,171.0
0_1_0_1_1_0_0_1_1_1_0_0_1_0_1_0_0_0_0_1_1_0_0_1_1_0_0_0_0_0_0_0_0_0_0_0_1_1_0_0_0_0,1,2.0e-5,8.16496580927726e-6,0.2568306010928962,182.2222222222222
0_1_1_1_1_0_0_1_1_1_0_1_1_1_1_1_1_1_0_0_0_1_0_0_1_0_1_0_1_0_0_0_0_0_0_0_1_1_1_0_1_0,1,2.0e-5,8.16496580927726e-6,0.2786885245901639,226.11111111111111
1_1_0_1_1_0_0_1_1_1_1_0_1_0_1_1_1_0_0_0_1_0_1_1_1_0_0_0_0_1_0_0_0_1_1_1_1_1_1_0_0_1,1,2.0e-5,8.16496580927726e-6,0.25136612021857924,178.33333333333334
1_1_0_1_1_0_0_1_1_1_1_1_0_0_1_0_0_1_0_1_0_1_1_1_1_0_0_0_0_1_0_0_1_0_0_1_1_1_0_1_1_0,1,2.0e-5,0.0,0.29508196721311475,146.66666666666666
1_0_1_1_1_0_0_1_1_1_1_0_1_1_1_0_0_1_1_1_1_0_1_1_1_1_0_1_0_1_0_0_1_1_1_1_1_0_0_0_0_1,1,2.0e-5,0.0,0.273224043715847,220.0
0_0_0_1_1_0_0_1_1_1_0_1_1_0_1_1_1_0_0_0_1_0_0_0_1_0_0_0_1_0_0_0_1_0_0_0_1_1_1_0_0_1,1,2.0e-5,1.4142135623730953e-5,0.273224043715847,243.33333333333334
0_0_0_1_1_0_0_1_1_1_0_1_1_0_1_0_0_1_1_1_1_0_1_0_1_1_0_1_1_1_0_0_1_1_1_0_1_0_0_0_0_1,1,2.0e-5,8.16496580927726e-6,0.29508196721311475,256.1111111111111
1_1_1_1_1_0_0_1_1_1_1_0_1_1_1_0_0_1_1_0_0_1_0_1_1_0_0_0_1_0_0_1_0_0_0_1_1_0_1_1_1_0,1,2.0e-5,1.4142135623730953e-5,0.31693989071038253,260.0
0_0_1_1_1_0_0_1_1_1_0_1_1_1_1_1_1_0_0_0_1_0_0_0_1_0_0_0_1_0_0_0_1_0_0_0_1_0_1_0_0_1,1,2.0e-5,0.0,0.273224043715847,240.0
0_0_0_0_0_1_1_0_0_0_0_0_0_0_0_1_1_1_1_0_0_1_0_0_0_1_1_1_1_0_1_1_0_0_0_0_0_0_1_1_1_0,1,2.0e-5,8.16496580927726e-6,0.2568306010928962,186.66666666666669
0_0_0_0_0_1_1_0_0_0_0_0_0_0_0_1_1_0_1_0_1_0_0_0_0_1_0_1_1_0_1_1_1_1_1_0_0_0_1_0_0_1,1,2.0e-5,2.1602468994692868e-5,0.2568306010928962,274.0
1_0_0_0_0_1_1_0_0_0_1_0_0_1_0_0_1_1_0_0_0_1_1_1_0_1_1_1_1_1_1_1_1_1_1_1_0_0_1_1_0_1,1,2.0e-5,8.16496580927726e-6,0.25136612021857924,167.7777777777778
0_1_0_1_1_0_0_1_1_1_0_1_1_0_1_1_0_1_1_1_1_0_0_0_1_0_0_0_0_0_0_0_0_0_0_0_1_1_0_0_1_0,1,2.0e-5,8.16496580927726e-6,0.26229508196721313,140.55555555555554
0_0_1_0_0_1_1_0_0_0_0_1_1_1_0_1_1_0_0_0_0_1_0_0_0_1_1_1_1_0_1_1_0_1_1_0_0_0_1_0_1_1,1,2.0e-5,1.6329931618554523e-5,0.3005464480874317,213.75
1_1_1_1_1_0_0_1_1_1_1_0_1_0_1_1_1_0_0_0_1_0_1_1_1_0_0_0_0_1_0_0_0_1_1_1_1_1_1_0_0_1,1,2.0e-5,8.16496580927726e-6,0.24043715846994534,217.7777777777778
0_1_1_1_1_0_0_1_1_1_0_0_1_0_1_0_0_0_0_1_1_0_0_1_1_0_0_0_0_0_0_0_0_0_0_0_1_1_0_0_0_0,1,2.0e-5,0.0,0.2459016393442623,258.3333333333333
0_0_1_0_0_1_1_0_0_0_0_1_1_1_0_1_1_0_0_0_0_1_0_0_0_1_1_1_1_0_1_1_0_1_1_0_0_0_1_0_1_0,1,2.0e-5,2.1602468994692868e-5,0.3114754098360656,237.0
0_0_0_0_0_1_1_0_0_0_0_1_0_0_0_1_1_0_0_0_0_1_0_0_0_1_0_1_1_0_1_1_1_1_1_0_0_0_1_0_1_1,1,2.0e-5,8.16496580927726e-6,0.26229508196721313,234.44444444444446
1_0_0_0_0_1_1_0_0_0_1_1_0_1_0_1_1_1_0_0_0_1_1_0_0_1_1_1_1_1_1_1_1_1_1_1_0_0_1_1_1_1,1,2.0e-5,8.16496580927726e-6,0.24043715846994534,202.2222222222222
1_0_0_0_0_1_1_0_0_0_1_0_0_0_0_0_0_1_1_1_1_0_1_1_0_1_1_1_0_1_1_1_1_1_1_1_0_0_0_1_0_1,1,2.0e-5,8.16496580927726e-6,0.273224043715847,321.11111111111114
0_0_0_0_0_1_1_0_0_0_0_0_0_0_0_1_1_0_1_0_1_0_0_0_0_1_0_1_1_0_1_1_0_1_1_0_0_0_1_0_0_1,1,2.0e-5,8.16496580927726e-6,0.2459016393442623,243.33333333333334
1_0_0_0_0_1_1_0_0_0_1_0_0_0_0_0_0_0_1_1_1_0_1_1_0_1_0_1_0_1_1_1_1_1_1_1_0_0_0_1_0_1,1,2.0e-5,8.16496580927726e-6,0.2786885245901639,185.0
1_1_1_0_0_1_0_0_0_0_1_0_1_1_0_0_0_0_0_0_0_1_0_1_0_0_0_0_1_0_1_1_0_0_0_1_0_0_1_1_1_0,1,2.0e-5,8.16496580927726e-6,0.3333333333333333,303.8888888888889
0_0_0_1_1_0_0_1_1_1_0_1_0_0_1_1_1_0_0_1_1_0_1_0_1_1_0_1_0_1_0_0_1_1_1_0_1_1_0_0_0_1,1,2.0e-5,1.4142135623730951e-5,0.3114754098360656,195.0
0_1_1_1_1_0_0_1_1_1_0_1_1_0_1_0_0_0_0_1_1_0_0_0_1_0_0_0_0_0_0_0_1_0_0_0_1_1_0_0_1_0,1,2.0e-5,1.6329931618554523e-5,0.24043715846994534,237.5
0_0_1_1_1_0_0_1_1_1_0_1_1_1_1_1_1_0_0_0_0_1_0_0_1_1_0_1_1_0_0_1_0_0_0_0_1_0_1_0_1_0,1,1.666666666666667e-5,4.714045207910318e-6,0.3224043715846995,203.33333333333334
0_0_1_1_1_0_0_1_1_1_0_1_1_1_1_1_1_0_1_0_1_0_0_0_1_0_1_0_1_0_0_0_1_0_0_0_1_1_1_0_1_1,1,1.666666666666667e-5,4.714045207910318e-6,0.25136612021857924,225.0
1_1_0_0_0_1_1_0_0_0_1_0_0_0_0_0_0_1_0_1_0_1_1_1_0_0_0_0_0_1_1_1_0_0_0_1_0_1_0_1_1_0,1,1.666666666666667e-5,4.714045207910318e-6,0.2786885245901639,266.6666666666667
0_0_1_0_0_1_1_0_0_0_0_0_1_1_0_1_1_0_1_0_1_0_0_0_0_0_0_0_1_0_1_1_0_1_0_0_0_0_1_0_0_1,1,1.666666666666667e-5,4.714045207910318e-6,0.3114754098360656,188.33333333333334
0_0_0_0_0_1_1_0_0_0_0_0_0_0_0_1_0_1_0_1_0_1_1_0_0_1_0_1_1_1_1_1_0_1_1_0_0_0_0_0_0_1,1,1.666666666666667e-5,4.714045207910318e-6,0.22950819672131148,153.33333333333334
0_0_0_1_1_0_1_1_1_1_0_1_0_0_1_1_1_1_1_1_1_0_1_0_1_1_1_1_0_1_0_0_1_1_1_0_1_1_0_0_0_1,1,1.6666666666666667e-5,9.428090415820634e-6,0.3333333333333333,297.77777777777777
1_1_1_0_0_1_1_0_0_0_1_0_1_1_0_0_0_1_0_0_0_1_0_1_0_0_0_0_1_0_1_1_0_0_0_1_0_0_1_1_1_0,1,1.6666666666666667e-5,4.714045207910318e-6,0.3114754098360656,185.0
1_0_1_1_1_0_0_1_1_1_1_1_1_1_1_0_0_1_1_1_1_0_1_1_1_0_1_0_0_1_0_0_1_0_0_1_1_1_0_1_0_1,1,1.6666666666666667e-5,4.714045207910318e-6,0.2568306010928962,205.0
1_0_1_1_1_0_0_1_1_1_1_0_1_1_1_0_0_0_1_1_1_0_1_1_1_1_1_1_0_1_0_0_1_1_1_1_1_0_0_0_0_1,1,1.6666666666666667e-5,9.428090415820634e-6,0.2786885245901639,220.0
1_0_1_1_1_0_0_1_1_1_1_0_1_1_1_0_0_0_0_1_1_0_1_1_1_1_1_1_0_1_0_0_1_1_1_1_1_0_0_0_0_1,1,1.6666666666666667e-5,1.699673171197595e-5,0.28415300546448086,165.0
1_0_1_0_0_1_1_0_0_0_1_1_0_1_0_1_1_0_0_0_0_1_1_0_0_1_1_1_1_1_1_1_1_1_1_1_0_0_1_1_0_1,1,1.6666666666666667e-5,1.699673171197595e-5,0.2459016393442623,171.25
0_1_1_1_1_0_0_1_1_1_0_1_1_0_1_1_0_0_0_1_1_0_0_0_1_0_0_0_0_0_0_0_0_0_0_0_1_1_0_0_1_0,1,1.6666666666666667e-5,1.699673171197595e-5,0.2568306010928962,206.25
0_0_1_1_1_0_0_1_1_1_0_1_1_1_1_1_1_1_0_0_0_1_0_0_1_1_1_1_1_0_0_1_0_0_0_0_1_0_1_0_1_0,1,1.6666666666666667e-5,1.699673171197595e-5,0.32786885245901637,200.0
0_1_1_0_0_1_1_0_0_0_0_1_1_1_0_1_1_0_0_0_0_1_0_0_0_1_1_1_1_0_1_1_0_1_1_0_0_0_1_0_1_0,1,1.6666666666666667e-5,9.428090415820634e-6,0.3114754098360656,245.55555555555554
1_1_0_0_0_1_1_0_0_0_1_1_0_0_0_0_0_1_0_1_0_1_1_1_0_1_0_1_0_1_1_0_1_0_1_1_0_1_0_1_1_0,1,1.6666666666666667e-5,1.2472191289246472e-5,0.32786885245901637,252.5
1_1_1_1_1_0_0_1_1_1_1_0_0_1_1_1_1_1_1_0_1_1_1_1_1_0_1_0_0_1_0_0_0_1_1_1_1_1_1_0_1_1,0,1.6666666666666667e-5,9.428090415820634e-6,0.19672131147540983,1001.0
1_0_0_1_1_0_1_1_1_1_1_1_1_0_1_1_1_1_0_0_0_1_1_0_1_1_0_1_1_1_0_0_1_1_1_1_1_1_1_1_1_1,1,1.6666666666666667e-5,4.714045207910318e-6,0.31693989071038253,221.66666666666666
0_0_0_0_0_1_1_0_0_0_0_1_0_1_0_0_0_1_1_1_0_1_0_0_0_1_1_1_1_0_1_1_1_0_0_0_0_0_0_1_1_0,1,1.6666666666666667e-5,4.714045207910318e-6,0.24043715846994534,188.33333333333334
1_0_0_1_1_0_0_1_1_1_1_0_0_0_1_0_0_1_1_1_1_0_1_1_1_0_0_0_0_1_0_0_1_0_0_1_1_1_0_1_0_1,1,1.6666666666666667e-5,1.2472191289246472e-5,0.3114754098360656,283.3333333333333
0_0_0_0_0_1_1_0_0_0_0_0_0_0_0_1_1_0_0_0_0_1_0_0_0_1_0_1_1_0_1_1_0_1_0_0_0_0_1_0_1_1,1,1.6666666666666667e-5,1.2472191289246472e-5,0.2568306010928962,214.16666666666669
0_1_0_0_0_1_1_0_0_0_0_1_0_0_0_1_1_0_0_0_0_1_0_0_0_0_1_0_1_0_1_1_0_0_0_0_0_1_1_1_1_0,1,1.6666666666666667e-5,4.714045207910318e-6,0.273224043715847,155.0
1_1_1_1_1_0_0_0_1_1_1_0_1_0_1_0_0_1_0_0_0_1_0_1_1_0_0_0_1_0_0_1_0_0_0_1_1_0_1_1_1_0,1,1.6666666666666667e-5,1.2472191289246472e-5,0.3333333333333333,230.83333333333334
0_0_0_0_0_1_1_0_0_0_0_0_0_0_0_1_1_0_0_0_0_1_0_0_0_1_0_1_1_0_1_1_0_1_1_0_0_0_1_0_1_1,1,1.6666666666666667e-5,9.428090415820634e-6,0.2459016393442623,292.22222222222223
1_1_0_1_1_0_0_1_1_1_1_1_1_0_1_1_1_0_0_0_0_1_0_1_1_0_0_0_0_0_0_0_0_0_0_1_1_1_1_1_1_0,1,1.6666666666666667e-5,1.2472191289246472e-5,0.273224043715847,193.33333333333331
0_1_0_0_0_1_1_0_0_0_0_0_0_0_0_1_1_0_0_0_0_1_0_0_0_1_1_1_1_0_1_1_0_1_1_0_0_0_1_0_1_0,1,1.6666666666666667e-5,2.3570226039551585e-5,0.26229508196721313,210.0
0_0_1_0_0_1_1_0_0_0_0_0_0_1_0_1_1_0_0_0_0_1_0_0_0_1_1_1_1_0_1_1_0_1_1_0_0_0_1_0_1_1,1,1.3333333333333335e-5,9.428090415820635e-6,0.2786885245901639,132.5
1_0_1_1_1_0_0_1_1_1_1_0_1_0_1_0_0_1_1_1_1_0_1_1_1_1_0_1_0_1_0_0_1_1_1_1_1_0_0_0_0_1,1,1.3333333333333335e-5,4.714045207910318e-6,0.2896174863387978,293.3333333333333
0_1_0_0_0_1_1_0_0_0_0_0_0_0_0_1_1_0_0_0_0_1_0_0_0_1_0_1_1_0_1_1_0_1_1_0_0_0_1_0_1_0,1,1.3333333333333335e-5,1.2472191289246474e-5,0.2568306010928962,260.0
0_1_0_1_1_0_0_1_1_1_0_0_1_0_1_0_0_0_1_1_1_0_0_1_1_0_0_0_0_0_0_0_0_0_0_0_1_1_0_0_1_0,1,1.3333333333333335e-5,4.714045207910318e-6,0.2459016393442623,180.0
0_0_0_0_0_1_1_0_0_0_0_1_0_0_0_1_1_1_1_0_1_0_0_0_0_0_0_0_1_0_1_0_1_0_0_0_0_1_1_1_1_1,1,1.3333333333333335e-5,4.714045207910318e-6,0.32786885245901637,141.66666666666666
0_0_1_0_0_1_1_0_0_0_0_1_1_1_0_1_1_0_0_0_0_1_0_0_0_1_0_1_1_0_1_1_0_1_1_0_0_0_1_0_1_1,1,1.3333333333333335e-5,4.714045207910318e-6,0.30601092896174864,191.66666666666666
1_1_1_1_1_0_0_1_1_1_1_1_1_1_1_0_0_1_1_1_0_1_1_1_1_0_1_0_0_1_0_0_1_0_0_1_1_1_0_1_1_0,1,1.3333333333333335e-5,1.8856180831641267e-5,0.25136612021857924,237.5
0_0_1_0_0_1_1_0_0_0_0_0_1_1_0_1_1_0_0_0_1_0_0_0_0_0_1_0_1_0_1_1_0_0_0_0_0_0_1_0_0_1,1,1.3333333333333335e-5,4.714045207910318e-6,0.30601092896174864,261.6666666666667
0_0_0_0_0_1_1_0_0_0_0_1_0_0_0_1_1_0_0_0_0_1_0_0_0_0_0_0_1_0_1_1_1_1_0_0_0_1_1_0_1_1,1,1.3333333333333335e-5,9.428090415820635e-6,0.2786885245901639,237.5
1_1_1_1_1_0_0_1_1_1_1_1_1_0_1_0_0_1_0_1_0_1_1_1_1_0_0_0_0_1_0_0_1_0_0_1_1_1_0_1_1_0,1,1.3333333333333335e-5,1.2472191289246474e-5,0.2677595628415301,135.0
0_0_1_1_1_0_0_1_1_1_0_1_1_1_1_1_1_0_1_0_1_0_0_0_1_0_0_0_1_0_0_0_1_0_0_0_1_1_1_0_1_1,1,1.3333333333333335e-5,4.714045207910318e-6,0.2568306010928962,201.66666666666666
1_1_1_1_1_0_0_1_1_1_1_1_1_1_1_0_0_1_0_1_0_1_1_1_1_0_0_0_0_1_0_0_0_0_0_1_1_1_0_1_1_0,1,1.3333333333333335e-5,4.714045207910318e-6,0.26229508196721313,225.0
1_1_0_0_0_1_1_0_0_0_1_1_0_0_0_0_0_1_1_1_0_1_1_1_0_1_1_1_0_1_1_0_1_0_1_1_0_1_0_1_1_0,1,1.3333333333333335e-5,4.714045207910318e-6,0.33879781420765026,326.6666666666667
0_0_1_1_1_0_0_1_1_1_0_1_1_0_1_1_1_0_0_0_0_1_0_0_1_1_0_1_1_0_0_1_0_0_0_0_1_0_1_0_1_0,1,1.3333333333333335e-5,9.428090415820635e-6,0.33879781420765026,202.5
1_1_1_0_0_1_0_0_0_0_1_0_1_1_0_0_1_0_0_0_0_1_0_1_0_0_0_0_1_0_1_1_0_0_0_1_0_0_1_1_1_0,1,1.3333333333333335e-5,4.714045207910318e-6,0.32786885245901637,310.0
0_1_1_1_1_0_0_1_1_1_0_1_1_1_1_1_1_1_0_0_0_1_0_0_1_0_0_0_1_0_0_0_0_0_0_0_1_1_1_0_1_0,1,1.3333333333333335e-5,4.714045207910318e-6,0.28415300546448086,188.33333333333334
0_0_1_1_1_0_0_1_1_1_0_1_1_0_1_1_1_0_0_1_1_0_1_0_1_1_0_1_0_1_0_0_1_1_1_0_1_1_0_0_0_1,1,1.3333333333333335e-5,4.714045207910318e-6,0.273224043715847,173.33333333333334
0_0_1_0_0_1_1_0_0_0_0_0_0_1_0_1_1_1_0_0_0_1_0_0_0_1_1_1_1_0_1_1_0_0_0_0_0_0_1_1_1_0,1,1.3333333333333335e-5,1.2472191289246472e-5,0.2786885245901639,185.0
1_0_1_0_0_1_1_1_0_0_1_1_1_1_0_0_1_1_0_0_0_1_1_1_0_1_0_1_1_1_1_0_1_1_1_1_0_0_1_0_0_1,1,1.3333333333333335e-5,9.428090415820635e-6,0.3333333333333333,245.0
1_0_0_0_0_1_1_0_0_0_1_0_0_1_0_0_1_1_1_0_0_1_1_1_0_1_1_1_1_1_1_1_1_1_1_1_0_0_1_1_0_1,1,1.3333333333333335e-5,4.714045207910318e-6,0.2568306010928962,175.0
0_0_1_0_0_1_1_1_0_0_0_1_1_1_0_1_1_0_0_0_1_0_0_0_0_0_1_0_1_0_1_0_1_1_0_0_0_0_1_0_0_1,1,1.3333333333333335e-5,1.2472191289246472e-5,0.366120218579235,303.33333333333337
0_1_0_1_1_0_0_0_1_1_0_0_0_0_1_1_0_0_1_1_1_0_0_0_1_0_1_0_0_0_0_1_0_0_0_0_1_1_0_1_1_0,1,1.3333333333333335e-5,4.714045207910318e-6,0.3333333333333333,163.33333333333334
0_0_1_0_0_1_1_0_0_0_0_0_1_1_0_1_1_0_0_0_1_0_0_0_0_1_1_1_1_0_1_1_0_1_1_0_0_0_1_0_0_1,1,1.3333333333333335e-5,9.428090415820635e-6,0.3005464480874317,265.0
0_0_0_0_0_1_1_0_0_0_0_0_0_1_0_1_1_1_0_0_0_1_0_0_0_1_1_1_1_0_1_1_0_0_0_0_0_0_1_1_1_0,1,1.3333333333333335e-5,1.2472191289246474e-5,0.2677595628415301,170.0
1_0_1_1_1_0_0_1_1_1_1_1_1_0_1_1_1_1_1_0_0_1_1_0_1_1_0_1_1_1_0_0_1_1_1_1_1_1_1_1_1_1,1,1.3333333333333335e-5,9.428090415820635e-6,0.2786885245901639,157.5
0_1_1_1_1_0_0_1_1_1_0_0_1_0_1_0_0_1_1_1_1_0_0_1_1_0_0_0_0_0_0_0_0_0_0_0_1_1_0_0_1_0,1,1.3333333333333335e-5,1.2472191289246474e-5,0.23497267759562843,266.66666666666663
0_1_0_0_0_1_1_0_0_0_0_0_0_1_0_1_0_1_1_1_1_0_0_0_0_0_1_0_0_0_1_1_0_0_0_0_0_1_0_1_1_0,1,1.3333333333333335e-5,1.8856180831641267e-5,0.2786885245901639,182.5
0_0_1_0_0_1_1_0_0_0_0_1_0_1_0_0_0_1_1_1_0_1_0_0_0_1_1_1_1_0_1_1_1_0_0_0_0_1_0_1_1_0,1,1.3333333333333335e-5,1.2472191289246474e-5,0.2786885245901639,155.0
0_1_0_1_1_0_0_1_1_1_0_1_1_0_1_1_0_0_1_1_1_0_0_0_1_0_0_0_0_0_0_0_0_0_0_0_1_1_0_0_1_0,1,1.3333333333333335e-5,1.2472191289246472e-5,0.26229508196721313,170.0
1_1_0_0_0_1_1_0_0_0_1_0_0_1_0_0_0_1_1_1_0_1_1_1_0_1_1_1_0_1_1_1_0_1_1_1_0_0_0_1_1_0,1,1.0e-5,8.164965809277262e-6,0.26229508196721313,292.5
1_0_0_1_1_0_0_1_1_1_1_1_1_0_1_0_1_0_0_0_0_1_1_1_1_1_0_1_1_1_0_0_1_1_1_1_1_0_1_0_0_1,1,1.0e-5,8.164965809277262e-6,0.2896174863387978,90.0
0_0_1_1_1_0_0_0_1_1_0_0_1_0_1_1_1_0_1_0_1_0_0_0_1_1_0_1_1_0_0_1_0_1_1_0_1_0_1_0_0_1,1,1.0e-5,8.164965809277262e-6,0.3442622950819672,200.0
1_1_0_1_1_0_0_0_1_1_1_0_0_0_1_0_0_1_0_1_0_1_1_1_1_0_0_0_0_1_0_1_0_0_0_1_1_1_0_1_1_0,1,1.0e-5,0.0,0.34972677595628415,280.0
0_0_0_0_0_1_1_0_0_0_0_1_0_0_0_1_1_0_0_0_0_1_0_0_0_1_0_1_1_0_1_1_1_1_1_0_0_1_1_0_1_1,1,1.0e-5,8.164965809277262e-6,0.2786885245901639,162.5
0_0_0_0_0_1_1_0_0_0_0_1_0_0_0_1_1_0_0_0_0_1_0_0_0_1_1_1_1_0_1_1_1_1_1_0_0_1_1_0_1_1,1,1.0e-5,0.0,0.28415300546448086,146.66666666666666
0_0_0_0_0_1_1_0_0_0_0_0_0_0_0_1_1_0_0_0_1_0_0_0_0_1_1_1_1_0_1_1_0_1_1_0_0_0_1_0_0_1,1,1.0e-5,8.164965809277262e-6,0.2568306010928962,135.0
0_0_1_0_0_1_1_0_0_0_0_0_1_1_0_1_1_0_0_0_1_0_0_0_0_1_0_1_1_0_1_1_0_1_1_0_0_0_1_0_0_1,1,1.0e-5,8.164965809277262e-6,0.30601092896174864,197.5
0_0_1_0_0_1_1_0_0_0_0_0_0_1_0_1_1_0_1_0_1_0_0_0_0_0_1_0_1_0_1_1_0_1_0_0_0_0_1_0_0_1,1,1.0e-5,0.0,0.2896174863387978,266.6666666666667
1_1_1_1_1_0_0_1_1_1_1_1_1_1_1_0_0_1_1_1_1_0_1_1_1_0_1_0_0_1_0_0_1_0_1_1_1_1_0_1_0_0,1,1.0e-5,0.0,0.2568306010928962,203.33333333333334
1_1_1_1_1_0_0_1_1_1_1_1_1_1_1_0_0_1_1_1_1_0_1_1_1_0_0_0_0_1_0_0_1_0_0_1_1_1_0_1_0_0,1,1.0e-5,8.164965809277262e-6,0.25136612021857924,220.0
0_0_1_1_1_0_0_1_1_1_0_1_1_1_1_1_1_1_1_0_1_0_0_0_1_0_0_0_1_0_0_0_1_0_0_0_1_1_1_0_1_1,1,1.0e-5,8.164965809277262e-6,0.2568306010928962,62.5
0_0_1_0_0_1_1_0_0_0_0_1_1_1_0_1_0_1_0_1_0_1_1_0_0_1_0_1_1_1_1_1_0_1_1_0_0_0_0_0_0_1,1,1.0e-5,0.0,0.2896174863387978,160.0
1_0_0_1_1_0_0_1_1_1_1_1_1_0_1_1_1_1_1_0_0_1_1_0_1_1_0_1_1_1_0_0_1_1_1_1_1_1_1_1_1_1,1,1.0e-5,8.164965809277262e-6,0.2896174863387978,170.0
1_1_0_1_1_0_0_1_1_1_1_1_0_0_1_0_0_1_1_1_0_1_1_1_1_1_1_1_0_1_0_0_1_1_1_1_1_1_0_1_1_0,1,1.0e-5,8.164965809277262e-6,0.3114754098360656,262.5
1_1_1_1_1_0_0_1_1_1_1_1_1_1_1_0_0_1_1_1_1_0_1_1_1_0_1_0_0_1_0_0_1_0_0_1_1_1_0_1_0_1,1,1.0e-5,8.164965809277262e-6,0.2568306010928962,212.5
1_1_1_1_1_0_0_1_1_1_1_1_1_1_1_0_0_1_0_1_0_1_1_1_1_1_0_1_0_1_0_0_1_0_1_1_1_1_0_1_1_0,1,1.0e-5,8.164965809277262e-6,0.26229508196721313,105.0
1_1_0_0_0_1_1_0_0_0_1_0_0_0_0_0_0_1_1_1_0_1_1_1_0_1_1_1_0_1_1_1_0_1_1_1_0_1_0_1_1_0,1,1.0e-5,8.164965809277262e-6,0.273224043715847,192.5
0_0_1_1_1_0_0_0_1_1_0_0_1_0_1_1_1_0_0_0_1_0_0_0_1_0_0_0_1_0_0_1_0_0_0_0_1_0_1_0_0_1,1,1.0e-5,8.164965809277262e-6,0.3333333333333333,260.0
0_0_0_1_1_0_0_0_1_1_0_0_1_0_1_1_1_0_0_0_1_0_0_0_1_0_0_0_1_0_0_1_0_0_0_0_1_0_1_0_0_1,1,1.0e-5,8.164965809277262e-6,0.3442622950819672,210.0
0_0_1_1_1_0_0_1_1_1_0_0_1_1_1_1_1_0_0_0_1_0_0_0_1_1_1_1_1_0_0_1_0_1_1_0_1_0_1_0_0_1,1,1.0e-5,8.164965809277262e-6,0.3224043715846995,287.5
1_1_0_0_0_1_1_0_0_0_1_1_0_0_0_0_0_1_1_1_0_1_1_1_0_1_0_1_0_1_1_0_1_0_1_1_0_1_0_1_1_0,1,1.0e-5,1.4142135623730951e-5,0.3333333333333333,256.6666666666667
0_1_0_1_1_0_0_1_1_1_0_0_0_0_0_0_0_1_1_1_1_0_0_1_1_0_1_0_0_0_0_0_1_0_0_0_1_1_0_0_1_0,0,1.0e-5,1.4142135623730951e-5,0.2677595628415301,1001.0
1_0_1_0_0_1_1_0_0_0_1_1_1_1_1_1_1_0_0_0_0_1_1_0_0_1_1_1_1_1_0_1_0_1_1_1_0_0_1_1_0_1,0,1.0e-5,8.164965809277262e-6,0.2568306010928962,1001.0
1_1_0_1_1_0_0_0_1_1_1_0_0_0_1_0_0_1_1_1_0_1_1_1_1_0_0_0_0_1_0_1_0_0_0_1_1_1_0_1_1_0,1,1.0e-5,8.164965809277262e-6,0.3551912568306011,205.0
0_0_0_0_0_1_1_0_0_0_0_1_0_0_0_1_1_0_1_0_1_0_0_0_0_0_0_0_1_0_1_0_1_0_0_0_0_1_1_1_1_1,1,1.0e-5,0.0,0.32786885245901637,180.0
1_1_1_1_1_0_0_1_1_1_1_0_1_1_1_0_0_1_1_1_1_0_1_1_1_0_1_0_0_1_0_0_0_0_0_1_1_0_0_1_0_0,1,1.0e-5,8.164965809277262e-6,0.2786885245901639,140.0
0_1_0_0_0_1_1_0_0_0_0_1_0_0_0_1_1_1_1_0_0_1_0_0_0_0_0_0_1_0_1_1_0_0_0_0_0_1_1_1_1_0,1,1.0e-5,0.0,0.28415300546448086,203.33333333333334
0_0_1_0_0_1_1_0_0_0_0_0_0_1_0_1_1_0_1_0_1_0_0_0_0_1_1_1_1_0_1_1_0_1_1_0_0_0_1_0_0_1,1,1.0e-5,0.0,0.2786885245901639,270.0
0_0_0_0_0_1_1_0_0_0_0_0_0_0_0_1_1_0_0_0_0_1_0_0_0_1_1_1_1_0_1_1_0_1_1_0_0_0_1_0_1_1,1,1.0e-5,8.164965809277262e-6,0.25136612021857924,195.0
1_1_0_0_0_1_1_0_0_0_1_0_0_1_0_0_0_1_1_1_1_0_1_1_0_0_1_0_0_1_1_0_1_1_1_1_0_1_0_1_0_1,1,1.0e-5,8.164965809277262e-6,0.33879781420765026,157.5
1_1_1_0_0_1_1_0_0_0_1_0_0_1_0_0_0_1_0_0_0_1_0_1_0_0_1_0_1_0_1_1_0_0_0_1_0_0_1_1_1_0,1,1.0e-5,8.164965809277262e-6,0.2786885245901639,192.5
1_1_0_0_0_1_1_0_0_0_1_1_0_0_0_0_0_1_1_1_0_1_1_1_0_0_0_0_0_1_1_0_1_0_0_1_0_1_0_1_1_0,1,1.0e-5,8.164965809277262e-6,0.3224043715846995,175.0
0_0_1_0_0_1_1_0_0_0_0_1_1_1_0_1_1_0_0_0_0_1_0_0_0_1_1_1_1_0_1_1_1_1_1_0_0_0_1_0_1_1,1,1.0e-5,8.164965809277262e-6,0.3005464480874317,212.5
0_0_1_0_0_1_0_0_0_0_0_0_1_1_0_1_1_0_0_0_1_0_0_0_0_0_1_0_1_0_1_1_0_0_0_0_0_0_1_0_0_1,1,1.0e-5,0.0,0.33879781420765026,286.6666666666667
1_1_0_0_0_1_1_0_0_0_1_0_0_0_0_0_0_1_1_1_0_1_1_1_0_1_0_1_0_1_1_1_0_1_1_1_0_1_0_1_1_0,1,1.0e-5,8.164965809277262e-6,0.2677595628415301,135.0
1_1_1_1_1_0_0_1_1_1_1_1_1_0_1_0_0_1_0_1_0_1_1_1_1_1_0_1_0_1_0_0_1_0_1_1_1_1_0_1_1_0,1,1.0e-5,8.164965809277262e-6,0.2786885245901639,160.0
0_0_1_0_0_1_1_0_0_0_0_1_1_1_0_1_1_0_0_0_0_1_0_0_0_1_0_1_1_0_1_1_0_1_1_0_0_0_1_0_1_0,1,1.0e-5,0.0,0.31693989071038253,106.66666666666667
1_1_1_0_0_1_1_1_0_0_1_1_0_1_0_0_0_1_1_1_0_1_1_1_0_1_1_1_0_1_1_0_1_1_1_1_0_1_0_1_1_0,1,1.0e-5,8.164965809277262e-6,0.3442622950819672,262.5
1_1_1_0_0_1_1_0_0_0_1_0_1_1_0_0_0_1_1_0_0_1_0_1_0_0_1_0_1_0_1_1_0_0_0_1_0_0_1_1_1_0,1,1.0e-5,8.164965809277262e-6,0.3114754098360656,182.5
1_1_0_1_1_0_0_1_1_1_1_1_0_0_1_0_0_1_0_1_0_1_1_1_1_0_1_0_0_1_0_0_1_0_0_1_1_1_0_1_1_0,1,1.0e-5,8.164965809277262e-6,0.3005464480874317,255.0
0_1_0_0_0_1_1_0_0_0_0_1_0_0_0_1_1_1_0_0_0_1_0_0_0_0_1_0_1_0_1_1_0_0_0_0_0_1_1_1_1_0,1,1.0e-5,8.164965809277262e-6,0.28415300546448086,120.0
1_1_1_0_0_1_0_0_0_0_1_0_1_1_0_0_0_1_0_0_0_1_0_1_0_0_1_0_1_0_1_1_0_0_0_1_0_0_1_1_1_0,1,1.0e-5,8.164965809277262e-6,0.33879781420765026,210.0
0_0_1_0_0_1_1_0_0_0_0_1_1_1_0_1_1_0_0_0_0_1_0_0_0_1_1_1_1_0_1_1_1_1_0_0_0_0_1_0_1_1,1,1.0e-5,0.0,0.3114754098360656,220.0
0_1_1_1_1_0_0_1_1_1_0_1_1_1_1_1_1_0_0_0_0_1_0_0_1_0_0_0_1_0_0_0_0_0_0_0_1_1_1_0_1_0,1,1.0e-5,8.164965809277262e-6,0.273224043715847,255.0
0_0_0_1_1_0_0_1_1_1_0_1_1_0_1_1_1_0_1_1_1_0_1_0_1_1_0_1_0_1_0_0_1_1_1_0_1_1_0_0_0_1,1,1.0e-5,8.164965809277262e-6,0.2786885245901639,122.5
1_1_1_1_1_0_0_1_1_1_1_1_1_0_1_0_0_0_1_1_1_0_1_1_1_0_0_0_0_1_0_0_1_1_1_1_1_1_0_0_0_1,1,1.0e-5,8.164965809277262e-6,0.2677595628415301,192.5
1_1_1_1_1_0_0_1_1_1_1_1_1_1_1_0_1_0_1_0_1_0_0_1_1_0_0_0_0_0_0_0_1_0_0_1_1_1_1_1_1_0,1,1.0e-5,8.164965809277262e-6,0.23497267759562843,142.5
1_1_0_1_1_0_0_1_1_1_1_1_1_0_1_0_0_0_1_1_1_0_1_1_1_0_0_0_0_1_0_0_1_1_1_1_1_1_0_0_0_1,1,1.0e-5,8.164965809277262e-6,0.2786885245901639,152.5
1_1_1_0_0_1_1_0_0_0_1_0_1_1_0_0_0_1_1_0_0_1_0_1_0_0_0_0_1_0_1_1_0_0_0_1_0_0_1_1_1_0,1,1.0e-5,8.164965809277262e-6,0.31693989071038253,200.0
0_0_1_1_1_0_0_1_1_1_0_1_1_0_1_1_1_1_0_0_0_1_0_0_1_1_0_1_1_0_0_1_0_0_0_0_1_0_1_0_1_0,1,1.0e-5,8.164965809277262e-6,0.34972677595628415,195.0
1_1_0_1_1_0_0_1_1_1_1_0_0_0_1_0_0_1_1_1_1_0_1_1_1_0_0_0_0_1_0_0_1_0_0_1_1_1_0_1_0_0,1,1.0e-5,8.164965809277262e-6,0.3005464480874317,180.0
1_1_1_1_1_0_0_1_1_1_1_1_1_1_1_0_0_1_0_1_0_1_1_1_1_0_1_0_0_1_0_0_0_0_0_1_1_1_0_1_1_0,1,1.0e-5,8.164965809277262e-6,0.2568306010928962,330.0
1_1_0_0_0_1_1_0_0_0_1_0_0_1_0_0_0_1_1_0_0_1_0_1_0_0_1_0_1_0_1_1_0_0_0_1_0_0_1_1_1_0,1,1.0e-5,8.164965809277262e-6,0.273224043715847,192.5
0_0_0_0_0_1_1_0_0_0_0_0_0_0_0_1_1_0_1_0_1_0_0_0_0_0_1_0_1_0_1_1_1_1_0_0_0_0_1_0_0_1,1,1.0e-5,8.164965809277262e-6,0.273224043715847,247.5
1_0_0_0_0_1_1_0_0_0_1_0_0_0_0_1_1_1_1_0_1_1_1_0_0_1_0_1_1_1_1_1_0_1_1_1_0_0_1_0_0_1,0,1.0e-5,8.164965809277262e-6,0.22404371584699453,1001.0
0_1_0_0_0_1_1_0_0_0_0_0_0_1_0_0_0_0_0_1_1_0_0_1_0_0_1_0_0_0_1_1_0_0_0_0_0_0_0_0_0_0,1,1.0e-5,8.164965809277262e-6,0.2786885245901639,127.5
1_1_1_1_1_0_0_1_1_1_1_0_0_1_0_1_1_1_1_0_1_1_1_1_1_0_1_0_0_1_0_0_0_1_1_1_1_1_1_0_1_1,0,1.0e-5,8.164965809277262e-6,0.19672131147540983,1001.0
1_1_0_1_1_0_0_1_1_1_1_0_0_0_1_0_0_1_1_1_1_0_1_1_1_0_0_0_0_1_0_0_1_0_1_1_1_1_0_1_0_0,1,1.0e-5,8.164965809277262e-6,0.3114754098360656,250.0
1_1_0_0_0_1_1_0_0_0_1_0_0_0_0_0_0_0_1_1_1_0_1_1_0_0_1_0_0_1_1_0_1_1_1_1_0_1_0_1_0_1,1,1.0e-5,1.4142135623730951e-5,0.3333333333333333,223.33333333333334
0_0_1_0_0_1_1_1_0_0_0_1_1_1_0_1_1_0_0_0_0_1_0_0_0_0_0_0_1_0_1_0_1_1_0_0_0_1_1_0_1_1,1,6.6666666666666675e-6,4.714045207910318e-6,0.36065573770491804,125.0
0_0_1_1_1_0_0_1_1_1_0_0_1_1_1_1_1_0_0_0_1_0_0_0_1_0_1_0_1_0_0_1_0_1_0_0_1_0_1_0_0_1,1,6.6666666666666675e-6,4.714045207910318e-6,0.3333333333333333,410.0
1_1_1_1_1_0_0_1_1_1_1_1_1_0_1_0_0_1_1_1_0_1_1_1_1_1_0_1_0_1_0_0_1_0_1_1_1_1_0_1_1_0,1,6.6666666666666675e-6,4.714045207910318e-6,0.28415300546448086,190.0
1_0_1_1_1_0_0_1_1_1_1_1_1_1_1_0_1_1_0_0_0_1_1_1_1_1_0_1_1_1_0_0_1_1_1_1_1_0_1_0_0_1,1,6.6666666666666675e-6,9.428090415820634e-6,0.26229508196721313,210.0
0_0_1_1_1_0_0_1_1_1_0_0_1_1_1_1_1_0_0_0_1_0_0_0_1_1_0_1_1_0_0_1_0_1_1_0_1_0_1_0_0_1,1,6.6666666666666675e-6,4.714045207910318e-6,0.32786885245901637,330.0
1_1_0_1_1_0_0_1_1_1_1_1_1_0_1_0_0_1_1_1_0_1_1_1_1_1_0_1_0_1_0_0_1_0_1_1_1_1_0_1_1_0,1,6.6666666666666675e-6,4.714045207910318e-6,0.29508196721311475,205.0
0_0_1_0_0_1_1_0_0_0_0_0_1_1_0_1_1_0_0_0_1_0_0_0_0_0_0_0_1_0_1_1_0_0_0_0_0_0_1_0_0_1,1,6.6666666666666675e-6,9.428090415820634e-6,0.3114754098360656,195.0
0_1_0_1_1_0_0_1_1_1_0_0_0_0_0_0_0_1_1_1_1_0_0_1_1_0_0_0_0_0_1_0_1_0_0_0_1_1_0_0_1_0,0,6.6666666666666675e-6,4.714045207910318e-6,0.2568306010928962,1001.0
0_0_1_0_0_1_1_1_0_0_0_1_1_1_0_1_1_0_0_0_0_1_0_0_0_1_0_1_1_0_1_0_1_1_1_0_0_1_1_0_1_1,1,6.6666666666666675e-6,4.714045207910318e-6,0.36065573770491804,120.0
0_1_1_0_0_1_0_0_0_0_0_0_0_1_0_0_0_0_1_1_1_0_0_1_0_0_1_0_0_0_1_1_0_0_0_0_0_0_0_0_0_0,1,6.6666666666666675e-6,4.714045207910318e-6,0.31693989071038253,200.0
0_1_0_0_0_1_1_0_0_0_0_1_0_1_0_1_1_1_0_0_0_1_0_0_0_0_1_0_1_0_1_1_0_0_0_0_0_1_1_1_1_0,1,6.6666666666666675e-6,4.714045207910318e-6,0.3005464480874317,120.0
1_0_0_0_0_1_1_0_0_0_1_0_0_1_0_0_0_1_1_1_1_0_1_1_0_1_1_1_0_1_1_1_1_1_1_1_0_0_0_1_0_1,1,6.6666666666666675e-6,4.714045207910318e-6,0.2896174863387978,95.0
1_1_0_0_0_1_1_0_0_0_1_0_0_0_0_0_0_1_1_1_0_1_1_1_0_1_0_1_0_1_1_1_0_1_1_1_0_0_0_1_0_0,1,6.6666666666666675e-6,4.714045207910318e-6,0.2568306010928962,195.0
1_1_0_0_0_1_1_0_0_0_1_0_0_0_0_0_0_1_1_1_1_0_1_1_0_1_1_1_0_1_1_1_0_0_1_1_0_0_0_1_0_0,1,6.6666666666666675e-6,9.428090415820634e-6,0.2896174863387978,125.0
1_1_1_1_1_0_0_1_1_1_1_0_1_1_1_0_0_0_0_1_0_1_1_1_1_1_1_1_0_1_0_1_0_1_1_1_1_0_0_0_0_0,1,6.6666666666666675e-6,4.714045207910318e-6,0.32786885245901637,215.0
1_1_1_1_1_0_0_1_1_1_1_0_1_1_1_0_0_1_1_1_1_0_1_1_1_0_0_0_0_1_0_0_0_0_0_1_1_0_0_1_0_0,1,6.6666666666666675e-6,4.714045207910318e-6,0.28415300546448086,175.0
1_1_1_1_1_0_0_1_1_1_1_0_1_1_1_0_0_1_1_1_1_0_1_1_1_1_0_1_0_1_0_0_0_0_1_1_1_0_0_1_0_0,1,6.6666666666666675e-6,4.714045207910318e-6,0.28415300546448086,155.0
0_0_0_1_1_0_0_1_1_1_0_1_1_0_1_1_1_0_0_1_1_0_1_0_1_1_0_1_0_1_0_0_1_1_1_0_1_1_0_0_0_1,1,6.6666666666666675e-6,9.428090415820634e-6,0.28415300546448086,170.0
0_0_1_0_0_1_1_1_0_0_0_1_1_1_0_1_1_0_0_0_1_0_0_0_0_0_0_0_1_0_1_0_1_1_0_0_0_0_1_0_0_1,1,6.6666666666666675e-6,4.714045207910318e-6,0.37158469945355194,270.0
1_1_1_0_0_1_1_0_0_0_1_0_1_1_0_0_0_1_0_1_0_1_1_1_0_1_1_1_0_1_1_1_0_1_1_1_0_0_0_0_0_0,1,6.6666666666666675e-6,9.428090415820634e-6,0.30601092896174864,185.0
1_1_0_1_1_0_0_1_1_1_1_1_0_0_1_0_0_1_1_1_0_1_1_1_1_0_0_0_0_1_0_0_1_0_0_1_1_1_0_1_1_0,1,6.6666666666666675e-6,9.428090415820634e-6,0.3005464480874317,285.0
1_1_1_1_1_0_0_1_1_1_1_0_1_0_1_0_0_1_1_1_1_0_1_1_1_0_0_0_0_1_0_0_0_0_0_1_1_1_0_1_0_0,1,6.6666666666666675e-6,4.714045207910318e-6,0.28415300546448086,170.0
1_1_0_1_1_0_0_1_1_1_1_0_0_0_1_0_0_1_1_1_1_0_1_1_1_0_0_0_0_1_0_0_0_0_1_1_1_1_0_1_0_0,1,6.6666666666666675e-6,4.714045207910318e-6,0.3114754098360656,175.0
1_1_0_1_1_0_0_1_1_1_1_0_0_0_1_0_0_1_1_1_1_0_1_1_1_0_0_0_0_1_0_0_1_0_0_1_1_1_0_1_0_1,1,6.6666666666666675e-6,4.714045207910318e-6,0.3114754098360656,240.0
0_0_1_1_1_0_0_1_1_1_0_1_1_1_1_1_1_1_0_0_0_1_0_0_1_1_0_1_1_0_0_1_0_0_0_0_1_0_1_0_1_0,1,6.6666666666666675e-6,9.428090415820634e-6,0.3333333333333333,215.0
1_1_1_1_1_0_0_1_1_1_1_0_1_1_1_0_0_1_0_1_0_1_1_1_1_1_0_1_0_1_0_1_0_1_1_1_1_0_0_0_0_0,1,6.6666666666666675e-6,9.428090415820634e-6,0.3333333333333333,180.0
1_1_0_0_0_1_1_0_0_0_1_1_0_0_0_0_0_1_0_1_0_1_1_1_0_0_1_0_0_1_1_0_1_0_0_1_0_1_0_1_1_0,1,6.6666666666666675e-6,4.714045207910318e-6,0.3224043715846995,175.0
1_1_1_0_0_1_0_0_0_0_1_0_0_1_0_1_1_0_0_0_0_1_0_1_0_0_1_0_0_0_1_1_0_0_0_1_0_1_1_1_1_0,1,6.6666666666666675e-6,4.714045207910318e-6,0.32786885245901637,190.0
0_0_1_1_1_0_0_1_1_1_0_0_1_1_1_1_1_0_1_0_1_0_0_0_1_1_0_1_1_0_0_1_0_1_1_0_1_0_1_0_0_1,1,6.6666666666666675e-6,4.714045207910318e-6,0.3224043715846995,185.0
0_0_1_1_1_0_0_0_1_1_0_0_1_0_1_1_1_0_0_0_1_0_0_0_1_0_0_0_1_0_0_1_0_1_0_0_1_0_1_0_0_1,1,6.6666666666666675e-6,4.714045207910318e-6,0.36065573770491804,185.0
0_0_1_0_0_1_1_0_0_0_0_0_0_1_0_1_1_0_0_0_1_0_0_0_0_0_1_0_1_0_1_1_0_1_0_0_0_0_1_0_0_1,1,6.6666666666666675e-6,4.714045207910318e-6,0.29508196721311475,185.0
0_1_0_1_1_0_0_1_1_1_0_1_1_0_1_0_0_0_0_1_1_0_0_0_1_0_0_0_0_0_0_0_1_0_0_0_1_1_0_0_1_0,1,6.6666666666666675e-6,4.714045207910318e-6,0.25136612021857924,115.0
1_1_0_1_1_0_0_1_1_1_1_0_0_0_1_0_0_1_1_1_1_0_1_1_1_0_0_0_0_1_0_0_0_0_0_1_1_1_0_1_0_0,1,6.6666666666666675e-6,4.714045207910318e-6,0.3005464480874317,160.0
0_0_0_0_0_1_1_0_0_0_0_0_0_0_0_1_0_1_0_1_0_0_0_0_0_1_0_1_1_0_1_1_0_0_0_0_0_0_0_1_0_0,0,6.6666666666666675e-6,4.714045207910318e-6,0.15846994535519127,1001.0
0_0_1_0_0_1_1_1_0_0_0_1_0_1_0_1_1_0_1_1_1_0_1_0_0_1_1_1_0_1_1_0_1_1_1_0_0_1_0_0_0_1,1,6.6666666666666675e-6,4.714045207910318e-6,0.3442622950819672,130.0
0_0_0_0_0_1_1_0_0_0_0_0_0_0_0_1_1_0_0_0_1_0_0_0_0_0_1_0_1_0_1_1_0_1_0_0_0_0_1_0_0_1,1,6.6666666666666675e-6,4.714045207910318e-6,0.2677595628415301,350.0
1_1_1_1_1_0_0_1_1_1_1_0_1_1_1_0_0_1_1_1_1_0_1_1_1_0_0_0_0_1_0_0_0_0_0_1_1_1_0_1_0_0,1,6.6666666666666675e-6,4.714045207910318e-6,0.2677595628415301,180.0
0_1_0_0_0_1_1_0_0_0_0_0_0_0_0_1_1_0_0_0_0_1_0_0_0_0_1_0_1_0_1_1_0_1_0_0_0_0_1_0_1_0,1,6.6666666666666675e-6,4.714045207910318e-6,0.26229508196721313,380.0
1_1_1_1_1_0_0_1_1_1_1_1_1_1_1_0_0_1_0_1_0_1_1_1_1_1_1_1_0_1_0_0_0_0_1_1_1_1_0_1_1_0,1,6.6666666666666675e-6,4.714045207910318e-6,0.2677595628415301,275.0
0_1_1_0_0_1_1_0_0_0_0_1_1_1_0_1_1_0_0_0_0_1_0_0_0_0_1_0_1_0_1_1_0_1_0_0_0_0_1_0_1_0,1,6.6666666666666675e-6,4.714045207910318e-6,0.3114754098360656,220.0
1_0_0_0_0_1_1_0_0_0_1_0_0_0_0_1_1_1_1_0_0_1_1_0_0_1_0_1_1_1_1_1_0_1_1_1_0_0_1_1_0_1,0,6.6666666666666675e-6,4.714045207910318e-6,0.21311475409836064,1001.0
0_0_1_1_1_0_0_1_1_1_0_1_1_1_1_1_1_0_0_0_0_1_0_0_1_1_0_1_1_0_0_0_1_1_1_0_1_1_1_0_1_1,1,6.6666666666666675e-6,4.714045207910318e-6,0.2896174863387978,185.0
0_0_0_1_1_0_0_1_1_1_0_1_0_0_1_1_1_0_1_0_1_0_0_0_1_0_0_0_1_0_0_0_1_0_0_0_1_1_1_1_1_1,1,6.6666666666666675e-6,4.714045207910318e-6,0.30601092896174864,190.0
0_0_0_0_0_1_1_0_0_0_0_1_0_0_0_0_0_0_0_1_0_0_0_0_0_0_0_0_1_0_1_1_1_0_0_0_0_0_0_1_0_0,0,6.6666666666666675e-6,4.714045207910318e-6,0.15846994535519127,1001.0
1_1_0_0_0_1_1_0_0_0_1_0_0_0_0_0_0_0_0_1_0_1_1_1_0_1_1_1_0_1_1_1_0_1_1_1_0_0_0_1_0_0,1,6.6666666666666675e-6,4.714045207910318e-6,0.2568306010928962,375.0
0_1_0_1_1_0_0_1_1_1_0_1_1_0_1_1_1_0_0_0_0_1_0_0_1_0_0_0_1_0_0_0_0_0_0_0_1_1_1_0_1_0,1,6.6666666666666675e-6,9.428090415820634e-6,0.3005464480874317,175.0
0_1_1_1_1_0_0_1_1_1_0_0_1_1_1_0_0_1_1_1_1_0_0_1_1_0_1_0_0_0_0_0_1_0_0_0_1_1_0_0_1_0,0,6.6666666666666675e-6,9.428090415820634e-6,0.21311475409836064,1001.0
1_1_0_0_0_1_1_0_0_0_1_0_0_0_0_0_0_1_0_1_0_1_1_1_0_1_0_1_0_1_1_1_0_0_1_1_0_1_0_1_1_0,1,6.6666666666666675e-6,4.714045207910318e-6,0.2896174863387978,145.0
1_1_1_0_0_1_1_0_0_0_1_0_1_1_0_0_0_0_0_1_0_1_1_1_0_1_1_1_0_1_1_1_0_1_1_1_0_0_0_0_0_0,1,6.6666666666666675e-6,9.428090415820634e-6,0.30601092896174864,345.0
1_1_0_1_1_0_0_1_1_1_1_0_0_0_1_0_0_1_1_1_1_0_1_1_1_0_1_0_0_1_0_0_0_0_1_1_1_1_0_1_0_0,1,6.6666666666666675e-6,4.714045207910318e-6,0.31693989071038253,115.0
1_1_0_0_0_1_1_0_0_0_1_0_0_1_0_0_0_0_0_1_0_1_1_1_0_1_1_1_0_1_1_1_0_1_1_1_0_0_0_1_0_0,1,6.6666666666666675e-6,9.428090415820634e-6,0.273224043715847,205.0
1_1_0_1_1_0_1_1_1_1_1_1_0_0_1_0_0_1_1_1_0_1_1_1_1_1_0_1_0_1_0_0_1_1_1_1_1_1_0_1_1_0,1,6.6666666666666675e-6,9.428090415820634e-6,0.33879781420765026,280.0
1_0_1_1_1_0_0_1_1_1_1_1_1_0_1_0_1_1_0_0_0_1_1_1_1_1_0_1_1_1_0_0_1_1_1_1_1_0_1_0_0_1,1,6.6666666666666675e-6,4.714045207910318e-6,0.2786885245901639,205.0
0_0_0_0_0_1_1_0_0_0_0_0_0_0_0_1_0_1_0_1_0_1_1_0_0_1_1_1_1_1_1_1_0_1_1_0_0_0_0_0_0_1,1,6.6666666666666675e-6,9.428090415820634e-6,0.23497267759562843,120.0
1_0_1_1_1_0_0_1_1_1_1_1_1_0_1_0_1_0_0_0_0_1_1_1_1_1_0_1_1_1_0_0_1_1_1_1_1_0_1_0_0_1,1,6.6666666666666675e-6,9.428090415820634e-6,0.2786885245901639,235.0
0_0_0_1_1_0_0_1_1_1_0_1_0_0_1_1_1_0_0_1_1_0_1_0_1_1_1_1_0_1_0_0_1_1_1_0_1_1_0_0_0_1,1,6.6666666666666675e-6,9.428090415820634e-6,0.31693989071038253,195.0
1_1_1_1_1_0_0_1_1_1_1_1_1_1_1_0_0_1_1_1_1_0_1_1_1_0_0_0_0_1_0_0_1_0_0_1_1_1_0_1_0_1,1,6.6666666666666675e-6,9.428090415820634e-6,0.26229508196721313,240.0
0_1_1_0_0_1_1_0_0_0_0_1_1_1_0_1_1_0_0_0_0_1_0_0_0_1_0_1_1_0_1_1_0_1_1_0_0_0_1_0_1_0,1,6.6666666666666675e-6,4.714045207910318e-6,0.31693989071038253,190.0
1_1_1_1_1_0_0_1_1_1_1_0_1_1_1_0_0_1_0_1_0_1_1_1_1_1_1_1_0_1_0_1_0_1_1_1_1_0_0_0_0_0,1,6.6666666666666675e-6,4.714045207910318e-6,0.32786885245901637,515.0
0_1_1_0_0_1_1_0_0_0_0_0_0_1_0_1_0_1_1_1_1_0_0_0_0_0_1_0_0_0_1_1_0_0_0_0_0_1_0_1_1_0,1,6.6666666666666675e-6,4.714045207910318e-6,0.2896174863387978,190.0
0_0_0_0_0_1_1_1_0_0_0_1_0_1_0_1_1_0_1_0_1_0_0_0_0_0_1_0_1_0_1_0_1_0_0_0_0_1_1_1_1_1,1,6.6666666666666675e-6,4.714045207910318e-6,0.3551912568306011,215.0
0_0_1_0_0_1_1_0_0_0_0_1_1_1_0_1_1_0_0_0_0_1_0_0_0_1_0_1_1_0_1_1_1_1_1_0_0_0_1_0_1_1,1,6.6666666666666675e-6,4.714045207910318e-6,0.30601092896174864,215.0
1_1_1_1_1_0_0_1_1_1_1_0_1_1_1_1_1_1_1_0_1_1_1_1_1_1_0_0_0_1_0_0_0_1_1_1_1_1_1_0_1_1,0,6.6666666666666675e-6,4.714045207910318e-6,0.16393442622950818,1001.0
1_1_1_1_1_0_0_1_1_1_1_1_1_1_1_0_0_1_1_1_0_1_1_1_1_0_1_0_0_1_0_0_0_0_0_1_1_1_0_1_1_0,1,6.6666666666666675e-6,9.428090415820634e-6,0.26229508196721313,250.0
0_0_0_0_0_1_1_0_0_0_0_0_0_0_0_1_1_0_1_0_1_0_0_0_0_1_1_1_1_0_1_1_1_1_1_0_0_0_1_0_0_1,1,6.6666666666666675e-6,4.714045207910318e-6,0.26229508196721313,125.0
0_0_1_1_1_0_0_1_1_1_0_1_1_1_1_1_1_0_1_0_1_0_0_0_1_0_1_0_1_0_0_0_1_1_0_0_1_0_1_0_0_1,1,6.6666666666666675e-6,4.714045207910318e-6,0.2896174863387978,205.0
0_1_0_1_1_0_0_1_1_1_0_0_0_0_0_0_0_1_1_1_1_0_0_1_1_0_0_0_0_0_1_0_1_0_0_0_0_1_0_0_1_0,0,6.6666666666666675e-6,4.714045207910318e-6,0.26229508196721313,1001.0
1_1_1_0_0_1_0_0_0_0_1_0_1_1_0_0_0_1_1_0_0_1_0_1_0_0_1_0_1_0_1_1_0_0_0_1_0_0_1_1_1_0,1,6.6666666666666675e-6,4.714045207910318e-6,0.3442622950819672,190.0
1_1_1_1_1_0_0_1_1_1_1_1_1_1_1_0_0_1_1_1_1_0_1_1_1_0_0_0_0_1_0_0_1_0_1_1_1_1_0_1_0_0,1,6.6666666666666675e-6,4.714045207910318e-6,0.26229508196721313,245.0
0_0_0_0_0_1_1_0_0_0_0_0_0_0_0_1_1_0_0_0_1_0_0_0_0_1_0_1_1_0_1_1_0_1_1_0_0_0_1_0_0_1,1,6.6666666666666675e-6,9.428090415820634e-6,0.25136612021857924,365.0
0_0_1_0_0_1_1_1_0_0_0_1_1_1_0_1_1_0_1_0_1_0_0_0_0_1_1_1_1_0_1_0_1_1_1_0_0_0_1_0_0_1,1,6.6666666666666675e-6,9.428090415820634e-6,0.34972677595628415,190.0
0_0_0_0_0_1_1_0_0_0_0_1_0_0_0_1_1_1_1_0_1_0_0_0_0_0_1_0_1_0_1_0_1_0_0_0_0_1_1_1_1_1,1,6.6666666666666675e-6,9.428090415820634e-6,0.3333333333333333,360.0
1_1_0_1_1_0_0_1_1_1_1_1_1_0_1_0_0_1_0_1_0_1_1_1_1_0_0_0_0_1_0_0_1_0_0_1_1_1_0_1_1_0,1,6.6666666666666675e-6,9.428090415820634e-6,0.2786885245901639,230.0
1_0_1_1_1_0_0_1_1_1_1_0_1_1_1_0_0_0_0_1_1_0_1_1_1_1_0_1_0_1_0_0_1_1_1_1_1_0_0_0_0_1,1,6.6666666666666675e-6,9.428090415820634e-6,0.2896174863387978,170.0
1_1_0_1_1_0_0_1_1_1_1_1_0_0_1_0_0_1_1_1_0_1_1_1_1_1_0_1_0_1_0_0_1_0_1_1_1_1_0_1_1_0,1,6.6666666666666675e-6,9.428090415820634e-6,0.3114754098360656,350.0
0_0_0_0_0_1_1_0_0_0_0_0_0_0_0_1_1_0_1_0_1_0_0_0_0_0_0_0_1_0_1_1_1_1_0_0_0_0_1_0_0_1,1,6.6666666666666675e-6,9.428090415820634e-6,0.2677595628415301,275.0
1_1_1_1_1_0_0_1_1_1_1_0_1_1_1_0_0_1_1_1_1_0_1_1_1_0_1_0_0_1_0_0_0_0_0_1_1_1_0_1_0_0,1,6.6666666666666675e-6,9.428090415820634e-6,0.26229508196721313,140.0
1_1_1_0_0_1_1_0_0_0_1_0_0_1_0_0_0_0_0_1_0_1_1_1_0_1_1_1_0_1_1_1_0_1_1_1_0_0_0_1_0_0,1,6.6666666666666675e-6,9.428090415820634e-6,0.28415300546448086,165.0
1_0_0_0_0_1_1_0_0_0_1_0_0_0_0_0_0_0_1_1_1_0_1_1_0_1_1_1_0_1_1_1_1_1_1_1_0_0_0_1_0_1,1,6.6666666666666675e-6,9.428090415820634e-6,0.28415300546448086,155.0
1_1_0_0_0_1_1_0_0_0_1_0_0_0_0_0_0_1_1_1_0_1_1_1_0_1_1_1_0_1_1_1_0_1_1_1_0_0_0_1_0_0,1,6.6666666666666675e-6,9.428090415820634e-6,0.26229508196721313,170.0
0_1_1_1_1_0_0_1_1_1_0_1_1_1_1_0_0_0_0_1_0_0_0_1_1_0_1_0_0_0_0_0_1_0_0_0_1_1_0_1_1_0,0,6.6666666666666675e-6,9.428090415820634e-6,0.22404371584699453,1001.0
1_1_0_0_0_1_1_0_0_0_1_1_0_0_0_0_0_1_0_1_0_1_1_1_0_1_1_1_0_1_1_0_1_0_1_1_0_1_0_1_1_0,1,6.6666666666666675e-6,9.428090415820634e-6,0.3333333333333333,335.0
0_0_0_0_0_1_1_0_0_0_0_1_1_0_0_0_0_0_0_1_0_0_0_0_0_1_0_1_1_0_1_1_1_0_0_0_0_0_0_1_0_0,0,6.6666666666666675e-6,9.428090415820634e-6,0.19672131147540983,1001.0
0_0_1_0_0_1_1_0_0_0_0_0_0_1_0_1_1_0_0_0_0_1_0_0_0_1_1_1_1_0_1_1_0_1_0_0_0_0_1_0_1_1,1,6.6666666666666675e-6,9.428090415820634e-6,0.2896174863387978,230.0
1_1_1_1_1_0_0_1_1_1_1_1_1_1_1_0_0_1_1_1_1_0_1_1_1_0_0_0_0_1_0_0_1_0_1_1_1_1_0_1_0_1,1,3.3333333333333337e-6,4.714045207910317e-6,0.273224043715847,260.0
1_1_1_1_1_0_0_1_1_1_1_0_1_1_1_1_1_0_1_0_1_0_1_1_1_0_1_0_0_1_0_0_1_1_1_1_1_1_1_0_0_1,0,3.3333333333333337e-6,4.714045207910317e-6,0.22404371584699453,1001.0
1_1_0_0_0_1_1_0_0_0_1_0_0_0_0_0_0_1_1_1_0_1_1_1_0_1_1_1_0_1_1_1_0_0_1_1_0_1_0_1_1_0,1,3.3333333333333337e-6,4.714045207910317e-6,0.3005464480874317,180.0
1_1_1_1_1_0_0_1_1_1_1_0_1_0_1_0_0_1_1_1_1_0_1_1_1_0_0_0_0_1_0_0_0_0_1_1_1_1_0_1_0_0,1,3.3333333333333337e-6,4.714045207910317e-6,0.29508196721311475,70.0
0_1_1_1_1_0_0_1_1_1_0_1_1_0_1_1_1_0_0_0_0_1_0_0_1_0_0_0_1_0_0_0_0_0_0_0_1_1_1_0_1_0,1,3.3333333333333337e-6,4.714045207910317e-6,0.2896174863387978,220.0
1_0_1_0_1_1_1_0_0_0_1_0_1_0_1_1_1_0_0_0_0_1_1_0_1_1_0_1_1_1_0_1_0_1_1_1_1_0_1_1_0_1,0,3.3333333333333337e-6,4.714045207910317e-6,0.29508196721311475,1001.0
1_1_1_1_1_0_0_1_1_1_1_0_1_1_1_1_1_1_1_0_1_1_1_1_1_0_1_0_0_1_0_0_0_1_1_1_1_0_1_0_1_1,0,3.3333333333333337e-6,4.714045207910317e-6,0.18579234972677597,1001.0
0_0_0_0_0_1_1_0_0_0_0_0_0_1_0_1_1_0_0_0_0_1_0_0_0_1_1_1_1_0_1_1_0_1_1_0_0_0_1_0_1_0,1,3.3333333333333337e-6,4.714045207910317e-6,0.2786885245901639,250.0
1_0_1_1_1_0_0_1_1_1_1_1_1_1_1_0_0_1_1_1_1_0_1_1_1_1_1_1_0_1_0_0_1_0_1_1_1_1_0_1_0_1,1,3.3333333333333337e-6,4.714045207910317e-6,0.2568306010928962,270.0
1_1_0_1_1_0_0_0_1_1_1_0_0_0_1_0_0_1_1_1_1_0_1_1_1_1_0_1_0_1_0_1_0_0_1_1_1_0_0_1_0_0,1,3.3333333333333337e-6,4.714045207910317e-6,0.3551912568306011,180.0
1_1_0_0_0_1_1_0_0_0_1_0_0_1_0_0_0_1_0_1_0_1_1_1_0_0_1_0_0_1_1_1_0_0_0_1_0_1_0_1_1_0,1,3.3333333333333337e-6,4.714045207910317e-6,0.3005464480874317,150.0
0_0_0_0_0_1_1_0_0_0_0_1_0_1_0_0_0_0_0_1_0_0_0_0_0_0_1_1_1_0_1_1_1_0_0_0_0_0_0_1_0_0,0,3.3333333333333337e-6,4.714045207910317e-6,0.18032786885245902,1001.0
1_0_0_0_0_1_1_0_0_0_1_0_0_1_0_0_0_0_1_1_1_0_1_1_0_1_1_1_0_1_1_1_1_1_1_1_0_0_0_1_0_1,1,3.3333333333333337e-6,4.714045207910317e-6,0.3005464480874317,250.0
0_0_0_1_1_0_0_1_1_1_0_1_1_0_1_1_1_1_1_0_1_0_0_0_1_0_0_0_1_0_0_0_1_0_0_0_1_1_1_0_1_1,1,3.3333333333333337e-6,4.714045207910317e-6,0.28415300546448086,230.0
0_0_0_1_1_0_0_1_1_1_0_1_0_0_1_1_1_1_1_0_1_0_0_0_1_0_1_0_1_0_0_0_1_0_0_0_1_1_1_1_1_1,1,3.3333333333333337e-6,4.714045207910317e-6,0.3114754098360656,290.0
1_1_1_1_1_0_0_1_1_1_1_1_1_1_1_1_1_1_1_0_1_1_1_1_1_1_1_0_0_1_0_0_1_1_1_1_1_1_1_0_0_1,0,3.3333333333333337e-6,4.714045207910317e-6,0.16939890710382513,1001.0
1_1_0_1_1_0_0_1_1_1_1_0_0_0_1_0_0_1_1_1_1_0_1_1_1_0_1_0_0_1_0_0_1_0_0_1_1_1_0_1_0_1,1,3.3333333333333337e-6,4.714045207910317e-6,0.31693989071038253,160.0
0_0_1_0_0_1_1_0_0_0_0_1_1_1_0_1_1_0_0_0_0_1_0_0_0_1_0_1_1_0_1_1_0_1_0_0_0_0_1_0_1_0,1,3.3333333333333337e-6,4.714045207910317e-6,0.32786885245901637,110.0
1_1_1_1_1_0_0_1_1_1_1_1_1_1_1_0_0_1_1_1_0_1_1_1_1_1_0_1_0_1_0_0_1_0_1_1_1_1_0_1_1_0,1,3.3333333333333337e-6,4.714045207910317e-6,0.2677595628415301,210.0
0_1_1_0_0_1_0_0_0_0_0_0_0_1_0_1_0_1_1_1_1_0_0_0_0_0_1_0_0_0_1_1_0_0_0_0_0_1_0_1_1_0,1,3.3333333333333337e-6,4.714045207910317e-6,0.3224043715846995,60.0
1_1_1_1_1_0_0_1_1_1_1_0_0_1_1_1_1_1_1_0_1_0_1_1_1_0_1_0_0_1_0_0_0_1_1_1_1_1_1_1_1_1,0,3.3333333333333337e-6,4.714045207910317e-6,0.24043715846994534,1001.0
0_0_1_0_0_1_1_1_0_0_0_1_1_1_0_1_1_0_0_0_0_1_0_0_0_1_1_1_1_0_1_0_1_1_1_0_0_1_1_0_1_1,1,3.3333333333333337e-6,4.714045207910317e-6,0.3551912568306011,320.0
1_0_0_0_0_1_1_0_0_0_1_0_0_0_0_1_1_1_1_0_1_1_1_0_0_1_0_1_1_1_1_1_0_1_1_1_0_0_1_1_0_1,0,3.3333333333333337e-6,4.714045207910317e-6,0.22950819672131148,1001.0
1_0_0_0_0_1_1_0_0_0_1_0_0_0_0_1_0_0_0_1_0_0_0_0_0_1_0_1_1_0_1_1_0_0_0_0_0_0_0_1_0_0,0,3.3333333333333337e-6,4.714045207910317e-6,0.12021857923497267,1001.0
1_1_0_0_0_1_1_1_0_0_1_1_0_1_0_0_0_1_1_1_0_1_1_1_0_1_1_1_0_1_1_0_1_1_1_1_0_1_0_1_1_0,1,3.3333333333333337e-6,4.714045207910317e-6,0.3333333333333333,210.0
0_1_1_0_0_1_1_0_0_0_0_1_1_1_0_1_1_0_0_0_0_1_0_0_0_0_0_0_1_0_1_1_0_1_0_0_0_0_1_0_1_0,1,3.3333333333333337e-6,4.714045207910317e-6,0.31693989071038253,540.0
1_1_1_1_1_0_0_1_1_1_1_1_1_0_1_0_0_1_1_1_1_0_1_1_1_0_0_0_0_1_0_0_1_0_1_1_1_1_0_1_0_0,1,3.3333333333333337e-6,4.714045207910317e-6,0.2786885245901639,180.0
1_1_1_0_0_1_1_0_0_0_1_0_0_1_0_0_0_1_0_1_0_1_1_1_0_1_1_1_0_1_1_1_0_1_1_1_0_0_0_1_0_0,1,3.3333333333333337e-6,4.714045207910317e-6,0.28415300546448086,90.0
1_0_1_1_1_0_0_1_1_1_1_1_1_1_1_0_0_1_1_1_1_0_1_1_1_1_0_1_0_1_0_0_1_0_1_1_1_1_0_1_0_1,1,3.3333333333333337e-6,4.714045207910317e-6,0.26229508196721313,70.0
1_1_1_1_1_0_0_1_1_1_1_1_1_0_1_0_0_1_1_1_0_1_1_1_1_0_0_0_0_1_0_0_0_0_0_1_1_1_0_1_1_0,1,3.3333333333333337e-6,4.714045207910317e-6,0.28415300546448086,110.0
0_0_0_0_0_1_1_0_0_0_0_0_0_0_0_1_1_1_1_0_1_1_1_0_0_1_0_1_1_1_1_1_0_1_1_1_0_0_1_0_0_1,0,3.3333333333333337e-6,4.714045207910317e-6,0.20765027322404372,1001.0
1_1_0_0_0_1_1_1_0_0_1_1_0_1_0_0_0_1_0_1_0_1_1_1_0_0_1_0_0_1_1_0_1_0_0_1_0_1_0_1_1_0,1,3.3333333333333337e-6,4.714045207910317e-6,0.3442622950819672,160.0
1_1_0_1_1_0_0_1_1_1_1_0_1_0_1_0_0_1_1_1_1_0_1_1_1_1_0_1_0_1_0_0_0_0_1_1_1_0_0_1_0_0,1,3.3333333333333337e-6,4.714045207910317e-6,0.3114754098360656,100.0
0_0_1_1_1_0_0_1_1_1_0_1_1_1_1_1_1_0_1_0_1_0_0_0_1_1_1_1_1_0_0_0_1_1_1_0_1_0_1_0_0_1,1,3.3333333333333337e-6,4.714045207910317e-6,0.2786885245901639,150.0
0_0_0_1_1_0_0_1_1_1_0_1_0_0_1_1_1_0_1_1_1_0_1_0_1_1_1_1_0_1_0_0_1_1_1_0_1_1_0_0_0_1,1,3.3333333333333337e-6,4.714045207910317e-6,0.3114754098360656,200.0
1_1_1_1_1_0_0_1_1_1_1_0_1_1_1_0_0_1_1_1_1_0_1_1_1_0_0_0_0_1_0_0_0_0_1_1_1_1_0_1_0_0,1,3.3333333333333337e-6,4.714045207910317e-6,0.2786885245901639,200.0
1_0_0_1_1_0_0_1_1_1_1_0_0_0_1_0_0_1_1_1_1_0_1_1_1_1_0_1_0_1_0_0_1_0_1_1_1_1_0_1_0_1,1,3.3333333333333337e-6,4.714045207910317e-6,0.3114754098360656,360.0
0_0_1_1_1_0_0_1_1_1_0_1_0_1_1_0_0_0_0_1_0_0_0_0_1_1_1_1_1_0_0_1_1_0_0_0_1_1_0_1_0_0,0,3.3333333333333337e-6,4.714045207910317e-6,0.26229508196721313,1001.0
0_1_0_0_0_1_1_0_0_0_0_1_0_0_0_0_0_1_1_1_1_0_0_1_0_0_0_0_0_0_1_0_1_0_0_0_0_1_0_0_1_0,0,3.3333333333333337e-6,4.714045207910317e-6,0.3005464480874317,1001.0
1_0_0_0_0_1_1_0_0_0_1_0_0_0_0_1_1_1_1_0_1_1_1_0_0_1_1_1_1_1_1_1_0_1_1_1_0_0_1_1_0_1,0,3.3333333333333337e-6,4.714045207910317e-6,0.23497267759562843,1001.0
1_1_0_1_1_0_0_1_1_1_1_1_1_0_1_0_0_1_0_1_0_1_1_1_1_1_0_1_0_1_0_0_1_0_1_1_1_1_0_1_1_0,1,3.3333333333333337e-6,4.714045207910317e-6,0.2896174863387978,110.0
0_1_0_1_1_0_0_1_1_1_0_0_0_1_1_0_0_1_1_1_1_0_0_1_1_0_1_0_0_0_0_0_1_0_0_0_1_1_0_0_1_0,0,3.3333333333333337e-6,4.714045207910317e-6,0.273224043715847,1001.0
0_1_0_0_0_1_1_0_0_0_0_0_0_1_0_1_0_0_1_1_1_0_0_0_0_0_1_0_0_0_1_1_0_0_0_0_0_1_0_1_1_0,1,3.3333333333333337e-6,4.714045207910317e-6,0.2786885245901639,90.0
1_1_0_0_0_1_1_0_0_0_1_0_0_0_0_1_1_1_1_0_1_1_1_1_0_1_1_0_0_1_1_0_0_1_1_1_0_1_1_0_1_1,0,3.3333333333333337e-6,4.714045207910317e-6,0.22404371584699453,1001.0
1_1_1_1_1_0_0_1_1_1_1_0_1_1_1_1_1_1_1_0_1_1_1_1_1_1_0_1_0_1_0_0_0_1_1_1_1_0_1_0_1_1,0,3.3333333333333337e-6,4.714045207910317e-6,0.1912568306010929,1001.0
0_0_0_1_1_0_0_1_1_1_0_1_0_0_1_1_1_0_1_0_1_0_0_0_1_0_1_0_1_0_0_0_1_0_0_0_1_1_1_1_1_1,1,3.3333333333333337e-6,4.714045207910317e-6,0.3114754098360656,130.0
0_0_1_0_0_1_1_1_0_0_0_1_1_1_0_1_1_0_0_0_0_1_0_0_0_0_1_0_1_0_1_0_1_1_0_0_0_1_1_0_1_1,1,3.3333333333333337e-6,4.714045207910317e-6,0.3551912568306011,230.0
0_0_0_1_1_0_0_1_1_1_0_1_1_0_1_1_1_0_0_0_1_0_0_0_1_0_0_0_1_0_0_0_1_0_0_0_1_1_1_0_1_1,1,3.3333333333333337e-6,4.714045207910317e-6,0.2896174863387978,220.0
0_0_1_0_0_1_1_0_0_0_0_0_0_1_0_1_1_1_1_0_0_1_0_0_0_1_1_1_1_0_1_1_0_0_0_0_0_0_1_1_1_0,1,3.3333333333333337e-6,4.714045207910317e-6,0.28415300546448086,160.0
0_1_1_1_1_0_0_1_1_1_0_1_1_0_1_1_1_1_0_0_0_1_0_0_1_0_0_0_1_0_0_0_0_0_0_0_1_1_1_0_1_0,1,3.3333333333333337e-6,4.714045207910317e-6,0.3005464480874317,190.0
0_0_1_1_1_0_0_1_1_1_0_1_1_1_1_0_0_0_0_1_0_0_0_0_1_0_1_1_1_0_0_0_1_0_0_0_1_1_0_1_1_0,0,3.3333333333333337e-6,4.714045207910317e-6,0.19672131147540983,1001.0
1_1_1_1_1_0_0_1_1_1_1_1_1_0_1_0_0_0_0_1_1_0_1_1_1_0_0_0_0_1_0_0_1_1_1_1_1_1_0_0_0_1,1,3.3333333333333337e-6,4.714045207910317e-6,0.273224043715847,530.0
1_1_0_1_1_0_0_0_1_1_1_0_0_0_1_0_0_1_1_1_0_1_1_1_1_1_0_1_0_1_0_1_0_0_1_1_1_1_0_1_1_0,1,3.3333333333333337e-6,4.714045207910317e-6,0.366120218579235,440.0
0_0_0_0_0_1_1_0_0_0_0_1_0_0_0_1_1_0_0_0_0_1_0_0_0_1_1_1_1_0_1_1_1_1_1_0_0_0_1_0_1_1,1,3.3333333333333337e-6,4.714045207910317e-6,0.2677595628415301,170.0
1_1_0_0_0_1_1_0_0_0_1_0_0_0_0_0_0_1_1_1_1_0_1_1_0_0_0_0_0_1_1_1_0_0_0_1_0_0_0_1_0_0,1,3.3333333333333337e-6,4.714045207910317e-6,0.28415300546448086,140.0
0_0_0_0_0_1_1_0_0_0_0_0_0_0_0_1_1_0_0_0_0_1_0_0_0_1_1_1_1_0_1_1_0_1_1_0_0_0_1_0_1_0,1,3.3333333333333337e-6,4.714045207910317e-6,0.26229508196721313,180.0
1_1_0_0_0_1_1_0_0_0_1_0_0_1_0_0_0_1_1_1_0_1_1_1_0_1_1_1_0_1_1_1_0_0_1_1_0_1_0_1_1_0,1,3.3333333333333337e-6,4.714045207910317e-6,0.31693989071038253,230.0
1_0_1_0_0_1_1_0_0_0_1_1_1_1_1_1_1_0_0_0_0_1_1_0_0_1_0_1_1_1_1_1_0_1_1_1_0_0_1_1_0_1,0,3.3333333333333337e-6,4.714045207910317e-6,0.2677595628415301,1001.0
0_1_0_1_1_0_0_1_1_1_0_0_0_0_0_0_0_1_1_1_1_0_0_1_0_0_0_0_0_0_1_0_1_0_0_0_0_1_0_0_1_0,0,3.3333333333333337e-6,4.714045207910317e-6,0.2677595628415301,1001.0
1_1_0_0_0_1_1_0_0_0_1_0_0_0_0_1_1_1_1_0_1_1_1_1_0_0_1_0_0_1_1_1_0_1_1_1_0_1_1_0_1_1,0,3.3333333333333337e-6,4.714045207910317e-6,0.18032786885245902,1001.0
0_0_1_1_1_0_0_1_1_1_0_1_1_1_1_0_0_0_0_1_1_0_0_0_1_0_0_0_1_0_0_0_1_0_0_0_1_1_0_0_0_1,0,3.3333333333333337e-6,4.714045207910317e-6,0.2185792349726776,1001.0
1_1_1_1_1_0_0_1_1_1_1_1_1_1_1_0_0_0_0_1_0_0_0_1_1_0_0_0_0_0_0_0_1_0_0_0_1_1_0_1_1_0,0,3.3333333333333337e-6,4.714045207910317e-6,0.21311475409836064,1001.0
0_1_1_1_1_0_0_1_1_1_0_1_1_1_1_0_0_0_0_1_0_0_0_1_1_0_1_0_0_0_0_0_1_0_0_0_1_1_0_0_1_0,0,3.3333333333333337e-6,4.714045207910317e-6,0.22950819672131148,1001.0
0_0_1_1_1_0_0_1_1_1_0_1_1_1_1_1_1_0_0_0_0_1_0_0_1_1_1_1_1_0_0_0_1_1_1_0_1_1_1_0_1_1,1,3.3333333333333337e-6,4.714045207910317e-6,0.28415300546448086,230.0
0_0_0_0_0_1_1_0_0_0_0_1_0_0_0_0_0_0_0_1_1_0_0_0_0_0_0_0_1_0_1_0_1_0_0_0_0_1_0_1_0_0,0,3.3333333333333337e-6,4.714045207910317e-6,0.2896174863387978,1001.0
0_0_0_0_0_1_1_0_0_0_0_1_0_0_0_0_0_0_0_1_0_0_0_0_0_1_0_1_1_0_1_1_1_0_0_0_0_1_0_1_0_0,0,3.3333333333333337e-6,4.714045207910317e-6,0.18579234972677597,1001.0
1_1_0_1_1_0_0_0_1_1_1_0_0_0_1_0_0_1_0_1_0_1_1_1_1_1_0_1_0_1_0_1_0_0_1_1_1_1_0_1_1_0,1,3.3333333333333337e-6,4.714045207910317e-6,0.36065573770491804,180.0
1_1_1_1_1_0_0_1_1_1_1_1_1_1_1_0_0_0_0_0_0_1_0_1_0_0_1_0_1_0_0_0_1_0_0_1_1_1_1_1_1_0,0,3.3333333333333337e-6,4.714045207910317e-6,0.23497267759562843,1001.0
0_0_1_1_1_0_0_1_1_1_0_1_1_1_1_1_1_0_1_0_1_0_0_0_1_1_0_1_1_0_0_0_1_1_1_0_1_0_1_0_0_1,1,3.3333333333333337e-6,4.714045207910317e-6,0.28415300546448086,240.0
1_1_1_1_1_0_0_1_1_1_1_1_1_1_1_0_0_1_1_1_0_1_1_1_1_1_1_1_0_1_0_0_0_0_1_1_1_1_0_1_1_0,1,3.3333333333333337e-6,4.714045207910317e-6,0.273224043715847,260.0
1_1_1_1_1_0_0_0_1_1_1_0_1_0_1_0_0_1_1_0_0_1_0_1_1_0_0_0_1_0_0_1_0_0_0_1_1_0_1_1_1_0,1,3.3333333333333337e-6,4.714045207910317e-6,0.33879781420765026,320.0
1_1_0_0_0_1_1_0_0_0_1_0_0_0_0_0_0_1_0_1_0_1_1_1_0_0_1_0_0_1_1_1_0_0_0_1_0_1_0_1_1_0,1,3.3333333333333337e-6,4.714045207910317e-6,0.28415300546448086,170.0
0_0_0_0_0_1_1_0_0_0_0_1_0_0_0_0_0_1_0_1_0_0_0_0_0_1_1_1_1_0_1_1_1_0_0_0_0_0_0_1_0_0,0,3.3333333333333337e-6,4.714045207910317e-6,0.17486338797814208,1001.0
1_1_1_1_1_0_0_1_1_1_1_1_1_0_1_0_0_1_1_1_1_0_1_1_1_0_0_0_0_1_0_0_1_0_0_1_1_1_0_1_0_1,1,3.3333333333333337e-6,4.714045207910317e-6,0.2786885245901639,60.0
1_1_1_1_1_0_0_1_1_1_1_1_1_1_1_0_0_1_1_1_0_1_1_1_1_0_0_0_0_1_0_0_1_0_0_1_1_1_0_1_1_0,1,3.3333333333333337e-6,4.714045207910317e-6,0.2568306010928962,270.0
1_0_0_0_0_1_1_0_0_0_1_0_0_0_0_1_1_1_1_0_0_1_1_0_0_1_1_1_1_1_1_1_0_1_1_1_0_0_1_1_0_1,0,3.3333333333333337e-6,4.714045207910317e-6,0.2185792349726776,1001.0
1_1_1_1_1_0_0_1_1_1_1_0_0_1_1_0_1_1_1_0_1_1_1_1_1_0_1_0_0_1_0_0_1_1_1_1_1_1_1_0_1_1,0,3.3333333333333337e-6,4.714045207910317e-6,0.20218579234972678,1001.0
0_0_0_0_0_1_1_0_0_0_0_1_0_0_1_0_0_0_0_1_0_0_0_0_0_1_0_1_1_0_1_1_1_0_0_0_0_0_0_1_0_0,0,3.3333333333333337e-6,4.714045207910317e-6,0.16939890710382513,1001.0
0_0_1_0_0_1_1_0_0_0_0_1_0_1_0_1_1_0_0_0_0_1_0_0_0_0_1_0_1_0_1_1_1_1_0_0_0_1_1_0_1_1,1,3.3333333333333337e-6,4.714045207910317e-6,0.3114754098360656,170.0
1_1_1_1_1_0_0_1_1_1_1_1_1_1_1_0_0_1_1_1_0_1_1_1_1_0_0_0_0_1_0_0_0_0_0_1_1_1_0_1_1_0,1,3.3333333333333337e-6,4.714045207910317e-6,0.2677595628415301,230.0
1_0_1_0_0_1_1_0_0_0_1_1_1_0_1_1_1_0_0_0_0_1_1_0_0_1_0_1_1_1_1_1_0_1_1_1_0_0_1_1_0_1,0,3.3333333333333337e-6,4.714045207910317e-6,0.273224043715847,1001.0
0_0_0_0_0_1_1_0_0_0_0_0_0_0_0_1_1_0_0_0_1_0_0_0_0_0_0_0_1_0_1_1_1_1_0_0_0_0_1_0_0_1,1,3.3333333333333337e-6,4.714045207910317e-6,0.273224043715847,140.0
1_1_1_0_0_1_0_0_0_0_1_0_1_1_0_0_0_1_1_0_0_1_0_1_0_0_0_0_1_0_1_1_0_0_0_1_0_0_1_1_1_0,1,3.3333333333333337e-6,4.714045207910317e-6,0.34972677595628415,360.0
0_1_0_0_0_1_1_0_0_0_0_1_0_0_0_1_1_1_1_0_0_1_0_0_0_0_1_0_1_0_1_1_0_0_0_0_0_1_1_1_1_0,1,3.3333333333333337e-6,4.714045207910317e-6,0.2896174863387978,490.0
0_0_1_1_1_0_0_1_1_1_0_1_1_1_1_1_1_0_0_0_1_0_0_0_1_0_0_0_1_0_0_0_1_0_0_0_1_1_1_0_1_1,1,3.3333333333333337e-6,4.714045207910317e-6,0.26229508196721313,120.0
1_0_1_0_0_1_1_0_0_0_1_1_1_0_0_1_1_0_0_0_0_1_1_0_0_1_0_1_1_1_1_1_0_1_1_1_0_0_1_1_0_1,0,3.3333333333333337e-6,4.714045207910317e-6,0.273224043715847,1001.0
1_1_0_0_0_1_1_0_0_0_1_1_0_0_0_1_0_0_0_1_0_0_0_1_0_0_0_0_0_0_1_0_1_0_0_1_0_1_1_1_1_0,0,3.3333333333333337e-6,4.714045207910317e-6,0.3005464480874317,1001.0
0_0_1_1_1_0_0_1_1_1_0_0_1_1_1_1_0_0_0_1_1_0_0_0_1_1_0_1_0_0_0_0_0_0_0_0_1_0_0_0_0_1,0,3.3333333333333337e-6,4.714045207910317e-6,0.22404371584699453,1001.0
1_1_1_0_0_1_1_0_0_0_1_0_0_1_0_0_0_1_1_1_1_0_1_1_0_0_1_0_0_1_1_1_0_0_0_1_0_0_0_1_0_0,1,3.3333333333333337e-6,4.714045207910317e-6,0.31693989071038253,120.0
1_1_0_0_0_1_1_0_0_0_1_0_0_0_0_1_1_1_1_0_1_1_1_1_0_1_0_1_0_1_1_1_0_1_1_1_0_0_1_0_1_1,0,3.3333333333333337e-6,4.714045207910317e-6,0.18032786885245902,1001.0
0_1_0_0_0_1_1_0_0_0_0_0_0_0_0_1_1_0_0_0_0_1_0_0_0_0_0_0_1_0_1_1_0_1_0_0_0_0_1_0_1_0,1,3.3333333333333337e-6,4.714045207910317e-6,0.2568306010928962,300.0
1_1_1_1_1_0_0_1_1_1_1_0_1_1_1_1_1_1_1_0_1_1_1_1_1_0_1_0_0_1_1_0_0_1_1_1_1_1_1_0_1_1,0,3.3333333333333337e-6,4.714045207910317e-6,0.16393442622950818,1001.0
1_1_0_0_0_1_1_0_0_0_1_0_0_0_0_1_1_1_1_0_1_1_1_1_0_0_1_0_0_1_1_0_0_1_1_1_0_1_1_0_0_1,0,3.3333333333333337e-6,4.714045207910317e-6,0.24043715846994534,1001.0
1_1_0_1_1_0_0_1_1_1_1_1_0_0_1_0_0_1_0_1_0_1_1_1_1_1_0_1_0_1_0_0_1_0_1_1_1_1_0_1_1_0,1,3.3333333333333337e-6,4.714045207910317e-6,0.30601092896174864,370.0
0_0_1_0_0_1_1_0_0_0_0_0_1_1_0_1_1_0_1_0_1_0_0_0_0_1_0_1_1_0_1_1_0_1_1_0_0_0_1_0_0_1,1,3.3333333333333337e-6,4.714045207910317e-6,0.3005464480874317,220.0
1_1_0_0_0_1_1_0_0_0_1_0_0_0_0_0_0_1_1_1_1_0_1_1_0_0_1_0_0_1_1_1_0_0_0_1_0_0_0_1_0_0,1,3.3333333333333337e-6,4.714045207910317e-6,0.2896174863387978,270.0
0_0_1_1_1_0_0_1_1_1_0_1_1_1_1_1_1_0_0_0_1_0_0_0_1_0_1_0_1_0_0_0_1_0_0_0_1_1_1_0_1_1,1,3.3333333333333337e-6,4.714045207910317e-6,0.2568306010928962,170.0
0_0_0_0_0_1_1_0_0_0_0_0_0_0_0_1_0_1_0_1_0_0_0_0_0_1_1_1_1_0_1_1_0_0_0_0_0_0_0_1_0_0,0,3.3333333333333337e-6,4.714045207910317e-6,0.16393442622950818,1001.0
1_1_0_0_0_1_1_0_0_0_1_0_0_0_0_0_0_1_1_1_1_0_1_1_0_1_0_1_0_1_1_1_0_0_1_1_0_0_0_1_0_0,1,3.3333333333333337e-6,4.714045207910317e-6,0.28415300546448086,140.0
0_1_0_1_1_0_0_1_1_1_0_0_0_1_0_0_0_1_1_1_1_0_0_1_0_0_1_0_0_0_0_0_1_0_0_0_1_1_0_0_1_0,0,3.3333333333333337e-6,4.714045207910317e-6,0.2786885245901639,1001.0
1_1_0_0_0_1_1_0_0_0_1_1_0_0_0_0_0_1_1_1_0_1_1_1_0_0_1_0_0_1_1_0_1_0_0_1_0_1_0_1_1_0,1,3.3333333333333337e-6,4.714045207910317e-6,0.32786885245901637,190.0
0_0_0_0_0_1_1_0_0_0_0_0_0_1_0_1_1_0_1_0_1_0_0_0_0_0_1_0_1_0_1_1_0_1_0_0_0_0_1_0_0_1,1,3.3333333333333337e-6,4.714045207910317e-6,0.2786885245901639,290.0
1_1_1_1_1_0_0_1_1_1_1_1_1_0_1_0_0_1_1_1_0_1_1_1_1_0_0_0_0_1_0_0_1_0_0_1_1_1_0_1_1_0,1,3.3333333333333337e-6,4.714045207910317e-6,0.273224043715847,250.0
1_0_0_1_1_0_1_1_1_1_1_1_1_0_1_0_1_1_0_0_0_1_1_1_1_1_0_1_1_1_0_0_1_1_1_1_1_0_1_0_0_1,1,3.3333333333333337e-6,4.714045207910317e-6,0.3224043715846995,130.0
1_1_0_1_1_0_0_1_1_1_1_1_1_0_1_0_0_0_0_1_1_0_1_1_1_0_0_0_0_1_0_0_1_1_1_1_1_1_0_0_0_1,1,3.3333333333333337e-6,4.714045207910317e-6,0.28415300546448086,310.0
0_0_1_1_1_0_0_1_1_1_0_1_1_1_1_1_1_0_0_0_0_1_0_0_1_0_1_0_1_0_0_0_1_1_0_0_1_1_1_0_1_1,1,3.3333333333333337e-6,4.714045207910317e-6,0.28415300546448086,140.0
1_1_0_0_0_1_1_0_0_0_1_0_0_0_0_1_1_1_1_0_1_1_1_1_0_1_0_1_0_1_1_0_0_1_1_1_0_1_1_0_1_1,0,3.3333333333333337e-6,4.714045207910317e-6,0.2185792349726776,1001.0
1_1_1_1_1_0_0_0_1_1_1_0_1_1_1_1_1_1_1_0_1_1_1_1_1_0_1_0_0_1_0_0_0_1_1_1_1_1_1_0_1_1,0,3.3333333333333337e-6,4.714045207910317e-6,0.17486338797814208,1001.0
0_0_0_0_0_1_1_0_0_0_0_0_0_1_0_1_1_1_1_0_0_1_0_0_0_1_1_1_1_0_1_1_0_0_0_0_0_0_1_1_1_0,1,3.3333333333333337e-6,4.714045207910317e-6,0.273224043715847,200.0
0_1_0_0_0_1_1_0_0_0_0_1_0_1_0_1_1_0_0_0_0_1_0_0_0_0_1_0_1_0_1_1_0_0_0_0_0_1_1_1_1_0,1,3.3333333333333337e-6,4.714045207910317e-6,0.2896174863387978,100.0
0_1_1_1_1_0_0_1_1_1_0_1_1_1_1_0_0_0_0_1_0_0_0_1_1_0_0_0_0_0_0_0_1_0_0_0_1_1_0_0_1_0,0,3.3333333333333337e-6,4.714045207910317e-6,0.23497267759562843,1001.0
1_1_1_1_1_0_0_1_1_1_1_1_1_1_1_1_1_1_1_0_1_1_1_0_1_1_0_0_0_1_0_0_1_1_1_1_1_1_1_0_1_1,0,3.3333333333333337e-6,4.714045207910317e-6,0.22950819672131148,1001.0
0_0_0_0_0_1_1_0_0_0_0_0_0_0_0_1_1_0_0_0_1_0_0_0_0_0_0_0_1_0_1_1_0_1_0_0_0_0_1_0_0_1,1,3.3333333333333337e-6,4.714045207910317e-6,0.26229508196721313,120.0
1_1_0_0_0_1_1_0_0_0_1_0_0_0_0_0_0_1_1_1_1_0_1_1_0_0_1_0_0_1_1_0_1_1_1_1_0_1_0_1_0_1,1,3.3333333333333337e-6,4.714045207910317e-6,0.3224043715846995,180.0
0_0_1_0_0_1_1_0_0_0_0_0_0_1_0_1_1_0_0_0_1_0_0_0_0_1_1_1_1_0_1_1_0_1_1_0_0_0_1_0_0_1,1,3.3333333333333337e-6,4.714045207910317e-6,0.28415300546448086,280.0
0_0_0_0_0_1_1_0_0_0_0_0_0_0_0_0_0_1_0_1_0_0_0_1_0_1_0_1_1_0_1_1_1_0_0_0_0_0_0_1_0_0,0,3.3333333333333337e-6,4.714045207910317e-6,0.23497267759562843,1001.0
0_0_1_1_1_0_0_1_1_1_0_0_1_1_1_1_1_0_0_0_1_0_0_0_1_0_0_0_1_0_0_1_0_1_0_0_1_0_1_0_0_1,1,3.3333333333333337e-6,4.714045207910317e-6,0.33879781420765026,300.0
0_0_0_0_0_1_1_0_0_0_0_1_0_0_0_0_0_0_0_1_0_0_0_0_0_1_0_1_1_0_0_1_1_0_0_0_0_0_0_1_0_0,0,3.3333333333333337e-6,4.714045207910317e-6,0.16393442622950818,1001.0
1_1_0_1_1_0_0_1_1_1_1_0_0_0_1_0_0_1_1_1_1_0_1_1_1_0_1_0_0_1_0_0_0_0_0_1_1_1_0_1_0_0,1,3.3333333333333337e-6,4.714045207910317e-6,0.30601092896174864,90.0
0_0_0_1_1_0_1_1_1_1_0_1_0_0_1_1_1_0_1_1_1_0_1_0_1_1_1_1_0_1_0_0_1_1_1_0_1_1_0_0_0_1,1,3.3333333333333337e-6,4.714045207910317e-6,0.3442622950819672,200.0
1_0_0_1_1_0_0_1_1_1_1_1_1_0_1_0_1_1_0_0_0_1_1_1_1_1_0_1_1_1_0_0_1_1_1_1_1_0_1_0_0_1,1,3.3333333333333337e-6,4.714045207910317e-6,0.2896174863387978,160.0
1_1_1_1_1_0_0_1_1_1_0_0_1_1_1_1_1_0_1_0_1_0_0_1_1_0_1_0_0_1_0_0_0_1_0_1_1_1_1_0_1_1,0,3.3333333333333337e-6,4.714045207910317e-6,0.20218579234972678,1001.0
0_0_0_0_0_1_1_0_0_0_0_1_1_0_1_0_0_0_0_1_0_0_0_0_0_1_0_1_1_0_0_1_1_0_0_0_1_0_0_1_0_0,0,3.3333333333333337e-6,4.714045207910317e-6,0.19672131147540983,1001.0
1_1_1_1_1_0_0_1_1_1_1_0_1_1_0_1_1_1_1_0_1_1_1_1_1_0_1_0_0_1_0_0_0_1_1_1_1_1_1_0_1_1,0,3.3333333333333337e-6,4.714045207910317e-6,0.16939890710382513,1001.0
1_1_1_0_0_1_0_0_0_0_1_0_1_1_0_0_0_1_0_0_0_1_0_1_0_0_0_0_1_0_1_1_0_0_0_1_0_0_1_1_1_0,1,3.3333333333333337e-6,4.714045207910317e-6,0.3442622950819672,230.0
1_0_0_0_0_1_1_0_0_0_1_1_1_0_1_1_0_0_0_1_0_0_0_0_0_1_0_1_1_0_1_1_0_0_0_1_0_0_0_1_0_0,0,3.3333333333333337e-6,4.714045207910317e-6,0.18579234972677597,1001.0
1_1_1_1_1_0_0_1_1_1_1_1_1_0_1_0_0_1_0_1_0_1_1_1_1_0_0_0_0_1_0_0_0_0_0_1_1_1_0_1_1_0,1,3.3333333333333337e-6,4.714045207910317e-6,0.2786885245901639,130.0
1_0_1_1_0_1_1_1_0_0_1_1_1_1_1_1_1_0_0_0_0_1_1_0_1_1_0_1_1_1_0_1_0_1_1_1_1_0_1_1_0_1,0,3.3333333333333337e-6,4.714045207910317e-6,0.3005464480874317,1001.0
0_0_0_0_0_1_1_0_0_0_0_0_0_0_0_1_1_0_0_0_0_1_0_0_0_1_1_1_1_0_1_1_0_1_0_0_0_0_1_0_1_1,1,3.3333333333333337e-6,4.714045207910317e-6,0.26229508196721313,170.0
0_0_1_0_0_1_1_0_0_0_0_1_1_1_0_1_1_0_0_0_0_1_0_0_0_1_1_1_1_0_1_1_0_1_0_0_0_0_1_0_1_0,1,3.3333333333333337e-6,4.714045207910317e-6,0.3224043715846995,340.0
0_0_1_1_1_0_0_0_1_1_0_0_1_0_1_1_1_0_1_0_1_0_0_0_1_0_0_0_1_0_0_1_0_1_0_0_1_0_1_0_0_1,1,3.3333333333333337e-6,4.714045207910317e-6,0.3551912568306011,500.0
0_0_0_0_0_1_1_0_0_0_0_0_0_0_0_1_1_0_0_0_1_0_0_0_0_1_0_1_1_0_1_1_1_1_1_0_0_0_1_0_0_1,1,3.3333333333333337e-6,4.714045207910317e-6,0.26229508196721313,190.0
1_0_1_0_0_1_1_0_0_0_1_0_0_1_0_0_1_1_1_0_0_1_1_1_0_1_1_1_1_1_1_1_1_1_1_1_0_0_1_1_0_1,1,3.3333333333333337e-6,4.714045207910317e-6,0.2677595628415301,180.0
1_1_1_1_1_0_0_0_1_1_1_0_1_0_1_0_0_0_0_1_0_1_1_1_1_1_0_1_0_1_0_1_0_1_1_1_1_0_0_0_0_0,1,3.3333333333333337e-6,4.714045207910317e-6,0.3551912568306011,240.0
1_1_0_0_0_1_1_0_0_0_1_0_0_0_0_0_1_1_1_0_1_1_1_1_0_0_0_0_0_1_1_1_0_1_1_1_0_0_1_0_0_1,0,3.3333333333333337e-6,4.714045207910317e-6,0.20218579234972678,1001.0
1_1_0_1_1_0_0_1_1_1_1_0_0_0_1_0_1_1_1_0_1_1_1_1_1_0_0_0_0_1_0_0_1_1_1_1_1_1_1_0_0_1,0,3.3333333333333337e-6,4.714045207910317e-6,0.22950819672131148,1001.0
1_1_0_0_0_1_1_0_0_0_1_0_0_0_0_0_0_1_1_1_0_1_1_1_0_0_0_0_0_1_1_1_0_0_0_1_0_1_0_1_1_0,1,3.3333333333333337e-6,4.714045207910317e-6,0.28415300546448086,190.0
1_0_0_0_0_1_1_0_0_0_1_1_1_0_0_0_0_0_0_1_0_0_0_0_0_1_0_1_1_0_1_1_1_0_0_1_0_0_0_1_0_0,0,3.3333333333333337e-6,4.714045207910317e-6,0.18032786885245902,1001.0
0_0_1_0_0_1_1_0_0_0_0_1_1_1_0_1_1_0_0_0_0_1_0_0_0_1_0_1_1_0_1_1_0_1_0_0_0_0_1_0_1_1,1,3.3333333333333337e-6,4.714045207910317e-6,0.31693989071038253,220.0
0_1_1_0_0_1_1_0_0_0_0_0_0_1_0_1_1_0_0_0_0_1_0_0_0_1_1_1_1_0_1_1_0_1_1_0_0_0_1_0_1_0,1,3.3333333333333337e-6,4.714045207910317e-6,0.2896174863387978,120.0
1_0_0_1_1_0_0_1_1_1_1_0_1_0_1_0_0_0_1_1_1_0_1_1_1_1_0_1_0_1_0_0_1_1_1_1_1_0_0_0_0_1,1,3.3333333333333337e-6,4.714045207910317e-6,0.3114754098360656,120.0
0_1_1_0_0_1_1_0_0_0_0_0_0_1_0_1_0_0_1_1_1_0_0_0_0_0_1_0_0_0_1_1_0_0_0_0_0_1_0_1_1_0,1,3.3333333333333337e-6,4.714045207910317e-6,0.2896174863387978,260.0
1_0_0_0_0_1_1_0_0_0_1_0_0_0_0_0_1_1_1_0_1_1_1_1_0_1_1_0_0_1_1_0_1_1_1_1_0_1_1_0_0_1,0,3.3333333333333337e-6,4.714045207910317e-6,0.2677595628415301,1001.0
1_1_0_1_1_0_0_1_1_1_1_0_0_0_1_0_1_0_1_0_1_0_0_1_1_0_1_0_0_0_0_0_1_0_0_1_1_1_1_1_1_0,1,3.3333333333333337e-6,4.714045207910317e-6,0.2896174863387978,370.0
1_0_0_1_1_0_0_1_1_1_1_0_0_0_1_0_0_1_1_1_1_0_1_1_1_0_1_0_0_1_0_0_1_0_0_1_1_1_0_1_0_1,1,3.3333333333333337e-6,4.714045207910317e-6,0.31693989071038253,140.0
0_0_0_0_0_1_1_0_0_0_0_1_1_0_1_0_0_0_0_1_0_0_0_0_0_1_0_1_1_0_1_1_1_0_0_0_0_0_0_1_0_0,0,3.3333333333333337e-6,4.714045207910317e-6,0.19672131147540983,1001.0
0_0_0_1_1_0_1_1_1_1_0_1_0_0_1_1_1_0_1_1_1_0_1_0_1_1_0_1_0_1_0_0_1_1_1_0_1_1_0_0_0_1,1,3.3333333333333337e-6,4.714045207910317e-6,0.33879781420765026,90.0
1_1_1_1_1_0_0_1_1_1_1_0_1_1_1_0_0_1_1_1_1_0_1_1_1_0_1_0_0_1_0_0_0_0_1_1_1_1_0_1_0_0,1,3.3333333333333337e-6,4.714045207910317e-6,0.273224043715847,280.0
0_0_1_0_0_1_1_0_0_0_0_1_1_1_0_1_1_0_0_0_0_1_0_0_0_1_0_1_1_0_1_1_1_1_0_0_0_0_1_0_1_1,1,3.3333333333333337e-6,4.714045207910317e-6,0.31693989071038253,90.0
1_1_0_0_0_1_1_0_0_0_1_0_0_1_0_0_0_1_1_1_0_1_1_1_0_1_1_1_0_1_1_1_0_1_1_1_0_1_0_1_1_0,1,3.3333333333333337e-6,4.714045207910317e-6,0.2896174863387978,90.0
1_1_1_0_0_1_1_0_0_0_1_0_0_1_0_0_0_1_1_1_0_1_1_1_0_1_1_1_0_1_1_1_0_0_1_1_0_1_0_1_1_0,1,3.3333333333333337e-6,4.714045207910317e-6,0.32786885245901637,230.0
0_0_1_0_0_1_1_0_0_0_0_0_0_1_0_1_1_0_1_0_1_0_0_0_0_0_1_0_1_0_1_1_1_1_0_0_0_0_1_0_0_1,1,3.3333333333333337e-6,4.714045207910317e-6,0.3005464480874317,90.0
1_1_1_1_1_0_0_1_1_1_1_0_1_1_1_0_0_0_0_1_0_1_1_1_1_1_0_1_0_1_0_1_0_1_1_1_1_0_0_0_0_0,1,3.3333333333333337e-6,4.714045207910317e-6,0.3333333333333333,100.0
1_1_0_0_0_1_1_0_0_0_1_1_0_0_0_0_1_1_1_0_0_1_1_1_0_0_0_0_1_1_1_0_1_1_1_1_0_1_1_1_1_0,0,3.3333333333333337e-6,4.714045207910317e-6,0.25136612021857924,1001.0
1_1_0_1_1_0_0_1_1_1_1_1_0_0_1_0_0_1_1_1_0_1_1_1_1_1_0_1_0_1_0_0_1_1_1_1_1_1_0_1_1_0,1,3.3333333333333337e-6,4.714045207910317e-6,0.30601092896174864,220.0
0_1_0_1_1_0_0_1_1_1_0_1_1_0_1_1_1_1_0_0_0_1_0_0_1_0_0_0_1_0_0_0_0_0_0_0_1_1_1_0_1_0,1,3.3333333333333337e-6,4.714045207910317e-6,0.3114754098360656,120.0
0_0_0_0_0_1_1_0_0_0_0_1_0_0_0_1_1_0_0_0_0_1_0_0_0_1_1_1_1_0_1_1_1_1_0_0_0_0_1_0_1_1,1,3.3333333333333337e-6,4.714045207910317e-6,0.2786885245901639,130.0
1_1_0_1_1_0_0_0_1_1_1_0_1_0_1_0_0_1_0_0_0_1_0_1_1_0_0_0_1_0_0_1_0_0_0_1_1_0_1_1_1_0,1,3.3333333333333337e-6,4.714045207910317e-6,0.3442622950819672,220.0
1_0_1_0_0_1_1_0_0_0_1_1_1_1_1_1_1_0_0_0_0_1_1_0_0_1_0_1_1_1_0_1_0_1_1_1_1_0_1_1_0_1,0,3.3333333333333337e-6,4.714045207910317e-6,0.2677595628415301,1001.0
0_1_0_0_0_1_1_0_0_0_0_0_0_0_0_1_0_0_0_1_0_0_0_0_0_1_0_1_1_0_1_1_0_0_0_0_0_0_0_1_0_0,0,3.3333333333333337e-6,4.714045207910317e-6,0.16939890710382513,1001.0
1_1_0_0_0_1_1_0_0_0_1_0_0_0_0_0_0_1_1_1_0_1_1_1_0_0_1_0_0_1_1_1_0_0_0_1_0_1_0_1_1_0,1,3.3333333333333337e-6,4.714045207910317e-6,0.2896174863387978,90.0
0_0_1_1_1_0_0_1_1_1_0_1_1_0_1_1_1_0_0_0_1_0_0_0_1_0_0_0_1_0_0_0_1_0_0_0_1_1_1_0_1_1,1,3.3333333333333337e-6,4.714045207910317e-6,0.2786885245901639,190.0
0_0_0_0_0_1_1_0_0_0_0_1_0_0_1_0_0_0_0_1_0_0_0_0_0_1_0_1_1_0_0_1_1_0_0_0_1_0_0_1_0_0,0,3.3333333333333337e-6,4.714045207910317e-6,0.18032786885245902,1001.0
1_0_0_1_1_0_1_1_1_1_1_1_1_0_1_1_1_1_1_0_0_1_1_0_1_1_0_1_1_1_0_0_1_1_1_1_1_1_1_1_1_1,1,3.3333333333333337e-6,4.714045207910317e-6,0.3224043715846995,230.0
0_0_0_0_0_1_1_0_0_0_0_1_0_1_0_1_1_0_0_0_0_1_0_0_0_1_1_1_1_0_1_1_1_1_1_0_0_1_1_0_1_1,1,3.3333333333333337e-6,4.714045207910317e-6,0.3005464480874317,270.0
1_1_1_1_1_0_0_1_1_1_1_0_1_1_1_1_1_0_1_0_1_1_1_1_1_0_1_0_0_1_0_0_0_1_1_1_1_0_1_0_0_1,0,3.3333333333333337e-6,4.714045207910317e-6,0.21311475409836064,1001.0
