"l_max","k","draw","inconsistency_B"
1,2,1,0.836640741941167
1,2,2,0.566509506552905
1,2,3,0.566509506552905
1,2,4,0.468995593589281
1,2,5,0.468995593589281
1,2,6,0.566509506552905
1,2,7,0.650022421648354
1,2,8,0.783776947484701
1,2,9,0.783776947484701
1,2,10,0.650022421648354
1,2,11,0.721928094887362
1,2,12,0.566509506552905
1,2,13,0.566509506552905
1,2,14,0.721928094887362
1,2,15,0.353359335021421
1,2,16,0.721928094887362
1,2,17,0.566509506552905
1,2,18,0.353359335021421
1,2,19,0.721928094887362
1,2,20,0.650022421648354
1,2,21,0.650022421648354
1,2,22,0.721928094887362
1,2,23,0.836640741941167
1,2,24,0.468995593589281
1,2,25,0.650022421648354
1,2,26,0.468995593589281
1,2,27,0.721928094887362
1,2,28,0.650022421648354
1,2,29,0.468995593589281
1,2,30,0.721928094887362
1,2,31,0.650022421648354
1,2,32,0.721928094887362
1,2,33,0.650022421648354
1,2,34,0.783776947484701
1,2,35,0.721928094887362
1,2,36,0.721928094887362
1,2,37,0.721928094887362
1,2,38,0.721928094887362
1,2,39,0.566509506552905
1,2,40,0.650022421648354
1,2,41,0.650022421648354
1,2,42,0.836640741941167
1,2,43,0.566509506552905
1,2,44,0.566509506552905
1,2,45,0.650022421648354
1,2,46,0.650022421648354
1,2,47,0.566509506552905
1,2,48,0.468995593589281
1,2,49,0.650022421648354
1,2,50,0.650022421648354
1,2,51,0.650022421648354
1,2,52,0.353359335021421
1,2,53,0.650022421648354
1,2,54,0.650022421648354
1,2,55,0.721928094887362
1,2,56,0.566509506552905
1,2,57,0.721928094887362
1,2,58,0.721928094887362
1,2,59,0.566509506552905
1,2,60,0.650022421648354
1,2,61,0.566509506552905
1,2,62,0.721928094887362
1,2,63,0.650022421648354
1,2,64,0.566509506552905
1,2,65,0.468995593589281
1,2,66,0.566509506552905
1,2,67,0.468995593589281
1,2,68,0.566509506552905
1,2,69,0.468995593589281
1,2,70,0.721928094887362
1,2,71,0.650022421648354
1,2,72,0.721928094887362
1,2,73,0.721928094887362
1,2,74,0.836640741941167
1,2,75,0.721928094887362
1,2,76,0.650022421648354
1,2,77,0.468995593589281
1,2,78,0.721928094887362
1,2,79,0.650022421648354
1,2,80,0.650022421648354
1,2,81,0.783776947484701
1,2,82,0.650022421648354
1,2,83,0.721928094887362
1,2,84,0.566509506552905
1,2,85,0.566509506552905
1,2,86,0.566509506552905
1,2,87,0.721928094887362
1,2,88,0.650022421648354
1,2,89,0.468995593589281
1,2,90,0.468995593589281
1,2,91,0.566509506552905
1,2,92,0.721928094887362
1,2,93,0.468995593589281
1,2,94,0.650022421648354
1,2,95,0.721928094887362
1,2,96,0.650022421648354
1,2,97,0.650022421648354
1,2,98,0.721928094887362
1,2,99,0.566509506552905
1,2,100,0.353359335021421
1,2,101,0.566509506552905
1,2,102,0.650022421648354
1,2,103,0.721928094887362
1,2,104,0.721928094887362
1,2,105,0.566509506552905
1,2,106,0.468995593589281
1,2,107,0.566509506552905
1,2,108,0.650022421648354
1,2,109,0.468995593589281
1,2,110,0.721928094887362
1,2,111,0.721928094887362
1,2,112,0.650022421648354
1,2,113,0.566509506552905
1,2,114,0.650022421648354
1,2,115,0.721928094887362
1,2,116,0.566509506552905
1,2,117,0.721928094887362
1,2,118,0.721928094887362
1,2,119,0.468995593589281
1,2,120,0.468995593589281
1,2,121,0.650022421648354
1,2,122,0.721928094887362
1,2,123,0.721928094887362
1,2,124,0.650022421648354
1,2,125,0.650022421648354
1,2,126,0.721928094887362
1,2,127,0.650022421648354
1,2,128,0.566509506552905
1,2,129,0.721928094887362
1,2,130,0.353359335021421
1,2,131,0.783776947484701
1,2,132,0.566509506552905
1,2,133,0.650022421648354
1,2,134,0.836640741941167
1,2,135,0.468995593589281
1,2,136,0.650022421648354
1,2,137,0.783776947484701
1,2,138,0.566509506552905
1,2,139,0.836640741941167
1,2,140,0.566509506552905
1,2,141,0.721928094887362
1,2,142,0.650022421648354
1,2,143,0.468995593589281
1,2,144,0.468995593589281
1,2,145,0.468995593589281
1,2,146,0.566509506552905
1,2,147,0.783776947484701
1,2,148,0.566509506552905
1,2,149,0.566509506552905
1,2,150,0.566509506552905
1,2,151,0.468995593589281
1,2,152,0.566509506552905
1,2,153,0.721928094887362
1,2,154,0.650022421648354
1,2,155,0.566509506552905
1,2,156,0.721928094887362
1,2,157,0.468995593589281
1,2,158,0.783776947484701
1,2,159,0.468995593589281
1,2,160,0.836640741941167
1,2,161,0.783776947484701
1,2,162,0.650022421648354
1,2,163,0.566509506552905
1,2,164,0.468995593589281
1,2,165,0.650022421648354
1,2,166,0.650022421648354
1,2,167,0.721928094887362
1,2,168,0.650022421648354
1,2,169,0.353359335021421
1,2,170,0.468995593589281
1,2,171,0.566509506552905
1,2,172,0.721928094887362
1,2,173,0.650022421648354
1,2,174,0.783776947484701
1,2,175,0.566509506552905
1,2,176,0.566509506552905
1,2,177,0.650022421648354
1,2,178,0.783776947484701
1,2,179,0.783776947484701
1,2,180,0.650022421648354
1,2,181,0.566509506552905
1,2,182,0.468995593589281
1,2,183,0.566509506552905
1,2,184,0.783776947484701
1,2,185,0.650022421648354
1,2,186,0.650022421648354
1,2,187,0.650022421648354
1,2,188,0.650022421648354
1,2,189,0.721928094887362
1,2,190,0.566509506552905
1,2,191,0.353359335021421
1,2,192,0.721928094887362
1,2,193,0.650022421648354
1,2,194,0.650022421648354
1,2,195,0.468995593589281
1,2,196,0.468995593589281
1,2,197,0.721928094887362
1,2,198,0.650022421648354
1,2,199,0.566509506552905
1,2,200,0.721928094887362
1,2,201,0.783776947484701
1,2,202,0.721928094887362
1,2,203,0.721928094887362
1,2,204,0.650022421648354
1,2,205,0.650022421648354
1,2,206,0.721928094887362
1,2,207,0.721928094887362
1,2,208,0.650022421648354
1,2,209,0.721928094887362
1,2,210,0.650022421648354
1,2,211,0.566509506552905
1,2,212,0.353359335021421
1,2,213,0.721928094887362
1,2,214,0.566509506552905
1,2,215,0.566509506552905
1,2,216,0.721928094887362
1,2,217,0.566509506552905
1,2,218,0.468995593589281
1,2,219,0.650022421648354
1,2,220,0.650022421648354
1,2,221,0.721928094887362
1,2,222,0.721928094887362
1,2,223,0.468995593589281
1,2,224,0.566509506552905
1,2,225,0.210842300318532
1,2,226,0.566509506552905
1,2,227,0.566509506552905
1,2,228,0.566509506552905
1,2,229,0.721928094887362
1,2,230,0.721928094887362
1,2,231,0.650022421648354
1,2,232,0.468995593589281
1,2,233,0.566509506552905
1,2,234,0.353359335021421
1,2,235,0.566509506552905
1,2,236,0.566509506552905
1,2,237,0.566509506552905
1,2,238,0.721928094887362
1,2,239,0.650022421648354
1,2,240,0.566509506552905
1,2,241,0.783776947484701
1,2,242,0.650022421648354
1,2,243,0.721928094887362
1,2,244,0.566509506552905
1,2,245,0.721928094887362
1,2,246,0.468995593589281
1,2,247,0.783776947484701
1,2,248,0.468995593589281
1,2,249,0.836640741941167
1,2,250,0.721928094887362
1,2,251,0.650022421648354
1,2,252,0.566509506552905
1,2,253,0.566509506552905
1,2,254,0.468995593589281
1,2,255,0.721928094887362
1,2,256,0.721928094887362
1,2,257,0.721928094887362
1,2,258,0.566509506552905
1,2,259,0.468995593589281
1,2,260,0.650022421648354
1,2,261,0.783776947484701
1,2,262,0.468995593589281
1,2,263,0.650022421648354
1,2,264,0.721928094887362
1,2,265,0.566509506552905
1,2,266,0.566509506552905
1,2,267,0.566509506552905
1,2,268,0.468995593589281
1,2,269,0.650022421648354
1,2,270,0.566509506552905
1,2,271,0.721928094887362
1,2,272,0.566509506552905
1,2,273,0.566509506552905
1,2,274,0.650022421648354
1,2,275,0.353359335021421
1,2,276,0.353359335021421
1,2,277,0.721928094887362
1,2,278,0.566509506552905
1,2,279,0.566509506552905
1,2,280,0.721928094887362
1,2,281,0.721928094887362
1,2,282,0.468995593589281
1,2,283,0.468995593589281
1,2,284,0.650022421648354
1,2,285,0.650022421648354
1,2,286,0.353359335021421
1,2,287,0.468995593589281
1,2,288,0.566509506552905
1,2,289,0.721928094887362
1,2,290,0.650022421648354
1,2,291,0.353359335021421
1,2,292,0.650022421648354
1,2,293,0.566509506552905
1,2,294,0.650022421648354
1,2,295,0.468995593589281
1,2,296,0.566509506552905
1,2,297,0.566509506552905
1,2,298,0.650022421648354
1,2,299,0.468995593589281
1,2,300,0.353359335021421
1,2,301,0.783776947484701
1,2,302,0.783776947484701
1,2,303,0.566509506552905
1,2,304,0.566509506552905
1,2,305,0.650022421648354
1,2,306,0.468995593589281
1,2,307,0.566509506552905
1,2,308,0
1,2,309,0.721928094887362
1,2,310,0.650022421648354
1,2,311,0.566509506552905
1,2,312,0.468995593589281
1,2,313,0.566509506552905
1,2,314,0.721928094887362
1,2,315,0.650022421648354
1,2,316,0.783776947484701
1,2,317,0.650022421648354
1,2,318,0.721928094887362
1,2,319,0.468995593589281
1,2,320,0.650022421648354
1,2,321,0.650022421648354
1,2,322,0.650022421648354
1,2,323,0.566509506552905
1,2,324,0.783776947484701
1,2,325,0.353359335021421
1,2,326,0.721928094887362
1,2,327,0.721928094887362
1,2,328,0.468995593589281
1,2,329,0.353359335021421
1,2,330,0.566509506552905
1,2,331,0.650022421648354
1,2,332,0.721928094887362
1,2,333,0.650022421648354
1,2,334,0.783776947484701
1,2,335,0.468995593589281
1,2,336,0.468995593589281
1,2,337,0.566509506552905
1,2,338,0.721928094887362
1,2,339,0.566509506552905
1,2,340,0.721928094887362
1,2,341,0.650022421648354
1,2,342,0.468995593589281
1,2,343,0.566509506552905
1,2,344,0.783776947484701
1,2,345,0.468995593589281
1,2,346,0.721928094887362
1,2,347,0.468995593589281
1,2,348,0.566509506552905
1,2,349,0.468995593589281
1,2,350,0.721928094887362
1,2,351,0.566509506552905
1,2,352,0.721928094887362
1,2,353,0.650022421648354
1,2,354,0.566509506552905
1,2,355,0.650022421648354
1,2,356,0.566509506552905
1,2,357,0.650022421648354
1,2,358,0.650022421648354
1,2,359,0.721928094887362
1,2,360,0.783776947484701
1,2,361,0.468995593589281
1,2,362,0.468995593589281
1,2,363,0.836640741941167
1,2,364,0.650022421648354
1,2,365,0.468995593589281
1,2,366,0.650022421648354
1,2,367,0.566509506552905
1,2,368,0.353359335021421
1,2,369,0.468995593589281
1,2,370,0.650022421648354
1,2,371,0.566509506552905
1,2,372,0.721928094887362
1,2,373,0.650022421648354
1,2,374,0.566509506552905
1,2,375,0.650022421648354
1,2,376,0.721928094887362
1,2,377,0.650022421648354
1,2,378,0.566509506552905
1,2,379,0.721928094887362
1,2,380,0.721928094887362
1,2,381,0.353359335021421
1,2,382,0.721928094887362
1,2,383,0.721928094887362
1,2,384,0.650022421648354
1,2,385,0.468995593589281
1,2,386,0.650022421648354
1,2,387,0.783776947484701
1,2,388,0.566509506552905
1,2,389,0.721928094887362
1,2,390,0.210842300318532
1,2,391,0.468995593589281
1,2,392,0.783776947484701
1,2,393,0.650022421648354
1,2,394,0.721928094887362
1,2,395,0.566509506552905
1,2,396,0.721928094887362
1,2,397,0.721928094887362
1,2,398,0.650022421648354
1,2,399,0.566509506552905
1,2,400,0.783776947484701
1,3,1,0.849611742500758
1,3,2,0.93723056321613
1,3,3,0.957698340967366
1,3,4,0.844353685003622
1,3,5,0.972267716283714
1,3,6,0.905757546550621
1,3,7,0.950068597536621
1,3,8,0.885619461520443
1,3,9,0.883037440954759
1,3,10,0.764724380911158
1,3,11,0.863178047909164
1,3,12,0.920619835714305
1,3,13,0.972267716283714
1,3,14,0.866277583544875
1,3,15,0.89504935897864
1,3,16,0.918990046432151
1,3,17,0.905757546550621
1,3,18,0.885619461520443
1,3,19,0.866277583544875
1,3,20,0.828130625932734
1,3,21,0.894860522141848
1,3,22,0.866277583544875
1,3,23,0.844353685003622
1,3,24,0.866277583544875
1,3,25,0.792155476756316
1,3,26,0.816940687676626
1,3,27,0.883037440954759
1,3,28,0.920619835714305
1,3,29,0.923339383728278
1,3,30,0.905757546550621
1,3,31,0.743622462137679
1,3,32,0.78358070404881
1,3,33,0.923339383728278
1,3,34,0.731208802620227
1,3,35,0.918990046432151
1,3,36,0.905757546550621
1,3,37,0.93723056321613
1,3,38,0.844353685003622
1,3,39,0.961598764876375
1,3,40,0.866277583544875
1,3,41,0.859892960555857
1,3,42,0.935286292874354
1,3,43,0.957698340967366
1,3,44,0.89504935897864
1,3,45,0.792155476756316
1,3,46,0.920619835714305
1,3,47,0.885619461520443
1,3,48,0.883037440954759
1,3,49,0.905757546550621
1,3,50,0.793735027242848
1,3,51,0.866277583544875
1,3,52,0.699844405336885
1,3,53,0.883037440954759
1,3,54,0.905757546550621
1,3,55,0.89504935897864
1,3,56,0.793735027242848
1,3,57,0.918990046432151
1,3,58,0.918990046432151
1,3,59,0.957698340967366
1,3,60,0.89504935897864
1,3,61,0.957698340967366
1,3,62,0.816940687676626
1,3,63,0.920619835714305
1,3,64,0.81734542214651
1,3,65,0.972267716283714
1,3,66,0.816940687676626
1,3,67,0.950068597536621
1,3,68,0.950068597536621
1,3,69,0.920619835714305
1,3,70,0.844353685003622
1,3,71,0.866277583544875
1,3,72,0.920619835714305
1,3,73,0.793735027242848
1,3,74,0.920619835714305
1,3,75,0.950068597536621
1,3,76,0.905757546550621
1,3,77,0.94538250293559
1,3,78,0.920619835714305
1,3,79,0.920619835714305
1,3,80,0.930418662058202
1,3,81,0.885619461520443
1,3,82,0.885619461520443
1,3,83,0.835891093067469
1,3,84,0.905757546550621
1,3,85,0.866277583544875
1,3,86,0.885619461520443
1,3,87,0.918990046432151
1,3,88,0.864973520717927
1,3,89,0.89504935897864
1,3,90,0.930418662058202
1,3,91,0.894860522141848
1,3,92,0.89504935897864
1,3,93,0.930418662058202
1,3,94,0.94538250293559
1,3,95,0.894860522141848
1,3,96,0.979448546327342
1,3,97,0.905757546550621
1,3,98,0.885619461520443
1,3,99,0.950068597536621
1,3,100,0.920619835714305
1,3,101,0.930418662058202
1,3,102,0.93723056321613
1,3,103,0.789690082142847
1,3,104,0.828130625932734
1,3,105,0.793735027242848
1,3,106,0.883037440954759
1,3,107,0.901897235871153
1,3,108,0.93723056321613
1,3,109,0.930418662058202
1,3,110,0.885619461520443
1,3,111,0.844353685003622
1,3,112,0.849611742500758
1,3,113,0.94538250293559
1,3,114,0.859892960555857
1,3,115,0.965401367299709
1,3,116,0.918990046432151
1,3,117,0.835891093067469
1,3,118,0.89504935897864
1,3,119,0.930418662058202
1,3,120,0.979448546327342
1,3,121,0.844353685003622
1,3,122,0.920619835714305
1,3,123,0.894860522141848
1,3,124,0.93723056321613
1,3,125,0.905757546550621
1,3,126,0.866277583544875
1,3,127,0.894860522141848
1,3,128,0.950068597536621
1,3,129,0.864973520717927
1,3,130,0.885619461520443
1,3,131,0.930418662058202
1,3,132,0.894860522141848
1,3,133,0.93723056321613
1,3,134,0.950068597536621
1,3,135,0.904233489793909
1,3,136,0.866277583544875
1,3,137,0.905757546550621
1,3,138,0.918990046432151
1,3,139,0.885619461520443
1,3,140,0.965401367299709
1,3,141,0.930418662058202
1,3,142,0.950068597536621
1,3,143,0.866277583544875
1,3,144,0.920619835714305
1,3,145,0.93723056321613
1,3,146,0.905757546550621
1,3,147,0.849611742500758
1,3,148,0.835891093067469
1,3,149,0.81734542214651
1,3,150,0.894860522141848
1,3,151,0.901897235871153
1,3,152,0.918990046432151
1,3,153,0.844353685003622
1,3,154,0.844353685003622
1,3,155,0.883037440954759
1,3,156,0.93723056321613
1,3,157,0.94538250293559
1,3,158,0.78358070404881
1,3,159,0.950068597536621
1,3,160,0.835891093067469
1,3,161,0.920619835714305
1,3,162,0.894860522141848
1,3,163,0.93723056321613
1,3,164,0.960229717860761
1,3,165,0.844353685003622
1,3,166,0.849611742500758
1,3,167,0.905757546550621
1,3,168,0.923339383728278
1,3,169,0.835891093067469
1,3,170,0.885619461520443
1,3,171,0.920619835714305
1,3,172,0.905757546550621
1,3,173,0.828130625932734
1,3,174,0.923339383728278
1,3,175,0.864973520717927
1,3,176,0.905757546550621
1,3,177,0.81734542214651
1,3,178,0.961598764876375
1,3,179,0.935286292874354
1,3,180,0.828130625932734
1,3,181,0.950068597536621
1,3,182,0.835891093067469
1,3,183,0.835891093067469
1,3,184,0.849611742500758
1,3,185,0.885619461520443
1,3,186,0.816940687676626
1,3,187,0.935286292874354
1,3,188,0.81734542214651
1,3,189,0.883037440954759
1,3,190,0.764724380911158
1,3,191,0.905757546550621
1,3,192,0.858672711073255
1,3,193,0.883037440954759
1,3,194,0.957698340967366
1,3,195,0.885619461520443
1,3,196,0.950068597536621
1,3,197,0.930418662058202
1,3,198,0.94538250293559
1,3,199,0.930418662058202
1,3,200,0.905757546550621
1,3,201,0.883037440954759
1,3,202,0.901897235871153
1,3,203,0.972267716283714
1,3,204,0.901897235871153
1,3,205,0.864973520717927
1,3,206,0.844353685003622
1,3,207,0.89504935897864
1,3,208,0.905757546550621
1,3,209,0.844353685003622
1,3,210,0.920619835714305
1,3,211,0.78358070404881
1,3,212,0.918990046432151
1,3,213,0.803114013575012
1,3,214,0.920619835714305
1,3,215,0.918990046432151
1,3,216,0.764724380911158
1,3,217,0.883037440954759
1,3,218,0.835891093067469
1,3,219,0.883037440954759
1,3,220,0.816940687676626
1,3,221,0.816940687676626
1,3,222,0.957698340967366
1,3,223,0.93723056321613
1,3,224,0.894860522141848
1,3,225,0.961598764876375
1,3,226,0.835891093067469
1,3,227,0.930418662058202
1,3,228,0.905757546550621
1,3,229,0.901897235871153
1,3,230,0.950068597536621
1,3,231,0.918990046432151
1,3,232,0.828130625932734
1,3,233,0.918990046432151
1,3,234,0.883037440954759
1,3,235,0.894860522141848
1,3,236,0.920619835714305
1,3,237,0.89504935897864
1,3,238,0.81734542214651
1,3,239,0.920619835714305
1,3,240,0.935286292874354
1,3,241,0.960229717860761
1,3,242,0.918990046432151
1,3,243,0.89504935897864
1,3,244,0.905757546550621
1,3,245,0.93723056321613
1,3,246,0.885619461520443
1,3,247,0.93723056321613
1,3,248,0.950068597536621
1,3,249,0.835891093067469
1,3,250,0.920619835714305
1,3,251,0.977561205791703
1,3,252,0.885619461520443
1,3,253,0.918990046432151
1,3,254,0.920619835714305
1,3,255,0.930418662058202
1,3,256,0.93723056321613
1,3,257,0.901897235871153
1,3,258,0.864973520717927
1,3,259,0.859892960555857
1,3,260,0.918990046432151
1,3,261,0.789690082142847
1,3,262,0.81734542214651
1,3,263,0.883037440954759
1,3,264,0.866277583544875
1,3,265,0.93723056321613
1,3,266,0.883037440954759
1,3,267,0.94538250293559
1,3,268,0.864973520717927
1,3,269,0.918990046432151
1,3,270,0.930418662058202
1,3,271,0.885619461520443
1,3,272,0.859892960555857
1,3,273,0.920619835714305
1,3,274,0.987781243811924
1,3,275,0.866277583544875
1,3,276,0.918990046432151
1,3,277,0.885619461520443
1,3,278,0.94538250293559
1,3,279,0.764724380911158
1,3,280,0.828130625932734
1,3,281,0.78358070404881
1,3,282,0.81734542214651
1,3,283,0.950068597536621
1,3,284,0.930418662058202
1,3,285,0.972267716283714
1,3,286,0.905757546550621
1,3,287,0.979448546327342
1,3,288,0.894860522141848
1,3,289,0.920619835714305
1,3,290,0.965401367299709
1,3,291,0.89504935897864
1,3,292,0.883037440954759
1,3,293,0.885619461520443
1,3,294,0.894860522141848
1,3,295,0.849611742500758
1,3,296,0.961598764876375
1,3,297,0.835891093067469
1,3,298,0.905757546550621
1,3,299,0.866277583544875
1,3,300,0.905757546550621
1,3,301,0.965401367299709
1,3,302,0.89504935897864
1,3,303,0.828130625932734
1,3,304,0.918990046432151
1,3,305,0.957698340967366
1,3,306,0.844353685003622
1,3,307,0.905757546550621
1,3,308,0.816940687676626
1,3,309,0.883037440954759
1,3,310,0.894860522141848
1,3,311,0.930418662058202
1,3,312,0.81734542214651
1,3,313,0.792155476756316
1,3,314,0.866277583544875
1,3,315,0.731208802620227
1,3,316,0.904233489793909
1,3,317,0.844353685003622
1,3,318,0.835891093067469
1,3,319,0.920619835714305
1,3,320,0.756416846528583
1,3,321,0.866277583544875
1,3,322,0.864973520717927
1,3,323,0.81734542214651
1,3,324,0.905757546550621
1,3,325,0.904233489793909
1,3,326,0.731208802620227
1,3,327,0.835891093067469
1,3,328,0.894860522141848
1,3,329,0.844353685003622
1,3,330,0.859892960555857
1,3,331,0.89504935897864
1,3,332,0.920619835714305
1,3,333,0.835891093067469
1,3,334,0.883037440954759
1,3,335,0.930418662058202
1,3,336,0.93723056321613
1,3,337,0.920619835714305
1,3,338,0.844353685003622
1,3,339,0.905757546550621
1,3,340,0.858672711073255
1,3,341,0.918990046432151
1,3,342,0.894860522141848
1,3,343,0.864973520717927
1,3,344,0.849611742500758
1,3,345,0.935286292874354
1,3,346,0.920619835714305
1,3,347,0.930418662058202
1,3,348,0.835891093067469
1,3,349,0.930418662058202
1,3,350,0.756416846528583
1,3,351,0.866277583544875
1,3,352,0.883037440954759
1,3,353,0.866277583544875
1,3,354,0.918990046432151
1,3,355,0.89504935897864
1,3,356,0.920619835714305
1,3,357,0.93723056321613
1,3,358,0.78358070404881
1,3,359,0.764724380911158
1,3,360,0.950068597536621
1,3,361,0.883037440954759
1,3,362,0.920619835714305
1,3,363,0.979448546327342
1,3,364,0.965401367299709
1,3,365,0.923339383728278
1,3,366,0.835891093067469
1,3,367,0.81734542214651
1,3,368,0.905757546550621
1,3,369,0.950068597536621
1,3,370,0.81734542214651
1,3,371,0.93723056321613
1,3,372,0.866277583544875
1,3,373,0.930418662058202
1,3,374,0.894860522141848
1,3,375,0.93723056321613
1,3,376,0.89504935897864
1,3,377,0.920619835714305
1,3,378,0.920619835714305
1,3,379,0.883037440954759
1,3,380,0.960229717860761
1,3,381,0.905757546550621
1,3,382,0.866277583544875
1,3,383,0.957698340967366
1,3,384,0.918990046432151
1,3,385,0.923339383728278
1,3,386,0.883037440954759
1,3,387,0.920619835714305
1,3,388,0.885619461520443
1,3,389,0.905757546550621
1,3,390,0.957698340967366
1,3,391,0.864973520717927
1,3,392,0.885619461520443
1,3,393,0.93723056321613
1,3,394,0.930418662058202
1,3,395,0.930418662058202
1,3,396,0.930418662058202
1,3,397,0.883037440954759
1,3,398,0.885619461520443
1,3,399,0.885619461520443
1,3,400,0.793735027242848
1,4,1,0.800757640158757
1,4,2,0.823960220882905
1,4,3,0.684052418690857
1,4,4,0.7373393446667
1,4,5,0.686508742566983
1,4,6,0.777956547587913
1,4,7,0.693645713821885
1,4,8,0.741196850822178
1,4,9,0.789734633087569
1,4,10,0.701836818209383
1,4,11,0.728282381065477
1,4,12,0.752911550104142
1,4,13,0.76199749278333
1,4,14,0.67330137601803
1,4,15,0.793284623230312
1,4,16,0.823960220882905
1,4,17,0.800757640158757
1,4,18,0.701495385937679
1,4,19,0.719216167720755
1,4,20,0.76199749278333
1,4,21,0.723219672335508
1,4,22,0.701836818209383
1,4,23,0.681449048557565
1,4,24,0.740593950864258
1,4,25,0.763245393782567
1,4,26,0.629020126844399
1,4,27,0.67330137601803
1,4,28,0.615479781557005
1,4,29,0.789734633087569
1,4,30,0.662428018599378
1,4,31,0.647730922119161
1,4,32,0.701836818209383
1,4,33,0.674934918547124
1,4,34,0.647730922119161
1,4,35,0.793284623230312
1,4,36,0.701836818209383
1,4,37,0.723219672335508
1,4,38,0.741196850822178
1,4,39,0.681449048557565
1,4,40,0.777956547587913
1,4,41,0.7373393446667
1,4,42,0.686508742566983
1,4,43,0.742737648613667
1,4,44,0.662428018599378
1,4,45,0.797500019240647
1,4,46,0.753875823620308
1,4,47,0.709160185485292
1,4,48,0.7373393446667
1,4,49,0.778338325972432
1,4,50,0.741609723131512
1,4,51,0.789734633087569
1,4,52,0.837537741750765
1,4,53,0.777956547587913
1,4,54,0.752911550104142
1,4,55,0.708342810302103
1,4,56,0.729573958513623
1,4,57,0.647730922119161
1,4,58,0.774698926669803
1,4,59,0.753875823620308
1,4,60,0.793284623230312
1,4,61,0.740593950864258
1,4,62,0.662428018599378
1,4,63,0.686508742566983
1,4,64,0.719216167720755
1,4,65,0.709160185485292
1,4,66,0.793284623230312
1,4,67,0.674934918547124
1,4,68,0.699790615323032
1,4,69,0.647410177640403
1,4,70,0.716438668475008
1,4,71,0.717795873013966
1,4,72,0.807739890778503
1,4,73,0.726396815424565
1,4,74,0.656277993901061
1,4,75,0.716438668475008
1,4,76,0.701836818209383
1,4,77,0.793284623230312
1,4,78,0.839532426320347
1,4,79,0.817913792268978
1,4,80,0.647730922119161
1,4,81,0.686508742566983
1,4,82,0.774312077302662
1,4,83,0.793284623230312
1,4,84,0.818226398830014
1,4,85,0.701495385937679
1,4,86,0.777956547587913
1,4,87,0.684052418690857
1,4,88,0.777956547587913
1,4,89,0.699790615323032
1,4,90,0.699790615323032
1,4,91,0.763245393782567
1,4,92,0.831077482369023
1,4,93,0.636452797660028
1,4,94,0.801357525396125
1,4,95,0.817913792268978
1,4,96,0.686508742566983
1,4,97,0.641627376638226
1,4,98,0.701495385937679
1,4,99,0.75047753939217
1,4,100,0.807739890778503
1,4,101,0.763245393782567
1,4,102,0.76199749278333
1,4,103,0.789734633087569
1,4,104,0.701836818209383
1,4,105,0.823960220882905
1,4,106,0.753875823620308
1,4,107,0.807739890778503
1,4,108,0.742737648613667
1,4,109,0.741609723131512
1,4,110,0.818226398830014
1,4,111,0.709160185485292
1,4,112,0.741609723131512
1,4,113,0.801357525396125
1,4,114,0.708342810302103
1,4,115,0.647410177640403
1,4,116,0.753875823620308
1,4,117,0.723219672335508
1,4,118,0.777956547587913
1,4,119,0.709309835137827
1,4,120,0.777956547587913
1,4,121,0.848669867750622
1,4,122,0.774312077302662
1,4,123,0.807739890778503
1,4,124,0.701836818209383
1,4,125,0.831077482369023
1,4,126,0.647410177640403
1,4,127,0.606029733565693
1,4,128,0.723219672335508
1,4,129,0.740593950864258
1,4,130,0.701836818209383
1,4,131,0.76199749278333
1,4,132,0.789734633087569
1,4,133,0.76199749278333
1,4,134,0.797500019240647
1,4,135,0.701495385937679
1,4,136,0.7373393446667
1,4,137,0.789734633087569
1,4,138,0.728282381065477
1,4,139,0.839532426320347
1,4,140,0.75047753939217
1,4,141,0.717795873013966
1,4,142,0.723219672335508
1,4,143,0.669134464038232
1,4,144,0.67330137601803
1,4,145,0.647410177640403
1,4,146,0.723219672335508
1,4,147,0.789734633087569
1,4,148,0.579469266175139
1,4,149,0.789734633087569
1,4,150,0.793284623230312
1,4,151,0.615479781557005
1,4,152,0.719216167720755
1,4,153,0.778338325972432
1,4,154,0.55461356939923
1,4,155,0.778338325972432
1,4,156,0.641627376638226
1,4,157,0.763245393782567
1,4,158,0.78498703763725
1,4,159,0.719216167720755
1,4,160,0.777956547587913
1,4,161,0.648813114890338
1,4,162,0.758957978718069
1,4,163,0.774312077302662
1,4,164,0.723219672335508
1,4,165,0.648813114890338
1,4,166,0.749197907995409
1,4,167,0.807739890778503
1,4,168,0.800757640158757
1,4,169,0.675058224400298
1,4,170,0.742737648613667
1,4,171,0.742737648613667
1,4,172,0.555276125591639
1,4,173,0.67330137601803
1,4,174,0.793284623230312
1,4,175,0.807739890778503
1,4,176,0.777956547587913
1,4,177,0.793284623230312
1,4,178,0.717795873013966
1,4,179,0.699790615323032
1,4,180,0.742737648613667
1,4,181,0.793284623230312
1,4,182,0.817913792268978
1,4,183,0.728282381065477
1,4,184,0.537313849292125
1,4,185,0.699790615323032
1,4,186,0.75047753939217
1,4,187,0.818226398830014
1,4,188,0.686508742566983
1,4,189,0.701495385937679
1,4,190,0.717795873013966
1,4,191,0.699790615323032
1,4,192,0.728282381065477
1,4,193,0.741609723131512
1,4,194,0.708342810302103
1,4,195,0.709309835137827
1,4,196,0.67330137601803
1,4,197,0.686508742566983
1,4,198,0.823960220882905
1,4,199,0.807739890778503
1,4,200,0.686508742566983
1,4,201,0.741609723131512
1,4,202,0.831077482369023
1,4,203,0.777956547587913
1,4,204,0.708342810302103
1,4,205,0.67330137601803
1,4,206,0.693645713821885
1,4,207,0.75047753939217
1,4,208,0.686508742566983
1,4,209,0.758957978718069
1,4,210,0.75047753939217
1,4,211,0.797500019240647
1,4,212,0.629020126844399
1,4,213,0.701495385937679
1,4,214,0.675058224400298
1,4,215,0.661101696033159
1,4,216,0.800757640158757
1,4,217,0.740593950864258
1,4,218,0.701836818209383
1,4,219,0.741196850822178
1,4,220,0.669134464038232
1,4,221,0.686508742566983
1,4,222,0.717795873013966
1,4,223,0.674934918547124
1,4,224,0.760964047443681
1,4,225,0.752911550104142
1,4,226,0.693645713821885
1,4,227,0.758957978718069
1,4,228,0.701495385937679
1,4,229,0.831077482369023
1,4,230,0.807739890778503
1,4,231,0.656277993901061
1,4,232,0.789734633087569
1,4,233,0.717795873013966
1,4,234,0.701836818209383
1,4,235,0.723219672335508
1,4,236,0.662428018599378
1,4,237,0.699790615323032
1,4,238,0.817913792268978
1,4,239,0.843727417504408
1,4,240,0.629020126844399
1,4,241,0.681449048557565
1,4,242,0.831077482369023
1,4,243,0.648813114890338
1,4,244,0.728282381065477
1,4,245,0.717795873013966
1,4,246,0.753875823620308
1,4,247,0.774312077302662
1,4,248,0.729573958513623
1,4,249,0.740593950864258
1,4,250,0.797500019240647
1,4,251,0.647410177640403
1,4,252,0.686508742566983
1,4,253,0.629020126844399
1,4,254,0.729573958513623
1,4,255,0.831077482369023
1,4,256,0.825966289608517
1,4,257,0.740593950864258
1,4,258,0.578338325972432
1,4,259,0.793284623230312
1,4,260,0.545578238027246
1,4,261,0.728282381065477
1,4,262,0.693645713821885
1,4,263,0.742737648613667
1,4,264,0.777956547587913
1,4,265,0.740593950864258
1,4,266,0.728282381065477
1,4,267,0.76199749278333
1,4,268,0.741609723131512
1,4,269,0.807739890778503
1,4,270,0.709309835137827
1,4,271,0.742737648613667
1,4,272,0.793284623230312
1,4,273,0.699790615323032
1,4,274,0.76199749278333
1,4,275,0.555276125591639
1,4,276,0.686508742566983
1,4,277,0.7373393446667
1,4,278,0.656277993901061
1,4,279,0.719216167720755
1,4,280,0.662428018599378
1,4,281,0.823960220882905
1,4,282,0.763245393782567
1,4,283,0.797500019240647
1,4,284,0.661101696033159
1,4,285,0.662428018599378
1,4,286,0.797500019240647
1,4,287,0.717795873013966
1,4,288,0.686508742566983
1,4,289,0.76199749278333
1,4,290,0.800757640158757
1,4,291,0.699790615323032
1,4,292,0.686508742566983
1,4,293,0.797500019240647
1,4,294,0.76199749278333
1,4,295,0.681449048557565
1,4,296,0.717795873013966
1,4,297,0.674934918547124
1,4,298,0.800757640158757
1,4,299,0.793284623230312
1,4,300,0.717795873013966
1,4,301,0.817913792268978
1,4,302,0.7373393446667
1,4,303,0.740593950864258
1,4,304,0.807739890778503
1,4,305,0.669134464038232
1,4,306,0.741609723131512
1,4,307,0.681449048557565
1,4,308,0.629020126844399
1,4,309,0.75047753939217
1,4,310,0.648813114890338
1,4,311,0.680482023721841
1,4,312,0.67330137601803
1,4,313,0.669134464038232
1,4,314,0.717795873013966
1,4,315,0.681449048557565
1,4,316,0.627768362699825
1,4,317,0.789734633087569
1,4,318,0.708342810302103
1,4,319,0.76199749278333
1,4,320,0.777956547587913
1,4,321,0.55461356939923
1,4,322,0.717795873013966
1,4,323,0.662428018599378
1,4,324,0.774698926669803
1,4,325,0.777956547587913
1,4,326,0.669134464038232
1,4,327,0.825966289608517
1,4,328,0.777956547587913
1,4,329,0.662428018599378
1,4,330,0.729573958513623
1,4,331,0.717795873013966
1,4,332,0.674934918547124
1,4,333,0.825966289608517
1,4,334,0.729573958513623
1,4,335,0.681449048557565
1,4,336,0.740593950864258
1,4,337,0.797500019240647
1,4,338,0.686508742566983
1,4,339,0.545578238027246
1,4,340,0.681449048557565
1,4,341,0.693645713821885
1,4,342,0.67330137601803
1,4,343,0.7373393446667
1,4,344,0.752911550104142
1,4,345,0.681449048557565
1,4,346,0.818226398830014
1,4,347,0.669134464038232
1,4,348,0.777956547587913
1,4,349,0.777956547587913
1,4,350,0.721280236065897
1,4,351,0.647410177640403
1,4,352,0.793284623230312
1,4,353,0.75047753939217
1,4,354,0.708342810302103
1,4,355,0.741609723131512
1,4,356,0.680482023721841
1,4,357,0.768821857477196
1,4,358,0.807739890778503
1,4,359,0.807739890778503
1,4,360,0.636452797660028
1,4,361,0.701836818209383
1,4,362,0.686508742566983
1,4,363,0.723219672335508
1,4,364,0.778338325972432
1,4,365,0.67330137601803
1,4,366,0.723219672335508
1,4,367,0.647730922119161
1,4,368,0.741609723131512
1,4,369,0.71473664917992
1,4,370,0.717795873013966
1,4,371,0.699790615323032
1,4,372,0.709160185485292
1,4,373,0.647410177640403
1,4,374,0.723219672335508
1,4,375,0.717795873013966
1,4,376,0.823960220882905
1,4,377,0.758957978718069
1,4,378,0.728282381065477
1,4,379,0.818226398830014
1,4,380,0.662428018599378
1,4,381,0.686508742566983
1,4,382,0.723219672335508
1,4,383,0.789734633087569
1,4,384,0.807739890778503
1,4,385,0.588609458924973
1,4,386,0.686508742566983
1,4,387,0.629020126844399
1,4,388,0.729573958513623
1,4,389,0.701836818209383
1,4,390,0.777956547587913
1,4,391,0.763245393782567
1,4,392,0.789734633087569
1,4,393,0.762048991534418
1,4,394,0.708342810302103
1,4,395,0.708342810302103
1,4,396,0.669134464038232
1,4,397,0.762048991534418
1,4,398,0.686508742566983
1,4,399,0.807739890778503
1,4,400,0.606029733565693
5,2,1,0.783776947484701
5,2,2,0.721928094887362
5,2,3,0.783776947484701
5,2,4,0.783776947484701
5,2,5,0.721928094887362
5,2,6,0.836640741941167
5,2,7,0.783776947484701
5,2,8,0.721928094887362
5,2,9,0.721928094887362
5,2,10,0.721928094887362
5,2,11,0.783776947484701
5,2,12,0.836640741941167
5,2,13,0.566509506552905
5,2,14,0.721928094887362
5,2,15,0.783776947484701
5,2,16,0.650022421648354
5,2,17,0.783776947484701
5,2,18,0.650022421648354
5,2,19,0.881290899230693
5,2,20,0.468995593589281
5,2,21,0.721928094887362
5,2,22,0.650022421648354
5,2,23,0.650022421648354
5,2,24,0.721928094887362
5,2,25,0.566509506552905
5,2,26,0.566509506552905
5,2,27,0.783776947484701
5,2,28,0.566509506552905
5,2,29,0.650022421648354
5,2,30,0.783776947484701
5,2,31,0.566509506552905
5,2,32,0.721928094887362
5,2,33,0.650022421648354
5,2,34,0.783776947484701
5,2,35,0.783776947484701
5,2,36,0.721928094887362
5,2,37,0.783776947484701
5,2,38,0.783776947484701
5,2,39,0.836640741941167
5,2,40,0.721928094887362
5,2,41,0.566509506552905
5,2,42,0.650022421648354
5,2,43,0.783776947484701
5,2,44,0.881290899230693
5,2,45,0.783776947484701
5,2,46,0.353359335021421
5,2,47,0.650022421648354
5,2,48,0.783776947484701
5,2,49,0.881290899230693
5,2,50,0.91829583405449
5,2,51,0.721928094887362
5,2,52,0.836640741941167
5,2,53,0.881290899230693
5,2,54,0.468995593589281
5,2,55,0.650022421648354
5,2,56,0.783776947484701
5,2,57,0.721928094887362
5,2,58,0.721928094887362
5,2,59,0.721928094887362
5,2,60,0.721928094887362
5,2,61,0.721928094887362
5,2,62,0.836640741941167
5,2,63,0.721928094887362
5,2,64,0.783776947484701
5,2,65,0.721928094887362
5,2,66,0.783776947484701
5,2,67,0.650022421648354
5,2,68,0.721928094887362
5,2,69,0.650022421648354
5,2,70,0.721928094887362
5,2,71,0.721928094887362
5,2,72,0.836640741941167
5,2,73,0.881290899230693
5,2,74,0.721928094887362
5,2,75,0.650022421648354
5,2,76,0.721928094887362
5,2,77,0.783776947484701
5,2,78,0.721928094887362
5,2,79,0.783776947484701
5,2,80,0.721928094887362
5,2,81,0.721928094887362
5,2,82,0.783776947484701
5,2,83,0.650022421648354
5,2,84,0.783776947484701
5,2,85,0.721928094887362
5,2,86,0.783776947484701
5,2,87,0.881290899230693
5,2,88,0.468995593589281
5,2,89,0.836640741941167
5,2,90,0.650022421648354
5,2,91,0.783776947484701
5,2,92,0.836640741941167
5,2,93,0.650022421648354
5,2,94,0.650022421648354
5,2,95,0.783776947484701
5,2,96,0.783776947484701
5,2,97,0.650022421648354
5,2,98,0.836640741941167
5,2,99,0.721928094887362
5,2,100,0.650022421648354
5,2,101,0.836640741941167
5,2,102,0.566509506552905
5,2,103,0.721928094887362
5,2,104,0.650022421648354
5,2,105,0.650022421648354
5,2,106,0.91829583405449
5,2,107,0.836640741941167
5,2,108,0.721928094887362
5,2,109,0.783776947484701
5,2,110,0.881290899230693
5,2,111,0.721928094887362
5,2,112,0.650022421648354
5,2,113,0.836640741941167
5,2,114,0.721928094887362
5,2,115,0.783776947484701
5,2,116,0.783776947484701
5,2,117,0.650022421648354
5,2,118,0.721928094887362
5,2,119,0.783776947484701
5,2,120,0.721928094887362
5,2,121,0.721928094887362
5,2,122,0.721928094887362
5,2,123,0.650022421648354
5,2,124,0.836640741941167
5,2,125,0.783776947484701
5,2,126,0.783776947484701
5,2,127,0.566509506552905
5,2,128,0.721928094887362
5,2,129,0.783776947484701
5,2,130,0.881290899230693
5,2,131,0.783776947484701
5,2,132,0.721928094887362
5,2,133,0.721928094887362
5,2,134,0.650022421648354
5,2,135,0.836640741941167
5,2,136,0.650022421648354
5,2,137,0.721928094887362
5,2,138,0.721928094887362
5,2,139,0.836640741941167
5,2,140,0.836640741941167
5,2,141,0.566509506552905
5,2,142,0.836640741941167
5,2,143,0.650022421648354
5,2,144,0.650022421648354
5,2,145,0.783776947484701
5,2,146,0.881290899230693
5,2,147,0.783776947484701
5,2,148,0.783776947484701
5,2,149,0.650022421648354
5,2,150,0.783776947484701
5,2,151,0.783776947484701
5,2,152,0.881290899230693
5,2,153,0.721928094887362
5,2,154,0.881290899230693
5,2,155,0.836640741941167
5,2,156,0.836640741941167
5,2,157,0.783776947484701
5,2,158,0.650022421648354
5,2,159,0.783776947484701
5,2,160,0.836640741941167
5,2,161,0.836640741941167
5,2,162,0.783776947484701
5,2,163,0.783776947484701
5,2,164,0.650022421648354
5,2,165,0.721928094887362
5,2,166,0.836640741941167
5,2,167,0.650022421648354
5,2,168,0.721928094887362
5,2,169,0.836640741941167
5,2,170,0.566509506552905
5,2,171,0.881290899230693
5,2,172,0.650022421648354
5,2,173,0.783776947484701
5,2,174,0.91829583405449
5,2,175,0.836640741941167
5,2,176,0.650022421648354
5,2,177,0.721928094887362
5,2,178,0.721928094887362
5,2,179,0.566509506552905
5,2,180,0.836640741941167
5,2,181,0.783776947484701
5,2,182,0.783776947484701
5,2,183,0.783776947484701
5,2,184,0.783776947484701
5,2,185,0.91829583405449
5,2,186,0.721928094887362
5,2,187,0.721928094887362
5,2,188,0.650022421648354
5,2,189,0.783776947484701
5,2,190,0.650022421648354
5,2,191,0.783776947484701
5,2,192,0.721928094887362
5,2,193,0.650022421648354
5,2,194,0.650022421648354
5,2,195,0.721928094887362
5,2,196,0.783776947484701
5,2,197,0.783776947484701
5,2,198,0.836640741941167
5,2,199,0.721928094887362
5,2,200,0.836640741941167
5,2,201,0.650022421648354
5,2,202,0.91829583405449
5,2,203,0.566509506552905
5,2,204,0.783776947484701
5,2,205,0.721928094887362
5,2,206,0.721928094887362
5,2,207,0.650022421648354
5,2,208,0.836640741941167
5,2,209,0.783776947484701
5,2,210,0.721928094887362
5,2,211,0.783776947484701
5,2,212,0.721928094887362
5,2,213,0.650022421648354
5,2,214,0.721928094887362
5,2,215,0.783776947484701
5,2,216,0.783776947484701
5,2,217,0.783776947484701
5,2,218,0.721928094887362
5,2,219,0.566509506552905
5,2,220,0.721928094887362
5,2,221,0.721928094887362
5,2,222,0.650022421648354
5,2,223,0.721928094887362
5,2,224,0.783776947484701
5,2,225,0.721928094887362
5,2,226,0.721928094887362
5,2,227,0.836640741941167
5,2,228,0.468995593589281
5,2,229,0.783776947484701
5,2,230,0.836640741941167
5,2,231,0.881290899230693
5,2,232,0.783776947484701
5,2,233,0.783776947484701
5,2,234,0.721928094887362
5,2,235,0.91829583405449
5,2,236,0.721928094887362
5,2,237,0.721928094887362
5,2,238,0.721928094887362
5,2,239,0.783776947484701
5,2,240,0.721928094887362
5,2,241,0.91829583405449
5,2,242,0.721928094887362
5,2,243,0.91829583405449
5,2,244,0.836640741941167
5,2,245,0.566509506552905
5,2,246,0.721928094887362
5,2,247,0.783776947484701
5,2,248,0.783776947484701
5,2,249,0.881290899230693
5,2,250,0.650022421648354
5,2,251,0.836640741941167
5,2,252,0.836640741941167
5,2,253,0.783776947484701
5,2,254,0.836640741941167
5,2,255,0.650022421648354
5,2,256,0.783776947484701
5,2,257,0.566509506552905
5,2,258,0.783776947484701
5,2,259,0.881290899230693
5,2,260,0.783776947484701
5,2,261,0.783776947484701
5,2,262,0.881290899230693
5,2,263,0.650022421648354
5,2,264,0.721928094887362
5,2,265,0.783776947484701
5,2,266,0.566509506552905
5,2,267,0.836640741941167
5,2,268,0.783776947484701
5,2,269,0.721928094887362
5,2,270,0.566509506552905
5,2,271,0.566509506552905
5,2,272,0.650022421648354
5,2,273,0.836640741941167
5,2,274,0.721928094887362
5,2,275,0.721928094887362
5,2,276,0.783776947484701
5,2,277,0.91829583405449
5,2,278,0.650022421648354
5,2,279,0.836640741941167
5,2,280,0.650022421648354
5,2,281,0.836640741941167
5,2,282,0.566509506552905
5,2,283,0.783776947484701
5,2,284,0.836640741941167
5,2,285,0.650022421648354
5,2,286,0.721928094887362
5,2,287,0.836640741941167
5,2,288,0.783776947484701
5,2,289,0.836640741941167
5,2,290,0.566509506552905
5,2,291,0.783776947484701
5,2,292,0.783776947484701
5,2,293,0.783776947484701
5,2,294,0.836640741941167
5,2,295,0.836640741941167
5,2,296,0.721928094887362
5,2,297,0.783776947484701
5,2,298,0.881290899230693
5,2,299,0.783776947484701
5,2,300,0.721928094887362
5,2,301,0.721928094887362
5,2,302,0.783776947484701
5,2,303,0.468995593589281
5,2,304,0.566509506552905
5,2,305,0.650022421648354
5,2,306,0.783776947484701
5,2,307,0.783776947484701
5,2,308,0.721928094887362
5,2,309,0.650022421648354
5,2,310,0.836640741941167
5,2,311,0.721928094887362
5,2,312,0.650022421648354
5,2,313,0.721928094887362
5,2,314,0.783776947484701
5,2,315,0.783776947484701
5,2,316,0.650022421648354
5,2,317,0.721928094887362
5,2,318,0.721928094887362
5,2,319,0.721928094887362
5,2,320,0.783776947484701
5,2,321,0.783776947484701
5,2,322,0.783776947484701
5,2,323,0.783776947484701
5,2,324,0.566509506552905
5,2,325,0.721928094887362
5,2,326,0.650022421648354
5,2,327,0.721928094887362
5,2,328,0.566509506552905
5,2,329,0.721928094887362
5,2,330,0.783776947484701
5,2,331,0.353359335021421
5,2,332,0.783776947484701
5,2,333,0.650022421648354
5,2,334,0.783776947484701
5,2,335,0.566509506552905
5,2,336,0.566509506552905
5,2,337,0.721928094887362
5,2,338,0.566509506552905
5,2,339,0.721928094887362
5,2,340,0.650022421648354
5,2,341,0.650022421648354
5,2,342,0.721928094887362
5,2,343,0.650022421648354
5,2,344,0.836640741941167
5,2,345,0.783776947484701
5,2,346,0.783776947484701
5,2,347,0.836640741941167
5,2,348,0.836640741941167
5,2,349,0.881290899230693
5,2,350,0.836640741941167
5,2,351,0.783776947484701
5,2,352,0.881290899230693
5,2,353,0.721928094887362
5,2,354,0.836640741941167
5,2,355,0.783776947484701
5,2,356,0.650022421648354
5,2,357,0.566509506552905
5,2,358,0.650022421648354
5,2,359,0.783776947484701
5,2,360,0.836640741941167
5,2,361,0.650022421648354
5,2,362,0.836640741941167
5,2,363,0.566509506552905
5,2,364,0.650022421648354
5,2,365,0.566509506552905
5,2,366,0.783776947484701
5,2,367,0.721928094887362
5,2,368,0.836640741941167
5,2,369,0.721928094887362
5,2,370,0.836640741941167
5,2,371,0.881290899230693
5,2,372,0.783776947484701
5,2,373,0.783776947484701
5,2,374,0.836640741941167
5,2,375,0.881290899230693
5,2,376,0.783776947484701
5,2,377,0.721928094887362
5,2,378,0.721928094887362
5,2,379,0.650022421648354
5,2,380,0.783776947484701
5,2,381,0.468995593589281
5,2,382,0.783776947484701
5,2,383,0.566509506552905
5,2,384,0.353359335021421
5,2,385,0.91829583405449
5,2,386,0.783776947484701
5,2,387,0.721928094887362
5,2,388,0.721928094887362
5,2,389,0.783776947484701
5,2,390,0.783776947484701
5,2,391,0.836640741941167
5,2,392,0.836640741941167
5,2,393,0.566509506552905
5,2,394,0.836640741941167
5,2,395,0.566509506552905
5,2,396,0.566509506552905
5,2,397,0.566509506552905
5,2,398,0.721928094887362
5,2,399,0.650022421648354
5,2,400,0.836640741941167
5,3,1,0.619315131860283
5,3,2,0.486032805473784
5,3,3,0.619315131860283
5,3,4,0.537509612264899
5,3,5,0.357427703365312
5,3,6,0.410118486306518
5,3,7,0.494508196331511
5,3,8,0.295903274289385
5,3,9,0.678014589048823
5,3,10,0.581612453754885
5,3,11,0.425675637651034
5,3,12,0.651288847019223
5,3,13,0.455485915003595
5,3,14,0.581612453754885
5,3,15,0.486032805473784
5,3,16,0.486032805473784
5,3,17,0.619315131860283
5,3,18,0.494508196331511
5,3,19,0.581612453754885
5,3,20,0.537509612264899
5,3,21,0.410118486306518
5,3,22,0.581612453754885
5,3,23,0.651288847019223
5,3,24,0.486032805473784
5,3,25,0.410118486306518
5,3,26,0.494508196331511
5,3,27,0.619315131860283
5,3,28,0.425675637651034
5,3,29,0.494508196331511
5,3,30,0.494508196331511
5,3,31,0.581612453754885
5,3,32,0.410118486306518
5,3,33,0.494508196331511
5,3,34,0.410118486306518
5,3,35,0.537509612264899
5,3,36,0.537509612264899
5,3,37,0.527861537140782
5,3,38,0.455485915003595
5,3,39,0.410118486306518
5,3,40,0.581612453754885
5,3,41,0.357427703365312
5,3,42,0.486032805473784
5,3,43,0.494508196331511
5,3,44,0.581612453754885
5,3,45,0.556032649876389
5,3,46,0.455485915003595
5,3,47,0.486032805473784
5,3,48,0.651288847019223
5,3,49,0.619315131860283
5,3,50,0.678014589048823
5,3,51,0.527861537140782
5,3,52,0.619315131860283
5,3,53,0.619315131860283
5,3,54,0.527861537140782
5,3,55,0.410118486306518
5,3,56,0.494508196331511
5,3,57,0.494508196331511
5,3,58,0.619315131860283
5,3,59,0.537509612264899
5,3,60,0.486032805473784
5,3,61,0.486032805473784
5,3,62,0.537509612264899
5,3,63,0.651288847019223
5,3,64,0.537509612264899
5,3,65,0.581612453754885
5,3,66,0.486032805473784
5,3,67,0.537509612264899
5,3,68,0.556032649876389
5,3,69,0.619315131860283
5,3,70,0.494508196331511
5,3,71,0.410118486306518
5,3,72,0.357427703365312
5,3,73,0.353841290717954
5,3,74,0.410118486306518
5,3,75,0.619315131860283
5,3,76,0.455485915003595
5,3,77,0.537509612264899
5,3,78,0.410118486306518
5,3,79,0.537509612264899
5,3,80,0.455485915003595
5,3,81,0.455485915003595
5,3,82,0.581612453754885
5,3,83,0.494508196331511
5,3,84,0.455485915003595
5,3,85,0.455485915003595
5,3,86,0.581612453754885
5,3,87,0.527861537140782
5,3,88,0.581612453754885
5,3,89,0.486032805473784
5,3,90,0.357427703365312
5,3,91,0.410118486306518
5,3,92,0.619315131860283
5,3,93,0.410118486306518
5,3,94,0.486032805473784
5,3,95,0.619315131860283
5,3,96,0.410118486306518
5,3,97,0.357427703365312
5,3,98,0.410118486306518
5,3,99,0.494508196331511
5,3,100,0.410118486306518
5,3,101,0.410118486306518
5,3,102,0.494508196331511
5,3,103,0.410118486306518
5,3,104,0.678014589048823
5,3,105,0.619315131860283
5,3,106,0.651288847019223
5,3,107,0.581612453754885
5,3,108,0.619315131860283
5,3,109,0.537509612264899
5,3,110,0.410118486306518
5,3,111,0.581612453754885
5,3,112,0.425675637651034
5,3,113,0.455485915003595
5,3,114,0.455485915003595
5,3,115,0.537509612264899
5,3,116,0.410118486306518
5,3,117,0.537509612264899
5,3,118,0.581612453754885
5,3,119,0.455485915003595
5,3,120,0.581612453754885
5,3,121,0.410118486306518
5,3,122,0.425675637651034
5,3,123,0.222944918167239
5,3,124,0.410118486306518
5,3,125,0.619315131860283
5,3,126,0.537509612264899
5,3,127,0.651288847019223
5,3,128,0.537509612264899
5,3,129,0.581612453754885
5,3,130,0.455485915003595
5,3,131,0.651288847019223
5,3,132,0.455485915003595
5,3,133,0.410118486306518
5,3,134,0.651288847019223
5,3,135,0.581612453754885
5,3,136,0.357427703365312
5,3,137,0.581612453754885
5,3,138,0.527861537140782
5,3,139,0.486032805473784
5,3,140,0.619315131860283
5,3,141,0.410118486306518
5,3,142,0.537509612264899
5,3,143,0.455485915003595
5,3,144,0.537509612264899
5,3,145,0.455485915003595
5,3,146,0.410118486306518
5,3,147,0.410118486306518
5,3,148,0.410118486306518
5,3,149,0.581612453754885
5,3,150,0.455485915003595
5,3,151,0.494508196331511
5,3,152,0.357427703365312
5,3,153,0.619315131860283
5,3,154,0.425675637651034
5,3,155,0.581612453754885
5,3,156,0.486032805473784
5,3,157,0.357427703365312
5,3,158,0.353841290717954
5,3,159,0.486032805473784
5,3,160,0.455485915003595
5,3,161,0.619315131860283
5,3,162,0.556032649876389
5,3,163,0.537509612264899
5,3,164,0.455485915003595
5,3,165,0.455485915003595
5,3,166,0.425675637651034
5,3,167,0.537509612264899
5,3,168,0.357427703365312
5,3,169,0.619315131860283
5,3,170,0.619315131860283
5,3,171,0.619315131860283
5,3,172,0.619315131860283
5,3,173,0.619315131860283
5,3,174,0.486032805473784
5,3,175,0.410118486306518
5,3,176,0.537509612264899
5,3,177,0.619315131860283
5,3,178,0.581612453754885
5,3,179,0.455485915003595
5,3,180,0.537509612264899
5,3,181,0.537509612264899
5,3,182,0.455485915003595
5,3,183,0.494508196331511
5,3,184,0.619315131860283
5,3,185,0.494508196331511
5,3,186,0.581612453754885
5,3,187,0.455485915003595
5,3,188,0.537509612264899
5,3,189,0.494508196331511
5,3,190,0.494508196331511
5,3,191,0.425675637651034
5,3,192,0.537509612264899
5,3,193,0.527861537140782
5,3,194,0.357427703365312
5,3,195,0.357427703365312
5,3,196,0.556032649876389
5,3,197,0.455485915003595
5,3,198,0.222944918167239
5,3,199,0.619315131860283
5,3,200,0.619315131860283
5,3,201,0.527861537140782
5,3,202,0.619315131860283
5,3,203,0.537509612264899
5,3,204,0.357427703365312
5,3,205,0.581612453754885
5,3,206,0.425675637651034
5,3,207,0.581612453754885
5,3,208,0.494508196331511
5,3,209,0.651288847019223
5,3,210,0.486032805473784
5,3,211,0.357427703365312
5,3,212,0.537509612264899
5,3,213,0.410118486306518
5,3,214,0.537509612264899
5,3,215,0.537509612264899
5,3,216,0.581612453754885
5,3,217,0.410118486306518
5,3,218,0.494508196331511
5,3,219,0.494508196331511
5,3,220,0.455485915003595
5,3,221,0.581612453754885
5,3,222,0.295903274289385
5,3,223,0.357427703365312
5,3,224,0.410118486306518
5,3,225,0.678014589048823
5,3,226,0.486032805473784
5,3,227,0.556032649876389
5,3,228,0.455485915003595
5,3,229,0.556032649876389
5,3,230,0.410118486306518
5,3,231,0.619315131860283
5,3,232,0.619315131860283
5,3,233,0.295903274289385
5,3,234,0.410118486306518
5,3,235,0.357427703365312
5,3,236,0.581612453754885
5,3,237,0.619315131860283
5,3,238,0.651288847019223
5,3,239,0.527861537140782
5,3,240,0.455485915003595
5,3,241,0.581612453754885
5,3,242,0.295903274289385
5,3,243,0.486032805473784
5,3,244,0.486032805473784
5,3,245,0.410118486306518
5,3,246,0.410118486306518
5,3,247,0.651288847019223
5,3,248,0.295903274289385
5,3,249,0.581612453754885
5,3,250,0.537509612264899
5,3,251,0.486032805473784
5,3,252,0.581612453754885
5,3,253,0.581612453754885
5,3,254,0.619315131860283
5,3,255,0.357427703365312
5,3,256,0.581612453754885
5,3,257,0.527861537140782
5,3,258,0.494508196331511
5,3,259,0.581612453754885
5,3,260,0.527861537140782
5,3,261,0.410118486306518
5,3,262,0.581612453754885
5,3,263,0.651288847019223
5,3,264,0.357427703365312
5,3,265,0.619315131860283
5,3,266,0.425675637651034
5,3,267,0.357427703365312
5,3,268,0.651288847019223
5,3,269,0.425675637651034
5,3,270,0.410118486306518
5,3,271,0.494508196331511
5,3,272,0.486032805473784
5,3,273,0.455485915003595
5,3,274,0.410118486306518
5,3,275,0.494508196331511
5,3,276,0.556032649876389
5,3,277,0.651288847019223
5,3,278,0.455485915003595
5,3,279,0.581612453754885
5,3,280,0.537509612264899
5,3,281,0.619315131860283
5,3,282,0.537509612264899
5,3,283,0.410118486306518
5,3,284,0.486032805473784
5,3,285,0.455485915003595
5,3,286,0.537509612264899
5,3,287,0.410118486306518
5,3,288,0.651288847019223
5,3,289,0.425675637651034
5,3,290,0.619315131860283
5,3,291,0.455485915003595
5,3,292,0.537509612264899
5,3,293,0.425675637651034
5,3,294,0.486032805473784
5,3,295,0.357427703365312
5,3,296,0.651288847019223
5,3,297,0.295903274289385
5,3,298,0.410118486306518
5,3,299,0.486032805473784
5,3,300,0.651288847019223
5,3,301,0.455485915003595
5,3,302,0.527861537140782
5,3,303,0.455485915003595
5,3,304,0.494508196331511
5,3,305,0.537509612264899
5,3,306,0.494508196331511
5,3,307,0.357427703365312
5,3,308,0.357427703365312
5,3,309,0.455485915003595
5,3,310,0.494508196331511
5,3,311,0.537509612264899
5,3,312,0.455485915003595
5,3,313,0.619315131860283
5,3,314,0.494508196331511
5,3,315,0.455485915003595
5,3,316,0.527861537140782
5,3,317,0.494508196331511
5,3,318,0.581612453754885
5,3,319,0.455485915003595
5,3,320,0.537509612264899
5,3,321,0.295903274289385
5,3,322,0.486032805473784
5,3,323,0.357427703365312
5,3,324,0.651288847019223
5,3,325,0.486032805473784
5,3,326,0.581612453754885
5,3,327,0.527861537140782
5,3,328,0.537509612264899
5,3,329,0.455485915003595
5,3,330,0.537509612264899
5,3,331,0.455485915003595
5,3,332,0.651288847019223
5,3,333,0.537509612264899
5,3,334,0.357427703365312
5,3,335,0.581612453754885
5,3,336,0.581612453754885
5,3,337,0.581612453754885
5,3,338,0.581612453754885
5,3,339,0.581612453754885
5,3,340,0.455485915003595
5,3,341,0.651288847019223
5,3,342,0.651288847019223
5,3,343,0.494508196331511
5,3,344,0.410118486306518
5,3,345,0.581612453754885
5,3,346,0.295903274289385
5,3,347,0.410118486306518
5,3,348,0.619315131860283
5,3,349,0.581612453754885
5,3,350,0.295903274289385
5,3,351,0.537509612264899
5,3,352,0.455485915003595
5,3,353,0.425675637651034
5,3,354,0.537509612264899
5,3,355,0.619315131860283
5,3,356,0.678014589048823
5,3,357,0.581612453754885
5,3,358,0.619315131860283
5,3,359,0.581612453754885
5,3,360,0.357427703365312
5,3,361,0.410118486306518
5,3,362,0.357427703365312
5,3,363,0.486032805473784
5,3,364,0.486032805473784
5,3,365,0.537509612264899
5,3,366,0.537509612264899
5,3,367,0.486032805473784
5,3,368,0.537509612264899
5,3,369,0.537509612264899
5,3,370,0.581612453754885
5,3,371,0.537509612264899
5,3,372,0.410118486306518
5,3,373,0.678014589048823
5,3,374,0.410118486306518
5,3,375,0.537509612264899
5,3,376,0.527861537140782
5,3,377,0.410118486306518
5,3,378,0.619315131860283
5,3,379,0.455485915003595
5,3,380,0.537509612264899
5,3,381,0.455485915003595
5,3,382,0.357427703365312
5,3,383,0.455485915003595
5,3,384,0.486032805473784
5,3,385,0.455485915003595
5,3,386,0.678014589048823
5,3,387,0.527861537140782
5,3,388,0.410118486306518
5,3,389,0.537509612264899
5,3,390,0.494508196331511
5,3,391,0.678014589048823
5,3,392,0.494508196331511
5,3,393,0.486032805473784
5,3,394,0.619315131860283
5,3,395,0.455485915003595
5,3,396,0.527861537140782
5,3,397,0.651288847019223
5,3,398,0.651288847019223
5,3,399,0.494508196331511
5,3,400,0.619315131860283
5,4,1,0.360964047443681
5,4,2,0.559824120898468
5,4,3,0.552746547982404
5,4,4,0.360964047443681
5,4,5,0.490795630063863
5,4,6,0.460916964576955
5,4,7,0.460916964576955
5,4,8,0.525919206741791
5,4,9,0.516134199831693
5,4,10,0.55461356939923
5,4,11,0.425966289608517
5,4,12,0.418320370970584
5,4,13,0.486126964182463
5,4,14,0.418320370970584
5,4,15,0.45279363084913
5,4,16,0.526490787565135
5,4,17,0.486126964182463
5,4,18,0.516134199831693
5,4,19,0.516134199831693
5,4,20,0.537313849292125
5,4,21,0.460916964576955
5,4,22,0.624304616426244
5,4,23,0.460916964576955
5,4,24,0.555276125591639
5,4,25,0.418320370970584
5,4,26,0.460916964576955
5,4,27,0.460916964576955
5,4,28,0.460916964576955
5,4,29,0.537313849292125
5,4,30,0.492585873408457
5,4,31,0.552746547982404
5,4,32,0.490795630063863
5,4,33,0.283254753276453
5,4,34,0.552746547982404
5,4,35,0.490795630063863
5,4,36,0.425966289608517
5,4,37,0.525919206741791
5,4,38,0.425966289608517
5,4,39,0.651944525268418
5,4,40,0.588609458924973
5,4,41,0.59149302972997
5,4,42,0.651944525268418
5,4,43,0.45279363084913
5,4,44,0.552746547982404
5,4,45,0.612802599508472
5,4,46,0.612802599508472
5,4,47,0.525919206741791
5,4,48,0.525919206741791
5,4,49,0.624304616426244
5,4,50,0.418320370970584
5,4,51,0.526490787565135
5,4,52,0.283254753276453
5,4,53,0.526490787565135
5,4,54,0.349921419943119
5,4,55,0.612802599508472
5,4,56,0.349921419943119
5,4,57,0.425966289608517
5,4,58,0.425966289608517
5,4,59,0.579469266175139
5,4,60,0.525919206741791
5,4,61,0.490795630063863
5,4,62,0.425966289608517
5,4,63,0.460916964576955
5,4,64,0.280412588497365
5,4,65,0.588609458924973
5,4,66,0.537313849292125
5,4,67,0.418320370970584
5,4,68,0.526490787565135
5,4,69,0.385171885398124
5,4,70,0.516134199831693
5,4,71,0.490795630063863
5,4,72,0.460916964576955
5,4,73,0.552746547982404
5,4,74,0.492585873408457
5,4,75,0.516134199831693
5,4,76,0.63277950166411
5,4,77,0.559824120898468
5,4,78,0.385171885398124
5,4,79,0.624304616426244
5,4,80,0.559824120898468
5,4,81,0.325011210824177
5,4,82,0.460916964576955
5,4,83,0.516134199831693
5,4,84,0.588609458924973
5,4,85,0.651944525268418
5,4,86,0.555276125591639
5,4,87,0.537313849292125
5,4,88,0.516134199831693
5,4,89,0.526490787565135
5,4,90,0.486126964182463
5,4,91,0.486126964182463
5,4,92,0.425966289608517
5,4,93,0.624304616426244
5,4,94,0.486126964182463
5,4,95,0.360964047443681
5,4,96,0.4392570936954
5,4,97,0.460916964576955
5,4,98,0.525919206741791
5,4,99,0.612802599508472
5,4,100,0.516134199831693
5,4,101,0.559824120898468
5,4,102,0.674934918547124
5,4,103,0.460916964576955
5,4,104,0.612802599508472
5,4,105,0.385171885398124
5,4,106,0.280412588497365
5,4,107,0.490795630063863
5,4,108,0.492585873408457
5,4,109,0.579469266175139
5,4,110,0.425966289608517
5,4,111,0.492585873408457
5,4,112,0.552746547982404
5,4,113,0.418320370970584
5,4,114,0.525919206741791
5,4,115,0.651944525268418
5,4,116,0.490795630063863
5,4,117,0.360964047443681
5,4,118,0.559824120898468
5,4,119,0.425966289608517
5,4,120,0.579469266175139
5,4,121,0.525919206741791
5,4,122,0.516134199831693
5,4,123,0.425966289608517
5,4,124,0.360964047443681
5,4,125,0.579469266175139
5,4,126,0.325011210824177
5,4,127,0.59149302972997
5,4,128,0.490795630063863
5,4,129,0.624304616426244
5,4,130,0.418320370970584
5,4,131,0.559824120898468
5,4,132,0.460916964576955
5,4,133,0.624304616426244
5,4,134,0.337339961573728
5,4,135,0.525919206741791
5,4,136,0.490795630063863
5,4,137,0.460916964576955
5,4,138,0.612802599508472
5,4,139,0.516134199831693
5,4,140,0.425966289608517
5,4,141,0.63277950166411
5,4,142,0.526490787565135
5,4,143,0.490795630063863
5,4,144,0.63277950166411
5,4,145,0.612802599508472
5,4,146,0.516134199831693
5,4,147,0.525919206741791
5,4,148,0.460916964576955
5,4,149,0.460916964576955
5,4,150,0.490795630063863
5,4,151,0.506878839146406
5,4,152,0.559824120898468
5,4,153,0.490795630063863
5,4,154,0.516134199831693
5,4,155,0.525919206741791
5,4,156,0.325011210824177
5,4,157,0.325011210824177
5,4,158,0.624304616426244
5,4,159,0.555276125591639
5,4,160,0.492585873408457
5,4,161,0.579469266175139
5,4,162,0.59149302972997
5,4,163,0.559824120898468
5,4,164,0.490795630063863
5,4,165,0.325011210824177
5,4,166,0.693645713821885
5,4,167,0.4392570936954
5,4,168,0.612802599508472
5,4,169,0.490795630063863
5,4,170,0.337339961573728
5,4,171,0.63277950166411
5,4,172,0.525919206741791
5,4,173,0.624304616426244
5,4,174,0.588609458924973
5,4,175,0.490795630063863
5,4,176,0.588609458924973
5,4,177,0.588609458924973
5,4,178,0.460916964576955
5,4,179,0.624304616426244
5,4,180,0.425966289608517
5,4,181,0.425966289608517
5,4,182,0.59149302972997
5,4,183,0.440645449615346
5,4,184,0.490795630063863
5,4,185,0.55461356939923
5,4,186,0.651944525268418
5,4,187,0.490795630063863
5,4,188,0.486126964182463
5,4,189,0.579469266175139
5,4,190,0.490795630063863
5,4,191,0.425966289608517
5,4,192,0.45279363084913
5,4,193,0.516134199831693
5,4,194,0.559824120898468
5,4,195,0.559824120898468
5,4,196,0.588609458924973
5,4,197,0.579469266175139
5,4,198,0.418320370970584
5,4,199,0.418320370970584
5,4,200,0.360964047443681
5,4,201,0.516134199831693
5,4,202,0.460916964576955
5,4,203,0.490795630063863
5,4,204,0.559824120898468
5,4,205,0.516134199831693
5,4,206,0.405923760362066
5,4,207,0.490795630063863
5,4,208,0.460916964576955
5,4,209,0.460916964576955
5,4,210,0.486126964182463
5,4,211,0.59149302972997
5,4,212,0.490795630063863
5,4,213,0.425966289608517
5,4,214,0.555276125591639
5,4,215,0.624304616426244
5,4,216,0.559824120898468
5,4,217,0.425966289608517
5,4,218,0.526490787565135
5,4,219,0.506878839146406
5,4,220,0.552746547982404
5,4,221,0.516134199831693
5,4,222,0.490795630063863
5,4,223,0.490795630063863
5,4,224,0.385171885398124
5,4,225,0.486126964182463
5,4,226,0.525919206741791
5,4,227,0.460916964576955
5,4,228,0.559824120898468
5,4,229,0.559824120898468
5,4,230,0.525919206741791
5,4,231,0.559824120898468
5,4,232,0.39188847374235
5,4,233,0.559824120898468
5,4,234,0.526490787565135
5,4,235,0.337339961573728
5,4,236,0.486126964182463
5,4,237,0.59149302972997
5,4,238,0.360964047443681
5,4,239,0.460916964576955
5,4,240,0.325011210824177
5,4,241,0.588609458924973
5,4,242,0.490795630063863
5,4,243,0.59149302972997
5,4,244,0.525919206741791
5,4,245,0.490795630063863
5,4,246,0.559824120898468
5,4,247,0.624304616426244
5,4,248,0.39188847374235
5,4,249,0.425966289608517
5,4,250,0.525919206741791
5,4,251,0.460916964576955
5,4,252,0.460916964576955
5,4,253,0.460916964576955
5,4,254,0.559824120898468
5,4,255,0.490795630063863
5,4,256,0.460916964576955
5,4,257,0.39188847374235
5,4,258,0.45279363084913
5,4,259,0.490795630063863
5,4,260,0.360964047443681
5,4,261,0.612802599508472
5,4,262,0.651944525268418
5,4,263,0.516134199831693
5,4,264,0.588609458924973
5,4,265,0.39188847374235
5,4,266,0.651944525268418
5,4,267,0.492585873408457
5,4,268,0.460916964576955
5,4,269,0.460916964576955
5,4,270,0.490795630063863
5,4,271,0.624304616426244
5,4,272,0.516134199831693
5,4,273,0.425966289608517
5,4,274,0.460916964576955
5,4,275,0.516134199831693
5,4,276,0.492585873408457
5,4,277,0.552746547982404
5,4,278,0.337339961573728
5,4,279,0.460916964576955
5,4,280,0.59149302972997
5,4,281,0.537313849292125
5,4,282,0.59149302972997
5,4,283,0.588609458924973
5,4,284,0.552746547982404
5,4,285,0.579469266175139
5,4,286,0.460916964576955
5,4,287,0.425966289608517
5,4,288,0.525919206741791
5,4,289,0.4392570936954
5,4,290,0.588609458924973
5,4,291,0.555276125591639
5,4,292,0.588609458924973
5,4,293,0.490795630063863
5,4,294,0.59149302972997
5,4,295,0.385171885398124
5,4,296,0.525919206741791
5,4,297,0.45279363084913
5,4,298,0.460916964576955
5,4,299,0.525919206741791
5,4,300,0.555276125591639
5,4,301,0.559824120898468
5,4,302,0.624304616426244
5,4,303,0.418320370970584
5,4,304,0.555276125591639
5,4,305,0.651944525268418
5,4,306,0.337339961573728
5,4,307,0.559824120898468
5,4,308,0.490795630063863
5,4,309,0.4392570936954
5,4,310,0.490795630063863
5,4,311,0.418320370970584
5,4,312,0.525919206741791
5,4,313,0.559824120898468
5,4,314,0.588609458924973
5,4,315,0.39188847374235
5,4,316,0.486126964182463
5,4,317,0.385171885398124
5,4,318,0.385171885398124
5,4,319,0.526490787565135
5,4,320,0.425966289608517
5,4,321,0.525919206741791
5,4,322,0.59149302972997
5,4,323,0.59149302972997
5,4,324,0.624304616426244
5,4,325,0.490795630063863
5,4,326,0.59149302972997
5,4,327,0.360964047443681
5,4,328,0.588609458924973
5,4,329,0.492585873408457
5,4,330,0.39188847374235
5,4,331,0.385171885398124
5,4,332,0.492585873408457
5,4,333,0.59149302972997
5,4,334,0.537313849292125
5,4,335,0.337339961573728
5,4,336,0.490795630063863
5,4,337,0.486126964182463
5,4,338,0.460916964576955
5,4,339,0.624304616426244
5,4,340,0.63277950166411
5,4,341,0.425966289608517
5,4,342,0.425966289608517
5,4,343,0.490795630063863
5,4,344,0.526490787565135
5,4,345,0.612802599508472
5,4,346,0.283254753276453
5,4,347,0.490795630063863
5,4,348,0.525919206741791
5,4,349,0.506878839146406
5,4,350,0.486126964182463
5,4,351,0.555276125591639
5,4,352,0.624304616426244
5,4,353,0.506878839146406
5,4,354,0.460916964576955
5,4,355,0.490795630063863
5,4,356,0.537313849292125
5,4,357,0.385171885398124
5,4,358,0.490795630063863
5,4,359,0.674934918547124
5,4,360,0.325011210824177
5,4,361,0.39188847374235
5,4,362,0.360964047443681
5,4,363,0.506878839146406
5,4,364,0.651944525268418
5,4,365,0.612802599508472
5,4,366,0.651944525268418
5,4,367,0.460916964576955
5,4,368,0.59149302972997
5,4,369,0.559824120898468
5,4,370,0.425966289608517
5,4,371,0.486126964182463
5,4,372,0.506878839146406
5,4,373,0.516134199831693
5,4,374,0.525919206741791
5,4,375,0.588609458924973
5,4,376,0.59149302972997
5,4,377,0.385171885398124
5,4,378,0.526490787565135
5,4,379,0.337339961573728
5,4,380,0.588609458924973
5,4,381,0.588609458924973
5,4,382,0.4392570936954
5,4,383,0.624304616426244
5,4,384,0.460916964576955
5,4,385,0.486126964182463
5,4,386,0.516134199831693
5,4,387,0.559824120898468
5,4,388,0.425966289608517
5,4,389,0.486126964182463
5,4,390,0.526490787565135
5,4,391,0.490795630063863
5,4,392,0.624304616426244
5,4,393,0.59149302972997
5,4,394,0.651944525268418
5,4,395,0.337339961573728
5,4,396,0.385171885398124
5,4,397,0.674934918547124
5,4,398,0.385171885398124
5,4,399,0.651944525268418
5,4,400,0.460916964576955
7,2,1,0.650022421648354
7,2,2,0.566509506552905
7,2,3,0.650022421648354
7,2,4,0.650022421648354
7,2,5,0.721928094887362
7,2,6,0.650022421648354
7,2,7,0.210842300318532
7,2,8,0.650022421648354
7,2,9,0.566509506552905
7,2,10,0.468995593589281
7,2,11,0.353359335021421
7,2,12,0.468995593589281
7,2,13,0.210842300318532
7,2,14,0.353359335021421
7,2,15,0.353359335021421
7,2,16,0.353359335021421
7,2,17,0.468995593589281
7,2,18,0.468995593589281
7,2,19,0.566509506552905
7,2,20,0.468995593589281
7,2,21,0.468995593589281
7,2,22,0.566509506552905
7,2,23,0.566509506552905
7,2,24,0.566509506552905
7,2,25,0.566509506552905
7,2,26,0.650022421648354
7,2,27,0.650022421648354
7,2,28,0.566509506552905
7,2,29,0.566509506552905
7,2,30,0.468995593589281
7,2,31,0.566509506552905
7,2,32,0.566509506552905
7,2,33,0.566509506552905
7,2,34,0.353359335021421
7,2,35,0.566509506552905
7,2,36,0.468995593589281
7,2,37,0.468995593589281
7,2,38,0.566509506552905
7,2,39,0.566509506552905
7,2,40,0.650022421648354
7,2,41,0.650022421648354
7,2,42,0.468995593589281
7,2,43,0.468995593589281
7,2,44,0.721928094887362
7,2,45,0.650022421648354
7,2,46,0.468995593589281
7,2,47,0.353359335021421
7,2,48,0.566509506552905
7,2,49,0.566509506552905
7,2,50,0.353359335021421
7,2,51,0.566509506552905
7,2,52,0.468995593589281
7,2,53,0.566509506552905
7,2,54,0.468995593589281
7,2,55,0.650022421648354
7,2,56,0.353359335021421
7,2,57,0.721928094887362
7,2,58,0.353359335021421
7,2,59,0.468995593589281
7,2,60,0.468995593589281
7,2,61,0.468995593589281
7,2,62,0.353359335021421
7,2,63,0.353359335021421
7,2,64,0.468995593589281
7,2,65,0.566509506552905
7,2,66,0.468995593589281
7,2,67,0.566509506552905
7,2,68,0.650022421648354
7,2,69,0.468995593589281
7,2,70,0.721928094887362
7,2,71,0.468995593589281
7,2,72,0.468995593589281
7,2,73,0.566509506552905
7,2,74,0.566509506552905
7,2,75,0.566509506552905
7,2,76,0.468995593589281
7,2,77,0.721928094887362
7,2,78,0.210842300318532
7,2,79,0.650022421648354
7,2,80,0.353359335021421
7,2,81,0.566509506552905
7,2,82,0.468995593589281
7,2,83,0.468995593589281
7,2,84,0.650022421648354
7,2,85,0.353359335021421
7,2,86,0.566509506552905
7,2,87,0.566509506552905
7,2,88,0.353359335021421
7,2,89,0.210842300318532
7,2,90,0.353359335021421
7,2,91,0.353359335021421
7,2,92,0.210842300318532
7,2,93,0.468995593589281
7,2,94,0.650022421648354
7,2,95,0.566509506552905
7,2,96,0.566509506552905
7,2,97,0.650022421648354
7,2,98,0.468995593589281
7,2,99,0.566509506552905
7,2,100,0.468995593589281
7,2,101,0.566509506552905
7,2,102,0.650022421648354
7,2,103,0.566509506552905
7,2,104,0.721928094887362
7,2,105,0.566509506552905
7,2,106,0.468995593589281
7,2,107,0.468995593589281
7,2,108,0.650022421648354
7,2,109,0.468995593589281
7,2,110,0.566509506552905
7,2,111,0.566509506552905
7,2,112,0.566509506552905
7,2,113,0.650022421648354
7,2,114,0.566509506552905
7,2,115,0.566509506552905
7,2,116,0.650022421648354
7,2,117,0.468995593589281
7,2,118,0.566509506552905
7,2,119,0.650022421648354
7,2,120,0.468995593589281
7,2,121,0.721928094887362
7,2,122,0.566509506552905
7,2,123,0.353359335021421
7,2,124,0.566509506552905
7,2,125,0.650022421648354
7,2,126,0.566509506552905
7,2,127,0.468995593589281
7,2,128,0.721928094887362
7,2,129,0.468995593589281
7,2,130,0.650022421648354
7,2,131,0.566509506552905
7,2,132,0.468995593589281
7,2,133,0.566509506552905
7,2,134,0.566509506552905
7,2,135,0.650022421648354
7,2,136,0.468995593589281
7,2,137,0.650022421648354
7,2,138,0.566509506552905
7,2,139,0.650022421648354
7,2,140,0.650022421648354
7,2,141,0.353359335021421
7,2,142,0.566509506552905
7,2,143,0.566509506552905
7,2,144,0.468995593589281
7,2,145,0.468995593589281
7,2,146,0.468995593589281
7,2,147,0.468995593589281
7,2,148,0.353359335021421
7,2,149,0.468995593589281
7,2,150,0.468995593589281
7,2,151,0.566509506552905
7,2,152,0.721928094887362
7,2,153,0.566509506552905
7,2,154,0.566509506552905
7,2,155,0.353359335021421
7,2,156,0.566509506552905
7,2,157,0.783776947484701
7,2,158,0.210842300318532
7,2,159,0.650022421648354
7,2,160,0.468995593589281
7,2,161,0.650022421648354
7,2,162,0.210842300318532
7,2,163,0.566509506552905
7,2,164,0.650022421648354
7,2,165,0.566509506552905
7,2,166,0.566509506552905
7,2,167,0.353359335021421
7,2,168,0.468995593589281
7,2,169,0.468995593589281
7,2,170,0.353359335021421
7,2,171,0.468995593589281
7,2,172,0.566509506552905
7,2,173,0.468995593589281
7,2,174,0.353359335021421
7,2,175,0.650022421648354
7,2,176,0.353359335021421
7,2,177,0.353359335021421
7,2,178,0.650022421648354
7,2,179,0.210842300318532
7,2,180,0.721928094887362
7,2,181,0.650022421648354
7,2,182,0.566509506552905
7,2,183,0.468995593589281
7,2,184,0.468995593589281
7,2,185,0.566509506552905
7,2,186,0.566509506552905
7,2,187,0.650022421648354
7,2,188,0.468995593589281
7,2,189,0.210842300318532
7,2,190,0.721928094887362
7,2,191,0.353359335021421
7,2,192,0.721928094887362
7,2,193,0
7,2,194,0.650022421648354
7,2,195,0.468995593589281
7,2,196,0.566509506552905
7,2,197,0.721928094887362
7,2,198,0.353359335021421
7,2,199,0.566509506552905
7,2,200,0.210842300318532
7,2,201,0.566509506552905
7,2,202,0.650022421648354
7,2,203,0.566509506552905
7,2,204,0.468995593589281
7,2,205,0.566509506552905
7,2,206,0.650022421648354
7,2,207,0.468995593589281
7,2,208,0.566509506552905
7,2,209,0.566509506552905
7,2,210,0.468995593589281
7,2,211,0.468995593589281
7,2,212,0.468995593589281
7,2,213,0.353359335021421
7,2,214,0.353359335021421
7,2,215,0.566509506552905
7,2,216,0.721928094887362
7,2,217,0.566509506552905
7,2,218,0.650022421648354
7,2,219,0.566509506552905
7,2,220,0.566509506552905
7,2,221,0.566509506552905
7,2,222,0.468995593589281
7,2,223,0.566509506552905
7,2,224,0.468995593589281
7,2,225,0.650022421648354
7,2,226,0.566509506552905
7,2,227,0.650022421648354
7,2,228,0.353359335021421
7,2,229,0.566509506552905
7,2,230,0.468995593589281
7,2,231,0.566509506552905
7,2,232,0.566509506552905
7,2,233,0.650022421648354
7,2,234,0.468995593589281
7,2,235,0.650022421648354
7,2,236,0.566509506552905
7,2,237,0.650022421648354
7,2,238,0.566509506552905
7,2,239,0.650022421648354
7,2,240,0.468995593589281
7,2,241,0.721928094887362
7,2,242,0.468995593589281
7,2,243,0.650022421648354
7,2,244,0.468995593589281
7,2,245,0.353359335021421
7,2,246,0.468995593589281
7,2,247,0.468995593589281
7,2,248,0.468995593589281
7,2,249,0.566509506552905
7,2,250,0.566509506552905
7,2,251,0.566509506552905
7,2,252,0.468995593589281
7,2,253,0.721928094887362
7,2,254,0.468995593589281
7,2,255,0.353359335021421
7,2,256,0.353359335021421
7,2,257,0.650022421648354
7,2,258,0.650022421648354
7,2,259,0.650022421648354
7,2,260,0.468995593589281
7,2,261,0.353359335021421
7,2,262,0.650022421648354
7,2,263,0.468995593589281
7,2,264,0.566509506552905
7,2,265,0.566509506552905
7,2,266,0.566509506552905
7,2,267,0.566509506552905
7,2,268,0.650022421648354
7,2,269,0.566509506552905
7,2,270,0.566509506552905
7,2,271,0.210842300318532
7,2,272,0.468995593589281
7,2,273,0.468995593589281
7,2,274,0.566509506552905
7,2,275,0.468995593589281
7,2,276,0.650022421648354
7,2,277,0.468995593589281
7,2,278,0.353359335021421
7,2,279,0.650022421648354
7,2,280,0.650022421648354
7,2,281,0.721928094887362
7,2,282,0.566509506552905
7,2,283,0.650022421648354
7,2,284,0.566509506552905
7,2,285,0.210842300318532
7,2,286,0.566509506552905
7,2,287,0.566509506552905
7,2,288,0.650022421648354
7,2,289,0.468995593589281
7,2,290,0.566509506552905
7,2,291,0.566509506552905
7,2,292,0.566509506552905
7,2,293,0.566509506552905
7,2,294,0.468995593589281
7,2,295,0.650022421648354
7,2,296,0.353359335021421
7,2,297,0.566509506552905
7,2,298,0.650022421648354
7,2,299,0.566509506552905
7,2,300,0.468995593589281
7,2,301,0.566509506552905
7,2,302,0.566509506552905
7,2,303,0.566509506552905
7,2,304,0.566509506552905
7,2,305,0.468995593589281
7,2,306,0.566509506552905
7,2,307,0.566509506552905
7,2,308,0.468995593589281
7,2,309,0.353359335021421
7,2,310,0.468995593589281
7,2,311,0.650022421648354
7,2,312,0.566509506552905
7,2,313,0.650022421648354
7,2,314,0.650022421648354
7,2,315,0.468995593589281
7,2,316,0.566509506552905
7,2,317,0.468995593589281
7,2,318,0.353359335021421
7,2,319,0.468995593589281
7,2,320,0.566509506552905
7,2,321,0.353359335021421
7,2,322,0.468995593589281
7,2,323,0.650022421648354
7,2,324,0.353359335021421
7,2,325,0.650022421648354
7,2,326,0.721928094887362
7,2,327,0.566509506552905
7,2,328,0.566509506552905
7,2,329,0.566509506552905
7,2,330,0.566509506552905
7,2,331,0.566509506552905
7,2,332,0.566509506552905
7,2,333,0.566509506552905
7,2,334,0.566509506552905
7,2,335,0.566509506552905
7,2,336,0.468995593589281
7,2,337,0.353359335021421
7,2,338,0.353359335021421
7,2,339,0.468995593589281
7,2,340,0.650022421648354
7,2,341,0.353359335021421
7,2,342,0.468995593589281
7,2,343,0.468995593589281
7,2,344,0.566509506552905
7,2,345,0.566509506552905
7,2,346,0.468995593589281
7,2,347,0.566509506552905
7,2,348,0.468995593589281
7,2,349,0.650022421648354
7,2,350,0.566509506552905
7,2,351,0.650022421648354
7,2,352,0.468995593589281
7,2,353,0.468995593589281
7,2,354,0.566509506552905
7,2,355,0.468995593589281
7,2,356,0.468995593589281
7,2,357,0.468995593589281
7,2,358,0.468995593589281
7,2,359,0.566509506552905
7,2,360,0.468995593589281
7,2,361,0.566509506552905
7,2,362,0.650022421648354
7,2,363,0.566509506552905
7,2,364,0.721928094887362
7,2,365,0.721928094887362
7,2,366,0.468995593589281
7,2,367,0.650022421648354
7,2,368,0.650022421648354
7,2,369,0.468995593589281
7,2,370,0.566509506552905
7,2,371,0.650022421648354
7,2,372,0.468995593589281
7,2,373,0.650022421648354
7,2,374,0.650022421648354
7,2,375,0.566509506552905
7,2,376,0.566509506552905
7,2,377,0.566509506552905
7,2,378,0.650022421648354
7,2,379,0.566509506552905
7,2,380,0.468995593589281
7,2,381,0.650022421648354
7,2,382,0.210842300318532
7,2,383,0.468995593589281
7,2,384,0.566509506552905
7,2,385,0.650022421648354
7,2,386,0.468995593589281
7,2,387,0.468995593589281
7,2,388,0.566509506552905
7,2,389,0.353359335021421
7,2,390,0.566509506552905
7,2,391,0.468995593589281
7,2,392,0.468995593589281
7,2,393,0.468995593589281
7,2,394,0.468995593589281
7,2,395,0.468995593589281
7,2,396,0.566509506552905
7,2,397,0.353359335021421
7,2,398,0.210842300318532
7,2,399,0.566509506552905
7,2,400,0.783776947484701
7,3,1,0.835891093067469
7,3,2,0.901897235871153
7,3,3,0.901897235871153
7,3,4,0.844353685003622
7,3,5,0.904233489793909
7,3,6,0.901897235871153
7,3,7,0.918990046432151
7,3,8,0.901897235871153
7,3,9,0.78358070404881
7,3,10,0.957698340967366
7,3,11,0.957698340967366
7,3,12,0.809643605254114
7,3,13,0.803114013575012
7,3,14,0.883037440954759
7,3,15,0.863178047909164
7,3,16,0.905757546550621
7,3,17,0.930418662058202
7,3,18,0.930418662058202
7,3,19,0.935286292874354
7,3,20,0.930418662058202
7,3,21,0.930418662058202
7,3,22,0.863178047909164
7,3,23,0.960229717860761
7,3,24,0.809643605254114
7,3,25,0.883037440954759
7,3,26,0.930418662058202
7,3,27,0.858672711073255
7,3,28,0.930418662058202
7,3,29,0.792155476756316
7,3,30,0.904233489793909
7,3,31,0.930418662058202
7,3,32,0.809643605254114
7,3,33,0.918990046432151
7,3,34,0.866277583544875
7,3,35,0.930418662058202
7,3,36,0.858672711073255
7,3,37,0.904233489793909
7,3,38,0.957698340967366
7,3,39,0.863178047909164
7,3,40,0.835891093067469
7,3,41,0.863178047909164
7,3,42,0.858672711073255
7,3,43,0.835891093067469
7,3,44,0.863178047909164
7,3,45,0.901897235871153
7,3,46,0.977561205791703
7,3,47,0.935286292874354
7,3,48,0.835891093067469
7,3,49,0.858672711073255
7,3,50,0.935286292874354
7,3,51,0.935286292874354
7,3,52,0.920619835714305
7,3,53,0.863178047909164
7,3,54,0.894860522141848
7,3,55,0.935286292874354
7,3,56,0.858672711073255
7,3,57,0.858672711073255
7,3,58,0.883037440954759
7,3,59,0.901897235871153
7,3,60,0.935286292874354
7,3,61,0.858672711073255
7,3,62,0.904233489793909
7,3,63,0.957698340967366
7,3,64,0.904233489793909
7,3,65,0.803114013575012
7,3,66,0.803114013575012
7,3,67,0.904233489793909
7,3,68,0.883037440954759
7,3,69,0.957698340967366
7,3,70,0.957698340967366
7,3,71,0.835891093067469
7,3,72,0.920619835714305
7,3,73,0.904233489793909
7,3,74,0.81734542214651
7,3,75,0.901897235871153
7,3,76,0.894860522141848
7,3,77,0.849611742500758
7,3,78,0.863178047909164
7,3,79,0.866277583544875
7,3,80,0.863178047909164
7,3,81,0.863178047909164
7,3,82,0.729781714973431
7,3,83,0.863178047909164
7,3,84,0.901897235871153
7,3,85,0.863178047909164
7,3,86,0.905757546550621
7,3,87,0.920619835714305
7,3,88,0.935286292874354
7,3,89,0.849611742500758
7,3,90,0.863178047909164
7,3,91,0.809643605254114
7,3,92,0.920619835714305
7,3,93,0.930418662058202
7,3,94,0.904233489793909
7,3,95,0.858672711073255
7,3,96,0.883037440954759
7,3,97,0.863178047909164
7,3,98,0.894860522141848
7,3,99,0.935286292874354
7,3,100,0.835891093067469
7,3,101,0.742402212655077
7,3,102,0.901897235871153
7,3,103,0.863178047909164
7,3,104,0.849611742500758
7,3,105,0.803114013575012
7,3,106,0.894860522141848
7,3,107,0.894860522141848
7,3,108,0.849611742500758
7,3,109,0.957698340967366
7,3,110,0.935286292874354
7,3,111,0.901897235871153
7,3,112,0.835891093067469
7,3,113,0.904233489793909
7,3,114,0.930418662058202
7,3,115,0.904233489793909
7,3,116,0.809643605254114
7,3,117,0.918990046432151
7,3,118,0.883037440954759
7,3,119,0.904233489793909
7,3,120,0.883037440954759
7,3,121,0.905757546550621
7,3,122,0.792155476756316
7,3,123,0.883037440954759
7,3,124,0.863178047909164
7,3,125,0.858672711073255
7,3,126,0.901897235871153
7,3,127,0.894860522141848
7,3,128,0.866277583544875
7,3,129,0.930418662058202
7,3,130,0.930418662058202
7,3,131,0.930418662058202
7,3,132,0.901897235871153
7,3,133,0.863178047909164
7,3,134,0.835891093067469
7,3,135,0.849611742500758
7,3,136,0.935286292874354
7,3,137,0.81734542214651
7,3,138,0.905757546550621
7,3,139,0.776649013811952
7,3,140,0.863178047909164
7,3,141,0.849611742500758
7,3,142,0.930418662058202
7,3,143,0.901897235871153
7,3,144,0.901897235871153
7,3,145,0.858672711073255
7,3,146,0.811812688167266
7,3,147,0.894860522141848
7,3,148,0.901897235871153
7,3,149,0.849611742500758
7,3,150,0.849611742500758
7,3,151,0.894860522141848
7,3,152,0.901897235871153
7,3,153,0.950068597536621
7,3,154,0.858672711073255
7,3,155,0.957698340967366
7,3,156,0.803114013575012
7,3,157,0.957698340967366
7,3,158,0.957698340967366
7,3,159,0.858672711073255
7,3,160,0.699844405336885
7,3,161,0.866277583544875
7,3,162,0.960229717860761
7,3,163,0.904233489793909
7,3,164,0.858672711073255
7,3,165,0.883037440954759
7,3,166,0.894860522141848
7,3,167,0.803114013575012
7,3,168,0.894860522141848
7,3,169,0.858672711073255
7,3,170,0.883037440954759
7,3,171,0.849611742500758
7,3,172,0.883037440954759
7,3,173,0.803114013575012
7,3,174,0.859892960555857
7,3,175,0.920619835714305
7,3,176,0.920619835714305
7,3,177,0.972267716283714
7,3,178,0.930418662058202
7,3,179,0.863178047909164
7,3,180,0.849611742500758
7,3,181,0.935286292874354
7,3,182,0.930418662058202
7,3,183,0.835891093067469
7,3,184,0.811812688167266
7,3,185,0.894860522141848
7,3,186,0.863178047909164
7,3,187,0.930418662058202
7,3,188,0.883037440954759
7,3,189,0.930418662058202
7,3,190,0.811812688167266
7,3,191,0.904233489793909
7,3,192,0.904233489793909
7,3,193,0.863178047909164
7,3,194,0.904233489793909
7,3,195,0.905757546550621
7,3,196,0.972267716283714
7,3,197,0.776649013811952
7,3,198,0.811812688167266
7,3,199,0.935286292874354
7,3,200,0.742402212655077
7,3,201,0.957698340967366
7,3,202,0.904233489793909
7,3,203,0.849611742500758
7,3,204,0.935286292874354
7,3,205,0.894860522141848
7,3,206,0.901897235871153
7,3,207,0.729781714973431
7,3,208,0.957698340967366
7,3,209,0.894860522141848
7,3,210,0.849611742500758
7,3,211,0.935286292874354
7,3,212,0.811812688167266
7,3,213,0.901897235871153
7,3,214,0.960229717860761
7,3,215,0.849611742500758
7,3,216,0.858672711073255
7,3,217,0.883037440954759
7,3,218,0.809643605254114
7,3,219,0.863178047909164
7,3,220,0.858672711073255
7,3,221,0.849611742500758
7,3,222,0.811812688167266
7,3,223,0.776649013811952
7,3,224,0.918990046432151
7,3,225,0.858672711073255
7,3,226,0.858672711073255
7,3,227,0.935286292874354
7,3,228,0.894860522141848
7,3,229,0.895049358978641
7,3,230,0.901897235871153
7,3,231,0.849611742500758
7,3,232,0.738208874898732
7,3,233,0.863178047909164
7,3,234,0.738208874898732
7,3,235,0.863178047909164
7,3,236,0.792155476756316
7,3,237,0.863178047909164
7,3,238,0.935286292874354
7,3,239,0.894860522141848
7,3,240,0.858672711073255
7,3,241,0.803114013575012
7,3,242,0.901897235871153
7,3,243,0.864973520717927
7,3,244,0.894860522141848
7,3,245,0.935286292874354
7,3,246,0.901897235871153
7,3,247,0.901897235871153
7,3,248,0.935286292874354
7,3,249,0.809643605254114
7,3,250,0.894860522141848
7,3,251,0.93723056321613
7,3,252,0.901897235871153
7,3,253,0.858672711073255
7,3,254,0.863178047909164
7,3,255,0.904233489793909
7,3,256,0.742402212655077
7,3,257,0.81734542214651
7,3,258,0.844353685003622
7,3,259,0.930418662058202
7,3,260,0.809643605254114
7,3,261,0.93723056321613
7,3,262,0.957698340967366
7,3,263,0.895049358978641
7,3,264,0.809643605254114
7,3,265,0.901897235871153
7,3,266,0.849611742500758
7,3,267,0.904233489793909
7,3,268,0.935286292874354
7,3,269,0.863178047909164
7,3,270,0.81734542214651
7,3,271,0.905757546550621
7,3,272,0.901897235871153
7,3,273,0.901897235871153
7,3,274,0.901897235871153
7,3,275,0.930418662058202
7,3,276,0.835891093067469
7,3,277,0.863178047909164
7,3,278,0.901897235871153
7,3,279,0.81734542214651
7,3,280,0.957698340967366
7,3,281,0.905757546550621
7,3,282,0.93723056321613
7,3,283,0.858672711073255
7,3,284,0.863178047909164
7,3,285,0.894860522141848
7,3,286,0.950068597536621
7,3,287,0.849611742500758
7,3,288,0.858672711073255
7,3,289,0.901897235871153
7,3,290,0.950068597536621
7,3,291,0.894860522141848
7,3,292,0.858672711073255
7,3,293,0.866277583544875
7,3,294,0.93723056321613
7,3,295,0.883037440954759
7,3,296,0.792155476756316
7,3,297,0.894860522141848
7,3,298,0.863178047909164
7,3,299,0.835891093067469
7,3,300,0.863178047909164
7,3,301,0.835891093067469
7,3,302,0.930418662058202
7,3,303,0.849611742500758
7,3,304,0.930418662058202
7,3,305,0.894860522141848
7,3,306,0.885619461520443
7,3,307,0.849611742500758
7,3,308,0.935286292874354
7,3,309,0.935286292874354
7,3,310,0.901897235871153
7,3,311,0.863178047909164
7,3,312,0.950068597536621
7,3,313,0.863178047909164
7,3,314,0.858672711073255
7,3,315,0.935286292874354
7,3,316,0.81734542214651
7,3,317,0.776649013811952
7,3,318,0.883037440954759
7,3,319,0.729781714973431
7,3,320,0.858672711073255
7,3,321,0.863178047909164
7,3,322,0.717037364643659
7,3,323,0.776649013811952
7,3,324,0.803114013575012
7,3,325,0.894860522141848
7,3,326,0.803114013575012
7,3,327,0.957698340967366
7,3,328,0.803114013575012
7,3,329,0.835891093067469
7,3,330,0.935286292874354
7,3,331,0.935286292874354
7,3,332,0.858672711073255
7,3,333,0.894860522141848
7,3,334,0.960229717860761
7,3,335,0.901897235871153
7,3,336,0.793735027242848
7,3,337,0.835891093067469
7,3,338,0.858672711073255
7,3,339,0.863178047909164
7,3,340,0.894860522141848
7,3,341,0.811812688167266
7,3,342,0.901897235871153
7,3,343,0.803114013575012
7,3,344,0.809643605254114
7,3,345,0.901897235871153
7,3,346,0.835891093067469
7,3,347,0.901897235871153
7,3,348,0.905757546550621
7,3,349,0.717037364643659
7,3,350,0.742402212655077
7,3,351,0.885619461520443
7,3,352,0.920619835714305
7,3,353,0.811812688167266
7,3,354,0.920619835714305
7,3,355,0.901897235871153
7,3,356,0.863178047909164
7,3,357,0.935286292874354
7,3,358,0.863178047909164
7,3,359,0.935286292874354
7,3,360,0.811812688167266
7,3,361,0.849611742500758
7,3,362,0.849611742500758
7,3,363,0.901897235871153
7,3,364,0.858672711073255
7,3,365,0.901897235871153
7,3,366,0.935286292874354
7,3,367,0.883037440954759
7,3,368,0.901897235871153
7,3,369,0.930418662058202
7,3,370,0.894860522141848
7,3,371,0.849611742500758
7,3,372,0.859892960555857
7,3,373,0.894860522141848
7,3,374,0.894860522141848
7,3,375,0.866277583544875
7,3,376,0.930418662058202
7,3,377,0.901897235871153
7,3,378,0.849611742500758
7,3,379,0.935286292874354
7,3,380,0.630929753571457
7,3,381,0.901897235871153
7,3,382,0.792155476756316
7,3,383,0.858672711073255
7,3,384,0.863178047909164
7,3,385,0.863178047909164
7,3,386,0.835891093067469
7,3,387,0.863178047909164
7,3,388,0.904233489793909
7,3,389,0.809643605254114
7,3,390,0.803114013575012
7,3,391,0.742402212655077
7,3,392,0.863178047909164
7,3,393,0.935286292874354
7,3,394,0.883037440954759
7,3,395,0.858672711073255
7,3,396,0.930418662058202
7,3,397,0.894860522141848
7,3,398,0.894860522141848
7,3,399,0.930418662058202
7,3,400,0.894860522141848
7,4,1,0.768821857477196
7,4,2,0.85279363084913
7,4,3,0.740593950864258
7,4,4,0.770673294907061
7,4,5,0.768821857477196
7,4,6,0.775826852151958
7,4,7,0.763245393782567
7,4,8,0.798708422551855
7,4,9,0.770673294907061
7,4,10,0.641627376638226
7,4,11,0.726396815424565
7,4,12,0.648813114890339
7,4,13,0.770673294907061
7,4,14,0.588339833755355
7,4,15,0.729967210393582
7,4,16,0.766457281989699
7,4,17,0.844741133509591
7,4,18,0.627768362699825
7,4,19,0.75317540923365
7,4,20,0.834567232019116
7,4,21,0.768821857477196
7,4,22,0.729967210393582
7,4,23,0.770673294907061
7,4,24,0.729967210393582
7,4,25,0.783254753276453
7,4,26,0.729967210393582
7,4,27,0.768821857477196
7,4,28,0.676679667510711
7,4,29,0.726396815424565
7,4,30,0.822109400360067
7,4,31,0.782749367747272
7,4,32,0.763245393782567
7,4,33,0.648813114890339
7,4,34,0.822109400360067
7,4,35,0.740593950864258
7,4,36,0.726396815424565
7,4,37,0.641627376638226
7,4,38,0.568238667288061
7,4,39,0.661101696033159
7,4,40,0.781403315846587
7,4,41,0.636452797660028
7,4,42,0.85279363084913
7,4,43,0.822109400360067
7,4,44,0.801357525396125
7,4,45,0.636452797660028
7,4,46,0.735801130704899
7,4,47,0.719216167720755
7,4,48,0.783254753276453
7,4,49,0.763245393782567
7,4,50,0.719216167720755
7,4,51,0.740593950864258
7,4,52,0.801357525396125
7,4,53,0.627768362699825
7,4,54,0.801357525396125
7,4,55,0.770673294907061
7,4,56,0.770673294907061
7,4,57,0.669786130993361
7,4,58,0.781403315846587
7,4,59,0.781403315846587
7,4,60,0.729967210393582
7,4,61,0.766457281989699
7,4,62,0.763245393782567
7,4,63,0.797500019240647
7,4,64,0.716588086609786
7,4,65,0.775826852151958
7,4,66,0.719216167720755
7,4,67,0.729967210393582
7,4,68,0.844741133509591
7,4,69,0.768821857477196
7,4,70,0.753875823620308
7,4,71,0.661101696033159
7,4,72,0.850787562123518
7,4,73,0.822109400360067
7,4,74,0.676679667510711
7,4,75,0.768821857477196
7,4,76,0.783254753276453
7,4,77,0.770673294907061
7,4,78,0.781403315846587
7,4,79,0.818251894204589
7,4,80,0.781403315846587
7,4,81,0.768821857477196
7,4,82,0.822109400360067
7,4,83,0.763245393782567
7,4,84,0.726396815424565
7,4,85,0.753875823620308
7,4,86,0.781403315846587
7,4,87,0.726396815424565
7,4,88,0.729967210393582
7,4,89,0.753875823620308
7,4,90,0.783254753276453
7,4,91,0.753875823620308
7,4,92,0.781403315846587
7,4,93,0.753875823620308
7,4,94,0.775826852151958
7,4,95,0.641627376638226
7,4,96,0.676679667510711
7,4,97,0.768821857477196
7,4,98,0.768821857477196
7,4,99,0.578338325972432
7,4,100,0.661101696033159
7,4,101,0.858957978718069
7,4,102,0.729967210393582
7,4,103,0.693645713821885
7,4,104,0.726396815424565
7,4,105,0.726396815424565
7,4,106,0.726396815424565
7,4,107,0.775826852151958
7,4,108,0.612802599508472
7,4,109,0.740593950864258
7,4,110,0.729967210393582
7,4,111,0.674934918547124
7,4,112,0.67330137601803
7,4,113,0.822109400360067
7,4,114,0.729967210393582
7,4,115,0.822109400360067
7,4,116,0.615479781557005
7,4,117,0.842737648613667
7,4,118,0.708342810302103
7,4,119,0.729967210393582
7,4,120,0.599446168330777
7,4,121,0.781403315846587
7,4,122,0.782749367747272
7,4,123,0.864141190532739
7,4,124,0.740593950864258
7,4,125,0.708342810302103
7,4,126,0.708342810302103
7,4,127,0.797500019240647
7,4,128,0.810486508051511
7,4,129,0.636452797660028
7,4,130,0.818251894204589
7,4,131,0.684052418690857
7,4,132,0.648813114890339
7,4,133,0.801357525396125
7,4,134,0.818251894204589
7,4,135,0.726396815424565
7,4,136,0.753875823620308
7,4,137,0.753875823620308
7,4,138,0.822109400360067
7,4,139,0.781403315846587
7,4,140,0.798708422551855
7,4,141,0.889642209207132
7,4,142,0.770673294907061
7,4,143,0.818251894204589
7,4,144,0.810486508051511
7,4,145,0.797500019240647
7,4,146,0.648813114890339
7,4,147,0.775826852151958
7,4,148,0.781403315846587
7,4,149,0.781403315846587
7,4,150,0.75317540923365
7,4,151,0.775826852151958
7,4,152,0.822109400360067
7,4,153,0.719216167720755
7,4,154,0.693645713821885
7,4,155,0.781403315846587
7,4,156,0.68048202372184
7,4,157,0.818251894204589
7,4,158,0.674934918547124
7,4,159,0.641627376638226
7,4,160,0.726396815424565
7,4,161,0.729967210393582
7,4,162,0.766457281989699
7,4,163,0.766457281989699
7,4,164,0.775826852151958
7,4,165,0.775826852151958
7,4,166,0.729967210393582
7,4,167,0.822109400360067
7,4,168,0.729967210393582
7,4,169,0.781403315846587
7,4,170,0.775826852151958
7,4,171,0.643346334177377
7,4,172,0.68048202372184
7,4,173,0.768821857477196
7,4,174,0.781403315846587
7,4,175,0.68048202372184
7,4,176,0.798708422551855
7,4,177,0.810486508051511
7,4,178,0.763245393782567
7,4,179,0.662428018599378
7,4,180,0.818251894204589
7,4,181,0.568238667288061
7,4,182,0.75317540923365
7,4,183,0.822109400360067
7,4,184,0.693645713821885
7,4,185,0.676679667510711
7,4,186,0.648813114890339
7,4,187,0.763245393782567
7,4,188,0.768821857477196
7,4,189,0.662428018599378
7,4,190,0.674934918547124
7,4,191,0.729967210393582
7,4,192,0.858957978718069
7,4,193,0.729967210393582
7,4,194,0.729967210393582
7,4,195,0.708342810302103
7,4,196,0.798708422551855
7,4,197,0.810486508051511
7,4,198,0.648813114890339
7,4,199,0.71407684430707
7,4,200,0.729967210393582
7,4,201,0.729967210393582
7,4,202,0.858957978718069
7,4,203,0.763245393782567
7,4,204,0.641627376638226
7,4,205,0.822109400360067
7,4,206,0.850787562123518
7,4,207,0.797500019240647
7,4,208,0.729967210393582
7,4,209,0.766457281989699
7,4,210,0.588339833755355
7,4,211,0.708342810302103
7,4,212,0.822109400360067
7,4,213,0.781403315846587
7,4,214,0.818251894204589
7,4,215,0.723219672335508
7,4,216,0.850787562123518
7,4,217,0.729967210393582
7,4,218,0.834567232019116
7,4,219,0.708342810302103
7,4,220,0.768821857477196
7,4,221,0.729967210393582
7,4,222,0.775826852151958
7,4,223,0.818251894204589
7,4,224,0.67496070997156
7,4,225,0.818251894204589
7,4,226,0.810486508051511
7,4,227,0.708342810302103
7,4,228,0.726396815424565
7,4,229,0.729967210393582
7,4,230,0.676679667510711
7,4,231,0.67496070997156
7,4,232,0.852911550104142
7,4,233,0.643346334177377
7,4,234,0.68048202372184
7,4,235,0.708342810302103
7,4,236,0.729967210393582
7,4,237,0.753875823620308
7,4,238,0.810486508051511
7,4,239,0.636452797660028
7,4,240,0.889642209207132
7,4,241,0.783254753276453
7,4,242,0.768821857477196
7,4,243,0.781403315846587
7,4,244,0.708342810302103
7,4,245,0.818251894204589
7,4,246,0.726396815424565
7,4,247,0.783254753276453
7,4,248,0.818251894204589
7,4,249,0.729967210393582
7,4,250,0.719216167720755
7,4,251,0.842737648613667
7,4,252,0.818251894204589
7,4,253,0.768821857477196
7,4,254,0.768821857477196
7,4,255,0.753875823620308
7,4,256,0.822109400360067
7,4,257,0.860964047443681
7,4,258,0.726396815424565
7,4,259,0.822109400360067
7,4,260,0.810486508051511
7,4,261,0.822109400360067
7,4,262,0.763245393782567
7,4,263,0.67330137601803
7,4,264,0.860964047443681
7,4,265,0.67496070997156
7,4,266,0.820111964470926
7,4,267,0.723219672335508
7,4,268,0.768821857477196
7,4,269,0.648813114890339
7,4,270,0.67496070997156
7,4,271,0.719216167720755
7,4,272,0.818251894204589
7,4,273,0.735801130704899
7,4,274,0.726396815424565
7,4,275,0.818251894204589
7,4,276,0.781403315846587
7,4,277,0.783254753276453
7,4,278,0.708342810302103
7,4,279,0.818251894204589
7,4,280,0.822109400360067
7,4,281,0.822109400360067
7,4,282,0.684052418690857
7,4,283,0.763245393782567
7,4,284,0.810486508051511
7,4,285,0.684052418690857
7,4,286,0.828282381065477
7,4,287,0.67496070997156
7,4,288,0.828282381065477
7,4,289,0.789734633087569
7,4,290,0.67496070997156
7,4,291,0.729967210393582
7,4,292,0.781403315846587
7,4,293,0.648813114890339
7,4,294,0.822109400360067
7,4,295,0.770673294907061
7,4,296,0.818251894204589
7,4,297,0.822109400360067
7,4,298,0.636452797660028
7,4,299,0.818251894204589
7,4,300,0.68048202372184
7,4,301,0.810486508051511
7,4,302,0.783254753276453
7,4,303,0.493568887186093
7,4,304,0.763245393782567
7,4,305,0.669786130993361
7,4,306,0.762361598095454
7,4,307,0.726396815424565
7,4,308,0.797500019240647
7,4,309,0.67496070997156
7,4,310,0.766457281989699
7,4,311,0.850787562123518
7,4,312,0.818251894204589
7,4,313,0.67496070997156
7,4,314,0.783254753276453
7,4,315,0.876992274071747
7,4,316,0.674934918547124
7,4,317,0.810486508051511
7,4,318,0.709160185485292
7,4,319,0.860964047443681
7,4,320,0.708342810302103
7,4,321,0.726396815424565
7,4,322,0.729967210393582
7,4,323,0.810486508051511
7,4,324,0.684052418690857
7,4,325,0.753875823620308
7,4,326,0.740593950864258
7,4,327,0.729967210393582
7,4,328,0.726396815424565
7,4,329,0.729967210393582
7,4,330,0.729967210393582
7,4,331,0.71473664917992
7,4,332,0.775826852151958
7,4,333,0.67496070997156
7,4,334,0.858957978718069
7,4,335,0.789734633087569
7,4,336,0.648813114890339
7,4,337,0.753875823620308
7,4,338,0.822109400360067
7,4,339,0.615479781557005
7,4,340,0.729967210393582
7,4,341,0.781403315846587
7,4,342,0.729967210393582
7,4,343,0.729967210393582
7,4,344,0.775826852151958
7,4,345,0.729967210393582
7,4,346,0.781403315846587
7,4,347,0.781403315846587
7,4,348,0.67496070997156
7,4,349,0.810486508051511
7,4,350,0.818251894204589
7,4,351,0.708342810302103
7,4,352,0.783254753276453
7,4,353,0.643346334177377
7,4,354,0.662428018599378
7,4,355,0.763245393782567
7,4,356,0.693645713821885
7,4,357,0.729967210393582
7,4,358,0.753875823620308
7,4,359,0.763245393782567
7,4,360,0.648813114890339
7,4,361,0.729967210393582
7,4,362,0.781403315846587
7,4,363,0.729967210393582
7,4,364,0.798708422551855
7,4,365,0.498395815990818
7,4,366,0.753875823620308
7,4,367,0.693645713821885
7,4,368,0.740593950864258
7,4,369,0.85279363084913
7,4,370,0.818251894204589
7,4,371,0.822109400360067
7,4,372,0.798708422551855
7,4,373,0.636452797660028
7,4,374,0.729967210393582
7,4,375,0.629020126844399
7,4,376,0.797500019240647
7,4,377,0.770673294907061
7,4,378,0.641627376638226
7,4,379,0.768821857477196
7,4,380,0.850787562123518
7,4,381,0.726396815424565
7,4,382,0.770673294907061
7,4,383,0.684052418690857
7,4,384,0.726396815424565
7,4,385,0.719216167720755
7,4,386,0.719216167720755
7,4,387,0.75317540923365
7,4,388,0.726396815424565
7,4,389,0.585016692207023
7,4,390,0.568238667288061
7,4,391,0.729967210393582
7,4,392,0.858957978718069
7,4,393,0.753875823620308
7,4,394,0.842737648613667
7,4,395,0.729967210393582
7,4,396,0.641627376638226
7,4,397,0.763245393782567
7,4,398,0.708342810302103
7,4,399,0.719216167720755
7,4,400,0.75317540923365
10,2,1,0.881290899230693
10,2,2,0.91829583405449
10,2,3,0.836640741941167
10,2,4,0.783776947484701
10,2,5,0.721928094887362
10,2,6,0.783776947484701
10,2,7,0.881290899230693
10,2,8,0.91829583405449
10,2,9,0.836640741941167
10,2,10,0.91829583405449
10,2,11,0.91829583405449
10,2,12,0.836640741941167
10,2,13,0.881290899230693
10,2,14,0.970950594454669
10,2,15,0.987137774372186
10,2,16,0.881290899230693
10,2,17,0.948078243593905
10,2,18,0.836640741941167
10,2,19,0.91829583405449
10,2,20,0.91829583405449
10,2,21,0.881290899230693
10,2,22,0.948078243593905
10,2,23,0.783776947484701
10,2,24,0.948078243593905
10,2,25,0.970950594454669
10,2,26,0.996791631981637
10,2,27,0.91829583405449
10,2,28,0.987137774372186
10,2,29,0.881290899230693
10,2,30,0.91829583405449
10,2,31,0.987137774372186
10,2,32,0.881290899230693
10,2,33,0.948078243593905
10,2,34,0.836640741941167
10,2,35,0.987137774372186
10,2,36,0.783776947484701
10,2,37,0.881290899230693
10,2,38,0.948078243593905
10,2,39,0.987137774372186
10,2,40,0.948078243593905
10,2,41,0.91829583405449
10,2,42,0.836640741941167
10,2,43,0.987137774372186
10,2,44,0.783776947484701
10,2,45,0.91829583405449
10,2,46,0.721928094887362
10,2,47,0.91829583405449
10,2,48,0.783776947484701
10,2,49,0.948078243593905
10,2,50,0.948078243593905
10,2,51,1
10,2,52,0.836640741941167
10,2,53,0.881290899230693
10,2,54,0.987137774372186
10,2,55,0.91829583405449
10,2,56,0.881290899230693
10,2,57,0.836640741941167
10,2,58,0.881290899230693
10,2,59,0.91829583405449
10,2,60,0.836640741941167
10,2,61,0.91829583405449
10,2,62,0.970950594454669
10,2,63,0.650022421648354
10,2,64,0.948078243593905
10,2,65,0.881290899230693
10,2,66,0.881290899230693
10,2,67,0.836640741941167
10,2,68,0.836640741941167
10,2,69,0.91829583405449
10,2,70,0.836640741941167
10,2,71,0.881290899230693
10,2,72,0.721928094887362
10,2,73,0.836640741941167
10,2,74,0.881290899230693
10,2,75,0.91829583405449
10,2,76,0.881290899230693
10,2,77,0.881290899230693
10,2,78,0.836640741941167
10,2,79,0.650022421648354
10,2,80,0.91829583405449
10,2,81,0.836640741941167
10,2,82,0.783776947484701
10,2,83,0.721928094887362
10,2,84,0.948078243593905
10,2,85,0.881290899230693
10,2,86,0.881290899230693
10,2,87,0.836640741941167
10,2,88,0.948078243593905
10,2,89,0.91829583405449
10,2,90,0.948078243593905
10,2,91,0.91829583405449
10,2,92,0.783776947484701
10,2,93,0.91829583405449
10,2,94,0.881290899230693
10,2,95,0.970950594454669
10,2,96,0.881290899230693
10,2,97,0.948078243593905
10,2,98,0.881290899230693
10,2,99,0.881290899230693
10,2,100,0.881290899230693
10,2,101,0.881290899230693
10,2,102,0.836640741941167
10,2,103,0.836640741941167
10,2,104,0.783776947484701
10,2,105,0.91829583405449
10,2,106,0.948078243593905
10,2,107,0.881290899230693
10,2,108,0.91829583405449
10,2,109,0.881290899230693
10,2,110,0.948078243593905
10,2,111,0.91829583405449
10,2,112,0.91829583405449
10,2,113,0.91829583405449
10,2,114,0.948078243593905
10,2,115,0.91829583405449
10,2,116,0.881290899230693
10,2,117,0.881290899230693
10,2,118,0.650022421648354
10,2,119,0.836640741941167
10,2,120,0.836640741941167
10,2,121,0.970950594454669
10,2,122,0.987137774372186
10,2,123,0.836640741941167
10,2,124,0.91829583405449
10,2,125,0.91829583405449
10,2,126,1
10,2,127,0.996791631981637
10,2,128,0.836640741941167
10,2,129,0.948078243593905
10,2,130,0.948078243593905
10,2,131,0.91829583405449
10,2,132,0.783776947484701
10,2,133,0.91829583405449
10,2,134,0.836640741941167
10,2,135,0.987137774372186
10,2,136,0.970950594454669
10,2,137,0.721928094887362
10,2,138,0.836640741941167
10,2,139,0.783776947484701
10,2,140,0.881290899230693
10,2,141,0.91829583405449
10,2,142,0.836640741941167
10,2,143,0.970950594454669
10,2,144,0.836640741941167
10,2,145,0.836640741941167
10,2,146,0.948078243593905
10,2,147,0.783776947484701
10,2,148,0.948078243593905
10,2,149,0.91829583405449
10,2,150,0.948078243593905
10,2,151,0.881290899230693
10,2,152,0.948078243593905
10,2,153,0.948078243593905
10,2,154,0.836640741941167
10,2,155,0.91829583405449
10,2,156,0.948078243593905
10,2,157,0.836640741941167
10,2,158,0.948078243593905
10,2,159,0.91829583405449
10,2,160,0.881290899230693
10,2,161,0.987137774372186
10,2,162,0.881290899230693
10,2,163,0.91829583405449
10,2,164,0.881290899230693
10,2,165,0.836640741941167
10,2,166,0.881290899230693
10,2,167,0.91829583405449
10,2,168,0.836640741941167
10,2,169,0.881290899230693
10,2,170,0.881290899230693
10,2,171,0.881290899230693
10,2,172,0.881290899230693
10,2,173,0.91829583405449
10,2,174,0.783776947484701
10,2,175,0.836640741941167
10,2,176,0.970950594454669
10,2,177,0.91829583405449
10,2,178,0.881290899230693
10,2,179,0.881290899230693
10,2,180,0.948078243593905
10,2,181,0.91829583405449
10,2,182,0.836640741941167
10,2,183,0.91829583405449
10,2,184,0.881290899230693
10,2,185,0.836640741941167
10,2,186,0.91829583405449
10,2,187,0.881290899230693
10,2,188,0.91829583405449
10,2,189,0.881290899230693
10,2,190,0.783776947484701
10,2,191,0.91829583405449
10,2,192,0.783776947484701
10,2,193,0.91829583405449
10,2,194,0.721928094887362
10,2,195,0.948078243593905
10,2,196,0.970950594454669
10,2,197,0.970950594454669
10,2,198,0.721928094887362
10,2,199,0.948078243593905
10,2,200,0.881290899230693
10,2,201,0.881290899230693
10,2,202,0.91829583405449
10,2,203,0.970950594454669
10,2,204,0.948078243593905
10,2,205,0.836640741941167
10,2,206,0.948078243593905
10,2,207,0.948078243593905
10,2,208,0.948078243593905
10,2,209,0.881290899230693
10,2,210,0.91829583405449
10,2,211,0.836640741941167
10,2,212,0.948078243593905
10,2,213,0.91829583405449
10,2,214,0.91829583405449
10,2,215,0.948078243593905
10,2,216,0.948078243593905
10,2,217,0.91829583405449
10,2,218,0.91829583405449
10,2,219,0.948078243593905
10,2,220,0.970950594454669
10,2,221,0.836640741941167
10,2,222,0.948078243593905
10,2,223,0.881290899230693
10,2,224,0.91829583405449
10,2,225,0.91829583405449
10,2,226,0.91829583405449
10,2,227,0.948078243593905
10,2,228,0.836640741941167
10,2,229,0.948078243593905
10,2,230,0.881290899230693
10,2,231,0.91829583405449
10,2,232,0.948078243593905
10,2,233,0.996791631981637
10,2,234,0.91829583405449
10,2,235,0.948078243593905
10,2,236,0.721928094887362
10,2,237,0.948078243593905
10,2,238,0.91829583405449
10,2,239,0.970950594454669
10,2,240,0.91829583405449
10,2,241,0.91829583405449
10,2,242,0.987137774372186
10,2,243,0.91829583405449
10,2,244,0.91829583405449
10,2,245,0.91829583405449
10,2,246,0.881290899230693
10,2,247,0.836640741941167
10,2,248,0.970950594454669
10,2,249,0.881290899230693
10,2,250,0.650022421648354
10,2,251,0.881290899230693
10,2,252,0.836640741941167
10,2,253,0.836640741941167
10,2,254,0.91829583405449
10,2,255,0.881290899230693
10,2,256,0.948078243593905
10,2,257,0.881290899230693
10,2,258,0.836640741941167
10,2,259,0.836640741941167
10,2,260,0.881290899230693
10,2,261,0.721928094887362
10,2,262,0.91829583405449
10,2,263,0.948078243593905
10,2,264,0.948078243593905
10,2,265,0.836640741941167
10,2,266,0.836640741941167
10,2,267,0.91829583405449
10,2,268,0.836640741941167
10,2,269,0.881290899230693
10,2,270,0.948078243593905
10,2,271,0.783776947484701
10,2,272,0.970950594454669
10,2,273,0.91829583405449
10,2,274,0.970950594454669
10,2,275,0.948078243593905
10,2,276,0.836640741941167
10,2,277,0.881290899230693
10,2,278,0.836640741941167
10,2,279,0.836640741941167
10,2,280,0.948078243593905
10,2,281,0.948078243593905
10,2,282,0.91829583405449
10,2,283,0.836640741941167
10,2,284,0.948078243593905
10,2,285,0.91829583405449
10,2,286,0.970950594454669
10,2,287,0.881290899230693
10,2,288,0.91829583405449
10,2,289,0.91829583405449
10,2,290,0.881290899230693
10,2,291,0.881290899230693
10,2,292,0.91829583405449
10,2,293,0.836640741941167
10,2,294,0.836640741941167
10,2,295,0.91829583405449
10,2,296,0.881290899230693
10,2,297,0.881290899230693
10,2,298,0.881290899230693
10,2,299,0.987137774372186
10,2,300,0.881290899230693
10,2,301,0.948078243593905
10,2,302,0.881290899230693
10,2,303,0.881290899230693
10,2,304,0.783776947484701
10,2,305,0.881290899230693
10,2,306,0.91829583405449
10,2,307,0.948078243593905
10,2,308,0.91829583405449
10,2,309,0.836640741941167
10,2,310,0.721928094887362
10,2,311,0.970950594454669
10,2,312,0.91829583405449
10,2,313,0.948078243593905
10,2,314,0.836640741941167
10,2,315,0.948078243593905
10,2,316,0.948078243593905
10,2,317,0.948078243593905
10,2,318,0.721928094887362
10,2,319,0.836640741941167
10,2,320,0.948078243593905
10,2,321,0.881290899230693
10,2,322,0.91829583405449
10,2,323,0.91829583405449
10,2,324,0.721928094887362
10,2,325,0.948078243593905
10,2,326,0.91829583405449
10,2,327,0.970950594454669
10,2,328,0.836640741941167
10,2,329,0.721928094887362
10,2,330,0.948078243593905
10,2,331,0.881290899230693
10,2,332,0.881290899230693
10,2,333,0.783776947484701
10,2,334,0.881290899230693
10,2,335,0.881290899230693
10,2,336,0.970950594454669
10,2,337,0.948078243593905
10,2,338,0.881290899230693
10,2,339,0.91829583405449
10,2,340,0.91829583405449
10,2,341,0.91829583405449
10,2,342,0.836640741941167
10,2,343,0.881290899230693
10,2,344,0.948078243593905
10,2,345,0.881290899230693
10,2,346,0.881290899230693
10,2,347,0.948078243593905
10,2,348,0.91829583405449
10,2,349,0.836640741941167
10,2,350,0.836640741941167
10,2,351,0.836640741941167
10,2,352,0.91829583405449
10,2,353,0.836640741941167
10,2,354,0.987137774372186
10,2,355,0.970950594454669
10,2,356,0.91829583405449
10,2,357,0.881290899230693
10,2,358,0.91829583405449
10,2,359,0.948078243593905
10,2,360,0.881290899230693
10,2,361,0.881290899230693
10,2,362,0.970950594454669
10,2,363,0.948078243593905
10,2,364,0.721928094887362
10,2,365,0.881290899230693
10,2,366,0.948078243593905
10,2,367,0.783776947484701
10,2,368,0.91829583405449
10,2,369,0.970950594454669
10,2,370,0.881290899230693
10,2,371,0.91829583405449
10,2,372,0.881290899230693
10,2,373,0.881290899230693
10,2,374,0.970950594454669
10,2,375,0.948078243593905
10,2,376,0.881290899230693
10,2,377,0.91829583405449
10,2,378,0.91829583405449
10,2,379,0.91829583405449
10,2,380,0.783776947484701
10,2,381,0.948078243593905
10,2,382,0.91829583405449
10,2,383,0.987137774372186
10,2,384,0.91829583405449
10,2,385,0.91829583405449
10,2,386,0.91829583405449
10,2,387,0.970950594454669
10,2,388,0.91829583405449
10,2,389,0.783776947484701
10,2,390,0.881290899230693
10,2,391,0.91829583405449
10,2,392,0.91829583405449
10,2,393,0.996791631981637
10,2,394,0.881290899230693
10,2,395,0.948078243593905
10,2,396,0.91829583405449
10,2,397,0.836640741941167
10,2,398,0.948078243593905
10,2,399,0.91829583405449
10,2,400,0.91829583405449
10,3,1,0.731208802620227
10,3,2,0.68844308654496
10,3,3,0.793735027242848
10,3,4,0.537509612264899
10,3,5,0.764724380911158
10,3,6,0.764724380911158
10,3,7,0.581612453754885
10,3,8,0.731208802620227
10,3,9,0.700680458167293
10,3,10,0.866277583544875
10,3,11,0.863178047909164
10,3,12,0.731208802620227
10,3,13,0.651288847019223
10,3,14,0.678014589048823
10,3,15,0.700680458167293
10,3,16,0.639550470183455
10,3,17,0.700680458167293
10,3,18,0.639550470183455
10,3,19,0.621574167444758
10,3,20,0.621574167444758
10,3,21,0.651288847019223
10,3,22,0.664357405712226
10,3,23,0.729846699162097
10,3,24,0.756416846528583
10,3,25,0.729846699162097
10,3,26,0.731208802620227
10,3,27,0.729846699162097
10,3,28,0.81734542214651
10,3,29,0.816940687676626
10,3,30,0.835891093067469
10,3,31,0.619315131860283
10,3,32,0.700680458167293
10,3,33,0.81734542214651
10,3,34,0.776649013811952
10,3,35,0.651288847019223
10,3,36,0.729846699162097
10,3,37,0.556032649876389
10,3,38,0.556032649876389
10,3,39,0.651288847019223
10,3,40,0.78358070404881
10,3,41,0.664357405712226
10,3,42,0.717037364643659
10,3,43,0.793735027242848
10,3,44,0.866277583544875
10,3,45,0.729846699162097
10,3,46,0.776649013811952
10,3,47,0.651288847019223
10,3,48,0.556032649876389
10,3,49,0.729846699162097
10,3,50,0.700680458167293
10,3,51,0.700680458167293
10,3,52,0.793735027242848
10,3,53,0.816940687676626
10,3,54,0.81734542214651
10,3,55,0.664357405712226
10,3,56,0.700680458167293
10,3,57,0.68844308654496
10,3,58,0.81734542214651
10,3,59,0.619315131860283
10,3,60,0.866277583544875
10,3,61,0.619315131860283
10,3,62,0.731208802620227
10,3,63,0.756416846528583
10,3,64,0.700680458167293
10,3,65,0.678014589048823
10,3,66,0.717037364643659
10,3,67,0.894860522141848
10,3,68,0.81734542214651
10,3,69,0.651288847019223
10,3,70,0.678014589048823
10,3,71,0.619315131860283
10,3,72,0.731208802620227
10,3,73,0.793735027242848
10,3,74,0.776649013811952
10,3,75,0.621574167444758
10,3,76,0.664357405712226
10,3,77,0.764724380911158
10,3,78,0.776649013811952
10,3,79,0.678014589048823
10,3,80,0.776649013811952
10,3,81,0.729846699162097
10,3,82,0.731208802620227
10,3,83,0.664357405712226
10,3,84,0.664357405712226
10,3,85,0.792155476756316
10,3,86,0.700680458167293
10,3,87,0.581612453754885
10,3,88,0.581612453754885
10,3,89,0.858672711073255
10,3,90,0.68844308654496
10,3,91,0.731208802620227
10,3,92,0.678014589048823
10,3,93,0.651288847019223
10,3,94,0.816940687676626
10,3,95,0.639550470183455
10,3,96,0.700680458167293
10,3,97,0.651288847019223
10,3,98,0.81734542214651
10,3,99,0.729846699162097
10,3,100,0.678014589048823
10,3,101,0.700680458167293
10,3,102,0.81734542214651
10,3,103,0.816940687676626
10,3,104,0.731208802620227
10,3,105,0.793735027242848
10,3,106,0.81734542214651
10,3,107,0.866277583544875
10,3,108,0.700680458167293
10,3,109,0.764724380911158
10,3,110,0.731208802620227
10,3,111,0.621574167444758
10,3,112,0.664357405712226
10,3,113,0.764724380911158
10,3,114,0.743622462137679
10,3,115,0.651288847019223
10,3,116,0.729846699162097
10,3,117,0.651288847019223
10,3,118,0.527861537140782
10,3,119,0.731208802620227
10,3,120,0.731208802620227
10,3,121,0.598170772597163
10,3,122,0.664357405712226
10,3,123,0.664357405712226
10,3,124,0.664357405712226
10,3,125,0.700680458167293
10,3,126,0.764724380911158
10,3,127,0.651288847019223
10,3,128,0.699844405336885
10,3,129,0.756416846528583
10,3,130,0.700680458167293
10,3,131,0.78358070404881
10,3,132,0.700680458167293
10,3,133,0.664357405712226
10,3,134,0.731208802620227
10,3,135,0.619315131860283
10,3,136,0.894860522141848
10,3,137,0.581671865717887
10,3,138,0.700680458167293
10,3,139,0.731208802620227
10,3,140,0.756416846528583
10,3,141,0.717037364643659
10,3,142,0.619315131860283
10,3,143,0.651288847019223
10,3,144,0.729846699162097
10,3,145,0.571361947860734
10,3,146,0.619315131860283
10,3,147,0.651288847019223
10,3,148,0.743622462137679
10,3,149,0.700680458167293
10,3,150,0.581612453754885
10,3,151,0.764724380911158
10,3,152,0.68844308654496
10,3,153,0.639550470183455
10,3,154,0.883037440954759
10,3,155,0.883037440954759
10,3,156,0.764724380911158
10,3,157,0.756416846528583
10,3,158,0.455485915003595
10,3,159,0.764724380911158
10,3,160,0.764724380911158
10,3,161,0.700680458167293
10,3,162,0.556032649876389
10,3,163,0.743622462137679
10,3,164,0.756416846528583
10,3,165,0.731208802620227
10,3,166,0.756416846528583
10,3,167,0.68844308654496
10,3,168,0.700680458167293
10,3,169,0.756416846528583
10,3,170,0.621574167444758
10,3,171,0.764724380911158
10,3,172,0.764724380911158
10,3,173,0.651288847019223
10,3,174,0.678014589048823
10,3,175,0.700680458167293
10,3,176,0.639550470183455
10,3,177,0.81734542214651
10,3,178,0.410118486306518
10,3,179,0.619315131860283
10,3,180,0.651288847019223
10,3,181,0.731208802620227
10,3,182,0.717037364643659
10,3,183,0.776649013811952
10,3,184,0.81734542214651
10,3,185,0.651288847019223
10,3,186,0.776649013811952
10,3,187,0.793735027242848
10,3,188,0.619315131860283
10,3,189,0.537509612264899
10,3,190,0.678014589048823
10,3,191,0.664357405712226
10,3,192,0.816940687676626
10,3,193,0.764724380911158
10,3,194,0.700680458167293
10,3,195,0.776649013811952
10,3,196,0.776649013811952
10,3,197,0.68844308654496
10,3,198,0.651288847019223
10,3,199,0.537509612264899
10,3,200,0.729846699162097
10,3,201,0.678014589048823
10,3,202,0.68844308654496
10,3,203,0.764724380911158
10,3,204,0.700680458167293
10,3,205,0.816940687676626
10,3,206,0.729846699162097
10,3,207,0.731208802620227
10,3,208,0.764724380911158
10,3,209,0.764724380911158
10,3,210,0.835891093067469
10,3,211,0.776649013811952
10,3,212,0.651288847019223
10,3,213,0.699844405336885
10,3,214,0.793735027242848
10,3,215,0.68844308654496
10,3,216,0.731208802620227
10,3,217,0.793735027242848
10,3,218,0.729846699162097
10,3,219,0.844353685003622
10,3,220,0.764724380911158
10,3,221,0.556032649876389
10,3,222,0.700680458167293
10,3,223,0.678014589048823
10,3,224,0.731208802620227
10,3,225,0.664357405712226
10,3,226,0.664357405712226
10,3,227,0.700680458167293
10,3,228,0.729846699162097
10,3,229,0.78358070404881
10,3,230,0.793735027242848
10,3,231,0.619315131860283
10,3,232,0.729846699162097
10,3,233,0.816940687676626
10,3,234,0.764724380911158
10,3,235,0.700680458167293
10,3,236,0.81734542214651
10,3,237,0.793735027242848
10,3,238,0.664357405712226
10,3,239,0.68844308654496
10,3,240,0.612601619289344
10,3,241,0.678014589048823
10,3,242,0.581612453754885
10,3,243,0.621574167444758
10,3,244,0.731208802620227
10,3,245,0.793735027242848
10,3,246,0.621574167444758
10,3,247,0.619315131860283
10,3,248,0.764724380911158
10,3,249,0.729846699162097
10,3,250,0.729846699162097
10,3,251,0.81734542214651
10,3,252,0.731208802620227
10,3,253,0.68844308654496
10,3,254,0.678014589048823
10,3,255,0.700680458167293
10,3,256,0.756416846528583
10,3,257,0.494508196331511
10,3,258,0.700680458167293
10,3,259,0.651288847019223
10,3,260,0.731208802620227
10,3,261,0.581612453754885
10,3,262,0.571361947860734
10,3,263,0.764724380911158
10,3,264,0.731208802620227
10,3,265,0.731208802620227
10,3,266,0.678014589048823
10,3,267,0.849611742500758
10,3,268,0.621574167444758
10,3,269,0.731208802620227
10,3,270,0.700680458167293
10,3,271,0.717037364643659
10,3,272,0.651288847019223
10,3,273,0.816940687676626
10,3,274,0.731208802620227
10,3,275,0.621574167444758
10,3,276,0.68844308654496
10,3,277,0.776649013811952
10,3,278,0.664357405712226
10,3,279,0.792155476756316
10,3,280,0.700680458167293
10,3,281,0.729846699162097
10,3,282,0.410118486306518
10,3,283,0.651288847019223
10,3,284,0.866277583544875
10,3,285,0.835891093067469
10,3,286,0.696109471426504
10,3,287,0.756416846528583
10,3,288,0.581612453754885
10,3,289,0.81734542214651
10,3,290,0.664357405712226
10,3,291,0.764724380911158
10,3,292,0.700680458167293
10,3,293,0.678014589048823
10,3,294,0.581612453754885
10,3,295,0.756416846528583
10,3,296,0.756416846528583
10,3,297,0.581612453754885
10,3,298,0.731208802620227
10,3,299,0.731208802620227
10,3,300,0.793735027242848
10,3,301,0.619315131860283
10,3,302,0.793735027242848
10,3,303,0.816940687676626
10,3,304,0.793735027242848
10,3,305,0.81734542214651
10,3,306,0.729846699162097
10,3,307,0.793735027242848
10,3,308,0.793735027242848
10,3,309,0.494508196331511
10,3,310,0.792155476756316
10,3,311,0.700680458167293
10,3,312,0.776649013811952
10,3,313,0.729846699162097
10,3,314,0.621574167444758
10,3,315,0.78358070404881
10,3,316,0.700680458167293
10,3,317,0.731208802620227
10,3,318,0.756416846528583
10,3,319,0.68844308654496
10,3,320,0.700680458167293
10,3,321,0.793735027242848
10,3,322,0.729846699162097
10,3,323,0.756416846528583
10,3,324,0.764724380911158
10,3,325,0.619315131860283
10,3,326,0.792155476756316
10,3,327,0.699844405336885
10,3,328,0.743622462137679
10,3,329,0.776649013811952
10,3,330,0.700680458167293
10,3,331,0.793735027242848
10,3,332,0.619315131860283
10,3,333,0.664357405712226
10,3,334,0.731208802620227
10,3,335,0.729846699162097
10,3,336,0.866277583544875
10,3,337,0.621574167444758
10,3,338,0.700680458167293
10,3,339,0.756416846528583
10,3,340,0.756416846528583
10,3,341,0.717037364643659
10,3,342,0.835891093067469
10,3,343,0.621574167444758
10,3,344,0.764724380911158
10,3,345,0.835891093067469
10,3,346,0.700680458167293
10,3,347,0.731208802620227
10,3,348,0.678014589048823
10,3,349,0.764724380911158
10,3,350,0.639550470183455
10,3,351,0.731208802620227
10,3,352,0.756416846528583
10,3,353,0.731208802620227
10,3,354,0.764724380911158
10,3,355,0.835891093067469
10,3,356,0.756416846528583
10,3,357,0.621574167444758
10,3,358,0.764724380911158
10,3,359,0.81734542214651
10,3,360,0.776649013811952
10,3,361,0.729846699162097
10,3,362,0.700680458167293
10,3,363,0.700680458167293
10,3,364,0.678014589048823
10,3,365,0.81734542214651
10,3,366,0.664357405712226
10,3,367,0.731208802620227
10,3,368,0.793735027242848
10,3,369,0.639550470183455
10,3,370,0.793735027242848
10,3,371,0.793735027242848
10,3,372,0.731208802620227
10,3,373,0.731208802620227
10,3,374,0.700680458167293
10,3,375,0.664357405712226
10,3,376,0.756416846528583
10,3,377,0.793735027242848
10,3,378,0.729846699162097
10,3,379,0.619315131860283
10,3,380,0.731208802620227
10,3,381,0.764724380911158
10,3,382,0.700680458167293
10,3,383,0.527861537140782
10,3,384,0.664357405712226
10,3,385,0.844353685003622
10,3,386,0.793735027242848
10,3,387,0.793735027242848
10,3,388,0.764724380911158
10,3,389,0.700680458167293
10,3,390,0.729846699162097
10,3,391,0.651288847019223
10,3,392,0.793735027242848
10,3,393,0.729846699162097
10,3,394,0.621574167444758
10,3,395,0.619315131860283
10,3,396,0.700680458167293
10,3,397,0.731208802620227
10,3,398,0.731208802620227
10,3,399,0.700680458167293
10,3,400,0.792155476756316
10,4,1,0.579469266175139
10,4,2,0.559824120898468
10,4,3,0.63277950166411
10,4,4,0.627768362699825
10,4,5,0.579469266175139
10,4,6,0.606029733565693
10,4,7,0.606029733565693
10,4,8,0.675058224400299
10,4,9,0.552746547982404
10,4,10,0.63277950166411
10,4,11,0.39188847374235
10,4,12,0.59149302972997
10,4,13,0.612802599508472
10,4,14,0.740593950864258
10,4,15,0.579469266175139
10,4,16,0.59149302972997
10,4,17,0.674934918547124
10,4,18,0.612802599508472
10,4,19,0.63277950166411
10,4,20,0.615479781557005
10,4,21,0.55461356939923
10,4,22,0.492585873408457
10,4,23,0.723219672335508
10,4,24,0.588609458924973
10,4,25,0.418320370970584
10,4,26,0.599446168330777
10,4,27,0.526490787565135
10,4,28,0.615479781557005
10,4,29,0.606029733565693
10,4,30,0.624304616426244
10,4,31,0.701495385937679
10,4,32,0.615479781557005
10,4,33,0.651944525268418
10,4,34,0.490795630063863
10,4,35,0.485475297227334
10,4,36,0.651944525268418
10,4,37,0.588609458924973
10,4,38,0.537313849292125
10,4,39,0.526490787565135
10,4,40,0.63277950166411
10,4,41,0.490795630063863
10,4,42,0.674934918547124
10,4,43,0.651944525268418
10,4,44,0.723219672335508
10,4,45,0.624304616426244
10,4,46,0.63277950166411
10,4,47,0.615479781557005
10,4,48,0.490795630063863
10,4,49,0.624304616426244
10,4,50,0.492585873408457
10,4,51,0.537313849292125
10,4,52,0.559824120898468
10,4,53,0.651944525268418
10,4,54,0.693645713821885
10,4,55,0.559824120898468
10,4,56,0.612802599508472
10,4,57,0.516134199831693
10,4,58,0.59149302972997
10,4,59,0.708342810302103
10,4,60,0.578338325972432
10,4,61,0.67330137601803
10,4,62,0.55461356939923
10,4,63,0.588609458924973
10,4,64,0.526490787565135
10,4,65,0.723219672335508
10,4,66,0.624304616426244
10,4,67,0.674934918547124
10,4,68,0.57838982472352
10,4,69,0.525919206741791
10,4,70,0.55461356939923
10,4,71,0.612802599508472
10,4,72,0.559824120898468
10,4,73,0.516134199831693
10,4,74,0.674934918547124
10,4,75,0.674934918547124
10,4,76,0.651944525268418
10,4,77,0.675058224400299
10,4,78,0.651944525268418
10,4,79,0.651944525268418
10,4,80,0.740593950864258
10,4,81,0.490795630063863
10,4,82,0.516134199831693
10,4,83,0.674934918547124
10,4,84,0.675058224400299
10,4,85,0.674934918547124
10,4,86,0.579469266175139
10,4,87,0.612802599508472
10,4,88,0.740593950864258
10,4,89,0.516134199831693
10,4,90,0.537313849292125
10,4,91,0.674934918547124
10,4,92,0.516134199831693
10,4,93,0.559824120898468
10,4,94,0.651944525268418
10,4,95,0.537313849292125
10,4,96,0.753875823620308
10,4,97,0.516134199831693
10,4,98,0.559824120898468
10,4,99,0.612802599508472
10,4,100,0.612802599508472
10,4,101,0.674934918547124
10,4,102,0.516134199831693
10,4,103,0.693645713821885
10,4,104,0.674934918547124
10,4,105,0.460916964576955
10,4,106,0.526490787565135
10,4,107,0.701495385937679
10,4,108,0.629020126844399
10,4,109,0.57838982472352
10,4,110,0.669786130993361
10,4,111,0.460916964576955
10,4,112,0.651944525268418
10,4,113,0.579469266175139
10,4,114,0.490795630063863
10,4,115,0.674934918547124
10,4,116,0.606029733565693
10,4,117,0.651944525268418
10,4,118,0.643392066888355
10,4,119,0.63277950166411
10,4,120,0.537313849292125
10,4,121,0.579469266175139
10,4,122,0.460916964576955
10,4,123,0.39188847374235
10,4,124,0.55461356939923
10,4,125,0.708342810302103
10,4,126,0.516134199831693
10,4,127,0.59149302972997
10,4,128,0.648813114890339
10,4,129,0.555276125591639
10,4,130,0.526490787565135
10,4,131,0.516134199831693
10,4,132,0.674934918547124
10,4,133,0.516134199831693
10,4,134,0.579469266175139
10,4,135,0.526490787565135
10,4,136,0.606029733565693
10,4,137,0.693645713821885
10,4,138,0.63277950166411
10,4,139,0.555276125591639
10,4,140,0.579469266175139
10,4,141,0.525919206741791
10,4,142,0.648813114890339
10,4,143,0.651944525268418
10,4,144,0.723219672335508
10,4,145,0.651944525268418
10,4,146,0.516134199831693
10,4,147,0.648813114890339
10,4,148,0.693645713821885
10,4,149,0.492585873408457
10,4,150,0.612802599508472
10,4,151,0.606029733565693
10,4,152,0.45279363084913
10,4,153,0.516134199831693
10,4,154,0.516134199831693
10,4,155,0.648813114890339
10,4,156,0.723219672335508
10,4,157,0.67330137601803
10,4,158,0.647730922119161
10,4,159,0.568238667288061
10,4,160,0.516134199831693
10,4,161,0.588609458924973
10,4,162,0.599446168330777
10,4,163,0.55461356939923
10,4,164,0.674934918547124
10,4,165,0.525919206741791
10,4,166,0.615479781557005
10,4,167,0.674934918547124
10,4,168,0.559824120898468
10,4,169,0.674934918547124
10,4,170,0.57838982472352
10,4,171,0.516134199831693
10,4,172,0.525919206741791
10,4,173,0.723219672335508
10,4,174,0.59149302972997
10,4,175,0.526490787565135
10,4,176,0.651944525268418
10,4,177,0.674934918547124
10,4,178,0.460916964576955
10,4,179,0.624304616426244
10,4,180,0.674934918547124
10,4,181,0.651944525268418
10,4,182,0.490795630063863
10,4,183,0.693645713821885
10,4,184,0.588609458924973
10,4,185,0.460916964576955
10,4,186,0.490795630063863
10,4,187,0.537313849292125
10,4,188,0.643392066888355
10,4,189,0.693645713821885
10,4,190,0.492585873408457
10,4,191,0.675058224400299
10,4,192,0.516134199831693
10,4,193,0.516134199831693
10,4,194,0.55461356939923
10,4,195,0.559824120898468
10,4,196,0.693645713821885
10,4,197,0.606029733565693
10,4,198,0.506878839146406
10,4,199,0.59149302972997
10,4,200,0.588609458924973
10,4,201,0.651944525268418
10,4,202,0.559824120898468
10,4,203,0.63277950166411
10,4,204,0.693645713821885
10,4,205,0.588609458924973
10,4,206,0.63277950166411
10,4,207,0.555276125591639
10,4,208,0.612802599508472
10,4,209,0.588609458924973
10,4,210,0.740593950864258
10,4,211,0.588609458924973
10,4,212,0.579469266175139
10,4,213,0.588609458924973
10,4,214,0.579469266175139
10,4,215,0.674934918547124
10,4,216,0.599446168330777
10,4,217,0.675058224400299
10,4,218,0.629020126844399
10,4,219,0.59149302972997
10,4,220,0.701495385937679
10,4,221,0.693645713821885
10,4,222,0.59149302972997
10,4,223,0.674934918547124
10,4,224,0.612802599508472
10,4,225,0.612802599508472
10,4,226,0.460916964576955
10,4,227,0.460916964576955
10,4,228,0.555276125591639
10,4,229,0.674934918547124
10,4,230,0.605738912601193
10,4,231,0.651944525268418
10,4,232,0.674934918547124
10,4,233,0.629020126844399
10,4,234,0.490795630063863
10,4,235,0.555276125591639
10,4,236,0.486126964182464
10,4,237,0.526490787565135
10,4,238,0.629020126844399
10,4,239,0.643392066888355
10,4,240,0.606029733565693
10,4,241,0.599446168330777
10,4,242,0.490795630063863
10,4,243,0.490795630063863
10,4,244,0.525919206741791
10,4,245,0.490795630063863
10,4,246,0.599446168330777
10,4,247,0.612802599508472
10,4,248,0.490795630063863
10,4,249,0.588609458924973
10,4,250,0.674934918547124
10,4,251,0.643392066888355
10,4,252,0.588609458924973
10,4,253,0.59149302972997
10,4,254,0.588609458924973
10,4,255,0.559824120898468
10,4,256,0.526490787565135
10,4,257,0.606029733565693
10,4,258,0.559824120898468
10,4,259,0.492585873408457
10,4,260,0.643392066888355
10,4,261,0.526490787565135
10,4,262,0.559824120898468
10,4,263,0.59149302972997
10,4,264,0.674934918547124
10,4,265,0.559824120898468
10,4,266,0.651944525268418
10,4,267,0.559824120898468
10,4,268,0.486126964182464
10,4,269,0.693645713821885
10,4,270,0.425966289608517
10,4,271,0.701495385937679
10,4,272,0.651944525268418
10,4,273,0.651944525268418
10,4,274,0.555276125591639
10,4,275,0.612802599508472
10,4,276,0.674934918547124
10,4,277,0.555276125591639
10,4,278,0.405923760362066
10,4,279,0.723219672335508
10,4,280,0.45279363084913
10,4,281,0.606029733565693
10,4,282,0.425966289608517
10,4,283,0.440645449615346
10,4,284,0.612802599508472
10,4,285,0.57838982472352
10,4,286,0.460916964576955
10,4,287,0.516134199831693
10,4,288,0.624304616426244
10,4,289,0.701495385937679
10,4,290,0.526490787565135
10,4,291,0.612802599508472
10,4,292,0.492585873408457
10,4,293,0.490795630063863
10,4,294,0.490795630063863
10,4,295,0.555276125591639
10,4,296,0.63277950166411
10,4,297,0.59149302972997
10,4,298,0.555276125591639
10,4,299,0.693645713821885
10,4,300,0.59149302972997
10,4,301,0.740593950864258
10,4,302,0.59149302972997
10,4,303,0.763245393782567
10,4,304,0.612802599508472
10,4,305,0.485475297227334
10,4,306,0.59149302972997
10,4,307,0.559824120898468
10,4,308,0.537313849292125
10,4,309,0.651944525268418
10,4,310,0.629020126844399
10,4,311,0.516134199831693
10,4,312,0.675058224400299
10,4,313,0.612802599508472
10,4,314,0.537313849292125
10,4,315,0.693645713821885
10,4,316,0.516134199831693
10,4,317,0.599446168330777
10,4,318,0.57838982472352
10,4,319,0.624304616426244
10,4,320,0.674934918547124
10,4,321,0.555276125591639
10,4,322,0.651944525268418
10,4,323,0.588609458924973
10,4,324,0.612802599508472
10,4,325,0.526490787565135
10,4,326,0.39188847374235
10,4,327,0.537313849292125
10,4,328,0.606029733565693
10,4,329,0.588609458924973
10,4,330,0.555276125591639
10,4,331,0.674934918547124
10,4,332,0.693645713821885
10,4,333,0.627768362699825
10,4,334,0.662428018599378
10,4,335,0.63277950166411
10,4,336,0.440645449615346
10,4,337,0.615479781557005
10,4,338,0.615479781557005
10,4,339,0.612802599508472
10,4,340,0.50683175627968
10,4,341,0.662428018599378
10,4,342,0.418320370970584
10,4,343,0.526490787565135
10,4,344,0.629020126844399
10,4,345,0.50683175627968
10,4,346,0.559824120898468
10,4,347,0.57838982472352
10,4,348,0.55461356939923
10,4,349,0.624304616426244
10,4,350,0.526490787565135
10,4,351,0.651944525268418
10,4,352,0.506878839146406
10,4,353,0.525919206741791
10,4,354,0.579469266175139
10,4,355,0.490795630063863
10,4,356,0.39188847374235
10,4,357,0.629020126844399
10,4,358,0.624304616426244
10,4,359,0.526490787565135
10,4,360,0.526490787565135
10,4,361,0.674934918547124
10,4,362,0.537313849292125
10,4,363,0.63277950166411
10,4,364,0.693645713821885
10,4,365,0.418320370970584
10,4,366,0.516134199831693
10,4,367,0.555276125591639
10,4,368,0.579469266175139
10,4,369,0.579469266175139
10,4,370,0.579469266175139
10,4,371,0.674934918547124
10,4,372,0.588609458924973
10,4,373,0.537313849292125
10,4,374,0.612802599508472
10,4,375,0.559824120898468
10,4,376,0.552746547982404
10,4,377,0.63277950166411
10,4,378,0.606029733565693
10,4,379,0.545578238027246
10,4,380,0.59149302972997
10,4,381,0.460916964576955
10,4,382,0.490795630063863
10,4,383,0.636452797660028
10,4,384,0.63277950166411
10,4,385,0.599446168330777
10,4,386,0.425966289608517
10,4,387,0.460916964576955
10,4,388,0.559824120898468
10,4,389,0.537313849292125
10,4,390,0.526490787565135
10,4,391,0.490795630063863
10,4,392,0.693645713821885
10,4,393,0.674934918547124
10,4,394,0.612802599508472
10,4,395,0.674934918547124
10,4,396,0.588609458924973
10,4,397,0.555276125591639
10,4,398,0.723219672335508
10,4,399,0.662428018599378
10,4,400,0.526490787565135
