"l_max","k","draw","ARI","inconsistency_A","inconsistency_B_null_med"
1,2,1,0.684338324564953,0.315661675435047,0.650022421648354
1,2,2,0.791029037318999,0.208970962681001,0.650022421648354
1,2,3,0.618991793669402,0.381008206330598,0.650022421648354
1,2,4,1,0,0.650022421648354
1,2,5,0.434354899735149,0.565645100264851,0.650022421648354
1,2,6,0.741250278653546,0.258749721346454,0.650022421648354
1,2,7,0.842907136366273,0.157092863633727,0.650022421648354
1,2,8,1,0,0.650022421648354
1,2,9,1,0,0.650022421648354
1,2,10,0.701446834570925,0.298553165429075,0.650022421648354
1,2,11,0.336050742261221,0.663949257738779,0.650022421648354
1,2,12,0.0375360923965352,0.962463907603465,0.650022421648354
1,2,13,0.076447317100351,0.923552682899649,0.650022421648354
1,2,14,0.684338324564953,0.315661675435047,0.650022421648354
1,2,15,0.830464267083985,0.169535732916015,0.650022421648354
1,2,16,1,0,0.650022421648354
1,2,17,0.838485240035782,0.161514759964218,0.650022421648354
1,2,18,0.830464267083985,0.169535732916015,0.650022421648354
1,2,19,0,1,0.650022421648354
1,2,20,0.558423913043478,0.441576086956522,0.650022421648354
1,2,21,1,0,0.650022421648354
1,2,22,0.563660774222421,0.436339225777579,0.650022421648354
1,2,23,0.536836235206642,0.463163764793358,0.650022421648354
1,2,24,0.830464267083985,0.169535732916015,0.650022421648354
1,2,25,0.816363430896146,0.183636569103854,0.650022421648354
1,2,26,0.684338324564953,0.315661675435047,0.650022421648354
1,2,27,0.557561408700799,0.442438591299201,0.650022421648354
1,2,28,0.816363430896146,0.183636569103854,0.650022421648354
1,2,29,1,0,0.650022421648354
1,2,30,0.838485240035782,0.161514759964218,0.650022421648354
1,2,31,0.816363430896146,0.183636569103854,0.650022421648354
1,2,32,0.664371772805508,0.335628227194492,0.650022421648354
1,2,33,0.830464267083985,0.169535732916015,0.650022421648354
1,2,34,1,0,0.650022421648354
1,2,35,1,0,0.650022421648354
1,2,36,0.684338324564953,0.315661675435047,0.650022421648354
1,2,37,1,0,0.650022421648354
1,2,38,0.816363430896146,0.183636569103854,0.650022421648354
1,2,39,0.308552671570117,0.691447328429883,0.650022421648354
1,2,40,0.816363430896146,0.183636569103854,0.650022421648354
1,2,41,1,0,0.650022421648354
1,2,42,0.629101283880171,0.370898716119829,0.650022421648354
1,2,43,0.791029037318999,0.208970962681001,0.650022421648354
1,2,44,1,0,0.650022421648354
1,2,45,1,0,0.650022421648354
1,2,46,0.536836235206642,0.463163764793358,0.650022421648354
1,2,47,0.50016716817118,0.49983283182882,0.650022421648354
1,2,48,1,0,0.650022421648354
1,2,49,0.197134387351779,0.802865612648221,0.650022421648354
1,2,50,0.557561408700799,0.442438591299201,0.650022421648354
1,2,51,1,0,0.650022421648354
1,2,52,0.336050742261221,0.663949257738779,0.650022421648354
1,2,53,1,0,0.650022421648354
1,2,54,0.0677290836653386,0.932270916334661,0.650022421648354
1,2,55,0.121621621621622,0.878378378378379,0.650022421648354
1,2,56,1,0,0.650022421648354
1,2,57,0.424354243542435,0.575645756457565,0.650022421648354
1,2,58,0.0375360923965352,0.962463907603465,0.650022421648354
1,2,59,0.664371772805508,0.335628227194492,0.650022421648354
1,2,60,1,0,0.650022421648354
1,2,61,1,0,0.650022421648354
1,2,62,0.350309376487387,0.649690623512613,0.650022421648354
1,2,63,0.554219262498758,0.445780737501242,0.650022421648354
1,2,64,0.664371772805508,0.335628227194492,0.650022421648354
1,2,65,1,0,0.650022421648354
1,2,66,0.791029037318999,0.208970962681001,0.650022421648354
1,2,67,0.845123043784907,0.154876956215093,0.650022421648354
1,2,68,0.816363430896146,0.183636569103854,0.650022421648354
1,2,69,1,0,0.650022421648354
1,2,70,0.701446834570925,0.298553165429075,0.650022421648354
1,2,71,1,0,0.650022421648354
1,2,72,0.424354243542435,0.575645756457565,0.650022421648354
1,2,73,0.629101283880171,0.370898716119829,0.650022421648354
1,2,74,0.816363430896146,0.183636569103854,0.650022421648354
1,2,75,1,0,0.650022421648354
1,2,76,0.816363430896146,0.183636569103854,0.650022421648354
1,2,77,1,0,0.650022421648354
1,2,78,1,0,0.650022421648354
1,2,79,1,0,0.650022421648354
1,2,80,1,0,0.650022421648354
1,2,81,1,0,0.650022421648354
1,2,82,0.695550351288056,0.304449648711944,0.650022421648354
1,2,83,1,0,0.650022421648354
1,2,84,1,0,0.650022421648354
1,2,85,1,0,0.650022421648354
1,2,86,0.121621621621622,0.878378378378379,0.650022421648354
1,2,87,1,0,0.650022421648354
1,2,88,1,0,0.650022421648354
1,2,89,0.50016716817118,0.49983283182882,0.650022421648354
1,2,90,1,0,0.650022421648354
1,2,91,0.70073664825046,0.29926335174954,0.650022421648354
1,2,92,0.701446834570925,0.298553165429075,0.650022421648354
1,2,93,1,0,0.650022421648354
1,2,94,0.684338324564953,0.315661675435047,0.650022421648354
1,2,95,0.684338324564953,0.315661675435047,0.650022421648354
1,2,96,0.235833529273454,0.764166470726546,0.650022421648354
1,2,97,0.629101283880171,0.370898716119829,0.650022421648354
1,2,98,0.838485240035782,0.161514759964218,0.650022421648354
1,2,99,0.618991793669402,0.381008206330598,0.650022421648354
1,2,100,0.493163069273364,0.506836930726636,0.650022421648354
1,2,101,0.285850769083787,0.714149230916213,0.650022421648354
1,2,102,1,0,0.650022421648354
1,2,103,0.741250278653546,0.258749721346454,0.650022421648354
1,2,104,1,0,0.650022421648354
1,2,105,0.664371772805508,0.335628227194492,0.650022421648354
1,2,106,0.791029037318999,0.208970962681001,0.650022421648354
1,2,107,1,0,0.650022421648354
1,2,108,1,0,0.650022421648354
1,2,109,0.618991793669402,0.381008206330598,0.650022421648354
1,2,110,0.536836235206642,0.463163764793358,0.650022421648354
1,2,111,0.336050742261221,0.663949257738779,0.650022421648354
1,2,112,0.424354243542435,0.575645756457565,0.650022421648354
1,2,113,1,0,0.650022421648354
1,2,114,1,0,0.650022421648354
1,2,115,0.816363430896146,0.183636569103854,0.650022421648354
1,2,116,1,0,0.650022421648354
1,2,117,0.536836235206642,0.463163764793358,0.650022421648354
1,2,118,0.42863992328592,0.57136007671408,0.650022421648354
1,2,119,1,0,0.650022421648354
1,2,120,0.791029037318999,0.208970962681001,0.650022421648354
1,2,121,1,0,0.650022421648354
1,2,122,1,0,0.650022421648354
1,2,123,0.0696042660679202,0.93039573393208,0.650022421648354
1,2,124,0.664371772805508,0.335628227194492,0.650022421648354
1,2,125,0.076447317100351,0.923552682899649,0.650022421648354
1,2,126,0.791029037318999,0.208970962681001,0.650022421648354
1,2,127,1,0,0.650022421648354
1,2,128,0.816363430896146,0.183636569103854,0.650022421648354
1,2,129,0.816363430896146,0.183636569103854,0.650022421648354
1,2,130,0.741250278653546,0.258749721346454,0.650022421648354
1,2,131,0.684338324564953,0.315661675435047,0.650022421648354
1,2,132,1,0,0.650022421648354
1,2,133,0.350309376487387,0.649690623512613,0.650022421648354
1,2,134,0.830464267083985,0.169535732916015,0.650022421648354
1,2,135,0.741250278653546,0.258749721346454,0.650022421648354
1,2,136,0.42863992328592,0.57136007671408,0.650022421648354
1,2,137,0.791029037318999,0.208970962681001,0.650022421648354
1,2,138,0.235833529273454,0.764166470726546,0.650022421648354
1,2,139,1,0,0.650022421648354
1,2,140,0.695550351288056,0.304449648711944,0.650022421648354
1,2,141,0.830464267083985,0.169535732916015,0.650022421648354
1,2,142,0.816363430896146,0.183636569103854,0.650022421648354
1,2,143,0.424354243542435,0.575645756457565,0.650022421648354
1,2,144,1,0,0.650022421648354
1,2,145,0.42863992328592,0.57136007671408,0.650022421648354
1,2,146,1,0,0.650022421648354
1,2,147,0.266862170087977,0.733137829912023,0.650022421648354
1,2,148,0.816363430896146,0.183636569103854,0.650022421648354
1,2,149,0.104134762633997,0.895865237366003,0.650022421648354
1,2,150,1,0,0.650022421648354
1,2,151,1,0,0.650022421648354
1,2,152,0.629101283880171,0.370898716119829,0.650022421648354
1,2,153,1,0,0.650022421648354
1,2,154,0.424354243542435,0.575645756457565,0.650022421648354
1,2,155,0.227027027027027,0.772972972972973,0.650022421648354
1,2,156,0.695550351288056,0.304449648711944,0.650022421648354
1,2,157,0.838485240035782,0.161514759964218,0.650022421648354
1,2,158,0.336118848653668,0.663881151346332,0.650022421648354
1,2,159,0.664371772805508,0.335628227194492,0.650022421648354
1,2,160,0.838485240035782,0.161514759964218,0.650022421648354
1,2,161,0.816363430896146,0.183636569103854,0.650022421648354
1,2,162,0.838485240035782,0.161514759964218,0.650022421648354
1,2,163,0.50016716817118,0.49983283182882,0.650022421648354
1,2,164,1,0,0.650022421648354
1,2,165,0.838485240035782,0.161514759964218,0.650022421648354
1,2,166,0.413357400722022,0.586642599277978,0.650022421648354
1,2,167,0.618991793669402,0.381008206330598,0.650022421648354
1,2,168,0.791029037318999,0.208970962681001,0.650022421648354
1,2,169,0.741250278653546,0.258749721346454,0.650022421648354
1,2,170,0.127386634844869,0.872613365155131,0.650022421648354
1,2,171,1,0,0.650022421648354
1,2,172,0.816363430896146,0.183636569103854,0.650022421648354
1,2,173,0.684338324564953,0.315661675435047,0.650022421648354
1,2,174,0.830464267083985,0.169535732916015,0.650022421648354
1,2,175,0.842907136366273,0.157092863633727,0.650022421648354
1,2,176,0.695550351288056,0.304449648711944,0.650022421648354
1,2,177,1,0,0.650022421648354
1,2,178,0.830464267083985,0.169535732916015,0.650022421648354
1,2,179,0.424354243542435,0.575645756457565,0.650022421648354
1,2,180,1,0,0.650022421648354
1,2,181,1,0,0.650022421648354
1,2,182,0.664371772805508,0.335628227194492,0.650022421648354
1,2,183,0.791029037318999,0.208970962681001,0.650022421648354
1,2,184,0.684338324564953,0.315661675435047,0.650022421648354
1,2,185,1,0,0.650022421648354
1,2,186,0.563660774222421,0.436339225777579,0.650022421648354
1,2,187,1,0,0.650022421648354
1,2,188,1,0,0.650022421648354
1,2,189,0.684338324564953,0.315661675435047,0.650022421648354
1,2,190,0.626006904487917,0.373993095512083,0.650022421648354
1,2,191,0.629101283880171,0.370898716119829,0.650022421648354
1,2,192,0.664371772805508,0.335628227194492,0.650022421648354
1,2,193,1,0,0.650022421648354
1,2,194,0.336118848653668,0.663881151346332,0.650022421648354
1,2,195,0.830464267083985,0.169535732916015,0.650022421648354
1,2,196,1,0,0.650022421648354
1,2,197,0.0375360923965352,0.962463907603465,0.650022421648354
1,2,198,0.741250278653546,0.258749721346454,0.650022421648354
1,2,199,0.816363430896146,0.183636569103854,0.650022421648354
1,2,200,0.424354243542435,0.575645756457565,0.650022421648354
1,2,201,1,0,0.650022421648354
1,2,202,0.845123043784907,0.154876956215093,0.650022421648354
1,2,203,1,0,0.650022421648354
1,2,204,1,0,0.650022421648354
1,2,205,0.70073664825046,0.29926335174954,0.650022421648354
1,2,206,0.5320813771518,0.4679186228482,0.650022421648354
1,2,207,1,0,0.650022421648354
1,2,208,0.146375180204199,0.853624819795802,0.650022421648354
1,2,209,1,0,0.650022421648354
1,2,210,0.830464267083985,0.169535732916015,0.650022421648354
1,2,211,0.618991793669402,0.381008206330598,0.650022421648354
1,2,212,0.838485240035782,0.161514759964218,0.650022421648354
1,2,213,0.791029037318999,0.208970962681001,0.650022421648354
1,2,214,0.684338324564953,0.315661675435047,0.650022421648354
1,2,215,0.664371772805508,0.335628227194492,0.650022421648354
1,2,216,0.838485240035782,0.161514759964218,0.650022421648354
1,2,217,0.842907136366273,0.157092863633727,0.650022421648354
1,2,218,1,0,0.650022421648354
1,2,219,0.838485240035782,0.161514759964218,0.650022421648354
1,2,220,0.308552671570117,0.691447328429883,0.650022421648354
1,2,221,1,0,0.650022421648354
1,2,222,0.838485240035782,0.161514759964218,0.650022421648354
1,2,223,0.664371772805508,0.335628227194492,0.650022421648354
1,2,224,1,0,0.650022421648354
1,2,225,0.536836235206642,0.463163764793358,0.650022421648354
1,2,226,0.629101283880171,0.370898716119829,0.650022421648354
1,2,227,1,0,0.650022421648354
1,2,228,1,0,0.650022421648354
1,2,229,0.423240143000437,0.576759856999563,0.650022421648354
1,2,230,1,0,0.650022421648354
1,2,231,0.664371772805508,0.335628227194492,0.650022421648354
1,2,232,0.5320813771518,0.4679186228482,0.650022421648354
1,2,233,1,0,0.650022421648354
1,2,234,0.695550351288056,0.304449648711944,0.650022421648354
1,2,235,0.618991793669402,0.381008206330598,0.650022421648354
1,2,236,0.830464267083985,0.169535732916015,0.650022421648354
1,2,237,0.684338324564953,0.315661675435047,0.650022421648354
1,2,238,0.664371772805508,0.335628227194492,0.650022421648354
1,2,239,0.816363430896146,0.183636569103854,0.650022421648354
1,2,240,0.816363430896146,0.183636569103854,0.650022421648354
1,2,241,0.816363430896146,0.183636569103854,0.650022421648354
1,2,242,0.557561408700799,0.442438591299201,0.650022421648354
1,2,243,0.791029037318999,0.208970962681001,0.650022421648354
1,2,244,0.830464267083985,0.169535732916015,0.650022421648354
1,2,245,0.845123043784907,0.154876956215093,0.650022421648354
1,2,246,0.536836235206642,0.463163764793358,0.650022421648354
1,2,247,1,0,0.650022421648354
1,2,248,0.424354243542435,0.575645756457565,0.650022421648354
1,2,249,0.684338324564953,0.315661675435047,0.650022421648354
1,2,250,0.684338324564953,0.315661675435047,0.650022421648354
1,2,251,0.629101283880171,0.370898716119829,0.650022421648354
1,2,252,1,0,0.650022421648354
1,2,253,0.25629290617849,0.74370709382151,0.650022421648354
1,2,254,0.791029037318999,0.208970962681001,0.650022421648354
1,2,255,0.104134762633997,0.895865237366003,0.650022421648354
1,2,256,0.306264501160093,0.693735498839907,0.650022421648354
1,2,257,1,0,0.650022421648354
1,2,258,0.791029037318999,0.208970962681001,0.650022421648354
1,2,259,0.695550351288056,0.304449648711944,0.650022421648354
1,2,260,1,0,0.650022421648354
1,2,261,0.25629290617849,0.74370709382151,0.650022421648354
1,2,262,1,0,0.650022421648354
1,2,263,0.557561408700799,0.442438591299201,0.650022421648354
1,2,264,0.424354243542435,0.575645756457565,0.650022421648354
1,2,265,0.308552671570117,0.691447328429883,0.650022421648354
1,2,266,1,0,0.650022421648354
1,2,267,0.336050742261221,0.663949257738779,0.650022421648354
1,2,268,0.395297699594046,0.604702300405954,0.650022421648354
1,2,269,0.842907136366273,0.157092863633727,0.650022421648354
1,2,270,1,0,0.650022421648354
1,2,271,-0.0209424083769634,1.02094240837696,0.650022421648354
1,2,272,0.695550351288056,0.304449648711944,0.650022421648354
1,2,273,0.413357400722022,0.586642599277978,0.650022421648354
1,2,274,0.664371772805508,0.335628227194492,0.650022421648354
1,2,275,1,0,0.650022421648354
1,2,276,1,0,0.650022421648354
1,2,277,0.424354243542435,0.575645756457565,0.650022421648354
1,2,278,0.695550351288056,0.304449648711944,0.650022421648354
1,2,279,1,0,0.650022421648354
1,2,280,0.629101283880171,0.370898716119829,0.650022421648354
1,2,281,0.830464267083985,0.169535732916015,0.650022421648354
1,2,282,1,0,0.650022421648354
1,2,283,0.664371772805508,0.335628227194492,0.650022421648354
1,2,284,0.791029037318999,0.208970962681001,0.650022421648354
1,2,285,0.0280373831775702,0.97196261682243,0.650022421648354
1,2,286,1,0,0.650022421648354
1,2,287,0.42863992328592,0.57136007671408,0.650022421648354
1,2,288,1,0,0.650022421648354
1,2,289,1,0,0.650022421648354
1,2,290,1,0,0.650022421648354
1,2,291,0.838485240035782,0.161514759964218,0.650022421648354
1,2,292,0.830464267083985,0.169535732916015,0.650022421648354
1,2,293,0.664371772805508,0.335628227194492,0.650022421648354
1,2,294,1,0,0.650022421648354
1,2,295,0.816363430896146,0.183636569103854,0.650022421648354
1,2,296,1,0,0.650022421648354
1,2,297,0.664371772805508,0.335628227194492,0.650022421648354
1,2,298,0.424354243542435,0.575645756457565,0.650022421648354
1,2,299,0.50016716817118,0.49983283182882,0.650022421648354
1,2,300,1,0,0.650022421648354
1,2,301,0.424354243542435,0.575645756457565,0.650022421648354
1,2,302,0.816363430896146,0.183636569103854,0.650022421648354
1,2,303,0.25629290617849,0.74370709382151,0.650022421648354
1,2,304,0.076447317100351,0.923552682899649,0.650022421648354
1,2,305,1,0,0.650022421648354
1,2,306,0.684338324564953,0.315661675435047,0.650022421648354
1,2,307,0.791029037318999,0.208970962681001,0.650022421648354
1,2,308,0.42863992328592,0.57136007671408,0.650022421648354
1,2,309,0.50016716817118,0.49983283182882,0.650022421648354
1,2,310,0.42863992328592,0.57136007671408,0.650022421648354
1,2,311,0.191224623444663,0.808775376555337,0.650022421648354
1,2,312,0.838485240035782,0.161514759964218,0.650022421648354
1,2,313,0.695550351288056,0.304449648711944,0.650022421648354
1,2,314,0.830464267083985,0.169535732916015,0.650022421648354
1,2,315,0.830464267083985,0.169535732916015,0.650022421648354
1,2,316,0.816363430896146,0.183636569103854,0.650022421648354
1,2,317,1,0,0.650022421648354
1,2,318,0.235833529273454,0.764166470726546,0.650022421648354
1,2,319,0.838485240035782,0.161514759964218,0.650022421648354
1,2,320,1,0,0.650022421648354
1,2,321,0.306264501160093,0.693735498839907,0.650022421648354
1,2,322,1,0,0.650022421648354
1,2,323,0.629101283880171,0.370898716119829,0.650022421648354
1,2,324,0.50016716817118,0.49983283182882,0.650022421648354
1,2,325,0.104134762633997,0.895865237366003,0.650022421648354
1,2,326,0.336050742261221,0.663949257738779,0.650022421648354
1,2,327,0.830464267083985,0.169535732916015,0.650022421648354
1,2,328,1,0,0.650022421648354
1,2,329,0.191224623444663,0.808775376555337,0.650022421648354
1,2,330,0.434354899735149,0.565645100264851,0.650022421648354
1,2,331,0.830464267083985,0.169535732916015,0.650022421648354
1,2,332,1,0,0.650022421648354
1,2,333,1,0,0.650022421648354
1,2,334,0.816363430896146,0.183636569103854,0.650022421648354
1,2,335,0.557561408700799,0.442438591299201,0.650022421648354
1,2,336,1,0,0.650022421648354
1,2,337,0.830464267083985,0.169535732916015,0.650022421648354
1,2,338,1,0,0.650022421648354
1,2,339,0.424354243542435,0.575645756457565,0.650022421648354
1,2,340,0.791029037318999,0.208970962681001,0.650022421648354
1,2,341,0.424354243542435,0.575645756457565,0.650022421648354
1,2,342,0.701446834570925,0.298553165429075,0.650022421648354
1,2,343,0.830464267083985,0.169535732916015,0.650022421648354
1,2,344,0.42863992328592,0.57136007671408,0.650022421648354
1,2,345,0.838485240035782,0.161514759964218,0.650022421648354
1,2,346,1,0,0.650022421648354
1,2,347,0.557561408700799,0.442438591299201,0.650022421648354
1,2,348,0.830464267083985,0.169535732916015,0.650022421648354
1,2,349,0.629101283880171,0.370898716119829,0.650022421648354
1,2,350,0.791029037318999,0.208970962681001,0.650022421648354
1,2,351,1,0,0.650022421648354
1,2,352,0.791029037318999,0.208970962681001,0.650022421648354
1,2,353,0.174228675136116,0.825771324863884,0.650022421648354
1,2,354,0.695550351288056,0.304449648711944,0.650022421648354
1,2,355,0.423240143000437,0.576759856999563,0.650022421648354
1,2,356,0.830464267083985,0.169535732916015,0.650022421648354
1,2,357,1,0,0.650022421648354
1,2,358,0.536836235206642,0.463163764793358,0.650022421648354
1,2,359,0.104134762633997,0.895865237366003,0.650022421648354
1,2,360,0.447022428460944,0.552977571539056,0.650022421648354
1,2,361,1,0,0.650022421648354
1,2,362,0.235833529273454,0.764166470726546,0.650022421648354
1,2,363,0.816363430896146,0.183636569103854,0.650022421648354
1,2,364,0.830464267083985,0.169535732916015,0.650022421648354
1,2,365,1,0,0.650022421648354
1,2,366,0.684338324564953,0.315661675435047,0.650022421648354
1,2,367,1,0,0.650022421648354
1,2,368,0.816363430896146,0.183636569103854,0.650022421648354
1,2,369,0.816363430896146,0.183636569103854,0.650022421648354
1,2,370,0.42863992328592,0.57136007671408,0.650022421648354
1,2,371,1,0,0.650022421648354
1,2,372,0.741250278653546,0.258749721346454,0.650022421648354
1,2,373,0.227027027027027,0.772972972972973,0.650022421648354
1,2,374,0.695550351288056,0.304449648711944,0.650022421648354
1,2,375,0.741250278653546,0.258749721346454,0.650022421648354
1,2,376,0.830464267083985,0.169535732916015,0.650022421648354
1,2,377,1,0,0.650022421648354
1,2,378,1,0,0.650022421648354
1,2,379,0.830464267083985,0.169535732916015,0.650022421648354
1,2,380,0.830464267083985,0.169535732916015,0.650022421648354
1,2,381,0.816363430896146,0.183636569103854,0.650022421648354
1,2,382,0.816363430896146,0.183636569103854,0.650022421648354
1,2,383,1,0,0.650022421648354
1,2,384,0.350309376487387,0.649690623512613,0.650022421648354
1,2,385,1,0,0.650022421648354
1,2,386,0.42863992328592,0.57136007671408,0.650022421648354
1,2,387,1,0,0.650022421648354
1,2,388,1,0,0.650022421648354
1,2,389,0.44184231069477,0.55815768930523,0.650022421648354
1,2,390,0.5320813771518,0.4679186228482,0.650022421648354
1,2,391,0.816363430896146,0.183636569103854,0.650022421648354
1,2,392,0.536836235206642,0.463163764793358,0.650022421648354
1,2,393,1,0,0.650022421648354
1,2,394,0.838485240035782,0.161514759964218,0.650022421648354
1,2,395,0.557561408700799,0.442438591299201,0.650022421648354
1,2,396,1,0,0.650022421648354
1,2,397,0.816363430896146,0.183636569103854,0.650022421648354
1,2,398,0.25629290617849,0.74370709382151,0.650022421648354
1,2,399,1,0,0.650022421648354
1,2,400,1,0,0.650022421648354
1,3,1,0.588724147700444,0.411275852299556,0.89504935897864
1,3,2,0.301242236024845,0.698757763975155,0.89504935897864
1,3,3,0.26509384186327,0.73490615813673,0.89504935897864
1,3,4,0.386516853932584,0.613483146067416,0.89504935897864
1,3,5,0.58656330749354,0.41343669250646,0.89504935897864
1,3,6,0.457831325301205,0.542168674698795,0.89504935897864
1,3,7,0.70317327685043,0.29682672314957,0.89504935897864
1,3,8,0.408838005563878,0.591161994436122,0.89504935897864
1,3,9,0.278006981910505,0.721993018089495,0.89504935897864
1,3,10,0.640527861474503,0.359472138525497,0.89504935897864
1,3,11,0.800207476850962,0.199792523149038,0.89504935897864
1,3,12,0.681996086105675,0.318003913894325,0.89504935897864
1,3,13,0.33568281938326,0.66431718061674,0.89504935897864
1,3,14,0.48278945015646,0.51721054984354,0.89504935897864
1,3,15,0.496737086605464,0.503262913394536,0.89504935897864
1,3,16,0.357541899441341,0.642458100558659,0.89504935897864
1,3,17,0.318606335531582,0.681393664468418,0.89504935897864
1,3,18,0.300417849971962,0.699582150028037,0.89504935897864
1,3,19,0.566152477009789,0.433847522990211,0.89504935897864
1,3,20,0.337748344370861,0.662251655629139,0.89504935897864
1,3,21,0.321266968325792,0.678733031674208,0.89504935897864
1,3,22,0.535315985130112,0.464684014869888,0.89504935897864
1,3,23,0.386516853932584,0.613483146067416,0.89504935897864
1,3,24,0.326101249178172,0.673898750821828,0.89504935897864
1,3,25,0.469147005444646,0.530852994555354,0.89504935897864
1,3,26,0.357541899441341,0.642458100558659,0.89504935897864
1,3,27,0.598765432098765,0.401234567901235,0.89504935897864
1,3,28,0.472811059907834,0.527188940092166,0.89504935897864
1,3,29,0.564104501577347,0.435895498422653,0.89504935897864
1,3,30,0.340770791075051,0.659229208924949,0.89504935897864
1,3,31,0.331415620641562,0.668584379358438,0.89504935897864
1,3,32,0.338726867551594,0.661273132448406,0.89504935897864
1,3,33,0.573655374643105,0.426344625356895,0.89504935897864
1,3,34,0.40925700365408,0.59074299634592,0.89504935897864
1,3,35,0.533275628036905,0.466724371963095,0.89504935897864
1,3,36,0.580425468220854,0.419574531779146,0.89504935897864
1,3,37,0.278530826410144,0.721469173589856,0.89504935897864
1,3,38,0.482352941176471,0.517647058823529,0.89504935897864
1,3,39,0.943768383413115,0.056231616586885,0.89504935897864
1,3,40,0.457274826789838,0.542725173210162,0.89504935897864
1,3,41,0.318706697459584,0.681293302540416,0.89504935897864
1,3,42,0.497603957334982,0.502396042665018,0.89504935897864
1,3,43,0.455089820359281,0.544910179640719,0.89504935897864
1,3,44,0.516250588789449,0.483749411210551,0.89504935897864
1,3,45,0.357541899441341,0.642458100558659,0.89504935897864
1,3,46,0.392607461756766,0.607392538243234,0.89504935897864
1,3,47,0.219583778014941,0.780416221985059,0.89504935897864
1,3,48,0.869265396034863,0.130734603965137,0.89504935897864
1,3,49,0.920180106426525,0.0798198935734752,0.89504935897864
1,3,50,0.457831325301205,0.542168674698795,0.89504935897864
1,3,51,0.640198511166253,0.359801488833747,0.89504935897864
1,3,52,0.560386473429952,0.439613526570048,0.89504935897864
1,3,53,0.424284717376134,0.575715282623866,0.89504935897864
1,3,54,0.432706643877959,0.567293356122041,0.89504935897864
1,3,55,0.505822578252485,0.494177421747515,0.89504935897864
1,3,56,0.287711608222491,0.712288391777509,0.89504935897864
1,3,57,0.384547405630602,0.615452594369398,0.89504935897864
1,3,58,0.400775135460566,0.599224864539434,0.89504935897864
1,3,59,0.629246505152845,0.370753494847155,0.89504935897864
1,3,60,0.386084583901773,0.613915416098227,0.89504935897864
1,3,61,0.378809188935771,0.621190811064229,0.89504935897864
1,3,62,0.407537248028046,0.592462751971954,0.89504935897864
1,3,63,0.37474233887591,0.62525766112409,0.89504935897864
1,3,64,0.425414364640884,0.574585635359116,0.89504935897864
1,3,65,0.356890459363958,0.643109540636042,0.89504935897864
1,3,66,0.463375247219349,0.536624752780651,0.89504935897864
1,3,67,0.378809188935771,0.621190811064229,0.89504935897864
1,3,68,0.457274826789838,0.542725173210162,0.89504935897864
1,3,69,0.365907924011638,0.634092075988362,0.89504935897864
1,3,70,0.356890459363958,0.643109540636042,0.89504935897864
1,3,71,0.356890459363958,0.643109540636042,0.89504935897864
1,3,72,0.687988253675432,0.312011746324568,0.89504935897864
1,3,73,0.36995351113286,0.63004648886714,0.89504935897864
1,3,74,0.463375247219349,0.536624752780651,0.89504935897864
1,3,75,0.627108272459556,0.372891727540444,0.89504935897864
1,3,76,0.341271852039524,0.658728147960476,0.89504935897864
1,3,77,0.719101123595506,0.280898876404494,0.89504935897864
1,3,78,0.6965570900603,0.3034429099397,0.89504935897864
1,3,79,0.33568281938326,0.66431718061674,0.89504935897864
1,3,80,0.357707509881423,0.642292490118577,0.89504935897864
1,3,81,0.143053016453382,0.856946983546618,0.89504935897864
1,3,82,0.504465258113701,0.495534741886299,0.89504935897864
1,3,83,0.348254252461952,0.651745747538048,0.89504935897864
1,3,84,0.352190773022143,0.647809226977857,0.89504935897864
1,3,85,0.399472063352398,0.600527936647602,0.89504935897864
1,3,86,0.529411764705882,0.470588235294118,0.89504935897864
1,3,87,0.809718969555035,0.190281030444965,0.89504935897864
1,3,88,0.419906905120218,0.580093094879782,0.89504935897864
1,3,89,0.78565539983512,0.214344600164881,0.89504935897864
1,3,90,0.599891016973097,0.400108983026903,0.89504935897864
1,3,91,0.707705849710098,0.292294150289902,0.89504935897864
1,3,92,0.503927627415212,0.496072372584788,0.89504935897864
1,3,93,0.318706697459584,0.681293302540416,0.89504935897864
1,3,94,0.256983240223464,0.743016759776536,0.89504935897864
1,3,95,0.466463414634146,0.533536585365854,0.89504935897864
1,3,96,0.482352941176471,0.517647058823529,0.89504935897864
1,3,97,0.463375247219349,0.536624752780651,0.89504935897864
1,3,98,0.409684649868604,0.590315350131396,0.89504935897864
1,3,99,0.599514563106796,0.400485436893204,0.89504935897864
1,3,100,0.337748344370861,0.662251655629139,0.89504935897864
1,3,101,0.601819194356785,0.398180805643215,0.89504935897864
1,3,102,0.430800965205885,0.569199034794115,0.89504935897864
1,3,103,0.357541899441341,0.642458100558659,0.89504935897864
1,3,104,0.397250809120332,0.602749190879668,0.89504935897864
1,3,105,0.33568281938326,0.66431718061674,0.89504935897864
1,3,106,0.369249568717654,0.630750431282346,0.89504935897864
1,3,107,0.61342184022715,0.38657815977285,0.89504935897864
1,3,108,0.929032258064516,0.0709677419354838,0.89504935897864
1,3,109,0.489607390300231,0.510392609699769,0.89504935897864
1,3,110,0.850860420650096,0.149139579349904,0.89504935897864
1,3,111,0.378310771041789,0.621689228958211,0.89504935897864
1,3,112,0.668505156586453,0.331494843413547,0.89504935897864
1,3,113,0.321266968325792,0.678733031674208,0.89504935897864
1,3,114,0.624067164179104,0.375932835820896,0.89504935897864
1,3,115,0.742332568328813,0.257667431671187,0.89504935897864
1,3,116,0.522476612048282,0.477523387951718,0.89504935897864
1,3,117,0.56197821122384,0.43802178877616,0.89504935897864
1,3,118,0.395008938938754,0.604991061061246,0.89504935897864
1,3,119,0.321266968325792,0.678733031674208,0.89504935897864
1,3,120,0.312372099476258,0.687627900523742,0.89504935897864
1,3,121,0.858247422680412,0.141752577319588,0.89504935897864
1,3,122,0.196176193467337,0.803823806532663,0.89504935897864
1,3,123,0.462767632241814,0.537232367758186,0.89504935897864
1,3,124,0.392607461756766,0.607392538243234,0.89504935897864
1,3,125,0.850666258232501,0.149333741767499,0.89504935897864
1,3,126,0.462610311193683,0.537389688806317,0.89504935897864
1,3,127,0.18552036199095,0.81447963800905,0.89504935897864
1,3,128,0.851632047477745,0.148367952522255,0.89504935897864
1,3,129,0.374944861049846,0.625055138950154,0.89504935897864
1,3,130,0.357541899441341,0.642458100558659,0.89504935897864
1,3,131,0.466360165838841,0.533639834161159,0.89504935897864
1,3,132,0.736842105263158,0.263157894736842,0.89504935897864
1,3,133,0.392607461756766,0.607392538243234,0.89504935897864
1,3,134,0.479019330504479,0.520980669495521,0.89504935897864
1,3,135,0.432706643877959,0.567293356122041,0.89504935897864
1,3,136,0.521988527724665,0.478011472275335,0.89504935897864
1,3,137,0.930114358322745,0.0698856416772554,0.89504935897864
1,3,138,0.256983240223464,0.743016759776536,0.89504935897864
1,3,139,0.345923132534829,0.654076867465171,0.89504935897864
1,3,140,0.201611379292574,0.798388620707426,0.89504935897864
1,3,141,0.403669724770642,0.596330275229358,0.89504935897864
1,3,142,0.489180495650267,0.510819504349733,0.89504935897864
1,3,143,0.420956905831261,0.579043094168739,0.89504935897864
1,3,144,0.457274826789838,0.542725173210162,0.89504935897864
1,3,145,0.272444785993518,0.727555214006482,0.89504935897864
1,3,146,0.621513944223108,0.378486055776892,0.89504935897864
1,3,147,0.548578112435119,0.451421887564881,0.89504935897864
1,3,148,0.534313725490196,0.465686274509804,0.89504935897864
1,3,149,0.875811998471532,0.124188001528468,0.89504935897864
1,3,150,0.514442231075697,0.485557768924303,0.89504935897864
1,3,151,0.529998516760605,0.470001483239395,0.89504935897864
1,3,152,0.241540256709452,0.758459743290548,0.89504935897864
1,3,153,0.443612240530708,0.556387759469292,0.89504935897864
1,3,154,0.291086874764949,0.708913125235051,0.89504935897864
1,3,155,1,0,0.89504935897864
1,3,156,0.47252208047105,0.52747791952895,0.89504935897864
1,3,157,0.565701559020045,0.434298440979955,0.89504935897864
1,3,158,0.874371859296482,0.125628140703518,0.89504935897864
1,3,159,0.38752582176639,0.61247417823361,0.89504935897864
1,3,160,0.466019417475728,0.533980582524272,0.89504935897864
1,3,161,0.500158011166122,0.499841988833878,0.89504935897864
1,3,162,0.279911373707533,0.720088626292467,0.89504935897864
1,3,163,0.503927627415212,0.496072372584788,0.89504935897864
1,3,164,0.38809946714032,0.61190053285968,0.89504935897864
1,3,165,0.429439567859554,0.570560432140446,0.89504935897864
1,3,166,0.409887640449438,0.590112359550562,0.89504935897864
1,3,167,0.727805695142379,0.272194304857621,0.89504935897864
1,3,168,0.38809946714032,0.61190053285968,0.89504935897864
1,3,169,0.529236868186323,0.470763131813677,0.89504935897864
1,3,170,0.331415620641562,0.668584379358438,0.89504935897864
1,3,171,0.427850855503907,0.572149144496093,0.89504935897864
1,3,172,0.357541899441341,0.642458100558659,0.89504935897864
1,3,173,0.449623978003168,0.550376021996832,0.89504935897864
1,3,174,0.584302325581395,0.415697674418605,0.89504935897864
1,3,175,0.406851045907623,0.593148954092377,0.89504935897864
1,3,176,0.365907924011638,0.634092075988362,0.89504935897864
1,3,177,0.449623978003168,0.550376021996832,0.89504935897864
1,3,178,0.887823585810163,0.112176414189837,0.89504935897864
1,3,179,0.543032635240139,0.456967364759861,0.89504935897864
1,3,180,0.538653366583541,0.461346633416459,0.89504935897864
1,3,181,0.743751478356856,0.256248521643144,0.89504935897864
1,3,182,0.566152477009789,0.433847522990211,0.89504935897864
1,3,183,0.331415620641562,0.668584379358438,0.89504935897864
1,3,184,0.733933688088416,0.266066311911584,0.89504935897864
1,3,185,0.323699421965318,0.676300578034682,0.89504935897864
1,3,186,0.578141225337487,0.421858774662513,0.89504935897864
1,3,187,0.365907924011638,0.634092075988362,0.89504935897864
1,3,188,0.447487721949377,0.552512278050623,0.89504935897864
1,3,189,0.861062531576697,0.138937468423303,0.89504935897864
1,3,190,0.359605911330049,0.640394088669951,0.89504935897864
1,3,191,0.529998516760605,0.470001483239395,0.89504935897864
1,3,192,0.356890459363958,0.643109540636042,0.89504935897864
1,3,193,0.35108153078203,0.64891846921797,0.89504935897864
1,3,194,0.516306844281121,0.483693155718879,0.89504935897864
1,3,195,0.503927627415212,0.496072372584788,0.89504935897864
1,3,196,0.498229043683589,0.501770956316411,0.89504935897864
1,3,197,0.659494855004677,0.340505144995323,0.89504935897864
1,3,198,0.693781407035176,0.306218592964824,0.89504935897864
1,3,199,0.473432264241264,0.526567735758736,0.89504935897864
1,3,200,0.930114358322745,0.0698856416772554,0.89504935897864
1,3,201,0.437017510826586,0.562982489173414,0.89504935897864
1,3,202,0.823706680060271,0.176293319939729,0.89504935897864
1,3,203,0.607329842931937,0.392670157068063,0.89504935897864
1,3,204,0.453541925579355,0.546458074420645,0.89504935897864
1,3,205,0.356890459363958,0.643109540636042,0.89504935897864
1,3,206,0.564104501577347,0.435895498422653,0.89504935897864
1,3,207,0.301284328204745,0.698715671795255,0.89504935897864
1,3,208,0.300578034682081,0.699421965317919,0.89504935897864
1,3,209,0.44547302693676,0.55452697306324,0.89504935897864
1,3,210,0.289467188546846,0.710532811453154,0.89504935897864
1,3,211,0.566246056782334,0.433753943217666,0.89504935897864
1,3,212,0.365156181258249,0.634843818741751,0.89504935897864
1,3,213,0.301242236024845,0.698757763975155,0.89504935897864
1,3,214,0.352190773022143,0.647809226977857,0.89504935897864
1,3,215,0.827291706206111,0.172708293793889,0.89504935897864
1,3,216,0.41916574328913,0.58083425671087,0.89504935897864
1,3,217,0.458994562201753,0.541005437798247,0.89504935897864
1,3,218,0.318706697459584,0.681293302540416,0.89504935897864
1,3,219,0.664678184853772,0.335321815146228,0.89504935897864
1,3,220,0.449623978003168,0.550376021996832,0.89504935897864
1,3,221,0.655902593965061,0.344097406034939,0.89504935897864
1,3,222,0.38809946714032,0.61190053285968,0.89504935897864
1,3,223,0.434280639431616,0.565719360568384,0.89504935897864
1,3,224,0.642744974874372,0.357255025125628,0.89504935897864
1,3,225,0.543032635240139,0.456967364759861,0.89504935897864
1,3,226,0.401090635577285,0.598909364422715,0.89504935897864
1,3,227,0.288660166778214,0.711339833221786,0.89504935897864
1,3,228,1,0,0.89504935897864
1,3,229,0.495553567189526,0.504446432810474,0.89504935897864
1,3,230,0.325726141078838,0.674273858921162,0.89504935897864
1,3,231,1,0,0.89504935897864
1,3,232,0.434280639431616,0.565719360568384,0.89504935897864
1,3,233,0.539685459394831,0.460314540605169,0.89504935897864
1,3,234,0.583356557605485,0.416643442394515,0.89504935897864
1,3,235,0.923125443507057,0.0768745564929433,0.89504935897864
1,3,236,0.529632241065796,0.470367758934204,0.89504935897864
1,3,237,0.565701559020045,0.434298440979955,0.89504935897864
1,3,238,0.732447371515936,0.267552628484064,0.89504935897864
1,3,239,0.33568281938326,0.66431718061674,0.89504935897864
1,3,240,0.574689195950887,0.425310804049113,0.89504935897864
1,3,241,0.443087355986583,0.556912644013417,0.89504935897864
1,3,242,0.257886601559756,0.742113398440244,0.89504935897864
1,3,243,0.887823585810163,0.112176414189837,0.89504935897864
1,3,244,0.347943514160043,0.652056485839957,0.89504935897864
1,3,245,0.870081662954714,0.129918337045286,0.89504935897864
1,3,246,0.49696815193838,0.50303184806162,0.89504935897864
1,3,247,0.87,0.13,0.89504935897864
1,3,248,0.540192926045016,0.459807073954984,0.89504935897864
1,3,249,0.867962452156435,0.132037547843565,0.89504935897864
1,3,250,0.356890459363958,0.643109540636042,0.89504935897864
1,3,251,0.422354557947778,0.577645442052222,0.89504935897864
1,3,252,0.253232278198841,0.746767721801159,0.89504935897864
1,3,253,0.554900206343699,0.445099793656301,0.89504935897864
1,3,254,0.248876271587414,0.751123728412586,0.89504935897864
1,3,255,0.769230769230769,0.230769230769231,0.89504935897864
1,3,256,0.779469973988766,0.220530026011234,0.89504935897864
1,3,257,0.70683304517778,0.293166954822221,0.89504935897864
1,3,258,0.441949544313829,0.558050455686171,0.89504935897864
1,3,259,1,0,0.89504935897864
1,3,260,0.652068126520681,0.347931873479319,0.89504935897864
1,3,261,0.461381074168798,0.538618925831202,0.89504935897864
1,3,262,0.406709201655611,0.593290798344389,0.89504935897864
1,3,263,0.352941176470588,0.647058823529412,0.89504935897864
1,3,264,0.583356557605485,0.416643442394515,0.89504935897864
1,3,265,0.889296798122777,0.110703201877223,0.89504935897864
1,3,266,0.220400272099101,0.779599727900899,0.89504935897864
1,3,267,0.733933688088416,0.266066311911584,0.89504935897864
1,3,268,0.429722470904208,0.570277529095792,0.89504935897864
1,3,269,0.314142910033321,0.685857089966679,0.89504935897864
1,3,270,0.21858388262811,0.78141611737189,0.89504935897864
1,3,271,0.327609392779559,0.672390607220441,0.89504935897864
1,3,272,0.48278945015646,0.51721054984354,0.89504935897864
1,3,273,0.653465346534653,0.346534653465347,0.89504935897864
1,3,274,0.40925700365408,0.59074299634592,0.89504935897864
1,3,275,0.402826855123675,0.597173144876325,0.89504935897864
1,3,276,0.538653366583541,0.461346633416459,0.89504935897864
1,3,277,0.3865562403698,0.6134437596302,0.89504935897864
1,3,278,0.535315985130112,0.464684014869888,0.89504935897864
1,3,279,0.482352941176471,0.517647058823529,0.89504935897864
1,3,280,0.539685459394831,0.460314540605169,0.89504935897864
1,3,281,0.8355647232817,0.1644352767183,0.89504935897864
1,3,282,0.624067164179104,0.375932835820896,0.89504935897864
1,3,283,0.806610745340423,0.193389254659577,0.89504935897864
1,3,284,0.429722470904208,0.570277529095792,0.89504935897864
1,3,285,0.341271852039524,0.658728147960476,0.89504935897864
1,3,286,0.588724147700444,0.411275852299556,0.89504935897864
1,3,287,0.8116233239306,0.1883766760694,0.89504935897864
1,3,288,0.740054725320985,0.259945274679015,0.89504935897864
1,3,289,0.409887640449438,0.590112359550562,0.89504935897864
1,3,290,0.453541925579355,0.546458074420645,0.89504935897864
1,3,291,0.852211148584638,0.147788851415362,0.89504935897864
1,3,292,0.392607461756766,0.607392538243234,0.89504935897864
1,3,293,0.464117462311558,0.535882537688442,0.89504935897864
1,3,294,0.301242236024845,0.698757763975155,0.89504935897864
1,3,295,0.521531100478469,0.478468899521531,0.89504935897864
1,3,296,0.418795620437956,0.581204379562044,0.89504935897864
1,3,297,0.479905437352246,0.520094562647754,0.89504935897864
1,3,298,0.637168800238166,0.362831199761834,0.89504935897864
1,3,299,0.641836486915591,0.358163513084409,0.89504935897864
1,3,300,0.356890459363958,0.643109540636042,0.89504935897864
1,3,301,0.462536572955095,0.537463427044905,0.89504935897864
1,3,302,0.497603957334982,0.502396042665018,0.89504935897864
1,3,303,0.291912850812408,0.708087149187592,0.89504935897864
1,3,304,0.541452677916361,0.458547322083639,0.89504935897864
1,3,305,0.444444444444444,0.555555555555556,0.89504935897864
1,3,306,0.645929599158496,0.354070400841504,0.89504935897864
1,3,307,0.321266968325792,0.678733031674208,0.89504935897864
1,3,308,0.264549890389647,0.735450109610353,0.89504935897864
1,3,309,0.607739599441783,0.392260400558217,0.89504935897864
1,3,310,0.302386406681217,0.697613593318783,0.89504935897864
1,3,311,1,0,0.89504935897864
1,3,312,0.797964099774652,0.202035900225348,0.89504935897864
1,3,313,0.489795918367347,0.510204081632653,0.89504935897864
1,3,314,0.422980431510286,0.577019568489714,0.89504935897864
1,3,315,0.495919347095535,0.504080652904465,0.89504935897864
1,3,316,0.700906581034246,0.299093418965754,0.89504935897864
1,3,317,0.447298494242693,0.552701505757307,0.89504935897864
1,3,318,0.566152477009789,0.433847522990211,0.89504935897864
1,3,319,0.658659079191094,0.341340920808906,0.89504935897864
1,3,320,0.583772788910652,0.416227211089348,0.89504935897864
1,3,321,0.274102010179049,0.725897989820951,0.89504935897864
1,3,322,0.662253185019822,0.337746814980178,0.89504935897864
1,3,323,0.295927209705373,0.704072790294627,0.89504935897864
1,3,324,0.62111801242236,0.37888198757764,0.89504935897864
1,3,325,0.382687591052428,0.617312408947572,0.89504935897864
1,3,326,0.539442607463392,0.460557392536608,0.89504935897864
1,3,327,0.487574142202868,0.512425857797132,0.89504935897864
1,3,328,0.36093511033428,0.63906488966572,0.89504935897864
1,3,329,0.50354609929078,0.49645390070922,0.89504935897864
1,3,330,0.36995351113286,0.63004648886714,0.89504935897864
1,3,331,1,0,0.89504935897864
1,3,332,0.321266968325792,0.678733031674208,0.89504935897864
1,3,333,0.92817679558011,0.0718232044198895,0.89504935897864
1,3,334,0.437017510826586,0.562982489173414,0.89504935897864
1,3,335,0.682592390030471,0.317407609969529,0.89504935897864
1,3,336,0.439413540319103,0.560586459680897,0.89504935897864
1,3,337,0.405642023346304,0.594357976653696,0.89504935897864
1,3,338,0.419906905120218,0.580093094879782,0.89504935897864
1,3,339,0.414752895667059,0.585247104332941,0.89504935897864
1,3,340,0.429722470904208,0.570277529095792,0.89504935897864
1,3,341,0.338392857142857,0.661607142857143,0.89504935897864
1,3,342,0.363357480780603,0.636642519219397,0.89504935897864
1,3,343,0.227595312757881,0.772404687242119,0.89504935897864
1,3,344,1,0,0.89504935897864
1,3,345,1,0,0.89504935897864
1,3,346,0.731711152167931,0.268288847832069,0.89504935897864
1,3,347,0.425414364640884,0.574585635359116,0.89504935897864
1,3,348,0.505382331106162,0.494617668893838,0.89504935897864
1,3,349,0.424284717376134,0.575715282623866,0.89504935897864
1,3,350,0.219653179190751,0.780346820809249,0.89504935897864
1,3,351,0.292035398230089,0.707964601769911,0.89504935897864
1,3,352,0.37474233887591,0.62525766112409,0.89504935897864
1,3,353,0.277035236938032,0.722964763061968,0.89504935897864
1,3,354,0.453541925579355,0.546458074420645,0.89504935897864
1,3,355,0.460132890365448,0.539867109634552,0.89504935897864
1,3,356,0.365156181258249,0.634843818741751,0.89504935897864
1,3,357,0.346885144535477,0.653114855464523,0.89504935897864
1,3,358,0.411405972797162,0.588594027202838,0.89504935897864
1,3,359,0.427073131644082,0.572926868355918,0.89504935897864
1,3,360,0.484497148683863,0.515502851316137,0.89504935897864
1,3,361,0.398852440451474,0.601147559548526,0.89504935897864
1,3,362,0.711591110775447,0.288408889224553,0.89504935897864
1,3,363,0.407537248028046,0.592462751971954,0.89504935897864
1,3,364,0.677874351936566,0.322125648063434,0.89504935897864
1,3,365,0.752371518915006,0.247628481084994,0.89504935897864
1,3,366,0.361884175448077,0.638115824551923,0.89504935897864
1,3,367,0.587965089572807,0.412034910427193,0.89504935897864
1,3,368,0.92464932957224,0.07535067042776,0.89504935897864
1,3,369,0.583913845690402,0.416086154309598,0.89504935897864
1,3,370,0.275550767173162,0.724449232826838,0.89504935897864
1,3,371,0.340723869176839,0.659276130823161,0.89504935897864
1,3,372,0.919258001739058,0.0807419982609415,0.89504935897864
1,3,373,0.378809188935771,0.621190811064229,0.89504935897864
1,3,374,0.406687754179846,0.593312245820154,0.89504935897864
1,3,375,0.29137537204956,0.70862462795044,0.89504935897864
1,3,376,0.399472063352398,0.600527936647602,0.89504935897864
1,3,377,0.443612240530708,0.556387759469292,0.89504935897864
1,3,378,0.365561694290976,0.634438305709024,0.89504935897864
1,3,379,0.399472063352398,0.600527936647602,0.89504935897864
1,3,380,0.777636594663278,0.222363405336722,0.89504935897864
1,3,381,0.463375247219349,0.536624752780651,0.89504935897864
1,3,382,0.38809946714032,0.61190053285968,0.89504935897864
1,3,383,0.331666823884539,0.668333176115461,0.89504935897864
1,3,384,0.588481313790193,0.411518686209807,0.89504935897864
1,3,385,0.888571428571429,0.111428571428571,0.89504935897864
1,3,386,0.209546249144942,0.790453750855058,0.89504935897864
1,3,387,0.546993229788929,0.453006770211071,0.89504935897864
1,3,388,0.402625820568928,0.597374179431072,0.89504935897864
1,3,389,0.392607461756766,0.607392538243234,0.89504935897864
1,3,390,0.936518478006094,0.0634815219939058,0.89504935897864
1,3,391,0.417551963048499,0.582448036951501,0.89504935897864
1,3,392,0.90138067061144,0.0986193293885601,0.89504935897864
1,3,393,0.539685459394831,0.460314540605169,0.89504935897864
1,3,394,0.297929792979298,0.702070207020702,0.89504935897864
1,3,395,0.61890532208647,0.38109467791353,0.89504935897864
1,3,396,0.297520661157025,0.702479338842975,0.89504935897864
1,3,397,0.569029026079269,0.430970973920731,0.89504935897864
1,3,398,0.565701559020045,0.434298440979955,0.89504935897864
1,3,399,0.511975373526541,0.488024626473459,0.89504935897864
1,3,400,0.419906905120218,0.580093094879782,0.89504935897864
1,4,1,0.459014574239846,0.540985425760154,0.728282381065477
1,4,2,0.703376939458473,0.296623060541527,0.728282381065477
1,4,3,0.363253755170162,0.636746244829838,0.728282381065477
1,4,4,0.501184272856466,0.498815727143534,0.728282381065477
1,4,5,0.421667022563884,0.578332977436116,0.728282381065477
1,4,6,0.482407151806001,0.517592848193999,0.728282381065477
1,4,7,0.500334617541194,0.499665382458806,0.728282381065477
1,4,8,0.405429330185896,0.594570669814104,0.728282381065477
1,4,9,0.491016661591334,0.508983338408666,0.728282381065477
1,4,10,0.547108461717117,0.452891538282883,0.728282381065477
1,4,11,0.760548796272327,0.239451203727673,0.728282381065477
1,4,12,0.552624725622233,0.447375274377767,0.728282381065477
1,4,13,0.481386224116245,0.518613775883755,0.728282381065477
1,4,14,0.407273637533972,0.592726362466028,0.728282381065477
1,4,15,0.542308775600531,0.457691224399469,0.728282381065477
1,4,16,0.465987512323365,0.534012487676635,0.728282381065477
1,4,17,0.903513112320633,0.0964868876793666,0.728282381065477
1,4,18,0.519631622830289,0.480368377169711,0.728282381065477
1,4,19,0.546064025923236,0.453935974076764,0.728282381065477
1,4,20,0.788092424304169,0.211907575695831,0.728282381065477
1,4,21,0.82573007754496,0.17426992245504,0.728282381065477
1,4,22,0.568074424099232,0.431925575900768,0.728282381065477
1,4,23,0.622291369873285,0.377708630126715,0.728282381065477
1,4,24,0.527528236478175,0.472471763521825,0.728282381065477
1,4,25,0.4899865490958,0.5100134509042,0.728282381065477
1,4,26,0.366421834078333,0.633578165921667,0.728282381065477
1,4,27,0.796437659033079,0.203562340966921,0.728282381065477
1,4,28,0.758562715045355,0.241437284954645,0.728282381065477
1,4,29,0.608810784785749,0.391189215214251,0.728282381065477
1,4,30,0.71185510428101,0.28814489571899,0.728282381065477
1,4,31,0.718434533674853,0.281565466325147,0.728282381065477
1,4,32,0.63193657984145,0.36806342015855,0.728282381065477
1,4,33,0.469387755102041,0.530612244897959,0.728282381065477
1,4,34,0.431104429662884,0.568895570337116,0.728282381065477
1,4,35,0.863704443334998,0.136295556665002,0.728282381065477
1,4,36,0.366038123267513,0.633961876732487,0.728282381065477
1,4,37,0.520171261949581,0.479828738050419,0.728282381065477
1,4,38,0.681228308435189,0.318771691564811,0.728282381065477
1,4,39,0.354771141831958,0.645228858168042,0.728282381065477
1,4,40,0.393634961070647,0.606365038929353,0.728282381065477
1,4,41,0.387899733996078,0.612100266003922,0.728282381065477
1,4,42,0.384189783234804,0.615810216765196,0.728282381065477
1,4,43,0.552429667519182,0.447570332480818,0.728282381065477
1,4,44,0.454299897795299,0.545700102204701,0.728282381065477
1,4,45,0.9316623911855,0.0683376088145002,0.728282381065477
1,4,46,0.925856025882987,0.0741439741170127,0.728282381065477
1,4,47,0.475750080653834,0.524249919346166,0.728282381065477
1,4,48,0.50951165433847,0.49048834566153,0.728282381065477
1,4,49,0.34131036364345,0.65868963635655,0.728282381065477
1,4,50,0.497023105074377,0.502976894925623,0.728282381065477
1,4,51,0.373424291858223,0.626575708141777,0.728282381065477
1,4,52,0.469532100108814,0.530467899891186,0.728282381065477
1,4,53,0.421138396240715,0.578861603759285,0.728282381065477
1,4,54,0.944373656885305,0.0556263431146948,0.728282381065477
1,4,55,0.452541801868894,0.547458198131106,0.728282381065477
1,4,56,0.768105601141634,0.231894398858366,0.728282381065477
1,4,57,0.84493041749503,0.15506958250497,0.728282381065477
1,4,58,0.903976836258347,0.0960231637416534,0.728282381065477
1,4,59,0.45679012345679,0.54320987654321,0.728282381065477
1,4,60,0.929011401860993,0.0709885981390066,0.728282381065477
1,4,61,0.28134609404692,0.71865390595308,0.728282381065477
1,4,62,0.509886058981233,0.490113941018767,0.728282381065477
1,4,63,0.44980729748226,0.55019270251774,0.728282381065477
1,4,64,0.482240486621529,0.517759513378471,0.728282381065477
1,4,65,0.864494609565787,0.135505390434213,0.728282381065477
1,4,66,0.630555871319768,0.369444128680232,0.728282381065477
1,4,67,0.599707478542011,0.400292521457989,0.728282381065477
1,4,68,0.374521449413323,0.625478550586677,0.728282381065477
1,4,69,0.703711742999783,0.296288257000217,0.728282381065477
1,4,70,0.393892299323957,0.606107700676043,0.728282381065477
1,4,71,0.493848310232051,0.506151689767949,0.728282381065477
1,4,72,0.595984071132087,0.404015928867913,0.728282381065477
1,4,73,0.712982042979099,0.287017957020901,0.728282381065477
1,4,74,0.353239959820329,0.646760040179671,0.728282381065477
1,4,75,0.367009275507646,0.632990724492354,0.728282381065477
1,4,76,0.297843308190881,0.70215669180912,0.728282381065477
1,4,77,0.883377855747378,0.116622144252622,0.728282381065477
1,4,78,0.461048054245283,0.538951945754717,0.728282381065477
1,4,79,0.806945984476477,0.193054015523523,0.728282381065477
1,4,80,0.470766129032258,0.529233870967742,0.728282381065477
1,4,81,0.709787630547036,0.290212369452964,0.728282381065477
1,4,82,1,0,0.728282381065477
1,4,83,0.36163247490179,0.63836752509821,0.728282381065477
1,4,84,0.360189573459716,0.639810426540284,0.728282381065477
1,4,85,0.482621384982754,0.517378615017246,0.728282381065477
1,4,86,0.520171261949581,0.479828738050419,0.728282381065477
1,4,87,0.484054417941041,0.515945582058959,0.728282381065477
1,4,88,0.476472037447647,0.523527962552353,0.728282381065477
1,4,89,0.695679931900404,0.304320068099596,0.728282381065477
1,4,90,0.681492649830381,0.318507350169619,0.728282381065477
1,4,91,0.401388495324455,0.598611504675545,0.728282381065477
1,4,92,0.444800341661328,0.555199658338672,0.728282381065477
1,4,93,0.436456903402933,0.563543096597067,0.728282381065477
1,4,94,0.764087355082232,0.235912644917768,0.728282381065477
1,4,95,0.440926725715541,0.559073274284459,0.728282381065477
1,4,96,0.454327403557865,0.545672596442135,0.728282381065477
1,4,97,0.416538433355316,0.583461566644684,0.728282381065477
1,4,98,0.9800796812749,0.0199203187250996,0.728282381065477
1,4,99,0.679438543247344,0.320561456752656,0.728282381065477
1,4,100,0.913154680103833,0.0868453198961674,0.728282381065477
1,4,101,0.513867613400854,0.486132386599146,0.728282381065477
1,4,102,0.537428577322139,0.462571422677861,0.728282381065477
1,4,103,0.887261514742725,0.112738485257275,0.728282381065477
1,4,104,0.530364222461003,0.469635777538997,0.728282381065477
1,4,105,0.697846504126743,0.302153495873257,0.728282381065477
1,4,106,0.691514269442511,0.308485730557489,0.728282381065477
1,4,107,0.607885109364054,0.392114890635946,0.728282381065477
1,4,108,0.737358577695682,0.262641422304318,0.728282381065477
1,4,109,0.935023391579032,0.0649766084209684,0.728282381065477
1,4,110,0.897427804955026,0.102572195044974,0.728282381065477
1,4,111,0.460062347165444,0.539937652834556,0.728282381065477
1,4,112,0.863765928906774,0.136234071093226,0.728282381065477
1,4,113,0.444800341661328,0.555199658338672,0.728282381065477
1,4,114,0.608186463057581,0.391813536942419,0.728282381065477
1,4,115,0.987689860232567,0.012310139767433,0.728282381065477
1,4,116,0.526002916905127,0.473997083094873,0.728282381065477
1,4,117,0.511319595925369,0.488680404074631,0.728282381065477
1,4,118,0.731442852248221,0.268557147751779,0.728282381065477
1,4,119,0.419289340101523,0.580710659898477,0.728282381065477
1,4,120,0.650148014301642,0.349851985698358,0.728282381065477
1,4,121,0.408687741642029,0.591312258357971,0.728282381065477
1,4,122,0.562696993714633,0.437303006285367,0.728282381065477
1,4,123,0.899784150477952,0.100215849522048,0.728282381065477
1,4,124,0.841489188749797,0.158510811250203,0.728282381065477
1,4,125,0.569975805232119,0.430024194767881,0.728282381065477
1,4,126,0.492504684572142,0.507495315427858,0.728282381065477
1,4,127,0.500334617541194,0.499665382458806,0.728282381065477
1,4,128,0.512213425387415,0.487786574612585,0.728282381065477
1,4,129,0.478636826042726,0.521363173957274,0.728282381065477
1,4,130,0.550002769213728,0.449997230786272,0.728282381065477
1,4,131,0.706236818318771,0.293763181681229,0.728282381065477
1,4,132,0.864693404175175,0.135306595824825,0.728282381065477
1,4,133,0.673180912626886,0.326819087373114,0.728282381065477
1,4,134,0.507540226567573,0.492459773432427,0.728282381065477
1,4,135,0.520224387363448,0.479775612636552,0.728282381065477
1,4,136,0.519631622830289,0.480368377169711,0.728282381065477
1,4,137,0.972981960262698,0.0270180397373015,0.728282381065477
1,4,138,0.691874407450784,0.308125592549216,0.728282381065477
1,4,139,0.497023105074377,0.502976894925623,0.728282381065477
1,4,140,0.50354609929078,0.49645390070922,0.728282381065477
1,4,141,0.761371101750589,0.238628898249411,0.728282381065477
1,4,142,0.329284996803945,0.670715003196055,0.728282381065477
1,4,143,0.307661756210283,0.692338243789717,0.728282381065477
1,4,144,0.573359073359073,0.426640926640927,0.728282381065477
1,4,145,0.677207897977832,0.322792102022168,0.728282381065477
1,4,146,0.765690711739496,0.234309288260504,0.728282381065477
1,4,147,0.325226160462702,0.674773839537298,0.728282381065477
1,4,148,0.603552777036557,0.396447222963443,0.728282381065477
1,4,149,0.524232428317686,0.475767571682314,0.728282381065477
1,4,150,0.882393148647019,0.117606851352981,0.728282381065477
1,4,151,0.426253879174177,0.573746120825823,0.728282381065477
1,4,152,0.544532546560944,0.455467453439056,0.728282381065477
1,4,153,0.408799787774283,0.591200212225717,0.728282381065477
1,4,154,0.297591464008256,0.702408535991744,0.728282381065477
1,4,155,0.39770200148258,0.60229799851742,0.728282381065477
1,4,156,0.262430369300598,0.737569630699402,0.728282381065477
1,4,157,0.9800796812749,0.0199203187250996,0.728282381065477
1,4,158,0.389465428878878,0.610534571121122,0.728282381065477
1,4,159,0.803157554712105,0.196842445287895,0.728282381065477
1,4,160,0.590387766247952,0.409612233752048,0.728282381065477
1,4,161,1,0,0.728282381065477
1,4,162,0.861552164820696,0.138447835179304,0.728282381065477
1,4,163,0.738792072608943,0.261207927391057,0.728282381065477
1,4,164,0.429845400387413,0.570154599612587,0.728282381065477
1,4,165,0.950506358029392,0.0494936419706083,0.728282381065477
1,4,166,0.57286432160804,0.42713567839196,0.728282381065477
1,4,167,0.681588665310121,0.318411334689879,0.728282381065477
1,4,168,0.396135265700483,0.603864734299517,0.728282381065477
1,4,169,0.465597252165016,0.534402747834984,0.728282381065477
1,4,170,0.465859853578365,0.534140146421635,0.728282381065477
1,4,171,0.439010356731876,0.560989643268124,0.728282381065477
1,4,172,0.530174823152985,0.469825176847015,0.728282381065477
1,4,173,0.371060144469353,0.628939855530647,0.728282381065477
1,4,174,0.856059001367199,0.143940998632801,0.728282381065477
1,4,175,1,0,0.728282381065477
1,4,176,0.827088242000456,0.172911757999544,0.728282381065477
1,4,177,0.417515274949083,0.582484725050917,0.728282381065477
1,4,178,0.466031380924998,0.533968619075002,0.728282381065477
1,4,179,0.960241406026995,0.039758593973005,0.728282381065477
1,4,180,0.548262548262548,0.451737451737452,0.728282381065477
1,4,181,0.861074358295845,0.138925641704155,0.728282381065477
1,4,182,0.649379671726901,0.350620328273099,0.728282381065477
1,4,183,0.68596395412343,0.31403604587657,0.728282381065477
1,4,184,0.571411445012788,0.428588554987212,0.728282381065477
1,4,185,0.949814700432366,0.0501852995676344,0.728282381065477
1,4,186,0.227670550049267,0.772329449950733,0.728282381065477
1,4,187,0.477472868783571,0.522527131216429,0.728282381065477
1,4,188,0.500334617541194,0.499665382458806,0.728282381065477
1,4,189,0.532126079709047,0.467873920290953,0.728282381065477
1,4,190,0.401660856281092,0.598339143718908,0.728282381065477
1,4,191,1,0,0.728282381065477
1,4,192,0.84929865914448,0.15070134085552,0.728282381065477
1,4,193,0.574865965326013,0.425134034673987,0.728282381065477
1,4,194,0.527845036319613,0.472154963680387,0.728282381065477
1,4,195,0.620070140897065,0.379929859102935,0.728282381065477
1,4,196,0.9800796812749,0.0199203187250996,0.728282381065477
1,4,197,1,0,0.728282381065477
1,4,198,0.445812807881773,0.554187192118227,0.728282381065477
1,4,199,0.906521447335622,0.0934785526643784,0.728282381065477
1,4,200,0.553022940238021,0.446977059761979,0.728282381065477
1,4,201,0.593611458451745,0.406388541548255,0.728282381065477
1,4,202,0.505874222529371,0.494125777470629,0.728282381065477
1,4,203,0.92252989551468,0.0774701044853204,0.728282381065477
1,4,204,0.237566468564279,0.762433531435721,0.728282381065477
1,4,205,0.559426980288708,0.440573019711292,0.728282381065477
1,4,206,0.28126603329618,0.71873396670382,0.728282381065477
1,4,207,0.492737655851191,0.507262344148809,0.728282381065477
1,4,208,0.448300577162473,0.551699422837527,0.728282381065477
1,4,209,0.535291823735864,0.464708176264136,0.728282381065477
1,4,210,0.46842906047927,0.53157093952073,0.728282381065477
1,4,211,0.468509433209684,0.531490566790316,0.728282381065477
1,4,212,0.932973106748061,0.0670268932519387,0.728282381065477
1,4,213,0.692976537045249,0.307023462954751,0.728282381065477
1,4,214,0.366542295483655,0.633457704516345,0.728282381065477
1,4,215,0.468085106382979,0.531914893617021,0.728282381065477
1,4,216,0.523416182503295,0.476583817496705,0.728282381065477
1,4,217,0.379858657243816,0.620141342756184,0.728282381065477
1,4,218,0.926130767482385,0.073869232517615,0.728282381065477
1,4,219,0.41468861434283,0.58531138565717,0.728282381065477
1,4,220,0.490521327014218,0.509478672985782,0.728282381065477
1,4,221,0.717102524315937,0.282897475684063,0.728282381065477
1,4,222,0.9735815314583,0.0264184685417005,0.728282381065477
1,4,223,0.46520064325517,0.53479935674483,0.728282381065477
1,4,224,0.592464321968114,0.407535678031886,0.728282381065477
1,4,225,0.606749939499991,0.393250060500009,0.728282381065477
1,4,226,0.408799787774283,0.591200212225717,0.728282381065477
1,4,227,0.969096476047392,0.0309035239526083,0.728282381065477
1,4,228,0.47984868325331,0.52015131674669,0.728282381065477
1,4,229,0.591542759914151,0.408457240085849,0.728282381065477
1,4,230,0.60559796437659,0.39440203562341,0.728282381065477
1,4,231,0.93087914000116,0.0691208599988399,0.728282381065477
1,4,232,0.322704387437065,0.677295612562935,0.728282381065477
1,4,233,0.616236162361624,0.383763837638376,0.728282381065477
1,4,234,0.912590771122296,0.0874092288777039,0.728282381065477
1,4,235,0.327530234383361,0.672469765616639,0.728282381065477
1,4,236,0.955424495953916,0.0445755040460842,0.728282381065477
1,4,237,0.937207774643533,0.0627922253564667,0.728282381065477
1,4,238,0.674244000226942,0.325755999773058,0.728282381065477
1,4,239,0.3422588931268,0.6577411068732,0.728282381065477
1,4,240,0.42610265669332,0.57389734330668,0.728282381065477
1,4,241,0.565100161776748,0.434899838223252,0.728282381065477
1,4,242,0.361538736293174,0.638461263706826,0.728282381065477
1,4,243,0.639043143955574,0.360956856044426,0.728282381065477
1,4,244,0.5208189470148,0.4791810529852,0.728282381065477
1,4,245,0.616206489343755,0.383793510656245,0.728282381065477
1,4,246,0.550002769213728,0.449997230786272,0.728282381065477
1,4,247,0.981162696342665,0.0188373036573349,0.728282381065477
1,4,248,0.746598573155043,0.253401426844957,0.728282381065477
1,4,249,0.538133585978209,0.461866414021791,0.728282381065477
1,4,250,0.606749939499991,0.393250060500009,0.728282381065477
1,4,251,0.48939984843724,0.51060015156276,0.728282381065477
1,4,252,0.34984943881741,0.65015056118259,0.728282381065477
1,4,253,0.697062848303354,0.302937151696646,0.728282381065477
1,4,254,0.585459183673469,0.414540816326531,0.728282381065477
1,4,255,0.477472868783571,0.522527131216429,0.728282381065477
1,4,256,0.319695528068506,0.680304471931494,0.728282381065477
1,4,257,0.888855112664817,0.111144887335183,0.728282381065477
1,4,258,0.720812182741117,0.279187817258883,0.728282381065477
1,4,259,0.28134609404692,0.71865390595308,0.728282381065477
1,4,260,0.667890394368329,0.332109605631671,0.728282381065477
1,4,261,0.416891726000491,0.583108273999509,0.728282381065477
1,4,262,0.98041185334003,0.0195881466599699,0.728282381065477
1,4,263,0.492504684572142,0.507495315427858,0.728282381065477
1,4,264,0.46842906047927,0.53157093952073,0.728282381065477
1,4,265,0.331093018596434,0.668906981403566,0.728282381065477
1,4,266,0.446234766825944,0.553765233174056,0.728282381065477
1,4,267,0.546370967741935,0.453629032258065,0.728282381065477
1,4,268,0.420636862525779,0.579363137474221,0.728282381065477
1,4,269,0.271991604948237,0.728008395051763,0.728282381065477
1,4,270,0.30765650453805,0.69234349546195,0.728282381065477
1,4,271,0.820392373583863,0.179607626416137,0.728282381065477
1,4,272,0.722248599373279,0.277751400626721,0.728282381065477
1,4,273,0.264776967845473,0.735223032154527,0.728282381065477
1,4,274,0.767617383014221,0.232382616985779,0.728282381065477
1,4,275,0.610140349474189,0.389859650525811,0.728282381065477
1,4,276,0.416145813840338,0.583854186159662,0.728282381065477
1,4,277,0.641929645077516,0.358070354922484,0.728282381065477
1,4,278,0.598093186532631,0.401906813467369,0.728282381065477
1,4,279,0.423062396132346,0.576937603867654,0.728282381065477
1,4,280,0.555200729927007,0.444799270072993,0.728282381065477
1,4,281,1,0,0.728282381065477
1,4,282,0.379858657243816,0.620141342756184,0.728282381065477
1,4,283,0.363569185294661,0.636430814705339,0.728282381065477
1,4,284,0.90979381443299,0.0902061855670103,0.728282381065477
1,4,285,0.440800086030756,0.559199913969244,0.728282381065477
1,4,286,0.668347439822318,0.331652560177682,0.728282381065477
1,4,287,0.844911917922615,0.155088082077385,0.728282381065477
1,4,288,0.351585014409222,0.648414985590778,0.728282381065477
1,4,289,0.387257283912224,0.612742716087776,0.728282381065477
1,4,290,0.635336799192131,0.364663200807869,0.728282381065477
1,4,291,0.293491616415569,0.706508383584431,0.728282381065477
1,4,292,0.618324168142418,0.381675831857582,0.728282381065477
1,4,293,0.578326846054042,0.421673153945958,0.728282381065477
1,4,294,0.405147072417682,0.594852927582318,0.728282381065477
1,4,295,0.421827306604745,0.578172693395255,0.728282381065477
1,4,296,0.511966778517269,0.488033221482731,0.728282381065477
1,4,297,0.538133585978209,0.461866414021791,0.728282381065477
1,4,298,0.812859884836852,0.187140115163148,0.728282381065477
1,4,299,0.524232428317686,0.475767571682314,0.728282381065477
1,4,300,0.595078648185641,0.404921351814359,0.728282381065477
1,4,301,0.91793965408408,0.0820603459159197,0.728282381065477
1,4,302,0.412975941044722,0.587024058955278,0.728282381065477
1,4,303,0.816773265421178,0.183226734578822,0.728282381065477
1,4,304,0.949528283573398,0.0504717164266024,0.728282381065477
1,4,305,0.949814700432366,0.0501852995676344,0.728282381065477
1,4,306,0.400295239266822,0.599704760733178,0.728282381065477
1,4,307,0.892591224557243,0.107408775442757,0.728282381065477
1,4,308,0.804972138876982,0.195027861123018,0.728282381065477
1,4,309,0.558569802870673,0.441430197129327,0.728282381065477
1,4,310,0.672268907563025,0.327731092436975,0.728282381065477
1,4,311,0.736901556940339,0.263098443059661,0.728282381065477
1,4,312,0.420636862525779,0.579363137474221,0.728282381065477
1,4,313,0.425751879699248,0.574248120300752,0.728282381065477
1,4,314,0.571411445012788,0.428588554987212,0.728282381065477
1,4,315,0.722648916197303,0.277351083802697,0.728282381065477
1,4,316,0.265085095410005,0.734914904589995,0.728282381065477
1,4,317,0.445117585504213,0.554882414495787,0.728282381065477
1,4,318,0.427207845463905,0.572792154536095,0.728282381065477
1,4,319,0.417896546783207,0.582103453216793,0.728282381065477
1,4,320,0.281153009168421,0.718846990831579,0.728282381065477
1,4,321,0.872532357170872,0.127467642829128,0.728282381065477
1,4,322,0.41468861434283,0.58531138565717,0.728282381065477
1,4,323,0.631533199803484,0.368466800196516,0.728282381065477
1,4,324,0.379836743347822,0.620163256652178,0.728282381065477
1,4,325,0.285633076893925,0.714366923106075,0.728282381065477
1,4,326,0.83695652173913,0.16304347826087,0.728282381065477
1,4,327,0.433233682112606,0.566766317887394,0.728282381065477
1,4,328,0.842045918466533,0.157954081533467,0.728282381065477
1,4,329,0.360577365082284,0.639422634917716,0.728282381065477
1,4,330,0.84929865914448,0.15070134085552,0.728282381065477
1,4,331,0.943299668521139,0.056700331478861,0.728282381065477
1,4,332,0.511029914613416,0.488970085386584,0.728282381065477
1,4,333,0.358832531297822,0.641167468702178,0.728282381065477
1,4,334,0.373720342045044,0.626279657954956,0.728282381065477
1,4,335,0.907229947396322,0.0927700526036782,0.728282381065477
1,4,336,0.475261024003444,0.524738975996556,0.728282381065477
1,4,337,0.48843685676232,0.51156314323768,0.728282381065477
1,4,338,0.70499243570348,0.29500756429652,0.728282381065477
1,4,339,0.444800341661328,0.555199658338672,0.728282381065477
1,4,340,0.545313228664698,0.454686771335302,0.728282381065477
1,4,341,0.906327459985012,0.0936725400149876,0.728282381065477
1,4,342,0.77689638076351,0.22310361923649,0.728282381065477
1,4,343,0.423631123919308,0.576368876080692,0.728282381065477
1,4,344,0.535291823735864,0.464708176264136,0.728282381065477
1,4,345,0.397119266722438,0.602880733277562,0.728282381065477
1,4,346,0.483326870880186,0.516673129119814,0.728282381065477
1,4,347,0.728095527836933,0.271904472163067,0.728282381065477
1,4,348,0.944567627494457,0.0554323725055432,0.728282381065477
1,4,349,0.433233682112606,0.566766317887394,0.728282381065477
1,4,350,0.526229858695018,0.473770141304982,0.728282381065477
1,4,351,0.777445168359062,0.222554831640938,0.728282381065477
1,4,352,0.402982386629687,0.597017613370313,0.728282381065477
1,4,353,0.378434964668935,0.621565035331065,0.728282381065477
1,4,354,0.706236818318771,0.293763181681229,0.728282381065477
1,4,355,0.423631123919308,0.576368876080692,0.728282381065477
1,4,356,0.368837765162832,0.631162234837168,0.728282381065477
1,4,357,0.803960313663498,0.196039686336502,0.728282381065477
1,4,358,0.468085106382979,0.531914893617021,0.728282381065477
1,4,359,0.633770239013107,0.366229760986893,0.728282381065477
1,4,360,0.852278322790803,0.147721677209197,0.728282381065477
1,4,361,0.731767707082833,0.268232292917167,0.728282381065477
1,4,362,0.699210365673552,0.300789634326448,0.728282381065477
1,4,363,0.68054350968488,0.31945649031512,0.728282381065477
1,4,364,0.496124031007752,0.503875968992248,0.728282381065477
1,4,365,0.776187925625526,0.223812074374474,0.728282381065477
1,4,366,0.650872817955112,0.349127182044888,0.728282381065477
1,4,367,0.48830273954841,0.51169726045159,0.728282381065477
1,4,368,0.471565420103042,0.528434579896958,0.728282381065477
1,4,369,0.3446790176648,0.6553209823352,0.728282381065477
1,4,370,0.647914570920065,0.352085429079935,0.728282381065477
1,4,371,0.531494013534617,0.468505986465383,0.728282381065477
1,4,372,0.413127109994504,0.586872890005496,0.728282381065477
1,4,373,0.590315883138069,0.409684116861931,0.728282381065477
1,4,374,0.537543049225629,0.462456950774371,0.728282381065477
1,4,375,0.755436355567561,0.244563644432439,0.728282381065477
1,4,376,0.495557021458228,0.504442978541772,0.728282381065477
1,4,377,0.536702767749699,0.463297232250301,0.728282381065477
1,4,378,0.507221106099086,0.492778893900914,0.728282381065477
1,4,379,0.592731829573935,0.407268170426065,0.728282381065477
1,4,380,0.654790078825261,0.345209921174739,0.728282381065477
1,4,381,0.813952111174717,0.186047888825283,0.728282381065477
1,4,382,0.415399053689438,0.584600946310562,0.728282381065477
1,4,383,0.938309099882313,0.0616909001176873,0.728282381065477
1,4,384,0.433233682112606,0.566766317887394,0.728282381065477
1,4,385,0.899675875906776,0.100324124093224,0.728282381065477
1,4,386,0.386436247458612,0.613563752541388,0.728282381065477
1,4,387,0.424346519242123,0.575653480757877,0.728282381065477
1,4,388,0.433455476893522,0.566544523106478,0.728282381065477
1,4,389,0.834359736674453,0.165640263325547,0.728282381065477
1,4,390,0.627435995414597,0.372564004585403,0.728282381065477
1,4,391,0.702664582777418,0.297335417222582,0.728282381065477
1,4,392,0.404441090869893,0.595558909130107,0.728282381065477
1,4,393,0.387243899373328,0.612756100626672,0.728282381065477
1,4,394,0.445117585504213,0.554882414495787,0.728282381065477
1,4,395,0.935588293585255,0.0644117064147454,0.728282381065477
1,4,396,0.428756301547138,0.571243698452861,0.728282381065477
1,4,397,0.628696645627704,0.371303354372296,0.728282381065477
1,4,398,0.54209013544739,0.45790986455261,0.728282381065477
1,4,399,0.38062531841425,0.61937468158575,0.728282381065477
1,4,400,0.780562659846547,0.219437340153453,0.728282381065477
5,2,1,1,0,0.721928094887362
5,2,2,0.306264501160093,0.693735498839907,0.721928094887362
5,2,3,0.170212765957447,0.829787234042553,0.721928094887362
5,2,4,1,0,0.721928094887362
5,2,5,0.629101283880171,0.370898716119829,0.721928094887362
5,2,6,0.816363430896146,0.183636569103854,0.721928094887362
5,2,7,0.791029037318999,0.208970962681001,0.721928094887362
5,2,8,0.830464267083985,0.169535732916015,0.721928094887362
5,2,9,0.816363430896146,0.183636569103854,0.721928094887362
5,2,10,0.701446834570925,0.298553165429075,0.721928094887362
5,2,11,0.838485240035782,0.161514759964218,0.721928094887362
5,2,12,0.227027027027027,0.772972972972973,0.721928094887362
5,2,13,0.557561408700799,0.442438591299201,0.721928094887362
5,2,14,0.170212765957447,0.829787234042553,0.721928094887362
5,2,15,1,0,0.721928094887362
5,2,16,0.139235716988271,0.860764283011729,0.721928094887362
5,2,17,0.618991793669402,0.381008206330598,0.721928094887362
5,2,18,0.791029037318999,0.208970962681001,0.721928094887362
5,2,19,0.838485240035782,0.161514759964218,0.721928094887362
5,2,20,0.395297699594046,0.604702300405954,0.721928094887362
5,2,21,0.629101283880171,0.370898716119829,0.721928094887362
5,2,22,0.227027027027027,0.772972972972973,0.721928094887362
5,2,23,0.227027027027027,0.772972972972973,0.721928094887362
5,2,24,0.664371772805508,0.335628227194492,0.721928094887362
5,2,25,0.695550351288056,0.304449648711944,0.721928094887362
5,2,26,0.557561408700799,0.442438591299201,0.721928094887362
5,2,27,0.618991793669402,0.381008206330598,0.721928094887362
5,2,28,0.791029037318999,0.208970962681001,0.721928094887362
5,2,29,0.356775300171527,0.643224699828473,0.721928094887362
5,2,30,0.845123043784907,0.154876956215093,0.721928094887362
5,2,31,0.227027027027027,0.772972972972973,0.721928094887362
5,2,32,0.568791462359388,0.431208537640612,0.721928094887362
5,2,33,0.838485240035782,0.161514759964218,0.721928094887362
5,2,34,0.220872622662618,0.779127377337382,0.721928094887362
5,2,35,0.228726409763815,0.771273590236185,0.721928094887362
5,2,36,0.629101283880171,0.370898716119829,0.721928094887362
5,2,37,1,0,0.721928094887362
5,2,38,0.395297699594046,0.604702300405954,0.721928094887362
5,2,39,0.557561408700799,0.442438591299201,0.721928094887362
5,2,40,0.227027027027027,0.772972972972973,0.721928094887362
5,2,41,0.227027027027027,0.772972972972973,0.721928094887362
5,2,42,1,0,0.721928094887362
5,2,43,0.664371772805508,0.335628227194492,0.721928094887362
5,2,44,0.816363430896146,0.183636569103854,0.721928094887362
5,2,45,0.816363430896146,0.183636569103854,0.721928094887362
5,2,46,0.493163069273364,0.506836930726636,0.721928094887362
5,2,47,0.395297699594046,0.604702300405954,0.721928094887362
5,2,48,0.170212765957447,0.829787234042553,0.721928094887362
5,2,49,0.336050742261221,0.663949257738779,0.721928094887362
5,2,50,0.830464267083985,0.169535732916015,0.721928094887362
5,2,51,0.0677290836653386,0.932270916334661,0.721928094887362
5,2,52,0.629101283880171,0.370898716119829,0.721928094887362
5,2,53,1,0,0.721928094887362
5,2,54,0.842907136366273,0.157092863633727,0.721928094887362
5,2,55,0.791029037318999,0.208970962681001,0.721928094887362
5,2,56,0.684338324564953,0.315661675435047,0.721928094887362
5,2,57,1,0,0.721928094887362
5,2,58,0.838485240035782,0.161514759964218,0.721928094887362
5,2,59,0.618991793669402,0.381008206330598,0.721928094887362
5,2,60,0.830464267083985,0.169535732916015,0.721928094887362
5,2,61,0.306264501160093,0.693735498839907,0.721928094887362
5,2,62,0.557561408700799,0.442438591299201,0.721928094887362
5,2,63,0.200044752741105,0.799955247258895,0.721928094887362
5,2,64,0.701446834570925,0.298553165429075,0.721928094887362
5,2,65,0.842907136366273,0.157092863633727,0.721928094887362
5,2,66,0.170212765957447,0.829787234042553,0.721928094887362
5,2,67,0.384681583476764,0.615318416523236,0.721928094887362
5,2,68,0.704097116843703,0.295902883156297,0.721928094887362
5,2,69,0.557561408700799,0.442438591299201,0.721928094887362
5,2,70,0.50016716817118,0.49983283182882,0.721928094887362
5,2,71,0.306264501160093,0.693735498839907,0.721928094887362
5,2,72,0.356775300171527,0.643224699828473,0.721928094887362
5,2,73,0.227027027027027,0.772972972972973,0.721928094887362
5,2,74,0.842907136366273,0.157092863633727,0.721928094887362
5,2,75,1,0,0.721928094887362
5,2,76,0.838485240035782,0.161514759964218,0.721928094887362
5,2,77,1,0,0.721928094887362
5,2,78,1,0,0.721928094887362
5,2,79,0.42863992328592,0.57136007671408,0.721928094887362
5,2,80,0.791029037318999,0.208970962681001,0.721928094887362
5,2,81,1,0,0.721928094887362
5,2,82,0.838485240035782,0.161514759964218,0.721928094887362
5,2,83,0.350309376487387,0.649690623512613,0.721928094887362
5,2,84,0.357792122250033,0.642207877749967,0.721928094887362
5,2,85,0.121621621621622,0.878378378378379,0.721928094887362
5,2,86,0.190012180267966,0.809987819732034,0.721928094887362
5,2,87,-0.0553505535055354,1.05535055350554,0.721928094887362
5,2,88,0.684338324564953,0.315661675435047,0.721928094887362
5,2,89,0.791029037318999,0.208970962681001,0.721928094887362
5,2,90,0.576127020130422,0.423872979869578,0.721928094887362
5,2,91,0.563660774222421,0.436339225777579,0.721928094887362
5,2,92,0.200044752741105,0.799955247258895,0.721928094887362
5,2,93,0.384681583476764,0.615318416523236,0.721928094887362
5,2,94,0.626006904487917,0.373993095512083,0.721928094887362
5,2,95,0.50016716817118,0.49983283182882,0.721928094887362
5,2,96,0.493163069273364,0.506836930726636,0.721928094887362
5,2,97,0.265536723163842,0.734463276836158,0.721928094887362
5,2,98,0.838485240035782,0.161514759964218,0.721928094887362
5,2,99,0.701446834570925,0.298553165429075,0.721928094887362
5,2,100,0.568791462359388,0.431208537640612,0.721928094887362
5,2,101,0.42863992328592,0.57136007671408,0.721928094887362
5,2,102,0.684338324564953,0.315661675435047,0.721928094887362
5,2,103,0.075416968817984,0.924583031182016,0.721928094887362
5,2,104,1,0,0.721928094887362
5,2,105,0.838485240035782,0.161514759964218,0.721928094887362
5,2,106,0.662337662337662,0.337662337662338,0.721928094887362
5,2,107,0.0622347949080623,0.937765205091938,0.721928094887362
5,2,108,0.42863992328592,0.57136007671408,0.721928094887362
5,2,109,1,0,0.721928094887362
5,2,110,0.816363430896146,0.183636569103854,0.721928094887362
5,2,111,0.845123043784907,0.154876956215093,0.721928094887362
5,2,112,0.557561408700799,0.442438591299201,0.721928094887362
5,2,113,0.557561408700799,0.442438591299201,0.721928094887362
5,2,114,0.356775300171527,0.643224699828473,0.721928094887362
5,2,115,0.306264501160093,0.693735498839907,0.721928094887362
5,2,116,0.845123043784907,0.154876956215093,0.721928094887362
5,2,117,0.701446834570925,0.298553165429075,0.721928094887362
5,2,118,0.816363430896146,0.183636569103854,0.721928094887362
5,2,119,1,0,0.721928094887362
5,2,120,0.170212765957447,0.829787234042553,0.721928094887362
5,2,121,0.682926829268293,0.317073170731707,0.721928094887362
5,2,122,0.227027027027027,0.772972972972973,0.721928094887362
5,2,123,0.306264501160093,0.693735498839907,0.721928094887362
5,2,124,0.694548872180451,0.305451127819549,0.721928094887362
5,2,125,1,0,0.721928094887362
5,2,126,0.704097116843703,0.295902883156297,0.721928094887362
5,2,127,0.576127020130422,0.423872979869578,0.721928094887362
5,2,128,0.308552671570117,0.691447328429883,0.721928094887362
5,2,129,0.568791462359388,0.431208537640612,0.721928094887362
5,2,130,0.838485240035782,0.161514759964218,0.721928094887362
5,2,131,0.558423913043478,0.441576086956522,0.721928094887362
5,2,132,0.285850769083787,0.714149230916213,0.721928094887362
5,2,133,0.563660774222421,0.436339225777579,0.721928094887362
5,2,134,0.838485240035782,0.161514759964218,0.721928094887362
5,2,135,1,0,0.721928094887362
5,2,136,1,0,0.721928094887362
5,2,137,0.228726409763815,0.771273590236185,0.721928094887362
5,2,138,0.568791462359388,0.431208537640612,0.721928094887362
5,2,139,0.701446834570925,0.298553165429075,0.721928094887362
5,2,140,0.695550351288056,0.304449648711944,0.721928094887362
5,2,141,0.684338324564953,0.315661675435047,0.721928094887362
5,2,142,0.664371772805508,0.335628227194492,0.721928094887362
5,2,143,0.122321956739796,0.877678043260204,0.721928094887362
5,2,144,0.695550351288056,0.304449648711944,0.721928094887362
5,2,145,0.563660774222421,0.436339225777579,0.721928094887362
5,2,146,0.664371772805508,0.335628227194492,0.721928094887362
5,2,147,0.50016716817118,0.49983283182882,0.721928094887362
5,2,148,0.791029037318999,0.208970962681001,0.721928094887362
5,2,149,0.170212765957447,0.829787234042553,0.721928094887362
5,2,150,1,0,0.721928094887362
5,2,151,0.421286928369081,0.578713071630919,0.721928094887362
5,2,152,0.664371772805508,0.335628227194492,0.721928094887362
5,2,153,0.227027027027027,0.772972972972973,0.721928094887362
5,2,154,0.19044384057971,0.80955615942029,0.721928094887362
5,2,155,0.576223141901468,0.423776858098532,0.721928094887362
5,2,156,0.664371772805508,0.335628227194492,0.721928094887362
5,2,157,0.846015351085,0.153984648915001,0.721928094887362
5,2,158,1,0,0.721928094887362
5,2,159,0.227027027027027,0.772972972972973,0.721928094887362
5,2,160,1,0,0.721928094887362
5,2,161,0.629101283880171,0.370898716119829,0.721928094887362
5,2,162,0.227027027027027,0.772972972972973,0.721928094887362
5,2,163,0.816363430896146,0.183636569103854,0.721928094887362
5,2,164,1,0,0.721928094887362
5,2,165,0.741250278653546,0.258749721346454,0.721928094887362
5,2,166,0.434354899735149,0.565645100264851,0.721928094887362
5,2,167,0.816363430896146,0.183636569103854,0.721928094887362
5,2,168,0.842907136366273,0.157092863633727,0.721928094887362
5,2,169,0.170212765957447,0.829787234042553,0.721928094887362
5,2,170,0.846015351085,0.153984648915001,0.721928094887362
5,2,171,0.447022428460944,0.552977571539056,0.721928094887362
5,2,172,0.306264501160093,0.693735498839907,0.721928094887362
5,2,173,1,0,0.721928094887362
5,2,174,0.170212765957447,0.829787234042553,0.721928094887362
5,2,175,0.563660774222421,0.436339225777579,0.721928094887362
5,2,176,0.459969788519637,0.540030211480363,0.721928094887362
5,2,177,1,0,0.721928094887362
5,2,178,0.170212765957447,0.829787234042553,0.721928094887362
5,2,179,0.842907136366273,0.157092863633727,0.721928094887362
5,2,180,0.170212765957447,0.829787234042553,0.721928094887362
5,2,181,0.493163069273364,0.506836930726636,0.721928094887362
5,2,182,0.695550351288056,0.304449648711944,0.721928094887362
5,2,183,1,0,0.721928094887362
5,2,184,0.170212765957447,0.829787234042553,0.721928094887362
5,2,185,0.695550351288056,0.304449648711944,0.721928094887362
5,2,186,0.791029037318999,0.208970962681001,0.721928094887362
5,2,187,1,0,0.721928094887362
5,2,188,0.816363430896146,0.183636569103854,0.721928094887362
5,2,189,0.395297699594046,0.604702300405954,0.721928094887362
5,2,190,0.50016716817118,0.49983283182882,0.721928094887362
5,2,191,0.424354243542435,0.575645756457565,0.721928094887362
5,2,192,0.456273764258555,0.543726235741445,0.721928094887362
5,2,193,1,0,0.721928094887362
5,2,194,0.838485240035782,0.161514759964218,0.721928094887362
5,2,195,0.838485240035782,0.161514759964218,0.721928094887362
5,2,196,0.626006904487917,0.373993095512083,0.721928094887362
5,2,197,0.830464267083985,0.169535732916015,0.721928094887362
5,2,198,1,0,0.721928094887362
5,2,199,0.664371772805508,0.335628227194492,0.721928094887362
5,2,200,0.50016716817118,0.49983283182882,0.721928094887362
5,2,201,0.306264501160093,0.693735498839907,0.721928094887362
5,2,202,1,0,0.721928094887362
5,2,203,0.816363430896146,0.183636569103854,0.721928094887362
5,2,204,0.684338324564953,0.315661675435047,0.721928094887362
5,2,205,0.701446834570925,0.298553165429075,0.721928094887362
5,2,206,0.50016716817118,0.49983283182882,0.721928094887362
5,2,207,0.459969788519637,0.540030211480363,0.721928094887362
5,2,208,1,0,0.721928094887362
5,2,209,0.846015351085,0.153984648915001,0.721928094887362
5,2,210,0.350309376487387,0.649690623512613,0.721928094887362
5,2,211,1,0,0.721928094887362
5,2,212,0.816363430896146,0.183636569103854,0.721928094887362
5,2,213,1,0,0.721928094887362
5,2,214,0.695550351288056,0.304449648711944,0.721928094887362
5,2,215,0.701446834570925,0.298553165429075,0.721928094887362
5,2,216,0.170212765957447,0.829787234042553,0.721928094887362
5,2,217,0.170212765957447,0.829787234042553,0.721928094887362
5,2,218,0.424354243542435,0.575645756457565,0.721928094887362
5,2,219,0.695550351288056,0.304449648711944,0.721928094887362
5,2,220,0.838485240035782,0.161514759964218,0.721928094887362
5,2,221,0.227027027027027,0.772972972972973,0.721928094887362
5,2,222,0.336118848653668,0.663881151346332,0.721928094887362
5,2,223,0.662337662337662,0.337662337662338,0.721928094887362
5,2,224,0.170212765957447,0.829787234042553,0.721928094887362
5,2,225,0.704097116843703,0.295902883156297,0.721928094887362
5,2,226,0.0304295942720763,0.969570405727924,0.721928094887362
5,2,227,0.11631419939577,0.88368580060423,0.721928094887362
5,2,228,0.816363430896146,0.183636569103854,0.721928094887362
5,2,229,0.306264501160093,0.693735498839907,0.721928094887362
5,2,230,0.423240143000437,0.576759856999563,0.721928094887362
5,2,231,0.694548872180451,0.305451127819549,0.721928094887362
5,2,232,1,0,0.721928094887362
5,2,233,0.695550351288056,0.304449648711944,0.721928094887362
5,2,234,0.741250278653546,0.258749721346454,0.721928094887362
5,2,235,0.12751677852349,0.87248322147651,0.721928094887362
5,2,236,0.536836235206642,0.463163764793358,0.721928094887362
5,2,237,0.629101283880171,0.370898716119829,0.721928094887362
5,2,238,0.558423913043478,0.441576086956522,0.721928094887362
5,2,239,0.170212765957447,0.829787234042553,0.721928094887362
5,2,240,0.695550351288056,0.304449648711944,0.721928094887362
5,2,241,0.424354243542435,0.575645756457565,0.721928094887362
5,2,242,0.664371772805508,0.335628227194492,0.721928094887362
5,2,243,0.574195385929934,0.425804614070066,0.721928094887362
5,2,244,0.629101283880171,0.370898716119829,0.721928094887362
5,2,245,0.695550351288056,0.304449648711944,0.721928094887362
5,2,246,0.695550351288056,0.304449648711944,0.721928094887362
5,2,247,0.842907136366273,0.157092863633727,0.721928094887362
5,2,248,1,0,0.721928094887362
5,2,249,0.447022428460944,0.552977571539056,0.721928094887362
5,2,250,0.704097116843703,0.295902883156297,0.721928094887362
5,2,251,0.830464267083985,0.169535732916015,0.721928094887362
5,2,252,0.576223141901468,0.423776858098532,0.721928094887362
5,2,253,0.423240143000437,0.576759856999563,0.721928094887362
5,2,254,1,0,0.721928094887362
5,2,255,0.576127020130422,0.423872979869578,0.721928094887362
5,2,256,0.227027027027027,0.772972972972973,0.721928094887362
5,2,257,1,0,0.721928094887362
5,2,258,1,0,0.721928094887362
5,2,259,0.50016716817118,0.49983283182882,0.721928094887362
5,2,260,0.265536723163842,0.734463276836158,0.721928094887362
5,2,261,0.695550351288056,0.304449648711944,0.721928094887362
5,2,262,0.830464267083985,0.169535732916015,0.721928094887362
5,2,263,0.830464267083985,0.169535732916015,0.721928094887362
5,2,264,1,0,0.721928094887362
5,2,265,0.227027027027027,0.772972972972973,0.721928094887362
5,2,266,0.791029037318999,0.208970962681001,0.721928094887362
5,2,267,0.12751677852349,0.87248322147651,0.721928094887362
5,2,268,0.741250278653546,0.258749721346454,0.721928094887362
5,2,269,0.682926829268293,0.317073170731707,0.721928094887362
5,2,270,0.842907136366273,0.157092863633727,0.721928094887362
5,2,271,0.170212765957447,0.829787234042553,0.721928094887362
5,2,272,0.493163069273364,0.506836930726636,0.721928094887362
5,2,273,0.618991793669402,0.381008206330598,0.721928094887362
5,2,274,0.574195385929934,0.425804614070066,0.721928094887362
5,2,275,0.353999053478467,0.646000946521533,0.721928094887362
5,2,276,0.227027027027027,0.772972972972973,0.721928094887362
5,2,277,0.830464267083985,0.169535732916015,0.721928094887362
5,2,278,0.838485240035782,0.161514759964218,0.721928094887362
5,2,279,1,0,0.721928094887362
5,2,280,0.629101283880171,0.370898716119829,0.721928094887362
5,2,281,0.306264501160093,0.693735498839907,0.721928094887362
5,2,282,0.170212765957447,0.829787234042553,0.721928094887362
5,2,283,1,0,0.721928094887362
5,2,284,0.424354243542435,0.575645756457565,0.721928094887362
5,2,285,0.574195385929934,0.425804614070066,0.721928094887362
5,2,286,0.227027027027027,0.772972972972973,0.721928094887362
5,2,287,0.846015351085,0.153984648915001,0.721928094887362
5,2,288,0.741250278653546,0.258749721346454,0.721928094887362
5,2,289,0.816363430896146,0.183636569103854,0.721928094887362
5,2,290,0.664371772805508,0.335628227194492,0.721928094887362
5,2,291,-0.0553505535055354,1.05535055350554,0.721928094887362
5,2,292,1,0,0.721928094887362
5,2,293,0.626006904487917,0.373993095512083,0.721928094887362
5,2,294,0.741250278653546,0.258749721346454,0.721928094887362
5,2,295,1,0,0.721928094887362
5,2,296,0.695550351288056,0.304449648711944,0.721928094887362
5,2,297,0.227027027027027,0.772972972972973,0.721928094887362
5,2,298,0.459724950884086,0.540275049115914,0.721928094887362
5,2,299,0.838485240035782,0.161514759964218,0.721928094887362
5,2,300,1,0,0.721928094887362
5,2,301,0.227027027027027,0.772972972972973,0.721928094887362
5,2,302,0.574195385929934,0.425804614070066,0.721928094887362
5,2,303,0.842907136366273,0.157092863633727,0.721928094887362
5,2,304,0.459969788519637,0.540030211480363,0.721928094887362
5,2,305,0.830464267083985,0.169535732916015,0.721928094887362
5,2,306,1,0,0.721928094887362
5,2,307,0.791029037318999,0.208970962681001,0.721928094887362
5,2,308,0.830464267083985,0.169535732916015,0.721928094887362
5,2,309,0.227027027027027,0.772972972972973,0.721928094887362
5,2,310,0.684338324564953,0.315661675435047,0.721928094887362
5,2,311,0.384681583476764,0.615318416523236,0.721928094887362
5,2,312,1,0,0.721928094887362
5,2,313,1,0,0.721928094887362
5,2,314,-0.0867488296551066,1.08674882965511,0.721928094887362
5,2,315,0.845123043784907,0.154876956215093,0.721928094887362
5,2,316,0.845123043784907,0.154876956215093,0.721928094887362
5,2,317,0.684338324564953,0.315661675435047,0.721928094887362
5,2,318,0.0696042660679202,0.93039573393208,0.721928094887362
5,2,319,1,0,0.721928094887362
5,2,320,0.845123043784907,0.154876956215093,0.721928094887362
5,2,321,1,0,0.721928094887362
5,2,322,0.830464267083985,0.169535732916015,0.721928094887362
5,2,323,0.842907136366273,0.157092863633727,0.721928094887362
5,2,324,0.228726409763815,0.771273590236185,0.721928094887362
5,2,325,0.838485240035782,0.161514759964218,0.721928094887362
5,2,326,0.684338324564953,0.315661675435047,0.721928094887362
5,2,327,0.536836235206642,0.463163764793358,0.721928094887362
5,2,328,0.266862170087977,0.733137829912023,0.721928094887362
5,2,329,0.626006904487917,0.373993095512083,0.721928094887362
5,2,330,-0.0515826494724498,1.05158264947245,0.721928094887362
5,2,331,0.830464267083985,0.169535732916015,0.721928094887362
5,2,332,0.629101283880171,0.370898716119829,0.721928094887362
5,2,333,0.557561408700799,0.442438591299201,0.721928094887362
5,2,334,0.830464267083985,0.169535732916015,0.721928094887362
5,2,335,0.227027027027027,0.772972972972973,0.721928094887362
5,2,336,0.838485240035782,0.161514759964218,0.721928094887362
5,2,337,0.842907136366273,0.157092863633727,0.721928094887362
5,2,338,0.459969788519637,0.540030211480363,0.721928094887362
5,2,339,0.662337662337662,0.337662337662338,0.721928094887362
5,2,340,0.574195385929934,0.425804614070066,0.721928094887362
5,2,341,0.838485240035782,0.161514759964218,0.721928094887362
5,2,342,0.12751677852349,0.87248322147651,0.721928094887362
5,2,343,0.701446834570925,0.298553165429075,0.721928094887362
5,2,344,0.306264501160093,0.693735498839907,0.721928094887362
5,2,345,0.629101283880171,0.370898716119829,0.721928094887362
5,2,346,0.682926829268293,0.317073170731707,0.721928094887362
5,2,347,0.684338324564953,0.315661675435047,0.721928094887362
5,2,348,0.0304295942720763,0.969570405727924,0.721928094887362
5,2,349,1,0,0.721928094887362
5,2,350,0.424354243542435,0.575645756457565,0.721928094887362
5,2,351,0.842907136366273,0.157092863633727,0.721928094887362
5,2,352,0.190012180267966,0.809987819732034,0.721928094887362
5,2,353,0.460540214274936,0.539459785725064,0.721928094887362
5,2,354,0.424354243542435,0.575645756457565,0.721928094887362
5,2,355,0.557561408700799,0.442438591299201,0.721928094887362
5,2,356,0.456273764258555,0.543726235741445,0.721928094887362
5,2,357,0.227027027027027,0.772972972972973,0.721928094887362
5,2,358,1,0,0.721928094887362
5,2,359,0.447022428460944,0.552977571539056,0.721928094887362
5,2,360,1,0,0.721928094887362
5,2,361,0.704097116843703,0.295902883156297,0.721928094887362
5,2,362,0.791029037318999,0.208970962681001,0.721928094887362
5,2,363,0.842907136366273,0.157092863633727,0.721928094887362
5,2,364,1,0,0.721928094887362
5,2,365,1,0,0.721928094887362
5,2,366,0.424354243542435,0.575645756457565,0.721928094887362
5,2,367,0.684338324564953,0.315661675435047,0.721928094887362
5,2,368,0.838485240035782,0.161514759964218,0.721928094887362
5,2,369,0.460540214274936,0.539459785725064,0.721928094887362
5,2,370,0.227027027027027,0.772972972972973,0.721928094887362
5,2,371,-0.0908480644439473,1.09084806444395,0.721928094887362
5,2,372,0.816363430896146,0.183636569103854,0.721928094887362
5,2,373,0.266862170087977,0.733137829912023,0.721928094887362
5,2,374,0.842907136366273,0.157092863633727,0.721928094887362
5,2,375,0.629101283880171,0.370898716119829,0.721928094887362
5,2,376,0.695550351288056,0.304449648711944,0.721928094887362
5,2,377,0.629101283880171,0.370898716119829,0.721928094887362
5,2,378,0.563660774222421,0.436339225777579,0.721928094887362
5,2,379,0.701446834570925,0.298553165429075,0.721928094887362
5,2,380,0.830464267083985,0.169535732916015,0.721928094887362
5,2,381,0.701446834570925,0.298553165429075,0.721928094887362
5,2,382,0.684338324564953,0.315661675435047,0.721928094887362
5,2,383,0.704097116843703,0.295902883156297,0.721928094887362
5,2,384,0.0207156308851224,0.979284369114878,0.721928094887362
5,2,385,0.830464267083985,0.169535732916015,0.721928094887362
5,2,386,0.459969788519637,0.540030211480363,0.721928094887362
5,2,387,0.356435643564356,0.643564356435643,0.721928094887362
5,2,388,0.684338324564953,0.315661675435047,0.721928094887362
5,2,389,0.838485240035782,0.161514759964218,0.721928094887362
5,2,390,0.574195385929934,0.425804614070066,0.721928094887362
5,2,391,0.694548872180451,0.305451127819549,0.721928094887362
5,2,392,0.816363430896146,0.183636569103854,0.721928094887362
5,2,393,0.357792122250033,0.642207877749967,0.721928094887362
5,2,394,0.306264501160093,0.693735498839907,0.721928094887362
5,2,395,0.227027027027027,0.772972972972973,0.721928094887362
5,2,396,0.170212765957447,0.829787234042553,0.721928094887362
5,2,397,-0.0492883752029801,1.04928837520298,0.721928094887362
5,2,398,0.557561408700799,0.442438591299201,0.721928094887362
5,2,399,0.704097116843703,0.295902883156297,0.721928094887362
5,2,400,0.664371772805508,0.335628227194492,0.721928094887362
5,3,1,1,0,0.494508196331511
5,3,2,0.385898612535766,0.614101387464234,0.494508196331511
5,3,3,0.470566456867827,0.529433543132173,0.494508196331511
5,3,4,0.648962148962149,0.351037851037851,0.494508196331511
5,3,5,0.682509344206592,0.317490655793408,0.494508196331511
5,3,6,0.702771481967474,0.297228518032526,0.494508196331511
5,3,7,0.639533790769809,0.360466209230191,0.494508196331511
5,3,8,0.424657534246575,0.575342465753425,0.494508196331511
5,3,9,0.583495145631068,0.416504854368932,0.494508196331511
5,3,10,0.795918367346939,0.204081632653061,0.494508196331511
5,3,11,0.374100181366042,0.625899818633958,0.494508196331511
5,3,12,0.967254408060453,0.0327455919395466,0.494508196331511
5,3,13,0.592979127134725,0.407020872865275,0.494508196331511
5,3,14,0.847208619000979,0.152791380999021,0.494508196331511
5,3,15,0.755784061696658,0.244215938303342,0.494508196331511
5,3,16,1,0,0.494508196331511
5,3,17,0.818721160184575,0.181278839815425,0.494508196331511
5,3,18,1,0,0.494508196331511
5,3,19,0.684931506849315,0.315068493150685,0.494508196331511
5,3,20,0.446662361298656,0.553337638701344,0.494508196331511
5,3,21,1,0,0.494508196331511
5,3,22,0.785292285622605,0.214707714377395,0.494508196331511
5,3,23,0.803049555273189,0.196950444726811,0.494508196331511
5,3,24,0.679462863212199,0.320537136787801,0.494508196331511
5,3,25,0.525043177892919,0.474956822107081,0.494508196331511
5,3,26,0.227746298665692,0.772253701334308,0.494508196331511
5,3,27,0.558414958122934,0.441585041877066,0.494508196331511
5,3,28,0.71654468924197,0.28345531075803,0.494508196331511
5,3,29,0.4867649270567,0.5132350729433,0.494508196331511
5,3,30,0.852211148584638,0.147788851415362,0.494508196331511
5,3,31,0.154038152968444,0.845961847031556,0.494508196331511
5,3,32,1,0,0.494508196331511
5,3,33,0.447278911564626,0.552721088435374,0.494508196331511
5,3,34,0.852211148584638,0.147788851415362,0.494508196331511
5,3,35,0.878480763554069,0.121519236445931,0.494508196331511
5,3,36,0.755784061696658,0.244215938303342,0.494508196331511
5,3,37,0.581255952047504,0.418744047952496,0.494508196331511
5,3,38,0.814523270687789,0.185476729312211,0.494508196331511
5,3,39,0.154038152968444,0.845961847031556,0.494508196331511
5,3,40,1,0,0.494508196331511
5,3,41,0.271235088348731,0.728764911651269,0.494508196331511
5,3,42,0.701,0.299,0.494508196331511
5,3,43,0.396428571428571,0.603571428571429,0.494508196331511
5,3,44,0.680235362207003,0.319764637792997,0.494508196331511
5,3,45,0.810360080561673,0.189639919438327,0.494508196331511
5,3,46,0.33605720122574,0.663942798774259,0.494508196331511
5,3,47,1,0,0.494508196331511
5,3,48,1,0,0.494508196331511
5,3,49,0.680235362207003,0.319764637792997,0.494508196331511
5,3,50,0.967254408060453,0.0327455919395466,0.494508196331511
5,3,51,0.430483576302151,0.569516423697849,0.494508196331511
5,3,52,0.962081437405204,0.0379185625947964,0.494508196331511
5,3,53,0.231481311751874,0.768518688248126,0.494508196331511
5,3,54,0.682509344206592,0.317490655793408,0.494508196331511
5,3,55,1,0,0.494508196331511
5,3,56,0.460078534031414,0.539921465968586,0.494508196331511
5,3,57,1,0,0.494508196331511
5,3,58,0.645340751043116,0.354659248956884,0.494508196331511
5,3,59,0.537008361721895,0.462991638278105,0.494508196331511
5,3,60,0.54233409610984,0.45766590389016,0.494508196331511
5,3,61,0.791815818229775,0.208184181770225,0.494508196331511
5,3,62,0.847208619000979,0.152791380999021,0.494508196331511
5,3,63,0.850780532598714,0.149219467401286,0.494508196331511
5,3,64,0.48780487804878,0.51219512195122,0.494508196331511
5,3,65,0.653098982423682,0.346901017576318,0.494508196331511
5,3,66,0.827288428324698,0.172711571675302,0.494508196331511
5,3,67,0.0497402910116611,0.950259708988339,0.494508196331511
5,3,68,0.329324699352452,0.670675300647548,0.494508196331511
5,3,69,1,0,0.494508196331511
5,3,70,0.88778915870641,0.11221084129359,0.494508196331511
5,3,71,0.508997724273776,0.491002275726224,0.494508196331511
5,3,72,0.691516709511568,0.308483290488432,0.494508196331511
5,3,73,0.48780487804878,0.51219512195122,0.494508196331511
5,3,74,0.409310586971787,0.590689413028213,0.494508196331511
5,3,75,0.716898954703833,0.283101045296167,0.494508196331511
5,3,76,0.518950437317784,0.481049562682216,0.494508196331511
5,3,77,0.727303238798456,0.272696761201544,0.494508196331511
5,3,78,0.22459413400305,0.77540586599695,0.494508196331511
5,3,79,0.66278454208576,0.33721545791424,0.494508196331511
5,3,80,0.648962148962149,0.351037851037851,0.494508196331511
5,3,81,0.562019550156591,0.437980449843409,0.494508196331511
5,3,82,0.785761371127225,0.214238628872775,0.494508196331511
5,3,83,0.684931506849315,0.315068493150685,0.494508196331511
5,3,84,0.827288428324698,0.172711571675302,0.494508196331511
5,3,85,0.653098982423682,0.346901017576318,0.494508196331511
5,3,86,0.653098982423682,0.346901017576318,0.494508196331511
5,3,87,1,0,0.494508196331511
5,3,88,0.335707649427067,0.664292350572933,0.494508196331511
5,3,89,1,0,0.494508196331511
5,3,90,0.546401116551098,0.453598883448902,0.494508196331511
5,3,91,0.682509344206592,0.317490655793408,0.494508196331511
5,3,92,0.827288428324698,0.172711571675302,0.494508196331511
5,3,93,0.827288428324698,0.172711571675302,0.494508196331511
5,3,94,0.702771481967474,0.297228518032526,0.494508196331511
5,3,95,0.850780532598714,0.149219467401286,0.494508196331511
5,3,96,0.512363060859556,0.487636939140444,0.494508196331511
5,3,97,1,0,0.494508196331511
5,3,98,0.807042686047702,0.192957313952298,0.494508196331511
5,3,99,0.702771481967474,0.297228518032526,0.494508196331511
5,3,100,0.473420260782347,0.526579739217653,0.494508196331511
5,3,101,0.518950437317784,0.481049562682216,0.494508196331511
5,3,102,0.398406970439205,0.601593029560795,0.494508196331511
5,3,103,0.457978075517661,0.542021924482339,0.494508196331511
5,3,104,0.84016393442623,0.15983606557377,0.494508196331511
5,3,105,0.327976251407514,0.672023748592486,0.494508196331511
5,3,106,0.967254408060453,0.0327455919395466,0.494508196331511
5,3,107,0.675324675324675,0.324675324675325,0.494508196331511
5,3,108,0.847208619000979,0.152791380999021,0.494508196331511
5,3,109,0.583414255195184,0.416585744804816,0.494508196331511
5,3,110,0.756569502527932,0.243430497472068,0.494508196331511
5,3,111,0.71654468924197,0.28345531075803,0.494508196331511
5,3,112,0.46997776130467,0.53002223869533,0.494508196331511
5,3,113,0.814523270687789,0.185476729312211,0.494508196331511
5,3,114,0.365509761388286,0.634490238611714,0.494508196331511
5,3,115,0.105166549694974,0.894833450305026,0.494508196331511
5,3,116,0.138888187943173,0.861111812056827,0.494508196331511
5,3,117,0.68389606780603,0.31610393219397,0.494508196331511
5,3,118,0.847795544256372,0.152204455743628,0.494508196331511
5,3,119,0.47255827677781,0.52744172322219,0.494508196331511
5,3,120,1,0,0.494508196331511
5,3,121,0.712223291626564,0.287776708373436,0.494508196331511
5,3,122,0.967254408060453,0.0327455919395466,0.494508196331511
5,3,123,0.814523270687789,0.185476729312211,0.494508196331511
5,3,124,0.18468107819589,0.81531892180411,0.494508196331511
5,3,125,0.288840262582057,0.711159737417943,0.494508196331511
5,3,126,0.755784061696658,0.244215938303342,0.494508196331511
5,3,127,0.584157264161917,0.415842735838083,0.494508196331511
5,3,128,0.717722140402553,0.282277859597447,0.494508196331511
5,3,129,0.776119402985075,0.223880597014925,0.494508196331511
5,3,130,0.653098982423682,0.346901017576318,0.494508196331511
5,3,131,0.679462863212199,0.320537136787801,0.494508196331511
5,3,132,0.562019550156591,0.437980449843409,0.494508196331511
5,3,133,0.243096373516691,0.756903626483309,0.494508196331511
5,3,134,0.827288428324698,0.172711571675302,0.494508196331511
5,3,135,0.602678692711022,0.397321307288978,0.494508196331511
5,3,136,0.306651634723788,0.693348365276212,0.494508196331511
5,3,137,0.280269866611732,0.719730133388268,0.494508196331511
5,3,138,0.803664921465969,0.196335078534031,0.494508196331511
5,3,139,0.20189440449044,0.79810559550956,0.494508196331511
5,3,140,0.475904744046503,0.524095255953497,0.494508196331511
5,3,141,0.1627087751275,0.8372912248725,0.494508196331511
5,3,142,0.320003158185622,0.679996841814378,0.494508196331511
5,3,143,0.847208619000979,0.152791380999021,0.494508196331511
5,3,144,0.741104620286776,0.258895379713224,0.494508196331511
5,3,145,0.717722140402553,0.282277859597447,0.494508196331511
5,3,146,0.652503370368649,0.347496629631351,0.494508196331511
5,3,147,0.756569502527932,0.243430497472068,0.494508196331511
5,3,148,0.584157264161917,0.415842735838083,0.494508196331511
5,3,149,0.596182085168869,0.403817914831131,0.494508196331511
5,3,150,0.803049555273189,0.196950444726811,0.494508196331511
5,3,151,1,0,0.494508196331511
5,3,152,0.701,0.299,0.494508196331511
5,3,153,0.692913385826772,0.307086614173228,0.494508196331511
5,3,154,0.323717190825254,0.676282809174746,0.494508196331511
5,3,155,0.795437639474337,0.204562360525663,0.494508196331511
5,3,156,0.702771481967474,0.297228518032526,0.494508196331511
5,3,157,1,0,0.494508196331511
5,3,158,0.500281267579224,0.499718732420776,0.494508196331511
5,3,159,0.651735962280326,0.348264037719674,0.494508196331511
5,3,160,0.642956894143934,0.357043105856066,0.494508196331511
5,3,161,0.514144434222631,0.485855565777369,0.494508196331511
5,3,162,0.812981931177351,0.187018068822649,0.494508196331511
5,3,163,0.475904744046503,0.524095255953497,0.494508196331511
5,3,164,0.293087557603687,0.706912442396313,0.494508196331511
5,3,165,1,0,0.494508196331511
5,3,166,0.351100039932305,0.648899960067695,0.494508196331511
5,3,167,0.565894924309884,0.434105075690116,0.494508196331511
5,3,168,1,0,0.494508196331511
5,3,169,0.84016393442623,0.15983606557377,0.494508196331511
5,3,170,1,0,0.494508196331511
5,3,171,0.583414255195184,0.416585744804816,0.494508196331511
5,3,172,0.314296107675518,0.685703892324482,0.494508196331511
5,3,173,0.85236220472441,0.14763779527559,0.494508196331511
5,3,174,0.812981931177351,0.187018068822649,0.494508196331511
5,3,175,0.818721160184575,0.181278839815425,0.494508196331511
5,3,176,0.560117302052786,0.439882697947214,0.494508196331511
5,3,177,0.592979127134725,0.407020872865275,0.494508196331511
5,3,178,0.48876404494382,0.51123595505618,0.494508196331511
5,3,179,0.852211148584638,0.147788851415362,0.494508196331511
5,3,180,0.798503166378814,0.201496833621186,0.494508196331511
5,3,181,0.335707649427067,0.664292350572933,0.494508196331511
5,3,182,0.639533790769809,0.360466209230191,0.494508196331511
5,3,183,0.453781512605042,0.546218487394958,0.494508196331511
5,3,184,0.88778915870641,0.11221084129359,0.494508196331511
5,3,185,0.584157264161917,0.415842735838083,0.494508196331511
5,3,186,0.186763372620127,0.813236627379873,0.494508196331511
5,3,187,0.852211148584638,0.147788851415362,0.494508196331511
5,3,188,0.317817014446228,0.682182985553772,0.494508196331511
5,3,189,0.80430855690105,0.19569144309895,0.494508196331511
5,3,190,0.847208619000979,0.152791380999021,0.494508196331511
5,3,191,0.818721160184575,0.181278839815425,0.494508196331511
5,3,192,0.652503370368649,0.347496629631351,0.494508196331511
5,3,193,0.652503370368649,0.347496629631351,0.494508196331511
5,3,194,0.368932038834952,0.631067961165048,0.494508196331511
5,3,195,0.717123935666982,0.282876064333018,0.494508196331511
5,3,196,0.227746298665692,0.772253701334308,0.494508196331511
5,3,197,0.460078534031414,0.539921465968586,0.494508196331511
5,3,198,0.310595065312047,0.689404934687953,0.494508196331511
5,3,199,0.565894924309884,0.434105075690116,0.494508196331511
5,3,200,0.755784061696658,0.244215938303342,0.494508196331511
5,3,201,1,0,0.494508196331511
5,3,202,0.444217565532556,0.555782434467444,0.494508196331511
5,3,203,0.284330133004492,0.715669866995508,0.494508196331511
5,3,204,0.420234454638124,0.579765545361876,0.494508196331511
5,3,205,1,0,0.494508196331511
5,3,206,0.937091092098641,0.0629089079013588,0.494508196331511
5,3,207,1,0,0.494508196331511
5,3,208,0.615673392773346,0.384326607226654,0.494508196331511
5,3,209,0.684931506849315,0.315068493150685,0.494508196331511
5,3,210,0.675324675324675,0.324675324675325,0.494508196331511
5,3,211,0.0788077973116316,0.921192202688368,0.494508196331511
5,3,212,0.702771481967474,0.297228518032526,0.494508196331511
5,3,213,0.293087557603687,0.706912442396313,0.494508196331511
5,3,214,0.684931506849315,0.315068493150685,0.494508196331511
5,3,215,0.351100039932305,0.648899960067695,0.494508196331511
5,3,216,0.847208619000979,0.152791380999021,0.494508196331511
5,3,217,0.639533790769809,0.360466209230191,0.494508196331511
5,3,218,0.684931506849315,0.315068493150685,0.494508196331511
5,3,219,0.314523589269195,0.685476410730805,0.494508196331511
5,3,220,1,0,0.494508196331511
5,3,221,0.727303238798456,0.272696761201544,0.494508196331511
5,3,222,0.594124270652063,0.405875729347937,0.494508196331511
5,3,223,0.847795544256372,0.152204455743628,0.494508196331511
5,3,224,0.85236220472441,0.14763779527559,0.494508196331511
5,3,225,1,0,0.494508196331511
5,3,226,0.847795544256372,0.152204455743628,0.494508196331511
5,3,227,0.730394521076493,0.269605478923507,0.494508196331511
5,3,228,0.748836069590787,0.251163930409213,0.494508196331511
5,3,229,0.591329068941009,0.408670931058991,0.494508196331511
5,3,230,0.371643394199785,0.628356605800215,0.494508196331511
5,3,231,0.850780532598714,0.149219467401286,0.494508196331511
5,3,232,0.85236220472441,0.14763779527559,0.494508196331511
5,3,233,0.566246056782334,0.433753943217666,0.494508196331511
5,3,234,0.653098982423682,0.346901017576318,0.494508196331511
5,3,235,1,0,0.494508196331511
5,3,236,0.533188248095756,0.466811751904244,0.494508196331511
5,3,237,0.789173470529024,0.210826529470976,0.494508196331511
5,3,238,0.827288428324698,0.172711571675302,0.494508196331511
5,3,239,0.84016393442623,0.15983606557377,0.494508196331511
5,3,240,0.79702564502908,0.20297435497092,0.494508196331511
5,3,241,0.791815818229775,0.208184181770225,0.494508196331511
5,3,242,0.594226476485945,0.405773523514055,0.494508196331511
5,3,243,1,0,0.494508196331511
5,3,244,0.619225967540574,0.380774032459426,0.494508196331511
5,3,245,0.827288428324698,0.172711571675302,0.494508196331511
5,3,246,0.214652657203716,0.785347342796284,0.494508196331511
5,3,247,0.201926709482433,0.798073290517567,0.494508196331511
5,3,248,0.748836069590787,0.251163930409213,0.494508196331511
5,3,249,0.679462863212199,0.320537136787801,0.494508196331511
5,3,250,0.847208619000979,0.152791380999021,0.494508196331511
5,3,251,0.238576410623268,0.761423589376732,0.494508196331511
5,3,252,0.54233409610984,0.45766590389016,0.494508196331511
5,3,253,0.71654468924197,0.28345531075803,0.494508196331511
5,3,254,1,0,0.494508196331511
5,3,255,0.702771481967474,0.297228518032526,0.494508196331511
5,3,256,0.71654468924197,0.28345531075803,0.494508196331511
5,3,257,1,0,0.494508196331511
5,3,258,0.306503392991022,0.693496607008978,0.494508196331511
5,3,259,0.581115158307649,0.418884841692351,0.494508196331511
5,3,260,0.850780532598714,0.149219467401286,0.494508196331511
5,3,261,0.456686930091185,0.543313069908815,0.494508196331511
5,3,262,0.594226476485945,0.405773523514055,0.494508196331511
5,3,263,0.84016393442623,0.15983606557377,0.494508196331511
5,3,264,0.84016393442623,0.15983606557377,0.494508196331511
5,3,265,0.358974358974359,0.641025641025641,0.494508196331511
5,3,266,1,0,0.494508196331511
5,3,267,0.712223291626564,0.287776708373436,0.494508196331511
5,3,268,0.558166634297922,0.441833365702078,0.494508196331511
5,3,269,0.460078534031414,0.539921465968586,0.494508196331511
5,3,270,0.280269866611732,0.719730133388268,0.494508196331511
5,3,271,0.88778915870641,0.11221084129359,0.494508196331511
5,3,272,0.818721160184575,0.181278839815425,0.494508196331511
5,3,273,0.809030081316223,0.190969918683777,0.494508196331511
5,3,274,0.533188248095756,0.466811751904244,0.494508196331511
5,3,275,0.154038152968444,0.845961847031556,0.494508196331511
5,3,276,0.48780487804878,0.51219512195122,0.494508196331511
5,3,277,0.847208619000979,0.152791380999021,0.494508196331511
5,3,278,0.558414958122934,0.441585041877066,0.494508196331511
5,3,279,0.714627818798643,0.285372181201357,0.494508196331511
5,3,280,0.71654468924197,0.28345531075803,0.494508196331511
5,3,281,0.592979127134725,0.407020872865275,0.494508196331511
5,3,282,0.562312234538485,0.437687765461515,0.494508196331511
5,3,283,0.847208619000979,0.152791380999021,0.494508196331511
5,3,284,0.615748403877985,0.384251596122015,0.494508196331511
5,3,285,1,0,0.494508196331511
5,3,286,0.68389606780603,0.31610393219397,0.494508196331511
5,3,287,0.398406970439205,0.601593029560795,0.494508196331511
5,3,288,0.827288428324698,0.172711571675302,0.494508196331511
5,3,289,0.727303238798456,0.272696761201544,0.494508196331511
5,3,290,0.653098982423682,0.346901017576318,0.494508196331511
5,3,291,0.242210132127464,0.757789867872536,0.494508196331511
5,3,292,0.345958168456755,0.654041831543245,0.494508196331511
5,3,293,0.804921968787515,0.195078031212485,0.494508196331511
5,3,294,0.653718900125241,0.346281099874759,0.494508196331511
5,3,295,0.566246056782334,0.433753943217666,0.494508196331511
5,3,296,0.785292285622605,0.214707714377395,0.494508196331511
5,3,297,0.500281267579224,0.499718732420776,0.494508196331511
5,3,298,0.47255827677781,0.52744172322219,0.494508196331511
5,3,299,0.237174471890019,0.762825528109981,0.494508196331511
5,3,300,1,0,0.494508196331511
5,3,301,0.962081437405204,0.0379185625947964,0.494508196331511
5,3,302,0.773655580025223,0.226344419974777,0.494508196331511
5,3,303,0.850780532598714,0.149219467401286,0.494508196331511
5,3,304,0.566246056782334,0.433753943217666,0.494508196331511
5,3,305,0.395348837209302,0.604651162790698,0.494508196331511
5,3,306,0.972138876982426,0.0278611230175739,0.494508196331511
5,3,307,0.702771481967474,0.297228518032526,0.494508196331511
5,3,308,0.139392013557886,0.860607986442114,0.494508196331511
5,3,309,0.85236220472441,0.14763779527559,0.494508196331511
5,3,310,0.307083906464924,0.692916093535076,0.494508196331511
5,3,311,0.0497402910116611,0.950259708988339,0.494508196331511
5,3,312,0.566246056782334,0.433753943217666,0.494508196331511
5,3,313,0.841168996188056,0.158831003811944,0.494508196331511
5,3,314,0.0817933398175167,0.918206660182483,0.494508196331511
5,3,315,0.153569824876516,0.846430175123484,0.494508196331511
5,3,316,0.314523589269195,0.685476410730805,0.494508196331511
5,3,317,0.481501177543113,0.518498822456887,0.494508196331511
5,3,318,0.566246056782334,0.433753943217666,0.494508196331511
5,3,319,1,0,0.494508196331511
5,3,320,1,0,0.494508196331511
5,3,321,0.776027974169836,0.223972025830164,0.494508196331511
5,3,322,0.748836069590787,0.251163930409213,0.494508196331511
5,3,323,0.525043177892919,0.474956822107081,0.494508196331511
5,3,324,0.84016393442623,0.15983606557377,0.494508196331511
5,3,325,0.652503370368649,0.347496629631351,0.494508196331511
5,3,326,0.84016393442623,0.15983606557377,0.494508196331511
5,3,327,0.592979127134725,0.407020872865275,0.494508196331511
5,3,328,0.288632715599008,0.711367284400992,0.494508196331511
5,3,329,0.431648539134144,0.568351460865856,0.494508196331511
5,3,330,0.223569263683366,0.776430736316634,0.494508196331511
5,3,331,0.430483576302151,0.569516423697849,0.494508196331511
5,3,332,0.463154261482705,0.536845738517295,0.494508196331511
5,3,333,0.812371134020619,0.187628865979381,0.494508196331511
5,3,334,0.0813624816630291,0.918637518336971,0.494508196331511
5,3,335,0.68389606780603,0.31610393219397,0.494508196331511
5,3,336,0.286636539703034,0.713363460296966,0.494508196331511
5,3,337,1,0,0.494508196331511
5,3,338,0.186763372620127,0.813236627379873,0.494508196331511
5,3,339,0.583414255195184,0.416585744804816,0.494508196331511
5,3,340,0.958775527461841,0.0412244725381591,0.494508196331511
5,3,341,0.850780532598714,0.149219467401286,0.494508196331511
5,3,342,0.804723920024863,0.195276079975137,0.494508196331511
5,3,343,0.569288389513109,0.430711610486891,0.494508196331511
5,3,344,0.533188248095756,0.466811751904244,0.494508196331511
5,3,345,0.525221276961416,0.474778723038584,0.494508196331511
5,3,346,1,0,0.494508196331511
5,3,347,0.84016393442623,0.15983606557377,0.494508196331511
5,3,348,1,0,0.494508196331511
5,3,349,0.525043177892919,0.474956822107081,0.494508196331511
5,3,350,1,0,0.494508196331511
5,3,351,0.690312334568555,0.309687665431445,0.494508196331511
5,3,352,0.592979127134725,0.407020872865275,0.494508196331511
5,3,353,0.540894666803153,0.459105333196847,0.494508196331511
5,3,354,0.84016393442623,0.15983606557377,0.494508196331511
5,3,355,0.23847359983087,0.76152640016913,0.494508196331511
5,3,356,0.546401116551098,0.453598883448902,0.494508196331511
5,3,357,0.253731343283582,0.746268656716418,0.494508196331511
5,3,358,0.592979127134725,0.407020872865275,0.494508196331511
5,3,359,0.962081437405204,0.0379185625947964,0.494508196331511
5,3,360,0.850780532598714,0.149219467401286,0.494508196331511
5,3,361,0.533188248095756,0.466811751904244,0.494508196331511
5,3,362,0.475858636137382,0.524141363862618,0.494508196331511
5,3,363,0.803664921465969,0.196335078534031,0.494508196331511
5,3,364,0.393520937523326,0.606479062476674,0.494508196331511
5,3,365,0.192077260126979,0.807922739873022,0.494508196331511
5,3,366,0.610014181302498,0.389985818697502,0.494508196331511
5,3,367,0.717123935666982,0.282876064333018,0.494508196331511
5,3,368,0.619225967540574,0.380774032459426,0.494508196331511
5,3,369,0.313725490196078,0.686274509803922,0.494508196331511
5,3,370,0.304875838317926,0.695124161682074,0.494508196331511
5,3,371,0.293087557603687,0.706912442396313,0.494508196331511
5,3,372,0.865979381443299,0.134020618556701,0.494508196331511
5,3,373,0.814523270687789,0.185476729312211,0.494508196331511
5,3,374,1,0,0.494508196331511
5,3,375,0.818721160184575,0.181278839815425,0.494508196331511
5,3,376,0.852211148584638,0.147788851415362,0.494508196331511
5,3,377,1,0,0.494508196331511
5,3,378,0.583414255195184,0.416585744804816,0.494508196331511
5,3,379,0.672763886558147,0.327236113441853,0.494508196331511
5,3,380,0.95657319564014,0.0434268043598602,0.494508196331511
5,3,381,1,0,0.494508196331511
5,3,382,0.314523589269195,0.685476410730805,0.494508196331511
5,3,383,0.546401116551098,0.453598883448902,0.494508196331511
5,3,384,0.293697609438063,0.706302390561937,0.494508196331511
5,3,385,0.851851851851852,0.148148148148148,0.494508196331511
5,3,386,0.394299287410926,0.605700712589074,0.494508196331511
5,3,387,0.714627818798643,0.285372181201357,0.494508196331511
5,3,388,0.814523270687789,0.185476729312211,0.494508196331511
5,3,389,0.755784061696658,0.244215938303342,0.494508196331511
5,3,390,0.0990190503269832,0.900980949673017,0.494508196331511
5,3,391,1,0,0.494508196331511
5,3,392,0.776119402985075,0.223880597014925,0.494508196331511
5,3,393,0.962081437405204,0.0379185625947964,0.494508196331511
5,3,394,0.878480763554069,0.121519236445931,0.494508196331511
5,3,395,0.422735346358792,0.577264653641208,0.494508196331511
5,3,396,0.847208619000979,0.152791380999021,0.494508196331511
5,3,397,0.7060929198538,0.2939070801462,0.494508196331511
5,3,398,0.717722140402553,0.282277859597447,0.494508196331511
5,3,399,0.518161601186064,0.481838398813936,0.494508196331511
5,3,400,0.473420260782347,0.526579739217653,0.494508196331511
5,4,1,0.733149212510264,0.266850787489736,0.506878839146406
5,4,2,0.253232278198841,0.746767721801159,0.506878839146406
5,4,3,0.498984809745826,0.501015190254174,0.506878839146406
5,4,4,0.706182933060807,0.293817066939193,0.506878839146406
5,4,5,1,0,0.506878839146406
5,4,6,0.849509774314993,0.150490225685007,0.506878839146406
5,4,7,0.679790821933381,0.320209178066619,0.506878839146406
5,4,8,0.888685923050577,0.111314076949423,0.506878839146406
5,4,9,0.362033793926331,0.637966206073669,0.506878839146406
5,4,10,0.74312168316459,0.25687831683541,0.506878839146406
5,4,11,0.848772987517449,0.151227012482551,0.506878839146406
5,4,12,0.722533153730862,0.277466846269138,0.506878839146406
5,4,13,0.566158326928522,0.433841673071478,0.506878839146406
5,4,14,0.332790598895653,0.667209401104347,0.506878839146406
5,4,15,0.422693492840312,0.577306507159688,0.506878839146406
5,4,16,1,0,0.506878839146406
5,4,17,0.397119266722438,0.602880733277562,0.506878839146406
5,4,18,0.94145902131492,0.0585409786850796,0.506878839146406
5,4,19,0.517839922854388,0.482160077145612,0.506878839146406
5,4,20,0.968715707602564,0.0312842923974357,0.506878839146406
5,4,21,0.411587205793603,0.588412794206397,0.506878839146406
5,4,22,0.815326918705963,0.184673081294037,0.506878839146406
5,4,23,0.685369138816399,0.314630861183601,0.506878839146406
5,4,24,0.659380146728552,0.340619853271448,0.506878839146406
5,4,25,0.979434284629501,0.0205657153704992,0.506878839146406
5,4,26,0.610579661749396,0.389420338250604,0.506878839146406
5,4,27,0.182936614067933,0.817063385932068,0.506878839146406
5,4,28,1,0,0.506878839146406
5,4,29,0.829363150218765,0.170636849781235,0.506878839146406
5,4,30,0.161170060223688,0.838829939776312,0.506878839146406
5,4,31,0.450929196743972,0.549070803256028,0.506878839146406
5,4,32,0.502829128038778,0.497170871961222,0.506878839146406
5,4,33,0.950592885375494,0.049407114624506,0.506878839146406
5,4,34,0.509582012977214,0.490417987022786,0.506878839146406
5,4,35,0.585769487547796,0.414230512452204,0.506878839146406
5,4,36,0.833898048420375,0.166101951579625,0.506878839146406
5,4,37,0.848166316281243,0.151833683718757,0.506878839146406
5,4,38,0.645829952004452,0.354170047995548,0.506878839146406
5,4,39,0.98074606528565,0.0192539347143506,0.506878839146406
5,4,40,0.508607341287913,0.491392658712087,0.506878839146406
5,4,41,0.829363150218765,0.170636849781235,0.506878839146406
5,4,42,0.465431540894713,0.534568459105287,0.506878839146406
5,4,43,0.619600557361821,0.380399442638179,0.506878839146406
5,4,44,0.777988614800759,0.222011385199241,0.506878839146406
5,4,45,0.520171261949581,0.479828738050419,0.506878839146406
5,4,46,0.974155069582505,0.025844930417495,0.506878839146406
5,4,47,0.848772987517449,0.151227012482551,0.506878839146406
5,4,48,0.707715474870851,0.292284525129149,0.506878839146406
5,4,49,0.585769487547796,0.414230512452204,0.506878839146406
5,4,50,0.287242578229473,0.712757421770527,0.506878839146406
5,4,51,0.243416266550269,0.756583733449731,0.506878839146406
5,4,52,0.821964903001568,0.178035096998432,0.506878839146406
5,4,53,0.539877300613497,0.460122699386503,0.506878839146406
5,4,54,0.820943442825389,0.179056557174611,0.506878839146406
5,4,55,1,0,0.506878839146406
5,4,56,0.66802860061287,0.33197139938713,0.506878839146406
5,4,57,0.718173184126853,0.281826815873147,0.506878839146406
5,4,58,0.680579661654921,0.319420338345079,0.506878839146406
5,4,59,0.128459750686668,0.871540249313332,0.506878839146406
5,4,60,0.610808036647722,0.389191963352278,0.506878839146406
5,4,61,0.486743585456032,0.513256414543968,0.506878839146406
5,4,62,0.496236950716193,0.503763049283807,0.506878839146406
5,4,63,0.261611233193043,0.738388766806957,0.506878839146406
5,4,64,0.693013941889901,0.306986058110099,0.506878839146406
5,4,65,0.455270476857053,0.544729523142947,0.506878839146406
5,4,66,0.848772987517449,0.151227012482551,0.506878839146406
5,4,67,0.928692530168545,0.0713074698314551,0.506878839146406
5,4,68,0.974155069582505,0.025844930417495,0.506878839146406
5,4,69,0.712711414933113,0.287288585066887,0.506878839146406
5,4,70,0.533222465794845,0.466777534205155,0.506878839146406
5,4,71,0.28301292152537,0.71698707847463,0.506878839146406
5,4,72,0.732490272373541,0.267509727626459,0.506878839146406
5,4,73,0.414134353616364,0.585865646383636,0.506878839146406
5,4,74,0.279330365455253,0.720669634544747,0.506878839146406
5,4,75,0.194793536804309,0.805206463195691,0.506878839146406
5,4,76,0.347389558232932,0.652610441767068,0.506878839146406
5,4,77,0.615312353217473,0.384687646782527,0.506878839146406
5,4,78,0.544286048142089,0.455713951857911,0.506878839146406
5,4,79,0.950080638967821,0.0499193610321788,0.506878839146406
5,4,80,0.864696086594505,0.135303913405495,0.506878839146406
5,4,81,0.287228598581768,0.712771401418232,0.506878839146406
5,4,82,0.136445242369838,0.863554757630162,0.506878839146406
5,4,83,0.879922216820613,0.120077783179387,0.506878839146406
5,4,84,0.968715707602564,0.0312842923974357,0.506878839146406
5,4,85,0.150677394952204,0.849322605047796,0.506878839146406
5,4,86,0.401473296500921,0.598526703499079,0.506878839146406
5,4,87,0.821964903001568,0.178035096998432,0.506878839146406
5,4,88,0.730046062070528,0.269953937929472,0.506878839146406
5,4,89,0.798110046495868,0.201889953504132,0.506878839146406
5,4,90,1,0,0.506878839146406
5,4,91,0.951600893521966,0.0483991064780342,0.506878839146406
5,4,92,0.827088242000456,0.172911757999544,0.506878839146406
5,4,93,0.719427970873058,0.280572029126942,0.506878839146406
5,4,94,0.703984819734345,0.296015180265655,0.506878839146406
5,4,95,0.635336799192131,0.364663200807869,0.506878839146406
5,4,96,0.98483929654336,0.0151607034566403,0.506878839146406
5,4,97,0.272652499091413,0.727347500908587,0.506878839146406
5,4,98,0.178391477936433,0.821608522063567,0.506878839146406
5,4,99,0.710703953712633,0.289296046287367,0.506878839146406
5,4,100,0.777988614800759,0.222011385199241,0.506878839146406
5,4,101,0.810060001558482,0.189939998441518,0.506878839146406
5,4,102,0.288259530084258,0.711740469915742,0.506878839146406
5,4,103,0.829363150218765,0.170636849781235,0.506878839146406
5,4,104,0.938421311910266,0.0615786880897343,0.506878839146406
5,4,105,0.34913217623498,0.65086782376502,0.506878839146406
5,4,106,0.32271509377791,0.67728490622209,0.506878839146406
5,4,107,0.709574180677071,0.290425819322929,0.506878839146406
5,4,108,0.684272091040663,0.315727908959337,0.506878839146406
5,4,109,0.98483929654336,0.0151607034566403,0.506878839146406
5,4,110,0.677751506368698,0.322248493631302,0.506878839146406
5,4,111,0.193548387096774,0.806451612903226,0.506878839146406
5,4,112,0.0221931190712162,0.977806880928784,0.506878839146406
5,4,113,0.962705121829935,0.0372948781700646,0.506878839146406
5,4,114,0.814663951120163,0.185336048879837,0.506878839146406
5,4,115,0.836765444500251,0.163234555499749,0.506878839146406
5,4,116,0.979434284629501,0.0205657153704992,0.506878839146406
5,4,117,0.979434284629501,0.0205657153704992,0.506878839146406
5,4,118,0.709574180677071,0.290425819322929,0.506878839146406
5,4,119,0.829363150218765,0.170636849781235,0.506878839146406
5,4,120,0.238588270858525,0.761411729141475,0.506878839146406
5,4,121,0.974155069582505,0.025844930417495,0.506878839146406
5,4,122,0.729760374933857,0.270239625066143,0.506878839146406
5,4,123,0.661026770193533,0.338973229806467,0.506878839146406
5,4,124,0.712221405829047,0.287778594170953,0.506878839146406
5,4,125,0.968715707602564,0.0312842923974357,0.506878839146406
5,4,126,0.688684353004873,0.311315646995127,0.506878839146406
5,4,127,0.969219404087663,0.0307805959123368,0.506878839146406
5,4,128,0.698628785636776,0.301371214363224,0.506878839146406
5,4,129,0.318307267709292,0.681692732290708,0.506878839146406
5,4,130,0.330674754736763,0.669325245263237,0.506878839146406
5,4,131,0.848772987517449,0.151227012482551,0.506878839146406
5,4,132,0.392455228623771,0.607544771376229,0.506878839146406
5,4,133,0.431902707527522,0.568097292472479,0.506878839146406
5,4,134,0.813778208744711,0.186221791255289,0.506878839146406
5,4,135,0.590976698066435,0.409023301933565,0.506878839146406
5,4,136,1,0,0.506878839146406
5,4,137,0.256697887170551,0.743302112829449,0.506878839146406
5,4,138,0.506459493364439,0.493540506635561,0.506878839146406
5,4,139,0.515968889624359,0.484031110375641,0.506878839146406
5,4,140,0.829363150218765,0.170636849781235,0.506878839146406
5,4,141,0.836765444500251,0.163234555499749,0.506878839146406
5,4,142,0.822173166544028,0.177826833455972,0.506878839146406
5,4,143,0.470566456867827,0.529433543132173,0.506878839146406
5,4,144,0.150635208711434,0.849364791288566,0.506878839146406
5,4,145,0.128108824643353,0.871891175356647,0.506878839146406
5,4,146,0.226570468024025,0.773429531975976,0.506878839146406
5,4,147,1,0,0.506878839146406
5,4,148,0.928692530168545,0.0713074698314551,0.506878839146406
5,4,149,0.450084602368866,0.549915397631134,0.506878839146406
5,4,150,0.65902278177458,0.34097721822542,0.506878839146406
5,4,151,1,0,0.506878839146406
5,4,152,0.590467719220221,0.409532280779779,0.506878839146406
5,4,153,0.223635213939437,0.776364786060563,0.506878839146406
5,4,154,0.951600893521966,0.0483991064780342,0.506878839146406
5,4,155,0.857914045125359,0.142085954874641,0.506878839146406
5,4,156,0.912328028055031,0.087671971944969,0.506878839146406
5,4,157,0.73380397051367,0.266196029486329,0.506878839146406
5,4,158,0.468678475948685,0.531321524051314,0.506878839146406
5,4,159,0.158142933049947,0.841857066950053,0.506878839146406
5,4,160,0.969219404087663,0.0307805959123368,0.506878839146406
5,4,161,0.34773802728729,0.65226197271271,0.506878839146406
5,4,162,0.704085890967032,0.295914109032968,0.506878839146406
5,4,163,0.49770009199632,0.50229990800368,0.506878839146406
5,4,164,0.297608503100089,0.702391496899911,0.506878839146406
5,4,165,0.810060001558482,0.189939998441518,0.506878839146406
5,4,166,0.821964903001568,0.178035096998432,0.506878839146406
5,4,167,0.856119451040367,0.143880548959633,0.506878839146406
5,4,168,0.833898048420375,0.166101951579625,0.506878839146406
5,4,169,0.324064088738253,0.675935911261747,0.506878839146406
5,4,170,0.829595106321002,0.170404893678998,0.506878839146406
5,4,171,0.498561877369093,0.501438122630907,0.506878839146406
5,4,172,0.342045268015101,0.657954731984899,0.506878839146406
5,4,173,0.619600557361821,0.380399442638179,0.506878839146406
5,4,174,0.356582654382091,0.643417345617909,0.506878839146406
5,4,175,0.462520222901312,0.537479777098688,0.506878839146406
5,4,176,0.813778208744711,0.186221791255289,0.506878839146406
5,4,177,0.827088242000456,0.172911757999544,0.506878839146406
5,4,178,0.582441113490364,0.417558886509636,0.506878839146406
5,4,179,0.86206497414924,0.13793502585076,0.506878839146406
5,4,180,0.815137840809981,0.184862159190019,0.506878839146406
5,4,181,0.481715699752543,0.518284300247457,0.506878839146406
5,4,182,0.791012595982903,0.208987404017097,0.506878839146406
5,4,183,0.326773692387364,0.673226307612636,0.506878839146406
5,4,184,0.309123117803366,0.690876882196634,0.506878839146406
5,4,185,0.509582012977214,0.490417987022786,0.506878839146406
5,4,186,0.205101327742837,0.794898672257163,0.506878839146406
5,4,187,0.979434284629501,0.0205657153704992,0.506878839146406
5,4,188,0.494631617919289,0.505368382080711,0.506878839146406
5,4,189,0.861552164820696,0.138447835179304,0.506878839146406
5,4,190,0.748811686053252,0.251188313946748,0.506878839146406
5,4,191,0.709574180677071,0.290425819322929,0.506878839146406
5,4,192,0.598284747180862,0.401715252819138,0.506878839146406
5,4,193,0.728920230512587,0.271079769487413,0.506878839146406
5,4,194,0.70204127453365,0.29795872546635,0.506878839146406
5,4,195,0.581708017345504,0.418291982654496,0.506878839146406
5,4,196,0.844335104066882,0.155664895933118,0.506878839146406
5,4,197,0.979434284629501,0.0205657153704992,0.506878839146406
5,4,198,0.703984819734345,0.296015180265655,0.506878839146406
5,4,199,0.599813432835821,0.400186567164179,0.506878839146406
5,4,200,0.454250790799391,0.545749209200609,0.506878839146406
5,4,201,0.58982425075819,0.410175749241811,0.506878839146406
5,4,202,0.312068698480442,0.687931301519558,0.506878839146406
5,4,203,0.8266930753409,0.1733069246591,0.506878839146406
5,4,204,0.956936531071949,0.0430634689280509,0.506878839146406
5,4,205,0.705259975816203,0.294740024183797,0.506878839146406
5,4,206,0.358832531297822,0.641167468702178,0.506878839146406
5,4,207,0.969219404087663,0.0307805959123368,0.506878839146406
5,4,208,0.802115838343862,0.197884161656138,0.506878839146406
5,4,209,0.675549070803256,0.324450929196744,0.506878839146406
5,4,210,0.727057566040617,0.272942433959383,0.506878839146406
5,4,211,0.566589040823232,0.433410959176768,0.506878839146406
5,4,212,0.122186495176849,0.877813504823151,0.506878839146406
5,4,213,0.732025065963061,0.267974934036939,0.506878839146406
5,4,214,0.694238512776126,0.305761487223874,0.506878839146406
5,4,215,0.620312794422461,0.379687205577539,0.506878839146406
5,4,216,0.733546992621301,0.266453007378699,0.506878839146406
5,4,217,0.383128295254833,0.616871704745167,0.506878839146406
5,4,218,0.979434284629501,0.0205657153704992,0.506878839146406
5,4,219,0.803973310212237,0.196026689787763,0.506878839146406
5,4,220,0.631142889569856,0.368857110430144,0.506878839146406
5,4,221,0.0702429247951382,0.929757075204862,0.506878839146406
5,4,222,0.68986083499006,0.31013916500994,0.506878839146406
5,4,223,0.734425464025838,0.265574535974162,0.506878839146406
5,4,224,0.690782953419227,0.309217046580773,0.506878839146406
5,4,225,0.411836041717196,0.588163958282804,0.506878839146406
5,4,226,0.339032841217234,0.660967158782766,0.506878839146406
5,4,227,0.550721691400691,0.449278308599309,0.506878839146406
5,4,228,0.60171568627451,0.39828431372549,0.506878839146406
5,4,229,0.968715707602564,0.0312842923974357,0.506878839146406
5,4,230,0.864696086594505,0.135303913405495,0.506878839146406
5,4,231,0.979434284629501,0.0205657153704992,0.506878839146406
5,4,232,0.614994076831951,0.385005923168049,0.506878839146406
5,4,233,0.635336799192131,0.364663200807869,0.506878839146406
5,4,234,1,0,0.506878839146406
5,4,235,0.975099601593626,0.0249003984063745,0.506878839146406
5,4,236,0.956936531071949,0.0430634689280509,0.506878839146406
5,4,237,0.256697887170551,0.743302112829449,0.506878839146406
5,4,238,0.962988270128687,0.0370117298713131,0.506878839146406
5,4,239,0.392775586464605,0.607224413535395,0.506878839146406
5,4,240,0.822841675908348,0.177158324091652,0.506878839146406
5,4,241,0.443880333201707,0.556119666798293,0.506878839146406
5,4,242,0.496066157468558,0.503933842531442,0.506878839146406
5,4,243,0.608186463057581,0.391813536942419,0.506878839146406
5,4,244,0.850299401197605,0.149700598802395,0.506878839146406
5,4,245,0.146921919294439,0.853078080705561,0.506878839146406
5,4,246,0.864496077019293,0.135503922980707,0.506878839146406
5,4,247,0.94145902131492,0.0585409786850796,0.506878839146406
5,4,248,0.286669638876505,0.713330361123495,0.506878839146406
5,4,249,0.566528281329251,0.433471718670749,0.506878839146406
5,4,250,0.63515940727436,0.36484059272564,0.506878839146406
5,4,251,0.58552967182452,0.41447032817548,0.506878839146406
5,4,252,0.251437276700702,0.748562723299298,0.506878839146406
5,4,253,0.574382122655967,0.425617877344033,0.506878839146406
5,4,254,0.836765444500251,0.163234555499749,0.506878839146406
5,4,255,0.938309099882313,0.0616909001176873,0.506878839146406
5,4,256,0.969219404087663,0.0307805959123368,0.506878839146406
5,4,257,0.377558301100304,0.622441698899696,0.506878839146406
5,4,258,0.836765444500251,0.163234555499749,0.506878839146406
5,4,259,0.51658485795032,0.48341514204968,0.506878839146406
5,4,260,0.810060001558482,0.189939998441518,0.506878839146406
5,4,261,0.493326742461691,0.50667325753831,0.506878839146406
5,4,262,0.612751309742212,0.387248690257788,0.506878839146406
5,4,263,0.284362431984859,0.715637568015141,0.506878839146406
5,4,264,0.855059818121885,0.144940181878115,0.506878839146406
5,4,265,0.961347869177403,0.0386521308225967,0.506878839146406
5,4,266,0.342688854983501,0.657311145016499,0.506878839146406
5,4,267,0.392523364485981,0.607476635514019,0.506878839146406
5,4,268,0.611899842674906,0.388100157325094,0.506878839146406
5,4,269,0.829363150218765,0.170636849781235,0.506878839146406
5,4,270,0.540002979737783,0.459997020262217,0.506878839146406
5,4,271,0.758572154670212,0.241427845329788,0.506878839146406
5,4,272,0.294162852083264,0.705837147916736,0.506878839146406
5,4,273,0.529632241065796,0.470367758934204,0.506878839146406
5,4,274,0.797033567525371,0.202966432474629,0.506878839146406
5,4,275,0.266834822459456,0.733165177540544,0.506878839146406
5,4,276,0.956466828680227,0.0435331713197726,0.506878839146406
5,4,277,0.343765774861181,0.656234225138819,0.506878839146406
5,4,278,0.458870168483647,0.541129831516353,0.506878839146406
5,4,279,0.515968889624359,0.484031110375641,0.506878839146406
5,4,280,0.741721854304636,0.258278145695364,0.506878839146406
5,4,281,0.979434284629501,0.0205657153704992,0.506878839146406
5,4,282,0.411254104238216,0.588745895761784,0.506878839146406
5,4,283,1,0,0.506878839146406
5,4,284,0.22524101665206,0.77475898334794,0.506878839146406
5,4,285,0.864696086594505,0.135303913405495,0.506878839146406
5,4,286,0.345246978062976,0.654753021937024,0.506878839146406
5,4,287,0.993564483871606,0.00643551612839355,0.506878839146406
5,4,288,0.599813432835821,0.400186567164179,0.506878839146406
5,4,289,0.166057742960559,0.833942257039441,0.506878839146406
5,4,290,0.821964903001568,0.178035096998432,0.506878839146406
5,4,291,0.624220482589988,0.375779517410012,0.506878839146406
5,4,292,0.436022738605764,0.563977261394236,0.506878839146406
5,4,293,0.962988270128687,0.0370117298713131,0.506878839146406
5,4,294,0.734425464025838,0.265574535974162,0.506878839146406
5,4,295,0.305196372538878,0.694803627461122,0.506878839146406
5,4,296,0.43127962085308,0.56872037914692,0.506878839146406
5,4,297,0.535429855013273,0.464570144986727,0.506878839146406
5,4,298,0.672559076753984,0.327440923246016,0.506878839146406
5,4,299,0.777988614800759,0.222011385199241,0.506878839146406
5,4,300,0.250356972870062,0.749643027129938,0.506878839146406
5,4,301,0.813778208744711,0.186221791255289,0.506878839146406
5,4,302,0.259082217973231,0.740917782026769,0.506878839146406
5,4,303,0.226542540160291,0.773457459839709,0.506878839146406
5,4,304,0.32748856458288,0.67251143541712,0.506878839146406
5,4,305,0.243306169965076,0.756693830034924,0.506878839146406
5,4,306,0.352346217476312,0.647653782523688,0.506878839146406
5,4,307,0.857914045125359,0.142085954874641,0.506878839146406
5,4,308,1,0,0.506878839146406
5,4,309,0.790529269032454,0.209470730967546,0.506878839146406
5,4,310,0.778894852218611,0.221105147781389,0.506878839146406
5,4,311,0.790751401302833,0.209248598697167,0.506878839146406
5,4,312,0.835516326902443,0.164483673097557,0.506878839146406
5,4,313,0.836189516129032,0.163810483870968,0.506878839146406
5,4,314,0.692057594054807,0.307942405945193,0.506878839146406
5,4,315,0.701252441686775,0.298747558313225,0.506878839146406
5,4,316,0.682831619247804,0.317168380752196,0.506878839146406
5,4,317,0.365156181258249,0.634843818741751,0.506878839146406
5,4,318,0.66802860061287,0.33197139938713,0.506878839146406
5,4,319,0.666464523953912,0.333535476046088,0.506878839146406
5,4,320,0.330431315212335,0.669568684787665,0.506878839146406
5,4,321,0.848772987517449,0.151227012482551,0.506878839146406
5,4,322,0.858032780658272,0.141967219341728,0.506878839146406
5,4,323,0.279946826842598,0.720053173157402,0.506878839146406
5,4,324,0.974155069582505,0.025844930417495,0.506878839146406
5,4,325,0.161690399632522,0.838309600367478,0.506878839146406
5,4,326,0.813778208744711,0.186221791255289,0.506878839146406
5,4,327,0.320637732506643,0.679362267493357,0.506878839146406
5,4,328,0.769153980534065,0.230846019465935,0.506878839146406
5,4,329,0.493506493506494,0.506493506493507,0.506878839146406
5,4,330,0.129697945731353,0.870302054268647,0.506878839146406
5,4,331,0.974155069582505,0.025844930417495,0.506878839146406
5,4,332,0.198547796006439,0.801452203993561,0.506878839146406
5,4,333,0.640224226864828,0.359775773135172,0.506878839146406
5,4,334,0.78263435360768,0.21736564639232,0.506878839146406
5,4,335,0.712963674064972,0.287036325935028,0.506878839146406
5,4,336,0.956936531071949,0.0430634689280509,0.506878839146406
5,4,337,0.237916914569699,0.762083085430301,0.506878839146406
5,4,338,0.828349719671732,0.171650280328268,0.506878839146406
5,4,339,0.719101123595506,0.280898876404494,0.506878839146406
5,4,340,0.979434284629501,0.0205657153704992,0.506878839146406
5,4,341,0.267968056787933,0.732031943212067,0.506878839146406
5,4,342,0.712784160351992,0.287215839648008,0.506878839146406
5,4,343,0.66802860061287,0.33197139938713,0.506878839146406
5,4,344,0.536139066788655,0.463860933211345,0.506878839146406
5,4,345,0.666464523953912,0.333535476046088,0.506878839146406
5,4,346,0.926197865415184,0.0738021345848157,0.506878839146406
5,4,347,0.820773194896077,0.179226805103923,0.506878839146406
5,4,348,0.481973434535104,0.518026565464896,0.506878839146406
5,4,349,0.841874797275381,0.158125202724619,0.506878839146406
5,4,350,0.682357634387155,0.317642365612845,0.506878839146406
5,4,351,0.438118855107137,0.561881144892863,0.506878839146406
5,4,352,0.979434284629501,0.0205657153704992,0.506878839146406
5,4,353,0.69027560705981,0.30972439294019,0.506878839146406
5,4,354,1,0,0.506878839146406
5,4,355,0.139309448858242,0.860690551141758,0.506878839146406
5,4,356,0.31149012567325,0.68850987432675,0.506878839146406
5,4,357,0.702290076335878,0.297709923664122,0.506878839146406
5,4,358,0.822173166544028,0.177826833455972,0.506878839146406
5,4,359,0.342361742810997,0.657638257189003,0.506878839146406
5,4,360,1,0,0.506878839146406
5,4,361,0.347136563876652,0.652863436123348,0.506878839146406
5,4,362,0.98483929654336,0.0151607034566403,0.506878839146406
5,4,363,0.204656691371836,0.795343308628164,0.506878839146406
5,4,364,0.863502729945401,0.136497270054599,0.506878839146406
5,4,365,1,0,0.506878839146406
5,4,366,0.405783582089552,0.594216417910448,0.506878839146406
5,4,367,0.849878496977487,0.150121503022513,0.506878839146406
5,4,368,0.63515940727436,0.36484059272564,0.506878839146406
5,4,369,0.617554214842072,0.382445785157928,0.506878839146406
5,4,370,0.702562538133008,0.297437461866992,0.506878839146406
5,4,371,0.889107934943322,0.110892065056678,0.506878839146406
5,4,372,0.827768945416004,0.172231054583996,0.506878839146406
5,4,373,0.596242894251402,0.403757105748598,0.506878839146406
5,4,374,0.703984819734345,0.296015180265655,0.506878839146406
5,4,375,0.733546992621301,0.266453007378699,0.506878839146406
5,4,376,0.286794401312999,0.713205598687001,0.506878839146406
5,4,377,1,0,0.506878839146406
5,4,378,0.719299623115578,0.280700376884422,0.506878839146406
5,4,379,0.511278195488722,0.488721804511278,0.506878839146406
5,4,380,0.612027158098933,0.387972841901067,0.506878839146406
5,4,381,0.828349719671732,0.171650280328268,0.506878839146406
5,4,382,0.706540515075377,0.293459484924623,0.506878839146406
5,4,383,0.589036001190122,0.410963998809878,0.506878839146406
5,4,384,0.856770583839506,0.143229416160494,0.506878839146406
5,4,385,0.826844769189786,0.173155230810214,0.506878839146406
5,4,386,0.599813432835821,0.400186567164179,0.506878839146406
5,4,387,0.398793888046173,0.601206111953827,0.506878839146406
5,4,388,0.815137840809981,0.184862159190019,0.506878839146406
5,4,389,0.827768945416004,0.172231054583996,0.506878839146406
5,4,390,0.782463186077644,0.217536813922356,0.506878839146406
5,4,391,0.192793635938231,0.807206364061769,0.506878839146406
5,4,392,0.417780100022393,0.582219899977607,0.506878839146406
5,4,393,1,0,0.506878839146406
5,4,394,0.956690589959832,0.0433094100401683,0.506878839146406
5,4,395,0.82909267424457,0.170907325755431,0.506878839146406
5,4,396,0.744922376002603,0.255077623997397,0.506878839146406
5,4,397,0.134871339840284,0.865128660159716,0.506878839146406
5,4,398,0.732510288065844,0.267489711934156,0.506878839146406
5,4,399,0.716551040634291,0.283448959365709,0.506878839146406
5,4,400,0.861552164820696,0.138447835179304,0.506878839146406
7,2,1,0.618991793669402,0.381008206330598,0.566509506552905
7,2,2,0.259070282476062,0.740929717523938,0.566509506552905
7,2,3,0.25629290617849,0.74370709382151,0.566509506552905
7,2,4,0.493163069273364,0.506836930726636,0.566509506552905
7,2,5,1,0,0.566509506552905
7,2,6,0.0280373831775702,0.97196261682243,0.566509506552905
7,2,7,0.50016716817118,0.49983283182882,0.566509506552905
7,2,8,1,0,0.566509506552905
7,2,9,0.42863992328592,0.57136007671408,0.566509506552905
7,2,10,0.791029037318999,0.208970962681001,0.566509506552905
7,2,11,0.197134387351779,0.802865612648221,0.566509506552905
7,2,12,0.558423913043478,0.441576086956522,0.566509506552905
7,2,13,0.174228675136116,0.825771324863884,0.566509506552905
7,2,14,0.174228675136116,0.825771324863884,0.566509506552905
7,2,15,0.42863992328592,0.57136007671408,0.566509506552905
7,2,16,0.791029037318999,0.208970962681001,0.566509506552905
7,2,17,0.0128854118729865,0.987114588127013,0.566509506552905
7,2,18,1,0,0.566509506552905
7,2,19,0.0685585838718741,0.931441416128126,0.566509506552905
7,2,20,-0.00976475810031059,1.00976475810031,0.566509506552905
7,2,21,0.791029037318999,0.208970962681001,0.566509506552905
7,2,22,1,0,0.566509506552905
7,2,23,1,0,0.566509506552905
7,2,24,1,0,0.566509506552905
7,2,25,0.235833529273454,0.764166470726546,0.566509506552905
7,2,26,0.791029037318999,0.208970962681001,0.566509506552905
7,2,27,1,0,0.566509506552905
7,2,28,0.816363430896146,0.183636569103854,0.566509506552905
7,2,29,0.424354243542435,0.575645756457565,0.566509506552905
7,2,30,0.259070282476062,0.740929717523938,0.566509506552905
7,2,31,0.618991793669402,0.381008206330598,0.566509506552905
7,2,32,0.791029037318999,0.208970962681001,0.566509506552905
7,2,33,0.626006904487917,0.373993095512083,0.566509506552905
7,2,34,0.350309376487387,0.649690623512613,0.566509506552905
7,2,35,0.791029037318999,0.208970962681001,0.566509506552905
7,2,36,-0.00827300930713544,1.00827300930714,0.566509506552905
7,2,37,0.424354243542435,0.575645756457565,0.566509506552905
7,2,38,1,0,0.566509506552905
7,2,39,0.197134387351779,0.802865612648221,0.566509506552905
7,2,40,1,0,0.566509506552905
7,2,41,0.816363430896146,0.183636569103854,0.566509506552905
7,2,42,0.664371772805508,0.335628227194492,0.566509506552905
7,2,43,1,0,0.566509506552905
7,2,44,0.816363430896146,0.183636569103854,0.566509506552905
7,2,45,0.791029037318999,0.208970962681001,0.566509506552905
7,2,46,0.259070282476062,0.740929717523938,0.566509506552905
7,2,47,0.104134762633997,0.895865237366003,0.566509506552905
7,2,48,0.104134762633997,0.895865237366003,0.566509506552905
7,2,49,0.306264501160093,0.693735498839907,0.566509506552905
7,2,50,1,0,0.566509506552905
7,2,51,0.842907136366273,0.157092863633727,0.566509506552905
7,2,52,0.127386634844869,0.872613365155131,0.566509506552905
7,2,53,0.741250278653546,0.258749721346454,0.566509506552905
7,2,54,0.424354243542435,0.575645756457565,0.566509506552905
7,2,55,0.12621359223301,0.87378640776699,0.566509506552905
7,2,56,0.830464267083985,0.169535732916015,0.566509506552905
7,2,57,0.306264501160093,0.693735498839907,0.566509506552905
7,2,58,0.662337662337662,0.337662337662338,0.566509506552905
7,2,59,0.424354243542435,0.575645756457565,0.566509506552905
7,2,60,0.197134387351779,0.802865612648221,0.566509506552905
7,2,61,0.336118848653668,0.663881151346332,0.566509506552905
7,2,62,0.618991793669402,0.381008206330598,0.566509506552905
7,2,63,0.336050742261221,0.663949257738779,0.566509506552905
7,2,64,0.424354243542435,0.575645756457565,0.566509506552905
7,2,65,0.791029037318999,0.208970962681001,0.566509506552905
7,2,66,0.741250278653546,0.258749721346454,0.566509506552905
7,2,67,0.618991793669402,0.381008206330598,0.566509506552905
7,2,68,1,0,0.566509506552905
7,2,69,1,0,0.566509506552905
7,2,70,1,0,0.566509506552905
7,2,71,0.816363430896146,0.183636569103854,0.566509506552905
7,2,72,1,0,0.566509506552905
7,2,73,0.146375180204199,0.853624819795802,0.566509506552905
7,2,74,0.626006904487917,0.373993095512083,0.566509506552905
7,2,75,1,0,0.566509506552905
7,2,76,1,0,0.566509506552905
7,2,77,1,0,0.566509506552905
7,2,78,0.42863992328592,0.57136007671408,0.566509506552905
7,2,79,1,0,0.566509506552905
7,2,80,0.0383192779997042,0.961680722000296,0.566509506552905
7,2,81,1,0,0.566509506552905
7,2,82,1,0,0.566509506552905
7,2,83,1,0,0.566509506552905
7,2,84,0.791029037318999,0.208970962681001,0.566509506552905
7,2,85,1,0,0.566509506552905
7,2,86,1,0,0.566509506552905
7,2,87,0.741250278653546,0.258749721346454,0.566509506552905
7,2,88,-0.0515826494724498,1.05158264947245,0.566509506552905
7,2,89,-0.0755114320096269,1.07551143200963,0.566509506552905
7,2,90,0.791029037318999,0.208970962681001,0.566509506552905
7,2,91,1,0,0.566509506552905
7,2,92,1,0,0.566509506552905
7,2,93,1,0,0.566509506552905
7,2,94,1,0,0.566509506552905
7,2,95,0.618991793669402,0.381008206330598,0.566509506552905
7,2,96,0.235833529273454,0.764166470726546,0.566509506552905
7,2,97,0.308552671570117,0.691447328429883,0.566509506552905
7,2,98,0.121621621621622,0.878378378378379,0.566509506552905
7,2,99,0.618991793669402,0.381008206330598,0.566509506552905
7,2,100,0.557561408700799,0.442438591299201,0.566509506552905
7,2,101,0.830464267083985,0.169535732916015,0.566509506552905
7,2,102,0.618991793669402,0.381008206330598,0.566509506552905
7,2,103,0.127386634844869,0.872613365155131,0.566509506552905
7,2,104,0.741250278653546,0.258749721346454,0.566509506552905
7,2,105,0.741250278653546,0.258749721346454,0.566509506552905
7,2,106,0.121621621621622,0.878378378378379,0.566509506552905
7,2,107,0.830464267083985,0.169535732916015,0.566509506552905
7,2,108,0.259070282476062,0.740929717523938,0.566509506552905
7,2,109,1,0,0.566509506552905
7,2,110,1,0,0.566509506552905
7,2,111,0.306264501160093,0.693735498839907,0.566509506552905
7,2,112,0.618991793669402,0.381008206330598,0.566509506552905
7,2,113,0.618991793669402,0.381008206330598,0.566509506552905
7,2,114,0.618991793669402,0.381008206330598,0.566509506552905
7,2,115,1,0,0.566509506552905
7,2,116,0.308552671570117,0.691447328429883,0.566509506552905
7,2,117,0.816363430896146,0.183636569103854,0.566509506552905
7,2,118,0.424354243542435,0.575645756457565,0.566509506552905
7,2,119,0.816363430896146,0.183636569103854,0.566509506552905
7,2,120,0.791029037318999,0.208970962681001,0.566509506552905
7,2,121,0.127386634844869,0.872613365155131,0.566509506552905
7,2,122,0.197134387351779,0.802865612648221,0.566509506552905
7,2,123,0.146375180204199,0.853624819795802,0.566509506552905
7,2,124,0.0375360923965352,0.962463907603465,0.566509506552905
7,2,125,-0.0515826494724498,1.05158264947245,0.566509506552905
7,2,126,0.424354243542435,0.575645756457565,0.566509506552905
7,2,127,0.618991793669402,0.381008206330598,0.566509506552905
7,2,128,0.830464267083985,0.169535732916015,0.566509506552905
7,2,129,-0.0515826494724498,1.05158264947245,0.566509506552905
7,2,130,-0.0698330590171645,1.06983305901716,0.566509506552905
7,2,131,0.741250278653546,0.258749721346454,0.566509506552905
7,2,132,1,0,0.566509506552905
7,2,133,0.127386634844869,0.872613365155131,0.566509506552905
7,2,134,1,0,0.566509506552905
7,2,135,0.791029037318999,0.208970962681001,0.566509506552905
7,2,136,1,0,0.566509506552905
7,2,137,0.235833529273454,0.764166470726546,0.566509506552905
7,2,138,1,0,0.566509506552905
7,2,139,0.308552671570117,0.691447328429883,0.566509506552905
7,2,140,-0.0451761102603369,1.04517611026034,0.566509506552905
7,2,141,1,0,0.566509506552905
7,2,142,1,0,0.566509506552905
7,2,143,0.170212765957447,0.829787234042553,0.566509506552905
7,2,144,0,1,0.566509506552905
7,2,145,0.42863992328592,0.57136007671408,0.566509506552905
7,2,146,1,0,0.566509506552905
7,2,147,0.816363430896146,0.183636569103854,0.566509506552905
7,2,148,0.618991793669402,0.381008206330598,0.566509506552905
7,2,149,0.618991793669402,0.381008206330598,0.566509506552905
7,2,150,0.174228675136116,0.825771324863884,0.566509506552905
7,2,151,1,0,0.566509506552905
7,2,152,0.424354243542435,0.575645756457565,0.566509506552905
7,2,153,0.00401181255920212,0.995988187440798,0.566509506552905
7,2,154,0.42863992328592,0.57136007671408,0.566509506552905
7,2,155,0.121621621621622,0.878378378378379,0.566509506552905
7,2,156,0.235833529273454,0.764166470726546,0.566509506552905
7,2,157,1,0,0.566509506552905
7,2,158,0.336050742261221,0.663949257738779,0.566509506552905
7,2,159,1,0,0.566509506552905
7,2,160,0.0280373831775702,0.97196261682243,0.566509506552905
7,2,161,0.741250278653546,0.258749721346454,0.566509506552905
7,2,162,1,0,0.566509506552905
7,2,163,0.816363430896146,0.183636569103854,0.566509506552905
7,2,164,0.557561408700799,0.442438591299201,0.566509506552905
7,2,165,0.741250278653546,0.258749721346454,0.566509506552905
7,2,166,1,0,0.566509506552905
7,2,167,1,0,0.566509506552905
7,2,168,1,0,0.566509506552905
7,2,169,0.42863992328592,0.57136007671408,0.566509506552905
7,2,170,0.816363430896146,0.183636569103854,0.566509506552905
7,2,171,0.424354243542435,0.575645756457565,0.566509506552905
7,2,172,0.395297699594046,0.604702300405954,0.566509506552905
7,2,173,0.424354243542435,0.575645756457565,0.566509506552905
7,2,174,0.791029037318999,0.208970962681001,0.566509506552905
7,2,175,0.336050742261221,0.663949257738779,0.566509506552905
7,2,176,0.791029037318999,0.208970962681001,0.566509506552905
7,2,177,0.259070282476062,0.740929717523938,0.566509506552905
7,2,178,1,0,0.566509506552905
7,2,179,0.618991793669402,0.381008206330598,0.566509506552905
7,2,180,0.424354243542435,0.575645756457565,0.566509506552905
7,2,181,1,0,0.566509506552905
7,2,182,0.791029037318999,0.208970962681001,0.566509506552905
7,2,183,1,0,0.566509506552905
7,2,184,1,0,0.566509506552905
7,2,185,0.0304295942720763,0.969570405727924,0.566509506552905
7,2,186,0.121621621621622,0.878378378378379,0.566509506552905
7,2,187,1,0,0.566509506552905
7,2,188,0.816363430896146,0.183636569103854,0.566509506552905
7,2,189,1,0,0.566509506552905
7,2,190,1,0,0.566509506552905
7,2,191,0.0383192779997042,0.961680722000296,0.566509506552905
7,2,192,0.424354243542435,0.575645756457565,0.566509506552905
7,2,193,0.197134387351779,0.802865612648221,0.566509506552905
7,2,194,0.816363430896146,0.183636569103854,0.566509506552905
7,2,195,0.838485240035782,0.161514759964218,0.566509506552905
7,2,196,1,0,0.566509506552905
7,2,197,0.076447317100351,0.923552682899649,0.566509506552905
7,2,198,0.308552671570117,0.691447328429883,0.566509506552905
7,2,199,0.146375180204199,0.853624819795802,0.566509506552905
7,2,200,0.336118848653668,0.663881151346332,0.566509506552905
7,2,201,0.741250278653546,0.258749721346454,0.566509506552905
7,2,202,1,0,0.566509506552905
7,2,203,0.618991793669402,0.381008206330598,0.566509506552905
7,2,204,1,0,0.566509506552905
7,2,205,0.791029037318999,0.208970962681001,0.566509506552905
7,2,206,0.816363430896146,0.183636569103854,0.566509506552905
7,2,207,1,0,0.566509506552905
7,2,208,1,0,0.566509506552905
7,2,209,0.227027027027027,0.772972972972973,0.566509506552905
7,2,210,0.259070282476062,0.740929717523938,0.566509506552905
7,2,211,1,0,0.566509506552905
7,2,212,0.618991793669402,0.381008206330598,0.566509506552905
7,2,213,1,0,0.566509506552905
7,2,214,1,0,0.566509506552905
7,2,215,0.741250278653546,0.258749721346454,0.566509506552905
7,2,216,1,0,0.566509506552905
7,2,217,0.395297699594046,0.604702300405954,0.566509506552905
7,2,218,1,0,0.566509506552905
7,2,219,0.259070282476062,0.740929717523938,0.566509506552905
7,2,220,1,0,0.566509506552905
7,2,221,0.791029037318999,0.208970962681001,0.566509506552905
7,2,222,0.187270847043339,0.812729152956661,0.566509506552905
7,2,223,1,0,0.566509506552905
7,2,224,1,0,0.566509506552905
7,2,225,0.618991793669402,0.381008206330598,0.566509506552905
7,2,226,1,0,0.566509506552905
7,2,227,0.536836235206642,0.463163764793358,0.566509506552905
7,2,228,0.265536723163842,0.734463276836158,0.566509506552905
7,2,229,1,0,0.566509506552905
7,2,230,0.25629290617849,0.74370709382151,0.566509506552905
7,2,231,0.741250278653546,0.258749721346454,0.566509506552905
7,2,232,0.285850769083787,0.714149230916213,0.566509506552905
7,2,233,0.104134762633997,0.895865237366003,0.566509506552905
7,2,234,0.816363430896146,0.183636569103854,0.566509506552905
7,2,235,1,0,0.566509506552905
7,2,236,0.741250278653546,0.258749721346454,0.566509506552905
7,2,237,1,0,0.566509506552905
7,2,238,0.741250278653546,0.258749721346454,0.566509506552905
7,2,239,0.424354243542435,0.575645756457565,0.566509506552905
7,2,240,0.741250278653546,0.258749721346454,0.566509506552905
7,2,241,1,0,0.566509506552905
7,2,242,0.424354243542435,0.575645756457565,0.566509506552905
7,2,243,1,0,0.566509506552905
7,2,244,0.618991793669402,0.381008206330598,0.566509506552905
7,2,245,1,0,0.566509506552905
7,2,246,1,0,0.566509506552905
7,2,247,0.336050742261221,0.663949257738779,0.566509506552905
7,2,248,1,0,0.566509506552905
7,2,249,0.791029037318999,0.208970962681001,0.566509506552905
7,2,250,0.816363430896146,0.183636569103854,0.566509506552905
7,2,251,1,0,0.566509506552905
7,2,252,0.306264501160093,0.693735498839907,0.566509506552905
7,2,253,0.629101283880171,0.370898716119829,0.566509506552905
7,2,254,0.104134762633997,0.895865237366003,0.566509506552905
7,2,255,1,0,0.566509506552905
7,2,256,0.146375180204199,0.853624819795802,0.566509506552905
7,2,257,1,0,0.566509506552905
7,2,258,0.838485240035782,0.161514759964218,0.566509506552905
7,2,259,0.816363430896146,0.183636569103854,0.566509506552905
7,2,260,0.558423913043478,0.441576086956522,0.566509506552905
7,2,261,0.618991793669402,0.381008206330598,0.566509506552905
7,2,262,1,0,0.566509506552905
7,2,263,1,0,0.566509506552905
7,2,264,0.741250278653546,0.258749721346454,0.566509506552905
7,2,265,1,0,0.566509506552905
7,2,266,0.174228675136116,0.825771324863884,0.566509506552905
7,2,267,0.816363430896146,0.183636569103854,0.566509506552905
7,2,268,0.618991793669402,0.381008206330598,0.566509506552905
7,2,269,0.104134762633997,0.895865237366003,0.566509506552905
7,2,270,0.265536723163842,0.734463276836158,0.566509506552905
7,2,271,0.265536723163842,0.734463276836158,0.566509506552905
7,2,272,1,0,0.566509506552905
7,2,273,0.791029037318999,0.208970962681001,0.566509506552905
7,2,274,0.104134762633997,0.895865237366003,0.566509506552905
7,2,275,0.557561408700799,0.442438591299201,0.566509506552905
7,2,276,1,0,0.566509506552905
7,2,277,0.336050742261221,0.663949257738779,0.566509506552905
7,2,278,0.816363430896146,0.183636569103854,0.566509506552905
7,2,279,1,0,0.566509506552905
7,2,280,0.618991793669402,0.381008206330598,0.566509506552905
7,2,281,0.791029037318999,0.208970962681001,0.566509506552905
7,2,282,0.816363430896146,0.183636569103854,0.566509506552905
7,2,283,0.816363430896146,0.183636569103854,0.566509506552905
7,2,284,1,0,0.566509506552905
7,2,285,0.791029037318999,0.208970962681001,0.566509506552905
7,2,286,0.816363430896146,0.183636569103854,0.566509506552905
7,2,287,0.336118848653668,0.663881151346332,0.566509506552905
7,2,288,1,0,0.566509506552905
7,2,289,0.191224623444663,0.808775376555337,0.566509506552905
7,2,290,0.306264501160093,0.693735498839907,0.566509506552905
7,2,291,1,0,0.566509506552905
7,2,292,0.127386634844869,0.872613365155131,0.566509506552905
7,2,293,1,0,0.566509506552905
7,2,294,1,0,0.566509506552905
7,2,295,0.174228675136116,0.825771324863884,0.566509506552905
7,2,296,0.424354243542435,0.575645756457565,0.566509506552905
7,2,297,0.306264501160093,0.693735498839907,0.566509506552905
7,2,298,0.791029037318999,0.208970962681001,0.566509506552905
7,2,299,1,0,0.566509506552905
7,2,300,0.424354243542435,0.575645756457565,0.566509506552905
7,2,301,0.174228675136116,0.825771324863884,0.566509506552905
7,2,302,0.308552671570117,0.691447328429883,0.566509506552905
7,2,303,0.816363430896146,0.183636569103854,0.566509506552905
7,2,304,1,0,0.566509506552905
7,2,305,0.816363430896146,0.183636569103854,0.566509506552905
7,2,306,1,0,0.566509506552905
7,2,307,0.791029037318999,0.208970962681001,0.566509506552905
7,2,308,0.618991793669402,0.381008206330598,0.566509506552905
7,2,309,0.816363430896146,0.183636569103854,0.566509506552905
7,2,310,0.536836235206642,0.463163764793358,0.566509506552905
7,2,311,0.306264501160093,0.693735498839907,0.566509506552905
7,2,312,0.121621621621622,0.878378378378379,0.566509506552905
7,2,313,0.424354243542435,0.575645756457565,0.566509506552905
7,2,314,0.336118848653668,0.663881151346332,0.566509506552905
7,2,315,1,0,0.566509506552905
7,2,316,0.791029037318999,0.208970962681001,0.566509506552905
7,2,317,1,0,0.566509506552905
7,2,318,0.235833529273454,0.764166470726546,0.566509506552905
7,2,319,0.424354243542435,0.575645756457565,0.566509506552905
7,2,320,0.306264501160093,0.693735498839907,0.566509506552905
7,2,321,0.791029037318999,0.208970962681001,0.566509506552905
7,2,322,0.741250278653546,0.258749721346454,0.566509506552905
7,2,323,1,0,0.566509506552905
7,2,324,1,0,0.566509506552905
7,2,325,1,0,0.566509506552905
7,2,326,1,0,0.566509506552905
7,2,327,0.816363430896146,0.183636569103854,0.566509506552905
7,2,328,1,0,0.566509506552905
7,2,329,0.306264501160093,0.693735498839907,0.566509506552905
7,2,330,1,0,0.566509506552905
7,2,331,0.816363430896146,0.183636569103854,0.566509506552905
7,2,332,0.259070282476062,0.740929717523938,0.566509506552905
7,2,333,0.741250278653546,0.258749721346454,0.566509506552905
7,2,334,0.618991793669402,0.381008206330598,0.566509506552905
7,2,335,0.741250278653546,0.258749721346454,0.566509506552905
7,2,336,1,0,0.566509506552905
7,2,337,0.618991793669402,0.381008206330598,0.566509506552905
7,2,338,1,0,0.566509506552905
7,2,339,0.227027027027027,0.772972972972973,0.566509506552905
7,2,340,1,0,0.566509506552905
7,2,341,0.308552671570117,0.691447328429883,0.566509506552905
7,2,342,0.50016716817118,0.49983283182882,0.566509506552905
7,2,343,1,0,0.566509506552905
7,2,344,0.816363430896146,0.183636569103854,0.566509506552905
7,2,345,0.423240143000437,0.576759856999563,0.566509506552905
7,2,346,0.121621621621622,0.878378378378379,0.566509506552905
7,2,347,0.816363430896146,0.183636569103854,0.566509506552905
7,2,348,0.174228675136116,0.825771324863884,0.566509506552905
7,2,349,0.536836235206642,0.463163764793358,0.566509506552905
7,2,350,0.816363430896146,0.183636569103854,0.566509506552905
7,2,351,1,0,0.566509506552905
7,2,352,0.174228675136116,0.825771324863884,0.566509506552905
7,2,353,0.741250278653546,0.258749721346454,0.566509506552905
7,2,354,0.336050742261221,0.663949257738779,0.566509506552905
7,2,355,0.12751677852349,0.87248322147651,0.566509506552905
7,2,356,0.618991793669402,0.381008206330598,0.566509506552905
7,2,357,0.791029037318999,0.208970962681001,0.566509506552905
7,2,358,0.197134387351779,0.802865612648221,0.566509506552905
7,2,359,0.424354243542435,0.575645756457565,0.566509506552905
7,2,360,0.170212765957447,0.829787234042553,0.566509506552905
7,2,361,0.838485240035782,0.161514759964218,0.566509506552905
7,2,362,1,0,0.566509506552905
7,2,363,0.830464267083985,0.169535732916015,0.566509506552905
7,2,364,1,0,0.566509506552905
7,2,365,0.618991793669402,0.381008206330598,0.566509506552905
7,2,366,0.424354243542435,0.575645756457565,0.566509506552905
7,2,367,0.791029037318999,0.208970962681001,0.566509506552905
7,2,368,0.259070282476062,0.740929717523938,0.566509506552905
7,2,369,0.618991793669402,0.381008206330598,0.566509506552905
7,2,370,0.558423913043478,0.441576086956522,0.566509506552905
7,2,371,0.265536723163842,0.734463276836158,0.566509506552905
7,2,372,0.830464267083985,0.169535732916015,0.566509506552905
7,2,373,1,0,0.566509506552905
7,2,374,0.25629290617849,0.74370709382151,0.566509506552905
7,2,375,0.626006904487917,0.373993095512083,0.566509506552905
7,2,376,0.816363430896146,0.183636569103854,0.566509506552905
7,2,377,1,0,0.566509506552905
7,2,378,0.741250278653546,0.258749721346454,0.566509506552905
7,2,379,0.265536723163842,0.734463276836158,0.566509506552905
7,2,380,0.174228675136116,0.825771324863884,0.566509506552905
7,2,381,0.170212765957447,0.829787234042553,0.566509506552905
7,2,382,1,0,0.566509506552905
7,2,383,1,0,0.566509506552905
7,2,384,0.25629290617849,0.74370709382151,0.566509506552905
7,2,385,0.618991793669402,0.381008206330598,0.566509506552905
7,2,386,0.0280373831775702,0.97196261682243,0.566509506552905
7,2,387,1,0,0.566509506552905
7,2,388,0.741250278653546,0.258749721346454,0.566509506552905
7,2,389,0.816363430896146,0.183636569103854,0.566509506552905
7,2,390,0.395297699594046,0.604702300405954,0.566509506552905
7,2,391,1,0,0.566509506552905
7,2,392,1,0,0.566509506552905
7,2,393,1,0,0.566509506552905
7,2,394,0.791029037318999,0.208970962681001,0.566509506552905
7,2,395,0.618991793669402,0.381008206330598,0.566509506552905
7,2,396,0.121621621621622,0.878378378378379,0.566509506552905
7,2,397,0.395297699594046,0.604702300405954,0.566509506552905
7,2,398,0.830464267083985,0.169535732916015,0.566509506552905
7,2,399,1,0,0.566509506552905
7,2,400,1,0,0.566509506552905
7,3,1,0.75,0.25,0.883037440954759
7,3,2,0.534313725490196,0.465686274509804,0.883037440954759
7,3,3,0.167002306762843,0.832997693237157,0.883037440954759
7,3,4,0.241674326521954,0.758325673478046,0.883037440954759
7,3,5,0.201362072597065,0.798637927402935,0.883037440954759
7,3,6,0.567046016823355,0.432953983176645,0.883037440954759
7,3,7,0.266394488389895,0.733605511610105,0.883037440954759
7,3,8,0.255873753918771,0.744126246081229,0.883037440954759
7,3,9,0.72063764944909,0.27936235055091,0.883037440954759
7,3,10,0.408392290802635,0.591607709197365,0.883037440954759
7,3,11,0.306131451257168,0.693868548742832,0.883037440954759
7,3,12,0.531207360336829,0.468792639663171,0.883037440954759
7,3,13,0.567964921330926,0.432035078669074,0.883037440954759
7,3,14,0.609056691630127,0.390943308369873,0.883037440954759
7,3,15,0.181675118027627,0.818324881972373,0.883037440954759
7,3,16,0.352456200618344,0.647543799381656,0.883037440954759
7,3,17,0.408392290802635,0.591607709197365,0.883037440954759
7,3,18,0.853806888189161,0.146193111810839,0.883037440954759
7,3,19,0.278894641296309,0.721105358703691,0.883037440954759
7,3,20,0.447298494242693,0.552701505757307,0.883037440954759
7,3,21,0.315997042149371,0.684002957850629,0.883037440954759
7,3,22,0.218132854578097,0.781867145421903,0.883037440954759
7,3,23,0.29689410613842,0.70310589386158,0.883037440954759
7,3,24,0.386084583901773,0.613915416098227,0.883037440954759
7,3,25,0.419907337080358,0.580092662919642,0.883037440954759
7,3,26,0.636605490438001,0.363394509561999,0.883037440954759
7,3,27,0.677098857426726,0.322901142573274,0.883037440954759
7,3,28,0.21858388262811,0.78141611737189,0.883037440954759
7,3,29,0.357541899441341,0.642458100558659,0.883037440954759
7,3,30,0.588512891344383,0.411487108655617,0.883037440954759
7,3,31,0.256465517241379,0.743534482758621,0.883037440954759
7,3,32,0.340770791075051,0.659229208924949,0.883037440954759
7,3,33,0.138052972170162,0.861947027829838,0.883037440954759
7,3,34,0.447299799705226,0.552700200294774,0.883037440954759
7,3,35,0.392607461756766,0.607392538243234,0.883037440954759
7,3,36,0.45409429280397,0.54590570719603,0.883037440954759
7,3,37,0.347413383958234,0.652586616041765,0.883037440954759
7,3,38,0.249506499310961,0.750493500689039,0.883037440954759
7,3,39,0.861062531576697,0.138937468423303,0.883037440954759
7,3,40,0.390803222461514,0.609196777538486,0.883037440954759
7,3,41,0.337748344370861,0.662251655629139,0.883037440954759
7,3,42,0.48025141326986,0.51974858673014,0.883037440954759
7,3,43,0.505289595859654,0.494710404140346,0.883037440954759
7,3,44,0.614573725128475,0.385426274871525,0.883037440954759
7,3,45,0.375936095856216,0.624063904143784,0.883037440954759
7,3,46,0.325,0.675,0.883037440954759
7,3,47,0.365907924011638,0.634092075988362,0.883037440954759
7,3,48,0.272444785993518,0.727555214006482,0.883037440954759
7,3,49,0.579207920792079,0.420792079207921,0.883037440954759
7,3,50,0.401913875598086,0.598086124401914,0.883037440954759
7,3,51,0.0426206279364606,0.957379372063539,0.883037440954759
7,3,52,0.379361827714316,0.620638172285684,0.883037440954759
7,3,53,0.236111111111111,0.763888888888889,0.883037440954759
7,3,54,0.853806888189161,0.146193111810839,0.883037440954759
7,3,55,0.278894641296309,0.721105358703691,0.883037440954759
7,3,56,0.606575331937052,0.393424668062948,0.883037440954759
7,3,57,0.176632763309862,0.823367236690138,0.883037440954759
7,3,58,0.468085106382979,0.531914893617021,0.883037440954759
7,3,59,0.733933688088416,0.266066311911584,0.883037440954759
7,3,60,0.263750541359896,0.736249458640104,0.883037440954759
7,3,61,0.291663423367323,0.708336576632677,0.883037440954759
7,3,62,0.447299799705226,0.552700200294774,0.883037440954759
7,3,63,0.359605911330049,0.640394088669951,0.883037440954759
7,3,64,0.239314392711822,0.760685607288178,0.883037440954759
7,3,65,0.340139442231076,0.659860557768924,0.883037440954759
7,3,66,0.227595312757881,0.772404687242119,0.883037440954759
7,3,67,0.365907924011638,0.634092075988362,0.883037440954759
7,3,68,0.17137245273754,0.82862754726246,0.883037440954759
7,3,69,0.255873753918771,0.744126246081229,0.883037440954759
7,3,70,0.357541899441341,0.642458100558659,0.883037440954759
7,3,71,0.612403100775194,0.387596899224806,0.883037440954759
7,3,72,0.293214176492575,0.706785823507425,0.883037440954759
7,3,73,0.486762656758012,0.513237343241988,0.883037440954759
7,3,74,0.303571428571429,0.696428571428571,0.883037440954759
7,3,75,0.606575331937052,0.393424668062948,0.883037440954759
7,3,76,0.118189109400864,0.881810890599137,0.883037440954759
7,3,77,0.170185603456742,0.829814396543258,0.883037440954759
7,3,78,0.424011434016198,0.575988565983802,0.883037440954759
7,3,79,0.142136389455044,0.857863610544956,0.883037440954759
7,3,80,0.863186697537361,0.136813302462639,0.883037440954759
7,3,81,0.861062531576697,0.138937468423303,0.883037440954759
7,3,82,0.241674326521954,0.758325673478046,0.883037440954759
7,3,83,0.189837008628955,0.810162991371045,0.883037440954759
7,3,84,0.72063764944909,0.27936235055091,0.883037440954759
7,3,85,0.28927680798005,0.71072319201995,0.883037440954759
7,3,86,0.426189900942257,0.573810099057743,0.883037440954759
7,3,87,0.607739599441783,0.392260400558217,0.883037440954759
7,3,88,0.624277456647399,0.375722543352601,0.883037440954759
7,3,89,0.302973977695167,0.697026022304833,0.883037440954759
7,3,90,0.35226706527155,0.64773293472845,0.883037440954759
7,3,91,0.66741711011052,0.33258288988948,0.883037440954759
7,3,92,0.312372099476258,0.687627900523742,0.883037440954759
7,3,93,0.322256230870136,0.677743769129864,0.883037440954759
7,3,94,0.85951297832486,0.14048702167514,0.883037440954759
7,3,95,0.337748344370861,0.662251655629139,0.883037440954759
7,3,96,0.136858737309218,0.863141262690782,0.883037440954759
7,3,97,0.401913875598086,0.598086124401914,0.883037440954759
7,3,98,0.786975632325725,0.213024367674275,0.883037440954759
7,3,99,0.278894641296309,0.721105358703691,0.883037440954759
7,3,100,0.182224490155021,0.817775509844979,0.883037440954759
7,3,101,0.340139442231076,0.659860557768924,0.883037440954759
7,3,102,0.611150993060541,0.388849006939459,0.883037440954759
7,3,103,0.731711152167931,0.268288847832069,0.883037440954759
7,3,104,0.412430776257446,0.587569223742554,0.883037440954759
7,3,105,0.310030168721368,0.689969831278632,0.883037440954759
7,3,106,0.278894641296309,0.721105358703691,0.883037440954759
7,3,107,0.322256230870136,0.677743769129864,0.883037440954759
7,3,108,0.274363874082269,0.725636125917731,0.883037440954759
7,3,109,0.337748344370861,0.662251655629139,0.883037440954759
7,3,110,0.251473630792052,0.748526369207948,0.883037440954759
7,3,111,0.326101249178172,0.673898750821828,0.883037440954759
7,3,112,0.201087563782636,0.798912436217364,0.883037440954759
7,3,113,0.298261665141812,0.701738334858188,0.883037440954759
7,3,114,0.907580435489113,0.0924195645108873,0.883037440954759
7,3,115,0.21959197564711,0.78040802435289,0.883037440954759
7,3,116,0.459336836931453,0.540663163068547,0.883037440954759
7,3,117,0.348254252461952,0.651745747538048,0.883037440954759
7,3,118,0.483146503238819,0.516853496761181,0.883037440954759
7,3,119,0.13382416630576,0.86617583369424,0.883037440954759
7,3,120,0.301242236024845,0.698757763975155,0.883037440954759
7,3,121,0.326101249178172,0.673898750821828,0.883037440954759
7,3,122,0.193492796580961,0.806507203419039,0.883037440954759
7,3,123,0.556135770234987,0.443864229765013,0.883037440954759
7,3,124,0.170185603456742,0.829814396543258,0.883037440954759
7,3,125,0.256465517241379,0.743534482758621,0.883037440954759
7,3,126,0.557334333484672,0.442665666515328,0.883037440954759
7,3,127,0.91431584497759,0.0856841550224097,0.883037440954759
7,3,128,0.242086491306286,0.757913508693714,0.883037440954759
7,3,129,0.241540256709452,0.758459743290548,0.883037440954759
7,3,130,0.278045168456127,0.721954831543873,0.883037440954759
7,3,131,0.15010460251046,0.84989539748954,0.883037440954759
7,3,132,0.381268277364527,0.618731722635473,0.883037440954759
7,3,133,0.860050890585242,0.139949109414758,0.883037440954759
7,3,134,0.203187250996016,0.796812749003984,0.883037440954759
7,3,135,0.573042564372044,0.426957435627956,0.883037440954759
7,3,136,0.309824522186208,0.690175477813792,0.883037440954759
7,3,137,0.263750541359896,0.736249458640104,0.883037440954759
7,3,138,0.853806888189161,0.146193111810839,0.883037440954759
7,3,139,0.206356384421974,0.793643615578026,0.883037440954759
7,3,140,0.392607461756766,0.607392538243234,0.883037440954759
7,3,141,0.92464932957224,0.07535067042776,0.883037440954759
7,3,142,0.370747997228982,0.629252002771018,0.883037440954759
7,3,143,0.326101249178172,0.673898750821828,0.883037440954759
7,3,144,0.278894641296309,0.721105358703691,0.883037440954759
7,3,145,0.480968858131488,0.519031141868512,0.883037440954759
7,3,146,0.146250582207732,0.853749417792268,0.883037440954759
7,3,147,0.396504642271983,0.603495357728018,0.883037440954759
7,3,148,0.357541899441341,0.642458100558659,0.883037440954759
7,3,149,0.260700017204137,0.739299982795863,0.883037440954759
7,3,150,0.37474233887591,0.62525766112409,0.883037440954759
7,3,151,0.721291026740469,0.278708973259531,0.883037440954759
7,3,152,0.165904936014625,0.834095063985375,0.883037440954759
7,3,153,0.386803265680379,0.61319673431962,0.883037440954759
7,3,154,0.255873753918771,0.744126246081229,0.883037440954759
7,3,155,0.239780658025922,0.760219341974078,0.883037440954759
7,3,156,0.395348837209302,0.604651162790698,0.883037440954759
7,3,157,0.21055295030532,0.78944704969468,0.883037440954759
7,3,158,0.326101249178172,0.673898750821828,0.883037440954759
7,3,159,0.302973977695167,0.697026022304833,0.883037440954759
7,3,160,0.26509384186327,0.73490615813673,0.883037440954759
7,3,161,0.266606005459509,0.733393994540491,0.883037440954759
7,3,162,0.264378065091395,0.735621934908605,0.883037440954759
7,3,163,0.264705882352941,0.735294117647059,0.883037440954759
7,3,164,0.441335198880672,0.558664801119328,0.883037440954759
7,3,165,0.366616989567809,0.633383010432191,0.883037440954759
7,3,166,0.395798475553077,0.604201524446923,0.883037440954759
7,3,167,0.48876404494382,0.51123595505618,0.883037440954759
7,3,168,0.264378065091395,0.735621934908605,0.883037440954759
7,3,169,0.227595312757881,0.772404687242119,0.883037440954759
7,3,170,0.238351254480287,0.761648745519713,0.883037440954759
7,3,171,0.482962743719708,0.517037256280292,0.883037440954759
7,3,172,0.246885617214043,0.753114382785957,0.883037440954759
7,3,173,0.0798548094373866,0.920145190562613,0.883037440954759
7,3,174,0.367787871347901,0.632212128652099,0.883037440954759
7,3,175,0.769311890324282,0.230688109675718,0.883037440954759
7,3,176,0.350697399089866,0.649302600910133,0.883037440954759
7,3,177,0.322256230870136,0.677743769129864,0.883037440954759
7,3,178,0.548889574336829,0.451110425663171,0.883037440954759
7,3,179,0.937168928585238,0.0628310714147624,0.883037440954759
7,3,180,0.278894641296309,0.721105358703691,0.883037440954759
7,3,181,0.608201458122046,0.391798541877954,0.883037440954759
7,3,182,0.288984991096413,0.711015008903587,0.883037440954759
7,3,183,0.46004746835443,0.53995253164557,0.883037440954759
7,3,184,0.462610311193683,0.537389688806317,0.883037440954759
7,3,185,0.419906905120218,0.580093094879782,0.883037440954759
7,3,186,0.330195510499638,0.669804489500362,0.883037440954759
7,3,187,0.208102976020434,0.791897023979566,0.883037440954759
7,3,188,1,0,0.883037440954759
7,3,189,0.392607461756766,0.607392538243234,0.883037440954759
7,3,190,0.61425422483468,0.38574577516532,0.883037440954759
7,3,191,0.256465517241379,0.743534482758621,0.883037440954759
7,3,192,0.241674326521954,0.758325673478046,0.883037440954759
7,3,193,0.164057257884142,0.835942742115858,0.883037440954759
7,3,194,0.227595312757881,0.772404687242119,0.883037440954759
7,3,195,0.680851063829787,0.319148936170213,0.883037440954759
7,3,196,0.500863889422154,0.499136110577846,0.883037440954759
7,3,197,0.831006759729611,0.168993240270389,0.883037440954759
7,3,198,0.236111111111111,0.763888888888889,0.883037440954759
7,3,199,0.398839541268327,0.601160458731673,0.883037440954759
7,3,200,0.28927680798005,0.71072319201995,0.883037440954759
7,3,201,0.246278147677115,0.753721852322885,0.883037440954759
7,3,202,0.326101249178172,0.673898750821828,0.883037440954759
7,3,203,0.326101249178172,0.673898750821828,0.883037440954759
7,3,204,0.394914623118251,0.605085376881749,0.883037440954759
7,3,205,0.201995012468828,0.798004987531172,0.883037440954759
7,3,206,0.510763209393346,0.489236790606654,0.883037440954759
7,3,207,0.226219719587317,0.773780280412683,0.883037440954759
7,3,208,0.259872988835608,0.740127011164392,0.883037440954759
7,3,209,0.571771818322741,0.428228181677259,0.883037440954759
7,3,210,0.489267688439424,0.510732311560576,0.883037440954759
7,3,211,0.421209858103062,0.578790141896938,0.883037440954759
7,3,212,0.205298013245033,0.794701986754967,0.883037440954759
7,3,213,0.713205954573358,0.286794045426642,0.883037440954759
7,3,214,0.79023646071701,0.20976353928299,0.883037440954759
7,3,215,0.546684709066306,0.453315290933694,0.883037440954759
7,3,216,0.478269381362569,0.521730618637432,0.883037440954759
7,3,217,0.326101249178172,0.673898750821828,0.883037440954759
7,3,218,0.392607461756766,0.607392538243234,0.883037440954759
7,3,219,0.500153798831129,0.499846201168871,0.883037440954759
7,3,220,0.531775252121018,0.468224747878982,0.883037440954759
7,3,221,0.395798475553077,0.604201524446923,0.883037440954759
7,3,222,0.451371571072319,0.548628428927681,0.883037440954759
7,3,223,0.62111801242236,0.37888198757764,0.883037440954759
7,3,224,0.591786244433449,0.408213755566551,0.883037440954759
7,3,225,0.242982823627985,0.757017176372015,0.883037440954759
7,3,226,0.802078179119248,0.197921820880752,0.883037440954759
7,3,227,0.193492796580961,0.806507203419039,0.883037440954759
7,3,228,0.528067560854446,0.471932439145554,0.883037440954759
7,3,229,0.713612505267997,0.286387494732003,0.883037440954759
7,3,230,0.352589641434263,0.647410358565737,0.883037440954759
7,3,231,0.289534293633134,0.710465706366866,0.883037440954759
7,3,232,0.320083682008368,0.679916317991632,0.883037440954759
7,3,233,0.761241928623903,0.238758071376097,0.883037440954759
7,3,234,0.853806888189161,0.146193111810839,0.883037440954759
7,3,235,0.263750541359896,0.736249458640104,0.883037440954759
7,3,236,0.256465517241379,0.743534482758621,0.883037440954759
7,3,237,0.218016757393219,0.781983242606781,0.883037440954759
7,3,238,0.384029466456873,0.615970533543127,0.883037440954759
7,3,239,0.580425468220854,0.419574531779146,0.883037440954759
7,3,240,0.256465517241379,0.743534482758621,0.883037440954759
7,3,241,0.361361050780846,0.638638949219154,0.883037440954759
7,3,242,0.278769946105886,0.721230053894114,0.883037440954759
7,3,243,0.511089681774349,0.488910318225651,0.883037440954759
7,3,244,0.406740579905079,0.593259420094921,0.883037440954759
7,3,245,0.278530826410144,0.721469173589856,0.883037440954759
7,3,246,0.502982107355865,0.497017892644135,0.883037440954759
7,3,247,0.365907924011638,0.634092075988362,0.883037440954759
7,3,248,0.249697680384038,0.750302319615962,0.883037440954759
7,3,249,0.565432242311493,0.434567757688507,0.883037440954759
7,3,250,0.173913043478261,0.826086956521739,0.883037440954759
7,3,251,0.508719536924382,0.491280463075618,0.883037440954759
7,3,252,0.387412948155791,0.612587051844209,0.883037440954759
7,3,253,0.148230088495575,0.851769911504425,0.883037440954759
7,3,254,0.36139661426844,0.63860338573156,0.883037440954759
7,3,255,0.137931034482759,0.862068965517241,0.883037440954759
7,3,256,0.272444785993518,0.727555214006482,0.883037440954759
7,3,257,0.284426414243858,0.715573585756142,0.883037440954759
7,3,258,0.296028880866426,0.703971119133574,0.883037440954759
7,3,259,0.0731824747231584,0.926817525276842,0.883037440954759
7,3,260,0.301284328204745,0.698715671795255,0.883037440954759
7,3,261,0.428429423459245,0.571570576540755,0.883037440954759
7,3,262,0.410800385728062,0.589199614271938,0.883037440954759
7,3,263,0.621079631572811,0.378920368427189,0.883037440954759
7,3,264,0.322256230870136,0.677743769129864,0.883037440954759
7,3,265,0.352456200618344,0.647543799381656,0.883037440954759
7,3,266,0.193411300741144,0.806588699258856,0.883037440954759
7,3,267,0.445564516129032,0.554435483870968,0.883037440954759
7,3,268,0.611413713916988,0.388586286083012,0.883037440954759
7,3,269,0.786975632325725,0.213024367674275,0.883037440954759
7,3,270,0.39593417231365,0.60406582768635,0.883037440954759
7,3,271,0.205721679125934,0.794278320874066,0.883037440954759
7,3,272,0.314465408805031,0.685534591194969,0.883037440954759
7,3,273,0.667535853976532,0.332464146023468,0.883037440954759
7,3,274,0.598067632850242,0.401932367149758,0.883037440954759
7,3,275,0.326101249178172,0.673898750821828,0.883037440954759
7,3,276,0.447908547674721,0.552091452325279,0.883037440954759
7,3,277,0.423076923076923,0.576923076923077,0.883037440954759
7,3,278,0.30406852248394,0.69593147751606,0.883037440954759
7,3,279,0.314465408805031,0.685534591194969,0.883037440954759
7,3,280,0.31960049937578,0.68039950062422,0.883037440954759
7,3,281,0.641975308641975,0.358024691358025,0.883037440954759
7,3,282,0.545454545454546,0.454545454545454,0.883037440954759
7,3,283,0.398290396281415,0.601709603718585,0.883037440954759
7,3,284,0.411764705882353,0.588235294117647,0.883037440954759
7,3,285,0.206463195691203,0.793536804308797,0.883037440954759
7,3,286,0.367214230354814,0.632785769645186,0.883037440954759
7,3,287,0.256465517241379,0.743534482758621,0.883037440954759
7,3,288,0.764087355082232,0.235912644917768,0.883037440954759
7,3,289,0.260752688172043,0.739247311827957,0.883037440954759
7,3,290,0.300417849971962,0.699582150028037,0.883037440954759
7,3,291,0.206356384421974,0.793643615578026,0.883037440954759
7,3,292,0.59705193552831,0.40294806447169,0.883037440954759
7,3,293,0.160468785215235,0.839531214784765,0.883037440954759
7,3,294,0.23081257748225,0.76918742251775,0.883037440954759
7,3,295,0.336110272305807,0.663889727694193,0.883037440954759
7,3,296,0.660028163347415,0.339971836652585,0.883037440954759
7,3,297,0.365907924011638,0.634092075988362,0.883037440954759
7,3,298,0.874371859296482,0.125628140703518,0.883037440954759
7,3,299,0.16566432687647,0.83433567312353,0.883037440954759
7,3,300,0.201611379292574,0.798388620707426,0.883037440954759
7,3,301,0.709076048883008,0.290923951116992,0.883037440954759
7,3,302,0.69761701319662,0.30238298680338,0.883037440954759
7,3,303,0.337748344370861,0.662251655629139,0.883037440954759
7,3,304,0.319578577699737,0.680421422300263,0.883037440954759
7,3,305,0.380205495446408,0.619794504553592,0.883037440954759
7,3,306,0.182224490155021,0.817775509844979,0.883037440954759
7,3,307,0.180562092382169,0.819437907617831,0.883037440954759
7,3,308,0.860557768924303,0.139442231075697,0.883037440954759
7,3,309,0.122114642531397,0.877885357468603,0.883037440954759
7,3,310,0.352456200618344,0.647543799381656,0.883037440954759
7,3,311,0.190445104877085,0.809554895122915,0.883037440954759
7,3,312,0.230911443889813,0.769088556110187,0.883037440954759
7,3,313,0.256465517241379,0.743534482758621,0.883037440954759
7,3,314,0.298642533936652,0.701357466063348,0.883037440954759
7,3,315,0.238351254480287,0.761648745519713,0.883037440954759
7,3,316,0.312195306299837,0.687804693700163,0.883037440954759
7,3,317,0.263750541359896,0.736249458640104,0.883037440954759
7,3,318,0.360680398056006,0.639319601943994,0.883037440954759
7,3,319,0.327609392779559,0.672390607220441,0.883037440954759
7,3,320,0.580425468220854,0.419574531779146,0.883037440954759
7,3,321,0.327044748648338,0.672955251351662,0.883037440954759
7,3,322,0.764634882317441,0.235365117682559,0.883037440954759
7,3,323,0.378921179779332,0.621078820220668,0.883037440954759
7,3,324,0.351620947630923,0.648379052369077,0.883037440954759
7,3,325,0.477031531358952,0.522968468641048,0.883037440954759
7,3,326,0.326101249178172,0.673898750821828,0.883037440954759
7,3,327,0.447569711441175,0.552430288558825,0.883037440954759
7,3,328,0.272444785993518,0.727555214006482,0.883037440954759
7,3,329,0.364229156963205,0.635770843036795,0.883037440954759
7,3,330,0.487862529546393,0.512137470453607,0.883037440954759
7,3,331,0.422360248447205,0.577639751552795,0.883037440954759
7,3,332,0.780069990912782,0.219930009087218,0.883037440954759
7,3,333,0.386084583901773,0.613915416098227,0.883037440954759
7,3,334,0.294555565521571,0.705444434478429,0.883037440954759
7,3,335,0.38212927756654,0.61787072243346,0.883037440954759
7,3,336,0.355484243167232,0.644515756832768,0.883037440954759
7,3,337,0.395798475553077,0.604201524446923,0.883037440954759
7,3,338,0.278530826410144,0.721469173589856,0.883037440954759
7,3,339,0.191443831660259,0.808556168339741,0.883037440954759
7,3,340,0.853806888189161,0.146193111810839,0.883037440954759
7,3,341,0.505289595859654,0.494710404140346,0.883037440954759
7,3,342,0.511089681774349,0.488910318225651,0.883037440954759
7,3,343,0.21858388262811,0.78141611737189,0.883037440954759
7,3,344,0.278530826410144,0.721469173589856,0.883037440954759
7,3,345,0.590364392271949,0.409635607728051,0.883037440954759
7,3,346,0.182224490155021,0.817775509844979,0.883037440954759
7,3,347,0.372941474537623,0.627058525462377,0.883037440954759
7,3,348,0.854455888938648,0.145544111061352,0.883037440954759
7,3,349,0.224054316197866,0.775945683802134,0.883037440954759
7,3,350,0.545454545454546,0.454545454545454,0.883037440954759
7,3,351,0.297929792979298,0.702070207020702,0.883037440954759
7,3,352,0.858247422680412,0.141752577319588,0.883037440954759
7,3,353,0.545660633997053,0.454339366002947,0.883037440954759
7,3,354,0.341778440139096,0.658221559860904,0.883037440954759
7,3,355,0.383886255924171,0.616113744075829,0.883037440954759
7,3,356,0.499730624182252,0.500269375817748,0.883037440954759
7,3,357,0.412430776257446,0.587569223742554,0.883037440954759
7,3,358,0.349251351111899,0.650748648888101,0.883037440954759
7,3,359,0.208102976020434,0.791897023979566,0.883037440954759
7,3,360,0.357541899441341,0.642458100558659,0.883037440954759
7,3,361,0.298642533936652,0.701357466063348,0.883037440954759
7,3,362,0.225369265296891,0.774630734703109,0.883037440954759
7,3,363,0.420284684813242,0.579715315186758,0.883037440954759
7,3,364,0.667535853976532,0.332464146023468,0.883037440954759
7,3,365,0.483970966278542,0.516029033721458,0.883037440954759
7,3,366,0.533844189016603,0.466155810983397,0.883037440954759
7,3,367,0.901039089559624,0.098960910440376,0.883037440954759
7,3,368,0.234121343607391,0.765878656392609,0.883037440954759
7,3,369,0.545454545454546,0.454545454545454,0.883037440954759
7,3,370,0.278894641296309,0.721105358703691,0.883037440954759
7,3,371,0.721718871343515,0.278281128656485,0.883037440954759
7,3,372,0.72063764944909,0.27936235055091,0.883037440954759
7,3,373,0.292035398230089,0.707964601769911,0.883037440954759
7,3,374,0.202453987730061,0.797546012269939,0.883037440954759
7,3,375,0.278894641296309,0.721105358703691,0.883037440954759
7,3,376,0.286087866108787,0.713912133891213,0.883037440954759
7,3,377,0.392253429856881,0.607746570143119,0.883037440954759
7,3,378,0.322256230870136,0.677743769129864,0.883037440954759
7,3,379,0.13253140681163,0.86746859318837,0.883037440954759
7,3,380,0.621079631572811,0.378920368427189,0.883037440954759
7,3,381,0.242086491306286,0.757913508693714,0.883037440954759
7,3,382,0.331415620641562,0.668584379358438,0.883037440954759
7,3,383,0.40884820747521,0.59115179252479,0.883037440954759
7,3,384,0.355478433316807,0.644521566683193,0.883037440954759
7,3,385,0.28416863093628,0.71583136906372,0.883037440954759
7,3,386,0.272444785993518,0.727555214006482,0.883037440954759
7,3,387,0.36139661426844,0.63860338573156,0.883037440954759
7,3,388,0.381824586121874,0.618175413878126,0.883037440954759
7,3,389,0.241674326521954,0.758325673478046,0.883037440954759
7,3,390,0.329610025686931,0.670389974313069,0.883037440954759
7,3,391,0.309951886553558,0.690048113446442,0.883037440954759
7,3,392,0.193492796580961,0.806507203419039,0.883037440954759
7,3,393,0.640198511166253,0.359801488833747,0.883037440954759
7,3,394,0.352456200618344,0.647543799381656,0.883037440954759
7,3,395,0.393520937523326,0.606479062476674,0.883037440954759
7,3,396,0.227974169027467,0.772025830972533,0.883037440954759
7,3,397,0.408392290802635,0.591607709197365,0.883037440954759
7,3,398,0.272444785993518,0.727555214006482,0.883037440954759
7,3,399,0.726167549350024,0.273832450649976,0.883037440954759
7,3,400,0.345951126018208,0.654048873981792,0.883037440954759
7,4,1,0.510394697197951,0.489605302802049,0.753875823620308
7,4,2,0.238070029494063,0.761929970505937,0.753875823620308
7,4,3,0.26593887957291,0.73406112042709,0.753875823620308
7,4,4,0.727098244631933,0.272901755368067,0.753875823620308
7,4,5,0.774139481645,0.225860518355,0.753875823620308
7,4,6,0.97993042547498,0.0200695745250201,0.753875823620308
7,4,7,0.861074358295845,0.138925641704155,0.753875823620308
7,4,8,0.350211042567371,0.649788957432629,0.753875823620308
7,4,9,0.864385562278323,0.135614437721677,0.753875823620308
7,4,10,0.460586439358236,0.539413560641764,0.753875823620308
7,4,11,0.255311762255242,0.744688237744758,0.753875823620308
7,4,12,0.315837485088766,0.684162514911234,0.753875823620308
7,4,13,0.501465990951632,0.498534009048368,0.753875823620308
7,4,14,0.701140654653597,0.298859345346403,0.753875823620308
7,4,15,0.48448622717425,0.51551377282575,0.753875823620308
7,4,16,0.355033269777034,0.644966730222966,0.753875823620308
7,4,17,0.56734534064213,0.43265465935787,0.753875823620308
7,4,18,0.345052924028096,0.654947075971904,0.753875823620308
7,4,19,0.803717196906232,0.196282803093768,0.753875823620308
7,4,20,0.714102922947739,0.285897077052261,0.753875823620308
7,4,21,0.238426245003249,0.761573754996751,0.753875823620308
7,4,22,0.405980406492177,0.594019593507823,0.753875823620308
7,4,23,0.842526043769684,0.157473956230316,0.753875823620308
7,4,24,0.341212537483457,0.658787462516543,0.753875823620308
7,4,25,0.403859956934365,0.596140043065635,0.753875823620308
7,4,26,0.95605308401105,0.0439469159889505,0.753875823620308
7,4,27,0.352346217476312,0.647653782523688,0.753875823620308
7,4,28,0.334217684790274,0.665782315209726,0.753875823620308
7,4,29,0.583834542703038,0.416165457296962,0.753875823620308
7,4,30,0.613154661342344,0.386845338657656,0.753875823620308
7,4,31,0.171904195685408,0.828095804314592,0.753875823620308
7,4,32,0.372198126617342,0.627801873382658,0.753875823620308
7,4,33,0.39563618331336,0.60436381668664,0.753875823620308
7,4,34,0.795162688095801,0.204837311904199,0.753875823620308
7,4,35,0.338036514461356,0.661963485538644,0.753875823620308
7,4,36,0.409547964671811,0.590452035328189,0.753875823620308
7,4,37,0.322109654350417,0.677890345649583,0.753875823620308
7,4,38,0.315048628163731,0.684951371836269,0.753875823620308
7,4,39,0.77763915160784,0.22236084839216,0.753875823620308
7,4,40,0.504930650204442,0.495069349795558,0.753875823620308
7,4,41,0.525624391826143,0.474375608173857,0.753875823620308
7,4,42,0.452939625626153,0.547060374373847,0.753875823620308
7,4,43,0.520884520884521,0.479115479115479,0.753875823620308
7,4,44,0.278656833965776,0.721343166034224,0.753875823620308
7,4,45,0.390432762625828,0.609567237374172,0.753875823620308
7,4,46,0.311727537841966,0.688272462158034,0.753875823620308
7,4,47,1,0,0.753875823620308
7,4,48,0.641301948508017,0.358698051491983,0.753875823620308
7,4,49,0.651872511570565,0.348127488429435,0.753875823620308
7,4,50,0.247659192205369,0.752340807794631,0.753875823620308
7,4,51,0.658351190716856,0.341648809283144,0.753875823620308
7,4,52,0.2139374929141,0.7860625070859,0.753875823620308
7,4,53,0.419899046120185,0.580100953879815,0.753875823620308
7,4,54,0.333898724336549,0.666101275663451,0.753875823620308
7,4,55,0.720995830267353,0.279004169732647,0.753875823620308
7,4,56,0.418034795393286,0.581965204606714,0.753875823620308
7,4,57,0.341136312442604,0.658863687557396,0.753875823620308
7,4,58,0.401209596667601,0.598790403332399,0.753875823620308
7,4,59,0.709573393426063,0.290426606573937,0.753875823620308
7,4,60,0.97993042547498,0.0200695745250201,0.753875823620308
7,4,61,0.520884520884521,0.479115479115479,0.753875823620308
7,4,62,0.572595049757591,0.427404950242409,0.753875823620308
7,4,63,0.586836169776502,0.413163830223498,0.753875823620308
7,4,64,0.301475856139848,0.698524143860152,0.753875823620308
7,4,65,0.302912890057427,0.697087109942573,0.753875823620308
7,4,66,0.395097418026295,0.604902581973705,0.753875823620308
7,4,67,0.301925968353977,0.698074031646023,0.753875823620308
7,4,68,0.461246108438119,0.538753891561881,0.753875823620308
7,4,69,0.564720712203577,0.435279287796423,0.753875823620308
7,4,70,0.494417423153417,0.505582576846583,0.753875823620308
7,4,71,0.26593887957291,0.73406112042709,0.753875823620308
7,4,72,0.97993042547498,0.0200695745250201,0.753875823620308
7,4,73,0.276409001416822,0.723590998583178,0.753875823620308
7,4,74,0.218969039131654,0.781030960868346,0.753875823620308
7,4,75,0.827307972369276,0.172692027630724,0.753875823620308
7,4,76,0.285280077238025,0.714719922761975,0.753875823620308
7,4,77,0.633674315731269,0.366325684268731,0.753875823620308
7,4,78,0.236102253885538,0.763897746114462,0.753875823620308
7,4,79,0.60357796300061,0.39642203699939,0.753875823620308
7,4,80,0.466649648079939,0.533350351920061,0.753875823620308
7,4,81,0.443547910967666,0.556452089032334,0.753875823620308
7,4,82,0.223984319315752,0.776015680684248,0.753875823620308
7,4,83,0.386967705058588,0.613032294941412,0.753875823620308
7,4,84,0.335247610431499,0.664752389568501,0.753875823620308
7,4,85,0.901619494475556,0.0983805055244438,0.753875823620308
7,4,86,0.726167549350024,0.273832450649976,0.753875823620308
7,4,87,0.412139905942385,0.587860094057615,0.753875823620308
7,4,88,0.233571503994932,0.766428496005068,0.753875823620308
7,4,89,0.765581908439051,0.234418091560949,0.753875823620308
7,4,90,0.384566829730156,0.615433170269844,0.753875823620308
7,4,91,0.837201536149608,0.162798463850392,0.753875823620308
7,4,92,0.642435638414915,0.357564361585085,0.753875823620308
7,4,93,0.766920066389361,0.233079933610639,0.753875823620308
7,4,94,0.532692598758892,0.467307401241108,0.753875823620308
7,4,95,0.542861608189419,0.457138391810581,0.753875823620308
7,4,96,0.397361075869069,0.602638924130931,0.753875823620308
7,4,97,0.843039401134946,0.156960598865054,0.753875823620308
7,4,98,0.575775877184438,0.424224122815562,0.753875823620308
7,4,99,0.591064331222912,0.408935668777088,0.753875823620308
7,4,100,0.361230181756921,0.638769818243079,0.753875823620308
7,4,101,0.573535231509446,0.426464768490554,0.753875823620308
7,4,102,0.390314657589881,0.609685342410119,0.753875823620308
7,4,103,0.853468723658675,0.146531276341325,0.753875823620308
7,4,104,0.370776255707763,0.629223744292237,0.753875823620308
7,4,105,0.39916610942847,0.60083389057153,0.753875823620308
7,4,106,0.379021251705986,0.620978748294014,0.753875823620308
7,4,107,0.388102393279988,0.611897606720012,0.753875823620308
7,4,108,0.837029893924783,0.162970106075217,0.753875823620308
7,4,109,0.49805955963884,0.50194044036116,0.753875823620308
7,4,110,0.196197395370406,0.803802604629594,0.753875823620308
7,4,111,0.298989826365172,0.701010173634828,0.753875823620308
7,4,112,0.837201536149608,0.162798463850392,0.753875823620308
7,4,113,0.61015593762495,0.38984406237505,0.753875823620308
7,4,114,0.298007246376812,0.701992753623188,0.753875823620308
7,4,115,0.5367405540521,0.4632594459479,0.753875823620308
7,4,116,0.769311890324282,0.230688109675718,0.753875823620308
7,4,117,0.167129621332951,0.832870378667049,0.753875823620308
7,4,118,0.390290121468231,0.609709878531769,0.753875823620308
7,4,119,0.712238902080734,0.287761097919266,0.753875823620308
7,4,120,0.26146237134073,0.73853762865927,0.753875823620308
7,4,121,0.861074358295845,0.138925641704155,0.753875823620308
7,4,122,0.355691392697836,0.644308607302164,0.753875823620308
7,4,123,0.319005885246798,0.680994114753202,0.753875823620308
7,4,124,0.267270229330327,0.732729770669673,0.753875823620308
7,4,125,0.340770791075051,0.659229208924949,0.753875823620308
7,4,126,0.71837630702278,0.28162369297722,0.753875823620308
7,4,127,0.730270107137468,0.269729892862532,0.753875823620308
7,4,128,0.333753843727825,0.666246156272175,0.753875823620308
7,4,129,0.226681472081218,0.773318527918782,0.753875823620308
7,4,130,0.276518383853374,0.723481616146626,0.753875823620308
7,4,131,0.501332471937333,0.498667528062667,0.753875823620308
7,4,132,0.619393371589179,0.380606628410821,0.753875823620308
7,4,133,0.407081847582718,0.592918152417282,0.753875823620308
7,4,134,0.277026299738079,0.722973700261921,0.753875823620308
7,4,135,0.649378142365705,0.350621857634295,0.753875823620308
7,4,136,0.764939304494009,0.235060695505991,0.753875823620308
7,4,137,0.336215617782359,0.663784382217641,0.753875823620308
7,4,138,0.167129621332951,0.832870378667049,0.753875823620308
7,4,139,0.447008664019871,0.55299133598013,0.753875823620308
7,4,140,0.572500773754256,0.427499226245744,0.753875823620308
7,4,141,0.645499077801797,0.354500922198203,0.753875823620308
7,4,142,0.277062265173748,0.722937734826252,0.753875823620308
7,4,143,0.228192677134654,0.771807322865346,0.753875823620308
7,4,144,0.450300908626047,0.549699091373953,0.753875823620308
7,4,145,0.280597255201835,0.719402744798165,0.753875823620308
7,4,146,0.510231598984772,0.489768401015228,0.753875823620308
7,4,147,0.359123071569424,0.640876928430576,0.753875823620308
7,4,148,0.734425464025838,0.265574535974162,0.753875823620308
7,4,149,0.533085439026451,0.466914560973549,0.753875823620308
7,4,150,0.769311890324282,0.230688109675718,0.753875823620308
7,4,151,0.495576594753997,0.504423405246003,0.753875823620308
7,4,152,0.536000926068838,0.463999073931162,0.753875823620308
7,4,153,0.758620689655172,0.241379310344828,0.753875823620308
7,4,154,0.540872818907258,0.459127181092742,0.753875823620308
7,4,155,0.643168136902283,0.356831863097717,0.753875823620308
7,4,156,0.594128491287886,0.405871508712114,0.753875823620308
7,4,157,0.726868897070594,0.273131102929406,0.753875823620308
7,4,158,0.35744860548592,0.64255139451408,0.753875823620308
7,4,159,0.780238919738541,0.219761080261459,0.753875823620308
7,4,160,0.404079761631905,0.595920238368095,0.753875823620308
7,4,161,0.428276415924127,0.571723584075873,0.753875823620308
7,4,162,0.542332992534578,0.457667007465422,0.753875823620308
7,4,163,0.499306732398706,0.500693267601294,0.753875823620308
7,4,164,0.527222297651143,0.472777702348857,0.753875823620308
7,4,165,0.327943754061878,0.672056245938122,0.753875823620308
7,4,166,0.24237072619384,0.75762927380616,0.753875823620308
7,4,167,0.368352238595003,0.631647761404997,0.753875823620308
7,4,168,0.452461177849399,0.547538822150601,0.753875823620308
7,4,169,0.441817704229052,0.558182295770948,0.753875823620308
7,4,170,0.226307436517533,0.773692563482467,0.753875823620308
7,4,171,0.152690766177672,0.847309233822328,0.753875823620308
7,4,172,0.313295985422684,0.686704014577316,0.753875823620308
7,4,173,0.650971803996715,0.349028196003285,0.753875823620308
7,4,174,0.660771609193139,0.339228390806861,0.753875823620308
7,4,175,0.189158539351327,0.810841460648673,0.753875823620308
7,4,176,0.654337036161664,0.345662963838336,0.753875823620308
7,4,177,0.794075716774909,0.205924283225091,0.753875823620308
7,4,178,0.614150923746641,0.385849076253359,0.753875823620308
7,4,179,0.56517861124738,0.43482138875262,0.753875823620308
7,4,180,0.296061409436676,0.703938590563324,0.753875823620308
7,4,181,0.733335938110495,0.266664061889505,0.753875823620308
7,4,182,0.369959677419355,0.630040322580645,0.753875823620308
7,4,183,0.452144596366361,0.547855403633639,0.753875823620308
7,4,184,0.489922352552453,0.510077647447547,0.753875823620308
7,4,185,0.670037624669042,0.329962375330958,0.753875823620308
7,4,186,0.605924129568682,0.394075870431318,0.753875823620308
7,4,187,0.204160980989588,0.795839019010412,0.753875823620308
7,4,188,0.703066656073727,0.296933343926273,0.753875823620308
7,4,189,0.533222465794845,0.466777534205155,0.753875823620308
7,4,190,0.34709271472974,0.65290728527026,0.753875823620308
7,4,191,0.265329189036451,0.734670810963549,0.753875823620308
7,4,192,0.313295985422684,0.686704014577316,0.753875823620308
7,4,193,0.513084930440704,0.486915069559296,0.753875823620308
7,4,194,0.61015593762495,0.38984406237505,0.753875823620308
7,4,195,0.475537751789342,0.524462248210658,0.753875823620308
7,4,196,0.539430847600444,0.460569152399556,0.753875823620308
7,4,197,0.314333412830909,0.685666587169091,0.753875823620308
7,4,198,0.550760251881431,0.449239748118569,0.753875823620308
7,4,199,0.296901539396757,0.703098460603243,0.753875823620308
7,4,200,0.363388140321719,0.636611859678281,0.753875823620308
7,4,201,0.993643777747355,0.0063562222526452,0.753875823620308
7,4,202,0.509174658310051,0.490825341689949,0.753875823620308
7,4,203,0.44825989659696,0.55174010340304,0.753875823620308
7,4,204,0.636430860241558,0.363569139758442,0.753875823620308
7,4,205,0.194823678245744,0.805176321754256,0.753875823620308
7,4,206,0.73876698014629,0.26123301985371,0.753875823620308
7,4,207,0.500189738161337,0.499810261838663,0.753875823620308
7,4,208,0.22639513356255,0.77360486643745,0.753875823620308
7,4,209,0.786811236301899,0.213188763698101,0.753875823620308
7,4,210,0.361819110081294,0.638180889918706,0.753875823620308
7,4,211,0.568820419397636,0.431179580602364,0.753875823620308
7,4,212,0.233236259077672,0.766763740922328,0.753875823620308
7,4,213,0.721779057550878,0.278220942449122,0.753875823620308
7,4,214,0.363515607704228,0.636484392295771,0.753875823620308
7,4,215,0.359106264039645,0.640893735960355,0.753875823620308
7,4,216,0.797278858524034,0.202721141475966,0.753875823620308
7,4,217,0.706804708308274,0.293195291691726,0.753875823620308
7,4,218,0.30891165667891,0.69108834332109,0.753875823620308
7,4,219,0.615735651019519,0.384264348980481,0.753875823620308
7,4,220,0.363862496431921,0.636137503568079,0.753875823620308
7,4,221,0.186905815788461,0.813094184211539,0.753875823620308
7,4,222,0.296085803891671,0.703914196108329,0.753875823620308
7,4,223,0.285280077238025,0.714719922761975,0.753875823620308
7,4,224,0.290728549085222,0.709271450914778,0.753875823620308
7,4,225,0.73876698014629,0.26123301985371,0.753875823620308
7,4,226,0.794075716774909,0.205924283225091,0.753875823620308
7,4,227,0.786632499629387,0.213367500370613,0.753875823620308
7,4,228,0.222737819025522,0.777262180974478,0.753875823620308
7,4,229,1,0,0.753875823620308
7,4,230,0.269034440945806,0.730965559054194,0.753875823620308
7,4,231,0.714102922947739,0.285897077052261,0.753875823620308
7,4,232,0.676010846159981,0.323989153840019,0.753875823620308
7,4,233,0.703982777179763,0.296017222820237,0.753875823620308
7,4,234,0.345094630368644,0.654905369631356,0.753875823620308
7,4,235,0.895169744375454,0.104830255624546,0.753875823620308
7,4,236,0.72063764944909,0.27936235055091,0.753875823620308
7,4,237,0.858984689766317,0.141015310233683,0.753875823620308
7,4,238,0.51712543009071,0.48287456990929,0.753875823620308
7,4,239,0.748516894506061,0.251483105493939,0.753875823620308
7,4,240,0.649141082217466,0.350858917782534,0.753875823620308
7,4,241,0.358771999052956,0.641228000947044,0.753875823620308
7,4,242,0.284666177549523,0.715333822450477,0.753875823620308
7,4,243,0.610140349474189,0.389859650525811,0.753875823620308
7,4,244,0.337417237830806,0.662582762169194,0.753875823620308
7,4,245,0.761638230525747,0.238361769474253,0.753875823620308
7,4,246,0.377350457674023,0.622649542325977,0.753875823620308
7,4,247,0.494466396095189,0.505533603904811,0.753875823620308
7,4,248,0.604050864235133,0.395949135764867,0.753875823620308
7,4,249,0.94304795654121,0.0569520434587901,0.753875823620308
7,4,250,0.303487776660914,0.696512223339086,0.753875823620308
7,4,251,0.690527448869752,0.309472551130248,0.753875823620308
7,4,252,0.493197146310085,0.506802853689915,0.753875823620308
7,4,253,0.653285392548105,0.346714607451895,0.753875823620308
7,4,254,0.329304245283019,0.670695754716981,0.753875823620308
7,4,255,0.667852178889706,0.332147821110294,0.753875823620308
7,4,256,0.59581979379789,0.40418020620211,0.753875823620308
7,4,257,0.32380843306801,0.67619156693199,0.753875823620308
7,4,258,0.696076438300468,0.303923561699532,0.753875823620308
7,4,259,0.298007246376812,0.701992753623188,0.753875823620308
7,4,260,0.590384098845017,0.409615901154983,0.753875823620308
7,4,261,0.46447849391087,0.53552150608913,0.753875823620308
7,4,262,0.279117599612841,0.720882400387159,0.753875823620308
7,4,263,0.194823678245744,0.805176321754256,0.753875823620308
7,4,264,0.479312692754436,0.520687307245564,0.753875823620308
7,4,265,0.453824207605425,0.546175792394575,0.753875823620308
7,4,266,0.366038123267513,0.633961876732487,0.753875823620308
7,4,267,0.49105001288481,0.50894998711519,0.753875823620308
7,4,268,0.262430369300598,0.737569630699402,0.753875823620308
7,4,269,0.400184558597355,0.599815441402645,0.753875823620308
7,4,270,0.214166340717562,0.785833659282438,0.753875823620308
7,4,271,0.457147099216807,0.542852900783193,0.753875823620308
7,4,272,0.305190908408972,0.694809091591028,0.753875823620308
7,4,273,0.832124630674187,0.167875369325813,0.753875823620308
7,4,274,0.298951475249939,0.701048524750061,0.753875823620308
7,4,275,0.338728043157679,0.661271956842321,0.753875823620308
7,4,276,0.418034795393286,0.581965204606714,0.753875823620308
7,4,277,0.279328429129563,0.720671570870437,0.753875823620308
7,4,278,0.439470573416274,0.560529426583726,0.753875823620308
7,4,279,0.260155082876859,0.739844917123141,0.753875823620308
7,4,280,0.415210524211284,0.584789475788716,0.753875823620308
7,4,281,0.571772299348827,0.428227700651173,0.753875823620308
7,4,282,0.553273377056906,0.446726622943094,0.753875823620308
7,4,283,0.30906825012829,0.69093174987171,0.753875823620308
7,4,284,0.611213015391977,0.388786984608023,0.753875823620308
7,4,285,0.683447604132847,0.316552395867153,0.753875823620308
7,4,286,0.262430369300598,0.737569630699402,0.753875823620308
7,4,287,0.696660888778834,0.303339111221166,0.753875823620308
7,4,288,0.171622769753611,0.828377230246389,0.753875823620308
7,4,289,0.362047487826054,0.637952512173946,0.753875823620308
7,4,290,0.234092694422624,0.765907305577376,0.753875823620308
7,4,291,0.837821114193896,0.162178885806104,0.753875823620308
7,4,292,0.346612534889622,0.653387465110378,0.753875823620308
7,4,293,0.361468999130993,0.638531000869007,0.753875823620308
7,4,294,0.79439195118467,0.20560804881533,0.753875823620308
7,4,295,0.257472479749249,0.742527520250751,0.753875823620308
7,4,296,0.325399571023317,0.674600428976683,0.753875823620308
7,4,297,0.656680469872391,0.343319530127609,0.753875823620308
7,4,298,0.344025950621734,0.655974049378266,0.753875823620308
7,4,299,0.740317086504899,0.259682913495101,0.753875823620308
7,4,300,0.349524652630769,0.650475347369231,0.753875823620308
7,4,301,0.187562495192677,0.812437504807322,0.753875823620308
7,4,302,0.243951612903226,0.756048387096774,0.753875823620308
7,4,303,0.444401274380294,0.555598725619706,0.753875823620308
7,4,304,0.171622769753611,0.828377230246389,0.753875823620308
7,4,305,0.199414957084023,0.800585042915977,0.753875823620308
7,4,306,0.920219294656738,0.0797807053432615,0.753875823620308
7,4,307,0.510270441747958,0.489729558252042,0.753875823620308
7,4,308,0.31570636109649,0.684293638903511,0.753875823620308
7,4,309,0.281216999740979,0.718783000259021,0.753875823620308
7,4,310,0.675840169356973,0.324159830643027,0.753875823620308
7,4,311,0.449603933351543,0.550396066648457,0.753875823620308
7,4,312,0.695638312710463,0.304361687289537,0.753875823620308
7,4,313,0.610140349474189,0.389859650525811,0.753875823620308
7,4,314,0.2139374929141,0.7860625070859,0.753875823620308
7,4,315,0.648865565673715,0.351134434326285,0.753875823620308
7,4,316,0.430345983843926,0.569654016156074,0.753875823620308
7,4,317,0.642405966013285,0.357594033986715,0.753875823620308
7,4,318,0.942537767911518,0.057462232088482,0.753875823620308
7,4,319,0.491147777911598,0.508852222088402,0.753875823620308
7,4,320,0.5068684375569,0.4931315624431,0.753875823620308
7,4,321,0.408194233687405,0.591805766312595,0.753875823620308
7,4,322,0.269745661902154,0.730254338097846,0.753875823620308
7,4,323,0.352971538121221,0.647028461878779,0.753875823620308
7,4,324,0.533222465794845,0.466777534205155,0.753875823620308
7,4,325,0.336110272305807,0.663889727694193,0.753875823620308
7,4,326,0.372426049659085,0.627573950340915,0.753875823620308
7,4,327,0.186737566468564,0.813262433531436,0.753875823620308
7,4,328,0.495576594753997,0.504423405246003,0.753875823620308
7,4,329,0.639742329491979,0.360257670508021,0.753875823620308
7,4,330,0.319434439549026,0.680565560450974,0.753875823620308
7,4,331,0.214026602176542,0.785973397823458,0.753875823620308
7,4,332,0.576184848608338,0.423815151391662,0.753875823620308
7,4,333,0.50617777600064,0.49382222399936,0.753875823620308
7,4,334,0.495712535728869,0.504287464271131,0.753875823620308
7,4,335,0.72612709235071,0.27387290764929,0.753875823620308
7,4,336,0.987301711338595,0.012698288661405,0.753875823620308
7,4,337,0.33968253968254,0.66031746031746,0.753875823620308
7,4,338,0.773048976125319,0.226951023874681,0.753875823620308
7,4,339,0.348031310230893,0.651968689769107,0.753875823620308
7,4,340,0.320980866505388,0.679019133494612,0.753875823620308
7,4,341,1,0,0.753875823620308
7,4,342,0.195194797829909,0.804805202170091,0.753875823620308
7,4,343,0.38054394839088,0.61945605160912,0.753875823620308
7,4,344,0.918497656204788,0.0815023437952122,0.753875823620308
7,4,345,0.842526043769684,0.157473956230316,0.753875823620308
7,4,346,0.922778393790591,0.0772216062094091,0.753875823620308
7,4,347,0.26146237134073,0.73853762865927,0.753875823620308
7,4,348,0.293946535090949,0.706053464909051,0.753875823620308
7,4,349,0.319682250013419,0.680317749986581,0.753875823620308
7,4,350,1,0,0.753875823620308
7,4,351,0.440376051459674,0.559623948540326,0.753875823620308
7,4,352,0.433431923687149,0.566568076312851,0.753875823620308
7,4,353,0.900191938579655,0.0998080614203455,0.753875823620308
7,4,354,0.23703492921676,0.76296507078324,0.753875823620308
7,4,355,0.647337661101487,0.352662338898513,0.753875823620308
7,4,356,0.713969998630968,0.286030001369032,0.753875823620308
7,4,357,0.226880761225097,0.773119238774903,0.753875823620308
7,4,358,0.53286636840294,0.46713363159706,0.753875823620308
7,4,359,0.610140349474189,0.389859650525811,0.753875823620308
7,4,360,0.441723621212675,0.558276378787325,0.753875823620308
7,4,361,0.434183634849746,0.565816365150254,0.753875823620308
7,4,362,0.586836169776502,0.413163830223498,0.753875823620308
7,4,363,0.527302436659424,0.472697563340576,0.753875823620308
7,4,364,0.351931498279637,0.648068501720363,0.753875823620308
7,4,365,0.424579500404141,0.575420499595859,0.753875823620308
7,4,366,0.601920265518195,0.398079734481805,0.753875823620308
7,4,367,0.442628573734439,0.557371426265561,0.753875823620308
7,4,368,0.657006007468745,0.342993992531255,0.753875823620308
7,4,369,0.712985716479803,0.287014283520197,0.753875823620308
7,4,370,0.332253348611166,0.667746651388834,0.753875823620308
7,4,371,0.482885749767153,0.517114250232847,0.753875823620308
7,4,372,0.426040562898518,0.573959437101482,0.753875823620308
7,4,373,0.517465030866609,0.482534969133391,0.753875823620308
7,4,374,0.374554526015681,0.625445473984319,0.753875823620308
7,4,375,0.411647007260324,0.588352992739676,0.753875823620308
7,4,376,0.838536060279871,0.161463939720129,0.753875823620308
7,4,377,0.85658121715409,0.14341878284591,0.753875823620308
7,4,378,0.710164464815314,0.289835535184686,0.753875823620308
7,4,379,0.772267713067329,0.227732286932671,0.753875823620308
7,4,380,0.747778510729114,0.252221489270886,0.753875823620308
7,4,381,0.644644434164599,0.355355565835401,0.753875823620308
7,4,382,0.242620403935785,0.757379596064215,0.753875823620308
7,4,383,0.278370106619191,0.721629893380809,0.753875823620308
7,4,384,0.666242195202103,0.333757804797897,0.753875823620308
7,4,385,0.658817233074659,0.341182766925341,0.753875823620308
7,4,386,0.319682250013419,0.680317749986581,0.753875823620308
7,4,387,0.784087935095525,0.215912064904475,0.753875823620308
7,4,388,0.247942531742359,0.752057468257641,0.753875823620308
7,4,389,0.352635697517251,0.647364302482749,0.753875823620308
7,4,390,0.820246791142982,0.179753208857018,0.753875823620308
7,4,391,0.334217684790274,0.665782315209726,0.753875823620308
7,4,392,0.30933256492454,0.69066743507546,0.753875823620308
7,4,393,0.267270229330327,0.732729770669673,0.753875823620308
7,4,394,0.195194797829909,0.804805202170091,0.753875823620308
7,4,395,0.375048073225137,0.624951926774863,0.753875823620308
7,4,396,0.498561877369093,0.501438122630907,0.753875823620308
7,4,397,0.868228997729484,0.131771002270516,0.753875823620308
7,4,398,0.364638723803566,0.635361276196434,0.753875823620308
7,4,399,0.843039401134946,0.156960598865054,0.753875823620308
7,4,400,0.391563007030827,0.608436992969173,0.753875823620308
10,2,1,0.838485240035782,0.161514759964218,0.91829583405449
10,2,2,0.235833529273454,0.764166470726546,0.91829583405449
10,2,3,0.456273764258555,0.543726235741445,0.91829583405449
10,2,4,1,0,0.91829583405449
10,2,5,0.846073695178555,0.153926304821445,0.91829583405449
10,2,6,0.197134387351779,0.802865612648221,0.91829583405449
10,2,7,1,0,0.91829583405449
10,2,8,0.235833529273454,0.764166470726546,0.91829583405449
10,2,9,0.575645756457565,0.424354243542435,0.91829583405449
10,2,10,0.235833529273454,0.764166470726546,0.91829583405449
10,2,11,0.336050742261221,0.663949257738779,0.91829583405449
10,2,12,0.191224623444663,0.808775376555337,0.91829583405449
10,2,13,0.308552671570117,0.691447328429883,0.91829583405449
10,2,14,0.158997606864214,0.841002393135786,0.91829583405449
10,2,15,0.0942902042954428,0.905709795704557,0.91829583405449
10,2,16,0.0677290836653386,0.932270916334661,0.91829583405449
10,2,17,0.308552671570117,0.691447328429883,0.91829583405449
10,2,18,0.576223141901468,0.423776858098532,0.91829583405449
10,2,19,0.395297699594046,0.604702300405954,0.91829583405449
10,2,20,0.182969473584727,0.817030526415273,0.91829583405449
10,2,21,0.0500525360588405,0.94994746394116,0.91829583405449
10,2,22,0.50016716817118,0.49983283182882,0.91829583405449
10,2,23,1,0,0.91829583405449
10,2,24,1,0,0.91829583405449
10,2,25,0.336118848653668,0.663881151346332,0.91829583405449
10,2,26,0.121621621621622,0.878378378378379,0.91829583405449
10,2,27,0.701446834570925,0.298553165429075,0.91829583405449
10,2,28,0.845123043784907,0.154876956215093,0.91829583405449
10,2,29,0.0942902042954428,0.905709795704557,0.91829583405449
10,2,30,0.842907136366273,0.157092863633727,0.91829583405449
10,2,31,0.846015351085,0.153984648915001,0.91829583405449
10,2,32,1,0,0.91829583405449
10,2,33,0.568791462359388,0.431208537640612,0.91829583405449
10,2,34,1,0,0.91829583405449
10,2,35,0.575645756457565,0.424354243542435,0.91829583405449
10,2,36,0.434354899735149,0.565645100264851,0.91829583405449
10,2,37,0.629101283880171,0.370898716119829,0.91829583405449
10,2,38,0.0128854118729865,0.987114588127013,0.91829583405449
10,2,39,1,0,0.91829583405449
10,2,40,0.0942902042954428,0.905709795704557,0.91829583405449
10,2,41,0.576223141901468,0.423776858098532,0.91829583405449
10,2,42,0.574195385929934,0.425804614070066,0.91829583405449
10,2,43,0.0460431654676257,0.953956834532374,0.91829583405449
10,2,44,0.356775300171527,0.643224699828473,0.91829583405449
10,2,45,0.0280373831775702,0.97196261682243,0.91829583405449
10,2,46,0.44184231069477,0.55815768930523,0.91829583405449
10,2,47,1,0,0.91829583405449
10,2,48,0.572539600846343,0.427460399153657,0.91829583405449
10,2,49,0.25629290617849,0.74370709382151,0.91829583405449
10,2,50,0.357792122250033,0.642207877749967,0.91829583405449
10,2,51,0.846015351085,0.153984648915001,0.91829583405449
10,2,52,0.146375180204199,0.853624819795802,0.91829583405449
10,2,53,1,0,0.91829583405449
10,2,54,0.846190250828206,0.153809749171794,0.91829583405449
10,2,55,0.557561408700799,0.442438591299201,0.91829583405449
10,2,56,0.838485240035782,0.161514759964218,0.91829583405449
10,2,57,0.259070282476062,0.740929717523938,0.91829583405449
10,2,58,0.308552671570117,0.691447328429883,0.91829583405449
10,2,59,0.575002368994599,0.424997631005401,0.91829583405449
10,2,60,1,0,0.91829583405449
10,2,61,0.235833529273454,0.764166470726546,0.91829583405449
10,2,62,0.694548872180451,0.305451127819549,0.91829583405449
10,2,63,0.336118848653668,0.663881151346332,0.91829583405449
10,2,64,0.576223141901468,0.423776858098532,0.91829583405449
10,2,65,0.662337662337662,0.337662337662338,0.91829583405449
10,2,66,0.842907136366273,0.157092863633727,0.91829583405449
10,2,67,0.568791462359388,0.431208537640612,0.91829583405449
10,2,68,1,0,0.91829583405449
10,2,69,0.336050742261221,0.663949257738779,0.91829583405449
10,2,70,0.575002368994599,0.424997631005401,0.91829583405449
10,2,71,1,0,0.91829583405449
10,2,72,0.265536723163842,0.734463276836158,0.91829583405449
10,2,73,0.174228675136116,0.825771324863884,0.91829583405449
10,2,74,0.0942902042954428,0.905709795704557,0.91829583405449
10,2,75,1,0,0.91829583405449
10,2,76,0.239384821130057,0.760615178869943,0.91829583405449
10,2,77,0.434354899735149,0.565645100264851,0.91829583405449
10,2,78,0.704880817253121,0.295119182746879,0.91829583405449
10,2,79,0.846073695178555,0.153926304821445,0.91829583405449
10,2,80,0.25629290617849,0.74370709382151,0.91829583405449
10,2,81,1,0,0.91829583405449
10,2,82,0.846015351085,0.153984648915001,0.91829583405449
10,2,83,1,0,0.91829583405449
10,2,84,0.121621621621622,0.878378378378379,0.91829583405449
10,2,85,0.0677290836653386,0.932270916334661,0.91829583405449
10,2,86,1,0,0.91829583405449
10,2,87,0.846015351085,0.153984648915001,0.91829583405449
10,2,88,0.458948164964056,0.541051835035944,0.91829583405449
10,2,89,1,0,0.91829583405449
10,2,90,0.816363430896146,0.183636569103854,0.91829583405449
10,2,91,0.187270847043339,0.812729152956661,0.91829583405449
10,2,92,0.684338324564953,0.315661675435047,0.91829583405449
10,2,93,1,0,0.91829583405449
10,2,94,0.846190250828206,0.153809749171794,0.91829583405449
10,2,95,0.434354899735149,0.565645100264851,0.91829583405449
10,2,96,0.452652530046697,0.547347469953303,0.91829583405449
10,2,97,0.12751677852349,0.87248322147651,0.91829583405449
10,2,98,1,0,0.91829583405449
10,2,99,0.190012180267966,0.809987819732034,0.91829583405449
10,2,100,0.336050742261221,0.663949257738779,0.91829583405449
10,2,101,0.12751677852349,0.87248322147651,0.91829583405449
10,2,102,0.343813094894722,0.656186905105278,0.91829583405449
10,2,103,0.308552671570117,0.691447328429883,0.91829583405449
10,2,104,0.187270847043339,0.812729152956661,0.91829583405449
10,2,105,1,0,0.91829583405449
10,2,106,0.12751677852349,0.87248322147651,0.91829583405449
10,2,107,0.791029037318999,0.208970962681001,0.91829583405449
10,2,108,1,0,0.91829583405449
10,2,109,0.557561408700799,0.442438591299201,0.91829583405449
10,2,110,0.174228675136116,0.825771324863884,0.91829583405449
10,2,111,0.575002368994599,0.424997631005401,0.91829583405449
10,2,112,0.259070282476062,0.740929717523938,0.91829583405449
10,2,113,0.536836235206642,0.463163764793358,0.91829583405449
10,2,114,0.42863992328592,0.57136007671408,0.91829583405449
10,2,115,0.846190250828206,0.153809749171794,0.91829583405449
10,2,116,1,0,0.91829583405449
10,2,117,0.197134387351779,0.802865612648221,0.91829583405449
10,2,118,0.704769114307343,0.295230885692657,0.91829583405449
10,2,119,0.25629290617849,0.74370709382151,0.91829583405449
10,2,120,1,0,0.91829583405449
10,2,121,0.336050742261221,0.663949257738779,0.91829583405449
10,2,122,0.158997606864214,0.841002393135786,0.91829583405449
10,2,123,0.174228675136116,0.825771324863884,0.91829583405449
10,2,124,1,0,0.91829583405449
10,2,125,0.704097116843703,0.295902883156297,0.91829583405449
10,2,126,0.259070282476062,0.740929717523938,0.91829583405449
10,2,127,0.308552671570117,0.691447328429883,0.91829583405449
10,2,128,0.187270847043339,0.812729152956661,0.91829583405449
10,2,129,0.12751677852349,0.87248322147651,0.91829583405449
10,2,130,0.395297699594046,0.604702300405954,0.91829583405449
10,2,131,0.0460431654676257,0.953956834532374,0.91829583405449
10,2,132,1,0,0.91829583405449
10,2,133,0.308552671570117,0.691447328429883,0.91829583405449
10,2,134,0.326723882805564,0.673276117194436,0.91829583405449
10,2,135,-0.086350974930362,1.08635097493036,0.91829583405449
10,2,136,0.261363636363636,0.738636363636364,0.91829583405449
10,2,137,0.629101283880171,0.370898716119829,0.91829583405449
10,2,138,0.25629290617849,0.74370709382151,0.91829583405449
10,2,139,1,0,0.91829583405449
10,2,140,0.42863992328592,0.57136007671408,0.91829583405449
10,2,141,0.695550351288056,0.304449648711944,0.91829583405449
10,2,142,0.704880817253121,0.295119182746879,0.91829583405449
10,2,143,0.0942902042954428,0.905709795704557,0.91829583405449
10,2,144,0.350309376487387,0.649690623512613,0.91829583405449
10,2,145,1,0,0.91829583405449
10,2,146,0.336050742261221,0.663949257738779,0.91829583405449
10,2,147,0.336050742261221,0.663949257738779,0.91829583405449
10,2,148,0.0942902042954428,0.905709795704557,0.91829583405449
10,2,149,0.0500525360588405,0.94994746394116,0.91829583405449
10,2,150,0.0677290836653386,0.932270916334661,0.91829583405449
10,2,151,0.191224623444663,0.808775376555337,0.91829583405449
10,2,152,0.838485240035782,0.161514759964218,0.91829583405449
10,2,153,0.0677290836653386,0.932270916334661,0.91829583405449
10,2,154,0.0677290836653386,0.932270916334661,0.91829583405449
10,2,155,0.459724950884086,0.540275049115914,0.91829583405449
10,2,156,0.701446834570925,0.298553165429075,0.91829583405449
10,2,157,0.0460431654676257,0.953956834532374,0.91829583405449
10,2,158,0.846073695178555,0.153926304821445,0.91829583405449
10,2,159,1,0,0.91829583405449
10,2,160,0.452652530046697,0.547347469953303,0.91829583405449
10,2,161,0.42863992328592,0.57136007671408,0.91829583405449
10,2,162,0.684338324564953,0.315661675435047,0.91829583405449
10,2,163,0.704769114307343,0.295230885692657,0.91829583405449
10,2,164,0.0128854118729865,0.987114588127013,0.91829583405449
10,2,165,0.554219262498758,0.445780737501242,0.91829583405449
10,2,166,0.395297699594046,0.604702300405954,0.91829583405449
10,2,167,0.384681583476764,0.615318416523236,0.91829583405449
10,2,168,0.197134387351779,0.802865612648221,0.91829583405449
10,2,169,0.70073664825046,0.29926335174954,0.91829583405449
10,2,170,0.846015351085,0.153984648915001,0.91829583405449
10,2,171,0.459724950884086,0.540275049115914,0.91829583405449
10,2,172,0.0677290836653386,0.932270916334661,0.91829583405449
10,2,173,0.308552671570117,0.691447328429883,0.91829583405449
10,2,174,0.42863992328592,0.57136007671408,0.91829583405449
10,2,175,1,0,0.91829583405449
10,2,176,0.842907136366273,0.157092863633727,0.91829583405449
10,2,177,0.704545454545454,0.295454545454546,0.91829583405449
10,2,178,0.336118848653668,0.663881151346332,0.91829583405449
10,2,179,0.842907136366273,0.157092863633727,0.91829583405449
10,2,180,0.536836235206642,0.463163764793358,0.91829583405449
10,2,181,0.265536723163842,0.734463276836158,0.91829583405449
10,2,182,0.57516339869281,0.42483660130719,0.91829583405449
10,2,183,1,0,0.91829583405449
10,2,184,0.336118848653668,0.663881151346332,0.91829583405449
10,2,185,1,0,0.91829583405449
10,2,186,1,0,0.91829583405449
10,2,187,0.554219262498758,0.445780737501242,0.91829583405449
10,2,188,0.846015351085,0.153984648915001,0.91829583405449
10,2,189,0.695550351288056,0.304449648711944,0.91829583405449
10,2,190,0.075416968817984,0.924583031182016,0.91829583405449
10,2,191,0.57516339869281,0.42483660130719,0.91829583405449
10,2,192,0.576127020130422,0.423872979869578,0.91829583405449
10,2,193,0.704880817253121,0.295119182746879,0.91829583405449
10,2,194,0.846015351085,0.153984648915001,0.91829583405449
10,2,195,0.846190250828206,0.153809749171794,0.91829583405449
10,2,196,0.384681583476764,0.615318416523236,0.91829583405449
10,2,197,0.12751677852349,0.87248322147651,0.91829583405449
10,2,198,0.846073695178555,0.153926304821445,0.91829583405449
10,2,199,0.434354899735149,0.565645100264851,0.91829583405449
10,2,200,0.227027027027027,0.772972972972973,0.91829583405449
10,2,201,1,0,0.91829583405449
10,2,202,0.845123043784907,0.154876956215093,0.91829583405449
10,2,203,0.0677290836653386,0.932270916334661,0.91829583405449
10,2,204,0.557561408700799,0.442438591299201,0.91829583405449
10,2,205,1,0,0.91829583405449
10,2,206,1,0,0.91829583405449
10,2,207,0.704433497536946,0.295566502463054,0.91829583405449
10,2,208,0.576223141901468,0.423776858098532,0.91829583405449
10,2,209,0.124166717322148,0.875833282677852,0.91829583405449
10,2,210,0.664371772805508,0.335628227194492,0.91829583405449
10,2,211,0.0677290836653386,0.932270916334661,0.91829583405449
10,2,212,0.704769114307343,0.295230885692657,0.91829583405449
10,2,213,1,0,0.91829583405449
10,2,214,0.12751677852349,0.87248322147651,0.91829583405449
10,2,215,0.0677290836653386,0.932270916334661,0.91829583405449
10,2,216,0.174228675136116,0.825771324863884,0.91829583405449
10,2,217,0.845123043784907,0.154876956215093,0.91829583405449
10,2,218,0.44184231069477,0.55815768930523,0.91829583405449
10,2,219,0.355122172458756,0.644877827541244,0.91829583405449
10,2,220,0.197134387351779,0.802865612648221,0.91829583405449
10,2,221,0.70360237118103,0.29639762881897,0.91829583405449
10,2,222,0.12751677852349,0.87248322147651,0.91829583405449
10,2,223,0.146375180204199,0.853624819795802,0.91829583405449
10,2,224,0.42863992328592,0.57136007671408,0.91829583405449
10,2,225,0.704276615104641,0.295723384895359,0.91829583405449
10,2,226,0.447022428460944,0.552977571539056,0.91829583405449
10,2,227,0.191224623444663,0.808775376555337,0.91829583405449
10,2,228,0.50016716817118,0.49983283182882,0.91829583405449
10,2,229,0.838485240035782,0.161514759964218,0.91829583405449
10,2,230,0.0942902042954428,0.905709795704557,0.91829583405449
10,2,231,0.536836235206642,0.463163764793358,0.91829583405449
10,2,232,1,0,0.91829583405449
10,2,233,0.235833529273454,0.764166470726546,0.91829583405449
10,2,234,0.158997606864214,0.841002393135786,0.91829583405449
10,2,235,0.395297699594046,0.604702300405954,0.91829583405449
10,2,236,0.258555133079848,0.741444866920152,0.91829583405449
10,2,237,0.846073695178555,0.153926304821445,0.91829583405449
10,2,238,0.447022428460944,0.552977571539056,0.91829583405449
10,2,239,0.336050742261221,0.663949257738779,0.91829583405449
10,2,240,1,0,0.91829583405449
10,2,241,0.447022428460944,0.552977571539056,0.91829583405449
10,2,242,0.536836235206642,0.463163764793358,0.91829583405449
10,2,243,0.12751677852349,0.87248322147651,0.91829583405449
10,2,244,0.259070282476062,0.740929717523938,0.91829583405449
10,2,245,0.308552671570117,0.691447328429883,0.91829583405449
10,2,246,1,0,0.91829583405449
10,2,247,0.557561408700799,0.442438591299201,0.91829583405449
10,2,248,1,0,0.91829583405449
10,2,249,1,0,0.91829583405449
10,2,250,0.0942902042954428,0.905709795704557,0.91829583405449
10,2,251,0.574195385929934,0.425804614070066,0.91829583405449
10,2,252,0.846073695178555,0.153926304821445,0.91829583405449
10,2,253,0.434354899735149,0.565645100264851,0.91829583405449
10,2,254,0.845123043784907,0.154876956215093,0.91829583405449
10,2,255,0.104134762633997,0.895865237366003,0.91829583405449
10,2,256,0.12751677852349,0.87248322147651,0.91829583405449
10,2,257,0.11864406779661,0.88135593220339,0.91829583405449
10,2,258,0.566423696370913,0.433576303629087,0.91829583405449
10,2,259,1,0,0.91829583405449
10,2,260,0.695550351288056,0.304449648711944,0.91829583405449
10,2,261,0.261363636363636,0.738636363636364,0.91829583405449
10,2,262,1,0,0.91829583405449
10,2,263,0.395297699594046,0.604702300405954,0.91829583405449
10,2,264,0.704097116843703,0.295902883156297,0.91829583405449
10,2,265,0.421286928369081,0.578713071630919,0.91829583405449
10,2,266,0.684338324564953,0.315661675435047,0.91829583405449
10,2,267,0.0677290836653386,0.932270916334661,0.91829583405449
10,2,268,1,0,0.91829583405449
10,2,269,1,0,0.91829583405449
10,2,270,0.704097116843703,0.295902883156297,0.91829583405449
10,2,271,0.493163069273364,0.506836930726636,0.91829583405449
10,2,272,0.846015351085,0.153984648915001,0.91829583405449
10,2,273,1,0,0.91829583405449
10,2,274,0.395297699594046,0.604702300405954,0.91829583405449
10,2,275,0.336118848653668,0.663881151346332,0.91829583405449
10,2,276,0.42863992328592,0.57136007671408,0.91829583405449
10,2,277,0.245939675174014,0.754060324825986,0.91829583405449
10,2,278,0.447022428460944,0.552977571539056,0.91829583405449
10,2,279,0.842907136366273,0.157092863633727,0.91829583405449
10,2,280,0.70073664825046,0.29926335174954,0.91829583405449
10,2,281,0.846015351085,0.153984648915001,0.91829583405449
10,2,282,0.459724950884086,0.540275049115914,0.91829583405449
10,2,283,0.0942902042954428,0.905709795704557,0.91829583405449
10,2,284,0.187270847043339,0.812729152956661,0.91829583405449
10,2,285,0.456273764258555,0.543726235741445,0.91829583405449
10,2,286,0.235833529273454,0.764166470726546,0.91829583405449
10,2,287,0.0942902042954428,0.905709795704557,0.91829583405449
10,2,288,0.704769114307343,0.295230885692657,0.91829583405449
10,2,289,0.265536723163842,0.734463276836158,0.91829583405449
10,2,290,0.107551487414188,0.892448512585812,0.91829583405449
10,2,291,1,0,0.91829583405449
10,2,292,0.0280373831775702,0.97196261682243,0.91829583405449
10,2,293,0.395297699594046,0.604702300405954,0.91829583405449
10,2,294,0.842907136366273,0.157092863633727,0.91829583405449
10,2,295,0.227027027027027,0.772972972972973,0.91829583405449
10,2,296,0.174228675136116,0.825771324863884,0.91829583405449
10,2,297,1,0,0.91829583405449
10,2,298,0.146375180204199,0.853624819795802,0.91829583405449
10,2,299,1,0,0.91829583405449
10,2,300,0.846015351085,0.153984648915001,0.91829583405449
10,2,301,0.845123043784907,0.154876956215093,0.91829583405449
10,2,302,0.830464267083985,0.169535732916015,0.91829583405449
10,2,303,1,0,0.91829583405449
10,2,304,0.0460431654676257,0.953956834532374,0.91829583405449
10,2,305,1,0,0.91829583405449
10,2,306,0.197134387351779,0.802865612648221,0.91829583405449
10,2,307,0.197134387351779,0.802865612648221,0.91829583405449
10,2,308,0.842907136366273,0.157092863633727,0.91829583405449
10,2,309,0.704097116843703,0.295902883156297,0.91829583405449
10,2,310,1,0,0.91829583405449
10,2,311,0.456273764258555,0.543726235741445,0.91829583405449
10,2,312,0.245939675174014,0.754060324825986,0.91829583405449
10,2,313,0.235833529273454,0.764166470726546,0.91829583405449
10,2,314,0.704097116843703,0.295902883156297,0.91829583405449
10,2,315,-0.0867488296551066,1.08674882965511,0.91829583405449
10,2,316,0.197134387351779,0.802865612648221,0.91829583405449
10,2,317,0.701446834570925,0.298553165429075,0.91829583405449
10,2,318,-0.0796404455348808,1.07964044553488,0.91829583405449
10,2,319,0.845945279763372,0.154054720236628,0.91829583405449
10,2,320,0.576127020130422,0.423872979869578,0.91829583405449
10,2,321,0.838485240035782,0.161514759964218,0.91829583405449
10,2,322,0.336118848653668,0.663881151346332,0.91829583405449
10,2,323,0.308552671570117,0.691447328429883,0.91829583405449
10,2,324,0.845123043784907,0.154876956215093,0.91829583405449
10,2,325,0.845123043784907,0.154876956215093,0.91829583405449
10,2,326,0.846190250828206,0.153809749171794,0.91829583405449
10,2,327,0.447022428460944,0.552977571539056,0.91829583405449
10,2,328,0.42863992328592,0.57136007671408,0.91829583405449
10,2,329,0.576223141901468,0.423776858098532,0.91829583405449
10,2,330,0.424354243542435,0.575645756457565,0.91829583405449
10,2,331,0.816363430896146,0.183636569103854,0.91829583405449
10,2,332,1,0,0.91829583405449
10,2,333,0.350309376487387,0.649690623512613,0.91829583405449
10,2,334,0.845123043784907,0.154876956215093,0.91829583405449
10,2,335,0.42863992328592,0.57136007671408,0.91829583405449
10,2,336,0.0460431654676257,0.953956834532374,0.91829583405449
10,2,337,0.684338324564953,0.315661675435047,0.91829583405449
10,2,338,0.308552671570117,0.691447328429883,0.91829583405449
10,2,339,1,0,0.91829583405449
10,2,340,0.845123043784907,0.154876956215093,0.91829583405449
10,2,341,0.842907136366273,0.157092863633727,0.91829583405449
10,2,342,0.846190250828206,0.153809749171794,0.91829583405449
10,2,343,0.336050742261221,0.663949257738779,0.91829583405449
10,2,344,0.174228675136116,0.825771324863884,0.91829583405449
10,2,345,0.846190250828206,0.153809749171794,0.91829583405449
10,2,346,0.235833529273454,0.764166470726546,0.91829583405449
10,2,347,0.846190250828206,0.153809749171794,0.91829583405449
10,2,348,0.259070282476062,0.740929717523938,0.91829583405449
10,2,349,0.239384821130057,0.760615178869943,0.91829583405449
10,2,350,0.235833529273454,0.764166470726546,0.91829583405449
10,2,351,1,0,0.91829583405449
10,2,352,0.25629290617849,0.74370709382151,0.91829583405449
10,2,353,0.395297699594046,0.604702300405954,0.91829583405449
10,2,354,0.846073695178555,0.153926304821445,0.91829583405449
10,2,355,1,0,0.91829583405449
10,2,356,0.701446834570925,0.298553165429075,0.91829583405449
10,2,357,0.846190250828206,0.153809749171794,0.91829583405449
10,2,358,0.146375180204199,0.853624819795802,0.91829583405449
10,2,359,0.190012180267966,0.809987819732034,0.91829583405449
10,2,360,0.536836235206642,0.463163764793358,0.91829583405449
10,2,361,0.846015351085,0.153984648915001,0.91829583405449
10,2,362,0.704433497536946,0.295566502463054,0.91829583405449
10,2,363,0.842907136366273,0.157092863633727,0.91829583405449
10,2,364,1,0,0.91829583405449
10,2,365,0.452652530046697,0.547347469953303,0.91829583405449
10,2,366,0.70073664825046,0.29926335174954,0.91829583405449
10,2,367,1,0,0.91829583405449
10,2,368,1,0,0.91829583405449
10,2,369,0.0942902042954428,0.905709795704557,0.91829583405449
10,2,370,0.235833529273454,0.764166470726546,0.91829583405449
10,2,371,0.842907136366273,0.157092863633727,0.91829583405449
10,2,372,0.187270847043339,0.812729152956661,0.91829583405449
10,2,373,0.259070282476062,0.740929717523938,0.91829583405449
10,2,374,0.259070282476062,0.740929717523938,0.91829583405449
10,2,375,0.704769114307343,0.295230885692657,0.91829583405449
10,2,376,1,0,0.91829583405449
10,2,377,1,0,0.91829583405449
10,2,378,1,0,0.91829583405449
10,2,379,0.447022428460944,0.552977571539056,0.91829583405449
10,2,380,0.0677290836653386,0.932270916334661,0.91829583405449
10,2,381,0.842907136366273,0.157092863633727,0.91829583405449
10,2,382,0.265536723163842,0.734463276836158,0.91829583405449
10,2,383,0.0460431654676257,0.953956834532374,0.91829583405449
10,2,384,0.572539600846343,0.427460399153657,0.91829583405449
10,2,385,0.350309376487387,0.649690623512613,0.91829583405449
10,2,386,0.336050742261221,0.663949257738779,0.91829583405449
10,2,387,0.235833529273454,0.764166470726546,0.91829583405449
10,2,388,0.42863992328592,0.57136007671408,0.91829583405449
10,2,389,1,0,0.91829583405449
10,2,390,0.704433497536946,0.295566502463054,0.91829583405449
10,2,391,1,0,0.91829583405449
10,2,392,0.572539600846343,0.427460399153657,0.91829583405449
10,2,393,0.842907136366273,0.157092863633727,0.91829583405449
10,2,394,0.70360237118103,0.29639762881897,0.91829583405449
10,2,395,0.845123043784907,0.154876956215093,0.91829583405449
10,2,396,0.0460431654676257,0.953956834532374,0.91829583405449
10,2,397,0.175405953991881,0.824594046008119,0.91829583405449
10,2,398,0.704433497536946,0.295566502463054,0.91829583405449
10,2,399,0.308552671570117,0.691447328429883,0.91829583405449
10,2,400,0.0696042660679202,0.93039573393208,0.91829583405449
10,3,1,0.812371134020619,0.187628865979381,0.729846699162097
10,3,2,0.674367166379946,0.325632833620054,0.729846699162097
10,3,3,1,0,0.729846699162097
10,3,4,0.765663542180562,0.234336457819438,0.729846699162097
10,3,5,0.328917313841937,0.671082686158063,0.729846699162097
10,3,6,0.821359500010179,0.178640499989821,0.729846699162097
10,3,7,0.900444172155001,0.0995558278449993,0.729846699162097
10,3,8,0.730127576054956,0.269872423945044,0.729846699162097
10,3,9,0.374842131851478,0.625157868148522,0.729846699162097
10,3,10,0.136673151750973,0.863326848249027,0.729846699162097
10,3,11,0.278236040609137,0.721763959390863,0.729846699162097
10,3,12,0.251295834133231,0.748704165866769,0.729846699162097
10,3,13,0.738144567219153,0.261855432780847,0.729846699162097
10,3,14,0.611899842674906,0.388100157325094,0.729846699162097
10,3,15,0.925816023738872,0.0741839762611276,0.729846699162097
10,3,16,0.956908798181646,0.043091201818354,0.729846699162097
10,3,17,0.666982922201139,0.333017077798861,0.729846699162097
10,3,18,0.571563088512241,0.428436911487759,0.729846699162097
10,3,19,0.439203957206948,0.560796042793052,0.729846699162097
10,3,20,0.865979381443299,0.134020618556701,0.729846699162097
10,3,21,0.605817915792311,0.394182084207689,0.729846699162097
10,3,22,0.715768660405339,0.284231339594661,0.729846699162097
10,3,23,0.318706697459584,0.681293302540416,0.729846699162097
10,3,24,0.862054329371817,0.137945670628183,0.729846699162097
10,3,25,0.48901431163072,0.51098568836928,0.729846699162097
10,3,26,0.76140278222239,0.23859721777761,0.729846699162097
10,3,27,0.331415620641562,0.668584379358438,0.729846699162097
10,3,28,0.378537075309524,0.621462924690476,0.729846699162097
10,3,29,1,0,0.729846699162097
10,3,30,0.466420721225349,0.533579278774651,0.729846699162097
10,3,31,0.944430723635466,0.0555692763645345,0.729846699162097
10,3,32,0.386701694664397,0.613298305335603,0.729846699162097
10,3,33,0.937168928585238,0.0628310714147624,0.729846699162097
10,3,34,0.852211148584638,0.147788851415362,0.729846699162097
10,3,35,0.521561622862975,0.478438377137025,0.729846699162097
10,3,36,0.809160305343511,0.190839694656489,0.729846699162097
10,3,37,0.85014409221902,0.14985590778098,0.729846699162097
10,3,38,0.656655599154845,0.343344400845155,0.729846699162097
10,3,39,0.944430723635466,0.0555692763645345,0.729846699162097
10,3,40,0.862054329371817,0.137945670628183,0.729846699162097
10,3,41,0.815745710182176,0.184254289817824,0.729846699162097
10,3,42,0.85236220472441,0.14763779527559,0.729846699162097
10,3,43,1,0,0.729846699162097
10,3,44,0.310595065312047,0.689404934687953,0.729846699162097
10,3,45,0.809160305343511,0.190839694656489,0.729846699162097
10,3,46,0.48901431163072,0.51098568836928,0.729846699162097
10,3,47,0.557488653555219,0.442511346444781,0.729846699162097
10,3,48,0.407878334579905,0.592121665420095,0.729846699162097
10,3,49,0.333945796968305,0.666054203031695,0.729846699162097
10,3,50,0.88778915870641,0.11221084129359,0.729846699162097
10,3,51,0.944430723635466,0.0555692763645345,0.729846699162097
10,3,52,0.562218975886471,0.437781024113529,0.729846699162097
10,3,53,0.290470472655824,0.709529527344176,0.729846699162097
10,3,54,0.706517471535139,0.293482528464861,0.729846699162097
10,3,55,0.577211509029691,0.422788490970309,0.729846699162097
10,3,56,1,0,0.729846699162097
10,3,57,0.178355399913856,0.821644600086144,0.729846699162097
10,3,58,0.42980281475266,0.57019718524734,0.729846699162097
10,3,59,0.852211148584638,0.147788851415362,0.729846699162097
10,3,60,0.956800789928413,0.0431992100715872,0.729846699162097
10,3,61,0.85014409221902,0.14985590778098,0.729846699162097
10,3,62,0.502982107355865,0.497017892644135,0.729846699162097
10,3,63,0.424284717376134,0.575715282623866,0.729846699162097
10,3,64,0.485652409312398,0.514347590687602,0.729846699162097
10,3,65,0.751671442215855,0.248328557784145,0.729846699162097
10,3,66,1,0,0.729846699162097
10,3,67,0.498997995991984,0.501002004008016,0.729846699162097
10,3,68,0.341011636190929,0.658988363809071,0.729846699162097
10,3,69,0.674367166379946,0.325632833620054,0.729846699162097
10,3,70,0.275550767173162,0.724449232826838,0.729846699162097
10,3,71,0.629277566539924,0.370722433460076,0.729846699162097
10,3,72,0.485082176875943,0.514917823124057,0.729846699162097
10,3,73,0.704220545295969,0.295779454704031,0.729846699162097
10,3,74,0.0888852242744063,0.911114775725594,0.729846699162097
10,3,75,0.626865671641791,0.373134328358209,0.729846699162097
10,3,76,0.504270896888347,0.495729103111653,0.729846699162097
10,3,77,0.138285408916203,0.861714591083798,0.729846699162097
10,3,78,0.795742524075013,0.204257475924987,0.729846699162097
10,3,79,0.821359500010179,0.178640499989821,0.729846699162097
10,3,80,0.0947075208913648,0.905292479108635,0.729846699162097
10,3,81,0.891293654697491,0.108706345302509,0.729846699162097
10,3,82,0.637201294155488,0.362798705844512,0.729846699162097
10,3,83,0.962424849699399,0.0375751503006012,0.729846699162097
10,3,84,0.815885604891485,0.184114395108515,0.729846699162097
10,3,85,0.516306844281121,0.483693155718879,0.729846699162097
10,3,86,0.504465258113701,0.495534741886299,0.729846699162097
10,3,87,0.809160305343511,0.190839694656489,0.729846699162097
10,3,88,0.163656884875847,0.836343115124153,0.729846699162097
10,3,89,0.607329842931937,0.392670157068063,0.729846699162097
10,3,90,0.365156181258249,0.634843818741751,0.729846699162097
10,3,91,0.671785979687887,0.328214020312113,0.729846699162097
10,3,92,0.71654468924197,0.28345531075803,0.729846699162097
10,3,93,0.948,0.052,0.729846699162097
10,3,94,0.937091092098641,0.0629089079013588,0.729846699162097
10,3,95,0.249691286217943,0.750308713782057,0.729846699162097
10,3,96,0.740829346092504,0.259170653907496,0.729846699162097
10,3,97,0.94831013916501,0.0516898608349901,0.729846699162097
10,3,98,0.619225967540574,0.380774032459426,0.729846699162097
10,3,99,0.956800789928413,0.0431992100715872,0.729846699162097
10,3,100,0.71654468924197,0.28345531075803,0.729846699162097
10,3,101,0.568973568693378,0.431026431306622,0.729846699162097
10,3,102,0.718526100307062,0.281473899692938,0.729846699162097
10,3,103,0.962424849699399,0.0375751503006012,0.729846699162097
10,3,104,0.342996212046869,0.657003787953131,0.729846699162097
10,3,105,0.827288428324698,0.172711571675302,0.729846699162097
10,3,106,0.692386324915761,0.307613675084239,0.729846699162097
10,3,107,0.950781811986522,0.0492181880134782,0.729846699162097
10,3,108,0.80285855101035,0.19714144898965,0.729846699162097
10,3,109,0.780976220275344,0.219023779724656,0.729846699162097
10,3,110,0.30406852248394,0.69593147751606,0.729846699162097
10,3,111,0.648648648648649,0.351351351351351,0.729846699162097
10,3,112,0.480080180405913,0.519919819594087,0.729846699162097
10,3,113,0.333186780977504,0.666813219022496,0.729846699162097
10,3,114,0.256916393567563,0.743083606432437,0.729846699162097
10,3,115,0.783823333776773,0.216176666223227,0.729846699162097
10,3,116,0.852211148584638,0.147788851415362,0.729846699162097
10,3,117,0.395111000249439,0.604888999750561,0.729846699162097
10,3,118,0.434552454282964,0.565447545717036,0.729846699162097
10,3,119,0.956800789928413,0.0431992100715872,0.729846699162097
10,3,120,0.179276349017152,0.820723650982848,0.729846699162097
10,3,121,0.430634185922142,0.569365814077858,0.729846699162097
10,3,122,0.650363084489184,0.349636915510816,0.729846699162097
10,3,123,0.167608286252354,0.832391713747646,0.729846699162097
10,3,124,0.458817317845829,0.541182682154171,0.729846699162097
10,3,125,0.704220545295969,0.295779454704031,0.729846699162097
10,3,126,0.584157264161917,0.415842735838083,0.729846699162097
10,3,127,0.281110560237977,0.718889439762023,0.729846699162097
10,3,128,0.972636187589459,0.0273638124105414,0.729846699162097
10,3,129,0.666982922201139,0.333017077798861,0.729846699162097
10,3,130,0.408838005563878,0.591161994436122,0.729846699162097
10,3,131,0.099755589752874,0.900244410247126,0.729846699162097
10,3,132,0.270428015564202,0.729571984435798,0.729846699162097
10,3,133,0.650363084489184,0.349636915510816,0.729846699162097
10,3,134,0.937487978457396,0.0625120215426044,0.729846699162097
10,3,135,0.78805431947215,0.21194568052785,0.729846699162097
10,3,136,0.731711152167931,0.268288847832069,0.729846699162097
10,3,137,0.545689154605475,0.454310845394525,0.729846699162097
10,3,138,0.886544354369497,0.113455645630503,0.729846699162097
10,3,139,0.568356111563344,0.431643888436656,0.729846699162097
10,3,140,0.907430264132313,0.092569735867687,0.729846699162097
10,3,141,0.674367166379946,0.325632833620054,0.729846699162097
10,3,142,1,0,0.729846699162097
10,3,143,0.359075491046778,0.640924508953222,0.729846699162097
10,3,144,0.359075491046778,0.640924508953222,0.729846699162097
10,3,145,0.521910286957423,0.478089713042577,0.729846699162097
10,3,146,0.773408204413123,0.226591795586877,0.729846699162097
10,3,147,0.287711608222491,0.712288391777509,0.729846699162097
10,3,148,0.778694106075509,0.221305893924491,0.729846699162097
10,3,149,0.36399217221135,0.63600782778865,0.729846699162097
10,3,150,0.179276349017152,0.820723650982848,0.729846699162097
10,3,151,0.972517018307894,0.0274829816921061,0.729846699162097
10,3,152,0.28730764868237,0.71269235131763,0.729846699162097
10,3,153,0.513435700575816,0.486564299424184,0.729846699162097
10,3,154,0.89546477967192,0.10453522032808,0.729846699162097
10,3,155,1,0,0.729846699162097
10,3,156,0.584339917578514,0.415660082421486,0.729846699162097
10,3,157,0.795616960457361,0.204383039542639,0.729846699162097
10,3,158,0.596045197740113,0.403954802259887,0.729846699162097
10,3,159,0.426895652840604,0.573104347159396,0.729846699162097
10,3,160,0.341451292246521,0.658548707753479,0.729846699162097
10,3,161,0.333945796968305,0.666054203031695,0.729846699162097
10,3,162,0.937487978457396,0.0625120215426044,0.729846699162097
10,3,163,0.858618146053602,0.141381853946398,0.729846699162097
10,3,164,0.21959197564711,0.78040802435289,0.729846699162097
10,3,165,0.956885932495689,0.0431140675043113,0.729846699162097
10,3,166,0.426895652840604,0.573104347159396,0.729846699162097
10,3,167,0.0305565660240088,0.969443433975991,0.729846699162097
10,3,168,0.814800744595981,0.185199255404019,0.729846699162097
10,3,169,0.847208619000979,0.152791380999021,0.729846699162097
10,3,170,0.813895781637717,0.186104218362283,0.729846699162097
10,3,171,0.19243511871894,0.80756488128106,0.729846699162097
10,3,172,0.376299376299376,0.623700623700624,0.729846699162097
10,3,173,0.0770687071073599,0.92293129289264,0.729846699162097
10,3,174,0.755926132753076,0.244073867246924,0.729846699162097
10,3,175,0.690911857572184,0.309088142427816,0.729846699162097
10,3,176,0.85236220472441,0.14763779527559,0.729846699162097
10,3,177,0.26476424829338,0.73523575170662,0.729846699162097
10,3,178,0.309951886553558,0.690048113446442,0.729846699162097
10,3,179,0.858618146053602,0.141381853946398,0.729846699162097
10,3,180,0.434552454282964,0.565447545717036,0.729846699162097
10,3,181,0.779627815866797,0.220372184133203,0.729846699162097
10,3,182,0.540806841420338,0.459193158579662,0.729846699162097
10,3,183,0.850780532598714,0.149219467401286,0.729846699162097
10,3,184,0.873417721518987,0.126582278481013,0.729846699162097
10,3,185,0.502982107355865,0.497017892644135,0.729846699162097
10,3,186,0.901768172888016,0.0982318271119843,0.729846699162097
10,3,187,0.301284328204745,0.698715671795255,0.729846699162097
10,3,188,0.0417488197094948,0.958251180290505,0.729846699162097
10,3,189,0.889447426109305,0.110552573890695,0.729846699162097
10,3,190,0.860557768924303,0.139442231075697,0.729846699162097
10,3,191,1,0,0.729846699162097
10,3,192,0.717722140402553,0.282277859597447,0.729846699162097
10,3,193,0.373210986824743,0.626789013175257,0.729846699162097
10,3,194,1,0,0.729846699162097
10,3,195,0.502982107355865,0.497017892644135,0.729846699162097
10,3,196,0.227473383536744,0.772526616463256,0.729846699162097
10,3,197,0.670415783165852,0.329584216834148,0.729846699162097
10,3,198,0.851851851851852,0.148148148148148,0.729846699162097
10,3,199,0.864918357248887,0.135081642751113,0.729846699162097
10,3,200,0.82985942801745,0.17014057198255,0.729846699162097
10,3,201,0.751671442215855,0.248328557784145,0.729846699162097
10,3,202,0.907801418439716,0.0921985815602837,0.729846699162097
10,3,203,0.280368451352907,0.719631548647093,0.729846699162097
10,3,204,0.85236220472441,0.14763779527559,0.729846699162097
10,3,205,0.862054329371817,0.137945670628183,0.729846699162097
10,3,206,0.58656330749354,0.41343669250646,0.729846699162097
10,3,207,0.79647025334472,0.20352974665528,0.729846699162097
10,3,208,0.751671442215855,0.248328557784145,0.729846699162097
10,3,209,0.475435005117707,0.524564994882293,0.729846699162097
10,3,210,0.709440566091571,0.290559433908429,0.729846699162097
10,3,211,0.885496183206107,0.114503816793893,0.729846699162097
10,3,212,0.275208728827617,0.724791271172383,0.729846699162097
10,3,213,0.722921914357683,0.277078085642317,0.729846699162097
10,3,214,0.693535003017501,0.306464996982499,0.729846699162097
10,3,215,0.369935248730177,0.630064751269823,0.729846699162097
10,3,216,0.827931777786182,0.172068222213818,0.729846699162097
10,3,217,0.950781811986522,0.0492181880134782,0.729846699162097
10,3,218,0.224401521366247,0.775598478633753,0.729846699162097
10,3,219,0.533188248095756,0.466811751904244,0.729846699162097
10,3,220,1,0,0.729846699162097
10,3,221,0.913985405875458,0.0860145941245416,0.729846699162097
10,3,222,0.764618434093162,0.235381565906838,0.729846699162097
10,3,223,0.369935248730177,0.630064751269823,0.729846699162097
10,3,224,0.258289703315881,0.741710296684119,0.729846699162097
10,3,225,0.751671442215855,0.248328557784145,0.729846699162097
10,3,226,0.414032530305355,0.585967469694645,0.729846699162097
10,3,227,0.637394821254242,0.362605178745758,0.729846699162097
10,3,228,0.45017648655987,0.54982351344013,0.729846699162097
10,3,229,0.331742243436754,0.668257756563246,0.729846699162097
10,3,230,0.693757361601885,0.306242638398115,0.729846699162097
10,3,231,0.795437639474337,0.204562360525663,0.729846699162097
10,3,232,0.680966603312517,0.319033396687483,0.729846699162097
10,3,233,0.68687374749499,0.31312625250501,0.729846699162097
10,3,234,0.33328268054553,0.66671731945447,0.729846699162097
10,3,235,0.219520822086118,0.780479177913882,0.729846699162097
10,3,236,0.54233409610984,0.45766590389016,0.729846699162097
10,3,237,0.640555280118989,0.359444719881011,0.729846699162097
10,3,238,0.926108374384236,0.0738916256157636,0.729846699162097
10,3,239,0.760292754883976,0.239707245116024,0.729846699162097
10,3,240,0.764985727878211,0.235014272121789,0.729846699162097
10,3,241,0.926041113555336,0.0739588864446636,0.729846699162097
10,3,242,0.404115996258185,0.595884003741815,0.729846699162097
10,3,243,0.795616960457361,0.204383039542639,0.729846699162097
10,3,244,0.516639947462963,0.483360052537037,0.729846699162097
10,3,245,0.131312225311687,0.868687774688313,0.729846699162097
10,3,246,0.341451292246521,0.658548707753479,0.729846699162097
10,3,247,0.728281523143574,0.271718476856426,0.729846699162097
10,3,248,0.24928281360605,0.75071718639395,0.729846699162097
10,3,249,0.944430723635466,0.0555692763645345,0.729846699162097
10,3,250,0.333470057424118,0.666529942575882,0.729846699162097
10,3,251,0.530221765757541,0.469778234242459,0.729846699162097
10,3,252,0.239710505153885,0.760289494846115,0.729846699162097
10,3,253,0.852211148584638,0.147788851415362,0.729846699162097
10,3,254,0.852211148584638,0.147788851415362,0.729846699162097
10,3,255,0.90108803165183,0.0989119683481702,0.729846699162097
10,3,256,0.78805431947215,0.21194568052785,0.729846699162097
10,3,257,0.886544354369497,0.113455645630503,0.729846699162097
10,3,258,0.725654209193462,0.274345790806538,0.729846699162097
10,3,259,0.401913875598086,0.598086124401914,0.729846699162097
10,3,260,0.679645145391819,0.320354854608181,0.729846699162097
10,3,261,0.666982922201139,0.333017077798861,0.729846699162097
10,3,262,0.424284717376134,0.575715282623866,0.729846699162097
10,3,263,0.962424849699399,0.0375751503006012,0.729846699162097
10,3,264,0.814800744595981,0.185199255404019,0.729846699162097
10,3,265,0.768701071380484,0.231298928619516,0.729846699162097
10,3,266,0.770869457517959,0.229130542482041,0.729846699162097
10,3,267,0.288712686567164,0.711287313432836,0.729846699162097
10,3,268,0.689848502922581,0.310151497077419,0.729846699162097
10,3,269,0.950781811986522,0.0492181880134782,0.729846699162097
10,3,270,0.62607861936721,0.37392138063279,0.729846699162097
10,3,271,0.296252798473226,0.703747201526774,0.729846699162097
10,3,272,0.373210986824743,0.626789013175257,0.729846699162097
10,3,273,0.566246056782334,0.433753943217666,0.729846699162097
10,3,274,0.474628395694516,0.525371604305484,0.729846699162097
10,3,275,0.451219512195122,0.548780487804878,0.729846699162097
10,3,276,0.568356111563344,0.431643888436656,0.729846699162097
10,3,277,0.731711152167931,0.268288847832069,0.729846699162097
10,3,278,0.850780532598714,0.149219467401286,0.729846699162097
10,3,279,0.730127576054956,0.269872423945044,0.729846699162097
10,3,280,0.294354838709677,0.705645161290323,0.729846699162097
10,3,281,0.384169092223242,0.615830907776758,0.729846699162097
10,3,282,0.418604651162791,0.581395348837209,0.729846699162097
10,3,283,0.451219512195122,0.548780487804878,0.729846699162097
10,3,284,1,0,0.729846699162097
10,3,285,0.864918357248887,0.135081642751113,0.729846699162097
10,3,286,0.827288428324698,0.172711571675302,0.729846699162097
10,3,287,0.452723751789172,0.547276248210828,0.729846699162097
10,3,288,0.386084583901773,0.613915416098227,0.729846699162097
10,3,289,0.972138876982426,0.0278611230175739,0.729846699162097
10,3,290,0.870466321243523,0.129533678756477,0.729846699162097
10,3,291,0.395111000249439,0.604888999750561,0.729846699162097
10,3,292,0.967254408060453,0.0327455919395466,0.729846699162097
10,3,293,0.687988253675432,0.312011746324568,0.729846699162097
10,3,294,0.346903840428699,0.653096159571301,0.729846699162097
10,3,295,0.752803510482691,0.247196489517309,0.729846699162097
10,3,296,0.577211509029691,0.422788490970309,0.729846699162097
10,3,297,0.258289703315881,0.741710296684119,0.729846699162097
10,3,298,0.870081662954714,0.129918337045286,0.729846699162097
10,3,299,0.198868991517436,0.801131008482564,0.729846699162097
10,3,300,0.90108803165183,0.0989119683481702,0.729846699162097
10,3,301,0.333186780977504,0.666813219022496,0.729846699162097
10,3,302,0.778417484186205,0.221582515813795,0.729846699162097
10,3,303,0.814523270687789,0.185476729312211,0.729846699162097
10,3,304,0.803372910837178,0.196627089162822,0.729846699162097
10,3,305,0.616876449785147,0.383123550214853,0.729846699162097
10,3,306,0.36332602750354,0.63667397249646,0.729846699162097
10,3,307,0.695652173913043,0.304347826086957,0.729846699162097
10,3,308,1,0,0.729846699162097
10,3,309,0.956800789928413,0.0431992100715872,0.729846699162097
10,3,310,0.244614849655021,0.755385150344979,0.729846699162097
10,3,311,0.309951886553558,0.690048113446442,0.729846699162097
10,3,312,0.913887732313865,0.086112267686135,0.729846699162097
10,3,313,0.901039089559624,0.098960910440376,0.729846699162097
10,3,314,0.552147239263804,0.447852760736196,0.729846699162097
10,3,315,1,0,0.729846699162097
10,3,316,0.342944628731819,0.657055371268181,0.729846699162097
10,3,317,0.702653247941446,0.297346752058554,0.729846699162097
10,3,318,0.430573806395094,0.569426193604906,0.729846699162097
10,3,319,0.820500123793018,0.179499876206982,0.729846699162097
10,3,320,0.378809188935771,0.621190811064229,0.729846699162097
10,3,321,0.123595505617978,0.876404494382022,0.729846699162097
10,3,322,0.648962148962149,0.351037851037851,0.729846699162097
10,3,323,0.24653814824871,0.75346185175129,0.729846699162097
10,3,324,0.426895652840604,0.573104347159396,0.729846699162097
10,3,325,0.75,0.25,0.729846699162097
10,3,326,0.502982107355865,0.497017892644135,0.729846699162097
10,3,327,0.827245804540967,0.172754195459033,0.729846699162097
10,3,328,0.176632763309862,0.823367236690138,0.729846699162097
10,3,329,0.967254408060453,0.0327455919395466,0.729846699162097
10,3,330,1,0,0.729846699162097
10,3,331,0.355835373673779,0.644164626326221,0.729846699162097
10,3,332,0.891293654697491,0.108706345302509,0.729846699162097
10,3,333,0.80285855101035,0.19714144898965,0.729846699162097
10,3,334,0.488758440761203,0.511241559238797,0.729846699162097
10,3,335,0.956800789928413,0.0431992100715872,0.729846699162097
10,3,336,0.937487978457396,0.0625120215426044,0.729846699162097
10,3,337,0.716898954703833,0.283101045296167,0.729846699162097
10,3,338,0.788605754514845,0.211394245485155,0.729846699162097
10,3,339,0.303934242769213,0.696065757230787,0.729846699162097
10,3,340,0.778417484186205,0.221582515813795,0.729846699162097
10,3,341,0.502982107355865,0.497017892644135,0.729846699162097
10,3,342,0.809160305343511,0.190839694656489,0.729846699162097
10,3,343,0.592979127134725,0.407020872865275,0.729846699162097
10,3,344,0.847208619000979,0.152791380999021,0.729846699162097
10,3,345,0.272082211891363,0.727917788108637,0.729846699162097
10,3,346,0.722921914357683,0.277078085642317,0.729846699162097
10,3,347,0.71654468924197,0.28345531075803,0.729846699162097
10,3,348,0.820500123793018,0.179499876206982,0.729846699162097
10,3,349,0.582309582309582,0.417690417690418,0.729846699162097
10,3,350,0.701686617967644,0.298313382032356,0.729846699162097
10,3,351,0.333186780977504,0.666813219022496,0.729846699162097
10,3,352,0.670668017772235,0.329331982227765,0.729846699162097
10,3,353,0.59176212527419,0.40823787472581,0.729846699162097
10,3,354,0.802078179119248,0.197921820880752,0.729846699162097
10,3,355,1,0,0.729846699162097
10,3,356,0.778694106075509,0.221305893924491,0.729846699162097
10,3,357,0.430573806395094,0.569426193604906,0.729846699162097
10,3,358,0.84016393442623,0.15983606557377,0.729846699162097
10,3,359,0.503927627415212,0.496072372584788,0.729846699162097
10,3,360,0.850780532598714,0.149219467401286,0.729846699162097
10,3,361,0.463375247219349,0.536624752780651,0.729846699162097
10,3,362,0.48025141326986,0.51974858673014,0.729846699162097
10,3,363,0.237174471890019,0.762825528109981,0.729846699162097
10,3,364,0.925816023738872,0.0741839762611276,0.729846699162097
10,3,365,0.815885604891485,0.184114395108515,0.729846699162097
10,3,366,0.400755969392459,0.599244030607541,0.729846699162097
10,3,367,0.809160305343511,0.190839694656489,0.729846699162097
10,3,368,0.48025141326986,0.51974858673014,0.729846699162097
10,3,369,0.71654468924197,0.28345531075803,0.729846699162097
10,3,370,0.458817317845829,0.541182682154171,0.729846699162097
10,3,371,1,0,0.729846699162097
10,3,372,0.217155465661487,0.782844534338513,0.729846699162097
10,3,373,0.730127576054956,0.269872423945044,0.729846699162097
10,3,374,0.392253429856881,0.607746570143119,0.729846699162097
10,3,375,1,0,0.729846699162097
10,3,376,0.742569402534701,0.257430597465299,0.729846699162097
10,3,377,0.376299376299376,0.623700623700624,0.729846699162097
10,3,378,0.355544747081712,0.644455252918288,0.729846699162097
10,3,379,0.611413713916988,0.388586286083012,0.729846699162097
10,3,380,0.175270712666834,0.824729287333166,0.729846699162097
10,3,381,0.695652173913043,0.304347826086957,0.729846699162097
10,3,382,0.378809188935771,0.621190811064229,0.729846699162097
10,3,383,0.944086555923002,0.0559134440769981,0.729846699162097
10,3,384,0.78805431947215,0.21194568052785,0.729846699162097
10,3,385,0.886544354369497,0.113455645630503,0.729846699162097
10,3,386,0.366639547423987,0.633360452576013,0.729846699162097
10,3,387,0.451219512195122,0.548780487804878,0.729846699162097
10,3,388,0.452861952861953,0.547138047138047,0.729846699162097
10,3,389,0.887823585810163,0.112176414189837,0.729846699162097
10,3,390,0.773408204413123,0.226591795586877,0.729846699162097
10,3,391,0.813803376365442,0.186196623634558,0.729846699162097
10,3,392,0.486762656758012,0.513237343241988,0.729846699162097
10,3,393,0.543331307914325,0.456668692085675,0.729846699162097
10,3,394,0.565541211519364,0.434458788480636,0.729846699162097
10,3,395,0.76140278222239,0.23859721777761,0.729846699162097
10,3,396,0.847208619000979,0.152791380999021,0.729846699162097
10,3,397,0.716898954703833,0.283101045296167,0.729846699162097
10,3,398,0.414032530305355,0.585967469694645,0.729846699162097
10,3,399,0.386084583901773,0.613915416098227,0.729846699162097
10,3,400,0.292709466811752,0.707290533188248,0.729846699162097
10,4,1,0.956936531071949,0.0430634689280509,0.59149302972997
10,4,2,0.858623494032871,0.141376505967129,0.59149302972997
10,4,3,0.287106994881794,0.712893005118206,0.59149302972997
10,4,4,0.642932865596268,0.357067134403732,0.59149302972997
10,4,5,0.643775039685539,0.356224960314461,0.59149302972997
10,4,6,0.950208740281129,0.0497912597188709,0.59149302972997
10,4,7,0.744235460769655,0.255764539230345,0.59149302972997
10,4,8,0.693047551126617,0.306952448873383,0.59149302972997
10,4,9,0.390538257301472,0.609461742698528,0.59149302972997
10,4,10,0.270962718525797,0.729037281474203,0.59149302972997
10,4,11,0.248149290561382,0.751850709438618,0.59149302972997
10,4,12,0.673278428643236,0.326721571356764,0.59149302972997
10,4,13,0.596394836864486,0.403605163135514,0.59149302972997
10,4,14,0.518958428506167,0.481041571493833,0.59149302972997
10,4,15,0.840686274509804,0.159313725490196,0.59149302972997
10,4,16,0.855059818121885,0.144940181878115,0.59149302972997
10,4,17,0.32814307660212,0.67185692339788,0.59149302972997
10,4,18,1,0,0.59149302972997
10,4,19,0.57833279273435,0.42166720726565,0.59149302972997
10,4,20,0.723361448580051,0.276638551419949,0.59149302972997
10,4,21,0.732550310466073,0.267449689533927,0.59149302972997
10,4,22,0.555928948631781,0.444071051368219,0.59149302972997
10,4,23,0.938463286249858,0.061536713750142,0.59149302972997
10,4,24,0.764797745105508,0.235202254894492,0.59149302972997
10,4,25,0.968715707602564,0.0312842923974357,0.59149302972997
10,4,26,0.686828255874287,0.313171744125713,0.59149302972997
10,4,27,0.821652555660082,0.178347444339918,0.59149302972997
10,4,28,0.851394604481024,0.148605395518976,0.59149302972997
10,4,29,0.73916532905297,0.26083467094703,0.59149302972997
10,4,30,0.768527195711662,0.231472804288338,0.59149302972997
10,4,31,0.322223971039584,0.677776028960416,0.59149302972997
10,4,32,0.464540694907187,0.535459305092813,0.59149302972997
10,4,33,0.888685923050577,0.111314076949423,0.59149302972997
10,4,34,0.298087094499295,0.701912905500705,0.59149302972997
10,4,35,0.335583413693346,0.664416586306654,0.59149302972997
10,4,36,0.212143770638875,0.787856229361125,0.59149302972997
10,4,37,0.687752200146036,0.312247799853964,0.59149302972997
10,4,38,0.571935785595663,0.428064214404337,0.59149302972997
10,4,39,0.474426476118842,0.525573523881158,0.59149302972997
10,4,40,0.906521447335622,0.0934785526643784,0.59149302972997
10,4,41,0.858032780658272,0.141967219341728,0.59149302972997
10,4,42,0.613044053446223,0.386955946553777,0.59149302972997
10,4,43,0.221415607985481,0.778584392014519,0.59149302972997
10,4,44,0.803973310212237,0.196026689787763,0.59149302972997
10,4,45,0.855059818121885,0.144940181878115,0.59149302972997
10,4,46,0.318964226912139,0.681035773087861,0.59149302972997
10,4,47,0.743599857993767,0.256400142006233,0.59149302972997
10,4,48,0.26958016204272,0.73041983795728,0.59149302972997
10,4,49,0.963010736370879,0.036989263629121,0.59149302972997
10,4,50,0.827403080191184,0.172596919808816,0.59149302972997
10,4,51,0.863502729945401,0.136497270054599,0.59149302972997
10,4,52,0.585353406481245,0.414646593518755,0.59149302972997
10,4,53,0.816773265421178,0.183226734578822,0.59149302972997
10,4,54,0.287228598581768,0.712771401418232,0.59149302972997
10,4,55,0.858623494032871,0.141376505967129,0.59149302972997
10,4,56,0.834007779043728,0.165992220956272,0.59149302972997
10,4,57,0.852110272647985,0.147889727352015,0.59149302972997
10,4,58,0.858623494032871,0.141376505967129,0.59149302972997
10,4,59,0.956907165722728,0.0430928342772716,0.59149302972997
10,4,60,0.145486415425066,0.854513584574934,0.59149302972997
10,4,61,0.78057907833568,0.21942092166432,0.59149302972997
10,4,62,0.343384286966798,0.656615713033202,0.59149302972997
10,4,63,0.313153415998055,0.686846584001945,0.59149302972997
10,4,64,0.816773265421178,0.183226734578822,0.59149302972997
10,4,65,0.756700104806109,0.243299895193891,0.59149302972997
10,4,66,0.393953109441477,0.606046890558523,0.59149302972997
10,4,67,0.761752598635364,0.238247401364636,0.59149302972997
10,4,68,0.804819457998649,0.195180542001351,0.59149302972997
10,4,69,0.642599825565963,0.357400174434037,0.59149302972997
10,4,70,0.517657355963163,0.482342644036837,0.59149302972997
10,4,71,0.849734145025815,0.150265854974185,0.59149302972997
10,4,72,0.753731908767144,0.246268091232856,0.59149302972997
10,4,73,0.777988614800759,0.222011385199241,0.59149302972997
10,4,74,0.270428015564202,0.729571984435798,0.59149302972997
10,4,75,0.671491529535438,0.328508470464562,0.59149302972997
10,4,76,0.826844769189786,0.173155230810214,0.59149302972997
10,4,77,0.926197865415184,0.0738021345848157,0.59149302972997
10,4,78,0.565789975951445,0.434210024048555,0.59149302972997
10,4,79,0.340944083517969,0.659055916482031,0.59149302972997
10,4,80,0.23021038593977,0.76978961406023,0.59149302972997
10,4,81,0.58007144485825,0.41992855514175,0.59149302972997
10,4,82,0.278493557978196,0.721506442021804,0.59149302972997
10,4,83,0.949655332662071,0.0503446673379289,0.59149302972997
10,4,84,0.461246108438119,0.538753891561881,0.59149302972997
10,4,85,0.397998739664292,0.602001260335708,0.59149302972997
10,4,86,0.213390111189969,0.786609888810031,0.59149302972997
10,4,87,0.422713055566282,0.577286944433718,0.59149302972997
10,4,88,0.74183908915535,0.25816091084465,0.59149302972997
10,4,89,0.719241327676566,0.280758672323434,0.59149302972997
10,4,90,0.291801237402234,0.708198762597766,0.59149302972997
10,4,91,0.738575860880224,0.261424139119776,0.59149302972997
10,4,92,0.720529405166935,0.279470594833065,0.59149302972997
10,4,93,0.273874768461054,0.726125231538946,0.59149302972997
10,4,94,0.275792913912204,0.724207086087796,0.59149302972997
10,4,95,0.256661456943544,0.743338543056456,0.59149302972997
10,4,96,1,0,0.59149302972997
10,4,97,1,0,0.59149302972997
10,4,98,0.290344592289321,0.709655407710679,0.59149302972997
10,4,99,0.956690589959832,0.0433094100401683,0.59149302972997
10,4,100,0.403526970954357,0.596473029045643,0.59149302972997
10,4,101,0.968715707602564,0.0312842923974357,0.59149302972997
10,4,102,0.381201713595255,0.618798286404745,0.59149302972997
10,4,103,0.47131957085867,0.52868042914133,0.59149302972997
10,4,104,0.630653837411925,0.369346162588075,0.59149302972997
10,4,105,0.823957285460033,0.176042714539967,0.59149302972997
10,4,106,0.849734145025815,0.150265854974185,0.59149302972997
10,4,107,0.234953939686011,0.765046060313989,0.59149302972997
10,4,108,0.69428600020014,0.30571399979986,0.59149302972997
10,4,109,0.32240447240724,0.67759552759276,0.59149302972997
10,4,110,0.74312168316459,0.25687831683541,0.59149302972997
10,4,111,0.451743505269216,0.548256494730784,0.59149302972997
10,4,112,0.418954777273839,0.581045222726161,0.59149302972997
10,4,113,1,0,0.59149302972997
10,4,114,0.456651540482446,0.543348459517554,0.59149302972997
10,4,115,1,0,0.59149302972997
10,4,116,0.278087842756612,0.721912157243388,0.59149302972997
10,4,117,0.509204213101906,0.490795786898094,0.59149302972997
10,4,118,0.76167196284527,0.23832803715473,0.59149302972997
10,4,119,0.879922216820613,0.120077783179387,0.59149302972997
10,4,120,0.750996015936255,0.249003984063745,0.59149302972997
10,4,121,0.335851815744577,0.664148184255423,0.59149302972997
10,4,122,0.400379957254809,0.599620042745191,0.59149302972997
10,4,123,0.868867010974822,0.131132989025178,0.59149302972997
10,4,124,0.395558978790554,0.604441021209446,0.59149302972997
10,4,125,0.695556055155875,0.304443944844125,0.59149302972997
10,4,126,0.310620720452516,0.689379279547484,0.59149302972997
10,4,127,0.929265348924635,0.0707346510753646,0.59149302972997
10,4,128,0.492979719188768,0.507020280811233,0.59149302972997
10,4,129,0.466649648079939,0.533350351920061,0.59149302972997
10,4,130,0.906521447335622,0.0934785526643784,0.59149302972997
10,4,131,0.573742135376076,0.426257864623924,0.59149302972997
10,4,132,0.836291833732949,0.163708166267051,0.59149302972997
10,4,133,0.987512967303185,0.0124870326968148,0.59149302972997
10,4,134,0.341033346609218,0.658966653390782,0.59149302972997
10,4,135,0.562355053489938,0.437644946510062,0.59149302972997
10,4,136,0.163737179719494,0.836262820280506,0.59149302972997
10,4,137,0.291056403864132,0.708943596135868,0.59149302972997
10,4,138,0.969219404087663,0.0307805959123368,0.59149302972997
10,4,139,0.706182933060807,0.293817066939193,0.59149302972997
10,4,140,0.325622502305564,0.674377497694436,0.59149302972997
10,4,141,0.721104521443963,0.278895478556037,0.59149302972997
10,4,142,0.663883717869164,0.336116282130836,0.59149302972997
10,4,143,0.485213275441179,0.514786724558821,0.59149302972997
10,4,144,0.488430662679049,0.511569337320951,0.59149302972997
10,4,145,0.376222640534455,0.623777359465545,0.59149302972997
10,4,146,0.706457925636008,0.293542074363992,0.59149302972997
10,4,147,0.325570670970717,0.674429329029283,0.59149302972997
10,4,148,0.925178420689126,0.0748215793108741,0.59149302972997
10,4,149,0.864496077019293,0.135503922980707,0.59149302972997
10,4,150,0.870804702140951,0.129195297859049,0.59149302972997
10,4,151,0.696660888778834,0.303339111221166,0.59149302972997
10,4,152,0.907489989942502,0.0925100100574985,0.59149302972997
10,4,153,0.422713055566282,0.577286944433718,0.59149302972997
10,4,154,0.524268104776579,0.475731895223421,0.59149302972997
10,4,155,0.521101749348245,0.478898250651755,0.59149302972997
10,4,156,0.852110272647985,0.147889727352015,0.59149302972997
10,4,157,0.834274490547508,0.165725509452492,0.59149302972997
10,4,158,0.774183586813866,0.225816413186134,0.59149302972997
10,4,159,0.66155905980363,0.33844094019637,0.59149302972997
10,4,160,0.394763305895937,0.605236694104063,0.59149302972997
10,4,161,0.473630321872033,0.526369678127967,0.59149302972997
10,4,162,0.810951760104302,0.189048239895698,0.59149302972997
10,4,163,0.888842441286007,0.111157558713993,0.59149302972997
10,4,164,0.777887462981244,0.222112537018756,0.59149302972997
10,4,165,0.330849261155549,0.669150738844451,0.59149302972997
10,4,166,0.708656506996141,0.291343493003859,0.59149302972997
10,4,167,0.790965154553365,0.209034845446635,0.59149302972997
10,4,168,0.60559847902593,0.394401520974071,0.59149302972997
10,4,169,0.699506226270336,0.300493773729664,0.59149302972997
10,4,170,0.709574180677071,0.290425819322929,0.59149302972997
10,4,171,0.547386938356666,0.452613061643334,0.59149302972997
10,4,172,0.649499555370556,0.350500444629444,0.59149302972997
10,4,173,0.828349719671732,0.171650280328268,0.59149302972997
10,4,174,0.907002918677629,0.0929970813223708,0.59149302972997
10,4,175,0.599185290380447,0.400814709619553,0.59149302972997
10,4,176,0.339558065413164,0.660441934586836,0.59149302972997
10,4,177,0.488457502623295,0.511542497376705,0.59149302972997
10,4,178,0.792706261959254,0.207293738040746,0.59149302972997
10,4,179,0.713945954044083,0.286054045955917,0.59149302972997
10,4,180,0.888685923050577,0.111314076949423,0.59149302972997
10,4,181,0.926197865415184,0.0738021345848157,0.59149302972997
10,4,182,0.956936531071949,0.0430634689280509,0.59149302972997
10,4,183,1,0,0.59149302972997
10,4,184,0.855059818121885,0.144940181878115,0.59149302972997
10,4,185,0.926197865415184,0.0738021345848157,0.59149302972997
10,4,186,0.68986083499006,0.31013916500994,0.59149302972997
10,4,187,0.681204255640232,0.318795744359768,0.59149302972997
10,4,188,0.59882546569911,0.40117453430089,0.59149302972997
10,4,189,0.200800955525891,0.79919904447411,0.59149302972997
10,4,190,0.826844769189786,0.173155230810214,0.59149302972997
10,4,191,0.962988270128687,0.0370117298713131,0.59149302972997
10,4,192,0.182389937106918,0.817610062893082,0.59149302972997
10,4,193,0.74312168316459,0.25687831683541,0.59149302972997
10,4,194,0.61015593762495,0.38984406237505,0.59149302972997
10,4,195,0.912671298606579,0.0873287013934206,0.59149302972997
10,4,196,0.749926013613495,0.250073986386505,0.59149302972997
10,4,197,0.661249227918468,0.338750772081532,0.59149302972997
10,4,198,0.724155491427601,0.275844508572399,0.59149302972997
10,4,199,0.956466828680227,0.0435331713197726,0.59149302972997
10,4,200,0.907201187824796,0.0927988121752041,0.59149302972997
10,4,201,0.901193281143118,0.0988067188568823,0.59149302972997
10,4,202,0.856119451040367,0.143880548959633,0.59149302972997
10,4,203,1,0,0.59149302972997
10,4,204,0.373748441455397,0.626251558544603,0.59149302972997
10,4,205,0.826844769189786,0.173155230810214,0.59149302972997
10,4,206,0.956936531071949,0.0430634689280509,0.59149302972997
10,4,207,0.285920109498253,0.714079890501747,0.59149302972997
10,4,208,0.788092424304169,0.211907575695831,0.59149302972997
10,4,209,0.519139572821427,0.480860427178573,0.59149302972997
10,4,210,0.695026587425712,0.304973412574288,0.59149302972997
10,4,211,0.888685923050577,0.111314076949423,0.59149302972997
10,4,212,0.820773194896077,0.179226805103923,0.59149302972997
10,4,213,0.500019723087847,0.499980276912153,0.59149302972997
10,4,214,0.334954099160831,0.665045900839169,0.59149302972997
10,4,215,0.632948085683093,0.367051914316907,0.59149302972997
10,4,216,0.919815528268585,0.0801844717314152,0.59149302972997
10,4,217,0.895654308863246,0.104345691136754,0.59149302972997
10,4,218,0.362631485113211,0.637368514886789,0.59149302972997
10,4,219,0.233898562846932,0.766101437153068,0.59149302972997
10,4,220,0.263225666043998,0.736774333956002,0.59149302972997
10,4,221,0.56772060500114,0.43227939499886,0.59149302972997
10,4,222,0.479641677306905,0.520358322693095,0.59149302972997
10,4,223,0.55583885772565,0.44416114227435,0.59149302972997
10,4,224,0.22786049801411,0.77213950198589,0.59149302972997
10,4,225,0.949814700432366,0.0501852995676344,0.59149302972997
10,4,226,0.280319506504804,0.719680493495195,0.59149302972997
10,4,227,0.852507374631268,0.147492625368732,0.59149302972997
10,4,228,0.565268707215359,0.434731292784641,0.59149302972997
10,4,229,0.702380952380952,0.297619047619048,0.59149302972997
10,4,230,0.705882352941176,0.294117647058824,0.59149302972997
10,4,231,0.858623494032871,0.141376505967129,0.59149302972997
10,4,232,0.654790078825261,0.345209921174739,0.59149302972997
10,4,233,0.560905406199213,0.439094593800787,0.59149302972997
10,4,234,1,0,0.59149302972997
10,4,235,0.912671298606579,0.0873287013934206,0.59149302972997
10,4,236,0.836765444500251,0.163234555499749,0.59149302972997
10,4,237,0.252265326348577,0.747734673651423,0.59149302972997
10,4,238,0.724736970883288,0.275263029116712,0.59149302972997
10,4,239,0.545588343513136,0.454411656486864,0.59149302972997
10,4,240,0.935387673956262,0.0646123260437376,0.59149302972997
10,4,241,0.852479479517343,0.147520520482657,0.59149302972997
10,4,242,0.22786049801411,0.77213950198589,0.59149302972997
10,4,243,0.404307316328089,0.595692683671911,0.59149302972997
10,4,244,0.963010736370879,0.036989263629121,0.59149302972997
10,4,245,0.441288586590926,0.558711413409074,0.59149302972997
10,4,246,0.561308020552121,0.438691979447879,0.59149302972997
10,4,247,0.677751506368698,0.322248493631302,0.59149302972997
10,4,248,0.340944083517969,0.659055916482031,0.59149302972997
10,4,249,0.766611232897422,0.233388767102578,0.59149302972997
10,4,250,0.226307436517533,0.773692563482467,0.59149302972997
10,4,251,0.571873378308251,0.428126621691749,0.59149302972997
10,4,252,0.310135698582367,0.689864301417633,0.59149302972997
10,4,253,0.585353406481245,0.414646593518755,0.59149302972997
10,4,254,0.700707329976292,0.299292670023708,0.59149302972997
10,4,255,0.749534783180767,0.250465216819233,0.59149302972997
10,4,256,0.634267294817754,0.365732705182246,0.59149302972997
10,4,257,0.386345366510254,0.613654633489746,0.59149302972997
10,4,258,0.504017504182985,0.495982495817015,0.59149302972997
10,4,259,0.369819785567637,0.630180214432362,0.59149302972997
10,4,260,0.195576159981142,0.804423840018858,0.59149302972997
10,4,261,0.627003813261264,0.372996186738736,0.59149302972997
10,4,262,0.630989327075922,0.369010672924078,0.59149302972997
10,4,263,0.702290076335878,0.297709923664122,0.59149302972997
10,4,264,0.956828661973167,0.0431713380268326,0.59149302972997
10,4,265,0.879922216820613,0.120077783179387,0.59149302972997
10,4,266,0.852979982659177,0.147020017340823,0.59149302972997
10,4,267,0.607675947038648,0.392324052961352,0.59149302972997
10,4,268,0.630936202691885,0.369063797308115,0.59149302972997
10,4,269,0.919690547244768,0.080309452755232,0.59149302972997
10,4,270,1,0,0.59149302972997
10,4,271,0.734425464025838,0.265574535974162,0.59149302972997
10,4,272,0.291882898229212,0.708117101770788,0.59149302972997
10,4,273,0.803973310212237,0.196026689787763,0.59149302972997
10,4,274,0.695026587425712,0.304973412574288,0.59149302972997
10,4,275,0.950680981827839,0.0493190181721613,0.59149302972997
10,4,276,0.682888946414704,0.317111053585296,0.59149302972997
10,4,277,0.956936531071949,0.0430634689280509,0.59149302972997
10,4,278,0.861552164820696,0.138447835179304,0.59149302972997
10,4,279,0.269005847953216,0.730994152046784,0.59149302972997
10,4,280,0.715649726110773,0.284350273889227,0.59149302972997
10,4,281,0.204140694568121,0.795859305431879,0.59149302972997
10,4,282,0.342960288808664,0.657039711191336,0.59149302972997
10,4,283,0.863502729945401,0.136497270054599,0.59149302972997
10,4,284,0.389653636909256,0.610346363090744,0.59149302972997
10,4,285,0.755740107474353,0.244259892525647,0.59149302972997
10,4,286,0.394763305895937,0.605236694104063,0.59149302972997
10,4,287,0.901039089559624,0.098960910440376,0.59149302972997
10,4,288,0.317883132931877,0.682116867068123,0.59149302972997
10,4,289,0.763473901265516,0.236526098734484,0.59149302972997
10,4,290,0.688445705907784,0.311554294092216,0.59149302972997
10,4,291,0.855340313122907,0.144659686877093,0.59149302972997
10,4,292,0.956828661973167,0.0431713380268326,0.59149302972997
10,4,293,0.895571474474077,0.104428525525923,0.59149302972997
10,4,294,0.731626754748142,0.268373245251858,0.59149302972997
10,4,295,0.290220820189274,0.709779179810726,0.59149302972997
10,4,296,0.595066035384999,0.404933964615001,0.59149302972997
10,4,297,0.173116270794413,0.826883729205587,0.59149302972997
10,4,298,1,0,0.59149302972997
10,4,299,0.858623494032871,0.141376505967129,0.59149302972997
10,4,300,0.326773692387364,0.673226307612636,0.59149302972997
10,4,301,0.823348992506891,0.176651007493109,0.59149302972997
10,4,302,0.870736188185382,0.129263811814618,0.59149302972997
10,4,303,0.634295195773654,0.365704804226346,0.59149302972997
10,4,304,0.98074606528565,0.0192539347143506,0.59149302972997
10,4,305,0.901619494475556,0.0983805055244438,0.59149302972997
10,4,306,0.745825675517147,0.254174324482853,0.59149302972997
10,4,307,0.859379302206663,0.140620697793337,0.59149302972997
10,4,308,0.938421311910266,0.0615786880897343,0.59149302972997
10,4,309,0.767148082506882,0.232851917493118,0.59149302972997
10,4,310,0.810303902875598,0.189696097124402,0.59149302972997
10,4,311,0.913154680103833,0.0868453198961674,0.59149302972997
10,4,312,0.414777237787287,0.585222762212713,0.59149302972997
10,4,313,0.168857832366819,0.831142167633181,0.59149302972997
10,4,314,0.154013015184382,0.845986984815618,0.59149302972997
10,4,315,0.706844063592288,0.293155936407712,0.59149302972997
10,4,316,0.95012277470841,0.0498772252915899,0.59149302972997
10,4,317,0.724736970883288,0.275263029116712,0.59149302972997
10,4,318,0.969219404087663,0.0307805959123368,0.59149302972997
10,4,319,0.822841675908348,0.177158324091652,0.59149302972997
10,4,320,1,0,0.59149302972997
10,4,321,0.239095198645679,0.76090480135432,0.59149302972997
10,4,322,0.763554908868127,0.236445091131873,0.59149302972997
10,4,323,0.247859291830595,0.752140708169405,0.59149302972997
10,4,324,0.45273911091154,0.54726088908846,0.59149302972997
10,4,325,0.860661807693807,0.139338192306193,0.59149302972997
10,4,326,0.20247606044392,0.79752393955608,0.59149302972997
10,4,327,0.287228598581768,0.712771401418232,0.59149302972997
10,4,328,0.540029835902536,0.459970164097464,0.59149302972997
10,4,329,0.729882886286362,0.270117113713638,0.59149302972997
10,4,330,0.663883717869164,0.336116282130836,0.59149302972997
10,4,331,0.732834886087842,0.267165113912158,0.59149302972997
10,4,332,0.671766290117453,0.328233709882547,0.59149302972997
10,4,333,0.956690589959832,0.0433094100401683,0.59149302972997
10,4,334,0.330849261155549,0.669150738844451,0.59149302972997
10,4,335,0.287485623921794,0.712514376078206,0.59149302972997
10,4,336,0.813778208744711,0.186221791255289,0.59149302972997
10,4,337,0.65960948604773,0.34039051395227,0.59149302972997
10,4,338,0.564463363682945,0.435536636317055,0.59149302972997
10,4,339,1,0,0.59149302972997
10,4,340,0.580425468220854,0.419574531779146,0.59149302972997
10,4,341,0.804819457998649,0.195180542001351,0.59149302972997
10,4,342,0.523416182503295,0.476583817496705,0.59149302972997
10,4,343,0.678058444774641,0.321941555225359,0.59149302972997
10,4,344,0.925178420689126,0.0748215793108741,0.59149302972997
10,4,345,0.829363150218765,0.170636849781235,0.59149302972997
10,4,346,0.919924947406326,0.0800750525936736,0.59149302972997
10,4,347,0.308457134014237,0.691542865985763,0.59149302972997
10,4,348,0.634295195773654,0.365704804226346,0.59149302972997
10,4,349,0.306883365200765,0.693116634799235,0.59149302972997
10,4,350,0.474458910357409,0.525541089642591,0.59149302972997
10,4,351,0.766910765514118,0.233089234485882,0.59149302972997
10,4,352,0.581724581724582,0.418275418275418,0.59149302972997
10,4,353,0.594395280235988,0.405604719764012,0.59149302972997
10,4,354,0.127561249108023,0.872438750891977,0.59149302972997
10,4,355,0.521264541471521,0.478735458528479,0.59149302972997
10,4,356,0.717775428528279,0.282224571471721,0.59149302972997
10,4,357,0.858623494032871,0.141376505967129,0.59149302972997
10,4,358,0.158311443264642,0.841688556735358,0.59149302972997
10,4,359,0.41023166023166,0.58976833976834,0.59149302972997
10,4,360,0.408819476343592,0.591180523656408,0.59149302972997
10,4,361,0.611192343479995,0.388807656520005,0.59149302972997
10,4,362,0.856770583839506,0.143229416160494,0.59149302972997
10,4,363,0.605413078805312,0.394586921194688,0.59149302972997
10,4,364,0.85279685966634,0.14720314033366,0.59149302972997
10,4,365,0.315590734151478,0.684409265848522,0.59149302972997
10,4,366,0.856770583839506,0.143229416160494,0.59149302972997
10,4,367,0.569504746486128,0.430495253513872,0.59149302972997
10,4,368,0.748228625413321,0.251771374586679,0.59149302972997
10,4,369,1,0,0.59149302972997
10,4,370,0.256661456943544,0.743338543056456,0.59149302972997
10,4,371,0.784667550081846,0.215332449918154,0.59149302972997
10,4,372,0.294292026207964,0.705707973792036,0.59149302972997
10,4,373,0.728012781497261,0.271987218502739,0.59149302972997
10,4,374,0.390243902439025,0.609756097560975,0.59149302972997
10,4,375,0.343316942333482,0.656683057666518,0.59149302972997
10,4,376,0.214458360799824,0.785541639200176,0.59149302972997
10,4,377,0.48797264063941,0.51202735936059,0.59149302972997
10,4,378,0.401473296500921,0.598526703499079,0.59149302972997
10,4,379,0.390243902439025,0.609756097560975,0.59149302972997
10,4,380,0.86206497414924,0.13793502585076,0.59149302972997
10,4,381,0.719101123595506,0.280898876404494,0.59149302972997
10,4,382,0.761752598635364,0.238247401364636,0.59149302972997
10,4,383,0.298087094499295,0.701912905500705,0.59149302972997
10,4,384,0.747081712062257,0.252918287937743,0.59149302972997
10,4,385,0.668078828914022,0.331921171085978,0.59149302972997
10,4,386,0.507536486163171,0.492463513836829,0.59149302972997
10,4,387,1,0,0.59149302972997
10,4,388,0.348568139871797,0.651431860128203,0.59149302972997
10,4,389,0.605215208324898,0.394784791675102,0.59149302972997
10,4,390,0.925178420689126,0.0748215793108741,0.59149302972997
10,4,391,0.942706599024543,0.0572934009754569,0.59149302972997
10,4,392,0.47131957085867,0.52868042914133,0.59149302972997
10,4,393,0.849158770063817,0.150841229936183,0.59149302972997
10,4,394,0.788281729000613,0.211718270999387,0.59149302972997
10,4,395,0.454442535915053,0.545557464084947,0.59149302972997
10,4,396,0.937069165827589,0.0629308341724111,0.59149302972997
10,4,397,0.379529338424375,0.620470661575625,0.59149302972997
10,4,398,0.84985563041386,0.150144369586141,0.59149302972997
10,4,399,0.555111427476318,0.444888572523682,0.59149302972997
10,4,400,0.212511091393079,0.787488908606921,0.59149302972997
